window_index,pod_name,cpu_usage_mcores,ram_usage_mi,disk_space_mb,disk_usage_mb,disk_ios,cpu_psi_some_us,sched_total_ms,dstate_total_ms,softirq_total_ms,pod_cpu_watts,tier
1,es-stress-d/elasticsearch-dynamic-0,1006.42,12192.92,1414.12,0.0039,2,1297,674.5047,36.3183,5.7617,0.016,A
1,hotel2/mongodb-recommendation,11.55,163.89,400.43,0.0,0,431,311.294,1.3679,5.7617,0.012,A
1,hotel2/mongodb-reservation,11.01,225.84,400.43,0.0,0,274,311.294,1.3679,5.7617,0.016,A
1,hotel2/mongodb-user,11.39,163.97,400.43,0.0,0,469,311.294,1.3679,5.7617,0.016,A
1,hotel2/profile,1.72,28.26,1119.06,0.0,0,803,417.6001,1.3679,1.454,0.0,A
1,hotel2/rate,1.81,20.75,1119.14,0.0,0,643,334.3921,1.3679,1.454,0.004,A
1,hotel2/recommendation,1.66,14.88,1119.06,0.0,0,399,311.294,1.3679,1.454,0.0,A
1,hotel2/reservation,1.45,32.36,1119.06,0.0,0,636,330.7517,1.3679,1.454,0.008,A
1,hotel2/search,0.63,21.55,1119.06,0.0,0,0,311.294,1.3679,1.454,0.0,A
1,hotel2/user,1.16,15.11,1119.06,0.0,0,612,318.2705,1.3679,1.454,0.0,A
1,hotel2/mongodb-rate,11.61,164.82,400.43,0.0,0,370,311.294,1.3679,5.7617,0.016,A
1,hotel2/mongodb-profile,11.21,164.57,400.43,0.0,0,402,311.294,1.3679,5.7617,0.016,A
1,hotel2/memcached-reserve,0.4,6.96,79.27,0.0,0,0,311.294,1.3679,1.454,0.0,A
1,hotel2/mongodb-geo,11.61,163.84,400.43,0.0,0,353,311.294,1.3679,5.7617,0.016,A
1,es-stress-d2/elasticsearch-dynamic-0,1007.75,11636.07,1414.11,0.0078,3,391,311.294,35.5004,5.7617,0.012,A
1,es-stress-d3/elasticsearch-dynamic-0,1006.33,11615.86,1414.12,0.0039,2,330,311.294,35.4446,5.7617,0.008,A
1,es-stress-d4/elasticsearch-dynamic-0,1008.06,11972.57,1414.11,0.0078,3,97,311.294,36.0144,5.7617,0.008,A
1,es-stress-d5/elasticsearch-dynamic-0,1005.03,11764.7,1414.11,0.0039,2,1647,856.5222,35.6465,5.7617,0.004,A
1,hotel1/consul,30.0,27.29,212.87,0.0,0,10045,5223.9011,1.3679,5.7617,0.0441,A
1,hotel1/frontend,0.81,65.41,1119.14,0.0,0,0,311.294,1.3679,5.7617,0.0,A
1,hotel1/geo,2.13,16.54,1119.06,0.0,0,609,316.7104,1.3679,1.454,0.016,A
1,hotel1/jaeger,0.37,14.83,81.01,0.0,0,0,311.294,1.3679,1.454,0.004,A
1,hotel1/memcached-rate,0.37,7.36,79.27,0.0,0,0,311.294,1.3679,1.454,0.0,A
1,hotel1/memcached-reserve,0.36,6.87,79.27,0.0,0,0,311.294,1.3679,1.454,0.0,A
1,hotel1/mongodb-geo,13.48,163.88,400.43,0.0352,1,574,311.294,1.3679,5.7617,0.016,A
1,hotel1/mongodb-profile,13.42,164.34,400.43,0.0352,1,536,311.294,1.3679,5.7617,0.0201,A
1,hotel1/mongodb-rate,11.53,164.45,400.43,0.0,0,512,311.294,1.3679,5.7617,0.016,A
1,hotel1/mongodb-recommendation,10.99,163.65,400.43,0.0,0,548,311.294,1.3679,5.7617,0.016,A
1,hotel1/memcached-profile,0.44,7.48,79.27,0.0,0,0,311.294,1.3679,1.454,0.0,A
1,hotel2/memcached-rate,0.48,7.41,79.27,0.0,0,0,311.294,1.3679,1.454,0.0,A
1,hotel1/mongodb-reservation,13.63,263.95,400.43,0.0508,1,489,311.294,1.3679,5.7617,0.016,A
1,hotel2/memcached-profile,0.45,7.6,79.27,0.0,0,0,311.294,1.3679,1.454,0.0,A
1,hotel2/jaeger,2.31,14.88,81.01,0.0,0,28,311.294,1.3679,1.454,0.0,A
1,hotel2/geo,1.3,16.66,1119.06,0.0,0,428,311.294,1.3679,1.454,0.004,A
1,hotel2/frontend,0.85,78.71,1119.14,0.0,0,0,311.294,1.3679,5.7617,0.0,A
1,hotel1/user,1.65,13.54,1119.06,0.0,0,621,322.951,1.3679,1.454,0.004,A
1,hotel2/consul,30.48,27.5,212.87,0.0,0,11025,5733.55,1.3679,5.7617,0.0441,A
1,hotel1/reservation,1.13,69.56,1119.06,0.0,0,363,311.294,1.3679,5.7617,0.0,A
1,hotel1/recommendation,1.0,15.48,1119.06,0.0,0,547,311.294,1.3679,1.454,0.012,A
1,hotel1/rate,1.19,19.77,1119.14,0.0,0,497,311.294,1.3679,1.454,0.008,A
1,hotel1/profile,1.16,24.46,1119.06,0.0,0,615,319.8307,1.3679,1.454,0.0361,A
1,hotel1/mongodb-user,11.94,163.95,400.43,0.0,0,491,311.294,1.3679,5.7617,0.016,A
1,hotel1/search,0.42,19.74,1119.06,0.0,0,0,311.294,1.3679,1.454,0.0201,A
2,hotel2/user,1.68,15.12,1119.06,0.0,0,507,311.294,1.3679,1.454,0.0142,A
2,hotel2/search,0.52,21.55,1119.06,0.0,0,0,311.294,1.3679,1.454,0.0,A
2,hotel2/mongodb-recommendation,13.1,163.89,400.43,0.0586,4,342,311.294,1.3679,5.3016,0.0354,A
2,hotel2/recommendation,1.26,14.87,1119.06,0.0,0,603,327.2195,1.3679,1.454,0.0283,A
2,hotel2/rate,1.17,20.75,1119.14,0.0,0,277,311.294,1.3679,1.454,0.0283,A
2,hotel2/profile,1.73,28.25,1119.06,0.0,0,319,311.294,1.3679,1.454,0.0709,A
2,hotel2/mongodb-user,13.82,164.16,400.43,0.0352,2,421,311.294,1.3679,5.3016,0.0354,A
2,hotel2/mongodb-reservation,12.96,225.84,400.43,0.043,2,251,311.294,1.3679,5.3016,0.0425,A
2,hotel2/reservation,1.25,32.35,1119.06,0.0,0,754,409.1601,1.3679,1.454,0.0496,A
2,hotel2/mongodb-rate,13.2,164.76,400.43,0.0664,4,399,311.294,1.3679,5.3016,0.0354,A
2,hotel2/mongodb-profile,13.75,164.29,400.43,0.0352,2,444,311.294,1.3679,5.3016,0.0213,A
2,hotel1/mongodb-recommendation,13.07,163.75,400.43,0.0352,1,476,311.294,1.3679,5.3016,0.0354,A
2,hotel2/memcached-reserve,0.37,6.96,79.27,0.0,0,0,311.294,1.3679,1.454,0.0,A
2,hotel2/mongodb-geo,13.61,163.93,400.43,0.0625,4,415,311.294,1.3679,5.3016,0.0354,A
2,es-stress-d/elasticsearch-dynamic-0,1009.45,19116.42,1414.12,0.0039,1,2061,1118.407,29.9884,5.3016,0.0213,A
2,es-stress-d2/elasticsearch-dynamic-0,1009.05,18463.06,1414.11,0.0,0,411,311.294,29.4595,5.3016,0.0283,A
2,es-stress-d3/elasticsearch-dynamic-0,1010.94,18369.6,1414.12,0.0039,1,364,311.294,29.4122,5.3016,0.0283,A
2,es-stress-d4/elasticsearch-dynamic-0,1007.41,18737.32,1414.11,0.0,0,140,311.294,29.6552,5.3016,0.0071,A
2,es-stress-d5/elasticsearch-dynamic-0,1011.02,18622.98,1414.11,0.0039,1,346,311.294,29.6162,5.3016,0.0142,A
2,hotel1/consul,30.19,27.3,212.87,0.0,0,11662,6328.4146,1.3679,5.3016,0.0709,A
2,hotel1/frontend,0.89,66.12,1119.14,0.0,0,0,311.294,1.3679,5.3016,0.0,A
2,hotel1/geo,1.19,16.54,1119.06,0.0,0,819,444.4325,1.3679,1.454,0.0,A
2,hotel1/memcached-profile,0.43,7.48,79.27,0.0,0,0,311.294,1.3679,1.454,0.0,A
2,hotel1/memcached-rate,0.38,7.36,79.27,0.0,0,0,311.294,1.3679,1.454,0.0,A
2,hotel1/memcached-reserve,0.36,6.87,79.27,0.0,0,0,311.294,1.3679,1.454,0.0,A
2,hotel1/mongodb-geo,11.16,163.82,400.43,0.0,0,779,422.7264,1.3679,5.3016,0.0283,A
2,hotel1/mongodb-profile,12.09,164.38,400.43,0.0,0,741,402.1056,1.3679,5.3016,0.0283,A
2,hotel1/mongodb-rate,13.62,164.45,400.43,0.0352,1,636,345.1271,1.3679,5.3016,0.0283,A
2,hotel1/jaeger,0.36,14.83,81.01,0.0,0,0,311.294,1.3679,1.454,0.0,A
2,hotel1/mongodb-reservation,10.93,264.27,400.43,0.0,0,630,341.8711,1.3679,5.3016,0.0283,A
2,hotel2/memcached-profile,0.41,7.6,79.27,0.0,0,0,311.294,1.3679,1.454,0.0,A
2,hotel2/jaeger,0.39,14.63,81.01,0.0,0,0,311.294,1.3679,1.454,0.0,A
2,hotel2/geo,1.16,16.66,1119.06,0.0,0,573,311.294,1.3679,1.454,0.0283,A
2,hotel2/frontend,0.45,78.71,1119.14,0.0,0,0,311.294,1.3679,5.3016,0.149,A
2,hotel2/consul,29.0,27.25,212.87,0.0,0,11253,6106.4697,1.3679,5.3016,0.078,A
2,hotel1/user,1.61,13.54,1119.06,0.0,0,679,368.4611,1.3679,1.454,0.0,A
2,hotel2/memcached-rate,0.49,7.41,79.27,0.0,0,0,311.294,1.3679,1.454,0.0,A
2,hotel1/reservation,1.69,69.56,1119.06,0.0,0,777,421.6411,1.3679,5.3016,0.0071,A
2,hotel1/recommendation,1.57,15.49,1119.06,0.0,0,491,311.294,1.3679,1.454,0.0,A
2,hotel1/rate,1.81,19.77,1119.14,0.0,0,632,342.9564,1.3679,1.454,0.0071,A
2,hotel1/profile,2.01,24.48,1119.06,0.0,0,302,311.294,1.3679,1.454,0.0142,A
2,hotel1/mongodb-user,13.43,163.6,400.43,0.0352,1,448,311.294,1.3679,5.3016,0.0425,A
2,hotel1/search,0.46,19.74,1119.06,0.0,0,0,311.294,1.3679,1.454,0.0,A
3,hotel2/user,1.12,15.1,1119.06,0.0,0,265,311.294,1.3679,1.454,0.0,A
3,hotel2/search,0.99,21.81,1119.06,0.0,0,125,311.294,1.3679,1.454,0.0,A
3,hotel2/rate,1.76,20.75,1119.14,0.0,0,724,311.294,1.3679,1.454,0.0032,A
3,hotel2/recommendation,1.68,15.14,1119.06,0.0,0,757,311.294,1.3679,1.454,0.0016,A
3,hotel2/profile,1.24,28.25,1119.06,0.0,0,813,311.294,1.3679,1.454,0.0016,A
3,hotel2/mongodb-user,11.35,164.04,400.43,0.0,0,526,311.294,1.3679,5.1309,0.008,A
3,hotel2/mongodb-reservation,10.25,225.71,400.43,0.0,0,259,311.294,1.3679,5.1309,0.0064,A
3,hotel2/mongodb-recommendation,11.15,163.52,400.43,0.0,0,494,311.294,1.3679,5.1309,0.0064,A
3,hotel2/reservation,1.53,32.35,1119.06,0.0,0,512,311.294,1.3679,1.454,0.0016,A
3,hotel2/mongodb-rate,11.69,165.0,400.43,0.0,0,429,311.294,1.3679,5.1309,0.0064,A
3,hotel2/mongodb-profile,10.76,164.54,400.43,0.0,0,435,311.294,1.3679,5.1309,0.0064,A
3,hotel1/mongodb-recommendation,10.15,163.59,400.43,0.0,0,635,311.294,1.3679,5.1309,0.0064,A
3,hotel2/memcached-reserve,0.39,6.96,79.27,0.0,0,0,311.294,1.3679,1.454,0.0,A
3,es-stress-d2/elasticsearch-dynamic-0,1009.18,25199.54,1414.11,0.0,0,370,311.294,17.246,5.1309,0.0064,A
3,es-stress-d3/elasticsearch-dynamic-0,1008.65,25053.11,1414.12,0.0,0,302,311.294,17.191,5.1309,0.0048,A
3,es-stress-d4/elasticsearch-dynamic-0,1008.42,25348.07,1414.11,0.0,0,180,311.294,17.2907,5.1309,0.0064,A
3,es-stress-d5/elasticsearch-dynamic-0,1006.64,25414.39,1414.11,0.0234,8,2476,650.4759,17.2985,5.1309,0.0048,A
3,hotel1/consul,29.93,27.29,212.87,0.0,0,10179,2674.1493,1.3679,5.1309,0.0175,A
3,hotel1/frontend,0.48,65.37,1119.14,0.0,0,0,311.294,1.3679,5.1309,0.0,A
3,hotel1/geo,1.8,16.54,1119.06,0.0,0,674,311.294,1.3679,1.454,0.0032,A
3,hotel1/jaeger,0.37,14.83,81.01,0.0,0,0,311.294,1.3679,1.454,0.0,A
3,hotel1/memcached-profile,0.46,7.48,79.27,0.0,0,0,311.294,1.3679,1.454,0.0,A
3,hotel1/memcached-rate,0.37,7.36,79.27,0.0,0,0,311.294,1.3679,1.454,0.0,A
3,hotel1/memcached-reserve,0.39,6.87,79.27,0.0,0,0,311.294,1.3679,1.454,0.0,A
3,hotel1/mongodb-geo,13.23,163.7,400.43,0.0352,1,582,311.294,1.3679,5.1309,0.008,A
3,hotel1/mongodb-profile,13.12,164.15,400.43,0.0391,1,612,311.294,1.3679,5.1309,0.0095,A
3,hotel1/mongodb-rate,11.49,164.58,400.43,0.0,0,490,311.294,1.3679,5.1309,0.0064,A
3,es-stress-d/elasticsearch-dynamic-0,1008.73,25879.13,1414.12,0.0,0,1549,406.9415,17.4763,5.1309,0.0064,A
3,hotel1/mongodb-reservation,13.52,264.27,400.43,0.0508,1,489,311.294,1.3679,5.1309,0.008,A
3,hotel2/memcached-rate,0.48,7.41,79.27,0.0,0,0,311.294,1.3679,1.454,0.0016,A
3,hotel2/memcached-profile,0.46,7.6,79.27,0.0,0,0,311.294,1.3679,1.454,0.0,A
3,hotel2/jaeger,0.32,14.6,81.01,0.0,0,0,311.294,1.3679,1.454,0.0,A
3,hotel2/geo,1.22,16.66,1119.06,0.0,0,193,311.294,1.3679,1.454,0.0,A
3,hotel2/frontend,0.42,78.71,1119.14,0.0,0,0,311.294,1.3679,5.1309,0.0,A
3,hotel2/consul,29.88,27.5,212.87,0.0,0,9236,2426.4116,1.3679,5.1309,0.0175,A
3,hotel2/mongodb-geo,11.33,163.9,400.43,0.0,0,459,311.294,1.3679,5.1309,0.0064,A
3,hotel1/search,0.55,19.74,1119.06,0.0,0,0,311.294,1.3679,1.454,0.0016,A
3,hotel1/reservation,1.3,69.56,1119.06,0.0,0,671,311.294,1.3679,5.1309,0.0016,A
3,hotel1/recommendation,0.94,15.48,1119.06,0.0,0,208,311.294,1.3679,1.454,0.0,A
3,hotel1/rate,1.16,19.77,1119.14,0.0,0,517,311.294,1.3679,1.454,0.0016,A
3,hotel1/profile,1.2,24.43,1119.06,0.0,0,626,311.294,1.3679,1.454,0.0,A
3,hotel1/mongodb-user,11.59,163.98,400.43,0.0,0,517,311.294,1.3679,5.1309,0.0064,A
3,hotel1/user,1.85,13.54,1119.06,0.0,0,474,311.294,1.3679,1.454,0.0,A
4,hotel2/user,1.67,15.11,1119.06,0.0,0,615,319.9943,1.3679,1.454,0.0,A
4,hotel2/search,0.58,21.81,1119.06,0.0,0,0,311.294,1.3679,1.454,0.0,A
4,hotel2/rate,1.03,20.75,1119.14,0.0,0,291,311.294,1.3679,1.454,0.0,A
4,hotel2/recommendation,1.02,14.89,1119.06,0.0,0,250,311.294,1.3679,1.454,0.0,A
4,hotel2/profile,1.58,28.24,1119.06,0.0,0,514,311.294,1.3679,1.454,0.001,A
4,hotel2/mongodb-user,12.82,163.94,400.43,0.0352,2,559,311.294,1.3679,4.9222,0.0058,A
4,hotel2/mongodb-reservation,13.1,225.6,400.43,0.0625,4,302,311.294,1.3679,4.9222,0.0058,A
4,hotel2/mongodb-recommendation,12.75,163.89,400.43,0.0352,2,441,311.294,1.3679,4.9222,0.0048,A
4,hotel2/reservation,1.33,32.35,1119.06,0.0,0,710,369.4244,1.3679,1.454,0.001,A
4,hotel2/mongodb-rate,13.03,164.66,400.43,0.0352,2,439,311.294,1.3679,4.9222,0.0058,A
4,hotel2/mongodb-profile,13.89,164.3,400.43,0.0664,4,420,311.294,1.3679,4.9222,0.0048,A
4,hotel2/memcached-reserve,0.39,6.96,79.27,0.0,0,0,311.294,1.3679,1.454,0.0,A
4,hotel2/mongodb-geo,13.26,163.49,400.43,0.0352,2,511,311.294,1.3679,4.9222,0.0058,A
4,es-stress-d/elasticsearch-dynamic-0,1006.32,32896.36,1414.12,0.0234,8,1560,811.6929,21.8099,4.9222,0.343,A
4,es-stress-d2/elasticsearch-dynamic-0,1006.97,32093.79,1414.11,0.0273,6,231,311.294,21.5443,4.9222,0.342,A
4,es-stress-d3/elasticsearch-dynamic-0,1006.28,31865.61,1414.12,0.0234,8,389,311.294,21.4596,4.9222,0.341,A
4,es-stress-d4/elasticsearch-dynamic-0,1006.27,32191.57,1414.11,0.0234,8,208,311.294,21.5701,4.9222,0.339,A
4,es-stress-d5/elasticsearch-dynamic-0,1007.88,32323.15,1414.11,0.0,0,1051,546.8521,21.6318,4.9222,0.338,A
4,hotel1/consul,29.74,27.54,212.87,0.0,0,12205,6350.4567,1.3679,4.9222,0.0116,A
4,hotel1/frontend,0.54,65.37,1119.14,0.0,0,0,311.294,1.3679,4.9222,0.001,A
4,hotel1/jaeger,0.35,14.83,81.01,0.0,0,0,311.294,1.3679,1.454,0.0,A
4,hotel1/memcached-profile,0.47,7.48,79.27,0.0,0,0,311.294,1.3679,1.454,0.0,A
4,hotel1/memcached-rate,0.37,7.36,79.27,0.0,0,0,311.294,1.3679,1.454,0.0,A
4,hotel1/memcached-reserve,0.35,6.87,79.27,0.0,0,0,311.294,1.3679,1.454,0.0,A
4,hotel1/mongodb-geo,10.74,163.92,400.43,0.0,0,675,351.2133,1.3679,4.9222,0.0048,A
4,hotel1/mongodb-profile,11.36,164.39,400.43,0.0,0,719,374.1072,1.3679,4.9222,0.0048,A
4,hotel1/mongodb-rate,13.24,164.46,400.43,0.0352,1,831,432.3826,1.3679,4.9222,0.0048,A
4,hotel1/geo,1.06,16.54,1119.06,0.0,0,569,311.294,1.3679,1.454,0.0,A
4,hotel1/mongodb-reservation,11.26,264.32,400.43,0.0,0,622,323.6365,1.3679,4.9222,0.0048,A
4,hotel1/mongodb-recommendation,12.86,163.71,400.43,0.0352,1,512,311.294,1.3679,4.9222,0.0048,A
4,hotel2/memcached-profile,0.46,7.6,79.27,0.0,0,0,311.294,1.3679,1.454,0.0,A
4,hotel2/jaeger,0.32,14.6,81.01,0.0,0,0,311.294,1.3679,1.454,0.001,A
4,hotel2/geo,1.08,16.66,1119.06,0.0,0,223,311.294,1.3679,1.454,0.0019,A
4,hotel2/frontend,0.41,78.71,1119.14,0.0,0,0,311.294,1.3679,4.9222,0.0,A
4,hotel2/consul,29.79,27.25,212.87,0.0,0,11386,5924.3179,1.3679,4.9222,0.0107,A
4,hotel1/user,1.1,13.54,1119.06,0.0,0,545,311.294,1.3679,1.454,0.001,A
4,hotel2/memcached-rate,0.48,7.41,79.27,0.0,0,0,311.294,1.3679,1.454,0.0,A
4,hotel1/reservation,1.61,69.56,1119.06,0.0,0,331,311.294,1.3679,4.9222,0.001,A
4,hotel1/recommendation,1.44,15.48,1119.06,0.0,0,684,355.8961,1.3679,1.454,0.0,A
4,hotel1/rate,1.69,19.77,1119.14,0.0,0,580,311.294,1.3679,1.454,0.0,A
4,hotel1/profile,1.54,24.43,1119.06,0.0,0,527,311.294,1.3679,1.454,0.001,A
4,hotel1/mongodb-user,13.19,163.76,400.43,0.0352,1,405,311.294,1.3679,4.9222,0.0048,A
4,hotel1/search,0.42,19.74,1119.06,0.0,0,0,311.294,1.3679,1.454,0.0,A
5,hotel2/user,1.1,15.11,1119.06,0.0,0,516,311.294,1.3679,1.454,0.0035,A
5,hotel2/search,0.51,21.81,1119.06,0.0,0,0,311.294,1.3679,1.454,0.0,A
5,hotel2/rate,2.23,20.77,1119.14,0.0,0,702,311.294,1.3679,1.454,0.0035,A
5,hotel2/recommendation,1.78,14.91,1119.06,0.0,0,633,311.294,1.3679,1.454,0.0,A
5,hotel2/profile,1.08,28.24,1119.06,0.0,0,579,311.294,1.3679,1.454,0.0,A
5,hotel2/mongodb-user,10.91,163.62,400.43,0.0,0,723,311.294,1.3679,4.816,0.0175,A
5,hotel2/mongodb-reservation,10.8,225.6,400.43,0.0,0,296,311.294,1.3679,4.816,0.014,A
5,hotel2/mongodb-recommendation,11.16,163.89,400.43,0.0,0,415,311.294,1.3679,4.816,0.0175,A
5,hotel2/reservation,1.47,32.35,1119.06,0.0,0,570,311.294,1.3679,1.454,0.0035,A
5,hotel2/mongodb-rate,11.55,164.84,400.43,0.0,0,500,311.294,1.3679,4.816,0.014,A
5,hotel2/mongodb-profile,11.24,164.3,400.43,0.0,0,460,311.294,1.3679,4.816,0.014,A
5,hotel1/mongodb-recommendation,10.75,163.72,400.43,0.0,0,506,311.294,1.3679,4.816,0.0175,A
5,hotel2/memcached-reserve,0.37,6.96,79.27,0.0,0,0,311.294,1.3679,1.454,0.0,A
5,es-stress-d/elasticsearch-dynamic-0,1008.09,39890.87,1414.12,0.0,0,1907,311.294,26.1206,4.816,1.43,A
5,es-stress-d2/elasticsearch-dynamic-0,1007.72,39050.3,1414.11,0.0,0,326,311.294,25.8343,4.816,1.43,A
5,es-stress-d3/elasticsearch-dynamic-0,1008.41,38746.11,1414.12,0.0,0,265,311.294,25.7411,4.816,1.43,A
5,es-stress-d4/elasticsearch-dynamic-0,1006.77,39005.33,1414.11,0.0,0,208,311.294,25.8072,4.816,1.43,A
5,es-stress-d5/elasticsearch-dynamic-0,1005.71,39257.62,1414.11,0.0,0,1544,311.294,25.8784,4.816,1.42,A
5,hotel1/consul,30.22,27.29,212.87,0.0,0,12116,1709.8077,1.3679,4.816,0.042,A
5,hotel1/frontend,0.52,65.37,1119.14,0.0,0,0,311.294,1.3679,4.816,0.0035,A
5,hotel1/geo,1.82,16.55,1119.06,0.0,0,673,311.294,1.3679,1.454,0.0035,A
5,hotel1/jaeger,0.38,14.83,81.01,0.0,0,0,311.294,1.3679,1.454,0.0035,A
5,hotel1/memcached-profile,0.45,7.48,79.27,0.0,0,0,311.294,1.3679,1.454,0.0,A
5,hotel1/memcached-rate,0.37,7.36,79.27,0.0,0,0,311.294,1.3679,1.454,0.0,A
5,hotel1/memcached-reserve,0.38,6.87,79.27,0.0,0,0,311.294,1.3679,1.454,0.0035,A
5,hotel1/mongodb-geo,13.66,164.19,400.43,0.0352,1,510,311.294,1.3679,4.816,0.021,A
5,hotel1/mongodb-profile,13.59,164.28,400.43,0.0391,1,533,311.294,1.3679,4.816,0.0175,A
5,hotel1/mongodb-rate,11.38,164.77,400.43,0.0,0,580,311.294,1.3679,4.816,0.014,A
5,hotel2/mongodb-geo,11.26,163.65,400.43,0.0,0,510,311.294,1.3679,4.816,0.014,A
5,hotel1/mongodb-reservation,13.13,264.34,400.43,0.0508,1,527,311.294,1.3679,4.816,0.021,A
5,hotel2/memcached-profile,0.44,7.6,79.27,0.0,0,0,311.294,1.3679,1.454,0.0,A
5,hotel2/jaeger,0.32,14.6,81.01,0.0,0,0,311.294,1.3679,1.454,0.0035,A
5,hotel2/geo,1.22,16.66,1119.06,0.0,0,423,311.294,1.3679,1.454,0.0,A
5,hotel2/frontend,0.4,78.71,1119.14,0.0,0,0,311.294,1.3679,4.816,0.0,A
5,hotel2/consul,29.56,27.26,212.87,0.0,0,11626,1640.659,1.3679,4.816,0.0454,A
5,hotel1/user,2.14,13.54,1119.06,0.0,0,485,311.294,1.3679,1.454,0.0035,A
5,hotel2/memcached-rate,0.46,7.41,79.27,0.0,0,0,311.294,1.3679,1.454,0.0,A
5,hotel1/reservation,1.49,69.57,1119.06,0.0,0,435,311.294,1.3679,4.816,0.0,A
5,hotel1/recommendation,1.48,15.74,1119.06,0.0,0,488,311.294,1.3679,1.454,0.0035,A
5,hotel1/rate,1.51,20.01,1119.14,0.0,0,149,311.294,1.3679,1.454,0.007,A
5,hotel1/profile,1.19,24.43,1119.06,0.0,0,671,311.294,1.3679,1.454,0.0,A
5,hotel1/mongodb-user,11.58,163.73,400.43,0.0,0,427,311.294,1.3679,4.816,0.0175,A
5,hotel1/search,0.55,19.74,1119.06,0.0,0,0,311.294,1.3679,1.454,0.0035,A
6,hotel2/user,2.23,15.11,1119.06,0.0,0,824,454.1007,1.3679,1.454,0.0021,A
6,hotel2/search,8.06,19.24,1119.06,0.0,0,258,311.294,1.3679,1.454,0.0021,A
6,hotel2/profile,1.64,28.24,1119.06,0.0,0,291,311.294,1.3679,1.454,0.0021,A
6,hotel2/rate,1.4,20.76,1119.14,0.0,0,631,347.7397,1.3679,1.454,0.0,A
6,hotel2/mongodb-user,13.07,163.98,400.43,0.0352,2,474,311.294,1.3679,4.348,0.0104,A
6,hotel2/mongodb-reservation,13.06,225.85,400.43,0.0469,2,756,416.6264,1.3679,4.348,0.0104,A
6,hotel2/mongodb-recommendation,12.63,163.83,400.43,0.0352,2,547,311.294,1.3679,4.348,0.0124,A
6,hotel2/recommendation,0.99,14.89,1119.06,0.0,0,0,311.294,1.3679,1.454,0.0021,A
6,hotel2/mongodb-rate,12.66,164.83,400.43,0.0391,2,301,311.294,1.3679,4.348,0.0124,A
6,hotel2/mongodb-geo,12.83,163.65,400.43,0.0352,2,401,311.294,1.3679,4.348,0.0104,A
6,hotel2/reservation,1.61,32.6,1119.06,0.0,0,726,400.0936,1.3679,1.454,0.0,A
6,es-stress-d/elasticsearch-dynamic-0,1007.6,46690.94,1414.12,0.0,0,2474,1363.4043,22.0599,4.348,0.849,A
6,hotel2/memcached-reserve,0.35,6.96,79.27,0.0,0,0,311.294,1.3679,1.454,0.0021,A
6,es-stress-d2/elasticsearch-dynamic-0,1008.38,45751.04,1414.11,0.0,0,282,311.294,21.8404,4.348,0.844,A
6,es-stress-d3/elasticsearch-dynamic-0,1007.91,45356.61,1414.12,0.0,0,434,311.294,21.7397,4.348,0.842,A
6,es-stress-d4/elasticsearch-dynamic-0,1007.6,45686.82,1414.11,0.0,0,203,311.294,21.8165,4.348,0.844,A
6,es-stress-d5/elasticsearch-dynamic-0,1008.96,45948.44,1414.11,0.0,0,1413,778.6945,21.8944,4.348,0.844,A
6,hotel1/consul,28.53,27.3,212.87,0.0,0,12499,6888.1124,1.3679,4.348,0.0249,A
6,hotel1/frontend,0.87,65.37,1119.14,0.0,0,168,311.294,1.3679,4.348,0.0,A
6,hotel1/geo,1.36,16.54,1119.06,0.0,0,566,311.9187,1.3679,1.454,0.0,A
6,hotel1/jaeger,0.36,14.83,81.01,0.0,0,0,311.294,1.3679,1.454,0.0,A
6,hotel1/memcached-profile,0.47,7.48,79.27,0.0,0,0,311.294,1.3679,1.454,0.0,A
6,hotel1/memcached-rate,0.37,7.36,79.27,0.0,0,0,311.294,1.3679,1.454,0.0,A
6,hotel1/memcached-reserve,0.39,6.87,79.27,0.0,0,0,311.294,1.3679,1.454,0.0,A
6,hotel1/mongodb-geo,10.94,163.91,400.43,0.0,0,601,331.2069,1.3679,4.348,0.0104,A
6,hotel1/mongodb-profile,11.15,164.51,400.43,0.0,0,681,375.2944,1.3679,4.348,0.0124,A
6,hotel1/mongodb-rate,13.01,164.72,400.43,0.0391,1,625,344.4332,1.3679,4.348,0.0104,A
6,hotel2/mongodb-profile,12.62,164.63,400.43,0.0391,2,504,311.294,1.3679,4.348,0.0104,A
6,hotel1/mongodb-reservation,11.03,264.3,400.43,0.0,0,588,324.0427,1.3679,4.348,0.0083,A
6,hotel1/mongodb-recommendation,13.08,163.62,400.43,0.0352,1,453,311.294,1.3679,4.348,0.0104,A
6,hotel2/memcached-profile,0.44,7.6,79.27,0.0,0,0,311.294,1.3679,1.454,0.0,A
6,hotel2/jaeger,0.32,14.6,81.01,0.0,0,0,311.294,1.3679,1.454,0.0,A
6,hotel2/geo,1.67,17.16,1119.06,0.0,0,581,320.1851,1.3679,1.454,0.0,A
6,hotel2/frontend,0.41,78.71,1119.14,0.0,0,0,311.294,1.3679,4.348,0.0,A
6,hotel2/consul,29.65,27.25,212.87,0.0,0,7965,4389.4564,1.3679,4.348,0.0249,A
6,hotel1/user,1.13,13.54,1119.06,0.0,0,646,356.0061,1.3679,1.454,0.0,A
6,hotel2/memcached-rate,0.5,7.41,79.27,0.0,0,0,311.294,1.3679,1.454,0.0,A
6,hotel1/search,1.1,19.75,1119.06,0.0,0,114,311.294,1.3679,1.454,0.0,A
6,hotel1/reservation,1.55,69.57,1119.06,0.0,0,773,425.995,1.3679,4.348,0.0042,A
6,hotel1/recommendation,1.81,15.73,1119.06,0.0,0,827,455.754,1.3679,1.454,0.0021,A
6,hotel1/rate,1.99,19.76,1119.14,0.0,0,612,337.269,1.3679,1.454,0.0,A
6,hotel1/profile,1.71,24.43,1119.06,0.0,0,1014,558.8084,1.3679,1.454,0.0021,A
6,hotel1/mongodb-user,12.43,163.61,400.43,0.0352,1,401,311.294,1.3679,4.348,0.0104,A
7,hotel2/user,1.2,15.11,1119.06,0.0,0,335,311.294,1.3679,1.454,0.0046,A
7,hotel2/search,0.54,18.74,1119.06,0.0,0,0,311.294,1.3679,1.454,0.0046,A
7,hotel2/reservation,1.48,32.35,1119.06,0.0,0,532,311.294,1.3679,1.454,0.0046,A
7,hotel2/rate,1.58,20.76,1119.14,0.0,0,699,311.294,1.3679,1.454,0.0,A
7,hotel2/mongodb-rate,11.75,164.77,400.43,0.0,0,473,311.294,1.3679,5.5235,0.0184,A
7,hotel2/profile,1.69,28.25,1119.06,0.0,0,769,311.294,1.3679,1.454,0.0046,A
7,hotel2/mongodb-user,11.57,163.66,400.43,0.0,0,547,311.294,1.3679,5.5235,0.0184,A
7,hotel2/mongodb-reservation,11.21,225.85,400.43,0.0,0,395,311.294,1.3679,5.5235,0.023,A
7,hotel2/mongodb-recommendation,11.51,163.89,400.43,0.0,0,529,311.294,1.3679,5.5235,0.023,A
7,hotel2/recommendation,1.54,14.9,1119.06,0.0,0,725,311.294,1.3679,1.454,0.0046,A
7,hotel2/mongodb-profile,11.12,164.3,400.43,0.0,0,423,311.294,1.3679,5.5235,0.023,A
7,hotel2/mongodb-geo,10.91,163.71,400.43,0.0,0,517,311.294,1.3679,5.5235,0.023,A
7,hotel2/memcached-rate,0.46,7.41,79.27,0.0,0,0,311.294,1.3679,1.454,0.0,A
7,es-stress-d/elasticsearch-dynamic-0,1008.1,53646.93,1414.12,0.0,0,1288,399.254,18.7509,5.5235,1.89,A
7,es-stress-d2/elasticsearch-dynamic-0,1009.15,52554.54,1414.11,0.0,0,385,311.294,18.5646,5.5235,1.89,A
7,es-stress-d3/elasticsearch-dynamic-0,1007.95,52083.11,1414.12,0.0,0,433,311.294,18.4692,5.5235,1.89,A
7,es-stress-d4/elasticsearch-dynamic-0,1009.62,52447.07,1414.11,0.0,0,143,311.294,18.5496,5.5235,1.88,A
7,es-stress-d5/elasticsearch-dynamic-0,1005.85,52754.88,1414.11,0.0,0,1606,497.8276,18.5706,5.5235,1.88,A
7,hotel1/consul,29.46,27.55,212.87,0.0,0,10265,3181.9429,1.3679,5.5235,0.0552,A
7,hotel1/frontend,0.48,65.37,1119.14,0.0,0,0,311.294,1.3679,5.5235,0.0,A
7,hotel1/geo,2.11,16.79,1119.06,0.0,0,685,311.294,1.3679,1.454,0.0046,A
7,hotel1/jaeger,0.37,14.83,81.01,0.0,0,0,311.294,1.3679,1.454,0.0,A
7,hotel1/memcached-profile,0.48,7.48,79.27,0.0,0,0,311.294,1.3679,1.454,0.0,A
7,hotel1/memcached-rate,0.38,7.36,79.27,0.0,0,0,311.294,1.3679,1.454,0.0046,A
7,hotel1/memcached-reserve,0.39,6.87,79.27,0.0,0,0,311.294,1.3679,1.454,0.0,A
7,hotel1/mongodb-geo,13.81,163.98,400.43,0.0,0,539,311.294,1.3679,5.5235,0.023,A
7,hotel1/mongodb-profile,13.87,164.38,400.43,0.0,0,514,311.294,1.3679,5.5235,0.023,A
7,hotel2/memcached-reserve,0.38,6.96,79.27,0.0,0,0,311.294,1.3679,1.454,0.0,A
7,hotel1/mongodb-recommendation,10.82,163.71,400.43,0.0,0,363,311.294,1.3679,5.5235,0.023,A
7,hotel1/mongodb-rate,13.01,164.67,400.43,0.0,0,623,311.294,1.3679,5.5235,0.023,A
7,hotel2/memcached-profile,0.46,7.6,79.27,0.0,0,0,311.294,1.3679,1.454,0.0,A
7,hotel2/jaeger,0.32,14.6,81.01,0.0,0,0,311.294,1.3679,1.454,0.0046,A
7,hotel2/geo,1.15,16.68,1119.06,0.0,0,0,311.294,1.3679,1.454,0.0046,A
7,hotel2/consul,30.2,27.25,212.87,0.0,0,10454,3240.5291,1.3679,5.5235,0.0552,A
7,hotel1/user,1.56,13.54,1119.06,0.0,0,697,311.294,1.3679,1.454,0.0092,A
7,hotel2/frontend,0.98,78.71,1119.14,0.0,0,97,311.294,1.3679,5.5235,0.0046,A
7,hotel1/reservation,1.18,69.57,1119.06,0.0,0,634,311.294,1.3679,5.5235,0.0,A
7,hotel1/recommendation,0.95,15.48,1119.06,0.0,0,228,311.294,1.3679,1.454,0.0,A
7,hotel1/rate,1.19,19.76,1119.14,0.0,0,715,311.294,1.3679,1.454,0.0092,A
7,hotel1/profile,1.13,24.43,1119.06,0.0,0,694,311.294,1.3679,1.454,0.0,A
7,hotel1/mongodb-user,11.82,163.86,400.43,0.0,0,562,311.294,1.3679,5.5235,0.023,A
7,hotel1/mongodb-reservation,13.24,264.43,400.43,0.0,0,450,311.294,1.3679,5.5235,0.023,A
7,hotel1/search,0.5,19.73,1119.06,0.0,0,0,311.294,1.3679,1.454,0.0,A
8,hotel2/search,982.54,30.73,1119.06,0.0,0,1998,311.294,24.1074,96.1227,0.0,A
8,hotel2/user,20.69,15.11,1119.06,0.0,0,994,311.294,1.3679,96.1227,0.0,A
8,hotel2/reservation,1303.71,47.27,1119.06,0.0,0,24534,2614.8752,31.9953,96.1227,0.0,A
8,hotel2/mongodb-rate,13.38,164.39,400.43,0.0078,4,396,311.294,1.3679,96.1227,0.0167,A
8,hotel2/rate,666.07,29.31,1119.14,0.0,0,1377,311.294,16.3527,96.1227,0.0,A
8,hotel2/profile,1346.54,37.18,1119.06,0.0,0,34625,3690.391,33.0325,96.1227,0.0042,A
8,hotel2/mongodb-user,13.65,163.73,400.43,0.0078,4,447,311.294,1.3679,96.1227,0.0167,A
8,hotel2/mongodb-reservation,1016.23,225.47,400.43,0.0117,6,212072,22602.9922,25.1654,96.1227,0.0167,A
8,hotel2/mongodb-recommendation,14.01,163.45,400.43,0.0078,4,331,311.294,1.3679,96.1227,0.0167,A
8,hotel2/recommendation,240.84,19.41,1119.06,0.0,0,2276,311.294,5.9234,96.1227,0.0042,A
8,hotel2/mongodb-profile,14.66,164.12,400.43,0.0117,6,330,311.294,1.3679,96.1227,0.0209,A
8,hotel2/mongodb-geo,13.87,163.46,400.43,0.0078,4,363,311.294,1.3679,96.1227,0.0209,A
8,hotel2/memcached-rate,67.46,7.47,79.27,0.0,0,808,311.294,1.6616,96.1227,0.0,A
8,hotel2/memcached-reserve,103.22,7.28,79.27,0.0,0,1396,311.294,2.5374,96.1227,0.0042,A
8,es-stress-d/elasticsearch-dynamic-0,1009.94,60138.0,1414.12,0.0,0,1455,311.294,96.5881,96.1227,1.2,A
8,es-stress-d2/elasticsearch-dynamic-0,1015.7,58902.54,1414.11,0.0039,2,322,311.294,95.2532,96.1227,1.19,A
8,es-stress-d3/elasticsearch-dynamic-0,1010.13,58392.61,1414.12,0.0039,2,438,311.294,94.5076,96.1227,1.19,A
8,es-stress-d4/elasticsearch-dynamic-0,1008.44,58774.57,1414.11,0.0039,2,256,311.294,94.9225,96.1227,1.2,A
8,es-stress-d5/elasticsearch-dynamic-0,1012.27,59112.2,1414.11,0.0,0,1397,311.294,95.4197,96.1227,1.2,A
8,hotel1/consul,31.82,25.69,212.87,0.0,0,9117,971.7053,1.3679,96.1227,0.0377,A
8,hotel1/frontend,0.81,65.37,1119.14,0.0,0,60,311.294,1.3679,96.1227,0.0,A
8,hotel1/jaeger,0.34,14.83,81.01,0.0,0,0,311.294,1.3679,1.454,0.0,A
8,hotel1/memcached-profile,0.44,7.48,79.27,0.0,0,0,311.294,1.3679,1.454,0.0,A
8,hotel1/memcached-rate,0.36,7.36,79.27,0.0,0,0,311.294,1.3679,1.454,0.0,A
8,hotel1/memcached-reserve,0.38,6.87,79.27,0.0,0,0,311.294,1.3679,1.454,0.0,A
8,hotel1/mongodb-geo,11.55,163.54,400.43,0.043,8,536,311.294,1.3679,96.1227,0.0167,A
8,hotel1/mongodb-profile,13.23,163.95,400.43,0.0469,7,626,311.294,1.3679,96.1227,0.0167,A
8,hotel1/geo,1.09,16.54,1119.06,0.0,0,497,311.294,1.3679,1.454,0.0,A
8,hotel1/mongodb-recommendation,14.44,163.54,400.43,0.043,8,529,311.294,1.3679,96.1227,0.0167,A
8,hotel1/mongodb-rate,12.55,164.28,400.43,0.0469,7,628,311.294,1.3679,96.1227,0.0126,A
8,hotel2/jaeger,0.33,14.6,81.01,0.0,0,0,311.294,1.3679,1.454,0.0,A
8,hotel2/geo,385.36,22.18,1119.06,0.0,0,1842,311.294,9.4672,96.1227,0.0,A
8,hotel2/frontend,3016.18,125.14,1119.14,0.0,0,215002,22915.2765,74.0411,96.1227,0.0042,A
8,hotel2/consul,28.05,27.25,212.87,0.0,0,6190,659.7407,1.3679,96.1227,0.0377,A
8,hotel1/user,1.05,13.54,1119.06,0.0,0,546,311.294,1.3679,1.454,0.0,A
8,hotel1/search,0.47,19.73,1119.06,0.0,0,0,311.294,1.3679,1.454,0.0,A
8,hotel2/memcached-profile,115.9,8.48,79.27,0.0,0,1248,311.294,2.8495,96.1227,0.0,A
8,hotel1/recommendation,1.43,15.48,1119.06,0.0,0,564,311.294,1.3679,1.454,0.0,A
8,hotel1/rate,1.53,19.76,1119.14,0.0,0,257,311.294,1.3679,1.454,0.0,A
8,hotel1/profile,2.24,24.43,1119.06,0.0,0,752,311.294,1.3679,1.454,0.0042,A
8,hotel1/mongodb-user,13.7,163.93,400.43,0.043,8,413,311.294,1.3679,96.1227,0.0209,A
8,hotel1/mongodb-reservation,11.39,263.98,400.43,0.0508,8,398,311.294,1.3679,96.1227,0.0167,A
8,hotel1/reservation,1.39,69.57,1119.06,0.0,0,485,311.294,1.3679,96.1227,0.0042,A
9,hotel2/user,65.53,15.11,1119.06,0.0,0,1201,311.294,1.3679,346.8568,0.0,A
9,hotel2/search,2882.6,26.21,1119.06,0.0,0,3820,473.0947,21.5508,346.8568,0.0,A
9,hotel2/profile,4086.29,34.98,1119.06,0.0,0,88614,10974.5574,30.5469,346.8568,0.0,A
9,hotel2/recommendation,678.4,19.74,1119.06,0.0,0,2449,311.294,5.0899,346.8568,0.0,A
9,hotel2/rate,1836.48,27.26,1119.14,0.0,0,3247,402.1305,13.7439,346.8568,0.0049,A
9,hotel2/mongodb-user,11.61,163.54,400.43,0.0,0,136,311.294,1.3679,346.8568,0.0122,A
9,hotel2/mongodb-reservation,3538.76,225.56,400.43,0.0078,4,606311,75089.6572,26.7133,346.8568,0.0122,A
9,hotel2/mongodb-recommendation,11.85,163.45,400.43,0.0,0,128,311.294,1.3679,346.8568,0.0098,A
9,hotel2/reservation,3987.92,43.05,1119.06,0.0,0,76666,9494.8363,29.8234,346.8568,0.0,A
9,hotel2/mongodb-rate,11.8,164.39,400.43,0.0,0,102,311.294,1.3679,346.8568,0.0098,A
9,hotel2/mongodb-profile,11.26,164.12,400.43,0.0,0,192,311.294,1.3679,346.8568,0.0098,A
9,hotel2/memcached-reserve,324.72,7.31,79.27,0.0,0,1170,311.294,2.4335,346.8568,0.0,A
9,es-stress-d2/elasticsearch-dynamic-0,1009.3,64065.54,1414.11,0.0,0,684,311.294,92.6561,346.8568,0.995,A
9,es-stress-d3/elasticsearch-dynamic-0,1008.47,63548.61,1414.12,0.0,0,585,311.294,91.9631,346.8568,1.0,A
9,es-stress-d4/elasticsearch-dynamic-0,1008.49,64178.82,1414.11,0.0,0,192,311.294,92.8006,346.8568,0.993,A
9,es-stress-d5/elasticsearch-dynamic-0,1007.13,64316.95,1414.11,0.0195,8,1783,311.294,92.974,346.8568,0.99,A
9,hotel1/consul,26.43,25.69,212.87,0.0,0,1612,311.294,1.3679,346.8568,0.0317,A
9,hotel1/frontend,8096.48,110.23,1119.14,0.0,0,485662,60147.6686,60.5793,346.8568,0.0,A
9,hotel1/geo,874.72,18.52,1119.06,0.0,0,1603,311.294,6.5536,346.8568,0.0,A
9,hotel1/jaeger,0.3,14.83,81.01,0.0,0,0,311.294,1.3679,1.454,0.0,A
9,hotel1/memcached-profile,289.42,7.52,79.27,0.0,0,1113,311.294,2.1702,346.8568,0.0,A
9,hotel1/memcached-rate,178.65,7.4,79.27,0.0,0,1113,311.294,1.3679,346.8568,0.0,A
9,hotel1/memcached-reserve,255.83,6.98,79.27,0.0,0,964,311.294,1.9188,346.8568,0.0,A
9,hotel1/mongodb-geo,12.11,163.56,400.43,0.0,0,168,311.294,1.3679,346.8568,0.0122,A
9,hotel1/mongodb-profile,11.92,163.97,400.43,0.0,0,187,311.294,1.3679,346.8568,0.0146,A
9,hotel1/mongodb-rate,11.07,164.28,400.43,0.0,0,207,311.294,1.3679,346.8568,0.0122,A
9,hotel1/mongodb-recommendation,11.22,163.53,400.43,0.0,0,168,311.294,1.3679,346.8568,0.0098,A
9,es-stress-d/elasticsearch-dynamic-0,1007.86,65597.48,1414.12,0.0078,4,2947,364.9764,94.6808,346.8568,0.993,A
9,hotel1/mongodb-reservation,3171.95,264.07,400.43,0.0117,6,1200600,148690.4286,24.0266,346.8568,0.0122,A
9,hotel2/mongodb-geo,11.48,163.46,400.43,0.0,0,127,311.294,1.3679,346.8568,0.0098,A
9,hotel2/memcached-rate,242.44,7.71,79.27,0.0,0,1805,311.294,1.8198,346.8568,0.0,A
9,hotel2/memcached-profile,365.82,7.7,79.27,0.0,0,1516,311.294,2.7407,346.8568,0.0,A
9,hotel2/jaeger,0.37,14.6,81.01,0.0,0,0,311.294,1.3679,1.454,0.0,A
9,hotel2/frontend,9978.14,114.77,1119.14,0.0,0,632373,78317.3517,74.6302,346.8568,0.0,A
9,hotel2/consul,28.86,27.25,212.87,0.0,0,1583,311.294,1.3679,346.8568,0.0293,A
9,hotel2/geo,1112.68,19.35,1119.06,0.0,0,2571,318.41,8.3308,346.8568,0.0024,A
9,hotel1/search,2287.1,24.11,1119.06,0.0,0,2811,348.1333,17.1031,346.8568,0.0,A
9,hotel1/reservation,2950.18,58.16,1119.06,0.0,0,31076,3848.6621,22.0977,346.8568,0.0,A
9,hotel1/recommendation,586.1,19.86,1119.06,0.0,0,1676,311.294,4.4011,346.8568,0.0024,A
9,hotel1/rate,1464.08,23.8,1119.14,0.0,0,2451,311.294,10.9596,346.8568,0.0024,A
9,hotel1/profile,3253.75,28.56,1119.06,0.0,0,18464,2286.7067,24.3242,346.8568,0.0,A
9,hotel1/mongodb-user,12.68,163.49,400.43,0.0,0,151,311.294,1.3679,346.8568,0.0098,A
9,hotel1/user,52.48,13.8,1119.06,0.0,0,774,311.294,1.3679,346.8568,0.0024,A
10,hotel2/user,61.51,15.39,1119.06,0.0,0,1059,311.294,1.3679,349.9539,0.0016,A
10,hotel2/search,2505.79,26.65,1119.06,0.0,0,3536,568.9489,19.4444,349.9539,0.0016,A
10,hotel2/mongodb-recommendation,12.39,163.47,400.43,0.0,0,243,311.294,1.3679,349.9539,0.0079,A
10,hotel2/recommendation,626.37,18.59,1119.06,0.0,0,1671,311.294,4.8759,349.9539,0.0,A
10,hotel2/rate,1683.07,25.41,1119.14,0.0,0,2667,429.1252,13.0699,349.9539,0.0,A
10,hotel2/profile,3788.4,35.71,1119.06,0.0,0,86860,13975.9333,29.3912,349.9539,0.0032,A
10,hotel2/mongodb-user,12.37,163.56,400.43,0.0,0,189,311.294,1.3679,349.9539,0.0079,A
10,hotel2/mongodb-reservation,2622.65,225.63,400.43,0.0078,4,225114,36221.2554,20.606,349.9539,0.0079,A
10,hotel2/reservation,3596.75,38.16,1119.06,0.0,0,55993,9009.3764,27.9098,349.9539,0.0032,A
10,hotel2/mongodb-rate,11.83,164.41,400.43,0.0,0,140,311.294,1.3679,349.9539,0.0095,A
10,hotel2/mongodb-profile,12.49,164.14,400.43,0.0,0,188,311.294,1.3679,349.9539,0.0079,A
10,hotel2/mongodb-geo,12.02,163.48,400.43,0.0,0,114,311.294,1.3679,349.9539,0.0079,A
10,hotel2/memcached-reserve,282.93,7.09,79.27,0.0,0,1114,311.294,2.2007,349.9539,0.0,A
10,es-stress-d/elasticsearch-dynamic-0,1008.28,70703.61,1414.12,0.0156,6,1081,311.294,98.9255,349.9539,0.647,A
10,es-stress-d2/elasticsearch-dynamic-0,1007.76,69137.52,1414.11,0.0156,6,2776,446.6635,96.9033,349.9539,0.649,A
10,es-stress-d3/elasticsearch-dynamic-0,1008.15,68647.61,1414.12,0.0195,8,345,311.294,96.275,349.9539,0.647,A
10,es-stress-d4/elasticsearch-dynamic-0,1007.7,69283.32,1414.11,0.0195,6,238,311.294,97.0907,349.9539,0.647,A
10,es-stress-d5/elasticsearch-dynamic-0,1009.55,69518.95,1414.11,0.0,0,934,311.294,97.4087,349.9539,0.647,A
10,hotel1/consul,27.2,25.69,212.87,0.0,0,1484,311.294,1.3679,349.9539,0.0174,A
10,hotel1/frontend,9891.79,106.93,1119.14,0.0,0,606585,97600.6387,76.7602,349.9539,0.0,A
10,hotel1/geo,935.5,19.23,1119.06,0.0,0,1989,320.0337,7.2712,349.9539,0.0,A
10,hotel1/memcached-profile,342.93,7.5,79.27,0.0,0,1564,311.294,2.666,349.9539,0.0016,A
10,hotel1/memcached-rate,222.51,7.36,79.27,0.0,0,1462,311.294,1.7331,349.9539,0.0,A
10,hotel1/memcached-reserve,262.29,6.94,79.27,0.0,0,1125,311.294,2.0407,349.9539,0.0016,A
10,hotel1/mongodb-geo,11.45,163.75,400.43,0.0,0,123,311.294,1.3679,349.9539,0.0079,A
10,hotel1/mongodb-profile,11.43,163.97,400.43,0.0,0,303,311.294,1.3679,349.9539,0.0063,A
10,hotel1/mongodb-rate,12.07,164.49,400.43,0.0,0,326,311.294,1.3679,349.9539,0.0079,A
10,hotel1/jaeger,0.32,14.83,81.01,0.0,0,0,311.294,1.3679,1.454,0.0016,A
10,hotel1/mongodb-reservation,4012.54,265.09,400.43,0.0039,2,2753914,443109.8121,31.423,349.9539,0.0063,A
10,hotel1/mongodb-recommendation,12.51,163.55,400.43,0.0,0,146,311.294,1.3679,349.9539,0.0079,A
10,hotel2/memcached-profile,333.52,8.15,79.27,0.0,0,1594,311.294,2.594,349.9539,0.0,A
10,hotel2/jaeger,0.32,14.6,81.01,0.0,0,0,311.294,1.3679,1.454,0.0,A
10,hotel2/geo,976.48,19.5,1119.06,0.0,0,1918,311.294,7.589,349.9539,0.0,A
10,hotel2/frontend,9805.48,109.85,1119.14,0.0,0,612252,98512.4694,76.0954,349.9539,0.0,A
10,hotel2/consul,29.65,27.26,212.87,0.0,0,1278,311.294,1.3679,349.9539,0.0206,A
10,hotel1/user,63.7,14.75,1119.06,0.0,0,815,311.294,1.3679,349.9539,0.0016,A
10,hotel2/memcached-rate,216.85,7.45,79.27,0.0,0,1347,311.294,1.6893,349.9539,0.0,A
10,hotel1/reservation,2527.3,76.59,1119.06,0.0,0,30728,4944.1915,19.6753,349.9539,0.0032,A
10,hotel1/recommendation,618.06,17.98,1119.06,0.0,0,2268,364.9254,4.8107,349.9539,0.0016,A
10,hotel1/rate,1516.49,23.61,1119.14,0.0,0,2851,458.7311,11.7773,349.9539,0.0,A
10,hotel1/profile,3706.15,28.65,1119.06,0.0,0,13011,2093.4938,28.745,349.9539,0.0016,A
10,hotel1/mongodb-user,11.9,163.5,400.43,0.0,0,233,311.294,1.3679,349.9539,0.0079,A
10,hotel1/search,2434.49,22.01,1119.06,0.0,0,3377,543.3655,18.8861,349.9539,0.0,A
11,hotel2/user,56.39,15.43,1119.06,0.0,0,1306,311.294,1.3679,353.4954,0.0,A
11,hotel2/search,2577.5,25.75,1119.06,0.0,0,3165,554.2205,30.0151,353.4954,0.0,A
11,hotel2/rate,1670.13,27.11,1119.14,0.0,0,3078,538.986,19.4674,353.4954,0.0032,A
11,hotel2/recommendation,649.31,17.56,1119.06,0.0,0,2011,352.1445,7.5811,353.4954,0.0063,A
11,hotel2/profile,3978.04,36.19,1119.06,0.0,0,114572,20062.6061,46.318,353.4954,0.0,A
11,hotel2/mongodb-user,11.53,163.56,400.43,0.0,0,161,311.294,1.3679,353.4954,0.0158,A
11,hotel2/mongodb-reservation,1634.49,225.57,400.43,0.0078,4,17022,2980.708,19.4097,353.4954,0.0158,A
11,hotel2/mongodb-recommendation,11.98,163.47,400.43,0.0,0,190,311.294,1.3679,353.4954,0.0126,A
11,hotel2/reservation,3765.1,39.06,1119.06,0.0,0,61771,10816.6676,43.8473,353.4954,0.0,A
11,hotel2/mongodb-rate,12.53,164.41,400.43,0.0,0,181,311.294,1.3679,353.4954,0.0189,A
11,hotel2/mongodb-profile,11.86,164.14,400.43,0.0,0,176,311.294,1.3679,353.4954,0.0158,A
11,hotel2/mongodb-geo,11.83,163.48,400.43,0.0,0,115,311.294,1.3679,353.4954,0.0158,A
11,hotel2/memcached-reserve,294.63,7.58,79.27,0.0,0,1123,311.294,3.4393,353.4954,0.0,A
11,es-stress-d/elasticsearch-dynamic-0,1008.12,75816.36,1414.12,0.0,0,175,311.294,147.9493,353.4954,1.3,A
11,es-stress-d2/elasticsearch-dynamic-0,1008.82,74241.4,1414.11,0.0,0,626,311.294,145.1275,353.4954,1.32,A
11,es-stress-d3/elasticsearch-dynamic-0,1008.23,73786.61,1414.12,0.0,0,208,311.294,144.3035,353.4954,1.3,A
11,es-stress-d4/elasticsearch-dynamic-0,1007.18,74385.07,1414.11,0.0,0,303,311.294,145.3666,353.4954,1.31,A
11,es-stress-d5/elasticsearch-dynamic-0,1007.68,74727.95,1414.11,0.0,0,181,311.294,145.9885,353.4954,1.3,A
11,hotel1/consul,27.55,25.69,212.87,0.0,0,1725,311.294,1.3679,353.4954,0.0378,A
11,hotel1/frontend,10002.27,108.14,1119.14,0.0,0,637925,111706.5079,116.4915,353.4954,0.0,A
11,hotel1/geo,968.06,19.25,1119.06,0.0,0,1773,311.294,11.2903,353.4954,0.0,A
11,hotel1/memcached-profile,356.81,7.56,79.27,0.0,0,1738,311.294,4.1622,353.4954,0.0,A
11,hotel1/memcached-rate,217.52,7.49,79.27,0.0,0,1227,311.294,2.5426,353.4954,0.0032,A
11,hotel1/memcached-reserve,270.44,7.0,79.27,0.0,0,1147,311.294,3.157,353.4954,0.0,A
11,hotel1/mongodb-geo,12.7,163.56,400.43,0.0156,1,151,311.294,1.3679,353.4954,0.0189,A
11,hotel1/mongodb-profile,12.51,164.22,400.43,0.0156,1,226,311.294,1.3679,353.4954,0.0189,A
11,hotel1/mongodb-rate,12.18,164.3,400.43,0.0,0,147,311.294,1.3679,353.4954,0.0189,A
11,hotel1/jaeger,0.27,14.83,81.01,0.0,0,0,311.294,1.3679,1.454,0.0,A
11,hotel1/mongodb-reservation,4014.56,264.87,400.43,0.0117,6,2808784,491843.7938,47.1535,353.4954,0.0189,A
11,hotel1/mongodb-recommendation,11.79,163.55,400.43,0.0,0,236,311.294,1.3679,353.4954,0.0126,A
11,hotel2/memcached-profile,341.41,7.69,79.27,0.0,0,1408,311.294,3.9834,353.4954,0.0,A
11,hotel2/jaeger,0.46,14.6,81.01,0.0,0,0,311.294,1.3679,1.454,0.0,A
11,hotel2/geo,972.52,19.64,1119.06,0.0,0,2145,375.6091,11.3429,353.4954,0.0,A
11,hotel2/frontend,9932.99,121.66,1119.14,0.0,0,659158,115424.6006,115.7103,353.4954,0.0,A
11,hotel2/consul,29.94,27.26,212.87,0.0,0,1542,311.294,1.3679,353.4954,0.041,A
11,hotel1/user,63.34,15.2,1119.06,0.0,0,1003,311.294,1.3679,353.4954,0.0,A
11,hotel2/memcached-rate,208.86,7.48,79.27,0.0,0,1393,311.294,2.4419,353.4954,0.0032,A
11,hotel1/reservation,2419.91,74.61,1119.06,0.0,0,4616,808.3039,28.2706,353.4954,0.0,A
11,hotel1/recommendation,650.41,18.27,1119.06,0.0,0,1862,326.0532,7.5952,353.4954,0.0,A
11,hotel1/rate,1635.74,27.78,1119.14,0.0,0,2600,455.2838,19.0688,353.4954,0.0,A
11,hotel1/profile,3687.48,29.83,1119.06,0.0,0,9007,1577.2082,42.9282,353.4954,0.0032,A
11,hotel1/mongodb-user,11.83,163.5,400.43,0.0,0,179,311.294,1.3679,353.4954,0.0158,A
11,hotel1/search,2493.84,28.79,1119.06,0.0,0,3518,616.034,29.0478,353.4954,0.0032,A
12,hotel2/user,65.21,15.61,1119.06,0.0,0,826,311.294,1.3679,364.7765,0.0117,A
12,hotel2/search,2654.66,27.41,1119.06,0.0,0,3914,707.8314,22.2826,364.7765,0.639,A
12,hotel2/rate,1773.59,27.61,1119.14,0.0,0,2711,490.2736,14.8986,364.7765,0.416,A
12,hotel2/recommendation,643.17,18.73,1119.06,0.0,0,1785,322.8102,5.4136,364.7765,0.153,A
12,hotel2/profile,3919.62,38.23,1119.06,0.0,0,96012,17363.3909,32.8976,364.7765,0.863,A
12,hotel2/mongodb-user,13.04,163.56,400.43,0.0156,2,139,311.294,1.3679,364.7765,0.0054,A
12,hotel2/mongodb-reservation,2403.18,225.91,400.43,0.0312,8,79815,14434.2274,20.4213,364.7765,0.572,A
12,hotel2/mongodb-recommendation,12.69,163.47,400.43,0.0156,2,69,311.294,1.3679,364.7765,0.0045,A
12,hotel2/reservation,3849.66,36.57,1119.06,0.0,0,105974,19164.9792,32.3092,364.7765,0.839,A
12,hotel2/mongodb-rate,13.07,164.41,400.43,0.0156,2,768,311.294,1.3679,364.7765,0.0054,A
12,hotel2/mongodb-profile,13.34,164.14,400.43,0.0156,2,178,311.294,1.3679,364.7765,0.0054,A
12,hotel2/mongodb-geo,12.85,163.48,400.43,0.0156,2,216,311.294,1.3679,364.7765,0.0045,A
12,hotel2/memcached-reserve,301.32,7.29,79.27,0.0,0,1048,311.294,2.5344,364.7765,0.0692,A
12,es-stress-d2/elasticsearch-dynamic-0,1006.25,79253.79,1414.11,0.0,0,657,311.294,106.7739,364.7765,0.369,A
12,es-stress-d3/elasticsearch-dynamic-0,1006.25,78864.29,1414.12,0.0,0,198,311.294,106.2906,364.7765,0.368,A
12,es-stress-d4/elasticsearch-dynamic-0,1006.57,79459.82,1414.11,0.0,0,292,311.294,107.0322,364.7765,0.367,A
12,es-stress-d5/elasticsearch-dynamic-0,1006.99,79851.2,1414.11,0.0,0,128,311.294,107.5214,364.7765,0.367,A
12,hotel1/consul,26.66,25.7,212.87,0.0,0,1340,311.294,1.3679,364.7765,0.0117,A
12,hotel1/frontend,9919.05,102.85,1119.14,0.0,0,475197,85937.5002,83.2588,364.7765,0.0009,A
12,hotel1/geo,1051.8,20.05,1119.06,0.0,0,2411,436.0198,8.84,364.7765,0.0009,A
12,hotel1/jaeger,0.39,14.83,81.01,0.0,0,0,311.294,1.3679,1.454,0.0,A
12,hotel1/memcached-profile,373.05,7.61,79.27,0.0,0,1492,311.294,3.136,364.7765,0.0,A
12,hotel1/memcached-rate,234.85,7.51,79.27,0.0,0,1382,311.294,1.9776,364.7765,0.0,A
12,hotel1/memcached-reserve,296.63,7.02,79.27,0.0,0,1066,311.294,2.4948,364.7765,0.0,A
12,hotel1/mongodb-geo,11.76,163.56,400.43,0.0,0,279,311.294,1.3679,364.7765,0.0045,A
12,hotel1/mongodb-profile,12.18,163.97,400.43,0.0,0,185,311.294,1.3679,364.7765,0.0045,A
12,hotel1/mongodb-rate,12.72,164.3,400.43,0.0156,1,136,311.294,1.3679,364.7765,0.0036,A
12,es-stress-d/elasticsearch-dynamic-0,1006.13,80917.31,1414.12,0.0,0,1109,311.294,108.837,364.7765,0.367,A
12,hotel1/mongodb-reservation,3987.24,265.6,400.43,0.0234,3,2526197,456852.7477,33.7465,364.7765,0.0036,A
12,hotel2/memcached-rate,217.34,7.5,79.27,0.0,0,1515,311.294,1.8308,364.7765,0.0467,A
12,hotel2/memcached-profile,331.98,8.03,79.27,0.0,0,1845,333.661,2.7923,364.7765,0.0764,A
12,hotel2/jaeger,0.37,14.6,81.01,0.0,0,0,311.294,1.3679,1.454,0.0,A
12,hotel2/geo,1049.99,18.5,1119.06,0.0,0,1798,325.1612,8.8229,364.7765,0.255,A
12,hotel1/mongodb-recommendation,12.78,163.55,400.43,0.0156,1,149,311.294,1.3679,364.7765,0.0063,A
12,hotel2/consul,29.63,27.26,212.87,0.0,0,1816,328.4164,1.3679,364.7765,0.0108,A
12,hotel2/frontend,9816.29,111.98,1119.14,0.0,0,588776,106477.8136,82.4089,364.7765,2.03,A
12,hotel1/search,2715.25,25.43,1119.06,0.0,0,3369,609.2703,22.788,364.7765,0.0009,A
12,hotel1/reservation,2293.59,79.3,1119.06,0.0,0,3589,649.0565,19.3209,364.7765,0.0,A
12,hotel1/recommendation,681.45,17.4,1119.06,0.0,0,2419,437.4666,5.7328,364.7765,0.0,A
12,hotel1/rate,1701.87,26.69,1119.14,0.0,0,3314,599.3238,14.2964,364.7765,0.0009,A
12,hotel1/profile,3840.49,29.84,1119.06,0.0,0,16632,3007.8315,32.224,364.7765,0.0009,A
12,hotel1/mongodb-user,12.33,163.5,400.43,0.0156,1,107,311.294,1.3679,364.7765,0.0054,A
12,hotel1/user,64.03,15.62,1119.06,0.0,0,930,311.294,1.3679,364.7765,0.0,A
13,hotel2/user,62.64,15.73,1119.06,0.0,0,1160,311.294,1.3679,364.513,0.101,A
13,hotel2/search,2566.03,28.49,1119.06,0.0,0,3407,571.8174,24.867,364.513,4.08,A
13,hotel2/mongodb-recommendation,11.83,163.47,400.43,0.0,0,171,311.294,1.3679,364.513,0.0187,A
13,hotel2/recommendation,643.41,17.67,1119.06,0.0,0,2185,366.7217,6.2492,364.513,0.979,A
13,hotel2/rate,1755.63,26.38,1119.14,0.0,0,2883,483.8713,17.0227,364.513,2.73,A
13,hotel2/profile,3837.4,34.22,1119.06,0.0,0,83540,14021.0219,37.1765,364.513,5.93,A
13,hotel2/mongodb-user,11.59,163.56,400.43,0.0,0,160,311.294,1.3679,364.513,0.0187,A
13,hotel2/mongodb-reservation,2231.26,225.69,400.43,0.0117,6,54058,9072.8801,21.8904,364.513,5.58,A
13,hotel2/reservation,3741.49,41.06,1119.06,0.0,0,32729,5493.1054,36.2576,364.513,5.62,A
13,hotel2/mongodb-rate,11.6,164.41,400.43,0.0,0,137,311.294,1.3679,364.513,0.0187,A
13,hotel2/mongodb-profile,11.24,164.14,400.43,0.0,0,223,311.294,1.3679,364.513,0.0187,A
13,hotel2/memcached-reserve,294.14,7.07,79.27,0.0,0,1114,311.294,2.8555,364.513,0.456,A
13,es-stress-d/elasticsearch-dynamic-0,1008.68,86039.47,1414.12,0.0,0,448,311.294,124.351,364.513,1.53,A
13,es-stress-d2/elasticsearch-dynamic-0,1009.27,84492.09,1414.11,0.0,0,1623,311.294,122.2958,364.513,1.54,A
13,es-stress-d3/elasticsearch-dynamic-0,1008.84,83916.94,1414.12,0.0,0,1000,311.294,121.5257,364.513,1.53,A
13,es-stress-d4/elasticsearch-dynamic-0,1016.27,84571.52,1414.11,0.0,0,262,311.294,122.4694,364.513,1.53,A
13,es-stress-d5/elasticsearch-dynamic-0,1007.89,85020.35,1414.11,0.0,0,468,311.294,122.986,364.513,1.53,A
13,hotel1/consul,26.49,25.7,212.87,0.0,0,1675,311.294,1.3679,364.513,0.0373,A
13,hotel1/frontend,9973.09,103.71,1119.14,0.0,0,382292,64162.3712,96.6385,364.513,15.3,A
13,hotel1/geo,1032.17,19.95,1119.06,0.0,0,2070,347.4206,10.0139,364.513,1.68,A
13,hotel1/jaeger,0.32,14.83,81.01,0.0,0,0,311.294,1.3679,1.454,0.0,A
13,hotel1/memcached-profile,377.23,7.56,79.27,0.0,0,1992,334.3294,3.6602,364.513,0.575,A
13,hotel1/memcached-rate,247.76,7.46,79.27,0.0,0,1269,311.294,2.4073,364.513,0.355,A
13,hotel1/memcached-reserve,304.76,7.01,79.27,0.0,0,1337,311.294,2.9582,364.513,0.478,A
13,hotel1/mongodb-geo,11.94,163.73,400.43,0.0156,1,205,311.294,1.3679,364.513,0.0187,A
13,hotel1/mongodb-profile,12.03,163.97,400.43,0.0156,1,198,311.294,1.3679,364.513,0.0149,A
13,hotel1/mongodb-rate,11.1,164.3,400.43,0.0,0,261,311.294,1.3679,364.513,0.0149,A
13,hotel2/mongodb-geo,11.18,163.48,400.43,0.0,0,150,311.294,1.3679,364.513,0.0149,A
13,hotel1/mongodb-reservation,4002.7,265.45,400.43,0.0078,4,2931124,491948.2129,39.084,364.513,6.12,A
13,hotel1/mongodb-recommendation,11.09,163.55,400.43,0.0,0,147,311.294,1.3679,364.513,0.0187,A
13,hotel2/memcached-rate,217.53,7.47,79.27,0.0,0,1376,311.294,2.1148,364.513,0.359,A
13,hotel2/memcached-profile,315.9,7.68,79.27,0.0,0,1272,311.294,3.0669,364.513,0.542,A
13,hotel2/jaeger,0.32,14.6,81.01,0.0,0,0,311.294,1.3679,1.454,0.0,A
13,hotel2/frontend,9838.54,119.62,1119.14,0.0,0,755415,126785.8539,95.3578,364.513,15.0,A
13,hotel2/consul,31.96,27.26,212.87,0.0,0,1907,320.0633,1.3679,364.513,0.0486,A
13,hotel2/geo,993.82,19.42,1119.06,0.0,0,1784,311.294,9.6421,364.513,1.55,A
13,hotel1/search,2731.43,23.82,1119.06,0.0,0,4322,725.3873,26.4612,364.513,4.38,A
13,hotel1/reservation,2296.1,100.36,1119.06,0.0,0,3530,592.4612,22.3509,364.513,5.42,A
13,hotel1/recommendation,704.88,18.86,1119.06,0.0,0,1982,332.651,6.8456,364.513,1.11,A
13,hotel1/rate,1667.17,26.41,1119.14,0.0,0,2783,467.0877,16.1668,364.513,2.8,A
13,hotel1/profile,3646.43,30.62,1119.06,0.0,0,7099,1191.468,35.3239,364.513,6.35,A
13,hotel1/mongodb-user,11.64,163.5,400.43,0.0,0,171,311.294,1.3679,364.513,0.0187,A
13,hotel1/user,58.16,15.66,1119.06,0.0,0,1295,311.294,1.3679,364.513,0.0971,A
14,hotel2/user,55.14,15.72,1119.06,0.0,0,923,311.294,1.3679,364.2091,0.0901,A
14,hotel2/search,2582.29,28.86,1119.06,0.0,0,3493,592.7132,35.1431,364.2091,3.9,A
14,hotel2/mongodb-recommendation,11.57,163.47,400.43,0.0547,6,140,311.294,1.3679,364.2091,0.018,A
14,hotel2/recommendation,646.62,17.78,1119.06,0.0,0,1766,311.294,8.8179,364.2091,0.944,A
14,hotel2/rate,1711.64,25.87,1119.14,0.0,0,2718,461.2066,23.3056,364.2091,2.52,A
14,hotel2/profile,3977.07,36.0,1119.06,0.0,0,123071,20883.4264,54.1107,364.2091,5.77,A
14,hotel2/mongodb-user,12.04,163.56,400.43,0.0547,6,150,311.294,1.3679,364.2091,0.018,A
14,hotel2/mongodb-reservation,1876.85,225.71,400.43,0.0898,20,6625,1124.1698,25.8899,364.2091,3.67,A
14,hotel2/reservation,3806.25,44.52,1119.06,0.0,0,110278,18712.6333,51.8036,364.2091,5.59,A
14,hotel2/mongodb-rate,11.48,164.41,400.43,0.0547,6,139,311.294,1.3679,364.2091,0.018,A
14,hotel2/mongodb-profile,12.03,164.14,400.43,0.0547,6,114,311.294,1.3679,364.2091,0.018,A
14,hotel2/mongodb-geo,11.76,163.48,400.43,0.0547,6,172,311.294,1.3679,364.2091,0.018,A
14,hotel2/memcached-reserve,296.71,7.02,79.27,0.0,0,1316,311.294,4.0443,364.2091,0.429,A
14,es-stress-d2/elasticsearch-dynamic-0,1011.89,89811.59,1414.11,0.0,0,693,311.294,166.1092,364.2091,1.48,A
14,es-stress-d3/elasticsearch-dynamic-0,1012.37,88949.71,1414.12,0.0039,2,788,311.294,164.6537,364.2091,1.48,A
14,es-stress-d4/elasticsearch-dynamic-0,1009.43,89767.52,1414.11,0.0,0,181,311.294,166.0011,364.2091,1.49,A
14,es-stress-d5/elasticsearch-dynamic-0,1016.47,90229.45,1414.11,0.0,0,142,311.294,166.8804,364.2091,1.48,A
14,hotel1/consul,26.02,25.7,212.87,0.0,0,1760,311.294,1.3679,364.2091,0.0433,A
14,hotel1/frontend,9452.79,100.95,1119.14,0.0,0,96005,16290.7049,128.6375,364.2091,14.6,A
14,hotel1/geo,991.01,18.95,1119.06,0.0,0,2677,454.2494,13.5003,364.2091,1.37,A
14,hotel1/jaeger,0.36,14.83,81.01,0.0,0,0,311.294,1.3679,1.454,0.0,A
14,hotel1/memcached-profile,375.55,7.54,79.27,0.0,0,1463,311.294,5.1166,364.2091,0.49,A
14,hotel1/memcached-rate,227.9,7.46,79.27,0.0,0,1936,328.5121,3.1099,364.2091,0.317,A
14,hotel1/memcached-reserve,299.6,7.0,79.27,0.0,0,1144,311.294,4.0835,364.2091,0.368,A
14,hotel1/mongodb-geo,11.03,163.56,400.43,0.0391,2,253,311.294,1.3679,364.2091,0.0144,A
14,hotel1/mongodb-profile,11.58,163.97,400.43,0.0391,2,340,311.294,1.3679,364.2091,0.018,A
14,hotel1/mongodb-rate,12.07,164.3,400.43,0.0547,3,473,311.294,1.3679,364.2091,0.018,A
14,es-stress-d/elasticsearch-dynamic-0,1012.75,91217.07,1414.12,0.0,0,358,311.294,168.5052,364.2091,1.48,A
14,hotel1/mongodb-reservation,4017.78,265.69,400.43,0.082,8,2756071,467666.6785,55.0536,364.2091,5.87,A
14,hotel2/memcached-rate,213.7,7.49,79.27,0.0,0,1353,311.294,2.917,364.2091,0.328,A
14,hotel2/memcached-profile,334.88,7.64,79.27,0.0,0,1601,311.294,4.5641,364.2091,0.494,A
14,hotel2/jaeger,0.34,14.6,81.01,0.0,0,0,311.294,1.3679,1.454,0.0,A
14,hotel2/geo,1017.09,19.99,1119.06,0.0,0,2003,339.8811,13.8565,364.2091,1.5,A
14,hotel1/mongodb-recommendation,12.25,163.55,400.43,0.0547,3,255,311.294,1.3679,364.2091,0.0144,A
14,hotel2/consul,28.02,27.26,212.87,0.0,0,1410,311.294,1.3679,364.2091,0.0433,A
14,hotel2/frontend,9945.34,117.46,1119.14,0.0,0,660206,112027.7188,135.3594,364.2091,14.4,A
14,hotel1/search,2424.75,23.59,1119.06,0.0,0,3724,631.9107,32.9931,364.2091,3.49,A
14,hotel1/reservation,1903.72,108.21,1119.06,0.0,0,3642,617.9964,26.0557,364.2091,3.59,A
14,hotel1/recommendation,694.98,17.72,1119.06,0.0,0,2856,484.6232,9.475,364.2091,0.894,A
14,hotel1/rate,1453.44,25.66,1119.14,0.0,0,3259,553.0067,19.7962,364.2091,2.23,A
14,hotel1/profile,2937.11,27.99,1119.06,0.0,0,4066,689.9433,39.9637,364.2091,5.36,A
14,hotel1/mongodb-user,11.64,163.51,400.43,0.0547,3,183,311.294,1.3679,364.2091,0.018,A
14,hotel1/user,53.04,15.93,1119.06,0.0,0,856,311.294,1.3679,364.2091,0.0937,A
15,hotel2/user,66.08,15.77,1119.06,0.0,0,1328,311.294,1.3679,363.2052,0.0783,A
15,hotel2/search,2820.25,26.94,1119.06,0.0,0,3884,649.8274,37.67,363.2052,3.82,A
15,hotel2/mongodb-recommendation,11.67,163.47,400.43,0.0,0,217,311.294,1.3679,363.2052,0.0178,A
15,hotel2/recommendation,666.6,18.0,1119.06,0.0,0,2512,420.2797,8.9208,363.2052,0.957,A
15,hotel2/rate,1913.44,26.54,1119.14,0.0,0,3181,532.2093,25.5698,363.2052,2.49,A
15,hotel2/profile,4197.48,37.48,1119.06,0.0,0,105882,17714.9911,56.0618,363.2052,5.79,A
15,hotel2/mongodb-user,11.19,163.75,400.43,0.0,0,477,311.294,1.3679,363.2052,0.0142,A
15,hotel2/mongodb-reservation,2460.48,225.82,400.43,0.0156,8,119812,20045.6028,33.1603,363.2052,2.19,A
15,hotel2/reservation,4220.7,48.83,1119.06,0.0,0,119269,19954.7541,56.3882,363.2052,5.57,A
15,hotel2/mongodb-rate,11.58,164.41,400.43,0.0,0,200,311.294,1.3679,363.2052,0.0178,A
15,hotel2/mongodb-profile,11.24,164.14,400.43,0.0,0,149,311.294,1.3679,363.2052,0.0178,A
15,hotel2/memcached-reserve,313.71,7.84,79.27,0.0,0,1309,311.294,4.1973,363.2052,0.438,A
15,es-stress-d/elasticsearch-dynamic-0,1005.88,96260.82,1414.12,0.0,0,586,311.294,154.1503,363.2052,1.47,A
15,es-stress-d2/elasticsearch-dynamic-0,1005.94,94878.47,1414.11,0.0,0,455,311.294,152.1302,363.2052,1.46,A
15,es-stress-d3/elasticsearch-dynamic-0,1005.21,93937.21,1414.12,0.0,0,535,311.294,150.7443,363.2052,1.46,A
15,es-stress-d4/elasticsearch-dynamic-0,1004.62,94876.02,1414.11,0.0,0,223,311.294,152.109,363.2052,1.46,A
15,es-stress-d5/elasticsearch-dynamic-0,1004.06,95435.2,1414.11,0.0273,6,142,311.294,152.919,363.2052,1.45,A
15,hotel1/consul,25.53,25.7,212.87,0.0,0,1821,311.294,1.3679,363.2052,0.0427,A
15,hotel1/frontend,6235.47,100.4,1119.14,0.0,0,9922,1660.038,83.3466,363.2052,14.5,A
15,hotel1/geo,859.8,18.58,1119.06,0.0,0,3261,545.594,11.4995,363.2052,1.46,A
15,hotel1/jaeger,0.43,14.83,81.01,0.0,0,0,311.294,1.3679,1.454,0.0,A
15,hotel1/memcached-profile,302.68,7.77,79.27,0.0,0,2049,342.8157,4.05,363.2052,0.548,A
15,hotel1/memcached-rate,196.53,7.45,79.27,0.0,0,1798,311.294,2.6332,363.2052,0.331,A
15,hotel1/memcached-reserve,248.78,6.97,79.27,0.0,0,1551,311.294,3.3297,363.2052,0.413,A
15,hotel1/mongodb-geo,12.03,163.57,400.43,0.0195,1,190,311.294,1.3679,363.2052,0.0178,A
15,hotel1/mongodb-profile,11.97,163.97,400.43,0.0195,1,111,311.294,1.3679,363.2052,0.0214,A
15,hotel1/mongodb-rate,11.11,164.3,400.43,0.0,0,103,311.294,1.3679,363.2052,0.0178,A
15,hotel2/mongodb-geo,11.26,163.48,400.43,0.0,0,162,311.294,1.3679,363.2052,0.0178,A
15,hotel1/mongodb-reservation,3985.18,265.84,400.43,0.0078,2,2714188,454107.5569,53.5629,363.2052,5.79,A
15,hotel2/memcached-rate,232.59,7.51,79.27,0.0,0,2043,341.8119,3.1144,363.2052,0.313,A
15,hotel2/memcached-profile,365.59,8.2,79.27,0.0,0,1787,311.294,4.8901,363.2052,0.505,A
15,hotel2/jaeger,0.68,14.6,81.01,0.0,0,157,311.294,1.3679,1.454,0.0,A
15,hotel2/geo,1098.27,20.95,1119.06,0.0,0,2086,349.0062,14.6848,363.2052,1.47,A
15,hotel1/mongodb-recommendation,10.96,163.55,400.43,0.0,0,198,311.294,1.3679,363.2052,0.0142,A
15,hotel2/consul,27.76,27.26,212.87,0.0,0,1478,311.294,1.3679,363.2052,0.0463,A
15,hotel2/frontend,9799.58,112.75,1119.14,0.0,0,612071,102404.869,130.9206,363.2052,14.3,A
15,hotel1/search,2015.57,23.51,1119.06,0.0,0,5236,876.0289,26.9281,363.2052,3.82,A
15,hotel1/reservation,1443.14,109.53,1119.06,0.0,0,7423,1241.9333,19.4159,363.2052,3.42,A
15,hotel1/recommendation,615.89,17.8,1119.06,0.0,0,2953,494.0629,8.2438,363.2052,0.982,A
15,hotel1/rate,1160.36,26.05,1119.14,0.0,0,3888,650.4966,15.5208,363.2052,2.39,A
15,hotel1/profile,1950.63,28.75,1119.06,0.0,0,4987,834.369,26.0693,363.2052,5.61,A
15,hotel1/mongodb-user,11.36,163.51,400.43,0.0,0,136,311.294,1.3679,363.2052,0.0178,A
15,hotel1/user,41.92,15.76,1119.06,0.0,0,1017,311.294,1.3679,363.2052,0.089,A
16,hotel2/user,60.56,15.77,1119.06,0.0,0,1030,311.294,1.3679,346.2661,0.098,A
16,hotel2/search,2696.33,33.49,1119.06,0.0,0,4090,646.8757,40.0859,346.2661,3.81,A
16,hotel2/mongodb-recommendation,11.55,163.48,400.43,0.0195,2,143,311.294,1.3679,346.2661,0.0181,A
16,hotel2/recommendation,670.57,18.86,1119.06,0.0,0,1990,314.739,9.9849,346.2661,0.929,A
16,hotel2/rate,1762.0,29.52,1119.14,0.0,0,2995,473.6902,26.2067,346.2661,2.5,A
16,hotel2/profile,4125.16,36.88,1119.06,0.0,0,91729,14507.888,61.3068,346.2661,5.7,A
16,hotel2/mongodb-user,11.45,163.75,400.43,0.0195,2,173,311.294,1.3679,346.2661,0.0181,A
16,hotel2/mongodb-reservation,2475.14,225.81,400.43,0.0469,14,149104,23582.3364,37.0872,346.2661,4.12,A
16,hotel2/reservation,3990.2,41.04,1119.06,0.0,0,72412,11452.7051,59.309,346.2661,5.47,A
16,hotel2/mongodb-rate,11.79,164.41,400.43,0.0195,2,129,311.294,1.3679,346.2661,0.0181,A
16,hotel2/mongodb-profile,11.88,164.14,400.43,0.0195,2,148,311.294,1.3679,346.2661,0.0181,A
16,hotel2/memcached-reserve,303.1,7.1,79.27,0.0,0,1297,311.294,4.5111,346.2661,0.428,A
16,es-stress-d/elasticsearch-dynamic-0,1005.72,101370.82,1414.12,0.0273,6,195,311.294,165.4977,346.2661,1.49,A
16,es-stress-d2/elasticsearch-dynamic-0,1004.94,99976.47,1414.11,0.0273,6,143,311.294,163.4151,346.2661,1.5,A
16,es-stress-d3/elasticsearch-dynamic-0,1004.71,98981.96,1414.12,0.0273,6,592,311.294,161.9346,346.2661,1.49,A
16,es-stress-d4/elasticsearch-dynamic-0,1004.45,99942.27,1414.11,0.0273,6,243,311.294,163.357,346.2661,1.5,A
16,es-stress-d5/elasticsearch-dynamic-0,1006.28,100646.7,1414.11,0.0,0,121,311.294,164.4305,346.2661,1.48,A
16,hotel1/consul,23.9,25.7,212.87,0.0,0,1879,311.294,1.3679,346.2661,0.0436,A
16,hotel1/frontend,5835.21,101.41,1119.14,0.0,0,7501,1186.3606,86.7941,346.2661,14.7,A
16,hotel1/geo,754.18,18.43,1119.06,0.0,0,3487,551.505,11.2257,346.2661,1.56,A
16,hotel1/jaeger,0.36,14.83,81.01,0.0,0,0,311.294,1.3679,1.454,0.0,A
16,hotel1/memcached-profile,288.55,7.52,79.27,0.0,0,1877,311.294,4.2957,346.2661,0.552,A
16,hotel1/memcached-rate,175.74,7.45,79.27,0.0,0,2079,328.8153,2.6205,346.2661,0.352,A
16,hotel1/memcached-reserve,210.72,7.23,79.27,0.0,0,1155,311.294,3.1396,346.2661,0.443,A
16,hotel1/mongodb-geo,10.68,163.75,400.43,0.0,0,322,311.294,1.3679,346.2661,0.0145,A
16,hotel1/mongodb-profile,11.7,163.97,400.43,0.0,0,117,311.294,1.3679,346.2661,0.0181,A
16,hotel1/mongodb-rate,11.59,164.3,400.43,0.0195,1,167,311.294,1.3679,346.2661,0.0181,A
16,hotel2/mongodb-geo,11.57,163.68,400.43,0.0195,2,180,311.294,1.3679,346.2661,0.0181,A
16,hotel1/mongodb-reservation,4002.93,266.31,400.43,0.043,11,2745798,434276.2915,59.8326,346.2661,5.92,A
16,hotel1/mongodb-recommendation,11.93,163.56,400.43,0.0195,1,158,311.294,1.3679,346.2661,0.0181,A
16,hotel2/memcached-rate,224.18,7.5,79.27,0.0,0,1432,311.294,3.3399,346.2661,0.305,A
16,hotel2/memcached-profile,354.02,8.2,79.27,0.0,0,1621,311.294,5.2688,346.2661,0.465,A
16,hotel2/jaeger,0.36,14.6,81.01,0.0,0,0,311.294,1.3679,1.454,0.0,A
16,hotel2/frontend,9918.41,116.79,1119.14,0.0,0,568799,89961.4321,147.4459,346.2661,14.9,A
16,hotel2/consul,27.79,27.26,212.87,0.0,0,1635,311.294,1.3679,346.2661,0.0436,A
16,hotel2/geo,1019.62,20.32,1119.06,0.0,0,2393,378.4776,15.1699,346.2661,1.47,A
16,hotel1/search,1765.97,22.75,1119.06,0.0,0,4345,687.2066,26.2556,346.2661,3.99,A
16,hotel1/reservation,1335.99,112.23,1119.06,0.0,0,11142,1762.2223,20.004,346.2661,3.53,A
16,hotel1/recommendation,551.82,18.75,1119.06,0.0,0,3042,481.1237,8.2215,346.2661,1.01,A
16,hotel1/rate,994.07,25.92,1119.14,0.0,0,3783,598.3205,14.7988,346.2661,2.51,A
16,hotel1/profile,1662.72,27.98,1119.06,0.0,0,4607,728.6446,24.7303,346.2661,5.56,A
16,hotel1/mongodb-user,11.62,163.51,400.43,0.0195,1,162,311.294,1.3679,346.2661,0.0181,A
16,hotel1/user,26.83,15.76,1119.06,0.0,0,1035,311.294,1.3679,346.2661,0.0944,A
17,hotel2/search,2516.92,25.25,1119.06,0.0,0,7673,1241.8166,38.7422,332.283,3.86,A
17,hotel2/user,55.91,16.31,1119.06,0.0,0,977,311.294,1.3679,332.283,0.0915,A
17,hotel2/reservation,3991.9,46.1,1119.06,0.0,0,110790,17930.5178,61.4545,332.283,5.46,A
17,hotel2/mongodb-rate,11.46,164.41,400.43,0.0,0,368,311.294,1.3679,332.283,0.0146,A
17,hotel2/rate,1735.87,26.54,1119.14,0.0,0,3142,508.5088,26.7324,332.283,2.66,A
17,hotel2/profile,3975.04,41.17,1119.06,0.0,0,116791,18901.7339,61.1883,332.283,5.8,A
17,hotel2/mongodb-user,11.23,163.56,400.43,0.0,0,170,311.294,1.3679,332.283,0.0146,A
17,hotel2/mongodb-reservation,2178.61,226.11,400.43,0.0156,8,60335,9764.7603,33.8193,332.283,2.99,A
17,hotel2/mongodb-recommendation,11.35,163.48,400.43,0.0,0,318,311.294,1.3679,332.283,0.0183,A
17,hotel2/recommendation,610.23,20.52,1119.06,0.0,0,2189,354.273,9.4131,332.283,0.97,A
17,hotel2/mongodb-profile,11.21,164.14,400.43,0.0,0,172,311.294,1.3679,332.283,0.0183,A
17,hotel2/mongodb-geo,10.81,163.68,400.43,0.0,0,179,311.294,1.3679,332.283,0.0146,A
17,hotel2/memcached-rate,210.58,7.5,79.27,0.0,0,1745,311.294,3.2489,332.283,0.337,A
17,hotel2/memcached-reserve,291.73,7.41,79.27,0.0,0,1258,311.294,4.4968,332.283,0.443,A
17,es-stress-d/elasticsearch-dynamic-0,1008.32,106571.07,1414.12,0.0,0,263,311.294,164.0261,332.283,1.5,A
17,es-stress-d2/elasticsearch-dynamic-0,1008.61,105102.98,1414.11,0.0,0,157,311.294,161.9846,332.283,1.51,A
17,es-stress-d3/elasticsearch-dynamic-0,1008.1,104036.46,1414.12,0.0,0,458,311.294,160.4904,332.283,1.5,A
17,es-stress-d4/elasticsearch-dynamic-0,1009.27,105122.28,1414.11,0.0,0,258,311.294,162.0216,332.283,1.5,A
17,es-stress-d5/elasticsearch-dynamic-0,1006.42,105865.95,1414.11,0.0,0,142,311.294,163.0142,332.283,1.5,A
17,hotel1/consul,25.18,25.7,212.87,0.0,0,2391,386.9651,1.3679,332.283,0.0403,A
17,hotel1/frontend,4943.86,98.88,1119.14,0.0,0,5805,939.495,76.168,332.283,14.7,A
17,hotel1/jaeger,0.52,14.83,81.01,0.0,0,0,311.294,1.3679,1.454,0.0,A
17,hotel1/memcached-profile,264.15,7.77,79.27,0.0,0,2194,355.0822,4.0731,332.283,0.571,A
17,hotel1/memcached-rate,165.6,7.45,79.27,0.0,0,2210,357.6717,2.5571,332.283,0.37,A
17,hotel1/memcached-reserve,204.94,6.97,79.27,0.0,0,1704,311.294,3.1614,332.283,0.457,A
17,hotel1/mongodb-geo,11.65,163.73,400.43,0.0195,1,693,311.294,1.3679,332.283,0.0183,A
17,hotel1/mongodb-profile,11.72,164.39,400.43,0.0195,1,176,311.294,1.3679,332.283,0.0183,A
17,hotel1/geo,735.38,19.36,1119.06,0.0,0,3374,546.0562,11.3362,332.283,1.56,A
17,hotel1/mongodb-recommendation,11.27,163.56,400.43,0.0,0,318,311.294,1.3679,332.283,0.0183,A
17,hotel2/memcached-profile,333.64,7.74,79.27,0.0,0,1525,311.294,5.1417,332.283,0.483,A
17,hotel1/mongodb-rate,11.09,164.3,400.43,0.0,0,225,311.294,1.3679,332.283,0.0183,A
17,hotel2/jaeger,0.34,14.6,81.01,0.0,0,0,311.294,1.3679,1.454,0.0,A
17,hotel2/geo,962.85,19.6,1119.06,0.0,0,1843,311.294,14.8347,332.283,1.54,A
17,hotel2/frontend,9777.66,113.41,1119.14,0.0,0,694549,112407.4661,150.5258,332.283,14.6,A
17,hotel1/user,27.02,15.77,1119.06,0.0,0,1028,311.294,1.3679,332.283,0.0842,A
17,hotel1/search,1747.84,23.14,1119.06,0.0,0,5360,867.4752,26.9118,332.283,4.06,A
17,hotel2/consul,27.3,27.26,212.87,0.0,0,1996,323.0374,1.3679,332.283,0.0439,A
17,hotel1/recommendation,497.41,18.96,1119.06,0.0,0,3114,503.9772,7.6759,332.283,1.06,A
17,hotel1/rate,910.24,26.06,1119.14,0.0,0,3658,592.0194,14.0346,332.283,2.43,A
17,hotel1/profile,1497.07,28.36,1119.06,0.0,0,5023,812.9343,23.0625,332.283,5.46,A
17,hotel1/mongodb-user,11.32,163.51,400.43,0.0,0,203,311.294,1.3679,332.283,0.0146,A
17,hotel1/mongodb-reservation,4003.97,266.67,400.43,0.0156,8,2866586,463935.1129,61.9475,332.283,5.95,A
17,hotel1/reservation,1147.62,112.52,1119.06,0.0,0,4575,740.4289,17.8057,332.283,3.27,A
18,hotel2/user,67.05,15.82,1119.06,0.0,0,1370,311.294,1.3679,326.7682,0.0958,A
18,hotel2/search,2555.26,33.56,1119.06,0.0,0,3724,594.89,39.9581,326.7682,4.15,A
18,hotel2/mongodb-recommendation,11.64,163.48,400.43,0.0195,2,141,311.294,1.3679,326.7682,0.0192,A
18,hotel2/recommendation,625.72,18.17,1119.06,0.0,0,1759,311.294,9.7984,326.7682,1.03,A
18,hotel2/rate,1713.01,27.21,1119.14,0.0,0,3127,499.5223,26.7938,326.7682,2.82,A
18,hotel2/profile,4063.89,37.36,1119.06,0.0,0,127422,20355.016,63.5275,326.7682,6.5,A
18,hotel2/mongodb-user,11.75,163.56,400.43,0.0195,2,218,311.294,1.3679,326.7682,0.0192,A
18,hotel2/mongodb-reservation,3030.56,226.02,400.43,0.0508,8,243251,38858.1093,47.6456,326.7682,3.26,A
18,hotel2/reservation,3893.49,44.29,1119.06,0.0,0,98073,15666.6626,60.8755,326.7682,6.28,A
18,hotel2/mongodb-rate,12.37,164.41,400.43,0.0195,2,206,311.294,1.3679,326.7682,0.0153,A
18,hotel2/mongodb-profile,12.31,164.14,400.43,0.0273,4,230,311.294,1.3679,326.7682,0.0192,A
18,hotel1/mongodb-recommendation,11.98,163.56,400.43,0.0195,1,235,311.294,1.3679,326.7682,0.0192,A
18,hotel2/memcached-reserve,289.74,7.89,79.27,0.0,0,1198,311.294,4.5364,326.7682,0.479,A
18,es-stress-d2/elasticsearch-dynamic-0,1008.33,110231.48,1414.11,0.0,0,231,311.294,166.6549,326.7682,1.56,A
18,es-stress-d3/elasticsearch-dynamic-0,1008.52,109029.21,1414.12,0.0,0,603,311.294,165.012,326.7682,1.56,A
18,es-stress-d4/elasticsearch-dynamic-0,1007.61,110368.42,1414.11,0.0039,2,435,311.294,166.8311,326.7682,1.57,A
18,es-stress-d5/elasticsearch-dynamic-0,1010.37,111053.45,1414.11,0.0,0,138,311.294,167.812,326.7682,1.57,A
18,hotel1/consul,26.05,25.7,212.87,0.0,0,1891,311.294,1.3679,326.7682,0.0422,A
18,hotel1/frontend,4575.09,98.8,1119.14,0.0,0,6048,966.1372,71.5964,326.7682,14.0,A
18,hotel1/geo,732.01,18.7,1119.06,0.0,0,4110,656.5516,11.4593,326.7682,1.51,A
18,hotel1/jaeger,0.4,14.83,81.01,0.0,0,0,311.294,1.3679,1.454,0.0038,A
18,hotel1/memcached-profile,267.44,7.52,79.27,0.0,0,1692,311.294,4.1876,326.7682,0.552,A
18,hotel1/memcached-rate,168.29,7.45,79.27,0.0,0,2072,330.9915,2.6388,326.7682,0.341,A
18,hotel1/memcached-reserve,204.93,6.98,79.27,0.0,0,1319,311.294,3.2105,326.7682,0.456,A
18,hotel1/mongodb-geo,10.82,163.57,400.43,0.0,0,109,311.294,1.3679,326.7682,0.0192,A
18,hotel1/mongodb-profile,11.3,163.97,400.43,0.0,0,114,311.294,1.3679,326.7682,0.023,A
18,hotel1/mongodb-rate,12.21,164.3,400.43,0.0195,1,194,311.294,1.3679,326.7682,0.0153,A
18,es-stress-d/elasticsearch-dynamic-0,1008.78,111785.32,1414.12,0.0,0,195,311.294,168.7891,326.7682,1.57,A
18,hotel1/mongodb-reservation,4001.75,266.84,400.43,0.0312,3,2813016,449364.9902,62.8711,326.7682,6.27,A
18,hotel2/memcached-rate,216.14,7.52,79.27,0.0,0,1407,311.294,3.3863,326.7682,0.349,A
18,hotel2/memcached-profile,340.24,7.66,79.27,0.0,0,2351,375.5603,5.3249,326.7682,0.552,A
18,hotel2/jaeger,0.36,14.6,81.01,0.0,0,0,311.294,1.3679,1.454,0.0077,A
18,hotel2/geo,960.61,20.75,1119.06,0.0,0,1953,311.9818,15.0328,326.7682,1.62,A
18,hotel2/mongodb-geo,11.78,163.49,400.43,0.0273,4,156,311.294,1.3679,326.7682,0.0153,A
18,hotel2/consul,25.59,27.27,212.87,0.0,0,1957,312.6208,1.3679,326.7682,0.0422,A
18,hotel2/frontend,9903.18,117.61,1119.14,0.0,0,559734,89414.6579,154.8449,326.7682,15.3,A
18,hotel1/search,1703.51,23.82,1119.06,0.0,0,4574,730.6732,26.6408,326.7682,3.62,A
18,hotel1/reservation,1139.27,113.45,1119.06,0.0,0,5056,807.6703,17.9503,326.7682,2.66,A
18,hotel1/recommendation,515.44,17.58,1119.06,0.0,0,3355,535.9442,8.075,326.7682,1.04,A
18,hotel1/rate,919.7,27.08,1119.14,0.0,0,4493,717.7339,14.4024,326.7682,2.13,A
18,hotel1/profile,1551.07,29.72,1119.06,0.0,0,4352,695.2099,24.2678,326.7682,3.94,A
18,hotel1/mongodb-user,11.88,163.52,400.43,0.0195,1,177,311.294,1.3679,326.7682,0.0153,A
18,hotel1/user,25.46,15.77,1119.06,0.0,0,789,311.294,1.3679,326.7682,0.0728,A
19,hotel2/user,72.2,15.92,1119.06,0.0,0,1673,311.294,1.3679,336.2037,0.101,A
19,hotel2/mongodb-reservation,2520.22,225.89,400.43,0.0156,8,135120,22182.5402,40.3918,336.2037,4.39,A
19,hotel2/reservation,4016.19,47.22,1119.06,0.0,0,128160,21039.9227,63.9494,336.2037,6.86,A
19,hotel2/recommendation,632.92,18.31,1119.06,0.0,0,2548,418.3031,10.0925,336.2037,1.09,A
19,hotel2/rate,1704.14,27.79,1119.14,0.0,0,3306,542.7433,27.1452,336.2037,3.06,A
19,hotel2/profile,4052.7,39.87,1119.06,0.0,0,106766,17527.6872,64.5203,336.2037,6.67,A
19,hotel2/mongodb-user,10.57,163.56,400.43,0.0,0,190,311.294,1.3679,336.2037,0.0202,A
19,hotel2/search,2585.43,26.88,1119.06,0.0,0,3441,564.9062,41.1628,336.2037,4.65,A
19,hotel2/mongodb-recommendation,10.99,163.48,400.43,0.0,0,176,311.294,1.3679,336.2037,0.0202,A
19,hotel2/mongodb-rate,11.14,164.41,400.43,0.0,0,204,311.294,1.3679,336.2037,0.0202,A
19,hotel2/mongodb-profile,10.89,164.14,400.43,0.0,0,136,311.294,1.3679,336.2037,0.0202,A
19,es-stress-d/elasticsearch-dynamic-0,1006.41,116994.57,1414.12,0.0,0,157,311.294,172.544,336.2037,1.66,A
19,hotel2/mongodb-geo,10.42,163.49,400.43,0.0,0,118,311.294,1.3679,336.2037,0.0162,A
19,es-stress-d2/elasticsearch-dynamic-0,1006.5,115325.22,1414.11,0.0039,2,160,311.294,170.3119,336.2037,1.66,A
19,es-stress-d3/elasticsearch-dynamic-0,1005.63,114035.6,1414.12,0.0,0,618,311.294,168.5726,336.2037,1.65,A
19,es-stress-d4/elasticsearch-dynamic-0,1007.72,115724.23,1414.11,0.0,0,350,311.294,170.8652,336.2037,1.65,A
19,es-stress-d5/elasticsearch-dynamic-0,1004.54,116247.45,1414.11,0.0,0,150,311.294,171.5147,336.2037,1.65,A
19,hotel1/consul,24.82,25.7,212.87,0.0,0,1825,311.294,1.3679,336.2037,0.0363,A
19,hotel1/frontend,5081.93,100.59,1119.14,0.0,0,5942,975.4933,80.9737,336.2037,9.21,A
19,hotel1/geo,746.18,18.98,1119.06,0.0,0,3599,590.8449,11.895,336.2037,1.33,A
19,hotel1/memcached-profile,269.98,7.52,79.27,0.0,0,2721,446.7044,4.3047,336.2037,0.468,A
19,hotel1/memcached-rate,175.45,7.71,79.27,0.0,0,2197,360.6797,2.8012,336.2037,0.299,A
19,hotel1/memcached-reserve,210.49,7.0,79.27,0.0,0,1431,311.294,3.3577,336.2037,0.371,A
19,hotel1/mongodb-geo,11.85,163.57,400.43,0.0195,1,158,311.294,1.3679,336.2037,0.0202,A
19,hotel1/mongodb-profile,11.46,163.97,400.43,0.0195,1,191,311.294,1.3679,336.2037,0.0202,A
19,hotel1/mongodb-rate,10.54,164.3,400.43,0.0,0,186,311.294,1.3679,336.2037,0.0162,A
19,hotel1/mongodb-recommendation,10.87,163.75,400.43,0.0,0,302,311.294,1.3679,336.2037,0.0162,A
19,hotel1/jaeger,0.36,14.83,81.01,0.0,0,0,311.294,1.3679,1.454,0.0,A
19,hotel1/mongodb-user,11.28,163.52,400.43,0.0,0,209,311.294,1.3679,336.2037,0.0202,A
19,hotel1/mongodb-reservation,3999.6,266.94,400.43,0.0117,6,2745950,450800.3725,63.9795,336.2037,6.59,A
19,hotel2/memcached-rate,210.33,7.79,79.27,0.0,0,1800,311.294,3.3562,336.2037,0.384,A
19,hotel2/memcached-profile,347.75,8.42,79.27,0.0,0,1438,311.294,5.543,336.2037,0.598,A
19,hotel2/jaeger,0.35,14.6,81.01,0.0,0,0,311.294,1.3679,1.454,0.0,A
19,hotel2/geo,975.39,19.07,1119.06,0.0,0,2642,433.735,15.5412,336.2037,1.77,A
19,hotel2/frontend,9722.92,111.32,1119.14,0.0,0,646274,106098.2756,154.8131,336.2037,16.2,A
19,hotel2/consul,28.51,26.93,212.87,0.0,0,1396,311.294,1.3679,336.2037,0.0444,A
19,hotel2/memcached-reserve,295.99,7.14,79.27,0.0,0,1106,311.294,4.7179,336.2037,0.517,A
19,hotel1/search,1742.65,21.81,1119.06,0.0,0,5129,842.0237,27.7498,336.2037,3.09,A
19,hotel1/reservation,1171.16,115.08,1119.06,0.0,0,4476,734.8213,18.7838,336.2037,2.19,A
19,hotel1/recommendation,542.88,18.18,1119.06,0.0,0,2830,464.5988,8.66,336.2037,0.965,A
19,hotel1/rate,973.4,25.65,1119.14,0.0,0,3383,555.3844,15.5184,336.2037,1.74,A
19,hotel1/profile,1611.71,29.04,1119.06,0.0,0,4639,761.5808,25.6766,336.2037,2.93,A
19,hotel1/user,31.96,15.86,1119.06,0.0,0,1175,311.294,1.3679,336.2037,0.0606,A
20,hotel2/user,67.19,15.92,1119.06,0.0,0,1060,311.294,1.3679,346.2367,0.0907,A
20,hotel2/search,2609.79,26.95,1119.06,0.0,0,3420,536.8928,50.14,346.2367,3.75,A
20,hotel2/rate,1775.75,27.23,1119.14,0.0,0,2866,449.9224,34.1301,346.2367,2.55,A
20,hotel2/recommendation,662.27,19.43,1119.06,0.0,0,1937,311.294,12.7435,346.2367,0.931,A
20,hotel2/profile,4154.03,39.02,1119.06,0.0,0,111950,17574.6036,79.8022,346.2367,5.69,A
20,hotel2/mongodb-user,13.07,163.57,400.43,0.0312,8,127,311.294,1.3679,346.2367,0.0143,A
20,hotel2/mongodb-reservation,2285.69,226.39,400.43,0.1211,22,131617,20662.051,44.2319,346.2367,3.03,A
20,hotel2/mongodb-recommendation,11.83,163.48,400.43,0.0312,8,245,311.294,1.3679,346.2367,0.0191,A
20,hotel2/reservation,4206.31,41.77,1119.06,0.0,0,127193,19967.5441,80.8101,346.2367,5.91,A
20,hotel2/mongodb-rate,11.62,164.41,400.43,0.0273,6,184,311.294,1.3679,346.2367,0.0143,A
20,hotel2/mongodb-profile,12.14,164.14,400.43,0.0703,18,216,311.294,1.3679,346.2367,0.0143,A
20,es-stress-d/elasticsearch-dynamic-0,1011.23,122087.57,1414.12,0.0039,2,131,311.294,211.2228,346.2367,1.37,A
20,hotel2/memcached-reserve,296.89,7.11,79.27,0.0,0,1321,311.294,5.7103,346.2367,0.415,A
20,hotel2/mongodb-geo,12.55,163.49,400.43,0.0312,8,143,311.294,1.3679,346.2367,0.0191,A
20,es-stress-d2/elasticsearch-dynamic-0,1010.83,120374.97,1414.11,0.0,0,144,311.294,208.5245,346.2367,1.37,A
20,es-stress-d3/elasticsearch-dynamic-0,1011.2,119012.16,1414.12,0.0,0,1389,311.294,206.3905,346.2367,1.37,A
20,es-stress-d4/elasticsearch-dynamic-0,1010.66,120920.49,1414.11,0.0,0,199,311.294,209.3783,346.2367,1.36,A
20,es-stress-d5/elasticsearch-dynamic-0,1013.2,121378.68,1414.11,0.0,0,421,311.294,210.1469,346.2367,1.38,A
20,hotel1/consul,25.54,25.7,212.87,0.0,0,2310,362.6381,1.3679,346.2367,0.0382,A
20,hotel1/frontend,5183.49,97.01,1119.14,0.0,0,5315,834.3816,99.6549,346.2367,7.87,A
20,hotel1/geo,772.25,18.45,1119.06,0.0,0,3159,495.9194,14.8531,346.2367,1.04,A
20,hotel1/memcached-profile,284.97,7.52,79.27,0.0,0,1912,311.294,5.4821,346.2367,0.387,A
20,hotel1/memcached-rate,168.22,7.46,79.27,0.0,0,2586,405.9663,3.2409,346.2367,0.239,A
20,hotel1/memcached-reserve,222.44,6.98,79.27,0.0,0,1677,311.294,4.2809,346.2367,0.291,A
20,hotel1/mongodb-geo,11.5,163.57,400.43,0.0469,7,292,311.294,1.3679,346.2367,0.0191,A
20,hotel1/mongodb-profile,11.69,163.98,400.43,0.0469,9,302,311.294,1.3679,346.2367,0.0191,A
20,hotel1/mongodb-rate,12.08,164.31,400.43,0.0625,8,432,311.294,1.3679,346.2367,0.0143,A
20,hotel1/jaeger,0.34,14.83,81.01,0.0,0,0,311.294,1.3679,1.454,0.0,A
20,hotel1/mongodb-reservation,3996.83,266.59,400.43,0.0977,21,2840788,445964.4764,77.1421,346.2367,5.53,A
20,hotel2/memcached-rate,218.19,7.46,79.27,0.0,0,1435,311.294,4.2001,346.2367,0.315,A
20,hotel1/mongodb-recommendation,13.03,163.57,400.43,0.0664,8,356,311.294,1.3679,346.2367,0.0191,A
20,hotel2/memcached-profile,348.31,8.23,79.27,0.0,0,1873,311.294,6.6991,346.2367,0.492,A
20,hotel2/jaeger,0.42,14.6,81.01,0.0,0,0,311.294,1.3679,1.454,0.0,A
20,hotel2/geo,1029.16,18.12,1119.06,0.0,0,1944,311.294,19.7843,346.2367,1.41,A
20,hotel2/consul,26.12,26.93,212.87,0.0,0,1691,311.294,1.3679,346.2367,0.043,A
20,hotel1/user,27.23,15.86,1119.06,0.0,0,1005,311.294,1.3679,346.2367,0.0382,A
20,hotel2/frontend,9923.74,117.96,1119.14,0.0,0,572724,89909.757,190.6818,346.2367,13.5,A
20,hotel1/reservation,1241.75,114.87,1119.06,0.0,0,6153,965.936,24.0172,346.2367,1.82,A
20,hotel1/recommendation,542.6,17.6,1119.06,0.0,0,3834,601.885,10.4434,346.2367,0.73,A
20,hotel1/rate,980.51,28.16,1119.14,0.0,0,4002,628.2587,18.8661,346.2367,1.35,A
20,hotel1/profile,1678.61,29.89,1119.06,0.0,0,4577,718.5258,32.2696,346.2367,2.28,A
20,hotel1/mongodb-user,11.93,163.52,400.43,0.0703,10,181,311.294,1.3679,346.2367,0.0143,A
20,hotel1/search,1746.77,24.73,1119.06,0.0,0,4225,663.2666,33.5699,346.2367,2.41,A
21,hotel2/user,65.32,16.2,1119.06,0.0,0,1292,311.294,1.3679,349.6451,0.0809,A
21,hotel2/search,2737.21,31.11,1119.06,0.0,0,3437,545.0608,40.4059,349.6451,3.76,A
21,hotel2/mongodb-recommendation,11.26,163.48,400.43,0.0,0,239,311.294,1.3679,349.6451,0.0184,A
21,hotel2/recommendation,646.55,18.32,1119.06,0.0,0,2239,355.0745,9.5572,349.6451,0.897,A
21,hotel2/rate,1718.03,27.33,1119.14,0.0,0,3062,485.591,25.3703,349.6451,2.61,A
21,hotel2/profile,4149.2,38.68,1119.06,0.0,0,62143,9855.0235,61.2391,349.6451,5.9,A
21,hotel2/mongodb-user,10.67,163.57,400.43,0.0,0,175,311.294,1.3679,349.6451,0.0147,A
21,hotel2/mongodb-reservation,2545.85,226.39,400.43,0.0078,4,210274,33346.5588,37.8156,349.6451,3.82,A
21,hotel2/reservation,3992.79,45.0,1119.06,0.0,0,99026,15704.159,58.9399,349.6451,5.92,A
21,hotel2/mongodb-rate,11.06,164.41,400.43,0.0,0,111,311.294,1.3679,349.6451,0.0147,A
21,hotel2/mongodb-profile,10.87,164.14,400.43,0.0,0,135,311.294,1.3679,349.6451,0.0184,A
21,es-stress-d/elasticsearch-dynamic-0,1007.5,127123.03,1414.12,0.0,0,257,311.294,165.8482,349.6451,1.5,A
21,hotel2/memcached-reserve,279.69,7.68,79.27,0.0,0,1152,311.294,4.134,349.6451,0.43,A
21,es-stress-d2/elasticsearch-dynamic-0,1008.36,125358.22,1414.11,0.0,0,136,311.294,163.7648,349.6451,1.5,A
21,es-stress-d3/elasticsearch-dynamic-0,1007.92,124007.66,1414.12,0.0,0,1083,311.294,162.1542,349.6451,1.5,A
21,es-stress-d4/elasticsearch-dynamic-0,1007.51,126146.49,1414.11,0.0,0,307,311.294,164.6885,349.6451,1.5,A
21,es-stress-d5/elasticsearch-dynamic-0,1006.35,126525.64,1414.11,0.0156,6,1810,311.294,165.1217,349.6451,1.5,A
21,hotel1/consul,25.24,25.7,212.87,0.0,0,1418,311.294,1.3679,349.6451,0.0368,A
21,hotel1/frontend,5969.26,96.4,1119.14,0.0,0,9706,1539.2379,88.1503,349.6451,6.68,A
21,hotel1/geo,815.81,19.39,1119.06,0.0,0,3669,581.8528,12.0548,349.6451,1.06,A
21,hotel1/jaeger,1.61,14.83,81.01,0.0,0,47,311.294,1.3679,1.454,0.0,A
21,hotel1/memcached-profile,288.83,7.76,79.27,0.0,0,2057,326.2119,4.2689,349.6451,0.382,A
21,hotel1/memcached-rate,187.36,7.46,79.27,0.0,0,2124,336.8371,2.7721,349.6451,0.239,A
21,hotel1/memcached-reserve,240.94,6.98,79.27,0.0,0,1487,311.294,3.5617,349.6451,0.298,A
21,hotel1/mongodb-geo,11.7,163.74,400.43,0.0195,1,154,311.294,1.3679,349.6451,0.0184,A
21,hotel1/mongodb-profile,11.6,163.98,400.43,0.0195,1,167,311.294,1.3679,349.6451,0.0147,A
21,hotel1/mongodb-rate,11.06,164.5,400.43,0.0,0,120,311.294,1.3679,349.6451,0.0184,A
21,hotel2/mongodb-geo,10.82,163.49,400.43,0.0,0,245,311.294,1.3679,349.6451,0.0184,A
21,hotel1/mongodb-reservation,4009.47,266.71,400.43,0.0234,11,2844429,451087.2431,59.4492,349.6451,6.02,A
21,hotel2/memcached-rate,215.68,7.49,79.27,0.0,0,1745,311.294,3.1898,349.6451,0.316,A
21,hotel2/memcached-profile,342.99,8.45,79.27,0.0,0,1682,311.294,5.0685,349.6451,0.489,A
21,hotel2/jaeger,0.32,14.6,81.01,0.0,0,0,311.294,1.3679,1.454,0.0,A
21,hotel2/geo,1030.63,20.09,1119.06,0.0,0,2175,344.925,15.2238,349.6451,1.47,A
21,hotel1/mongodb-recommendation,11.02,163.57,400.43,0.0,0,150,311.294,1.3679,349.6451,0.0184,A
21,hotel2/consul,28.24,26.94,212.87,0.0,0,1646,311.294,1.3679,349.6451,0.0405,A
21,hotel2/frontend,9840.18,115.61,1119.14,0.0,0,617847,97982.0203,145.2622,349.6451,14.5,A
21,hotel1/search,1885.36,24.01,1119.06,0.0,0,4512,715.541,27.8342,349.6451,2.51,A
21,hotel1/reservation,1300.35,113.67,1119.06,0.0,0,4578,726.0077,19.3128,349.6451,1.66,A
21,hotel1/recommendation,577.0,17.15,1119.06,0.0,0,2577,408.6767,8.5301,349.6451,0.725,A
21,hotel1/rate,1060.59,25.17,1119.14,0.0,0,3774,598.5044,15.6717,349.6451,1.31,A
21,hotel1/profile,1768.57,29.51,1119.06,0.0,0,4729,749.9542,26.1183,349.6451,2.16,A
21,hotel1/mongodb-user,11.23,163.52,400.43,0.0,0,125,311.294,1.3679,349.6451,0.0147,A
21,hotel1/user,31.93,15.86,1119.06,0.0,0,1391,311.294,1.3679,349.6451,0.0405,A
22,hotel2/user,64.68,16.52,1119.06,0.0,0,1026,311.294,1.3679,339.2637,0.0935,A
22,hotel2/search,2570.49,24.48,1119.06,0.0,0,3880,614.8735,39.1217,339.2637,3.54,A
22,hotel2/mongodb-recommendation,11.39,163.48,400.43,0.0195,2,194,311.294,1.3679,339.2637,0.0134,A
22,hotel2/recommendation,630.67,18.66,1119.06,0.0,0,2010,318.5299,9.6126,339.2637,0.838,A
22,hotel2/rate,1674.7,26.88,1119.14,0.0,0,3166,501.7241,25.5004,339.2637,2.37,A
22,hotel2/profile,4152.78,36.96,1119.06,0.0,0,140406,22250.4987,63.2006,339.2637,5.37,A
22,hotel2/mongodb-user,11.67,163.57,400.43,0.0195,2,136,311.294,1.3679,339.2637,0.0134,A
22,hotel2/mongodb-reservation,2554.9,226.19,400.43,0.0391,6,110087,17445.7691,39.1097,339.2637,4.26,A
22,hotel2/reservation,3978.46,41.41,1119.06,0.0,0,89954,14255.2409,60.5543,339.2637,5.31,A
22,hotel2/mongodb-rate,11.67,164.41,400.43,0.0195,2,142,311.294,1.3679,339.2637,0.0167,A
22,hotel2/mongodb-profile,11.99,164.14,400.43,0.0195,2,116,311.294,1.3679,339.2637,0.0167,A
22,hotel2/memcached-reserve,282.19,7.07,79.27,0.0,0,1774,311.294,4.2997,339.2637,0.391,A
22,hotel2/mongodb-geo,12.19,163.49,400.43,0.0195,2,205,311.294,1.3679,339.2637,0.0167,A
22,es-stress-d/elasticsearch-dynamic-0,1011.09,132398.18,1414.12,0.0156,6,485,311.294,163.1485,339.2637,1.37,A
22,es-stress-d2/elasticsearch-dynamic-0,1006.69,130464.22,1414.11,0.0156,6,220,311.294,160.9231,339.2637,1.37,A
22,es-stress-d3/elasticsearch-dynamic-0,1005.32,129271.5,1414.12,0.0156,6,583,311.294,159.571,339.2637,1.37,A
22,es-stress-d4/elasticsearch-dynamic-0,1005.04,131284.15,1414.11,0.0195,8,527,311.294,161.8131,339.2637,1.36,A
22,es-stress-d5/elasticsearch-dynamic-0,1008.66,131783.48,1414.11,0.0,0,680,311.294,162.4255,339.2637,1.38,A
22,hotel1/consul,24.69,25.7,212.87,0.0,0,3325,526.9213,1.3679,339.2637,0.0367,A
22,hotel1/frontend,4528.2,97.98,1119.14,0.0,0,5524,875.4024,68.9784,339.2637,6.74,A
22,hotel1/jaeger,0.36,14.83,81.01,0.0,0,0,311.294,1.3679,1.454,0.0,A
22,hotel1/memcached-profile,245.52,8.02,79.27,0.0,0,2164,342.9346,3.743,339.2637,0.381,A
22,hotel1/memcached-rate,166.25,7.45,79.27,0.0,0,2070,328.0382,2.5368,339.2637,0.241,A
22,hotel1/memcached-reserve,206.15,6.98,79.27,0.0,0,1366,311.294,3.1431,339.2637,0.294,A
22,hotel1/mongodb-geo,10.48,163.57,400.43,0.0,0,139,311.294,1.3679,339.2637,0.01,A
22,hotel1/mongodb-profile,10.91,163.98,400.43,0.0,0,350,311.294,1.3679,339.2637,0.0167,A
22,hotel1/mongodb-rate,11.98,164.31,400.43,0.0195,1,226,311.294,1.3679,339.2637,0.0134,A
22,hotel1/geo,724.51,19.63,1119.06,0.0,0,3705,587.1408,11.0409,339.2637,1.02,A
22,hotel1/mongodb-reservation,3995.55,266.99,400.43,0.0469,9,2804874,444495.5719,61.066,339.2637,5.46,A
22,hotel1/mongodb-recommendation,11.87,163.57,400.43,0.0195,1,217,311.294,1.3679,339.2637,0.0167,A
22,hotel2/memcached-profile,354.32,7.65,79.27,0.0,0,1791,311.294,5.3974,339.2637,0.468,A
22,hotel2/jaeger,0.34,14.6,81.01,0.0,0,0,311.294,1.3679,1.454,0.0,A
22,hotel2/geo,1004.29,20.03,1119.06,0.0,0,2333,369.7165,15.2965,339.2637,1.3,A
22,hotel2/frontend,9881.15,124.89,1119.14,0.0,0,586681,92972.8418,150.421,339.2637,13.4,A
22,hotel2/consul,25.47,26.94,212.87,0.0,0,1832,311.294,1.3679,339.2637,0.0401,A
22,hotel1/user,26.88,16.11,1119.06,0.0,0,1061,311.294,1.3679,339.2637,0.0334,A
22,hotel2/memcached-rate,209.66,7.46,79.27,0.0,0,1546,311.294,3.197,339.2637,0.294,A
22,hotel1/reservation,1171.07,112.32,1119.06,0.0,0,4380,694.1098,17.9361,339.2637,1.61,A
22,hotel1/recommendation,521.35,18.41,1119.06,0.0,0,3421,542.1346,7.9497,339.2637,0.728,A
22,hotel1/rate,924.59,26.23,1119.14,0.0,0,4040,640.2292,14.0913,339.2637,1.31,A
22,hotel1/profile,1539.06,32.5,1119.06,0.0,0,4501,713.285,23.4437,339.2637,2.17,A
22,hotel1/mongodb-user,11.74,163.53,400.43,0.0195,1,242,311.294,1.3679,339.2637,0.0134,A
22,hotel1/search,1685.02,23.7,1119.06,0.0,0,4785,758.2912,25.6538,339.2637,2.38,A
23,hotel2/user,64.21,16.36,1119.06,0.0,0,1113,311.294,1.3679,349.2789,0.119,A
23,hotel2/search,2780.99,30.64,1119.06,0.0,0,4498,720.6807,47.0235,349.2789,4.0,A
23,hotel2/rate,1918.67,28.65,1119.14,0.0,0,3354,537.3862,32.4518,349.2789,2.61,A
23,hotel2/recommendation,644.1,18.8,1119.06,0.0,0,2471,395.9097,10.9053,349.2789,0.977,A
23,hotel2/profile,4272.13,37.44,1119.06,0.0,0,116052,18594.1379,72.2253,349.2789,6.06,A
23,hotel2/mongodb-user,10.7,163.57,400.43,0.0,0,156,311.294,1.3679,349.2789,0.0149,A
23,hotel2/mongodb-reservation,1980.26,226.24,400.43,0.0039,2,57705,9245.6375,33.734,349.2789,3.54,A
23,hotel2/mongodb-recommendation,10.94,163.48,400.43,0.0,0,224,311.294,1.3679,349.2789,0.0186,A
23,hotel2/reservation,4047.02,46.56,1119.06,0.0,0,105044,16830.409,68.4331,349.2789,6.29,A
23,hotel2/mongodb-rate,11.51,164.41,400.43,0.0,0,187,311.294,1.3679,349.2789,0.0149,A
23,hotel2/mongodb-profile,10.94,164.14,400.43,0.0,0,201,311.294,1.3679,349.2789,0.0149,A
23,es-stress-d/elasticsearch-dynamic-0,1008.28,137710.39,1414.12,0.0,0,370,311.294,185.388,349.2789,1.52,A
23,hotel2/memcached-reserve,294.78,7.16,79.27,0.0,0,1151,311.294,4.9892,349.2789,0.446,A
23,es-stress-d2/elasticsearch-dynamic-0,1008.6,135538.98,1414.11,0.0,0,137,311.294,182.7388,349.2789,1.53,A
23,es-stress-d3/elasticsearch-dynamic-0,1008.39,134563.17,1414.12,0.0,0,627,311.294,181.5423,349.2789,1.52,A
23,es-stress-d4/elasticsearch-dynamic-0,1007.97,136404.84,1414.11,0.0,0,1259,311.294,183.7867,349.2789,1.54,A
23,es-stress-d5/elasticsearch-dynamic-0,1007.2,136984.48,1414.11,0.0,0,130,311.294,184.4823,349.2789,1.52,A
23,hotel1/consul,24.38,25.7,212.87,0.0,0,1960,314.036,1.3679,349.2789,0.0409,A
23,hotel1/frontend,5030.32,96.22,1119.14,0.0,0,5884,942.749,85.1071,349.2789,7.63,A
23,hotel1/geo,777.25,19.56,1119.06,0.0,0,2944,471.6949,13.1559,349.2789,1.13,A
23,hotel1/jaeger,0.34,14.83,81.01,0.0,0,0,311.294,1.3679,1.454,0.0037,A
23,hotel1/memcached-profile,277.11,7.51,79.27,0.0,0,2080,333.2627,4.6911,349.2789,0.412,A
23,hotel1/memcached-rate,173.11,7.45,79.27,0.0,0,2076,332.6218,2.9339,349.2789,0.26,A
23,hotel1/memcached-reserve,231.27,6.98,79.27,0.0,0,1905,311.294,3.9159,349.2789,0.32,A
23,hotel1/mongodb-geo,11.73,163.57,400.43,0.0234,1,203,311.294,1.3679,349.2789,0.0186,A
23,hotel1/mongodb-profile,11.53,164.15,400.43,0.0234,1,165,311.294,1.3679,349.2789,0.0186,A
23,hotel1/mongodb-rate,11.05,164.31,400.43,0.0,0,134,311.294,1.3679,349.2789,0.0186,A
23,hotel2/mongodb-geo,10.98,163.49,400.43,0.0,0,178,311.294,1.3679,349.2789,0.0149,A
23,hotel1/mongodb-reservation,4003.62,267.25,400.43,0.0117,6,2880685,461550.4618,67.9697,349.2789,6.09,A
23,hotel2/memcached-rate,225.03,8.01,79.27,0.0,0,1735,311.294,3.8118,349.2789,0.327,A
23,hotel2/memcached-profile,355.74,8.45,79.27,0.0,0,1624,311.294,6.0207,349.2789,0.542,A
23,hotel2/jaeger,0.34,14.6,81.01,0.0,0,0,311.294,1.3679,1.454,0.0,A
23,hotel1/mongodb-recommendation,11.2,163.57,400.43,0.0,0,118,311.294,1.3679,349.2789,0.0186,A
23,hotel2/frontend,9837.94,118.7,1119.14,0.0,0,612667,98163.0191,166.3615,349.2789,14.8,A
23,hotel2/consul,26.47,26.94,212.87,0.0,0,1665,311.294,1.3679,349.2789,0.0409,A
23,hotel2/geo,1079.81,20.6,1119.06,0.0,0,2446,391.9042,18.2691,349.2789,1.52,A
23,hotel1/search,1796.53,23.47,1119.06,0.0,0,5907,946.4341,30.3819,349.2789,2.63,A
23,hotel1/reservation,1229.61,112.42,1119.06,0.0,0,4358,698.2495,20.9122,349.2789,1.76,A
23,hotel1/recommendation,559.7,18.5,1119.06,0.0,0,2932,469.7723,9.479,349.2789,0.814,A
23,hotel1/rate,1002.27,26.36,1119.14,0.0,0,3373,540.4304,16.966,349.2789,1.48,A
23,hotel1/profile,1687.84,28.22,1119.06,0.0,0,4813,771.1507,28.5513,349.2789,2.44,A
23,hotel1/mongodb-user,11.24,163.53,400.43,0.0,0,210,311.294,1.3679,349.2789,0.0186,A
23,hotel1/user,28.07,15.86,1119.06,0.0,0,781,311.294,1.3679,349.2789,0.052,A
24,hotel2/user,64.62,16.48,1119.06,0.0,0,1516,311.294,1.3679,292.1342,0.0948,A
24,hotel2/search,2538.51,27.36,1119.06,0.0,0,4315,688.4427,31.2153,292.1342,3.71,A
24,hotel2/mongodb-recommendation,11.26,163.68,400.43,0.0234,2,163,311.294,1.3679,292.1342,0.0169,A
24,hotel2/rate,1771.77,28.86,1119.14,0.0,0,3502,558.7315,21.7944,292.1342,2.55,A
24,hotel2/profile,4098.26,39.25,1119.06,0.0,0,147531,23538.0407,50.3913,292.1342,5.84,A
24,hotel2/mongodb-user,11.99,163.57,400.43,0.0234,2,358,311.294,1.3679,292.1342,0.0169,A
24,hotel2/mongodb-reservation,2379.86,226.58,400.43,0.043,8,102952,16425.6215,29.4179,292.1342,3.45,A
24,hotel2/reservation,3877.12,43.6,1119.06,0.0,0,104612,16690.4685,47.6772,292.1342,5.59,A
24,hotel2/mongodb-rate,11.81,164.42,400.43,0.0234,2,209,311.294,1.3679,292.1342,0.0169,A
24,hotel2/mongodb-profile,12.24,164.34,400.43,0.0234,2,128,311.294,1.3679,292.1342,0.0169,A
24,hotel2/recommendation,619.92,19.12,1119.06,0.0,0,2005,319.8905,7.6325,292.1342,0.921,A
24,hotel2/memcached-reserve,286.25,7.13,79.27,0.0,0,1620,311.294,3.523,292.1342,0.413,A
24,es-stress-d/elasticsearch-dynamic-0,1007.02,142983.16,1414.12,0.0,0,681,311.294,121.6234,292.1342,1.39,A
24,es-stress-d2/elasticsearch-dynamic-0,1007.16,140579.73,1414.11,0.0,0,156,311.294,119.7887,292.1342,1.39,A
24,es-stress-d3/elasticsearch-dynamic-0,1006.63,139803.57,1414.12,0.0,0,509,311.294,119.1892,292.1342,1.39,A
24,es-stress-d4/elasticsearch-dynamic-0,1006.82,141511.24,1414.11,0.0,0,227,311.294,120.4963,292.1342,1.39,A
24,es-stress-d5/elasticsearch-dynamic-0,1008.33,142163.53,1414.11,0.0,0,150,311.294,121.0132,292.1342,1.39,A
24,hotel1/consul,25.16,25.7,212.87,0.0,0,2403,383.39,1.3679,292.1342,0.0373,A
24,hotel1/frontend,2995.52,96.62,1119.14,0.0,0,6222,992.6977,36.8842,292.1342,7.78,A
24,hotel1/geo,516.08,18.14,1119.06,0.0,0,4234,675.5195,6.3557,292.1342,1.07,A
24,hotel1/jaeger,0.39,14.83,81.01,0.0,0,0,311.294,1.3679,1.454,0.0,A
24,hotel1/memcached-profile,167.94,7.5,79.27,0.0,0,2597,414.342,2.0695,292.1342,0.4,A
24,hotel1/memcached-rate,114.96,7.44,79.27,0.0,0,2256,359.9367,1.4184,292.1342,0.234,A
24,hotel1/memcached-reserve,124.43,6.98,79.27,0.0,0,1526,311.294,1.5344,292.1342,0.322,A
24,hotel1/mongodb-geo,10.55,163.57,400.43,0.0,0,165,311.294,1.3679,292.1342,0.0169,A
24,hotel1/mongodb-profile,11.16,163.99,400.43,0.0,0,339,311.294,1.3679,292.1342,0.0135,A
24,hotel1/mongodb-rate,11.93,164.32,400.43,0.0234,1,153,311.294,1.3679,292.1342,0.0135,A
24,hotel2/mongodb-geo,12.09,163.68,400.43,0.0234,2,268,311.294,1.3679,292.1342,0.0169,A
24,hotel1/mongodb-reservation,3998.13,267.64,400.43,0.0469,9,2982790,475893.4211,49.3354,292.1342,5.55,A
24,hotel2/memcached-rate,213.56,7.49,79.27,0.0,0,1947,311.294,2.63,292.1342,0.308,A
24,hotel2/memcached-profile,341.63,8.45,79.27,0.0,0,2174,346.8539,4.2046,292.1342,0.474,A
24,hotel2/jaeger,0.32,14.6,81.01,0.0,0,0,311.294,1.3679,1.454,0.0,A
24,hotel2/geo,1011.81,21.0,1119.06,0.0,0,2116,337.6002,12.4496,292.1342,1.43,A
24,hotel1/mongodb-recommendation,11.88,163.57,400.43,0.0234,1,220,311.294,1.3679,292.1342,0.0203,A
24,hotel2/consul,26.42,26.94,212.87,0.0,0,2152,343.3439,1.3679,292.1342,0.0373,A
24,hotel2/frontend,9842.53,105.72,1119.14,0.0,0,646138,103088.995,121.0304,292.1342,13.7,A
24,hotel1/search,1189.83,22.47,1119.06,0.0,0,5409,862.9865,14.6384,292.1342,2.45,A
24,hotel1/reservation,772.42,112.16,1119.06,0.0,0,4149,661.958,9.5776,292.1342,1.73,A
24,hotel1/recommendation,343.26,17.64,1119.06,0.0,0,3876,618.4019,4.2316,292.1342,0.755,A
24,hotel1/rate,629.73,24.15,1119.14,0.0,0,5112,815.6012,7.7569,292.1342,1.35,A
24,hotel1/profile,1020.08,27.13,1119.06,0.0,0,5184,827.0886,12.5559,292.1342,2.41,A
24,hotel1/mongodb-user,11.76,163.53,400.43,0.0234,1,150,311.294,1.3679,292.1342,0.0203,A
24,hotel1/user,18.99,15.91,1119.06,0.0,0,1053,311.294,1.3679,292.1342,0.0373,A
25,hotel2/user,70.21,16.56,1119.06,0.0,0,1097,311.294,1.3679,312.436,0.0973,A
25,hotel2/search,2742.56,30.62,1119.06,0.0,0,3657,585.003,34.3392,312.436,3.8,A
25,hotel2/mongodb-recommendation,10.98,163.49,400.43,0.0,0,245,311.294,1.3679,312.436,0.018,A
25,hotel2/recommendation,647.5,19.75,1119.06,0.0,0,2537,405.8389,8.117,312.436,0.922,A
25,hotel2/rate,1888.03,29.11,1119.14,0.0,0,3387,541.8117,23.646,312.436,2.47,A
25,hotel2/profile,4101.2,43.18,1119.06,0.0,0,95636,15298.7014,51.3484,312.436,6.11,A
25,hotel2/mongodb-user,10.31,163.57,400.43,0.0,0,120,311.294,1.3679,312.436,0.0144,A
25,hotel2/mongodb-reservation,2404.43,226.03,400.43,0.0156,8,59322,9489.6228,30.2609,312.436,3.95,A
25,hotel2/reservation,4408.42,54.32,1119.06,0.0,0,188290,30120.3781,55.2011,312.436,6.05,A
25,hotel2/mongodb-rate,10.83,164.42,400.43,0.0,0,233,311.294,1.3679,312.436,0.0144,A
25,hotel2/mongodb-profile,10.6,164.15,400.43,0.0,0,208,311.294,1.3679,312.436,0.0108,A
25,hotel2/memcached-reserve,296.82,8.18,79.27,0.0,0,1309,311.294,3.7202,312.436,0.411,A
25,es-stress-d/elasticsearch-dynamic-0,1007.23,148214.83,1414.12,0.0,0,645,311.294,128.2755,312.436,1.48,A
25,es-stress-d2/elasticsearch-dynamic-0,1008.86,145588.63,1414.11,0.0039,1,134,311.294,126.2463,312.436,1.47,A
25,es-stress-d3/elasticsearch-dynamic-0,1007.52,145043.23,1414.12,0.0,0,1068,311.294,125.8039,312.436,1.48,A
25,es-stress-d4/elasticsearch-dynamic-0,1008.09,146718.41,1414.11,0.0039,1,640,311.294,127.1184,312.436,1.48,A
25,es-stress-d5/elasticsearch-dynamic-0,1005.32,147318.28,1414.11,0.0,0,155,311.294,127.5519,312.436,1.47,A
25,hotel1/consul,24.64,25.7,212.87,0.0,0,2667,426.6347,1.3679,312.436,0.0324,A
25,hotel1/frontend,3209.47,94.82,1119.14,0.0,0,7452,1192.0817,40.2313,312.436,8.03,A
25,hotel1/geo,563.48,18.45,1119.06,0.0,0,3463,553.9692,7.0647,312.436,1.18,A
25,hotel1/jaeger,0.34,14.83,81.01,0.0,0,0,311.294,1.3679,1.454,0.0036,A
25,hotel1/memcached-profile,189.78,8.24,79.27,0.0,0,2414,386.1628,2.381,312.436,0.407,A
25,hotel1/memcached-rate,118.58,7.45,79.27,0.0,0,2096,335.293,1.4895,312.436,0.27,A
25,hotel1/memcached-reserve,137.06,6.98,79.27,0.0,0,1956,312.8974,1.7204,312.436,0.346,A
25,hotel1/mongodb-geo,11.71,163.57,400.43,0.0234,1,232,311.294,1.3679,312.436,0.018,A
25,hotel1/mongodb-profile,11.39,163.99,400.43,0.0234,1,216,311.294,1.3679,312.436,0.018,A
25,hotel1/mongodb-rate,10.44,164.32,400.43,0.0,0,159,311.294,1.3679,312.436,0.018,A
25,hotel2/mongodb-geo,10.8,163.5,400.43,0.0,0,336,311.294,1.3679,312.436,0.0144,A
25,hotel1/mongodb-reservation,3998.28,267.78,400.43,0.0195,9,2881894,461010.8716,50.236,312.436,5.9,A
25,hotel1/mongodb-recommendation,10.45,163.57,400.43,0.0,0,185,311.294,1.3679,312.436,0.018,A
25,hotel2/memcached-rate,227.58,7.49,79.27,0.0,0,2227,356.2488,2.8534,312.436,0.313,A
25,hotel2/memcached-profile,353.18,7.68,79.27,0.0,0,1678,311.294,4.425,312.436,0.504,A
25,hotel2/jaeger,1.39,14.6,81.01,0.0,0,19,311.294,1.3679,1.454,0.0,A
25,hotel2/frontend,9896.06,114.92,1119.14,0.0,0,663805,106187.5703,123.9105,312.436,14.5,A
25,hotel2/consul,25.47,26.94,212.87,0.0,0,1803,311.294,1.3679,312.436,0.0432,A
25,hotel2/geo,1061.1,20.52,1119.06,0.0,0,2570,411.1178,13.2926,312.436,1.48,A
25,hotel1/search,1292.99,25.17,1119.06,0.0,0,6236,997.5606,16.1977,312.436,2.69,A
25,hotel1/reservation,835.95,112.23,1119.06,0.0,0,4992,798.5603,10.5471,312.436,1.85,A
25,hotel1/recommendation,398.88,17.31,1119.06,0.0,0,2767,442.6315,5.0043,312.436,0.829,A
25,hotel1/rate,693.59,25.83,1119.14,0.0,0,4075,651.8697,8.6984,312.436,1.51,A
25,hotel1/profile,1146.43,28.29,1119.06,0.0,0,5945,951.0099,14.3664,312.436,2.54,A
25,hotel1/mongodb-user,10.89,163.53,400.43,0.0,0,208,311.294,1.3679,312.436,0.0144,A
25,hotel1/user,17.15,15.93,1119.06,0.0,0,1228,311.294,1.3679,312.436,0.0468,A
26,hotel2/search,2660.86,31.03,1119.06,0.0,0,3565,554.482,34.0428,310.0546,4.02,A
26,hotel2/user,70.6,15.91,1119.06,0.0,0,1365,311.294,1.3679,310.0546,0.0948,A
26,hotel2/reservation,4154.59,46.37,1119.06,0.0,0,152395,23702.7431,53.1519,310.0546,5.91,A
26,hotel2/mongodb-rate,11.01,164.61,400.43,0.0234,2,209,311.294,1.3679,310.0546,0.0182,A
26,hotel2/rate,1815.27,27.08,1119.14,0.0,0,2743,426.6323,23.229,310.0546,2.69,A
26,hotel2/profile,4180.28,39.47,1119.06,0.0,0,121315,18868.718,53.475,310.0546,6.26,A
26,hotel2/mongodb-user,12.01,163.57,400.43,0.0352,4,187,311.294,1.3679,310.0546,0.0182,A
26,hotel2/mongodb-reservation,2562.24,226.16,400.43,0.0469,8,107645,16742.5557,32.933,310.0546,3.48,A
26,hotel2/mongodb-recommendation,11.05,163.49,400.43,0.0234,2,160,311.294,1.3679,310.0546,0.0219,A
26,hotel2/recommendation,622.36,19.31,1119.06,0.0,0,2431,378.1054,7.9717,310.0546,0.941,A
26,hotel2/mongodb-profile,11.5,164.15,400.43,0.0234,2,171,311.294,1.3679,310.0546,0.0146,A
26,hotel2/mongodb-geo,11.39,163.5,400.43,0.0234,2,201,311.294,1.3679,310.0546,0.0182,A
26,hotel2/memcached-rate,220.3,8.2,79.27,0.0,0,1955,311.294,2.8229,310.0546,0.321,A
26,hotel2/memcached-reserve,303.27,7.07,79.27,0.0,0,1659,311.294,3.8827,310.0546,0.437,A
26,es-stress-d/elasticsearch-dynamic-0,1010.07,153448.7,1414.12,0.0039,1,1889,311.294,131.634,310.0546,1.5,A
26,es-stress-d2/elasticsearch-dynamic-0,1009.45,150626.89,1414.11,0.0,0,175,311.294,129.4429,310.0546,1.49,A
26,es-stress-d3/elasticsearch-dynamic-0,1009.77,150329.54,1414.12,0.0039,1,480,311.294,129.217,310.0546,1.49,A
26,es-stress-d4/elasticsearch-dynamic-0,1007.37,151884.77,1414.11,0.0078,4,548,311.294,130.3895,310.0546,1.49,A
26,es-stress-d5/elasticsearch-dynamic-0,1012.18,152497.19,1414.11,0.0039,1,190,311.294,130.9249,310.0546,1.49,A
26,hotel1/consul,24.45,25.7,212.87,0.0,0,2476,385.1044,1.3679,310.0546,0.0365,A
26,hotel1/frontend,3365.75,97.18,1119.14,0.0,0,5089,791.5172,43.106,310.0546,6.52,A
26,hotel1/jaeger,0.36,14.83,81.01,0.0,0,0,311.294,1.3679,1.454,0.0,A
26,hotel1/memcached-profile,191.37,7.51,79.27,0.0,0,2408,374.5281,2.4525,310.0546,0.365,A
26,hotel1/memcached-rate,121.39,7.44,79.27,0.0,0,3343,519.9532,1.5577,310.0546,0.241,A
26,hotel1/memcached-reserve,148.2,6.98,79.27,0.0,0,1230,311.294,1.9001,310.0546,0.303,A
26,hotel1/mongodb-geo,10.63,163.57,400.43,0.0,0,150,311.294,1.3679,310.0546,0.0146,A
26,hotel1/mongodb-profile,10.8,163.99,400.43,0.0,0,254,311.294,1.3679,310.0546,0.0109,A
26,hotel1/geo,580.63,19.03,1119.06,0.0,0,4820,749.6783,7.438,310.0546,1.08,A
26,hotel1/mongodb-recommendation,11.6,163.57,400.43,0.0234,1,205,311.294,1.3679,310.0546,0.0182,A
26,hotel2/memcached-profile,345.0,7.92,79.27,0.0,0,1748,311.294,4.4169,310.0546,0.54,A
26,hotel1/mongodb-rate,11.49,164.5,400.43,0.0234,1,148,311.294,1.3679,310.0546,0.0146,A
26,hotel2/jaeger,0.34,14.6,81.01,0.0,0,0,311.294,1.3679,1.454,0.0,A
26,hotel2/geo,1025.95,18.87,1119.06,0.0,0,2291,356.3305,13.1313,310.0546,1.51,A
26,hotel2/frontend,9911.86,111.93,1119.14,0.0,0,577857,89876.9384,126.8087,310.0546,14.6,A
26,hotel1/user,17.32,15.92,1119.06,0.0,0,1351,311.294,1.3679,310.0546,0.0365,A
26,hotel1/search,1370.2,21.8,1119.06,0.0,0,5347,831.6452,17.5347,310.0546,2.55,A
26,hotel2/consul,26.31,26.95,212.87,0.0,0,2314,359.9078,1.3679,310.0546,0.0401,A
26,hotel1/recommendation,420.88,18.08,1119.06,0.0,0,3364,523.2194,5.3949,310.0546,0.777,A
26,hotel1/rate,721.17,25.16,1119.14,0.0,0,4120,640.8038,9.2396,310.0546,1.4,A
26,hotel1/profile,1173.64,28.44,1119.06,0.0,0,4927,766.3205,15.0269,310.0546,2.29,A
26,hotel1/mongodb-user,11.23,163.53,400.43,0.0234,1,223,311.294,1.3679,310.0546,0.0182,A
26,hotel1/mongodb-reservation,4001.23,267.71,400.43,0.0547,11,2850984,443427.5494,51.3624,310.0546,5.99,A
26,hotel1/reservation,896.78,112.44,1119.06,0.0,0,4440,690.575,11.5522,310.0546,1.78,A
27,hotel2/user,66.64,16.09,1119.06,0.0,0,2114,352.5732,1.3679,306.4003,0.0987,A
27,hotel2/search,2710.23,28.38,1119.06,0.0,0,3848,641.77,31.4126,306.4003,3.92,A
27,hotel2/mongodb-recommendation,11.03,163.49,400.43,0.0,0,1632,311.294,1.3679,306.4003,0.0183,A
27,hotel2/recommendation,644.72,20.84,1119.06,0.0,0,2486,414.6154,7.4821,306.4003,0.95,A
27,hotel2/rate,1808.94,28.41,1119.14,0.0,0,3906,651.4432,20.9727,306.4003,2.71,A
27,hotel2/profile,4151.7,42.0,1119.06,0.0,0,104234,17384.1608,48.1187,306.4003,6.34,A
27,hotel2/mongodb-user,11.31,163.76,400.43,0.0,0,282,311.294,1.3679,306.4003,0.0183,A
27,hotel2/mongodb-reservation,2642.5,227.08,400.43,0.0117,6,91297,15226.5262,30.7631,306.4003,3.09,A
27,hotel2/reservation,4339.74,50.04,1119.06,0.0,0,98332,16399.8244,50.3023,306.4003,5.82,A
27,hotel2/mongodb-rate,11.23,164.42,400.43,0.0,0,184,311.294,1.3679,306.4003,0.0183,A
27,hotel2/mongodb-profile,10.9,164.15,400.43,0.0,0,182,311.294,1.3679,306.4003,0.0183,A
27,es-stress-d/elasticsearch-dynamic-0,1006.36,158689.95,1414.12,0.0,0,125,311.294,119.5306,306.4003,1.5,A
27,hotel2/memcached-reserve,311.64,8.19,79.27,0.0,0,1171,311.294,3.6154,306.4003,0.427,A
27,es-stress-d2/elasticsearch-dynamic-0,1006.2,155668.64,1414.11,0.0,0,150,311.294,117.4749,306.4003,1.5,A
27,es-stress-d3/elasticsearch-dynamic-0,1005.83,155594.48,1414.12,0.0,0,865,311.294,117.4202,306.4003,1.5,A
27,es-stress-d4/elasticsearch-dynamic-0,1005.85,156956.73,1414.11,0.0,0,366,311.294,118.3465,306.4003,1.5,A
27,es-stress-d5/elasticsearch-dynamic-0,1004.1,157654.69,1414.11,0.0234,8,148,311.294,118.8007,306.4003,1.49,A
27,hotel1/consul,24.97,25.71,212.87,0.0,0,1945,324.3874,1.3679,306.4003,0.0402,A
27,hotel1/frontend,3411.24,96.17,1119.14,0.0,0,5265,878.0974,39.5786,306.4003,7.21,A
27,hotel1/geo,579.4,19.15,1119.06,0.0,0,3180,530.3608,6.7244,306.4003,1.12,A
27,hotel1/jaeger,0.39,14.83,81.01,0.0,0,0,311.294,1.3679,1.454,0.0,A
27,hotel1/memcached-profile,172.88,7.51,79.27,0.0,0,2353,392.4337,2.0076,306.4003,0.395,A
27,hotel1/memcached-rate,127.23,7.44,79.27,0.0,0,1863,311.294,1.4788,306.4003,0.252,A
27,hotel1/memcached-reserve,150.28,6.98,79.27,0.0,0,1528,311.294,1.7455,306.4003,0.329,A
27,hotel1/mongodb-geo,12.01,163.74,400.43,0.0234,1,209,311.294,1.3679,306.4003,0.0146,A
27,hotel1/mongodb-profile,11.42,163.99,400.43,0.0234,1,165,311.294,1.3679,306.4003,0.0146,A
27,hotel1/mongodb-rate,10.75,164.5,400.43,0.0,0,169,311.294,1.3679,306.4003,0.0146,A
27,hotel2/mongodb-geo,10.76,163.5,400.43,0.0,0,204,311.294,1.3679,306.4003,0.0183,A
27,hotel1/mongodb-reservation,4001.48,267.43,400.43,0.0078,4,2758613,460081.8537,46.5319,306.4003,5.98,A
27,hotel2/memcached-rate,222.88,7.51,79.27,0.0,0,2302,383.9279,2.5868,306.4003,0.329,A
27,hotel2/memcached-profile,347.39,8.49,79.27,0.0,0,1795,311.294,4.0297,306.4003,0.53,A
27,hotel2/jaeger,0.43,14.6,81.01,0.0,0,0,311.294,1.3679,1.454,0.0036,A
27,hotel2/geo,1050.91,20.7,1119.06,0.0,0,3056,509.6801,12.187,306.4003,1.6,A
27,hotel2/frontend,9815.79,115.13,1119.14,0.0,0,631763,105365.5196,113.777,306.4003,14.7,A
27,hotel2/consul,25.79,26.95,212.87,0.0,0,2298,383.2608,1.3679,306.4003,0.0402,A
27,hotel1/mongodb-recommendation,10.87,163.57,400.43,0.0,0,116,311.294,1.3679,306.4003,0.0183,A
27,hotel1/search,1332.95,21.71,1119.06,0.0,0,5134,856.2492,15.4547,306.4003,2.58,A
27,hotel1/reservation,838.95,112.65,1119.06,0.0,0,4382,730.8306,9.7943,306.4003,1.72,A
27,hotel1/recommendation,387.98,17.86,1119.06,0.0,0,2818,469.9864,4.5062,306.4003,0.782,A
27,hotel1/rate,720.84,25.41,1119.14,0.0,0,3958,660.1158,8.3669,306.4003,1.42,A
27,hotel1/profile,1167.96,27.04,1119.06,0.0,0,4615,769.6903,13.5472,306.4003,2.35,A
27,hotel1/mongodb-user,11.27,163.54,400.43,0.0,0,185,311.294,1.3679,306.4003,0.0183,A
27,hotel1/user,18.61,15.92,1119.06,0.0,0,1095,311.294,1.3679,306.4003,0.0365,A
28,hotel2/user,67.14,15.75,1119.06,0.0,0,1359,311.294,1.3679,312.8507,0.0974,A
28,hotel2/search,2600.79,30.23,1119.06,0.0,0,3916,625.2044,38.1525,312.8507,3.98,A
28,hotel2/profile,4137.71,37.68,1119.06,0.0,0,118456,18911.9527,60.6898,312.8507,6.2,A
28,hotel2/rate,1753.8,29.16,1119.14,0.0,0,2981,475.928,25.7348,312.8507,2.79,A
28,hotel2/mongodb-user,12.24,163.57,400.43,0.0234,2,390,311.294,1.3679,312.8507,0.0187,A
28,hotel2/mongodb-reservation,2362.47,225.89,400.43,0.0508,10,138764,22154.2025,34.8217,312.8507,4.1,A
28,hotel2/mongodb-recommendation,11.61,163.49,400.43,0.0234,2,169,311.294,1.3679,312.8507,0.0187,A
28,hotel2/reservation,4045.74,49.59,1119.06,0.0,0,173074,27631.925,59.3515,312.8507,6.14,A
28,hotel2/mongodb-rate,12.25,164.42,400.43,0.0391,4,244,311.294,1.3679,312.8507,0.0187,A
28,hotel2/mongodb-profile,12.06,164.15,400.43,0.0234,2,157,311.294,1.3679,312.8507,0.0187,A
28,hotel2/recommendation,628.97,18.53,1119.06,0.0,0,1839,311.294,9.2361,312.8507,0.951,A
28,hotel2/memcached-reserve,292.84,7.19,79.27,0.0,0,1650,311.294,4.299,312.8507,0.442,A
28,hotel2/mongodb-geo,11.59,163.5,400.43,0.0391,4,151,311.294,1.3679,312.8507,0.0187,A
28,es-stress-d2/elasticsearch-dynamic-0,1007.41,160711.39,1414.11,0.0234,8,161,311.294,148.6085,312.8507,1.53,A
28,es-stress-d3/elasticsearch-dynamic-0,1007.76,160789.12,1414.12,0.0234,8,551,311.294,148.6784,312.8507,1.52,A
28,es-stress-d4/elasticsearch-dynamic-0,1007.1,162043.52,1414.11,0.0234,8,1397,311.294,149.7134,312.8507,1.53,A
28,es-stress-d5/elasticsearch-dynamic-0,1009.94,162825.69,1414.11,0.0,0,156,311.294,150.4064,312.8507,1.54,A
28,hotel1/consul,24.19,25.71,212.87,0.0,0,2415,385.564,1.3679,312.8507,0.0375,A
28,hotel1/frontend,3586.45,95.05,1119.14,0.0,0,7524,1201.2353,52.6562,312.8507,3.67,A
28,hotel1/geo,629.15,18.2,1119.06,0.0,0,3918,625.5237,9.2384,312.8507,0.685,A
28,hotel1/jaeger,0.3,14.83,81.01,0.0,0,0,311.294,1.3679,1.454,0.0,A
28,hotel1/memcached-profile,206.47,8.26,79.27,0.0,0,2269,362.2545,3.0337,312.8507,0.221,A
28,hotel1/memcached-rate,137.22,7.45,79.27,0.0,0,2121,338.6257,2.0178,312.8507,0.157,A
28,hotel1/memcached-reserve,163.93,6.98,79.27,0.0,0,1323,311.294,2.409,312.8507,0.154,A
28,hotel1/mongodb-geo,10.64,163.76,400.43,0.0,0,218,311.294,1.3679,312.8507,0.015,A
28,hotel1/mongodb-profile,11.08,164.18,400.43,0.0,0,228,311.294,1.3679,312.8507,0.0112,A
28,hotel1/mongodb-rate,12.11,164.5,400.43,0.0234,1,365,311.294,1.3679,312.8507,0.015,A
28,es-stress-d/elasticsearch-dynamic-0,1008.0,163937.45,1414.12,0.0234,8,138,311.294,151.3038,312.8507,1.54,A
28,hotel1/mongodb-reservation,3997.28,267.82,400.43,0.0508,9,2847929,454682.7393,58.8228,312.8507,6.14,A
28,hotel1/mongodb-recommendation,11.78,163.57,400.43,0.0234,1,262,311.294,1.3679,312.8507,0.015,A
28,hotel2/memcached-profile,336.46,7.68,79.27,0.0,0,2292,365.9266,4.9389,312.8507,0.517,A
28,hotel2/jaeger,0.31,14.6,81.01,0.0,0,0,311.294,1.3679,1.454,0.0,A
28,hotel2/geo,1003.79,20.54,1119.06,0.0,0,2011,321.0638,14.7326,312.8507,1.53,A
28,hotel2/frontend,9958.13,122.12,1119.14,0.0,0,684028,109207.6821,146.0869,312.8507,15.0,A
28,hotel2/consul,25.51,26.95,212.87,0.0,0,2020,322.5007,1.3679,312.8507,0.0375,A
28,hotel2/memcached-rate,216.53,7.53,79.27,0.0,0,1473,311.294,3.1806,312.8507,0.326,A
28,hotel1/search,1460.04,23.02,1119.06,0.0,0,4480,715.2491,21.4232,312.8507,1.6,A
28,hotel1/reservation,899.85,113.88,1119.06,0.0,0,4196,669.9074,13.2866,312.8507,1.05,A
28,hotel1/recommendation,439.96,18.2,1119.06,0.0,0,3341,533.4034,6.4649,312.8507,0.464,A
28,hotel1/rate,779.04,26.37,1119.14,0.0,0,4523,722.1142,11.4426,312.8507,0.85,A
28,hotel1/profile,1266.8,29.36,1119.06,0.0,0,4452,710.7788,18.5956,312.8507,1.36,A
28,hotel1/user,19.18,15.92,1119.06,0.0,0,1101,311.294,1.3679,312.8507,0.0262,A
28,hotel1/mongodb-user,12.23,163.53,400.43,0.0234,1,199,311.294,1.3679,312.8507,0.0187,A
29,hotel2/mongodb-recommendation,10.9,163.49,400.43,0.0,0,166,311.294,1.3679,307.762,0.0172,A
29,hotel2/user,57.19,15.99,1119.06,0.0,0,1287,311.294,1.3679,307.762,0.0965,A
29,hotel2/search,2420.67,27.2,1119.06,0.0,0,3122,473.1536,34.2051,307.762,3.86,A
29,hotel2/rate,1606.38,30.24,1119.14,0.0,0,2937,445.116,22.7082,307.762,2.66,A
29,hotel2/profile,3823.06,42.31,1119.06,0.0,0,126254,19134.3797,54.021,307.762,5.85,A
29,hotel2/mongodb-user,10.4,163.57,400.43,0.0,0,170,311.294,1.3679,307.762,0.0138,A
29,hotel2/mongodb-reservation,2413.91,225.94,400.43,0.0117,6,131780,19971.8706,34.2621,307.762,3.39,A
29,hotel2/reservation,3892.76,45.28,1119.06,0.0,0,85134,12902.4528,55.0076,307.762,6.21,A
29,hotel2/mongodb-rate,11.04,164.42,400.43,0.0,0,182,311.294,1.3679,307.762,0.0172,A
29,hotel2/mongodb-profile,10.51,164.15,400.43,0.0,0,160,311.294,1.3679,307.762,0.0138,A
29,hotel2/recommendation,584.22,18.02,1119.06,0.0,0,2277,345.0899,8.2641,307.762,0.914,A
29,hotel2/memcached-reserve,279.33,7.13,79.27,0.0,0,974,311.294,3.9501,307.762,0.414,A
29,es-stress-d/elasticsearch-dynamic-0,1007.37,169133.45,1414.12,0.0,0,477,311.294,143.9488,307.762,1.41,A
29,es-stress-d2/elasticsearch-dynamic-0,1007.71,165765.14,1414.11,0.0,0,148,311.294,141.3702,307.762,1.41,A
29,es-stress-d3/elasticsearch-dynamic-0,1007.46,165984.72,1414.12,0.0,0,552,311.294,141.5351,307.762,1.42,A
29,es-stress-d4/elasticsearch-dynamic-0,1009.82,167034.02,1414.11,0.0,0,5434,823.5479,142.3732,307.762,1.41,A
29,es-stress-d5/elasticsearch-dynamic-0,1006.14,167985.69,1414.11,0.0,0,309,311.294,143.0511,307.762,1.41,A
29,hotel1/consul,25.14,26.21,212.87,0.0,0,2010,311.294,1.3679,307.762,0.0345,A
29,hotel1/frontend,3743.29,94.41,1119.14,0.0,0,6434,975.1026,52.9345,307.762,4.99,A
29,hotel1/geo,642.9,18.71,1119.06,0.0,0,3085,467.5461,9.0933,307.762,0.814,A
29,hotel1/jaeger,0.27,14.83,81.01,0.0,0,0,311.294,1.3679,1.454,0.0,A
29,hotel1/memcached-profile,218.84,7.51,79.27,0.0,0,2385,361.4578,3.0962,307.762,0.279,A
29,hotel1/memcached-rate,138.16,7.45,79.27,0.0,0,1843,311.294,1.9568,307.762,0.172,A
29,hotel1/memcached-reserve,164.87,6.98,79.27,0.0,0,2484,376.4617,2.3336,307.762,0.207,A
29,hotel1/mongodb-geo,11.39,163.57,400.43,0.0234,1,152,311.294,1.3679,307.762,0.0172,A
29,hotel1/mongodb-profile,11.03,163.99,400.43,0.0234,1,666,311.294,1.3679,307.762,0.0138,A
29,hotel1/mongodb-rate,10.56,164.32,400.43,0.0,0,237,311.294,1.3679,307.762,0.0138,A
29,hotel2/mongodb-geo,10.3,163.5,400.43,0.0,0,145,311.294,1.3679,307.762,0.0138,A
29,hotel1/mongodb-reservation,4007.7,267.94,400.43,0.0117,6,3125790,473727.9823,56.8015,307.762,5.66,A
29,hotel2/memcached-rate,206.18,7.54,79.27,0.0,0,2053,311.294,2.9174,307.762,0.317,A
29,hotel2/memcached-profile,312.22,8.24,79.27,0.0,0,1891,311.294,4.4154,307.762,0.503,A
29,hotel2/jaeger,0.28,14.6,81.01,0.0,0,0,311.294,1.3679,1.454,0.0034,A
29,hotel1/mongodb-recommendation,10.78,163.57,400.43,0.0,0,172,311.294,1.3679,307.762,0.0103,A
29,hotel2/frontend,9850.74,128.96,1119.14,0.0,0,645124,97771.5364,139.2093,307.762,13.9,A
29,hotel2/consul,25.13,26.95,212.87,0.0,0,1994,311.294,1.3679,307.762,0.0345,A
29,hotel2/geo,954.65,21.78,1119.06,0.0,0,1962,311.294,13.4981,307.762,1.48,A
29,hotel1/search,1497.88,22.98,1119.06,0.0,0,5673,859.7695,21.1704,307.762,1.88,A
29,hotel1/reservation,953.99,113.45,1119.06,0.0,0,4615,699.4247,13.5591,307.762,1.25,A
29,hotel1/recommendation,452.09,18.05,1119.06,0.0,0,2877,436.0227,6.3982,307.762,0.59,A
29,hotel1/rate,797.68,24.76,1119.14,0.0,0,3699,560.6006,11.2837,307.762,0.996,A
29,hotel1/profile,1324.27,28.71,1119.06,0.0,0,6145,931.3033,18.7231,307.762,1.69,A
29,hotel1/mongodb-user,10.78,163.53,400.43,0.0,0,178,311.294,1.3679,307.762,0.0172,A
29,hotel1/user,18.58,15.93,1119.06,0.0,0,1046,311.294,1.3679,307.762,0.0241,A
30,hotel2/user,76.45,15.83,1119.06,0.0,0,1290,311.294,1.3679,340.6672,0.103,A
30,hotel2/search,2734.27,32.17,1119.06,0.0,0,3723,545.4366,38.3058,340.6672,3.83,A
30,hotel2/mongodb-recommendation,12.3,163.49,400.43,0.0234,2,217,311.294,1.3679,340.6672,0.0212,A
30,hotel2/rate,1996.25,28.36,1119.14,0.0,0,3178,465.5916,27.9705,340.6672,2.53,A
30,hotel2/profile,4395.24,43.51,1119.06,0.0,0,137405,20130.4639,61.5684,340.6672,5.88,A
30,hotel2/mongodb-user,12.83,163.57,400.43,0.0273,4,940,311.294,1.3679,340.6672,0.0212,A
30,hotel2/mongodb-reservation,3396.27,227.54,400.43,0.0508,8,514601,75391.411,47.7345,340.6672,3.37,A
30,hotel2/reservation,4296.26,51.78,1119.06,0.0,0,136304,19969.1623,60.1895,340.6672,5.95,A
30,hotel2/mongodb-rate,11.9,164.42,400.43,0.0234,2,219,311.294,1.3679,340.6672,0.0177,A
30,hotel2/mongodb-profile,12.69,164.15,400.43,0.0234,2,1805,311.294,1.3679,340.6672,0.0177,A
30,hotel2/recommendation,680.41,17.88,1119.06,0.0,0,2148,314.6919,9.5403,340.6672,0.903,A
30,hotel2/memcached-reserve,296.22,7.14,79.27,0.0,0,1360,311.294,4.1529,340.6672,0.435,A
30,es-stress-d/elasticsearch-dynamic-0,1007.15,174334.95,1414.12,0.0039,2,162,311.294,157.5766,340.6672,1.45,A
30,es-stress-d2/elasticsearch-dynamic-0,1007.4,170754.64,1414.11,0.0078,4,202,311.294,154.6335,340.6672,1.44,A
30,es-stress-d3/elasticsearch-dynamic-0,1006.68,171204.97,1414.12,0.0078,4,214,311.294,154.994,340.6672,1.45,A
30,es-stress-d4/elasticsearch-dynamic-0,1005.95,172097.73,1414.11,0.0,0,1415,311.294,155.7185,340.6672,1.45,A
30,es-stress-d5/elasticsearch-dynamic-0,1008.73,173098.94,1414.11,0.0,0,190,311.294,156.5814,340.6672,1.45,A
30,hotel1/consul,24.72,26.22,212.87,0.0,0,1621,311.294,1.3679,340.6672,0.0354,A
30,hotel1/frontend,4949.71,94.47,1119.14,0.0,0,44722,6551.9785,69.3728,340.6672,5.19,A
30,hotel1/geo,724.35,18.85,1119.06,0.0,0,3925,575.0305,10.1563,340.6672,0.871,A
30,hotel1/jaeger,0.31,14.83,81.01,0.0,0,0,311.294,1.3679,1.454,0.0,A
30,hotel1/memcached-profile,261.1,7.75,79.27,0.0,0,1886,311.294,3.6617,340.6672,0.273,A
30,hotel1/memcached-rate,159.57,7.45,79.27,0.0,0,2072,311.294,2.2401,340.6672,0.181,A
30,hotel1/memcached-reserve,207.86,6.99,79.27,0.0,0,1130,311.294,2.9158,340.6672,0.223,A
30,hotel1/mongodb-geo,11.59,163.57,400.43,0.0,0,592,311.294,1.3679,340.6672,0.0177,A
30,hotel1/mongodb-profile,12.01,163.99,400.43,0.0,0,690,311.294,1.3679,340.6672,0.0177,A
30,hotel1/mongodb-rate,12.63,164.32,400.43,0.0234,1,146,311.294,1.3679,340.6672,0.0142,A
30,hotel2/mongodb-geo,12.46,163.5,400.43,0.0234,2,109,311.294,1.3679,340.6672,0.0177,A
30,hotel1/mongodb-reservation,3994.98,268.06,400.43,0.0625,12,2897560,424505.8538,56.1497,340.6672,5.81,A
30,hotel2/memcached-rate,234.22,7.58,79.27,0.0,0,1550,311.294,3.2853,340.6672,0.322,A
30,hotel2/memcached-profile,346.84,8.77,79.27,0.0,0,1720,311.294,4.8629,340.6672,0.492,A
30,hotel2/jaeger,0.3,14.6,81.01,0.0,0,0,311.294,1.3679,1.454,0.0,A
30,hotel2/geo,1079.76,21.46,1119.06,0.0,0,2270,332.5654,15.1341,340.6672,1.48,A
30,hotel1/mongodb-recommendation,12.75,163.57,400.43,0.0234,1,288,311.294,1.3679,340.6672,0.0142,A
30,hotel2/consul,26.74,26.95,212.87,0.0,0,1414,311.294,1.3679,340.6672,0.0389,A
30,hotel2/frontend,9939.74,108.23,1119.14,0.0,0,630269,92337.3045,139.2437,340.6672,14.2,A
30,hotel1/search,1711.82,22.53,1119.06,0.0,0,4196,614.7333,23.9837,340.6672,2.02,A
30,hotel1/reservation,1127.75,113.84,1119.06,0.0,0,4226,619.1284,15.882,340.6672,1.28,A
30,hotel1/recommendation,500.58,18.35,1119.06,0.0,0,3248,475.8469,7.0231,340.6672,0.612,A
30,hotel1/rate,937.98,26.11,1119.14,0.0,0,4762,697.6549,13.153,340.6672,1.07,A
30,hotel1/profile,1532.2,28.36,1119.06,0.0,0,4462,653.7035,21.4739,340.6672,1.75,A
30,hotel1/mongodb-user,11.98,163.53,400.43,0.0234,1,144,311.294,1.3679,340.6672,0.0142,A
30,hotel1/user,24.31,15.93,1119.06,0.0,0,953,311.294,1.3679,340.6672,0.0319,A
31,hotel2/user,68.9,15.83,1119.06,0.0,0,1412,311.294,1.3679,340.99,0.0969,A
31,hotel2/search,2870.59,32.25,1119.06,0.0,0,3855,594.5231,39.0641,340.99,3.88,A
31,hotel2/mongodb-recommendation,11.01,163.68,400.43,0.0,0,151,311.294,1.3679,340.99,0.0186,A
31,hotel2/recommendation,679.7,20.5,1119.06,0.0,0,2110,325.407,9.2594,340.99,0.935,A
31,hotel2/rate,1906.29,28.64,1119.14,0.0,0,3217,496.13,25.947,340.99,2.66,A
31,hotel2/profile,4355.26,43.22,1119.06,0.0,0,126429,19498.046,59.2636,340.99,5.94,A
31,hotel2/mongodb-user,10.39,163.76,400.43,0.0,0,151,311.294,1.3679,340.99,0.0186,A
31,hotel2/mongodb-reservation,4024.62,262.84,400.43,0.0,0,2071852,319523.7294,54.9347,340.99,4.06,A
31,hotel2/reservation,3932.2,61.78,1119.06,0.0,0,79623,12279.5634,53.5243,340.99,6.44,A
31,hotel2/mongodb-rate,10.83,164.42,400.43,0.0,0,279,311.294,1.3679,340.99,0.0186,A
31,hotel2/mongodb-profile,10.89,164.15,400.43,0.0,0,383,311.294,1.3679,340.99,0.0186,A
31,hotel2/memcached-reserve,295.5,7.17,79.27,0.0,0,1386,311.294,4.0242,340.99,0.462,A
31,es-stress-d/elasticsearch-dynamic-0,1007.75,179563.45,1414.12,0.0,0,160,311.294,150.8499,340.99,1.53,A
31,es-stress-d2/elasticsearch-dynamic-0,1007.88,175780.89,1414.11,0.0,0,157,311.294,147.9627,340.99,1.53,A
31,es-stress-d3/elasticsearch-dynamic-0,1008.07,176475.47,1414.12,0.0,0,139,311.294,148.4957,340.99,1.53,A
31,es-stress-d4/elasticsearch-dynamic-0,1009.11,177059.69,1414.11,0.0,0,179,311.294,148.9561,340.99,1.53,A
31,es-stress-d5/elasticsearch-dynamic-0,1006.24,178166.69,1414.11,0.0039,2,179,311.294,149.7625,340.99,1.53,A
31,hotel1/consul,25.68,26.22,212.87,0.0,0,2014,311.294,1.3679,340.99,0.0373,A
31,hotel1/frontend,4255.7,95.42,1119.14,0.0,0,5920,912.9902,57.9495,340.99,4.82,A
31,hotel1/geo,693.48,18.63,1119.06,0.0,0,3286,506.7712,9.4454,340.99,0.842,A
31,hotel1/jaeger,0.34,14.83,81.01,0.0,0,0,311.294,1.3679,1.454,0.0037,A
31,hotel1/memcached-profile,243.7,7.52,79.27,0.0,0,2309,356.097,3.32,340.99,0.261,A
31,hotel1/memcached-rate,152.75,7.45,79.27,0.0,0,2134,329.1083,2.0831,340.99,0.183,A
31,hotel1/memcached-reserve,192.63,6.98,79.27,0.0,0,1479,311.294,2.6251,340.99,0.205,A
31,hotel1/mongodb-geo,12.5,163.74,400.43,0.0273,1,129,311.294,1.3679,340.99,0.0224,A
31,hotel1/mongodb-profile,11.71,164.0,400.43,0.0273,1,236,311.294,1.3679,340.99,0.0186,A
31,hotel1/mongodb-rate,10.58,164.32,400.43,0.0,0,168,311.294,1.3679,340.99,0.0224,A
31,hotel2/mongodb-geo,10.82,163.68,400.43,0.0,0,151,311.294,1.3679,340.99,0.0149,A
31,hotel1/mongodb-reservation,3994.16,267.36,400.43,0.0117,6,2683281,413819.1108,54.5239,340.99,6.11,A
31,hotel2/memcached-rate,235.4,7.51,79.27,0.0,0,2077,320.3177,3.2071,340.99,0.317,A
31,hotel2/memcached-profile,346.51,8.29,79.27,0.0,0,1732,311.294,4.7188,340.99,0.503,A
31,hotel2/jaeger,0.33,14.6,81.01,0.0,0,0,311.294,1.3679,1.454,0.0,A
31,hotel2/frontend,9877.39,120.34,1119.14,0.0,0,569231,87787.5505,134.4223,340.99,15.0,A
31,hotel2/consul,27.05,26.95,212.87,0.0,0,1510,311.294,1.3679,340.99,0.0373,A
31,hotel1/user,24.37,15.98,1119.06,0.0,0,876,311.294,1.3679,340.99,0.0298,A
31,hotel2/geo,1058.13,21.59,1119.06,0.0,0,2153,332.0385,14.4068,340.99,1.53,A
31,hotel1/reservation,1113.89,114.13,1119.06,0.0,0,4232,652.6646,15.2358,340.99,1.21,A
31,hotel1/recommendation,479.82,17.64,1119.06,0.0,0,3056,471.3003,6.5389,340.99,0.578,A
31,hotel1/rate,894.48,24.43,1119.14,0.0,0,3441,530.6755,12.1834,340.99,1.06,A
31,hotel1/profile,1451.75,28.25,1119.06,0.0,0,4721,728.0788,19.7651,340.99,1.68,A
31,hotel1/mongodb-user,10.82,163.53,400.43,0.0,0,155,311.294,1.3679,340.99,0.0186,A
31,hotel1/search,1634.41,23.59,1119.06,0.0,0,4916,758.152,22.2456,340.99,1.95,A
31,hotel1/mongodb-recommendation,10.38,163.57,400.43,0.0,0,136,311.294,1.3679,340.99,0.0149,A
32,hotel2/search,2770.36,29.95,1119.06,0.0,0,4142,660.4813,55.3938,335.3576,3.6,A
32,hotel2/user,74.62,15.99,1119.06,0.0,0,967,311.294,1.5082,335.3576,0.0947,A
32,hotel2/mongodb-recommendation,12.25,163.5,400.43,0.0547,8,170,311.294,1.3679,335.3576,0.0149,A
32,hotel2/rate,2001.39,27.29,1119.14,0.0,0,3080,491.1353,40.0242,335.3576,2.49,A
32,hotel2/profile,4203.22,41.2,1119.06,0.0,0,76119,12137.899,84.0396,335.3576,5.95,A
32,hotel2/mongodb-user,12.8,163.58,400.43,0.0352,6,153,311.294,1.3679,335.3576,0.0149,A
32,hotel2/mongodb-reservation,4003.74,267.31,400.43,0.1016,18,2671114,425934.5488,80.2943,335.3576,3.58,A
32,hotel2/recommendation,689.09,19.24,1119.06,0.0,0,1919,311.294,13.791,335.3576,0.882,A
32,hotel2/mongodb-rate,12.0,164.43,400.43,0.0391,8,179,311.294,1.3679,335.3576,0.0149,A
32,hotel2/mongodb-profile,12.82,164.16,400.43,0.0859,14,256,311.294,1.3679,335.3576,0.0149,A
32,hotel2/reservation,3273.29,73.03,1119.06,0.0,0,23394,3730.3959,65.4901,335.3576,5.89,A
32,hotel2/memcached-reserve,306.84,7.38,79.27,0.0,0,1416,311.294,6.1396,335.3576,0.419,A
32,es-stress-d/elasticsearch-dynamic-0,1009.85,184766.95,1414.12,0.0,0,225,311.294,217.1409,335.3576,1.42,A
32,es-stress-d2/elasticsearch-dynamic-0,1009.51,180879.93,1414.11,0.0,0,286,311.294,212.9906,335.3576,1.43,A
32,es-stress-d3/elasticsearch-dynamic-0,1009.32,181613.59,1414.12,0.0,0,704,311.294,213.7689,335.3576,1.43,A
32,es-stress-d4/elasticsearch-dynamic-0,1007.28,182111.07,1414.11,0.0,0,278,311.294,214.2584,335.3576,1.43,A
32,es-stress-d5/elasticsearch-dynamic-0,1012.12,183286.44,1414.11,0.0,0,173,311.294,215.6081,335.3576,1.43,A
32,hotel1/consul,29.37,26.23,212.87,0.0,0,1761,311.294,1.3679,335.3576,0.0349,A
32,hotel1/frontend,4221.33,94.9,1119.14,0.0,0,5869,935.8679,84.4587,335.3576,5.62,A
32,hotel1/geo,668.46,19.27,1119.06,0.0,0,3211,512.0245,13.3788,335.3576,0.922,A
32,hotel1/jaeger,0.38,14.83,81.01,0.0,0,0,311.294,1.3679,1.454,0.0,A
32,hotel1/memcached-profile,235.08,7.52,79.27,0.0,0,1993,317.8028,4.7058,335.3576,0.314,A
32,hotel1/memcached-rate,148.29,7.45,79.27,0.0,0,2135,340.4461,2.9713,335.3576,0.194,A
32,hotel1/memcached-reserve,177.93,6.99,79.27,0.0,0,1502,311.294,3.5631,335.3576,0.259,A
32,hotel1/mongodb-geo,11.37,163.59,400.43,0.0508,11,293,311.294,1.3679,335.3576,0.0149,A
32,hotel1/mongodb-profile,11.61,164.0,400.43,0.043,7,1180,311.294,1.3679,335.3576,0.0149,A
32,hotel1/mongodb-rate,12.56,164.32,400.43,0.0742,8,538,311.294,1.3679,335.3576,0.0149,A
32,hotel2/mongodb-geo,12.12,163.5,400.43,0.0586,8,166,311.294,1.3679,335.3576,0.0199,A
32,hotel1/mongodb-reservation,4006.95,267.72,400.43,0.1016,16,3058689,487737.0712,80.3588,335.3576,5.77,A
32,hotel1/mongodb-recommendation,12.81,163.58,400.43,0.0742,10,182,311.294,1.3679,335.3576,0.0199,A
32,hotel2/memcached-rate,239.89,7.52,79.27,0.0,0,1703,311.294,4.8019,335.3576,0.304,A
32,hotel2/memcached-profile,357.5,9.25,79.27,0.0,0,1803,311.294,7.154,335.3576,0.468,A
32,hotel2/jaeger,0.33,14.6,81.01,0.0,0,0,311.294,1.3679,1.454,0.0,A
32,hotel2/frontend,9834.98,111.29,1119.14,0.0,0,549687,87652.8236,196.6574,335.3576,14.1,A
32,hotel2/consul,24.9,26.95,212.87,0.0,0,1767,311.294,1.3679,335.3576,0.0349,A
32,hotel2/geo,1104.61,22.05,1119.06,0.0,0,2352,375.0488,22.0976,335.3576,1.4,A
32,hotel1/search,1558.96,24.46,1119.06,0.0,0,5369,856.1381,31.1798,335.3576,2.21,A
32,hotel1/reservation,1009.76,114.64,1119.06,0.0,0,3847,613.4408,20.3009,335.3576,1.38,A
32,hotel1/recommendation,472.92,17.46,1119.06,0.0,0,3173,505.965,9.4693,335.3576,0.668,A
32,hotel1/rate,828.75,27.75,1119.14,0.0,0,4002,638.157,16.591,335.3576,1.14,A
32,hotel1/profile,1408.45,28.75,1119.06,0.0,0,3833,611.2083,28.1766,335.3576,1.95,A
32,hotel1/mongodb-user,12.8,163.98,400.43,0.0742,10,203,311.294,1.3679,335.3576,0.0199,A
32,hotel1/user,20.86,15.98,1119.06,0.0,0,851,311.294,1.3679,335.3576,0.0299,A
33,hotel2/search,2701.3,27.25,1119.06,0.0,0,3424,555.6035,45.0403,341.1265,3.67,A
33,hotel2/user,67.34,16.0,1119.06,0.0,0,1552,311.294,1.3679,341.1265,0.086,A
33,hotel2/reservation,2902.24,83.73,1119.06,0.0,0,4401,714.1388,48.4377,341.1265,5.99,A
33,hotel2/mongodb-rate,11.38,164.43,400.43,0.0,0,1733,311.294,1.3679,341.1265,0.0179,A
33,hotel2/rate,1889.53,26.83,1119.14,0.0,0,3312,537.4296,31.5119,341.1265,2.46,A
33,hotel2/profile,4137.07,40.39,1119.06,0.0,0,66934,10861.2051,68.9786,341.1265,5.84,A
33,hotel2/mongodb-user,11.71,163.58,400.43,0.0,0,134,311.294,1.3679,341.1265,0.0179,A
33,hotel2/mongodb-reservation,3994.7,267.44,400.43,0.0039,2,2653244,430534.9627,66.8021,341.1265,3.82,A
33,hotel2/mongodb-recommendation,11.4,163.5,400.43,0.0,0,213,311.294,1.3679,341.1265,0.0143,A
33,hotel2/recommendation,677.39,20.75,1119.06,0.0,0,2368,384.2492,11.3065,341.1265,0.907,A
33,hotel2/mongodb-profile,11.94,164.16,400.43,0.0,0,257,311.294,1.3679,341.1265,0.0143,A
33,hotel2/mongodb-geo,11.82,163.5,400.43,0.0,0,147,311.294,1.3679,341.1265,0.0143,A
33,hotel2/memcached-rate,233.73,7.47,79.27,0.0,0,1817,311.294,3.9015,341.1265,0.319,A
33,es-stress-d/elasticsearch-dynamic-0,1006.72,190009.45,1414.12,0.0,0,143,311.294,180.9064,341.1265,1.46,A
33,es-stress-d2/elasticsearch-dynamic-0,1006.2,185977.61,1414.11,0.0,0,2457,398.691,177.4151,341.1265,1.47,A
33,es-stress-d3/elasticsearch-dynamic-0,1005.91,186697.09,1414.12,0.0,0,495,311.294,178.0317,341.1265,1.47,A
33,es-stress-d4/elasticsearch-dynamic-0,1006.37,187102.97,1414.11,0.0,0,1127,311.294,178.39,341.1265,1.47,A
33,es-stress-d5/elasticsearch-dynamic-0,1004.81,188411.4,1414.11,0.0,0,1323,311.294,179.4942,341.1265,1.45,A
33,hotel1/consul,25.14,26.23,212.87,0.0,0,1403,311.294,1.3679,341.1265,0.0358,A
33,hotel1/frontend,4707.29,94.64,1119.14,0.0,0,8825,1432.0097,78.5281,341.1265,5.1,A
33,hotel1/geo,684.15,18.95,1119.06,0.0,0,3250,527.369,11.4176,341.1265,0.914,A
33,hotel1/jaeger,0.3,14.83,81.01,0.0,0,0,311.294,1.3679,1.454,0.0,A
33,hotel1/memcached-profile,235.14,7.77,79.27,0.0,0,3376,547.8147,3.9253,341.1265,0.308,A
33,hotel1/memcached-rate,157.01,7.45,79.27,0.0,0,1764,311.294,2.623,341.1265,0.201,A
33,hotel1/memcached-reserve,194.44,6.98,79.27,0.0,0,1346,311.294,3.2463,341.1265,0.222,A
33,hotel1/mongodb-geo,13.14,163.59,400.43,0.0273,1,179,311.294,1.3679,341.1265,0.0179,A
33,hotel1/mongodb-profile,13.27,164.16,400.43,0.0273,1,314,311.294,1.3679,341.1265,0.0143,A
33,hotel2/memcached-reserve,295.67,7.35,79.27,0.0,0,1051,311.294,4.9336,341.1265,0.419,A
33,hotel1/mongodb-recommendation,11.11,163.58,400.43,0.0,0,289,311.294,1.3679,341.1265,0.0143,A
33,hotel2/memcached-profile,354.09,8.22,79.27,0.0,0,1762,311.294,5.908,341.1265,0.477,A
33,hotel2/jaeger,0.27,14.6,81.01,0.0,0,0,311.294,1.3679,1.454,0.0,A
33,hotel2/geo,1069.49,22.18,1119.06,0.0,0,2685,435.6879,17.8421,341.1265,1.43,A
33,hotel2/frontend,9761.77,112.64,1119.14,0.0,0,530365,86060.9411,162.7758,341.1265,14.3,A
33,hotel1/mongodb-rate,11.82,164.33,400.43,0.0,0,195,311.294,1.3679,341.1265,0.0108,A
33,hotel1/user,22.25,16.1,1119.06,0.0,0,1001,311.294,1.3679,341.1265,0.0251,A
33,hotel2/consul,26.25,26.95,212.87,0.0,0,1915,311.294,1.3679,341.1265,0.0394,A
33,hotel1/reservation,1074.02,112.36,1119.06,0.0,0,4133,670.6511,17.9954,341.1265,1.33,A
33,hotel1/recommendation,487.05,17.26,1119.06,0.0,0,2577,418.163,8.1315,341.1265,0.634,A
33,hotel1/rate,882.05,27.98,1119.14,0.0,0,3322,539.0522,14.7234,341.1265,1.12,A
33,hotel1/profile,1466.52,28.49,1119.06,0.0,0,3956,641.9298,24.464,341.1265,1.81,A
33,hotel1/mongodb-user,12.08,163.54,400.43,0.0,0,195,311.294,1.3679,341.1265,0.0179,A
33,hotel1/mongodb-reservation,3999.78,268.18,400.43,0.0234,12,2766927,448982.0057,66.8874,341.1265,5.88,A
33,hotel1/search,1589.43,23.36,1119.06,0.0,0,4258,690.9345,26.5078,341.1265,2.11,A
34,hotel2/user,70.38,16.09,1119.06,0.0,0,1395,311.294,1.3679,328.9317,0.11,A
34,hotel2/search,2644.91,29.0,1119.06,0.0,0,4082,653.7436,38.5984,328.9317,4.06,A
34,hotel2/mongodb-recommendation,11.6,163.5,400.43,0.0273,2,748,311.294,1.3679,328.9317,0.0184,A
34,hotel2/recommendation,687.09,19.19,1119.06,0.0,0,2071,331.6764,10.0353,328.9317,1.04,A
34,hotel2/rate,1758.8,30.55,1119.14,0.0,0,3248,520.1762,25.675,328.9317,3.02,A
34,hotel2/profile,4106.9,39.72,1119.06,0.0,0,89490,14332.0704,59.93,328.9317,6.52,A
34,hotel2/mongodb-user,12.08,163.58,400.43,0.0273,2,349,311.294,1.3679,328.9317,0.022,A
34,hotel2/mongodb-reservation,4000.16,268.14,400.43,0.0469,4,2682490,429608.1729,58.5356,328.9317,4.85,A
34,hotel2/reservation,2822.47,88.44,1119.06,0.0,0,5393,863.7038,41.2305,328.9317,6.49,A
34,hotel2/mongodb-rate,11.73,164.43,400.43,0.0273,2,192,311.294,1.3679,328.9317,0.0184,A
34,hotel2/mongodb-profile,12.18,164.16,400.43,0.0273,2,370,311.294,1.3679,328.9317,0.0184,A
34,hotel2/memcached-reserve,304.05,7.38,79.27,0.0,0,1173,311.294,4.44,328.9317,0.451,A
34,hotel2/mongodb-geo,12.58,163.5,400.43,0.0273,2,294,311.294,1.3679,328.9317,0.0184,A
34,es-stress-d/elasticsearch-dynamic-0,1007.43,195249.45,1414.12,0.0234,6,541,311.294,153.5721,328.9317,1.5,A
34,es-stress-d2/elasticsearch-dynamic-0,1007.59,191116.61,1414.11,0.0117,6,196,311.294,150.6348,328.9317,1.49,A
34,es-stress-d3/elasticsearch-dynamic-0,1007.18,191799.59,1414.12,0.0234,6,495,311.294,151.1146,328.9317,1.5,A
34,es-stress-d4/elasticsearch-dynamic-0,1006.63,192112.45,1414.11,0.0234,8,342,311.294,151.3291,328.9317,1.5,A
34,es-stress-d5/elasticsearch-dynamic-0,1009.04,193557.62,1414.11,0.0195,8,751,311.294,152.3922,328.9317,1.5,A
34,hotel1/consul,26.27,26.23,212.87,0.0,0,2341,374.9176,1.3679,328.9317,0.0367,A
34,hotel1/frontend,3938.64,94.34,1119.14,0.0,0,5148,824.4664,57.5147,328.9317,7.97,A
34,hotel1/jaeger,0.38,14.83,81.01,0.0,0,0,311.294,1.3679,1.454,0.0,A
34,hotel1/memcached-profile,198.27,7.51,79.27,0.0,0,2115,338.7231,2.8972,328.9317,0.4,A
34,hotel1/memcached-rate,142.84,7.7,79.27,0.0,0,3062,490.3877,2.0889,328.9317,0.242,A
34,hotel1/memcached-reserve,173.39,6.98,79.27,0.0,0,1215,311.294,2.534,328.9317,0.327,A
34,hotel1/mongodb-geo,11.57,163.59,400.43,0.0,0,327,311.294,1.3679,328.9317,0.0184,A
34,hotel1/mongodb-profile,11.92,164.0,400.43,0.0,0,142,311.294,1.3679,328.9317,0.022,A
34,hotel1/mongodb-rate,11.91,164.57,400.43,0.0273,1,302,311.294,1.3679,328.9317,0.0184,A
34,hotel1/geo,645.96,18.18,1119.06,0.0,0,3521,563.8979,9.4347,328.9317,1.11,A
34,hotel1/mongodb-reservation,4000.78,268.17,400.43,0.0586,9,2844308,455523.772,58.5447,328.9317,6.01,A
34,hotel1/mongodb-recommendation,11.75,163.58,400.43,0.0273,1,159,311.294,1.3679,328.9317,0.022,A
34,hotel2/memcached-profile,369.84,8.99,79.27,0.0,0,1982,317.4228,5.4008,328.9317,0.521,A
34,hotel2/jaeger,0.36,14.6,81.01,0.0,0,0,311.294,1.3679,1.454,0.0037,A
34,hotel2/geo,1083.28,24.6,1119.06,0.0,0,3283,525.7815,15.8178,328.9317,1.59,A
34,hotel2/frontend,9801.37,112.52,1119.14,0.0,0,496779,79560.5272,143.0394,328.9317,14.7,A
34,hotel2/consul,25.32,26.95,212.87,0.0,0,1504,311.294,1.3679,328.9317,0.0404,A
34,hotel1/user,20.47,16.15,1119.06,0.0,0,823,311.294,1.3679,328.9317,0.0367,A
34,hotel2/memcached-rate,230.28,7.77,79.27,0.0,0,1646,311.294,3.3643,328.9317,0.352,A
34,hotel1/reservation,961.27,112.7,1119.06,0.0,0,3611,578.3116,14.1009,328.9317,1.77,A
34,hotel1/recommendation,464.55,18.06,1119.06,0.0,0,3562,570.4641,6.7886,328.9317,0.763,A
34,hotel1/rate,787.21,25.04,1119.14,0.0,0,4262,682.5711,11.4998,328.9317,1.46,A
34,hotel1/profile,1295.39,28.37,1119.06,0.0,0,4817,771.4558,18.9143,328.9317,2.34,A
34,hotel1/mongodb-user,11.77,163.73,400.43,0.0273,1,243,311.294,1.3679,328.9317,0.0184,A
34,hotel1/search,1431.19,22.49,1119.06,0.0,0,5463,874.9145,20.8908,328.9317,2.64,A
35,hotel2/user,58.13,16.34,1119.06,0.0,0,1386,311.294,1.3679,314.1808,0.117,A
35,hotel2/search,2592.38,26.24,1119.06,0.0,0,4038,617.8663,40.8447,314.1808,4.79,A
35,hotel2/rate,1804.92,28.7,1119.14,0.0,0,3271,500.5054,28.4451,314.1808,3.15,A
35,hotel2/recommendation,656.84,20.16,1119.06,0.0,0,2759,422.1628,10.3586,314.1808,1.13,A
35,hotel2/profile,4003.73,43.23,1119.06,0.0,0,29156,4461.2458,63.0834,314.1808,7.17,A
35,hotel2/mongodb-user,10.46,163.58,400.43,0.0,0,113,311.294,1.3679,314.1808,0.0168,A
35,hotel2/mongodb-reservation,3999.69,268.68,400.43,0.0,0,2919829,446771.6752,63.1799,314.1808,6.88,A
35,hotel2/mongodb-recommendation,10.63,163.5,400.43,0.0,0,209,311.294,1.3679,314.1808,0.0168,A
35,hotel2/reservation,2573.93,104.3,1119.06,0.0,0,3684,563.6997,40.6096,314.1808,6.35,A
35,hotel2/mongodb-rate,10.79,164.43,400.43,0.0,0,147,311.294,1.3679,314.1808,0.021,A
35,hotel2/mongodb-profile,10.55,164.16,400.43,0.0,0,177,311.294,1.3679,314.1808,0.0168,A
35,hotel1/mongodb-recommendation,10.54,163.58,400.43,0.0,0,143,311.294,1.3679,314.1808,0.0168,A
35,hotel2/memcached-reserve,298.67,8.7,79.27,0.0,0,1131,311.294,4.7098,314.1808,0.504,A
35,es-stress-d/elasticsearch-dynamic-0,1006.76,200514.01,1414.12,0.0,0,189,311.294,158.2838,314.1808,1.72,A
35,es-stress-d2/elasticsearch-dynamic-0,1006.73,196222.68,1414.11,0.0,0,216,311.294,155.2351,314.1808,1.72,A
35,es-stress-d3/elasticsearch-dynamic-0,1006.08,196823.55,1414.12,0.0,0,731,311.294,155.6517,314.1808,1.72,A
35,es-stress-d4/elasticsearch-dynamic-0,1006.6,197090.09,1414.11,0.0,0,217,311.294,155.8492,314.1808,1.72,A
35,es-stress-d5/elasticsearch-dynamic-0,1004.57,198702.59,1414.11,0.0,0,867,311.294,156.9626,314.1808,1.72,A
35,hotel1/consul,24.8,26.23,212.87,0.0,0,1801,311.294,1.3679,314.1808,0.042,A
35,hotel1/frontend,3055.34,95.13,1119.14,0.0,0,5675,868.3485,48.1846,314.1808,7.0,A
35,hotel1/geo,546.57,18.99,1119.06,0.0,0,3866,591.5481,8.6211,314.1808,1.21,A
35,hotel1/jaeger,0.35,14.83,81.01,0.0,0,0,311.294,1.3679,1.454,0.0,A
35,hotel1/memcached-profile,161.12,7.75,79.27,0.0,0,2294,351.0117,2.5429,314.1808,0.424,A
35,hotel1/memcached-rate,119.99,7.45,79.27,0.0,0,2322,355.2961,1.895,314.1808,0.264,A
35,hotel1/memcached-reserve,133.89,6.98,79.27,0.0,0,1539,311.294,2.1135,314.1808,0.34,A
35,hotel1/mongodb-geo,11.75,163.75,400.43,0.0273,1,709,311.294,1.3679,314.1808,0.021,A
35,hotel1/mongodb-profile,11.46,164.0,400.43,0.0273,1,134,311.294,1.3679,314.1808,0.021,A
35,hotel1/mongodb-rate,10.23,164.32,400.43,0.0,0,194,311.294,1.3679,314.1808,0.0168,A
35,hotel2/mongodb-geo,10.57,163.69,400.43,0.0,0,185,311.294,1.3679,314.1808,0.0168,A
35,hotel1/mongodb-reservation,3992.48,268.32,400.43,0.0195,9,2899074,443595.8913,63.0661,314.1808,6.88,A
35,hotel2/memcached-profile,362.3,8.96,79.27,0.0,0,1631,311.294,5.712,314.1808,0.579,A
35,hotel2/jaeger,0.41,14.6,81.01,0.0,0,0,311.294,1.3679,1.454,0.0,A
35,hotel2/geo,1013.94,21.63,1119.06,0.0,0,2556,391.1011,15.9834,314.1808,1.77,A
35,hotel2/frontend,9680.82,113.8,1119.14,0.0,0,325160,49753.6938,152.5391,314.1808,16.9,A
35,hotel2/consul,25.2,26.95,212.87,0.0,0,1993,311.294,1.3679,314.1808,0.0462,A
35,hotel1/user,18.55,16.16,1119.06,0.0,0,1465,311.294,1.3679,314.1808,0.0378,A
35,hotel2/memcached-rate,226.83,7.49,79.27,0.0,0,1872,311.294,3.5776,314.1808,0.394,A
35,hotel1/reservation,814.91,112.5,1119.06,0.0,0,5233,800.7168,12.9135,314.1808,1.88,A
35,hotel1/recommendation,387.52,17.34,1119.06,0.0,0,3164,484.133,6.1152,314.1808,0.814,A
35,hotel1/rate,688.89,25.89,1119.14,0.0,0,3030,463.6293,10.8674,314.1808,1.56,A
35,hotel1/profile,1099.35,28.38,1119.06,0.0,0,7352,1124.9513,17.3333,314.1808,2.51,A
35,hotel1/mongodb-user,10.69,163.54,400.43,0.0,0,329,311.294,1.3679,314.1808,0.021,A
35,hotel1/search,1279.89,24.24,1119.06,0.0,0,5906,903.6945,20.1736,314.1808,2.85,A
36,hotel2/user,60.37,16.46,1119.06,0.0,0,1722,311.294,1.3679,332.5081,0.118,A
36,hotel2/search,2590.1,25.98,1119.06,0.0,0,3963,627.6834,48.1231,332.5081,4.11,A
36,hotel2/profile,3624.29,40.03,1119.06,0.0,0,16501,2613.5262,67.341,332.5081,6.39,A
36,hotel2/rate,1672.99,28.29,1119.14,0.0,0,3055,483.869,31.093,332.5081,3.02,A
36,hotel2/mongodb-user,11.7,163.58,400.43,0.0273,2,836,311.294,1.3679,332.5081,0.0184,A
36,hotel2/mongodb-reservation,4005.51,269.39,400.43,0.0625,6,2789671,441844.6388,74.6102,332.5081,5.95,A
36,hotel2/mongodb-recommendation,11.51,163.5,400.43,0.0273,2,122,311.294,1.3679,332.5081,0.0184,A
36,hotel2/recommendation,679.63,18.98,1119.06,0.0,0,2375,376.1666,12.6373,332.5081,1.01,A
36,hotel2/mongodb-rate,11.3,164.62,400.43,0.0273,2,145,311.294,1.3679,332.5081,0.022,A
36,hotel2/mongodb-profile,11.6,164.16,400.43,0.0273,2,164,311.294,1.3679,332.5081,0.022,A
36,hotel2/reservation,2351.06,113.54,1119.06,0.0,0,4332,686.1279,43.7561,332.5081,4.52,A
36,hotel2/memcached-reserve,309.29,7.12,79.27,0.0,0,1582,311.294,5.7498,332.5081,0.452,A
36,hotel2/mongodb-geo,11.75,163.5,400.43,0.0391,4,157,311.294,1.3679,332.5081,0.0184,A
36,es-stress-d2/elasticsearch-dynamic-0,1005.67,201344.18,1414.11,0.0,0,253,311.294,184.9806,332.5081,1.51,A
36,es-stress-d3/elasticsearch-dynamic-0,1005.52,201956.13,1414.12,0.0,0,485,311.294,185.4832,332.5081,1.5,A
36,es-stress-d4/elasticsearch-dynamic-0,1005.06,202182.72,1414.11,0.0,0,256,311.294,185.6618,332.5081,1.51,A
36,es-stress-d5/elasticsearch-dynamic-0,1009.46,203829.4,1414.11,0.0,0,219,311.294,187.1037,332.5081,1.5,A
36,hotel1/consul,24.12,26.24,212.87,0.0,0,1672,311.294,1.3679,332.5081,0.0441,A
36,hotel1/frontend,3710.43,101.59,1119.14,0.0,0,5288,837.5448,68.9916,332.5081,6.72,A
36,hotel1/geo,632.86,18.16,1119.06,0.0,0,3383,535.8196,11.7681,332.5081,0.988,A
36,hotel1/jaeger,0.31,14.83,81.01,0.0,0,0,311.294,1.3679,1.454,0.0037,A
36,hotel1/memcached-profile,184.29,7.51,79.27,0.0,0,2376,376.325,3.4287,332.5081,0.349,A
36,hotel1/memcached-rate,134.9,7.45,79.27,0.0,0,3974,629.4257,2.5114,332.5081,0.231,A
36,hotel1/memcached-reserve,155.81,6.98,79.27,0.0,0,1639,311.294,2.8994,332.5081,0.279,A
36,hotel1/mongodb-geo,10.54,163.77,400.43,0.0,0,231,311.294,1.3679,332.5081,0.011,A
36,hotel1/mongodb-profile,10.66,164.0,400.43,0.0,0,421,311.294,1.3679,332.5081,0.0147,A
36,hotel1/mongodb-rate,12.26,164.33,400.43,0.0273,1,333,311.294,1.3679,332.5081,0.0184,A
36,es-stress-d/elasticsearch-dynamic-0,1005.73,205833.01,1414.12,0.0,0,152,311.294,188.6893,332.5081,1.5,A
36,hotel1/mongodb-reservation,4006.92,268.5,400.43,0.0508,5,2911510,461142.2222,74.6357,332.5081,6.03,A
36,hotel1/mongodb-recommendation,11.83,163.58,400.43,0.0273,1,198,311.294,1.3679,332.5081,0.0184,A
36,hotel2/memcached-profile,379.48,7.96,79.27,0.0,0,2166,343.0639,7.054,332.5081,0.536,A
36,hotel2/jaeger,0.33,14.6,81.01,0.0,0,0,311.294,1.3679,1.454,0.0,A
36,hotel2/geo,1032.57,23.27,1119.06,0.0,0,2498,395.6481,19.1954,332.5081,1.63,A
36,hotel2/frontend,9476.93,107.34,1119.14,0.0,0,264481,41890.0694,176.088,332.5081,14.4,A
36,hotel2/consul,24.53,26.95,212.87,0.0,0,2395,379.3343,1.3679,332.5081,0.0404,A
36,hotel1/user,17.93,16.16,1119.06,0.0,0,1304,311.294,1.3679,332.5081,0.0367,A
36,hotel2/memcached-rate,232.42,7.48,79.27,0.0,0,1681,311.294,4.3225,332.5081,0.353,A
36,hotel1/search,1427.89,23.67,1119.06,0.0,0,4540,719.0721,26.5374,332.5081,2.33,A
36,hotel1/reservation,943.9,114.07,1119.06,0.0,0,4332,686.1279,17.6237,332.5081,1.53,A
36,hotel1/recommendation,437.26,17.95,1119.06,0.0,0,3266,517.2885,8.1353,332.5081,0.713,A
36,hotel1/rate,782.19,25.25,1119.14,0.0,0,4053,641.9382,14.5472,332.5081,1.23,A
36,hotel1/profile,1239.2,30.09,1119.06,0.0,0,4087,647.3233,23.0385,332.5081,2.16,A
36,hotel1/mongodb-user,11.42,163.54,400.43,0.0273,1,164,311.294,1.3679,332.5081,0.0184,A
37,hotel2/user,55.05,16.43,1119.06,0.0,0,1552,311.294,1.3679,353.2241,0.0984,A
37,hotel2/rate,1549.32,26.89,1119.14,0.0,0,3804,606.737,36.2864,353.2241,2.71,A
37,hotel2/recommendation,732.82,19.13,1119.06,0.0,0,3247,517.8957,17.1697,353.2241,1.01,A
37,hotel2/mongodb-recommendation,10.76,163.5,400.43,0.0,0,162,311.294,1.3679,353.2241,0.0146,A
37,hotel2/profile,3227.88,38.9,1119.06,0.0,0,4973,793.1922,75.5827,353.2241,6.14,A
37,hotel2/mongodb-user,10.67,163.58,400.43,0.0,0,89,311.294,1.3679,353.2241,0.0146,A
37,hotel2/mongodb-reservation,3978.94,269.8,400.43,0.0156,8,2851411,454799.3187,93.3902,353.2241,5.91,A
37,hotel2/search,2504.73,27.22,1119.06,0.0,0,4975,793.5112,58.6468,353.2241,3.81,A
37,hotel2/mongodb-rate,10.73,164.43,400.43,0.0,0,234,311.294,1.3679,353.2241,0.0146,A
37,hotel2/mongodb-profile,10.59,164.16,400.43,0.0,0,477,311.294,1.3679,353.2241,0.0219,A
37,hotel2/reservation,2147.54,117.12,1119.06,0.0,0,5484,874.6966,50.3768,353.2241,4.22,A
37,hotel2/memcached-reserve,311.26,7.08,79.27,0.0,0,1313,311.294,7.2917,353.2241,0.444,A
37,es-stress-d2/elasticsearch-dynamic-0,1010.76,206450.68,1414.11,0.0,0,242,311.294,229.2776,353.2241,1.49,A
37,es-stress-d3/elasticsearch-dynamic-0,1008.45,207154.39,1414.12,0.0,0,906,311.294,229.9244,353.2241,1.5,A
37,es-stress-d4/elasticsearch-dynamic-0,1010.25,207334.84,1414.11,0.0,0,392,311.294,230.1463,353.2241,1.5,A
37,es-stress-d5/elasticsearch-dynamic-0,910.57,208381.2,1414.11,0.0,0,485,311.294,228.8556,353.2241,1.5,A
37,hotel1/consul,25.29,26.24,212.87,0.0,0,1953,311.503,1.3679,353.2241,0.0364,A
37,hotel1/frontend,4155.13,92.07,1119.14,0.0,0,39331,6273.2844,97.3366,353.2241,6.55,A
37,hotel1/geo,671.72,17.94,1119.06,0.0,0,4416,704.3509,15.7385,353.2241,1.01,A
37,hotel1/jaeger,0.35,14.83,81.01,0.0,0,0,311.294,1.3679,1.454,0.0,A
37,hotel1/memcached-profile,230.34,7.51,79.27,0.0,0,2643,421.5578,5.3983,353.2241,0.328,A
37,hotel1/memcached-rate,145.93,7.46,79.27,0.0,0,2948,470.2052,3.4227,353.2241,0.23,A
37,hotel1/memcached-reserve,178.81,7.49,79.27,0.0,0,1514,311.294,4.1923,353.2241,0.277,A
37,hotel1/mongodb-geo,11.88,163.59,400.43,0.0273,1,182,311.294,1.3679,353.2241,0.0182,A
37,hotel1/mongodb-profile,11.54,164.0,400.43,0.0273,1,213,311.294,1.3679,353.2241,0.0219,A
37,hotel1/mongodb-rate,10.58,164.33,400.43,0.0,0,579,311.294,1.3679,353.2241,0.0219,A
37,hotel1/mongodb-recommendation,10.31,163.58,400.43,0.0,0,163,311.294,1.3679,353.2241,0.0146,A
37,es-stress-d/elasticsearch-dynamic-0,488.5,208336.02,1414.12,0.0,0,181,311.294,218.9326,353.2241,1.5,A
37,hotel1/mongodb-user,10.74,163.54,400.43,0.0,0,116,311.294,1.3679,353.2241,0.0182,A
37,hotel1/mongodb-reservation,3998.36,268.0,400.43,0.0156,8,2839904,452963.9552,93.8429,353.2241,5.97,A
37,hotel2/memcached-rate,229.06,7.47,79.27,0.0,0,2065,329.367,5.3683,353.2241,0.339,A
37,hotel2/memcached-profile,396.89,7.71,79.27,0.0,0,2230,355.6844,9.2963,353.2241,0.521,A
37,hotel2/jaeger,0.26,14.6,81.01,0.0,0,0,311.294,1.3679,1.454,0.0,A
37,hotel2/geo,1032.59,20.99,1119.06,0.0,0,3423,545.9676,24.1872,353.2241,1.53,A
37,hotel2/frontend,9009.41,107.12,1119.14,0.0,0,95317,15203.0369,210.9592,353.2241,14.5,A
37,hotel2/consul,24.34,26.95,212.87,0.0,0,1984,316.4475,1.3679,353.2241,0.0401,A
37,hotel2/mongodb-geo,10.74,163.5,400.43,0.0,0,252,311.294,1.3679,353.2241,0.0182,A
37,hotel1/search,1497.86,23.14,1119.06,0.0,0,5935,946.631,35.0783,353.2241,2.3,A
37,hotel1/reservation,958.69,116.05,1119.06,0.0,0,4478,714.2398,22.5524,353.2241,1.53,A
37,hotel1/recommendation,471.67,18.69,1119.06,0.0,0,3711,591.9035,11.0574,353.2241,0.725,A
37,hotel1/rate,837.5,25.94,1119.14,0.0,0,4818,768.4698,19.6263,353.2241,1.27,A
37,hotel1/user,25.48,16.23,1119.06,0.0,0,1075,311.294,1.3679,353.2241,0.0291,A
37,hotel1/profile,1353.6,27.38,1119.06,0.0,0,6925,1104.5357,31.7064,353.2241,2.07,A
38,hotel2/user,39.39,16.67,1119.06,0.0,0,942,311.294,1.3679,379.1934,0.109,A
38,hotel2/search,2343.86,25.71,1119.06,0.0,0,4620,695.5011,72.0801,379.1934,4.22,A
38,hotel2/reservation,1870.14,117.42,1119.06,0.0,0,4479,674.2748,57.6291,379.1934,4.5,A
38,hotel2/rate,1434.86,27.55,1119.14,0.0,0,4283,644.7687,44.1401,379.1934,2.85,A
38,hotel2/profile,2688.34,38.35,1119.06,0.0,0,4680,704.5336,82.6845,379.1934,6.51,A
38,hotel2/mongodb-user,11.31,163.58,400.43,0.0273,2,2238,336.9116,1.3679,379.1934,0.0194,A
38,hotel2/mongodb-reservation,4016.07,270.57,400.43,0.0508,4,2780842,418631.7667,123.779,379.1934,6.29,A
38,hotel2/mongodb-recommendation,11.08,163.5,400.43,0.043,4,157,311.294,1.3679,379.1934,0.0155,A
38,hotel2/mongodb-rate,10.74,164.62,400.43,0.0273,2,283,311.294,1.3679,379.1934,0.0194,A
38,hotel2/recommendation,698.45,17.79,1119.06,0.0,0,3751,564.6807,21.4915,379.1934,1.09,A
38,hotel2/mongodb-profile,11.0,164.41,400.43,0.0273,2,207,311.294,1.3679,379.1934,0.0233,A
38,hotel2/mongodb-geo,11.03,163.69,400.43,0.0273,2,206,311.294,1.3679,379.1934,0.0194,A
38,hotel2/memcached-rate,217.8,7.46,79.27,0.0,0,2277,342.7827,6.7041,379.1934,0.365,A
38,hotel2/memcached-reserve,308.67,7.08,79.27,0.0,0,1603,311.294,9.4969,379.1934,0.481,A
38,es-stress-d/elasticsearch-dynamic-0,7.68,208336.01,1414.12,0.0,0,759,311.294,252.1436,379.1934,1.59,A
38,es-stress-d2/elasticsearch-dynamic-0,378.84,208343.07,1414.11,0.0,0,875,311.294,263.5614,379.1934,1.6,A
38,es-stress-d3/elasticsearch-dynamic-0,237.65,208351.59,1414.12,0.0,0,587,311.294,259.2316,379.1934,1.58,A
38,es-stress-d4/elasticsearch-dynamic-0,194.83,208339.48,1414.11,0.0,0,721,311.294,257.9007,379.1934,1.59,A
38,es-stress-d5/elasticsearch-dynamic-0,11.74,208381.19,1414.11,0.0,0,298,311.294,252.323,379.1934,1.59,A
38,hotel1/consul,24.68,26.24,212.87,0.0,0,2275,342.4816,1.3679,379.1934,0.0388,A
38,hotel1/frontend,5428.47,95.38,1119.14,0.0,0,7154,1076.973,166.9836,379.1934,5.67,A
38,hotel1/jaeger,0.34,14.83,81.01,0.0,0,0,311.294,1.3679,1.454,0.0,A
38,hotel1/memcached-profile,284.94,7.77,79.27,0.0,0,1974,311.294,8.7683,379.1934,0.303,A
38,hotel1/memcached-rate,180.92,7.45,79.27,0.0,0,2471,371.9877,5.5704,379.1934,0.214,A
38,hotel1/memcached-reserve,225.76,6.99,79.27,0.0,0,1610,311.294,6.9482,379.1934,0.256,A
38,hotel1/mongodb-geo,10.1,163.59,400.43,0.0,0,3361,505.9695,1.3679,379.1934,0.0155,A
38,hotel1/mongodb-profile,10.27,164.0,400.43,0.0,0,354,311.294,1.3679,379.1934,0.0194,A
38,hotel1/geo,768.03,19.75,1119.06,0.0,0,3606,542.8522,23.6327,379.1934,0.959,A
38,hotel1/mongodb-recommendation,11.37,163.58,400.43,0.0273,1,183,311.294,1.3679,379.1934,0.0155,A
38,hotel1/mongodb-rate,11.06,164.33,400.43,0.0273,1,128,311.294,1.3679,379.1934,0.0155,A
38,hotel2/jaeger,0.28,14.6,81.01,0.0,0,0,311.294,1.3679,1.454,0.0,A
38,hotel2/geo,1011.88,20.98,1119.06,0.0,0,3293,495.7327,31.13,379.1934,1.77,A
38,hotel2/frontend,7948.31,105.32,1119.14,0.0,0,15990,2407.1565,244.4541,379.1934,15.4,A
38,hotel2/consul,23.1,26.95,212.87,0.0,0,1665,311.294,1.3679,379.1934,0.0427,A
38,hotel1/user,27.07,16.74,1119.06,0.0,0,1721,311.294,1.3679,379.1934,0.0311,A
38,hotel1/search,1783.76,26.14,1119.06,0.0,0,5437,818.4934,54.8634,379.1934,2.17,A
38,hotel2/memcached-profile,380.75,7.7,79.27,0.0,0,2446,368.2242,11.7134,379.1934,0.594,A
38,hotel1/recommendation,557.13,19.86,1119.06,0.0,0,3458,520.5721,17.1499,379.1934,0.691,A
38,hotel1/rate,1012.14,25.74,1119.14,0.0,0,4416,664.7907,31.1438,379.1934,1.2,A
38,hotel1/profile,1682.77,29.02,1119.06,0.0,0,4705,708.2971,51.7625,379.1934,1.95,A
38,hotel1/mongodb-user,11.05,163.54,400.43,0.0273,1,194,311.294,1.3679,379.1934,0.0194,A
38,hotel1/mongodb-reservation,3998.69,268.25,400.43,0.0742,15,3077758,463329.9084,123.2419,379.1934,6.36,A
38,hotel1/reservation,1199.96,115.43,1119.06,0.0,0,4965,747.4379,37.0257,379.1934,1.45,A
39,hotel2/user,38.06,15.94,1119.06,0.0,0,1656,311.294,1.3679,363.5881,0.0818,A
39,hotel2/profile,2061.82,37.51,1119.06,0.0,0,4409,651.7595,69.1035,363.5881,5.62,A
39,hotel2/recommendation,597.84,17.98,1119.06,0.0,0,3062,452.6395,20.0455,363.5881,0.946,A
39,hotel2/rate,1156.92,26.59,1119.14,0.0,0,4643,686.3505,38.7817,363.5881,2.59,A
39,hotel2/mongodb-user,10.17,163.58,400.43,0.0,0,165,311.294,1.3679,363.5881,0.0142,A
39,hotel2/mongodb-reservation,4001.85,270.78,400.43,0.0,0,3166033,468018.16,134.3609,363.5881,5.81,A
39,hotel2/mongodb-recommendation,10.19,163.5,400.43,0.0,0,139,311.294,1.3679,363.5881,0.0142,A
39,hotel2/search,1924.66,25.68,1119.06,0.0,0,4986,737.0544,64.4954,363.5881,3.77,A
39,hotel2/mongodb-rate,10.16,164.43,400.43,0.0,0,152,311.294,1.3679,363.5881,0.0142,A
39,hotel2/mongodb-profile,10.12,164.16,400.43,0.0,0,156,311.294,1.3679,363.5881,0.0142,A
39,hotel2/reservation,1512.73,117.63,1119.06,0.0,0,4284,633.2814,50.8076,363.5881,3.55,A
39,hotel2/memcached-reserve,278.42,7.07,79.27,0.0,0,1674,311.294,9.3339,363.5881,0.437,A
39,es-stress-d/elasticsearch-dynamic-0,8.91,208336.11,1414.12,0.0,0,633,311.294,248.4184,363.5881,1.46,A
39,es-stress-d2/elasticsearch-dynamic-0,8.96,208343.1,1414.11,0.0,0,418,311.294,248.4284,363.5881,1.46,A
39,es-stress-d3/elasticsearch-dynamic-0,8.61,208351.83,1414.12,0.0,0,746,311.294,248.4271,363.5881,1.46,A
39,es-stress-d4/elasticsearch-dynamic-0,8.04,208339.58,1414.11,0.0,0,632,311.294,248.3934,363.5881,1.46,A
39,es-stress-d5/elasticsearch-dynamic-0,6.1,208381.19,1414.11,0.0,0,793,311.294,248.378,363.5881,1.46,A
39,hotel1/consul,24.23,26.24,212.87,0.0,0,1891,311.294,1.3679,363.5881,0.0356,A
39,hotel1/frontend,5771.27,96.07,1119.14,0.0,0,7069,1044.9734,193.418,363.5881,4.61,A
39,hotel1/geo,793.8,18.55,1119.06,0.0,0,4061,600.3165,26.6097,363.5881,0.814,A
39,hotel1/jaeger,0.34,14.83,81.01,0.0,0,0,311.294,1.3679,1.454,0.0,A
39,hotel1/memcached-profile,284.6,7.51,79.27,0.0,0,2839,419.6746,9.5414,363.5881,0.235,A
39,hotel1/memcached-rate,181.21,7.45,79.27,0.0,0,2377,351.3795,6.0783,363.5881,0.178,A
39,hotel1/memcached-reserve,247.6,7.0,79.27,0.0,0,1932,311.294,8.3015,363.5881,0.199,A
39,hotel1/mongodb-geo,11.19,163.59,400.43,0.0312,1,216,311.294,1.3679,363.5881,0.0178,A
39,hotel1/mongodb-profile,10.96,164.16,400.43,0.0312,1,205,311.294,1.3679,363.5881,0.0178,A
39,hotel1/mongodb-rate,9.85,164.33,400.43,0.0,0,214,311.294,1.3679,363.5881,0.0142,A
39,hotel2/mongodb-geo,10.0,163.5,400.43,0.0,0,159,311.294,1.3679,363.5881,0.0142,A
39,hotel1/mongodb-reservation,3997.18,268.32,400.43,0.0156,7,2867447,423879.7476,134.2016,363.5881,5.83,A
39,hotel1/mongodb-recommendation,9.98,163.58,400.43,0.0,0,178,311.294,1.3679,363.5881,0.0142,A
39,hotel2/memcached-profile,323.74,7.95,79.27,0.0,0,1885,311.294,10.8529,363.5881,0.526,A
39,hotel2/jaeger,0.27,14.6,81.01,0.0,0,0,311.294,1.3679,1.454,0.0,A
39,hotel2/geo,860.9,20.78,1119.06,0.0,0,3560,526.2562,28.8598,363.5881,1.49,A
39,hotel2/frontend,6210.02,105.77,1119.14,0.0,0,7265,1073.9471,208.1251,363.5881,14.1,A
39,hotel2/consul,23.21,26.95,212.87,0.0,0,2689,397.5009,1.3679,363.5881,0.0356,A
39,hotel1/user,30.13,16.25,1119.06,0.0,0,1091,311.294,1.3679,363.5881,0.0285,A
39,hotel2/memcached-rate,181.44,7.46,79.27,0.0,0,2920,431.6484,6.0861,363.5881,0.338,A
39,hotel1/search,1835.78,25.62,1119.06,0.0,0,5364,792.9322,61.5183,363.5881,1.91,A
39,hotel1/reservation,1264.26,117.3,1119.06,0.0,0,5214,770.7584,42.485,363.5881,1.22,A
39,hotel1/recommendation,587.19,18.45,1119.06,0.0,0,3460,511.4738,19.6894,363.5881,0.58,A
39,hotel1/rate,1038.5,27.36,1119.14,0.0,0,4102,606.3773,34.8162,363.5881,1.01,A
39,hotel1/profile,1777.73,30.24,1119.06,0.0,0,5672,838.4622,59.5795,363.5881,1.63,A
39,hotel1/mongodb-user,10.39,163.54,400.43,0.0,0,163,311.294,1.3679,363.5881,0.0142,A
40,hotel2/user,22.29,15.68,1119.06,0.0,0,1037,311.294,1.3679,320.5011,0.0878,A
40,hotel2/search,1649.54,25.55,1119.06,0.0,0,6435,951.9885,59.1898,320.5011,3.62,A
40,hotel2/rate,943.41,26.24,1119.14,0.0,0,4766,705.0781,33.8646,320.5011,2.3,A
40,hotel2/mongodb-recommendation,10.35,163.5,400.43,0.0273,2,175,311.294,1.3679,320.5011,0.0169,A
40,hotel2/profile,1574.52,36.7,1119.06,0.0,0,5908,874.0246,56.5112,320.5011,5.11,A
40,hotel2/mongodb-user,11.72,163.58,400.43,0.0273,2,134,311.294,1.3679,320.5011,0.0169,A
40,hotel2/mongodb-reservation,3993.31,271.28,400.43,0.0898,4,2866339,424043.8014,143.5166,320.5011,5.53,A
40,hotel2/recommendation,494.67,18.2,1119.06,0.0,0,4950,732.2989,17.7614,320.5011,0.99,A
40,hotel2/mongodb-rate,10.48,164.44,400.43,0.0312,2,197,311.294,1.3679,320.5011,0.0135,A
40,hotel2/mongodb-profile,11.01,164.16,400.43,0.0312,2,285,311.294,1.3679,320.5011,0.0203,A
40,hotel2/reservation,1164.61,117.22,1119.06,0.0,0,5557,822.0979,41.8964,320.5011,3.27,A
40,hotel2/memcached-reserve,207.74,7.07,79.27,0.0,0,1526,311.294,7.4584,320.5011,0.432,A
40,es-stress-d/elasticsearch-dynamic-0,5.84,208336.07,1414.12,0.0,0,1200,311.294,225.3007,320.5011,1.39,A
40,es-stress-d2/elasticsearch-dynamic-0,6.13,208343.07,1414.11,0.0,0,557,311.294,225.3186,320.5011,1.39,A
40,es-stress-d3/elasticsearch-dynamic-0,5.97,208351.8,1414.12,0.0,0,1063,311.294,225.3223,320.5011,1.38,A
40,es-stress-d4/elasticsearch-dynamic-0,5.43,208339.55,1414.11,0.0,0,907,311.294,225.2897,320.5011,1.38,A
40,es-stress-d5/elasticsearch-dynamic-0,7.97,208381.29,1414.11,0.0234,8,610,311.294,225.4259,320.5011,1.39,A
40,hotel1/consul,21.98,26.24,212.87,0.0,0,2557,378.2804,1.3679,320.5011,0.0338,A
40,hotel1/frontend,4615.62,97.36,1119.14,0.0,0,6604,976.9903,165.6483,320.5011,5.48,A
40,hotel1/geo,720.54,21.22,1119.06,0.0,0,4595,679.7805,25.8657,320.5011,0.943,A
40,hotel1/jaeger,0.31,14.83,81.01,0.0,0,0,311.294,1.3679,1.454,0.0,A
40,hotel1/memcached-profile,233.45,7.53,79.27,0.0,0,2437,360.5277,8.381,320.5011,0.27,A
40,hotel1/memcached-rate,163.94,7.45,79.27,0.0,0,2797,413.7858,5.8879,320.5011,0.206,A
40,hotel1/memcached-reserve,215.23,6.99,79.27,0.0,0,1357,311.294,7.727,320.5011,0.24,A
40,hotel1/mongodb-geo,9.74,163.59,400.43,0.0,0,191,311.294,1.3679,320.5011,0.0135,A
40,hotel1/mongodb-profile,10.28,164.19,400.43,0.0,0,217,311.294,1.3679,320.5011,0.0169,A
40,hotel1/mongodb-rate,11.09,164.77,400.43,0.0312,1,193,311.294,1.3679,320.5011,0.0135,A
40,hotel2/mongodb-geo,10.73,163.5,400.43,0.0273,2,190,311.294,1.3679,320.5011,0.0135,A
40,hotel1/mongodb-reservation,3999.03,268.02,400.43,0.0547,5,3086534,456619.2661,143.7182,320.5011,5.55,A
40,hotel1/mongodb-recommendation,11.09,163.58,400.43,0.0273,1,235,311.294,1.3679,320.5011,0.0135,A
40,hotel2/memcached-rate,149.5,7.45,79.27,0.0,0,3378,499.7385,5.37,320.5011,0.321,A
40,hotel2/memcached-profile,265.64,7.68,79.27,0.0,0,3098,458.3155,9.5357,320.5011,0.53,A
40,hotel2/jaeger,0.3,14.6,81.01,0.0,0,0,311.294,1.3679,1.454,0.0,A
40,hotel2/frontend,4382.39,104.58,1119.14,0.0,0,6477,958.202,157.2912,320.5011,13.0,A
40,hotel2/consul,22.6,26.95,212.87,0.0,0,2239,331.2358,1.3679,320.5011,0.0338,A
40,hotel2/geo,729.61,20.13,1119.06,0.0,0,4105,607.2903,26.1898,320.5011,1.43,A
40,hotel1/search,1688.08,25.13,1119.06,0.0,0,5608,829.6428,60.5716,320.5011,2.1,A
40,hotel1/reservation,1107.3,118.27,1119.06,0.0,0,4804,710.6998,39.842,320.5011,1.33,A
40,hotel1/recommendation,505.63,18.21,1119.06,0.0,0,4518,668.3892,18.1545,320.5011,0.652,A
40,hotel1/rate,929.53,28.43,1119.14,0.0,0,5799,857.8992,33.3691,320.5011,1.18,A
40,hotel1/profile,1508.75,30.35,1119.06,0.0,0,5113,756.413,54.1454,320.5011,1.84,A
40,hotel1/mongodb-user,10.69,163.54,400.43,0.0273,1,143,311.294,1.3679,320.5011,0.0169,A
40,hotel1/user,24.82,16.24,1119.06,0.0,0,883,311.294,1.3679,320.5011,0.0237,A
41,hotel2/search,1635.37,26.14,1119.06,0.0,0,6470,921.8113,59.3629,309.1614,3.76,A
41,hotel2/user,23.95,15.69,1119.06,0.0,0,1298,311.294,1.3679,309.1614,0.07,A
41,hotel2/reservation,1212.49,118.03,1119.06,0.0,0,4311,614.2084,44.1158,309.1614,3.22,A
41,hotel2/mongodb-rate,9.77,164.62,400.43,0.0,0,216,311.294,1.3679,309.1614,0.0156,A
41,hotel2/rate,960.75,30.23,1119.14,0.0,0,5604,798.4282,34.8902,309.1614,2.32,A
41,hotel2/profile,1607.11,38.08,1119.06,0.0,0,5693,811.1084,58.35,309.1614,4.68,A
41,hotel2/mongodb-user,9.78,163.77,400.43,0.0,0,137,311.294,1.3679,309.1614,0.0194,A
41,hotel2/mongodb-reservation,4004.51,271.32,400.43,0.0039,2,3253491,463540.1262,145.578,309.1614,6.29,A
41,hotel2/mongodb-recommendation,9.44,163.68,400.43,0.0,0,127,311.294,1.3679,309.1614,0.0194,A
41,hotel2/recommendation,495.29,18.92,1119.06,0.0,0,3911,557.2185,17.9902,309.1614,1.12,A
41,hotel2/mongodb-profile,9.52,164.16,400.43,0.0,0,152,311.294,1.3679,309.1614,0.0194,A
41,hotel2/mongodb-geo,9.51,163.69,400.43,0.0,0,217,311.294,1.3679,309.1614,0.0156,A
41,hotel2/memcached-rate,150.67,7.46,79.27,0.0,0,3802,541.6888,5.4745,309.1614,0.358,A
41,es-stress-d/elasticsearch-dynamic-0,7.53,208336.07,1414.12,0.0234,8,500,311.294,218.2366,309.1614,0.28,A
41,es-stress-d2/elasticsearch-dynamic-0,7.6,208343.07,1414.11,0.0234,8,1065,311.294,218.2465,309.1614,1.61,A
41,es-stress-d3/elasticsearch-dynamic-0,6.81,208351.8,1414.12,0.0234,8,918,311.294,218.2269,309.1614,1.59,A
41,es-stress-d4/elasticsearch-dynamic-0,6.12,208339.55,1414.11,0.0234,8,551,311.294,218.1891,309.1614,1.59,A
41,es-stress-d5/elasticsearch-dynamic-0,5.96,208381.25,1414.11,0.0,0,590,311.294,218.2269,309.1614,1.1,A
41,hotel1/consul,24.11,26.81,212.87,0.0,0,2286,325.6971,1.3679,309.1614,0.0389,A
41,hotel1/frontend,3742.27,97.34,1119.14,0.0,0,6029,858.9799,135.8812,309.1614,6.61,A
41,hotel1/geo,665.67,19.15,1119.06,0.0,0,4540,646.8351,24.1723,309.1614,1.01,A
41,hotel1/jaeger,0.33,14.83,81.01,0.0,0,0,311.294,1.3679,1.454,0.0039,A
41,hotel1/memcached-profile,228.12,7.78,79.27,0.0,0,3207,456.9163,8.2849,309.1614,0.373,A
41,hotel1/memcached-rate,141.68,7.45,79.27,0.0,0,2787,397.077,5.1483,309.1614,0.229,A
41,hotel1/memcached-reserve,176.44,6.99,79.27,0.0,0,1754,311.294,6.409,309.1614,0.276,A
41,hotel1/mongodb-geo,10.98,163.75,400.43,0.0312,1,197,311.294,1.3679,309.1614,0.0194,A
41,hotel1/mongodb-profile,10.57,164.16,400.43,0.0312,1,187,311.294,1.3679,309.1614,0.0194,A
41,hotel2/memcached-reserve,217.1,7.07,79.27,0.0,0,1523,311.294,7.8844,309.1614,0.482,A
41,hotel1/mongodb-recommendation,9.7,163.58,400.43,0.0,0,173,311.294,1.3679,309.1614,0.0117,A
41,hotel1/mongodb-rate,9.53,164.58,400.43,0.0,0,192,311.294,1.3679,309.1614,0.0156,A
41,hotel2/memcached-profile,271.12,7.93,79.27,0.0,0,3172,451.9297,9.8452,309.1614,0.61,A
41,hotel2/jaeger,0.28,14.6,81.01,0.0,0,0,311.294,1.3679,1.454,0.0,A
41,hotel2/geo,715.46,20.71,1119.06,0.0,0,4324,616.0606,25.9804,309.1614,1.6,A
41,hotel2/consul,22.65,26.95,212.87,0.0,0,3466,493.8173,1.3679,309.1614,0.035,A
41,hotel1/user,21.01,16.25,1119.06,0.0,0,1185,311.294,1.3679,309.1614,0.0389,A
41,hotel2/frontend,4556.24,109.61,1119.14,0.0,0,6677,951.3035,165.427,309.1614,13.8,A
41,hotel1/reservation,1020.68,116.98,1119.06,0.0,0,5762,820.9392,37.1553,309.1614,1.47,A
41,hotel1/recommendation,462.68,19.81,1119.06,0.0,0,3511,500.2286,16.808,309.1614,0.715,A
41,hotel1/rate,813.53,25.94,1119.14,0.0,0,4607,656.3809,29.5441,309.1614,1.26,A
41,hotel1/profile,1331.7,29.05,1119.06,0.0,0,6076,865.6762,48.348,309.1614,2.08,A
41,hotel1/mongodb-user,9.86,163.54,400.43,0.0,0,150,311.294,1.3679,309.1614,0.0156,A
41,hotel1/mongodb-reservation,4004.23,268.19,400.43,0.0156,8,3060965,436110.0438,145.5646,309.1614,6.37,A
41,hotel1/search,1488.28,24.29,1119.06,0.0,0,6528,930.0748,54.0241,309.1614,2.31,A
42,hotel2/search,1290.21,25.42,1119.06,0.0,0,6886,961.4191,43.9139,290.5107,3.34,A
42,hotel2/user,17.23,15.7,1119.06,0.0,0,1146,311.294,1.3679,290.5107,0.0612,A
42,hotel2/reservation,909.3,117.6,1119.06,0.0,0,5039,703.5421,31.0421,290.5107,2.7,A
42,hotel2/mongodb-rate,10.76,164.44,400.43,0.0312,2,128,311.294,1.3679,290.5107,0.018,A
42,hotel2/rate,727.0,27.11,1119.14,0.0,0,5779,806.8604,24.7563,290.5107,2.03,A
42,hotel2/profile,1225.55,35.82,1119.06,0.0,0,6007,838.6937,41.724,290.5107,3.8,A
42,hotel2/mongodb-user,11.1,163.77,400.43,0.0312,2,118,311.294,1.3679,290.5107,0.018,A
42,hotel2/mongodb-reservation,3992.69,271.01,400.43,0.0508,2,3258727,454981.4725,136.0754,290.5107,5.85,A
42,hotel2/mongodb-recommendation,10.33,163.69,400.43,0.0312,2,189,311.294,1.3679,290.5107,0.018,A
42,hotel2/recommendation,391.95,18.03,1119.06,0.0,0,4083,570.066,13.3501,290.5107,1.0,A
42,hotel2/mongodb-profile,10.71,164.35,400.43,0.0312,2,208,311.294,1.3679,290.5107,0.018,A
42,hotel2/mongodb-geo,10.74,163.7,400.43,0.0312,2,243,311.294,1.3679,290.5107,0.018,A
42,hotel2/memcached-rate,122.02,7.45,79.27,0.0,0,2847,397.4964,4.1578,290.5107,0.306,A
42,hotel2/memcached-reserve,143.45,7.06,79.27,0.0,0,3157,440.7784,4.8864,290.5107,0.454,A
42,es-stress-d/elasticsearch-dynamic-0,5.85,208336.07,1414.12,0.0,0,1273,311.294,194.3989,290.5107,0.0072,A
42,es-stress-d2/elasticsearch-dynamic-0,6.39,208343.07,1414.11,0.0,0,906,311.294,194.4238,290.5107,0.0612,A
42,es-stress-d3/elasticsearch-dynamic-0,5.84,208351.8,1414.12,0.0,0,847,311.294,194.4132,290.5107,0.0072,A
42,es-stress-d4/elasticsearch-dynamic-0,5.54,208339.55,1414.11,0.0,0,1052,311.294,194.3916,290.5107,0.0072,A
42,es-stress-d5/elasticsearch-dynamic-0,6.87,208381.25,1414.11,0.0,0,498,311.294,194.4757,290.5107,0.0144,A
42,hotel1/consul,25.34,27.46,212.87,0.0,0,3427,478.4756,1.3679,290.5107,0.036,A
42,hotel1/frontend,4587.81,97.62,1119.14,0.0,0,6163,860.4743,156.1585,290.5107,8.22,A
42,hotel1/jaeger,0.28,14.83,81.01,0.0,0,0,311.294,1.3679,1.454,0.0,A
42,hotel1/memcached-profile,239.15,7.77,79.27,0.0,0,3901,544.6552,8.1426,290.5107,0.421,A
42,hotel1/memcached-rate,158.61,7.45,79.27,0.0,0,3636,507.6561,5.4025,290.5107,0.27,A
42,hotel1/memcached-reserve,200.86,6.99,79.27,0.0,0,1571,311.294,6.8393,290.5107,0.346,A
42,hotel1/mongodb-geo,10.27,163.59,400.43,0.0,0,178,311.294,1.3679,290.5107,0.0144,A
42,hotel1/mongodb-profile,10.07,164.19,400.43,0.0,0,437,311.294,1.3679,290.5107,0.0108,A
42,hotel1/geo,712.16,19.83,1119.06,0.0,0,4101,572.5791,24.2446,290.5107,1.15,A
42,hotel1/mongodb-recommendation,10.96,163.58,400.43,0.0312,1,270,311.294,1.3679,290.5107,0.0144,A
42,hotel1/mongodb-rate,10.75,164.33,400.43,0.0312,1,351,311.294,1.3679,290.5107,0.0108,A
42,hotel2/jaeger,0.29,14.6,81.01,0.0,0,0,311.294,1.3679,1.454,0.0,A
42,hotel2/geo,595.47,20.48,1119.06,0.0,0,4412,616.0007,20.2757,290.5107,1.44,A
42,hotel2/frontend,3160.25,101.61,1119.14,0.0,0,6502,907.8053,107.5997,290.5107,11.1,A
42,hotel2/consul,22.73,26.95,212.87,0.0,0,2332,325.5924,1.3679,290.5107,0.036,A
42,hotel1/user,27.38,15.61,1119.06,0.0,0,1422,311.294,1.3679,290.5107,0.0432,A
42,hotel1/search,1642.01,25.14,1119.06,0.0,0,6569,917.1598,55.8811,290.5107,2.66,A
42,hotel2/memcached-profile,200.25,7.91,79.27,0.0,0,2971,414.8092,6.8194,290.5107,0.551,A
42,hotel1/recommendation,528.47,18.18,1119.06,0.0,0,4720,659.0035,17.9944,290.5107,0.853,A
42,hotel1/rate,930.57,27.96,1119.14,0.0,0,5883,821.3809,31.6821,290.5107,1.52,A
42,hotel1/profile,1516.02,32.84,1119.06,0.0,0,5920,826.5468,51.6024,290.5107,2.57,A
42,hotel1/mongodb-user,10.62,163.54,400.43,0.0312,1,274,311.294,1.3679,290.5107,0.0144,A
42,hotel1/mongodb-reservation,4000.12,268.74,400.43,0.0703,11,3113348,434683.7453,136.326,290.5107,5.91,A
42,hotel1/reservation,1124.61,115.83,1119.06,0.0,0,4842,676.0371,38.3648,290.5107,1.82,A
43,hotel2/user,21.13,15.69,1119.06,0.0,0,1286,311.294,1.3679,326.7703,0.0401,A
43,hotel2/search,1612.93,28.41,1119.06,0.0,0,7079,1021.7728,55.5996,326.7703,2.48,A
43,hotel2/profile,1493.6,35.96,1119.06,0.0,0,4713,680.2678,51.4964,326.7703,2.56,A
43,hotel2/recommendation,482.85,18.26,1119.06,0.0,0,4702,678.68,16.6548,326.7703,0.768,A
43,hotel2/rate,899.94,27.8,1119.14,0.0,0,4980,718.8062,31.0347,326.7703,1.47,A
43,hotel2/mongodb-user,9.67,163.58,400.43,0.0,0,212,311.294,1.3679,326.7703,0.0167,A
43,hotel2/mongodb-reservation,4003.55,271.57,400.43,0.0,0,3168055,457272.5785,138.2204,326.7703,5.38,A
43,hotel2/mongodb-recommendation,10.01,163.5,400.43,0.0,0,160,311.294,1.3679,326.7703,0.0167,A
43,hotel2/reservation,1157.9,119.39,1119.06,0.0,0,6014,868.0523,40.0192,326.7703,1.85,A
43,hotel2/mongodb-rate,9.96,164.44,400.43,0.0,0,223,311.294,1.3679,326.7703,0.0134,A
43,hotel2/mongodb-profile,9.55,164.16,400.43,0.0,0,155,311.294,1.3679,326.7703,0.0134,A
43,hotel2/memcached-reserve,206.96,7.07,79.27,0.0,0,1634,311.294,7.1378,326.7703,0.347,A
43,es-stress-d/elasticsearch-dynamic-0,8.23,208336.07,1414.12,0.0,0,451,311.294,221.4291,326.7703,0.01,A
43,es-stress-d2/elasticsearch-dynamic-0,8.4,208343.07,1414.11,0.0,0,837,311.294,221.4424,326.7703,0.01,A
43,es-stress-d3/elasticsearch-dynamic-0,8.36,208351.8,1414.12,0.0,0,633,311.294,221.4503,326.7703,0.0167,A
43,es-stress-d4/elasticsearch-dynamic-0,9.46,208339.55,1414.11,0.0,0,443,311.294,221.4752,326.7703,0.0134,A
43,es-stress-d5/elasticsearch-dynamic-0,5.86,208381.25,1414.11,0.0,0,1027,311.294,221.3954,326.7703,0.0067,A
43,hotel1/consul,23.34,27.46,212.87,0.0,0,2197,317.1119,1.3679,326.7703,0.0301,A
43,hotel1/frontend,5235.7,99.41,1119.14,0.0,0,6034,870.939,180.4883,326.7703,7.64,A
43,hotel1/geo,745.99,19.86,1119.06,0.0,0,4544,655.8745,25.7223,326.7703,1.07,A
43,hotel1/jaeger,0.29,14.83,81.01,0.0,0,0,311.294,1.3679,1.454,0.0,A
43,hotel1/memcached-profile,273.26,7.77,79.27,0.0,0,3467,500.4219,9.4227,326.7703,0.371,A
43,hotel1/memcached-rate,177.92,7.46,79.27,0.0,0,3221,464.9146,6.1377,326.7703,0.244,A
43,hotel1/memcached-reserve,237.8,6.99,79.27,0.0,0,2111,311.294,8.2002,326.7703,0.321,A
43,hotel1/mongodb-geo,11.32,164.0,400.43,0.0312,1,167,311.294,1.3679,326.7703,0.0167,A
43,hotel1/mongodb-profile,10.89,164.0,400.43,0.0312,1,218,311.294,1.3679,326.7703,0.0134,A
43,hotel1/mongodb-rate,9.57,164.52,400.43,0.0,0,241,311.294,1.3679,326.7703,0.01,A
43,hotel2/mongodb-geo,9.74,163.51,400.43,0.0,0,169,311.294,1.3679,326.7703,0.0134,A
43,hotel1/mongodb-reservation,3997.85,268.66,400.43,0.0195,9,3060778,441788.368,138.0209,326.7703,5.47,A
43,hotel1/mongodb-recommendation,9.64,163.58,400.43,0.0,0,238,311.294,1.3679,326.7703,0.01,A
43,hotel2/memcached-rate,146.65,7.46,79.27,0.0,0,3617,522.0727,5.0604,326.7703,0.224,A
43,hotel2/memcached-profile,248.51,7.92,79.27,0.0,0,2820,407.0348,8.5702,326.7703,0.411,A
43,hotel2/jaeger,0.27,14.6,81.01,0.0,0,0,311.294,1.3679,1.454,0.0,A
43,hotel2/frontend,4140.17,103.75,1119.14,0.0,0,6298,909.0444,142.7492,326.7703,7.38,A
43,hotel2/consul,26.23,27.1,212.87,0.0,0,2431,350.8871,1.3679,326.7703,0.0301,A
43,hotel2/geo,711.7,20.38,1119.06,0.0,0,5259,759.0766,24.5414,326.7703,1.12,A
43,hotel1/search,1742.64,24.83,1119.06,0.0,0,6438,929.2518,60.0646,326.7703,2.43,A
43,hotel1/reservation,1220.16,114.29,1119.06,0.0,0,5402,779.717,42.1588,326.7703,1.67,A
43,hotel1/recommendation,549.1,18.36,1119.06,0.0,0,3789,546.8989,18.9373,326.7703,0.755,A
43,hotel1/rate,985.47,26.85,1119.14,0.0,0,4844,699.1761,33.9804,326.7703,1.35,A
43,hotel1/profile,1680.94,29.56,1119.06,0.0,0,5027,725.5901,57.9439,326.7703,2.31,A
43,hotel1/mongodb-user,9.82,163.73,400.43,0.0,0,194,311.294,1.3679,326.7703,0.0167,A
43,hotel1/user,26.42,15.6,1119.06,0.0,0,1034,311.294,1.3679,326.7703,0.0367,A
44,hotel2/user,18.63,15.83,1119.06,0.0,0,1070,311.294,1.3679,272.7662,0.0364,A
44,hotel2/search,1174.55,23.71,1119.06,0.0,0,6613,952.9157,38.9373,272.7662,2.05,A
44,hotel2/mongodb-recommendation,11.21,163.5,400.43,0.043,8,195,311.294,1.3679,272.7662,0.0091,A
44,hotel2/recommendation,349.62,18.44,1119.06,0.0,0,3623,522.0646,11.6,272.7662,0.62,A
44,hotel2/rate,637.39,27.01,1119.14,0.0,0,4804,692.2436,21.1422,272.7662,1.17,A
44,hotel2/profile,1082.74,35.71,1119.06,0.0,0,6295,907.0927,35.9056,272.7662,1.91,A
44,hotel2/mongodb-user,11.09,163.77,400.43,0.043,8,137,311.294,1.3679,272.7662,0.0137,A
44,hotel2/mongodb-reservation,4000.92,271.39,400.43,0.1875,22,3131792,451282.88,132.7976,272.7662,5.13,A
44,hotel2/reservation,792.31,118.89,1119.06,0.0,0,4709,678.5543,26.3542,272.7662,1.38,A
44,hotel2/mongodb-rate,10.6,164.63,400.43,0.0664,8,176,311.294,1.3679,272.7662,0.0137,A
44,hotel2/mongodb-profile,10.47,164.35,400.43,0.0781,16,179,311.294,1.3679,272.7662,0.0182,A
44,hotel1/jaeger,0.32,14.83,81.01,0.0,0,0,311.294,1.3679,1.454,0.0,A
44,hotel2/memcached-reserve,125.85,7.3,79.27,0.0,0,2191,315.7173,4.1761,272.7662,0.246,A
44,es-stress-d2/elasticsearch-dynamic-0,7.14,208343.07,1414.11,0.0,0,990,311.294,179.3265,272.7662,0.0046,A
44,es-stress-d3/elasticsearch-dynamic-0,7.19,208351.8,1414.12,0.0,0,855,311.294,179.3356,272.7662,0.0046,A
44,es-stress-d4/elasticsearch-dynamic-0,5.12,208339.55,1414.11,0.0039,2,806,311.294,179.2565,272.7662,0.0,A
44,es-stress-d5/elasticsearch-dynamic-0,9.67,208381.25,1414.11,0.0039,2,497,311.294,179.4431,272.7662,0.0046,A
44,hotel1/consul,23.85,27.46,212.87,0.0,0,3907,562.9883,1.3679,272.7662,0.0319,A
44,hotel1/frontend,4566.74,95.39,1119.14,0.0,0,7467,1075.9748,151.3939,272.7662,6.05,A
44,hotel1/geo,694.05,19.5,1119.06,0.0,0,4871,701.8981,23.013,272.7662,0.952,A
44,hotel2/mongodb-geo,10.97,163.51,400.43,0.043,8,196,311.294,1.3679,272.7662,0.0137,A
44,hotel1/memcached-profile,245.23,7.78,79.27,0.0,0,2243,323.2103,8.132,272.7662,0.328,A
44,hotel1/memcached-rate,147.9,7.45,79.27,0.0,0,3691,531.8633,4.9068,272.7662,0.214,A
44,hotel1/memcached-reserve,203.68,6.98,79.27,0.0,0,2232,321.6253,6.7546,272.7662,0.269,A
44,hotel1/mongodb-geo,9.78,163.78,400.43,0.0508,8,343,311.294,1.3679,272.7662,0.0137,A
44,hotel1/mongodb-profile,9.82,164.19,400.43,0.0469,7,395,311.294,1.3679,272.7662,0.0091,A
44,hotel1/mongodb-rate,10.73,164.52,400.43,0.0781,10,281,311.294,1.3679,272.7662,0.0137,A
44,es-stress-d/elasticsearch-dynamic-0,7.98,208336.07,1414.12,0.0,0,407,311.294,179.3483,272.7662,0.0137,A
44,hotel1/mongodb-reservation,4001.36,269.21,400.43,0.1211,20,3127192,450620.0323,132.8103,272.7662,5.28,A
44,hotel2/memcached-rate,105.61,7.7,79.27,0.0,0,4478,645.2679,3.5058,272.7662,0.182,A
44,hotel2/memcached-profile,163.81,7.92,79.27,0.0,0,3344,481.8615,5.4344,272.7662,0.333,A
44,hotel2/jaeger,0.27,14.6,81.01,0.0,0,0,311.294,1.3679,1.454,0.0,A
44,hotel2/geo,508.43,20.52,1119.06,0.0,0,3762,542.0942,16.8637,272.7662,0.893,A
44,hotel1/mongodb-recommendation,11.3,163.59,400.43,0.082,9,300,311.294,1.3679,272.7662,0.0182,A
44,hotel2/consul,23.48,27.11,212.87,0.0,0,2972,428.2573,1.3679,272.7662,0.0319,A
44,hotel2/frontend,2690.47,101.86,1119.14,0.0,0,6203,893.8358,89.2322,272.7662,5.17,A
44,hotel1/search,1571.84,26.07,1119.06,0.0,0,5928,854.209,52.1029,272.7662,2.22,A
44,hotel1/reservation,1054.64,113.36,1119.06,0.0,0,5683,818.9052,35.0413,272.7662,1.45,A
44,hotel1/recommendation,484.7,18.58,1119.06,0.0,0,4739,682.8773,16.0758,272.7662,0.656,A
44,hotel1/rate,878.68,26.43,1119.14,0.0,0,5020,723.3686,29.1364,272.7662,1.23,A
44,hotel1/profile,1393.49,29.57,1119.06,0.0,0,5100,734.8964,46.1966,272.7662,1.98,A
44,hotel1/mongodb-user,10.47,163.55,400.43,0.082,9,164,311.294,1.3679,272.7662,0.0182,A
44,hotel1/user,20.61,15.61,1119.06,0.0,0,1016,311.294,1.3679,272.7662,0.0364,A
45,hotel2/user,17.94,15.87,1119.06,0.0,0,1181,311.294,1.3679,274.922,0.0269,A
45,hotel2/search,1333.88,25.96,1119.06,0.0,0,5716,827.8931,45.8247,274.922,1.94,A
45,hotel2/mongodb-recommendation,9.31,163.51,400.43,0.0,0,152,311.294,1.3679,274.922,0.009,A
45,hotel2/recommendation,400.16,18.61,1119.06,0.0,0,3829,554.5841,13.7568,274.922,0.595,A
45,hotel2/rate,735.54,27.32,1119.14,0.0,0,5681,822.8238,25.2806,274.922,1.13,A
45,hotel2/profile,1269.33,36.62,1119.06,0.0,0,4966,719.2647,43.6177,274.922,1.95,A
45,hotel2/mongodb-user,9.46,163.59,400.43,0.0,0,165,311.294,1.3679,274.922,0.009,A
45,hotel2/mongodb-reservation,3999.99,271.32,400.43,0.0039,2,3193566,462549.203,137.5885,274.922,4.8,A
45,hotel2/reservation,944.69,120.75,1119.06,0.0,0,5093,737.6591,32.5448,274.922,1.4,A
45,hotel2/mongodb-rate,9.42,164.45,400.43,0.0,0,224,311.294,1.3679,274.922,0.012,A
45,hotel2/mongodb-profile,9.2,164.16,400.43,0.0,0,212,311.294,1.3679,274.922,0.012,A
45,hotel2/memcached-reserve,150.46,7.07,79.27,0.0,0,1597,311.294,5.1726,274.922,0.245,A
45,es-stress-d/elasticsearch-dynamic-0,8.78,208336.14,1414.12,0.0,0,501,311.294,184.4706,274.922,0.009,A
45,es-stress-d2/elasticsearch-dynamic-0,9.11,208343.07,1414.11,0.0,0,719,311.294,184.4881,274.922,0.012,A
45,es-stress-d3/elasticsearch-dynamic-0,6.65,208351.8,1414.12,0.0,0,822,311.294,184.4113,274.922,0.009,A
45,es-stress-d4/elasticsearch-dynamic-0,6.61,208339.55,1414.11,0.0,0,852,311.294,184.3991,274.922,0.012,A
45,es-stress-d5/elasticsearch-dynamic-0,6.29,208381.26,1414.11,0.0,0,813,311.294,184.425,274.922,0.006,A
45,hotel1/consul,24.48,27.46,212.87,0.0,0,2695,390.338,1.3679,274.922,0.0299,A
45,hotel1/frontend,3620.76,95.32,1119.14,0.0,0,6844,991.2702,124.4112,274.922,4.56,A
45,hotel1/geo,625.83,19.31,1119.06,0.0,0,4516,654.0877,21.5064,274.922,0.829,A
45,hotel1/jaeger,1.51,14.83,81.01,0.0,0,43,311.294,1.3679,1.454,0.0,A
45,hotel1/memcached-profile,223.42,7.53,79.27,0.0,0,3923,568.1988,7.6783,274.922,0.275,A
45,hotel1/memcached-rate,135.12,7.45,79.27,0.0,0,3318,480.572,4.6462,274.922,0.176,A
45,hotel1/memcached-reserve,177.67,7.49,79.27,0.0,0,2186,316.6155,6.1073,274.922,0.227,A
45,hotel1/mongodb-geo,10.85,163.59,400.43,0.0312,1,198,311.294,1.3679,274.922,0.015,A
45,hotel1/mongodb-profile,10.48,164.16,400.43,0.0312,1,282,311.294,1.3679,274.922,0.012,A
45,hotel1/mongodb-rate,9.09,164.52,400.43,0.0,0,150,311.294,1.3679,274.922,0.015,A
45,hotel2/mongodb-geo,9.49,163.7,400.43,0.0,0,251,311.294,1.3679,274.922,0.012,A
45,hotel1/mongodb-reservation,3998.06,269.29,400.43,0.0234,12,3018178,437146.3838,137.5204,274.922,4.91,A
45,hotel1/mongodb-recommendation,9.14,163.77,400.43,0.0,0,175,311.294,1.3679,274.922,0.012,A
45,hotel2/memcached-rate,119.65,7.46,79.27,0.0,0,4503,652.2048,4.115,274.922,0.179,A
45,hotel2/memcached-profile,197.7,7.92,79.27,0.0,0,2349,340.2241,6.7955,274.922,0.314,A
45,hotel2/jaeger,0.27,14.6,81.01,0.0,0,0,311.294,1.3679,1.454,0.0,A
45,hotel2/frontend,3185.96,105.38,1119.14,0.0,0,6083,881.0486,109.4903,274.922,5.59,A
45,hotel2/consul,22.6,27.11,212.87,0.0,0,2567,371.7987,1.3679,274.922,0.0299,A
45,hotel2/geo,587.05,20.36,1119.06,0.0,0,6232,902.6294,20.1757,274.922,0.855,A
45,hotel1/search,1441.69,24.08,1119.06,0.0,0,8029,1162.903,49.525,274.922,1.86,A
45,hotel1/reservation,985.55,119.27,1119.06,0.0,0,5911,856.1365,33.9465,274.922,1.29,A
45,hotel1/recommendation,448.45,17.83,1119.06,0.0,0,4956,717.8163,15.4143,274.922,0.58,A
45,hotel1/rate,802.89,25.51,1119.14,0.0,0,5556,804.719,27.5916,274.922,1.02,A
45,hotel1/profile,1293.16,30.59,1119.06,0.0,0,7158,1036.7493,44.4306,274.922,1.68,A
45,hotel1/mongodb-user,9.68,163.73,400.43,0.0,0,202,311.294,1.3679,274.922,0.009,A
45,hotel1/user,20.08,15.61,1119.06,0.0,0,1103,311.294,1.3679,274.922,0.0269,A
46,hotel2/search,1693.05,26.88,1119.06,0.0,0,6338,904.7777,60.2526,309.0645,1.44,A
46,hotel2/user,22.48,15.97,1119.06,0.0,0,1280,311.294,1.3679,309.0645,0.0162,A
46,hotel2/reservation,1242.63,119.71,1119.06,0.0,0,6673,952.6004,44.3243,309.0645,1.02,A
46,hotel2/mongodb-rate,10.18,164.45,400.43,0.0312,2,159,311.294,1.3679,309.0645,0.0108,A
46,hotel2/rate,989.19,26.31,1119.14,0.0,0,4844,691.5025,35.2143,309.0645,0.824,A
46,hotel2/profile,1650.72,40.03,1119.06,0.0,0,4849,692.2163,58.7602,309.0645,1.39,A
46,hotel2/mongodb-user,11.04,163.59,400.43,0.0312,2,206,311.294,1.3679,309.0645,0.0108,A
46,hotel2/mongodb-reservation,4002.27,271.93,400.43,0.0586,4,3253366,464432.4599,142.6449,309.0645,4.32,A
46,hotel2/mongodb-recommendation,10.18,163.69,400.43,0.0547,4,187,311.294,1.3679,309.0645,0.0108,A
46,hotel2/recommendation,514.96,18.69,1119.06,0.0,0,3856,550.4611,18.3372,309.0645,0.451,A
46,hotel2/mongodb-profile,10.72,164.16,400.43,0.0469,4,169,311.294,1.3679,309.0645,0.0108,A
46,hotel2/mongodb-geo,10.45,163.7,400.43,0.0312,2,267,311.294,1.3679,309.0645,0.0108,A
46,hotel2/memcached-rate,159.18,7.46,79.27,0.0,0,3200,456.8142,5.6699,309.0645,0.14,A
46,hotel2/memcached-reserve,223.25,7.07,79.27,0.0,0,2288,326.6222,7.9486,309.0645,0.167,A
46,es-stress-d/elasticsearch-dynamic-0,5.93,208336.14,1414.12,0.0,0,1277,311.294,211.4091,309.0645,0.0054,A
46,es-stress-d2/elasticsearch-dynamic-0,6.24,208343.07,1414.11,0.0,0,1157,311.294,211.4272,309.0645,0.0081,A
46,es-stress-d3/elasticsearch-dynamic-0,5.83,208351.8,1414.12,0.0,0,834,311.294,211.4214,309.0645,0.0108,A
46,es-stress-d4/elasticsearch-dynamic-0,5.09,208339.55,1414.11,0.0,0,464,311.294,211.3827,309.0645,0.0027,A
46,es-stress-d5/elasticsearch-dynamic-0,9.29,208381.26,1414.11,0.0234,6,1567,311.294,211.5744,309.0645,0.0054,A
46,hotel1/consul,23.24,27.46,212.87,0.0,0,2708,386.579,1.3679,309.0645,0.0243,A
46,hotel1/frontend,3577.39,101.53,1119.14,0.0,0,6478,924.7633,127.3583,309.0645,5.21,A
46,hotel1/jaeger,0.26,14.83,81.01,0.0,0,0,311.294,1.3679,1.454,0.0,A
46,hotel1/memcached-profile,227.12,7.76,79.27,0.0,0,2593,370.1623,8.087,309.0645,0.267,A
46,hotel1/memcached-rate,132.72,7.7,79.27,0.0,0,3865,551.7459,4.7289,309.0645,0.176,A
46,hotel1/memcached-reserve,176.81,6.99,79.27,0.0,0,1557,311.294,6.2966,309.0645,0.224,A
46,hotel1/mongodb-geo,9.48,163.78,400.43,0.0,0,328,311.294,1.3679,309.0645,0.0108,A
46,hotel1/mongodb-profile,9.88,164.19,400.43,0.0,0,373,311.294,1.3679,309.0645,0.0081,A
46,hotel1/geo,632.28,20.15,1119.06,0.0,0,4316,616.1282,22.512,309.0645,0.78,A
46,hotel1/mongodb-recommendation,10.58,163.59,400.43,0.0312,1,235,311.294,1.3679,309.0645,0.0108,A
46,hotel1/mongodb-rate,10.47,164.34,400.43,0.0312,1,388,311.294,1.3679,309.0645,0.0108,A
46,hotel2/jaeger,0.28,14.6,81.01,0.0,0,0,311.294,1.3679,1.454,0.0,A
46,hotel2/geo,744.01,19.65,1119.06,0.0,0,3896,556.1713,26.4859,309.0645,0.686,A
46,hotel2/frontend,4591.13,101.28,1119.14,0.0,0,6701,956.5975,163.4189,309.0645,3.58,A
46,hotel2/consul,22.34,27.64,212.87,0.0,0,2502,357.1716,1.3679,309.0645,0.0297,A
46,hotel1/user,18.06,15.62,1119.06,0.0,0,1441,311.294,1.3679,309.0645,0.0324,A
46,hotel1/search,1383.74,23.78,1119.06,0.0,0,6214,887.0761,49.2467,309.0645,1.81,A
46,hotel2/memcached-profile,270.19,7.66,79.27,0.0,0,4648,663.5227,9.619,309.0645,0.235,A
46,hotel1/recommendation,443.63,18.88,1119.06,0.0,0,4908,700.6388,15.8,309.0645,0.589,A
46,hotel1/rate,762.39,25.5,1119.14,0.0,0,4934,704.3504,27.1457,309.0645,1.02,A
46,hotel1/profile,1213.51,28.79,1119.06,0.0,0,5509,786.4342,43.1963,309.0645,1.65,A
46,hotel1/mongodb-user,10.61,163.73,400.43,0.0312,1,131,311.294,1.3679,309.0645,0.0108,A
46,hotel1/mongodb-reservation,3997.81,269.79,400.43,0.0586,3,3080374,439737.0828,142.4841,309.0645,4.43,A
46,hotel1/reservation,923.6,114.49,1119.06,0.0,0,4472,638.3979,32.9705,309.0645,1.23,A
47,hotel2/user,21.3,16.11,1119.06,0.0,0,1376,311.294,1.3679,298.936,0.0312,A
47,hotel2/search,1517.16,26.34,1119.06,0.0,0,6048,840.5809,56.8392,298.936,2.07,A
47,hotel2/profile,1403.28,39.12,1119.06,0.0,0,5794,805.2787,52.5881,298.936,1.93,A
47,hotel2/recommendation,464.9,18.26,1119.06,0.0,0,3947,548.5735,17.4277,298.936,0.621,A
47,hotel2/rate,828.92,26.58,1119.14,0.0,0,5952,827.2383,31.0675,298.936,1.13,A
47,hotel2/mongodb-user,9.41,163.77,400.43,0.0,0,116,311.294,1.3679,298.936,0.0125,A
47,hotel2/mongodb-reservation,3998.45,271.77,400.43,0.0039,2,3202218,445060.0512,150.0087,298.936,5.12,A
47,hotel2/mongodb-recommendation,9.5,163.51,400.43,0.0,0,362,311.294,1.3679,298.936,0.0094,A
47,hotel2/reservation,1040.41,119.01,1119.06,0.0,0,5337,741.7626,39.0829,298.936,1.54,A
47,hotel2/mongodb-rate,9.71,164.63,400.43,0.0,0,285,311.294,1.3679,298.936,0.0094,A
47,hotel2/mongodb-profile,9.68,164.16,400.43,0.0,0,240,311.294,1.3679,298.936,0.0125,A
47,hotel2/memcached-reserve,177.93,7.33,79.27,0.0,0,1476,311.294,6.6704,298.936,0.259,A
47,es-stress-d/elasticsearch-dynamic-0,7.54,208336.14,1414.12,0.0195,8,455,311.294,216.487,298.936,0.0125,A
47,es-stress-d2/elasticsearch-dynamic-0,7.23,208343.07,1414.11,0.0234,6,515,311.294,216.4826,298.936,0.0156,A
47,es-stress-d3/elasticsearch-dynamic-0,7.12,208351.87,1414.12,0.0195,8,1068,311.294,216.4876,298.936,0.0062,A
47,es-stress-d4/elasticsearch-dynamic-0,6.23,208339.55,1414.11,0.0195,8,932,311.294,216.4415,298.936,0.0125,A
47,es-stress-d5/elasticsearch-dynamic-0,5.71,208381.26,1414.11,0.0,0,830,311.294,216.4653,298.936,0.0094,A
47,hotel1/consul,23.65,27.46,212.87,0.0,0,2320,322.445,1.3679,298.936,0.0281,A
47,hotel1/frontend,4076.56,95.69,1119.14,0.0,0,5908,821.123,152.7509,298.936,6.8,A
47,hotel1/geo,667.87,21.66,1119.06,0.0,0,4881,678.3855,25.0317,298.936,0.971,A
47,hotel1/jaeger,0.3,14.83,81.01,0.0,0,0,311.294,1.3679,1.454,0.0,A
47,hotel1/memcached-profile,238.89,8.27,79.27,0.0,0,3512,488.1151,8.9541,298.936,0.356,A
47,hotel1/memcached-rate,144.41,7.46,79.27,0.0,0,4937,686.1686,5.4153,298.936,0.228,A
47,hotel1/memcached-reserve,191.54,6.99,79.27,0.0,0,1968,311.294,7.1797,298.936,0.303,A
47,hotel1/mongodb-geo,11.58,163.75,400.43,0.0312,1,269,311.294,1.3679,298.936,0.0156,A
47,hotel1/mongodb-profile,10.74,164.01,400.43,0.0312,1,223,311.294,1.3679,298.936,0.0156,A
47,hotel1/mongodb-rate,9.41,164.52,400.43,0.0,0,190,311.294,1.3679,298.936,0.0125,A
47,hotel2/mongodb-geo,10.26,163.7,400.43,0.0,0,208,311.294,1.3679,298.936,0.0094,A
47,hotel1/mongodb-reservation,4001.84,269.57,400.43,0.0195,10,3255642,452485.1822,150.1333,298.936,5.12,A
47,hotel1/mongodb-recommendation,9.19,163.59,400.43,0.0,0,225,311.294,1.3679,298.936,0.0125,A
47,hotel2/memcached-rate,134.37,7.45,79.27,0.0,0,4201,583.8757,5.0394,298.936,0.187,A
47,hotel2/memcached-profile,240.98,7.67,79.27,0.0,0,2145,311.294,9.0317,298.936,0.303,A
47,hotel2/jaeger,0.3,14.6,81.01,0.0,0,0,311.294,1.3679,1.454,0.0,A
47,hotel2/frontend,3713.98,102.66,1119.14,0.0,0,6840,950.6569,139.1809,298.936,5.37,A
47,hotel2/consul,22.58,27.65,212.87,0.0,0,2670,371.0898,1.3679,298.936,0.0281,A
47,hotel2/geo,662.11,19.82,1119.06,0.0,0,4695,652.5343,24.8141,298.936,0.899,A
47,hotel1/search,1522.61,23.83,1119.06,0.0,0,6134,852.5336,57.0406,298.936,2.24,A
47,hotel1/reservation,1034.95,115.77,1119.06,0.0,0,5351,743.7084,38.8751,298.936,1.55,A
47,hotel1/recommendation,469.58,18.71,1119.06,0.0,0,4279,594.7165,17.6034,298.936,0.706,A
47,hotel1/rate,850.38,27.67,1119.14,0.0,0,4581,636.69,31.8722,298.936,1.27,A
47,hotel1/profile,1347.6,31.45,1119.06,0.0,0,7227,1004.4441,50.4951,298.936,2.18,A
47,hotel1/mongodb-user,9.65,163.73,400.43,0.0,0,246,311.294,1.3679,298.936,0.0125,A
47,hotel1/user,24.86,16.62,1119.06,0.0,0,1320,311.294,1.3679,298.936,0.0281,A
48,hotel2/user,20.32,16.37,1119.06,0.0,0,1366,311.294,1.3679,303.1282,0.0239,A
48,hotel2/search,1586.47,25.7,1119.06,0.0,0,6218,909.8542,55.0463,303.1282,1.61,A
48,hotel2/mongodb-recommendation,9.77,163.69,400.43,0.0312,2,144,311.294,1.3679,303.1282,0.0137,A
48,hotel2/recommendation,487.39,19.05,1119.06,0.0,0,3808,557.2089,16.9222,303.1282,0.472,A
48,hotel2/rate,905.51,28.01,1119.14,0.0,0,4452,651.4427,31.4321,303.1282,0.895,A
48,hotel2/profile,1517.71,38.5,1119.06,0.0,0,5366,785.1846,52.6743,303.1282,1.48,A
48,hotel2/mongodb-user,10.44,163.77,400.43,0.043,4,118,311.294,1.3679,303.1282,0.0171,A
48,hotel2/mongodb-reservation,3999.84,271.89,400.43,0.1016,6,3108098,454795.1251,138.99,303.1282,5.59,A
48,hotel2/reservation,1143.2,118.98,1119.06,0.0,0,5829,852.9335,39.766,303.1282,1.12,A
48,hotel2/mongodb-rate,9.84,164.45,400.43,0.0312,2,196,311.294,1.3679,303.1282,0.0171,A
48,hotel2/mongodb-profile,10.38,164.35,400.43,0.0312,2,133,311.294,1.3679,303.1282,0.0103,A
48,hotel2/mongodb-geo,10.14,163.51,400.43,0.0312,2,190,311.294,1.3679,303.1282,0.0171,A
48,hotel2/memcached-reserve,204.26,7.08,79.27,0.0,0,1720,311.294,7.091,303.1282,0.178,A
48,es-stress-d2/elasticsearch-dynamic-0,5.91,208343.07,1414.11,0.0039,2,857,311.294,207.6955,303.1282,0.0103,A
48,es-stress-d3/elasticsearch-dynamic-0,5.91,208351.87,1414.12,0.0039,2,637,311.294,207.7043,303.1282,0.0068,A
48,es-stress-d4/elasticsearch-dynamic-0,5.47,208339.55,1414.11,0.0,0,589,311.294,207.6767,303.1282,0.0068,A
48,es-stress-d5/elasticsearch-dynamic-0,7.39,208381.26,1414.11,0.0,0,455,311.294,207.7849,303.1282,0.0034,A
48,hotel1/consul,23.54,27.46,212.87,0.0,0,3023,442.3431,1.3679,303.1282,0.0376,A
48,hotel1/frontend,3968.99,94.38,1119.14,0.0,0,6468,946.4357,137.7433,303.1282,5.72,A
48,hotel1/geo,661.75,18.59,1119.06,0.0,0,5105,746.9935,22.9688,303.1282,0.889,A
48,hotel1/jaeger,0.27,14.83,81.01,0.0,0,0,311.294,1.3679,1.454,0.0,A
48,hotel1/memcached-profile,220.1,7.54,79.27,0.0,0,2808,410.883,7.6408,303.1282,0.321,A
48,hotel1/memcached-rate,144.72,7.46,79.27,0.0,0,3338,488.4357,5.0265,303.1282,0.195,A
48,hotel1/memcached-reserve,182.96,6.99,79.27,0.0,0,1370,311.294,6.3522,303.1282,0.26,A
48,hotel1/mongodb-geo,9.19,163.59,400.43,0.0,0,169,311.294,1.3679,303.1282,0.0137,A
48,hotel1/mongodb-profile,9.6,164.0,400.43,0.0,0,365,311.294,1.3679,303.1282,0.0103,A
48,hotel1/mongodb-rate,10.19,164.52,400.43,0.0312,1,340,311.294,1.3679,303.1282,0.0137,A
48,es-stress-d/elasticsearch-dynamic-0,5.73,208336.14,1414.12,0.0039,2,1141,311.294,207.6824,303.1282,0.0068,A
48,hotel1/mongodb-reservation,4000.17,268.95,400.43,0.0664,5,3054747,446988.4939,138.9985,303.1282,5.61,A
48,hotel2/memcached-rate,142.35,7.46,79.27,0.0,0,2812,411.4683,4.9443,303.1282,0.147,A
48,hotel2/memcached-profile,260.8,7.94,79.27,0.0,0,3220,471.1693,9.0528,303.1282,0.236,A
48,hotel2/jaeger,0.31,14.6,81.01,0.0,0,0,311.294,1.3679,1.454,0.0,A
48,hotel2/geo,700.65,21.89,1119.06,0.0,0,4241,620.568,24.3212,303.1282,0.697,A
48,hotel1/mongodb-recommendation,10.28,163.59,400.43,0.0312,1,170,311.294,1.3679,303.1282,0.0137,A
48,hotel2/consul,22.03,27.92,212.87,0.0,0,2973,435.0268,1.3679,303.1282,0.0308,A
48,hotel2/frontend,4467.41,101.7,1119.14,0.0,0,7521,1100.5168,155.0363,303.1282,3.59,A
48,hotel1/search,1507.02,26.07,1119.06,0.0,0,5678,830.8383,52.2912,303.1282,2.04,A
48,hotel1/reservation,1007.28,116.93,1119.06,0.0,0,5087,744.3597,35.0501,303.1282,1.36,A
48,hotel1/recommendation,467.74,18.79,1119.06,0.0,0,3733,546.2345,16.2405,303.1282,0.636,A
48,hotel1/rate,830.66,26.83,1119.14,0.0,0,5146,752.9929,28.835,303.1282,1.14,A
48,hotel1/profile,1376.27,31.25,1119.06,0.0,0,5020,734.5558,47.7618,303.1282,1.83,A
48,hotel1/mongodb-user,10.28,163.55,400.43,0.0312,1,182,311.294,1.3679,303.1282,0.0171,A
48,hotel1/user,21.75,15.62,1119.06,0.0,0,1285,311.294,1.3679,303.1282,0.0308,A
49,hotel2/user,17.73,16.37,1119.06,0.0,0,924,311.294,1.3679,305.095,0.0169,A
49,hotel2/search,1472.04,28.46,1119.06,0.0,0,5370,749.1792,52.0706,305.095,1.52,A
49,hotel2/mongodb-recommendation,9.66,163.5,400.43,0.0,0,220,311.294,1.3679,305.095,0.0112,A
49,hotel2/recommendation,458.28,18.63,1119.06,0.0,0,4585,639.6623,16.2205,305.095,0.455,A
49,hotel2/rate,843.8,27.57,1119.14,0.0,0,4673,651.9393,29.859,305.095,0.843,A
49,hotel2/profile,1371.71,38.76,1119.06,0.0,0,4464,622.7813,48.5338,305.095,1.45,A
49,hotel2/mongodb-user,9.39,163.59,400.43,0.0,0,89,311.294,1.3679,305.095,0.0084,A
49,hotel2/mongodb-reservation,4002.12,271.72,400.43,0.0,0,3390063,472954.2864,141.761,305.095,4.5,A
49,hotel2/reservation,1056.2,120.05,1119.06,0.0,0,4794,668.8203,37.4604,305.095,1.07,A
49,hotel2/mongodb-rate,9.75,164.45,400.43,0.0,0,194,311.294,1.3679,305.095,0.0112,A
49,hotel2/mongodb-profile,9.8,164.16,400.43,0.0,0,259,311.294,1.3679,305.095,0.0084,A
49,hotel2/memcached-reserve,179.73,7.08,79.27,0.0,0,1763,311.294,6.3612,305.095,0.174,A
49,es-stress-d/elasticsearch-dynamic-0,7.78,208336.14,1414.12,0.0,0,693,311.294,207.9782,305.095,0.0056,A
49,es-stress-d2/elasticsearch-dynamic-0,8.54,208343.14,1414.11,0.0039,1,827,311.294,208.0121,305.095,0.0112,A
49,es-stress-d3/elasticsearch-dynamic-0,9.51,208351.87,1414.12,0.0,0,646,311.294,208.055,305.095,0.0084,A
49,es-stress-d4/elasticsearch-dynamic-0,10.59,208339.55,1414.11,0.0039,1,433,311.294,208.0809,305.095,0.0084,A
49,es-stress-d5/elasticsearch-dynamic-0,6.55,208381.26,1414.11,0.0,0,623,311.294,207.9797,305.095,0.0084,A
49,hotel1/consul,23.62,27.46,212.87,0.0,0,2478,345.7106,1.3679,305.095,0.0281,A
49,hotel1/frontend,4208.46,95.05,1119.14,0.0,0,5966,832.3283,148.8798,305.095,4.26,A
49,hotel1/geo,696.57,19.15,1119.06,0.0,0,3749,523.0303,24.6455,305.095,0.742,A
49,hotel1/jaeger,0.25,14.83,81.01,0.0,0,0,311.294,1.3679,1.454,0.0056,A
49,hotel1/memcached-profile,240.03,8.02,79.27,0.0,0,3576,498.8947,8.494,305.095,0.261,A
49,hotel1/memcached-rate,160.11,7.45,79.27,0.0,0,2416,337.0609,5.6679,305.095,0.157,A
49,hotel1/memcached-reserve,202.25,6.99,79.27,0.0,0,2104,311.294,7.1573,305.095,0.214,A
49,hotel1/mongodb-geo,10.98,163.75,400.43,0.0352,1,236,311.294,1.3679,305.095,0.0169,A
49,hotel1/mongodb-profile,10.43,164.01,400.43,0.0352,1,193,311.294,1.3679,305.095,0.0112,A
49,hotel1/mongodb-rate,9.51,164.34,400.43,0.0,0,205,311.294,1.3679,305.095,0.0112,A
49,hotel2/mongodb-geo,9.44,163.51,400.43,0.0,0,197,311.294,1.3679,305.095,0.014,A
49,hotel1/mongodb-reservation,4000.74,268.62,400.43,0.0156,7,3103534,432980.068,141.7092,305.095,4.61,A
49,hotel2/memcached-rate,136.75,7.71,79.27,0.0,0,2999,418.3963,4.8423,305.095,0.138,A
49,hotel2/memcached-profile,235.24,7.95,79.27,0.0,0,2928,408.491,8.3246,305.095,0.219,A
49,hotel2/jaeger,1.49,14.6,81.01,0.0,0,18,311.294,1.3679,1.454,0.0,A
49,hotel2/geo,661.46,20.21,1119.06,0.0,0,5192,724.346,23.4053,305.095,0.671,A
49,hotel1/mongodb-recommendation,9.51,163.59,400.43,0.0,0,210,311.294,1.3679,305.095,0.0084,A
49,hotel2/consul,22.87,27.68,212.87,0.0,0,3228,450.3446,1.3679,305.095,0.0253,A
49,hotel2/frontend,3730.76,105.54,1119.14,0.0,0,5856,816.982,132.0017,305.095,3.67,A
49,hotel1/search,1640.69,24.02,1119.06,0.0,0,6267,874.3214,58.0286,305.095,1.72,A
49,hotel1/reservation,1116.22,116.27,1119.06,0.0,0,5167,720.8582,39.5785,305.095,1.12,A
49,hotel1/recommendation,503.29,17.5,1119.06,0.0,0,4081,569.3483,17.8107,305.095,0.534,A
49,hotel1/rate,893.89,25.8,1119.14,0.0,0,5026,701.187,31.6281,305.095,0.958,A
49,hotel1/profile,1421.49,29.32,1119.06,0.0,0,5600,781.2669,50.2843,305.095,1.55,A
49,hotel1/mongodb-user,9.69,163.55,400.43,0.0,0,198,311.294,1.3679,305.095,0.0112,A
49,hotel1/user,23.39,15.63,1119.06,0.0,0,1307,311.294,1.3679,305.095,0.0253,A
50,hotel2/user,19.86,16.37,1119.06,0.0,0,1006,311.294,1.3679,282.3715,0.033,A
50,hotel2/search,1540.41,25.15,1119.06,0.0,0,5512,778.7691,50.4684,282.3715,2.19,A
50,hotel2/mongodb-recommendation,10.65,163.51,400.43,0.0352,2,252,311.294,1.3679,282.3715,0.0132,A
50,hotel2/recommendation,461.71,19.3,1119.06,0.0,0,3515,496.6207,15.1372,282.3715,0.661,A
50,hotel2/rate,859.64,28.13,1119.14,0.0,0,5610,792.6151,28.1766,282.3715,1.25,A
50,hotel2/profile,1432.44,37.47,1119.06,0.0,0,6273,886.2878,46.9432,282.3715,2.12,A
50,hotel2/mongodb-user,10.91,163.59,400.43,0.0352,2,287,311.294,1.3679,282.3715,0.0165,A
50,hotel2/mongodb-reservation,3995.12,271.8,400.43,0.1133,8,3134250,442826.0032,131.0718,282.3715,5.28,A
50,hotel2/reservation,1023.15,118.6,1119.06,0.0,0,5160,729.0363,33.6101,282.3715,1.57,A
50,hotel2/mongodb-rate,10.15,164.45,400.43,0.0352,2,175,311.294,1.3679,282.3715,0.0165,A
50,hotel2/mongodb-profile,10.39,164.17,400.43,0.0352,2,251,311.294,1.3679,282.3715,0.0132,A
50,hotel2/memcached-reserve,189.61,7.07,79.27,0.0,0,1772,311.294,6.2156,282.3715,0.278,A
50,es-stress-d/elasticsearch-dynamic-0,7.36,208336.14,1414.12,0.0039,1,648,311.294,181.6276,282.3715,0.0099,A
50,es-stress-d2/elasticsearch-dynamic-0,6.86,208343.14,1414.11,0.0,0,1128,311.294,181.6173,282.3715,0.0066,A
50,es-stress-d3/elasticsearch-dynamic-0,7.69,208351.87,1414.12,0.0039,1,802,311.294,181.6521,282.3715,0.0099,A
50,es-stress-d4/elasticsearch-dynamic-0,5.58,208339.55,1414.11,0.0,0,996,311.294,181.5723,282.3715,0.0099,A
50,es-stress-d5/elasticsearch-dynamic-0,8.92,208381.26,1414.11,0.0039,1,335,311.294,181.718,282.3715,0.0132,A
50,hotel1/consul,23.73,27.46,212.87,0.0,0,2905,410.4362,1.3679,282.3715,0.033,A
50,hotel1/frontend,3595.63,96.3,1119.14,0.0,0,6127,865.66,117.8362,282.3715,4.73,A
50,hotel1/geo,578.38,19.47,1119.06,0.0,0,5410,764.3579,18.9582,282.3715,0.846,A
50,hotel1/jaeger,0.26,14.83,81.01,0.0,0,0,311.294,1.3679,1.454,0.0,A
50,hotel1/memcached-profile,197.61,8.28,79.27,0.0,0,3119,440.6714,6.4787,282.3715,0.314,A
50,hotel1/memcached-rate,127.61,7.45,79.27,0.0,0,4119,581.9575,4.1856,282.3715,0.185,A
50,hotel1/memcached-reserve,161.43,7.25,79.27,0.0,0,1414,311.294,5.2929,282.3715,0.245,A
50,hotel1/mongodb-geo,9.22,163.79,400.43,0.0,0,154,311.294,1.3679,282.3715,0.0132,A
50,hotel1/mongodb-profile,9.36,164.2,400.43,0.0,0,491,311.294,1.3679,282.3715,0.0132,A
50,hotel1/mongodb-rate,10.59,164.34,400.43,0.0352,1,219,311.294,1.3679,282.3715,0.0132,A
50,hotel2/mongodb-geo,10.56,163.52,400.43,0.0625,4,228,311.294,1.3679,282.3715,0.0132,A
50,hotel1/mongodb-reservation,3993.05,268.73,400.43,0.0742,9,3239225,457657.5131,131.0013,282.3715,5.42,A
50,hotel2/memcached-rate,134.92,7.45,79.27,0.0,0,4605,650.6226,4.4249,282.3715,0.205,A
50,hotel2/memcached-profile,227.72,7.67,79.27,0.0,0,2920,412.5555,7.4642,282.3715,0.347,A
50,hotel2/jaeger,0.4,14.6,81.01,0.0,0,0,311.294,1.3679,1.454,0.0,A
50,hotel1/mongodb-recommendation,10.5,163.59,400.43,0.0352,1,221,311.294,1.3679,282.3715,0.0132,A
50,hotel2/frontend,3798.2,100.94,1119.14,0.0,0,7117,1005.5333,124.4742,282.3715,6.11,A
50,hotel2/consul,21.99,27.69,212.87,0.0,0,2539,358.7254,1.3679,282.3715,0.033,A
50,hotel2/geo,671.87,20.93,1119.06,0.0,0,4288,605.8349,22.0211,282.3715,0.962,A
50,hotel1/search,1346.27,25.87,1119.06,0.0,0,5940,839.2395,44.1112,282.3715,1.85,A
50,hotel1/reservation,878.34,117.8,1119.06,0.0,0,4389,620.1048,28.8671,282.3715,1.28,A
50,hotel1/recommendation,401.98,17.93,1119.06,0.0,0,4446,628.1581,13.18,282.3715,0.595,A
50,hotel1/rate,747.0,25.8,1119.14,0.0,0,4793,677.1843,24.4858,282.3715,1.04,A
50,hotel1/profile,1190.98,31.23,1119.06,0.0,0,7753,1095.3912,39.0303,282.3715,1.64,A
50,hotel1/mongodb-user,10.15,163.55,400.43,0.0352,1,162,311.294,1.3679,282.3715,0.0132,A
50,hotel1/user,17.81,15.88,1119.06,0.0,0,1109,311.294,1.3679,282.3715,0.0231,A
51,hotel2/user,22.83,16.12,1119.06,0.0,0,1298,311.294,1.3679,292.0405,0.0273,A
51,hotel2/search,1315.02,27.16,1119.06,0.0,0,6032,865.4515,42.4766,292.0405,1.92,A
51,hotel2/mongodb-recommendation,9.28,163.51,400.43,0.0,0,204,311.294,1.3679,292.0405,0.0121,A
51,hotel2/rate,737.33,27.64,1119.14,0.0,0,4928,707.0532,23.8277,292.0405,1.06,A
51,hotel2/profile,1205.41,37.48,1119.06,0.0,0,4731,678.7883,38.9473,292.0405,1.73,A
51,hotel2/mongodb-user,9.55,163.59,400.43,0.0,0,142,311.294,1.3679,292.0405,0.0121,A
51,hotel2/mongodb-reservation,4005.18,271.7,400.43,0.0078,4,3223846,462546.825,129.5406,292.0405,4.88,A
51,hotel2/reservation,934.98,119.38,1119.06,0.0,0,4432,635.8888,30.2903,292.0405,1.24,A
51,hotel2/mongodb-rate,9.35,164.45,400.43,0.0,0,169,311.294,1.3679,292.0405,0.0121,A
51,hotel2/mongodb-profile,9.61,164.17,400.43,0.0,0,266,311.294,1.3679,292.0405,0.0121,A
51,hotel2/recommendation,383.97,18.35,1119.06,0.0,0,3821,548.2245,12.412,292.0405,0.573,A
51,hotel2/memcached-reserve,156.09,7.08,79.27,0.0,0,1572,311.294,5.0453,292.0405,0.224,A
51,es-stress-d/elasticsearch-dynamic-0,7.3,208336.14,1414.12,0.0,0,584,311.294,186.4846,292.0405,0.0121,A
51,es-stress-d2/elasticsearch-dynamic-0,7.33,208343.14,1414.11,0.0,0,983,311.294,186.4918,292.0405,0.0151,A
51,es-stress-d3/elasticsearch-dynamic-0,6.99,208351.87,1414.12,0.0,0,706,311.294,186.4887,292.0405,0.003,A
51,es-stress-d4/elasticsearch-dynamic-0,6.78,208339.55,1414.11,0.0,0,887,311.294,186.4709,292.0405,0.0091,A
51,es-stress-d5/elasticsearch-dynamic-0,5.71,208381.26,1414.11,0.0039,2,1041,311.294,186.4736,292.0405,0.003,A
51,hotel1/consul,22.52,27.46,212.87,0.0,0,2554,366.4395,1.3679,292.0405,0.0273,A
51,hotel1/frontend,4944.28,100.34,1119.14,0.0,0,7961,1142.2181,159.704,292.0405,5.12,A
51,hotel1/geo,710.47,18.8,1119.06,0.0,0,4448,638.1844,22.9526,292.0405,0.836,A
51,hotel1/jaeger,0.31,14.83,81.01,0.0,0,0,311.294,1.3679,1.454,0.0,A
51,hotel1/memcached-profile,256.57,7.53,79.27,0.0,0,2709,388.6784,8.2895,292.0405,0.3,A
51,hotel1/memcached-rate,162.89,7.45,79.27,0.0,0,3408,488.9686,5.2652,292.0405,0.179,A
51,hotel1/memcached-reserve,204.58,6.99,79.27,0.0,0,2017,311.294,6.6106,292.0405,0.242,A
51,hotel1/mongodb-geo,10.7,163.75,400.43,0.0352,1,190,311.294,1.3679,292.0405,0.0182,A
51,hotel1/mongodb-profile,10.59,164.01,400.43,0.0352,1,164,311.294,1.3679,292.0405,0.0151,A
51,hotel1/mongodb-rate,9.07,164.34,400.43,0.0,0,178,311.294,1.3679,292.0405,0.0121,A
51,hotel2/mongodb-geo,9.19,163.52,400.43,0.0,0,214,311.294,1.3679,292.0405,0.0121,A
51,hotel1/mongodb-reservation,4008.04,268.63,400.43,0.0195,10,3065434,439818.392,129.6302,292.0405,4.97,A
51,hotel2/memcached-rate,117.95,7.45,79.27,0.0,0,3489,500.5902,3.8144,292.0405,0.167,A
51,hotel2/memcached-profile,199.3,7.68,79.27,0.0,0,3766,540.3333,6.4408,292.0405,0.303,A
51,hotel2/jaeger,0.3,14.6,81.01,0.0,0,0,311.294,1.3679,1.454,0.0,A
51,hotel2/geo,593.0,20.22,1119.06,0.0,0,4258,610.9238,19.1617,292.0405,0.821,A
51,hotel1/mongodb-recommendation,9.58,163.59,400.43,0.0,0,210,311.294,1.3679,292.0405,0.0091,A
51,hotel2/consul,22.8,27.71,212.87,0.0,0,2935,421.1042,1.3679,292.0405,0.0273,A
51,hotel2/frontend,3147.3,102.28,1119.14,0.0,0,6499,932.4552,101.6945,292.0405,4.61,A
51,hotel1/search,1620.54,25.79,1119.06,0.0,0,5456,782.8089,52.3383,292.0405,1.91,A
51,hotel1/reservation,1116.34,117.11,1119.06,0.0,0,5622,806.6261,36.1431,292.0405,1.26,A
51,hotel1/recommendation,515.1,18.79,1119.06,0.0,0,4355,624.8411,16.6456,292.0405,0.597,A
51,hotel1/rate,885.99,26.1,1119.14,0.0,0,5892,845.3648,28.6254,292.0405,1.06,A
51,hotel1/profile,1486.8,30.45,1119.06,0.0,0,5474,785.3915,48.025,292.0405,1.7,A
51,hotel1/mongodb-user,9.96,163.55,400.43,0.0,0,176,311.294,1.3679,292.0405,0.0091,A
51,hotel1/user,25.61,15.63,1119.06,0.0,0,1542,311.294,1.3679,292.0405,0.0333,A
52,hotel2/user,18.81,16.12,1119.06,0.0,0,995,311.294,1.3679,295.281,0.0227,A
52,hotel2/search,1467.01,26.43,1119.06,0.0,0,5793,796.7076,50.1171,295.281,1.82,A
52,hotel2/mongodb-recommendation,10.31,163.7,400.43,0.0352,2,158,311.294,1.3679,295.281,0.0142,A
52,hotel2/recommendation,424.32,18.29,1119.06,0.0,0,4019,552.7305,14.5061,295.281,0.563,A
52,hotel2/rate,835.18,26.71,1119.14,0.0,0,4355,598.9404,28.5432,295.281,1.04,A
52,hotel2/profile,1379.84,38.91,1119.06,0.0,0,5137,706.4884,47.1525,295.281,1.79,A
52,hotel2/mongodb-user,10.99,163.59,400.43,0.0352,2,208,311.294,1.3679,295.281,0.0142,A
52,hotel2/mongodb-reservation,3997.73,271.74,400.43,0.0625,4,3397491,467254.8015,136.7639,295.281,4.53,A
52,hotel2/reservation,1102.58,119.27,1119.06,0.0,0,4907,674.8566,37.762,295.281,1.39,A
52,hotel2/mongodb-rate,10.38,164.45,400.43,0.0352,2,166,311.294,1.3679,295.281,0.0142,A
52,hotel2/mongodb-profile,10.75,164.17,400.43,0.0352,2,144,311.294,1.3679,295.281,0.0113,A
52,hotel2/memcached-reserve,186.07,7.08,79.27,0.0,0,1789,311.294,6.3602,295.281,0.238,A
52,es-stress-d/elasticsearch-dynamic-0,5.85,208336.14,1414.12,0.0,0,751,311.294,198.8376,295.281,0.0085,A
52,es-stress-d2/elasticsearch-dynamic-0,5.79,208343.14,1414.11,0.0,0,1256,311.294,198.8423,295.281,0.0057,A
52,es-stress-d3/elasticsearch-dynamic-0,5.53,208351.87,1414.12,0.0,0,624,311.294,198.8417,295.281,0.0057,A
52,es-stress-d4/elasticsearch-dynamic-0,5.31,208339.55,1414.11,0.0039,2,713,311.294,198.8225,295.281,0.0057,A
52,es-stress-d5/elasticsearch-dynamic-0,7.5,208381.26,1414.11,0.0234,8,357,311.294,198.937,295.281,0.0085,A
52,hotel1/consul,23.62,27.46,212.87,0.0,0,3484,479.1523,1.3679,295.281,0.0255,A
52,hotel1/frontend,4364.65,94.35,1119.14,0.0,0,6189,851.1693,149.1235,295.281,4.71,A
52,hotel1/geo,676.12,19.11,1119.06,0.0,0,4358,599.353,23.1047,295.281,0.79,A
52,hotel1/jaeger,0.28,14.83,81.01,0.0,0,0,311.294,1.3679,1.454,0.0,A
52,hotel1/memcached-profile,235.74,7.77,79.27,0.0,0,2742,377.1055,8.0569,295.281,0.26,A
52,hotel1/memcached-rate,151.62,7.45,79.27,0.0,0,3216,442.2945,5.1843,295.281,0.176,A
52,hotel1/memcached-reserve,190.46,7.0,79.27,0.0,0,1647,311.294,6.51,295.281,0.218,A
52,hotel1/mongodb-geo,9.59,163.6,400.43,0.0,0,194,311.294,1.3679,295.281,0.0113,A
52,hotel1/mongodb-profile,9.88,164.01,400.43,0.0,0,387,311.294,1.3679,295.281,0.0142,A
52,hotel1/mongodb-rate,11.0,164.78,400.43,0.0352,1,235,311.294,1.3679,295.281,0.0113,A
52,hotel2/mongodb-geo,11.35,163.7,400.43,0.0352,2,219,311.294,1.3679,295.281,0.0142,A
52,hotel1/mongodb-reservation,3997.12,268.98,400.43,0.0703,5,3112358,428040.6393,136.7404,295.281,4.64,A
52,hotel1/mongodb-recommendation,11.18,163.59,400.43,0.0352,1,115,311.294,1.3679,295.281,0.0113,A
52,hotel2/memcached-rate,132.11,7.45,79.27,0.0,0,2348,322.919,4.5181,295.281,0.167,A
52,hotel2/memcached-profile,222.67,8.16,79.27,0.0,0,3039,417.9518,7.611,295.281,0.309,A
52,hotel2/jaeger,0.31,14.6,81.01,0.0,0,0,311.294,1.3679,1.454,0.0,A
52,hotel2/frontend,3727.51,103.99,1119.14,0.0,0,5723,787.0806,127.3771,295.281,4.94,A
52,hotel2/consul,21.82,27.71,212.87,0.0,0,2301,316.4551,1.3679,295.281,0.0255,A
52,hotel2/geo,648.19,20.38,1119.06,0.0,0,4688,644.7377,22.1523,295.281,0.818,A
52,hotel1/search,1524.08,25.5,1119.06,0.0,0,6654,915.1204,52.0649,295.281,1.81,A
52,hotel1/reservation,1036.69,117.17,1119.06,0.0,0,5220,717.9033,35.5101,295.281,1.22,A
52,hotel1/recommendation,462.88,17.84,1119.06,0.0,0,4843,666.0547,15.8223,295.281,0.572,A
52,hotel1/rate,854.25,26.89,1119.14,0.0,0,5370,738.5327,29.1945,295.281,0.991,A
52,hotel1/profile,1331.39,30.49,1119.06,0.0,0,4819,662.754,45.4902,295.281,1.61,A
52,hotel1/mongodb-user,10.57,163.55,400.43,0.0352,1,183,311.294,1.3679,295.281,0.0113,A
52,hotel1/user,24.38,15.64,1119.06,0.0,0,1438,311.294,1.3679,295.281,0.0283,A
53,hotel2/user,17.56,16.12,1119.06,0.0,0,1534,311.294,1.3679,285.1243,0.0253,A
53,hotel2/search,1250.36,24.86,1119.06,0.0,0,6617,930.5726,55.0779,285.1243,1.98,A
53,hotel2/mongodb-recommendation,10.11,163.51,400.43,0.0,0,213,311.294,1.3679,285.1243,0.0127,A
53,hotel2/recommendation,367.57,18.33,1119.06,0.0,0,3620,509.0936,16.2042,285.1243,0.605,A
53,hotel2/rate,701.47,26.7,1119.14,0.0,0,5684,799.3614,30.9144,285.1243,1.11,A
53,hotel2/profile,1120.24,35.42,1119.06,0.0,0,5166,726.5132,49.3615,285.1243,1.84,A
53,hotel2/mongodb-user,9.48,163.59,400.43,0.0,0,161,311.294,1.3679,285.1243,0.0127,A
53,hotel2/mongodb-reservation,4000.44,272.41,400.43,0.0,0,3349143,471002.0515,176.4431,285.1243,5.18,A
53,hotel2/reservation,818.22,118.53,1119.06,0.0,0,5631,791.9078,36.1617,285.1243,1.36,A
53,hotel2/mongodb-rate,9.36,164.45,400.43,0.0,0,166,311.294,1.3679,285.1243,0.0127,A
53,hotel2/mongodb-profile,9.47,164.17,400.43,0.0,0,163,311.294,1.3679,285.1243,0.0127,A
53,hotel2/mongodb-geo,9.44,163.52,400.43,0.0,0,174,311.294,1.3679,285.1243,0.0095,A
53,hotel2/memcached-reserve,148.96,7.07,79.27,0.0,0,1583,311.294,6.5664,285.1243,0.241,A
53,es-stress-d/elasticsearch-dynamic-0,7.63,208336.21,1414.12,0.0273,6,397,311.294,243.7384,285.1243,0.0127,A
53,es-stress-d2/elasticsearch-dynamic-0,15.25,208343.26,1414.11,0.0234,8,1046,311.294,244.0821,285.1243,0.0127,A
53,es-stress-d3/elasticsearch-dynamic-0,7.13,208351.87,1414.12,0.0234,8,993,311.294,243.7347,285.1243,0.0095,A
53,es-stress-d4/elasticsearch-dynamic-0,17.9,208339.62,1414.11,0.0234,8,1155,311.294,244.1945,285.1243,0.0095,A
53,es-stress-d5/elasticsearch-dynamic-0,5.56,208381.26,1414.11,0.0,0,991,311.294,243.6999,285.1243,0.0095,A
53,hotel1/consul,23.66,27.47,212.87,0.0,0,3306,464.9347,1.3679,285.1243,0.0285,A
53,hotel1/frontend,4349.85,97.85,1119.14,0.0,0,6430,904.2741,191.6224,285.1243,5.5,A
53,hotel1/geo,706.58,19.04,1119.06,0.0,0,5176,727.9195,31.1304,285.1243,0.89,A
53,hotel1/memcached-profile,258.87,7.77,79.27,0.0,0,3550,499.2493,11.4062,285.1243,0.307,A
53,hotel1/memcached-rate,165.13,7.45,79.27,0.0,0,2454,345.1149,7.2788,285.1243,0.203,A
53,hotel1/memcached-reserve,207.05,7.25,79.27,0.0,0,2016,311.294,9.1241,285.1243,0.257,A
53,hotel1/mongodb-geo,11.44,163.75,400.43,0.0352,1,337,311.294,1.3679,285.1243,0.0158,A
53,hotel1/mongodb-profile,10.58,164.01,400.43,0.0352,1,254,311.294,1.3679,285.1243,0.0158,A
53,hotel1/mongodb-rate,9.58,164.34,400.43,0.0,0,363,311.294,1.3679,285.1243,0.0127,A
53,hotel1/jaeger,0.26,14.83,81.01,0.0,0,0,311.294,1.3679,1.454,0.0,A
53,hotel1/mongodb-reservation,3999.69,269.21,400.43,0.0195,9,3121863,439038.8459,176.4064,285.1243,5.2,A
53,hotel1/mongodb-recommendation,9.28,163.78,400.43,0.0,0,188,311.294,1.3679,285.1243,0.0127,A
53,hotel2/memcached-profile,185.06,7.66,79.27,0.0,0,4580,644.1019,8.1565,285.1243,0.31,A
53,hotel2/jaeger,0.31,14.6,81.01,0.0,0,0,311.294,1.3679,1.454,0.0032,A
53,hotel2/geo,538.06,20.9,1119.06,0.0,0,4593,645.9301,23.7132,285.1243,0.858,A
53,hotel2/frontend,3014.72,100.52,1119.14,0.0,0,6591,926.9161,132.8446,285.1243,4.81,A
53,hotel2/consul,22.76,27.73,212.87,0.0,0,3076,432.589,1.3679,285.1243,0.0253,A
53,hotel1/user,22.7,15.72,1119.06,0.0,0,1479,311.294,1.3679,285.1243,0.0317,A
53,hotel2/memcached-rate,110.58,7.45,79.27,0.0,0,4219,593.3332,4.8771,285.1243,0.177,A
53,hotel1/reservation,1086.65,118.66,1119.06,0.0,0,5951,836.9106,47.9799,285.1243,1.43,A
53,hotel1/recommendation,493.54,18.18,1119.06,0.0,0,3797,533.9858,21.75,285.1243,0.633,A
53,hotel1/rate,882.46,27.14,1119.14,0.0,0,4991,701.9023,38.8832,285.1243,1.12,A
53,hotel1/profile,1449.63,30.59,1119.06,0.0,0,7248,1019.3124,63.8577,285.1243,1.82,A
53,hotel1/mongodb-user,9.63,163.74,400.43,0.0,0,193,311.294,1.3679,285.1243,0.0095,A
53,hotel1/search,1630.71,25.25,1119.06,0.0,0,6643,934.229,71.8237,285.1243,2.07,A
54,hotel2/user,16.51,16.37,1119.06,0.0,0,1233,311.294,1.3679,267.5497,0.0228,A
54,hotel2/search,1392.31,27.7,1119.06,0.0,0,6200,839.0451,51.192,267.5497,1.6,A
54,hotel2/rate,771.3,27.05,1119.14,0.0,0,4522,611.9616,28.3698,267.5497,0.887,A
54,hotel2/recommendation,416.55,19.32,1119.06,0.0,0,4756,643.6288,15.3258,267.5497,0.462,A
54,hotel2/profile,1265.72,36.74,1119.06,0.0,0,7092,959.7593,46.5483,267.5497,1.43,A
54,hotel2/mongodb-user,11.13,163.59,400.43,0.0352,2,170,311.294,1.3679,267.5497,0.0114,A
54,hotel2/mongodb-reservation,4013.22,272.0,400.43,0.0703,6,3257299,440809.7814,147.7349,267.5497,4.67,A
54,hotel2/mongodb-recommendation,10.46,163.51,400.43,0.0352,2,173,311.294,1.3679,267.5497,0.0114,A
54,hotel2/reservation,943.57,118.06,1119.06,0.0,0,6311,854.0667,34.7849,267.5497,1.09,A
54,hotel2/mongodb-rate,10.53,164.45,400.43,0.0352,2,167,311.294,1.3679,267.5497,0.0114,A
54,hotel2/mongodb-profile,10.73,164.17,400.43,0.0586,4,185,311.294,1.3679,267.5497,0.0143,A
54,hotel2/mongodb-geo,10.57,163.52,400.43,0.0352,2,254,311.294,1.3679,267.5497,0.0086,A
54,hotel2/memcached-reserve,169.23,7.07,79.27,0.0,0,1970,311.294,6.2256,267.5497,0.185,A
54,es-stress-d2/elasticsearch-dynamic-0,5.89,208343.26,1414.11,0.0,0,796,311.294,193.2536,267.5497,0.0086,A
54,es-stress-d3/elasticsearch-dynamic-0,12.93,208351.87,1414.12,0.0,0,418,311.294,193.5203,267.5497,0.0057,A
54,es-stress-d4/elasticsearch-dynamic-0,5.35,208339.62,1414.11,0.0,0,1214,311.294,193.2303,267.5497,0.0086,A
54,es-stress-d5/elasticsearch-dynamic-0,14.97,208381.32,1414.11,0.0,0,605,311.294,193.6225,267.5497,0.0057,A
54,hotel1/consul,24.28,27.47,212.87,0.0,0,2501,338.46,1.3679,267.5497,0.0285,A
54,hotel1/frontend,3082.68,95.12,1119.14,0.0,0,5845,791.003,113.3744,267.5497,4.68,A
54,hotel1/geo,573.07,19.85,1119.06,0.0,0,5347,723.6087,21.0783,267.5497,0.713,A
54,hotel1/jaeger,0.3,14.83,81.01,0.0,0,0,311.294,1.3679,1.454,0.0,A
54,hotel1/memcached-profile,179.32,7.78,79.27,0.0,0,3250,439.822,6.5971,267.5497,0.254,A
54,hotel1/memcached-rate,125.34,7.45,79.27,0.0,0,4407,596.3986,4.6131,267.5497,0.163,A
54,hotel1/memcached-reserve,159.99,7.25,79.27,0.0,0,1640,311.294,5.8862,267.5497,0.217,A
54,hotel1/mongodb-geo,9.25,163.6,400.43,0.0,0,256,311.294,1.3679,267.5497,0.0114,A
54,hotel1/mongodb-profile,10.04,164.01,400.43,0.0,0,248,311.294,1.3679,267.5497,0.0114,A
54,hotel1/mongodb-rate,10.63,164.34,400.43,0.0352,1,398,311.294,1.3679,267.5497,0.0114,A
54,es-stress-d/elasticsearch-dynamic-0,16.07,208336.2,1414.12,0.0,0,879,311.294,193.6211,267.5497,0.0086,A
54,hotel1/mongodb-reservation,4000.32,269.45,400.43,0.0781,9,3517876,476073.6274,147.2585,267.5497,4.67,A
54,hotel2/memcached-rate,124.12,7.45,79.27,0.0,0,4661,630.7724,4.5682,267.5497,0.14,A
54,hotel2/memcached-profile,206.69,7.68,79.27,0.0,0,3557,481.3683,7.6028,267.5497,0.228,A
54,hotel2/jaeger,0.33,14.6,81.01,0.0,0,0,311.294,1.3679,1.454,0.0,A
54,hotel2/geo,619.11,21.08,1119.06,0.0,0,5072,686.393,22.7714,267.5497,0.716,A
54,hotel1/mongodb-recommendation,10.62,163.78,400.43,0.0352,1,207,311.294,1.3679,267.5497,0.0143,A
54,hotel2/consul,22.26,27.74,212.87,0.0,0,2580,349.151,1.3679,267.5497,0.0228,A
54,hotel2/frontend,3593.98,103.11,1119.14,0.0,0,7390,1000.0876,132.1717,267.5497,3.79,A
54,hotel1/search,1314.68,24.5,1119.06,0.0,0,7695,1041.3632,48.3362,267.5497,1.66,A
54,hotel1/reservation,891.52,117.72,1119.06,0.0,0,5278,714.2709,32.8718,267.5497,1.08,A
54,hotel1/recommendation,390.47,18.48,1119.06,0.0,0,4953,670.2887,14.3666,267.5497,0.496,A
54,hotel1/rate,724.31,24.87,1119.14,0.0,0,6270,848.5182,26.6409,267.5497,0.924,A
54,hotel1/profile,1146.75,28.8,1119.06,0.0,0,5459,738.7656,42.1689,267.5497,1.51,A
54,hotel1/mongodb-user,10.67,163.55,400.43,0.0352,1,338,311.294,1.3679,267.5497,0.0114,A
54,hotel1/user,13.45,15.71,1119.06,0.0,0,1211,311.294,1.3679,267.5497,0.0228,A
55,hotel2/user,21.85,16.12,1119.06,0.0,0,1025,311.294,1.3679,274.2164,0.0221,A
55,hotel2/mongodb-reservation,3977.14,272.0,400.43,0.0078,4,3199244,448007.117,131.0741,274.2164,4.02,A
55,hotel2/reservation,1105.47,118.36,1119.06,0.0,0,4834,676.9307,36.4693,274.2164,1.04,A
55,hotel2/recommendation,473.65,19.11,1119.06,0.0,0,4735,663.0672,15.5987,274.2164,0.419,A
55,hotel2/rate,893.8,27.73,1119.14,0.0,0,5264,737.1459,29.4284,274.2164,0.829,A
55,hotel2/profile,1510.09,35.91,1119.06,0.0,0,5052,707.4584,49.7104,274.2164,1.33,A
55,hotel2/mongodb-user,11.8,163.59,400.43,0.0,0,232,311.294,1.3679,274.2164,0.0074,A
55,hotel2/search,1562.87,27.95,1119.06,0.0,0,5933,830.8295,51.44,274.2164,1.45,A
55,hotel2/mongodb-recommendation,11.44,163.51,400.43,0.0,0,228,311.294,1.3679,274.2164,0.0074,A
55,hotel2/mongodb-rate,9.76,164.45,400.43,0.0,0,178,311.294,1.3679,274.2164,0.0098,A
55,hotel2/mongodb-profile,9.3,164.36,400.43,0.0,0,221,311.294,1.3679,274.2164,0.0098,A
55,es-stress-d/elasticsearch-dynamic-0,8.09,208336.21,1414.12,0.0,0,597,311.294,178.051,274.2164,0.0049,A
55,hotel2/mongodb-geo,10.9,163.52,400.43,0.0,0,223,311.294,1.3679,274.2164,0.0098,A
55,es-stress-d2/elasticsearch-dynamic-0,8.46,208343.26,1414.11,0.0,0,575,311.294,178.0692,274.2164,0.0098,A
55,es-stress-d3/elasticsearch-dynamic-0,8.16,208351.93,1414.12,0.0,0,416,311.294,178.0668,274.2164,0.0074,A
55,es-stress-d4/elasticsearch-dynamic-0,8.98,208339.87,1414.11,0.0039,1,747,311.294,178.0834,274.2164,0.0049,A
55,es-stress-d5/elasticsearch-dynamic-0,5.91,208381.32,1414.11,0.0,0,1128,311.294,178.0178,274.2164,0.0074,A
55,hotel1/consul,23.3,27.55,212.87,0.0,0,2956,413.9444,1.3679,274.2164,0.0221,A
55,hotel1/frontend,2915.97,95.02,1119.14,0.0,0,6493,909.2493,96.0122,274.2164,5.32,A
55,hotel1/geo,518.42,19.96,1119.06,0.0,0,4747,664.7476,17.0723,274.2164,0.736,A
55,hotel1/memcached-profile,167.06,7.5,79.27,0.0,0,4522,633.2397,5.5024,274.2164,0.267,A
55,hotel1/memcached-rate,107.35,7.45,79.27,0.0,0,4417,618.536,3.538,274.2164,0.167,A
55,hotel1/memcached-reserve,140.16,6.98,79.27,0.0,0,2341,327.8227,4.617,274.2164,0.208,A
55,hotel1/mongodb-geo,11.26,163.75,400.43,0.0352,1,341,311.294,1.3679,274.2164,0.0123,A
55,hotel1/mongodb-profile,12.99,164.16,400.43,0.0352,1,410,311.294,1.3679,274.2164,0.0098,A
55,hotel1/mongodb-rate,10.29,164.59,400.43,0.0,0,248,311.294,1.3679,274.2164,0.0098,A
55,hotel1/mongodb-recommendation,10.93,163.59,400.43,0.0,0,175,311.294,1.3679,274.2164,0.0098,A
55,hotel1/jaeger,0.33,14.83,81.01,0.0,0,0,311.294,1.3679,1.454,0.0,A
55,hotel1/mongodb-user,9.31,163.55,400.43,0.0,0,215,311.294,1.3679,274.2164,0.0098,A
55,hotel1/mongodb-reservation,4003.49,270.0,400.43,0.0117,6,3061846,428766.5458,131.9393,274.2164,4.03,A
55,hotel2/memcached-rate,141.02,7.46,79.27,0.0,0,3929,550.1987,4.6457,274.2164,0.135,A
55,hotel2/memcached-profile,239.2,7.68,79.27,0.0,0,2850,399.1006,7.8759,274.2164,0.226,A
55,hotel2/jaeger,0.29,14.6,81.01,0.0,0,0,311.294,1.3679,1.454,0.0,A
55,hotel2/geo,678.51,20.27,1119.06,0.0,0,4820,674.9702,22.3393,274.2164,0.647,A
55,hotel2/frontend,4156.05,107.36,1119.14,0.0,0,6033,844.833,136.8195,274.2164,3.43,A
55,hotel2/consul,23.67,27.75,212.87,0.0,0,3679,515.1899,1.3679,274.2164,0.0221,A
55,hotel2/memcached-reserve,199.91,7.08,79.27,0.0,0,1652,311.294,6.5828,274.2164,0.184,A
55,hotel1/search,1188.85,24.07,1119.06,0.0,0,6064,849.1741,39.1319,274.2164,1.69,A
55,hotel1/reservation,826.21,117.76,1119.06,0.0,0,9048,1267.0395,27.2816,274.2164,1.16,A
55,hotel1/recommendation,373.32,17.8,1119.06,0.0,0,4078,571.064,12.2969,274.2164,0.537,A
55,hotel1/rate,654.17,26.52,1119.14,0.0,0,5711,799.7416,21.5439,274.2164,0.932,A
55,hotel1/profile,1034.63,28.48,1119.06,0.0,0,8131,1138.6271,34.0621,274.2164,1.56,A
55,hotel1/user,16.24,15.71,1119.06,0.0,0,1086,311.294,1.3679,274.2164,0.0294,A
56,hotel2/user,20.26,16.12,1119.06,0.0,0,1151,311.294,1.3679,302.7628,0.0273,A
56,hotel2/search,1730.64,25.87,1119.06,0.0,0,6416,920.2047,64.0126,302.7628,1.82,A
56,hotel2/rate,1014.47,28.5,1119.14,0.0,0,5320,763.0127,37.5369,302.7628,1.01,A
56,hotel2/recommendation,517.52,19.43,1119.06,0.0,0,4406,631.9236,19.1541,302.7628,0.519,A
56,hotel2/profile,1644.65,37.92,1119.06,0.0,0,5260,754.4073,60.8459,302.7628,1.66,A
56,hotel2/mongodb-user,12.21,163.59,400.43,0.043,6,129,311.294,1.3679,302.7628,0.0182,A
56,hotel2/mongodb-reservation,4006.59,273.15,400.43,0.25,58,3175198,455397.7968,148.4165,302.7628,5.1,A
56,hotel2/mongodb-recommendation,11.16,163.51,400.43,0.0625,8,179,311.294,1.3679,302.7628,0.0137,A
56,hotel2/reservation,1221.73,119.24,1119.06,0.0,0,4729,678.2494,45.294,302.7628,1.31,A
56,hotel2/mongodb-rate,11.36,164.45,400.43,0.0469,8,228,311.294,1.3679,302.7628,0.0137,A
56,hotel2/mongodb-profile,11.71,164.17,400.43,0.0938,14,147,311.294,1.3679,302.7628,0.0137,A
56,hotel2/mongodb-geo,13.61,163.71,400.43,0.043,6,187,311.294,1.3679,302.7628,0.0182,A
56,hotel2/memcached-reserve,227.36,7.09,79.27,0.0,0,1906,311.294,8.4134,302.7628,0.21,A
56,es-stress-d2/elasticsearch-dynamic-0,7.13,208343.26,1414.11,0.0,0,745,311.294,216.6632,302.7628,0.0091,A
56,es-stress-d3/elasticsearch-dynamic-0,7.21,208351.93,1414.12,0.0,0,424,311.294,216.6751,302.7628,0.0137,A
56,es-stress-d4/elasticsearch-dynamic-0,5.42,208339.62,1414.11,0.0,0,531,311.294,216.5962,302.7628,0.0137,A
56,es-stress-d5/elasticsearch-dynamic-0,10.77,208381.32,1414.11,0.0,0,433,311.294,216.8373,302.7628,0.0091,A
56,hotel1/consul,24.94,27.59,212.87,0.0,0,2627,376.7734,1.3679,302.7628,0.0319,A
56,hotel1/frontend,3491.18,91.99,1119.14,0.0,0,7285,1044.8397,129.1724,302.7628,4.87,A
56,hotel1/geo,606.38,19.91,1119.06,0.0,0,4228,606.3943,22.4399,302.7628,0.788,A
56,hotel1/jaeger,0.26,14.83,81.01,0.0,0,0,311.294,1.3679,1.454,0.0,A
56,hotel1/memcached-profile,201.62,7.51,79.27,0.0,0,3018,432.8519,7.4622,302.7628,0.273,A
56,hotel1/memcached-rate,125.38,7.71,79.27,0.0,0,3448,494.524,4.6436,302.7628,0.173,A
56,hotel1/memcached-reserve,163.97,7.0,79.27,0.0,0,2051,311.294,6.0696,302.7628,0.214,A
56,hotel1/mongodb-geo,10.21,163.79,400.43,0.0469,9,364,311.294,1.3679,302.7628,0.0137,A
56,hotel1/mongodb-profile,10.66,164.01,400.43,0.043,7,401,311.294,1.3679,302.7628,0.0182,A
56,hotel1/mongodb-rate,11.74,164.38,400.43,0.1055,16,402,311.294,1.3679,302.7628,0.0091,A
56,es-stress-d/elasticsearch-dynamic-0,7.03,208336.2,1414.12,0.0,0,1721,311.294,216.6521,302.7628,0.0046,A
56,hotel1/mongodb-reservation,3993.63,270.49,400.43,0.2578,34,3185784,456916.0772,147.9346,302.7628,5.34,A
56,hotel2/memcached-rate,158.09,7.47,79.27,0.0,0,3314,475.3053,5.8527,302.7628,0.159,A
56,hotel2/memcached-profile,271.53,8.18,79.27,0.0,0,3249,465.9827,10.0476,302.7628,0.273,A
56,hotel2/jaeger,0.34,14.6,81.01,0.0,0,0,311.294,1.3679,1.454,0.0,A
56,hotel2/geo,780.58,21.62,1119.06,0.0,0,4387,629.1986,28.8823,302.7628,0.824,A
56,hotel1/mongodb-recommendation,11.76,163.59,400.43,0.082,10,319,311.294,1.3679,302.7628,0.0137,A
56,hotel2/consul,22.14,27.76,212.87,0.0,0,3079,441.6007,1.3679,302.7628,0.0273,A
56,hotel2/frontend,4325.4,102.01,1119.14,0.0,0,5970,856.2379,160.0259,302.7628,4.91,A
56,hotel1/search,1372.73,22.36,1119.06,0.0,0,7077,1015.0076,50.7762,302.7628,1.8,A
56,hotel1/reservation,916.85,117.3,1119.06,0.0,0,4461,639.8119,34.0199,302.7628,1.17,A
56,hotel1/recommendation,412.16,17.66,1119.06,0.0,0,4264,611.5575,15.2568,302.7628,0.533,A
56,hotel1/rate,751.81,26.47,1119.14,0.0,0,5282,757.5626,27.8236,302.7628,0.988,A
56,hotel1/profile,1178.75,26.79,1119.06,0.0,0,5750,824.6847,43.6089,302.7628,1.55,A
56,hotel1/mongodb-user,11.8,163.74,400.43,0.082,10,189,311.294,1.3679,302.7628,0.0137,A
56,hotel1/user,16.26,15.96,1119.06,0.0,0,1169,311.294,1.3679,302.7628,0.0228,A
57,hotel2/user,22.51,16.15,1119.06,0.0,0,2236,313.6185,1.3679,280.4794,0.0195,A
57,hotel2/mongodb-reservation,4000.12,273.24,400.43,0.0117,6,3342145,468764.9894,129.0323,280.4794,4.57,A
57,hotel2/reservation,1121.9,118.29,1119.06,0.0,0,4253,596.5203,36.2243,280.4794,0.962,A
57,hotel2/recommendation,449.3,17.55,1119.06,0.0,0,4058,569.1699,14.4821,280.4794,0.413,A
57,hotel2/rate,862.95,27.03,1119.14,0.0,0,5738,804.8046,27.8094,280.4794,0.792,A
57,hotel2/profile,1424.15,35.81,1119.06,0.0,0,7428,1041.8418,45.8872,280.4794,1.25,A
57,hotel2/mongodb-user,9.89,163.59,400.43,0.0,0,177,311.294,1.3679,280.4794,0.0139,A
57,hotel2/search,1534.7,25.55,1119.06,0.0,0,5602,785.7294,49.4382,280.4794,1.43,A
57,hotel2/mongodb-recommendation,9.54,163.7,400.43,0.0,0,200,311.294,1.3679,280.4794,0.0112,A
57,hotel2/mongodb-rate,9.56,164.45,400.43,0.0,0,201,311.294,1.3679,280.4794,0.0112,A
57,hotel2/mongodb-profile,9.69,164.17,400.43,0.0,0,153,311.294,1.3679,280.4794,0.0112,A
57,es-stress-d/elasticsearch-dynamic-0,7.39,208336.21,1414.12,0.0,0,722,311.294,175.6111,280.4794,0.0112,A
57,hotel2/mongodb-geo,9.18,163.71,400.43,0.0,0,196,311.294,1.3679,280.4794,0.0112,A
57,es-stress-d2/elasticsearch-dynamic-0,7.31,208343.26,1414.11,0.0,0,772,311.294,175.6145,280.4794,0.0251,A
57,es-stress-d3/elasticsearch-dynamic-0,6.51,208351.93,1414.12,0.0,0,672,311.294,175.596,280.4794,0.0195,A
57,es-stress-d4/elasticsearch-dynamic-0,6.16,208339.62,1414.11,0.0039,1,1405,311.294,175.5744,280.4794,0.0251,A
57,es-stress-d5/elasticsearch-dynamic-0,5.59,208381.32,1414.11,0.0,0,999,311.294,175.5911,280.4794,0.0056,A
57,hotel1/consul,24.16,27.59,212.87,0.0,0,4250,596.0996,1.3679,280.4794,0.0251,A
57,hotel1/frontend,3218.84,95.75,1119.14,0.0,0,7534,1056.7092,103.7259,280.4794,4.87,A
57,hotel1/geo,559.51,18.42,1119.06,0.0,0,5529,775.4905,18.0315,280.4794,0.808,A
57,hotel1/memcached-profile,192.03,8.27,79.27,0.0,0,3136,439.8514,6.1902,280.4794,0.293,A
57,hotel1/memcached-rate,116.8,7.45,79.27,0.0,0,2887,404.9269,3.7672,280.4794,0.187,A
57,hotel1/memcached-reserve,159.6,6.99,79.27,0.0,0,1770,311.294,5.1449,280.4794,0.237,A
57,hotel1/mongodb-geo,10.93,163.75,400.43,0.0391,1,193,311.294,1.3679,280.4794,0.0112,A
57,hotel1/mongodb-profile,10.83,164.02,400.43,0.0391,1,291,311.294,1.3679,280.4794,0.0139,A
57,hotel1/mongodb-rate,9.36,164.82,400.43,0.0,0,207,311.294,1.3679,280.4794,0.0112,A
57,hotel1/mongodb-recommendation,9.33,163.59,400.43,0.0,0,188,311.294,1.3679,280.4794,0.0139,A
57,hotel1/jaeger,0.27,14.83,81.01,0.0,0,0,311.294,1.3679,1.454,0.0,A
57,hotel1/mongodb-user,9.93,163.55,400.43,0.0,0,186,311.294,1.3679,280.4794,0.0084,A
57,hotel1/mongodb-reservation,4000.83,270.12,400.43,0.0156,8,3087235,433011.6384,129.0525,280.4794,4.57,A
57,hotel2/memcached-rate,131.81,7.45,79.27,0.0,0,3367,472.2511,4.2505,280.4794,0.128,A
57,hotel2/memcached-profile,235.04,7.68,79.27,0.0,0,2413,338.4443,7.5747,280.4794,0.209,A
57,hotel2/jaeger,0.31,14.6,81.01,0.0,0,0,311.294,1.3679,1.454,0.0,A
57,hotel2/geo,672.11,21.17,1119.06,0.0,0,5525,774.9294,21.6595,280.4794,0.608,A
57,hotel2/frontend,3819.97,102.27,1119.14,0.0,0,7992,1120.9477,123.0876,280.4794,3.42,A
57,hotel2/consul,23.3,28.01,212.87,0.0,0,3566,500.1626,1.3679,280.4794,0.0251,A
57,hotel2/memcached-reserve,162.1,7.08,79.27,0.0,0,1905,311.294,5.2255,280.4794,0.176,A
57,hotel1/search,1315.0,23.52,1119.06,0.0,0,6549,918.5544,42.3623,280.4794,1.87,A
57,hotel1/reservation,871.81,118.64,1119.06,0.0,0,5880,824.7213,28.1718,280.4794,1.29,A
57,hotel1/recommendation,404.56,17.8,1119.06,0.0,0,3516,493.1497,13.0417,280.4794,0.571,A
57,hotel1/rate,695.92,25.25,1119.14,0.0,0,5606,786.2904,22.4296,280.4794,1.01,A
57,hotel1/profile,1143.29,30.36,1119.06,0.0,0,6567,921.079,36.839,280.4794,1.67,A
57,hotel1/user,18.97,15.71,1119.06,0.0,0,1201,311.294,1.3679,280.4794,0.0251,A
58,hotel2/user,16.54,16.18,1119.06,0.0,0,1259,311.294,1.3679,294.0019,0.0185,A
58,hotel2/search,1295.12,23.07,1119.06,0.0,0,5370,767.3742,45.8154,294.0019,1.57,A
58,hotel2/rate,739.42,25.9,1119.14,0.0,0,4364,623.6166,26.1697,294.0019,0.864,A
58,hotel2/recommendation,399.57,18.64,1119.06,0.0,0,3213,459.1384,14.1462,294.0019,0.482,A
58,hotel2/profile,1251.78,37.6,1119.06,0.0,0,5544,792.2389,44.2972,294.0019,1.48,A
58,hotel2/mongodb-user,11.02,164.03,400.43,0.0352,2,128,311.294,1.3679,294.0019,0.0106,A
58,hotel2/mongodb-reservation,3998.83,273.34,400.43,0.0859,4,3332374,476197.0082,141.658,294.0019,4.34,A
58,hotel2/mongodb-recommendation,10.65,163.7,400.43,0.0352,2,207,311.294,1.3679,294.0019,0.0132,A
58,hotel2/reservation,942.47,117.78,1119.06,0.0,0,6636,948.2859,33.4391,294.0019,1.09,A
58,hotel2/mongodb-rate,11.46,164.64,400.43,0.0469,4,213,311.294,1.3679,294.0019,0.0106,A
58,hotel2/mongodb-profile,11.01,164.18,400.43,0.0391,2,216,311.294,1.3679,294.0019,0.0159,A
58,hotel2/mongodb-geo,10.83,163.52,400.43,0.0469,4,230,311.294,1.3679,294.0019,0.0106,A
58,hotel2/memcached-reserve,132.46,7.07,79.27,0.0,0,2121,311.294,4.6904,294.0019,0.191,A
58,es-stress-d/elasticsearch-dynamic-0,6.05,208336.21,1414.12,0.0039,2,1224,311.294,204.1311,294.0019,0.008,A
58,es-stress-d2/elasticsearch-dynamic-0,5.85,208343.27,1414.11,0.0,0,601,311.294,204.131,294.0019,0.0026,A
58,es-stress-d3/elasticsearch-dynamic-0,6.26,208351.93,1414.12,0.0039,2,864,311.294,204.1539,294.0019,0.0053,A
58,es-stress-d4/elasticsearch-dynamic-0,10.78,208339.62,1414.11,0.0,0,764,311.294,204.3017,294.0019,0.0026,A
58,es-stress-d5/elasticsearch-dynamic-0,7.47,208381.32,1414.11,0.0234,10,693,311.294,204.2255,294.0019,0.0132,A
58,hotel1/consul,23.72,27.59,212.87,0.0,0,3464,495.0064,1.3679,294.0019,0.0291,A
58,hotel1/frontend,4702.68,99.39,1119.14,0.0,0,7698,1100.046,166.3745,294.0019,3.57,A
58,hotel1/geo,729.54,18.4,1119.06,0.0,0,5590,798.8123,25.8131,294.0019,0.644,A
58,hotel1/memcached-profile,255.26,7.78,79.27,0.0,0,2933,419.1264,9.0331,294.0019,0.201,A
58,hotel1/memcached-rate,161.86,7.46,79.27,0.0,0,5165,738.0797,5.7303,294.0019,0.14,A
58,hotel1/memcached-reserve,221.13,6.99,79.27,0.0,0,2177,311.294,7.8255,294.0019,0.18,A
58,hotel1/mongodb-geo,9.93,163.79,400.43,0.0,0,167,311.294,1.3679,294.0019,0.0106,A
58,hotel1/mongodb-profile,9.98,164.2,400.43,0.0,0,368,311.294,1.3679,294.0019,0.0106,A
58,hotel1/mongodb-rate,11.24,164.57,400.43,0.0391,1,303,311.294,1.3679,294.0019,0.008,A
58,hotel1/jaeger,0.31,14.83,81.01,0.0,0,0,311.294,1.3679,1.454,0.0,A
58,hotel1/mongodb-reservation,4004.46,269.88,400.43,0.082,9,3012739,430521.0934,141.8537,294.0019,4.35,A
58,hotel1/mongodb-recommendation,11.31,163.59,400.43,0.0352,1,231,311.294,1.3679,294.0019,0.0106,A
58,hotel2/memcached-profile,198.35,7.67,79.27,0.0,0,4396,628.1894,7.0208,294.0019,0.241,A
58,hotel2/jaeger,0.33,14.6,81.01,0.0,0,0,311.294,1.3679,1.454,0.0026,A
58,hotel2/geo,584.12,20.76,1119.06,0.0,0,5838,834.2515,20.6736,294.0019,0.689,A
58,hotel2/frontend,3158.27,98.39,1119.14,0.0,0,7272,1039.1705,111.7663,294.0019,4.17,A
58,hotel2/consul,23.48,27.76,212.87,0.0,0,3189,455.7088,1.3679,294.0019,0.0238,A
58,hotel1/user,25.21,15.71,1119.06,0.0,0,1250,311.294,1.3679,294.0019,0.0132,A
58,hotel2/memcached-rate,118.3,7.45,79.27,0.0,0,3510,501.5798,4.1901,294.0019,0.14,A
58,hotel1/reservation,1124.88,119.81,1119.06,0.0,0,4939,705.7842,39.8907,294.0019,0.988,A
58,hotel1/recommendation,504.18,17.7,1119.06,0.0,0,5253,750.6549,17.8441,294.0019,0.434,A
58,hotel1/rate,944.79,26.51,1119.14,0.0,0,4996,713.9295,33.4318,294.0019,0.792,A
58,hotel1/profile,1515.75,30.88,1119.06,0.0,0,5436,776.8056,53.6241,294.0019,1.25,A
58,hotel1/mongodb-user,10.64,163.55,400.43,0.0352,1,173,311.294,1.3679,294.0019,0.0106,A
58,hotel1/search,1704.5,24.85,1119.06,0.0,0,6393,913.5612,60.292,294.0019,1.46,A
59,hotel2/user,16.76,16.24,1119.06,0.0,0,1473,311.294,1.3679,270.1693,0.0281,A
59,hotel2/search,1159.86,24.5,1119.06,0.0,0,6336,891.9361,41.9001,270.1693,1.84,A
59,hotel2/rate,624.9,25.56,1119.14,0.0,0,5862,825.2098,22.5859,270.1693,1.06,A
59,hotel2/recommendation,320.1,18.14,1119.06,0.0,0,5573,784.5265,11.5741,270.1693,0.548,A
59,hotel2/profile,1037.99,36.84,1119.06,0.0,0,5408,761.299,37.5112,270.1693,1.75,A
59,hotel2/mongodb-user,9.78,163.59,400.43,0.0,0,149,311.294,1.3679,270.1693,0.014,A
59,hotel2/mongodb-reservation,4146.71,272.99,400.43,0.0156,8,3440288,484298.7649,149.9703,270.1693,4.59,A
59,hotel2/mongodb-recommendation,9.69,163.51,400.43,0.0,0,283,311.294,1.3679,270.1693,0.014,A
59,hotel2/reservation,773.34,117.8,1119.06,0.0,0,4384,617.1477,28.0299,270.1693,1.37,A
59,hotel2/mongodb-rate,9.7,164.46,400.43,0.0,0,174,311.294,1.3679,270.1693,0.0112,A
59,hotel2/mongodb-profile,9.59,164.18,400.43,0.0,0,273,311.294,1.3679,270.1693,0.0112,A
59,hotel2/mongodb-geo,9.63,163.52,400.43,0.0,0,197,311.294,1.3679,270.1693,0.0112,A
59,hotel2/memcached-reserve,113.45,7.08,79.27,0.0,0,1636,311.294,4.1027,270.1693,0.239,A
59,es-stress-d2/elasticsearch-dynamic-0,7.49,208343.27,1414.11,0.0273,10,983,311.294,191.0246,270.1693,0.014,A
59,es-stress-d3/elasticsearch-dynamic-0,7.71,208351.93,1414.12,0.0234,6,763,311.294,191.0405,270.1693,0.014,A
59,es-stress-d4/elasticsearch-dynamic-0,6.41,208339.62,1414.11,0.0234,9,1267,311.294,190.9823,270.1693,0.0084,A
59,es-stress-d5/elasticsearch-dynamic-0,5.72,208381.32,1414.11,0.0,0,741,311.294,190.9955,270.1693,0.0056,A
59,hotel1/consul,24.42,27.61,212.87,0.0,0,3209,451.7397,1.3679,270.1693,0.0253,A
59,hotel1/frontend,3958.6,100.87,1119.14,0.0,0,6619,931.7748,143.0209,270.1693,3.1,A
59,hotel1/geo,678.52,18.83,1119.06,0.0,0,4484,631.225,24.5158,270.1693,0.593,A
59,hotel1/jaeger,0.26,14.83,81.01,0.0,0,0,311.294,1.3679,1.454,0.0,A
59,hotel1/memcached-profile,253.34,7.77,79.27,0.0,0,4054,570.6927,9.1542,270.1693,0.188,A
59,hotel1/memcached-rate,145.47,7.45,79.27,0.0,0,3799,534.7956,5.2591,270.1693,0.121,A
59,hotel1/memcached-reserve,185.75,6.99,79.27,0.0,0,2286,321.8065,6.7131,270.1693,0.155,A
59,hotel1/mongodb-geo,11.75,163.61,400.43,0.0391,1,296,311.294,1.3679,270.1693,0.0169,A
59,hotel1/mongodb-profile,10.77,164.02,400.43,0.0391,1,376,311.294,1.3679,270.1693,0.0169,A
59,hotel1/mongodb-rate,9.87,164.39,400.43,0.0,0,294,311.294,1.3679,270.1693,0.0112,A
59,es-stress-d/elasticsearch-dynamic-0,7.61,208336.21,1414.12,0.0195,8,805,311.294,191.0225,270.1693,0.0084,A
59,hotel1/mongodb-reservation,4155.32,269.96,400.43,0.0156,8,3198034,450196.0058,150.2784,270.1693,4.61,A
59,hotel2/memcached-rate,100.38,7.45,79.27,0.0,0,5844,822.6759,3.6311,270.1693,0.163,A
59,hotel2/memcached-profile,166.24,7.66,79.27,0.0,0,3224,453.8513,6.0092,270.1693,0.278,A
59,hotel2/jaeger,0.4,14.6,81.01,0.0,0,0,311.294,1.3679,1.454,0.0,A
59,hotel2/geo,515.79,19.82,1119.06,0.0,0,5637,793.5359,18.6412,270.1693,0.809,A
59,hotel1/mongodb-recommendation,9.5,163.78,400.43,0.0,0,220,311.294,1.3679,270.1693,0.0112,A
59,hotel2/consul,23.02,27.76,212.87,0.0,0,3649,513.6797,1.3679,270.1693,0.0253,A
59,hotel2/frontend,2611.7,98.64,1119.14,0.0,0,5875,827.0398,94.3879,270.1693,4.66,A
59,hotel1/search,1578.25,25.7,1119.06,0.0,0,6736,948.2452,57.0076,270.1693,1.35,A
59,hotel1/reservation,1031.92,118.43,1119.06,0.0,0,7132,1003.9912,37.3668,270.1693,0.896,A
59,hotel1/recommendation,490.43,18.5,1119.06,0.0,0,4183,588.8524,17.7243,270.1693,0.407,A
59,hotel1/rate,865.24,28.51,1119.14,0.0,0,5323,749.3333,31.2663,270.1693,0.733,A
59,hotel1/profile,1356.52,29.36,1119.06,0.0,0,7626,1073.5329,49.0052,270.1693,1.14,A
59,hotel1/mongodb-user,10.14,163.56,400.43,0.0,0,289,311.294,1.3679,270.1693,0.0112,A
59,hotel1/user,23.55,16.0,1119.06,0.0,0,1079,311.294,1.3679,270.1693,0.0197,A
60,hotel2/user,20.06,16.78,1119.06,0.0,0,1235,311.294,1.3679,279.9582,0.0308,A
60,hotel2/search,1429.08,24.69,1119.06,0.0,0,6692,971.4638,50.1419,279.9582,2.27,A
60,hotel2/mongodb-recommendation,10.33,163.71,400.43,0.0391,2,287,311.294,1.3679,279.9582,0.0185,A
60,hotel2/recommendation,432.08,18.8,1119.06,0.0,0,3946,572.8327,15.1708,279.9582,0.669,A
60,hotel2/rate,795.21,27.0,1119.14,0.0,0,4806,697.6771,27.9137,279.9582,1.3,A
60,hotel2/profile,1354.0,36.95,1119.06,0.0,0,4447,645.5618,47.5201,279.9582,2.12,A
60,hotel2/mongodb-user,11.0,163.79,400.43,0.0391,2,176,311.294,1.3679,279.9582,0.0185,A
60,hotel2/mongodb-reservation,3857.56,273.28,400.43,0.0781,6,3064940,444931.0124,135.5409,279.9582,5.03,A
60,hotel2/reservation,988.1,121.07,1119.06,0.0,0,5569,808.4402,34.7656,279.9582,1.58,A
60,hotel2/mongodb-rate,10.28,164.46,400.43,0.0391,2,213,311.294,1.3679,279.9582,0.0185,A
60,hotel2/mongodb-profile,11.56,164.36,400.43,0.0469,4,165,311.294,1.3679,279.9582,0.0185,A
60,hotel2/memcached-reserve,152.33,7.08,79.27,0.0,0,2307,334.9024,5.3489,279.9582,0.284,A
60,es-stress-d/elasticsearch-dynamic-0,5.83,208336.2,1414.12,0.0,0,829,311.294,193.1695,279.9582,0.0092,A
60,es-stress-d2/elasticsearch-dynamic-0,5.61,208343.27,1414.11,0.0,0,1372,311.294,193.1683,279.9582,0.0062,A
60,es-stress-d3/elasticsearch-dynamic-0,5.18,208351.93,1414.12,0.0,0,643,311.294,193.1612,279.9582,0.0062,A
60,es-stress-d4/elasticsearch-dynamic-0,4.89,208339.62,1414.11,0.0,0,1093,311.294,193.1397,279.9582,0.0031,A
60,es-stress-d5/elasticsearch-dynamic-0,6.79,208381.32,1414.11,0.0,0,518,311.294,193.2449,279.9582,0.0092,A
60,hotel1/consul,22.23,27.63,212.87,0.0,0,4304,624.8028,1.3679,279.9582,0.0308,A
60,hotel1/frontend,3621.77,95.21,1119.14,0.0,0,6147,892.3473,127.1067,279.9582,4.28,A
60,hotel1/geo,630.68,19.2,1119.06,0.0,0,6360,923.2681,22.1363,279.9582,0.746,A
60,hotel1/jaeger,0.3,14.83,81.01,0.0,0,0,311.294,1.3679,1.454,0.0031,A
60,hotel1/memcached-profile,232.34,7.52,79.27,0.0,0,2607,378.4528,8.1553,279.9582,0.253,A
60,hotel1/memcached-rate,140.84,7.46,79.27,0.0,0,2981,432.7456,4.9463,279.9582,0.151,A
60,hotel1/memcached-reserve,174.86,7.0,79.27,0.0,0,1513,311.294,6.139,279.9582,0.21,A
60,hotel1/mongodb-geo,10.01,163.79,400.43,0.0,0,212,311.294,1.3679,279.9582,0.0154,A
60,hotel1/mongodb-profile,9.95,164.2,400.43,0.0,0,131,311.294,1.3679,279.9582,0.0154,A
60,hotel1/mongodb-rate,10.94,164.64,400.43,0.0391,1,262,311.294,1.3679,279.9582,0.0123,A
60,hotel2/mongodb-geo,10.49,163.52,400.43,0.0391,2,177,311.294,1.3679,279.9582,0.0185,A
60,hotel1/mongodb-reservation,3840.68,269.89,400.43,0.0898,9,2912314,422774.611,134.9458,279.9582,5.05,A
60,hotel1/mongodb-recommendation,11.28,163.6,400.43,0.0391,1,172,311.294,1.3679,279.9582,0.0154,A
60,hotel2/memcached-rate,131.36,7.46,79.27,0.0,0,3506,508.9588,4.6138,279.9582,0.207,A
60,hotel2/memcached-profile,219.57,7.93,79.27,0.0,0,4070,590.8335,7.7078,279.9582,0.354,A
60,hotel2/jaeger,0.23,14.6,81.01,0.0,0,0,311.294,1.3679,1.454,0.0,A
60,hotel2/frontend,3789.8,100.87,1119.14,0.0,0,6671,968.4153,133.0049,279.9582,6.13,A
60,hotel2/consul,21.23,27.76,212.87,0.0,0,2350,341.1446,1.3679,279.9582,0.0277,A
60,hotel2/geo,634.31,20.88,1119.06,0.0,0,4506,654.1267,22.2651,279.9582,1.0,A
60,hotel1/search,1441.25,25.25,1119.06,0.0,0,5844,848.3614,50.5692,279.9582,1.7,A
60,hotel1/reservation,1005.49,117.93,1119.06,0.0,0,5257,763.1478,35.3726,279.9582,1.08,A
60,hotel1/recommendation,450.2,17.51,1119.06,0.0,0,4663,676.9181,15.8051,279.9582,0.515,A
60,hotel1/rate,783.08,26.4,1119.14,0.0,0,5819,844.7322,27.4877,279.9582,0.922,A
60,hotel1/profile,1266.89,30.92,1119.06,0.0,0,4935,716.4038,44.4595,279.9582,1.48,A
60,hotel1/mongodb-user,11.24,163.56,400.43,0.0391,1,178,311.294,1.3679,279.9582,0.0154,A
60,hotel1/user,21.68,15.81,1119.06,0.0,0,969,311.294,1.3679,279.9582,0.0216,A
61,hotel2/user,18.8,16.65,1119.06,0.0,0,1508,311.294,1.3679,310.2999,0.0272,A
61,hotel2/search,1523.35,26.8,1119.06,0.0,0,5397,781.1461,51.4391,310.2999,1.72,A
61,hotel2/mongodb-recommendation,9.6,163.7,400.43,0.0,0,211,311.294,1.3679,310.2999,0.0121,A
61,hotel2/recommendation,456.87,20.32,1119.06,0.0,0,3763,544.6457,15.4392,310.2999,0.52,A
61,hotel2/rate,872.96,27.32,1119.14,0.0,0,5862,848.4488,29.4891,310.2999,0.964,A
61,hotel2/profile,1384.88,38.89,1119.06,0.0,0,5562,805.0277,46.7776,310.2999,1.6,A
61,hotel2/mongodb-user,9.51,163.6,400.43,0.0,0,158,311.294,1.3679,310.2999,0.0121,A
61,hotel2/mongodb-reservation,4000.03,273.41,400.43,0.0,0,3223021,466490.6802,135.2689,310.2999,4.83,A
61,hotel2/reservation,1070.58,121.15,1119.06,0.0,0,4885,707.0407,36.2509,310.2999,1.29,A
61,hotel2/mongodb-rate,9.55,164.64,400.43,0.0,0,206,311.294,1.3679,310.2999,0.0121,A
61,hotel2/mongodb-profile,9.73,164.18,400.43,0.0,0,139,311.294,1.3679,310.2999,0.0121,A
61,hotel2/mongodb-geo,9.21,163.71,400.43,0.0,0,118,311.294,1.3679,310.2999,0.0121,A
61,hotel2/memcached-reserve,170.5,7.08,79.27,0.0,0,1586,311.294,5.7613,310.2999,0.178,A
61,es-stress-d/elasticsearch-dynamic-0,7.19,208336.21,1414.12,0.0,0,821,311.294,204.9255,310.2999,0.0091,A
61,es-stress-d2/elasticsearch-dynamic-0,7.73,208343.27,1414.11,0.0039,1,936,311.294,204.9507,310.2999,0.0091,A
61,es-stress-d3/elasticsearch-dynamic-0,7.47,208351.93,1414.12,0.0,0,843,311.294,204.9504,310.2999,0.0091,A
61,es-stress-d4/elasticsearch-dynamic-0,8.43,208339.62,1414.11,0.0039,1,626,311.294,204.9707,310.2999,0.0181,A
61,es-stress-d5/elasticsearch-dynamic-0,6.3,208381.32,1414.11,0.0,0,595,311.294,204.9398,310.2999,0.0121,A
61,hotel1/consul,23.28,27.65,212.87,0.0,0,2070,311.294,1.3679,310.2999,0.0272,A
61,hotel1/frontend,4615.18,95.79,1119.14,0.0,0,6128,886.9489,155.8556,310.2999,4.27,A
61,hotel1/geo,718.8,19.1,1119.06,0.0,0,3983,576.4878,24.2781,310.2999,0.722,A
61,hotel1/memcached-profile,240.73,8.01,79.27,0.0,0,3976,575.4747,8.1325,310.2999,0.242,A
61,hotel1/memcached-rate,157.52,7.45,79.27,0.0,0,3395,491.3824,5.3236,310.2999,0.151,A
61,hotel1/memcached-reserve,215.47,6.99,79.27,0.0,0,2088,311.294,7.2789,310.2999,0.209,A
61,hotel1/mongodb-geo,10.94,163.75,400.43,0.0391,1,214,311.294,1.3679,310.2999,0.0181,A
61,hotel1/mongodb-profile,10.9,164.16,400.43,0.0391,1,244,311.294,1.3679,310.2999,0.0121,A
61,hotel1/mongodb-rate,9.34,164.82,400.43,0.0,0,231,311.294,1.3679,310.2999,0.0091,A
61,hotel1/jaeger,0.25,14.83,81.01,0.0,0,0,311.294,1.3679,1.454,0.0,A
61,hotel1/mongodb-reservation,4002.3,270.31,400.43,0.0117,6,2935638,424895.7011,135.3424,310.2999,4.96,A
61,hotel1/mongodb-recommendation,9.16,163.79,400.43,0.0,0,159,311.294,1.3679,310.2999,0.0121,A
61,hotel2/memcached-profile,244.45,8.17,79.27,0.0,0,2031,311.294,8.2582,310.2999,0.26,A
61,hotel2/jaeger,0.27,14.6,81.01,0.0,0,0,311.294,1.3679,1.454,0.0,A
61,hotel2/geo,674.99,20.64,1119.06,0.0,0,4944,715.5802,22.8011,310.2999,0.762,A
61,hotel2/frontend,4023.79,101.03,1119.14,0.0,0,7202,1042.3965,135.9014,310.2999,4.2,A
61,hotel2/consul,23.25,27.76,212.87,0.0,0,2809,406.5665,1.3679,310.2999,0.0272,A
61,hotel1/user,30.57,15.94,1119.06,0.0,0,2244,324.79,1.3679,310.2999,0.0212,A
61,hotel2/memcached-rate,136.3,7.46,79.27,0.0,0,3185,460.9876,4.6074,310.2999,0.154,A
61,hotel1/reservation,1135.12,117.39,1119.06,0.0,0,4786,692.7117,38.4254,310.2999,1.06,A
61,hotel1/recommendation,514.02,17.7,1119.06,0.0,0,4455,644.8037,17.3655,310.2999,0.517,A
61,hotel1/rate,893.74,27.33,1119.14,0.0,0,4172,603.8431,30.1904,310.2999,0.91,A
61,hotel1/profile,1468.01,28.88,1119.06,0.0,0,5970,864.0804,49.5734,310.2999,1.46,A
61,hotel1/mongodb-user,9.82,163.75,400.43,0.0,0,161,311.294,1.3679,310.2999,0.0121,A
61,hotel1/search,1663.06,25.2,1119.06,0.0,0,7530,1089.8703,56.1527,310.2999,1.7,A
62,hotel2/user,19.05,16.73,1119.06,0.0,0,1292,311.294,1.3679,279.7581,0.0269,A
62,hotel2/search,1499.13,26.23,1119.06,0.0,0,6411,902.9256,47.1813,279.7581,1.91,A
62,hotel2/rate,877.03,27.97,1119.14,0.0,0,4286,603.6405,27.6126,279.7581,1.1,A
62,hotel2/recommendation,461.07,19.43,1119.06,0.0,0,3993,562.3743,14.5203,279.7581,0.579,A
62,hotel2/profile,1424.27,38.11,1119.06,0.0,0,5057,712.2281,44.836,279.7581,1.86,A
62,hotel2/mongodb-user,10.96,163.6,400.43,0.0391,2,222,311.294,1.3679,279.7581,0.0192,A
62,hotel2/mongodb-reservation,4001.04,273.45,400.43,0.0977,8,3198901,450533.3747,126.0891,279.7581,6.28,A
62,hotel2/mongodb-recommendation,10.26,163.52,400.43,0.0391,2,235,311.294,1.3679,279.7581,0.0192,A
62,hotel2/reservation,1074.29,120.52,1119.06,0.0,0,6206,874.0533,33.8938,279.7581,1.39,A
62,hotel2/mongodb-rate,10.36,164.46,400.43,0.0469,4,200,311.294,1.3679,279.7581,0.0153,A
62,hotel2/mongodb-profile,10.87,164.36,400.43,0.0742,4,243,311.294,1.3679,279.7581,0.0153,A
62,hotel2/mongodb-geo,13.43,163.71,400.43,0.0469,4,220,311.294,1.3679,279.7581,0.0153,A
62,hotel2/memcached-reserve,178.73,7.34,79.27,0.0,0,1978,311.294,5.6285,279.7581,0.2,A
62,es-stress-d/elasticsearch-dynamic-0,7.34,208336.2,1414.12,0.0,0,844,311.294,170.9047,279.7581,0.0038,A
62,es-stress-d2/elasticsearch-dynamic-0,7.41,208343.27,1414.11,0.0,0,1037,311.294,170.9127,279.7581,0.0077,A
62,es-stress-d3/elasticsearch-dynamic-0,7.2,208351.93,1414.12,0.0,0,572,311.294,170.9132,279.7581,0.0115,A
62,es-stress-d4/elasticsearch-dynamic-0,5.51,208339.62,1414.11,0.0,0,1029,311.294,170.8499,279.7581,0.0038,A
62,es-stress-d5/elasticsearch-dynamic-0,8.78,208381.32,1414.11,0.0,0,261,311.294,170.9869,279.7581,0.0115,A
62,hotel1/consul,23.33,27.66,212.87,0.0,0,3045,428.858,1.3679,279.7581,0.0345,A
62,hotel1/frontend,3330.58,93.22,1119.14,0.0,0,7736,1089.5386,104.8501,279.7581,6.99,A
62,hotel1/geo,561.79,19.24,1119.06,0.0,0,4806,676.8773,17.6886,279.7581,1.1,A
62,hotel1/memcached-profile,195.65,7.51,79.27,0.0,0,2597,365.7616,6.1609,279.7581,0.387,A
62,hotel1/memcached-rate,119.33,7.44,79.27,0.0,0,4469,629.4142,3.76,279.7581,0.246,A
62,hotel1/memcached-reserve,148.01,6.98,79.27,0.0,0,2009,311.294,4.6618,279.7581,0.334,A
62,hotel1/mongodb-geo,9.33,163.86,400.43,0.0,0,294,311.294,1.3679,279.7581,0.0192,A
62,hotel1/mongodb-profile,9.56,164.02,400.43,0.0,0,394,311.294,1.3679,279.7581,0.0153,A
62,hotel1/mongodb-rate,10.63,164.82,400.43,0.0391,1,210,311.294,1.3679,279.7581,0.0153,A
62,hotel1/jaeger,0.3,14.83,81.01,0.0,0,0,311.294,1.3679,1.454,0.0,A
62,hotel1/mongodb-reservation,3998.2,269.98,400.43,0.0898,11,3302155,465075.6732,125.9969,279.7581,6.3,A
62,hotel1/mongodb-recommendation,10.61,163.79,400.43,0.0391,1,193,311.294,1.3679,279.7581,0.0192,A
62,hotel2/memcached-profile,237.81,7.93,79.27,0.0,0,3318,467.3073,7.4875,279.7581,0.284,A
62,hotel2/jaeger,0.29,14.6,81.01,0.0,0,0,311.294,1.3679,1.454,0.0,A
62,hotel2/geo,671.77,19.45,1119.06,0.0,0,5082,715.7491,21.1485,279.7581,0.875,A
62,hotel2/frontend,3659.87,102.16,1119.14,0.0,0,6182,870.6732,115.2162,279.7581,4.61,A
62,hotel2/consul,22.12,27.76,212.87,0.0,0,2974,418.8583,1.3679,279.7581,0.0384,A
62,hotel1/user,20.75,15.95,1119.06,0.0,0,1411,311.294,1.3679,279.7581,0.0384,A
62,hotel2/memcached-rate,136.04,7.7,79.27,0.0,0,3726,524.77,4.2859,279.7581,0.176,A
62,hotel1/reservation,864.02,117.16,1119.06,0.0,0,4728,665.8918,27.2764,279.7581,1.68,A
62,hotel1/recommendation,404.95,17.86,1119.06,0.0,0,4789,674.483,12.7536,279.7581,0.752,A
62,hotel1/rate,707.04,26.11,1119.14,0.0,0,7588,1068.6943,22.2635,279.7581,1.41,A
62,hotel1/profile,1132.19,30.06,1119.06,0.0,0,6979,982.9227,35.6412,279.7581,2.26,A
62,hotel1/mongodb-user,10.46,163.56,400.43,0.0391,1,184,311.294,1.3679,279.7581,0.0192,A
62,hotel1/search,1296.52,25.06,1119.06,0.0,0,6259,881.5179,40.8066,279.7581,2.61,A
63,hotel2/user,17.49,16.72,1119.06,0.0,0,1187,311.294,1.3679,275.1679,0.0195,A
63,hotel2/search,1455.26,25.29,1119.06,0.0,0,7099,995.2839,48.4921,275.1679,1.28,A
63,hotel2/rate,815.57,26.71,1119.14,0.0,0,6833,957.9905,27.1872,275.1679,0.684,A
63,hotel2/recommendation,447.98,18.27,1119.06,0.0,0,3707,519.7235,14.9366,275.1679,0.36,A
63,hotel2/profile,1375.04,37.26,1119.06,0.0,0,6687,937.5212,45.8305,275.1679,1.17,A
63,hotel2/mongodb-user,9.67,163.79,400.43,0.0,0,193,311.294,1.3679,275.1679,0.0112,A
63,hotel2/mongodb-reservation,4000.28,273.55,400.43,0.0078,4,3445587,483073.2789,133.4733,275.1679,4.49,A
63,hotel2/mongodb-recommendation,9.51,163.71,400.43,0.0,0,145,311.294,1.3679,275.1679,0.0112,A
63,hotel2/reservation,1078.84,120.86,1119.06,0.0,0,4850,679.9728,36.0373,275.1679,0.826,A
63,hotel2/mongodb-rate,9.71,164.64,400.43,0.0,0,231,311.294,1.3679,275.1679,0.0112,A
63,hotel2/mongodb-profile,9.27,164.36,400.43,0.0,0,253,311.294,1.3679,275.1679,0.0084,A
63,hotel2/mongodb-geo,9.57,163.52,400.43,0.0,0,181,311.294,1.3679,275.1679,0.0112,A
63,hotel2/memcached-reserve,171.23,7.09,79.27,0.0,0,1865,311.294,5.7093,275.1679,0.123,A
63,es-stress-d2/elasticsearch-dynamic-0,7.76,208343.27,1414.11,0.0039,1,915,311.294,180.2954,275.1679,0.0084,A
63,es-stress-d3/elasticsearch-dynamic-0,6.93,208351.93,1414.12,0.0,0,607,311.294,180.2752,275.1679,0.0112,A
63,es-stress-d4/elasticsearch-dynamic-0,6.56,208339.62,1414.11,0.0039,1,979,311.294,180.2523,275.1679,0.0056,A
63,es-stress-d5/elasticsearch-dynamic-0,6.17,208381.39,1414.11,0.0,0,960,311.294,180.2754,275.1679,0.0056,A
63,hotel1/consul,23.19,27.67,212.87,0.0,0,3385,474.5789,1.3679,275.1679,0.0251,A
63,hotel1/frontend,3257.56,93.18,1119.14,0.0,0,5598,784.8428,108.5797,275.1679,4.51,A
63,hotel1/geo,581.69,19.16,1119.06,0.0,0,5807,814.1447,19.3908,275.1679,0.79,A
63,hotel1/jaeger,0.25,14.83,81.01,0.0,0,0,311.294,1.3679,1.454,0.0,A
63,hotel1/memcached-profile,192.62,7.53,79.27,0.0,0,3053,428.0324,6.4221,275.1679,0.288,A
63,hotel1/memcached-rate,121.63,7.45,79.27,0.0,0,4081,572.1585,4.0576,275.1679,0.17,A
63,hotel1/memcached-reserve,142.79,6.99,79.27,0.0,0,1963,311.294,4.7619,275.1679,0.221,A
63,hotel1/mongodb-geo,11.52,163.61,400.43,0.0391,1,322,311.294,1.3679,275.1679,0.014,A
63,hotel1/mongodb-profile,10.77,164.02,400.43,0.0391,1,279,311.294,1.3679,275.1679,0.0112,A
63,hotel1/mongodb-rate,9.29,164.57,400.43,0.0,0,209,311.294,1.3679,275.1679,0.0112,A
63,es-stress-d/elasticsearch-dynamic-0,9.28,208336.21,1414.12,0.0,0,800,311.294,180.3399,275.1679,0.0084,A
63,hotel1/mongodb-reservation,4001.71,270.3,400.43,0.0117,6,3103178,435067.3402,133.5181,275.1679,4.57,A
63,hotel2/memcached-rate,127.68,7.71,79.27,0.0,0,4487,629.08,4.2593,275.1679,0.109,A
63,hotel2/memcached-profile,235.0,7.68,79.27,0.0,0,4398,616.6021,7.8338,275.1679,0.187,A
63,hotel2/jaeger,0.3,14.6,81.01,0.0,0,0,311.294,1.3679,1.454,0.0,A
63,hotel2/geo,645.31,20.98,1119.06,0.0,0,5158,723.1546,21.5114,275.1679,0.572,A
63,hotel1/mongodb-recommendation,9.33,163.6,400.43,0.0,0,226,311.294,1.3679,275.1679,0.0112,A
63,hotel2/consul,22.53,27.76,212.87,0.0,0,3819,535.426,1.3679,275.1679,0.0251,A
63,hotel2/frontend,3892.8,101.11,1119.14,0.0,0,6269,878.9174,129.7445,275.1679,2.98,A
63,hotel1/search,1314.68,23.79,1119.06,0.0,0,7166,1004.6773,43.8085,275.1679,1.83,A
63,hotel1/reservation,823.28,118.62,1119.06,0.0,0,6304,883.8244,27.5234,275.1679,1.23,A
63,hotel1/recommendation,395.9,17.96,1119.06,0.0,0,4193,587.861,13.2017,275.1679,0.553,A
63,hotel1/rate,708.64,25.77,1119.14,0.0,0,5237,734.2304,23.6249,275.1679,1.02,A
63,hotel1/profile,1101.84,31.2,1119.06,0.0,0,5522,774.1876,36.7258,275.1679,1.56,A
63,hotel1/mongodb-user,9.72,163.75,400.43,0.0,0,180,311.294,1.3679,275.1679,0.014,A
63,hotel1/user,20.26,16.2,1119.06,0.0,0,1297,311.294,1.3679,275.1679,0.0279,A
64,hotel2/user,20.29,16.06,1119.06,0.0,0,971,311.294,1.3679,270.1703,0.0258,A
64,hotel2/search,1539.69,27.21,1119.06,0.0,0,6211,875.6614,50.9863,270.1703,1.86,A
64,hotel2/mongodb-recommendation,10.21,163.52,400.43,0.043,4,143,311.294,1.3679,270.1703,0.0143,A
64,hotel2/recommendation,467.56,20.12,1119.06,0.0,0,4706,663.4781,15.493,270.1703,0.553,A
64,hotel2/rate,863.08,26.91,1119.14,0.0,0,5122,722.1281,28.5904,270.1703,1.05,A
64,hotel2/profile,1481.28,39.11,1119.06,0.0,0,5812,819.4082,49.0629,270.1703,1.74,A
64,hotel2/mongodb-user,10.84,163.6,400.43,0.0508,4,130,311.294,1.3679,270.1703,0.0115,A
64,hotel2/mongodb-reservation,3993.68,273.52,400.43,0.082,6,3400796,479463.1939,132.4197,270.1703,4.59,A
64,hotel2/reservation,1120.6,122.18,1119.06,0.0,0,5558,783.5978,37.1942,270.1703,1.28,A
64,hotel2/mongodb-rate,9.82,164.46,400.43,0.0391,2,160,311.294,1.3679,270.1703,0.0115,A
64,hotel2/mongodb-profile,10.69,164.18,400.43,0.0391,2,158,311.294,1.3679,270.1703,0.0143,A
64,hotel2/memcached-reserve,181.91,7.33,79.27,0.0,0,1960,311.294,6.0273,270.1703,0.195,A
64,es-stress-d/elasticsearch-dynamic-0,5.64,208336.21,1414.12,0.0,0,1066,311.294,175.1266,270.1703,0.0029,A
64,es-stress-d2/elasticsearch-dynamic-0,5.8,208343.27,1414.11,0.0039,2,1000,311.294,175.1378,270.1703,0.0057,A
64,es-stress-d3/elasticsearch-dynamic-0,5.72,208351.93,1414.12,0.0,0,1258,311.294,175.1424,270.1703,0.0057,A
64,es-stress-d4/elasticsearch-dynamic-0,5.18,208339.61,1414.11,0.0039,2,872,311.294,175.1142,270.1703,0.0057,A
64,es-stress-d5/elasticsearch-dynamic-0,7.03,208381.39,1414.11,0.0312,10,460,311.294,175.2105,270.1703,0.0086,A
64,hotel1/consul,23.5,27.7,212.87,0.0,0,3102,437.3373,1.3679,270.1703,0.0287,A
64,hotel1/frontend,2740.18,96.93,1119.14,0.0,0,6378,899.206,90.7808,270.1703,4.47,A
64,hotel1/geo,529.24,19.12,1119.06,0.0,0,5477,772.178,17.5338,270.1703,0.771,A
64,hotel1/jaeger,0.27,14.83,81.01,0.0,0,0,311.294,1.3679,1.454,0.0,A
64,hotel1/memcached-profile,171.75,7.5,79.27,0.0,0,3541,499.2299,5.6912,270.1703,0.281,A
64,hotel1/memcached-rate,110.78,7.45,79.27,0.0,0,4023,567.185,3.6731,270.1703,0.169,A
64,hotel1/memcached-reserve,132.59,6.99,79.27,0.0,0,1631,311.294,4.3946,270.1703,0.212,A
64,hotel1/mongodb-geo,9.13,163.61,400.43,0.0,0,298,311.294,1.3679,270.1703,0.0115,A
64,hotel1/mongodb-profile,9.78,164.02,400.43,0.0,0,177,311.294,1.3679,270.1703,0.0086,A
64,hotel1/mongodb-rate,10.6,164.57,400.43,0.0391,1,187,311.294,1.3679,270.1703,0.0115,A
64,hotel2/mongodb-geo,10.83,163.52,400.43,0.0391,2,147,311.294,1.3679,270.1703,0.0115,A
64,hotel1/mongodb-reservation,3999.7,270.68,400.43,0.0938,9,2970754,418833.4734,132.6166,270.1703,4.7,A
64,hotel1/mongodb-recommendation,13.05,163.6,400.43,0.0391,1,166,311.294,1.3679,270.1703,0.0115,A
64,hotel2/memcached-rate,138.71,7.45,79.27,0.0,0,5277,743.9809,4.5975,270.1703,0.169,A
64,hotel2/memcached-profile,251.51,7.93,79.27,0.0,0,3588,505.8563,8.3316,270.1703,0.284,A
64,hotel2/jaeger,0.3,14.6,81.01,0.0,0,0,311.294,1.3679,1.454,0.0,A
64,hotel2/frontend,3856.14,102.11,1119.14,0.0,0,6748,951.3707,127.7232,270.1703,4.93,A
64,hotel2/consul,22.05,27.76,212.87,0.0,0,2868,404.3466,1.3679,270.1703,0.0287,A
64,hotel2/geo,694.01,20.59,1119.06,0.0,0,5080,716.2067,22.9889,270.1703,0.817,A
64,hotel1/search,1213.38,25.12,1119.06,0.0,0,6641,936.2852,40.1837,270.1703,1.74,A
64,hotel1/reservation,819.6,116.93,1119.06,0.0,0,5270,742.994,27.2268,270.1703,1.16,A
64,hotel1/recommendation,351.12,18.0,1119.06,0.0,0,5303,747.6465,11.6371,270.1703,0.559,A
64,hotel1/rate,642.98,25.97,1119.14,0.0,0,4547,641.0614,21.3043,270.1703,0.934,A
64,hotel1/profile,986.76,27.64,1119.06,0.0,0,5763,812.4999,32.6848,270.1703,1.57,A
64,hotel1/mongodb-user,10.21,163.56,400.43,0.0391,1,610,311.294,1.3679,270.1703,0.0143,A
64,hotel1/user,17.66,15.94,1119.06,0.0,0,1340,311.294,1.3679,270.1703,0.0258,A
65,hotel2/user,21.18,16.55,1119.06,0.0,0,1626,311.294,1.3679,298.5856,0.0272,A
65,hotel2/search,1666.0,28.06,1119.06,0.0,0,7267,1056.2185,58.2647,298.5856,2.37,A
65,hotel2/mongodb-recommendation,9.41,163.77,400.43,0.0,0,217,311.294,1.3679,298.5856,0.0155,A
65,hotel2/recommendation,498.98,18.75,1119.06,0.0,0,4000,581.378,17.4609,298.5856,0.718,A
65,hotel2/rate,946.11,27.09,1119.14,0.0,0,5399,784.715,33.0991,298.5856,1.38,A
65,hotel2/profile,1503.1,36.77,1119.06,0.0,0,5957,865.8172,52.5789,298.5856,2.26,A
65,hotel2/mongodb-user,9.75,163.6,400.43,0.0,0,106,311.294,1.3679,298.5856,0.0155,A
65,hotel2/mongodb-reservation,4003.84,273.52,400.43,0.0078,4,3229408,469376.709,140.2274,298.5856,6.21,A
65,hotel2/reservation,1145.97,120.6,1119.06,0.0,0,5368,780.2093,40.177,298.5856,1.71,A
65,hotel2/mongodb-rate,9.34,164.64,400.43,0.0,0,207,311.294,1.3679,298.5856,0.0155,A
65,hotel2/mongodb-profile,9.42,164.36,400.43,0.0,0,133,311.294,1.3679,298.5856,0.0155,A
65,hotel2/mongodb-geo,9.18,163.71,400.43,0.0,0,194,311.294,1.3679,298.5856,0.0116,A
65,hotel2/memcached-reserve,194.65,7.09,79.27,0.0,0,1673,311.294,6.8112,298.5856,0.268,A
65,es-stress-d2/elasticsearch-dynamic-0,7.78,208343.33,1414.11,0.0273,9,913,311.294,204.3597,298.5856,0.0116,A
65,es-stress-d3/elasticsearch-dynamic-0,7.14,208351.93,1414.12,0.0273,9,814,311.294,204.3457,298.5856,0.0116,A
65,es-stress-d4/elasticsearch-dynamic-0,6.71,208339.62,1414.11,0.0312,7,1085,311.294,204.3186,298.5856,0.0155,A
65,es-stress-d5/elasticsearch-dynamic-0,5.57,208381.39,1414.11,0.0,0,1019,311.294,204.3197,298.5856,0.0116,A
65,hotel1/consul,24.3,27.71,212.87,0.0,0,3062,445.0449,1.3679,298.5856,0.0349,A
65,hotel1/frontend,3498.62,98.13,1119.14,0.0,0,6469,940.2336,122.395,298.5856,6.42,A
65,hotel1/geo,620.02,18.81,1119.06,0.0,0,4284,622.6559,21.692,298.5856,1.03,A
65,hotel1/jaeger,0.28,14.83,81.01,0.0,0,0,311.294,1.3679,1.454,0.0039,A
65,hotel1/memcached-profile,209.92,7.52,79.27,0.0,0,3068,445.9169,7.3454,298.5856,0.346,A
65,hotel1/memcached-rate,131.16,7.45,79.27,0.0,0,3412,495.9155,4.5922,298.5856,0.225,A
65,hotel1/memcached-reserve,165.64,7.24,79.27,0.0,0,2019,311.294,5.7973,298.5856,0.307,A
65,hotel1/mongodb-geo,10.98,163.75,400.43,0.0391,1,269,311.294,1.3679,298.5856,0.0194,A
65,hotel1/mongodb-profile,10.84,164.02,400.43,0.0391,1,276,311.294,1.3679,298.5856,0.0155,A
65,hotel1/mongodb-rate,9.11,164.39,400.43,0.0,0,288,311.294,1.3679,298.5856,0.0155,A
65,es-stress-d/elasticsearch-dynamic-0,7.52,208336.28,1414.12,0.0234,8,409,311.294,204.3437,298.5856,0.0116,A
65,hotel1/mongodb-reservation,3998.94,271.02,400.43,0.0039,2,2953888,429331.3908,140.0537,298.5856,6.36,A
65,hotel2/memcached-rate,149.13,7.46,79.27,0.0,0,5369,780.3547,5.2203,298.5856,0.217,A
65,hotel2/memcached-profile,272.26,7.68,79.27,0.0,0,2708,393.5929,9.5247,298.5856,0.388,A
65,hotel2/jaeger,0.35,14.6,81.01,0.0,0,0,311.294,1.3679,1.454,0.0,A
65,hotel2/geo,713.7,20.53,1119.06,0.0,0,3937,572.2213,24.9684,298.5856,1.06,A
65,hotel1/mongodb-recommendation,9.17,163.79,400.43,0.0,0,246,311.294,1.3679,298.5856,0.0116,A
65,hotel2/consul,22.8,27.76,212.87,0.0,0,3199,464.9571,1.3679,298.5856,0.0349,A
65,hotel2/frontend,4563.09,102.65,1119.14,0.0,0,7325,1064.6485,159.6094,298.5856,6.44,A
65,hotel1/search,1406.01,26.13,1119.06,0.0,0,7193,1045.463,49.1745,298.5856,2.4,A
65,hotel1/reservation,912.14,117.4,1119.06,0.0,0,4958,720.6181,32.0001,298.5856,1.57,A
65,hotel1/recommendation,432.58,17.47,1119.06,0.0,0,3287,477.7474,15.1385,298.5856,0.738,A
65,hotel1/rate,769.87,25.79,1119.14,0.0,0,5355,778.3198,26.9371,298.5856,1.3,A
65,hotel1/profile,1251.08,28.75,1119.06,0.0,0,6340,921.4842,43.7613,298.5856,2.05,A
65,hotel1/mongodb-user,9.75,163.75,400.43,0.0,0,133,311.294,1.3679,298.5856,0.0155,A
65,hotel1/user,24.42,15.57,1119.06,0.0,0,1126,311.294,1.3679,298.5856,0.0427,A
66,hotel2/user,24.89,16.05,1119.06,0.0,0,1281,311.294,1.3679,279.1784,0.0237,A
66,hotel2/search,1612.2,26.34,1119.06,0.0,0,6574,910.9285,52.7795,279.1784,1.78,A
66,hotel2/mongodb-recommendation,10.49,163.52,400.43,0.0742,4,204,311.294,1.3679,279.1784,0.0148,A
66,hotel2/recommendation,479.39,19.72,1119.06,0.0,0,4705,651.9499,15.7044,279.1784,0.553,A
66,hotel2/rate,937.48,26.13,1119.14,0.0,0,4550,630.4723,30.7002,279.1784,1.03,A
66,hotel2/profile,1595.88,37.82,1119.06,0.0,0,5709,791.0695,52.2555,279.1784,1.67,A
66,hotel2/mongodb-user,10.94,163.79,400.43,0.0391,2,107,311.294,1.3679,279.1784,0.0148,A
66,hotel2/mongodb-reservation,3999.63,273.81,400.43,0.1016,8,3213903,445335.536,131.1192,279.1784,4.85,A
66,hotel2/reservation,1137.46,120.32,1119.06,0.0,0,5527,765.8506,37.326,279.1784,1.3,A
66,hotel2/mongodb-rate,10.47,164.46,400.43,0.0703,4,163,311.294,1.3679,279.1784,0.0118,A
66,hotel2/mongodb-profile,10.73,164.18,400.43,0.0391,2,136,311.294,1.3679,279.1784,0.0148,A
66,hotel2/memcached-reserve,187.13,7.08,79.27,0.0,0,1970,311.294,6.1297,279.1784,0.213,A
66,es-stress-d/elasticsearch-dynamic-0,5.89,208336.28,1414.12,0.0039,1,902,311.294,181.0452,279.1784,0.0089,A
66,es-stress-d2/elasticsearch-dynamic-0,5.74,208343.33,1414.11,0.0,0,564,311.294,181.0464,279.1784,0.0089,A
66,es-stress-d3/elasticsearch-dynamic-0,5.71,208351.93,1414.12,0.0,0,609,311.294,181.0529,279.1784,0.0089,A
66,es-stress-d4/elasticsearch-dynamic-0,5.3,208339.62,1414.11,0.0,0,989,311.294,181.0288,279.1784,0.0059,A
66,es-stress-d5/elasticsearch-dynamic-0,7.64,208381.39,1414.11,0.0039,1,512,311.294,181.1416,279.1784,0.0059,A
66,hotel1/consul,22.65,27.72,212.87,0.0,0,3013,417.4973,1.3679,279.1784,0.0296,A
66,hotel1/frontend,2797.55,95.26,1119.14,0.0,0,6194,858.2737,91.628,279.1784,4.06,A
66,hotel1/geo,531.42,19.66,1119.06,0.0,0,5246,726.9137,17.4069,279.1784,0.68,A
66,hotel1/jaeger,0.34,14.83,81.01,0.0,0,0,311.294,1.3679,1.454,0.0,A
66,hotel1/memcached-profile,169.49,7.53,79.27,0.0,0,2595,359.577,5.5528,279.1784,0.231,A
66,hotel1/memcached-rate,110.1,7.45,79.27,0.0,0,3361,465.7181,3.6093,279.1784,0.145,A
66,hotel1/memcached-reserve,136.11,7.0,79.27,0.0,0,1372,311.294,4.4601,279.1784,0.177,A
66,hotel1/mongodb-geo,9.46,163.79,400.43,0.0,0,311,311.294,1.3679,279.1784,0.0148,A
66,hotel1/mongodb-profile,9.6,164.02,400.43,0.0,0,201,311.294,1.3679,279.1784,0.0148,A
66,hotel1/mongodb-rate,10.62,164.83,400.43,0.0391,1,227,311.294,1.3679,279.1784,0.0118,A
66,hotel2/mongodb-geo,10.73,163.71,400.43,0.0391,2,165,311.294,1.3679,279.1784,0.0177,A
66,hotel1/mongodb-reservation,4001.19,270.82,400.43,0.0859,7,3317695,459717.5089,131.1676,279.1784,4.85,A
66,hotel2/memcached-rate,146.29,7.45,79.27,0.0,0,2806,388.8143,4.7936,279.1784,0.163,A
66,hotel2/memcached-profile,257.33,7.93,79.27,0.0,0,2701,374.265,8.4276,279.1784,0.284,A
66,hotel2/jaeger,0.27,14.6,81.01,0.0,0,0,311.294,1.3679,1.454,0.0,A
66,hotel2/geo,737.29,21.0,1119.06,0.0,0,4414,611.6274,24.1449,279.1784,0.801,A
66,hotel1/mongodb-recommendation,10.88,163.79,400.43,0.0391,1,161,311.294,1.3679,279.1784,0.0148,A
66,hotel2/consul,21.79,27.76,212.87,0.0,0,2476,343.0878,1.3679,279.1784,0.0266,A
66,hotel2/frontend,4692.04,99.52,1119.14,0.0,0,6240,864.6477,153.6259,279.1784,4.43,A
66,hotel1/search,1186.58,25.08,1119.06,0.0,0,5714,791.7623,38.8507,279.1784,1.56,A
66,hotel1/reservation,771.44,116.57,1119.06,0.0,0,5854,811.1615,25.3453,279.1784,1.02,A
66,hotel1/recommendation,354.58,17.74,1119.06,0.0,0,4084,565.9008,11.6185,279.1784,0.488,A
66,hotel1/rate,640.12,26.27,1119.14,0.0,0,5643,781.9242,20.9697,279.1784,0.834,A
66,hotel1/profile,1016.34,29.12,1119.06,0.0,0,4771,661.0952,33.2834,279.1784,1.33,A
66,hotel1/mongodb-user,10.53,163.75,400.43,0.0391,1,187,311.294,1.3679,279.1784,0.0177,A
66,hotel1/user,13.96,15.59,1119.06,0.0,0,1075,311.294,1.3679,279.1784,0.0237,A
67,hotel2/user,14.61,16.06,1119.06,0.0,0,1211,311.294,1.3679,284.77,0.0181,A
67,hotel2/search,1462.7,25.63,1119.06,0.0,0,6174,852.1955,49.6558,284.77,1.83,A
67,hotel2/mongodb-recommendation,9.54,163.71,400.43,0.0,0,261,311.294,1.3679,284.77,0.0121,A
67,hotel2/recommendation,431.69,18.14,1119.06,0.0,0,4087,564.1275,14.6646,284.77,0.564,A
67,hotel2/rate,810.7,27.96,1119.14,0.0,0,5183,715.408,27.5342,284.77,1.02,A
67,hotel2/profile,1295.97,37.6,1119.06,0.0,0,5006,690.9768,44.0092,284.77,1.75,A
67,hotel2/mongodb-user,10.45,163.79,400.43,0.0,0,197,311.294,1.3679,284.77,0.0121,A
67,hotel2/mongodb-reservation,3998.06,273.46,400.43,0.0078,4,3460504,477652.3894,135.9112,284.77,4.94,A
67,hotel2/reservation,982.34,119.86,1119.06,0.0,0,4635,639.7677,33.4418,284.77,1.32,A
67,hotel2/mongodb-rate,9.88,164.65,400.43,0.0,0,380,311.294,1.3679,284.77,0.0091,A
67,hotel2/mongodb-profile,10.02,164.18,400.43,0.0,0,219,311.294,1.3679,284.77,0.0121,A
67,hotel2/memcached-reserve,152.65,7.08,79.27,0.0,0,1958,311.294,5.1862,284.77,0.223,A
67,es-stress-d/elasticsearch-dynamic-0,7.24,208336.27,1414.12,0.0,0,706,311.294,189.6326,284.77,0.0121,A
67,es-stress-d2/elasticsearch-dynamic-0,7.11,208343.33,1414.11,0.0039,1,875,311.294,189.6346,284.77,0.0091,A
67,es-stress-d3/elasticsearch-dynamic-0,6.62,208351.93,1414.12,0.0039,1,724,311.294,189.6258,284.77,0.0091,A
67,es-stress-d4/elasticsearch-dynamic-0,7.46,208339.62,1414.11,0.0039,1,1091,311.294,189.6431,284.77,0.006,A
67,es-stress-d5/elasticsearch-dynamic-0,5.77,208381.39,1414.11,0.0,0,936,311.294,189.6237,284.77,0.0091,A
67,hotel1/consul,23.75,27.73,212.87,0.0,0,2385,329.2009,1.3679,284.77,0.0302,A
67,hotel1/frontend,3790.45,97.21,1119.14,0.0,0,6130,846.1222,128.7063,284.77,3.85,A
67,hotel1/geo,643.78,18.82,1119.06,0.0,0,4446,613.6801,21.8619,284.77,0.709,A
67,hotel1/jaeger,0.24,14.83,81.01,0.0,0,0,311.294,1.3679,1.454,0.0,A
67,hotel1/memcached-profile,223.43,7.51,79.27,0.0,0,4008,553.2231,7.5883,284.77,0.232,A
67,hotel1/memcached-rate,136.03,7.44,79.27,0.0,0,2714,374.6127,4.6225,284.77,0.145,A
67,hotel1/memcached-reserve,175.86,7.0,79.27,0.0,0,2362,326.0262,5.9737,284.77,0.169,A
67,hotel1/mongodb-geo,11.24,163.79,400.43,0.0,0,170,311.294,1.3679,284.77,0.0151,A
67,hotel1/mongodb-profile,10.98,164.21,400.43,0.0,0,196,311.294,1.3679,284.77,0.0121,A
67,hotel1/mongodb-rate,10.66,164.79,400.43,0.0,0,300,311.294,1.3679,284.77,0.0121,A
67,hotel2/mongodb-geo,9.95,163.71,400.43,0.0,0,228,311.294,1.3679,284.77,0.0121,A
67,hotel1/mongodb-reservation,3999.53,270.8,400.43,0.0,0,3077120,424734.0042,135.9586,284.77,4.94,A
67,hotel1/mongodb-recommendation,9.86,163.79,400.43,0.0,0,180,311.294,1.3679,284.77,0.0151,A
67,hotel2/memcached-rate,131.14,7.46,79.27,0.0,0,2957,408.1539,4.4566,284.77,0.16,A
67,hotel2/memcached-profile,223.59,7.92,79.27,0.0,0,3051,421.1287,7.5941,284.77,0.292,A
67,hotel2/jaeger,0.31,14.6,81.01,0.0,0,0,311.294,1.3679,1.454,0.0,A
67,hotel2/frontend,3680.73,103.82,1119.14,0.0,0,6269,865.3083,124.9893,284.77,4.95,A
67,hotel2/consul,25.5,27.76,212.87,0.0,0,3126,431.4809,1.3679,284.77,0.0271,A
67,hotel2/geo,635.31,20.0,1119.06,0.0,0,5116,706.16,21.5756,284.77,0.796,A
67,hotel1/search,1445.15,24.04,1119.06,0.0,0,6364,878.4211,49.0588,284.77,1.61,A
67,hotel1/reservation,969.85,118.39,1119.06,0.0,0,6386,881.4578,33.0167,284.77,1.03,A
67,hotel1/recommendation,466.65,17.28,1119.06,0.0,0,3934,543.0089,15.8501,284.77,0.476,A
67,hotel1/rate,805.41,25.36,1119.14,0.0,0,4880,673.585,27.3523,284.77,0.847,A
67,hotel1/profile,1309.0,29.2,1119.06,0.0,0,5656,780.6961,44.4437,284.77,1.31,A
67,hotel1/mongodb-user,10.31,163.56,400.43,0.0,0,245,311.294,1.3679,284.77,0.0121,A
67,hotel1/user,18.27,15.6,1119.06,0.0,0,994,311.294,1.3679,284.77,0.0241,A
68,hotel2/search,1358.2,25.04,1119.06,0.0,0,6297,888.0642,47.4042,281.4401,2.26,A
68,hotel2/user,19.49,16.55,1119.06,0.0,0,1279,311.294,1.3679,281.4401,0.0308,A
68,hotel2/reservation,928.44,120.42,1119.06,0.0,0,5044,711.354,32.4997,281.4401,1.61,A
68,hotel2/mongodb-rate,10.59,164.65,400.43,0.0078,4,185,311.294,1.3679,281.4401,0.0154,A
68,hotel2/rate,763.43,27.42,1119.14,0.0,0,5051,712.3412,26.6577,281.4401,1.27,A
68,hotel2/profile,1209.41,36.1,1119.06,0.0,0,6036,851.2555,42.2238,281.4401,2.15,A
68,hotel2/mongodb-user,11.54,163.79,400.43,0.0078,4,178,311.294,1.3679,281.4401,0.0154,A
68,hotel2/mongodb-reservation,4000.57,273.62,400.43,0.0859,16,3325491,468993.1044,139.8127,281.4401,5.74,A
68,hotel2/mongodb-recommendation,10.96,163.53,400.43,0.0078,4,204,311.294,1.3679,281.4401,0.0205,A
68,hotel2/recommendation,405.12,18.61,1119.06,0.0,0,3563,502.4889,14.1498,281.4401,0.698,A
68,hotel2/mongodb-profile,11.48,164.38,400.43,0.0508,16,176,311.294,1.3679,281.4401,0.0154,A
68,hotel2/mongodb-geo,10.82,163.53,400.43,0.0078,4,335,311.294,1.3679,281.4401,0.0154,A
68,hotel2/memcached-rate,117.98,7.45,79.27,0.0,0,3761,530.4128,4.1226,281.4401,0.21,A
68,hotel2/memcached-reserve,145.6,7.09,79.27,0.0,0,2119,311.294,5.0858,281.4401,0.282,A
68,es-stress-d/elasticsearch-dynamic-0,7.06,208336.27,1414.12,0.0039,1,550,311.294,191.9153,281.4401,0.0,A
68,es-stress-d2/elasticsearch-dynamic-0,6.79,208343.33,1414.11,0.0,0,623,311.294,191.9124,281.4401,0.0051,A
68,es-stress-d3/elasticsearch-dynamic-0,7.02,208351.93,1414.12,0.0,0,826,311.294,191.9283,281.4401,0.0051,A
68,es-stress-d4/elasticsearch-dynamic-0,5.41,208339.62,1414.11,0.0,0,1140,311.294,191.8608,281.4401,0.0,A
68,es-stress-d5/elasticsearch-dynamic-0,8.48,208381.39,1414.11,0.0039,1,381,311.294,192.0064,281.4401,0.0,A
68,hotel1/consul,24.38,27.75,212.87,0.0,0,3272,461.4493,1.3679,281.4401,0.0308,A
68,hotel1/frontend,4000.82,97.96,1119.14,0.0,0,6488,915.0009,139.6598,281.4401,3.09,A
68,hotel1/jaeger,0.3,14.83,81.01,0.0,0,0,311.294,1.3679,1.454,0.0,A
68,hotel1/memcached-profile,228.24,7.78,79.27,0.0,0,2897,408.5631,7.9694,281.4401,0.21,A
68,hotel1/memcached-rate,135.51,7.71,79.27,0.0,0,3905,550.7211,4.7344,281.4401,0.139,A
68,hotel1/memcached-reserve,186.76,7.02,79.27,0.0,0,1602,311.294,6.5216,281.4401,0.144,A
68,hotel1/mongodb-geo,9.67,163.61,400.43,0.0469,8,318,311.294,1.3679,281.4401,0.0154,A
68,hotel1/mongodb-profile,10.05,164.02,400.43,0.0469,7,339,311.294,1.3679,281.4401,0.0103,A
68,hotel1/geo,659.39,20.58,1119.06,0.0,0,5224,736.7393,23.0219,281.4401,0.647,A
68,hotel1/mongodb-recommendation,11.26,163.6,400.43,0.0469,8,230,311.294,1.3679,281.4401,0.0154,A
68,hotel2/memcached-profile,205.08,7.94,79.27,0.0,0,3698,521.5279,7.1616,281.4401,0.375,A
68,hotel1/mongodb-rate,10.0,164.4,400.43,0.043,7,316,311.294,1.3679,281.4401,0.0103,A
68,hotel2/jaeger,0.28,14.6,81.01,0.0,0,0,311.294,1.3679,1.454,0.0,A
68,hotel2/geo,599.14,20.39,1119.06,0.0,0,4433,625.1848,20.9199,281.4401,1.02,A
68,hotel2/frontend,3283.44,100.22,1119.14,0.0,0,6457,910.629,114.6359,281.4401,6.02,A
68,hotel1/user,20.03,15.6,1119.06,0.0,0,1243,311.294,1.3679,281.4401,0.0205,A
68,hotel1/search,1478.66,26.41,1119.06,0.0,0,6566,926.0012,51.6077,281.4401,1.51,A
68,hotel2/consul,21.78,27.76,212.87,0.0,0,3416,481.7576,1.3679,281.4401,0.0257,A
68,hotel1/recommendation,464.69,18.73,1119.06,0.0,0,4558,642.8135,16.2281,281.4401,0.436,A
68,hotel1/rate,797.74,26.82,1119.14,0.0,0,5835,822.9085,27.854,281.4401,0.806,A
68,hotel1/profile,1365.29,30.23,1119.06,0.0,0,7571,1067.7361,47.6563,281.4401,1.27,A
68,hotel1/mongodb-user,11.15,163.57,400.43,0.0469,8,183,311.294,1.3679,281.4401,0.0205,A
68,hotel1/mongodb-reservation,4000.67,270.59,400.43,0.0859,28,3099942,437183.9894,139.8134,281.4401,5.95,A
68,hotel1/reservation,990.5,119.24,1119.06,0.0,0,4832,681.4557,34.6636,281.4401,0.939,A
69,hotel2/user,17.59,16.55,1119.06,0.0,0,1353,311.294,1.3679,286.6835,0.0281,A
69,hotel2/search,1437.97,24.01,1119.06,0.0,0,7077,996.6019,49.7774,286.6835,2.1,A
69,hotel2/mongodb-recommendation,9.51,163.52,400.43,0.0,0,281,311.294,1.3679,286.6835,0.0125,A
69,hotel2/recommendation,417.13,18.46,1119.06,0.0,0,4079,574.4156,14.4503,286.6835,0.627,A
69,hotel2/rate,801.17,25.17,1119.14,0.0,0,5578,785.5088,27.7447,286.6835,1.2,A
69,hotel2/profile,1335.9,35.77,1119.06,0.0,0,5128,722.1386,46.2567,286.6835,1.94,A
69,hotel2/mongodb-user,9.89,163.79,400.43,0.0,0,174,311.294,1.3679,286.6835,0.0156,A
69,hotel2/mongodb-reservation,4001.84,273.52,400.43,0.0078,4,3288236,463058.1236,138.7219,286.6835,4.98,A
69,hotel2/reservation,1040.9,120.27,1119.06,0.0,0,4356,613.4235,36.128,286.6835,1.52,A
69,hotel2/mongodb-rate,9.43,164.65,400.43,0.0,0,193,311.294,1.3679,286.6835,0.0125,A
69,hotel2/mongodb-profile,9.48,164.19,400.43,0.0,0,133,311.294,1.3679,286.6835,0.0156,A
69,hotel2/mongodb-geo,9.44,163.53,400.43,0.0,0,189,311.294,1.3679,286.6835,0.0125,A
69,hotel2/memcached-reserve,155.2,7.08,79.27,0.0,0,1423,311.294,5.3767,286.6835,0.24,A
69,es-stress-d2/elasticsearch-dynamic-0,6.8,208343.33,1414.11,0.0039,1,936,311.294,194.0864,286.6835,0.0062,A
69,es-stress-d3/elasticsearch-dynamic-0,6.94,208351.93,1414.12,0.0039,1,523,311.294,194.0992,286.6835,0.0125,A
69,es-stress-d4/elasticsearch-dynamic-0,6.4,208339.62,1414.11,0.0039,1,749,311.294,194.0691,286.6835,0.0062,A
69,es-stress-d5/elasticsearch-dynamic-0,5.67,208381.39,1414.11,0.0,0,675,311.294,194.0827,286.6835,0.0094,A
69,hotel1/consul,23.56,27.77,212.87,0.0,0,2245,316.1469,1.3679,286.6835,0.0281,A
69,hotel1/frontend,3968.41,98.0,1119.14,0.0,0,6476,911.9675,137.4019,286.6835,4.36,A
69,hotel1/geo,653.87,19.98,1119.06,0.0,0,4957,698.0579,22.6431,286.6835,0.786,A
69,hotel1/jaeger,1.24,14.83,81.01,0.0,0,51,311.294,1.3679,1.454,0.0,A
69,hotel1/memcached-profile,220.18,8.02,79.27,0.0,0,2947,415.0044,7.6259,286.6835,0.268,A
69,hotel1/memcached-rate,139.7,7.46,79.27,0.0,0,3491,491.6119,4.8407,286.6835,0.171,A
69,hotel1/memcached-reserve,176.74,7.03,79.27,0.0,0,1889,311.294,6.1219,286.6835,0.209,A
69,hotel1/mongodb-geo,10.61,163.8,400.43,0.0,0,177,311.294,1.3679,286.6835,0.0156,A
69,hotel1/mongodb-profile,10.1,164.04,400.43,0.0,0,219,311.294,1.3679,286.6835,0.0156,A
69,hotel1/mongodb-rate,9.41,164.65,400.43,0.0,0,252,311.294,1.3679,286.6835,0.0125,A
69,es-stress-d/elasticsearch-dynamic-0,7.31,208336.27,1414.12,0.0,0,654,311.294,194.0974,286.6835,0.0125,A
69,hotel1/mongodb-reservation,3998.35,270.07,400.43,0.0078,4,3219040,453313.7592,138.5979,286.6835,5.11,A
69,hotel2/memcached-rate,127.41,7.96,79.27,0.0,0,5329,750.4439,4.4159,286.6835,0.19,A
69,hotel2/memcached-profile,213.82,7.66,79.27,0.0,0,2485,349.9443,7.4055,286.6835,0.337,A
69,hotel2/jaeger,0.31,14.6,81.01,0.0,0,0,311.294,1.3679,1.454,0.0,A
69,hotel2/geo,614.61,19.61,1119.06,0.0,0,4947,696.6497,21.2843,286.6835,0.92,A
69,hotel1/mongodb-recommendation,9.49,163.6,400.43,0.0,0,185,311.294,1.3679,286.6835,0.0094,A
69,hotel2/consul,22.67,27.76,212.87,0.0,0,3302,464.9964,1.3679,286.6835,0.0249,A
69,hotel2/frontend,3420.82,99.61,1119.14,0.0,0,6452,908.5878,118.4563,286.6835,5.75,A
69,hotel1/search,1545.77,28.55,1119.06,0.0,0,5855,824.5166,53.5117,286.6835,1.8,A
69,hotel1/reservation,1002.62,122.41,1119.06,0.0,0,4953,697.4946,34.8055,286.6835,1.17,A
69,hotel1/recommendation,461.86,17.72,1119.06,0.0,0,3721,524.0011,15.9973,286.6835,0.558,A
69,hotel1/rate,821.3,27.82,1119.14,0.0,0,4915,692.1433,28.4436,286.6835,0.988,A
69,hotel1/profile,1320.76,29.84,1119.06,0.0,0,5837,821.9818,45.7273,286.6835,1.59,A
69,hotel1/mongodb-user,9.84,163.76,400.43,0.0,0,167,311.294,1.3679,286.6835,0.0125,A
69,hotel1/user,22.9,15.6,1119.06,0.0,0,1485,311.294,1.3679,286.6835,0.0343,A
70,hotel2/user,18.63,16.06,1119.06,0.0,0,1250,311.294,1.3679,309.5962,0.0257,A
70,hotel2/mongodb-reservation,3999.52,273.85,400.43,0.0039,2,3031389,450162.455,134.0817,309.5962,4.68,A
70,hotel2/reservation,970.32,120.27,1119.06,0.0,0,5496,816.1582,32.5819,309.5962,1.31,A
70,hotel2/recommendation,431.32,18.89,1119.06,0.0,0,3870,574.6965,14.4494,309.5962,0.551,A
70,hotel2/rate,790.2,26.85,1119.14,0.0,0,4905,728.3944,26.4644,309.5962,1.08,A
70,hotel2/profile,1288.65,36.78,1119.06,0.0,0,5733,851.3527,43.1511,309.5962,1.8,A
70,hotel2/mongodb-user,10.55,163.62,400.43,0.0,0,113,311.294,1.3679,309.5962,0.0143,A
70,hotel2/search,1406.73,26.7,1119.06,0.0,0,5224,775.766,47.092,309.5962,1.85,A
70,hotel2/mongodb-recommendation,9.71,163.55,400.43,0.0,0,178,311.294,1.3679,309.5962,0.0143,A
70,hotel2/mongodb-rate,9.57,164.48,400.43,0.0,0,259,311.294,1.3679,309.5962,0.0114,A
70,hotel2/mongodb-profile,10.29,164.21,400.43,0.0,0,152,311.294,1.3679,309.5962,0.0143,A
70,es-stress-d/elasticsearch-dynamic-0,6.07,208336.27,1414.12,0.0039,1,1028,311.294,203.3573,309.5962,0.0086,A
70,hotel2/mongodb-geo,9.96,163.55,400.43,0.0,0,226,311.294,1.3679,309.5962,0.0114,A
70,es-stress-d2/elasticsearch-dynamic-0,6.03,208343.33,1414.11,0.0,0,1004,311.294,203.3629,309.5962,0.0057,A
70,es-stress-d3/elasticsearch-dynamic-0,5.63,208351.93,1414.12,0.0,0,864,311.294,203.3579,309.5962,0.0057,A
70,es-stress-d4/elasticsearch-dynamic-0,5.15,208339.62,1414.11,0.0,0,374,311.294,203.3298,309.5962,0.0029,A
70,es-stress-d5/elasticsearch-dynamic-0,6.97,208381.39,1414.11,0.0234,9,825,311.294,203.4314,309.5962,0.0114,A
70,hotel1/consul,23.55,27.82,212.87,0.0,0,3428,509.0593,1.3679,309.5962,0.0286,A
70,hotel1/frontend,5109.96,97.88,1119.14,0.0,0,6844,1016.3367,171.0628,309.5962,3.51,A
70,hotel1/geo,758.79,19.11,1119.06,0.0,0,4682,695.2788,25.406,309.5962,0.654,A
70,hotel1/memcached-profile,265.37,8.27,79.27,0.0,0,2692,399.7631,8.8867,309.5962,0.217,A
70,hotel1/memcached-rate,170.86,7.45,79.27,0.0,0,4124,612.4156,5.7238,309.5962,0.137,A
70,hotel1/memcached-reserve,228.65,7.03,79.27,0.0,0,2090,311.294,7.657,309.5962,0.174,A
70,hotel1/mongodb-geo,9.73,163.63,400.43,0.0,0,279,311.294,1.3679,309.5962,0.0114,A
70,hotel1/mongodb-profile,9.88,164.04,400.43,0.0,0,380,311.294,1.3679,309.5962,0.0114,A
70,hotel1/mongodb-rate,10.13,164.42,400.43,0.0,0,399,311.294,1.3679,309.5962,0.0086,A
70,hotel1/mongodb-recommendation,10.09,163.62,400.43,0.0,0,172,311.294,1.3679,309.5962,0.0143,A
70,hotel1/jaeger,0.31,14.83,81.01,0.0,0,0,311.294,1.3679,1.454,0.0,A
70,hotel1/mongodb-user,10.13,163.59,400.43,0.0,0,190,311.294,1.3679,309.5962,0.0143,A
70,hotel1/mongodb-reservation,4000.66,270.08,400.43,0.0078,4,2930717,435212.6236,134.1162,309.5962,4.68,A
70,hotel2/memcached-rate,129.77,7.45,79.27,0.0,0,2702,401.2481,4.3491,309.5962,0.171,A
70,hotel2/memcached-profile,224.96,7.67,79.27,0.0,0,3798,564.0045,7.5341,309.5962,0.294,A
70,hotel2/jaeger,0.36,14.6,81.01,0.0,0,0,311.294,1.3679,1.454,0.0029,A
70,hotel2/geo,630.33,20.38,1119.06,0.0,0,4438,659.0447,21.1093,309.5962,0.842,A
70,hotel2/frontend,3701.24,101.59,1119.14,0.0,0,6251,928.276,123.934,309.5962,5.35,A
70,hotel2/consul,22.26,27.76,212.87,0.0,0,2941,436.7397,1.3679,309.5962,0.0314,A
70,hotel2/memcached-reserve,154.29,7.08,79.27,0.0,0,2248,333.8289,5.1691,309.5962,0.208,A
70,hotel1/search,1731.39,24.81,1119.06,0.0,0,5296,786.4581,57.9525,309.5962,1.45,A
70,hotel1/reservation,1147.09,118.93,1119.06,0.0,0,4904,728.2459,38.4949,309.5962,0.968,A
70,hotel1/recommendation,529.86,18.8,1119.06,0.0,0,4569,678.4983,17.7462,309.5962,0.44,A
70,hotel1/rate,964.12,25.88,1119.14,0.0,0,5185,769.9745,32.2825,309.5962,0.797,A
70,hotel1/profile,1595.68,30.71,1119.06,0.0,0,6371,946.096,53.4177,309.5962,1.25,A
70,hotel1/user,25.56,15.6,1119.06,0.0,0,1369,311.294,1.3679,309.5962,0.0171,A
71,hotel2/user,20.87,16.05,1119.06,0.0,0,1186,311.294,1.3679,312.2955,0.0218,A
71,hotel2/search,1577.45,26.27,1119.06,0.0,0,6311,917.8197,72.6997,312.2955,1.63,A
71,hotel2/rate,877.15,25.95,1119.14,0.0,0,4854,705.9256,40.4404,312.2955,0.912,A
71,hotel2/recommendation,479.49,18.7,1119.06,0.0,0,3884,564.8568,22.1126,312.2955,0.487,A
71,hotel2/profile,1483.74,41.24,1119.06,0.0,0,5179,753.1909,68.4032,312.2955,1.46,A
71,hotel2/mongodb-user,10.04,163.62,400.43,0.0,0,148,311.294,1.3679,312.2955,0.0136,A
71,hotel2/mongodb-reservation,3997.45,273.91,400.43,0.0039,2,3142715,457050.4868,184.5092,312.2955,4.43,A
71,hotel2/mongodb-recommendation,9.67,163.55,400.43,0.0,0,189,311.294,1.3679,312.2955,0.0109,A
71,hotel2/reservation,1113.97,120.51,1119.06,0.0,0,4479,651.3887,51.4767,312.2955,1.1,A
71,hotel2/mongodb-rate,9.59,164.48,400.43,0.0,0,256,311.294,1.3679,312.2955,0.0109,A
71,hotel2/mongodb-profile,9.68,164.21,400.43,0.0,0,195,311.294,1.3679,312.2955,0.0109,A
71,es-stress-d/elasticsearch-dynamic-0,6.96,208336.27,1414.12,0.0195,8,857,311.294,280.9478,312.2955,0.0054,A
71,hotel2/memcached-reserve,187.27,7.09,79.27,0.0,0,1424,311.294,8.636,312.2955,0.177,A
71,hotel2/mongodb-geo,9.49,163.73,400.43,0.0,0,165,311.294,1.3679,312.2955,0.0109,A
71,es-stress-d2/elasticsearch-dynamic-0,7.23,208343.33,1414.11,0.0234,9,952,311.294,280.9697,312.2955,0.0136,A
71,es-stress-d3/elasticsearch-dynamic-0,6.79,208351.93,1414.12,0.0234,9,946,311.294,280.961,312.2955,0.0082,A
71,es-stress-d4/elasticsearch-dynamic-0,6.13,208339.62,1414.11,0.0273,10,998,311.294,280.914,312.2955,0.0109,A
71,es-stress-d5/elasticsearch-dynamic-0,5.84,208381.39,1414.11,0.0,0,774,311.294,280.9569,312.2955,0.0054,A
71,hotel1/consul,23.95,27.86,212.87,0.0,0,2149,312.5328,1.3679,312.2955,0.0245,A
71,hotel1/frontend,4551.16,94.63,1119.14,0.0,0,5408,786.4948,209.7741,312.2955,4.25,A
71,hotel1/geo,700.25,20.5,1119.06,0.0,0,4359,633.9369,32.2842,312.2955,0.711,A
71,hotel1/memcached-profile,243.74,7.52,79.27,0.0,0,3100,450.8384,11.2379,312.2955,0.24,A
71,hotel1/memcached-rate,154.73,7.45,79.27,0.0,0,2135,311.294,7.1376,312.2955,0.152,A
71,hotel1/memcached-reserve,200.6,7.02,79.27,0.0,0,1778,311.294,9.25,312.2955,0.199,A
71,hotel1/mongodb-geo,10.22,163.63,400.43,0.0156,1,132,311.294,1.3679,312.2955,0.0109,A
71,hotel1/mongodb-profile,10.0,164.04,400.43,0.0156,1,302,311.294,1.3679,312.2955,0.0136,A
71,hotel1/mongodb-rate,9.56,164.41,400.43,0.0,0,248,311.294,1.3679,312.2955,0.0163,A
71,hotel1/jaeger,0.35,14.83,81.01,0.0,0,0,311.294,1.3679,1.454,0.0027,A
71,hotel1/mongodb-reservation,3998.4,270.16,400.43,0.0234,11,3097955,450540.9624,184.5479,312.2955,4.47,A
71,hotel2/memcached-rate,143.91,7.46,79.27,0.0,0,3731,542.6058,6.6392,312.2955,0.147,A
71,hotel1/mongodb-recommendation,9.76,163.62,400.43,0.0,0,197,311.294,1.3679,312.2955,0.0136,A
71,hotel2/memcached-profile,249.2,8.43,79.27,0.0,0,2718,395.2834,11.4906,312.2955,0.256,A
71,hotel2/jaeger,0.28,14.6,81.01,0.0,0,0,311.294,1.3679,1.454,0.0,A
71,hotel2/geo,692.7,21.04,1119.06,0.0,0,4414,641.9357,31.9372,312.2955,0.713,A
71,hotel2/consul,23.17,27.76,212.87,0.0,0,2826,410.9901,1.3679,312.2955,0.0218,A
71,hotel1/user,25.41,15.61,1119.06,0.0,0,1618,311.294,1.3679,312.2955,0.0191,A
71,hotel2/frontend,4142.89,104.51,1119.14,0.0,0,5996,872.0087,190.9807,312.2955,4.31,A
71,hotel1/reservation,1114.32,117.99,1119.06,0.0,0,5246,762.9349,51.4895,312.2955,1.13,A
71,hotel1/recommendation,502.55,18.05,1119.06,0.0,0,3909,568.4926,23.174,312.2955,0.517,A
71,hotel1/rate,857.97,25.96,1119.14,0.0,0,5117,744.1742,39.5569,312.2955,0.893,A
71,hotel1/profile,1426.81,30.23,1119.06,0.0,0,5828,847.5761,65.7659,312.2955,1.48,A
71,hotel1/mongodb-user,9.99,163.59,400.43,0.0,0,180,311.294,1.3679,312.2955,0.0109,A
71,hotel1/search,1630.4,25.35,1119.06,0.0,0,6610,961.3038,75.1376,312.2955,1.62,A
72,hotel2/user,20.91,16.05,1119.06,0.0,0,1222,311.294,1.3679,302.3347,0.0206,A
72,hotel2/search,1485.57,25.98,1119.06,0.0,0,5785,831.963,50.458,302.3347,1.55,A
72,hotel2/mongodb-recommendation,9.89,163.73,400.43,0.0156,2,257,311.294,1.3679,302.3347,0.0147,A
72,hotel2/recommendation,437.9,18.45,1119.06,0.0,0,4127,593.5197,14.8839,302.3347,0.45,A
72,hotel2/rate,837.67,27.43,1119.14,0.0,0,3933,565.6198,28.4642,302.3347,0.861,A
72,hotel2/profile,1350.57,37.61,1119.06,0.0,0,5100,733.4505,45.8862,302.3347,1.31,A
72,hotel2/mongodb-user,10.56,163.62,400.43,0.0156,2,202,311.294,1.3679,302.3347,0.0147,A
72,hotel2/mongodb-reservation,4002.75,274.05,400.43,0.0352,10,3251280,467579.0383,136.1525,302.3347,4.7,A
72,hotel2/reservation,1058.77,121.88,1119.06,0.0,0,5139,739.0593,36.0616,302.3347,1.05,A
72,hotel2/mongodb-rate,9.81,164.67,400.43,0.0156,2,161,311.294,1.3679,302.3347,0.0118,A
72,hotel2/mongodb-profile,10.33,164.21,400.43,0.0156,2,288,311.294,1.3679,302.3347,0.0147,A
72,es-stress-d/elasticsearch-dynamic-0,5.88,208336.27,1414.12,0.0039,1,1095,311.294,201.7533,302.3347,0.0088,A
72,hotel2/memcached-reserve,168.91,7.09,79.27,0.0,0,1882,311.294,5.7411,302.3347,0.159,A
72,es-stress-d2/elasticsearch-dynamic-0,5.94,208343.33,1414.11,0.0,0,1345,311.294,201.7621,302.3347,0.0059,A
72,es-stress-d3/elasticsearch-dynamic-0,6.0,208351.93,1414.12,0.0,0,744,311.294,201.7725,302.3347,0.0029,A
72,es-stress-d4/elasticsearch-dynamic-0,5.31,208339.62,1414.11,0.0,0,998,311.294,201.7371,302.3347,0.0088,A
72,es-stress-d5/elasticsearch-dynamic-0,6.79,208381.39,1414.11,0.0,0,334,311.294,201.8278,302.3347,0.0088,A
72,hotel1/consul,24.13,27.86,212.87,0.0,0,3104,446.3981,1.3679,302.3347,0.0294,A
72,hotel1/frontend,4446.14,94.84,1119.14,0.0,0,6491,933.4956,151.0316,302.3347,5.2,A
72,hotel1/geo,693.45,17.94,1119.06,0.0,0,4980,716.1929,23.5589,302.3347,0.817,A
72,hotel1/jaeger,0.32,14.83,81.01,0.0,0,0,311.294,1.3679,1.454,0.0,A
72,hotel1/memcached-profile,250.01,7.52,79.27,0.0,0,2726,392.0365,8.4947,302.3347,0.303,A
72,hotel1/memcached-rate,149.51,7.45,79.27,0.0,0,4075,586.0414,5.0828,302.3347,0.171,A
72,hotel1/memcached-reserve,206.52,7.03,79.27,0.0,0,1853,311.294,7.0178,302.3347,0.235,A
72,hotel1/mongodb-geo,9.66,163.82,400.43,0.0,0,157,311.294,1.3679,302.3347,0.0088,A
72,hotel1/mongodb-profile,9.9,164.04,400.43,0.0,0,365,311.294,1.3679,302.3347,0.0118,A
72,hotel1/mongodb-rate,10.4,164.41,400.43,0.0156,1,320,311.294,1.3679,302.3347,0.0088,A
72,hotel2/mongodb-geo,10.02,163.55,400.43,0.0156,2,208,311.294,1.3679,302.3347,0.0147,A
72,hotel1/mongodb-reservation,3999.9,270.72,400.43,0.0469,15,2991862,430271.1414,136.0525,302.3347,4.82,A
72,hotel2/memcached-rate,131.15,7.46,79.27,0.0,0,3742,538.1514,4.4596,302.3347,0.132,A
72,hotel2/memcached-profile,230.53,8.19,79.27,0.0,0,2670,383.9829,7.8341,302.3347,0.223,A
72,hotel2/jaeger,0.27,14.6,81.01,0.0,0,0,311.294,1.3679,1.454,0.0,A
72,hotel2/geo,656.57,20.16,1119.06,0.0,0,4089,588.0548,22.3091,302.3347,0.67,A
72,hotel1/mongodb-recommendation,10.35,163.62,400.43,0.0156,1,238,311.294,1.3679,302.3347,0.0147,A
72,hotel2/consul,22.11,27.76,212.87,0.0,0,2952,424.5384,1.3679,302.3347,0.0265,A
72,hotel2/frontend,3849.73,103.27,1119.14,0.0,0,6038,868.3479,130.7925,302.3347,3.44,A
72,hotel1/search,1603.74,24.33,1119.06,0.0,0,5278,759.0494,54.4681,302.3347,1.89,A
72,hotel1/reservation,1107.74,116.63,1119.06,0.0,0,4196,603.4428,37.7189,302.3347,1.26,A
72,hotel1/recommendation,491.38,18.37,1119.06,0.0,0,4372,628.7541,16.6994,302.3347,0.579,A
72,hotel1/rate,908.44,28.48,1119.14,0.0,0,5046,725.6846,30.8677,302.3347,1.01,A
72,hotel1/profile,1482.85,30.29,1119.06,0.0,0,4921,707.7079,50.3698,302.3347,1.73,A
72,hotel1/mongodb-user,10.46,163.59,400.43,0.0156,1,217,311.294,1.3679,302.3347,0.0147,A
72,hotel1/user,24.77,15.61,1119.06,0.0,0,1246,311.294,1.3679,302.3347,0.0265,A
73,hotel2/user,19.04,16.55,1119.06,0.0,0,1078,311.294,1.3679,298.7715,0.0188,A
73,hotel2/search,1514.15,26.59,1119.06,0.0,0,5025,695.3178,53.748,298.7715,1.65,A
73,hotel2/mongodb-recommendation,9.84,163.54,400.43,0.0,0,422,311.294,1.3679,298.7715,0.0125,A
73,hotel2/recommendation,462.71,19.16,1119.06,0.0,0,4964,686.8771,16.4358,298.7715,0.489,A
73,hotel2/rate,843.88,26.51,1119.14,0.0,0,5795,801.864,29.9669,298.7715,0.937,A
73,hotel2/profile,1374.14,35.59,1119.06,0.0,0,5317,735.7224,48.7893,298.7715,1.53,A
73,hotel2/mongodb-user,9.5,163.62,400.43,0.0,0,119,311.294,1.3679,298.7715,0.0125,A
73,hotel2/mongodb-reservation,3997.36,273.92,400.43,0.0,0,3169921,438627.3766,142.0962,298.7715,5.14,A
73,hotel2/reservation,1056.2,119.98,1119.06,0.0,0,5467,756.4781,37.5923,298.7715,1.19,A
73,hotel2/mongodb-rate,9.76,164.48,400.43,0.0,0,200,311.294,1.3679,298.7715,0.0094,A
73,hotel2/mongodb-profile,9.41,164.21,400.43,0.0,0,113,311.294,1.3679,298.7715,0.0157,A
73,hotel2/memcached-reserve,180.25,7.09,79.27,0.0,0,2134,311.294,6.4022,298.7715,0.176,A
73,hotel2/mongodb-geo,9.43,163.73,400.43,0.0,0,208,311.294,1.3679,298.7715,0.0125,A
73,es-stress-d/elasticsearch-dynamic-0,7.49,208336.36,1414.12,0.0,0,526,311.294,206.2329,298.7715,0.0125,A
73,es-stress-d2/elasticsearch-dynamic-0,8.66,208343.53,1414.11,0.0078,2,575,311.294,206.2815,298.7715,0.0125,A
73,es-stress-d3/elasticsearch-dynamic-0,7.57,208352.02,1414.12,0.0039,1,800,311.294,206.2513,298.7715,0.0157,A
73,es-stress-d4/elasticsearch-dynamic-0,8.94,208339.88,1414.11,0.0078,2,859,311.294,206.2879,298.7715,0.0157,A
73,es-stress-d5/elasticsearch-dynamic-0,6.59,208381.48,1414.11,0.0039,1,823,311.294,206.2456,298.7715,0.0094,A
73,hotel1/consul,22.72,27.86,212.87,0.0,0,2719,376.2327,1.3679,298.7715,0.0314,A
73,hotel1/frontend,4015.55,97.8,1119.14,0.0,0,6298,871.465,142.5674,298.7715,5.33,A
73,hotel1/jaeger,0.34,14.83,81.01,0.0,0,0,311.294,1.3679,1.454,0.0,A
73,hotel1/memcached-profile,226.97,8.01,79.27,0.0,0,2798,387.164,8.0608,298.7715,0.282,A
73,hotel1/memcached-rate,142.43,7.45,79.27,0.0,0,2877,398.0954,5.0607,298.7715,0.182,A
73,hotel1/memcached-reserve,181.53,7.03,79.27,0.0,0,2239,311.294,6.4476,298.7715,0.235,A
73,hotel1/mongodb-geo,10.31,163.8,400.43,0.0156,1,148,311.294,1.3679,298.7715,0.0125,A
73,hotel1/mongodb-profile,9.97,164.04,400.43,0.0586,3,307,311.294,1.3679,298.7715,0.0157,A
73,hotel1/mongodb-rate,9.56,164.42,400.43,0.0,0,219,311.294,1.3679,298.7715,0.0125,A
73,hotel1/geo,671.7,19.23,1119.06,0.0,0,3458,478.4894,23.8508,298.7715,0.856,A
73,hotel1/mongodb-reservation,3999.14,270.69,400.43,0.0078,4,3283324,454319.1432,142.1561,298.7715,5.11,A
73,hotel1/mongodb-recommendation,9.69,163.8,400.43,0.0,0,163,311.294,1.3679,298.7715,0.0125,A
73,hotel2/memcached-profile,242.41,7.67,79.27,0.0,0,3362,465.2057,8.6082,298.7715,0.248,A
73,hotel2/jaeger,1.29,14.6,81.01,0.0,0,23,311.294,1.3679,1.454,0.0,A
73,hotel2/geo,664.34,20.99,1119.06,0.0,0,4994,691.0283,23.5914,298.7715,0.721,A
73,hotel2/frontend,4010.02,101.3,1119.14,0.0,0,8449,1169.1025,142.3747,298.7715,3.83,A
73,hotel2/consul,22.92,27.76,212.87,0.0,0,3576,494.8172,1.3679,298.7715,0.0314,A
73,hotel1/user,19.34,15.86,1119.06,0.0,0,1204,311.294,1.3679,298.7715,0.0282,A
73,hotel2/memcached-rate,139.32,7.46,79.27,0.0,0,3193,441.8209,4.9504,298.7715,0.154,A
73,hotel1/reservation,997.44,115.68,1119.06,0.0,0,6317,874.0941,35.5033,298.7715,1.26,A
73,hotel1/recommendation,474.09,18.48,1119.06,0.0,0,3769,521.523,16.8389,298.7715,0.593,A
73,hotel1/rate,824.27,25.8,1119.14,0.0,0,4697,649.9319,29.2704,298.7715,1.08,A
73,hotel1/profile,1351.31,28.5,1119.06,0.0,0,5556,768.7932,47.9723,298.7715,1.72,A
73,hotel1/mongodb-user,9.8,163.59,400.43,0.0,0,196,311.294,1.3679,298.7715,0.0125,A
73,hotel1/search,1520.98,25.68,1119.06,0.0,0,5603,775.2967,53.9894,298.7715,1.98,A
74,hotel2/user,21.42,16.06,1119.06,0.0,0,1323,311.294,1.3679,295.3249,0.0255,A
74,hotel2/search,1516.79,25.6,1119.06,0.0,0,5986,869.0666,53.3624,295.3249,1.81,A
74,hotel2/rate,840.76,26.83,1119.14,0.0,0,4554,661.1642,29.591,295.3249,1.01,A
74,hotel2/recommendation,452.72,19.46,1119.06,0.0,0,4445,645.3393,15.9385,295.3249,0.555,A
74,hotel2/profile,1354.88,35.92,1119.06,0.0,0,6493,942.6744,47.6787,295.3249,1.68,A
74,hotel2/mongodb-user,10.08,163.81,400.43,0.0703,8,253,311.294,1.3679,295.3249,0.0113,A
74,hotel2/mongodb-reservation,3986.97,274.16,400.43,0.1055,10,3128900,454263.6714,140.4644,295.3249,4.64,A
74,hotel2/mongodb-recommendation,9.58,163.73,400.43,0.0586,6,296,311.294,1.3679,295.3249,0.0113,A
74,hotel2/reservation,1024.81,119.53,1119.06,0.0,0,5479,795.4587,36.152,295.3249,1.26,A
74,hotel2/mongodb-rate,9.55,164.67,400.43,0.0586,6,112,311.294,1.3679,295.3249,0.0113,A
74,hotel2/mongodb-profile,9.98,164.21,400.43,0.0156,2,215,311.294,1.3679,295.3249,0.0113,A
74,es-stress-d/elasticsearch-dynamic-0,7.99,208336.46,1414.12,0.0117,4,856,311.294,200.0293,295.3249,0.0057,A
74,hotel2/memcached-reserve,167.27,7.08,79.27,0.0,0,2124,311.294,5.8888,295.3249,0.198,A
74,es-stress-d2/elasticsearch-dynamic-0,7.0,208343.53,1414.11,0.0039,2,746,311.294,200.0013,295.3249,0.0057,A
74,es-stress-d3/elasticsearch-dynamic-0,8.78,208352.15,1414.12,0.0078,3,873,311.294,200.0721,295.3249,0.0057,A
74,es-stress-d4/elasticsearch-dynamic-0,5.41,208339.88,1414.11,0.0039,2,591,311.294,199.9419,295.3249,0.0057,A
74,es-stress-d5/elasticsearch-dynamic-0,9.79,208381.58,1414.11,0.0078,2,397,311.294,200.1359,295.3249,0.0085,A
74,hotel1/consul,24.34,27.86,212.87,0.0,0,4470,648.9688,1.3679,295.3249,0.0283,A
74,hotel1/frontend,3814.86,98.54,1119.14,0.0,0,5752,835.0937,134.2438,295.3249,5.75,A
74,hotel1/geo,664.99,20.54,1119.06,0.0,0,4442,644.9037,23.404,295.3249,0.863,A
74,hotel1/jaeger,0.28,14.83,81.01,0.0,0,0,311.294,1.3679,1.454,0.0,A
74,hotel1/memcached-profile,217.36,7.52,79.27,0.0,0,2931,425.5319,7.6507,295.3249,0.3,A
74,hotel1/memcached-rate,144.03,7.45,79.27,0.0,0,4201,609.9146,5.0719,295.3249,0.192,A
74,hotel1/memcached-reserve,185.38,7.02,79.27,0.0,0,1963,311.294,6.5256,295.3249,0.257,A
74,hotel1/mongodb-geo,9.06,163.63,400.43,0.043,2,328,311.294,1.3679,295.3249,0.0141,A
74,hotel1/mongodb-profile,9.53,164.04,400.43,0.0,0,172,311.294,1.3679,295.3249,0.0113,A
74,hotel1/mongodb-rate,9.86,164.66,400.43,0.0586,3,290,311.294,1.3679,295.3249,0.0085,A
74,hotel2/mongodb-geo,9.87,163.55,400.43,0.0586,6,228,311.294,1.3679,295.3249,0.0141,A
74,hotel1/mongodb-reservation,4002.31,271.07,400.43,0.1367,20,3085118,447907.2612,141.0009,295.3249,4.64,A
74,hotel2/memcached-rate,139.67,7.45,79.27,0.0,0,3103,450.5034,4.9186,295.3249,0.164,A
74,hotel2/memcached-profile,235.26,7.67,79.27,0.0,0,4967,721.1249,8.2803,295.3249,0.294,A
74,hotel2/jaeger,0.31,14.6,81.01,0.0,0,0,311.294,1.3679,1.454,0.0,A
74,hotel1/mongodb-recommendation,10.03,163.62,400.43,0.0586,3,140,311.294,1.3679,295.3249,0.0141,A
74,hotel2/frontend,3637.66,101.37,1119.14,0.0,0,6156,893.7477,128.0153,295.3249,4.87,A
74,hotel2/consul,22.73,27.76,212.87,0.0,0,2467,358.1669,1.3679,295.3249,0.0255,A
74,hotel2/geo,670.61,19.13,1119.06,0.0,0,4709,683.6676,23.6003,295.3249,0.792,A
74,hotel1/search,1542.12,23.68,1119.06,0.0,0,5637,818.3976,54.2513,295.3249,1.97,A
74,hotel1/reservation,1019.61,117.29,1119.06,0.0,0,4968,721.2701,35.967,295.3249,1.3,A
74,hotel1/recommendation,468.2,18.0,1119.06,0.0,0,4514,655.3569,16.4815,295.3249,0.617,A
74,hotel1/rate,842.15,26.9,1119.14,0.0,0,5684,825.2212,29.6399,295.3249,1.09,A
74,hotel1/profile,1332.75,29.11,1119.06,0.0,0,6561,952.5469,46.894,295.3249,1.83,A
74,hotel1/mongodb-user,9.69,163.59,400.43,0.0586,3,240,311.294,1.3679,295.3249,0.0113,A
74,hotel1/user,19.69,15.85,1119.06,0.0,0,1377,311.294,1.3679,295.3249,0.0283,A
75,hotel2/user,18.04,16.06,1119.06,0.0,0,1596,311.294,1.3679,264.2886,0.0258,A
75,hotel2/search,1178.01,25.96,1119.06,0.0,0,6787,947.8978,38.5326,264.2886,2.06,A
75,hotel2/mongodb-recommendation,9.29,163.55,400.43,0.0,0,107,311.294,1.3679,264.2886,0.0129,A
75,hotel2/rate,664.8,28.0,1119.14,0.0,0,6025,841.4741,21.7565,264.2886,1.17,A
75,hotel2/profile,1074.86,37.99,1119.06,0.0,0,4660,650.833,35.1703,264.2886,1.94,A
75,hotel2/mongodb-user,10.09,163.62,400.43,0.0,0,159,311.294,1.3679,264.2886,0.0161,A
75,hotel2/mongodb-reservation,4010.28,274.23,400.43,0.0039,2,3307255,461903.6168,131.328,264.2886,5.28,A
75,hotel2/reservation,841.01,120.87,1119.06,0.0,0,4401,614.6601,27.5931,264.2886,1.44,A
75,hotel2/mongodb-rate,9.59,164.48,400.43,0.0,0,2134,311.294,1.3679,264.2886,0.0161,A
75,hotel2/mongodb-profile,9.44,164.21,400.43,0.043,4,160,311.294,1.3679,264.2886,0.0097,A
75,hotel2/recommendation,348.87,19.18,1119.06,0.0,0,5266,735.4693,11.4209,264.2886,0.619,A
75,hotel2/memcached-reserve,123.39,7.1,79.27,0.0,0,1662,311.294,4.0397,264.2886,0.251,A
75,es-stress-d/elasticsearch-dynamic-0,7.24,208336.46,1414.12,0.0,0,808,311.294,170.7492,264.2886,0.0129,A
75,es-stress-d2/elasticsearch-dynamic-0,7.24,208343.53,1414.11,0.0078,2,908,311.294,170.755,264.2886,0.0129,A
75,es-stress-d3/elasticsearch-dynamic-0,6.53,208352.15,1414.12,0.0039,1,650,311.294,170.7388,264.2886,0.0097,A
75,es-stress-d4/elasticsearch-dynamic-0,5.97,208339.88,1414.11,0.0039,1,1182,311.294,170.7104,264.2886,0.0032,A
75,es-stress-d5/elasticsearch-dynamic-0,5.45,208381.58,1414.11,0.0039,2,984,311.294,170.7276,264.2886,0.0064,A
75,hotel1/consul,24.58,27.86,212.87,0.0,0,3831,535.0518,1.3679,264.2886,0.0322,A
75,hotel1/frontend,4033.08,97.58,1119.14,0.0,0,6576,918.4288,131.9288,264.2886,5.66,A
75,hotel1/geo,646.61,18.55,1119.06,0.0,0,6182,863.4013,21.1541,264.2886,0.902,A
75,hotel1/jaeger,0.34,14.83,81.01,0.0,0,0,311.294,1.3679,1.454,0.0032,A
75,hotel1/memcached-profile,218.44,8.03,79.27,0.0,0,3758,524.8564,7.1478,264.2886,0.313,A
75,hotel1/memcached-rate,140.03,7.94,79.27,0.0,0,3923,547.9009,4.5843,264.2886,0.2,A
75,hotel1/memcached-reserve,168.63,7.02,79.27,0.0,0,2034,311.294,5.5186,264.2886,0.261,A
75,hotel1/mongodb-geo,10.21,163.63,400.43,0.0195,1,216,311.294,1.3679,264.2886,0.0129,A
75,hotel1/mongodb-profile,10.14,164.21,400.43,0.0195,1,290,311.294,1.3679,264.2886,0.0129,A
75,hotel1/mongodb-rate,9.35,164.61,400.43,0.0,0,223,311.294,1.3679,264.2886,0.0129,A
75,hotel2/mongodb-geo,9.49,163.55,400.43,0.0,0,188,311.294,1.3679,264.2886,0.0129,A
75,hotel1/mongodb-reservation,3998.93,271.18,400.43,0.0156,8,3160939,441468.5764,130.9544,264.2886,5.28,A
75,hotel2/memcached-rate,106.3,7.46,79.27,0.0,0,4509,629.7438,3.4813,264.2886,0.19,A
75,hotel2/memcached-profile,174.64,7.69,79.27,0.0,0,2867,400.416,5.7156,264.2886,0.335,A
75,hotel2/jaeger,0.32,14.6,81.01,0.0,0,0,311.294,1.3679,1.454,0.0032,A
75,hotel2/geo,522.19,20.42,1119.06,0.0,0,5064,707.2572,17.0881,264.2886,0.918,A
75,hotel1/mongodb-recommendation,9.29,163.8,400.43,0.0,0,226,311.294,1.3679,264.2886,0.0129,A
75,hotel2/consul,22.54,27.76,212.87,0.0,0,3703,517.1748,1.3679,264.2886,0.029,A
75,hotel2/frontend,2610.97,103.72,1119.14,0.0,0,6573,918.0098,85.4424,264.2886,5.49,A
75,hotel1/search,1510.61,24.62,1119.06,0.0,0,8039,1122.7568,49.4048,264.2886,2.11,A
75,hotel1/reservation,971.67,117.07,1119.06,0.0,0,6867,959.0709,31.8615,264.2886,1.43,A
75,hotel1/recommendation,462.67,18.83,1119.06,0.0,0,4663,651.252,15.141,264.2886,0.638,A
75,hotel1/rate,825.11,27.06,1119.14,0.0,0,4894,683.5144,26.9965,264.2886,1.13,A
75,hotel1/profile,1311.75,29.83,1119.06,0.0,0,6679,932.8141,42.908,264.2886,1.85,A
75,hotel1/mongodb-user,9.35,163.59,400.43,0.0,0,3065,428.0694,1.3679,264.2886,0.0161,A
75,hotel1/user,19.2,15.86,1119.06,0.0,0,1078,311.294,1.3679,264.2886,0.029,A
76,hotel2/user,25.35,16.31,1119.06,0.0,0,1048,311.294,1.3679,313.4681,0.0326,A
76,hotel2/search,1623.48,25.31,1119.06,0.0,0,6302,956.9375,57.1682,313.4681,2.45,A
76,hotel2/mongodb-recommendation,9.89,163.73,400.43,0.0195,2,195,311.294,1.3679,313.4681,0.0163,A
76,hotel2/recommendation,502.18,18.76,1119.06,0.0,0,4945,750.8816,17.6948,313.4681,0.733,A
76,hotel2/rate,922.33,27.49,1119.14,0.0,0,5188,787.7804,32.492,313.4681,1.37,A
76,hotel2/profile,1563.13,36.78,1119.06,0.0,0,5205,790.3618,55.056,313.4681,2.26,A
76,hotel2/mongodb-user,10.75,163.81,400.43,0.0195,2,115,311.294,1.3679,313.4681,0.0163,A
76,hotel2/mongodb-reservation,4002.89,274.39,400.43,0.0352,8,3007647,456701.0944,141.1762,313.4681,6.66,A
76,hotel2/reservation,1177.57,119.33,1119.06,0.0,0,5806,881.6216,41.5715,313.4681,1.74,A
76,hotel2/mongodb-rate,10.24,164.49,400.43,0.0195,2,142,311.294,1.3679,313.4681,0.0163,A
76,hotel2/mongodb-profile,10.4,164.21,400.43,0.0195,2,124,311.294,1.3679,313.4681,0.0163,A
76,hotel2/memcached-reserve,192.6,7.08,79.27,0.0,0,2204,334.67,6.7863,313.4681,0.281,A
76,es-stress-d/elasticsearch-dynamic-0,5.66,208336.46,1414.12,0.0039,1,1012,311.294,217.4376,313.4681,0.0122,A
76,es-stress-d2/elasticsearch-dynamic-0,5.92,208343.53,1414.11,0.0,0,761,311.294,217.4541,313.4681,0.0122,A
76,es-stress-d3/elasticsearch-dynamic-0,6.64,208352.15,1414.12,0.0,0,955,311.294,217.4884,313.4681,0.0,A
76,es-stress-d4/elasticsearch-dynamic-0,5.18,208339.88,1414.11,0.0,0,722,311.294,217.4243,313.4681,0.0081,A
76,es-stress-d5/elasticsearch-dynamic-0,6.78,208381.58,1414.11,0.0039,1,723,311.294,217.5241,313.4681,0.0122,A
76,hotel1/consul,24.19,27.86,212.87,0.0,0,4421,671.314,1.3679,313.4681,0.0407,A
76,hotel1/frontend,4532.06,95.48,1119.14,0.0,0,6884,1045.3123,159.6149,313.4681,6.83,A
76,hotel1/geo,719.89,19.87,1119.06,0.0,0,4568,693.6355,25.3588,313.4681,1.1,A
76,hotel1/jaeger,0.33,14.83,81.01,0.0,0,0,311.294,1.3679,1.454,0.0,A
76,hotel1/memcached-profile,253.77,7.55,79.27,0.0,0,2194,333.1515,8.9398,313.4681,0.391,A
76,hotel1/memcached-rate,149.53,7.45,79.27,0.0,0,2938,446.1254,5.2708,313.4681,0.232,A
76,hotel1/memcached-reserve,199.91,7.02,79.27,0.0,0,1693,311.294,7.0436,313.4681,0.318,A
76,hotel1/mongodb-geo,9.52,163.82,400.43,0.0,0,192,311.294,1.3679,313.4681,0.0163,A
76,hotel1/mongodb-profile,9.96,164.04,400.43,0.0,0,313,311.294,1.3679,313.4681,0.0163,A
76,hotel1/mongodb-rate,10.33,164.86,400.43,0.0195,1,384,311.294,1.3679,313.4681,0.0204,A
76,hotel2/mongodb-geo,10.23,163.74,400.43,0.0273,4,188,311.294,1.3679,313.4681,0.0163,A
76,hotel1/mongodb-reservation,3999.09,271.2,400.43,0.0586,18,2901719,440616.2834,141.0391,313.4681,6.67,A
76,hotel1/mongodb-recommendation,10.37,163.62,400.43,0.0195,1,217,311.294,1.3679,313.4681,0.0204,A
76,hotel2/memcached-rate,144.89,7.45,79.27,0.0,0,2584,392.3717,5.1075,313.4681,0.22,A
76,hotel2/memcached-profile,262.36,8.16,79.27,0.0,0,2950,447.9476,9.2428,313.4681,0.383,A
76,hotel2/jaeger,0.26,14.6,81.01,0.0,0,0,311.294,1.3679,1.454,0.0,A
76,hotel2/frontend,4207.48,101.18,1119.14,0.0,0,7102,1078.4148,148.1966,313.4681,6.62,A
76,hotel2/consul,22.07,27.76,212.87,0.0,0,2796,424.5632,1.3679,313.4681,0.0366,A
76,hotel2/geo,726.98,21.19,1119.06,0.0,0,4268,648.0815,25.6097,313.4681,1.07,A
76,hotel1/search,1626.37,25.21,1119.06,0.0,0,5673,861.426,57.2698,313.4681,2.54,A
76,hotel1/reservation,1079.76,118.04,1119.06,0.0,0,4425,671.9214,38.1275,313.4681,1.69,A
76,hotel1/recommendation,503.97,19.17,1119.06,0.0,0,4453,676.1731,17.7583,313.4681,0.782,A
76,hotel1/rate,891.01,27.11,1119.14,0.0,0,6273,952.534,31.3892,313.4681,1.42,A
76,hotel1/profile,1443.71,31.09,1119.06,0.0,0,5059,768.1922,50.8468,313.4681,2.32,A
76,hotel1/mongodb-user,10.53,163.59,400.43,0.0195,1,156,311.294,1.3679,313.4681,0.0163,A
76,hotel1/user,22.68,15.61,1119.06,0.0,0,1238,311.294,1.3679,313.4681,0.0366,A
77,hotel2/search,1493.26,25.56,1119.06,0.0,0,7357,1039.3335,56.0035,303.0189,1.8,A
77,hotel2/user,21.54,15.9,1119.06,0.0,0,1454,311.294,1.3679,303.0189,0.021,A
77,hotel2/reservation,1049.06,118.29,1119.06,0.0,0,4275,603.9351,39.4498,303.0189,1.21,A
77,hotel2/mongodb-rate,9.98,164.49,400.43,0.0,0,191,311.294,1.3679,303.0189,0.009,A
77,hotel2/rate,852.11,26.74,1119.14,0.0,0,5687,803.4103,31.9705,303.0189,0.993,A
77,hotel2/profile,1355.26,36.84,1119.06,0.0,0,6670,942.2801,50.8423,303.0189,1.59,A
77,hotel2/mongodb-user,9.73,163.62,400.43,0.0,0,151,311.294,1.3679,303.0189,0.012,A
77,hotel2/mongodb-reservation,4003.85,274.48,400.43,0.0117,6,3236958,457289.5179,150.378,303.0189,4.8,A
77,hotel2/mongodb-recommendation,9.46,163.55,400.43,0.0,0,451,311.294,1.3679,303.0189,0.012,A
77,hotel2/recommendation,442.13,18.26,1119.06,0.0,0,4595,649.142,16.593,303.0189,0.543,A
77,hotel2/mongodb-profile,9.69,164.21,400.43,0.0,0,210,311.294,1.3679,303.0189,0.012,A
77,hotel2/mongodb-geo,9.46,163.55,400.43,0.0,0,209,311.294,1.3679,303.0189,0.015,A
77,hotel2/memcached-rate,139.4,7.7,79.27,0.0,0,3487,492.6133,5.2337,303.0189,0.162,A
77,hotel2/memcached-reserve,161.62,7.34,79.27,0.0,0,1846,311.294,6.0662,303.0189,0.21,A
77,es-stress-d/elasticsearch-dynamic-0,6.81,208336.46,1414.12,0.0273,6,736,311.294,219.5938,303.0189,0.009,A
77,es-stress-d2/elasticsearch-dynamic-0,7.01,208343.53,1414.11,0.0312,7,886,311.294,219.6087,303.0189,0.015,A
77,es-stress-d3/elasticsearch-dynamic-0,9.22,208352.21,1414.12,0.0312,7,215,311.294,219.7007,303.0189,0.006,A
77,es-stress-d4/elasticsearch-dynamic-0,5.97,208339.88,1414.11,0.0273,9,895,311.294,219.5659,303.0189,0.015,A
77,es-stress-d5/elasticsearch-dynamic-0,5.82,208381.58,1414.11,0.0273,6,1188,311.294,219.6042,303.0189,0.009,A
77,hotel1/consul,23.53,27.86,212.87,0.0,0,2366,334.2481,1.3679,303.0189,0.027,A
77,hotel1/frontend,4190.85,98.41,1119.14,0.0,0,5659,799.4547,157.2025,303.0189,5.05,A
77,hotel1/jaeger,0.3,14.83,81.01,0.0,0,0,311.294,1.3679,1.454,0.0,A
77,hotel1/memcached-profile,244.59,8.02,79.27,0.0,0,3804,537.3963,9.1772,303.0189,0.285,A
77,hotel1/memcached-rate,152.07,7.45,79.27,0.0,0,2933,414.349,5.7084,303.0189,0.174,A
77,hotel1/memcached-reserve,198.11,7.01,79.27,0.0,0,2064,311.294,7.4338,303.0189,0.222,A
77,hotel1/mongodb-geo,10.36,163.8,400.43,0.0195,1,235,311.294,1.3679,303.0189,0.012,A
77,hotel1/mongodb-profile,10.64,164.04,400.43,0.0195,1,288,311.294,1.3679,303.0189,0.009,A
77,hotel1/geo,697.15,20.22,1119.06,0.0,0,3856,544.7424,26.1548,303.0189,0.816,A
77,hotel1/mongodb-recommendation,9.55,163.81,400.43,0.0,0,159,311.294,1.3679,303.0189,0.012,A
77,hotel2/memcached-profile,241.2,7.93,79.27,0.0,0,2851,402.7647,9.05,303.0189,0.285,A
77,hotel1/mongodb-rate,9.85,164.86,400.43,0.0,0,321,311.294,1.3679,303.0189,0.012,A
77,hotel2/jaeger,0.3,14.6,81.01,0.0,0,0,311.294,1.3679,1.454,0.003,A
77,hotel2/geo,667.45,20.31,1119.06,0.0,0,5714,807.2247,25.0415,303.0189,0.792,A
77,hotel2/frontend,3811.92,107.8,1119.14,0.0,0,7155,1010.7967,143.0078,303.0189,4.42,A
77,hotel1/user,26.42,15.92,1119.06,0.0,0,1650,311.294,1.3679,303.0189,0.027,A
77,hotel1/search,1597.25,24.9,1119.06,0.0,0,6530,922.5021,59.901,303.0189,1.86,A
77,hotel2/consul,22.74,27.77,212.87,0.0,0,3076,434.5508,1.3679,303.0189,0.027,A
77,hotel1/recommendation,500.98,17.73,1119.06,0.0,0,4358,615.6607,18.7985,303.0189,0.582,A
77,hotel1/rate,852.73,25.69,1119.14,0.0,0,5042,712.2903,31.9926,303.0189,1.0,A
77,hotel1/profile,1400.59,30.5,1119.06,0.0,0,6689,944.9642,52.5349,303.0189,1.62,A
77,hotel1/mongodb-user,10.43,163.59,400.43,0.0,0,201,311.294,1.3679,303.0189,0.012,A
77,hotel1/mongodb-reservation,3989.34,271.21,400.43,0.0156,8,2997652,423482.4295,149.8306,303.0189,4.92,A
77,hotel1/reservation,1073.46,117.13,1119.06,0.0,0,5891,832.2297,40.3632,303.0189,1.26,A
78,hotel2/user,17.65,15.66,1119.06,0.0,0,1058,311.294,1.3679,256.8389,0.0312,A
78,hotel2/search,1336.7,25.6,1119.06,0.0,0,5927,808.8627,42.0374,256.8389,1.82,A
78,hotel2/mongodb-recommendation,9.68,163.55,400.43,0.0195,2,288,311.294,1.3679,256.8389,0.0156,A
78,hotel2/recommendation,428.73,18.79,1119.06,0.0,0,4402,600.7447,13.491,256.8389,0.549,A
78,hotel2/rate,749.57,27.15,1119.14,0.0,0,5355,730.8014,23.5826,256.8389,1.01,A
78,hotel2/profile,1299.9,36.43,1119.06,0.0,0,5864,800.2651,40.8888,256.8389,1.6,A
78,hotel2/mongodb-user,10.64,163.62,400.43,0.0195,2,160,311.294,1.3679,256.8389,0.0156,A
78,hotel2/mongodb-reservation,3995.37,274.29,400.43,0.0273,2,3464347,472782.39,125.7987,256.8389,5.03,A
78,hotel2/reservation,973.79,118.78,1119.06,0.0,0,5792,790.4392,30.7002,256.8389,1.28,A
78,hotel2/mongodb-rate,9.73,164.49,400.43,0.0273,4,255,311.294,1.3679,256.8389,0.0125,A
78,hotel2/mongodb-profile,10.36,164.21,400.43,0.0195,2,199,311.294,1.3679,256.8389,0.0094,A
78,es-stress-d/elasticsearch-dynamic-0,6.26,208336.71,1414.12,0.0039,1,959,311.294,158.0415,256.8389,0.0062,A
78,hotel2/memcached-reserve,151.86,7.08,79.27,0.0,0,1934,311.294,4.7789,256.8389,0.203,A
78,es-stress-d2/elasticsearch-dynamic-0,7.06,208343.53,1414.11,0.0,0,913,311.294,158.0719,256.8389,0.0062,A
78,es-stress-d3/elasticsearch-dynamic-0,5.99,208352.21,1414.12,0.0,0,856,311.294,158.0448,256.8389,0.0062,A
78,es-stress-d4/elasticsearch-dynamic-0,5.67,208339.88,1414.11,0.0,0,617,311.294,158.0254,256.8389,0.0031,A
78,es-stress-d5/elasticsearch-dynamic-0,7.11,208381.58,1414.11,0.0039,1,557,311.294,158.1023,256.8389,0.0094,A
78,hotel1/consul,23.48,27.86,212.87,0.0,0,3340,455.8126,1.3679,256.8389,0.0312,A
78,hotel1/frontend,2862.12,94.42,1119.14,0.0,0,7194,981.7713,90.0397,256.8389,4.65,A
78,hotel1/geo,529.49,19.89,1119.06,0.0,0,5894,804.3592,16.6591,256.8389,0.824,A
78,hotel1/jaeger,0.3,14.83,81.01,0.0,0,0,311.294,1.3679,1.454,0.0,A
78,hotel1/memcached-profile,172.22,7.52,79.27,0.0,0,3089,421.5585,5.4193,256.8389,0.281,A
78,hotel1/memcached-rate,110.51,7.45,79.27,0.0,0,4547,620.533,3.4794,256.8389,0.181,A
78,hotel1/memcached-reserve,130.87,7.52,79.27,0.0,0,2064,311.294,4.1195,256.8389,0.225,A
78,hotel1/mongodb-geo,9.56,163.82,400.43,0.0,0,354,311.294,1.3679,256.8389,0.0094,A
78,hotel1/mongodb-profile,9.97,164.23,400.43,0.0,0,451,311.294,1.3679,256.8389,0.0125,A
78,hotel1/mongodb-rate,10.02,164.86,400.43,0.0195,1,389,311.294,1.3679,256.8389,0.0094,A
78,hotel2/mongodb-geo,10.16,163.55,400.43,0.0195,2,130,311.294,1.3679,256.8389,0.0125,A
78,hotel1/mongodb-reservation,4004.74,271.52,400.43,0.043,9,3084662,420966.4542,126.0911,256.8389,5.12,A
78,hotel2/memcached-rate,126.7,7.45,79.27,0.0,0,4209,574.4058,3.9883,256.8389,0.169,A
78,hotel2/memcached-profile,221.31,7.91,79.27,0.0,0,3001,409.549,6.9627,256.8389,0.284,A
78,hotel2/jaeger,0.31,14.6,81.01,0.0,0,0,311.294,1.3679,1.454,0.0,A
78,hotel2/geo,603.69,20.36,1119.06,0.0,0,4864,663.7942,18.9919,256.8389,0.802,A
78,hotel2/frontend,3311.13,99.91,1119.14,0.0,0,9155,1249.3907,104.1581,256.8389,4.23,A
78,hotel2/consul,22.89,27.77,212.87,0.0,0,3077,419.9208,1.3679,256.8389,0.025,A
78,hotel1/mongodb-recommendation,10.26,163.62,400.43,0.0195,1,216,311.294,1.3679,256.8389,0.0125,A
78,hotel1/search,1187.18,26.47,1119.06,0.0,0,7309,997.4655,37.338,256.8389,1.92,A
78,hotel1/reservation,756.96,118.66,1119.06,0.0,0,6347,866.1805,23.8843,256.8389,1.22,A
78,hotel1/recommendation,359.98,17.95,1119.06,0.0,0,4093,558.5752,11.3292,256.8389,0.587,A
78,hotel1/rate,648.26,26.32,1119.14,0.0,0,6932,946.016,20.3974,256.8389,1.04,A
78,hotel1/profile,1007.27,30.01,1119.06,0.0,0,5778,788.5286,31.6854,256.8389,1.68,A
78,hotel1/mongodb-user,9.97,163.78,400.43,0.0195,1,174,311.294,1.3679,256.8389,0.0125,A
78,hotel1/user,16.5,15.68,1119.06,0.0,0,1196,311.294,1.3679,256.8389,0.0218,A
79,hotel2/user,19.07,15.65,1119.06,0.0,0,1452,311.294,1.3679,304.4804,0.0283,A
79,hotel2/search,1427.21,25.83,1119.06,0.0,0,6417,931.2926,47.2561,304.4804,1.85,A
79,hotel2/profile,1337.47,36.23,1119.06,0.0,0,4639,673.2533,44.2963,304.4804,1.73,A
79,hotel2/rate,794.97,26.8,1119.14,0.0,0,5289,767.5871,26.334,304.4804,1.03,A
79,hotel2/mongodb-user,9.47,163.81,400.43,0.0,0,119,311.294,1.3679,304.4804,0.0142,A
79,hotel2/mongodb-reservation,3997.12,274.31,400.43,0.0039,2,3117907,452498.6158,132.5417,304.4804,5.79,A
79,hotel2/mongodb-recommendation,9.65,163.55,400.43,0.0,0,137,311.294,1.3679,304.4804,0.0142,A
79,hotel2/reservation,1010.39,119.37,1119.06,0.0,0,4320,626.9571,33.5518,304.4804,1.29,A
79,hotel2/mongodb-rate,9.66,164.49,400.43,0.0,0,142,311.294,1.3679,304.4804,0.0142,A
79,hotel2/mongodb-profile,9.32,164.4,400.43,0.0,0,144,311.294,1.3679,304.4804,0.0142,A
79,hotel2/recommendation,433.07,17.8,1119.06,0.0,0,3076,446.4167,14.3489,304.4804,0.553,A
79,hotel2/memcached-reserve,148.82,7.08,79.27,0.0,0,1708,311.294,4.9318,304.4804,0.202,A
79,hotel2/mongodb-geo,9.65,163.55,400.43,0.0,0,421,311.294,1.3679,304.4804,0.0142,A
79,es-stress-d2/elasticsearch-dynamic-0,6.94,208343.53,1414.11,0.0039,1,325,311.294,200.1196,304.4804,0.0106,A
79,es-stress-d3/elasticsearch-dynamic-0,6.74,208352.21,1414.12,0.0039,1,986,311.294,200.1213,304.4804,0.0071,A
79,es-stress-d4/elasticsearch-dynamic-0,7.46,208340.12,1414.11,0.0039,1,1001,311.294,200.1335,304.4804,0.0071,A
79,es-stress-d5/elasticsearch-dynamic-0,6.3,208381.58,1414.11,0.0,0,726,311.294,200.1349,304.4804,0.0142,A
79,hotel1/consul,24.37,27.86,212.87,0.0,0,3286,476.8938,1.3679,304.4804,0.0354,A
79,hotel1/frontend,4850.23,97.14,1119.14,0.0,0,6656,965.9784,160.604,304.4804,6.36,A
79,hotel1/geo,742.33,18.97,1119.06,0.0,0,4658,676.0107,24.5845,304.4804,0.946,A
79,hotel1/jaeger,0.35,14.83,81.01,0.0,0,0,311.294,1.3679,1.454,0.0,A
79,hotel1/memcached-profile,258.45,7.54,79.27,0.0,0,4208,610.7027,8.5602,304.4804,0.326,A
79,hotel1/memcached-rate,160.42,7.46,79.27,0.0,0,4121,598.0765,5.316,304.4804,0.202,A
79,hotel1/memcached-reserve,225.27,7.29,79.27,0.0,0,1716,311.294,7.462,304.4804,0.244,A
79,hotel1/mongodb-geo,10.9,163.63,400.43,0.0195,1,213,311.294,1.3679,304.4804,0.0142,A
79,hotel1/mongodb-profile,10.46,164.05,400.43,0.0195,1,296,311.294,1.3679,304.4804,0.0142,A
79,hotel1/mongodb-rate,9.5,164.67,400.43,0.0,0,288,311.294,1.3679,304.4804,0.0142,A
79,es-stress-d/elasticsearch-dynamic-0,7.4,208336.46,1414.12,0.0,0,617,311.294,200.128,304.4804,0.0106,A
79,hotel1/mongodb-reservation,4003.85,270.75,400.43,0.0117,6,3138025,455418.3203,132.761,304.4804,5.81,A
79,hotel1/mongodb-recommendation,9.49,163.62,400.43,0.0,0,121,311.294,1.3679,304.4804,0.0142,A
79,hotel2/memcached-profile,224.62,7.66,79.27,0.0,0,2122,311.294,7.4408,304.4804,0.273,A
79,hotel2/jaeger,0.28,14.6,81.01,0.0,0,0,311.294,1.3679,1.454,0.0,A
79,hotel2/geo,624.93,20.58,1119.06,0.0,0,6615,960.0281,20.7008,304.4804,0.818,A
79,hotel2/frontend,3797.83,101.3,1119.14,0.0,0,8965,1301.0812,125.7805,304.4804,4.37,A
79,hotel2/consul,22.49,27.77,212.87,0.0,0,3674,533.2038,1.3679,304.4804,0.0319,A
79,hotel2/memcached-rate,128.47,7.71,79.27,0.0,0,2770,402.0072,4.2589,304.4804,0.163,A
79,hotel1/search,1708.4,25.48,1119.06,0.0,0,5603,813.1576,56.5613,304.4804,2.21,A
79,hotel1/reservation,1159.55,117.79,1119.06,0.0,0,5841,847.6983,38.4865,304.4804,1.48,A
79,hotel1/recommendation,531.59,18.7,1119.06,0.0,0,5107,741.1736,17.6101,304.4804,0.687,A
79,hotel1/rate,957.59,28.69,1119.14,0.0,0,5385,781.5195,31.7175,304.4804,1.2,A
79,hotel1/profile,1546.81,30.39,1119.06,0.0,0,5836,846.9726,51.2184,304.4804,1.91,A
79,hotel1/user,21.29,15.69,1119.06,0.0,0,1331,311.294,1.3679,304.4804,0.0283,A
79,hotel1/mongodb-user,9.56,163.59,400.43,0.0,0,218,311.294,1.3679,304.4804,0.0142,A
80,hotel2/mongodb-recommendation,11.55,163.55,400.43,0.0352,10,200,311.294,1.3679,307.2893,0.0134,A
80,hotel2/user,18.79,15.67,1119.06,0.0,0,1012,311.294,1.3679,307.2893,0.0268,A
80,hotel2/search,1392.03,27.33,1119.06,0.0,0,5464,812.5292,50.5199,307.2893,1.88,A
80,hotel2/rate,798.78,25.74,1119.14,0.0,0,4847,720.7776,29.0001,307.2893,1.06,A
80,hotel2/profile,1286.82,37.16,1119.06,0.0,0,4872,724.4953,46.7142,307.2893,1.76,A
80,hotel2/mongodb-user,11.27,163.63,400.43,0.0352,10,162,311.294,1.3679,307.2893,0.0179,A
80,hotel2/mongodb-reservation,4001.49,274.33,400.43,0.0938,20,3113075,462932.6991,145.4295,307.2893,5.0,A
80,hotel2/reservation,967.85,119.23,1119.06,0.0,0,4183,622.0369,35.2311,307.2893,1.37,A
80,hotel2/mongodb-rate,10.45,164.68,400.43,0.0273,6,135,311.294,1.3679,307.2893,0.0134,A
80,hotel2/mongodb-profile,10.87,164.4,400.43,0.0781,14,182,311.294,1.3679,307.2893,0.0179,A
80,hotel2/recommendation,416.75,18.65,1119.06,0.0,0,4843,720.1828,15.1358,307.2893,0.558,A
80,hotel2/memcached-reserve,152.26,7.09,79.27,0.0,0,1876,311.294,5.5302,307.2893,0.21,A
80,es-stress-d/elasticsearch-dynamic-0,7.33,208336.46,1414.12,0.0039,1,342,311.294,219.8806,307.2893,0.0045,A
80,es-stress-d2/elasticsearch-dynamic-0,7.0,208343.53,1414.11,0.0,0,919,311.294,219.8761,307.2893,0.0089,A
80,es-stress-d3/elasticsearch-dynamic-0,7.62,208352.21,1414.12,0.0,0,572,311.294,219.9077,307.2893,0.0089,A
80,es-stress-d4/elasticsearch-dynamic-0,5.7,208339.88,1414.11,0.0,0,1120,311.294,219.8251,307.2893,0.0045,A
80,es-stress-d5/elasticsearch-dynamic-0,9.18,208381.58,1414.11,0.0078,2,321,311.294,219.9953,307.2893,0.0089,A
80,hotel1/consul,24.63,25.66,212.87,0.0,0,3163,470.3568,1.3679,307.2893,0.0357,A
80,hotel1/frontend,5110.0,95.35,1119.14,0.0,0,6234,927.0327,185.4483,307.2893,5.62,A
80,hotel1/geo,756.06,18.91,1119.06,0.0,0,4449,661.5927,27.4434,307.2893,0.983,A
80,hotel1/jaeger,0.32,14.83,81.01,0.0,0,0,311.294,1.3679,1.454,0.0045,A
80,hotel1/memcached-profile,267.09,8.04,79.27,0.0,0,2497,371.3187,9.6963,307.2893,0.34,A
80,hotel1/memcached-rate,167.29,7.45,79.27,0.0,0,3165,470.6543,6.0757,307.2893,0.206,A
80,hotel1/memcached-reserve,226.44,7.52,79.27,0.0,0,2003,311.294,8.2213,307.2893,0.273,A
80,hotel1/mongodb-geo,10.53,163.82,400.43,0.0508,9,272,311.294,1.3679,307.2893,0.0134,A
80,hotel1/mongodb-profile,10.15,164.23,400.43,0.043,7,371,311.294,1.3679,307.2893,0.0179,A
80,hotel1/mongodb-rate,12.18,164.61,400.43,0.0625,8,266,311.294,1.3679,307.2893,0.0134,A
80,hotel2/mongodb-geo,11.11,163.55,400.43,0.0352,10,711,311.294,1.3679,307.2893,0.0134,A
80,hotel1/mongodb-reservation,4000.2,270.93,400.43,0.1055,25,2974948,442392.3957,145.3792,307.2893,5.18,A
80,hotel2/memcached-rate,130.33,7.46,79.27,0.0,0,3769,560.4726,4.7351,307.2893,0.165,A
80,hotel2/memcached-profile,217.47,7.69,79.27,0.0,0,3429,509.9126,7.8961,307.2893,0.299,A
80,hotel2/jaeger,0.26,14.6,81.01,0.0,0,0,311.294,1.3679,1.454,0.0,A
80,hotel1/mongodb-recommendation,11.51,163.62,400.43,0.0703,10,226,311.294,1.3679,307.2893,0.0134,A
80,hotel2/frontend,3518.71,101.56,1119.14,0.0,0,6487,964.6553,127.7362,307.2893,4.33,A
80,hotel2/consul,22.62,27.77,212.87,0.0,0,2658,395.2604,1.3679,307.2893,0.0313,A
80,hotel2/geo,625.44,21.0,1119.06,0.0,0,4279,636.3127,22.7078,307.2893,0.835,A
80,hotel1/search,1737.97,24.78,1119.06,0.0,0,6696,995.7349,63.065,307.2893,2.17,A
80,hotel1/reservation,1209.27,119.87,1119.06,0.0,0,4180,621.5908,43.9885,307.2893,1.42,A
80,hotel1/recommendation,540.04,18.33,1119.06,0.0,0,4170,620.1037,19.6074,307.2893,0.67,A
80,hotel1/rate,974.27,26.87,1119.14,0.0,0,5333,793.0487,35.3666,307.2893,1.22,A
80,hotel1/profile,1623.84,29.13,1119.06,0.0,0,4849,721.075,58.9299,307.2893,1.96,A
80,hotel1/mongodb-user,11.08,163.6,400.43,0.0703,10,195,311.294,1.3679,307.2893,0.0134,A
80,hotel1/user,29.21,15.93,1119.06,0.0,0,828,311.294,1.3679,307.2893,0.0268,A
81,hotel2/user,21.09,15.66,1119.06,0.0,0,1372,311.294,1.3679,309.5368,0.0278,A
81,hotel2/search,1498.72,25.16,1119.06,0.0,0,5622,786.3481,50.8159,309.5368,1.92,A
81,hotel2/mongodb-recommendation,10.01,163.55,400.43,0.0,0,219,311.294,1.3679,309.5368,0.0155,A
81,hotel2/rate,843.17,26.47,1119.14,0.0,0,5399,755.1572,28.6007,309.5368,1.09,A
81,hotel2/profile,1367.39,36.41,1119.06,0.0,0,5928,829.1483,46.3762,309.5368,1.79,A
81,hotel2/mongodb-user,9.94,163.82,400.43,0.0,0,146,311.294,1.3679,309.5368,0.0124,A
81,hotel2/mongodb-reservation,4002.12,274.45,400.43,0.0,0,3111493,435203.9611,135.8993,309.5368,4.94,A
81,hotel2/reservation,1039.5,119.67,1119.06,0.0,0,6453,902.5799,35.3454,309.5368,1.37,A
81,hotel2/mongodb-rate,10.03,164.68,400.43,0.0,0,197,311.294,1.3679,309.5368,0.0124,A
81,hotel2/mongodb-profile,9.72,164.21,400.43,0.0,0,173,311.294,1.3679,309.5368,0.0124,A
81,hotel2/recommendation,445.56,18.61,1119.06,0.0,0,3316,463.8083,15.1181,309.5368,0.575,A
81,hotel2/memcached-reserve,164.79,7.09,79.27,0.0,0,1644,311.294,5.5916,309.5368,0.207,A
81,es-stress-d/elasticsearch-dynamic-0,7.22,208336.47,1414.12,0.0,0,848,311.294,203.7966,309.5368,0.0093,A
81,es-stress-d2/elasticsearch-dynamic-0,7.03,208343.53,1414.11,0.0039,1,787,311.294,203.7971,309.5368,0.0093,A
81,es-stress-d3/elasticsearch-dynamic-0,6.66,208352.22,1414.12,0.0078,2,821,311.294,203.793,309.5368,0.0124,A
81,es-stress-d4/elasticsearch-dynamic-0,6.01,208339.88,1414.11,0.0039,1,730,311.294,203.759,309.5368,0.0031,A
81,es-stress-d5/elasticsearch-dynamic-0,5.64,208381.58,1414.11,0.0,0,552,311.294,203.7872,309.5368,0.0062,A
81,hotel1/consul,24.25,25.66,212.87,0.0,0,2460,344.0798,1.3679,309.5368,0.0309,A
81,hotel1/frontend,4455.76,99.44,1119.14,0.0,0,6031,843.5549,151.1021,309.5368,5.26,A
81,hotel1/geo,723.05,20.32,1119.06,0.0,0,5441,761.0317,24.5239,309.5368,0.869,A
81,hotel1/jaeger,0.38,14.83,81.01,0.0,0,0,311.294,1.3679,1.454,0.0,A
81,hotel1/memcached-profile,267.43,8.02,79.27,0.0,0,3229,451.6396,9.071,309.5368,0.306,A
81,hotel1/memcached-rate,163.44,7.46,79.27,0.0,0,3296,461.0109,5.5462,309.5368,0.195,A
81,hotel1/memcached-reserve,213.22,7.27,79.27,0.0,0,2129,311.294,7.2331,309.5368,0.251,A
81,hotel1/mongodb-geo,10.72,163.8,400.43,0.0195,1,242,311.294,1.3679,309.5368,0.0124,A
81,hotel1/mongodb-profile,10.71,164.05,400.43,0.0195,1,295,311.294,1.3679,309.5368,0.0155,A
81,hotel1/mongodb-rate,9.59,164.61,400.43,0.0,0,182,311.294,1.3679,309.5368,0.0093,A
81,hotel2/mongodb-geo,9.66,163.74,400.43,0.0,0,125,311.294,1.3679,309.5368,0.0124,A
81,hotel1/mongodb-reservation,3995.5,270.99,400.43,0.0273,12,3263621,456482.0769,135.6715,309.5368,5.11,A
81,hotel2/memcached-rate,132.04,7.7,79.27,0.0,0,3746,523.9523,4.4823,309.5368,0.183,A
81,hotel2/memcached-profile,230.17,7.92,79.27,0.0,0,2334,326.4562,7.8082,309.5368,0.312,A
81,hotel2/jaeger,0.26,14.6,81.01,0.0,0,0,311.294,1.3679,1.454,0.0,A
81,hotel2/geo,665.06,19.99,1119.06,0.0,0,4835,676.2706,22.5583,309.5368,0.863,A
81,hotel1/mongodb-recommendation,9.8,163.62,400.43,0.0,0,194,311.294,1.3679,309.5368,0.0093,A
81,hotel2/consul,22.15,27.77,212.87,0.0,0,3227,451.3599,1.3679,309.5368,0.0278,A
81,hotel2/frontend,3859.35,100.09,1119.14,0.0,0,7221,1010.0,130.8905,309.5368,5.04,A
81,hotel1/search,1676.13,25.3,1119.06,0.0,0,5547,775.8579,56.8285,309.5368,1.99,A
81,hotel1/reservation,1167.03,118.46,1119.06,0.0,0,6131,857.5419,39.6662,309.5368,1.3,A
81,hotel1/recommendation,515.82,17.88,1119.06,0.0,0,4097,573.0466,17.4985,309.5368,0.628,A
81,hotel1/rate,955.2,27.27,1119.14,0.0,0,4559,637.6665,32.3982,309.5368,1.07,A
81,hotel1/profile,1512.27,30.41,1119.06,0.0,0,5357,749.2826,51.2803,309.5368,1.74,A
81,hotel1/mongodb-user,9.79,163.79,400.43,0.0,0,169,311.294,1.3679,309.5368,0.0124,A
81,hotel1/user,27.48,15.93,1119.06,0.0,0,1436,311.294,1.3679,309.5368,0.0278,A
82,hotel2/user,17.46,15.66,1119.06,0.0,0,1301,311.294,1.3679,297.7904,0.0226,A
82,hotel2/search,1336.61,24.64,1119.06,0.0,0,5614,799.9625,46.4244,297.7904,1.65,A
82,hotel2/mongodb-recommendation,10.22,163.55,400.43,0.0352,4,195,311.294,1.3679,297.7904,0.0161,A
82,hotel2/recommendation,405.1,18.45,1119.06,0.0,0,5124,730.1403,14.0809,297.7904,0.512,A
82,hotel2/rate,742.37,27.57,1119.14,0.0,0,4589,653.9059,25.7981,297.7904,0.915,A
82,hotel2/profile,1220.73,37.12,1119.06,0.0,0,5064,721.5907,42.4136,297.7904,1.57,A
82,hotel2/mongodb-user,10.45,163.63,400.43,0.0234,4,95,311.294,1.3679,297.7904,0.0161,A
82,hotel2/mongodb-reservation,3999.64,274.58,400.43,0.0547,6,3200923,456112.9791,139.1129,297.7904,5.22,A
82,hotel2/reservation,961.59,119.7,1119.06,0.0,0,4670,665.4479,33.4971,297.7904,1.17,A
82,hotel2/mongodb-rate,10.04,164.68,400.43,0.0195,2,171,311.294,1.3679,297.7904,0.0129,A
82,hotel2/mongodb-profile,10.31,164.22,400.43,0.0352,4,188,311.294,1.3679,297.7904,0.0129,A
82,hotel2/memcached-reserve,142.86,7.09,79.27,0.0,0,1744,311.294,4.9662,297.7904,0.184,A
82,es-stress-d/elasticsearch-dynamic-0,6.49,208336.46,1414.12,0.0078,2,602,311.294,201.0491,297.7904,0.0064,A
82,es-stress-d2/elasticsearch-dynamic-0,6.31,208343.53,1414.11,0.0,0,550,311.294,201.0496,297.7904,0.0064,A
82,es-stress-d3/elasticsearch-dynamic-0,6.33,208352.21,1414.12,0.0,0,807,311.294,201.0587,297.7904,0.0032,A
82,es-stress-d4/elasticsearch-dynamic-0,5.78,208339.88,1414.11,0.0,0,519,311.294,201.0277,297.7904,0.0032,A
82,es-stress-d5/elasticsearch-dynamic-0,7.53,208381.58,1414.11,0.0039,1,272,311.294,201.1287,297.7904,0.0129,A
82,hotel1/consul,22.31,25.66,212.87,0.0,0,3415,486.6177,1.3679,297.7904,0.0322,A
82,hotel1/frontend,4760.06,95.57,1119.14,0.0,0,6372,907.9731,165.3384,297.7904,3.68,A
82,hotel1/geo,753.27,19.1,1119.06,0.0,0,4239,604.0329,26.1683,297.7904,0.686,A
82,hotel1/jaeger,0.29,14.83,81.01,0.0,0,0,311.294,1.3679,1.454,0.0,A
82,hotel1/memcached-profile,256.02,7.77,79.27,0.0,0,2850,406.1085,8.8953,297.7904,0.222,A
82,hotel1/memcached-rate,157.89,7.45,79.27,0.0,0,2948,420.0729,5.4884,297.7904,0.142,A
82,hotel1/memcached-reserve,207.24,7.04,79.27,0.0,0,1619,311.294,7.2012,297.7904,0.161,A
82,hotel1/mongodb-geo,9.76,163.64,400.43,0.0,0,253,311.294,1.3679,297.7904,0.0129,A
82,hotel1/mongodb-profile,9.78,164.05,400.43,0.0,0,368,311.294,1.3679,297.7904,0.0129,A
82,hotel1/mongodb-rate,10.52,164.68,400.43,0.0195,1,409,311.294,1.3679,297.7904,0.0129,A
82,hotel2/mongodb-geo,10.43,163.74,400.43,0.0195,2,187,311.294,1.3679,297.7904,0.0129,A
82,hotel1/mongodb-reservation,4003.93,271.17,400.43,0.0469,9,3086093,439750.3695,139.2585,297.7904,5.3,A
82,hotel2/memcached-rate,121.26,7.46,79.27,0.0,0,3636,518.1089,4.2168,297.7904,0.148,A
82,hotel2/memcached-profile,206.58,8.41,79.27,0.0,0,3254,463.6761,7.1796,297.7904,0.261,A
82,hotel2/jaeger,0.29,14.6,81.01,0.0,0,0,311.294,1.3679,1.454,0.0,A
82,hotel2/frontend,3063.08,99.91,1119.14,0.0,0,6518,928.7772,106.4316,297.7904,4.03,A
82,hotel2/consul,21.99,27.77,212.87,0.0,0,2374,338.2812,1.3679,297.7904,0.0322,A
82,hotel1/user,29.55,15.79,1119.06,0.0,0,1443,311.294,1.3679,297.7904,0.0193,A
82,hotel2/geo,607.83,19.56,1119.06,0.0,0,5030,716.7459,21.1198,297.7904,0.747,A
82,hotel1/reservation,1155.66,117.58,1119.06,0.0,0,4972,708.4812,40.2323,297.7904,0.954,A
82,hotel1/recommendation,521.34,17.62,1119.06,0.0,0,4437,632.2468,18.1154,297.7904,0.464,A
82,hotel1/rate,926.11,26.79,1119.14,0.0,0,6136,874.3444,32.1759,297.7904,0.841,A
82,hotel1/profile,1524.74,30.33,1119.06,0.0,0,5709,813.4994,52.9608,297.7904,1.27,A
82,hotel1/mongodb-user,10.06,163.79,400.43,0.0195,1,190,311.294,1.3679,297.7904,0.0161,A
82,hotel1/search,1710.21,24.52,1119.06,0.0,0,5929,844.8481,59.3939,297.7904,1.55,A
82,hotel1/mongodb-recommendation,10.41,163.62,400.43,0.0195,1,207,311.294,1.3679,297.7904,0.0129,A
83,hotel2/search,1331.02,26.02,1119.06,0.0,0,6979,973.5939,47.3873,288.842,1.79,A
83,hotel2/user,17.46,15.67,1119.06,0.0,0,1129,311.294,1.3679,288.842,0.0236,A
83,hotel2/mongodb-recommendation,9.73,163.74,400.43,0.0,0,154,311.294,1.3679,288.842,0.0148,A
83,hotel2/rate,738.38,26.07,1119.14,0.0,0,4817,671.9877,26.2993,288.842,0.987,A
83,hotel2/profile,1268.58,40.43,1119.06,0.0,0,5244,731.5556,45.1795,288.842,1.65,A
83,hotel2/mongodb-user,9.62,163.63,400.43,0.0,0,163,311.294,1.3679,288.842,0.0118,A
83,hotel2/mongodb-reservation,3995.19,274.59,400.43,0.0039,2,3259399,454697.0923,142.4288,288.842,4.83,A
83,hotel2/recommendation,405.93,18.2,1119.06,0.0,0,3585,500.1195,14.462,288.842,0.538,A
83,hotel2/mongodb-rate,9.82,164.49,400.43,0.0,0,192,311.294,1.3679,288.842,0.0118,A
83,hotel2/mongodb-profile,9.46,164.4,400.43,0.0,0,157,311.294,1.3679,288.842,0.0118,A
83,hotel2/reservation,924.41,120.49,1119.06,0.0,0,5255,733.0901,33.0107,288.842,1.19,A
83,hotel2/memcached-reserve,153.06,7.08,79.27,0.0,0,1823,311.294,5.4533,288.842,0.18,A
83,es-stress-d/elasticsearch-dynamic-0,6.8,208336.47,1414.12,0.0,0,665,311.294,202.9574,288.842,0.0118,A
83,es-stress-d2/elasticsearch-dynamic-0,7.23,208343.53,1414.11,0.0039,1,572,311.294,202.9796,288.842,0.0118,A
83,es-stress-d3/elasticsearch-dynamic-0,6.74,208352.22,1414.12,0.0039,1,615,311.294,202.9706,288.842,0.0089,A
83,es-stress-d4/elasticsearch-dynamic-0,6.32,208339.88,1414.11,0.0039,1,1052,311.294,202.9437,288.842,0.0118,A
83,es-stress-d5/elasticsearch-dynamic-0,5.39,208381.58,1414.11,0.0195,8,569,311.294,202.9512,288.842,0.0059,A
83,hotel1/consul,23.16,25.67,212.87,0.0,0,2506,349.5954,1.3679,288.842,0.0266,A
83,hotel1/frontend,4374.48,95.32,1119.14,0.0,0,6473,903.0052,155.7508,288.842,6.44,A
83,hotel1/geo,697.92,19.5,1119.06,0.0,0,4656,649.5276,24.8532,288.842,0.934,A
83,hotel1/jaeger,0.35,14.83,81.01,0.0,0,0,311.294,1.3679,1.454,0.0,A
83,hotel1/memcached-profile,248.31,8.01,79.27,0.0,0,3088,430.7864,8.8435,288.842,0.331,A
83,hotel1/memcached-rate,141.57,7.44,79.27,0.0,0,3225,449.8983,5.0448,288.842,0.21,A
83,hotel1/memcached-reserve,202.58,7.02,79.27,0.0,0,1921,311.294,7.2153,288.842,0.295,A
83,hotel1/mongodb-geo,11.46,163.64,400.43,0.0234,1,210,311.294,1.3679,288.842,0.0118,A
83,hotel1/mongodb-profile,9.69,164.22,400.43,0.0234,1,484,311.294,1.3679,288.842,0.0118,A
83,hotel1/mongodb-rate,9.45,164.86,400.43,0.0,0,227,311.294,1.3679,288.842,0.0089,A
83,hotel2/mongodb-geo,9.25,163.74,400.43,0.0,0,222,311.294,1.3679,288.842,0.0118,A
83,hotel1/mongodb-reservation,3998.84,271.25,400.43,0.0234,10,3085489,430436.064,142.5555,288.842,4.84,A
83,hotel1/mongodb-recommendation,9.37,163.81,400.43,0.0,0,178,311.294,1.3679,288.842,0.0118,A
83,hotel2/memcached-rate,122.08,7.45,79.27,0.0,0,3718,518.6735,4.3512,288.842,0.165,A
83,hotel2/memcached-profile,207.33,7.94,79.27,0.0,0,3047,425.0667,7.3852,288.842,0.278,A
83,hotel2/jaeger,0.28,14.6,81.01,0.0,0,0,311.294,1.3679,1.454,0.0,A
83,hotel2/frontend,3457.57,102.57,1119.14,0.0,0,8268,1153.4137,123.1312,288.842,4.81,A
83,hotel2/consul,22.43,27.77,212.87,0.0,0,3009,419.7656,1.3679,288.842,0.0266,A
83,hotel2/geo,586.19,20.65,1119.06,0.0,0,4606,642.5524,20.8786,288.842,0.783,A
83,hotel1/search,1612.21,24.73,1119.06,0.0,0,6028,840.9262,57.3917,288.842,2.14,A
83,hotel1/reservation,1071.19,115.95,1119.06,0.0,0,6284,876.6391,38.2292,288.842,1.55,A
83,hotel1/recommendation,489.54,18.63,1119.06,0.0,0,4823,672.8247,17.4375,288.842,0.665,A
83,hotel1/rate,878.85,25.74,1119.14,0.0,0,5634,785.9619,31.2973,288.842,1.22,A
83,hotel1/profile,1445.9,30.44,1119.06,0.0,0,5640,786.7989,51.4794,288.842,1.99,A
83,hotel1/mongodb-user,9.69,163.6,400.43,0.0,0,176,311.294,1.3679,288.842,0.0118,A
83,hotel1/user,24.69,15.8,1119.06,0.0,0,2089,311.294,1.3679,288.842,0.0266,A
84,hotel2/search,1558.58,25.74,1119.06,0.0,0,6010,859.6816,58.2116,292.5062,2.26,A
84,hotel2/user,18.21,15.67,1119.06,0.0,0,1076,311.294,1.3679,292.5062,0.0288,A
84,hotel2/reservation,1102.66,120.33,1119.06,0.0,0,6733,963.1009,41.2875,292.5062,1.59,A
84,hotel2/mongodb-rate,10.07,164.5,400.43,0.0312,4,254,311.294,1.3679,292.5062,0.0165,A
84,hotel2/rate,865.42,27.29,1119.14,0.0,0,5243,749.9685,32.3359,292.5062,1.34,A
84,hotel2/profile,1454.25,38.25,1119.06,0.0,0,5927,847.8092,54.3295,292.5062,2.18,A
84,hotel2/mongodb-user,10.54,163.82,400.43,0.043,4,165,311.294,1.3679,292.5062,0.0206,A
84,hotel2/mongodb-reservation,3998.4,274.49,400.43,0.0352,4,2994355,428318.1334,149.5494,292.5062,6.58,A
84,hotel2/mongodb-recommendation,10.02,163.55,400.43,0.0234,2,176,311.294,1.3679,292.5062,0.0206,A
84,hotel2/recommendation,469.23,18.38,1119.06,0.0,0,4332,619.6574,17.5362,292.5062,0.684,A
84,hotel2/mongodb-profile,10.53,164.22,400.43,0.0234,2,211,311.294,1.3679,292.5062,0.0165,A
84,hotel2/mongodb-geo,10.21,163.56,400.43,0.0234,2,199,311.294,1.3679,292.5062,0.0165,A
84,hotel2/memcached-rate,143.41,7.46,79.27,0.0,0,2096,311.294,5.3614,292.5062,0.218,A
84,es-stress-d/elasticsearch-dynamic-0,5.7,208336.47,1414.12,0.0234,7,1355,311.294,212.6487,292.5062,0.0041,A
84,es-stress-d2/elasticsearch-dynamic-0,6.26,208343.53,1414.11,0.0195,6,1071,311.294,212.6768,292.5062,0.0124,A
84,es-stress-d3/elasticsearch-dynamic-0,5.53,208352.22,1414.12,0.0195,6,720,311.294,212.6584,292.5062,0.0124,A
84,es-stress-d4/elasticsearch-dynamic-0,5.48,208339.88,1414.11,0.0234,6,829,311.294,212.644,292.5062,0.0041,A
84,es-stress-d5/elasticsearch-dynamic-0,6.9,208381.59,1414.11,0.0039,1,384,311.294,212.7395,292.5062,0.0124,A
84,hotel1/consul,24.27,25.67,212.87,0.0,0,3135,448.4363,1.3679,292.5062,0.0412,A
84,hotel1/frontend,3382.79,96.27,1119.14,0.0,0,6180,883.9987,126.3855,292.5062,7.1,A
84,hotel1/geo,610.8,19.18,1119.06,0.0,0,5255,751.685,22.8221,292.5062,1.14,A
84,hotel1/jaeger,0.37,14.83,81.01,0.0,0,0,311.294,1.3679,1.454,0.0,A
84,hotel1/memcached-profile,227.84,8.02,79.27,0.0,0,3240,463.4557,8.514,292.5062,0.408,A
84,hotel1/memcached-rate,130.37,7.71,79.27,0.0,0,3541,506.5113,4.8749,292.5062,0.239,A
84,hotel1/memcached-reserve,164.73,7.04,79.27,0.0,0,1707,311.294,6.1569,292.5062,0.321,A
84,hotel1/mongodb-geo,9.56,163.83,400.43,0.0,0,304,311.294,1.3679,292.5062,0.0165,A
84,hotel1/mongodb-profile,9.89,164.24,400.43,0.0,0,385,311.294,1.3679,292.5062,0.0165,A
84,hotel2/memcached-reserve,180.92,7.35,79.27,0.0,0,1842,311.294,6.7617,292.5062,0.255,A
84,hotel1/mongodb-recommendation,10.55,163.63,400.43,0.0234,1,311,311.294,1.3679,292.5062,0.0247,A
84,hotel2/memcached-profile,246.06,7.93,79.27,0.0,0,3278,468.8912,9.1941,292.5062,0.363,A
84,hotel2/jaeger,0.32,14.6,81.01,0.0,0,0,311.294,1.3679,1.454,0.0,A
84,hotel2/geo,681.0,20.55,1119.06,0.0,0,4209,602.0632,25.4443,292.5062,1.03,A
84,hotel2/frontend,4199.01,98.87,1119.14,0.0,0,6546,936.3521,156.8595,292.5062,5.67,A
84,hotel1/mongodb-rate,10.54,164.86,400.43,0.0234,1,237,311.294,1.3679,292.5062,0.0165,A
84,hotel1/user,18.65,16.05,1119.06,0.0,0,944,311.294,1.3679,292.5062,0.0371,A
84,hotel2/consul,22.33,27.77,212.87,0.0,0,3073,439.5677,1.3679,292.5062,0.0371,A
84,hotel1/reservation,971.31,116.96,1119.06,0.0,0,4470,639.3972,36.3805,292.5062,1.73,A
84,hotel1/recommendation,440.64,17.87,1119.06,0.0,0,4343,621.2308,16.4683,292.5062,0.82,A
84,hotel1/rate,769.07,27.54,1119.14,0.0,0,4511,645.2619,28.7392,292.5062,1.44,A
84,hotel1/profile,1293.3,30.59,1119.06,0.0,0,7745,1107.8593,48.3131,292.5062,2.4,A
84,hotel1/mongodb-user,10.13,163.6,400.43,0.0234,1,211,311.294,1.3679,292.5062,0.0165,A
84,hotel1/mongodb-reservation,3999.47,271.67,400.43,0.0547,13,3242700,463841.8662,149.5864,292.5062,6.75,A
84,hotel1/search,1431.36,24.09,1119.06,0.0,0,6721,961.3844,53.4605,292.5062,2.6,A
85,hotel2/user,24.94,16.19,1119.06,0.0,0,1468,311.294,1.3679,307.5454,0.0217,A
85,hotel2/search,1739.23,27.06,1119.06,0.0,0,7147,1039.0088,60.8431,307.5454,1.62,A
85,hotel2/mongodb-recommendation,9.54,163.74,400.43,0.0,0,144,311.294,1.3679,307.5454,0.0108,A
85,hotel2/recommendation,547.72,17.99,1119.06,0.0,0,4160,604.768,19.1703,307.5454,0.49,A
85,hotel2/rate,1007.78,30.39,1119.14,0.0,0,4796,697.2277,35.2697,307.5454,0.891,A
85,hotel2/profile,1729.11,37.88,1119.06,0.0,0,5652,821.6703,60.5001,307.5454,1.51,A
85,hotel2/mongodb-user,9.71,163.82,400.43,0.0,0,151,311.294,1.3679,307.5454,0.0108,A
85,hotel2/mongodb-reservation,4004.06,274.57,400.43,0.0039,2,3145127,457228.8691,140.286,307.5454,4.37,A
85,hotel2/reservation,1266.4,121.24,1119.06,0.0,0,5510,801.0268,44.404,307.5454,1.11,A
85,hotel2/mongodb-rate,9.67,164.5,400.43,0.0,0,266,311.294,1.3679,307.5454,0.0108,A
85,hotel2/mongodb-profile,9.49,164.22,400.43,0.0,0,146,311.294,1.3679,307.5454,0.0108,A
85,hotel2/memcached-reserve,218.31,7.1,79.27,0.0,0,1572,311.294,7.6408,307.5454,0.173,A
85,hotel2/mongodb-geo,9.67,163.56,400.43,0.0,0,163,311.294,1.3679,307.5454,0.0081,A
85,es-stress-d/elasticsearch-dynamic-0,7.53,208336.47,1414.12,0.0,0,404,311.294,209.1323,307.5454,0.0027,A
85,es-stress-d2/elasticsearch-dynamic-0,7.64,208343.43,1414.11,0.0039,1,855,311.294,209.1431,307.5454,0.0054,A
85,es-stress-d3/elasticsearch-dynamic-0,7.08,208352.22,1414.12,0.0039,1,1012,311.294,209.1323,307.5454,0.0054,A
85,es-stress-d4/elasticsearch-dynamic-0,8.56,208339.78,1414.11,0.0039,1,846,311.294,209.1716,307.5454,0.0054,A
85,es-stress-d5/elasticsearch-dynamic-0,5.87,208381.59,1414.11,0.0,0,1031,311.294,209.1195,307.5454,0.0054,A
85,hotel1/consul,22.93,25.67,212.87,0.0,0,3073,446.7433,1.3679,307.5454,0.0271,A
85,hotel1/frontend,3435.47,96.15,1119.14,0.0,0,7467,1085.5294,120.2251,307.5454,5.52,A
85,hotel1/jaeger,0.38,14.83,81.01,0.0,0,0,311.294,1.3679,1.454,0.0,A
85,hotel1/memcached-profile,206.78,8.26,79.27,0.0,0,2918,424.2098,7.2388,307.5454,0.317,A
85,hotel1/memcached-rate,131.97,7.45,79.27,0.0,0,3063,445.2895,4.6221,307.5454,0.195,A
85,hotel1/memcached-reserve,155.98,7.27,79.27,0.0,0,2601,378.1254,5.4615,307.5454,0.257,A
85,hotel1/mongodb-geo,10.53,163.8,400.43,0.0234,1,199,311.294,1.3679,307.5454,0.0108,A
85,hotel1/mongodb-profile,10.02,164.06,400.43,0.0234,1,290,311.294,1.3679,307.5454,0.0135,A
85,hotel1/mongodb-rate,9.53,164.62,400.43,0.0,0,282,311.294,1.3679,307.5454,0.0108,A
85,hotel1/geo,614.85,19.74,1119.06,0.0,0,4209,611.8914,21.5194,307.5454,0.867,A
85,hotel1/mongodb-reservation,3994.12,271.62,400.43,0.0117,6,3055032,444131.1357,139.9355,307.5454,4.44,A
85,hotel1/mongodb-recommendation,9.36,163.82,400.43,0.0,0,192,311.294,1.3679,307.5454,0.0108,A
85,hotel2/memcached-profile,290.3,7.68,79.27,0.0,0,2752,400.0773,10.1587,307.5454,0.246,A
85,hotel2/jaeger,0.26,14.6,81.01,0.0,0,0,311.294,1.3679,1.454,0.0,A
85,hotel2/geo,769.84,21.2,1119.06,0.0,0,4249,617.7065,26.9404,307.5454,0.712,A
85,hotel2/frontend,4831.61,102.34,1119.14,0.0,0,6309,917.183,169.0504,307.5454,4.21,A
85,hotel2/consul,23.37,27.77,212.87,0.0,0,2751,399.9319,1.3679,307.5454,0.0244,A
85,hotel1/user,17.0,16.06,1119.06,0.0,0,1175,311.294,1.3679,307.5454,0.0325,A
85,hotel2/memcached-rate,160.39,7.46,79.27,0.0,0,4472,650.1256,5.6159,307.5454,0.141,A
85,hotel1/reservation,904.68,117.48,1119.06,0.0,0,5744,835.045,31.7519,307.5454,1.4,A
85,hotel1/recommendation,414.33,17.28,1119.06,0.0,0,3966,576.5649,14.5053,307.5454,0.612,A
85,hotel1/rate,755.83,25.77,1119.14,0.0,0,5384,782.7093,26.4551,307.5454,1.14,A
85,hotel1/profile,1162.36,27.87,1119.06,0.0,0,7165,1041.6256,40.6724,307.5454,1.79,A
85,hotel1/mongodb-user,9.7,163.6,400.43,0.0,0,169,311.294,1.3679,307.5454,0.0108,A
85,hotel1/search,1391.52,24.47,1119.06,0.0,0,7139,1037.8458,48.6821,307.5454,2.0,A
86,hotel2/user,22.61,16.43,1119.06,0.0,0,1138,311.294,1.3679,301.799,0.0236,A
86,hotel2/search,1548.99,25.99,1119.06,0.0,0,5408,791.0543,58.5802,301.799,1.73,A
86,hotel2/rate,866.46,26.0,1119.14,0.0,0,5265,770.137,32.7803,301.799,0.976,A
86,hotel2/recommendation,472.23,17.9,1119.06,0.0,0,4231,618.8888,17.8696,301.799,0.522,A
86,hotel2/profile,1486.19,38.46,1119.06,0.0,0,5175,756.9723,56.2196,301.799,1.58,A
86,hotel2/mongodb-user,11.53,163.82,400.43,0.0234,2,121,311.294,1.3679,301.799,0.0118,A
86,hotel2/mongodb-reservation,3998.52,274.65,400.43,0.0391,4,3069930,449053.5174,151.4387,301.799,4.72,A
86,hotel2/mongodb-recommendation,10.21,163.56,400.43,0.0234,2,151,311.294,1.3679,301.799,0.0118,A
86,hotel2/reservation,1105.29,121.02,1119.06,0.0,0,5211,762.2382,41.9095,301.799,1.22,A
86,hotel2/mongodb-rate,10.75,164.68,400.43,0.0234,2,309,311.294,1.3679,301.799,0.0118,A
86,hotel2/mongodb-profile,11.23,164.41,400.43,0.0234,2,246,311.294,1.3679,301.799,0.0118,A
86,hotel2/mongodb-geo,10.44,163.56,400.43,0.0234,2,175,311.294,1.3679,301.799,0.0118,A
86,hotel2/memcached-reserve,186.96,7.08,79.27,0.0,0,2042,311.294,7.0747,301.799,0.189,A
86,es-stress-d/elasticsearch-dynamic-0,7.73,208336.37,1414.12,0.0039,1,679,311.294,222.5903,301.799,0.0059,A
86,es-stress-d2/elasticsearch-dynamic-0,7.21,208343.43,1414.11,0.0,0,819,311.294,222.5781,301.799,0.0118,A
86,es-stress-d3/elasticsearch-dynamic-0,7.74,208352.13,1414.12,0.0,0,459,311.294,222.6075,301.799,0.0088,A
86,es-stress-d4/elasticsearch-dynamic-0,5.28,208339.79,1414.11,0.0,0,1592,311.294,222.5013,301.799,0.0088,A
86,es-stress-d5/elasticsearch-dynamic-0,11.09,208381.55,1414.11,0.0039,1,263,311.294,222.7655,301.799,0.0088,A
86,hotel1/consul,23.25,25.67,212.87,0.0,0,3322,485.925,1.3679,301.799,0.0295,A
86,hotel1/frontend,4164.51,93.79,1119.14,0.0,0,5777,845.0297,157.5203,301.799,5.64,A
86,hotel1/geo,647.3,19.03,1119.06,0.0,0,4105,600.4582,24.4885,301.799,0.881,A
86,hotel1/memcached-profile,235.56,7.78,79.27,0.0,0,2320,339.3576,8.9126,301.799,0.301,A
86,hotel1/memcached-rate,141.19,7.45,79.27,0.0,0,3441,503.3317,5.345,301.799,0.183,A
86,hotel1/memcached-reserve,174.0,7.02,79.27,0.0,0,1743,311.294,6.5848,301.799,0.251,A
86,hotel1/mongodb-geo,10.06,163.83,400.43,0.0,0,293,311.294,1.3679,301.799,0.0118,A
86,hotel1/mongodb-profile,9.32,164.24,400.43,0.0,0,3329,486.9489,1.3679,301.799,0.0147,A
86,hotel1/mongodb-rate,10.79,164.61,400.43,0.0234,1,330,311.294,1.3679,301.799,0.0118,A
86,hotel1/jaeger,0.33,14.83,81.01,0.0,0,0,311.294,1.3679,1.454,0.0,A
86,hotel1/mongodb-reservation,4004.54,271.15,400.43,0.0625,13,3063935,448176.5998,151.6626,301.799,4.83,A
86,hotel1/mongodb-recommendation,11.33,163.63,400.43,0.0234,1,1496,311.294,1.3679,301.799,0.0118,A
86,hotel2/memcached-profile,251.88,7.69,79.27,0.0,0,2966,433.8512,9.5294,301.799,0.268,A
86,hotel2/jaeger,0.29,14.6,81.01,0.0,0,0,311.294,1.3679,1.454,0.0,A
86,hotel2/geo,709.71,21.94,1119.06,0.0,0,5119,748.7809,26.8507,301.799,0.784,A
86,hotel2/frontend,3982.36,100.71,1119.14,0.0,0,6589,963.8049,150.6423,301.799,4.05,A
86,hotel2/consul,23.19,27.78,212.87,0.0,0,2536,370.953,1.3679,301.799,0.0265,A
86,hotel1/user,22.65,16.05,1119.06,0.0,0,1224,311.294,1.3679,301.799,0.0324,A
86,hotel2/memcached-rate,136.52,7.45,79.27,0.0,0,3514,514.0098,5.1685,301.799,0.156,A
86,hotel1/reservation,986.78,116.39,1119.06,0.0,0,5081,743.2225,37.4249,301.799,1.4,A
86,hotel1/recommendation,479.62,17.8,1119.06,0.0,0,5221,763.7009,18.1488,301.799,0.619,A
86,hotel1/rate,840.02,26.05,1119.14,0.0,0,5187,758.7276,31.7809,301.799,1.11,A
86,hotel1/profile,1324.67,29.14,1119.06,0.0,0,5290,773.7939,50.1042,301.799,1.79,A
86,hotel1/mongodb-user,10.75,163.6,400.43,0.0234,1,309,311.294,1.3679,301.799,0.0118,A
86,hotel1/search,1510.52,25.41,1119.06,0.0,0,5732,838.4474,57.1254,301.799,2.01,A
87,hotel2/user,22.01,15.68,1119.06,0.0,0,1521,311.294,1.3679,303.075,0.0222,A
87,hotel2/search,1553.08,27.66,1119.06,0.0,0,6564,960.4133,51.4455,303.075,1.74,A
87,hotel2/rate,864.45,27.47,1119.14,0.0,0,5263,770.0572,28.6463,303.075,0.961,A
87,hotel2/recommendation,474.92,18.98,1119.06,0.0,0,4361,638.0808,15.7417,303.075,0.533,A
87,hotel2/profile,1532.95,36.45,1119.06,0.0,0,5867,858.4316,50.7875,303.075,1.69,A
87,hotel2/mongodb-user,9.41,163.63,400.43,0.0,0,146,311.294,1.3679,303.075,0.0127,A
87,hotel2/mongodb-reservation,4001.72,274.45,400.43,0.0039,2,3196492,467695.5498,132.7512,303.075,5.07,A
87,hotel2/mongodb-recommendation,9.57,163.74,400.43,0.0,0,169,311.294,1.3679,303.075,0.0127,A
87,hotel2/reservation,1144.93,120.31,1119.06,0.0,0,5241,766.8383,38.0215,303.075,1.19,A
87,hotel2/mongodb-rate,10.08,164.5,400.43,0.0,0,219,311.294,1.3679,303.075,0.0159,A
87,hotel2/mongodb-profile,9.93,164.22,400.43,0.0,0,140,311.294,1.3679,303.075,0.0127,A
87,hotel2/mongodb-geo,9.82,163.56,400.43,0.0,0,165,311.294,1.3679,303.075,0.0159,A
87,hotel2/memcached-reserve,186.96,7.1,79.27,0.0,0,1474,311.294,6.1966,303.075,0.203,A
87,es-stress-d2/elasticsearch-dynamic-0,7.1,208343.43,1414.11,0.0039,1,508,311.294,200.084,303.075,0.0095,A
87,es-stress-d3/elasticsearch-dynamic-0,6.76,208352.14,1414.12,0.0039,1,552,311.294,200.0811,303.075,0.0063,A
87,es-stress-d4/elasticsearch-dynamic-0,6.13,208339.79,1414.11,0.0078,2,856,311.294,200.0484,303.075,0.0032,A
87,es-stress-d5/elasticsearch-dynamic-0,5.7,208381.55,1414.11,0.0,0,868,311.294,200.0742,303.075,0.0063,A
87,hotel1/consul,24.51,25.67,212.87,0.0,0,3555,520.1507,1.3679,303.075,0.0285,A
87,hotel1/frontend,4160.7,95.39,1119.14,0.0,0,7019,1026.9868,137.8429,303.075,4.79,A
87,hotel1/geo,695.95,19.88,1119.06,0.0,0,5025,735.2342,23.0604,303.075,0.831,A
87,hotel1/jaeger,0.37,14.83,81.01,0.0,0,0,311.294,1.3679,1.454,0.0,A
87,hotel1/memcached-profile,233.54,7.52,79.27,0.0,0,3854,563.899,7.7392,303.075,0.298,A
87,hotel1/memcached-rate,155.74,7.46,79.27,0.0,0,4316,631.4967,5.1634,303.075,0.174,A
87,hotel1/memcached-reserve,190.52,7.03,79.27,0.0,0,2637,385.8333,6.3144,303.075,0.232,A
87,hotel1/mongodb-geo,10.8,163.8,400.43,0.0234,1,200,311.294,1.3679,303.075,0.0159,A
87,hotel1/mongodb-profile,10.27,164.21,400.43,0.0234,1,251,311.294,1.3679,303.075,0.0159,A
87,hotel1/mongodb-rate,9.88,164.86,400.43,0.0,0,258,311.294,1.3679,303.075,0.0127,A
87,es-stress-d/elasticsearch-dynamic-0,7.66,208336.38,1414.12,0.0,0,750,311.294,200.0958,303.075,0.0159,A
87,hotel1/mongodb-reservation,3998.44,271.0,400.43,0.0195,10,2993860,438047.3965,132.6393,303.075,5.2,A
87,hotel2/memcached-rate,137.99,7.46,79.27,0.0,0,5062,740.6478,4.5757,303.075,0.159,A
87,hotel2/memcached-profile,250.17,7.68,79.27,0.0,0,2880,421.3879,8.2899,303.075,0.279,A
87,hotel2/jaeger,0.33,14.6,81.01,0.0,0,0,311.294,1.3679,1.454,0.0,A
87,hotel2/geo,672.98,20.55,1119.06,0.0,0,3937,576.0432,22.3006,303.075,0.764,A
87,hotel1/mongodb-recommendation,9.38,163.82,400.43,0.0,0,169,311.294,1.3679,303.075,0.0095,A
87,hotel2/consul,23.11,27.78,212.87,0.0,0,3472,508.0066,1.3679,303.075,0.0285,A
87,hotel2/frontend,4408.1,101.68,1119.14,0.0,0,6029,882.1347,146.0398,303.075,4.73,A
87,hotel1/search,1564.75,23.73,1119.06,0.0,0,8089,1183.5441,51.8281,303.075,1.92,A
87,hotel1/reservation,1051.4,116.96,1119.06,0.0,0,6326,925.5903,34.9217,303.075,1.28,A
87,hotel1/recommendation,479.64,18.7,1119.06,0.0,0,3558,520.5897,15.8977,303.075,0.587,A
87,hotel1/rate,881.31,25.99,1119.14,0.0,0,4280,626.2293,29.2031,303.075,1.03,A
87,hotel1/profile,1401.44,29.01,1119.06,0.0,0,6049,885.061,46.4263,303.075,1.73,A
87,hotel1/mongodb-user,9.81,163.6,400.43,0.0,0,171,311.294,1.3679,303.075,0.0159,A
87,hotel1/user,26.04,16.07,1119.06,0.0,0,1423,311.294,1.3679,303.075,0.0317,A
88,hotel2/user,23.11,15.68,1119.06,0.0,0,1070,311.294,1.3679,320.446,0.0195,A
88,hotel2/mongodb-reservation,3998.79,274.52,400.43,0.043,4,3126034,457170.3189,141.3074,320.446,4.46,A
88,hotel2/reservation,1172.05,120.83,1119.06,0.0,0,5450,797.0413,41.46,320.446,1.3,A
88,hotel2/recommendation,501.34,18.58,1119.06,0.0,0,4375,639.8267,17.6994,320.446,0.541,A
88,hotel2/rate,941.82,26.43,1119.14,0.0,0,4662,681.7994,33.2413,320.446,1.01,A
88,hotel2/profile,1552.94,34.95,1119.06,0.0,0,5827,852.1761,54.8015,320.446,1.7,A
88,hotel2/mongodb-user,10.6,163.82,400.43,0.0234,2,143,311.294,1.3679,320.446,0.0111,A
88,hotel2/search,1604.66,25.18,1119.06,0.0,0,5905,863.5833,56.6151,320.446,1.79,A
88,hotel2/mongodb-recommendation,9.9,163.56,400.43,0.0234,2,194,311.294,1.3679,320.446,0.0111,A
88,hotel2/mongodb-rate,10.4,164.5,400.43,0.0234,2,162,311.294,1.3679,320.446,0.0111,A
88,hotel2/mongodb-profile,10.67,164.41,400.43,0.0234,2,128,311.294,1.3679,320.446,0.0111,A
88,es-stress-d/elasticsearch-dynamic-0,5.84,208336.38,1414.12,0.0039,1,748,311.294,220.0781,320.446,0.0028,A
88,es-stress-d2/elasticsearch-dynamic-0,6.16,208343.43,1414.11,0.0,0,744,311.294,220.0968,320.446,0.0056,A
88,es-stress-d3/elasticsearch-dynamic-0,5.7,208352.14,1414.12,0.0,0,1355,311.294,220.0898,320.446,0.0028,A
88,es-stress-d4/elasticsearch-dynamic-0,5.33,208339.79,1414.11,0.0,0,1100,311.294,220.0637,320.446,0.0028,A
88,es-stress-d5/elasticsearch-dynamic-0,7.11,208381.55,1414.11,0.0039,1,720,311.294,220.1706,320.446,0.0111,A
88,hotel1/consul,23.77,25.67,212.87,0.0,0,2613,382.1411,1.3679,320.446,0.0307,A
88,hotel1/frontend,4525.25,99.28,1119.14,0.0,0,6632,969.9042,159.6882,320.446,4.06,A
88,hotel1/geo,718.21,20.03,1119.06,0.0,0,4414,645.5303,25.3489,320.446,0.719,A
88,hotel1/jaeger,0.35,14.83,81.01,0.0,0,0,311.294,1.3679,1.454,0.0,A
88,hotel1/memcached-profile,253.41,7.77,79.27,0.0,0,2344,342.8009,8.9447,320.446,0.262,A
88,hotel1/memcached-rate,156.59,7.46,79.27,0.0,0,4565,667.6135,5.53,320.446,0.156,A
88,hotel1/memcached-reserve,205.32,7.03,79.27,0.0,0,1723,311.294,7.248,320.446,0.195,A
88,hotel1/mongodb-geo,9.28,163.83,400.43,0.0,0,335,311.294,1.3679,320.446,0.0111,A
88,hotel1/mongodb-profile,10.24,164.24,400.43,0.0,0,425,311.294,1.3679,320.446,0.0111,A
88,hotel1/mongodb-rate,10.44,164.68,400.43,0.0234,1,466,311.294,1.3679,320.446,0.0084,A
88,hotel1/mongodb-recommendation,10.98,163.82,400.43,0.0234,1,122,311.294,1.3679,320.446,0.0111,A
88,hotel2/mongodb-geo,10.22,163.75,400.43,0.0234,2,193,311.294,1.3679,320.446,0.0111,A
88,hotel1/mongodb-user,10.36,163.79,400.43,0.0234,1,157,311.294,1.3679,320.446,0.0111,A
88,hotel1/mongodb-reservation,4002.43,271.19,400.43,0.0508,9,3076953,449992.4134,141.4323,320.446,4.57,A
88,hotel2/memcached-reserve,199.89,7.09,79.27,0.0,0,2139,312.8204,7.0566,320.446,0.217,A
88,hotel2/memcached-rate,148.78,7.7,79.27,0.0,0,2834,414.4615,5.2549,320.446,0.167,A
88,hotel2/memcached-profile,265.68,7.67,79.27,0.0,0,2971,434.4972,9.3773,320.446,0.281,A
88,hotel2/geo,710.9,20.37,1119.06,0.0,0,4381,640.7042,25.0915,320.446,0.794,A
88,hotel2/frontend,4432.83,99.08,1119.14,0.0,0,6154,899.9986,156.4288,320.446,4.82,A
88,hotel2/jaeger,0.28,14.6,81.01,0.0,0,0,311.294,1.3679,1.454,0.0,A
88,hotel1/user,26.97,16.36,1119.06,0.0,0,2004,311.294,1.3679,320.446,0.0251,A
88,hotel1/search,1637.14,27.29,1119.06,0.0,0,5834,853.1998,57.7627,320.446,1.68,A
88,hotel1/reservation,1108.73,119.22,1119.06,0.0,0,4591,671.4159,39.2253,320.446,1.1,A
88,hotel1/recommendation,504.71,18.39,1119.06,0.0,0,4275,625.2021,17.8181,320.446,0.51,A
88,hotel1/rate,906.2,25.35,1119.14,0.0,0,6773,990.5249,31.984,320.446,0.9,A
88,hotel1/profile,1488.92,31.31,1119.06,0.0,0,6007,878.5004,52.54,320.446,1.51,A
88,hotel2/consul,22.76,27.78,212.87,0.0,0,2736,400.1294,1.3679,320.446,0.0251,A
89,hotel2/user,23.97,15.83,1119.06,0.0,0,1821,311.294,1.3679,304.1567,0.0365,A
89,hotel2/search,1504.75,27.05,1119.06,0.0,0,7505,1052.1567,53.6704,304.1567,2.62,A
89,hotel2/mongodb-recommendation,9.59,163.55,400.43,0.0,0,138,311.294,1.3679,304.1567,0.0146,A
89,hotel2/recommendation,468.18,18.77,1119.06,0.0,0,4083,572.4125,16.7093,304.1567,0.813,A
89,hotel2/rate,872.84,26.58,1119.14,0.0,0,5188,727.327,31.143,304.1567,1.47,A
89,hotel2/profile,1409.95,36.92,1119.06,0.0,0,5169,724.6633,50.301,304.1567,2.62,A
89,hotel2/mongodb-user,9.64,163.63,400.43,0.0,0,114,311.294,1.3679,304.1567,0.0109,A
89,hotel2/mongodb-reservation,4002.89,274.61,400.43,0.0156,8,3495786,490088.5466,142.98,304.1567,5.84,A
89,hotel2/reservation,1080.78,121.06,1119.06,0.0,0,4568,640.4066,38.6527,304.1567,1.99,A
89,hotel2/mongodb-rate,9.91,164.68,400.43,0.0,0,146,311.294,1.3679,304.1567,0.0146,A
89,hotel2/mongodb-geo,9.4,163.56,400.43,0.0,0,179,311.294,1.3679,304.1567,0.0146,A
89,hotel1/user,22.62,15.85,1119.06,0.0,0,1063,311.294,1.3679,304.1567,0.0292,A
89,hotel2/memcached-reserve,187.34,7.09,79.27,0.0,0,2064,311.294,6.6857,304.1567,0.332,A
89,es-stress-d/elasticsearch-dynamic-0,7.79,208336.38,1414.12,0.0,0,784,311.294,213.8459,304.1567,0.0109,A
89,es-stress-d2/elasticsearch-dynamic-0,8.14,208343.43,1414.11,0.0039,1,703,311.294,213.8657,304.1567,0.0182,A
89,es-stress-d3/elasticsearch-dynamic-0,7.65,208352.14,1414.12,0.0039,1,914,311.294,213.8571,304.1567,0.0073,A
89,es-stress-d4/elasticsearch-dynamic-0,7.37,208339.79,1414.11,0.0039,1,900,311.294,213.8345,304.1567,0.0146,A
89,es-stress-d5/elasticsearch-dynamic-0,5.63,208381.55,1414.11,0.0273,6,522,311.294,213.8153,304.1567,0.0109,A
89,hotel1/consul,23.91,25.67,212.87,0.0,0,2853,399.9737,1.3679,304.1567,0.0328,A
89,hotel1/frontend,4432.37,97.05,1119.14,0.0,0,5965,836.2578,158.1085,304.1567,4.9,A
89,hotel1/geo,699.17,18.88,1119.06,0.0,0,4016,563.0195,24.944,304.1567,0.882,A
89,hotel2/mongodb-profile,9.51,164.22,400.43,0.0,0,216,311.294,1.3679,304.1567,0.0109,A
89,hotel1/memcached-profile,234.84,7.53,79.27,0.0,0,3347,469.2296,8.3795,304.1567,0.295,A
89,hotel1/memcached-rate,148.91,7.7,79.27,0.0,0,3590,503.2968,5.3164,304.1567,0.19,A
89,hotel1/memcached-reserve,186.09,7.02,79.27,0.0,0,1896,311.294,6.6411,304.1567,0.233,A
89,hotel1/mongodb-geo,10.36,163.8,400.43,0.0234,1,257,311.294,1.3679,304.1567,0.0146,A
89,hotel1/mongodb-profile,10.32,164.05,400.43,0.0234,1,265,311.294,1.3679,304.1567,0.0146,A
89,hotel1/mongodb-rate,9.13,164.43,400.43,0.0,0,238,311.294,1.3679,304.1567,0.0146,A
89,hotel1/jaeger,0.32,14.83,81.01,0.0,0,0,311.294,1.3679,1.454,0.0036,A
89,hotel1/mongodb-reservation,4001.53,271.23,400.43,0.0156,6,2899645,406513.1,142.9281,304.1567,5.98,A
89,hotel1/mongodb-recommendation,9.39,163.63,400.43,0.0,0,234,311.294,1.3679,304.1567,0.0146,A
89,hotel2/memcached-rate,134.61,7.45,79.27,0.0,0,4332,607.3208,4.8063,304.1567,0.244,A
89,hotel2/memcached-profile,248.16,8.18,79.27,0.0,0,2490,349.0833,8.855,304.1567,0.445,A
89,hotel2/jaeger,0.29,14.6,81.01,0.0,0,0,311.294,1.3679,1.454,0.0,A
89,hotel2/geo,682.62,21.22,1119.06,0.0,0,5894,826.304,24.3564,304.1567,1.16,A
89,hotel2/consul,22.7,27.78,212.87,0.0,0,3281,459.9768,1.3679,304.1567,0.0328,A
89,hotel2/frontend,4064.07,99.19,1119.14,0.0,0,8655,1213.3799,144.9812,304.1567,7.26,A
89,hotel1/search,1607.31,25.59,1119.06,0.0,0,5941,832.8931,57.325,304.1567,1.99,A
89,hotel1/reservation,1052.68,116.56,1119.06,0.0,0,5066,710.2233,37.6463,304.1567,1.28,A
89,hotel1/recommendation,507.04,18.62,1119.06,0.0,0,4989,699.4283,18.0945,304.1567,0.598,A
89,hotel1/rate,881.94,26.07,1119.14,0.0,0,4782,670.4082,31.4669,304.1567,1.08,A
89,hotel1/profile,1407.88,31.44,1119.06,0.0,0,6278,880.1385,50.2216,304.1567,1.63,A
89,hotel1/mongodb-user,10.0,163.6,400.43,0.0,0,163,311.294,1.3679,304.1567,0.0109,A
90,hotel2/user,22.85,15.84,1119.06,0.0,0,998,311.294,1.3679,305.3812,0.0294,A
90,hotel2/search,1465.45,26.04,1119.06,0.0,0,5263,768.3231,50.2322,305.3812,1.81,A
90,hotel2/mongodb-recommendation,11.98,163.74,400.43,0.0234,2,215,311.294,1.3679,305.3812,0.0117,A
90,hotel2/recommendation,445.97,18.76,1119.06,0.0,0,3990,582.4832,15.2974,305.3812,0.549,A
90,hotel2/rate,818.03,25.74,1119.14,0.0,0,5240,764.9654,28.0511,305.3812,1.03,A
90,hotel2/profile,1415.36,37.93,1119.06,0.0,0,5952,868.9073,48.5278,305.3812,1.74,A
90,hotel2/mongodb-user,10.48,163.63,400.43,0.0234,2,129,311.294,1.3679,305.3812,0.0147,A
90,hotel2/mongodb-reservation,4001.85,275.11,400.43,0.0391,2,3100579,452640.4036,137.3744,305.3812,4.71,A
90,hotel2/reservation,1061.22,122.65,1119.06,0.0,0,5931,865.8416,36.4781,305.3812,1.22,A
90,hotel2/mongodb-rate,10.31,164.68,400.43,0.0234,2,148,311.294,1.3679,305.3812,0.0117,A
90,hotel2/mongodb-profile,10.63,164.41,400.43,0.0234,2,161,311.294,1.3679,305.3812,0.0117,A
90,hotel2/mongodb-geo,10.33,163.75,400.43,0.0234,2,271,311.294,1.3679,305.3812,0.0117,A
90,hotel2/memcached-reserve,164.44,7.83,79.27,0.0,0,1810,311.294,5.6414,305.3812,0.214,A
90,es-stress-d2/elasticsearch-dynamic-0,5.98,208343.43,1414.11,0.0195,8,566,311.294,204.8222,305.3812,0.0029,A
90,es-stress-d3/elasticsearch-dynamic-0,5.79,208352.14,1414.12,0.0195,8,788,311.294,204.8242,305.3812,0.0059,A
90,es-stress-d4/elasticsearch-dynamic-0,5.25,208339.79,1414.11,0.0195,8,820,311.294,204.7936,305.3812,0.0059,A
90,es-stress-d5/elasticsearch-dynamic-0,8.3,208381.55,1414.11,0.0039,1,420,311.294,204.9391,305.3812,0.0059,A
90,hotel1/consul,23.65,26.17,212.87,0.0,0,3027,441.8989,1.3679,305.3812,0.0294,A
90,hotel1/frontend,4547.16,96.95,1119.14,0.0,0,8863,1293.8719,155.8818,305.3812,5.08,A
90,hotel1/geo,696.85,19.31,1119.06,0.0,0,4736,691.3886,23.8932,305.3812,0.754,A
90,hotel1/jaeger,0.32,14.83,81.01,0.0,0,0,311.294,1.3679,1.454,0.0,A
90,hotel1/memcached-profile,236.23,7.52,79.27,0.0,0,2710,395.6214,8.1007,305.3812,0.276,A
90,hotel1/memcached-rate,155.61,7.45,79.27,0.0,0,2738,399.709,5.3385,305.3812,0.167,A
90,hotel1/memcached-reserve,200.04,7.02,79.27,0.0,0,1382,311.294,6.8603,305.3812,0.203,A
90,hotel1/mongodb-geo,9.5,163.83,400.43,0.0,0,282,311.294,1.3679,305.3812,0.0117,A
90,hotel1/mongodb-profile,9.76,164.05,400.43,0.0,0,121,311.294,1.3679,305.3812,0.0117,A
90,hotel1/mongodb-rate,10.41,164.86,400.43,0.0234,1,467,311.294,1.3679,305.3812,0.0117,A
90,es-stress-d/elasticsearch-dynamic-0,5.74,208336.38,1414.12,0.0234,9,1153,311.294,204.807,305.3812,0.0088,A
90,hotel1/mongodb-reservation,3997.11,270.91,400.43,0.043,3,3059565,446652.9433,137.2078,305.3812,4.82,A
90,hotel2/memcached-rate,122.6,7.45,79.27,0.0,0,2560,373.7236,4.2076,305.3812,0.158,A
90,hotel2/memcached-profile,227.39,7.67,79.27,0.0,0,3656,533.724,7.798,305.3812,0.282,A
90,hotel2/jaeger,0.3,14.6,81.01,0.0,0,0,311.294,1.3679,1.454,0.0029,A
90,hotel2/geo,650.13,20.96,1119.06,0.0,0,4046,590.6584,22.2942,305.3812,0.825,A
90,hotel1/mongodb-recommendation,10.65,163.63,400.43,0.0234,1,185,311.294,1.3679,305.3812,0.0176,A
90,hotel2/consul,21.87,27.78,212.87,0.0,0,2528,369.052,1.3679,305.3812,0.0264,A
90,hotel2/frontend,3932.57,99.53,1119.14,0.0,0,8120,1185.4044,134.8284,305.3812,4.74,A
90,hotel1/search,1613.73,24.31,1119.06,0.0,0,5616,819.8561,55.3106,305.3812,1.74,A
90,hotel1/reservation,1108.09,117.96,1119.06,0.0,0,4443,648.6148,38.0792,305.3812,1.14,A
90,hotel1/recommendation,499.42,18.57,1119.06,0.0,0,4037,589.3445,17.1285,305.3812,0.564,A
90,hotel1/rate,898.39,26.95,1119.14,0.0,0,5791,845.4036,30.8055,305.3812,0.972,A
90,hotel1/profile,1461.73,29.26,1119.06,0.0,0,5826,850.5131,50.1079,305.3812,1.57,A
90,hotel1/mongodb-user,10.46,163.6,400.43,0.0234,1,205,311.294,1.3679,305.3812,0.0117,A
90,hotel1/user,26.25,15.86,1119.06,0.0,0,1105,311.294,1.3679,305.3812,0.0264,A
91,hotel2/user,15.73,15.84,1119.06,0.0,0,1320,311.294,1.3679,287.9009,0.0254,A
91,hotel2/mongodb-reservation,3995.47,275.17,400.43,0.0039,2,3289617,457210.7161,140.2466,287.9009,4.07,A
91,hotel2/reservation,852.52,121.62,1119.06,0.0,0,4722,656.2919,29.9842,287.9009,1.3,A
91,hotel2/recommendation,382.75,19.84,1119.06,0.0,0,3496,485.8951,13.4289,287.9009,0.51,A
91,hotel2/rate,732.98,25.96,1119.14,0.0,0,5197,722.3103,25.7054,287.9009,0.91,A
91,hotel2/profile,1120.76,36.71,1119.06,0.0,0,5572,774.43,39.3019,287.9009,1.62,A
91,hotel2/mongodb-user,9.51,163.63,400.43,0.0,0,176,311.294,1.3679,287.9009,0.0127,A
91,hotel2/search,1285.33,27.55,1119.06,0.0,0,5759,800.4204,45.0592,287.9009,1.65,A
91,hotel2/mongodb-recommendation,9.45,163.74,400.43,0.0,0,195,311.294,1.3679,287.9009,0.0101,A
91,hotel2/mongodb-rate,9.36,164.5,400.43,0.0,0,127,311.294,1.3679,287.9009,0.0101,A
91,hotel2/mongodb-profile,9.49,164.22,400.43,0.0,0,176,311.294,1.3679,287.9009,0.0101,A
91,es-stress-d/elasticsearch-dynamic-0,7.05,208336.38,1414.12,0.0,0,864,311.294,197.4721,287.9009,0.0076,A
91,hotel2/mongodb-geo,9.41,163.56,400.43,0.0,0,173,311.294,1.3679,287.9009,0.0101,A
91,es-stress-d2/elasticsearch-dynamic-0,7.36,208343.43,1414.11,0.0039,1,859,311.294,197.4897,287.9009,0.0101,A
91,es-stress-d3/elasticsearch-dynamic-0,6.86,208352.14,1414.12,0.0039,1,555,311.294,197.4804,287.9009,0.0076,A
91,es-stress-d4/elasticsearch-dynamic-0,8.14,208339.79,1414.11,0.0039,1,1005,311.294,197.5135,287.9009,0.0101,A
91,es-stress-d5/elasticsearch-dynamic-0,5.7,208381.55,1414.11,0.0,0,856,311.294,197.4676,287.9009,0.0025,A
91,hotel1/consul,23.31,26.17,212.87,0.0,0,3206,445.5891,1.3679,287.9009,0.0254,A
91,hotel1/frontend,4547.82,94.7,1119.14,0.0,0,5960,828.3566,159.428,287.9009,4.78,A
91,hotel1/geo,718.94,19.9,1119.06,0.0,0,6259,869.9134,25.2078,287.9009,0.786,A
91,hotel1/memcached-profile,255.44,7.52,79.27,0.0,0,2884,400.8356,8.9568,287.9009,0.264,A
91,hotel1/memcached-rate,157.79,7.45,79.27,0.0,0,3349,465.4641,5.5354,287.9009,0.185,A
91,hotel1/memcached-reserve,199.54,7.03,79.27,0.0,0,2417,335.9292,6.9978,287.9009,0.223,A
91,hotel1/mongodb-geo,10.51,163.8,400.43,0.0273,1,268,311.294,1.3679,287.9009,0.0127,A
91,hotel1/mongodb-profile,10.47,164.06,400.43,0.0273,1,227,311.294,1.3679,287.9009,0.0127,A
91,hotel1/mongodb-rate,9.24,164.86,400.43,0.0,0,215,311.294,1.3679,287.9009,0.0101,A
91,hotel1/mongodb-recommendation,9.16,163.63,400.43,0.0,0,230,311.294,1.3679,287.9009,0.0127,A
91,hotel1/jaeger,0.33,14.83,81.01,0.0,0,0,311.294,1.3679,1.454,0.0,A
91,hotel1/mongodb-user,9.51,163.61,400.43,0.0,0,205,311.294,1.3679,287.9009,0.0101,A
91,hotel1/mongodb-reservation,4000.88,270.77,400.43,0.0117,6,3143470,436898.3288,140.432,287.9009,4.16,A
91,hotel2/memcached-rate,113.9,7.46,79.27,0.0,0,4566,634.6101,3.9977,287.9009,0.15,A
91,hotel2/memcached-profile,187.23,8.18,79.27,0.0,0,2777,385.9641,6.5676,287.9009,0.269,A
91,hotel2/jaeger,0.3,14.6,81.01,0.0,0,0,311.294,1.3679,1.454,0.0025,A
91,hotel2/geo,568.61,20.3,1119.06,0.0,0,4895,680.3365,19.9412,287.9009,0.715,A
91,hotel2/frontend,3059.13,101.63,1119.14,0.0,0,6287,873.805,107.2765,287.9009,4.74,A
91,hotel2/consul,25.34,25.75,212.87,0.0,0,3056,424.7412,1.3679,287.9009,0.0254,A
91,hotel2/memcached-reserve,140.26,7.08,79.27,0.0,0,1322,311.294,4.9209,287.9009,0.193,A
91,hotel1/search,1663.66,26.82,1119.06,0.0,0,6103,848.2316,58.3137,287.9009,1.77,A
91,hotel1/reservation,1146.95,119.61,1119.06,0.0,0,5766,801.3933,40.298,287.9009,1.21,A
91,hotel1/recommendation,506.55,18.49,1119.06,0.0,0,3779,525.2281,17.7651,287.9009,0.545,A
91,hotel1/rate,909.28,26.58,1119.14,0.0,0,6092,846.7027,31.8829,287.9009,0.986,A
91,hotel1/profile,1463.23,27.72,1119.06,0.0,0,6997,972.4851,51.2923,287.9009,1.64,A
91,hotel1/user,24.47,16.11,1119.06,0.0,0,1451,311.294,1.3679,287.9009,0.0279,A
92,hotel2/user,19.13,16.08,1119.06,0.0,0,1424,311.294,1.3679,295.3507,0.0244,A
92,hotel2/search,1417.76,26.95,1119.06,0.0,0,5883,847.1115,50.2047,295.3507,1.94,A
92,hotel2/rate,784.48,26.44,1119.14,0.0,0,5561,800.7457,27.7906,295.3507,1.14,A
92,hotel2/recommendation,424.71,18.38,1119.06,0.0,0,3637,523.703,15.0495,295.3507,0.639,A
92,hotel2/profile,1290.6,37.95,1119.06,0.0,0,5657,814.5691,45.7148,295.3507,1.84,A
92,hotel2/mongodb-user,10.9,163.83,400.43,0.0781,18,201,311.294,1.3679,295.3507,0.0195,A
92,hotel2/mongodb-reservation,4001.01,275.09,400.43,0.1523,18,3139458,452060.3387,141.8733,295.3507,5.46,A
92,hotel2/mongodb-recommendation,10.76,163.57,400.43,0.0742,14,145,311.294,1.3679,295.3507,0.0146,A
92,hotel2/reservation,965.45,120.15,1119.06,0.0,0,5934,854.4551,34.2862,295.3507,1.3,A
92,hotel2/mongodb-rate,10.32,164.69,400.43,0.0742,14,133,311.294,1.3679,295.3507,0.0146,A
92,hotel2/mongodb-profile,10.61,164.23,400.43,0.0898,18,205,311.294,1.3679,295.3507,0.0195,A
92,hotel2/mongodb-geo,10.78,163.57,400.43,0.0781,18,266,311.294,1.3679,295.3507,0.0195,A
92,hotel2/memcached-reserve,171.35,7.08,79.27,0.0,0,3695,532.0546,6.0714,295.3507,0.239,A
92,es-stress-d/elasticsearch-dynamic-0,7.61,208336.37,1414.12,0.0039,1,992,311.294,201.6039,295.3507,0.0146,A
92,es-stress-d2/elasticsearch-dynamic-0,7.45,208343.44,1414.11,0.0,0,599,311.294,201.6051,295.3507,0.0098,A
92,es-stress-d3/elasticsearch-dynamic-0,7.1,208352.13,1414.12,0.0,0,311,311.294,201.6011,295.3507,0.0146,A
92,es-stress-d4/elasticsearch-dynamic-0,5.08,208339.79,1414.11,0.0,0,593,311.294,201.5177,295.3507,0.0049,A
92,es-stress-d5/elasticsearch-dynamic-0,8.53,208381.55,1414.11,0.0039,1,6036,869.1424,201.6801,295.3507,0.0049,A
92,hotel1/consul,23.72,26.17,212.87,0.0,0,4823,694.4788,1.3679,295.3507,0.0341,A
92,hotel1/frontend,4238.2,96.1,1119.14,0.0,0,6939,999.1682,150.0952,295.3507,5.93,A
92,hotel1/geo,687.62,19.31,1119.06,0.0,0,4721,679.7915,24.3555,295.3507,0.902,A
92,hotel1/memcached-profile,240.86,7.77,79.27,0.0,0,3691,531.4786,8.5322,295.3507,0.317,A
92,hotel1/memcached-rate,151.52,7.45,79.27,0.0,0,4196,604.1951,5.3699,295.3507,0.19,A
92,hotel1/memcached-reserve,193.74,7.04,79.27,0.0,0,2098,311.294,6.8638,295.3507,0.244,A
92,hotel1/mongodb-geo,9.73,163.84,400.43,0.0469,8,382,311.294,1.3679,295.3507,0.0146,A
92,hotel1/mongodb-profile,9.54,164.06,400.43,0.043,7,334,311.294,1.3679,295.3507,0.0195,A
92,hotel1/mongodb-rate,10.8,164.44,400.43,0.0742,8,284,311.294,1.3679,295.3507,0.0146,A
92,hotel1/jaeger,0.35,14.83,81.01,0.0,0,0,311.294,1.3679,1.454,0.0,A
92,hotel1/mongodb-reservation,4003.23,271.76,400.43,0.1367,28,3099157,446257.2722,141.9486,295.3507,5.66,A
92,hotel1/mongodb-recommendation,10.68,163.82,400.43,0.0742,9,172,311.294,1.3679,295.3507,0.0146,A
92,hotel2/memcached-profile,211.58,7.68,79.27,0.0,0,6647,957.1222,7.4959,295.3507,0.327,A
92,hotel2/jaeger,0.28,14.6,81.01,0.0,0,0,311.294,1.3679,1.454,0.0,A
92,hotel2/geo,630.86,19.73,1119.06,0.0,0,5623,809.6733,22.347,295.3507,0.888,A
92,hotel2/frontend,3324.83,100.34,1119.14,0.0,0,5983,861.5108,117.7724,295.3507,5.52,A
92,hotel2/consul,21.89,25.75,212.87,0.0,0,2629,378.5579,1.3679,295.3507,0.0341,A
92,hotel1/user,23.02,16.36,1119.06,0.0,0,1167,311.294,1.3679,295.3507,0.0244,A
92,hotel2/memcached-rate,130.17,7.45,79.27,0.0,0,4485,645.8091,4.6143,295.3507,0.18,A
92,hotel1/reservation,1055.89,117.89,1119.06,0.0,0,4938,711.038,37.485,295.3507,1.32,A
92,hotel1/recommendation,482.5,17.58,1119.06,0.0,0,4353,626.802,17.0941,295.3507,0.639,A
92,hotel1/rate,861.07,24.16,1119.14,0.0,0,7338,1056.6215,30.4991,295.3507,1.12,A
92,hotel1/profile,1421.74,29.8,1119.06,0.0,0,5817,837.608,50.3483,295.3507,1.8,A
92,hotel1/mongodb-user,10.59,163.8,400.43,0.0742,9,241,311.294,1.3679,295.3507,0.0098,A
92,hotel1/search,1609.3,26.02,1119.06,0.0,0,8945,1288.0184,56.983,295.3507,2.06,A
93,hotel2/user,22.39,16.82,1119.06,0.0,0,1302,311.294,1.3679,293.9048,0.0338,A
93,hotel2/search,1320.19,25.37,1119.06,0.0,0,7163,973.0313,44.1639,293.9048,1.92,A
93,hotel2/rate,724.17,25.77,1119.14,0.0,0,5596,760.168,24.2364,293.9048,1.09,A
93,hotel2/recommendation,373.75,18.69,1119.06,0.0,0,4223,573.6579,12.5135,293.9048,0.578,A
93,hotel2/profile,1218.18,36.2,1119.06,0.0,0,5550,753.9193,40.7632,293.9048,1.76,A
93,hotel2/mongodb-user,9.45,163.83,400.43,0.0,0,158,311.294,1.3679,293.9048,0.0123,A
93,hotel2/mongodb-reservation,3997.24,274.9,400.43,0.0,0,3336248,453200.3169,133.9007,293.9048,5.04,A
93,hotel2/mongodb-recommendation,9.37,164.0,400.43,0.0,0,168,311.294,1.3679,293.9048,0.0123,A
93,hotel2/reservation,916.54,121.35,1119.06,0.0,0,6761,918.4231,30.7561,293.9048,1.4,A
93,hotel2/mongodb-rate,9.7,164.5,400.43,0.0,0,206,311.294,1.3679,293.9048,0.0123,A
93,hotel2/mongodb-profile,9.54,164.23,400.43,0.0,0,158,311.294,1.3679,293.9048,0.0123,A
93,hotel2/mongodb-geo,9.24,163.57,400.43,0.0,0,217,311.294,1.3679,293.9048,0.0123,A
93,hotel2/memcached-reserve,148.84,7.08,79.27,0.0,0,2005,311.294,4.983,293.9048,0.231,A
93,es-stress-d2/elasticsearch-dynamic-0,7.39,208343.44,1414.11,0.0078,2,876,311.294,191.7805,293.9048,0.0123,A
93,es-stress-d3/elasticsearch-dynamic-0,6.85,208352.13,1414.12,0.0039,1,521,311.294,191.7704,293.9048,0.0092,A
93,es-stress-d4/elasticsearch-dynamic-0,6.36,208339.79,1414.11,0.0039,1,775,311.294,191.7427,293.9048,0.0123,A
93,es-stress-d5/elasticsearch-dynamic-0,5.72,208381.55,1414.11,0.0,0,560,311.294,191.7597,293.9048,0.0031,A
93,hotel1/consul,23.44,26.17,212.87,0.0,0,3072,417.3045,1.3679,293.9048,0.0277,A
93,hotel1/frontend,4613.6,94.99,1119.14,0.0,0,6700,910.1368,154.3433,293.9048,5.58,A
93,hotel1/geo,726.88,20.11,1119.06,0.0,0,5606,761.5264,24.3218,293.9048,0.883,A
93,hotel1/jaeger,1.47,14.83,81.01,0.0,0,39,311.294,1.3679,1.454,0.0031,A
93,hotel1/memcached-profile,255.49,8.01,79.27,0.0,0,3960,537.9316,8.5497,293.9048,0.298,A
93,hotel1/memcached-rate,159.5,7.46,79.27,0.0,0,3041,413.0934,5.3397,293.9048,0.194,A
93,hotel1/memcached-reserve,207.92,7.04,79.27,0.0,0,2821,383.2084,6.9583,293.9048,0.237,A
93,hotel1/mongodb-geo,10.45,163.81,400.43,0.0273,1,225,311.294,1.3679,293.9048,0.0123,A
93,hotel1/mongodb-profile,10.04,164.06,400.43,0.0273,1,221,311.294,1.3679,293.9048,0.0123,A
93,hotel1/mongodb-rate,9.78,164.87,400.43,0.0,0,250,311.294,1.3679,293.9048,0.0092,A
93,es-stress-d/elasticsearch-dynamic-0,7.22,208336.38,1414.12,0.0,0,833,311.294,191.7683,293.9048,0.0154,A
93,hotel1/mongodb-reservation,3997.8,271.65,400.43,0.0234,12,3289189,446807.7605,133.9164,293.9048,5.04,A
93,hotel2/memcached-rate,116.25,7.45,79.27,0.0,0,5770,783.8044,3.8937,293.9048,0.16,A
93,hotel2/memcached-profile,191.65,7.66,79.27,0.0,0,3381,459.2795,6.4149,293.9048,0.308,A
93,hotel2/jaeger,0.29,14.6,81.01,0.0,0,0,311.294,1.3679,1.454,0.0,A
93,hotel2/geo,588.86,20.84,1119.06,0.0,0,3887,528.0152,19.7077,293.9048,0.867,A
93,hotel1/mongodb-recommendation,9.07,163.64,400.43,0.0,0,208,311.294,1.3679,293.9048,0.0123,A
93,hotel2/consul,22.47,25.75,212.87,0.0,0,3324,451.5365,1.3679,293.9048,0.0277,A
93,hotel2/frontend,3106.44,100.98,1119.14,0.0,0,15304,2078.9155,103.9568,293.9048,4.93,A
93,hotel1/search,1687.96,24.84,1119.06,0.0,0,6845,929.8338,56.4599,293.9048,2.04,A
93,hotel1/reservation,1173.38,117.2,1119.06,0.0,0,5495,746.448,39.3398,293.9048,1.38,A
93,hotel1/recommendation,517.21,17.81,1119.06,0.0,0,4892,664.5357,17.3093,293.9048,0.64,A
93,hotel1/rate,941.05,27.32,1119.14,0.0,0,5820,790.5965,31.4892,293.9048,1.12,A
93,hotel1/profile,1515.93,29.7,1119.06,0.0,0,6234,846.8348,50.7125,293.9048,1.81,A
93,hotel1/mongodb-user,9.81,163.61,400.43,0.0,0,197,311.294,1.3679,293.9048,0.0123,A
93,hotel1/user,27.93,15.91,1119.06,0.0,0,1580,311.294,1.3679,293.9048,0.0308,A
94,hotel2/user,16.0,15.84,1119.06,0.0,0,1023,311.294,1.3679,294.7047,0.0291,A
94,hotel2/search,1430.17,27.49,1119.06,0.0,0,5164,735.1299,49.3601,294.7047,1.71,A
94,hotel2/mongodb-recommendation,10.39,163.56,400.43,0.0273,2,172,311.294,1.3679,294.7047,0.0146,A
94,hotel2/recommendation,429.9,17.45,1119.06,0.0,0,3935,560.1735,14.846,294.7047,0.533,A
94,hotel2/rate,797.06,27.31,1119.14,0.0,0,4132,588.2178,27.5207,294.7047,0.962,A
94,hotel2/profile,1318.58,38.31,1119.06,0.0,0,4948,704.3808,45.521,294.7047,1.63,A
94,hotel2/mongodb-user,10.92,163.64,400.43,0.0273,2,202,311.294,1.3679,294.7047,0.0117,A
94,hotel2/mongodb-reservation,4004.42,275.19,400.43,0.0742,8,3085318,439215.6165,138.3943,294.7047,4.67,A
94,hotel2/reservation,952.56,120.61,1119.06,0.0,0,6327,900.6907,32.9731,294.7047,1.25,A
94,hotel2/mongodb-rate,10.39,164.5,400.43,0.0273,2,204,311.294,1.3679,294.7047,0.0117,A
94,hotel2/mongodb-profile,10.47,164.23,400.43,0.0273,2,242,311.294,1.3679,294.7047,0.0117,A
94,hotel2/memcached-reserve,161.92,7.09,79.27,0.0,0,1768,311.294,5.5922,294.7047,0.189,A
94,es-stress-d/elasticsearch-dynamic-0,5.46,208336.38,1414.12,0.0039,1,1043,311.294,197.7778,294.7047,0.0029,A
94,es-stress-d2/elasticsearch-dynamic-0,6.16,208343.44,1414.11,0.0,0,1084,311.294,197.8087,294.7047,0.0029,A
94,es-stress-d3/elasticsearch-dynamic-0,5.68,208352.13,1414.12,0.0,0,772,311.294,197.8004,294.7047,0.0058,A
94,es-stress-d4/elasticsearch-dynamic-0,5.45,208339.79,1414.11,0.0,0,816,311.294,197.7807,294.7047,0.0058,A
94,es-stress-d5/elasticsearch-dynamic-0,7.11,208381.55,1414.11,0.0039,1,616,311.294,197.8776,294.7047,0.0029,A
94,hotel1/consul,23.18,26.17,212.87,0.0,0,2862,407.4248,1.3679,294.7047,0.0262,A
94,hotel1/frontend,4098.42,95.48,1119.14,0.0,0,6764,962.9006,141.4664,294.7047,5.55,A
94,hotel1/geo,685.96,18.8,1119.06,0.0,0,4573,650.9971,23.6802,294.7047,0.842,A
94,hotel1/jaeger,0.25,14.83,81.01,0.0,0,0,311.294,1.3679,1.454,0.0,A
94,hotel1/memcached-profile,240.59,8.27,79.27,0.0,0,2724,387.7796,8.307,294.7047,0.294,A
94,hotel1/memcached-rate,149.31,7.45,79.27,0.0,0,3966,564.5866,5.1575,294.7047,0.187,A
94,hotel1/memcached-reserve,175.36,7.27,79.27,0.0,0,2264,322.2955,6.056,294.7047,0.248,A
94,hotel1/mongodb-geo,9.53,163.84,400.43,0.0,0,338,311.294,1.3679,294.7047,0.0087,A
94,hotel1/mongodb-profile,9.83,164.06,400.43,0.0,0,255,311.294,1.3679,294.7047,0.0117,A
94,hotel1/mongodb-rate,10.85,164.87,400.43,0.0273,1,393,311.294,1.3679,294.7047,0.0117,A
94,hotel2/mongodb-geo,10.6,163.76,400.43,0.0273,2,325,311.294,1.3679,294.7047,0.0117,A
94,hotel1/mongodb-reservation,4001.21,271.18,400.43,0.0586,9,3155942,449269.4144,138.2798,294.7047,4.78,A
94,hotel1/mongodb-recommendation,10.77,163.82,400.43,0.0273,1,359,311.294,1.3679,294.7047,0.0146,A
94,hotel2/memcached-rate,127.9,7.45,79.27,0.0,0,3404,484.5821,4.419,294.7047,0.152,A
94,hotel2/memcached-profile,217.76,7.92,79.27,0.0,0,3287,467.9264,7.5192,294.7047,0.265,A
94,hotel2/jaeger,0.28,14.6,81.01,0.0,0,0,311.294,1.3679,1.454,0.0,A
94,hotel2/frontend,3591.66,100.36,1119.14,0.0,0,6657,947.6684,123.9902,294.7047,4.44,A
94,hotel2/consul,22.99,26.27,212.87,0.0,0,2616,372.4051,1.3679,294.7047,0.0291,A
94,hotel2/geo,619.05,21.46,1119.06,0.0,0,5044,718.0471,21.3746,294.7047,0.761,A
94,hotel1/search,1626.94,25.64,1119.06,0.0,0,6728,957.7757,56.146,294.7047,1.98,A
94,hotel1/reservation,1054.58,116.14,1119.06,0.0,0,4437,631.6366,36.4881,294.7047,1.33,A
94,hotel1/recommendation,497.09,18.75,1119.06,0.0,0,3798,540.6707,17.165,294.7047,0.615,A
94,hotel1/rate,883.3,26.0,1119.14,0.0,0,5096,725.4496,30.4943,294.7047,1.08,A
94,hotel1/profile,1443.3,29.93,1119.06,0.0,0,5505,783.6735,49.8153,294.7047,1.8,A
94,hotel1/mongodb-user,10.42,163.61,400.43,0.0273,1,189,311.294,1.3679,294.7047,0.0117,A
94,hotel1/user,21.61,15.91,1119.06,0.0,0,1711,311.294,1.3679,294.7047,0.0321,A
95,hotel2/user,21.36,15.93,1119.06,0.0,0,1418,311.294,1.3679,306.9062,0.0245,A
95,hotel2/search,1505.44,28.12,1119.06,0.0,0,7307,1044.845,57.9842,306.9062,1.84,A
95,hotel2/mongodb-recommendation,9.67,163.57,400.43,0.0,0,102,311.294,1.3679,306.9062,0.0175,A
95,hotel2/recommendation,449.52,18.37,1119.06,0.0,0,3544,506.7649,17.3249,306.9062,0.543,A
95,hotel2/rate,838.51,25.87,1119.14,0.0,0,4552,650.9011,32.3076,306.9062,1.03,A
95,hotel2/profile,1393.39,38.01,1119.06,0.0,0,7292,1042.7002,53.6816,306.9062,1.66,A
95,hotel2/mongodb-user,9.67,163.83,400.43,0.0,0,164,311.294,1.3679,306.9062,0.014,A
95,hotel2/mongodb-reservation,4000.33,275.24,400.43,0.0039,2,3176150,454165.1269,154.2985,306.9062,5.59,A
95,hotel2/reservation,1081.77,121.33,1119.06,0.0,0,5982,855.3802,41.7769,306.9062,1.28,A
95,hotel2/mongodb-rate,9.99,164.69,400.43,0.0,0,109,311.294,1.3679,306.9062,0.014,A
95,hotel2/mongodb-profile,9.94,164.23,400.43,0.0,0,243,311.294,1.3679,306.9062,0.007,A
95,hotel2/mongodb-geo,9.69,163.76,400.43,0.0,0,184,311.294,1.3679,306.9062,0.014,A
95,hotel2/memcached-reserve,171.86,7.09,79.27,0.0,0,1598,311.294,6.6237,306.9062,0.221,A
95,es-stress-d/elasticsearch-dynamic-0,7.39,208336.38,1414.12,0.0,0,509,311.294,228.99,306.9062,0.0105,A
95,es-stress-d2/elasticsearch-dynamic-0,7.51,208343.44,1414.11,0.0039,1,476,311.294,229.0024,306.9062,0.021,A
95,es-stress-d3/elasticsearch-dynamic-0,6.9,208352.14,1414.12,0.0039,1,1032,311.294,228.9885,306.9062,0.014,A
95,es-stress-d4/elasticsearch-dynamic-0,6.69,208339.79,1414.11,0.0039,1,748,311.294,228.9668,306.9062,0.0105,A
95,es-stress-d5/elasticsearch-dynamic-0,5.96,208381.55,1414.11,0.0195,8,811,311.294,228.9846,306.9062,0.0105,A
95,hotel1/consul,24.23,26.17,212.87,0.0,0,2307,329.8833,1.3679,306.9062,0.035,A
95,hotel1/frontend,4512.49,96.73,1119.14,0.0,0,6793,971.347,173.8187,306.9062,6.35,A
95,hotel1/geo,724.71,18.59,1119.06,0.0,0,4594,656.9068,27.9188,306.9062,1.03,A
95,hotel1/memcached-profile,254.7,8.02,79.27,0.0,0,3398,485.888,9.8137,306.9062,0.357,A
95,hotel1/memcached-rate,158.53,7.45,79.27,0.0,0,3206,458.4334,6.1109,306.9062,0.217,A
95,hotel1/memcached-reserve,194.1,7.02,79.27,0.0,0,1867,311.294,7.4798,306.9062,0.28,A
95,hotel1/mongodb-geo,10.95,163.81,400.43,0.0273,1,181,311.294,1.3679,306.9062,0.021,A
95,hotel1/mongodb-profile,10.21,164.22,400.43,0.0273,1,200,311.294,1.3679,306.9062,0.014,A
95,hotel1/mongodb-rate,9.26,164.87,400.43,0.0,0,241,311.294,1.3679,306.9062,0.014,A
95,hotel1/jaeger,0.25,14.83,81.01,0.0,0,0,311.294,1.3679,1.454,0.0,A
95,hotel1/mongodb-reservation,3996.08,271.45,400.43,0.0273,13,3137010,448568.4066,154.1308,306.9062,5.74,A
95,hotel1/mongodb-recommendation,9.39,163.82,400.43,0.0,0,262,311.294,1.3679,306.9062,0.0105,A
95,hotel2/memcached-profile,236.67,8.18,79.27,0.0,0,2939,420.2545,9.1198,306.9062,0.27,A
95,hotel2/jaeger,0.28,14.6,81.01,0.0,0,0,311.294,1.3679,1.454,0.0,A
95,hotel2/geo,667.11,19.58,1119.06,0.0,0,4451,636.4589,25.7025,306.9062,0.819,A
95,hotel2/frontend,3604.87,101.59,1119.14,0.0,0,6834,977.2097,138.8843,306.9062,4.34,A
95,hotel2/consul,22.94,26.27,212.87,0.0,0,2815,402.5234,1.3679,306.9062,0.035,A
95,hotel1/user,22.7,16.03,1119.06,0.0,0,1061,311.294,1.3679,306.9062,0.035,A
95,hotel2/memcached-rate,133.35,7.46,79.27,0.0,0,2868,410.102,5.1416,306.9062,0.165,A
95,hotel1/reservation,1078.82,116.9,1119.06,0.0,0,5903,844.0838,41.6585,306.9062,1.58,A
95,hotel1/recommendation,499.97,17.44,1119.06,0.0,0,4183,598.137,19.266,306.9062,0.707,A
95,hotel1/rate,922.61,26.41,1119.14,0.0,0,4477,640.1767,35.5457,306.9062,1.3,A
95,hotel1/profile,1485.0,29.33,1119.06,0.0,0,6290,899.4218,57.1986,306.9062,2.04,A
95,hotel1/mongodb-user,9.96,163.8,400.43,0.0,0,203,311.294,1.3679,306.9062,0.014,A
95,hotel1/search,1658.8,24.09,1119.06,0.0,0,6658,952.043,63.8835,306.9062,2.36,A
96,hotel2/user,30.61,15.93,1119.06,0.0,0,1243,311.294,1.3679,313.9696,0.0245,A
96,hotel2/search,1709.77,27.32,1119.06,0.0,0,5552,775.5825,60.7775,313.9696,1.76,A
96,hotel2/rate,975.28,26.23,1119.14,0.0,0,5266,735.6299,34.6796,313.9696,0.959,A
96,hotel2/recommendation,526.58,18.33,1119.06,0.0,0,4847,677.098,18.7288,313.9696,0.518,A
96,hotel2/profile,1702.8,38.39,1119.06,0.0,0,5045,704.7575,60.5414,313.9696,1.6,A
96,hotel2/mongodb-user,10.59,163.64,400.43,0.0508,4,191,311.294,1.3679,313.9696,0.0153,A
96,hotel2/mongodb-reservation,3995.41,274.76,400.43,0.0469,4,3245581,453389.012,142.2452,313.9696,4.99,A
96,hotel2/mongodb-recommendation,10.02,164.0,400.43,0.0273,2,184,311.294,1.3679,313.9696,0.0123,A
96,hotel2/reservation,1197.62,121.65,1119.06,0.0,0,4724,659.9156,42.6788,313.9696,1.16,A
96,hotel2/mongodb-rate,10.61,164.69,400.43,0.0469,4,166,311.294,1.3679,313.9696,0.0123,A
96,hotel2/mongodb-profile,10.66,164.23,400.43,0.0391,4,144,311.294,1.3679,313.9696,0.0123,A
96,hotel2/mongodb-geo,10.16,163.57,400.43,0.0273,2,141,311.294,1.3679,313.9696,0.0123,A
96,hotel2/memcached-reserve,212.17,7.09,79.27,0.0,0,2397,334.8471,7.5459,313.9696,0.205,A
96,es-stress-d/elasticsearch-dynamic-0,6.02,208336.38,1414.12,0.0273,9,1063,311.294,217.1049,313.9696,0.0092,A
96,es-stress-d2/elasticsearch-dynamic-0,6.1,208343.44,1414.11,0.0234,8,1005,311.294,217.1151,313.9696,0.0031,A
96,es-stress-d3/elasticsearch-dynamic-0,5.95,208352.14,1414.12,0.0234,8,691,311.294,217.1188,313.9696,0.0092,A
96,es-stress-d4/elasticsearch-dynamic-0,6.22,208339.79,1414.11,0.0234,8,815,311.294,217.1155,313.9696,0.0061,A
96,es-stress-d5/elasticsearch-dynamic-0,6.94,208381.56,1414.11,0.0039,1,405,311.294,217.1846,313.9696,0.0092,A
96,hotel1/consul,22.69,26.17,212.87,0.0,0,2833,395.7538,1.3679,313.9696,0.0306,A
96,hotel1/frontend,3736.04,101.7,1119.14,0.0,0,6730,940.1423,132.8495,313.9696,5.22,A
96,hotel1/geo,639.49,19.27,1119.06,0.0,0,5634,787.0374,22.7415,313.9696,0.858,A
96,hotel1/memcached-profile,226.65,8.0,79.27,0.0,0,2870,400.9225,8.0613,313.9696,0.303,A
96,hotel1/memcached-rate,140.11,7.44,79.27,0.0,0,3837,536.0068,4.9859,313.9696,0.193,A
96,hotel1/memcached-reserve,177.45,7.02,79.27,0.0,0,1488,311.294,6.3122,313.9696,0.245,A
96,hotel1/mongodb-geo,9.26,163.84,400.43,0.0,0,296,311.294,1.3679,313.9696,0.0123,A
96,hotel1/mongodb-profile,9.5,164.25,400.43,0.0,0,367,311.294,1.3679,313.9696,0.0092,A
96,hotel1/mongodb-rate,10.31,164.62,400.43,0.0273,1,352,311.294,1.3679,313.9696,0.0092,A
96,hotel1/jaeger,0.27,14.83,81.01,0.0,0,0,311.294,1.3679,1.454,0.0,A
96,hotel1/mongodb-reservation,3997.83,271.23,400.43,0.0625,11,3219045,449682.0853,142.3275,313.9696,5.03,A
96,hotel1/mongodb-recommendation,10.47,163.64,400.43,0.0273,1,468,311.294,1.3679,313.9696,0.0123,A
96,hotel2/memcached-profile,281.42,8.43,79.27,0.0,0,3208,448.1392,10.0078,313.9696,0.254,A
96,hotel2/jaeger,0.28,14.6,81.01,0.0,0,0,311.294,1.3679,1.454,0.0,A
96,hotel2/geo,770.87,20.63,1119.06,0.0,0,4693,655.5851,27.4109,313.9696,0.784,A
96,hotel2/frontend,4871.25,100.66,1119.14,0.0,0,6409,895.3005,173.1831,313.9696,4.0,A
96,hotel2/consul,22.31,26.27,212.87,0.0,0,2798,390.8645,1.3679,313.9696,0.0245,A
96,hotel1/user,20.33,16.02,1119.06,0.0,0,1498,311.294,1.3679,313.9696,0.0337,A
96,hotel2/memcached-rate,156.44,7.46,79.27,0.0,0,2138,311.294,5.5662,313.9696,0.156,A
96,hotel1/reservation,967.08,116.23,1119.06,0.0,0,5042,704.3384,34.4819,313.9696,1.3,A
96,hotel1/recommendation,467.69,17.66,1119.06,0.0,0,4908,685.6194,16.6357,313.9696,0.616,A
96,hotel1/rate,825.08,26.71,1119.14,0.0,0,6530,912.2035,29.3434,313.9696,1.07,A
96,hotel1/profile,1314.26,28.95,1119.06,0.0,0,5034,703.2209,46.7265,313.9696,1.77,A
96,hotel1/mongodb-user,10.27,163.8,400.43,0.0273,1,209,311.294,1.3679,313.9696,0.0153,A
96,hotel1/search,1491.84,23.47,1119.06,0.0,0,6421,896.9768,53.0304,313.9696,2.0,A
97,hotel2/user,22.5,15.93,1119.06,0.0,0,1479,311.294,1.3679,312.5261,0.0236,A
97,hotel2/search,1463.38,25.84,1119.06,0.0,0,5288,747.1976,52.6267,312.5261,1.5,A
97,hotel2/rate,840.74,27.46,1119.14,0.0,0,4927,696.1881,30.2485,312.5261,0.825,A
97,hotel2/recommendation,439.12,18.97,1119.06,0.0,0,3928,555.0288,15.8038,312.5261,0.421,A
97,hotel2/profile,1375.28,38.75,1119.06,0.0,0,4920,695.199,49.4739,312.5261,1.33,A
97,hotel2/mongodb-user,9.79,163.83,400.43,0.0,0,187,311.294,1.3679,312.5261,0.0118,A
97,hotel2/mongodb-reservation,4005.29,274.93,400.43,0.0039,2,3274421,462677.6883,144.2577,312.5261,4.74,A
97,hotel2/mongodb-recommendation,9.74,163.57,400.43,0.0,0,173,311.294,1.3679,312.5261,0.0118,A
97,hotel2/reservation,1023.12,120.75,1119.06,0.0,0,4616,652.2436,36.9034,312.5261,1.04,A
97,hotel2/mongodb-rate,9.41,164.5,400.43,0.0,0,140,311.294,1.3679,312.5261,0.0118,A
97,hotel2/mongodb-profile,9.47,164.23,400.43,0.0,0,212,311.294,1.3679,312.5261,0.0118,A
97,hotel2/mongodb-geo,9.74,163.57,400.43,0.0,0,174,311.294,1.3679,312.5261,0.0118,A
97,hotel2/memcached-reserve,162.41,7.08,79.27,0.0,0,1469,311.294,5.8452,312.5261,0.165,A
97,es-stress-d2/elasticsearch-dynamic-0,10.39,208343.5,1414.11,0.0078,2,613,311.294,222.4753,312.5261,0.0088,A
97,es-stress-d3/elasticsearch-dynamic-0,8.78,208352.2,1414.12,0.0078,2,620,311.294,222.4267,312.5261,0.003,A
97,es-stress-d4/elasticsearch-dynamic-0,10.13,208339.85,1414.11,0.0078,2,656,311.294,222.4621,312.5261,0.0118,A
97,es-stress-d5/elasticsearch-dynamic-0,7.23,208381.56,1414.11,0.0,0,949,311.294,222.4023,312.5261,0.0118,A
97,hotel1/consul,23.28,26.17,212.87,0.0,0,2629,371.4793,1.3679,312.5261,0.0236,A
97,hotel1/frontend,4987.56,95.67,1119.14,0.0,0,7054,996.7345,179.373,312.5261,5.91,A
97,hotel1/geo,774.01,20.13,1119.06,0.0,0,4017,567.6046,27.8422,312.5261,0.89,A
97,hotel1/jaeger,0.24,14.83,81.01,0.0,0,0,311.294,1.3679,1.454,0.0,A
97,hotel1/memcached-profile,267.82,7.52,79.27,0.0,0,3455,488.1936,9.6344,312.5261,0.312,A
97,hotel1/memcached-rate,171.41,7.45,79.27,0.0,0,3033,428.5648,6.169,312.5261,0.192,A
97,hotel1/memcached-reserve,208.7,7.03,79.27,0.0,0,2354,332.6216,7.5089,312.5261,0.248,A
97,hotel1/mongodb-geo,10.97,163.81,400.43,0.0273,1,152,311.294,1.3679,312.5261,0.0147,A
97,hotel1/mongodb-profile,10.65,164.06,400.43,0.0273,1,300,311.294,1.3679,312.5261,0.0088,A
97,hotel1/mongodb-rate,9.68,164.44,400.43,0.0,0,168,311.294,1.3679,312.5261,0.0118,A
97,es-stress-d/elasticsearch-dynamic-0,9.96,208336.38,1414.12,0.0,0,1538,311.294,222.4523,312.5261,0.0088,A
97,hotel1/mongodb-reservation,4006.95,270.82,400.43,0.0234,11,3065286,433126.785,144.313,312.5261,4.83,A
97,hotel2/memcached-rate,130.13,7.45,79.27,0.0,0,4522,638.9614,4.6853,312.5261,0.133,A
97,hotel2/memcached-profile,217.08,7.68,79.27,0.0,0,2975,420.3693,7.8108,312.5261,0.215,A
97,hotel2/jaeger,1.51,14.6,81.01,0.0,0,19,311.294,1.3679,1.454,0.0,A
97,hotel2/geo,655.56,20.91,1119.06,0.0,0,5294,748.0454,23.5855,312.5261,0.669,A
97,hotel1/mongodb-recommendation,9.7,163.64,400.43,0.0,0,154,311.294,1.3679,312.5261,0.0147,A
97,hotel2/consul,23.2,26.27,212.87,0.0,0,3365,475.4766,1.3679,312.5261,0.0265,A
97,hotel2/frontend,3932.72,104.54,1119.14,0.0,0,5786,817.5653,141.4677,312.5261,3.6,A
97,hotel1/search,1772.73,24.65,1119.06,0.0,0,6067,857.2708,63.7446,312.5261,2.1,A
97,hotel1/reservation,1205.66,116.76,1119.06,0.0,0,5008,707.6335,43.4603,312.5261,1.45,A
97,hotel1/recommendation,555.88,17.75,1119.06,0.0,0,4597,649.5589,19.9993,312.5261,0.628,A
97,hotel1/rate,970.72,27.08,1119.14,0.0,0,4592,648.8524,34.9201,312.5261,1.15,A
97,hotel1/profile,1581.16,29.21,1119.06,0.0,0,5816,821.8044,56.8638,312.5261,1.85,A
97,hotel1/mongodb-user,9.43,163.61,400.43,0.0,0,126,311.294,1.3679,312.5261,0.0118,A
97,hotel1/user,23.61,16.04,1119.06,0.0,0,1520,311.294,1.3679,312.5261,0.0383,A
98,hotel2/user,20.24,15.94,1119.06,0.0,0,1256,311.294,1.3679,305.645,0.0225,A
98,hotel2/search,1513.59,26.26,1119.06,0.0,0,6629,964.4955,53.3152,305.645,1.81,A
98,hotel2/mongodb-recommendation,10.5,163.75,400.43,0.0273,2,158,311.294,1.3679,305.645,0.0113,A
98,hotel2/recommendation,458.94,18.82,1119.06,0.0,0,3615,525.9694,16.1767,305.645,0.56,A
98,hotel2/rate,843.22,25.75,1119.14,0.0,0,4245,617.6321,29.713,305.645,1.03,A
98,hotel2/profile,1403.07,37.82,1119.06,0.0,0,4891,711.6228,49.4357,305.645,1.74,A
98,hotel2/mongodb-user,10.48,163.83,400.43,0.0273,2,407,311.294,1.3679,305.645,0.0113,A
98,hotel2/mongodb-reservation,4000.29,275.22,400.43,0.0625,6,3119968,453944.0515,141.1136,305.645,4.55,A
98,hotel2/reservation,1104.67,121.01,1119.06,0.0,0,5162,751.0523,39.0133,305.645,1.24,A
98,hotel2/mongodb-rate,10.01,164.5,400.43,0.0273,2,182,311.294,1.3679,305.645,0.0113,A
98,hotel2/mongodb-profile,11.04,164.23,400.43,0.0273,2,149,311.294,1.3679,305.645,0.0113,A
98,hotel2/memcached-reserve,179.85,7.09,79.27,0.0,0,2261,328.9673,6.3391,305.645,0.214,A
98,es-stress-d/elasticsearch-dynamic-0,8.63,208336.44,1414.12,0.0156,5,696,311.294,208.9725,305.645,0.0056,A
98,es-stress-d2/elasticsearch-dynamic-0,7.53,208343.5,1414.11,0.0039,2,526,311.294,208.9409,305.645,0.0056,A
98,es-stress-d3/elasticsearch-dynamic-0,7.96,208352.2,1414.12,0.0078,3,596,311.294,208.9647,305.645,0.0084,A
98,es-stress-d4/elasticsearch-dynamic-0,5.19,208339.85,1414.11,0.0039,2,740,311.294,208.8548,305.645,0.0,A
98,es-stress-d5/elasticsearch-dynamic-0,9.77,208381.62,1414.11,0.0195,7,330,311.294,209.0579,305.645,0.0056,A
98,hotel1/consul,24.26,26.17,212.87,0.0,0,2492,362.577,1.3679,305.645,0.031,A
98,hotel1/frontend,4362.66,97.53,1119.14,0.0,0,7011,1020.0751,153.6936,305.645,4.75,A
98,hotel1/geo,701.15,19.09,1119.06,0.0,0,4963,722.0985,24.7045,305.645,0.785,A
98,hotel1/jaeger,0.27,14.83,81.01,0.0,0,0,311.294,1.3679,1.454,0.0,A
98,hotel1/memcached-profile,241.67,7.76,79.27,0.0,0,3377,491.3413,8.5162,305.645,0.276,A
98,hotel1/memcached-rate,157.42,7.45,79.27,0.0,0,3501,509.3828,5.5497,305.645,0.172,A
98,hotel1/memcached-reserve,186.38,7.03,79.27,0.0,0,1732,311.294,6.5689,305.645,0.2,A
98,hotel1/mongodb-geo,9.24,163.84,400.43,0.0,0,338,311.294,1.3679,305.645,0.0113,A
98,hotel1/mongodb-profile,9.62,164.25,400.43,0.0,0,405,311.294,1.3679,305.645,0.0141,A
98,hotel1/mongodb-rate,10.26,164.68,400.43,0.0273,1,338,311.294,1.3679,305.645,0.0113,A
98,hotel2/mongodb-geo,10.23,163.57,400.43,0.0312,4,180,311.294,1.3679,305.645,0.0113,A
98,hotel1/mongodb-reservation,3998.38,271.02,400.43,0.0586,7,3047861,443452.744,141.0422,305.645,4.62,A
98,hotel1/mongodb-recommendation,10.76,163.82,400.43,0.0273,1,333,311.294,1.3679,305.645,0.0141,A
98,hotel2/memcached-rate,133.36,7.45,79.27,0.0,0,3316,482.466,4.7027,305.645,0.16,A
98,hotel2/memcached-profile,229.74,7.67,79.27,0.0,0,3681,535.5722,8.0961,305.645,0.293,A
98,hotel2/jaeger,0.3,14.6,81.01,0.0,0,0,311.294,1.3679,1.454,0.0,A
98,hotel2/frontend,3767.25,101.82,1119.14,0.0,0,6672,970.7519,132.7353,305.645,4.64,A
98,hotel2/consul,21.91,26.27,212.87,0.0,0,2839,413.0642,1.3679,305.645,0.0281,A
98,hotel2/geo,679.68,21.55,1119.06,0.0,0,4513,656.6252,23.951,305.645,0.791,A
98,hotel1/search,1601.26,27.33,1119.06,0.0,0,7770,1130.5069,56.4028,305.645,1.85,A
98,hotel1/reservation,1096.01,117.96,1119.06,0.0,0,5329,775.3502,38.7053,305.645,1.2,A
98,hotel1/recommendation,498.23,17.96,1119.06,0.0,0,5200,756.5812,17.5591,305.645,0.566,A
98,hotel1/rate,890.05,25.5,1119.14,0.0,0,5505,800.9576,31.3615,305.645,1.01,A
98,hotel1/profile,1444.06,28.98,1119.06,0.0,0,5396,785.0985,50.87,305.645,1.67,A
98,hotel1/mongodb-user,10.29,163.61,400.43,0.0273,1,175,311.294,1.3679,305.645,0.0113,A
98,hotel1/user,23.47,16.3,1119.06,0.0,0,1118,311.294,1.3679,305.645,0.0225,A
99,hotel2/user,20.74,16.18,1119.06,0.0,0,2194,312.5614,1.3679,293.618,0.0257,A
99,hotel2/search,1341.1,26.02,1119.06,0.0,0,6933,987.6882,47.4649,293.618,1.76,A
99,hotel2/mongodb-recommendation,9.32,163.57,400.43,0.0,0,201,311.294,1.3679,293.618,0.0114,A
99,hotel2/recommendation,411.41,18.53,1119.06,0.0,0,4851,691.0826,14.5709,293.618,0.528,A
99,hotel2/rate,754.15,27.23,1119.14,0.0,0,5869,836.1088,26.7033,293.618,0.993,A
99,hotel2/profile,1200.74,37.21,1119.06,0.0,0,5697,811.6053,42.5105,293.618,1.67,A
99,hotel2/mongodb-user,9.33,163.83,400.43,0.0,0,215,311.294,1.3679,293.618,0.0114,A
99,hotel2/mongodb-reservation,3994.76,275.0,400.43,0.0,0,3197301,455493.502,141.574,293.618,4.63,A
99,hotel2/reservation,934.51,119.83,1119.06,0.0,0,4970,708.0355,33.1722,293.618,1.21,A
99,hotel2/mongodb-rate,9.79,164.5,400.43,0.0,0,230,311.294,1.3679,293.618,0.0114,A
99,hotel2/mongodb-profile,9.48,164.23,400.43,0.0,0,147,311.294,1.3679,293.618,0.0114,A
99,hotel2/mongodb-geo,8.99,163.57,400.43,0.0,0,180,311.294,1.3679,293.618,0.0114,A
99,hotel2/memcached-reserve,159.41,7.09,79.27,0.0,0,1428,311.294,5.6458,293.618,0.2,A
99,es-stress-d2/elasticsearch-dynamic-0,8.2,208343.5,1414.11,0.0039,1,886,311.294,200.264,293.618,0.0057,A
99,es-stress-d3/elasticsearch-dynamic-0,8.14,208352.27,1414.12,0.0039,1,833,311.294,200.2703,293.618,0.0086,A
99,es-stress-d4/elasticsearch-dynamic-0,7.53,208339.85,1414.11,0.0039,1,677,311.294,200.2368,293.618,0.0114,A
99,es-stress-d5/elasticsearch-dynamic-0,5.43,208381.62,1414.11,0.0,0,1294,311.294,200.2026,293.618,0.0057,A
99,hotel1/consul,23.35,26.17,212.87,0.0,0,3493,497.6193,1.3679,293.618,0.0285,A
99,hotel1/frontend,4190.91,96.83,1119.14,0.0,0,7078,1008.3452,148.3416,293.618,5.4,A
99,hotel1/geo,690.13,19.86,1119.06,0.0,0,5114,728.55,24.4316,293.618,0.836,A
99,hotel1/jaeger,0.34,14.83,81.01,0.0,0,0,311.294,1.3679,1.454,0.0,A
99,hotel1/memcached-profile,236.56,7.51,79.27,0.0,0,3216,458.1574,8.3752,293.618,0.297,A
99,hotel1/memcached-rate,155.85,7.45,79.27,0.0,0,2511,357.7218,5.5202,293.618,0.183,A
99,hotel1/memcached-reserve,188.99,7.02,79.27,0.0,0,2264,322.5337,6.692,293.618,0.225,A
99,hotel1/mongodb-geo,10.22,163.81,400.43,0.0273,1,290,311.294,1.3679,293.618,0.0143,A
99,hotel1/mongodb-profile,9.85,164.06,400.43,0.0273,1,359,311.294,1.3679,293.618,0.0114,A
99,hotel1/mongodb-rate,9.0,164.44,400.43,0.0,0,394,311.294,1.3679,293.618,0.0114,A
99,es-stress-d/elasticsearch-dynamic-0,9.43,208336.5,1414.12,0.0,0,340,311.294,200.3008,293.618,0.0057,A
99,hotel1/mongodb-reservation,3996.6,270.65,400.43,0.0234,12,3037532,432732.5103,141.6349,293.618,4.68,A
99,hotel2/memcached-rate,125.61,7.46,79.27,0.0,0,5037,717.5805,4.4505,293.618,0.163,A
99,hotel2/memcached-profile,203.35,7.67,79.27,0.0,0,3283,467.7023,7.2006,293.618,0.28,A
99,hotel2/jaeger,0.3,14.6,81.01,0.0,0,0,311.294,1.3679,1.454,0.0,A
99,hotel2/geo,606.81,20.82,1119.06,0.0,0,4346,619.1393,21.4852,293.618,0.793,A
99,hotel1/mongodb-recommendation,9.06,163.64,400.43,0.0,0,241,311.294,1.3679,293.618,0.0114,A
99,hotel2/consul,22.33,26.27,212.87,0.0,0,2988,425.6761,1.3679,293.618,0.0257,A
99,hotel2/frontend,3485.08,102.05,1119.14,0.0,0,5777,823.0023,123.3787,293.618,4.2,A
99,hotel1/search,1600.93,25.27,1119.06,0.0,0,5423,772.5708,56.6553,293.618,1.91,A
99,hotel1/reservation,1061.2,117.23,1119.06,0.0,0,5668,807.4739,37.6513,293.618,1.26,A
99,hotel1/recommendation,495.62,17.64,1119.06,0.0,0,5005,713.0217,17.5489,293.618,0.591,A
99,hotel1/rate,859.41,25.78,1119.14,0.0,0,6322,900.644,30.4254,293.618,1.07,A
99,hotel1/profile,1432.49,29.0,1119.06,0.0,0,5180,737.9525,50.7005,293.618,1.77,A
99,hotel1/mongodb-user,9.79,163.61,400.43,0.0,0,198,311.294,1.3679,293.618,0.0114,A
99,hotel1/user,22.65,16.05,1119.06,0.0,0,1289,311.294,1.3679,293.618,0.0257,A
100,hotel2/user,22.74,16.42,1119.06,0.0,0,1364,311.294,1.3679,284.8809,0.0395,A
100,hotel2/search,1511.99,26.56,1119.06,0.0,0,6317,893.7525,50.9935,284.8809,2.2,A
100,hotel2/mongodb-recommendation,10.7,163.57,400.43,0.0273,2,210,311.294,1.3679,284.8809,0.0099,A
100,hotel2/recommendation,461.8,18.53,1119.06,0.0,0,4468,632.1491,15.584,284.8809,0.681,A
100,hotel2/rate,868.13,27.21,1119.14,0.0,0,5105,722.2742,29.2893,284.8809,1.27,A
100,hotel2/profile,1479.52,39.33,1119.06,0.0,0,7069,1000.1482,49.9103,284.8809,2.23,A
100,hotel2/mongodb-user,10.48,163.64,400.43,0.0273,2,248,311.294,1.3679,284.8809,0.0132,A
100,hotel2/mongodb-reservation,4001.34,274.81,400.43,0.0547,6,3343848,473099.9578,135.1325,284.8809,5.32,A
100,hotel2/reservation,1103.04,121.43,1119.06,0.0,0,4352,615.737,37.2925,284.8809,1.51,A
100,hotel2/mongodb-rate,10.37,164.5,400.43,0.0273,2,239,311.294,1.3679,284.8809,0.0165,A
100,hotel2/mongodb-profile,10.71,164.42,400.43,0.0273,2,188,311.294,1.3679,284.8809,0.0165,A
100,hotel2/memcached-reserve,194.49,7.09,79.27,0.0,0,1760,311.294,6.5627,284.8809,0.27,A
100,es-stress-d/elasticsearch-dynamic-0,5.83,208336.5,1414.12,0.0039,1,947,311.294,186.6619,284.8809,0.0132,A
100,es-stress-d2/elasticsearch-dynamic-0,5.75,208343.5,1414.11,0.0,0,719,311.294,186.6655,284.8809,0.0099,A
100,es-stress-d3/elasticsearch-dynamic-0,6.28,208352.27,1414.12,0.0,0,897,311.294,186.6912,284.8809,0.0066,A
100,es-stress-d4/elasticsearch-dynamic-0,5.26,208339.85,1414.11,0.0,0,909,311.294,186.6457,284.8809,0.0066,A
100,es-stress-d5/elasticsearch-dynamic-0,8.29,208381.62,1414.11,0.0039,1,558,311.294,186.7853,284.8809,0.0132,A
100,hotel1/consul,22.38,26.17,212.87,0.0,0,2610,369.2724,1.3679,284.8809,0.0263,A
100,hotel1/frontend,3281.54,93.81,1119.14,0.0,0,6472,915.6824,110.7058,284.8809,4.89,A
100,hotel1/geo,587.11,18.99,1119.06,0.0,0,4456,630.4513,19.8087,284.8809,0.852,A
100,hotel1/jaeger,0.33,14.83,81.01,0.0,0,0,311.294,1.3679,1.454,0.0,A
100,hotel1/memcached-profile,197.43,7.76,79.27,0.0,0,2636,372.951,6.6624,284.8809,0.299,A
100,hotel1/memcached-rate,120.1,7.45,79.27,0.0,0,3532,499.7204,4.0553,284.8809,0.184,A
100,hotel1/memcached-reserve,149.83,7.02,79.27,0.0,0,1802,311.294,5.0571,284.8809,0.234,A
100,hotel1/mongodb-geo,9.58,163.84,400.43,0.0,0,321,311.294,1.3679,284.8809,0.0132,A
100,hotel1/mongodb-profile,9.33,164.06,400.43,0.0,0,207,311.294,1.3679,284.8809,0.0132,A
100,hotel1/mongodb-rate,10.43,164.44,400.43,0.0273,1,203,311.294,1.3679,284.8809,0.0099,A
100,hotel2/mongodb-geo,10.04,163.57,400.43,0.0273,2,150,311.294,1.3679,284.8809,0.0132,A
100,hotel1/mongodb-reservation,4001.79,271.1,400.43,0.0547,5,2980836,421739.6801,135.1444,284.8809,5.39,A
100,hotel2/memcached-rate,139.35,7.45,79.27,0.0,0,4934,698.0805,4.7042,284.8809,0.197,A
100,hotel2/memcached-profile,243.47,7.7,79.27,0.0,0,3311,468.4525,8.2143,284.8809,0.362,A
100,hotel2/jaeger,0.31,14.6,81.01,0.0,0,0,311.294,1.3679,1.454,0.0,A
100,hotel2/geo,680.34,20.71,1119.06,0.0,0,5538,783.5367,22.953,284.8809,1.0,A
100,hotel1/mongodb-recommendation,10.26,163.82,400.43,0.0273,1,333,311.294,1.3679,284.8809,0.0132,A
100,hotel2/consul,22.03,26.28,212.87,0.0,0,2930,414.5472,1.3679,284.8809,0.0296,A
100,hotel2/frontend,3933.78,102.13,1119.14,0.0,0,6691,946.6674,132.7005,284.8809,6.37,A
100,hotel1/search,1360.04,22.2,1119.06,0.0,0,5854,828.2455,45.8673,284.8809,1.97,A
100,hotel1/reservation,893.31,116.79,1119.06,0.0,0,5727,810.2771,30.2183,284.8809,1.27,A
100,hotel1/recommendation,409.23,17.46,1119.06,0.0,0,3870,547.5419,13.8109,284.8809,0.612,A
100,hotel1/rate,721.82,26.32,1119.14,0.0,0,5261,744.3457,24.3564,284.8809,1.09,A
100,hotel1/profile,1177.11,29.04,1119.06,0.0,0,6481,916.9558,39.7068,284.8809,1.74,A
100,hotel1/mongodb-user,10.28,163.61,400.43,0.0273,1,133,311.294,1.3679,284.8809,0.0132,A
100,hotel1/user,21.26,16.05,1119.06,0.0,0,1560,311.294,1.3679,284.8809,0.0263,A
101,hotel2/user,26.0,15.95,1119.06,0.0,0,1480,311.294,1.3679,318.0837,0.0278,A
101,hotel2/search,1616.3,24.0,1119.06,0.0,0,6427,912.8578,68.1829,318.0837,2.0,A
101,hotel2/mongodb-recommendation,9.78,163.75,400.43,0.0,0,155,311.294,1.3679,318.0837,0.0139,A
101,hotel2/recommendation,495.93,17.98,1119.06,0.0,0,3036,431.2177,20.934,318.0837,0.597,A
101,hotel2/rate,906.1,26.68,1119.14,0.0,0,5208,739.7174,38.2402,318.0837,1.14,A
101,hotel2/profile,1545.51,38.39,1119.06,0.0,0,5049,717.1338,65.2162,318.0837,1.83,A
101,hotel2/mongodb-user,9.7,163.64,400.43,0.0,0,182,311.294,1.3679,318.0837,0.0104,A
101,hotel2/mongodb-reservation,3999.93,275.18,400.43,0.0039,2,3207598,455590.627,169.0083,318.0837,5.7,A
101,hotel2/reservation,1178.61,119.28,1119.06,0.0,0,5393,765.9938,49.8479,318.0837,1.49,A
101,hotel2/mongodb-rate,9.99,164.5,400.43,0.0,0,119,311.294,1.3679,318.0837,0.0139,A
101,hotel2/mongodb-profile,9.89,164.23,400.43,0.0,0,142,311.294,1.3679,318.0837,0.0104,A
101,hotel2/memcached-reserve,205.12,7.09,79.27,0.0,0,1783,311.294,8.658,318.0837,0.226,A
101,es-stress-d/elasticsearch-dynamic-0,7.53,208336.5,1414.12,0.0,0,569,311.294,263.7614,318.0837,0.0104,A
101,es-stress-d2/elasticsearch-dynamic-0,7.67,208343.5,1414.11,0.0039,1,333,311.294,263.7761,318.0837,0.0139,A
101,es-stress-d3/elasticsearch-dynamic-0,7.31,208352.26,1414.12,0.0039,1,1009,311.294,263.772,318.0837,0.0139,A
101,es-stress-d4/elasticsearch-dynamic-0,6.68,208339.85,1414.11,0.0039,1,815,311.294,263.7297,318.0837,0.0139,A
101,es-stress-d5/elasticsearch-dynamic-0,5.75,208381.62,1414.11,0.0273,6,853,311.294,263.7434,318.0837,0.007,A
101,hotel1/consul,24.82,26.69,212.87,0.0,0,2563,364.0353,1.3679,318.0837,0.0313,A
101,hotel1/frontend,4628.31,99.27,1119.14,0.0,0,5824,827.2108,195.282,318.0837,6.91,A
101,hotel1/geo,718.27,19.99,1119.06,0.0,0,4167,591.8591,30.3117,318.0837,1.09,A
101,hotel1/jaeger,0.34,14.83,81.01,0.0,0,0,311.294,1.3679,1.454,0.0035,A
101,hotel1/memcached-profile,251.48,7.77,79.27,0.0,0,3355,476.5268,10.6137,318.0837,0.379,A
101,hotel1/memcached-rate,162.34,7.45,79.27,0.0,0,2874,408.2081,6.8546,318.0837,0.247,A
101,hotel1/memcached-reserve,201.49,7.03,79.27,0.0,0,2799,397.5555,8.5049,318.0837,0.299,A
101,hotel1/mongodb-geo,10.9,163.81,400.43,0.0312,1,213,311.294,1.3679,318.0837,0.0174,A
101,hotel1/mongodb-profile,10.53,164.22,400.43,0.0312,1,201,311.294,1.3679,318.0837,0.0139,A
101,hotel1/mongodb-rate,9.57,164.87,400.43,0.0,0,209,311.294,1.3679,318.0837,0.0139,A
101,hotel2/mongodb-geo,9.57,163.57,400.43,0.0,0,197,311.294,1.3679,318.0837,0.0139,A
101,hotel1/mongodb-reservation,3997.69,270.96,400.43,0.0234,11,3147508,447055.7542,168.9085,318.0837,5.7,A
101,hotel1/mongodb-recommendation,9.68,163.64,400.43,0.0,0,214,311.294,1.3679,318.0837,0.0104,A
101,hotel2/memcached-rate,147.59,7.45,79.27,0.0,0,3370,478.6574,6.2327,318.0837,0.177,A
101,hotel2/memcached-profile,256.79,7.68,79.27,0.0,0,2359,335.0602,10.8375,318.0837,0.292,A
101,hotel2/jaeger,0.3,14.6,81.01,0.0,0,0,311.294,1.3679,1.454,0.0035,A
101,hotel2/frontend,4333.14,98.28,1119.14,0.0,0,8804,1250.4746,182.8346,318.0837,5.01,A
101,hotel2/consul,23.46,26.39,212.87,0.0,0,2706,384.3462,1.3679,318.0837,0.0347,A
101,hotel2/geo,719.76,19.22,1119.06,0.0,0,4394,624.101,30.3736,318.0837,0.927,A
101,hotel1/search,1675.21,24.54,1119.06,0.0,0,5839,829.3414,70.6676,318.0837,2.46,A
101,hotel1/reservation,1189.22,118.66,1119.06,0.0,0,5213,740.4276,50.2945,318.0837,1.69,A
101,hotel1/recommendation,490.84,18.34,1119.06,0.0,0,3668,520.9837,20.7199,318.0837,0.792,A
101,hotel1/rate,928.31,26.44,1119.14,0.0,0,4243,602.6538,39.1764,318.0837,1.36,A
101,hotel1/profile,1450.96,29.41,1119.06,0.0,0,5923,841.2723,61.2181,318.0837,2.28,A
101,hotel1/mongodb-user,9.93,163.61,400.43,0.0,0,189,311.294,1.3679,318.0837,0.0139,A
101,hotel1/user,23.6,16.05,1119.06,0.0,0,996,311.294,1.3679,318.0837,0.0347,A
102,hotel2/search,1338.38,23.97,1119.06,0.0,0,4964,719.8098,47.2627,299.4394,1.74,A
102,hotel2/user,20.18,16.19,1119.06,0.0,0,1667,311.294,1.3679,299.4394,0.0263,A
102,hotel2/reservation,955.1,119.34,1119.06,0.0,0,5564,806.8135,33.8301,299.4394,1.26,A
102,hotel2/mongodb-rate,10.64,164.51,400.43,0.0352,4,302,311.294,1.3679,299.4394,0.0117,A
102,hotel2/rate,753.18,27.13,1119.14,0.0,0,4186,606.9952,26.611,299.4394,0.986,A
102,hotel2/profile,1252.63,37.25,1119.06,0.0,0,4952,718.0698,44.2494,299.4394,1.66,A
102,hotel2/mongodb-user,10.99,163.64,400.43,0.0312,2,190,311.294,1.3679,299.4394,0.0146,A
102,hotel2/mongodb-reservation,4001.2,275.27,400.43,0.082,6,3071973,445454.5553,141.4997,299.4394,4.8,A
102,hotel2/mongodb-recommendation,11.78,163.57,400.43,0.0312,2,187,311.294,1.3679,299.4394,0.0146,A
102,hotel2/recommendation,410.28,17.72,1119.06,0.0,0,4545,659.0523,14.4987,299.4394,0.539,A
102,hotel2/mongodb-profile,11.56,164.23,400.43,0.0312,2,185,311.294,1.3679,299.4394,0.0117,A
102,hotel2/mongodb-geo,10.79,163.57,400.43,0.0312,2,180,311.294,1.3679,299.4394,0.0117,A
102,hotel2/memcached-rate,113.94,7.45,79.27,0.0,0,2647,383.8309,4.029,299.4394,0.155,A
102,hotel2/memcached-reserve,164.49,7.1,79.27,0.0,0,1581,311.294,5.8129,299.4394,0.208,A
102,es-stress-d/elasticsearch-dynamic-0,6.06,208336.5,1414.12,0.0234,9,1025,311.294,208.7973,299.4394,0.0117,A
102,es-stress-d2/elasticsearch-dynamic-0,6.12,208343.5,1414.11,0.0234,6,1310,311.294,208.8064,299.4394,0.0146,A
102,es-stress-d3/elasticsearch-dynamic-0,5.58,208352.26,1414.12,0.0195,8,511,311.294,208.7962,299.4394,0.0058,A
102,es-stress-d4/elasticsearch-dynamic-0,5.24,208339.85,1414.11,0.0234,6,1050,311.294,208.7717,299.4394,0.0058,A
102,es-stress-d5/elasticsearch-dynamic-0,7.41,208381.62,1414.11,0.0,0,451,311.294,208.8901,299.4394,0.0088,A
102,hotel1/consul,23.72,26.77,212.87,0.0,0,2909,421.8225,1.3679,299.4394,0.0322,A
102,hotel1/frontend,4960.2,99.6,1119.14,0.0,0,7034,1019.9723,175.1721,299.4394,5.37,A
102,hotel1/jaeger,0.33,14.83,81.01,0.0,0,0,311.294,1.3679,1.454,0.0,A
102,hotel1/memcached-profile,248.32,8.01,79.27,0.0,0,3589,520.4266,8.7726,299.4394,0.29,A
102,hotel1/memcached-rate,163.43,7.45,79.27,0.0,0,3972,575.9639,5.7758,299.4394,0.196,A
102,hotel1/memcached-reserve,212.44,7.04,79.27,0.0,0,2044,311.294,7.5052,299.4394,0.225,A
102,hotel1/mongodb-geo,9.9,163.65,400.43,0.0,0,505,311.294,1.3679,299.4394,0.0117,A
102,hotel1/mongodb-profile,10.4,164.07,400.43,0.0,0,177,311.294,1.3679,299.4394,0.0117,A
102,hotel1/geo,765.7,19.49,1119.06,0.0,0,4125,598.1498,27.0452,299.4394,0.843,A
102,hotel1/mongodb-recommendation,11.27,163.83,400.43,0.0312,1,287,311.294,1.3679,299.4394,0.0146,A
102,hotel1/mongodb-rate,10.94,164.44,400.43,0.0312,1,278,311.294,1.3679,299.4394,0.0088,A
102,hotel2/jaeger,0.32,14.6,81.01,0.0,0,0,311.294,1.3679,1.454,0.0,A
102,hotel2/geo,600.83,19.93,1119.06,0.0,0,3656,530.142,21.2265,299.4394,0.784,A
102,hotel2/frontend,3212.06,101.22,1119.14,0.0,0,5534,802.4633,113.4724,299.4394,4.38,A
102,hotel2/consul,22.85,26.39,212.87,0.0,0,2565,371.9404,1.3679,299.4394,0.0263,A
102,hotel1/user,24.81,16.05,1119.06,0.0,0,1294,311.294,1.3679,299.4394,0.0322,A
102,hotel1/search,1778.13,26.36,1119.06,0.0,0,6149,891.642,62.7863,299.4394,1.94,A
102,hotel2/memcached-profile,202.48,7.92,79.27,0.0,0,3252,471.5596,7.1545,299.4394,0.275,A
102,hotel1/recommendation,545.71,19.15,1119.06,0.0,0,5075,735.9055,19.2802,299.4394,0.6,A
102,hotel1/rate,969.52,26.9,1119.14,0.0,0,5168,749.3911,34.2466,299.4394,1.06,A
102,hotel1/profile,1568.44,30.49,1119.06,0.0,0,6027,873.9512,55.3893,299.4394,1.71,A
102,hotel1/mongodb-user,10.54,163.61,400.43,0.0312,1,127,311.294,1.3679,299.4394,0.0146,A
102,hotel1/mongodb-reservation,4001.31,271.3,400.43,0.0781,15,3109787,450937.8126,141.4996,299.4394,4.79,A
102,hotel1/reservation,1186.99,115.93,1119.06,0.0,0,4377,634.6913,42.0114,299.4394,1.31,A
103,hotel2/user,17.54,15.95,1119.06,0.0,0,1396,311.294,1.3679,287.1308,0.0279,A
103,hotel2/search,1268.53,30.33,1119.06,0.0,0,5947,828.3136,53.7735,287.1308,1.7,A
103,hotel2/profile,1217.98,40.32,1119.06,0.0,0,5139,715.7732,51.6434,287.1308,1.52,A
103,hotel2/recommendation,388.02,18.5,1119.06,0.0,0,3376,470.218,16.4588,287.1308,0.52,A
103,hotel2/rate,700.49,27.36,1119.14,0.0,0,5334,742.9334,29.7061,287.1308,0.958,A
103,hotel2/mongodb-user,9.98,163.64,400.43,0.0,0,312,311.294,1.3679,287.1308,0.0112,A
103,hotel2/mongodb-reservation,3996.59,275.59,400.43,0.0,0,3291956,458512.1694,169.6214,287.1308,4.58,A
103,hotel2/mongodb-recommendation,9.77,163.75,400.43,0.0,0,152,311.294,1.3679,287.1308,0.0112,A
103,hotel2/reservation,852.33,118.85,1119.06,0.0,0,4107,572.0336,36.2423,287.1308,1.22,A
103,hotel2/mongodb-rate,9.18,164.7,400.43,0.0,0,178,311.294,1.3679,287.1308,0.0112,A
103,hotel2/mongodb-profile,9.49,164.42,400.43,0.0,0,186,311.294,1.3679,287.1308,0.0112,A
103,hotel2/memcached-reserve,143.39,7.09,79.27,0.0,0,1413,311.294,6.0825,287.1308,0.209,A
103,es-stress-d2/elasticsearch-dynamic-0,8.99,208343.56,1414.11,0.0039,1,440,311.294,236.7504,287.1308,0.0084,A
103,es-stress-d3/elasticsearch-dynamic-0,8.31,208352.39,1414.12,0.0039,1,377,311.294,236.7316,287.1308,0.0112,A
103,es-stress-d4/elasticsearch-dynamic-0,10.69,208339.98,1414.11,0.0039,1,877,311.294,236.8183,287.1308,0.0112,A
103,es-stress-d5/elasticsearch-dynamic-0,6.05,208381.62,1414.11,0.0039,1,984,311.294,236.669,287.1308,0.0,A
103,hotel1/consul,24.22,27.0,212.87,0.0,0,2652,369.3774,1.3679,287.1308,0.0279,A
103,hotel1/frontend,4403.48,99.36,1119.14,0.0,0,6908,962.1642,186.6587,287.1308,4.66,A
103,hotel1/geo,728.33,19.37,1119.06,0.0,0,4282,596.4081,30.8764,287.1308,0.791,A
103,hotel1/jaeger,0.32,14.83,81.01,0.0,0,0,311.294,1.3679,1.454,0.0,A
103,hotel1/memcached-profile,240.16,7.54,79.27,0.0,0,3375,470.0788,10.1825,287.1308,0.263,A
103,hotel1/memcached-rate,145.6,7.45,79.27,0.0,0,3348,466.3181,6.1765,287.1308,0.168,A
103,hotel1/memcached-reserve,204.95,7.02,79.27,0.0,0,2157,311.294,8.6903,287.1308,0.221,A
103,hotel1/mongodb-geo,11.02,163.81,400.43,0.0312,1,203,311.294,1.3679,287.1308,0.014,A
103,hotel1/mongodb-profile,11.89,164.22,400.43,0.0312,1,222,311.294,1.3679,287.1308,0.0112,A
103,hotel1/mongodb-rate,9.52,164.44,400.43,0.0,0,231,311.294,1.3679,287.1308,0.0112,A
103,hotel2/mongodb-geo,9.39,163.57,400.43,0.0,0,166,311.294,1.3679,287.1308,0.0112,A
103,es-stress-d/elasticsearch-dynamic-0,8.84,208336.57,1414.12,0.0,0,887,311.294,236.7361,287.1308,0.0084,A
103,hotel1/mongodb-reservation,3997.28,271.09,400.43,0.0234,11,3060430,426264.6276,169.6455,287.1308,4.58,A
103,hotel1/mongodb-recommendation,10.39,163.64,400.43,0.0,0,200,311.294,1.3679,287.1308,0.0112,A
103,hotel2/memcached-rate,108.78,7.46,79.27,0.0,0,5894,820.9316,4.6167,287.1308,0.156,A
103,hotel2/memcached-profile,189.12,7.95,79.27,0.0,0,2456,342.078,8.0208,287.1308,0.265,A
103,hotel2/jaeger,0.31,14.6,81.01,0.0,0,0,311.294,1.3679,1.454,0.0028,A
103,hotel2/frontend,2996.89,100.78,1119.14,0.0,0,6618,921.7722,127.0725,287.1308,4.54,A
103,hotel2/consul,22.98,26.39,212.87,0.0,0,3624,504.7601,1.3679,287.1308,0.0223,A
103,hotel2/geo,560.04,20.96,1119.06,0.0,0,4304,599.4723,23.7489,287.1308,0.771,A
103,hotel1/search,1639.38,24.9,1119.06,0.0,0,6030,839.874,69.4778,287.1308,1.82,A
103,hotel1/reservation,1096.78,116.62,1119.06,0.0,0,6189,862.02,46.5955,287.1308,1.2,A
103,hotel1/recommendation,509.42,18.64,1119.06,0.0,0,4656,648.4998,21.6019,287.1308,0.55,A
103,hotel1/rate,904.4,25.98,1119.14,0.0,0,6439,896.8406,38.3428,287.1308,0.972,A
103,hotel1/profile,1454.38,28.81,1119.06,0.0,0,6290,876.0875,61.645,287.1308,1.59,A
103,hotel1/mongodb-user,9.36,163.61,400.43,0.0,0,183,311.294,1.3679,287.1308,0.0084,A
103,hotel1/user,25.65,16.05,1119.06,0.0,0,1561,311.294,1.3679,287.1308,0.0251,A
104,hotel2/user,16.05,15.94,1119.06,0.0,0,1277,311.294,1.3679,256.5315,0.0266,A
104,hotel2/search,1213.96,26.05,1119.06,0.0,0,7468,1071.6682,39.4674,256.5315,1.6,A
104,hotel2/mongodb-recommendation,10.61,163.57,400.43,0.0898,18,272,311.294,1.3679,256.5315,0.0152,A
104,hotel2/recommendation,376.37,18.55,1119.06,0.0,0,4382,628.823,12.2446,256.5315,0.479,A
104,hotel2/rate,680.63,26.57,1119.14,0.0,0,4910,704.5917,22.1377,256.5315,0.901,A
104,hotel2/profile,1126.25,37.91,1119.06,0.0,0,5484,786.9615,36.6268,256.5315,1.6,A
104,hotel2/mongodb-user,13.19,163.65,400.43,0.082,16,162,311.294,1.3679,256.5315,0.0076,A
104,hotel2/mongodb-reservation,4000.97,275.57,400.43,0.1133,18,3127420,448789.0393,130.2273,256.5315,4.25,A
104,hotel2/reservation,859.85,119.72,1119.06,0.0,0,5875,843.0705,28.0352,256.5315,1.17,A
104,hotel2/mongodb-rate,10.54,164.7,400.43,0.0742,12,179,311.294,1.3679,256.5315,0.0114,A
104,hotel2/mongodb-profile,11.52,164.24,400.43,0.1016,18,172,311.294,1.3679,256.5315,0.0152,A
104,hotel2/mongodb-geo,11.12,163.58,400.43,0.1016,18,229,311.294,1.3679,256.5315,0.0152,A
104,hotel2/memcached-reserve,134.77,7.09,79.27,0.0,0,2077,311.294,4.3849,256.5315,0.201,A
104,es-stress-d/elasticsearch-dynamic-0,7.84,208336.56,1414.12,0.0039,1,634,311.294,165.5731,256.5315,0.0,A
104,es-stress-d2/elasticsearch-dynamic-0,7.36,208343.56,1414.11,0.0,0,883,311.294,165.563,256.5315,0.0038,A
104,es-stress-d3/elasticsearch-dynamic-0,7.32,208352.39,1414.12,0.0,0,434,311.294,165.5687,256.5315,0.0,A
104,es-stress-d4/elasticsearch-dynamic-0,5.77,208339.98,1414.11,0.0,0,673,311.294,165.5085,256.5315,0.0076,A
104,es-stress-d5/elasticsearch-dynamic-0,10.43,208381.68,1414.11,0.0039,1,338,311.294,165.693,256.5315,0.0,A
104,hotel1/consul,28.7,27.29,212.87,0.0,0,3608,517.7529,1.3679,256.5315,0.0266,A
104,hotel1/frontend,3438.69,101.07,1119.14,0.0,0,6482,930.1758,111.818,256.5315,3.37,A
104,hotel1/geo,592.08,19.24,1119.06,0.0,0,5222,749.3641,19.2545,256.5315,0.638,A
104,hotel1/memcached-profile,191.28,7.52,79.27,0.0,0,3355,481.4471,6.2215,256.5315,0.209,A
104,hotel1/memcached-rate,125.35,7.46,79.27,0.0,0,4561,654.5097,4.0791,256.5315,0.137,A
104,hotel1/memcached-reserve,149.3,7.04,79.27,0.0,0,1927,311.294,4.857,256.5315,0.156,A
104,hotel1/mongodb-geo,10.2,163.66,400.43,0.0508,9,316,311.294,1.3679,256.5315,0.0114,A
104,hotel1/mongodb-profile,9.83,164.26,400.43,0.0469,7,334,311.294,1.3679,256.5315,0.0114,A
104,hotel1/mongodb-rate,11.13,164.63,400.43,0.0742,8,216,311.294,1.3679,256.5315,0.0114,A
104,hotel1/jaeger,0.26,14.83,81.01,0.0,0,0,311.294,1.3679,1.454,0.0,A
104,hotel1/mongodb-reservation,3997.12,271.64,400.43,0.1406,24,3165435,454244.2437,130.0991,256.5315,4.41,A
104,hotel1/mongodb-recommendation,11.04,163.64,400.43,0.082,10,234,311.294,1.3679,256.5315,0.0114,A
104,hotel2/memcached-profile,175.66,8.17,79.27,0.0,0,4397,630.9755,5.7144,256.5315,0.262,A
104,hotel2/jaeger,0.31,14.6,81.01,0.0,0,0,311.294,1.3679,1.454,0.0,A
104,hotel2/geo,540.44,20.36,1119.06,0.0,0,5181,743.4806,17.5774,256.5315,0.718,A
104,hotel2/frontend,2977.52,101.48,1119.14,0.0,0,5556,797.2936,96.8329,256.5315,4.51,A
104,hotel2/consul,22.8,26.4,212.87,0.0,0,2746,394.0547,1.3679,256.5315,0.0228,A
104,hotel1/user,20.73,15.81,1119.06,0.0,0,1321,311.294,1.3679,256.5315,0.0228,A
104,hotel2/memcached-rate,102.79,7.45,79.27,0.0,0,4388,629.684,3.346,256.5315,0.152,A
104,hotel1/reservation,915.95,116.9,1119.06,0.0,0,6178,886.5514,29.8559,256.5315,0.965,A
104,hotel1/recommendation,411.98,20.2,1119.06,0.0,0,4067,583.6201,13.403,256.5315,0.429,A
104,hotel1/rate,741.48,25.94,1119.14,0.0,0,6335,909.0811,24.1144,256.5315,0.787,A
104,hotel1/profile,1182.02,29.36,1119.06,0.0,0,5965,855.9856,38.4322,256.5315,1.23,A
104,hotel1/mongodb-user,11.03,163.62,400.43,0.082,10,140,311.294,1.3679,256.5315,0.0114,A
104,hotel1/search,1341.68,25.24,1119.06,0.0,0,7349,1054.5915,43.617,256.5315,1.48,A
105,hotel2/user,19.41,15.95,1119.06,0.0,0,1089,311.294,1.3679,318.9905,0.0313,A
105,hotel2/search,1455.58,25.05,1119.06,0.0,0,5980,831.4945,51.0426,318.9905,1.92,A
105,hotel2/rate,849.39,26.42,1119.14,0.0,0,5439,756.2707,29.7978,318.9905,1.07,A
105,hotel2/recommendation,454.33,18.44,1119.06,0.0,0,4579,636.6912,15.943,318.9905,0.592,A
105,hotel2/profile,1333.5,36.66,1119.06,0.0,0,5560,773.0952,46.776,318.9905,1.84,A
105,hotel2/mongodb-user,9.69,163.65,400.43,0.0,0,165,311.294,1.3679,318.9905,0.0125,A
105,hotel2/mongodb-reservation,4000.81,275.23,400.43,0.0117,6,3284439,456687.7971,140.5118,318.9905,5.01,A
105,hotel2/mongodb-recommendation,9.97,163.76,400.43,0.0,0,163,311.294,1.3679,318.9905,0.0125,A
105,hotel2/reservation,1021.75,120.18,1119.06,0.0,0,4786,665.4737,35.9369,318.9905,1.39,A
105,hotel2/mongodb-rate,9.94,164.51,400.43,0.0,0,139,311.294,1.3679,318.9905,0.0125,A
105,hotel2/mongodb-profile,9.65,164.24,400.43,0.0,0,173,311.294,1.3679,318.9905,0.0125,A
105,hotel2/mongodb-geo,9.74,163.77,400.43,0.0,0,193,311.294,1.3679,318.9905,0.0125,A
105,hotel2/memcached-reserve,182.1,7.09,79.27,0.0,0,1575,311.294,6.3898,318.9905,0.238,A
105,es-stress-d2/elasticsearch-dynamic-0,9.2,208343.62,1414.11,0.0039,1,1078,311.294,218.326,318.9905,0.0063,A
105,es-stress-d3/elasticsearch-dynamic-0,7.68,208352.45,1414.12,0.0039,1,645,311.294,218.2819,318.9905,0.0094,A
105,es-stress-d4/elasticsearch-dynamic-0,8.06,208340.05,1414.11,0.0078,2,740,311.294,218.2823,318.9905,0.0094,A
105,es-stress-d5/elasticsearch-dynamic-0,6.25,208381.68,1414.11,0.0,0,871,311.294,218.2624,318.9905,0.0125,A
105,hotel1/consul,23.91,27.29,212.87,0.0,0,1969,311.294,1.3679,318.9905,0.0313,A
105,hotel1/frontend,5085.38,96.9,1119.14,0.0,0,8296,1153.5248,178.3381,318.9905,6.33,A
105,hotel1/geo,785.47,18.9,1119.06,0.0,0,4593,638.6378,27.5496,318.9905,0.968,A
105,hotel1/jaeger,0.29,14.83,81.01,0.0,0,0,311.294,1.3679,1.454,0.0,A
105,hotel1/memcached-profile,267.47,7.53,79.27,0.0,0,3231,449.2573,9.3824,318.9905,0.341,A
105,hotel1/memcached-rate,177.81,7.45,79.27,0.0,0,2854,396.837,6.2398,318.9905,0.216,A
105,hotel1/memcached-reserve,225.91,7.03,79.27,0.0,0,1931,311.294,7.9252,318.9905,0.276,A
105,hotel1/mongodb-geo,11.19,163.66,400.43,0.0312,1,274,311.294,1.3679,318.9905,0.0188,A
105,hotel1/mongodb-profile,10.96,164.23,400.43,0.0312,1,245,311.294,1.3679,318.9905,0.0157,A
105,hotel1/mongodb-rate,9.63,164.88,400.43,0.0,0,240,311.294,1.3679,318.9905,0.0125,A
105,es-stress-d/elasticsearch-dynamic-0,8.69,208336.57,1414.12,0.0,0,928,311.294,218.3007,318.9905,0.0094,A
105,hotel1/mongodb-reservation,4009.03,271.71,400.43,0.0039,2,3135276,435947.2926,140.7962,318.9905,5.14,A
105,hotel2/memcached-rate,128.39,7.46,79.27,0.0,0,3838,533.6582,4.5077,318.9905,0.178,A
105,hotel2/memcached-profile,236.84,7.69,79.27,0.0,0,3211,446.4764,8.309,318.9905,0.304,A
105,hotel2/jaeger,0.36,14.6,81.01,0.0,0,0,311.294,1.3679,1.454,0.0,A
105,hotel2/geo,659.76,20.88,1119.06,0.0,0,4626,643.2264,23.1457,318.9905,0.849,A
105,hotel1/mongodb-recommendation,9.72,163.64,400.43,0.0,0,208,311.294,1.3679,318.9905,0.0125,A
105,hotel2/consul,22.93,26.92,212.87,0.0,0,3042,422.9776,1.3679,318.9905,0.0313,A
105,hotel2/frontend,3871.34,100.24,1119.14,0.0,0,6011,835.8049,135.7909,318.9905,4.97,A
105,hotel1/search,1792.84,24.63,1119.06,0.0,0,5414,752.7945,62.8627,318.9905,2.29,A
105,hotel1/reservation,1194.0,116.54,1119.06,0.0,0,6157,856.1056,41.9703,318.9905,1.64,A
105,hotel1/recommendation,558.72,18.52,1119.06,0.0,0,5307,737.9166,19.6019,318.9905,0.679,A
105,hotel1/rate,996.5,26.2,1119.14,0.0,0,5478,761.6935,34.9536,318.9905,1.24,A
105,hotel1/profile,1669.76,30.57,1119.06,0.0,0,5939,825.7936,58.5551,318.9905,1.99,A
105,hotel1/mongodb-user,10.22,163.62,400.43,0.0,0,145,311.294,1.3679,318.9905,0.0125,A
105,hotel1/user,27.23,15.81,1119.06,0.0,0,1072,311.294,1.3679,318.9905,0.0313,A
106,hotel2/user,17.56,15.95,1119.06,0.0,0,1233,311.294,1.3679,284.5546,0.0219,A
106,hotel2/mongodb-reservation,3999.69,275.51,400.43,0.0742,6,3312540,457141.8933,136.9134,284.5546,4.48,A
106,hotel2/reservation,911.77,118.79,1119.06,0.0,0,4345,599.6249,31.2622,284.5546,0.993,A
106,hotel2/recommendation,389.55,18.95,1119.06,0.0,0,4201,579.7524,13.3275,284.5546,0.435,A
106,hotel2/rate,753.37,26.31,1119.14,0.0,0,4974,686.4291,25.7651,284.5546,0.818,A
106,hotel2/profile,1195.11,39.23,1119.06,0.0,0,4703,649.0301,40.8703,284.5546,1.32,A
106,hotel2/mongodb-user,10.77,163.65,400.43,0.0312,2,193,311.294,1.3679,284.5546,0.0137,A
106,hotel2/search,1338.47,28.37,1119.06,0.0,0,5567,768.2651,45.7586,284.5546,1.44,A
106,hotel2/mongodb-recommendation,10.35,163.57,400.43,0.0391,4,181,311.294,1.3679,284.5546,0.0109,A
106,hotel2/mongodb-rate,10.5,164.51,400.43,0.0312,2,198,311.294,1.3679,284.5546,0.0137,A
106,hotel2/mongodb-profile,10.9,164.24,400.43,0.0312,2,148,311.294,1.3679,284.5546,0.0137,A
106,es-stress-d/elasticsearch-dynamic-0,6.16,208336.56,1414.12,0.0039,1,1079,311.294,191.3321,284.5546,0.0082,A
106,hotel2/mongodb-geo,10.68,163.58,400.43,0.0312,2,163,311.294,1.3679,284.5546,0.0137,A
106,es-stress-d2/elasticsearch-dynamic-0,6.11,208343.62,1414.11,0.0,0,525,311.294,191.3368,284.5546,0.0082,A
106,es-stress-d3/elasticsearch-dynamic-0,6.26,208352.45,1414.12,0.0,0,1112,311.294,191.35,284.5546,0.0027,A
106,es-stress-d4/elasticsearch-dynamic-0,5.02,208340.05,1414.11,0.0,0,1102,311.294,191.2963,284.5546,0.0082,A
106,es-stress-d5/elasticsearch-dynamic-0,8.6,208381.82,1414.11,0.0,0,599,311.294,191.4569,284.5546,0.0082,A
106,hotel1/consul,23.88,27.3,212.87,0.0,0,4454,614.6673,1.3679,284.5546,0.0273,A
106,hotel1/frontend,4352.77,97.19,1119.14,0.0,0,5792,799.3159,148.8137,284.5546,5.44,A
106,hotel1/geo,689.4,19.11,1119.06,0.0,0,4117,568.1601,23.5728,284.5546,0.861,A
106,hotel1/memcached-profile,230.67,7.77,79.27,0.0,0,2453,338.5224,7.8886,284.5546,0.271,A
106,hotel1/memcached-rate,157.48,7.46,79.27,0.0,0,3293,454.4453,5.3876,284.5546,0.18,A
106,hotel1/memcached-reserve,190.18,7.52,79.27,0.0,0,2316,319.616,6.5049,284.5546,0.232,A
106,hotel1/mongodb-geo,9.66,163.66,400.43,0.0,0,265,311.294,1.3679,284.5546,0.0109,A
106,hotel1/mongodb-profile,9.58,164.26,400.43,0.0,0,249,311.294,1.3679,284.5546,0.0137,A
106,hotel1/mongodb-rate,10.92,164.63,400.43,0.0312,1,262,311.294,1.3679,284.5546,0.0109,A
106,hotel1/mongodb-recommendation,10.76,163.83,400.43,0.0312,1,214,311.294,1.3679,284.5546,0.0109,A
106,hotel1/jaeger,0.27,14.83,81.01,0.0,0,0,311.294,1.3679,1.454,0.0,A
106,hotel1/mongodb-user,10.65,163.8,400.43,0.0312,1,176,311.294,1.3679,284.5546,0.0109,A
106,hotel1/mongodb-reservation,3996.51,271.52,400.43,0.0703,9,3255966,449334.4871,136.8011,284.5546,4.49,A
106,hotel2/memcached-rate,110.9,7.45,79.27,0.0,0,4006,552.8418,3.796,284.5546,0.118,A
106,hotel2/memcached-profile,198.95,7.67,79.27,0.0,0,2710,373.9893,6.8047,284.5546,0.213,A
106,hotel2/jaeger,0.38,14.6,81.01,0.0,0,0,311.294,1.3679,1.454,0.0,A
106,hotel2/geo,589.86,20.37,1119.06,0.0,0,4323,596.5888,20.1729,284.5546,0.64,A
106,hotel2/frontend,3231.83,101.3,1119.14,0.0,0,6309,870.6637,110.5175,284.5546,3.37,A
106,hotel2/consul,21.35,26.92,212.87,0.0,0,2837,391.5157,1.3679,284.5546,0.0273,A
106,hotel2/memcached-reserve,142.59,7.08,79.27,0.0,0,1793,311.294,4.8785,284.5546,0.167,A
106,hotel1/search,1556.87,26.29,1119.06,0.0,0,6345,875.6318,53.2189,284.5546,1.95,A
106,hotel1/reservation,1054.51,117.27,1119.06,0.0,0,5198,717.3418,36.1379,284.5546,1.32,A
106,hotel1/recommendation,486.48,18.44,1119.06,0.0,0,4286,591.4827,16.6389,284.5546,0.591,A
106,hotel1/rate,852.07,27.04,1119.14,0.0,0,6421,886.12,29.1382,284.5546,1.05,A
106,hotel1/profile,1402.13,30.98,1119.06,0.0,0,6639,916.2048,47.9361,284.5546,1.7,A
106,hotel1/user,20.02,15.81,1119.06,0.0,0,1108,311.294,1.3679,284.5546,0.0246,A
107,hotel2/user,17.96,15.95,1119.06,0.0,0,1354,311.294,1.3679,296.2871,0.0215,A
107,hotel2/search,1336.82,25.1,1119.06,0.0,0,6197,881.8368,49.5183,296.2871,1.51,A
107,hotel2/rate,750.69,27.0,1119.14,0.0,0,4428,630.1071,27.8202,296.2871,0.834,A
107,hotel2/recommendation,410.17,19.38,1119.06,0.0,0,5043,717.6219,15.2055,296.2871,0.479,A
107,hotel2/profile,1265.68,37.95,1119.06,0.0,0,6135,873.0142,46.8977,296.2871,1.47,A
107,hotel2/mongodb-user,9.44,163.84,400.43,0.0,0,158,311.294,1.3679,296.2871,0.0108,A
107,hotel2/mongodb-reservation,4002.18,275.3,400.43,0.0,0,3079146,438164.3208,148.4539,296.2871,4.4,A
107,hotel2/mongodb-recommendation,9.52,163.57,400.43,0.0,0,193,311.294,1.3679,296.2871,0.0081,A
107,hotel2/reservation,913.3,119.7,1119.06,0.0,0,4531,644.764,33.9357,296.2871,1.03,A
107,hotel2/mongodb-rate,9.91,164.51,400.43,0.0,0,143,311.294,1.3679,296.2871,0.0108,A
107,hotel2/mongodb-profile,9.48,164.24,400.43,0.0,0,134,311.294,1.3679,296.2871,0.0108,A
107,hotel2/mongodb-geo,9.41,163.58,400.43,0.0,0,221,311.294,1.3679,296.2871,0.0108,A
107,hotel2/memcached-reserve,161.15,7.1,79.27,0.0,0,1504,311.294,5.9735,296.2871,0.172,A
107,es-stress-d2/elasticsearch-dynamic-0,12.72,208345.01,1414.11,0.0039,1,896,311.294,214.5769,296.2871,0.0108,A
107,es-stress-d3/elasticsearch-dynamic-0,17.48,208354.15,1414.12,0.0039,1,951,311.294,214.7625,296.2871,0.0081,A
107,es-stress-d4/elasticsearch-dynamic-0,16.91,208342.44,1414.11,0.0039,1,974,311.294,214.7294,296.2871,0.0081,A
107,es-stress-d5/elasticsearch-dynamic-0,5.89,208381.82,1414.11,0.0234,9,474,311.294,214.3619,296.2871,0.0081,A
107,hotel1/consul,23.29,27.57,212.87,0.0,0,3042,432.8784,1.3679,296.2871,0.0242,A
107,hotel1/frontend,4771.33,97.66,1119.14,0.0,0,6820,970.4901,176.7473,296.2871,4.84,A
107,hotel1/geo,724.11,18.84,1119.06,0.0,0,5036,716.6258,26.8278,296.2871,0.785,A
107,hotel1/jaeger,0.26,14.83,81.01,0.0,0,0,311.294,1.3679,1.454,0.0,A
107,hotel1/memcached-profile,237.06,7.51,79.27,0.0,0,3992,568.064,8.7843,296.2871,0.266,A
107,hotel1/memcached-rate,162.95,7.45,79.27,0.0,0,2510,357.1745,6.0405,296.2871,0.164,A
107,hotel1/memcached-reserve,203.36,7.03,79.27,0.0,0,2504,356.3207,7.5361,296.2871,0.226,A
107,hotel1/mongodb-geo,11.24,163.66,400.43,0.0312,1,164,311.294,1.3679,296.2871,0.0134,A
107,hotel1/mongodb-profile,10.52,164.07,400.43,0.0312,1,210,311.294,1.3679,296.2871,0.0134,A
107,hotel1/mongodb-rate,9.57,164.69,400.43,0.0,0,358,311.294,1.3679,296.2871,0.0108,A
107,es-stress-d/elasticsearch-dynamic-0,14.05,208337.68,1414.12,0.0,0,363,311.294,214.6186,296.2871,0.0108,A
107,hotel1/mongodb-reservation,3999.63,271.34,400.43,0.0195,10,3106056,441993.6299,148.3554,296.2871,4.41,A
107,hotel2/memcached-rate,114.78,7.46,79.27,0.0,0,6326,900.1936,4.2571,296.2871,0.126,A
107,hotel2/memcached-profile,202.87,7.93,79.27,0.0,0,2534,360.5897,7.5189,296.2871,0.226,A
107,hotel2/jaeger,0.3,14.6,81.01,0.0,0,0,311.294,1.3679,1.454,0.0,A
107,hotel2/geo,589.6,20.16,1119.06,0.0,0,5016,713.7798,21.8492,296.2871,0.67,A
107,hotel1/mongodb-recommendation,9.23,163.64,400.43,0.0,0,193,311.294,1.3679,296.2871,0.0108,A
107,hotel2/consul,23.92,27.04,212.87,0.0,0,3721,529.5005,1.3679,296.2871,0.0242,A
107,hotel2/frontend,3127.69,101.16,1119.14,0.0,0,6008,854.942,115.8991,296.2871,3.52,A
107,hotel1/search,1686.85,23.56,1119.06,0.0,0,6020,856.6496,62.4757,296.2871,1.78,A
107,hotel1/reservation,1123.27,116.76,1119.06,0.0,0,5793,824.3474,41.7063,296.2871,1.2,A
107,hotel1/recommendation,520.75,18.02,1119.06,0.0,0,3808,541.8807,19.298,296.2871,0.559,A
107,hotel1/rate,927.74,26.76,1119.14,0.0,0,5447,775.1114,34.3748,296.2871,1.01,A
107,hotel1/profile,1514.81,28.36,1119.06,0.0,0,5506,783.5071,56.1113,296.2871,1.63,A
107,hotel1/mongodb-user,9.88,163.62,400.43,0.0,0,162,311.294,1.3679,296.2871,0.0108,A
107,hotel1/user,22.85,15.81,1119.06,0.0,0,1312,311.294,1.3679,296.2871,0.0269,A
108,hotel2/user,25.01,15.95,1119.06,0.0,0,1341,311.294,1.3679,298.79,0.0169,A
108,hotel2/mongodb-reservation,3996.4,275.27,400.43,0.0586,4,3143172,459213.2032,137.7079,298.79,4.65,A
108,hotel2/reservation,1030.76,120.38,1119.06,0.0,0,6223,909.1719,35.5654,298.79,0.985,A
108,hotel2/recommendation,466.56,19.26,1119.06,0.0,0,4474,653.6454,16.0644,298.79,0.437,A
108,hotel2/rate,859.27,26.91,1119.14,0.0,0,4375,639.1816,29.5777,298.79,0.81,A
108,hotel2/profile,1444.32,36.77,1119.06,0.0,0,4770,696.8906,49.7081,298.79,1.3,A
108,hotel2/mongodb-user,10.97,163.84,400.43,0.043,4,205,311.294,1.3679,298.79,0.0169,A
108,hotel2/search,1517.38,25.3,1119.06,0.0,0,5530,807.9256,52.2098,298.79,1.41,A
108,hotel2/mongodb-recommendation,10.98,163.82,400.43,0.0312,2,211,311.294,1.3679,298.79,0.0113,A
108,hotel2/mongodb-rate,10.59,164.7,400.43,0.0312,2,153,311.294,1.3679,298.79,0.0113,A
108,hotel2/mongodb-profile,11.09,164.43,400.43,0.0312,2,211,311.294,1.3679,298.79,0.0113,A
108,es-stress-d/elasticsearch-dynamic-0,5.96,208337.64,1414.12,0.0312,11,1066,311.294,200.3696,298.79,0.0085,A
108,hotel2/mongodb-geo,10.67,163.58,400.43,0.0312,2,141,311.294,1.3679,298.79,0.0113,A
108,es-stress-d2/elasticsearch-dynamic-0,6.47,208344.95,1414.11,0.0273,10,683,311.294,200.3942,298.79,0.0056,A
108,es-stress-d3/elasticsearch-dynamic-0,6.4,208354.11,1414.12,0.0312,8,705,311.294,200.4006,298.79,0.0056,A
108,es-stress-d4/elasticsearch-dynamic-0,5.39,208342.4,1414.11,0.0312,8,998,311.294,200.3546,298.79,0.0028,A
108,es-stress-d5/elasticsearch-dynamic-0,17.94,208383.44,1414.11,0.0078,3,549,311.294,200.8257,298.79,0.0085,A
108,hotel1/consul,23.96,27.34,212.87,0.0,0,2909,425.001,1.3679,298.79,0.0339,A
108,hotel1/frontend,3896.87,94.84,1119.14,0.0,0,5787,845.4729,134.1116,298.79,4.26,A
108,hotel1/geo,675.12,18.96,1119.06,0.0,0,4297,627.7859,23.2368,298.79,0.711,A
108,hotel1/memcached-profile,222.56,7.54,79.27,0.0,0,2989,436.6889,7.6615,298.79,0.237,A
108,hotel1/memcached-rate,144.17,7.45,79.27,0.0,0,4423,646.1944,4.9654,298.79,0.152,A
108,hotel1/memcached-reserve,185.2,7.03,79.27,0.0,0,1620,311.294,6.3761,298.79,0.186,A
108,hotel1/mongodb-geo,9.87,163.84,400.43,0.0,0,260,311.294,1.3679,298.79,0.0085,A
108,hotel1/mongodb-profile,10.1,164.07,400.43,0.0,0,269,311.294,1.3679,298.79,0.0113,A
108,hotel1/mongodb-rate,10.86,164.63,400.43,0.0312,1,180,311.294,1.3679,298.79,0.0113,A
108,hotel1/mongodb-recommendation,10.93,163.83,400.43,0.0312,1,194,311.294,1.3679,298.79,0.0141,A
108,hotel1/jaeger,0.28,14.83,81.01,0.0,0,0,311.294,1.3679,1.454,0.0028,A
108,hotel1/mongodb-user,10.98,163.8,400.43,0.0312,1,147,311.294,1.3679,298.79,0.0141,A
108,hotel1/mongodb-reservation,3996.98,271.02,400.43,0.082,11,3024471,441871.1467,137.7238,298.79,4.62,A
108,hotel2/memcached-rate,136.54,7.46,79.27,0.0,0,3556,519.5268,4.703,298.79,0.124,A
108,hotel2/memcached-profile,229.82,8.66,79.27,0.0,0,3395,496.0049,7.9122,298.79,0.214,A
108,hotel2/jaeger,0.3,14.6,81.01,0.0,0,0,311.294,1.3679,1.454,0.0,A
108,hotel2/geo,670.01,21.07,1119.06,0.0,0,4518,660.0737,23.0631,298.79,0.621,A
108,hotel2/frontend,3992.92,100.77,1119.14,0.0,0,6718,981.4908,137.4206,298.79,3.43,A
108,hotel2/consul,23.35,27.04,212.87,0.0,0,2613,381.7558,1.3679,298.79,0.0254,A
108,hotel2/memcached-reserve,191.58,7.1,79.27,0.0,0,2333,340.8482,6.5956,298.79,0.158,A
108,hotel1/search,1572.15,24.85,1119.06,0.0,0,6356,928.6031,54.093,298.79,1.62,A
108,hotel1/reservation,1061.84,117.41,1119.06,0.0,0,5343,780.6051,36.6314,298.79,1.08,A
108,hotel1/recommendation,465.22,17.68,1119.06,0.0,0,4819,704.0494,16.0167,298.79,0.499,A
108,hotel1/rate,850.0,25.35,1119.14,0.0,0,5967,871.7707,29.2574,298.79,0.88,A
108,hotel1/profile,1337.4,30.82,1119.06,0.0,0,6710,980.322,46.0252,298.79,1.44,A
108,hotel1/user,22.12,15.81,1119.06,0.0,0,1219,311.294,1.3679,298.79,0.0226,A
109,hotel2/user,17.57,15.95,1119.06,0.0,0,1499,311.294,1.3679,304.9507,0.0285,A
109,hotel2/search,1439.31,24.8,1119.06,0.0,0,7605,1094.6076,51.4755,304.9507,1.92,A
109,hotel2/rate,824.88,27.48,1119.14,0.0,0,5376,773.7818,29.5145,304.9507,1.1,A
109,hotel2/recommendation,455.59,18.11,1119.06,0.0,0,3752,540.0352,16.3041,304.9507,0.593,A
109,hotel2/profile,1392.16,38.08,1119.06,0.0,0,5582,803.4319,49.8035,304.9507,1.75,A
109,hotel2/mongodb-user,9.65,163.65,400.43,0.0,0,179,311.294,1.3679,304.9507,0.0158,A
109,hotel2/mongodb-reservation,4001.52,274.85,400.43,0.0,0,3188781,458969.595,143.3188,304.9507,5.19,A
109,hotel2/mongodb-recommendation,9.87,163.82,400.43,0.0,0,182,311.294,1.3679,304.9507,0.0127,A
109,hotel2/reservation,1058.3,121.39,1119.06,0.0,0,4831,695.3385,37.9535,304.9507,1.39,A
109,hotel2/mongodb-rate,9.25,164.51,400.43,0.0,0,196,311.294,1.3679,304.9507,0.0127,A
109,hotel2/mongodb-profile,9.02,164.43,400.43,0.0,0,175,311.294,1.3679,304.9507,0.0127,A
109,hotel2/mongodb-geo,9.54,163.58,400.43,0.0,0,112,311.294,1.3679,304.9507,0.0127,A
109,hotel2/memcached-reserve,154.43,7.1,79.27,0.0,0,1792,311.294,5.5275,304.9507,0.238,A
109,es-stress-d/elasticsearch-dynamic-0,13.76,208337.59,1414.12,0.0,0,558,311.294,211.3002,304.9507,0.0095,A
109,es-stress-d2/elasticsearch-dynamic-0,8.12,208344.93,1414.11,0.0078,2,1042,311.294,211.106,304.9507,0.0158,A
109,es-stress-d3/elasticsearch-dynamic-0,12.72,208354.12,1414.12,0.0039,1,351,311.294,211.2798,304.9507,0.0158,A
109,es-stress-d4/elasticsearch-dynamic-0,12.96,208342.34,1414.11,0.0039,1,696,311.294,211.2764,304.9507,0.0095,A
109,es-stress-d5/elasticsearch-dynamic-0,5.81,208383.37,1414.11,0.0,0,982,311.294,211.0623,304.9507,0.0095,A
109,hotel1/consul,23.76,27.38,212.87,0.0,0,3256,468.6446,1.3679,304.9507,0.0317,A
109,hotel1/frontend,4682.71,96.83,1119.14,0.0,0,6812,980.469,167.4889,304.9507,5.94,A
109,hotel1/geo,708.51,19.93,1119.06,0.0,0,4099,589.9798,25.347,304.9507,0.973,A
109,hotel1/memcached-profile,247.18,7.77,79.27,0.0,0,3281,472.2429,8.8437,304.9507,0.333,A
109,hotel1/memcached-rate,156.08,7.7,79.27,0.0,0,2578,371.0583,5.5871,304.9507,0.225,A
109,hotel1/memcached-reserve,204.81,7.04,79.27,0.0,0,1727,311.294,7.3284,304.9507,0.269,A
109,hotel1/mongodb-geo,10.82,163.66,400.43,0.0312,1,150,311.294,1.3679,304.9507,0.0127,A
109,hotel1/mongodb-profile,10.66,164.07,400.43,0.0312,1,237,311.294,1.3679,304.9507,0.0158,A
109,hotel1/mongodb-rate,9.36,164.69,400.43,0.0,0,189,311.294,1.3679,304.9507,0.0127,A
109,hotel1/jaeger,0.3,14.83,81.01,0.0,0,0,311.294,1.3679,1.454,0.0,A
109,hotel1/mongodb-reservation,3999.6,271.05,400.43,0.0273,14,3034877,436817.7895,143.2464,304.9507,5.2,A
109,hotel1/mongodb-recommendation,9.56,163.64,400.43,0.0,0,200,311.294,1.3679,304.9507,0.0095,A
109,hotel2/memcached-profile,240.73,7.91,79.27,0.0,0,2336,336.2266,8.6133,304.9507,0.307,A
109,hotel2/jaeger,0.29,14.6,81.01,0.0,0,0,311.294,1.3679,1.454,0.0,A
109,hotel2/geo,638.6,20.38,1119.06,0.0,0,4523,651.0072,22.8484,304.9507,0.868,A
109,hotel2/frontend,3435.21,100.89,1119.14,0.0,0,6867,988.3853,122.8992,304.9507,5.04,A
109,hotel2/consul,22.6,27.04,212.87,0.0,0,2741,394.5193,1.3679,304.9507,0.0285,A
109,hotel1/user,30.5,16.44,1119.06,0.0,0,1635,311.294,1.3679,304.9507,0.0349,A
109,hotel2/memcached-rate,133.63,7.46,79.27,0.0,0,4489,646.1135,4.7844,304.9507,0.165,A
109,hotel1/reservation,1110.4,116.92,1119.06,0.0,0,5306,763.7065,39.8113,304.9507,1.48,A
109,hotel1/recommendation,487.25,19.58,1119.06,0.0,0,3750,539.7473,17.4373,304.9507,0.694,A
109,hotel1/rate,895.77,26.42,1119.14,0.0,0,4840,696.6339,32.0475,304.9507,1.22,A
109,hotel1/profile,1417.71,28.93,1119.06,0.0,0,5674,816.6737,50.7076,304.9507,2.05,A
109,hotel1/mongodb-user,9.44,163.62,400.43,0.0,0,150,311.294,1.3679,304.9507,0.0127,A
109,hotel1/search,1644.44,24.07,1119.06,0.0,0,6159,886.481,58.8075,304.9507,2.21,A
110,hotel2/user,19.46,15.95,1119.06,0.0,0,1053,311.294,1.3679,283.1413,0.0242,A
110,hotel2/search,1390.91,26.65,1119.06,0.0,0,6098,835.6793,45.8018,283.1413,1.54,A
110,hotel2/rate,765.58,26.16,1119.14,0.0,0,5072,695.0746,25.22,283.1413,0.873,A
110,hotel2/recommendation,436.12,18.45,1119.06,0.0,0,4164,570.6409,14.3699,283.1413,0.453,A
110,hotel2/profile,1243.06,36.42,1119.06,0.0,0,6490,889.3995,40.9441,283.1413,1.4,A
110,hotel2/mongodb-user,10.68,163.84,400.43,0.0312,2,186,311.294,1.3679,283.1413,0.0151,A
110,hotel2/mongodb-reservation,3999.86,275.16,400.43,0.0859,4,3364210,461036.4877,131.8847,283.1413,4.96,A
110,hotel2/mongodb-recommendation,9.98,163.57,400.43,0.0312,2,164,311.294,1.3679,283.1413,0.0121,A
110,hotel2/reservation,955.81,121.41,1119.06,0.0,0,5032,689.593,31.5634,283.1413,0.994,A
110,hotel2/mongodb-rate,9.92,164.51,400.43,0.0547,4,295,311.294,1.3679,283.1413,0.0121,A
110,hotel2/mongodb-profile,10.29,164.24,400.43,0.0547,4,152,311.294,1.3679,283.1413,0.0151,A
110,hotel2/mongodb-geo,10.01,163.58,400.43,0.0508,4,238,311.294,1.3679,283.1413,0.0121,A
110,hotel2/memcached-reserve,149.4,7.09,79.27,0.0,0,2055,311.294,4.9233,283.1413,0.16,A
110,es-stress-d2/elasticsearch-dynamic-0,7.13,208344.93,1414.11,0.0,0,816,311.294,180.3714,283.1413,0.0091,A
110,es-stress-d3/elasticsearch-dynamic-0,7.76,208354.12,1414.12,0.0,0,1972,311.294,180.4001,283.1413,0.003,A
110,es-stress-d4/elasticsearch-dynamic-0,5.2,208342.34,1414.11,0.0,0,683,311.294,180.3057,283.1413,0.003,A
110,es-stress-d5/elasticsearch-dynamic-0,16.64,208383.34,1414.11,0.0039,1,277,311.294,180.7176,283.1413,0.0091,A
110,hotel1/consul,23.85,27.4,212.87,0.0,0,3581,490.7457,1.3679,283.1413,0.0302,A
110,hotel1/frontend,3572.52,95.37,1119.14,0.0,0,5620,770.1734,117.6642,283.1413,5.63,A
110,hotel1/geo,638.61,19.59,1119.06,0.0,0,4469,612.4386,21.0354,283.1413,0.855,A
110,hotel1/jaeger,0.24,14.83,81.01,0.0,0,0,311.294,1.3679,1.454,0.0,A
110,hotel1/memcached-profile,215.44,8.02,79.27,0.0,0,3373,462.2411,7.0977,283.1413,0.29,A
110,hotel1/memcached-rate,136.56,7.45,79.27,0.0,0,3844,526.7876,4.501,283.1413,0.199,A
110,hotel1/memcached-reserve,173.74,7.04,79.27,0.0,0,1625,311.294,5.7244,283.1413,0.242,A
110,hotel1/mongodb-geo,9.12,163.84,400.43,0.0,0,296,311.294,1.3679,283.1413,0.0121,A
110,hotel1/mongodb-profile,9.27,164.26,400.43,0.0,0,247,311.294,1.3679,283.1413,0.0151,A
110,hotel1/mongodb-rate,10.41,164.88,400.43,0.0312,1,238,311.294,1.3679,283.1413,0.0121,A
110,es-stress-d/elasticsearch-dynamic-0,7.31,208337.59,1414.12,0.0039,1,729,311.294,180.371,283.1413,0.0091,A
110,hotel1/mongodb-reservation,4002.6,271.57,400.43,0.0703,7,3197091,438134.2441,131.9717,283.1413,4.95,A
110,hotel2/memcached-rate,129.98,7.45,79.27,0.0,0,4696,643.547,4.2845,283.1413,0.133,A
110,hotel2/memcached-profile,222.48,7.67,79.27,0.0,0,3692,505.9573,7.3291,283.1413,0.227,A
110,hotel2/jaeger,0.32,14.6,81.01,0.0,0,0,311.294,1.3679,1.454,0.003,A
110,hotel2/geo,618.18,20.61,1119.06,0.0,0,6383,874.7361,20.3639,283.1413,0.689,A
110,hotel1/mongodb-recommendation,10.32,163.83,400.43,0.0312,1,294,311.294,1.3679,283.1413,0.0121,A
110,hotel2/consul,22.19,27.04,212.87,0.0,0,3299,452.1,1.3679,283.1413,0.0272,A
110,hotel2/frontend,3560.25,98.61,1119.14,0.0,0,6028,826.0863,117.2632,283.1413,3.68,A
110,hotel1/search,1480.12,24.8,1119.06,0.0,0,5561,762.088,48.7364,283.1413,1.99,A
110,hotel1/reservation,967.45,117.39,1119.06,0.0,0,4898,671.2294,31.943,283.1413,1.32,A
110,hotel1/recommendation,454.82,18.6,1119.06,0.0,0,4234,580.2338,14.9855,283.1413,0.62,A
110,hotel1/rate,813.26,26.82,1119.14,0.0,0,5570,763.3213,26.7899,283.1413,1.08,A
110,hotel1/profile,1291.53,31.35,1119.06,0.0,0,5467,749.206,42.535,283.1413,1.84,A
110,hotel1/mongodb-user,10.04,163.8,400.43,0.0312,1,278,311.294,1.3679,283.1413,0.0121,A
110,hotel1/user,17.89,15.98,1119.06,0.0,0,1526,311.294,1.3679,283.1413,0.0242,A
111,hotel2/user,23.66,15.95,1119.06,0.0,0,1688,311.294,1.3679,312.9334,0.0196,A
111,hotel2/search,1695.83,27.81,1119.06,0.0,0,7053,1015.8932,60.7428,312.9334,1.62,A
111,hotel2/mongodb-recommendation,9.99,163.76,400.43,0.0,0,193,311.294,1.3679,312.9334,0.0112,A
111,hotel2/recommendation,507.75,19.41,1119.06,0.0,0,4626,666.3153,18.1988,312.9334,0.505,A
111,hotel2/rate,962.35,27.57,1119.14,0.0,0,5292,762.244,34.4828,312.9334,0.9,A
111,hotel2/profile,1677.48,37.71,1119.06,0.0,0,5853,843.0488,60.0963,312.9334,1.51,A
111,hotel2/mongodb-user,9.59,163.65,400.43,0.0,0,147,311.294,1.3679,312.9334,0.0112,A
111,hotel2/mongodb-reservation,3997.99,275.45,400.43,0.0078,4,3279435,472360.1036,143.4251,312.9334,4.6,A
111,hotel2/reservation,1187.03,122.44,1119.06,0.0,0,4758,685.3282,42.6267,312.9334,1.09,A
111,hotel2/mongodb-rate,9.84,164.51,400.43,0.0,0,208,311.294,1.3679,312.9334,0.0084,A
111,hotel2/mongodb-profile,9.79,164.24,400.43,0.0,0,233,311.294,1.3679,312.9334,0.0112,A
111,hotel2/memcached-reserve,205.85,7.09,79.27,0.0,0,2133,311.294,7.3772,312.9334,0.202,A
111,es-stress-d/elasticsearch-dynamic-0,12.26,208337.65,1414.12,0.0,0,416,311.294,220.0957,312.9334,0.0196,A
111,es-stress-d2/elasticsearch-dynamic-0,7.6,208344.93,1414.11,0.0039,1,789,311.294,219.9365,312.9334,0.0168,A
111,es-stress-d3/elasticsearch-dynamic-0,6.93,208354.12,1414.12,0.0039,1,1267,311.294,219.9222,312.9334,0.0224,A
111,es-stress-d4/elasticsearch-dynamic-0,9.21,208342.34,1414.11,0.0039,1,707,311.294,219.9914,312.9334,0.0224,A
111,es-stress-d5/elasticsearch-dynamic-0,6.22,208383.34,1414.11,0.0,0,1104,311.294,219.9276,312.9334,0.0056,A
111,hotel1/consul,23.68,27.44,212.87,0.0,0,2320,334.1659,1.3679,312.9334,0.028,A
111,hotel1/frontend,4063.83,95.62,1119.14,0.0,0,6666,960.1509,145.5927,312.9334,5.38,A
111,hotel1/geo,666.32,18.13,1119.06,0.0,0,5630,810.9285,23.8745,312.9334,0.816,A
111,hotel1/jaeger,0.28,14.83,81.01,0.0,0,0,311.294,1.3679,1.454,0.0,A
111,hotel1/memcached-profile,226.91,7.52,79.27,0.0,0,2895,416.9872,8.1317,312.9334,0.264,A
111,hotel1/memcached-rate,141.46,7.45,79.27,0.0,0,2961,426.4937,5.0724,312.9334,0.182,A
111,hotel1/memcached-reserve,176.19,7.03,79.27,0.0,0,1672,311.294,6.3153,312.9334,0.224,A
111,hotel1/mongodb-geo,11.22,163.66,400.43,0.0352,1,191,311.294,1.3679,312.9334,0.014,A
111,hotel1/mongodb-profile,10.52,164.23,400.43,0.0352,1,232,311.294,1.3679,312.9334,0.0112,A
111,hotel1/mongodb-rate,9.33,164.45,400.43,0.0,0,186,311.294,1.3679,312.9334,0.0112,A
111,hotel2/mongodb-geo,9.56,163.58,400.43,0.0,0,247,311.294,1.3679,312.9334,0.0112,A
111,hotel1/mongodb-reservation,3997.02,271.41,400.43,0.0352,16,3037462,437507.0294,143.3861,312.9334,4.61,A
111,hotel1/mongodb-recommendation,9.45,163.64,400.43,0.0,0,213,311.294,1.3679,312.9334,0.0084,A
111,hotel2/memcached-rate,148.83,7.48,79.27,0.0,0,4026,579.8931,5.3362,312.9334,0.14,A
111,hotel2/memcached-profile,267.36,7.68,79.27,0.0,0,2231,321.3466,9.58,312.9334,0.244,A
111,hotel2/jaeger,0.34,14.6,81.01,0.0,0,0,311.294,1.3679,1.454,0.0,A
111,hotel2/frontend,4708.84,102.65,1119.14,0.0,0,6803,979.884,168.6925,312.9334,3.92,A
111,hotel2/consul,22.99,27.04,212.87,0.0,0,2709,390.1963,1.3679,312.9334,0.0252,A
111,hotel2/geo,740.93,21.05,1119.06,0.0,0,3920,564.6252,26.5487,312.9334,0.718,A
111,hotel1/search,1493.52,24.63,1119.06,0.0,0,6599,950.5004,53.4965,312.9334,1.9,A
111,hotel1/reservation,1015.78,117.96,1119.06,0.0,0,5127,738.4779,36.491,312.9334,1.26,A
111,hotel1/recommendation,469.85,18.6,1119.06,0.0,0,4587,660.6979,16.841,312.9334,0.58,A
111,hotel1/rate,840.1,25.45,1119.14,0.0,0,4874,702.0365,30.1038,312.9334,1.05,A
111,hotel1/profile,1338.75,29.18,1119.06,0.0,0,6161,887.4122,47.9602,312.9334,1.72,A
111,hotel1/mongodb-user,9.79,163.62,400.43,0.0,0,167,311.294,1.3679,312.9334,0.0112,A
111,hotel1/user,26.23,16.13,1119.06,0.0,0,1060,311.294,1.3679,312.9334,0.0224,A
112,hotel2/user,22.84,15.94,1119.06,0.0,0,1056,311.294,1.3679,298.3001,0.0299,A
112,hotel2/search,1603.4,28.46,1119.06,0.0,0,5493,764.5738,54.4228,298.3001,1.86,A
112,hotel2/mongodb-recommendation,10.16,163.76,400.43,0.0352,2,153,311.294,1.3679,298.3001,0.0149,A
112,hotel2/recommendation,494.58,18.37,1119.06,0.0,0,4917,684.4001,16.7962,298.3001,0.577,A
112,hotel2/rate,931.88,27.65,1119.14,0.0,0,4649,647.097,31.6405,298.3001,1.06,A
112,hotel2/profile,1549.73,38.36,1119.06,0.0,0,5063,704.7219,52.6115,298.3001,1.82,A
112,hotel2/mongodb-user,10.75,163.66,400.43,0.0352,2,159,311.294,1.3679,298.3001,0.0149,A
112,hotel2/mongodb-reservation,3999.48,275.3,400.43,0.0703,8,3266461,454660.5888,135.9448,298.3001,4.84,A
112,hotel2/reservation,1183.81,121.05,1119.06,0.0,0,5854,814.8216,40.276,298.3001,1.32,A
112,hotel2/mongodb-rate,10.59,164.45,400.43,0.0352,2,179,311.294,1.3679,298.3001,0.012,A
112,hotel2/mongodb-profile,10.94,164.43,400.43,0.0352,2,270,311.294,1.3679,298.3001,0.012,A
112,hotel2/mongodb-geo,10.3,163.77,400.43,0.0352,2,101,311.294,1.3679,298.3001,0.012,A
112,hotel2/memcached-reserve,187.29,7.11,79.27,0.0,0,1964,311.294,6.3606,298.3001,0.23,A
112,es-stress-d/elasticsearch-dynamic-0,5.72,208337.66,1414.12,0.0039,1,1111,311.294,197.9568,298.3001,0.009,A
112,es-stress-d2/elasticsearch-dynamic-0,6.97,208344.93,1414.11,0.0,0,873,311.294,198.0061,298.3001,0.006,A
112,es-stress-d3/elasticsearch-dynamic-0,5.46,208354.12,1414.12,0.0,0,606,311.294,197.9636,298.3001,0.006,A
112,es-stress-d4/elasticsearch-dynamic-0,5.12,208342.34,1414.11,0.0,0,577,311.294,197.9408,298.3001,0.003,A
112,es-stress-d5/elasticsearch-dynamic-0,6.83,208383.34,1414.11,0.0039,1,384,311.294,198.0378,298.3001,0.012,A
112,hotel1/consul,24.09,27.47,212.87,0.0,0,3953,550.2203,1.3679,298.3001,0.0269,A
112,hotel1/frontend,3525.86,94.25,1119.14,0.0,0,5662,788.097,119.7053,298.3001,4.68,A
112,hotel1/geo,611.92,18.63,1119.06,0.0,0,4398,612.1602,20.7772,298.3001,0.81,A
112,hotel1/memcached-profile,203.22,7.5,79.27,0.0,0,2959,411.8649,6.9014,298.3001,0.272,A
112,hotel1/memcached-rate,130.66,7.45,79.27,0.0,0,3680,512.2213,4.4398,298.3001,0.17,A
112,hotel1/memcached-reserve,161.67,7.02,79.27,0.0,0,1783,311.294,5.4914,298.3001,0.221,A
112,hotel1/mongodb-geo,9.27,163.85,400.43,0.0,0,159,311.294,1.3679,298.3001,0.012,A
112,hotel1/mongodb-profile,9.43,164.27,400.43,0.0,0,257,311.294,1.3679,298.3001,0.012,A
112,hotel1/mongodb-rate,10.83,164.88,400.43,0.0352,1,234,311.294,1.3679,298.3001,0.012,A
112,hotel1/jaeger,0.28,14.83,81.01,0.0,0,0,311.294,1.3679,1.454,0.0,A
112,hotel1/mongodb-reservation,4004.51,271.52,400.43,0.082,11,3283969,457097.5374,136.1119,298.3001,4.9,A
112,hotel1/mongodb-recommendation,10.87,163.84,400.43,0.0352,1,175,311.294,1.3679,298.3001,0.012,A
112,hotel2/memcached-profile,251.12,7.67,79.27,0.0,0,3056,425.3664,8.5266,298.3001,0.293,A
112,hotel2/jaeger,0.29,14.6,81.01,0.0,0,0,311.294,1.3679,1.454,0.0,A
112,hotel2/geo,716.38,20.72,1119.06,0.0,0,4057,564.6962,24.3231,298.3001,0.831,A
112,hotel2/frontend,4471.89,104.24,1119.14,0.0,0,7053,981.7111,151.8091,298.3001,5.04,A
112,hotel2/consul,22.17,27.04,212.87,0.0,0,3477,483.9656,1.3679,298.3001,0.0269,A
112,hotel1/user,21.29,16.6,1119.06,0.0,0,1516,311.294,1.3679,298.3001,0.0269,A
112,hotel2/memcached-rate,151.38,7.45,79.27,0.0,0,2774,386.1147,5.1427,298.3001,0.167,A
112,hotel1/reservation,945.63,118.42,1119.06,0.0,0,4039,562.1907,32.1932,298.3001,1.22,A
112,hotel1/recommendation,442.12,18.16,1119.06,0.0,0,3901,542.9824,15.0163,298.3001,0.562,A
112,hotel1/rate,768.75,26.72,1119.14,0.0,0,5348,744.3912,26.1054,298.3001,1.03,A
112,hotel1/profile,1266.68,29.57,1119.06,0.0,0,4821,671.0378,43.0006,298.3001,1.6,A
112,hotel1/mongodb-user,10.65,163.62,400.43,0.0352,1,229,311.294,1.3679,298.3001,0.0179,A
112,hotel1/search,1407.0,23.14,1119.06,0.0,0,5685,791.2984,47.7548,298.3001,1.87,A
113,hotel2/user,24.74,16.43,1119.06,0.0,0,1268,311.294,1.3679,295.5181,0.0246,A
113,hotel2/search,1736.06,26.81,1119.06,0.0,0,6294,905.2956,62.3469,295.5181,1.82,A
113,hotel2/rate,984.1,27.04,1119.14,0.0,0,6916,994.7608,35.3537,295.5181,1.04,A
113,hotel2/recommendation,504.23,18.65,1119.06,0.0,0,3457,497.2365,18.1192,295.5181,0.578,A
113,hotel2/profile,1644.23,36.48,1119.06,0.0,0,4711,677.6053,59.0601,295.5181,1.75,A
113,hotel2/mongodb-user,9.58,163.66,400.43,0.0,0,167,311.294,1.3679,295.5181,0.0123,A
113,hotel2/mongodb-reservation,4003.47,275.39,400.43,0.0039,2,3259021,468760.2945,143.9894,295.5181,5.04,A
113,hotel2/mongodb-recommendation,9.6,163.57,400.43,0.0,0,238,311.294,1.3679,295.5181,0.0123,A
113,hotel2/reservation,1259.72,119.31,1119.06,0.0,0,4515,649.4137,45.3399,295.5181,1.27,A
113,hotel2/mongodb-rate,10.18,164.45,400.43,0.0,0,257,311.294,1.3679,295.5181,0.0123,A
113,hotel2/mongodb-profile,10.19,162.22,400.43,0.0,0,200,311.294,1.3679,295.5181,0.0123,A
113,hotel2/mongodb-geo,9.4,163.58,400.43,0.0,0,127,311.294,1.3679,295.5181,0.0092,A
113,hotel2/memcached-reserve,228.54,7.09,79.27,0.0,0,1568,311.294,8.2111,295.5181,0.2,A
113,es-stress-d/elasticsearch-dynamic-0,7.16,208337.66,1414.12,0.0,0,802,311.294,208.2984,295.5181,0.0215,A
113,es-stress-d2/elasticsearch-dynamic-0,10.15,208344.93,1414.11,0.0039,1,1232,311.294,208.413,295.5181,0.0123,A
113,es-stress-d3/elasticsearch-dynamic-0,6.45,208354.12,1414.12,0.0039,1,503,311.294,208.2893,295.5181,0.0215,A
113,es-stress-d4/elasticsearch-dynamic-0,6.69,208342.34,1414.11,0.0039,1,604,311.294,208.2862,295.5181,0.0246,A
113,es-stress-d5/elasticsearch-dynamic-0,5.62,208383.35,1414.11,0.0273,6,965,311.294,208.2887,295.5181,0.0031,A
113,hotel1/consul,23.29,27.5,212.87,0.0,0,3631,522.2638,1.3679,295.5181,0.0307,A
113,hotel1/frontend,3130.05,98.54,1119.14,0.0,0,5407,777.7142,112.4592,295.5181,5.59,A
113,hotel1/geo,568.28,19.32,1119.06,0.0,0,4094,588.8592,20.4191,295.5181,0.898,A
113,hotel1/memcached-profile,181.95,7.52,79.27,0.0,0,4220,606.9824,6.539,295.5181,0.314,A
113,hotel1/memcached-rate,115.14,7.45,79.27,0.0,0,3588,516.0789,4.1407,295.5181,0.203,A
113,hotel1/memcached-reserve,144.68,7.04,79.27,0.0,0,2004,311.294,5.2007,295.5181,0.271,A
113,hotel1/mongodb-geo,11.03,163.66,400.43,0.0352,1,144,311.294,1.3679,295.5181,0.0154,A
113,hotel1/mongodb-profile,10.99,164.08,400.43,0.0352,1,281,311.294,1.3679,295.5181,0.0154,A
113,hotel1/mongodb-rate,9.41,163.09,400.43,0.0,0,208,311.294,1.3679,295.5181,0.0123,A
113,hotel1/jaeger,0.29,14.83,81.01,0.0,0,0,311.294,1.3679,1.454,0.0,A
113,hotel1/mongodb-reservation,3996.97,271.6,400.43,0.0234,10,2981225,428803.5914,143.7522,295.5181,5.05,A
113,hotel1/mongodb-recommendation,9.56,163.65,400.43,0.0,0,184,311.294,1.3679,295.5181,0.0123,A
113,hotel2/memcached-profile,278.15,7.66,79.27,0.0,0,3290,473.2161,9.9925,295.5181,0.307,A
113,hotel2/jaeger,0.32,14.6,81.01,0.0,0,0,311.294,1.3679,1.454,0.0,A
113,hotel2/geo,754.07,19.57,1119.06,0.0,0,4371,628.7015,27.0887,295.5181,0.809,A
113,hotel2/frontend,4784.27,98.9,1119.14,0.0,0,6503,935.357,171.8418,295.5181,4.3,A
113,hotel2/consul,21.91,27.04,212.87,0.0,0,3115,448.0451,1.3679,295.5181,0.0277,A
113,hotel1/user,15.13,16.42,1119.06,0.0,0,1067,311.294,1.3679,295.5181,0.04,A
113,hotel2/memcached-rate,159.85,7.45,79.27,0.0,0,3374,485.2983,5.7456,295.5181,0.169,A
113,hotel1/reservation,852.8,119.83,1119.06,0.0,0,4694,675.1601,30.733,295.5181,1.45,A
113,hotel1/recommendation,411.45,17.93,1119.06,0.0,0,4034,580.2292,14.7879,295.5181,0.615,A
113,hotel1/rate,712.05,25.78,1119.14,0.0,0,4198,603.8181,25.5865,295.5181,1.12,A
113,hotel1/profile,1101.57,28.94,1119.06,0.0,0,6542,940.9666,39.5724,295.5181,1.81,A
113,hotel1/mongodb-user,9.95,163.62,400.43,0.0,0,169,311.294,1.3679,295.5181,0.0123,A
113,hotel1/search,1290.12,24.31,1119.06,0.0,0,6445,927.0146,46.3363,295.5181,2.09,A
114,hotel2/user,21.01,16.32,1119.06,0.0,0,1108,311.294,1.3679,294.833,0.0222,A
114,hotel2/search,1527.98,26.07,1119.06,0.0,0,6094,847.9268,54.6374,294.833,1.61,A
114,hotel2/rate,861.87,26.07,1119.14,0.0,0,3863,537.5027,30.8299,294.833,0.899,A
114,hotel2/recommendation,455.56,19.0,1119.06,0.0,0,5221,726.4565,16.3009,294.833,0.505,A
114,hotel2/profile,1439.86,37.33,1119.06,0.0,0,5409,752.6151,51.499,294.833,1.49,A
114,hotel2/mongodb-user,11.9,163.84,400.43,0.0352,2,137,311.294,1.3679,294.833,0.0139,A
114,hotel2/mongodb-reservation,3998.39,275.83,400.43,0.0586,2,3339618,464678.6455,143.1785,294.833,4.54,A
114,hotel2/mongodb-recommendation,10.58,163.77,400.43,0.0352,2,163,311.294,1.3679,294.833,0.0139,A
114,hotel2/reservation,1083.12,120.17,1119.06,0.0,0,6786,944.2126,38.8303,294.833,1.15,A
114,hotel2/mongodb-rate,11.05,164.5,400.43,0.0664,4,156,311.294,1.3679,294.833,0.0111,A
114,hotel2/mongodb-profile,11.23,162.46,400.43,0.0352,2,189,311.294,1.3679,294.833,0.0111,A
114,hotel2/mongodb-geo,11.8,163.77,400.43,0.0352,2,273,311.294,1.3679,294.833,0.0111,A
114,hotel2/memcached-reserve,199.88,7.09,79.27,0.0,0,2347,326.5645,7.1509,294.833,0.177,A
114,es-stress-d2/elasticsearch-dynamic-0,5.89,208344.93,1414.11,0.0195,8,347,311.294,205.4115,294.833,0.0056,A
114,es-stress-d3/elasticsearch-dynamic-0,8.37,208354.12,1414.12,0.0195,8,971,311.294,205.5092,294.833,0.0111,A
114,es-stress-d4/elasticsearch-dynamic-0,5.07,208342.34,1414.11,0.0195,8,617,311.294,205.3796,294.833,0.0056,A
114,es-stress-d5/elasticsearch-dynamic-0,7.74,208383.35,1414.11,0.0078,2,378,311.294,205.5155,294.833,0.0111,A
114,hotel1/consul,23.69,27.52,212.87,0.0,0,3313,460.975,1.3679,294.833,0.025,A
114,hotel1/frontend,3662.49,98.24,1119.14,0.0,0,7181,999.1734,130.9982,294.833,4.24,A
114,hotel1/geo,634.69,19.42,1119.06,0.0,0,4586,638.1018,22.7036,294.833,0.729,A
114,hotel1/jaeger,0.29,14.83,81.01,0.0,0,0,311.294,1.3679,1.454,0.0,A
114,hotel1/memcached-profile,226.73,7.77,79.27,0.0,0,2475,344.3746,8.1112,294.833,0.241,A
114,hotel1/memcached-rate,138.99,7.45,79.27,0.0,0,3079,428.4159,4.975,294.833,0.155,A
114,hotel1/memcached-reserve,176.21,7.03,79.27,0.0,0,1448,311.294,6.3049,294.833,0.2,A
114,hotel1/mongodb-geo,10.48,163.66,400.43,0.0,0,174,311.294,1.3679,294.833,0.0111,A
114,hotel1/mongodb-profile,10.74,161.98,400.43,0.0,0,148,311.294,1.3679,294.833,0.0111,A
114,hotel1/mongodb-rate,12.08,163.34,400.43,0.0352,1,271,311.294,1.3679,294.833,0.0111,A
114,es-stress-d/elasticsearch-dynamic-0,8.44,208337.66,1414.12,0.0273,7,1041,311.294,205.4955,294.833,0.0056,A
114,hotel1/mongodb-reservation,4002.69,271.38,400.43,0.0703,5,3058252,425529.0266,143.3278,294.833,4.55,A
114,hotel2/memcached-rate,144.47,7.46,79.27,0.0,0,5452,758.5981,5.1709,294.833,0.153,A
114,hotel2/memcached-profile,237.02,7.68,79.27,0.0,0,4542,631.9796,8.4789,294.833,0.255,A
114,hotel2/jaeger,0.29,14.6,81.01,0.0,0,0,311.294,1.3679,1.454,0.0,A
114,hotel2/geo,669.98,20.26,1119.06,0.0,0,4241,590.0981,23.9658,294.833,0.724,A
114,hotel1/mongodb-recommendation,11.85,163.65,400.43,0.0352,1,235,311.294,1.3679,294.833,0.0111,A
114,hotel2/consul,22.53,27.08,212.87,0.0,0,2975,413.9452,1.3679,294.833,0.025,A
114,hotel2/frontend,4034.43,98.59,1119.14,0.0,0,6859,954.3699,144.2921,294.833,4.13,A
114,hotel1/search,1479.47,23.23,1119.06,0.0,0,7245,1008.0784,52.9008,294.833,1.7,A
114,hotel1/reservation,1038.52,117.48,1119.06,0.0,0,5139,715.0469,37.2336,294.833,1.15,A
114,hotel1/recommendation,451.16,17.79,1119.06,0.0,0,4337,603.4556,16.1425,294.833,0.51,A
114,hotel1/rate,801.36,25.93,1119.14,0.0,0,5018,698.2108,28.667,294.833,0.954,A
114,hotel1/profile,1289.95,30.86,1119.06,0.0,0,5144,715.7426,46.1346,294.833,1.49,A
114,hotel1/mongodb-user,11.16,163.62,400.43,0.0352,1,147,311.294,1.3679,294.833,0.0111,A
114,hotel1/user,19.93,16.43,1119.06,0.0,0,1278,311.294,1.3679,294.833,0.0222,A
115,hotel2/user,15.62,16.56,1119.06,0.0,0,875,311.294,1.3679,283.5959,0.0315,A
115,hotel2/search,1274.98,25.78,1119.06,0.0,0,6983,945.0044,43.4186,283.5959,2.02,A
115,hotel2/mongodb-recommendation,9.29,163.57,400.43,0.0,0,182,311.294,1.3679,283.5959,0.0115,A
115,hotel2/recommendation,397.28,18.07,1119.06,0.0,0,3605,487.8621,13.5383,283.5959,0.605,A
115,hotel2/rate,736.38,26.99,1119.14,0.0,0,5443,736.5973,25.088,283.5959,1.17,A
115,hotel2/profile,1181.21,38.59,1119.06,0.0,0,5889,796.9542,40.2387,283.5959,1.96,A
115,hotel2/mongodb-user,8.97,163.84,400.43,0.0,0,177,311.294,1.3679,283.5959,0.0115,A
115,hotel2/mongodb-reservation,4001.89,275.84,400.43,0.0078,4,3366138,455537.0532,136.4592,283.5959,4.62,A
115,hotel2/reservation,897.9,119.92,1119.06,0.0,0,4750,642.8141,30.67,283.5959,1.4,A
115,hotel2/mongodb-rate,9.56,164.5,400.43,0.0,0,132,311.294,1.3679,283.5959,0.0115,A
115,hotel2/mongodb-profile,9.27,162.27,400.43,0.0,0,171,311.294,1.3679,283.5959,0.0115,A
115,hotel2/memcached-reserve,148.71,7.09,79.27,0.0,0,1387,311.294,5.0679,283.5959,0.247,A
115,es-stress-d/elasticsearch-dynamic-0,7.27,208337.66,1414.12,0.0,0,900,311.294,189.7825,283.5959,0.0172,A
115,es-stress-d2/elasticsearch-dynamic-0,7.31,208344.93,1414.11,0.0039,1,799,311.294,189.7905,283.5959,0.0115,A
115,es-stress-d3/elasticsearch-dynamic-0,6.52,208354.12,1414.12,0.0078,2,724,311.294,189.772,283.5959,0.0057,A
115,es-stress-d4/elasticsearch-dynamic-0,7.57,208342.35,1414.11,0.0039,1,826,311.294,189.797,283.5959,0.0115,A
115,es-stress-d5/elasticsearch-dynamic-0,5.84,208383.35,1414.11,0.0,0,999,311.294,189.7754,283.5959,0.0086,A
115,hotel1/consul,23.54,27.54,212.87,0.0,0,2832,383.2525,1.3679,283.5959,0.0287,A
115,hotel1/frontend,4155.45,95.76,1119.14,0.0,0,9515,1287.6582,141.5219,283.5959,4.66,A
115,hotel1/geo,692.23,18.61,1119.06,0.0,0,4315,583.9459,23.5777,283.5959,0.751,A
115,hotel1/jaeger,0.26,14.83,81.01,0.0,0,0,311.294,1.3679,1.454,0.0,A
115,hotel1/memcached-profile,241.27,7.77,79.27,0.0,0,3428,463.9088,8.2189,283.5959,0.249,A
115,hotel1/memcached-rate,148.6,7.94,79.27,0.0,0,4694,635.2357,5.065,283.5959,0.161,A
115,hotel1/memcached-reserve,183.98,7.29,79.27,0.0,0,2272,311.294,6.2686,283.5959,0.195,A
115,hotel1/mongodb-geo,10.78,160.6,400.43,0.0352,1,198,311.294,1.3679,283.5959,0.0172,A
115,hotel1/mongodb-profile,12.49,161.84,400.43,0.0352,1,215,311.294,1.3679,283.5959,0.0143,A
115,hotel1/mongodb-rate,8.91,163.09,400.43,0.0,0,211,311.294,1.3679,283.5959,0.0115,A
115,hotel2/mongodb-geo,9.05,163.58,400.43,0.0,0,205,311.294,1.3679,283.5959,0.0143,A
115,hotel1/mongodb-reservation,3999.26,271.58,400.43,0.0273,14,3251268,439991.7781,136.3658,283.5959,4.69,A
115,hotel1/mongodb-recommendation,10.83,163.84,400.43,0.0,0,248,311.294,1.3679,283.5959,0.0115,A
115,hotel2/memcached-rate,118.79,7.45,79.27,0.0,0,3655,494.6285,4.0499,283.5959,0.175,A
115,hotel2/memcached-profile,199.05,7.92,79.27,0.0,0,3454,467.4274,6.7821,283.5959,0.315,A
115,hotel2/jaeger,0.3,14.6,81.01,0.0,0,0,311.294,1.3679,1.454,0.0,A
115,hotel2/frontend,3342.28,101.01,1119.14,0.0,0,6942,939.4559,113.8496,283.5959,5.27,A
115,hotel2/consul,25.09,27.15,212.87,0.0,0,3991,540.0992,1.3679,283.5959,0.0258,A
115,hotel2/geo,576.42,20.23,1119.06,0.0,0,4659,630.4991,19.6374,283.5959,0.883,A
115,hotel1/search,1596.51,24.71,1119.06,0.0,0,6243,844.8607,54.3613,283.5959,1.67,A
115,hotel1/reservation,1063.12,118.64,1119.06,0.0,0,5668,767.0464,36.2923,283.5959,1.11,A
115,hotel1/recommendation,487.87,19.84,1119.06,0.0,0,3760,508.8381,16.6232,283.5959,0.53,A
115,hotel1/rate,861.42,25.72,1119.14,0.0,0,5203,704.1183,29.3427,283.5959,0.938,A
115,hotel1/profile,1394.99,28.55,1119.06,0.0,0,5737,776.3841,47.5058,283.5959,1.5,A
115,hotel1/mongodb-user,9.65,163.81,400.43,0.0,0,161,311.294,1.3679,283.5959,0.0115,A
115,hotel1/user,28.42,16.12,1119.06,0.0,0,1319,311.294,1.3679,283.5959,0.0287,A
116,hotel2/user,19.28,16.08,1119.06,0.0,0,923,311.294,1.3679,279.0364,0.0278,A
116,hotel2/search,1484.81,28.46,1119.06,0.0,0,5883,825.4462,50.8442,279.0364,2.1,A
116,hotel2/mongodb-recommendation,11.51,160.29,400.43,0.082,14,186,311.294,1.3679,279.0364,0.0139,A
116,hotel2/recommendation,433.52,19.38,1119.06,0.0,0,4892,686.3986,14.8549,279.0364,0.653,A
116,hotel2/rate,827.79,26.32,1119.14,0.0,0,5165,724.7033,28.3553,279.0364,1.2,A
116,hotel2/profile,1358.61,37.16,1119.06,0.0,0,4856,681.3474,46.5327,279.0364,2.01,A
116,hotel2/mongodb-user,12.04,160.5,400.43,0.0859,18,181,311.294,1.3679,279.0364,0.0139,A
116,hotel2/mongodb-reservation,3999.0,276.32,400.43,0.3008,64,3421164,480024.9521,137.1156,279.0364,5.18,A
116,hotel2/reservation,1049.26,120.96,1119.06,0.0,0,4892,686.3986,36.0197,279.0364,1.52,A
116,hotel2/mongodb-rate,11.48,164.56,400.43,0.0781,12,256,311.294,1.3679,279.0364,0.0185,A
116,hotel2/mongodb-profile,11.71,162.46,400.43,0.0859,18,229,311.294,1.3679,279.0364,0.0185,A
116,hotel2/mongodb-geo,12.71,160.43,400.43,0.0859,18,208,311.294,1.3679,279.0364,0.0185,A
116,hotel2/memcached-reserve,176.08,7.83,79.27,0.0,0,1707,311.294,6.0335,279.0364,0.245,A
116,es-stress-d2/elasticsearch-dynamic-0,7.16,208344.93,1414.11,0.0039,2,526,311.294,186.057,279.0364,0.0093,A
116,es-stress-d3/elasticsearch-dynamic-0,9.78,208354.12,1414.12,0.0039,2,742,311.294,186.1548,279.0364,0.0093,A
116,es-stress-d4/elasticsearch-dynamic-0,5.88,208342.34,1414.11,0.0039,2,672,311.294,186.0109,279.0364,0.0046,A
116,es-stress-d5/elasticsearch-dynamic-0,9.06,208383.35,1414.11,0.0039,1,248,311.294,186.1563,279.0364,0.0139,A
116,hotel1/consul,23.54,27.55,212.87,0.0,0,3276,459.6569,1.3679,279.0364,0.037,A
116,hotel1/frontend,3395.56,94.03,1119.14,0.0,0,8046,1128.9376,116.2997,279.0364,4.21,A
116,hotel1/geo,592.81,18.67,1119.06,0.0,0,4041,566.9944,20.3061,279.0364,0.745,A
116,hotel1/jaeger,0.28,14.83,81.01,0.0,0,0,311.294,1.3679,1.454,0.0,A
116,hotel1/memcached-profile,199.77,7.77,79.27,0.0,0,3722,522.2354,6.8442,279.0364,0.25,A
116,hotel1/memcached-rate,127.86,7.44,79.27,0.0,0,3696,518.5873,4.3828,279.0364,0.157,A
116,hotel1/memcached-reserve,138.55,7.02,79.27,0.0,0,1564,311.294,4.7483,279.0364,0.185,A
116,hotel1/mongodb-geo,10.21,160.7,400.43,0.0469,8,208,311.294,1.3679,279.0364,0.0093,A
116,hotel1/mongodb-profile,10.2,162.04,400.43,0.043,7,229,311.294,1.3679,279.0364,0.0093,A
116,hotel1/mongodb-rate,11.78,163.28,400.43,0.0781,8,197,311.294,1.3679,279.0364,0.0139,A
116,es-stress-d/elasticsearch-dynamic-0,7.23,208337.66,1414.12,0.0156,6,979,311.294,186.0529,279.0364,0.0046,A
116,hotel1/mongodb-reservation,3997.34,271.7,400.43,0.332,52,3057461,428993.632,137.0546,279.0364,5.36,A
116,hotel2/memcached-rate,131.49,7.45,79.27,0.0,0,2359,330.9923,4.507,279.0364,0.204,A
116,hotel2/memcached-profile,232.69,7.68,79.27,0.0,0,3346,469.4787,7.9709,279.0364,0.329,A
116,hotel2/jaeger,0.31,14.6,81.01,0.0,0,0,311.294,1.3679,1.454,0.0,A
116,hotel2/geo,667.37,20.76,1119.06,0.0,0,5236,734.6654,22.8598,279.0364,0.94,A
116,hotel1/mongodb-recommendation,12.08,160.49,400.43,0.082,9,250,311.294,1.3679,279.0364,0.0185,A
116,hotel2/consul,21.94,27.15,212.87,0.0,0,3549,497.9617,1.3679,279.0364,0.0324,A
116,hotel2/frontend,3639.22,105.88,1119.14,0.0,0,7202,1010.5156,124.6498,279.0364,5.94,A
116,hotel1/search,1365.84,23.27,1119.06,0.0,0,6010,843.2656,46.7678,279.0364,1.73,A
116,hotel1/reservation,868.27,117.43,1119.06,0.0,0,5277,740.4181,29.822,279.0364,1.14,A
116,hotel1/recommendation,399.09,18.59,1119.06,0.0,0,5653,793.1748,13.6758,279.0364,0.532,A
116,hotel1/rate,745.59,25.47,1119.14,0.0,0,6101,856.0339,25.5412,279.0364,0.963,A
116,hotel1/profile,1155.95,28.84,1119.06,0.0,0,5372,753.7476,39.5891,279.0364,1.53,A
116,hotel1/mongodb-user,11.81,160.47,400.43,0.0859,11,158,311.294,1.3679,279.0364,0.0139,A
116,hotel1/user,17.93,15.89,1119.06,0.0,0,1576,311.294,1.3679,279.0364,0.0232,A
117,hotel2/user,15.74,16.08,1119.06,0.0,0,1138,311.294,2.1447,290.3507,0.0305,A
117,hotel2/search,1396.42,25.24,1119.06,0.0,0,6906,987.5808,185.2436,290.3507,2.04,A
117,hotel2/mongodb-recommendation,9.3,160.54,400.43,0.0,0,164,311.294,1.8089,290.3507,0.0122,A
117,hotel2/recommendation,412.67,19.09,1119.06,0.0,0,3886,555.7108,54.7849,290.3507,0.591,A
117,hotel2/rate,795.99,28.17,1119.14,0.0,0,5662,809.6847,105.6423,290.3507,1.17,A
117,hotel2/profile,1301.4,35.78,1119.06,0.0,0,6313,902.7799,172.6825,290.3507,1.93,A
117,hotel2/mongodb-user,9.05,160.5,400.43,0.0,0,137,311.294,1.7756,290.3507,0.0122,A
117,hotel2/mongodb-reservation,3999.73,276.26,400.43,0.0039,2,3164934,452596.0181,531.3199,290.3507,4.94,A
117,hotel2/reservation,976.21,119.01,1119.06,0.0,0,4958,709.0104,129.8637,290.3507,1.52,A
117,hotel2/mongodb-rate,9.91,164.75,400.43,0.0,0,189,311.294,1.9048,290.3507,0.0122,A
117,hotel2/mongodb-profile,9.29,162.46,400.43,0.0,0,172,311.294,1.8144,290.3507,0.0122,A
117,hotel2/memcached-reserve,161.7,7.09,79.27,0.0,0,1664,311.294,21.4654,290.3507,0.277,A
117,es-stress-d/elasticsearch-dynamic-0,7.59,208337.66,1414.12,0.0,0,596,311.294,748.1844,290.3507,0.0122,A
117,es-stress-d2/elasticsearch-dynamic-0,7.98,208344.93,1414.11,0.0039,1,720,311.294,748.2622,290.3507,0.0152,A
117,es-stress-d3/elasticsearch-dynamic-0,7.46,208354.12,1414.12,0.0039,1,374,311.294,748.2262,290.3507,0.0152,A
117,es-stress-d4/elasticsearch-dynamic-0,7.26,208342.34,1414.11,0.0039,1,513,311.294,748.1575,290.3507,0.0092,A
117,es-stress-d5/elasticsearch-dynamic-0,6.57,208383.35,1414.11,0.0039,2,346,311.294,748.213,290.3507,0.0031,A
117,hotel1/consul,22.6,27.56,212.87,0.0,0,5566,795.9564,3.0954,290.3507,0.0274,A
117,hotel1/frontend,4019.57,96.13,1119.14,0.0,0,5925,847.2946,533.3045,290.3507,4.07,A
117,hotel1/geo,686.78,19.34,1119.06,0.0,0,4945,707.1513,91.1304,290.3507,0.735,A
117,hotel1/jaeger,1.35,14.83,81.01,0.0,0,54,311.294,1.3679,1.454,0.0,A
117,hotel1/memcached-profile,239.41,7.52,79.27,0.0,0,3302,472.1969,31.7706,290.3507,0.244,A
117,hotel1/memcached-rate,147.71,7.69,79.27,0.0,0,2755,393.9741,19.6126,290.3507,0.149,A
117,hotel1/memcached-reserve,174.68,7.03,79.27,0.0,0,1997,311.294,23.1862,290.3507,0.198,A
117,hotel1/mongodb-geo,10.92,160.63,400.43,0.0352,1,144,311.294,2.024,290.3507,0.0183,A
117,hotel1/mongodb-profile,13.61,162.0,400.43,0.0352,1,195,311.294,2.3856,290.3507,0.0122,A
117,hotel1/mongodb-rate,9.93,163.53,400.43,0.0,0,241,311.294,1.9031,290.3507,0.0152,A
117,hotel2/mongodb-geo,9.23,160.61,400.43,0.0,0,191,311.294,1.7998,290.3507,0.0152,A
117,hotel1/mongodb-reservation,4000.04,271.46,400.43,0.0156,8,3072826,439424.2698,531.3438,290.3507,5.0,A
117,hotel2/memcached-rate,123.87,7.45,79.27,0.0,0,5509,787.8052,16.4508,290.3507,0.186,A
117,hotel2/memcached-profile,202.5,7.91,79.27,0.0,0,3375,482.6362,26.8781,290.3507,0.317,A
117,hotel2/jaeger,0.34,14.6,81.01,0.0,0,0,311.294,1.3679,1.454,0.0,A
117,hotel2/geo,617.64,19.57,1119.06,0.0,0,4180,597.7538,81.9638,290.3507,0.893,A
117,hotel1/mongodb-recommendation,9.04,160.68,400.43,0.0,0,185,311.294,1.7749,290.3507,0.0122,A
117,hotel2/consul,23.07,27.16,212.87,0.0,0,3449,493.2184,3.1563,290.3507,0.0274,A
117,hotel2/frontend,3442.34,98.21,1119.14,0.0,0,5670,810.8287,456.7763,290.3507,5.46,A
117,hotel1/search,1568.07,26.18,1119.06,0.0,0,5771,825.2721,208.0062,290.3507,1.69,A
117,hotel1/reservation,1080.61,118.25,1119.06,0.0,0,5548,793.3823,143.7035,290.3507,1.12,A
117,hotel1/recommendation,479.84,18.12,1119.06,0.0,0,4654,665.5374,63.6876,290.3507,0.537,A
117,hotel1/rate,845.53,26.85,1119.14,0.0,0,5710,816.5489,112.2062,290.3507,0.921,A
117,hotel1/profile,1367.29,29.52,1119.06,0.0,0,6788,970.7064,181.3965,290.3507,1.46,A
117,hotel1/mongodb-user,9.67,160.47,400.43,0.0,0,129,311.294,1.8577,290.3507,0.0122,A
117,hotel1/user,19.35,15.86,1119.06,0.0,0,1375,311.294,2.6225,290.3507,0.0183,A
118,hotel2/user,17.89,16.07,1119.06,0.0,0,1255,311.294,1.3679,266.5566,0.0332,A
118,hotel2/search,1185.28,24.87,1119.06,0.0,0,7431,1051.3277,41.2376,266.5566,1.96,A
118,hotel2/mongodb-recommendation,10.21,160.34,400.43,0.0625,4,184,311.294,1.3679,266.5566,0.0121,A
118,hotel2/recommendation,369.9,18.76,1119.06,0.0,0,4843,685.181,12.8789,266.5566,0.594,A
118,hotel2/rate,685.4,26.93,1119.14,0.0,0,5164,730.5957,23.8569,266.5566,1.11,A
118,hotel2/profile,1075.91,35.37,1119.06,0.0,0,6760,956.3956,37.4436,266.5566,1.87,A
118,hotel2/mongodb-user,13.53,160.54,400.43,0.0352,2,184,311.294,1.3679,266.5566,0.0151,A
118,hotel2/mongodb-reservation,4001.54,276.12,400.43,0.0977,6,3148905,445502.786,139.386,266.5566,4.83,A
118,hotel2/reservation,828.49,118.71,1119.06,0.0,0,6069,858.6338,28.9122,266.5566,1.37,A
118,hotel2/mongodb-rate,10.56,164.75,400.43,0.0352,2,158,311.294,1.3679,266.5566,0.0121,A
118,hotel2/mongodb-profile,10.71,162.27,400.43,0.0352,2,160,311.294,1.3679,266.5566,0.0121,A
118,hotel2/memcached-reserve,141.52,7.08,79.27,0.0,0,2185,311.294,4.9272,266.5566,0.256,A
118,es-stress-d/elasticsearch-dynamic-0,6.35,208337.66,1414.12,0.0039,1,1040,311.294,180.87,266.5566,0.0091,A
118,es-stress-d2/elasticsearch-dynamic-0,6.58,208344.93,1414.11,0.0,0,1060,311.294,180.8843,266.5566,0.006,A
118,es-stress-d3/elasticsearch-dynamic-0,5.99,208354.12,1414.12,0.0,0,588,311.294,180.8718,266.5566,0.003,A
118,es-stress-d4/elasticsearch-dynamic-0,5.81,208342.34,1414.11,0.0,0,935,311.294,180.8553,266.5566,0.003,A
118,es-stress-d5/elasticsearch-dynamic-0,6.58,208383.35,1414.11,0.0039,1,685,311.294,180.9176,266.5566,0.0091,A
118,hotel1/consul,23.19,27.59,212.87,0.0,0,3394,480.1785,1.3679,266.5566,0.0302,A
118,hotel1/frontend,3815.11,98.75,1119.14,0.0,0,6558,927.8169,132.7494,266.5566,4.34,A
118,hotel1/geo,651.17,20.53,1119.06,0.0,0,5192,734.5571,22.6611,266.5566,0.751,A
118,hotel1/jaeger,0.32,14.83,81.01,0.0,0,0,311.294,1.3679,1.454,0.003,A
118,hotel1/memcached-profile,214.41,7.76,79.27,0.0,0,3405,481.7348,7.4625,266.5566,0.259,A
118,hotel1/memcached-rate,135.77,7.46,79.27,0.0,0,5770,816.3317,4.7276,266.5566,0.163,A
118,hotel1/memcached-reserve,156.68,7.03,79.27,0.0,0,1987,311.294,5.4544,266.5566,0.199,A
118,hotel1/mongodb-geo,9.55,160.82,400.43,0.0,0,310,311.294,1.3679,266.5566,0.0121,A
118,hotel1/mongodb-profile,9.83,162.09,400.43,0.0,0,223,311.294,1.3679,266.5566,0.0121,A
118,hotel1/mongodb-rate,10.67,163.09,400.43,0.0352,1,359,311.294,1.3679,266.5566,0.0121,A
118,hotel2/mongodb-geo,10.53,160.67,400.43,0.0352,2,215,311.294,1.3679,266.5566,0.0181,A
118,hotel1/mongodb-reservation,3998.47,271.68,400.43,0.0664,1,3211229,454320.3006,139.2754,266.5566,4.93,A
118,hotel1/mongodb-recommendation,12.85,160.55,400.43,0.0352,1,859,311.294,1.3679,266.5566,0.0181,A
118,hotel2/memcached-rate,112.0,7.45,79.27,0.0,0,4836,684.1907,3.9011,266.5566,0.184,A
118,hotel2/memcached-profile,177.29,7.67,79.27,0.0,0,4667,660.2808,6.1716,266.5566,0.311,A
118,hotel2/jaeger,0.28,14.6,81.01,0.0,0,0,311.294,1.3679,1.454,0.0,A
118,hotel2/frontend,2756.53,103.15,1119.14,0.0,0,6926,979.881,95.9429,266.5566,5.29,A
118,hotel2/consul,21.99,27.18,212.87,0.0,0,2857,404.2045,1.3679,266.5566,0.0302,A
118,hotel2/geo,533.08,19.55,1119.06,0.0,0,4920,696.0749,18.5539,266.5566,0.859,A
118,hotel1/search,1483.64,26.1,1119.06,0.0,0,7802,1103.8163,51.6136,266.5566,1.72,A
118,hotel1/reservation,971.88,118.45,1119.06,0.0,0,5655,800.0617,33.8981,266.5566,1.21,A
118,hotel1/recommendation,459.04,19.17,1119.06,0.0,0,5302,750.1197,15.9789,266.5566,0.522,A
118,hotel1/rate,796.61,26.16,1119.14,0.0,0,6004,849.4377,27.7234,266.5566,0.929,A
118,hotel1/profile,1276.95,30.18,1119.06,0.0,0,5615,794.4025,44.4299,266.5566,1.46,A
118,hotel1/mongodb-user,10.6,160.71,400.43,0.0352,1,162,311.294,1.3679,266.5566,0.0121,A
118,hotel1/user,21.55,15.87,1119.06,0.0,0,1511,311.294,1.3679,266.5566,0.0181,A
119,hotel2/search,1426.51,25.84,1119.06,0.0,0,6495,873.92,50.9489,305.8192,1.76,A
119,hotel2/user,19.74,16.09,1119.06,0.0,0,1523,311.294,1.3679,305.8192,0.0207,A
119,hotel2/reservation,995.46,120.07,1119.06,0.0,0,5213,701.4234,35.6579,305.8192,1.21,A
119,hotel2/mongodb-rate,10.23,164.57,400.43,0.0,0,186,311.294,1.3679,305.8192,0.0138,A
119,hotel2/rate,797.91,26.93,1119.14,0.0,0,6343,853.468,28.5107,305.8192,0.98,A
119,hotel2/profile,1314.82,38.43,1119.06,0.0,0,6737,906.4818,46.9747,305.8192,1.57,A
119,hotel2/mongodb-user,9.6,160.54,400.43,0.0,0,150,311.294,1.3679,305.8192,0.0138,A
119,hotel2/mongodb-reservation,4157.84,275.9,400.43,0.0039,2,3534818,475619.4423,148.7055,305.8192,5.62,A
119,hotel2/mongodb-recommendation,9.93,160.16,400.43,0.0,0,153,311.294,1.3679,305.8192,0.0138,A
119,hotel2/recommendation,434.06,18.57,1119.06,0.0,0,4927,662.9413,15.5137,305.8192,0.545,A
119,hotel2/mongodb-profile,9.75,162.27,400.43,0.0,0,94,311.294,1.3679,305.8192,0.0138,A
119,hotel2/mongodb-geo,9.68,160.67,400.43,0.0,0,189,311.294,1.3679,305.8192,0.0138,A
119,hotel2/memcached-rate,123.75,7.45,79.27,0.0,0,4053,545.3422,4.4251,305.8192,0.159,A
119,hotel2/memcached-reserve,167.18,7.09,79.27,0.0,0,1500,311.294,5.9751,305.8192,0.2,A
119,es-stress-d/elasticsearch-dynamic-0,7.79,208337.66,1414.12,0.0,0,956,311.294,213.2761,305.8192,0.0104,A
119,es-stress-d2/elasticsearch-dynamic-0,8.7,208344.93,1414.11,0.0039,1,1023,311.294,213.316,305.8192,0.0104,A
119,es-stress-d3/elasticsearch-dynamic-0,7.05,208354.12,1414.12,0.0039,1,478,311.294,213.2665,305.8192,0.0138,A
119,es-stress-d4/elasticsearch-dynamic-0,6.83,208342.34,1414.11,0.0039,1,974,311.294,213.2466,305.8192,0.0104,A
119,es-stress-d5/elasticsearch-dynamic-0,6.51,208383.35,1414.11,0.0,0,881,311.294,213.2771,305.8192,0.0138,A
119,hotel1/consul,24.72,27.62,212.87,0.0,0,3437,462.4578,1.3679,305.8192,0.0345,A
119,hotel1/frontend,4699.43,94.71,1119.14,0.0,0,7067,950.8842,167.8535,305.8192,5.02,A
119,hotel1/jaeger,0.28,14.83,81.01,0.0,0,0,311.294,1.3679,1.454,0.0,A
119,hotel1/memcached-profile,256.91,7.55,79.27,0.0,0,3987,536.4618,9.1787,305.8192,0.304,A
119,hotel1/memcached-rate,160.59,7.45,79.27,0.0,0,2779,373.9221,5.7402,305.8192,0.193,A
119,hotel1/memcached-reserve,195.44,7.04,79.27,0.0,0,2581,347.2806,6.9839,305.8192,0.224,A
119,hotel1/mongodb-geo,11.36,160.7,400.43,0.0391,1,219,311.294,1.3679,305.8192,0.0173,A
119,hotel1/mongodb-profile,10.85,161.91,400.43,0.0391,1,223,311.294,1.3679,305.8192,0.0173,A
119,hotel1/geo,736.41,18.71,1119.06,0.0,0,5512,741.6547,26.3069,305.8192,0.887,A
119,hotel1/mongodb-recommendation,9.35,160.55,400.43,0.0,0,712,311.294,1.3679,305.8192,0.0138,A
119,hotel1/mongodb-rate,9.79,163.09,400.43,0.0,0,224,311.294,1.3679,305.8192,0.0173,A
119,hotel2/jaeger,0.35,14.6,81.01,0.0,0,0,311.294,1.3679,1.454,0.0034,A
119,hotel2/geo,635.57,21.1,1119.06,0.0,0,6069,816.6006,22.7097,305.8192,0.784,A
119,hotel2/frontend,3390.04,99.2,1119.14,0.0,0,8050,1083.1495,121.1165,305.8192,4.36,A
119,hotel2/consul,23.35,27.2,212.87,0.0,0,3519,473.4911,1.3679,305.8192,0.0311,A
119,hotel1/user,25.33,16.12,1119.06,0.0,0,937,311.294,1.3679,305.8192,0.0449,A
119,hotel1/search,1713.65,24.74,1119.06,0.0,0,6720,904.1944,61.1979,305.8192,2.06,A
119,hotel2/memcached-profile,213.64,7.68,79.27,0.0,0,3014,405.542,7.6342,305.8192,0.273,A
119,hotel1/recommendation,520.51,19.12,1119.06,0.0,0,3851,518.1626,18.6003,305.8192,0.621,A
119,hotel1/rate,936.65,26.26,1119.14,0.0,0,5934,798.436,33.4627,305.8192,1.12,A
119,hotel1/profile,1495.04,29.73,1119.06,0.0,0,6594,887.2408,53.3992,305.8192,1.76,A
119,hotel1/mongodb-user,10.07,160.71,400.43,0.0,0,176,311.294,1.3679,305.8192,0.0138,A
119,hotel1/mongodb-reservation,4164.19,271.71,400.43,0.0234,11,3387972,455860.9108,148.9279,305.8192,5.66,A
119,hotel1/reservation,1155.33,119.68,1119.06,0.0,0,5938,798.9742,41.3644,305.8192,1.32,A
120,hotel2/user,19.01,16.08,1119.06,0.0,0,1037,311.294,1.3679,296.7498,0.0229,A
120,hotel2/search,1406.94,26.41,1119.06,0.0,0,5129,756.7779,47.9427,296.7498,1.57,A
120,hotel2/profile,1336.83,37.32,1119.06,0.0,0,4776,704.6932,45.5653,296.7498,1.46,A
120,hotel2/recommendation,427.86,18.36,1119.06,0.0,0,3323,490.3047,14.5895,296.7498,0.458,A
120,hotel2/rate,804.89,26.64,1119.14,0.0,0,4775,704.5456,27.4383,296.7498,0.894,A
120,hotel2/mongodb-user,10.96,160.54,400.43,0.0352,2,388,311.294,1.3679,296.7498,0.0102,A
120,hotel2/mongodb-reservation,3839.07,276.11,400.43,0.0703,4,3086429,455398.9563,131.0141,296.7498,4.17,A
120,hotel2/mongodb-recommendation,10.63,160.4,400.43,0.0391,2,142,311.294,1.3679,296.7498,0.0153,A
120,hotel2/reservation,1032.3,120.16,1119.06,0.0,0,5346,788.796,35.2726,296.7498,1.11,A
120,hotel2/mongodb-rate,11.44,164.76,400.43,0.0391,2,112,311.294,1.3679,296.7498,0.0127,A
120,hotel2/mongodb-profile,11.25,162.46,400.43,0.0547,4,160,311.294,1.3679,296.7498,0.0127,A
120,hotel2/memcached-reserve,177.19,7.09,79.27,0.0,0,1739,311.294,6.0415,296.7498,0.188,A
120,es-stress-d/elasticsearch-dynamic-0,5.48,208337.66,1414.12,0.0273,9,979,311.294,198.7749,296.7498,0.0051,A
120,es-stress-d2/elasticsearch-dynamic-0,5.55,208344.93,1414.11,0.0234,8,990,311.294,198.7842,296.7498,0.0127,A
120,es-stress-d3/elasticsearch-dynamic-0,5.26,208354.12,1414.12,0.0234,8,576,311.294,198.7831,296.7498,0.0051,A
120,es-stress-d4/elasticsearch-dynamic-0,4.92,208342.35,1414.11,0.0234,8,677,311.294,198.7603,296.7498,0.0076,A
120,es-stress-d5/elasticsearch-dynamic-0,6.91,208383.35,1414.11,0.0234,7,495,311.294,198.8671,296.7498,0.0076,A
120,hotel1/consul,22.64,27.66,212.87,0.0,0,2414,356.1829,1.3679,296.7498,0.0229,A
120,hotel1/frontend,4802.53,99.22,1119.14,0.0,0,6492,957.8869,163.659,296.7498,3.95,A
120,hotel1/geo,706.82,18.98,1119.06,0.0,0,4226,623.5413,24.0909,296.7498,0.667,A
120,hotel1/jaeger,0.28,14.83,81.01,0.0,0,0,311.294,1.3679,1.454,0.0,A
120,hotel1/memcached-profile,254.97,7.75,79.27,0.0,0,2347,346.2971,8.6911,296.7498,0.232,A
120,hotel1/memcached-rate,163.55,7.45,79.27,0.0,0,2625,387.3157,5.5773,296.7498,0.145,A
120,hotel1/memcached-reserve,189.07,7.02,79.27,0.0,0,1615,311.294,6.446,296.7498,0.158,A
120,hotel1/mongodb-geo,9.45,160.88,400.43,0.0,0,217,311.294,1.3679,296.7498,0.0102,A
120,hotel1/mongodb-profile,9.94,161.91,400.43,0.0,0,243,311.294,1.3679,296.7498,0.0076,A
120,hotel1/mongodb-rate,10.9,163.34,400.43,0.0391,1,182,311.294,1.3679,296.7498,0.0127,A
120,hotel2/mongodb-geo,10.7,160.86,400.43,0.0469,4,205,311.294,1.3679,296.7498,0.0153,A
120,hotel1/mongodb-reservation,3840.37,271.82,400.43,0.0898,11,2796072,412557.1236,131.0543,296.7498,4.17,A
120,hotel1/mongodb-recommendation,11.71,160.74,400.43,0.0352,1,180,311.294,1.3679,296.7498,0.0127,A
120,hotel2/memcached-rate,125.77,7.7,79.27,0.0,0,5421,799.8622,4.2908,296.7498,0.138,A
120,hotel2/memcached-profile,222.01,7.67,79.27,0.0,0,3150,464.7788,7.5685,296.7498,0.242,A
120,hotel2/jaeger,0.25,14.6,81.01,0.0,0,0,311.294,1.3679,1.454,0.0,A
120,hotel2/frontend,3517.91,101.23,1119.14,0.0,0,5556,819.7812,119.9094,296.7498,3.82,A
120,hotel2/consul,21.73,27.23,212.87,0.0,0,2233,329.4765,1.3679,296.7498,0.0204,A
120,hotel2/geo,625.49,19.6,1119.06,0.0,0,4380,646.2638,21.3216,296.7498,0.7,A
120,hotel1/search,1627.16,24.64,1119.06,0.0,0,5853,863.6032,55.4412,296.7498,1.52,A
120,hotel1/reservation,1049.1,117.25,1119.06,0.0,0,5142,758.696,35.842,296.7498,0.991,A
120,hotel1/recommendation,516.36,18.12,1119.06,0.0,0,4925,726.6779,17.6034,296.7498,0.456,A
120,hotel1/rate,907.95,26.63,1119.14,0.0,0,4786,706.1687,30.9483,296.7498,0.833,A
120,hotel1/profile,1444.16,29.0,1119.06,0.0,0,5179,764.1553,49.2128,296.7498,1.31,A
120,hotel1/mongodb-user,11.51,160.9,400.43,0.0352,1,149,311.294,1.3679,296.7498,0.0102,A
120,hotel1/user,21.93,16.11,1119.06,0.0,0,1255,311.294,1.3679,296.7498,0.0153,A
121,hotel2/user,24.25,16.17,1119.06,0.0,0,1302,311.294,1.3679,298.7222,0.0158,A
121,hotel2/search,1626.44,28.43,1119.06,0.0,0,6314,877.7261,58.2306,298.7222,1.73,A
121,hotel2/mongodb-recommendation,10.32,160.4,400.43,0.0,0,194,311.294,1.3679,298.7222,0.0126,A
121,hotel2/recommendation,494.7,19.16,1119.06,0.0,0,4073,566.1987,17.722,298.7222,0.495,A
121,hotel2/rate,925.19,27.25,1119.14,0.0,0,5447,757.2021,33.1352,298.7222,0.947,A
121,hotel2/profile,1554.32,36.22,1119.06,0.0,0,5828,810.1659,55.6576,298.7222,1.6,A
121,hotel2/mongodb-user,9.81,160.73,400.43,0.0,0,346,311.294,1.3679,298.7222,0.0126,A
121,hotel2/mongodb-reservation,4002.2,275.84,400.43,0.0078,4,3279375,455874.7356,143.495,298.7222,5.14,A
121,hotel2/reservation,1114.36,120.09,1119.06,0.0,0,5539,769.9913,39.9977,298.7222,1.19,A
121,hotel2/mongodb-rate,10.1,164.76,400.43,0.0,0,130,311.294,1.3679,298.7222,0.0095,A
121,hotel2/mongodb-profile,10.11,162.28,400.43,0.0,0,188,311.294,1.3679,298.7222,0.0126,A
121,hotel2/mongodb-geo,10.0,161.05,400.43,0.0,0,209,311.294,1.3679,298.7222,0.0126,A
121,hotel2/memcached-reserve,207.84,7.1,79.27,0.0,0,2132,311.294,7.4447,298.7222,0.192,A
121,es-stress-d/elasticsearch-dynamic-0,7.14,208337.66,1414.12,0.0,0,463,311.294,208.9787,298.7222,0.0063,A
121,es-stress-d2/elasticsearch-dynamic-0,8.21,208344.93,1414.11,0.0078,2,994,311.294,209.0243,298.7222,0.0126,A
121,es-stress-d3/elasticsearch-dynamic-0,6.6,208354.12,1414.12,0.0039,1,841,311.294,208.9759,298.7222,0.0095,A
121,es-stress-d4/elasticsearch-dynamic-0,10.77,208342.6,1414.11,0.0117,3,650,311.294,209.1136,298.7222,0.0095,A
121,es-stress-d5/elasticsearch-dynamic-0,5.75,208383.35,1414.11,0.0,0,1050,311.294,208.9748,298.7222,0.0063,A
121,hotel1/consul,24.09,27.67,212.87,0.0,0,3115,433.0245,1.3679,298.7222,0.0284,A
121,hotel1/frontend,3514.91,95.57,1119.14,0.0,0,5960,828.5156,125.8768,298.7222,5.12,A
121,hotel1/geo,628.27,19.83,1119.06,0.0,0,5189,721.3368,22.5025,298.7222,0.874,A
121,hotel1/memcached-profile,208.14,7.77,79.27,0.0,0,3181,442.1994,7.4561,298.7222,0.303,A
121,hotel1/memcached-rate,132.13,7.45,79.27,0.0,0,3171,440.8092,4.7357,298.7222,0.183,A
121,hotel1/memcached-reserve,140.05,7.03,79.27,0.0,0,2153,311.294,5.0187,298.7222,0.224,A
121,hotel1/mongodb-geo,11.5,160.84,400.43,0.0391,1,219,311.294,1.3679,298.7222,0.0126,A
121,hotel1/mongodb-profile,10.78,162.06,400.43,0.0391,1,205,311.294,1.3679,298.7222,0.0158,A
121,hotel1/mongodb-rate,9.71,163.09,400.43,0.0,0,162,311.294,1.3679,298.7222,0.0126,A
121,hotel1/jaeger,0.3,14.83,81.01,0.0,0,0,311.294,1.3679,1.454,0.0032,A
121,hotel1/mongodb-reservation,3998.84,272.12,400.43,0.0195,10,3200294,444881.4732,143.3711,298.7222,5.17,A
121,hotel1/mongodb-recommendation,9.69,160.74,400.43,0.0,0,188,311.294,1.3679,298.7222,0.0126,A
121,hotel2/memcached-profile,261.44,7.68,79.27,0.0,0,3269,454.4325,9.3633,298.7222,0.237,A
121,hotel2/jaeger,1.37,14.6,81.01,0.0,0,64,311.294,1.3679,1.454,0.0,A
121,hotel2/geo,715.99,19.76,1119.06,0.0,0,4456,619.4405,25.6415,298.7222,0.764,A
121,hotel2/frontend,4536.76,102.25,1119.14,0.0,0,7164,995.8869,162.4503,298.7222,4.25,A
121,hotel2/consul,23.67,27.25,212.87,0.0,0,2704,375.8903,1.3679,298.7222,0.0284,A
121,hotel1/user,24.19,16.07,1119.06,0.0,0,1012,311.294,1.3679,298.7222,0.0252,A
121,hotel2/memcached-rate,150.64,7.46,79.27,0.0,0,4008,557.1629,5.3981,298.7222,0.151,A
121,hotel1/reservation,932.23,117.91,1119.06,0.0,0,5809,807.5247,33.478,298.7222,1.41,A
121,hotel1/recommendation,439.16,18.28,1119.06,0.0,0,4225,587.3286,15.7336,298.7222,0.612,A
121,hotel1/rate,792.24,25.22,1119.14,0.0,0,4510,626.9472,28.3756,298.7222,1.07,A
121,hotel1/profile,1218.67,29.1,1119.06,0.0,0,5848,812.9462,43.6392,298.7222,1.74,A
121,hotel1/mongodb-user,10.04,160.9,400.43,0.0,0,156,311.294,1.3679,298.7222,0.0126,A
121,hotel1/search,1416.93,24.39,1119.06,0.0,0,6306,876.614,50.7293,298.7222,2.0,A
122,hotel2/user,20.91,16.18,1119.06,0.0,0,1344,311.294,1.3679,281.203,0.0215,A
122,hotel2/search,1457.28,29.01,1119.06,0.0,0,6608,885.6124,51.2455,281.203,1.55,A
122,hotel2/rate,837.5,28.16,1119.14,0.0,0,5188,695.3022,29.4615,281.203,0.887,A
122,hotel2/recommendation,432.34,19.01,1119.06,0.0,0,6154,824.7668,15.213,281.203,0.496,A
122,hotel2/profile,1392.66,37.34,1119.06,0.0,0,5778,774.3748,48.9821,281.203,1.42,A
122,hotel2/mongodb-user,11.3,160.73,400.43,0.0586,4,158,311.294,1.3679,281.203,0.0154,A
122,hotel2/mongodb-reservation,3997.78,275.94,400.43,0.0977,10,3392605,454681.1634,140.7652,281.203,4.97,A
122,hotel2/mongodb-recommendation,10.55,160.41,400.43,0.0391,2,210,311.294,1.3679,281.203,0.0123,A
122,hotel2/reservation,1081.15,118.95,1119.06,0.0,0,5319,712.859,38.1094,281.203,1.13,A
122,hotel2/mongodb-rate,10.3,164.57,400.43,0.0391,2,144,311.294,1.3679,281.203,0.0123,A
122,hotel2/mongodb-profile,10.78,162.28,400.43,0.0391,2,197,311.294,1.3679,281.203,0.0123,A
122,hotel2/mongodb-geo,10.65,161.23,400.43,0.0391,2,246,311.294,1.3679,281.203,0.0154,A
122,hotel2/memcached-reserve,179.18,7.1,79.27,0.0,0,2238,311.294,6.3042,281.203,0.191,A
122,es-stress-d/elasticsearch-dynamic-0,8.97,208337.66,1414.12,0.0078,2,481,311.294,193.9664,281.203,0.0092,A
122,es-stress-d2/elasticsearch-dynamic-0,8.09,208344.93,1414.11,0.0,0,387,311.294,193.9422,281.203,0.0062,A
122,es-stress-d3/elasticsearch-dynamic-0,8.28,208354.12,1414.12,0.0039,1,322,311.294,193.9574,281.203,0.0092,A
122,es-stress-d4/elasticsearch-dynamic-0,6.46,208342.35,1414.11,0.0,0,462,311.294,193.8825,281.203,0.0062,A
122,es-stress-d5/elasticsearch-dynamic-0,9.0,208383.35,1414.11,0.0078,2,407,311.294,194.0099,281.203,0.0062,A
122,hotel1/consul,24.06,27.67,212.87,0.0,0,2980,399.3833,1.3679,281.203,0.0277,A
122,hotel1/frontend,3599.53,95.3,1119.14,0.0,0,6655,891.9114,126.6001,281.203,4.64,A
122,hotel1/geo,602.65,19.13,1119.06,0.0,0,5021,672.9207,21.1989,281.203,0.8,A
122,hotel1/memcached-profile,201.11,7.54,79.27,0.0,0,3425,459.0228,7.0754,281.203,0.265,A
122,hotel1/memcached-rate,131.08,7.45,79.27,0.0,0,3785,507.2704,4.614,281.203,0.166,A
122,hotel1/memcached-reserve,148.15,7.04,79.27,0.0,0,1779,311.294,5.2135,281.203,0.194,A
122,hotel1/mongodb-geo,9.42,160.95,400.43,0.0,0,174,311.294,1.3679,281.203,0.0092,A
122,hotel1/mongodb-profile,9.83,161.91,400.43,0.0,0,292,311.294,1.3679,281.203,0.0123,A
122,hotel1/mongodb-rate,10.7,163.1,400.43,0.0391,1,207,311.294,1.3679,281.203,0.0123,A
122,hotel1/jaeger,0.31,14.83,81.01,0.0,0,0,311.294,1.3679,1.454,0.0,A
122,hotel1/mongodb-reservation,4000.43,272.11,400.43,0.0977,14,3374182,452212.0899,140.8548,281.203,5.05,A
122,hotel1/mongodb-recommendation,10.95,160.55,400.43,0.0391,1,213,311.294,1.3679,281.203,0.0185,A
122,hotel2/memcached-profile,234.52,7.93,79.27,0.0,0,2367,317.2283,8.25,281.203,0.24,A
122,hotel2/jaeger,0.32,14.6,81.01,0.0,0,0,311.294,1.3679,1.454,0.0,A
122,hotel2/geo,652.14,22.03,1119.06,0.0,0,4694,629.0957,22.941,281.203,0.702,A
122,hotel2/frontend,3701.56,100.14,1119.14,0.0,0,6740,903.3032,130.1906,281.203,3.54,A
122,hotel2/consul,21.78,27.27,212.87,0.0,0,3376,452.4557,1.3679,281.203,0.0277,A
122,hotel1/user,17.78,16.08,1119.06,0.0,0,1580,311.294,1.3679,281.203,0.0277,A
122,hotel2/memcached-rate,135.96,7.47,79.27,0.0,0,2715,363.8677,4.7855,281.203,0.145,A
122,hotel1/reservation,905.41,117.46,1119.06,0.0,0,5293,709.3745,31.9313,281.203,1.2,A
122,hotel1/recommendation,420.43,18.41,1119.06,0.0,0,3894,521.8787,14.7938,281.203,0.551,A
122,hotel1/rate,740.53,27.07,1119.14,0.0,0,5910,792.0656,26.0523,281.203,0.994,A
122,hotel1/profile,1151.02,29.71,1119.06,0.0,0,4938,661.7969,40.4821,281.203,1.58,A
122,hotel1/mongodb-user,10.38,161.28,400.43,0.0391,1,223,311.294,1.3679,281.203,0.0154,A
122,hotel1/search,1397.43,26.04,1119.06,0.0,0,7450,998.4583,49.1392,281.203,1.85,A
123,hotel2/user,18.9,16.43,1119.06,0.0,0,1118,311.294,1.3679,322.6375,0.0223,A
123,hotel2/search,1568.11,26.04,1119.06,0.0,0,5863,869.3715,54.4814,322.6375,1.65,A
123,hotel2/rate,915.71,26.88,1119.14,0.0,0,5393,799.6795,31.8269,322.6375,0.921,A
123,hotel2/recommendation,482.08,18.35,1119.06,0.0,0,4314,639.6842,16.7598,322.6375,0.497,A
123,hotel2/profile,1451.88,37.34,1119.06,0.0,0,4440,658.3677,50.4569,322.6375,1.52,A
123,hotel2/mongodb-user,10.11,160.55,400.43,0.0,0,135,311.294,1.3679,322.6375,0.0084,A
123,hotel2/mongodb-reservation,4001.49,275.91,400.43,0.0078,4,3025915,448685.7133,139.2429,322.6375,4.58,A
123,hotel2/mongodb-recommendation,10.19,160.4,400.43,0.0,0,206,311.294,1.3679,322.6375,0.0112,A
123,hotel2/reservation,1132.92,120.12,1119.06,0.0,0,4361,646.6535,39.4667,322.6375,1.17,A
123,hotel2/mongodb-rate,10.3,164.57,400.43,0.0,0,144,311.294,1.3679,322.6375,0.0112,A
123,hotel2/mongodb-profile,9.72,162.46,400.43,0.0,0,112,311.294,1.3679,322.6375,0.0084,A
123,hotel2/mongodb-geo,9.88,161.05,400.43,0.0,0,163,311.294,1.3679,322.6375,0.0112,A
123,hotel2/memcached-reserve,203.1,7.09,79.27,0.0,0,1597,311.294,7.0602,322.6375,0.209,A
123,es-stress-d2/elasticsearch-dynamic-0,8.21,208344.93,1414.11,0.0039,1,736,311.294,216.9321,322.6375,0.0112,A
123,es-stress-d3/elasticsearch-dynamic-0,7.36,208354.12,1414.12,0.0039,1,759,311.294,216.9122,322.6375,0.0112,A
123,es-stress-d4/elasticsearch-dynamic-0,7.08,208342.35,1414.11,0.0039,1,571,311.294,216.8902,322.6375,0.0056,A
123,es-stress-d5/elasticsearch-dynamic-0,7.4,208383.35,1414.11,0.0,0,828,311.294,216.9439,322.6375,0.0084,A
123,hotel1/consul,23.71,27.67,212.87,0.0,0,2964,439.5049,1.3679,322.6375,0.0251,A
123,hotel1/frontend,4802.38,96.25,1119.14,0.0,0,5416,803.0899,166.8678,322.6375,5.3,A
123,hotel1/geo,765.83,19.65,1119.06,0.0,0,4395,651.695,26.6147,322.6375,0.826,A
123,hotel1/jaeger,0.33,14.83,81.01,0.0,0,0,311.294,1.3679,1.454,0.0,A
123,hotel1/memcached-profile,275.27,8.27,79.27,0.0,0,2813,417.1145,9.5676,322.6375,0.299,A
123,hotel1/memcached-rate,174.49,7.44,79.27,0.0,0,2870,425.5665,6.0671,322.6375,0.187,A
123,hotel1/memcached-reserve,204.68,7.03,79.27,0.0,0,2157,319.8421,7.115,322.6375,0.232,A
123,hotel1/mongodb-geo,11.45,161.16,400.43,0.0391,1,266,311.294,1.3679,322.6375,0.014,A
123,hotel1/mongodb-profile,11.02,162.06,400.43,0.0391,1,246,311.294,1.3679,322.6375,0.014,A
123,hotel1/mongodb-rate,9.86,163.34,400.43,0.0,0,187,311.294,1.3679,322.6375,0.0112,A
123,es-stress-d/elasticsearch-dynamic-0,7.6,208337.66,1414.12,0.0,0,764,311.294,216.9034,322.6375,0.0056,A
123,hotel1/mongodb-reservation,4002.06,271.86,400.43,0.0352,18,3086816,457716.1747,139.2585,322.6375,4.57,A
123,hotel2/memcached-rate,150.41,7.46,79.27,0.0,0,2861,424.232,5.2309,322.6375,0.145,A
123,hotel2/memcached-profile,242.4,7.69,79.27,0.0,0,2831,419.7835,8.4256,322.6375,0.251,A
123,hotel2/jaeger,0.27,14.6,81.01,0.0,0,0,311.294,1.3679,1.454,0.0,A
123,hotel2/geo,704.08,22.06,1119.06,0.0,0,3548,526.101,24.4729,322.6375,0.725,A
123,hotel1/mongodb-recommendation,9.96,160.74,400.43,0.0,0,202,311.294,1.3679,322.6375,0.0112,A
123,hotel2/consul,23.03,27.3,212.87,0.0,0,2474,366.8472,1.3679,322.6375,0.0279,A
123,hotel2/frontend,3913.69,100.77,1119.14,0.0,0,6540,969.7578,136.0118,322.6375,3.99,A
123,hotel1/search,1766.47,23.5,1119.06,0.0,0,4869,721.9802,61.367,322.6375,1.94,A
123,hotel1/reservation,1170.36,117.66,1119.06,0.0,0,6258,927.9425,40.7643,322.6375,1.27,A
123,hotel1/recommendation,544.68,17.93,1119.06,0.0,0,5018,744.0741,18.9332,322.6375,0.597,A
123,hotel1/rate,977.73,25.84,1119.14,0.0,0,5507,816.5835,33.9796,322.6375,1.09,A
123,hotel1/profile,1602.78,31.05,1119.06,0.0,0,5966,884.6445,55.6905,322.6375,1.7,A
123,hotel1/mongodb-user,10.27,161.28,400.43,0.0,0,160,311.294,1.3679,322.6375,0.0084,A
123,hotel1/user,25.76,16.08,1119.06,0.0,0,1025,311.294,1.3679,322.6375,0.0335,A
124,hotel2/user,23.35,16.43,1119.06,0.0,0,1165,311.294,1.3679,302.6383,0.0269,A
124,hotel2/search,1404.11,25.89,1119.06,0.0,0,6002,858.4303,49.7463,302.6383,2.19,A
124,hotel2/mongodb-recommendation,10.56,160.22,400.43,0.0391,2,189,311.294,1.3679,302.6383,0.0154,A
124,hotel2/recommendation,426.58,18.08,1119.06,0.0,0,4398,629.0197,15.1236,302.6383,0.668,A
124,hotel2/rate,793.22,25.3,1119.14,0.0,0,4219,603.4184,28.1138,302.6383,1.24,A
124,hotel2/profile,1321.88,36.59,1119.06,0.0,0,5241,749.589,46.8452,302.6383,2.11,A
124,hotel2/mongodb-user,11.31,160.55,400.43,0.0391,2,103,311.294,1.3679,302.6383,0.0154,A
124,hotel2/mongodb-reservation,3999.46,276.09,400.43,0.0742,4,3067975,438794.1602,141.9,302.6383,6.14,A
124,hotel2/reservation,977.54,119.63,1119.06,0.0,0,6028,862.1489,34.7352,302.6383,1.56,A
124,hotel2/mongodb-rate,10.93,164.77,400.43,0.0547,4,177,311.294,1.3679,302.6383,0.0192,A
124,hotel2/mongodb-profile,11.08,162.28,400.43,0.0391,2,125,311.294,1.3679,302.6383,0.0154,A
124,hotel2/memcached-reserve,175.31,7.09,79.27,0.0,0,1682,311.294,6.2149,302.6383,0.269,A
124,es-stress-d/elasticsearch-dynamic-0,5.77,208337.66,1414.12,0.0039,1,751,311.294,208.9892,302.6383,0.0115,A
124,es-stress-d2/elasticsearch-dynamic-0,6.07,208344.93,1414.11,0.0,0,1167,311.294,209.0071,302.6383,0.0115,A
124,es-stress-d3/elasticsearch-dynamic-0,5.51,208354.12,1414.12,0.0,0,897,311.294,208.9965,302.6383,0.0,A
124,es-stress-d4/elasticsearch-dynamic-0,5.35,208342.35,1414.11,0.0,0,686,311.294,208.979,302.6383,0.0115,A
124,es-stress-d5/elasticsearch-dynamic-0,7.35,208383.35,1414.11,0.0039,1,437,311.294,209.0909,302.6383,0.0077,A
124,hotel1/consul,22.84,27.67,212.87,0.0,0,3471,496.4364,1.3679,302.6383,0.0384,A
124,hotel1/frontend,4415.0,98.6,1119.14,0.0,0,6667,953.5412,156.4366,302.6383,7.28,A
124,hotel1/geo,704.43,20.93,1119.06,0.0,0,4337,620.2952,24.9653,302.6383,1.12,A
124,hotel1/jaeger,0.33,14.83,81.01,0.0,0,0,311.294,1.3679,1.454,0.0,A
124,hotel1/memcached-profile,259.77,7.77,79.27,0.0,0,2869,410.336,9.2064,302.6383,0.38,A
124,hotel1/memcached-rate,157.99,7.46,79.27,0.0,0,2652,379.2997,5.602,302.6383,0.257,A
124,hotel1/memcached-reserve,188.05,7.04,79.27,0.0,0,2077,311.294,6.666,302.6383,0.28,A
124,hotel1/mongodb-geo,9.48,160.82,400.43,0.0,0,446,311.294,1.3679,302.6383,0.0154,A
124,hotel1/mongodb-profile,9.87,161.92,400.43,0.0,0,226,311.294,1.3679,302.6383,0.0154,A
124,hotel1/mongodb-rate,10.86,163.09,400.43,0.0391,1,253,311.294,1.3679,302.6383,0.0154,A
124,hotel2/mongodb-geo,11.06,161.24,400.43,0.0391,2,242,311.294,1.3679,302.6383,0.0192,A
124,hotel1/mongodb-reservation,3994.5,272.04,400.43,0.0898,8,3231797,462224.6435,141.7203,302.6383,6.3,A
124,hotel1/mongodb-recommendation,11.18,160.56,400.43,0.0391,1,196,311.294,1.3679,302.6383,0.0192,A
124,hotel2/memcached-rate,128.54,7.45,79.27,0.0,0,3182,455.1025,4.5591,302.6383,0.192,A
124,hotel2/memcached-profile,219.2,7.68,79.27,0.0,0,2551,364.8543,7.7697,302.6383,0.349,A
124,hotel2/jaeger,0.33,14.6,81.01,0.0,0,0,311.294,1.3679,1.454,0.0,A
124,hotel2/frontend,3842.05,98.48,1119.14,0.0,0,5614,802.9369,136.148,302.6383,5.72,A
124,hotel2/consul,21.92,27.32,212.87,0.0,0,2148,311.294,1.3679,302.6383,0.0345,A
124,hotel2/geo,619.22,20.56,1119.06,0.0,0,4972,711.1155,21.9476,302.6383,0.986,A
124,hotel1/search,1645.29,24.88,1119.06,0.0,0,7446,1064.957,58.2857,302.6383,2.58,A
124,hotel1/reservation,1159.33,117.66,1119.06,0.0,0,4450,636.457,41.1705,302.6383,1.68,A
124,hotel1/recommendation,512.11,18.11,1119.06,0.0,0,3902,558.0798,18.1523,302.6383,0.806,A
124,hotel1/rate,899.91,25.57,1119.14,0.0,0,5140,735.1435,31.892,302.6383,1.39,A
124,hotel1/profile,1492.43,30.37,1119.06,0.0,0,5506,787.4903,52.8783,302.6383,2.3,A
124,hotel1/mongodb-user,10.8,161.28,400.43,0.0391,1,173,311.294,1.3679,302.6383,0.0154,A
124,hotel1/user,25.88,16.09,1119.06,0.0,0,1577,311.294,1.3679,302.6383,0.0345,A
125,hotel2/user,18.34,16.18,1119.06,0.0,0,1402,311.294,1.3679,300.4343,0.0271,A
125,hotel2/search,1531.28,26.51,1119.06,0.0,0,6179,868.5644,54.4936,300.4343,2.19,A
125,hotel2/mongodb-recommendation,9.46,160.41,400.43,0.0,0,168,311.294,1.3679,300.4343,0.0102,A
125,hotel2/recommendation,468.68,19.31,1119.06,0.0,0,4401,618.636,16.69,300.4343,0.644,A
125,hotel2/rate,869.1,27.69,1119.14,0.0,0,5229,735.0256,30.9412,300.4343,1.21,A
125,hotel2/profile,1448.3,39.14,1119.06,0.0,0,5094,716.049,51.5545,300.4343,2.05,A
125,hotel2/mongodb-user,9.16,160.55,400.43,0.0,0,176,311.294,1.3679,300.4343,0.0136,A
125,hotel2/mongodb-reservation,3997.2,276.18,400.43,0.0078,4,3186015,447849.0359,142.4535,300.4343,5.47,A
125,hotel2/reservation,1054.35,119.65,1119.06,0.0,0,4533,637.1909,37.6217,300.4343,1.48,A
125,hotel2/mongodb-rate,9.94,164.58,400.43,0.0,0,288,311.294,1.3679,300.4343,0.0102,A
125,hotel2/mongodb-profile,9.55,162.28,400.43,0.0,0,175,311.294,1.3679,300.4343,0.0136,A
125,hotel2/mongodb-geo,9.05,161.23,400.43,0.0,0,197,311.294,1.3679,300.4343,0.0136,A
125,hotel2/memcached-reserve,193.42,7.34,79.27,0.0,0,1817,311.294,6.8872,300.4343,0.268,A
125,es-stress-d2/elasticsearch-dynamic-0,8.53,208344.99,1414.11,0.0039,1,512,311.294,207.02,300.4343,0.0136,A
125,es-stress-d3/elasticsearch-dynamic-0,6.75,208354.12,1414.12,0.0039,1,506,311.294,206.9658,300.4343,0.0102,A
125,es-stress-d4/elasticsearch-dynamic-0,8.89,208342.35,1414.11,0.0039,1,643,311.294,207.0302,300.4343,0.0136,A
125,es-stress-d5/elasticsearch-dynamic-0,5.62,208383.35,1414.11,0.0,0,1096,311.294,206.9546,300.4343,0.0068,A
125,hotel1/consul,23.56,27.67,212.87,0.0,0,2662,374.1897,1.3679,300.4343,0.0339,A
125,hotel1/frontend,4056.28,95.37,1119.14,0.0,0,6401,899.7703,144.3756,300.4343,4.65,A
125,hotel1/geo,671.33,19.01,1119.06,0.0,0,4433,623.1342,23.8979,300.4343,0.844,A
125,hotel1/jaeger,0.32,14.83,81.01,0.0,0,0,311.294,1.3679,1.454,0.0,A
125,hotel1/memcached-profile,235.57,7.51,79.27,0.0,0,2909,408.9098,8.3866,300.4343,0.288,A
125,hotel1/memcached-rate,147.3,7.69,79.27,0.0,0,2560,359.8519,5.2471,300.4343,0.176,A
125,hotel1/memcached-reserve,179.13,7.04,79.27,0.0,0,1763,311.294,6.3786,300.4343,0.193,A
125,hotel1/mongodb-geo,11.29,160.97,400.43,0.0391,1,193,311.294,1.3679,300.4343,0.0136,A
125,hotel1/mongodb-profile,11.13,162.07,400.43,0.0391,1,172,311.294,1.3679,300.4343,0.0136,A
125,hotel1/mongodb-rate,9.05,163.28,400.43,0.0,0,233,311.294,1.3679,300.4343,0.0136,A
125,es-stress-d/elasticsearch-dynamic-0,7.48,208337.66,1414.12,0.0,0,475,311.294,206.9754,300.4343,0.0068,A
125,hotel1/mongodb-reservation,3999.69,271.81,400.43,0.0312,16,3157380,443823.8956,142.5377,300.4343,5.56,A
125,hotel2/memcached-rate,143.37,7.71,79.27,0.0,0,3769,529.7976,5.1073,300.4343,0.203,A
125,hotel2/memcached-profile,238.0,7.67,79.27,0.0,0,2140,311.294,8.4732,300.4343,0.346,A
125,hotel2/jaeger,0.28,14.6,81.01,0.0,0,0,311.294,1.3679,1.454,0.0034,A
125,hotel2/geo,673.5,19.82,1119.06,0.0,0,3771,530.0787,23.9759,300.4343,0.963,A
125,hotel1/mongodb-recommendation,9.5,160.56,400.43,0.0,0,164,311.294,1.3679,300.4343,0.0169,A
125,hotel2/consul,22.77,27.35,212.87,0.0,0,2720,382.3426,1.3679,300.4343,0.0305,A
125,hotel2/frontend,3773.1,99.86,1119.14,0.0,0,6732,946.298,134.3074,300.4343,5.89,A
125,hotel1/search,1498.97,24.79,1119.06,0.0,0,5606,788.0194,53.3426,300.4343,1.95,A
125,hotel1/reservation,1060.71,117.18,1119.06,0.0,0,5057,710.8481,37.8455,300.4343,1.31,A
125,hotel1/recommendation,477.34,18.12,1119.06,0.0,0,4331,608.7963,16.9969,300.4343,0.593,A
125,hotel1/rate,837.61,26.24,1119.14,0.0,0,5543,779.1637,29.8196,300.4343,1.07,A
125,hotel1/profile,1363.78,29.19,1119.06,0.0,0,7028,987.9059,48.5383,300.4343,1.62,A
125,hotel1/mongodb-user,9.77,161.28,400.43,0.0,0,119,311.294,1.3679,300.4343,0.0136,A
125,hotel1/user,24.43,16.09,1119.06,0.0,0,1259,311.294,1.3679,300.4343,0.0339,A
126,hotel2/user,26.24,15.83,1119.06,0.0,0,1389,311.294,1.3679,299.2791,0.0237,A
126,hotel2/search,1589.92,26.48,1119.06,0.0,0,6662,966.0604,66.8649,299.2791,1.7,A
126,hotel2/mongodb-recommendation,10.53,160.41,400.43,0.0547,4,224,311.294,1.3679,299.2791,0.0132,A
126,hotel2/recommendation,484.05,18.57,1119.06,0.0,0,4665,676.4743,20.3696,299.2791,0.506,A
126,hotel2/rate,893.15,26.96,1119.14,0.0,0,4214,611.0745,37.5764,299.2791,0.968,A
126,hotel2/profile,1492.69,36.38,1119.06,0.0,0,5482,794.948,62.7897,299.2791,1.62,A
126,hotel2/mongodb-user,11.46,160.74,400.43,0.0391,2,93,311.294,1.3679,299.2791,0.0105,A
126,hotel2/mongodb-reservation,4002.1,276.47,400.43,0.0938,6,3274606,474852.4883,168.5621,299.2791,4.29,A
126,hotel2/reservation,1192.37,122.14,1119.06,0.0,0,4521,655.5928,50.2684,299.2791,1.27,A
126,hotel2/mongodb-rate,10.9,164.58,400.43,0.043,4,138,311.294,1.3679,299.2791,0.0105,A
126,hotel2/mongodb-profile,11.25,162.28,400.43,0.0391,2,180,311.294,1.3679,299.2791,0.0132,A
126,hotel2/memcached-reserve,184.82,7.59,79.27,0.0,0,1757,311.294,7.7781,299.2791,0.214,A
126,es-stress-d/elasticsearch-dynamic-0,5.8,208337.66,1414.12,0.0039,1,764,311.294,250.1055,299.2791,0.0079,A
126,es-stress-d2/elasticsearch-dynamic-0,5.79,208344.99,1414.11,0.0,0,790,311.294,250.1139,299.2791,0.0053,A
126,es-stress-d3/elasticsearch-dynamic-0,5.68,208354.12,1414.12,0.0,0,1252,311.294,250.1202,299.2791,0.0105,A
126,es-stress-d4/elasticsearch-dynamic-0,5.08,208342.35,1414.11,0.0,0,646,311.294,250.0808,299.2791,0.0079,A
126,es-stress-d5/elasticsearch-dynamic-0,8.4,208383.35,1414.11,0.0234,9,372,311.294,250.2696,299.2791,0.0079,A
126,hotel1/consul,23.79,27.68,212.87,0.0,0,2600,377.0275,1.3679,299.2791,0.0264,A
126,hotel1/frontend,3958.16,97.6,1119.14,0.0,0,5625,815.6845,166.5005,299.2791,4.01,A
126,hotel1/geo,646.48,19.89,1119.06,0.0,0,3860,559.7408,27.199,299.2791,0.662,A
126,hotel1/jaeger,0.36,14.83,81.01,0.0,0,0,311.294,1.3679,1.454,0.0,A
126,hotel1/memcached-profile,221.14,8.26,79.27,0.0,0,2675,387.9033,9.3056,299.2791,0.214,A
126,hotel1/memcached-rate,136.9,7.45,79.27,0.0,0,3345,485.0604,5.7636,299.2791,0.148,A
126,hotel1/memcached-reserve,167.5,7.29,79.27,0.0,0,1617,311.294,7.0497,299.2791,0.163,A
126,hotel1/mongodb-geo,9.56,161.07,400.43,0.0,0,141,311.294,1.3679,299.2791,0.0105,A
126,hotel1/mongodb-profile,9.69,161.92,400.43,0.0,0,229,311.294,1.3679,299.2791,0.0105,A
126,hotel1/mongodb-rate,11.17,163.28,400.43,0.0391,1,278,311.294,1.3679,299.2791,0.0105,A
126,hotel2/mongodb-geo,10.63,161.61,400.43,0.0703,4,162,311.294,1.3679,299.2791,0.0132,A
126,hotel1/mongodb-reservation,4006.19,271.85,400.43,0.0938,10,2943450,426831.3674,168.7285,299.2791,4.32,A
126,hotel2/memcached-rate,144.26,7.45,79.27,0.0,0,2642,383.1179,6.073,299.2791,0.158,A
126,hotel2/memcached-profile,246.03,7.66,79.27,0.0,0,2656,385.1481,10.3512,299.2791,0.269,A
126,hotel2/jaeger,0.3,14.6,81.01,0.0,0,0,311.294,1.3679,1.454,0.0,A
126,hotel2/geo,692.17,20.42,1119.06,0.0,0,4729,685.755,29.1202,299.2791,0.744,A
126,hotel1/mongodb-recommendation,10.88,160.56,400.43,0.0391,1,169,311.294,1.3679,299.2791,0.0158,A
126,hotel2/consul,21.98,27.37,212.87,0.0,0,2651,384.423,1.3679,299.2791,0.0237,A
126,hotel2/frontend,4555.99,99.35,1119.14,0.0,0,6192,897.9055,191.6327,299.2791,4.2,A
126,hotel1/search,1466.29,25.11,1119.06,0.0,0,5996,869.4834,61.6664,299.2791,1.54,A
126,hotel1/reservation,991.25,118.05,1119.06,0.0,0,5647,818.8747,41.8093,299.2791,1.01,A
126,hotel1/recommendation,445.98,18.39,1119.06,0.0,0,3480,504.6368,18.7691,299.2791,0.459,A
126,hotel1/rate,793.35,26.14,1119.14,0.0,0,5855,849.0369,33.3803,299.2791,0.817,A
126,hotel1/profile,1263.13,29.71,1119.06,0.0,0,4843,702.2862,53.132,299.2791,1.23,A
126,hotel1/mongodb-user,10.93,161.46,400.43,0.0391,1,161,311.294,1.3679,299.2791,0.0132,A
126,hotel1/user,24.02,15.66,1119.06,0.0,0,1409,311.294,1.3679,299.2791,0.0185,A
127,hotel2/user,15.71,15.83,1119.06,0.0,0,1197,311.294,1.3679,300.2135,0.0294,A
127,hotel2/search,1403.51,25.56,1119.06,0.0,0,7207,1034.8115,53.803,300.2135,2.38,A
127,hotel2/mongodb-recommendation,9.79,160.41,400.43,0.0,0,189,311.294,1.3679,300.2135,0.011,A
127,hotel2/recommendation,428.7,18.66,1119.06,0.0,0,4243,609.2279,16.4456,300.2135,0.724,A
127,hotel2/rate,793.17,26.41,1119.14,0.0,0,5084,729.9822,30.4186,300.2135,1.4,A
127,hotel2/profile,1341.36,37.0,1119.06,0.0,0,5573,800.1949,51.4338,300.2135,2.28,A
127,hotel2/mongodb-user,9.34,160.55,400.43,0.0,0,211,311.294,1.3679,300.2135,0.011,A
127,hotel2/mongodb-reservation,4001.32,276.18,400.43,0.0039,2,3217681,462008.2297,153.6049,300.2135,5.99,A
127,hotel2/reservation,972.78,118.82,1119.06,0.0,0,5805,833.5064,37.3985,300.2135,1.73,A
127,hotel2/mongodb-rate,9.6,164.58,400.43,0.0,0,157,311.294,1.3679,300.2135,0.0147,A
127,hotel2/mongodb-profile,9.32,162.28,400.43,0.0,0,158,311.294,1.3679,300.2135,0.0184,A
127,hotel2/memcached-reserve,162.16,7.1,79.27,0.0,0,1600,311.294,6.2207,300.2135,0.305,A
127,es-stress-d/elasticsearch-dynamic-0,7.3,208337.66,1414.12,0.0195,8,578,311.294,221.6029,300.2135,0.0074,A
127,es-stress-d2/elasticsearch-dynamic-0,7.58,208344.99,1414.11,0.0312,8,895,311.294,221.6214,300.2135,0.0147,A
127,es-stress-d3/elasticsearch-dynamic-0,6.87,208354.12,1414.12,0.0195,7,1021,311.294,221.6039,300.2135,0.011,A
127,es-stress-d4/elasticsearch-dynamic-0,8.26,208342.35,1414.11,0.0234,9,842,311.294,221.6447,300.2135,0.0074,A
127,es-stress-d5/elasticsearch-dynamic-0,6.24,208383.35,1414.11,0.0,0,1116,311.294,221.6109,300.2135,0.011,A
127,hotel1/consul,24.16,27.68,212.87,0.0,0,2725,391.267,1.3679,300.2135,0.0368,A
127,hotel1/frontend,4307.95,94.74,1119.14,0.0,0,7134,1024.3299,165.1608,300.2135,7.32,A
127,hotel1/geo,709.25,19.16,1119.06,0.0,0,4622,663.6463,27.1954,300.2135,1.14,A
127,hotel1/jaeger,0.34,14.83,81.01,0.0,0,0,311.294,1.3679,1.454,0.0,A
127,hotel1/memcached-profile,248.56,7.52,79.27,0.0,0,3229,463.6335,9.5316,300.2135,0.423,A
127,hotel1/memcached-rate,153.93,7.45,79.27,0.0,0,2725,391.267,5.9058,300.2135,0.254,A
127,hotel1/memcached-reserve,200.93,7.03,79.27,0.0,0,2731,392.1285,7.7061,300.2135,0.305,A
127,hotel1/mongodb-geo,11.3,161.13,400.43,0.0,0,222,311.294,1.3679,300.2135,0.0184,A
127,hotel1/mongodb-profile,10.94,161.92,400.43,0.0,0,215,311.294,1.3679,300.2135,0.0147,A
127,hotel1/mongodb-rate,10.57,163.1,400.43,0.0,0,181,311.294,1.3679,300.2135,0.0147,A
127,hotel2/mongodb-geo,9.54,161.42,400.43,0.0,0,167,311.294,1.3679,300.2135,0.0147,A
127,hotel1/mongodb-reservation,3998.29,271.95,400.43,0.0195,10,3104344,445734.8245,153.4843,300.2135,6.04,A
127,hotel1/mongodb-recommendation,9.43,160.56,400.43,0.0,0,214,311.294,1.3679,300.2135,0.0147,A
127,hotel2/memcached-rate,128.95,7.45,79.27,0.0,0,3442,494.2169,4.9487,300.2135,0.224,A
127,hotel2/memcached-profile,214.59,7.92,79.27,0.0,0,3918,562.563,8.2305,300.2135,0.375,A
127,hotel2/jaeger,0.32,14.6,81.01,0.0,0,0,311.294,1.3679,1.454,0.0,A
127,hotel2/frontend,3363.63,101.17,1119.14,0.0,0,5942,853.1775,128.9858,300.2135,6.24,A
127,hotel2/consul,22.7,27.39,212.87,0.0,0,3640,522.6466,1.3679,300.2135,0.0294,A
127,hotel2/geo,627.95,20.54,1119.06,0.0,0,4573,656.6107,24.0819,300.2135,1.07,A
127,hotel1/search,1658.61,24.54,1119.06,0.0,0,6980,1002.2179,63.5761,300.2135,2.57,A
127,hotel1/reservation,1115.69,118.5,1119.06,0.0,0,4841,695.0912,42.8738,300.2135,1.77,A
127,hotel1/recommendation,506.76,18.93,1119.06,0.0,0,4485,643.9752,19.4367,300.2135,0.816,A
127,hotel1/rate,900.7,26.12,1119.14,0.0,0,4534,651.0109,34.5383,300.2135,1.48,A
127,hotel1/profile,1505.46,30.27,1119.06,0.0,0,5482,787.1287,57.7142,300.2135,2.42,A
127,hotel1/mongodb-user,9.57,161.66,400.43,0.0,0,145,311.294,1.3679,300.2135,0.0147,A
127,hotel1/user,24.17,15.71,1119.06,0.0,0,1142,311.294,1.3679,300.2135,0.0368,A
128,hotel2/search,954.61,23.32,1119.06,0.0,0,3938,550.8147,34.7954,274.9508,1.55,A
128,hotel2/user,14.88,15.82,1119.06,0.0,0,1002,311.294,1.3679,274.9508,0.023,A
128,hotel2/reservation,673.2,118.48,1119.06,0.0,0,3699,517.3854,24.6379,274.9508,1.06,A
128,hotel2/mongodb-rate,11.52,164.77,400.43,0.0469,12,149,311.294,1.3679,274.9508,0.0184,A
128,hotel2/rate,530.93,24.69,1119.14,0.0,0,4526,633.0593,19.3638,274.9508,0.861,A
128,hotel2/profile,940.41,35.44,1119.06,0.0,0,3743,523.5397,34.29,274.9508,1.42,A
128,hotel2/mongodb-user,11.57,160.56,400.43,0.0508,14,195,311.294,1.3679,274.9508,0.0138,A
128,hotel2/mongodb-reservation,3996.15,276.56,400.43,0.1055,26,3186742,445734.9904,145.8343,274.9508,5.17,A
128,hotel2/mongodb-recommendation,10.93,160.41,400.43,0.0586,16,248,311.294,1.3679,274.9508,0.0138,A
128,hotel2/recommendation,287.92,18.57,1119.06,0.0,0,3185,445.4913,10.5059,274.9508,0.461,A
128,hotel2/mongodb-profile,11.34,162.46,400.43,0.0625,14,193,311.294,1.3679,274.9508,0.0138,A
128,hotel2/mongodb-geo,11.04,161.61,400.43,0.0703,16,183,311.294,1.3679,274.9508,0.0138,A
128,hotel2/memcached-rate,89.96,7.44,79.27,0.0,0,2500,349.6792,3.2842,274.9508,0.138,A
128,hotel2/memcached-reserve,103.39,7.09,79.27,0.0,0,1675,311.294,3.773,274.9508,0.166,A
128,es-stress-d/elasticsearch-dynamic-0,7.13,208337.66,1414.12,0.0078,3,1091,311.294,204.1131,274.9508,0.0092,A
128,es-stress-d2/elasticsearch-dynamic-0,7.0,208344.99,1414.11,0.0,0,1020,311.294,204.1155,274.9508,0.0046,A
128,es-stress-d3/elasticsearch-dynamic-0,14.82,208354.19,1414.12,0.0,0,459,311.294,204.4094,274.9508,0.0092,A
128,es-stress-d4/elasticsearch-dynamic-0,5.25,208342.35,1414.11,0.0039,2,556,311.294,204.0492,274.9508,0.0046,A
128,es-stress-d5/elasticsearch-dynamic-0,7.95,208383.35,1414.11,0.0078,3,389,311.294,204.1877,274.9508,0.0092,A
128,hotel1/consul,26.73,27.68,212.87,0.0,0,3043,425.6296,1.3679,274.9508,0.0276,A
128,hotel1/frontend,5457.79,100.36,1119.14,0.0,0,5971,835.1739,198.9035,274.9508,6.9,A
128,hotel1/jaeger,0.28,14.83,81.01,0.0,0,0,311.294,1.3679,1.454,0.0,A
128,hotel1/memcached-profile,273.61,8.31,79.27,0.0,0,3104,434.1617,9.9746,274.9508,0.378,A
128,hotel1/memcached-rate,170.38,7.46,79.27,0.0,0,3294,460.7373,6.2136,274.9508,0.23,A
128,hotel1/memcached-reserve,229.54,7.04,79.27,0.0,0,1839,311.294,8.3681,274.9508,0.286,A
128,hotel1/mongodb-geo,9.92,161.14,400.43,0.0508,9,238,311.294,1.3679,274.9508,0.0138,A
128,hotel1/mongodb-profile,9.89,162.11,400.43,0.043,7,377,311.294,1.3679,274.9508,0.0092,A
128,hotel1/geo,760.2,19.91,1119.06,0.0,0,4497,629.003,27.7105,274.9508,0.995,A
128,hotel1/mongodb-recommendation,11.35,160.75,400.43,0.0508,9,217,311.294,1.3679,274.9508,0.0138,A
128,hotel2/memcached-profile,143.54,7.65,79.27,0.0,0,3017,421.9929,5.2361,274.9508,0.212,A
128,hotel1/mongodb-rate,10.0,163.29,400.43,0.0469,7,286,311.294,1.3679,274.9508,0.0138,A
128,hotel2/jaeger,0.29,14.6,81.01,0.0,0,0,311.294,1.3679,1.454,0.0,A
128,hotel2/geo,423.2,19.01,1119.06,0.0,0,4082,570.9562,15.4341,274.9508,0.663,A
128,hotel2/frontend,2549.22,96.85,1119.14,0.0,0,28051,3923.5408,92.9526,274.9508,3.51,A
128,hotel1/user,26.24,15.91,1119.06,0.0,0,1591,311.294,1.3679,274.9508,0.0322,A
128,hotel1/search,1794.31,30.43,1119.06,0.0,0,6503,909.5856,65.3893,274.9508,2.32,A
128,hotel2/consul,22.8,27.41,212.87,0.0,0,3196,447.0299,1.3679,274.9508,0.0322,A
128,hotel1/recommendation,548.47,19.54,1119.06,0.0,0,4753,664.8101,19.9977,274.9508,0.705,A
128,hotel1/rate,979.72,28.59,1119.14,0.0,0,6979,976.1645,35.7152,274.9508,1.27,A
128,hotel1/profile,1656.92,32.57,1119.06,0.0,0,6130,857.4135,60.3868,274.9508,2.18,A
128,hotel1/mongodb-user,11.19,161.84,400.43,0.0508,9,209,311.294,1.3679,274.9508,0.0138,A
128,hotel1/mongodb-reservation,3996.75,272.21,400.43,0.1055,31,3268955,457234.2616,145.8518,274.9508,5.34,A
128,hotel1/reservation,1262.54,119.09,1119.06,0.0,0,4806,672.2233,46.1058,274.9508,1.7,A
129,hotel2/user,1.08,15.82,1119.06,0.0,0,243,311.294,1.3679,1.454,0.0224,A
129,hotel2/search,0.93,23.5,1119.06,0.0,0,228,311.294,1.3679,1.454,2.1,A
129,hotel2/mongodb-recommendation,8.99,160.54,400.43,0.0,0,419,311.294,1.3679,75.3214,0.0096,A
129,hotel2/recommendation,6.53,17.72,1119.06,0.0,0,534,311.294,1.3679,1.454,0.639,A
129,hotel2/rate,1.88,24.67,1119.14,0.0,0,634,311.294,1.3679,1.454,1.19,A
129,hotel2/profile,1.54,35.39,1119.06,0.0,0,578,311.294,1.3679,1.454,2.0,A
129,hotel2/mongodb-user,9.02,160.68,400.43,0.0,0,393,311.294,1.3679,75.3214,0.0128,A
129,hotel2/mongodb-reservation,3995.42,277.66,400.43,0.0117,6,3996274,470522.6978,92.7121,75.3214,5.23,A
129,hotel2/reservation,28.3,122.0,1119.06,0.0,0,1627,311.294,1.3679,75.3214,1.44,A
129,hotel2/mongodb-rate,9.81,164.71,400.43,0.0,0,435,311.294,1.3679,75.3214,0.0128,A
129,hotel2/mongodb-profile,9.27,162.71,400.43,0.0,0,354,311.294,1.3679,75.3214,0.0128,A
129,hotel1/mongodb-recommendation,12.21,160.75,400.43,0.0,0,357,311.294,1.3679,75.3214,0.0128,A
129,hotel2/memcached-reserve,2.66,7.11,79.27,0.0,0,1239,311.294,1.3679,1.454,0.262,A
129,es-stress-d/elasticsearch-dynamic-0,11.03,208337.92,1414.12,0.0,0,1444,311.294,55.7618,75.3214,0.0096,A
129,es-stress-d2/elasticsearch-dynamic-0,7.87,208344.99,1414.11,0.0039,1,1435,311.294,55.6904,75.3214,0.0096,A
129,es-stress-d3/elasticsearch-dynamic-0,7.14,208354.19,1414.12,0.0039,1,1500,311.294,55.6759,75.3214,0.0064,A
129,es-stress-d4/elasticsearch-dynamic-0,7.05,208342.84,1414.11,0.0039,1,1613,311.294,55.6708,75.3214,0.0096,A
129,es-stress-d5/elasticsearch-dynamic-0,6.66,208383.35,1414.11,0.0,0,1723,311.294,55.6726,75.3214,0.016,A
129,hotel1/consul,27.77,27.68,212.87,0.0,0,7358,866.3335,1.3679,75.3214,0.0319,A
129,hotel1/frontend,1661.92,90.18,1119.14,0.0,0,60198,7087.7336,38.5575,75.3214,4.4,A
129,hotel1/geo,211.88,18.88,1119.06,0.0,0,2217,311.294,4.9177,75.3214,0.786,A
129,hotel1/jaeger,0.36,14.83,81.01,0.0,0,0,311.294,1.3679,1.454,0.0,A
129,hotel1/memcached-profile,76.44,7.49,79.27,0.0,0,2526,311.294,1.7743,75.3214,0.271,A
129,hotel1/memcached-rate,45.73,7.43,79.27,0.0,0,4393,517.2334,1.3679,75.3214,0.166,A
129,hotel1/memcached-reserve,68.11,7.02,79.27,0.0,0,1580,311.294,1.5811,75.3214,0.198,A
129,hotel1/mongodb-geo,10.92,161.08,400.43,0.0,0,389,311.294,1.3679,75.3214,0.0192,A
129,hotel1/mongodb-profile,12.68,161.98,400.43,0.0,0,386,311.294,1.3679,75.3214,0.0128,A
129,hotel2/mongodb-geo,8.93,161.98,400.43,0.0,0,381,311.294,1.3679,75.3214,0.0128,A
129,hotel1/mongodb-reservation,4000.83,272.4,400.43,0.0039,2,3802649,447725.2226,92.8362,75.3214,5.24,A
129,hotel2/memcached-rate,0.69,7.44,79.27,0.0,0,0,311.294,1.3679,1.454,0.195,A
129,hotel2/memcached-profile,0.64,7.65,79.27,0.0,0,340,311.294,1.3679,1.454,0.338,A
129,hotel2/jaeger,0.32,14.6,81.01,0.0,0,0,311.294,1.3679,1.454,0.0,A
129,hotel2/geo,1.3,19.02,1119.06,0.0,0,198,311.294,1.3679,1.454,0.916,A
129,hotel1/mongodb-rate,9.28,163.54,400.43,0.0,0,378,311.294,1.3679,75.3214,0.0128,A
129,hotel2/consul,26.52,27.71,212.87,0.0,0,7760,913.6651,1.3679,75.3214,0.0287,A
129,hotel2/frontend,0.5,96.8,1119.14,0.0,0,0,311.294,1.3679,75.3214,5.57,A
129,hotel1/search,498.72,22.16,1119.06,0.0,0,3110,366.1725,11.5693,75.3214,1.75,A
129,hotel1/reservation,336.87,116.18,1119.06,0.0,0,3601,423.983,7.8417,75.3214,1.18,A
129,hotel1/recommendation,144.59,17.45,1119.06,0.0,0,1782,311.294,3.3571,75.3214,0.559,A
129,hotel1/rate,270.64,24.83,1119.14,0.0,0,2749,323.6682,6.2817,75.3214,0.974,A
129,hotel1/profile,444.51,29.14,1119.06,0.0,0,4409,519.1172,10.3142,75.3214,1.54,A
129,hotel1/mongodb-user,9.86,161.84,400.43,0.0,0,363,311.294,1.3679,75.3214,0.0128,A
129,hotel1/user,7.47,15.92,1119.06,0.0,0,958,311.294,1.3679,1.454,0.0255,A
130,hotel2/user,1.61,15.82,1119.06,0.0,0,600,311.294,1.3679,1.454,0.0371,A
130,hotel2/mongodb-reservation,4001.35,276.79,400.43,0.0039,2,4374392,474844.7377,102.6622,7.2852,4.95,A
130,hotel2/reservation,24.23,123.68,1119.06,0.0,0,1704,311.294,1.3679,7.2852,1.39,A
130,hotel2/recommendation,1.04,17.46,1119.06,0.0,0,0,311.294,1.3679,1.454,0.563,A
130,hotel2/rate,1.16,24.64,1119.14,0.0,0,672,311.294,1.3679,1.454,1.05,A
130,hotel2/profile,1.54,35.39,1119.06,0.0,0,614,311.294,1.3679,1.454,1.74,A
130,hotel2/mongodb-user,12.29,160.7,400.43,0.0,0,557,311.294,1.3679,7.2852,0.0124,A
130,hotel2/search,0.51,23.21,1119.06,0.0,0,0,311.294,1.3679,1.454,1.85,A
130,hotel2/mongodb-recommendation,9.96,160.68,400.43,0.0,0,422,311.294,1.3679,7.2852,0.0124,A
130,hotel2/mongodb-rate,9.71,164.73,400.43,0.0,0,552,311.294,1.3679,7.2852,0.0155,A
130,hotel2/mongodb-profile,12.3,162.43,400.43,0.0,0,491,311.294,1.3679,7.2852,0.0155,A
130,es-stress-d/elasticsearch-dynamic-0,6.85,208337.66,1414.12,0.0039,1,2773,311.294,42.9638,7.2852,0.0093,A
130,hotel2/mongodb-geo,9.95,161.95,400.43,0.0,0,411,311.294,1.3679,7.2852,0.0155,A
130,es-stress-d2/elasticsearch-dynamic-0,7.22,208344.99,1414.11,0.0039,2,1899,311.294,42.9748,7.2852,0.0031,A
130,es-stress-d3/elasticsearch-dynamic-0,6.87,208354.19,1414.12,0.0,0,1814,311.294,42.9677,7.2852,0.0031,A
130,es-stress-d4/elasticsearch-dynamic-0,6.26,208342.36,1414.11,0.0,0,2073,311.294,42.9496,7.2852,0.0062,A
130,es-stress-d5/elasticsearch-dynamic-0,7.82,208383.35,1414.11,0.0039,1,1478,311.294,42.9981,7.2852,0.0062,A
130,hotel1/consul,29.1,27.68,212.87,0.0,0,9884,1072.9183,1.3679,7.2852,0.0278,A
130,hotel1/frontend,0.51,90.16,1119.14,0.0,0,0,311.294,1.3679,7.2852,5.16,A
130,hotel1/geo,1.09,18.82,1119.06,0.0,0,346,311.294,1.3679,1.454,0.844,A
130,hotel1/memcached-profile,0.55,7.49,79.27,0.0,0,0,311.294,1.3679,1.454,0.291,A
130,hotel1/memcached-rate,0.48,7.43,79.27,0.0,0,0,311.294,1.3679,1.454,0.179,A
130,hotel1/memcached-reserve,2.13,7.8,79.27,0.0,0,211,311.294,1.3679,1.454,0.229,A
130,hotel1/mongodb-geo,10.12,161.46,400.43,0.0,0,461,311.294,1.3679,7.2852,0.0124,A
130,hotel1/mongodb-profile,10.24,162.44,400.43,0.0,0,601,311.294,1.3679,7.2852,0.0155,A
130,hotel1/mongodb-rate,12.83,163.31,400.43,0.0,0,492,311.294,1.3679,7.2852,0.0093,A
130,hotel1/mongodb-recommendation,11.15,160.96,400.43,0.0,0,575,311.294,1.3679,7.2852,0.0124,A
130,hotel1/jaeger,0.35,14.83,81.01,0.0,0,0,311.294,1.3679,1.454,0.0031,A
130,hotel1/mongodb-user,11.33,161.93,400.43,0.0,0,398,311.294,1.3679,7.2852,0.0124,A
130,hotel1/mongodb-reservation,3999.19,272.39,400.43,0.0039,2,4249514,461289.1027,102.6059,7.2852,5.07,A
130,hotel2/memcached-rate,0.45,7.44,79.27,0.0,0,0,311.294,1.3679,1.454,0.167,A
130,hotel2/memcached-profile,0.51,7.65,79.27,0.0,0,193,311.294,1.3679,1.454,0.281,A
130,hotel2/jaeger,0.32,14.6,81.01,0.0,0,0,311.294,1.3679,1.454,0.0,A
130,hotel2/geo,1.18,19.01,1119.06,0.0,0,373,311.294,1.3679,1.454,0.829,A
130,hotel2/frontend,0.47,96.75,1119.14,0.0,0,0,311.294,1.3679,7.2852,4.96,A
130,hotel2/consul,28.98,28.25,212.87,0.0,0,11027,1196.9922,1.3679,7.2852,0.0278,A
130,hotel2/memcached-reserve,2.06,8.11,79.27,0.0,0,420,311.294,1.3679,1.454,0.21,A
130,hotel1/search,0.51,21.15,1119.06,0.0,0,0,311.294,1.3679,1.454,1.92,A
130,hotel1/reservation,117.81,118.4,1119.06,0.0,0,1769,311.294,3.0453,7.2852,1.34,A
130,hotel1/recommendation,1.38,17.28,1119.06,0.0,0,635,311.294,1.3679,1.454,0.591,A
130,hotel1/rate,1.66,24.46,1119.14,0.0,0,826,311.294,1.3679,1.454,1.05,A
130,hotel1/profile,1.55,28.58,1119.06,0.0,0,771,311.294,1.3679,1.454,1.67,A
130,hotel1/user,1.09,15.92,1119.06,0.0,0,280,311.294,1.3679,1.454,0.034,A
131,hotel2/user,1.17,15.82,1119.06,0.0,0,650,311.294,1.3679,1.454,0.0169,A
131,hotel2/search,0.42,23.21,1119.06,0.0,0,0,311.294,1.3679,1.454,1.67,A
131,hotel2/rate,2.11,24.64,1119.14,0.0,0,283,311.294,1.3679,1.454,0.958,A
131,hotel2/recommendation,1.75,17.45,1119.06,0.0,0,459,311.294,1.3679,1.454,0.523,A
131,hotel2/profile,1.25,35.36,1119.06,0.0,0,715,311.294,1.3679,1.454,1.64,A
131,hotel2/mongodb-user,10.15,160.95,400.43,0.0,0,467,311.294,1.3679,6.1761,0.0112,A
131,hotel2/mongodb-reservation,4001.72,276.42,400.43,0.0039,2,4051271,443145.5537,72.9913,6.1761,4.61,A
131,hotel2/mongodb-recommendation,10.15,160.93,400.43,0.0,0,443,311.294,1.3679,6.1761,0.0112,A
131,hotel2/reservation,67.8,125.54,1119.06,0.0,0,1801,311.294,1.3679,6.1761,1.14,A
131,hotel2/mongodb-rate,8.99,164.86,400.43,0.0,0,475,311.294,1.3679,6.1761,0.0112,A
131,hotel2/mongodb-profile,8.68,162.36,400.43,0.0,0,472,311.294,1.3679,6.1761,0.0112,A
131,hotel2/mongodb-geo,9.66,162.44,400.43,0.0,0,596,311.294,1.3679,6.1761,0.0112,A
131,hotel2/memcached-reserve,2.46,7.63,79.27,0.0,0,968,311.294,1.3679,1.454,0.199,A
131,es-stress-d/elasticsearch-dynamic-0,14.62,208337.97,1414.12,0.0,0,1184,311.294,30.5791,6.1761,0.0112,A
131,es-stress-d2/elasticsearch-dynamic-0,14.23,208345.24,1414.11,0.0039,1,1866,311.294,30.573,6.1761,0.0112,A
131,es-stress-d3/elasticsearch-dynamic-0,14.78,208354.2,1414.12,0.0078,2,1167,311.294,30.5843,6.1761,0.0112,A
131,es-stress-d4/elasticsearch-dynamic-0,13.1,208342.35,1414.11,0.0039,1,1544,311.294,30.552,6.1761,0.0112,A
131,es-stress-d5/elasticsearch-dynamic-0,12.07,208383.66,1414.11,0.0,0,1290,311.294,30.5392,6.1761,0.0056,A
131,hotel1/consul,28.39,27.93,212.87,0.0,0,8909,974.505,1.3679,6.1761,0.0281,A
131,hotel1/frontend,0.51,90.16,1119.14,0.0,0,0,311.294,1.3679,6.1761,5.46,A
131,hotel1/geo,1.63,18.82,1119.06,0.0,0,598,311.294,1.3679,1.454,0.857,A
131,hotel1/memcached-profile,0.45,7.49,79.27,0.0,0,0,311.294,1.3679,1.454,0.303,A
131,hotel1/memcached-rate,0.42,7.43,79.27,0.0,0,0,311.294,1.3679,1.454,0.188,A
131,hotel1/memcached-reserve,1.87,7.52,79.27,0.0,0,287,311.294,1.3679,1.454,0.247,A
131,hotel1/mongodb-geo,11.65,161.44,400.43,0.0156,1,438,311.294,1.3679,6.1761,0.014,A
131,hotel1/mongodb-profile,11.15,162.36,400.43,0.0156,1,602,311.294,1.3679,6.1761,0.0112,A
131,hotel1/mongodb-rate,10.59,163.31,400.43,0.0,0,385,311.294,1.3679,6.1761,0.014,A
131,hotel1/jaeger,0.37,14.83,81.01,0.0,0,0,311.294,1.3679,1.454,0.0028,A
131,hotel1/mongodb-reservation,3997.32,272.24,400.43,0.0117,6,4261647,466157.391,72.9105,6.1761,4.61,A
131,hotel1/mongodb-recommendation,8.79,160.83,400.43,0.0,0,642,311.294,1.3679,6.1761,0.0112,A
131,hotel2/memcached-profile,0.46,7.65,79.27,0.0,0,0,311.294,1.3679,1.454,0.256,A
131,hotel2/jaeger,0.31,14.6,81.01,0.0,0,0,311.294,1.3679,1.454,0.0,A
131,hotel2/geo,1.22,19.01,1119.06,0.0,0,419,311.294,1.3679,1.454,0.75,A
131,hotel2/frontend,0.51,96.75,1119.14,0.0,0,0,311.294,1.3679,6.1761,4.1,A
131,hotel2/consul,29.38,27.86,212.87,0.0,0,10096,1104.3442,1.3679,6.1761,0.0281,A
131,hotel1/user,1.9,16.17,1119.06,0.0,0,543,311.294,1.3679,1.454,0.0309,A
131,hotel2/memcached-rate,0.44,7.44,79.27,0.0,0,0,311.294,1.3679,1.454,0.157,A
131,hotel1/reservation,22.34,118.83,1119.06,0.0,0,1608,311.294,1.3679,6.1761,1.34,A
131,hotel1/recommendation,1.08,17.53,1119.06,0.0,0,202,311.294,1.3679,1.454,0.607,A
131,hotel1/rate,1.16,24.47,1119.14,0.0,0,400,311.294,1.3679,1.454,1.09,A
131,hotel1/profile,1.18,28.58,1119.06,0.0,0,577,311.294,1.3679,1.454,1.83,A
131,hotel1/mongodb-user,9.73,161.93,400.43,0.0,0,474,311.294,1.3679,6.1761,0.0112,A
131,hotel1/search,0.47,21.15,1119.06,0.0,0,0,311.294,1.3679,1.454,1.98,A
132,hotel2/user,1.76,15.83,1119.06,0.0,0,718,311.294,1.3679,1.454,0.0133,A
132,hotel2/search,0.42,23.21,1119.06,0.0,0,0,311.294,1.3679,1.454,0.876,A
132,hotel2/rate,1.23,24.64,1119.14,0.0,0,308,311.294,1.3679,1.454,0.468,A
132,hotel2/recommendation,0.79,17.45,1119.06,0.0,0,0,311.294,1.3679,1.454,0.255,A
132,hotel2/profile,1.47,35.37,1119.06,0.0,0,570,311.294,1.3679,1.454,0.839,A
132,hotel2/mongodb-user,10.58,160.7,400.43,0.0156,2,538,311.294,1.3679,6.1513,0.0166,A
132,hotel2/mongodb-reservation,4000.19,276.72,400.43,0.0195,2,4223289,473874.4999,50.3722,6.1513,5.45,A
132,hotel2/mongodb-recommendation,11.21,160.43,400.43,0.0156,2,382,311.294,1.3679,6.1513,0.0166,A
132,hotel2/reservation,25.31,123.58,1119.06,0.0,0,1805,311.294,1.3679,6.1513,0.644,A
132,hotel2/mongodb-rate,10.57,164.84,400.43,0.0156,2,507,311.294,1.3679,6.1513,0.0133,A
132,hotel2/mongodb-profile,10.24,162.36,400.43,0.0156,2,534,311.294,1.3679,6.1513,0.0166,A
132,hotel2/mongodb-geo,12.18,161.95,400.43,0.0156,2,435,311.294,1.3679,6.1513,0.0166,A
132,hotel2/memcached-reserve,2.52,7.33,79.27,0.0,0,590,311.294,1.3679,1.454,0.0896,A
132,es-stress-d2/elasticsearch-dynamic-0,7.15,208344.99,1414.11,0.0,0,2054,311.294,20.866,6.1513,0.01,A
132,es-stress-d3/elasticsearch-dynamic-0,6.9,208354.19,1414.12,0.0,0,2087,311.294,20.8638,6.1513,0.0033,A
132,es-stress-d4/elasticsearch-dynamic-0,6.32,208342.35,1414.11,0.0,0,1969,311.294,20.8553,6.1513,0.0033,A
132,es-stress-d5/elasticsearch-dynamic-0,8.16,208383.42,1414.11,0.0273,6,1262,311.294,20.8826,6.1513,0.0133,A
132,hotel1/consul,27.78,27.68,212.87,0.0,0,10227,1147.5214,1.3679,6.1513,0.0365,A
132,hotel1/frontend,0.52,90.16,1119.14,0.0,0,0,311.294,1.3679,6.1513,7.42,A
132,hotel1/geo,1.11,18.82,1119.06,0.0,0,632,311.294,1.3679,1.454,1.04,A
132,hotel1/jaeger,0.37,14.83,81.01,0.0,0,0,311.294,1.3679,1.454,0.0,A
132,hotel1/memcached-profile,0.39,7.49,79.27,0.0,0,0,311.294,1.3679,1.454,0.372,A
132,hotel1/memcached-rate,0.42,7.43,79.27,0.0,0,0,311.294,1.3679,1.454,0.229,A
132,hotel1/memcached-reserve,1.97,7.02,79.27,0.0,0,351,311.294,1.3679,1.454,0.315,A
132,hotel1/mongodb-geo,11.28,161.2,400.43,0.0,0,470,311.294,1.3679,6.1513,0.0066,A
132,hotel1/mongodb-profile,10.38,162.13,400.43,0.0,0,632,311.294,1.3679,6.1513,0.0133,A
132,hotel1/mongodb-rate,10.08,163.3,400.43,0.0156,1,538,311.294,1.3679,6.1513,0.01,A
132,es-stress-d/elasticsearch-dynamic-0,6.96,208337.71,1414.12,0.0078,2,2121,311.294,20.8629,6.1513,0.01,A
132,hotel1/mongodb-reservation,4002.72,272.09,400.43,0.0391,10,3801426,426539.3263,50.4035,6.1513,5.44,A
132,hotel2/memcached-rate,0.59,7.44,79.27,0.0,0,0,311.294,1.3679,1.454,0.0796,A
132,hotel2/memcached-profile,0.46,7.65,79.27,0.0,0,0,311.294,1.3679,1.454,0.126,A
132,hotel2/jaeger,0.32,14.6,81.01,0.0,0,0,311.294,1.3679,1.454,0.0,A
132,hotel2/geo,1.34,19.02,1119.06,0.0,0,244,311.294,1.3679,1.454,0.385,A
132,hotel1/mongodb-recommendation,11.17,161.02,400.43,0.0156,1,561,311.294,1.3679,6.1513,0.0199,A
132,hotel2/consul,29.37,27.87,212.87,0.0,0,10260,1151.2242,1.3679,6.1513,0.0299,A
132,hotel2/frontend,0.55,96.75,1119.14,0.0,0,0,311.294,1.3679,6.1513,2.44,A
132,hotel1/search,0.87,21.14,1119.06,0.0,0,109,311.294,1.3679,1.454,2.48,A
132,hotel1/reservation,25.78,118.82,1119.06,0.0,0,1904,311.294,1.3679,6.1513,1.73,A
132,hotel1/recommendation,1.43,17.28,1119.06,0.0,0,352,311.294,1.3679,1.454,0.743,A
132,hotel1/rate,1.72,24.46,1119.14,0.0,0,591,311.294,1.3679,1.454,1.34,A
132,hotel1/profile,1.74,28.58,1119.06,0.0,0,620,311.294,1.3679,1.454,2.27,A
132,hotel1/mongodb-user,10.47,162.24,400.43,0.0156,1,464,311.294,1.3679,6.1513,0.0166,A
132,hotel1/user,1.12,15.93,1119.06,0.0,0,502,311.294,1.3679,1.454,0.0365,A
133,hotel2/user,1.15,15.83,1119.06,0.0,0,562,311.294,1.3679,1.454,0.0,A
133,hotel2/search,0.52,23.21,1119.06,0.0,0,0,311.294,1.3679,1.454,0.0,A
133,hotel2/mongodb-recommendation,9.84,160.3,400.43,0.0,0,498,311.294,1.3679,7.3563,0.0139,A
133,hotel2/recommendation,1.05,17.45,1119.06,0.0,0,289,311.294,1.3679,1.454,0.0104,A
133,hotel2/rate,1.8,24.65,1119.14,0.0,0,822,311.294,1.3679,1.454,0.0035,A
133,hotel2/profile,1.43,35.37,1119.06,0.0,0,698,311.294,1.3679,1.454,0.0,A
133,hotel2/mongodb-user,9.07,160.95,400.43,0.0,0,511,311.294,1.3679,7.3563,0.0139,A
133,hotel2/mongodb-reservation,3999.38,276.95,400.43,0.0,0,4185678,462872.4316,61.541,7.3563,5.71,A
133,hotel2/reservation,23.07,124.32,1119.06,0.0,0,1707,311.294,1.3679,7.3563,0.0348,A
133,hotel2/mongodb-rate,9.29,165.1,400.43,0.0,0,551,311.294,1.3679,7.3563,0.0139,A
133,hotel2/mongodb-profile,9.83,162.48,400.43,0.0,0,460,311.294,1.3679,7.3563,0.0139,A
133,hotel2/memcached-reserve,2.61,7.34,79.27,0.0,0,672,311.294,1.3679,1.454,0.0035,A
133,es-stress-d/elasticsearch-dynamic-0,8.94,208338.55,1414.12,0.0234,8,1683,311.294,25.6301,7.3563,0.0174,A
133,es-stress-d2/elasticsearch-dynamic-0,9.24,208345.81,1414.11,0.0273,9,1785,311.294,25.6356,7.3563,0.0139,A
133,es-stress-d3/elasticsearch-dynamic-0,8.37,208354.51,1414.12,0.0273,9,1884,311.294,25.6233,7.3563,0.0139,A
133,es-stress-d4/elasticsearch-dynamic-0,10.48,208343.22,1414.11,0.0273,9,1745,311.294,25.6544,7.3563,0.0104,A
133,es-stress-d5/elasticsearch-dynamic-0,7.65,208384.18,1414.11,0.0078,2,1942,311.294,25.6159,7.3563,0.0104,A
133,hotel1/consul,28.9,27.93,212.87,0.0,0,9750,1078.202,1.3679,7.3563,0.0452,A
133,hotel1/frontend,0.48,90.16,1119.14,0.0,0,0,311.294,1.3679,7.3563,0.0,A
133,hotel1/geo,2.09,19.07,1119.06,0.0,0,495,311.294,1.3679,1.454,0.0035,A
133,hotel1/jaeger,0.37,14.83,81.01,0.0,0,0,311.294,1.3679,1.454,0.0,A
133,hotel1/memcached-profile,0.41,7.49,79.27,0.0,0,0,311.294,1.3679,1.454,0.0,A
133,hotel1/memcached-rate,0.43,7.43,79.27,0.0,0,0,311.294,1.3679,1.454,0.0035,A
133,hotel1/memcached-reserve,2.02,7.31,79.27,0.0,0,266,311.294,1.3679,1.454,0.0035,A
133,hotel1/mongodb-geo,10.25,161.5,400.43,0.0156,1,656,311.294,1.3679,7.3563,0.0174,A
133,hotel1/mongodb-profile,11.21,162.11,400.43,0.0156,1,622,311.294,1.3679,7.3563,0.0174,A
133,hotel1/mongodb-rate,10.11,163.31,400.43,0.0,0,588,311.294,1.3679,7.3563,0.0104,A
133,hotel2/mongodb-geo,9.05,162.2,400.43,0.0,0,536,311.294,1.3679,7.3563,0.0139,A
133,hotel1/mongodb-reservation,4000.75,272.85,400.43,0.0938,11,4135025,457270.9789,61.5616,7.3563,5.71,A
133,hotel1/mongodb-recommendation,11.03,160.96,400.43,0.0,0,488,311.294,1.3679,7.3563,0.0139,A
133,hotel2/memcached-rate,0.49,7.44,79.27,0.0,0,0,311.294,1.3679,1.454,0.0,A
133,hotel2/memcached-profile,0.44,7.65,79.27,0.0,0,0,311.294,1.3679,1.454,0.0,A
133,hotel2/jaeger,0.33,14.6,81.01,0.0,0,0,311.294,1.3679,1.454,0.0035,A
133,hotel2/frontend,1.02,96.7,1119.14,0.0,0,102,311.294,1.3679,7.3563,0.0,A
133,hotel2/consul,28.62,27.64,212.87,0.0,0,7805,863.1145,1.3679,7.3563,0.0383,A
133,hotel2/geo,1.33,19.02,1119.06,0.0,0,206,311.294,1.3679,1.454,0.0035,A
133,hotel1/search,0.43,21.14,1119.06,0.0,0,0,311.294,1.3679,1.454,0.0,A
133,hotel1/reservation,63.81,119.42,1119.06,0.0,0,1634,311.294,1.3679,7.3563,0.195,A
133,hotel1/recommendation,0.91,17.28,1119.06,0.0,0,417,311.294,1.3679,1.454,0.0,A
133,hotel1/rate,0.98,24.46,1119.14,0.0,0,262,311.294,1.3679,1.454,0.0,A
133,hotel1/profile,1.29,28.58,1119.06,0.0,0,540,311.294,1.3679,1.454,0.0035,A
133,hotel1/mongodb-user,10.33,161.99,400.43,0.0,0,560,311.294,1.3679,7.3563,0.0139,A
133,hotel1/user,1.65,15.93,1119.06,0.0,0,589,311.294,1.3679,1.454,0.0035,A
134,hotel2/user,1.68,15.83,1119.06,0.0,0,769,311.294,1.3679,1.454,0.0,A
134,hotel2/search,0.43,23.21,1119.06,0.0,0,0,311.294,1.3679,1.454,0.0,A
134,hotel2/mongodb-recommendation,11.23,160.73,400.43,0.0586,6,332,311.294,1.3679,7.2647,0.0097,A
134,hotel2/recommendation,0.75,17.45,1119.06,0.0,0,397,311.294,1.3679,1.454,0.0,A
134,hotel2/rate,1.18,24.64,1119.14,0.0,0,557,311.294,1.3679,1.454,0.0,A
134,hotel2/profile,1.16,35.37,1119.06,0.0,0,0,311.294,1.3679,1.454,0.0,A
134,hotel2/mongodb-user,9.87,160.7,400.43,0.0586,6,540,311.294,1.3679,7.2647,0.0121,A
134,hotel2/mongodb-reservation,4000.02,276.98,400.43,0.0273,6,4347586,480853.8096,31.6638,7.2647,3.98,A
134,hotel2/reservation,71.81,121.95,1119.06,0.0,0,1171,311.294,1.3679,7.2647,0.0218,A
134,hotel2/mongodb-rate,11.23,165.04,400.43,0.082,8,720,311.294,1.3679,7.2647,0.0097,A
134,hotel2/mongodb-profile,12.8,162.54,400.43,0.0625,8,591,311.294,1.3679,7.2647,0.0121,A
134,hotel2/mongodb-geo,10.02,161.88,400.43,0.0781,8,588,311.294,1.3679,7.2647,0.0097,A
134,hotel2/memcached-reserve,2.47,7.36,79.27,0.0,0,467,311.294,1.3679,1.454,0.0024,A
134,es-stress-d2/elasticsearch-dynamic-0,9.58,208345.19,1414.11,0.0,0,2048,311.294,13.2232,7.2647,0.0121,A
134,es-stress-d3/elasticsearch-dynamic-0,8.8,208354.38,1414.12,0.0039,2,2925,323.5123,13.2176,7.2647,0.0048,A
134,es-stress-d4/elasticsearch-dynamic-0,6.44,208342.55,1414.11,0.0,0,1782,311.294,13.1982,7.2647,0.0146,A
134,es-stress-d5/elasticsearch-dynamic-0,9.98,208383.61,1414.11,0.0039,1,1458,311.294,13.2288,7.2647,0.0024,A
134,hotel1/consul,28.64,27.68,212.87,0.0,0,10303,1139.5374,1.3679,7.2647,0.0291,A
134,hotel1/frontend,0.95,90.4,1119.14,0.0,0,0,311.294,1.3679,7.2647,0.0024,A
134,hotel1/geo,1.1,18.82,1119.06,0.0,0,556,311.294,1.3679,1.454,0.0,A
134,hotel1/jaeger,0.36,14.83,81.01,0.0,0,0,311.294,1.3679,1.454,0.0,A
134,hotel1/memcached-profile,0.42,7.49,79.27,0.0,0,0,311.294,1.3679,1.454,0.0,A
134,hotel1/memcached-rate,0.42,7.43,79.27,0.0,0,0,311.294,1.3679,1.454,0.0,A
134,hotel1/memcached-reserve,2.04,7.51,79.27,0.0,0,451,311.294,1.3679,1.454,0.0024,A
134,hotel1/mongodb-geo,9.2,161.57,400.43,0.043,2,461,311.294,1.3679,7.2647,0.0121,A
134,hotel1/mongodb-profile,11.1,162.14,400.43,0.043,2,464,311.294,1.3679,7.2647,0.0097,A
134,hotel1/mongodb-rate,12.39,163.31,400.43,0.0586,3,440,311.294,1.3679,7.2647,0.0121,A
134,es-stress-d/elasticsearch-dynamic-0,12.45,208338.16,1414.12,0.0039,1,1567,311.294,13.2454,7.2647,0.0024,A
134,hotel1/mongodb-reservation,3997.77,272.47,400.43,0.0234,3,4141235,458030.8765,31.6457,7.2647,3.98,A
134,hotel2/memcached-rate,0.45,7.44,79.27,0.0,0,0,311.294,1.3679,1.454,0.0,A
134,hotel2/memcached-profile,0.45,7.65,79.27,0.0,0,0,311.294,1.3679,1.454,0.0,A
134,hotel2/jaeger,0.34,14.6,81.01,0.0,0,0,311.294,1.3679,1.454,0.0,A
134,hotel2/geo,1.11,19.02,1119.06,0.0,0,325,311.294,1.3679,1.454,0.0,A
134,hotel1/mongodb-recommendation,10.68,161.02,400.43,0.0156,1,487,311.294,1.3679,7.2647,0.0097,A
134,hotel2/consul,28.8,27.64,212.87,0.0,0,9513,1052.1614,1.3679,7.2647,0.0315,A
134,hotel2/frontend,0.47,96.7,1119.14,0.0,0,0,311.294,1.3679,7.2647,0.0,A
134,hotel1/search,0.46,21.14,1119.06,0.0,0,0,311.294,1.3679,1.454,0.0,A
134,hotel1/reservation,27.59,119.68,1119.06,0.0,0,1699,311.294,1.3679,7.2647,0.0267,A
134,hotel1/recommendation,1.47,17.28,1119.06,0.0,0,288,311.294,1.3679,1.454,0.0,A
134,hotel1/rate,1.44,24.46,1119.14,0.0,0,761,311.294,1.3679,1.454,0.0024,A
134,hotel1/profile,2.13,28.84,1119.06,0.0,0,596,311.294,1.3679,1.454,0.0,A
134,hotel1/mongodb-user,10.31,161.99,400.43,0.0156,1,480,311.294,1.3679,7.2647,0.0121,A
134,hotel1/user,1.16,15.93,1119.06,0.0,0,656,311.294,1.3679,1.454,0.0,A
135,hotel2/user,0.99,15.83,1119.06,0.0,0,315,311.294,1.3679,1.454,0.0023,A
135,hotel2/search,0.76,23.46,1119.06,0.0,0,0,311.294,1.3679,1.454,0.0,A
135,hotel2/mongodb-recommendation,10.67,160.62,400.43,0.0,0,249,311.294,1.3679,7.336,0.0094,A
135,hotel2/recommendation,1.29,17.45,1119.06,0.0,0,884,311.294,1.3679,1.454,0.0047,A
135,hotel2/rate,1.74,24.64,1119.14,0.0,0,178,311.294,1.3679,1.454,0.0023,A
135,hotel2/profile,1.17,35.37,1119.06,0.0,0,543,311.294,1.3679,1.454,0.0023,A
135,hotel2/mongodb-user,9.96,160.89,400.43,0.0,0,634,311.294,1.3679,7.336,0.0094,A
135,hotel2/mongodb-reservation,4001.26,280.13,400.43,0.082,8,4412291,478618.8509,134.4588,7.336,3.87,A
135,hotel2/reservation,25.15,119.62,1119.06,0.0,0,2047,311.294,1.3679,7.336,0.0772,A
135,hotel2/mongodb-rate,10.05,164.91,400.43,0.0,0,420,311.294,1.3679,7.336,0.007,A
135,hotel2/mongodb-profile,9.42,162.61,400.43,0.0,0,398,311.294,1.3679,7.336,0.007,A
135,hotel2/memcached-reserve,2.37,7.11,79.27,0.0,0,453,311.294,1.3679,1.454,0.0023,A
135,es-stress-d/elasticsearch-dynamic-0,8.82,208338.16,1414.12,0.0,0,2114,311.294,55.8047,7.336,0.0117,A
135,es-stress-d2/elasticsearch-dynamic-0,9.03,208345.69,1414.11,0.0039,1,1456,311.294,55.8137,7.336,0.0094,A
135,es-stress-d3/elasticsearch-dynamic-0,8.09,208354.64,1414.12,0.0039,1,2642,311.294,55.7845,7.336,0.0094,A
135,es-stress-d4/elasticsearch-dynamic-0,7.56,208342.86,1414.11,0.0039,1,2248,311.294,55.7636,7.336,0.0094,A
135,es-stress-d5/elasticsearch-dynamic-0,6.84,208383.61,1414.11,0.0,0,1648,311.294,55.7503,7.336,0.0094,A
135,hotel1/consul,29.89,28.18,212.87,0.0,0,10503,1139.3024,1.3679,7.336,0.0257,A
135,hotel1/frontend,0.52,89.91,1119.14,0.0,0,0,311.294,1.3679,7.336,0.0,A
135,hotel1/geo,1.73,18.83,1119.06,0.0,0,342,311.294,1.3679,1.454,0.0023,A
135,hotel2/mongodb-geo,8.64,161.95,400.43,0.0,0,449,311.294,1.3679,7.336,0.0094,A
135,hotel1/memcached-profile,0.44,7.49,79.27,0.0,0,0,311.294,1.3679,1.454,0.0,A
135,hotel1/memcached-rate,0.46,7.43,79.27,0.0,0,0,311.294,1.3679,1.454,0.0,A
135,hotel1/memcached-reserve,2.09,7.31,79.27,0.0,0,305,311.294,1.3679,1.454,0.0023,A
135,hotel1/mongodb-geo,10.78,161.49,400.43,0.0195,1,402,311.294,1.3679,7.336,0.0094,A
135,hotel1/mongodb-profile,10.72,162.06,400.43,0.0195,1,480,311.294,1.3679,7.336,0.0094,A
135,hotel1/mongodb-rate,10.11,163.25,400.43,0.0,0,638,311.294,1.3679,7.336,0.014,A
135,hotel1/jaeger,0.39,14.83,81.01,0.0,0,0,311.294,1.3679,1.454,0.0,A
135,hotel1/mongodb-reservation,3998.69,272.12,400.43,0.0078,4,3989413,432747.583,134.3704,7.336,3.83,A
135,hotel1/mongodb-recommendation,8.71,160.71,400.43,0.043,2,574,311.294,1.3679,7.336,0.007,A
135,hotel2/memcached-rate,0.47,7.44,79.27,0.0,0,0,311.294,1.3679,1.454,0.0,A
135,hotel2/memcached-profile,0.46,7.65,79.27,0.0,0,0,311.294,1.3679,1.454,0.0,A
135,hotel2/jaeger,0.33,14.6,81.01,0.0,0,0,311.294,1.3679,1.454,0.0,A
135,hotel2/frontend,0.51,96.7,1119.14,0.0,0,0,311.294,1.3679,7.336,0.0,A
135,hotel2/consul,28.25,27.89,212.87,0.0,0,7594,823.7516,1.3679,7.336,0.0281,A
135,hotel2/geo,1.19,19.02,1119.06,0.0,0,196,311.294,1.3679,1.454,0.0,A
135,hotel1/search,0.41,21.14,1119.06,0.0,0,0,311.294,1.3679,1.454,0.0,A
135,hotel1/reservation,44.33,116.84,1119.06,0.0,0,1288,311.294,1.52,7.336,0.0187,A
135,hotel1/recommendation,0.95,17.28,1119.06,0.0,0,220,311.294,1.3679,1.454,0.0047,A
135,hotel1/rate,1.04,24.46,1119.14,0.0,0,531,311.294,1.3679,1.454,0.0023,A
135,hotel1/profile,1.23,28.59,1119.06,0.0,0,561,311.294,1.3679,1.454,0.0,A
135,hotel1/mongodb-user,8.97,162.24,400.43,0.043,2,394,311.294,1.3679,7.336,0.0094,A
135,hotel1/user,1.57,15.93,1119.06,0.0,0,600,311.294,1.3679,1.454,0.0047,A
136,hotel2/user,1.63,15.83,1119.06,0.0,0,767,311.294,1.3679,1.454,0.0019,A
136,hotel2/search,0.51,23.21,1119.06,0.0,0,0,311.294,1.3679,1.454,0.0,A
136,hotel2/mongodb-recommendation,8.91,160.64,400.43,0.0195,2,439,311.294,1.3679,6.2941,0.0075,A
136,hotel2/recommendation,0.74,17.45,1119.06,0.0,0,0,311.294,1.3679,1.454,0.0,A
136,hotel2/rate,1.12,24.64,1119.14,0.0,0,589,311.294,1.3679,1.454,0.0019,A
136,hotel2/profile,1.64,35.38,1119.06,0.0,0,687,311.294,1.3679,1.454,0.0019,A
136,hotel2/mongodb-user,12.4,160.62,400.43,0.0195,2,440,311.294,1.3679,6.2941,0.0075,A
136,hotel2/mongodb-reservation,3997.11,281.74,400.43,0.0234,2,4408271,465183.6006,56.1553,6.2941,3.09,A
136,hotel2/reservation,25.12,120.2,1119.06,0.0,0,1644,311.294,1.3679,6.2941,0.0188,A
136,hotel2/mongodb-rate,10.39,165.04,400.43,0.0195,2,550,311.294,1.3679,6.2941,0.0075,A
136,hotel2/mongodb-profile,12.93,162.79,400.43,0.0195,2,511,311.294,1.3679,6.2941,0.0075,A
136,hotel2/memcached-reserve,2.65,7.43,79.27,0.0,0,472,311.294,1.3679,1.454,0.0038,A
136,es-stress-d/elasticsearch-dynamic-0,7.08,208338.15,1414.12,0.0039,1,2286,311.294,23.2517,6.2941,0.0075,A
136,es-stress-d2/elasticsearch-dynamic-0,7.19,208345.44,1414.11,0.0,0,2018,311.294,23.2541,6.2941,0.0038,A
136,es-stress-d3/elasticsearch-dynamic-0,6.8,208354.38,1414.12,0.0,0,1909,311.294,23.2496,6.2941,0.0075,A
136,es-stress-d4/elasticsearch-dynamic-0,6.16,208342.61,1414.11,0.0078,4,2099,311.294,23.2393,6.2941,0.0056,A
136,es-stress-d5/elasticsearch-dynamic-0,8.71,208383.61,1414.11,0.0,0,1339,311.294,23.2797,6.2941,0.0019,A
136,hotel1/consul,28.24,27.68,212.87,0.0,0,10317,1088.7033,1.3679,6.2941,0.0207,A
136,hotel1/frontend,0.42,89.91,1119.14,0.0,0,0,311.294,1.3679,6.2941,0.0,A
136,hotel1/geo,1.21,18.82,1119.06,0.0,0,582,311.294,1.3679,1.454,0.0019,A
136,hotel2/mongodb-geo,12.33,161.96,400.43,0.0195,2,607,311.294,1.3679,6.2941,0.0075,A
136,hotel1/memcached-profile,0.38,7.49,79.27,0.0,0,0,311.294,1.3679,1.454,0.0,A
136,hotel1/memcached-rate,0.45,7.43,79.27,0.0,0,0,311.294,1.3679,1.454,0.0,A
136,hotel1/memcached-reserve,2.21,7.29,79.27,0.0,0,526,311.294,1.3679,1.454,0.0019,A
136,hotel1/mongodb-geo,9.43,161.32,400.43,0.0,0,394,311.294,1.3679,6.2941,0.0094,A
136,hotel1/mongodb-profile,8.78,162.16,400.43,0.0,0,564,311.294,1.3679,6.2941,0.0075,A
136,hotel1/mongodb-rate,12.9,163.18,400.43,0.0195,1,571,311.294,1.3679,6.2941,0.0075,A
136,hotel1/jaeger,0.35,14.83,81.01,0.0,0,0,311.294,1.3679,1.454,0.0,A
136,hotel1/mongodb-reservation,4001.55,271.87,400.43,0.0273,3,4441511,468691.2577,56.2165,6.2941,3.09,A
136,hotel1/mongodb-recommendation,9.77,160.89,400.43,0.0195,1,581,311.294,1.3679,6.2941,0.0094,A
136,hotel2/memcached-rate,0.45,7.44,79.27,0.0,0,0,311.294,1.3679,1.454,0.0,A
136,hotel2/memcached-profile,0.43,7.65,79.27,0.0,0,0,311.294,1.3679,1.454,0.0,A
136,hotel2/jaeger,0.34,14.6,81.01,0.0,0,0,311.294,1.3679,1.454,0.0,A
136,hotel2/frontend,0.5,96.7,1119.14,0.0,0,0,311.294,1.3679,6.2941,0.0,A
136,hotel2/consul,29.14,27.64,212.87,0.0,0,9391,990.987,1.3679,6.2941,0.0226,A
136,hotel2/geo,1.17,19.02,1119.06,0.0,0,479,311.294,1.3679,1.454,0.0,A
136,hotel1/search,0.47,21.14,1119.06,0.0,0,0,311.294,1.3679,1.454,0.0,A
136,hotel1/reservation,21.19,117.07,1119.06,0.0,0,1216,311.294,1.3679,6.2941,0.0527,A
136,hotel1/recommendation,1.14,17.28,1119.06,0.0,0,270,311.294,1.3679,1.454,0.0,A
136,hotel1/rate,1.72,24.46,1119.14,0.0,0,997,311.294,1.3679,1.454,0.0019,A
136,hotel1/profile,1.65,28.59,1119.06,0.0,0,584,311.294,1.3679,1.454,0.0019,A
136,hotel1/mongodb-user,10.29,162.0,400.43,0.0195,1,428,311.294,1.3679,6.2941,0.0094,A
136,hotel1/user,1.1,15.92,1119.06,0.0,0,571,311.294,1.3679,1.454,0.0,A
137,hotel2/search,0.45,23.21,1119.06,0.0,0,0,311.294,1.3679,1.454,0.0,A
137,hotel2/user,1.13,15.82,1119.06,0.0,0,612,311.294,1.3679,1.454,0.0,A
137,hotel2/reservation,67.82,112.18,1119.06,0.0,0,1432,311.294,1.3679,6.6987,0.029,A
137,hotel2/mongodb-rate,10.65,164.73,400.43,0.0,0,380,311.294,1.3679,6.6987,0.0105,A
137,hotel2/rate,2.27,24.64,1119.14,0.0,0,811,311.294,1.3679,1.454,0.0026,A
137,hotel2/profile,1.1,35.37,1119.06,0.0,0,213,311.294,1.3679,1.454,0.0,A
137,hotel2/mongodb-user,10.8,160.77,400.43,0.0,0,492,311.294,1.3679,6.6987,0.0105,A
137,hotel2/mongodb-reservation,4001.14,280.6,400.43,0.0,0,4448769,466653.8592,62.5215,6.6987,4.21,A
137,hotel2/mongodb-recommendation,9.55,160.52,400.43,0.0,0,330,311.294,1.3679,6.6987,0.0105,A
137,hotel2/recommendation,1.4,17.45,1119.06,0.0,0,587,311.294,1.3679,1.454,0.0,A
137,hotel2/mongodb-profile,8.68,162.59,400.43,0.0,0,709,311.294,1.3679,6.6987,0.0105,A
137,hotel2/mongodb-geo,9.57,162.2,400.43,0.0,0,459,311.294,1.3679,6.6987,0.0079,A
137,hotel1/mongodb-recommendation,8.01,161.07,400.43,0.0,0,489,311.294,1.3679,6.6987,0.0105,A
137,hotel2/memcached-rate,0.47,7.44,79.27,0.0,0,0,311.294,1.3679,1.454,0.0026,A
137,es-stress-d/elasticsearch-dynamic-0,8.25,208337.9,1414.12,0.0,0,1985,311.294,26.0017,6.6987,0.0053,A
137,es-stress-d2/elasticsearch-dynamic-0,8.13,208345.43,1414.11,0.0039,1,1936,311.294,26.0008,6.6987,0.0105,A
137,es-stress-d3/elasticsearch-dynamic-0,7.66,208354.64,1414.12,0.0039,1,2056,311.294,25.9946,6.6987,0.0132,A
137,es-stress-d4/elasticsearch-dynamic-0,7.25,208342.61,1414.11,0.0039,1,1928,311.294,25.9867,6.6987,0.0105,A
137,es-stress-d5/elasticsearch-dynamic-0,6.8,208383.86,1414.11,0.0039,1,1687,311.294,25.9848,6.6987,0.0026,A
137,hotel1/consul,28.25,28.17,212.87,0.0,0,10982,1151.9575,1.3679,6.6987,0.029,A
137,hotel1/frontend,0.44,89.91,1119.14,0.0,0,0,311.294,1.3679,6.6987,0.0,A
137,hotel1/geo,1.64,18.82,1119.06,0.0,0,298,311.294,1.3679,1.454,0.0,A
137,hotel1/jaeger,0.35,14.83,81.01,0.0,0,0,311.294,1.3679,1.454,0.0026,A
137,hotel1/memcached-profile,0.39,7.49,79.27,0.0,0,0,311.294,1.3679,1.454,0.0,A
137,hotel1/memcached-rate,0.43,7.43,79.27,0.0,0,0,311.294,1.3679,1.454,0.0,A
137,hotel1/memcached-reserve,2.87,7.54,79.27,0.0,0,450,311.294,1.3679,1.454,0.0053,A
137,hotel1/mongodb-geo,9.51,161.3,400.43,0.0195,1,598,311.294,1.3679,6.6987,0.0105,A
137,hotel1/mongodb-profile,8.69,162.07,400.43,0.0195,1,591,311.294,1.3679,6.6987,0.0132,A
137,hotel1/mongodb-rate,11.1,163.56,400.43,0.0,0,512,311.294,1.3679,6.6987,0.0105,A
137,hotel1/mongodb-reservation,3998.15,272.34,400.43,0.0156,8,4296816,450714.7412,62.4738,6.6987,4.32,A
137,hotel1/mongodb-user,9.52,162.24,400.43,0.0,0,509,311.294,1.3679,6.6987,0.0105,A
137,hotel1/profile,1.16,28.58,1119.06,0.0,0,298,311.294,1.3679,1.454,0.0026,A
137,hotel1/rate,1.16,24.47,1119.14,0.0,0,353,311.294,1.3679,1.454,0.0,A
137,hotel1/recommendation,1.2,17.28,1119.06,0.0,0,427,311.294,1.3679,1.454,0.0,A
137,hotel1/reservation,24.52,117.25,1119.06,0.0,0,1769,311.294,1.3679,6.6987,0.0263,A
137,hotel1/search,0.43,21.14,1119.06,0.0,0,0,311.294,1.3679,1.454,0.0,A
137,hotel1/user,1.9,15.94,1119.06,0.0,0,591,311.294,1.3679,1.454,0.0,A
137,hotel2/consul,28.87,28.13,212.87,0.0,0,10925,1145.9785,1.3679,6.6987,0.029,A
137,hotel2/frontend,0.47,96.7,1119.14,0.0,0,0,311.294,1.3679,6.6987,0.0026,A
137,hotel2/geo,1.17,19.02,1119.06,0.0,0,464,311.294,1.3679,1.454,0.0053,A
137,hotel2/jaeger,0.33,14.6,81.01,0.0,0,0,311.294,1.3679,1.454,0.0026,A
137,hotel2/memcached-profile,0.4,7.65,79.27,0.0,0,0,311.294,1.3679,1.454,0.0026,A
137,hotel2/memcached-reserve,3.68,7.58,79.27,0.0,0,782,311.294,1.3679,1.454,0.0026,A
