window_index,pod_name,cpu_usage_mcores,ram_usage_mi,disk_space_mb,disk_usage_mb,disk_ios,cpu_psi_some_us,sched_total_ms,dstate_total_ms,softirq_total_ms,pod_cpu_watts,tier
0,hotel/consul,27.19,29.59,201.48,0.0,0,12133,4067.0704,9.4125,7.721,0.0289,A
0,hotel/frontend,0.48,64.97,1119.14,0.0,0,0,290.9922,1.2787,1.3592,0.0,A
0,hotel/geo,1.13,23.43,1119.06,0.0,0,520,290.9922,1.2787,1.3592,0.0096,A
0,hotel/jaeger,0.35,14.79,81.01,0.0,0,0,290.9922,1.2787,1.3592,0.0,A
0,hotel/memcached-profile,0.45,7.68,79.25,0.0,0,0,290.9922,1.2787,1.3592,0.0,A
0,hotel/memcached-rate,0.46,7.57,79.25,0.0,0,0,290.9922,1.2787,1.3592,0.0,A
0,hotel/memcached-reserve,0.35,7.15,79.25,0.0,0,0,290.9922,1.2787,1.3592,0.0,A
0,hotel/mongodb-geo,11.4,63.39,400.43,0.0234,2,421,290.9922,3.9464,7.721,0.0192,A
0,hotel/mongodb-profile,11.53,65.19,400.43,0.0234,2,463,290.9922,3.9914,7.721,0.0192,A
0,hotel/mongodb-rate,10.09,65.0,400.43,0.0352,4,309,290.9922,3.4929,7.721,0.0192,A
0,hotel/mongodb-recommendation,11.55,62.93,400.43,0.0352,4,514,290.9922,3.9983,7.721,0.0289,A
0,hotel/mongodb-reservation,11.75,253.09,400.43,0.0234,2,452,290.9922,4.0675,7.721,0.0192,A
0,hotel/mongodb-user,11.76,62.89,400.43,0.0234,2,461,290.9922,4.071,7.721,0.0192,A
0,hotel/profile,1.06,40.31,1119.06,0.0,0,500,290.9922,1.2787,1.3592,0.0192,A
0,hotel/rate,2.16,34.15,1119.14,0.0,0,797,290.9922,1.2787,1.3592,0.0096,A
0,hotel/recommendation,1.99,22.45,1119.06,0.0,0,694,290.9922,1.2787,1.3592,0.0096,A
0,hotel/reservation,1.42,56.0,1119.06,0.0,0,298,290.9922,1.2787,1.3592,0.0,A
0,hotel/search,20.3,27.55,1119.06,0.0,0,203,290.9922,7.0273,7.721,0.0096,A
0,hotel/user,1.72,17.41,1119.06,0.0,0,327,290.9922,1.2787,1.3592,0.0,A
0,sn1/compose-post-service,0.0,47.38,251.42,0.0,0,0,290.9922,1.2787,1.3592,0.0,A
0,sn1/home-timeline-redis,5.0,2550.29,952.74,0.0,0,1491,499.7941,1.7309,1.3592,0.0096,A
0,sn1/home-timeline-service,0.0,87.04,251.42,0.0,0,0,290.9922,1.2787,1.3592,0.0,A
0,sn1/jaeger,0.41,5261.83,75.0,0.0,0,0,290.9922,1.2787,1.3592,0.0,A
0,sn1/media-frontend,0.0,2027.57,648.43,0.0,0,0,290.9922,1.2787,1.3592,0.0,A
0,sn1/media-memcached,0.23,4.63,75.33,0.0,0,0,290.9922,1.2787,1.3592,0.0,A
0,sn1/media-mongodb,15.19,73.95,704.02,0.0312,2,402,290.9922,5.2584,7.721,0.0385,A
0,sn1/media-service,0.0,4.77,251.42,0.0,0,0,290.9922,1.2787,1.3592,0.0,A
0,sn1/nginx-thrift,6.34,42900.13,620.32,0.0,0,1325,444.1497,2.1947,1.3592,0.0096,A
0,sn1/post-storage-memcached,0.73,69.87,75.33,0.0,0,676,290.9922,1.2787,1.3592,0.0096,A
0,sn1/post-storage-mongodb,15.84,8188.98,4130.05,0.0352,2,526,290.9922,5.4834,7.721,0.0289,A
0,sn1/post-storage-service,0.12,88.87,251.42,0.0,0,0,290.9922,1.2787,1.3592,0.0,A
0,sn1/social-graph-mongodb,15.38,728.39,757.02,0.0547,4,565,290.9922,5.3241,7.721,0.0289,A
0,sn1/social-graph-redis,2.67,20.29,103.57,0.0,0,1472,493.4252,1.2787,1.3592,0.0096,A
0,sn1/social-graph-service,0.0,31.3,251.42,0.0,0,0,290.9922,1.2787,1.3592,0.0,A
0,sn1/text-service,0.0,44.3,251.42,0.0,0,0,290.9922,1.2787,1.3592,0.0,A
0,sn1/unique-id-service,0.0,4.62,251.42,0.0,0,0,290.9922,1.2787,1.3592,0.0,A
0,sn1/url-shorten-memcached,0.29,4.63,75.33,0.0,0,0,290.9922,1.2787,1.3592,0.0,A
0,sn1/url-shorten-mongodb,26.89,106.95,702.87,0.0,0,6919,2319.2994,9.3086,7.721,0.0289,A
0,sn1/url-shorten-service,0.0,49.95,251.42,0.0,0,0,290.9922,1.2787,1.3592,0.0,A
0,sn1/user-memcached,0.35,6.32,75.33,0.0,0,0,290.9922,1.2787,1.3592,0.0,A
0,sn1/user-mention-service,0.0,6.75,251.42,0.0,0,0,290.9922,1.2787,1.3592,0.0,A
0,sn1/user-mongodb,15.8,97.19,704.78,0.0312,2,565,290.9922,5.4695,7.721,0.0192,A
0,sn1/user-service,0.0,18.0,251.42,0.0,0,0,290.9922,1.2787,1.3592,0.0,A
0,sn1/user-timeline-mongodb,28.2,107.07,703.03,0.0312,2,7764,2602.5496,9.7621,7.721,0.0385,A
0,sn1/user-timeline-redis,4.55,95.08,136.86,0.0,0,1410,472.6423,1.5751,1.3592,0.0,A
0,sn1/user-timeline-service,0.0,498.65,251.42,0.0,0,0,290.9922,1.2787,1.3592,0.0,A
1,hotel/consul,27.69,29.33,201.48,0.0,0,11183,4645.0823,18.0986,12.8974,0.0046,A
1,hotel/frontend,0.98,64.98,1119.14,0.0,0,57,290.9922,1.2787,1.3592,0.0,A
1,hotel/geo,2.07,23.7,1119.06,0.0,0,493,290.9922,1.353,1.3592,0.0,A
1,hotel/jaeger,0.33,14.79,81.01,0.0,0,0,290.9922,1.2787,1.3592,0.0,A
1,hotel/memcached-profile,0.51,7.68,79.25,0.0,0,0,290.9922,1.2787,1.3592,0.0,A
1,hotel/memcached-rate,0.46,7.57,79.25,0.0,0,0,290.9922,1.2787,1.3592,0.0,A
1,hotel/memcached-reserve,0.42,7.15,79.25,0.0,0,0,290.9922,1.2787,1.3592,0.0,A
1,hotel/mongodb-geo,9.75,63.41,400.43,0.0,0,344,290.9922,6.3727,1.3592,0.0015,A
1,hotel/mongodb-profile,9.76,65.38,400.43,0.0,0,465,290.9922,6.3793,1.3592,0.003,A
1,hotel/mongodb-rate,10.68,64.92,400.43,0.0156,2,396,290.9922,6.9806,12.8974,0.0015,A
1,hotel/mongodb-recommendation,9.43,62.87,400.43,0.0,0,633,290.9922,6.1636,1.3592,0.003,A
1,hotel/mongodb-reservation,9.64,252.93,400.43,0.0,0,651,290.9922,6.3008,1.3592,0.003,A
1,hotel/mongodb-user,9.46,63.09,400.43,0.0,0,617,290.9922,6.1832,1.3592,0.0015,A
1,hotel/profile,1.79,39.81,1119.06,0.0,0,778,323.1578,1.2787,1.3592,0.0,A
1,hotel/rate,1.41,33.65,1119.14,0.0,0,362,290.9922,1.2787,1.3592,0.0,A
1,hotel/recommendation,1.21,22.2,1119.06,0.0,0,562,290.9922,1.2787,1.3592,0.0015,A
1,hotel/reservation,1.37,55.75,1119.06,0.0,0,599,290.9922,1.2787,1.3592,0.0,A
1,hotel/search,0.54,27.05,1119.06,0.0,0,0,290.9922,1.2787,1.3592,0.0,A
1,hotel/user,1.11,17.4,1119.06,0.0,0,596,290.9922,1.2787,1.3592,0.0,A
1,sn1/compose-post-service,0.02,47.38,251.42,0.0,0,0,290.9922,1.2787,1.3592,0.0,A
1,sn1/home-timeline-redis,4.92,2550.29,952.74,0.0,0,1433,595.2252,3.2158,1.3592,0.0015,A
1,sn1/home-timeline-service,0.03,87.04,251.42,0.0,0,0,290.9922,1.2787,1.3592,0.0,A
1,sn1/jaeger,0.45,5261.82,75.0,0.0,0,0,290.9922,1.2787,1.3592,0.0,A
1,sn1/media-frontend,0.0,2027.57,648.43,0.0,0,0,290.9922,1.2787,1.3592,0.0,A
1,sn1/media-memcached,0.32,4.63,75.33,0.0,0,0,290.9922,1.2787,1.3592,0.0,A
1,sn1/media-mongodb,12.73,73.95,704.02,0.0078,4,460,290.9922,8.3205,12.8974,0.003,A
1,sn1/media-service,0.02,4.77,251.42,0.0,0,0,290.9922,1.2787,1.3592,0.0,A
1,sn1/nginx-thrift,1.79,42900.13,620.32,0.0,0,1419,589.41,1.2787,1.3592,0.0,A
1,sn1/post-storage-memcached,0.73,69.87,75.33,0.0,0,392,290.9922,1.2787,1.3592,0.0,A
1,sn1/post-storage-mongodb,13.23,8189.21,4130.05,0.0,0,736,305.7123,8.6473,12.8974,0.003,A
1,sn1/post-storage-service,0.02,88.87,251.42,0.0,0,0,290.9922,1.2787,1.3592,0.0,A
1,sn1/social-graph-mongodb,13.31,728.33,757.02,0.0039,2,709,294.4973,8.6996,12.8974,0.003,A
1,sn1/social-graph-redis,2.66,20.29,103.57,0.0,0,1229,510.4897,1.7386,1.3592,0.0,A
1,sn1/social-graph-service,0.13,31.3,251.42,0.0,0,0,290.9922,1.2787,1.3592,0.0,A
1,sn1/text-service,0.03,44.3,251.42,0.0,0,0,290.9922,1.2787,1.3592,0.0,A
1,sn1/unique-id-service,0.03,4.62,251.42,0.0,0,0,290.9922,1.2787,1.3592,0.0,A
1,sn1/url-shorten-memcached,0.27,4.63,75.33,0.0,0,0,290.9922,1.2787,1.3592,0.0,A
1,sn1/url-shorten-mongodb,27.97,106.83,702.87,0.0273,2,7625,3167.1959,18.2816,12.8974,0.0076,A
1,sn1/url-shorten-service,0.11,49.95,251.42,0.0,0,0,290.9922,1.2787,1.3592,0.0,A
1,sn1/user-memcached,0.37,6.32,75.33,0.0,0,0,290.9922,1.2787,1.3592,0.0,A
1,sn1/user-mention-service,0.03,6.75,251.42,0.0,0,0,290.9922,1.2787,1.3592,0.0,A
1,sn1/user-mongodb,13.37,97.66,704.78,0.0039,2,517,290.9922,8.7388,12.8974,0.0015,A
1,sn1/user-service,0.13,18.0,251.42,0.0,0,0,290.9922,1.2787,1.3592,0.0,A
1,sn1/user-timeline-mongodb,26.64,107.08,703.03,0.043,8,7883,3274.3614,17.4123,12.8974,0.0061,A
1,sn1/user-timeline-redis,4.47,95.08,136.86,0.0,0,1398,580.6872,2.9217,1.3592,0.0015,A
1,sn1/user-timeline-service,0.11,498.65,251.42,0.0,0,0,290.9922,1.2787,1.3592,0.0,A
2,hotel/consul,27.41,29.58,201.48,0.0,0,11922,11148.5209,12.8109,8.1921,0.0077,A
2,hotel/frontend,0.51,64.98,1119.14,0.0,0,0,290.9922,1.2787,1.3592,0.0,A
2,hotel/geo,1.09,23.45,1119.06,0.0,0,241,290.9922,1.2787,1.3592,0.0,A
2,hotel/jaeger,0.32,14.79,81.01,0.0,0,0,290.9922,1.2787,1.3592,0.0,A
2,hotel/memcached-profile,0.46,7.68,79.25,0.0,0,0,290.9922,1.2787,1.3592,0.0,A
2,hotel/memcached-rate,0.54,7.57,79.25,0.0,0,0,290.9922,1.2787,1.3592,0.0026,A
2,hotel/memcached-reserve,0.38,7.15,79.25,0.0,0,0,290.9922,1.2787,1.3592,0.0,A
2,hotel/mongodb-geo,11.44,63.14,400.43,0.0234,2,458,428.2857,5.3468,8.1921,0.0052,A
2,hotel/mongodb-profile,11.64,65.19,400.43,0.0234,2,442,413.3238,5.4403,8.1921,0.0026,A
2,hotel/mongodb-rate,10.2,65.1,400.43,0.0,0,374,349.7355,4.7673,8.1921,0.0052,A
2,hotel/mongodb-recommendation,11.67,63.28,400.43,0.0234,2,483,451.6638,5.4543,8.1921,0.0052,A
2,hotel/mongodb-reservation,11.58,253.03,400.43,0.0234,2,421,393.6862,5.4123,8.1921,0.0052,A
2,hotel/mongodb-user,11.8,63.26,400.43,0.0391,4,456,426.4155,5.5151,8.1921,0.0052,A
2,hotel/profile,1.22,39.54,1119.06,0.0,0,332,310.4604,1.2787,1.3592,0.0,A
2,hotel/rate,1.69,33.38,1119.14,0.0,0,1011,945.408,1.2787,1.3592,0.0,A
2,hotel/recommendation,1.77,22.45,1119.06,0.0,0,581,543.3057,1.2787,1.3592,0.0026,A
2,hotel/reservation,2.11,55.7,1119.06,0.0,0,695,649.9096,1.2787,1.3592,0.0,A
2,hotel/search,0.5,27.05,1119.06,0.0,0,0,290.9922,1.2787,1.3592,0.0,A
2,hotel/user,2.13,17.66,1119.06,0.0,0,761,711.6276,1.2787,1.3592,0.0,A
2,sn1/compose-post-service,0.0,47.38,251.42,0.0,0,0,290.9922,1.2787,1.3592,0.0,A
2,sn1/home-timeline-redis,4.92,2550.29,952.74,0.0,0,1199,1121.2109,2.2995,1.3592,0.0052,A
2,sn1/home-timeline-service,0.0,87.04,251.42,0.0,0,0,290.9922,1.2787,1.3592,0.0,A
2,sn1/jaeger,0.43,5261.82,75.0,0.0,0,0,290.9922,1.2787,1.3592,0.0,A
2,sn1/media-frontend,0.0,2027.57,648.43,0.0,0,0,290.9922,1.2787,1.3592,0.0,A
2,sn1/media-memcached,0.26,4.63,75.33,0.0,0,0,290.9922,1.2787,1.3592,0.0,A
2,sn1/media-mongodb,16.67,74.19,704.02,0.0352,4,386,360.957,7.7912,8.1921,0.0103,A
2,sn1/media-service,0.0,4.77,251.42,0.0,0,0,290.9922,1.2787,1.3592,0.0,A
2,sn1/nginx-thrift,6.14,42900.13,620.32,0.0,0,1069,999.6451,2.8697,1.3592,0.0,A
2,sn1/post-storage-memcached,0.74,69.87,75.33,0.0,0,436,407.7131,1.2787,1.3592,0.0,A
2,sn1/post-storage-mongodb,16.09,8189.22,4130.05,8.8867,136,545,509.6413,7.5201,8.1921,0.0103,A
2,sn1/post-storage-service,0.12,88.87,251.42,0.0,0,0,290.9922,1.2787,1.3592,0.0,A
2,sn1/social-graph-mongodb,15.95,728.23,757.02,0.0352,2,473,442.3126,7.4547,8.1921,0.0077,A
2,sn1/social-graph-redis,2.62,20.29,103.57,0.0,0,1468,1372.7587,1.2787,1.3592,0.0,A
2,sn1/social-graph-service,0.0,31.3,251.42,0.0,0,0,290.9922,1.2787,1.3592,0.0,A
2,sn1/text-service,0.0,44.3,251.42,0.0,0,0,290.9922,1.2787,1.3592,0.0,A
2,sn1/unique-id-service,0.0,4.62,251.42,0.0,0,0,290.9922,1.2787,1.3592,0.0,A
2,sn1/url-shorten-memcached,0.3,4.63,75.33,0.0,0,0,290.9922,1.2787,1.3592,0.0,A
2,sn1/url-shorten-mongodb,27.78,106.76,702.87,0.0,0,5971,5583.6117,12.9838,8.1921,0.0103,A
2,sn1/url-shorten-service,0.0,49.95,251.42,0.0,0,0,290.9922,1.2787,1.3592,0.0,A
2,sn1/user-memcached,0.38,6.32,75.33,0.0,0,0,290.9922,1.2787,1.3592,0.0,A
2,sn1/user-mention-service,0.0,6.75,251.42,0.0,0,0,290.9922,1.2787,1.3592,0.0,A
2,sn1/user-mongodb,15.51,97.32,704.78,0.0352,2,574,536.7599,7.2491,8.1921,0.0052,A
2,sn1/user-service,0.0,18.0,251.42,0.0,0,0,290.9922,1.2787,1.3592,0.0,A
2,sn1/user-timeline-mongodb,28.17,107.08,703.03,0.0352,4,6975,6522.4739,13.1661,8.1921,0.0103,A
2,sn1/user-timeline-redis,4.48,95.08,136.86,0.0,0,1354,1266.1548,2.0939,1.3592,0.0,A
2,sn1/user-timeline-service,0.0,498.65,251.42,0.0,0,0,290.9922,1.2787,1.3592,0.0,A
3,hotel/consul,27.15,29.59,201.48,0.0,0,11723,3441.3545,11.6708,9.7939,0.0107,A
3,hotel/frontend,0.49,64.98,1119.14,0.0,0,0,290.9922,1.2787,1.3592,0.0,A
3,hotel/geo,1.78,23.44,1119.06,0.0,0,880,290.9922,1.2787,1.3592,0.0,A
3,hotel/jaeger,0.33,14.79,81.01,0.0,0,0,290.9922,1.2787,1.3592,0.0,A
3,hotel/memcached-profile,0.48,7.68,79.25,0.0,0,0,290.9922,1.2787,1.3592,0.0,A
3,hotel/memcached-rate,0.46,7.57,79.25,0.0,0,0,290.9922,1.2787,1.3592,0.0,A
3,hotel/memcached-reserve,0.59,7.15,79.25,0.0,0,0,290.9922,1.2787,1.3592,0.0,A
3,hotel/mongodb-geo,10.17,63.41,400.43,0.0,0,348,290.9922,4.3717,9.7939,0.0071,A
3,hotel/mongodb-profile,10.73,65.46,400.43,0.0,0,577,290.9922,4.6125,9.7939,0.0036,A
3,hotel/mongodb-rate,11.43,64.92,400.43,0.0156,2,415,290.9922,4.9134,9.7939,0.0036,A
3,hotel/mongodb-recommendation,10.01,63.22,400.43,0.0,0,576,290.9922,4.3029,9.7939,0.0071,A
3,hotel/mongodb-reservation,10.5,252.93,400.43,0.0,0,567,290.9922,4.5136,9.7939,0.0107,A
3,hotel/mongodb-user,9.78,63.03,400.43,0.0,0,591,290.9922,4.2041,1.3592,0.0071,A
3,hotel/profile,1.75,39.8,1119.06,0.0,0,950,290.9922,1.2787,1.3592,0.0036,A
3,hotel/rate,1.36,33.38,1119.14,0.0,0,266,290.9922,1.2787,1.3592,0.0,A
3,hotel/recommendation,1.37,22.7,1119.06,0.0,0,548,290.9922,1.2787,1.3592,0.0,A
3,hotel/reservation,1.38,55.7,1119.06,0.0,0,603,290.9922,1.2787,1.3592,0.0,A
3,hotel/search,0.92,26.77,1119.06,0.0,0,120,290.9922,1.2787,1.3592,0.0,A
3,hotel/user,1.13,17.65,1119.06,0.0,0,478,290.9922,1.2787,1.3592,0.0,A
3,sn1/compose-post-service,0.02,47.38,251.42,0.0,0,0,290.9922,1.2787,1.3592,0.0,A
3,sn1/home-timeline-redis,4.98,2550.29,952.74,0.0,0,1193,350.2121,2.1407,1.3592,0.0,A
3,sn1/home-timeline-service,0.03,87.04,251.42,0.0,0,0,290.9922,1.2787,1.3592,0.0,A
3,sn1/jaeger,0.4,5261.82,75.0,0.0,0,0,290.9922,1.2787,1.3592,0.0,A
3,sn1/media-frontend,0.0,2027.57,648.43,0.0,0,0,290.9922,1.2787,1.3592,0.0,A
3,sn1/media-memcached,0.25,4.63,75.33,0.0,0,0,290.9922,1.2787,1.3592,0.0036,A
3,sn1/media-mongodb,13.14,73.95,704.02,0.0,0,404,290.9922,5.6484,9.7939,0.0071,A
3,sn1/media-service,0.02,4.77,251.42,0.0,0,0,290.9922,1.2787,1.3592,0.0,A
3,sn1/nginx-thrift,1.82,42900.13,620.32,0.0,0,1588,466.1666,1.2787,1.3592,0.0,A
3,sn1/post-storage-memcached,0.71,69.87,75.33,0.0,0,775,290.9922,1.2787,1.3592,0.0,A
3,sn1/post-storage-mongodb,13.7,8189.21,4130.05,0.0,0,474,290.9922,5.8891,9.7939,0.0071,A
3,sn1/post-storage-service,0.02,88.87,251.42,0.0,0,0,290.9922,1.2787,1.3592,0.0,A
3,sn1/social-graph-mongodb,17.6,728.19,757.02,0.0039,2,406,290.9922,7.5656,9.7939,0.0071,A
3,sn1/social-graph-redis,2.68,20.29,103.57,0.0,0,1497,439.453,1.2787,1.3592,0.0,A
3,sn1/social-graph-service,0.11,31.3,251.42,0.0,0,0,290.9922,1.2787,1.3592,0.0,A
3,sn1/text-service,0.05,44.3,251.42,0.0,0,0,290.9922,1.2787,1.3592,0.0,A
3,sn1/unique-id-service,0.03,4.62,251.42,0.0,0,0,290.9922,1.2787,1.3592,0.0,A
3,sn1/url-shorten-memcached,0.29,4.63,75.33,0.0,0,0,290.9922,1.2787,1.3592,0.0,A
3,sn1/url-shorten-mongodb,28.01,107.08,702.87,0.0273,2,8433,2475.5559,12.0405,9.7939,0.0107,A
3,sn1/url-shorten-service,0.11,49.95,251.42,0.0,0,0,290.9922,1.2787,1.3592,0.0,A
3,sn1/user-memcached,0.35,6.32,75.33,0.0,0,0,290.9922,1.2787,1.3592,0.0,A
3,sn1/user-mention-service,0.03,6.75,251.42,0.0,0,0,290.9922,1.2787,1.3592,0.0,A
3,sn1/user-mongodb,16.37,97.49,704.78,0.0039,2,508,290.9922,7.0369,9.7939,0.0071,A
3,sn1/user-service,0.12,18.0,251.42,0.0,0,0,290.9922,1.2787,1.3592,0.0,A
3,sn1/user-timeline-mongodb,27.28,107.14,703.03,0.0,0,7453,2187.8713,11.7267,9.7939,0.0107,A
3,sn1/user-timeline-redis,4.54,95.08,136.86,0.0,0,1417,415.9685,1.9516,1.3592,0.0036,A
3,sn1/user-timeline-service,0.12,498.65,251.42,0.0,0,0,290.9922,1.2787,1.3592,0.0,A
4,hotel/consul,27.72,29.59,201.48,0.0,0,12225,7135.3658,7.4669,7.9672,0.007,A
4,hotel/frontend,0.68,64.98,1119.14,0.0,0,0,290.9922,1.2787,1.3592,0.0,A
4,hotel/geo,1.07,23.43,1119.06,0.0,0,220,290.9922,1.2787,1.3592,0.0023,A
4,hotel/jaeger,0.32,14.79,81.01,0.0,0,0,290.9922,1.2787,1.3592,0.0,A
4,hotel/memcached-profile,0.47,7.68,79.25,0.0,0,0,290.9922,1.2787,1.3592,0.0,A
4,hotel/memcached-rate,0.47,7.57,79.25,0.0,0,0,290.9922,1.2787,1.3592,0.0,A
4,hotel/memcached-reserve,0.44,7.15,79.25,0.0,0,0,290.9922,1.2787,1.3592,0.0,A
4,hotel/mongodb-geo,11.0,63.01,400.43,0.0234,2,424,290.9922,2.9631,7.9672,0.0023,A
4,hotel/mongodb-profile,12.46,65.07,400.43,0.0234,2,432,290.9922,3.3563,7.9672,0.0047,A
4,hotel/mongodb-rate,9.5,65.1,400.43,0.0,0,425,290.9922,2.559,1.3592,0.0047,A
4,hotel/mongodb-recommendation,11.04,63.11,400.43,0.0234,2,587,342.6143,2.9738,7.9672,0.0023,A
4,hotel/mongodb-reservation,10.73,252.91,400.43,0.0234,2,490,290.9922,2.8903,7.9672,0.0023,A
4,hotel/mongodb-user,11.27,63.26,400.43,0.0234,2,456,290.9922,3.0358,7.9672,0.0023,A
4,hotel/profile,1.25,39.54,1119.06,0.0,0,736,429.5811,1.2787,1.3592,0.0,A
4,hotel/rate,1.75,33.38,1119.14,0.0,0,872,508.9602,1.2787,1.3592,0.0023,A
4,hotel/recommendation,1.54,22.45,1119.06,0.0,0,702,409.7363,1.2787,1.3592,0.0047,A
4,hotel/reservation,1.52,55.7,1119.06,0.0,0,565,329.7736,1.2787,1.3592,0.0,A
4,hotel/search,0.41,26.52,1119.06,0.0,0,0,290.9922,1.2787,1.3592,0.0,A
4,hotel/user,1.72,17.41,1119.06,0.0,0,707,412.6547,1.2787,1.3592,0.0023,A
4,sn1/compose-post-service,0.0,47.38,251.42,0.0,0,0,290.9922,1.2787,1.3592,0.0,A
4,sn1/home-timeline-redis,5.01,2550.29,952.74,0.0,0,1404,819.4727,1.3495,1.3592,0.0,A
4,sn1/home-timeline-service,0.0,87.04,251.42,0.0,0,0,290.9922,1.2787,1.3592,0.0,A
4,sn1/jaeger,0.43,5261.82,75.0,0.0,0,0,290.9922,1.2787,1.3592,0.0,A
4,sn1/media-frontend,0.0,2027.57,648.43,0.0,0,0,290.9922,1.2787,1.3592,0.0,A
4,sn1/media-memcached,0.31,4.63,75.33,0.0,0,0,290.9922,1.2787,1.3592,0.0,A
4,sn1/media-mongodb,14.17,74.21,704.02,0.0586,4,368,290.9922,3.817,7.9672,0.007,A
4,sn1/media-service,0.0,4.77,251.42,0.0,0,0,290.9922,1.2787,1.3592,0.0,A
4,sn1/nginx-thrift,6.5,42900.13,620.32,0.0,0,1071,625.1106,1.7509,1.3592,0.0023,A
4,sn1/post-storage-memcached,0.74,69.87,75.33,0.0,0,389,290.9922,1.2787,1.3592,0.0,A
4,sn1/post-storage-mongodb,14.8,8188.79,4130.05,0.0352,2,557,325.1042,3.9867,7.9672,0.0047,A
4,sn1/post-storage-service,0.11,88.87,251.42,0.0,0,0,290.9922,1.2787,1.3592,0.0,A
4,sn1/social-graph-mongodb,16.13,728.48,757.02,0.0352,2,454,290.9922,4.3449,7.9672,0.007,A
4,sn1/social-graph-redis,2.81,20.29,103.57,0.0,0,1518,886.0111,1.2787,1.3592,0.0,A
4,sn1/social-graph-service,0.0,31.3,251.42,0.0,0,0,290.9922,1.2787,1.3592,0.0,A
4,sn1/text-service,0.0,44.3,251.42,0.0,0,0,290.9922,1.2787,1.3592,0.0,A
4,sn1/unique-id-service,0.0,4.62,251.42,0.0,0,0,290.9922,1.2787,1.3592,0.0,A
4,sn1/url-shorten-memcached,0.31,4.63,75.33,0.0,0,0,290.9922,1.2787,1.3592,0.0,A
4,sn1/url-shorten-mongodb,27.4,106.7,702.87,0.0,0,7771,4535.6996,7.3807,7.9672,0.0117,A
4,sn1/url-shorten-service,0.0,49.95,251.42,0.0,0,0,290.9922,1.2787,1.3592,0.0,A
4,sn1/user-memcached,0.38,6.32,75.33,0.0,0,0,290.9922,1.2787,1.3592,0.0,A
4,sn1/user-mention-service,0.0,6.75,251.42,0.0,0,0,290.9922,1.2787,1.3592,0.0,A
4,sn1/user-mongodb,16.19,97.42,704.78,0.0352,2,561,327.4389,4.3611,7.9672,0.0047,A
4,sn1/user-service,0.0,18.0,251.42,0.0,0,0,290.9922,1.2787,1.3592,0.0,A
4,sn1/user-timeline-mongodb,28.35,107.02,703.03,0.0312,2,6328,3693.4638,7.6366,7.9672,0.0093,A
4,sn1/user-timeline-redis,4.74,95.08,136.86,0.0,0,1335,779.1995,1.2787,1.3592,0.0023,A
4,sn1/user-timeline-service,0.0,498.65,251.42,0.0,0,0,290.9922,1.2787,1.3592,0.0,A
5,hotel/consul,26.67,29.58,201.48,0.0,0,13038,2266.6981,10.9942,9.1205,0.0299,A
5,hotel/frontend,0.49,64.98,1119.14,0.0,0,0,290.9922,1.2787,1.3592,0.0,A
5,hotel/geo,1.62,23.43,1119.06,0.0,0,618,290.9922,1.2787,1.3592,0.0,A
5,hotel/jaeger,0.33,14.79,81.01,0.0,0,0,290.9922,1.2787,1.3592,0.0,A
5,hotel/memcached-profile,0.48,7.68,79.25,0.0,0,0,290.9922,1.2787,1.3592,0.0,A
5,hotel/memcached-rate,0.44,7.57,79.25,0.0,0,0,290.9922,1.2787,1.3592,0.0,A
5,hotel/memcached-reserve,0.36,7.15,79.25,0.0,0,0,290.9922,1.2787,1.3592,0.0,A
5,hotel/mongodb-geo,10.32,63.35,400.43,0.0,0,586,290.9922,4.2542,9.1205,0.0199,A
5,hotel/mongodb-profile,10.56,65.26,400.43,0.0,0,596,290.9922,4.3532,9.1205,0.0299,A
5,hotel/mongodb-rate,12.74,65.05,400.43,0.0938,14,427,290.9922,5.2518,9.1205,0.01,A
5,hotel/mongodb-recommendation,9.43,63.05,400.43,0.0,0,547,290.9922,3.8873,1.3592,0.0199,A
5,hotel/mongodb-reservation,10.17,253.05,400.43,0.0,0,447,290.9922,4.1924,9.1205,0.01,A
5,hotel/mongodb-user,9.24,62.91,400.43,0.0,0,426,290.9922,3.809,1.3592,0.0199,A
5,hotel/profile,2.18,40.05,1119.06,0.0,0,1012,290.9922,1.2787,1.3592,0.0,A
5,hotel/rate,1.28,33.38,1119.14,0.0,0,332,290.9922,1.2787,1.3592,0.0,A
5,hotel/recommendation,1.4,22.7,1119.06,0.0,0,499,290.9922,1.2787,1.3592,0.0,A
5,hotel/reservation,1.27,55.7,1119.06,0.0,0,732,290.9922,1.2787,1.3592,0.0,A
5,hotel/search,0.44,26.52,1119.06,0.0,0,0,290.9922,1.2787,1.3592,0.0,A
5,hotel/user,1.11,17.41,1119.06,0.0,0,576,290.9922,1.2787,1.3592,0.0,A
5,sn1/compose-post-service,0.02,47.38,251.42,0.0,0,0,290.9922,1.2787,1.3592,0.0,A
5,sn1/home-timeline-redis,4.93,2550.29,952.74,0.0,0,1420,290.9922,2.0323,1.3592,0.0199,A
5,sn1/home-timeline-service,0.03,87.04,251.42,0.0,0,0,290.9922,1.2787,1.3592,0.0,A
5,sn1/jaeger,0.47,5261.82,75.0,0.0,0,0,290.9922,1.2787,1.3592,0.0,A
5,sn1/media-frontend,0.0,2027.57,648.43,0.0,0,0,290.9922,1.2787,1.3592,0.0,A
5,sn1/media-memcached,0.25,4.63,75.33,0.0,0,0,290.9922,1.2787,1.3592,0.0,A
5,sn1/media-mongodb,13.37,73.84,704.02,0.0,0,442,290.9922,5.5115,9.1205,0.0199,A
5,sn1/media-service,0.02,4.77,251.42,0.0,0,0,290.9922,1.2787,1.3592,0.0,A
5,sn1/nginx-thrift,1.79,42900.13,620.32,0.0,0,1308,290.9922,1.2787,1.3592,0.01,A
5,sn1/post-storage-memcached,4.1,69.87,75.33,0.0,0,613,290.9922,1.6901,1.3592,0.0,A
5,sn1/post-storage-mongodb,13.76,8189.03,4130.05,0.0078,4,809,290.9922,5.6723,9.1205,0.0299,A
5,sn1/post-storage-service,0.03,88.87,251.42,0.0,0,0,290.9922,1.2787,1.3592,0.0,A
5,sn1/social-graph-mongodb,13.84,728.55,757.02,0.0,0,575,290.9922,5.7053,9.1205,0.0199,A
5,sn1/social-graph-redis,2.73,20.29,103.57,0.0,0,1494,290.9922,1.2787,1.3592,0.0,A
5,sn1/social-graph-service,0.12,31.3,251.42,0.0,0,0,290.9922,1.2787,1.3592,0.0,A
5,sn1/text-service,0.03,44.3,251.42,0.0,0,0,290.9922,1.2787,1.3592,0.0,A
5,sn1/unique-id-service,0.03,4.62,251.42,0.0,0,0,290.9922,1.2787,1.3592,0.0,A
5,sn1/url-shorten-memcached,0.27,4.63,75.33,0.0,0,0,290.9922,1.2787,1.3592,0.0,A
5,sn1/url-shorten-mongodb,29.62,107.08,702.87,0.0664,8,9800,1703.7614,12.2103,9.1205,0.0498,A
5,sn1/url-shorten-service,0.1,49.95,251.42,0.0,0,0,290.9922,1.2787,1.3592,0.0,A
5,sn1/user-memcached,0.39,6.32,75.33,0.0,0,0,290.9922,1.2787,1.3592,0.0,A
5,sn1/user-mention-service,0.03,6.75,251.42,0.0,0,0,290.9922,1.2787,1.3592,0.0,A
5,sn1/user-mongodb,14.35,97.48,704.78,0.0,0,397,290.9922,5.9155,9.1205,0.0299,A
5,sn1/user-service,0.13,18.0,251.42,0.0,0,0,290.9922,1.2787,1.3592,0.0,A
5,sn1/user-timeline-mongodb,27.14,106.89,703.03,0.0,0,7642,1328.5862,11.1879,9.1205,0.0398,A
5,sn1/user-timeline-redis,4.42,95.08,136.86,0.0,0,1347,290.9922,1.8221,1.3592,0.0,A
5,sn1/user-timeline-service,0.11,498.65,251.42,0.0,0,0,290.9922,1.2787,1.3592,0.0,A
6,hotel/consul,31.14,29.32,201.48,0.0,0,11506,4248.6625,15.9987,8.4188,0.018,A
6,hotel/frontend,0.75,64.98,1119.14,0.0,0,150,290.9922,1.2787,1.3592,0.0,A
6,hotel/geo,1.1,23.43,1119.06,0.0,0,514,290.9922,1.2787,1.3592,0.0026,A
6,hotel/jaeger,0.32,14.79,81.01,0.0,0,0,290.9922,1.2787,1.3592,0.0,A
6,hotel/memcached-profile,0.45,7.68,79.25,0.0,0,0,290.9922,1.2787,1.3592,0.0026,A
6,hotel/memcached-rate,0.44,7.57,79.25,0.0,0,0,290.9922,1.2787,1.3592,0.0,A
6,hotel/memcached-reserve,0.4,7.15,79.25,0.0,0,0,290.9922,1.2787,1.3592,0.0,A
6,hotel/mongodb-geo,12.12,63.39,400.43,0.0234,2,504,290.9922,6.2268,8.4188,0.0026,A
6,hotel/mongodb-profile,11.91,65.16,400.43,0.0234,2,497,290.9922,6.119,8.4188,0.0026,A
6,hotel/mongodb-rate,10.25,64.99,400.43,0.0,0,458,290.9922,5.2661,8.4188,0.0052,A
6,hotel/mongodb-recommendation,11.85,62.96,400.43,0.0234,2,484,290.9922,6.0881,8.4188,0.0052,A
6,hotel/mongodb-reservation,11.96,253.03,400.43,0.0273,2,505,290.9922,6.1446,8.4188,0.0077,A
6,hotel/mongodb-user,12.43,63.51,400.43,0.0234,2,413,290.9922,6.3861,8.4188,0.0077,A
6,hotel/profile,1.25,39.56,1119.06,0.0,0,598,290.9922,1.2787,1.3592,0.0,A
6,hotel/rate,2.27,33.38,1119.14,0.0,0,794,293.1895,1.2787,1.3592,0.0026,A
6,hotel/recommendation,2.1,22.2,1119.06,0.0,0,606,290.9922,1.2787,1.3592,0.0026,A
6,hotel/reservation,1.56,55.7,1119.06,0.0,0,824,304.2672,1.2787,1.3592,0.0026,A
6,hotel/search,0.39,26.52,1119.06,0.0,0,0,290.9922,1.2787,1.3592,0.0,A
6,hotel/user,1.79,17.41,1119.06,0.0,0,685,290.9922,1.2787,1.3592,0.0,A
6,sn1/compose-post-service,0.0,47.38,251.42,0.0,0,0,290.9922,1.2787,1.3592,0.0,A
6,sn1/home-timeline-redis,4.91,2550.29,952.74,0.0,0,1390,513.2662,2.5226,1.3592,0.0026,A
6,sn1/home-timeline-service,0.0,87.04,251.42,0.0,0,0,290.9922,1.2787,1.3592,0.0,A
6,sn1/jaeger,0.44,5261.82,75.0,0.0,0,0,290.9922,1.2787,1.3592,0.0,A
6,sn1/media-frontend,0.0,2027.57,648.43,0.0,0,0,290.9922,1.2787,1.3592,0.0,A
6,sn1/media-memcached,0.33,4.63,75.33,0.0,0,0,290.9922,1.2787,1.3592,0.0,A
6,sn1/media-mongodb,15.58,73.96,704.02,0.0352,2,561,290.9922,8.0045,8.4188,0.0077,A
6,sn1/media-service,0.0,4.77,251.42,0.0,0,0,290.9922,1.2787,1.3592,0.0,A
6,sn1/nginx-thrift,6.45,42900.13,620.32,0.0,0,1491,550.5611,3.3138,1.3592,0.0026,A
6,sn1/post-storage-memcached,0.69,69.87,75.33,0.0,0,388,290.9922,1.2787,1.3592,0.0,A
6,sn1/post-storage-mongodb,15.71,8189.22,4130.05,0.0508,4,592,290.9922,8.0713,8.4188,0.0103,A
6,sn1/post-storage-service,0.11,88.87,251.42,0.0,0,0,290.9922,1.2787,1.3592,0.0,A
6,sn1/social-graph-mongodb,15.71,728.23,757.02,0.0352,2,552,290.9922,8.0713,8.4188,0.0077,A
6,sn1/social-graph-redis,2.71,20.29,103.57,0.0,0,1473,543.9145,1.3923,1.3592,0.0026,A
6,sn1/social-graph-service,0.0,31.3,251.42,0.0,0,0,290.9922,1.2787,1.3592,0.0,A
6,sn1/text-service,0.0,44.3,251.42,0.0,0,0,290.9922,1.2787,1.3592,0.0,A
6,sn1/unique-id-service,0.0,4.62,251.42,0.0,0,0,290.9922,1.2787,1.3592,0.0,A
6,sn1/url-shorten-memcached,0.36,4.63,75.33,0.0,0,0,290.9922,1.2787,1.3592,0.0,A
6,sn1/url-shorten-mongodb,28.18,106.82,702.87,0.0,0,6739,2488.4179,14.4779,8.4188,0.0129,A
6,sn1/url-shorten-service,0.0,49.95,251.42,0.0,0,0,290.9922,1.2787,1.3592,0.0,A
6,sn1/user-memcached,0.47,6.32,75.33,0.0,0,0,290.9922,1.2787,1.3592,0.0,A
6,sn1/user-mention-service,0.0,6.75,251.42,0.0,0,0,290.9922,1.2787,1.3592,0.0,A
6,sn1/user-mongodb,15.44,97.63,704.78,0.0352,2,464,290.9922,7.9326,8.4188,0.0052,A
6,sn1/user-service,0.0,18.0,251.42,0.0,0,0,290.9922,1.2787,1.3592,0.0,A
6,sn1/user-timeline-mongodb,29.46,107.32,703.03,0.0039,2,7559,2791.2081,15.1356,8.4188,0.018,A
6,sn1/user-timeline-redis,4.52,95.08,136.86,0.0,0,1383,510.6814,2.3222,1.3592,0.0052,A
6,sn1/user-timeline-service,0.0,498.65,251.42,0.0,0,0,290.9922,1.2787,1.3592,0.0,A
7,hotel/consul,27.52,29.34,201.48,0.0,0,9307,3016.3953,17.0685,8.5115,0.0195,A
7,hotel/frontend,0.86,64.98,1119.14,0.0,0,0,290.9922,1.2787,1.3592,0.0065,A
7,hotel/geo,2.14,23.44,1119.06,0.0,0,866,290.9922,1.3273,1.3592,0.0065,A
7,hotel/jaeger,0.36,14.79,81.01,0.0,0,0,290.9922,1.2787,1.3592,0.0,A
7,hotel/memcached-profile,0.45,7.68,79.25,0.0,0,0,290.9922,1.2787,1.3592,0.0,A
7,hotel/memcached-rate,0.47,7.57,79.25,0.0,0,0,290.9922,1.2787,1.3592,0.0,A
7,hotel/memcached-reserve,0.37,7.15,79.25,0.0,0,0,290.9922,1.2787,1.3592,0.0,A
7,hotel/mongodb-geo,11.45,63.35,400.43,0.0469,10,673,290.9922,7.1016,8.5115,0.0195,A
7,hotel/mongodb-profile,11.33,65.47,400.43,0.0469,10,671,290.9922,7.0271,8.5115,0.0065,A
7,hotel/mongodb-rate,12.03,65.22,400.43,0.0195,2,394,290.9922,7.4613,8.5115,0.0065,A
7,hotel/mongodb-recommendation,11.09,63.15,400.43,0.0508,12,595,290.9922,6.8783,8.5115,0.013,A
7,hotel/mongodb-reservation,11.05,253.0,400.43,0.0469,8,571,290.9922,6.8535,8.5115,0.0195,A
7,hotel/mongodb-user,10.97,63.28,400.43,0.0742,12,516,290.9922,6.8038,8.5115,0.013,A
7,hotel/profile,1.89,39.56,1119.06,0.0,0,619,290.9922,1.2787,1.3592,0.0,A
7,hotel/rate,1.42,33.38,1119.14,0.0,0,272,290.9922,1.2787,1.3592,0.0065,A
7,hotel/recommendation,1.55,22.21,1119.06,0.0,0,740,290.9922,1.2787,1.3592,0.0,A
7,hotel/reservation,1.33,55.7,1119.06,0.0,0,603,290.9922,1.2787,1.3592,0.0,A
7,hotel/search,0.46,26.52,1119.06,0.0,0,0,290.9922,1.2787,1.3592,0.0,A
7,hotel/user,1.12,17.4,1119.06,0.0,0,525,290.9922,1.2787,1.3592,0.0,A
7,sn1/compose-post-service,0.03,47.38,251.42,0.0,0,0,290.9922,1.2787,1.3592,0.0,A
7,sn1/home-timeline-redis,5.01,2550.29,952.74,0.0,0,924,299.4681,3.1073,1.3592,0.0,A
7,sn1/home-timeline-service,0.02,87.04,251.42,0.0,0,0,290.9922,1.2787,1.3592,0.0,A
7,sn1/jaeger,0.44,5261.82,75.0,0.0,0,0,290.9922,1.2787,1.3592,0.0,A
7,sn1/media-frontend,0.0,2027.57,648.43,0.0,0,0,290.9922,1.2787,1.3592,0.0,A
7,sn1/media-memcached,0.25,4.63,75.33,0.0,0,0,290.9922,1.2787,1.3592,0.0,A
7,sn1/media-mongodb,13.65,74.21,704.02,0.0,0,392,290.9922,8.466,8.5115,0.013,A
7,sn1/media-service,0.04,4.77,251.42,0.0,0,0,290.9922,1.2787,1.3592,0.0,A
7,sn1/nginx-thrift,1.89,42900.13,620.32,0.0,0,1216,394.1052,1.2787,1.3592,0.0065,A
7,sn1/post-storage-memcached,0.7,69.87,75.33,0.0,0,322,290.9922,1.2787,1.3592,0.0,A
7,sn1/post-storage-mongodb,20.7,8189.38,4130.05,0.0039,2,713,290.9922,12.8386,8.5115,0.013,A
7,sn1/post-storage-service,0.03,88.87,251.42,0.0,0,0,290.9922,1.2787,1.3592,0.0,A
7,sn1/social-graph-mongodb,14.41,728.42,757.02,0.0,0,434,290.9922,8.9374,8.5115,0.0195,A
7,sn1/social-graph-redis,2.74,20.29,103.57,0.0,0,1452,470.5927,1.6994,1.3592,0.0065,A
7,sn1/social-graph-service,0.11,31.3,251.42,0.0,0,0,290.9922,1.2787,1.3592,0.0,A
7,sn1/text-service,0.01,44.3,251.42,0.0,0,0,290.9922,1.2787,1.3592,0.0,A
7,sn1/unique-id-service,0.02,4.62,251.42,0.0,0,0,290.9922,1.2787,1.3592,0.0,A
7,sn1/url-shorten-memcached,0.29,4.63,75.33,0.0,0,0,290.9922,1.2787,1.3592,0.0,A
7,sn1/url-shorten-mongodb,29.64,107.08,702.87,0.0312,4,7326,2374.3539,18.3834,8.5115,0.0259,A
7,sn1/url-shorten-service,0.11,49.95,251.42,0.0,0,0,290.9922,1.2787,1.3592,0.0,A
7,sn1/user-memcached,0.34,6.32,75.33,0.0,0,0,290.9922,1.2787,1.3592,0.0,A
7,sn1/user-mention-service,0.02,6.75,251.42,0.0,0,0,290.9922,1.2787,1.3592,0.0,A
7,sn1/user-mongodb,14.07,97.54,704.78,0.0,0,541,290.9922,8.7265,8.5115,0.013,A
7,sn1/user-service,0.13,18.0,251.42,0.0,0,0,290.9922,1.2787,1.3592,0.0,A
7,sn1/user-timeline-mongodb,27.28,107.26,703.03,0.0,0,8777,2844.6225,16.9197,8.5115,0.0195,A
7,sn1/user-timeline-redis,4.67,95.08,136.86,0.0,0,1157,374.9833,2.8964,1.3592,0.0065,A
7,sn1/user-timeline-service,0.11,498.65,251.42,0.0,0,0,290.9922,1.2787,1.3592,0.0,A
8,hotel/consul,27.88,29.35,201.48,0.0,0,14377,5374.2972,12.3281,9.2862,0.0198,A
8,hotel/frontend,0.5,64.98,1119.14,0.0,0,0,290.9922,1.2787,1.3592,0.0,A
8,hotel/geo,1.04,23.44,1119.06,0.0,0,422,290.9922,1.2787,1.3592,0.0,A
8,hotel/jaeger,0.32,14.79,81.01,0.0,0,0,290.9922,1.2787,1.3592,0.0,A
8,hotel/memcached-profile,0.45,7.68,79.25,0.0,0,0,290.9922,1.2787,1.3592,0.0,A
8,hotel/memcached-rate,0.43,7.57,79.25,0.0,0,0,290.9922,1.2787,1.3592,0.0,A
8,hotel/memcached-reserve,0.34,7.15,79.25,0.0,0,0,290.9922,1.2787,1.3592,0.0,A
8,hotel/mongodb-geo,11.49,63.07,400.43,0.0273,2,393,290.9922,5.0807,9.2862,0.005,A
8,hotel/mongodb-profile,11.44,65.51,400.43,0.0273,2,491,290.9922,5.0586,9.2862,0.0099,A
8,hotel/mongodb-rate,10.04,64.99,400.43,0.0,0,448,290.9922,4.4395,9.2862,0.005,A
8,hotel/mongodb-recommendation,11.42,63.07,400.43,0.0273,2,386,290.9922,5.0497,9.2862,0.0099,A
8,hotel/mongodb-reservation,11.48,252.66,400.43,0.0508,4,444,290.9922,5.0763,9.2862,0.0099,A
8,hotel/mongodb-user,11.71,63.19,400.43,0.0273,2,480,290.9922,5.178,9.2862,0.005,A
8,hotel/profile,1.22,39.55,1119.06,0.0,0,663,290.9922,1.2787,1.3592,0.005,A
8,hotel/rate,1.58,33.38,1119.14,0.0,0,527,290.9922,1.2787,1.3592,0.005,A
8,hotel/recommendation,1.49,22.2,1119.06,0.0,0,727,290.9922,1.2787,1.3592,0.0,A
8,hotel/reservation,2.01,55.7,1119.06,0.0,0,906,338.6738,1.2787,1.3592,0.0,A
8,hotel/search,0.53,26.52,1119.06,0.0,0,0,290.9922,1.2787,1.3592,0.0,A
8,hotel/user,2.41,17.41,1119.06,0.0,0,536,290.9922,1.2787,1.3592,0.0,A
8,sn1/compose-post-service,0.0,47.38,251.42,0.0,0,0,290.9922,1.2787,1.3592,0.0,A
8,sn1/home-timeline-redis,5.0,2550.29,952.74,0.0,0,1432,535.299,2.2109,1.3592,0.0,A
8,sn1/home-timeline-service,0.0,87.04,251.42,0.0,0,0,290.9922,1.2787,1.3592,0.0,A
8,sn1/jaeger,0.49,5261.82,75.0,0.0,0,0,290.9922,1.2787,1.3592,0.0,A
8,sn1/media-frontend,0.0,2027.57,648.43,0.0,0,0,290.9922,1.2787,1.3592,0.0,A
8,sn1/media-memcached,0.28,4.63,75.33,0.0,0,0,290.9922,1.2787,1.3592,0.0,A
8,sn1/media-mongodb,15.31,73.89,704.02,0.0352,2,376,290.9922,6.7698,9.2862,0.0149,A
8,sn1/media-service,0.0,4.77,251.42,0.0,0,0,290.9922,1.2787,1.3592,0.0,A
8,sn1/nginx-thrift,6.33,42900.13,620.32,0.0,0,1345,502.7773,2.799,1.3592,0.0198,A
8,sn1/post-storage-memcached,0.71,69.87,75.33,0.0,0,371,290.9922,1.2787,1.3592,0.0,A
8,sn1/post-storage-mongodb,15.86,8189.33,4130.05,0.0352,2,669,290.9922,7.013,9.2862,0.0198,A
8,sn1/post-storage-service,0.11,88.87,251.42,0.0,0,0,290.9922,1.2787,1.3592,0.0,A
8,sn1/social-graph-mongodb,15.78,728.26,757.02,0.0352,2,560,290.9922,6.9777,9.2862,0.0099,A
8,sn1/social-graph-redis,2.75,20.29,103.57,0.0,0,1471,549.8777,1.2787,1.3592,0.005,A
8,sn1/social-graph-service,0.0,31.3,251.42,0.0,0,0,290.9922,1.2787,1.3592,0.0,A
8,sn1/text-service,0.0,44.3,251.42,0.0,0,0,290.9922,1.2787,1.3592,0.0,A
8,sn1/unique-id-service,0.0,4.62,251.42,0.0,0,0,290.9922,1.2787,1.3592,0.0,A
8,sn1/url-shorten-memcached,0.29,4.63,75.33,0.0,0,0,290.9922,1.2787,1.3592,0.0,A
8,sn1/url-shorten-mongodb,27.89,106.82,702.87,0.0,0,5832,2180.0724,12.3325,9.2862,0.0198,A
8,sn1/url-shorten-service,0.0,49.95,251.42,0.0,0,0,290.9922,1.2787,1.3592,0.0,A
8,sn1/user-memcached,0.34,6.32,75.33,0.0,0,0,290.9922,1.2787,1.3592,0.0,A
8,sn1/user-mention-service,0.0,6.75,251.42,0.0,0,0,290.9922,1.2787,1.3592,0.0,A
8,sn1/user-mongodb,15.68,97.2,704.78,0.0625,4,453,290.9922,6.9334,9.2862,0.0099,A
8,sn1/user-service,0.0,18.0,251.42,0.0,0,0,290.9922,1.2787,1.3592,0.0,A
8,sn1/user-timeline-mongodb,27.82,107.34,703.03,0.0,0,5516,2061.9478,12.3016,9.2862,0.0198,A
8,sn1/user-timeline-redis,4.64,95.33,136.86,0.0,0,1365,510.2536,2.0517,1.3592,0.0099,A
8,sn1/user-timeline-service,0.0,498.65,251.42,0.0,0,0,290.9922,1.2787,1.3592,0.0,A
9,hotel/consul,27.29,29.6,201.48,0.0,0,11091,8076.5199,11.4871,10.2245,0.0155,A
9,hotel/frontend,0.49,64.98,1119.14,0.0,0,0,290.9922,1.2787,1.3592,0.0,A
9,hotel/geo,13.29,23.41,1119.06,0.0,0,617,449.3024,5.5941,10.2245,0.0,A
9,hotel/jaeger,0.34,14.79,81.01,0.0,0,0,290.9922,1.2787,1.3592,0.0,A
9,hotel/memcached-profile,0.48,7.68,79.25,0.0,0,0,290.9922,1.2787,1.3592,0.0,A
9,hotel/memcached-rate,0.48,7.57,79.25,0.0,0,0,290.9922,1.2787,1.3592,0.0,A
9,hotel/memcached-reserve,0.38,7.15,79.25,0.0,0,0,290.9922,1.2787,1.3592,0.0,A
9,hotel/mongodb-geo,10.45,63.17,400.43,0.0,0,396,290.9922,4.3987,10.2245,0.0104,A
9,hotel/mongodb-profile,10.04,65.45,400.43,0.0,0,704,512.6562,4.2261,10.2245,0.0104,A
9,hotel/mongodb-rate,11.57,65.18,400.43,0.0195,2,495,360.4614,4.8701,10.2245,0.0052,A
9,hotel/mongodb-recommendation,10.14,62.95,400.43,0.0,0,674,490.8101,4.2682,10.2245,0.0104,A
9,hotel/mongodb-reservation,10.28,252.85,400.43,0.0,0,653,475.5178,4.3271,10.2245,0.0155,A
9,hotel/mongodb-user,9.24,63.28,400.43,0.0,0,513,373.5691,3.8894,1.3592,0.0104,A
9,hotel/profile,1.82,39.8,1119.06,0.0,0,632,460.2255,1.2787,1.3592,0.0,A
9,hotel/rate,1.3,33.38,1119.14,0.0,0,255,290.9922,1.2787,1.3592,0.0,A
9,hotel/recommendation,1.27,22.2,1119.06,0.0,0,576,419.446,1.2787,1.3592,0.0,A
9,hotel/reservation,1.27,55.7,1119.06,0.0,0,316,290.9922,1.2787,1.3592,0.0,A
9,hotel/search,0.91,26.77,1119.06,0.0,0,65,290.9922,1.2787,1.3592,0.0,A
9,hotel/user,1.07,17.41,1119.06,0.0,0,581,423.087,1.2787,1.3592,0.0,A
9,sn1/compose-post-service,0.01,47.38,251.42,0.0,0,0,290.9922,1.2787,1.3592,0.0,A
9,sn1/home-timeline-redis,5.02,2550.54,952.74,0.0,0,1362,991.815,2.1131,1.3592,0.0052,A
9,sn1/home-timeline-service,0.03,87.04,251.42,0.0,0,0,290.9922,1.2787,1.3592,0.0,A
9,sn1/jaeger,0.48,5261.82,75.0,0.0,0,0,290.9922,1.2787,1.3592,0.0,A
9,sn1/media-frontend,0.0,2027.57,648.43,0.0,0,0,290.9922,1.2787,1.3592,0.0,A
9,sn1/media-memcached,0.31,4.63,75.33,0.0,0,0,290.9922,1.2787,1.3592,0.0,A
9,sn1/media-mongodb,12.4,74.17,704.02,0.1914,32,465,338.6152,5.2195,10.2245,0.0104,A
9,sn1/media-service,0.02,4.77,251.42,0.0,0,0,290.9922,1.2787,1.3592,0.0,A
9,sn1/nginx-thrift,1.75,42900.13,620.32,0.0,0,1455,1059.538,1.2787,1.3592,0.0,A
9,sn1/post-storage-memcached,0.72,69.87,75.33,0.0,0,390,290.9922,1.2787,1.3592,0.0,A
9,sn1/post-storage-mongodb,13.74,8189.32,4130.05,0.0,0,691,503.1895,5.7836,10.2245,0.0104,A
9,sn1/post-storage-service,0.04,88.87,251.42,0.0,0,0,290.9922,1.2787,1.3592,0.0,A
9,sn1/social-graph-mongodb,14.05,728.48,757.02,1.5352,56,710,517.0254,5.914,10.2245,0.0155,A
9,sn1/social-graph-redis,2.63,20.29,103.57,0.0,0,1416,1031.1381,1.2787,1.3592,0.0,A
9,sn1/social-graph-service,0.11,31.3,251.42,0.0,0,0,290.9922,1.2787,1.3592,0.0,A
9,sn1/text-service,0.03,44.3,251.42,0.0,0,0,290.9922,1.2787,1.3592,0.0,A
9,sn1/unique-id-service,0.03,4.62,251.42,0.0,0,0,290.9922,1.2787,1.3592,0.0,A
9,sn1/url-shorten-memcached,0.31,4.63,75.33,0.0,0,0,290.9922,1.2787,1.3592,0.0,A
9,sn1/url-shorten-mongodb,29.24,107.08,702.87,0.0273,2,8747,6369.6077,12.308,10.2245,0.0207,A
9,sn1/url-shorten-service,0.11,49.95,251.42,0.0,0,0,290.9922,1.2787,1.3592,0.0,A
9,sn1/user-memcached,0.35,6.32,75.33,0.0,0,0,290.9922,1.2787,1.3592,0.0,A
9,sn1/user-mention-service,0.03,6.75,251.42,0.0,0,0,290.9922,1.2787,1.3592,0.0,A
9,sn1/user-mongodb,13.87,97.79,704.78,0.4219,34,523,380.8511,5.8383,10.2245,0.0155,A
9,sn1/user-service,0.12,18.0,251.42,0.0,0,0,290.9922,1.2787,1.3592,0.0,A
9,sn1/user-timeline-mongodb,26.88,107.34,703.03,0.0,0,5970,4347.3829,11.3146,10.2245,0.0207,A
9,sn1/user-timeline-redis,4.54,95.08,136.86,0.0,0,1174,854.9125,1.911,1.3592,0.0,A
9,sn1/user-timeline-service,0.12,498.65,251.42,0.0,0,0,290.9922,1.2787,1.3592,0.0,A
10,hotel/consul,27.13,29.36,201.48,0.0,0,10586,7939.3232,6.4186,7.9213,0.051,A
10,hotel/frontend,0.46,64.98,1119.14,0.0,0,0,290.9922,1.2787,1.3592,0.0,A
10,hotel/geo,1.04,23.41,1119.06,0.0,0,0,290.9922,1.2787,1.3592,0.0127,A
10,hotel/jaeger,0.34,14.79,81.01,0.0,0,0,290.9922,1.2787,1.3592,0.0127,A
10,hotel/memcached-profile,0.47,7.68,79.25,0.0,0,0,290.9922,1.2787,1.3592,0.0,A
10,hotel/memcached-rate,0.47,7.57,79.25,0.0,0,0,290.9922,1.2787,1.3592,0.0,A
10,hotel/memcached-reserve,0.35,7.15,79.25,0.0,0,0,290.9922,1.2787,1.3592,0.0,A
10,hotel/mongodb-geo,11.73,63.39,400.43,0.0273,2,569,426.7405,2.7752,7.9213,0.0255,A
10,hotel/mongodb-profile,11.45,65.2,400.43,0.0312,4,425,318.7429,2.7089,7.9213,0.0255,A
10,hotel/mongodb-rate,10.24,64.99,400.43,0.0,0,414,310.4931,2.4226,7.9213,0.0127,A
10,hotel/mongodb-recommendation,11.74,63.05,400.43,0.043,4,496,371.9917,2.7775,7.9213,0.0127,A
10,hotel/mongodb-reservation,11.37,252.97,400.43,0.0273,2,479,359.242,2.69,7.9213,0.0127,A
10,hotel/mongodb-user,11.77,63.38,400.43,0.0273,2,452,338.9925,2.7846,7.9213,0.0127,A
10,hotel/profile,1.24,39.55,1119.06,0.0,0,639,479.2393,1.2787,1.3592,0.0127,A
10,hotel/rate,1.73,33.62,1119.14,0.0,0,889,666.7352,1.2787,1.3592,0.0127,A
10,hotel/recommendation,1.67,22.2,1119.06,0.0,0,844,632.9859,1.2787,1.3592,0.0,A
10,hotel/reservation,1.62,55.7,1119.06,0.0,0,803,602.2366,1.2787,1.3592,0.0127,A
10,hotel/search,0.41,26.53,1119.06,0.0,0,0,290.9922,1.2787,1.3592,0.0127,A
10,hotel/user,1.86,17.41,1119.06,0.0,0,742,556.4876,1.2787,1.3592,0.0,A
10,sn1/compose-post-service,0.0,47.38,251.42,0.0,0,0,290.9922,1.2787,1.3592,0.0,A
10,sn1/home-timeline-redis,5.03,2550.29,952.74,0.0,0,1254,940.4791,1.2787,1.3592,0.0127,A
10,sn1/home-timeline-service,0.0,87.04,251.42,0.0,0,0,290.9922,1.2787,1.3592,0.0,A
10,sn1/jaeger,0.47,5261.82,75.0,0.0,0,0,290.9922,1.2787,1.3592,0.0,A
10,sn1/media-frontend,0.0,2027.57,648.43,0.0,0,0,290.9922,1.2787,1.3592,0.0,A
10,sn1/media-memcached,0.27,4.63,75.33,0.0,0,0,290.9922,1.2787,1.3592,0.0127,A
10,sn1/media-mongodb,15.01,74.05,704.02,0.0352,2,400,299.9933,3.5512,7.9213,0.051,A
10,sn1/media-service,0.0,4.77,251.42,0.0,0,0,290.9922,1.2787,1.3592,0.0,A
10,sn1/nginx-thrift,6.47,42900.13,620.32,0.0,0,1410,1057.4764,1.5307,1.3592,0.0255,A
10,sn1/post-storage-memcached,0.73,69.87,75.33,0.0,0,655,491.2391,1.2787,1.3592,0.0,A
10,sn1/post-storage-mongodb,16.0,8189.0,4130.05,0.0391,2,492,368.9918,3.7854,7.9213,0.0382,A
10,sn1/post-storage-service,0.12,88.87,251.42,0.0,0,0,290.9922,1.2787,1.3592,0.0,A
10,sn1/social-graph-mongodb,15.97,728.38,757.02,0.0352,2,427,320.2429,3.7783,7.9213,0.0255,A
10,sn1/social-graph-redis,2.69,20.29,103.57,0.0,0,1478,1108.4753,1.2787,1.3592,0.0,A
10,sn1/social-graph-service,0.0,31.3,251.42,0.0,0,0,290.9922,1.2787,1.3592,0.0,A
10,sn1/text-service,0.0,44.3,251.42,0.0,0,0,290.9922,1.2787,1.3592,0.0,A
10,sn1/unique-id-service,0.0,4.62,251.42,0.0,0,0,290.9922,1.2787,1.3592,0.0,A
10,sn1/url-shorten-memcached,0.3,4.63,75.33,0.0,0,0,290.9922,1.2787,1.3592,0.0,A
10,sn1/url-shorten-mongodb,27.69,106.83,702.87,0.0,0,9570,7177.3401,6.5511,7.9213,0.0382,A
10,sn1/url-shorten-service,0.0,49.95,251.42,0.0,0,0,290.9922,1.2787,1.3592,0.0,A
10,sn1/user-memcached,0.36,6.32,75.33,0.0,0,0,290.9922,1.2787,1.3592,0.0,A
10,sn1/user-mention-service,0.0,6.75,251.42,0.0,0,0,290.9922,1.2787,1.3592,0.0,A
10,sn1/user-mongodb,15.86,97.57,704.78,0.0547,4,462,346.4923,3.7523,7.9213,0.0255,A
10,sn1/user-service,0.0,18.0,251.42,0.0,0,0,290.9922,1.2787,1.3592,0.0,A
10,sn1/user-timeline-mongodb,28.64,107.08,703.03,0.0156,2,7170,5377.3802,6.7758,7.9213,0.0637,A
10,sn1/user-timeline-redis,4.66,95.08,136.86,0.0,0,1431,1073.2261,1.2787,1.3592,0.0,A
10,sn1/user-timeline-service,0.0,498.65,251.42,0.0,0,0,290.9922,1.2787,1.3592,0.0,A
11,hotel/consul,27.58,29.33,201.48,0.0,0,11359,2221.9275,23.1538,10.0706,0.0037,A
11,hotel/frontend,51.34,65.39,1119.14,0.0,0,54,290.9922,43.1006,10.0706,0.0,A
11,hotel/geo,1.76,23.38,1119.06,0.0,0,603,290.9922,1.4775,1.3592,0.0012,A
11,hotel/jaeger,0.36,14.79,81.01,0.0,0,0,290.9922,1.2787,1.3592,0.0,A
11,hotel/memcached-profile,0.47,7.68,79.25,0.0,0,0,290.9922,1.2787,1.3592,0.0,A
11,hotel/memcached-rate,0.51,7.57,79.25,0.0,0,0,290.9922,1.2787,1.3592,0.0,A
11,hotel/memcached-reserve,0.38,7.15,79.25,0.0,0,0,290.9922,1.2787,1.3592,0.0,A
11,hotel/mongodb-geo,11.28,63.04,400.43,0.0,0,633,290.9922,9.4697,10.0706,0.0025,A
11,hotel/mongodb-profile,10.41,65.41,400.43,0.0,0,568,290.9922,8.7393,10.0706,0.0012,A
11,hotel/mongodb-rate,12.77,64.93,400.43,0.0195,2,399,290.9922,10.7206,10.0706,0.0012,A
11,hotel/mongodb-recommendation,11.08,62.89,400.43,0.0,0,565,290.9922,9.3018,10.0706,0.0012,A
11,hotel/mongodb-reservation,11.09,253.0,400.43,0.0,0,614,290.9922,9.3102,10.0706,0.0025,A
11,hotel/mongodb-user,10.88,63.35,400.43,0.0,0,520,290.9922,9.1339,10.0706,0.0012,A
11,hotel/profile,2.43,40.31,1119.06,0.0,0,988,290.9922,2.04,1.3592,0.0012,A
11,hotel/rate,1.37,33.38,1119.14,0.0,0,688,290.9922,1.2787,1.3592,0.0,A
11,hotel/recommendation,1.38,22.2,1119.06,0.0,0,367,290.9922,1.2787,1.3592,0.0,A
11,hotel/reservation,1.42,55.7,1119.06,0.0,0,689,290.9922,1.2787,1.3592,0.0,A
11,hotel/search,0.46,26.53,1119.06,0.0,0,0,290.9922,1.2787,1.3592,0.0,A
11,hotel/user,1.26,17.4,1119.06,0.0,0,635,290.9922,1.2787,1.3592,0.0,A
11,sn1/compose-post-service,0.02,47.38,251.42,0.0,0,0,290.9922,1.2787,1.3592,0.0,A
11,sn1/home-timeline-redis,5.02,2550.04,952.74,0.0,0,1117,290.9922,4.2144,1.3592,0.0,A
11,sn1/home-timeline-service,0.02,87.04,251.42,0.0,0,0,290.9922,1.2787,1.3592,0.0,A
11,sn1/jaeger,0.53,5261.82,75.0,0.0,0,0,290.9922,1.2787,1.3592,0.0012,A
11,sn1/media-frontend,0.0,2027.57,648.43,0.0,0,0,290.9922,1.2787,1.3592,0.0,A
11,sn1/media-memcached,0.31,4.63,75.33,0.0,0,0,290.9922,1.2787,1.3592,0.0,A
11,sn1/media-mongodb,13.04,73.98,704.02,0.0,0,389,290.9922,10.9472,10.0706,0.0037,A
11,sn1/media-service,0.02,4.77,251.42,0.0,0,0,290.9922,1.2787,1.3592,0.0,A
11,sn1/nginx-thrift,1.91,42900.13,620.32,0.0,0,1267,290.9922,1.6035,1.3592,0.0,A
11,sn1/post-storage-memcached,0.77,69.87,75.33,0.0,0,410,290.9922,1.2787,1.3592,0.0,A
11,sn1/post-storage-mongodb,14.12,8189.22,4130.05,0.0,0,603,290.9922,11.8539,10.0706,0.0025,A
11,sn1/post-storage-service,0.02,88.87,251.42,0.0,0,0,290.9922,1.2787,1.3592,0.0,A
11,sn1/social-graph-mongodb,14.03,728.48,757.02,0.0,0,623,290.9922,11.7784,10.0706,0.0025,A
11,sn1/social-graph-redis,2.72,20.29,103.57,0.0,0,1492,291.8493,2.2835,1.3592,0.0,A
11,sn1/social-graph-service,0.13,31.3,251.42,0.0,0,0,290.9922,1.2787,1.3592,0.0,A
11,sn1/text-service,0.02,44.3,251.42,0.0,0,0,290.9922,1.2787,1.3592,0.0,A
11,sn1/unique-id-service,0.03,4.62,251.42,0.0,0,0,290.9922,1.2787,1.3592,0.0,A
11,sn1/url-shorten-memcached,0.35,4.63,75.33,0.0,0,0,290.9922,1.2787,1.3592,0.0,A
11,sn1/url-shorten-mongodb,31.26,107.08,702.87,0.0312,4,6330,1238.2077,26.2432,10.0706,0.005,A
11,sn1/url-shorten-service,0.11,49.95,251.42,0.0,0,0,290.9922,1.2787,1.3592,0.0,A
11,sn1/user-memcached,0.39,6.32,75.33,0.0,0,0,290.9922,1.2787,1.3592,0.0,A
11,sn1/user-mention-service,0.03,6.75,251.42,0.0,0,0,290.9922,1.2787,1.3592,0.0,A
11,sn1/user-mongodb,14.53,97.61,704.78,0.0,0,319,290.9922,12.1981,10.0706,0.0037,A
11,sn1/user-service,0.08,18.0,251.42,0.0,0,0,290.9922,1.2787,1.3592,0.0,A
11,sn1/user-timeline-mongodb,27.41,107.28,703.03,0.0,0,5285,1033.7958,23.011,10.0706,0.005,A
11,sn1/user-timeline-redis,4.47,95.08,136.86,0.0,0,1261,290.9922,3.7526,1.3592,0.0012,A
11,sn1/user-timeline-service,0.11,498.65,251.42,0.0,0,0,290.9922,1.2787,1.3592,0.0,A
12,hotel/consul,27.03,29.58,201.48,0.0,0,9870,3556.1573,15.5398,7.6035,0.0502,A
12,hotel/frontend,0.45,64.89,1119.14,0.0,0,0,290.9922,1.2787,1.3592,0.0,A
12,hotel/geo,1.03,23.38,1119.06,0.0,0,468,290.9922,1.2787,1.3592,0.0,A
12,hotel/jaeger,0.35,14.79,81.01,0.0,0,0,290.9922,1.2787,1.3592,0.0,A
12,hotel/memcached-profile,0.41,7.68,79.25,0.0,0,0,290.9922,1.2787,1.3592,0.0,A
12,hotel/memcached-rate,0.47,7.57,79.25,0.0,0,0,290.9922,1.2787,1.3592,0.0167,A
12,hotel/memcached-reserve,0.38,7.15,79.25,0.0,0,0,290.9922,1.2787,1.3592,0.0,A
12,hotel/mongodb-geo,11.55,63.2,400.43,0.0273,2,544,290.9922,6.6402,7.6035,0.0335,A
12,hotel/mongodb-profile,11.18,65.32,400.43,0.0273,2,478,290.9922,6.4275,7.6035,0.0335,A
12,hotel/mongodb-rate,10.23,64.99,400.43,0.0,0,591,290.9922,5.8813,7.6035,0.0167,A
12,hotel/mongodb-recommendation,11.26,63.05,400.43,0.0273,2,518,290.9922,6.4735,7.6035,0.0167,A
12,hotel/mongodb-reservation,11.93,252.66,400.43,0.0273,2,406,290.9922,6.8587,7.6035,0.0167,A
12,hotel/mongodb-user,11.95,63.26,400.43,0.0391,4,426,290.9922,6.8702,7.6035,0.0335,A
12,hotel/profile,1.24,39.8,1119.06,0.0,0,539,290.9922,1.2787,1.3592,0.0167,A
12,hotel/rate,2.1,33.64,1119.14,0.0,0,525,290.9922,1.2787,1.3592,0.0,A
12,hotel/recommendation,2.04,22.2,1119.06,0.0,0,839,302.2914,1.2787,1.3592,0.0,A
12,hotel/reservation,1.57,55.7,1119.06,0.0,0,482,290.9922,1.2787,1.3592,0.0167,A
12,hotel/search,0.44,26.53,1119.06,0.0,0,0,290.9922,1.2787,1.3592,0.0,A
12,hotel/user,1.71,17.4,1119.06,0.0,0,629,290.9922,1.2787,1.3592,0.0,A
12,sn1/compose-post-service,0.0,47.38,251.42,0.0,0,0,290.9922,1.2787,1.3592,0.0,A
12,sn1/home-timeline-redis,4.8,2550.04,952.74,0.0,0,1380,497.2135,2.7596,1.3592,0.0167,A
12,sn1/home-timeline-service,0.0,87.04,251.42,0.0,0,0,290.9922,1.2787,1.3592,0.0,A
12,sn1/jaeger,0.51,5261.82,75.0,0.0,0,0,290.9922,1.2787,1.3592,0.0,A
12,sn1/media-frontend,0.0,2027.57,648.43,0.0,0,0,290.9922,1.2787,1.3592,0.0,A
12,sn1/media-memcached,0.21,4.63,75.33,0.0,0,0,290.9922,1.2787,1.3592,0.0,A
12,sn1/media-mongodb,15.71,73.98,704.02,0.043,4,300,290.9922,9.0318,7.6035,0.0502,A
12,sn1/media-service,0.0,4.77,251.42,0.0,0,0,290.9922,1.2787,1.3592,0.0,A
12,sn1/nginx-thrift,6.57,42900.13,620.32,0.0,0,1432,515.9491,3.7772,1.3592,0.0167,A
12,sn1/post-storage-memcached,0.7,69.87,75.33,0.0,0,390,290.9922,1.2787,1.3592,0.0,A
12,sn1/post-storage-mongodb,15.98,8189.12,4130.05,0.0703,4,478,290.9922,9.1871,7.6035,0.0502,A
12,sn1/post-storage-service,0.11,88.87,251.42,0.0,0,0,290.9922,1.2787,1.3592,0.0,A
12,sn1/social-graph-mongodb,15.79,728.05,757.02,0.0352,2,551,290.9922,9.0778,7.6035,0.0335,A
12,sn1/social-graph-redis,2.68,20.04,103.57,0.0,0,1466,528.1992,1.5408,1.3592,0.0,A
12,sn1/social-graph-service,0.0,31.3,251.42,0.0,0,0,290.9922,1.2787,1.3592,0.0,A
12,sn1/text-service,0.0,44.3,251.42,0.0,0,0,290.9922,1.2787,1.3592,0.0,A
12,sn1/unique-id-service,0.0,4.62,251.42,0.0,0,0,290.9922,1.2787,1.3592,0.0,A
12,sn1/url-shorten-memcached,0.3,4.63,75.33,0.0,0,0,290.9922,1.2787,1.3592,0.0,A
12,sn1/url-shorten-mongodb,27.3,107.08,702.87,0.0,0,7585,2732.8727,15.6951,7.6035,0.0669,A
12,sn1/url-shorten-service,0.0,49.95,251.42,0.0,0,0,290.9922,1.2787,1.3592,0.0,A
12,sn1/user-memcached,0.34,6.32,75.33,0.0,0,0,290.9922,1.2787,1.3592,0.0,A
12,sn1/user-mention-service,0.0,6.75,251.42,0.0,0,0,290.9922,1.2787,1.3592,0.0,A
12,sn1/user-mongodb,15.79,97.79,704.78,0.0352,2,764,290.9922,9.0778,7.6035,0.0502,A
12,sn1/user-service,0.0,18.0,251.42,0.0,0,0,290.9922,1.2787,1.3592,0.0,A
12,sn1/user-timeline-mongodb,28.26,107.08,703.03,0.0898,10,6583,2371.8524,16.247,7.6035,0.0837,A
12,sn1/user-timeline-redis,4.47,95.08,136.86,0.0,0,1114,401.3738,2.5699,1.3592,0.0335,A
12,sn1/user-timeline-service,0.0,498.65,251.42,0.0,0,0,290.9922,1.2787,1.3592,0.0,A
13,hotel/consul,27.78,29.09,201.48,0.0,0,11719,1797.7444,1.5008,52.5356,0.0063,A
13,hotel/frontend,1249.67,126.53,1119.14,0.0,0,101622,15589.2462,67.5115,52.5356,0.0,A
13,hotel/geo,178.72,32.48,1119.06,0.0,0,1239,290.9922,9.6551,52.5356,0.0,A
13,hotel/jaeger,0.39,14.79,81.01,0.0,0,0,290.9922,1.2787,1.3592,0.0,A
13,hotel/memcached-profile,23.86,7.75,79.25,0.0,0,482,290.9922,1.289,52.5356,0.0,A
13,hotel/memcached-rate,16.29,7.64,79.25,0.0,0,350,290.9922,1.2787,52.5356,0.0,A
13,hotel/memcached-reserve,30.2,8.27,79.25,0.0,0,552,290.9922,1.6315,52.5356,0.0,A
13,hotel/mongodb-geo,10.04,62.98,400.43,0.0,0,646,290.9922,1.2787,52.5356,0.0042,A
13,hotel/mongodb-profile,9.51,65.04,400.43,0.0,0,623,290.9922,1.2787,1.3592,0.0042,A
13,hotel/mongodb-rate,12.07,64.98,400.43,0.0234,4,360,290.9922,1.2787,52.5356,0.0042,A
13,hotel/mongodb-recommendation,9.54,62.83,400.43,0.0,0,778,290.9922,1.2787,1.3592,0.0042,A
13,hotel/mongodb-reservation,10.37,252.81,400.43,0.0078,4,566,290.9922,1.2787,52.5356,0.0042,A
13,hotel/mongodb-user,9.66,62.84,400.43,0.0,0,533,290.9922,1.2787,1.3592,0.0042,A
13,hotel/profile,402.38,47.7,1119.06,0.0,0,19042,2921.1236,21.738,52.5356,0.0,A
13,hotel/rate,274.23,42.88,1119.14,0.0,0,1015,290.9922,14.8149,52.5356,0.0,A
13,hotel/recommendation,96.15,27.87,1119.06,0.0,0,957,290.9922,5.1944,52.5356,0.0021,A
13,hotel/reservation,564.98,70.52,1119.06,0.0,0,51682,7928.2382,30.5222,52.5356,0.0,A
13,hotel/search,430.38,42.38,1119.06,0.0,0,675,290.9922,23.2506,52.5356,0.0,A
13,hotel/user,8.04,17.41,1119.06,0.0,0,621,290.9922,1.2787,1.3592,0.0021,A
13,sn1/compose-post-service,0.02,47.38,251.42,0.0,0,0,290.9922,1.2787,1.3592,0.0,A
13,sn1/home-timeline-redis,4.53,2550.04,952.74,0.0,0,1266,290.9922,1.2787,1.3592,0.0021,A
13,sn1/home-timeline-service,0.03,87.04,251.42,0.0,0,0,290.9922,1.2787,1.3592,0.0,A
13,sn1/jaeger,0.47,5261.82,75.0,0.0,0,0,290.9922,1.2787,1.3592,0.0,A
13,sn1/media-frontend,0.0,2027.57,648.43,0.0,0,0,290.9922,1.2787,1.3592,0.0,A
13,sn1/media-memcached,0.29,4.63,75.33,0.0,0,0,290.9922,1.2787,1.3592,0.0,A
13,sn1/media-mongodb,13.28,73.8,704.02,0.0,0,372,290.9922,1.2787,52.5356,0.0063,A
13,sn1/media-service,0.02,4.77,251.42,0.0,0,0,290.9922,1.2787,1.3592,0.0,A
13,sn1/nginx-thrift,1.85,42900.13,620.32,0.0,0,1427,290.9922,1.2787,1.3592,0.0,A
13,sn1/post-storage-memcached,0.7,69.87,75.33,0.0,0,378,290.9922,1.2787,1.3592,0.0,A
13,sn1/post-storage-mongodb,13.55,8188.85,4130.05,0.0078,4,688,290.9922,1.2787,52.5356,0.0042,A
13,sn1/post-storage-service,0.03,88.87,251.42,0.0,0,0,290.9922,1.2787,1.3592,0.0,A
13,sn1/social-graph-mongodb,13.48,728.23,757.02,0.0,0,572,290.9922,1.2787,52.5356,0.0063,A
13,sn1/social-graph-redis,2.82,20.04,103.57,0.0,0,1359,290.9922,1.2787,1.3592,0.0021,A
13,sn1/social-graph-service,0.12,31.3,251.42,0.0,0,0,290.9922,1.2787,1.3592,0.0,A
13,sn1/text-service,0.03,44.3,251.42,0.0,0,0,290.9922,1.2787,1.3592,0.0,A
13,sn1/unique-id-service,0.03,4.62,251.42,0.0,0,0,290.9922,1.2787,1.3592,0.0,A
13,sn1/url-shorten-memcached,0.28,4.63,75.33,0.0,0,0,290.9922,1.2787,1.3592,0.0,A
13,sn1/url-shorten-mongodb,29.52,106.64,702.87,0.0312,2,6825,1046.984,1.5948,52.5356,0.0084,A
13,sn1/url-shorten-service,0.11,49.95,251.42,0.0,0,0,290.9922,1.2787,1.3592,0.0,A
13,sn1/user-memcached,0.36,6.32,75.33,0.0,0,0,290.9922,1.2787,1.3592,0.0,A
13,sn1/user-mention-service,0.03,6.75,251.42,0.0,0,0,290.9922,1.2787,1.3592,0.0,A
13,sn1/user-mongodb,13.38,97.17,704.78,0.0,0,440,290.9922,1.2787,52.5356,0.0042,A
13,sn1/user-service,0.1,18.0,251.42,0.0,0,0,290.9922,1.2787,1.3592,0.0,A
13,sn1/user-timeline-mongodb,26.56,106.91,703.03,0.0,0,6932,1063.3982,1.4349,52.5356,0.0084,A
13,sn1/user-timeline-redis,4.33,95.08,136.86,0.0,0,1089,290.9922,1.2787,1.3592,0.0,A
13,sn1/user-timeline-service,0.1,498.65,251.42,0.0,0,0,290.9922,1.2787,1.3592,0.0,A
14,hotel/consul,14.62,29.09,201.48,0.0,0,1459,337.6905,1.2787,668.9112,0.0057,A
14,hotel/frontend,9891.28,120.82,1119.14,0.0,0,932062,215728.9147,259.3948,668.9112,3.58,A
14,hotel/geo,1210.11,30.12,1119.06,0.0,0,1884,436.0582,31.7346,668.9112,0.471,A
14,hotel/jaeger,1.23,14.79,81.01,0.0,0,83,290.9922,1.2787,1.3592,0.0,A
14,hotel/memcached-profile,128.61,7.73,79.25,0.0,0,1050,290.9922,3.3727,668.9112,0.051,A
14,hotel/memcached-rate,100.34,7.59,79.25,0.0,0,968,290.9922,2.6314,668.9112,0.0368,A
14,hotel/memcached-reserve,164.3,7.22,79.25,0.0,0,1183,290.9922,4.3087,668.9112,0.0624,A
14,hotel/mongodb-geo,7.49,62.98,400.43,0.0312,4,116,290.9922,1.2787,1.3592,0.0028,A
14,hotel/mongodb-profile,7.47,65.04,400.43,0.0352,4,102,290.9922,1.2787,1.3592,0.0057,A
14,hotel/mongodb-rate,6.86,64.8,400.43,0.0,0,66,290.9922,1.2787,1.3592,0.0057,A
14,hotel/mongodb-recommendation,7.76,62.83,400.43,0.0273,2,241,290.9922,1.2787,1.3592,0.0057,A
14,hotel/mongodb-reservation,8.66,252.62,400.43,0.0469,12,116,290.9922,1.2787,1.3592,0.0057,A
14,hotel/mongodb-user,7.99,62.84,400.43,0.0273,2,131,290.9922,1.2787,1.3592,0.0028,A
14,hotel/profile,3449.1,48.86,1119.06,0.0,0,82465,19086.8043,90.4513,668.9112,1.31,A
14,hotel/rate,1826.3,42.93,1119.14,0.0,0,6104,1412.7915,47.894,668.9112,0.632,A
14,hotel/recommendation,720.97,27.86,1119.06,0.0,0,1535,355.281,18.9071,668.9112,0.275,A
14,hotel/reservation,3778.41,72.64,1119.06,0.0,0,358632,83006.5941,99.0873,668.9112,1.51,A
14,hotel/search,2985.6,40.07,1119.06,0.0,0,20300,4698.5039,78.2962,668.9112,1.05,A
14,hotel/user,44.67,18.19,1119.06,0.0,0,938,290.9922,1.2787,668.9112,0.017,A
14,sn1/compose-post-service,1088.47,85.08,251.42,0.0,0,4169,964.9292,28.5447,668.9112,0.36,A
14,sn1/home-timeline-redis,253.3,2552.61,952.74,0.0,0,712,290.9922,6.6427,668.9112,0.105,A
14,sn1/home-timeline-service,1346.43,108.81,251.42,0.0,0,2505,579.7908,35.3096,668.9112,0.516,A
14,sn1/jaeger,2.01,5261.82,75.0,0.0,0,58,290.9922,1.2787,1.3592,0.0,A
14,sn1/media-frontend,0.0,2027.57,648.43,0.0,0,0,290.9922,1.2787,1.3592,0.0,A
14,sn1/media-memcached,0.2,4.63,75.33,0.0,0,0,290.9922,1.2787,1.3592,0.0,A
14,sn1/media-mongodb,10.61,73.8,704.02,0.0039,2,117,290.9922,1.2787,668.9112,0.0085,A
14,sn1/media-service,55.72,4.67,251.42,0.0,0,589,290.9922,1.4612,668.9112,0.0198,A
14,sn1/nginx-thrift,19628.85,42920.43,620.32,0.0,0,3615,836.704,514.7587,668.9112,7.64,A
14,sn1/post-storage-memcached,1468.14,70.38,75.33,0.0,0,2979,689.4997,38.5014,668.9112,0.51,A
14,sn1/post-storage-mongodb,746.12,8189.05,4130.05,9.9805,154,563,290.9922,19.5667,668.9112,0.261,A
14,sn1/post-storage-service,6175.51,94.43,251.42,0.0,0,6492,1502.5954,161.9503,668.9112,2.17,A
14,sn1/social-graph-mongodb,9.9,728.04,757.02,0.0,0,191,290.9922,1.2787,1.3592,0.0057,A
14,sn1/social-graph-redis,2.16,20.04,103.57,0.0,0,1013,290.9922,1.2787,1.3592,0.0,A
14,sn1/social-graph-service,0.0,31.3,251.42,0.0,0,0,290.9922,1.2787,1.3592,0.0,A
14,sn1/text-service,1110.42,74.32,251.42,0.0,0,4220,976.7333,29.1203,668.9112,0.334,A
14,sn1/unique-id-service,60.04,4.61,251.42,0.0,0,667,290.9922,1.5745,668.9112,0.0227,A
14,sn1/url-shorten-memcached,0.18,4.63,75.33,0.0,0,0,290.9922,1.2787,1.3592,0.0,A
14,sn1/url-shorten-mongodb,270.04,108.39,702.87,0.0,0,749,290.9922,7.0817,668.9112,0.068,A
14,sn1/url-shorten-service,941.12,78.26,251.42,0.0,0,3303,764.4906,24.6805,668.9112,0.244,A
14,sn1/user-memcached,112.06,6.34,75.33,0.0,0,1405,325.192,2.9387,668.9112,0.034,A
14,sn1/user-mention-service,185.79,6.7,251.42,0.0,0,1037,290.9922,4.8723,668.9112,0.068,A
14,sn1/user-mongodb,9.75,96.96,704.78,0.0,0,192,290.9922,1.2787,1.3592,0.0057,A
14,sn1/user-service,59.55,18.08,251.42,0.0,0,748,290.9922,1.5617,668.9112,0.0227,A
14,sn1/user-timeline-mongodb,16.04,106.9,703.03,0.0156,2,711,290.9922,1.2787,668.9112,0.0057,A
14,sn1/user-timeline-redis,124.64,95.45,136.86,0.0,0,849,290.9922,3.2686,668.9112,0.0482,A
14,sn1/user-timeline-service,1243.92,518.36,251.42,0.0,0,3391,784.8585,32.6213,668.9112,0.442,A
15,hotel/consul,13.28,29.09,201.48,0.0,0,882,290.9922,1.2787,789.9817,0.0174,A
15,hotel/frontend,9953.47,121.1,1119.14,0.0,0,883062,214658.1544,104.0146,789.9817,22.5,A
15,hotel/geo,1376.32,30.14,1119.06,0.0,0,2175,528.7075,14.3827,789.9817,3.26,A
15,hotel/jaeger,0.3,14.79,81.01,0.0,0,0,290.9922,1.2787,1.3592,0.0,A
15,hotel/memcached-profile,134.39,7.68,79.25,0.0,0,1138,290.9922,1.4044,789.9817,0.296,A
15,hotel/memcached-rate,104.03,7.59,79.25,0.0,0,1574,382.6141,1.2787,789.9817,0.227,A
15,hotel/memcached-reserve,164.9,7.21,79.25,0.0,0,814,290.9922,1.7232,789.9817,0.349,A
15,hotel/mongodb-geo,6.77,62.98,400.43,0.0,0,35,290.9922,1.2787,1.3592,0.0,A
15,hotel/mongodb-profile,7.01,65.04,400.43,0.0,0,26,290.9922,1.2787,1.3592,0.0174,A
15,hotel/mongodb-rate,7.56,64.8,400.43,0.0195,2,89,290.9922,1.2787,1.3592,0.0174,A
15,hotel/mongodb-recommendation,6.99,62.83,400.43,0.0,0,207,290.9922,1.2787,1.3592,0.0174,A
15,hotel/mongodb-reservation,8.41,252.62,400.43,0.0312,16,63,290.9922,1.2787,1.3592,0.0349,A
15,hotel/mongodb-user,6.88,62.84,400.43,0.0,0,62,290.9922,1.2787,1.3592,0.0349,A
15,hotel/profile,3644.83,53.4,1119.06,0.0,0,71238,17316.8108,38.0888,789.9817,7.43,A
15,hotel/rate,1753.49,40.34,1119.14,0.0,0,2553,620.5932,18.3241,789.9817,3.92,A
15,hotel/recommendation,886.9,28.96,1119.06,0.0,0,1610,391.3651,9.2682,789.9817,1.92,A
15,hotel/reservation,3940.91,62.68,1119.06,0.0,0,245160,59594.4488,41.1828,789.9817,10.1,A
15,hotel/search,3202.99,35.71,1119.06,0.0,0,27807,6759.434,33.4715,789.9817,7.5,A
15,hotel/user,51.31,19.35,1119.06,0.0,0,605,290.9922,1.2787,789.9817,0.0872,A
15,sn1/compose-post-service,1349.56,84.26,251.42,0.0,0,4990,1212.9887,14.103,789.9817,2.95,A
15,sn1/home-timeline-redis,284.59,2552.11,952.74,0.0,0,1076,290.9922,2.974,789.9817,0.645,A
15,sn1/home-timeline-service,1640.19,110.18,251.42,0.0,0,2855,694.0045,17.1401,789.9817,3.75,A
15,sn1/jaeger,12.25,5261.82,75.0,0.0,0,600,290.9922,1.2787,789.9817,0.0523,A
15,sn1/media-frontend,0.0,2027.57,648.43,0.0,0,0,290.9922,1.2787,1.3592,0.0,A
15,sn1/media-memcached,0.14,4.63,75.33,0.0,0,0,290.9922,1.2787,1.3592,0.0,A
15,sn1/media-mongodb,7.97,73.8,704.02,0.0664,8,210,290.9922,1.2787,1.3592,0.0174,A
15,sn1/media-service,73.32,4.77,251.42,0.0,0,797,290.9922,1.2787,789.9817,0.157,A
15,sn1/nginx-thrift,23948.8,42932.25,620.32,17.582,158,4046,983.5175,250.2669,789.9817,54.7,A
15,sn1/post-storage-memcached,1853.88,70.92,75.33,0.0,0,3772,916.9125,19.3732,789.9817,4.22,A
15,sn1/post-storage-mongodb,920.68,8188.8,4130.05,0.0,0,741,290.9922,9.6212,789.9817,2.11,A
15,sn1/post-storage-service,7725.01,93.72,251.42,0.0,0,7946,1931.5447,80.727,789.9817,17.5,A
15,sn1/social-graph-mongodb,9.91,728.05,757.02,0.0742,10,98,290.9922,1.2787,1.3592,0.0349,A
15,sn1/social-graph-redis,2.44,20.04,103.57,0.0,0,772,290.9922,1.2787,1.3592,0.0,A
15,sn1/social-graph-service,0.05,31.3,251.42,0.0,0,0,290.9922,1.2787,1.3592,0.0,A
15,sn1/text-service,1392.71,75.16,251.42,0.0,0,4532,1101.6562,14.5539,789.9817,2.93,A
15,sn1/unique-id-service,72.01,4.61,251.42,0.0,0,935,290.9922,1.2787,789.9817,0.174,A
15,sn1/url-shorten-memcached,0.13,4.63,75.33,0.0,0,0,290.9922,1.2787,1.3592,0.0,A
15,sn1/url-shorten-mongodb,340.89,107.63,702.87,0.0312,2,1040,290.9922,3.5623,789.9817,0.75,A
15,sn1/url-shorten-service,1262.69,78.98,251.42,0.0,0,4627,1124.7492,13.1952,789.9817,2.63,A
15,sn1/user-memcached,151.42,6.33,75.33,0.0,0,1948,473.5274,1.5824,789.9817,0.331,A
15,sn1/user-mention-service,227.31,6.73,251.42,0.0,0,855,290.9922,2.3754,789.9817,0.506,A
15,sn1/user-mongodb,8.62,97.12,704.78,0.0039,2,74,290.9922,1.2787,1.3592,0.0349,A
15,sn1/user-service,70.3,18.08,251.42,0.0,0,803,290.9922,1.2787,789.9817,0.157,A
15,sn1/user-timeline-mongodb,14.21,106.9,703.03,0.0,0,287,290.9922,1.2787,789.9817,0.0349,A
15,sn1/user-timeline-redis,151.24,95.95,136.86,0.0,0,781,290.9922,1.5805,789.9817,0.349,A
15,sn1/user-timeline-service,1532.63,519.66,251.42,0.0,0,3965,963.8277,16.0161,789.9817,3.42,A
16,hotel/consul,13.44,29.09,201.48,0.0,0,1454,368.0151,1.2787,782.1065,0.0355,A
16,hotel/frontend,9924.38,130.28,1119.14,0.0,0,948130,239976.7257,108.2301,782.1065,22.9,A
16,hotel/geo,1282.45,31.92,1119.06,0.0,0,2153,544.9357,13.9857,782.1065,2.7,A
16,hotel/jaeger,0.19,14.79,81.01,0.0,0,0,290.9922,1.2787,1.3592,0.0,A
16,hotel/memcached-profile,126.59,7.72,79.25,0.0,0,812,290.9922,1.3805,782.1065,0.266,A
16,hotel/memcached-rate,97.64,7.6,79.25,0.0,0,1031,290.9922,1.2787,782.1065,0.213,A
16,hotel/memcached-reserve,154.88,7.26,79.25,0.0,0,982,290.9922,1.689,782.1065,0.337,A
16,hotel/mongodb-geo,8.05,62.98,400.43,0.0469,4,92,290.9922,1.2787,1.3592,0.0177,A
16,hotel/mongodb-profile,8.02,65.04,400.43,0.0273,2,463,290.9922,1.2787,1.3592,0.0355,A
16,hotel/mongodb-rate,7.23,64.8,400.43,0.0,0,272,290.9922,1.2787,1.3592,0.0177,A
16,hotel/mongodb-recommendation,8.22,62.83,400.43,0.0273,2,87,290.9922,1.2787,1.3592,0.0177,A
16,hotel/mongodb-reservation,9.44,252.63,400.43,0.0781,26,121,290.9922,1.2787,1.3592,0.0355,A
16,hotel/mongodb-user,8.68,62.84,400.43,0.0273,2,1452,367.5089,1.2787,1.3592,0.0355,A
16,hotel/profile,3937.68,54.23,1119.06,0.0,0,85893,21739.9733,42.9423,782.1065,8.53,A
16,hotel/rate,1591.87,43.7,1119.14,0.0,0,3272,828.1605,17.3601,782.1065,3.53,A
16,hotel/recommendation,830.18,28.57,1119.06,0.0,0,1533,388.0104,9.0535,782.1065,1.72,A
16,hotel/reservation,3510.26,68.83,1119.06,0.0,0,199961,50611.1884,38.2811,782.1065,8.43,A
16,hotel/search,3098.12,38.93,1119.06,0.0,0,11880,3006.8909,33.7865,782.1065,7.34,A
16,hotel/user,47.35,19.7,1119.06,0.0,0,479,290.9922,1.2787,782.1065,0.0887,A
16,sn1/compose-post-service,1323.71,85.89,251.42,0.0,0,4689,1186.8107,14.4357,782.1065,3.03,A
16,sn1/home-timeline-redis,292.11,2552.36,952.74,0.0,0,839,290.9922,3.1856,782.1065,0.656,A
16,sn1/home-timeline-service,1637.69,109.61,251.42,0.0,0,2699,683.1312,17.8598,782.1065,3.76,A
16,sn1/jaeger,55.42,5261.83,75.0,0.0,0,594,290.9922,1.2787,782.1065,0.231,A
16,sn1/media-frontend,0.0,2027.57,648.43,0.0,0,0,290.9922,1.2787,1.3592,0.0,A
16,sn1/media-memcached,0.19,4.63,75.33,0.0,0,0,290.9922,1.2787,1.3592,0.0,A
16,sn1/media-mongodb,9.36,73.82,704.02,0.0078,4,137,290.9922,1.2787,1.3592,0.0355,A
16,sn1/media-service,73.47,4.77,251.42,0.0,0,695,290.9922,1.2787,782.1065,0.195,A
16,sn1/nginx-thrift,24131.52,42941.77,620.32,0.0,0,3985,1008.6246,263.1658,782.1065,55.7,A
16,sn1/post-storage-memcached,1865.28,70.39,75.33,0.0,0,3804,962.8126,20.3418,782.1065,4.33,A
16,sn1/post-storage-mongodb,949.92,8188.55,4130.05,0.0,0,602,290.9922,10.3593,782.1065,2.25,A
16,sn1/post-storage-service,7816.44,92.82,251.42,0.0,0,8118,2054.7088,85.242,782.1065,18.0,A
16,sn1/social-graph-mongodb,9.7,728.07,757.02,0.0078,4,110,290.9922,1.2787,1.3592,0.0355,A
16,sn1/social-graph-redis,2.08,20.04,103.57,0.0,0,296,290.9922,1.2787,1.3592,0.0,A
16,sn1/social-graph-service,0.0,31.3,251.42,0.0,0,0,290.9922,1.2787,1.3592,0.0,A
16,sn1/text-service,1409.37,60.25,251.42,0.0,0,4916,1244.2656,15.3699,782.1065,3.07,A
16,sn1/unique-id-service,73.06,4.61,251.42,0.0,0,602,290.9922,1.2787,782.1065,0.177,A
16,sn1/url-shorten-memcached,0.18,4.63,75.33,0.0,0,0,290.9922,1.2787,1.3592,0.0,A
16,sn1/url-shorten-mongodb,307.1,109.71,702.87,0.0,0,1015,290.9922,3.3491,782.1065,0.585,A
16,sn1/url-shorten-service,1195.55,83.09,251.42,0.0,0,3805,963.0657,13.038,782.1065,2.47,A
16,sn1/user-memcached,149.86,6.36,75.33,0.0,0,1940,491.0243,1.6343,782.1065,0.337,A
16,sn1/user-mention-service,235.88,6.83,251.42,0.0,0,1143,290.9922,2.5724,782.1065,0.55,A
16,sn1/user-mongodb,8.96,97.14,704.78,0.0078,4,109,290.9922,1.2787,1.3592,0.0177,A
16,sn1/user-service,70.65,18.08,251.42,0.0,0,786,290.9922,1.2787,782.1065,0.16,A
16,sn1/user-timeline-mongodb,14.95,106.91,703.03,0.0195,2,1433,362.6999,1.2787,782.1065,0.0355,A
16,sn1/user-timeline-redis,153.99,95.46,136.86,0.0,0,841,290.9922,1.6793,782.1065,0.373,A
16,sn1/user-timeline-service,1545.54,520.39,251.42,0.0,0,3881,982.3017,16.8549,782.1065,3.57,A
17,hotel/consul,12.87,29.09,201.48,0.0,0,1175,290.9922,1.2787,768.334,0.0185,A
17,hotel/frontend,10001.95,130.99,1119.14,0.0,0,803425,188887.7101,109.4241,768.334,24.3,A
17,hotel/geo,1205.56,26.76,1119.06,0.0,0,1916,450.4575,13.1892,768.334,2.94,A
17,hotel/jaeger,0.27,14.79,81.01,0.0,0,0,290.9922,1.2787,1.3592,0.0,A
17,hotel/memcached-profile,130.31,7.73,79.25,0.0,0,1052,290.9922,1.4256,768.334,0.278,A
17,hotel/memcached-rate,92.01,7.61,79.25,0.0,0,932,290.9922,1.2787,768.334,0.204,A
17,hotel/memcached-reserve,155.97,7.23,79.25,0.0,0,1114,290.9922,1.7064,768.334,0.389,A
17,hotel/mongodb-geo,6.92,62.98,400.43,0.0,0,78,290.9922,1.2787,1.3592,0.037,A
17,hotel/mongodb-profile,7.2,65.04,400.43,0.0,0,78,290.9922,1.2787,1.3592,0.0185,A
17,hotel/mongodb-rate,8.14,64.8,400.43,0.0703,10,134,290.9922,1.2787,1.3592,0.0185,A
17,hotel/mongodb-recommendation,6.85,62.83,400.43,0.0,0,111,290.9922,1.2787,1.3592,0.0185,A
17,hotel/mongodb-reservation,9.11,252.64,400.43,0.0508,26,130,290.9922,1.2787,1.3592,0.0185,A
17,hotel/mongodb-user,6.89,62.84,400.43,0.0,0,112,290.9922,1.2787,1.3592,0.0185,A
17,hotel/profile,3468.9,49.12,1119.06,0.0,0,73542,17289.9524,37.9507,768.334,8.75,A
17,hotel/rate,1568.7,44.09,1119.14,0.0,0,5434,1277.5503,17.162,768.334,3.16,A
17,hotel/recommendation,753.08,28.62,1119.06,0.0,0,1501,352.8898,8.2389,768.334,1.65,A
17,hotel/reservation,3528.83,72.64,1119.06,0.0,0,116353,27354.9513,38.6064,768.334,8.88,A
17,hotel/search,3005.92,45.09,1119.06,0.0,0,15759,3704.9898,32.8856,768.334,6.63,A
17,hotel/user,50.87,20.1,1119.06,0.0,0,743,290.9922,1.2787,768.334,0.148,A
17,sn1/compose-post-service,1337.47,84.59,251.42,0.0,0,4744,1115.3291,14.6323,768.334,3.11,A
17,sn1/home-timeline-redis,286.4,2552.11,952.74,0.0,0,1231,290.9922,3.1333,768.334,0.722,A
17,sn1/home-timeline-service,1620.29,109.39,251.42,0.0,0,2874,675.6863,17.7264,768.334,3.92,A
17,sn1/jaeger,15.14,5261.83,75.0,0.0,0,368,290.9922,1.2787,768.334,0.074,A
17,sn1/media-frontend,0.0,2027.57,648.43,0.0,0,0,290.9922,1.2787,1.3592,0.0,A
17,sn1/media-memcached,0.15,4.63,75.33,0.0,0,0,290.9922,1.2787,1.3592,0.0,A
17,sn1/media-mongodb,7.67,73.79,704.02,0.0,0,317,290.9922,1.2787,1.3592,0.037,A
17,sn1/media-service,71.1,4.77,251.42,0.0,0,913,290.9922,1.2787,768.334,0.167,A
17,sn1/nginx-thrift,23731.45,42955.79,620.32,0.0,0,4034,948.4059,259.6286,768.334,58.1,A
17,sn1/post-storage-memcached,1847.15,70.86,75.33,0.0,0,3926,923.0148,20.2083,768.334,4.52,A
17,sn1/post-storage-mongodb,919.01,8188.7,4130.05,0.0,0,729,290.9922,10.0542,768.334,2.26,A
17,sn1/post-storage-service,7714.54,94.95,251.42,0.0,0,7770,1826.7511,84.3992,768.334,18.7,A
17,sn1/social-graph-mongodb,7.81,728.07,757.02,0.0,0,87,290.9922,1.2787,1.3592,0.0185,A
17,sn1/social-graph-redis,2.28,20.04,103.57,0.0,0,106,290.9922,1.2787,1.3592,0.0,A
17,sn1/social-graph-service,0.04,31.3,251.42,0.0,0,0,290.9922,1.2787,1.3592,0.0,A
17,sn1/text-service,1367.27,67.04,251.42,0.0,0,4775,1122.6173,14.9583,768.334,3.22,A
17,sn1/unique-id-service,70.34,4.61,251.42,0.0,0,762,290.9922,1.2787,768.334,0.167,A
17,sn1/url-shorten-memcached,0.21,4.63,75.33,0.0,0,0,290.9922,1.2787,1.3592,0.0,A
17,sn1/url-shorten-mongodb,323.36,107.27,702.87,0.082,8,860,290.9922,3.5376,768.334,0.703,A
17,sn1/url-shorten-service,1291.45,69.34,251.42,0.0,0,4352,1023.1687,14.1288,768.334,2.92,A
17,sn1/user-memcached,145.53,6.32,75.33,0.0,0,1806,424.5962,1.5921,768.334,0.333,A
17,sn1/user-mention-service,225.55,6.8,251.42,0.0,0,1042,290.9922,2.4676,768.334,0.574,A
17,sn1/user-mongodb,7.74,97.14,704.78,0.0,0,134,290.9922,1.2787,1.3592,0.037,A
17,sn1/user-service,68.85,18.08,251.42,0.0,0,651,290.9922,1.2787,768.334,0.167,A
17,sn1/user-timeline-mongodb,13.75,106.91,703.03,0.0,0,369,290.9922,1.2787,768.334,0.0555,A
17,sn1/user-timeline-redis,162.12,95.96,136.86,0.0,0,802,290.9922,1.7736,768.334,0.407,A
17,sn1/user-timeline-service,1488.82,519.63,251.42,0.0,0,3831,900.68,16.2881,768.334,3.61,A
18,hotel/consul,12.71,29.09,201.48,0.0,0,1195,304.3968,1.2787,779.206,0.0262,A
18,hotel/frontend,9953.82,127.76,1119.14,0.0,0,894613,227880.6157,143.6335,779.206,23.5,A
18,hotel/geo,1262.03,31.21,1119.06,0.0,0,2336,595.0384,18.2111,779.206,3.07,A
18,hotel/jaeger,0.17,14.79,81.01,0.0,0,0,290.9922,1.2787,1.3592,0.0,A
18,hotel/memcached-profile,129.73,7.72,79.25,0.0,0,895,290.9922,1.872,779.206,0.328,A
18,hotel/memcached-rate,103.96,7.61,79.25,0.0,0,895,290.9922,1.5001,779.206,0.262,A
18,hotel/memcached-reserve,161.94,7.19,79.25,0.0,0,944,290.9922,2.3368,779.206,0.406,A
18,hotel/mongodb-geo,7.55,63.0,400.43,0.0273,2,122,290.9922,1.2787,1.3592,0.0262,A
18,hotel/mongodb-profile,7.49,65.04,400.43,0.0273,2,67,290.9922,1.2787,1.3592,0.0131,A
18,hotel/mongodb-rate,6.67,64.8,400.43,0.0,0,62,290.9922,1.2787,1.3592,0.0131,A
18,hotel/mongodb-recommendation,7.34,62.83,400.43,0.0273,2,91,290.9922,1.2787,1.3592,0.0262,A
18,hotel/mongodb-reservation,9.09,252.66,400.43,0.0664,20,128,290.9922,1.2787,1.3592,0.0131,A
18,hotel/mongodb-user,7.75,62.84,400.43,0.0273,2,75,290.9922,1.2787,1.3592,0.0262,A
18,hotel/profile,3506.96,50.74,1119.06,0.0,0,82278,20958.2929,50.6054,779.206,8.68,A
18,hotel/rate,1703.79,41.42,1119.14,0.0,0,2676,681.6451,24.5857,779.206,3.61,A
18,hotel/recommendation,875.08,27.91,1119.06,0.0,0,1645,419.0232,12.6274,779.206,2.11,A
18,hotel/reservation,3746.18,72.03,1119.06,0.0,0,230486,58710.6286,54.0573,779.206,9.31,A
18,hotel/search,3324.55,42.0,1119.06,0.0,0,27642,7041.1183,47.9732,779.206,8.25,A
18,hotel/user,49.65,20.36,1119.06,0.0,0,372,290.9922,1.2787,779.206,0.105,A
18,sn1/compose-post-service,1321.25,86.83,251.42,0.0,0,4587,1168.4252,19.0656,779.206,3.06,A
18,sn1/home-timeline-redis,285.25,2552.66,952.74,0.0,0,895,290.9922,4.1162,779.206,0.695,A
18,sn1/home-timeline-service,1566.91,111.72,251.42,0.0,0,2774,706.6081,22.6105,779.206,3.7,A
18,sn1/jaeger,57.71,5261.83,75.0,0.0,0,519,290.9922,1.2787,779.206,0.354,A
18,sn1/media-frontend,0.0,2027.57,648.43,0.0,0,0,290.9922,1.2787,1.3592,0.0,A
18,sn1/media-memcached,0.18,4.63,75.33,0.0,0,0,290.9922,1.2787,1.3592,0.0,A
18,sn1/media-mongodb,8.44,73.79,704.02,0.0195,2,124,290.9922,1.2787,1.3592,0.0262,A
18,sn1/media-service,72.29,4.8,251.42,0.0,0,621,290.9922,1.2787,779.206,0.17,A
18,sn1/nginx-thrift,23499.15,42957.51,620.32,0.0,0,3908,995.4667,339.0925,779.206,55.7,A
18,sn1/post-storage-memcached,1809.73,70.69,75.33,0.0,0,3674,935.861,26.1144,779.206,4.3,A
18,sn1/post-storage-mongodb,909.99,8188.23,4130.05,0.0234,2,612,290.9922,13.1311,779.206,2.2,A
18,sn1/post-storage-service,7537.28,94.32,251.42,0.0,0,7529,1917.8272,108.7629,779.206,17.9,A
18,sn1/social-graph-mongodb,8.44,728.07,757.02,0.0195,2,76,290.9922,1.2787,1.3592,0.0131,A
18,sn1/social-graph-redis,2.24,20.04,103.57,0.0,0,240,290.9922,1.2787,1.3592,0.0,A
18,sn1/social-graph-service,0.0,31.3,251.42,0.0,0,0,290.9922,1.2787,1.3592,0.0,A
18,sn1/text-service,1376.7,86.93,251.42,0.0,0,4321,1100.6683,19.8658,779.206,3.24,A
18,sn1/unique-id-service,73.47,4.64,251.42,0.0,0,661,290.9922,1.2787,779.206,0.17,A
18,sn1/url-shorten-memcached,0.13,4.63,75.33,0.0,0,0,290.9922,1.2787,1.3592,0.0,A
18,sn1/url-shorten-mongodb,302.7,107.87,702.87,0.0,0,753,290.9922,4.368,779.206,0.669,A
18,sn1/url-shorten-service,1190.97,76.59,251.42,0.0,0,3773,961.0788,17.1857,779.206,2.73,A
18,sn1/user-memcached,147.2,6.37,75.33,0.0,0,1814,462.0718,2.1241,779.206,0.354,A
18,sn1/user-mention-service,231.27,6.95,251.42,0.0,0,961,290.9922,3.3372,779.206,0.577,A
18,sn1/user-mongodb,8.45,97.14,704.78,0.0195,2,116,290.9922,1.2787,1.3592,0.0131,A
18,sn1/user-service,70.67,18.08,251.42,0.0,0,798,290.9922,1.2787,779.206,0.17,A
18,sn1/user-timeline-mongodb,14.43,106.91,703.03,0.0234,4,423,290.9922,1.2787,779.206,0.0262,A
18,sn1/user-timeline-redis,161.71,95.48,136.86,0.0,0,697,290.9922,2.3335,779.206,0.38,A
18,sn1/user-timeline-service,1443.46,521.71,251.42,0.0,0,3840,978.1454,20.8291,779.206,3.37,A
19,hotel/consul,13.09,29.09,201.48,0.0,0,3211,740.075,1.2787,751.847,0.0372,A
19,hotel/frontend,9956.31,127.02,1119.14,0.0,0,783941,180683.6295,106.5912,751.847,24.2,A
19,hotel/geo,1231.44,32.63,1119.06,0.0,0,2073,477.7874,13.1837,751.847,2.84,A
19,hotel/jaeger,0.23,14.79,81.01,0.0,0,0,290.9922,1.2787,1.3592,0.0,A
19,hotel/memcached-profile,140.21,7.71,79.25,0.0,0,1744,401.9591,1.5011,751.847,0.316,A
19,hotel/memcached-rate,107.17,7.61,79.25,0.0,0,1421,327.5137,1.2787,751.847,0.242,A
19,hotel/memcached-reserve,168.15,7.18,79.25,0.0,0,1009,290.9922,1.8002,751.847,0.39,A
19,hotel/mongodb-geo,7.53,63.0,400.43,0.0508,12,86,290.9922,1.2787,1.3592,0.0186,A
19,hotel/mongodb-profile,7.73,65.04,400.43,0.0469,8,60,290.9922,1.2787,1.3592,0.0558,A
19,hotel/mongodb-rate,7.7,64.8,400.43,0.0312,4,223,290.9922,1.2787,1.3592,0.0186,A
19,hotel/mongodb-recommendation,7.48,62.83,400.43,0.0508,12,141,290.9922,1.2787,1.3592,0.0186,A
19,hotel/mongodb-reservation,11.37,252.72,400.43,0.6484,92,143,290.9922,1.2787,751.847,0.0744,A
19,hotel/mongodb-user,7.38,62.84,400.43,0.0469,10,153,290.9922,1.2787,1.3592,0.0186,A
19,hotel/profile,3656.49,51.32,1119.06,0.0,0,71239,16419.2472,39.146,751.847,8.48,A
19,hotel/rate,1674.85,41.86,1119.14,0.0,0,2778,640.2767,17.9308,751.847,4.7,A
19,hotel/recommendation,788.79,29.66,1119.06,0.0,0,1687,388.8217,8.4447,751.847,1.71,A
19,hotel/reservation,3775.24,69.2,1119.06,0.0,0,137103,31599.6582,40.4173,751.847,9.09,A
19,hotel/search,3289.66,38.34,1119.06,0.0,0,19459,4484.9329,35.2187,751.847,7.45,A
19,hotel/user,47.46,20.6,1119.06,0.0,0,739,290.9922,1.2787,751.847,0.13,A
19,sn1/compose-post-service,1363.02,86.67,251.42,0.0,0,5018,1156.5545,14.5923,751.847,2.99,A
19,sn1/home-timeline-redis,309.14,2553.23,952.74,0.0,0,1148,290.9922,3.3096,751.847,0.725,A
19,sn1/home-timeline-service,1549.52,111.23,251.42,0.0,0,3062,705.7333,16.589,751.847,3.75,A
19,sn1/jaeger,16.03,5262.08,75.0,0.0,0,257,290.9922,1.2787,751.847,0.0929,A
19,sn1/media-frontend,0.0,2027.57,648.43,0.0,0,0,290.9922,1.2787,1.3592,0.0,A
19,sn1/media-memcached,0.23,4.63,75.33,0.0,0,0,290.9922,1.2787,1.3592,0.0,A
19,sn1/media-mongodb,7.67,73.79,704.02,0.0,0,233,290.9922,1.2787,1.3592,0.0186,A
19,sn1/media-service,73.79,4.8,251.42,0.0,0,735,290.9922,1.2787,751.847,0.186,A
19,sn1/nginx-thrift,23706.18,42974.5,620.32,0.0,0,4453,1026.3326,253.7958,751.847,57.0,A
19,sn1/post-storage-memcached,1833.88,70.3,75.33,0.0,0,4136,953.2701,19.6333,751.847,4.39,A
19,sn1/post-storage-mongodb,913.46,8188.89,4130.05,0.0039,2,740,290.9922,9.7794,751.847,2.16,A
19,sn1/post-storage-service,7602.74,95.57,251.42,0.0,0,7954,1833.2471,81.3941,751.847,18.2,A
19,sn1/social-graph-mongodb,7.86,728.07,757.02,0.0,0,79,290.9922,1.2787,1.3592,0.0186,A
19,sn1/social-graph-redis,2.09,20.04,103.57,0.0,0,250,290.9922,1.2787,1.3592,0.0,A
19,sn1/social-graph-service,0.04,31.3,251.42,0.0,0,0,290.9922,1.2787,1.3592,0.0,A
19,sn1/text-service,1431.49,86.43,251.42,0.0,0,5099,1175.2234,15.3254,751.847,3.16,A
19,sn1/unique-id-service,75.53,4.64,251.42,0.0,0,851,290.9922,1.2787,751.847,0.167,A
19,sn1/url-shorten-memcached,0.15,4.63,75.33,0.0,0,0,290.9922,1.2787,1.3592,0.0,A
19,sn1/url-shorten-mongodb,353.96,107.31,702.87,0.0352,2,1121,290.9922,3.7895,751.847,0.613,A
19,sn1/url-shorten-service,1318.21,76.24,251.42,0.0,0,4373,1007.8941,14.1126,751.847,2.58,A
19,sn1/user-memcached,149.38,6.63,75.33,0.0,0,2207,508.6719,1.5992,751.847,0.353,A
19,sn1/user-mention-service,240.2,6.93,251.42,0.0,0,921,290.9922,2.5716,751.847,0.576,A
19,sn1/user-mongodb,7.74,97.14,704.78,0.0,0,98,290.9922,1.2787,1.3592,0.0372,A
19,sn1/user-service,71.36,18.08,251.42,0.0,0,692,290.9922,1.2787,751.847,0.186,A
19,sn1/user-timeline-mongodb,13.86,106.91,703.03,0.0,0,2276,524.5751,1.2787,751.847,0.0372,A
19,sn1/user-timeline-redis,164.42,95.51,136.86,0.0,0,955,290.9922,1.7603,751.847,0.39,A
19,sn1/user-timeline-service,1464.99,518.91,251.42,0.0,0,4202,968.4818,15.684,751.847,3.38,A
20,hotel/consul,13.25,29.09,201.48,0.0,0,1415,354.615,1.2787,771.7172,0.0378,A
20,hotel/frontend,9971.1,119.3,1119.14,0.0,0,809221,202799.9052,119.0501,771.7172,24.5,A
20,hotel/geo,1238.08,31.53,1119.06,0.0,0,1999,500.9719,14.7821,771.7172,3.02,A
20,hotel/jaeger,0.2,14.79,81.01,0.0,0,0,290.9922,1.2787,1.3592,0.0,A
20,hotel/memcached-profile,129.85,7.68,79.25,0.0,0,742,290.9922,1.5503,771.7172,0.302,A
20,hotel/memcached-rate,98.71,7.6,79.25,0.0,0,768,290.9922,1.2787,771.7172,0.246,A
20,hotel/memcached-reserve,161.17,7.23,79.25,0.0,0,1238,310.2568,1.9243,771.7172,0.359,A
20,hotel/mongodb-geo,7.61,63.01,400.43,0.0312,2,44,290.9922,1.2787,1.3592,0.0189,A
20,hotel/mongodb-profile,7.61,65.04,400.43,0.0352,4,84,290.9922,1.2787,1.3592,0.0189,A
20,hotel/mongodb-rate,6.77,64.8,400.43,0.0,0,55,290.9922,1.2787,1.3592,0.0378,A
20,hotel/mongodb-recommendation,7.61,62.84,400.43,0.0352,4,91,290.9922,1.2787,1.3592,0.0189,A
20,hotel/mongodb-reservation,8.5,252.72,400.43,0.0547,14,73,290.9922,1.2787,1.3592,0.0189,A
20,hotel/mongodb-user,7.6,62.85,400.43,0.0352,4,56,290.9922,1.2787,1.3592,0.0189,A
20,hotel/profile,3455.3,51.02,1119.06,0.0,0,96804,24260.1737,41.2546,771.7172,8.5,A
20,hotel/rate,1698.8,40.07,1119.14,0.0,0,2605,652.8424,20.2829,771.7172,3.95,A
20,hotel/recommendation,785.25,27.93,1119.06,0.0,0,1533,384.1871,9.3755,771.7172,2.0,A
20,hotel/reservation,3430.77,63.93,1119.06,0.0,0,136512,34211.4461,40.9617,771.7172,9.18,A
20,hotel/search,2988.06,38.52,1119.06,0.0,0,17973,4504.2364,35.676,771.7172,7.65,A
20,hotel/user,48.74,20.31,1119.06,0.0,0,550,290.9922,1.2787,771.7172,0.0945,A
20,sn1/compose-post-service,1304.37,84.92,251.42,0.0,0,4746,1189.4011,15.5735,771.7172,2.93,A
20,sn1/home-timeline-redis,306.96,2552.39,952.74,0.0,0,1025,290.9922,3.665,771.7172,0.737,A
20,sn1/home-timeline-service,1527.11,112.24,251.42,0.0,0,2948,738.802,18.233,771.7172,3.74,A
20,sn1/jaeger,57.26,5261.84,75.0,0.0,0,421,290.9922,1.2787,771.7172,0.208,A
20,sn1/media-frontend,0.0,2027.57,648.43,0.0,0,0,290.9922,1.2787,1.3592,0.0,A
20,sn1/media-memcached,0.18,4.63,75.33,0.0,0,0,290.9922,1.2787,1.3592,0.0,A
20,sn1/media-mongodb,8.62,73.79,704.02,0.1484,24,65,290.9922,1.2787,1.3592,0.0378,A
20,sn1/media-service,71.98,4.8,251.42,0.0,0,784,290.9922,1.2787,771.7172,0.189,A
20,sn1/nginx-thrift,23517.07,42984.15,620.32,0.0,0,4247,1064.3461,280.7824,771.7172,57.7,A
20,sn1/post-storage-memcached,1803.31,71.14,75.33,0.0,0,3777,946.5588,21.5306,771.7172,4.46,A
20,sn1/post-storage-mongodb,903.18,8188.64,4130.05,0.0859,12,658,290.9922,10.7835,771.7172,2.23,A
20,sn1/post-storage-service,7518.07,94.15,251.42,0.0,0,7634,1913.1665,89.7621,771.7172,18.4,A
20,sn1/social-graph-mongodb,8.72,728.08,757.02,0.0586,6,85,290.9922,1.2787,1.3592,0.0189,A
20,sn1/social-graph-redis,2.06,20.04,103.57,0.0,0,293,290.9922,1.2787,1.3592,0.0,A
20,sn1/social-graph-service,0.0,31.3,251.42,0.0,0,0,290.9922,1.2787,1.3592,0.0,A
20,sn1/text-service,1357.82,83.25,251.42,0.0,0,4866,1219.4745,16.2117,771.7172,3.0,A
20,sn1/unique-id-service,72.73,4.64,251.42,0.0,0,675,290.9922,1.2787,771.7172,0.17,A
20,sn1/url-shorten-memcached,0.16,4.63,75.33,0.0,0,0,290.9922,1.2787,1.3592,0.0,A
20,sn1/url-shorten-mongodb,338.44,106.13,702.87,0.0,0,1164,291.7115,4.0408,771.7172,0.623,A
20,sn1/url-shorten-service,1280.65,73.98,251.42,0.0,0,4758,1192.4084,15.2903,771.7172,2.57,A
20,sn1/user-memcached,148.02,6.6,75.33,0.0,0,1581,396.2164,1.7673,771.7172,0.378,A
20,sn1/user-mention-service,230.77,7.18,251.42,0.0,0,1161,290.9922,2.7553,771.7172,0.548,A
20,sn1/user-mongodb,8.54,97.14,704.78,0.0703,8,89,290.9922,1.2787,1.3592,0.0,A
20,sn1/user-service,69.56,18.08,251.42,0.0,0,776,290.9922,1.2787,771.7172,0.17,A
20,sn1/user-timeline-mongodb,14.38,106.91,703.03,0.0195,2,446,290.9922,1.2787,771.7172,0.0378,A
20,sn1/user-timeline-redis,161.18,95.73,136.86,0.0,0,687,290.9922,1.9244,771.7172,0.397,A
20,sn1/user-timeline-service,1445.07,521.2,251.42,0.0,0,4114,1031.0148,17.2534,771.7172,3.49,A
21,hotel/consul,12.91,29.09,201.48,0.0,0,837,290.9922,1.2787,776.0664,0.0554,A
21,hotel/frontend,10019.03,137.04,1119.14,0.0,0,930232,226176.1711,92.0694,776.0664,23.9,A
21,hotel/geo,1130.42,30.0,1119.06,0.0,0,2145,521.5343,10.3879,776.0664,2.77,A
21,hotel/jaeger,0.19,14.79,81.01,0.0,0,0,290.9922,1.2787,1.3592,0.0,A
21,hotel/memcached-profile,132.95,7.7,79.25,0.0,0,1026,290.9922,1.2787,776.0664,0.332,A
21,hotel/memcached-rate,96.58,7.61,79.25,0.0,0,1076,290.9922,1.2787,776.0664,0.259,A
21,hotel/memcached-reserve,160.24,7.24,79.25,0.0,0,838,290.9922,1.4725,776.0664,0.388,A
21,hotel/mongodb-geo,6.88,63.01,400.43,0.0,0,45,290.9922,1.2787,1.3592,0.0369,A
21,hotel/mongodb-profile,6.98,65.04,400.43,0.0,0,67,290.9922,1.2787,1.3592,0.0185,A
21,hotel/mongodb-rate,7.59,64.8,400.43,0.0234,2,62,290.9922,1.2787,1.3592,0.0369,A
21,hotel/mongodb-recommendation,6.85,62.84,400.43,0.0,0,96,290.9922,1.2787,1.3592,0.0185,A
21,hotel/mongodb-reservation,9.28,252.73,400.43,0.0586,30,143,290.9922,1.2787,1.3592,0.0185,A
21,hotel/mongodb-user,7.08,62.85,400.43,0.0,0,50,290.9922,1.2787,1.3592,0.0369,A
21,hotel/profile,3649.4,50.95,1119.06,0.0,0,124299,30222.0004,33.536,776.0664,8.96,A
21,hotel/rate,1603.24,39.52,1119.14,0.0,0,2638,641.4021,14.7329,776.0664,4.93,A
21,hotel/recommendation,788.71,29.35,1119.06,0.0,0,1640,398.7488,7.2478,776.0664,1.94,A
21,hotel/reservation,3840.17,73.14,1119.06,0.0,0,220163,53530.3283,35.2891,776.0664,10.0,A
21,hotel/search,3213.6,41.22,1119.06,0.0,0,28551,6941.8767,29.5312,776.0664,8.53,A
21,hotel/user,43.58,20.32,1119.06,0.0,0,672,290.9922,1.2787,776.0664,0.111,A
21,sn1/compose-post-service,1316.23,85.25,251.42,0.0,0,4790,1164.6383,12.0954,776.0664,2.77,A
21,sn1/home-timeline-redis,310.46,2552.41,952.74,0.0,0,1011,290.9922,2.853,776.0664,0.72,A
21,sn1/home-timeline-service,1530.69,112.06,251.42,0.0,0,2965,720.9087,14.0662,776.0664,3.58,A
21,sn1/jaeger,13.13,5261.84,75.0,0.0,0,252,290.9922,1.2787,776.0664,0.0739,A
21,sn1/media-frontend,0.0,2027.57,648.43,0.0,0,0,290.9922,1.2787,1.3592,0.0,A
21,sn1/media-memcached,0.21,4.63,75.33,0.0,0,0,290.9922,1.2787,1.3592,0.0,A
21,sn1/media-mongodb,7.68,73.79,704.02,0.0,0,74,290.9922,1.2787,1.3592,0.0185,A
21,sn1/media-service,72.66,4.8,251.42,0.0,0,795,290.9922,1.2787,776.0664,0.166,A
21,sn1/nginx-thrift,23643.3,42989.11,620.32,105.1914,906,4132,1004.6525,217.269,776.0664,56.0,A
21,sn1/post-storage-memcached,1833.67,70.62,75.33,0.0,0,3871,941.1931,16.8504,776.0664,4.32,A
21,sn1/post-storage-mongodb,921.46,8188.44,4130.05,0.0,0,710,290.9922,8.4677,776.0664,2.14,A
21,sn1/post-storage-service,7648.54,96.84,251.42,0.0,0,8029,1952.1673,70.2859,776.0664,17.9,A
21,sn1/social-graph-mongodb,8.02,728.08,757.02,1.5859,44,44,290.9922,1.2787,1.3592,0.0369,A
21,sn1/social-graph-redis,2.26,20.04,103.57,0.0,0,192,290.9922,1.2787,1.3592,0.0,A
21,sn1/social-graph-service,0.05,31.3,251.42,0.0,0,0,290.9922,1.2787,1.3592,0.0,A
21,sn1/text-service,1358.46,81.31,251.42,0.0,0,4535,1102.6378,12.4835,776.0664,2.84,A
21,sn1/unique-id-service,74.57,4.67,251.42,0.0,0,745,290.9922,1.2787,776.0664,0.166,A
21,sn1/url-shorten-memcached,0.15,4.63,75.33,0.0,0,0,290.9922,1.2787,1.3592,0.0,A
21,sn1/url-shorten-mongodb,328.81,107.01,702.87,0.0352,2,1146,290.9922,3.0216,776.0664,0.554,A
21,sn1/url-shorten-service,1250.06,75.6,251.42,0.0,0,4793,1165.3678,11.4874,776.0664,2.47,A
21,sn1/user-memcached,147.7,6.34,75.33,0.0,0,2049,498.1929,1.3573,776.0664,0.332,A
21,sn1/user-mention-service,232.32,6.94,251.42,0.0,0,873,290.9922,2.1349,776.0664,0.554,A
21,sn1/user-mongodb,7.63,97.14,704.78,0.4844,40,85,290.9922,1.2787,1.3592,0.0369,A
21,sn1/user-service,70.26,18.08,251.42,0.0,0,757,290.9922,1.2787,776.0664,0.166,A
21,sn1/user-timeline-mongodb,14.29,106.91,703.03,0.0,0,190,290.9922,1.2787,776.0664,0.0369,A
21,sn1/user-timeline-redis,160.27,95.73,136.86,0.0,0,742,290.9922,1.4728,776.0664,0.406,A
21,sn1/user-timeline-service,1471.49,521.35,251.42,0.0,0,4198,1020.6997,13.5222,776.0664,3.32,A
22,hotel/consul,13.3,29.09,201.48,0.0,0,723,290.9922,1.2787,765.1653,0.0402,A
22,hotel/frontend,9946.37,122.25,1119.14,0.0,0,984224,251526.6163,103.112,765.1653,26.1,A
22,hotel/geo,1210.95,29.96,1119.06,0.0,0,2056,525.4279,12.5537,765.1653,2.61,A
22,hotel/jaeger,0.19,14.79,81.01,0.0,0,0,290.9922,1.2787,1.3592,0.0,A
22,hotel/memcached-profile,130.69,7.71,79.25,0.0,0,861,290.9922,1.3548,765.1653,0.301,A
22,hotel/memcached-rate,96.52,7.57,79.25,0.0,0,885,290.9922,1.2787,765.1653,0.221,A
22,hotel/memcached-reserve,148.23,7.16,79.25,0.0,0,803,290.9922,1.5367,765.1653,0.341,A
22,hotel/mongodb-geo,7.62,63.01,400.43,0.0312,2,55,290.9922,1.2787,1.3592,0.0201,A
22,hotel/mongodb-profile,7.4,65.04,400.43,0.0312,2,63,290.9922,1.2787,1.3592,0.0201,A
22,hotel/mongodb-rate,7.01,64.8,400.43,0.0,0,58,290.9922,1.2787,1.3592,0.0402,A
22,hotel/mongodb-recommendation,7.61,62.84,400.43,0.0312,2,61,290.9922,1.2787,1.3592,0.0201,A
22,hotel/mongodb-reservation,9.97,252.73,400.43,0.0859,30,79,290.9922,1.2787,1.3592,0.0201,A
22,hotel/mongodb-user,7.8,62.85,400.43,0.0312,2,74,290.9922,1.2787,1.3592,0.0201,A
22,hotel/profile,3582.26,45.88,1119.06,0.0,0,84312,21546.6317,37.1366,765.1653,7.61,A
22,hotel/rate,1636.95,41.99,1119.14,0.0,0,2906,742.6524,16.9699,765.1653,3.53,A
22,hotel/recommendation,797.4,27.25,1119.06,0.0,0,1422,363.4039,8.2665,765.1653,1.89,A
22,hotel/reservation,3579.08,72.59,1119.06,0.0,0,201723,51551.9878,37.1036,765.1653,8.23,A
22,hotel/search,3041.61,37.96,1119.06,0.0,0,19814,5063.6322,31.5318,765.1653,6.24,A
22,hotel/user,46.02,20.48,1119.06,0.0,0,385,290.9922,1.2787,765.1653,0.141,A
22,sn1/compose-post-service,1285.79,85.21,251.42,0.0,0,4583,1171.2237,13.3295,765.1653,3.15,A
22,sn1/home-timeline-redis,309.6,2553.41,952.74,0.0,0,1150,293.892,3.2096,765.1653,0.803,A
22,sn1/home-timeline-service,1519.75,108.8,251.42,0.0,0,2899,740.8635,15.7549,765.1653,4.02,A
22,sn1/jaeger,54.42,5261.84,75.0,0.0,0,568,290.9922,1.2787,765.1653,0.221,A
22,sn1/media-frontend,0.0,2027.57,648.43,0.0,0,0,290.9922,1.2787,1.3592,0.0,A
22,sn1/media-memcached,0.15,4.63,75.33,0.0,0,0,290.9922,1.2787,1.3592,0.0,A
22,sn1/media-mongodb,8.87,73.72,704.02,0.0195,2,84,290.9922,1.2787,1.3592,0.0402,A
22,sn1/media-service,70.91,4.86,251.42,0.0,0,553,290.9922,1.2787,765.1653,0.201,A
22,sn1/nginx-thrift,23543.55,43001.63,620.32,0.0,0,4117,1052.1335,244.0712,765.1653,61.4,A
22,sn1/post-storage-memcached,1796.09,70.58,75.33,0.0,0,4059,1037.3112,18.6197,765.1653,4.74,A
22,sn1/post-storage-mongodb,904.99,8188.43,4130.05,0.0273,2,720,290.9922,9.3818,765.1653,2.41,A
22,sn1/post-storage-service,7522.24,96.25,251.42,0.0,0,7606,1943.7765,77.9815,765.1653,19.8,A
22,sn1/social-graph-mongodb,9.12,728.08,757.02,0.0234,2,72,290.9922,1.2787,1.3592,0.0201,A
22,sn1/social-graph-redis,1.97,20.04,103.57,0.0,0,281,290.9922,1.2787,1.3592,0.0,A
22,sn1/social-graph-service,0.0,31.3,251.42,0.0,0,0,290.9922,1.2787,1.3592,0.0,A
22,sn1/text-service,1332.27,82.64,251.42,0.0,0,4426,1131.1011,13.8114,765.1653,3.23,A
22,sn1/unique-id-service,71.75,4.67,251.42,0.0,0,571,290.9922,1.2787,765.1653,0.201,A
22,sn1/url-shorten-memcached,0.13,4.63,75.33,0.0,0,0,290.9922,1.2787,1.3592,0.0,A
22,sn1/url-shorten-mongodb,320.47,106.33,702.87,0.0,0,1043,290.9922,3.3222,765.1653,0.683,A
22,sn1/url-shorten-service,1215.95,74.91,251.42,0.0,0,4961,1267.8247,12.6055,765.1653,2.79,A
22,sn1/user-memcached,144.19,6.58,75.33,0.0,0,1600,408.8933,1.4948,765.1653,0.382,A
22,sn1/user-mention-service,228.64,7.2,251.42,0.0,0,1028,290.9922,2.3703,765.1653,0.622,A
22,sn1/user-mongodb,8.58,97.15,704.78,0.0195,2,95,290.9922,1.2787,1.3592,0.0201,A
22,sn1/user-service,67.83,18.08,251.42,0.0,0,960,290.9922,1.2787,765.1653,0.181,A
22,sn1/user-timeline-mongodb,14.43,106.91,703.03,0.0195,2,150,290.9922,1.2787,765.1653,0.0402,A
22,sn1/user-timeline-redis,147.81,95.72,136.86,0.0,0,834,290.9922,1.5323,765.1653,0.382,A
22,sn1/user-timeline-service,1491.68,520.88,251.42,0.0,0,3893,994.8885,15.4639,765.1653,3.86,A
23,hotel/consul,12.72,29.09,201.48,0.0,0,809,290.9922,1.2787,767.2757,0.0191,A
23,hotel/frontend,9967.66,131.84,1119.14,0.0,0,908842,216901.1737,115.4599,767.2757,25.6,A
23,hotel/geo,1323.75,30.2,1119.06,0.0,0,2296,547.9556,15.3336,767.2757,3.29,A
23,hotel/jaeger,0.19,14.79,81.01,0.0,0,0,290.9922,1.2787,1.3592,0.0,A
23,hotel/memcached-profile,140.68,7.73,79.25,0.0,0,857,290.9922,1.6296,767.2757,0.344,A
23,hotel/memcached-rate,105.85,7.6,79.25,0.0,0,1198,290.9922,1.2787,767.2757,0.229,A
23,hotel/memcached-reserve,166.84,7.15,79.25,0.0,0,1183,290.9922,1.9326,767.2757,0.44,A
23,hotel/mongodb-geo,6.96,63.01,400.43,0.0,0,36,290.9922,1.2787,1.3592,0.0191,A
23,hotel/mongodb-profile,6.62,65.04,400.43,0.0,0,82,290.9922,1.2787,1.3592,0.0191,A
23,hotel/mongodb-rate,7.38,64.8,400.43,0.0234,2,91,290.9922,1.2787,1.3592,0.0191,A
23,hotel/mongodb-recommendation,6.83,62.84,400.43,0.0,0,154,290.9922,1.2787,1.3592,0.0382,A
23,hotel/mongodb-reservation,8.22,252.73,400.43,0.0391,20,94,290.9922,1.2787,1.3592,0.0191,A
23,hotel/mongodb-user,6.88,62.85,400.43,0.0,0,178,290.9922,1.2787,1.3592,0.0191,A
23,hotel/profile,3829.72,48.48,1119.06,0.0,0,55082,13145.6848,44.3614,767.2757,9.27,A
23,hotel/rate,1842.74,42.87,1119.14,0.0,0,3070,732.6759,21.3453,767.2757,5.29,A
23,hotel/recommendation,843.85,27.82,1119.06,0.0,0,1909,455.5955,9.7747,767.2757,2.04,A
23,hotel/reservation,3960.29,72.31,1119.06,0.0,0,233103,55631.5776,45.8738,767.2757,9.96,A
23,hotel/search,3263.82,38.55,1119.06,0.0,0,41841,9985.6323,37.8063,767.2757,8.39,A
23,hotel/user,44.88,20.45,1119.06,0.0,0,419,290.9922,1.2787,767.2757,0.0956,A
23,sn1/compose-post-service,1331.97,86.11,251.42,0.0,0,4871,1162.4965,15.4288,767.2757,3.08,A
23,sn1/home-timeline-redis,307.05,2552.44,952.74,0.0,0,1118,290.9922,3.5567,767.2757,0.745,A
23,sn1/home-timeline-service,1524.16,108.22,251.42,0.0,0,2730,651.5326,17.655,767.2757,3.76,A
23,sn1/jaeger,948.93,5261.86,75.0,0.0,0,561,290.9922,10.9919,767.2757,0.0764,A
23,sn1/media-frontend,0.0,2027.57,648.43,0.0,0,0,290.9922,1.2787,1.3592,0.0,A
23,sn1/media-memcached,0.14,4.63,75.33,0.0,0,0,290.9922,1.2787,1.3592,0.0,A
23,sn1/media-mongodb,7.49,73.77,704.02,0.0,0,85,290.9922,1.2787,1.3592,0.0382,A
23,sn1/media-service,72.64,4.86,251.42,0.0,0,787,290.9922,1.2787,767.2757,0.191,A
23,sn1/nginx-thrift,23519.05,43010.79,620.32,0.0,0,4042,964.6501,272.4317,767.2757,58.3,A
23,sn1/post-storage-memcached,1809.93,70.6,75.33,0.0,0,3651,871.3354,20.9652,767.2757,4.45,A
23,sn1/post-storage-mongodb,896.47,8187.61,4130.05,0.0,0,672,290.9922,10.3842,767.2757,2.24,A
23,sn1/post-storage-service,7527.36,94.84,251.42,0.0,0,7307,1743.864,87.1928,767.2757,18.5,A
23,sn1/social-graph-mongodb,7.94,728.08,757.02,0.0,0,59,290.9922,1.2787,1.3592,0.0191,A
23,sn1/social-graph-redis,2.04,20.04,103.57,0.0,0,290,290.9922,1.2787,1.3592,0.0,A
23,sn1/social-graph-service,0.06,31.3,251.42,0.0,0,0,290.9922,1.2787,1.3592,0.0,A
23,sn1/text-service,1377.61,85.25,251.42,0.0,0,4545,1084.6944,15.9575,767.2757,3.25,A
23,sn1/unique-id-service,74.33,4.67,251.42,0.0,0,765,290.9922,1.2787,767.2757,0.191,A
23,sn1/url-shorten-memcached,0.16,4.63,75.33,0.0,0,0,290.9922,1.2787,1.3592,0.0,A
23,sn1/url-shorten-mongodb,308.54,107.19,702.87,0.0039,2,981,290.9922,3.574,767.2757,0.592,A
23,sn1/url-shorten-service,1201.62,77.79,251.42,0.0,0,3794,905.4633,13.9189,767.2757,2.54,A
23,sn1/user-memcached,146.36,6.6,75.33,0.0,0,2291,546.7624,1.6954,767.2757,0.344,A
23,sn1/user-mention-service,234.07,6.95,251.42,0.0,0,882,290.9922,2.7113,767.2757,0.592,A
23,sn1/user-mongodb,7.58,97.15,704.78,0.0,0,70,290.9922,1.2787,1.3592,0.0191,A
23,sn1/user-service,69.75,18.08,251.42,0.0,0,695,290.9922,1.2787,767.2757,0.191,A
23,sn1/user-timeline-mongodb,13.97,106.91,703.03,0.0,0,276,290.9922,1.2787,767.2757,0.0382,A
23,sn1/user-timeline-redis,146.0,95.48,136.86,0.0,0,722,290.9922,1.6912,767.2757,0.363,A
23,sn1/user-timeline-service,1471.9,519.52,251.42,0.0,0,3956,944.1256,17.0497,767.2757,3.52,A
24,hotel/consul,13.06,29.09,201.48,0.0,0,907,290.9922,1.2787,753.2243,0.039,A
24,hotel/frontend,9958.84,128.48,1119.14,0.0,0,942580,256243.671,110.369,753.2243,25.4,A
24,hotel/geo,1301.02,29.54,1119.06,0.0,0,2211,601.0681,14.4186,753.2243,3.7,A
24,hotel/jaeger,0.19,14.79,81.01,0.0,0,0,290.9922,1.2787,1.3592,0.0,A
24,hotel/memcached-profile,139.76,7.73,79.25,0.0,0,821,290.9922,1.5489,753.2243,0.39,A
24,hotel/memcached-rate,103.34,7.59,79.25,0.0,0,1048,290.9922,1.2787,753.2243,0.292,A
24,hotel/memcached-reserve,164.37,7.15,79.25,0.0,0,830,290.9922,1.8216,753.2243,0.448,A
24,hotel/mongodb-geo,7.67,63.01,400.43,0.0586,4,79,290.9922,1.2787,1.3592,0.0195,A
24,hotel/mongodb-profile,7.63,65.04,400.43,0.0312,2,51,290.9922,1.2787,1.3592,0.0195,A
24,hotel/mongodb-rate,6.9,64.8,400.43,0.0,0,83,290.9922,1.2787,1.3592,0.0195,A
24,hotel/mongodb-recommendation,7.87,62.84,400.43,0.0312,2,123,290.9922,1.2787,1.3592,0.0585,A
24,hotel/mongodb-reservation,11.14,252.75,400.43,0.1133,42,179,290.9922,1.2787,753.2243,0.039,A
24,hotel/mongodb-user,8.1,62.85,400.43,0.0312,2,46,290.9922,1.2787,1.3592,0.0195,A
24,hotel/profile,3901.48,44.29,1119.06,0.0,0,58151,15808.5528,43.2382,753.2243,10.9,A
24,hotel/rate,1557.03,42.03,1119.14,0.0,0,2539,690.236,17.2558,753.2243,4.82,A
24,hotel/recommendation,869.4,29.17,1119.06,0.0,0,1618,439.859,9.6351,753.2243,2.59,A
24,hotel/reservation,3693.44,70.48,1119.06,0.0,0,108305,29443.0932,40.9326,753.2243,10.2,A
24,hotel/search,3307.0,41.65,1119.06,0.0,0,26018,7073.0843,36.6499,753.2243,8.75,A
24,hotel/user,50.88,20.81,1119.06,0.0,0,577,290.9922,1.2787,753.2243,0.175,A
24,sn1/compose-post-service,1321.59,84.54,251.42,0.0,0,4643,1262.2158,14.6465,753.2243,3.18,A
24,sn1/home-timeline-redis,302.06,2552.79,952.74,0.0,0,875,290.9922,3.3476,753.2243,0.76,A
24,sn1/home-timeline-service,1521.08,111.84,251.42,0.0,0,2951,802.2397,16.8574,753.2243,3.8,A
24,sn1/jaeger,978.14,5261.85,75.0,0.0,0,518,290.9922,10.8403,753.2243,1.27,A
24,sn1/media-frontend,0.0,2027.57,648.43,0.0,0,0,290.9922,1.2787,1.3592,0.0,A
24,sn1/media-memcached,0.16,4.63,75.33,0.0,0,0,290.9922,1.2787,1.3592,0.0,A
24,sn1/media-mongodb,8.87,73.78,704.02,0.0273,4,79,290.9922,1.2787,1.3592,0.0195,A
24,sn1/media-service,72.86,4.89,251.42,0.0,0,706,290.9922,1.2787,753.2243,0.195,A
24,sn1/nginx-thrift,23511.32,43018.77,620.32,0.0,0,4252,1155.9211,260.5645,753.2243,59.5,A
24,sn1/post-storage-memcached,1811.81,71.5,75.33,0.0,0,4008,1089.5888,20.0794,753.2243,4.64,A
24,sn1/post-storage-mongodb,900.82,8187.59,4130.05,0.0273,2,679,290.9922,9.9834,753.2243,2.32,A
24,sn1/post-storage-service,7491.92,94.12,251.42,0.0,0,7902,2148.1863,83.0293,753.2243,19.0,A
24,sn1/social-graph-mongodb,9.36,728.08,757.02,0.0273,4,88,290.9922,1.2787,1.3592,0.039,A
24,sn1/social-graph-redis,2.29,20.04,103.57,0.0,0,232,290.9922,1.2787,1.3592,0.0,A
24,sn1/social-graph-service,0.0,31.3,251.42,0.0,0,0,290.9922,1.2787,1.3592,0.0,A
24,sn1/text-service,1368.02,81.61,251.42,0.0,0,4742,1289.1293,15.1611,753.2243,3.33,A
24,sn1/unique-id-service,74.29,4.67,251.42,0.0,0,806,290.9922,1.2787,753.2243,0.175,A
24,sn1/url-shorten-memcached,0.14,4.63,75.33,0.0,0,0,290.9922,1.2787,1.3592,0.0,A
24,sn1/url-shorten-mongodb,313.81,106.82,702.87,0.0,0,744,290.9922,3.4778,753.2243,0.604,A
24,sn1/url-shorten-service,1212.43,76.01,251.42,0.0,0,3857,1048.5389,13.4368,753.2243,2.71,A
24,sn1/user-memcached,148.6,6.6,75.33,0.0,0,1887,512.9876,1.6469,753.2243,0.37,A
24,sn1/user-mention-service,233.0,7.2,251.42,0.0,0,1139,309.6411,2.5822,753.2243,0.604,A
24,sn1/user-mongodb,8.71,97.15,704.78,0.0234,2,60,290.9922,1.2787,1.3592,0.0195,A
24,sn1/user-service,68.91,18.08,251.42,0.0,0,732,290.9922,1.2787,753.2243,0.175,A
24,sn1/user-timeline-mongodb,14.77,106.91,703.03,0.0195,2,348,290.9922,1.2787,753.2243,0.0585,A
24,sn1/user-timeline-redis,147.87,95.46,136.86,0.0,0,799,290.9922,1.6388,753.2243,0.409,A
24,sn1/user-timeline-service,1480.3,521.07,251.42,0.0,0,3901,1060.5005,16.4054,753.2243,3.74,A
25,hotel/consul,12.62,29.09,201.48,0.0,0,2353,539.1224,1.2787,759.3009,0.0196,A
25,hotel/frontend,9988.51,122.55,1119.14,0.0,0,816293,187030.1064,111.1169,759.3009,25.3,A
25,hotel/geo,1224.73,30.26,1119.06,0.0,0,1967,450.6816,13.6245,759.3009,3.13,A
25,hotel/jaeger,0.19,14.79,81.01,0.0,0,0,290.9922,1.2787,1.3592,0.0,A
25,hotel/memcached-profile,125.49,7.71,79.25,0.0,0,909,290.9922,1.396,759.3009,0.313,A
25,hotel/memcached-rate,96.55,7.6,79.25,0.0,0,890,290.9922,1.2787,759.3009,0.235,A
25,hotel/memcached-reserve,150.3,7.17,79.25,0.0,0,877,290.9922,1.672,759.3009,0.372,A
25,hotel/mongodb-geo,7.42,63.01,400.43,0.0,0,61,290.9922,1.2787,1.3592,0.0196,A
25,hotel/mongodb-profile,7.35,65.04,400.43,0.0,0,41,290.9922,1.2787,1.3592,0.0391,A
25,hotel/mongodb-rate,7.98,64.8,400.43,0.0234,2,87,290.9922,1.2787,1.3592,0.0196,A
25,hotel/mongodb-recommendation,7.4,62.84,400.43,0.0,0,48,290.9922,1.2787,1.3592,0.0391,A
25,hotel/mongodb-reservation,8.6,252.75,400.43,0.0352,18,84,290.9922,1.2787,1.3592,0.0196,A
25,hotel/mongodb-user,7.21,62.85,400.43,0.0,0,62,290.9922,1.2787,1.3592,0.0196,A
25,hotel/profile,3559.1,51.15,1119.06,0.0,0,76179,17454.2309,39.5931,759.3009,8.39,A
25,hotel/rate,1459.24,37.36,1119.14,0.0,0,3138,718.9826,16.2333,759.3009,3.23,A
25,hotel/recommendation,811.38,27.37,1119.06,0.0,0,1538,352.3885,9.0262,759.3009,1.76,A
25,hotel/reservation,3543.58,71.75,1119.06,0.0,0,150992,34595.482,39.4205,759.3009,8.7,A
25,hotel/search,2941.67,32.62,1119.06,0.0,0,13584,3112.3836,32.7245,759.3009,7.24,A
25,hotel/user,49.05,20.88,1119.06,0.0,0,413,290.9922,1.2787,759.3009,0.117,A
25,sn1/compose-post-service,1313.23,85.8,251.42,0.0,0,4609,1056.02,14.609,759.3009,2.99,A
25,sn1/home-timeline-redis,307.55,2553.28,952.74,0.0,0,1005,290.9922,3.4213,759.3009,0.763,A
25,sn1/home-timeline-service,1540.06,109.95,251.42,0.0,0,2679,613.8159,17.1324,759.3009,3.89,A
25,sn1/jaeger,13.72,5261.85,75.0,0.0,0,229,290.9922,1.2787,759.3009,0.0782,A
25,sn1/media-frontend,0.0,2027.57,648.43,0.0,0,0,290.9922,1.2787,1.3592,0.0,A
25,sn1/media-memcached,0.16,4.63,75.33,0.0,0,0,290.9922,1.2787,1.3592,0.0,A
25,sn1/media-mongodb,8.34,73.78,704.02,0.0,0,53,290.9922,1.2787,1.3592,0.0391,A
25,sn1/media-service,72.81,5.14,251.42,0.0,0,769,290.9922,1.2787,759.3009,0.196,A
25,sn1/nginx-thrift,23496.56,43029.91,620.32,0.0,0,3764,862.4125,261.3869,759.3009,58.7,A
25,sn1/post-storage-memcached,1809.91,71.83,75.33,0.0,0,3831,877.7637,20.1343,759.3009,4.56,A
25,sn1/post-storage-mongodb,897.79,8187.35,4130.05,8.8516,134,709,290.9922,9.9874,759.3009,2.27,A
25,sn1/post-storage-service,7569.1,96.16,251.42,0.0,0,7416,1699.1635,84.2023,759.3009,18.8,A
25,sn1/social-graph-mongodb,8.85,727.95,757.02,0.0,0,90,290.9922,1.2787,1.3592,0.0391,A
25,sn1/social-graph-redis,2.17,20.04,103.57,0.0,0,497,290.9922,1.2787,1.3592,0.0,A
25,sn1/social-graph-service,0.05,31.3,251.42,0.0,0,0,290.9922,1.2787,1.3592,0.0,A
25,sn1/text-service,1366.25,82.37,251.42,0.0,0,4333,992.7826,15.1988,759.3009,3.11,A
25,sn1/unique-id-service,74.37,4.67,251.42,0.0,0,762,290.9922,1.2787,759.3009,0.176,A
25,sn1/url-shorten-memcached,0.15,4.63,75.33,0.0,0,0,290.9922,1.2787,1.3592,0.0,A
25,sn1/url-shorten-mongodb,324.58,107.39,702.87,0.0,0,748,290.9922,3.6108,759.3009,0.626,A
25,sn1/url-shorten-service,1226.11,75.9,251.42,0.0,0,3728,854.1642,13.6398,759.3009,2.54,A
25,sn1/user-memcached,145.26,6.61,75.33,0.0,0,1971,451.5981,1.6159,759.3009,0.352,A
25,sn1/user-mention-service,230.59,6.97,251.42,0.0,0,854,290.9922,2.5652,759.3009,0.567,A
25,sn1/user-mongodb,8.55,97.15,704.78,0.0078,4,81,290.9922,1.2787,1.3592,0.0391,A
25,sn1/user-service,69.66,18.08,251.42,0.0,0,646,290.9922,1.2787,759.3009,0.156,A
25,sn1/user-timeline-mongodb,14.48,106.91,703.03,0.0391,6,434,290.9922,1.2787,759.3009,0.0391,A
25,sn1/user-timeline-redis,146.28,95.46,136.86,0.0,0,828,290.9922,1.6273,759.3009,0.372,A
25,sn1/user-timeline-service,1472.85,519.5,251.42,0.0,0,3733,855.3098,16.3847,759.3009,3.58,A
26,hotel/consul,14.18,29.09,201.48,0.0,0,1242,311.1903,1.2787,686.461,0.0382,A
26,hotel/frontend,9963.79,117.54,1119.14,0.0,0,884477,221610.8724,168.7691,686.461,24.7,A
26,hotel/geo,1120.36,31.55,1119.06,0.0,0,2396,600.3318,18.9769,686.461,3.02,A
26,hotel/jaeger,0.16,14.79,81.01,0.0,0,0,290.9922,1.2787,1.3592,0.0,A
26,hotel/memcached-profile,132.31,7.72,79.25,0.0,0,1185,296.9087,2.2411,686.461,0.325,A
26,hotel/memcached-rate,104.2,7.62,79.25,0.0,0,1387,347.5209,1.765,686.461,0.267,A
26,hotel/memcached-reserve,154.65,7.19,79.25,0.0,0,1255,314.4476,2.6195,686.461,0.401,A
26,hotel/mongodb-geo,8.44,63.01,400.43,0.0312,2,151,290.9922,1.2787,1.3592,0.0191,A
26,hotel/mongodb-profile,8.33,65.04,400.43,0.0312,2,175,290.9922,1.2787,1.3592,0.0,A
26,hotel/mongodb-rate,7.5,64.8,400.43,0.0,0,113,290.9922,1.2787,1.3592,0.0382,A
26,hotel/mongodb-recommendation,8.43,62.84,400.43,0.0312,2,76,290.9922,1.2787,1.3592,0.0382,A
26,hotel/mongodb-reservation,10.17,252.75,400.43,0.0781,24,70,290.9922,1.2787,686.461,0.0382,A
26,hotel/mongodb-user,8.82,62.85,400.43,0.0312,2,804,290.9922,1.2787,1.3592,0.0191,A
26,hotel/profile,3505.43,46.6,1119.06,0.0,0,56903,14257.3786,59.3758,686.461,9.76,A
26,hotel/rate,1507.28,42.63,1119.14,0.0,0,3191,799.5237,25.5307,686.461,4.6,A
26,hotel/recommendation,703.92,25.58,1119.06,0.0,0,1825,457.2644,11.9232,686.461,2.18,A
26,hotel/reservation,3587.89,68.56,1119.06,0.0,0,152128,38116.5579,60.7726,686.461,8.58,A
26,hotel/search,2820.98,35.61,1119.06,0.0,0,15505,3884.8682,47.7825,686.461,8.08,A
26,hotel/user,42.81,20.89,1119.06,0.0,0,790,290.9922,1.2787,686.461,0.115,A
26,sn1/compose-post-service,1306.32,84.7,251.42,0.0,0,4921,1232.9853,22.1268,686.461,3.04,A
26,sn1/home-timeline-redis,313.85,2552.52,952.74,0.0,0,1006,290.9922,5.3161,686.461,0.745,A
26,sn1/home-timeline-service,1564.62,110.67,251.42,0.0,0,3354,840.3643,26.5019,686.461,3.73,A
26,sn1/jaeger,60.93,5261.85,75.0,0.0,0,573,290.9922,1.2787,686.461,0.21,A
26,sn1/media-frontend,0.0,2027.57,648.43,0.0,0,0,290.9922,1.2787,1.3592,0.0,A
26,sn1/media-memcached,0.15,4.63,75.33,0.0,0,0,290.9922,1.2787,1.3592,0.0,A
26,sn1/media-mongodb,10.31,73.78,704.02,0.0273,4,386,290.9922,1.2787,686.461,0.0191,A
26,sn1/media-service,73.05,4.77,251.42,0.0,0,775,290.9922,1.2787,686.461,0.191,A
26,sn1/nginx-thrift,23869.89,43038.19,620.32,0.0,0,4946,1239.2492,404.314,686.461,57.6,A
26,sn1/post-storage-memcached,1798.46,70.81,75.33,0.0,0,4747,1189.3885,30.4628,686.461,4.45,A
26,sn1/post-storage-mongodb,915.41,8187.46,4130.05,0.0312,2,743,290.9922,15.5054,686.461,2.25,A
26,sn1/post-storage-service,7498.92,91.52,251.42,0.0,0,9230,2312.6303,127.0185,686.461,18.3,A
26,sn1/social-graph-mongodb,10.06,727.95,757.02,0.0234,2,85,290.9922,1.2787,686.461,0.0191,A
26,sn1/social-graph-redis,2.3,20.04,103.57,0.0,0,240,290.9922,1.2787,1.3592,0.0,A
26,sn1/social-graph-service,0.0,31.3,251.42,0.0,0,0,290.9922,1.2787,1.3592,0.0,A
26,sn1/text-service,1380.7,81.83,251.42,0.0,0,4870,1220.2069,23.3866,686.461,3.17,A
26,sn1/unique-id-service,70.71,4.61,251.42,0.0,0,596,290.9922,1.2787,686.461,0.153,A
26,sn1/url-shorten-memcached,0.17,4.63,75.33,0.0,0,0,290.9922,1.2787,1.3592,0.0,A
26,sn1/url-shorten-mongodb,315.85,106.96,702.87,0.0,0,858,290.9922,5.3499,686.461,0.63,A
26,sn1/url-shorten-service,1227.13,74.89,251.42,0.0,0,3885,973.4094,20.7854,686.461,2.52,A
26,sn1/user-memcached,152.31,6.61,75.33,0.0,0,1677,420.1821,2.5799,686.461,0.382,A
26,sn1/user-mention-service,230.23,6.76,251.42,0.0,0,1194,299.1637,3.8997,686.461,0.573,A
26,sn1/user-mongodb,9.41,97.15,704.78,0.0234,2,88,290.9922,1.2787,1.3592,0.0191,A
26,sn1/user-service,66.95,18.02,251.42,0.0,0,820,290.9922,1.2787,686.461,0.172,A
26,sn1/user-timeline-mongodb,15.92,106.91,703.03,0.0312,4,383,290.9922,1.2787,686.461,0.0573,A
26,sn1/user-timeline-redis,151.35,95.46,136.86,0.0,0,860,290.9922,2.5636,686.461,0.363,A
26,sn1/user-timeline-service,1478.54,521.89,251.42,0.0,0,4750,1190.1402,25.0439,686.461,3.57,A
27,hotel/consul,15.37,29.09,201.48,0.0,0,1194,290.9922,1.2787,723.2943,0.0364,A
27,hotel/frontend,9989.11,116.27,1119.14,0.0,0,844806,183006.2666,196.4214,723.2943,23.6,A
27,hotel/geo,1167.78,28.92,1119.06,0.0,0,2258,489.1397,22.9627,723.2943,2.86,A
27,hotel/jaeger,0.19,14.79,81.01,0.0,0,0,290.9922,1.2787,1.3592,0.0,A
27,hotel/memcached-profile,140.58,7.72,79.25,0.0,0,1245,290.9922,2.7643,723.2943,0.328,A
27,hotel/memcached-rate,108.14,7.61,79.25,0.0,0,1353,293.0939,2.1264,723.2943,0.292,A
27,hotel/memcached-reserve,174.7,7.23,79.25,0.0,0,968,290.9922,3.4352,723.2943,0.437,A
27,hotel/mongodb-geo,7.62,63.01,400.43,0.0,0,51,290.9922,1.2787,1.3592,0.0364,A
27,hotel/mongodb-profile,7.7,65.04,400.43,0.0,0,473,290.9922,1.2787,1.3592,0.0182,A
27,hotel/mongodb-rate,8.12,64.8,400.43,0.0273,2,105,290.9922,1.2787,1.3592,0.0364,A
27,hotel/mongodb-recommendation,7.46,62.84,400.43,0.0,0,64,290.9922,1.2787,1.3592,0.0182,A
27,hotel/mongodb-reservation,10.19,252.76,400.43,0.0664,34,115,290.9922,1.2787,723.2943,0.0364,A
27,hotel/mongodb-user,7.38,62.85,400.43,0.0,0,135,290.9922,1.2787,1.3592,0.0,A
27,hotel/profile,3557.77,46.97,1119.06,0.0,0,90963,19704.8778,69.9584,723.2943,8.26,A
27,hotel/rate,1432.05,39.48,1119.14,0.0,0,2915,631.4625,28.1592,723.2943,3.57,A
27,hotel/recommendation,749.64,27.93,1119.06,0.0,0,1684,364.7968,14.7406,723.2943,1.99,A
27,hotel/reservation,3519.78,66.89,1119.06,0.0,0,229237,49658.5104,69.2114,723.2943,8.4,A
27,hotel/search,2814.42,37.84,1119.06,0.0,0,10546,2284.5293,55.3415,723.2943,7.31,A
27,hotel/user,49.23,20.97,1119.06,0.0,0,872,290.9922,1.2787,723.2943,0.109,A
27,sn1/compose-post-service,1328.01,84.79,251.42,0.0,0,4872,1055.398,26.1134,723.2943,2.9,A
27,sn1/home-timeline-redis,285.36,2553.3,952.74,0.0,0,1147,290.9922,5.6112,723.2943,0.674,A
27,sn1/home-timeline-service,1586.0,110.61,251.42,0.0,0,3173,687.3518,31.1864,723.2943,3.75,A
27,sn1/jaeger,16.48,5262.1,75.0,0.0,0,561,290.9922,1.2787,723.2943,0.0911,A
27,sn1/media-frontend,0.0,2027.57,648.43,0.0,0,0,290.9922,1.2787,1.3592,0.0,A
27,sn1/media-memcached,0.32,4.63,75.33,0.0,0,0,290.9922,1.2787,1.3592,0.0,A
27,sn1/media-mongodb,8.17,73.78,704.02,0.0,0,63,290.9922,1.2787,1.3592,0.0364,A
27,sn1/media-service,71.4,4.77,251.42,0.0,0,770,290.9922,1.404,723.2943,0.164,A
27,sn1/nginx-thrift,23957.19,43046.16,620.32,105.1758,908,4988,1080.5265,471.0834,723.2943,57.0,A
27,sn1/post-storage-memcached,1750.59,71.01,75.33,0.0,0,5742,1243.8619,34.4228,723.2943,4.1,A
27,sn1/post-storage-mongodb,916.3,8187.3,4130.05,0.0,0,1009,290.9922,18.0177,723.2943,2.13,A
27,sn1/post-storage-service,7386.52,95.31,251.42,0.0,0,9613,2082.418,145.2452,723.2943,17.2,A
27,sn1/social-graph-mongodb,10.14,727.95,757.02,0.0039,2,56,290.9922,1.2787,723.2943,0.0364,A
27,sn1/social-graph-redis,2.35,20.04,103.57,0.0,0,267,290.9922,1.2787,1.3592,0.0,A
27,sn1/social-graph-service,0.05,31.3,251.42,0.0,0,0,290.9922,1.2787,1.3592,0.0,A
27,sn1/text-service,1396.93,81.19,251.42,0.0,0,4336,939.2869,27.4686,723.2943,3.01,A
27,sn1/unique-id-service,74.09,4.74,251.42,0.0,0,643,290.9922,1.4569,723.2943,0.182,A
27,sn1/url-shorten-memcached,0.16,4.63,75.33,0.0,0,0,290.9922,1.2787,1.3592,0.0,A
27,sn1/url-shorten-mongodb,313.71,107.71,702.87,0.0156,2,966,290.9922,6.1687,723.2943,0.601,A
27,sn1/url-shorten-service,1232.22,75.16,251.42,0.0,0,3576,774.6517,24.2298,723.2943,2.46,A
27,sn1/user-memcached,154.67,6.59,75.33,0.0,0,1706,369.5626,3.0414,723.2943,0.346,A
27,sn1/user-mention-service,233.62,6.88,251.42,0.0,0,862,290.9922,4.5938,723.2943,0.565,A
27,sn1/user-mongodb,9.26,97.15,704.78,0.0039,2,77,290.9922,1.2787,1.3592,0.0364,A
27,sn1/user-service,68.58,18.02,251.42,0.0,0,614,290.9922,1.3485,723.2943,0.164,A
27,sn1/user-timeline-mongodb,15.75,106.91,703.03,0.0,0,334,290.9922,1.2787,723.2943,0.0547,A
27,sn1/user-timeline-redis,147.59,95.46,136.86,0.0,0,920,290.9922,2.9021,723.2943,0.346,A
27,sn1/user-timeline-service,1468.43,518.72,251.42,0.0,0,4638,1004.7077,28.8745,723.2943,3.3,A
28,hotel/consul,14.24,29.09,201.48,0.0,0,2053,492.7722,1.2787,751.1386,0.0381,A
28,hotel/frontend,9983.72,118.15,1119.14,0.0,0,659069,158193.3102,115.3442,751.1386,24.7,A
28,hotel/geo,1127.09,28.83,1119.06,0.0,0,2167,520.1351,13.0215,751.1386,3.45,A
28,hotel/jaeger,0.23,14.79,81.01,0.0,0,0,290.9922,1.2787,1.3592,0.0,A
28,hotel/memcached-profile,144.4,7.72,79.25,0.0,0,1066,290.9922,1.6683,751.1386,0.419,A
28,hotel/memcached-rate,108.23,7.65,79.25,0.0,0,826,290.9922,1.2787,751.1386,0.305,A
28,hotel/memcached-reserve,170.74,7.15,79.25,0.0,0,904,290.9922,1.9726,751.1386,0.496,A
28,hotel/mongodb-geo,8.25,63.01,400.43,0.0312,2,62,290.9922,1.2787,1.3592,0.0191,A
28,hotel/mongodb-profile,8.7,65.04,400.43,0.0391,4,58,290.9922,1.2787,1.3592,0.0191,A
28,hotel/mongodb-rate,7.72,64.8,400.43,0.0,0,104,290.9922,1.2787,1.3592,0.0191,A
28,hotel/mongodb-recommendation,8.41,62.84,400.43,0.0312,2,267,290.9922,1.2787,1.3592,0.0191,A
28,hotel/mongodb-reservation,10.24,252.77,400.43,0.0898,30,137,290.9922,1.2787,751.1386,0.0381,A
28,hotel/mongodb-user,8.66,62.85,400.43,0.0508,4,186,290.9922,1.2787,1.3592,0.0191,A
28,hotel/profile,3576.3,47.41,1119.06,0.0,0,61231,14696.9962,41.3178,751.1386,9.45,A
28,hotel/rate,1314.51,39.73,1119.14,0.0,0,2597,623.346,15.1868,751.1386,3.98,A
28,hotel/recommendation,776.46,27.89,1119.06,0.0,0,1663,399.1623,8.9706,751.1386,2.42,A
28,hotel/reservation,3692.97,66.51,1119.06,0.0,0,122708,29453.0386,42.6657,751.1386,9.87,A
28,hotel/search,2893.59,35.39,1119.06,0.0,0,25567,6136.7298,33.4303,751.1386,9.11,A
28,hotel/user,47.99,21.18,1119.06,0.0,0,423,290.9922,1.2787,751.1386,0.133,A
28,sn1/compose-post-service,1334.71,86.1,251.42,0.0,0,5080,1219.3291,15.4202,751.1386,2.97,A
28,sn1/home-timeline-redis,276.51,2552.8,952.74,0.0,0,1177,290.9922,3.1946,751.1386,0.705,A
28,sn1/home-timeline-service,1572.62,110.84,251.42,0.0,0,3528,846.8097,18.1688,751.1386,3.87,A
28,sn1/jaeger,61.67,5261.85,75.0,0.0,0,689,290.9922,1.2787,751.1386,0.229,A
28,sn1/media-frontend,0.0,2027.57,648.43,0.0,0,0,290.9922,1.2787,1.3592,0.0,A
28,sn1/media-memcached,0.15,4.63,75.33,0.0,0,0,290.9922,1.2787,1.3592,0.0,A
28,sn1/media-mongodb,9.8,73.78,704.02,0.0234,2,78,290.9922,1.2787,1.3592,0.0191,A
28,sn1/media-service,74.0,4.77,251.42,0.0,0,642,290.9922,1.2787,751.1386,0.172,A
28,sn1/nginx-thrift,23816.91,43054.75,620.32,17.457,152,5548,1331.661,275.1621,751.1386,59.2,A
28,sn1/post-storage-memcached,1723.73,71.36,75.33,0.0,0,5956,1429.5914,19.9146,751.1386,4.25,A
28,sn1/post-storage-mongodb,905.75,8187.58,4130.05,0.043,8,889,290.9922,10.4643,751.1386,2.21,A
28,sn1/post-storage-service,7274.96,93.87,251.42,0.0,0,9865,2367.8507,84.0492,751.1386,17.7,A
28,sn1/social-graph-mongodb,9.95,727.95,757.02,0.0234,2,79,290.9922,1.2787,1.3592,0.0191,A
28,sn1/social-graph-redis,2.31,20.04,103.57,0.0,0,137,290.9922,1.2787,1.3592,0.0381,A
28,sn1/social-graph-service,0.0,31.3,251.42,0.0,0,0,290.9922,1.2787,1.3592,0.0,A
28,sn1/text-service,1429.43,79.65,251.42,0.0,0,4710,1130.5197,16.5145,751.1386,3.13,A
28,sn1/unique-id-service,77.57,4.74,251.42,0.0,0,730,290.9922,1.2787,751.1386,0.191,A
28,sn1/url-shorten-memcached,0.28,4.63,75.33,0.0,0,0,290.9922,1.2787,1.3592,0.0,A
28,sn1/url-shorten-mongodb,313.08,106.37,702.87,0.0,0,862,290.9922,3.6171,751.1386,0.534,A
28,sn1/url-shorten-service,1243.0,76.94,251.42,0.0,0,4079,979.0637,14.3607,751.1386,2.42,A
28,sn1/user-memcached,153.48,6.58,75.33,0.0,0,1848,443.567,1.7732,751.1386,0.4,A
28,sn1/user-mention-service,233.61,6.82,251.42,0.0,0,1160,290.9922,2.6989,751.1386,0.572,A
28,sn1/user-mongodb,9.49,97.15,704.78,0.0234,2,120,290.9922,1.2787,1.3592,0.0381,A
28,sn1/user-service,68.9,18.02,251.42,0.0,0,900,290.9922,1.2787,751.1386,0.172,A
28,sn1/user-timeline-mongodb,16.46,106.91,703.03,0.0234,2,362,290.9922,1.2787,751.1386,0.0381,A
28,sn1/user-timeline-redis,148.65,95.45,136.86,0.0,0,833,290.9922,1.7174,751.1386,0.381,A
28,sn1/user-timeline-service,1461.9,520.79,251.42,0.0,0,4918,1180.445,16.8897,751.1386,3.43,A
29,hotel/consul,14.7,29.09,201.48,0.0,0,1907,455.4802,1.2787,749.8057,0.0377,A
29,hotel/frontend,9960.59,111.13,1119.14,0.0,0,846074,202081.7917,108.2084,749.8057,24.6,A
29,hotel/geo,1027.23,28.87,1119.06,0.0,0,2025,483.6641,11.1595,749.8057,2.32,A
29,hotel/jaeger,0.19,14.79,81.01,0.0,0,0,290.9922,1.2787,1.3592,0.0,A
29,hotel/memcached-profile,134.28,7.71,79.25,0.0,0,1167,290.9922,1.4588,749.8057,0.283,A
29,hotel/memcached-rate,105.03,7.86,79.25,0.0,0,1831,437.3279,1.2787,749.8057,0.226,A
29,hotel/memcached-reserve,163.31,7.26,79.25,0.0,0,1408,336.2958,1.7741,749.8057,0.34,A
29,hotel/mongodb-geo,7.42,63.01,400.43,0.0,0,100,290.9922,1.2787,1.3592,0.0189,A
29,hotel/mongodb-profile,7.4,65.04,400.43,0.0,0,61,290.9922,1.2787,1.3592,0.0377,A
29,hotel/mongodb-rate,8.6,64.81,400.43,0.1055,16,141,290.9922,1.2787,1.3592,0.0377,A
29,hotel/mongodb-recommendation,7.24,62.84,400.43,0.0,0,53,290.9922,1.2787,1.3592,0.0189,A
29,hotel/mongodb-reservation,8.98,252.77,400.43,0.0391,20,162,290.9922,1.2787,1.3592,0.0377,A
29,hotel/mongodb-user,7.29,62.85,400.43,0.0,0,62,290.9922,1.2787,1.3592,0.0189,A
29,hotel/profile,3340.79,50.36,1119.06,0.0,0,63281,15114.4437,36.2932,749.8057,8.11,A
29,hotel/rate,1340.64,41.16,1119.14,0.0,0,3187,761.2037,14.5643,749.8057,2.74,A
29,hotel/recommendation,672.97,28.89,1119.06,0.0,0,1829,436.8502,7.3109,749.8057,1.45,A
29,hotel/reservation,3262.46,71.33,1119.06,0.0,0,46243,11044.9775,35.4422,749.8057,7.04,A
29,hotel/search,2781.5,34.98,1119.06,0.0,0,16083,3841.3678,30.2173,749.8057,6.68,A
29,hotel/user,46.41,20.19,1119.06,0.0,0,468,290.9922,1.2787,749.8057,0.0943,A
29,sn1/compose-post-service,1347.36,87.0,251.42,0.0,0,4983,1190.172,14.6373,749.8057,2.91,A
29,sn1/home-timeline-redis,282.07,2552.59,952.74,0.0,0,1246,297.6027,3.0643,749.8057,0.698,A
29,sn1/home-timeline-service,1606.22,111.32,251.42,0.0,0,3312,791.0595,17.4494,749.8057,3.91,A
29,sn1/jaeger,14.04,5261.85,75.0,0.0,0,1108,290.9922,1.2787,749.8057,0.0566,A
29,sn1/media-frontend,0.0,2027.57,648.43,0.0,0,0,290.9922,1.2787,1.3592,0.0,A
29,sn1/media-memcached,0.17,4.63,75.33,0.0,0,0,290.9922,1.2787,1.3592,0.0,A
29,sn1/media-mongodb,8.47,73.78,704.02,0.0,0,114,290.9922,1.2787,1.3592,0.0189,A
29,sn1/media-service,74.93,4.77,251.42,0.0,0,795,290.9922,1.2787,749.8057,0.17,A
29,sn1/nginx-thrift,23957.98,43062.45,620.32,17.7031,168,5038,1203.3085,260.2713,749.8057,58.1,A
29,sn1/post-storage-memcached,1749.37,70.69,75.33,0.0,0,5368,1282.1279,19.0046,749.8057,4.25,A
29,sn1/post-storage-mongodb,907.84,8187.84,4130.05,0.0,0,854,290.9922,9.8625,749.8057,2.21,A
29,sn1/post-storage-service,7340.71,91.42,251.42,0.0,0,9708,2318.7216,79.747,749.8057,17.8,A
29,sn1/social-graph-mongodb,8.82,727.95,757.02,0.0,0,69,290.9922,1.2787,1.3592,0.0377,A
29,sn1/social-graph-redis,2.26,20.04,103.57,0.0,0,126,290.9922,1.2787,1.3592,0.0,A
29,sn1/social-graph-service,0.04,31.3,251.42,0.0,0,0,290.9922,1.2787,1.3592,0.0,A
29,sn1/text-service,1463.97,83.84,251.42,0.0,0,4660,1113.0246,15.9041,749.8057,3.23,A
29,sn1/unique-id-service,78.6,4.74,251.42,0.0,0,659,290.9922,1.2787,749.8057,0.189,A
29,sn1/url-shorten-memcached,0.19,4.63,75.33,0.0,0,0,290.9922,1.2787,1.3592,0.0,A
29,sn1/url-shorten-mongodb,341.75,106.62,702.87,0.0195,2,944,290.9922,3.7127,749.8057,0.642,A
29,sn1/url-shorten-service,1306.07,77.69,251.42,0.0,0,3668,876.0889,14.1887,749.8057,2.7,A
29,sn1/user-memcached,157.67,6.36,75.33,0.0,0,2181,520.9242,1.7129,749.8057,0.396,A
29,sn1/user-mention-service,237.8,6.82,251.42,0.0,0,1083,290.9922,2.5834,749.8057,0.604,A
29,sn1/user-mongodb,8.36,97.15,704.78,0.0,0,213,290.9922,1.2787,1.3592,0.0377,A
29,sn1/user-service,69.91,18.02,251.42,0.0,0,664,290.9922,1.2787,749.8057,0.17,A
29,sn1/user-timeline-mongodb,15.65,106.91,703.03,0.0,0,392,290.9922,1.2787,749.8057,0.0377,A
29,sn1/user-timeline-redis,149.08,95.45,136.86,0.0,0,727,290.9922,1.6196,749.8057,0.359,A
29,sn1/user-timeline-service,1467.7,518.86,251.42,0.0,0,4612,1101.5599,15.9446,749.8057,3.47,A
30,hotel/consul,16.83,27.84,201.48,0.0,0,539,290.9922,1.2787,767.564,0.0537,A
30,hotel/frontend,10002.12,123.19,1119.14,0.0,0,791670,179790.1913,144.2163,767.564,24.9,A
30,hotel/geo,1138.62,28.87,1119.06,0.0,0,2202,500.0796,16.4173,767.564,2.72,A
30,hotel/jaeger,0.23,14.79,81.01,0.0,0,0,290.9922,1.2787,1.3592,0.0,A
30,hotel/memcached-profile,147.04,7.68,79.25,0.0,0,1142,290.9922,2.1201,767.564,0.362,A
30,hotel/memcached-rate,113.48,7.61,79.25,0.0,0,988,290.9922,1.6362,767.564,0.268,A
30,hotel/memcached-reserve,178.05,7.3,79.25,0.0,0,765,290.9922,2.5672,767.564,0.429,A
30,hotel/mongodb-geo,8.58,63.0,400.43,0.0,0,50,290.9922,1.2787,1.3592,0.0134,A
30,hotel/mongodb-profile,8.16,65.04,400.43,0.0,0,54,290.9922,1.2787,1.3592,0.0268,A
30,hotel/mongodb-rate,7.29,64.81,400.43,0.0,0,51,290.9922,1.2787,1.3592,0.0134,A
30,hotel/mongodb-recommendation,8.08,62.84,400.43,0.0,0,39,290.9922,1.2787,1.3592,0.0134,A
30,hotel/mongodb-reservation,9.95,252.77,400.43,0.043,22,76,290.9922,1.2787,1.3592,0.0134,A
30,hotel/mongodb-user,8.56,62.85,400.43,0.0,0,109,290.9922,1.2787,1.3592,0.0134,A
30,hotel/profile,3670.62,59.36,1119.06,0.0,0,66888,15190.4282,52.9251,767.564,9.23,A
30,hotel/rate,1548.13,39.84,1119.14,0.0,0,2717,617.0373,22.3218,767.564,3.76,A
30,hotel/recommendation,767.48,28.47,1119.06,0.0,0,1597,362.6826,11.066,767.564,1.97,A
30,hotel/reservation,3759.11,75.52,1119.06,0.0,0,158048,35893.087,54.201,767.564,8.79,A
30,hotel/search,2889.45,36.62,1119.06,0.0,0,8982,2039.8341,41.6618,767.564,7.34,A
30,hotel/user,49.48,20.41,1119.06,0.0,0,1039,290.9922,1.2787,767.564,0.107,A
30,sn1/compose-post-service,1316.35,87.24,251.42,0.0,0,5019,1139.8272,18.9799,767.564,3.05,A
30,sn1/home-timeline-redis,283.85,2552.57,952.74,0.0,0,1213,290.9922,4.0927,767.564,0.671,A
30,sn1/home-timeline-service,1597.59,110.33,251.42,0.0,0,3462,786.2287,23.035,767.564,3.86,A
30,sn1/jaeger,58.97,5261.85,75.0,0.0,0,547,290.9922,1.2787,767.564,0.335,A
30,sn1/media-frontend,0.0,2027.57,648.43,0.0,0,0,290.9922,1.2787,1.3592,0.0,A
30,sn1/media-memcached,0.15,4.63,75.33,0.0,0,0,290.9922,1.2787,1.3592,0.0,A
30,sn1/media-mongodb,9.45,73.78,704.02,0.0234,2,65,290.9922,1.2787,1.3592,0.0268,A
30,sn1/media-service,72.44,4.73,251.42,0.0,0,761,290.9922,1.2787,767.564,0.174,A
30,sn1/nginx-thrift,23830.02,43080.62,620.32,0.0,0,5181,1176.6178,343.5949,767.564,58.1,A
30,sn1/post-storage-memcached,1740.2,70.66,75.33,0.0,0,5699,1294.2568,25.0912,767.564,4.25,A
30,sn1/post-storage-mongodb,894.49,8187.31,4130.05,0.0312,2,840,290.9922,12.8973,767.564,2.19,A
30,sn1/post-storage-service,7302.72,91.26,251.42,0.0,0,9974,2265.1198,105.2948,767.564,17.7,A
30,sn1/social-graph-mongodb,9.86,727.95,757.02,0.0234,2,73,290.9922,1.2787,1.3592,0.0268,A
30,sn1/social-graph-redis,2.25,20.04,103.57,0.0,0,569,290.9922,1.2787,1.3592,0.0268,A
30,sn1/social-graph-service,0.0,31.3,251.42,0.0,0,0,290.9922,1.2787,1.3592,0.0,A
30,sn1/text-service,1419.21,78.75,251.42,0.0,0,4619,1048.9862,20.463,767.564,3.34,A
30,sn1/unique-id-service,76.0,4.71,251.42,0.0,0,628,290.9922,1.2787,767.564,0.188,A
30,sn1/url-shorten-memcached,0.18,4.63,75.33,0.0,0,0,290.9922,1.2787,1.3592,0.0,A
30,sn1/url-shorten-mongodb,328.98,107.59,702.87,0.0781,10,1023,290.9922,4.7434,767.564,0.617,A
30,sn1/url-shorten-service,1274.72,76.48,251.42,0.0,0,3986,905.2303,18.3796,767.564,2.66,A
30,sn1/user-memcached,153.5,6.36,75.33,0.0,0,2018,458.2927,2.2133,767.564,0.389,A
30,sn1/user-mention-service,230.11,6.82,251.42,0.0,0,1065,290.9922,3.3179,767.564,0.59,A
30,sn1/user-mongodb,9.18,97.16,704.78,0.0234,2,98,290.9922,1.2787,1.3592,0.0268,A
30,sn1/user-service,68.4,18.02,251.42,0.0,0,712,290.9922,1.2787,767.564,0.174,A
30,sn1/user-timeline-mongodb,16.32,106.91,703.03,0.0273,4,362,290.9922,1.2787,767.564,0.0402,A
30,sn1/user-timeline-redis,149.27,95.68,136.86,0.0,0,773,290.9922,2.1523,767.564,0.349,A
30,sn1/user-timeline-service,1462.39,520.18,251.42,0.0,0,4774,1084.1871,21.0856,767.564,3.45,A
31,hotel/consul,15.52,27.84,201.48,0.0,0,2014,463.1388,1.2787,752.3547,0.0195,A
31,hotel/frontend,9921.89,129.19,1119.14,0.0,0,983901,226257.5642,108.1153,752.3547,25.0,A
31,hotel/geo,1131.26,29.64,1119.06,0.0,0,2415,555.3526,12.3269,752.3547,3.11,A
31,hotel/jaeger,0.86,14.79,81.01,0.0,0,3180,731.2718,1.2787,1.3592,0.0,A
31,hotel/memcached-profile,143.22,7.74,79.25,0.0,0,1299,298.7176,1.5606,752.3547,0.35,A
31,hotel/memcached-rate,103.79,7.58,79.25,0.0,0,1226,290.9922,1.2787,752.3547,0.272,A
31,hotel/memcached-reserve,167.11,7.19,79.25,0.0,0,1172,290.9922,1.8209,752.3547,0.428,A
31,hotel/mongodb-geo,7.72,63.0,400.43,0.0469,10,114,290.9922,1.2787,1.3592,0.0195,A
31,hotel/mongodb-profile,7.43,65.04,400.43,0.0508,12,676,290.9922,1.2787,1.3592,0.0195,A
31,hotel/mongodb-rate,7.65,64.81,400.43,0.0273,2,68,290.9922,1.2787,1.3592,0.0195,A
31,hotel/mongodb-recommendation,7.39,62.84,400.43,0.0469,10,119,290.9922,1.2787,1.3592,0.0389,A
31,hotel/mongodb-reservation,11.12,252.78,400.43,0.668,114,93,290.9922,1.2787,752.3547,0.0389,A
31,hotel/mongodb-user,7.44,62.85,400.43,0.0742,12,166,290.9922,1.2787,1.3592,0.0195,A
31,hotel/profile,3475.21,47.09,1119.06,0.0,0,75271,17309.2955,37.8681,752.3547,9.1,A
31,hotel/rate,1465.77,38.87,1119.14,0.0,0,3161,726.9026,15.972,752.3547,3.74,A
31,hotel/recommendation,708.16,27.68,1119.06,0.0,0,1790,411.6278,7.7166,752.3547,1.79,A
31,hotel/reservation,3275.33,69.79,1119.06,0.0,0,205794,47324.3235,35.6901,752.3547,7.9,A
31,hotel/search,2726.06,33.31,1119.06,0.0,0,11957,2749.628,29.7049,752.3547,6.91,A
31,hotel/user,47.21,20.47,1119.06,0.0,0,618,290.9922,1.2787,752.3547,0.136,A
31,sn1/compose-post-service,1372.12,90.09,251.42,0.0,0,5253,1207.9782,14.9515,752.3547,2.92,A
31,sn1/home-timeline-redis,288.25,2552.38,952.74,0.0,0,1261,290.9922,3.141,752.3547,0.72,A
31,sn1/home-timeline-service,1596.59,111.14,251.42,0.0,0,3715,854.3002,17.3975,752.3547,3.97,A
31,sn1/jaeger,13.09,5261.85,75.0,0.0,0,372,290.9922,1.2787,752.3547,0.0584,A
31,sn1/media-frontend,0.0,2027.57,648.43,0.0,0,0,290.9922,1.2787,1.3592,0.0,A
31,sn1/media-memcached,0.18,4.63,75.33,0.0,0,0,290.9922,1.2787,1.3592,0.0,A
31,sn1/media-mongodb,7.94,73.78,704.02,0.0,0,137,290.9922,1.2787,1.3592,0.0195,A
31,sn1/media-service,74.28,4.73,251.42,0.0,0,829,290.9922,1.2787,752.3547,0.175,A
31,sn1/nginx-thrift,23861.65,43080.12,620.32,0.0,0,5831,1340.8949,260.0119,752.3547,60.3,A
31,sn1/post-storage-memcached,1754.6,70.61,75.33,0.0,0,5560,1278.5758,19.1192,752.3547,4.44,A
31,sn1/post-storage-mongodb,918.86,8188.08,4130.05,0.0039,2,1024,290.9922,10.0125,752.3547,2.33,A
31,sn1/post-storage-service,7385.62,96.29,251.42,0.0,0,9938,2285.3394,80.4785,752.3547,18.6,A
31,sn1/social-graph-mongodb,8.53,727.95,757.02,0.0,0,148,290.9922,1.2787,1.3592,0.0195,A
31,sn1/social-graph-redis,2.2,20.04,103.57,0.0,0,120,290.9922,1.2787,1.3592,0.0,A
31,sn1/social-graph-service,0.05,31.3,251.42,0.0,0,0,290.9922,1.2787,1.3592,0.0,A
31,sn1/text-service,1449.6,88.47,251.42,0.0,0,4832,1111.1652,15.7958,752.3547,3.17,A
31,sn1/unique-id-service,77.95,4.71,251.42,0.0,0,683,290.9922,1.2787,752.3547,0.175,A
31,sn1/url-shorten-memcached,0.16,4.63,75.33,0.0,0,0,290.9922,1.2787,1.3592,0.0,A
31,sn1/url-shorten-mongodb,354.68,106.41,702.87,0.0234,4,1044,290.9922,3.8648,752.3547,0.642,A
31,sn1/url-shorten-service,1365.83,80.66,251.42,0.0,0,4922,1131.8616,14.883,752.3547,2.68,A
31,sn1/user-memcached,150.4,6.38,75.33,0.0,0,2339,537.8757,1.6389,752.3547,0.389,A
31,sn1/user-mention-service,232.75,6.83,251.42,0.0,0,973,290.9922,2.5362,752.3547,0.603,A
31,sn1/user-mongodb,8.27,96.96,704.78,0.0,0,739,290.9922,1.2787,1.3592,0.0389,A
31,sn1/user-service,70.93,18.02,251.42,0.0,0,770,290.9922,1.2787,752.3547,0.156,A
31,sn1/user-timeline-mongodb,15.28,106.91,703.03,0.0,0,503,290.9922,1.2787,752.3547,0.0389,A
31,sn1/user-timeline-redis,151.73,95.45,136.86,0.0,0,1067,290.9922,1.6533,752.3547,0.37,A
31,sn1/user-timeline-service,1502.47,520.5,251.42,0.0,0,5039,1158.7669,16.3719,752.3547,3.64,A
32,hotel/consul,14.12,27.84,201.48,0.0,0,1265,300.1101,1.2787,770.5573,0.0186,A
32,hotel/frontend,9930.79,126.98,1119.14,0.0,0,1011908,240066.2278,125.6398,770.5573,24.3,A
32,hotel/geo,1025.76,28.36,1119.06,0.0,0,2137,506.9844,12.9774,770.5573,2.18,A
32,hotel/jaeger,0.24,14.79,81.01,0.0,0,0,290.9922,1.2787,1.3592,0.0,A
32,hotel/memcached-profile,135.69,7.71,79.25,0.0,0,931,290.9922,1.7167,770.5573,0.316,A
32,hotel/memcached-rate,101.33,7.88,79.25,0.0,0,1187,290.9922,1.282,770.5573,0.242,A
32,hotel/memcached-reserve,160.39,7.23,79.25,0.0,0,838,290.9922,2.0292,770.5573,0.372,A
32,hotel/mongodb-geo,7.3,63.02,400.43,0.0,0,88,290.9922,1.2787,1.3592,0.0186,A
32,hotel/mongodb-profile,7.18,65.06,400.43,0.0,0,83,290.9922,1.2787,1.3592,0.0186,A
32,hotel/mongodb-rate,7.09,64.81,400.43,0.0,0,104,290.9922,1.2787,1.3592,0.0372,A
32,hotel/mongodb-recommendation,7.18,62.85,400.43,0.0,0,278,290.9922,1.2787,1.3592,0.0186,A
32,hotel/mongodb-reservation,8.27,252.8,400.43,0.0273,14,94,290.9922,1.2787,1.3592,0.0372,A
32,hotel/mongodb-user,7.51,62.87,400.43,0.0,0,77,290.9922,1.2787,1.3592,0.0186,A
32,hotel/profile,3377.23,52.66,1119.06,0.0,0,51566,12233.5777,42.7272,770.5573,7.33,A
32,hotel/rate,1348.49,38.07,1119.14,0.0,0,2869,680.6449,17.0605,770.5573,2.86,A
32,hotel/recommendation,659.82,28.27,1119.06,0.0,0,1683,399.2769,8.3477,770.5573,1.4,A
32,hotel/reservation,3484.63,65.9,1119.06,0.0,0,170534,40457.684,44.086,770.5573,8.57,A
32,hotel/search,2412.55,39.25,1119.06,0.0,0,7906,1875.6286,30.5225,770.5573,5.54,A
32,hotel/user,47.08,20.83,1119.06,0.0,0,573,290.9922,1.2787,770.5573,0.13,A
32,sn1/compose-post-service,1327.84,84.9,251.42,0.0,0,5157,1223.4527,16.7992,770.5573,3.03,A
32,sn1/home-timeline-redis,279.23,2552.45,952.74,0.0,0,1015,290.9922,3.5327,770.5573,0.707,A
32,sn1/home-timeline-service,1577.33,111.03,251.42,0.0,0,3609,856.2033,19.9557,770.5573,3.89,A
32,sn1/jaeger,55.42,5261.85,75.0,0.0,0,564,290.9922,1.2787,770.5573,0.205,A
32,sn1/media-frontend,0.0,2027.57,648.43,0.0,0,0,290.9922,1.2787,1.3592,0.0,A
32,sn1/media-memcached,0.16,4.63,75.33,0.0,0,0,290.9922,1.2787,1.3592,0.0,A
32,sn1/media-mongodb,8.76,73.78,704.02,0.0234,2,142,290.9922,1.2787,1.3592,0.0372,A
32,sn1/media-service,71.35,4.8,251.42,0.0,0,673,290.9922,1.2787,770.5573,0.186,A
32,sn1/nginx-thrift,23873.42,43090.11,620.32,52.9102,472,5650,1340.4126,302.0356,770.5573,58.2,A
32,sn1/post-storage-memcached,1737.34,70.93,75.33,0.0,0,6079,1442.189,21.98,770.5573,4.35,A
32,sn1/post-storage-mongodb,909.59,8187.55,4130.05,0.0352,2,809,290.9922,11.5077,770.5573,2.23,A
32,sn1/post-storage-service,7306.67,94.05,251.42,0.0,0,10000,2372.4116,92.4407,770.5573,17.9,A
32,sn1/social-graph-mongodb,9.99,727.96,757.02,0.0273,2,75,290.9922,1.2787,1.3592,0.0186,A
32,sn1/social-graph-redis,2.24,20.04,103.57,0.0,0,171,290.9922,1.2787,1.3592,0.0,A
32,sn1/social-graph-service,0.0,31.3,251.42,0.0,0,0,290.9922,1.2787,1.3592,0.0,A
32,sn1/text-service,1414.03,84.87,251.42,0.0,0,4786,1135.4362,17.8897,770.5573,3.16,A
32,sn1/unique-id-service,75.07,4.71,251.42,0.0,0,568,290.9922,1.2787,770.5573,0.205,A
32,sn1/url-shorten-memcached,0.17,4.63,75.33,0.0,0,0,290.9922,1.2787,1.3592,0.0,A
32,sn1/url-shorten-mongodb,349.52,106.71,702.87,0.0,0,1274,302.2452,4.422,770.5573,0.688,A
32,sn1/url-shorten-service,1308.8,76.91,251.42,0.0,0,4935,1170.7851,16.5583,770.5573,2.66,A
32,sn1/user-memcached,150.1,6.61,75.33,0.0,0,1771,420.1541,1.899,770.5573,0.372,A
32,sn1/user-mention-service,232.33,6.9,251.42,0.0,0,987,290.9922,2.9393,770.5573,0.595,A
32,sn1/user-mongodb,9.32,96.97,704.78,0.0273,2,110,290.9922,1.2787,1.3592,0.0186,A
32,sn1/user-service,67.56,18.02,251.42,0.0,0,829,290.9922,1.2787,770.5573,0.167,A
32,sn1/user-timeline-mongodb,14.88,106.91,703.03,0.0234,2,371,290.9922,1.2787,770.5573,0.0372,A
32,sn1/user-timeline-redis,148.58,95.7,136.86,0.0,0,912,290.9922,1.8798,770.5573,0.372,A
32,sn1/user-timeline-service,1472.03,519.41,251.42,0.0,0,4734,1123.0997,18.6235,770.5573,3.52,A
33,hotel/consul,14.41,27.84,201.48,0.0,0,936,290.9922,1.2787,764.5362,0.0402,A
33,hotel/frontend,9862.21,114.53,1119.14,0.0,0,964037,211760.9961,152.9364,764.5362,26.1,A
33,hotel/geo,963.75,28.66,1119.06,0.0,0,2260,496.4331,14.9452,764.5362,2.35,A
33,hotel/jaeger,0.23,14.79,81.01,0.0,0,0,290.9922,1.2787,1.3592,0.0,A
33,hotel/memcached-profile,131.81,7.72,79.25,0.0,0,1120,290.9922,2.044,764.5362,0.342,A
33,hotel/memcached-rate,95.69,7.61,79.25,0.0,0,1264,290.9922,1.4839,764.5362,0.241,A
33,hotel/memcached-reserve,151.41,7.21,79.25,0.0,0,1085,290.9922,2.348,764.5362,0.342,A
33,hotel/mongodb-geo,7.22,63.02,400.43,0.0,0,68,290.9922,1.2787,1.3592,0.0201,A
33,hotel/mongodb-profile,6.93,65.06,400.43,0.0,0,64,290.9922,1.2787,1.3592,0.0402,A
33,hotel/mongodb-rate,7.7,64.81,400.43,0.0391,4,103,290.9922,1.2787,1.3592,0.0402,A
33,hotel/mongodb-recommendation,7.05,62.85,400.43,0.0,0,55,290.9922,1.2787,1.3592,0.0201,A
33,hotel/mongodb-reservation,9.86,252.81,400.43,0.0977,44,174,290.9922,1.2787,1.3592,0.0201,A
33,hotel/mongodb-user,7.05,62.87,400.43,0.0,0,145,290.9922,1.2787,1.3592,0.0402,A
33,hotel/profile,3269.52,50.57,1119.06,0.0,0,78640,17274.1137,50.7015,764.5362,7.97,A
33,hotel/rate,1228.95,38.73,1119.14,0.0,0,2844,624.7149,19.0577,764.5362,3.32,A
33,hotel/recommendation,677.98,27.5,1119.06,0.0,0,1725,378.9146,10.5137,764.5362,1.71,A
33,hotel/reservation,3291.66,64.83,1119.06,0.0,0,307529,67552.0207,51.0448,764.5362,6.44,A
33,hotel/search,2627.93,37.91,1119.06,0.0,0,5110,1122.4659,40.7521,764.5362,6.46,A
33,hotel/user,46.2,20.97,1119.06,0.0,0,655,290.9922,1.2787,764.5362,0.0805,A
33,sn1/compose-post-service,1304.02,85.54,251.42,0.0,0,4861,1067.7704,20.2219,764.5362,3.28,A
33,sn1/home-timeline-redis,278.13,2552.46,952.74,0.0,0,1267,290.9922,4.3131,764.5362,0.724,A
33,sn1/home-timeline-service,1582.2,110.7,251.42,0.0,0,3341,733.8862,24.5357,764.5362,4.18,A
33,sn1/jaeger,12.58,5261.85,75.0,0.0,0,349,290.9922,1.2787,764.5362,0.0805,A
33,sn1/media-frontend,0.0,2027.57,648.43,0.0,0,0,290.9922,1.2787,1.3592,0.0,A
33,sn1/media-memcached,0.15,4.63,75.33,0.0,0,0,290.9922,1.2787,1.3592,0.0,A
33,sn1/media-mongodb,7.84,73.78,704.02,0.1914,32,131,290.9922,1.2787,1.3592,0.0402,A
33,sn1/media-service,72.85,4.8,251.42,0.0,0,919,290.9922,1.2787,764.5362,0.201,A
33,sn1/nginx-thrift,23798.21,43102.77,620.32,0.0,0,4846,1064.4755,369.0464,764.5362,61.7,A
33,sn1/post-storage-memcached,1742.95,70.8,75.33,0.0,0,5238,1150.5825,27.0285,764.5362,4.51,A
33,sn1/post-storage-mongodb,908.1,8187.05,4130.05,0.0,0,947,290.9922,14.0822,764.5362,2.35,A
33,sn1/post-storage-service,7360.18,93.18,251.42,0.0,0,9515,2090.0711,114.1367,764.5362,18.9,A
33,sn1/social-graph-mongodb,7.92,727.96,757.02,0.0078,4,79,290.9922,1.2787,1.3592,0.0,A
33,sn1/social-graph-redis,2.21,20.04,103.57,0.0,0,224,290.9922,1.2787,1.3592,0.0,A
33,sn1/social-graph-service,0.05,31.3,251.42,0.0,0,0,290.9922,1.2787,1.3592,0.0,A
33,sn1/text-service,1385.67,85.64,251.42,0.0,0,4530,995.0628,21.488,764.5362,3.44,A
33,sn1/unique-id-service,74.09,4.67,251.42,0.0,0,884,290.9922,1.2787,764.5362,0.221,A
33,sn1/url-shorten-memcached,0.19,4.63,75.33,0.0,0,0,290.9922,1.2787,1.3592,0.0,A
33,sn1/url-shorten-mongodb,331.88,107.01,702.87,0.0195,2,1135,290.9922,5.1466,764.5362,0.704,A
33,sn1/url-shorten-service,1283.31,77.92,251.42,0.0,0,4352,955.9632,19.9007,764.5362,2.88,A
33,sn1/user-memcached,149.72,6.35,75.33,0.0,0,2288,502.5836,2.3218,764.5362,0.422,A
33,sn1/user-mention-service,232.73,7.15,251.42,0.0,0,1070,290.9922,3.609,764.5362,0.644,A
33,sn1/user-mongodb,7.76,96.97,704.78,0.3359,34,81,290.9922,1.2787,1.3592,0.0201,A
33,sn1/user-service,67.71,18.02,251.42,0.0,0,615,290.9922,1.2787,764.5362,0.181,A
33,sn1/user-timeline-mongodb,14.67,106.91,703.03,0.0,0,378,290.9922,1.2787,764.5362,0.0604,A
33,sn1/user-timeline-redis,148.98,95.45,136.86,0.0,0,734,290.9922,2.3103,764.5362,0.402,A
33,sn1/user-timeline-service,1472.97,519.79,251.42,0.0,0,4915,1079.6321,22.8418,764.5362,3.68,A
34,hotel/consul,14.09,27.84,201.48,0.0,0,1311,290.9922,1.2787,779.3427,0.0193,A
34,hotel/frontend,9970.85,123.32,1119.14,0.0,0,718243,159273.3253,81.8306,779.3427,25.0,A
34,hotel/geo,1198.69,27.46,1119.06,0.0,0,2352,521.5656,9.8376,779.3427,2.85,A
34,hotel/jaeger,0.21,14.79,81.01,0.0,0,0,290.9922,1.2787,1.3592,0.0,A
34,hotel/memcached-profile,135.66,8.24,79.25,0.0,0,947,290.9922,1.2787,779.3427,0.366,A
34,hotel/memcached-rate,105.97,7.57,79.25,0.0,0,888,290.9922,1.2787,779.3427,0.27,A
34,hotel/memcached-reserve,173.51,7.2,79.25,0.0,0,965,290.9922,1.424,779.3427,0.424,A
34,hotel/mongodb-geo,7.54,63.02,400.43,0.0156,2,69,290.9922,1.2787,1.3592,0.0193,A
34,hotel/mongodb-profile,7.24,65.06,400.43,0.0156,2,66,290.9922,1.2787,1.3592,0.0386,A
34,hotel/mongodb-rate,6.95,64.81,400.43,0.0,0,57,290.9922,1.2787,1.3592,0.0193,A
34,hotel/mongodb-recommendation,7.45,62.85,400.43,0.0156,2,257,290.9922,1.2787,1.3592,0.0193,A
34,hotel/mongodb-reservation,9.7,252.82,400.43,0.082,36,109,290.9922,1.2787,1.3592,0.0193,A
34,hotel/mongodb-user,7.59,62.94,400.43,0.0156,2,118,290.9922,1.2787,1.3592,0.0193,A
34,hotel/profile,3586.54,47.48,1119.06,0.0,0,103077,22857.7467,29.4347,779.3427,9.21,A
34,hotel/rate,1394.88,39.8,1119.14,0.0,0,2946,653.2876,11.4478,779.3427,3.66,A
34,hotel/recommendation,749.27,26.61,1119.06,0.0,0,1894,420.0023,6.1492,779.3427,1.91,A
34,hotel/reservation,3854.22,70.71,1119.06,0.0,0,232844,51634.1101,31.6315,779.3427,10.2,A
34,hotel/search,2795.91,36.39,1119.06,0.0,0,6946,1540.3039,22.946,779.3427,7.13,A
34,hotel/user,43.06,21.09,1119.06,0.0,0,681,290.9922,1.2787,779.3427,0.116,A
34,sn1/compose-post-service,1339.32,86.58,251.42,0.0,0,4872,1080.3859,10.9918,779.3427,3.12,A
34,sn1/home-timeline-redis,278.32,2553.21,952.74,0.0,0,922,290.9922,2.2842,779.3427,0.694,A
34,sn1/home-timeline-service,1567.68,111.29,251.42,0.0,0,3210,711.8306,12.8659,779.3427,3.99,A
34,sn1/jaeger,54.15,5261.95,75.0,0.0,0,577,290.9922,1.2787,779.3427,0.193,A
34,sn1/media-frontend,0.0,2027.57,648.43,0.0,0,0,290.9922,1.2787,1.3592,0.0,A
34,sn1/media-memcached,0.17,4.63,75.33,0.0,0,0,290.9922,1.2787,1.3592,0.0,A
34,sn1/media-mongodb,9.13,73.79,704.02,0.0469,4,101,290.9922,1.2787,1.3592,0.0193,A
34,sn1/media-service,73.66,4.73,251.42,0.0,0,670,290.9922,1.2787,779.3427,0.193,A
34,sn1/nginx-thrift,23666.69,43110.36,620.32,0.0,0,5113,1133.8287,194.232,779.3427,59.8,A
34,sn1/post-storage-memcached,1741.41,70.84,75.33,0.0,0,5524,1224.9696,14.2917,779.3427,4.41,A
34,sn1/post-storage-mongodb,904.59,8188.03,4130.05,0.0547,4,770,290.9922,7.424,779.3427,2.27,A
34,sn1/post-storage-service,7308.13,95.47,251.42,0.0,0,9065,2010.2009,59.9777,779.3427,18.4,A
34,sn1/social-graph-mongodb,9.61,727.96,757.02,1.5664,58,96,290.9922,1.2787,1.3592,0.0386,A
34,sn1/social-graph-redis,2.17,20.04,103.57,0.0,0,212,290.9922,1.2787,1.3592,0.0,A
34,sn1/social-graph-service,0.0,31.3,251.42,0.0,0,0,290.9922,1.2787,1.3592,0.0,A
34,sn1/text-service,1418.3,86.8,251.42,0.0,0,4519,1002.1067,11.64,779.3427,3.26,A
34,sn1/unique-id-service,76.4,4.67,251.42,0.0,0,623,290.9922,1.2787,779.3427,0.193,A
34,sn1/url-shorten-memcached,0.14,4.63,75.33,0.0,0,0,290.9922,1.2787,1.3592,0.0,A
34,sn1/url-shorten-mongodb,308.24,107.41,702.87,0.0,0,720,290.9922,2.5297,779.3427,0.598,A
34,sn1/url-shorten-service,1235.23,78.14,251.42,0.0,0,3749,831.3561,10.1375,779.3427,2.54,A
34,sn1/user-memcached,151.77,6.59,75.33,0.0,0,1903,421.998,1.2787,779.3427,0.386,A
34,sn1/user-mention-service,237.78,6.89,251.42,0.0,0,1056,290.9922,1.9515,779.3427,0.636,A
34,sn1/user-mongodb,9.08,96.97,704.78,0.0273,2,117,290.9922,1.2787,1.3592,0.0386,A
34,sn1/user-service,68.75,18.05,251.42,0.0,0,725,290.9922,1.2787,779.3427,0.193,A
34,sn1/user-timeline-mongodb,15.56,106.91,703.03,0.0234,2,386,290.9922,1.2787,779.3427,0.0578,A
34,sn1/user-timeline-redis,147.48,95.45,136.86,0.0,0,851,290.9922,1.2787,779.3427,0.347,A
34,sn1/user-timeline-service,1453.3,522.5,251.42,0.0,0,4534,1005.4331,11.9272,779.3427,3.53,A
35,hotel/consul,14.34,27.84,201.48,0.0,0,1279,310.8202,1.2787,749.3302,0.0193,A
35,hotel/frontend,9974.37,126.24,1119.14,0.0,0,1004790,244182.1773,95.4283,749.3302,25.1,A
35,hotel/geo,1037.54,29.99,1119.06,0.0,0,2166,526.3772,9.9265,749.3302,2.96,A
35,hotel/jaeger,0.26,14.79,81.01,0.0,0,0,290.9922,1.2787,1.3592,0.0,A
35,hotel/memcached-profile,128.46,7.73,79.25,0.0,0,929,290.9922,1.2787,749.3302,0.348,A
35,hotel/memcached-rate,103.54,7.61,79.25,0.0,0,1078,290.9922,1.2787,749.3302,0.27,A
35,hotel/memcached-reserve,159.29,7.24,79.25,0.0,0,961,290.9922,1.524,749.3302,0.444,A
35,hotel/mongodb-geo,7.17,63.02,400.43,0.0,0,52,290.9922,1.2787,1.3592,0.0,A
35,hotel/mongodb-profile,7.09,65.06,400.43,0.0,0,49,290.9922,1.2787,1.3592,0.0193,A
35,hotel/mongodb-rate,7.94,64.81,400.43,0.0508,4,68,290.9922,1.2787,1.3592,0.0193,A
35,hotel/mongodb-recommendation,7.23,62.85,400.43,0.0,0,75,290.9922,1.2787,1.3592,0.0193,A
35,hotel/mongodb-reservation,8.42,252.82,400.43,0.0391,20,94,290.9922,1.2787,1.3592,0.0,A
35,hotel/mongodb-user,7.18,62.99,400.43,0.0,0,97,290.9922,1.2787,1.3592,0.0386,A
35,hotel/profile,3250.87,51.08,1119.06,0.0,0,33490,8138.6769,31.1022,749.3302,8.56,A
35,hotel/rate,1452.67,40.24,1119.14,0.0,0,2459,597.5816,13.8982,749.3302,4.62,A
35,hotel/recommendation,708.4,26.98,1119.06,0.0,0,1730,420.4213,6.7775,749.3302,2.03,A
35,hotel/reservation,3361.53,70.5,1119.06,0.0,0,205501,49940.4668,32.161,749.3302,9.29,A
35,hotel/search,2533.66,31.29,1119.06,0.0,0,11837,2876.6055,24.2404,749.3302,7.11,A
35,hotel/user,45.34,19.93,1119.06,0.0,0,659,290.9922,1.2787,749.3302,0.0966,A
35,sn1/compose-post-service,1318.81,86.22,251.42,0.0,0,5026,1221.4091,12.6175,749.3302,3.27,A
35,sn1/home-timeline-redis,283.97,2552.73,952.74,0.0,0,1080,290.9922,2.7168,749.3302,0.696,A
35,sn1/home-timeline-service,1572.66,110.92,251.42,0.0,0,3327,808.5213,15.0462,749.3302,3.94,A
35,sn1/jaeger,15.15,5261.97,75.0,0.0,0,270,290.9922,1.2787,749.3302,0.058,A
35,sn1/media-frontend,0.0,2027.57,648.43,0.0,0,0,290.9922,1.2787,1.3592,0.0,A
35,sn1/media-memcached,0.17,4.63,75.33,0.0,0,0,290.9922,1.2787,1.3592,0.0,A
35,sn1/media-mongodb,7.97,73.79,704.02,0.0,0,80,290.9922,1.2787,1.3592,0.0386,A
35,sn1/media-service,71.74,4.96,251.42,0.0,0,806,290.9922,1.2787,749.3302,0.174,A
35,sn1/nginx-thrift,23779.05,43126.28,620.32,0.0,0,5000,1215.0906,227.5026,749.3302,60.5,A
35,sn1/post-storage-memcached,1748.65,71.25,75.33,0.0,0,5080,1234.5321,16.73,749.3302,4.5,A
35,sn1/post-storage-mongodb,905.7,8187.52,4130.05,0.0,0,954,290.9922,8.6652,749.3302,2.36,A
35,sn1/post-storage-service,7357.87,93.15,251.42,0.0,0,9309,2262.2557,70.3954,749.3302,18.7,A
35,sn1/social-graph-mongodb,7.98,727.96,757.02,0.0,0,103,290.9922,1.2787,1.3592,0.0386,A
35,sn1/social-graph-redis,2.12,20.04,103.57,0.0,0,212,290.9922,1.2787,1.3592,0.0,A
35,sn1/social-graph-service,0.04,31.3,251.42,0.0,0,0,290.9922,1.2787,1.3592,0.0,A
35,sn1/text-service,1415.3,87.6,251.42,0.0,0,4731,1149.7187,13.5407,749.3302,3.57,A
35,sn1/unique-id-service,74.61,4.67,251.42,0.0,0,696,290.9922,1.2787,749.3302,0.213,A
35,sn1/url-shorten-memcached,0.15,4.63,75.33,0.0,0,0,290.9922,1.2787,1.3592,0.0,A
35,sn1/url-shorten-mongodb,302.75,108.59,702.87,0.0273,4,804,290.9922,2.8965,749.3302,0.618,A
35,sn1/url-shorten-service,1215.9,77.77,251.42,0.0,0,3540,860.2841,11.6329,749.3302,3.01,A
35,sn1/user-memcached,152.14,6.35,75.33,0.0,0,1941,471.6982,1.4556,749.3302,0.386,A
35,sn1/user-mention-service,237.96,6.89,251.42,0.0,0,1065,290.9922,2.2766,749.3302,0.618,A
35,sn1/user-mongodb,7.78,96.97,704.78,0.0,0,75,290.9922,1.2787,1.3592,0.0386,A
35,sn1/user-service,69.04,18.05,251.42,0.0,0,795,290.9922,1.2787,749.3302,0.174,A
35,sn1/user-timeline-mongodb,14.53,106.91,703.03,0.0,0,273,290.9922,1.2787,749.3302,0.058,A
35,sn1/user-timeline-redis,152.52,95.45,136.86,0.0,0,761,290.9922,1.4592,749.3302,0.386,A
35,sn1/user-timeline-service,1485.6,520.13,251.42,0.0,0,4490,1091.1514,14.2133,749.3302,3.71,A
36,hotel/consul,13.77,27.84,201.48,0.0,0,998,290.9922,1.2787,724.8912,0.0197,A
36,hotel/frontend,9820.78,118.49,1119.14,0.0,0,971998,221557.1127,90.592,724.8912,25.3,A
36,hotel/geo,1033.5,29.0,1119.06,0.0,0,1918,437.1887,9.5335,724.8912,2.52,A
36,hotel/jaeger,0.23,14.79,81.01,0.0,0,0,290.9922,1.2787,1.3592,0.0,A
36,hotel/memcached-profile,132.79,7.75,79.25,0.0,0,1218,290.9922,1.2787,724.8912,0.334,A
36,hotel/memcached-rate,98.62,7.59,79.25,0.0,0,815,290.9922,1.2787,724.8912,0.236,A
36,hotel/memcached-reserve,160.1,7.15,79.25,0.0,0,983,290.9922,1.4768,724.8912,0.393,A
36,hotel/mongodb-geo,8.11,63.02,400.43,0.0156,2,56,290.9922,1.2787,1.3592,0.0197,A
36,hotel/mongodb-profile,8.02,65.06,400.43,0.0273,4,84,290.9922,1.2787,1.3592,0.0197,A
36,hotel/mongodb-rate,7.9,64.81,400.43,0.0,0,90,290.9922,1.2787,1.3592,0.0197,A
36,hotel/mongodb-recommendation,8.2,62.85,400.43,0.0156,2,143,290.9922,1.2787,1.3592,0.0393,A
36,hotel/mongodb-reservation,9.53,252.83,400.43,0.0586,22,146,290.9922,1.2787,1.3592,0.059,A
36,hotel/mongodb-user,8.41,62.99,400.43,0.0156,2,129,290.9922,1.2787,1.3592,0.0197,A
36,hotel/profile,3594.48,54.76,1119.06,0.0,0,44405,10121.6706,33.1574,724.8912,8.97,A
36,hotel/rate,1371.8,41.85,1119.14,0.0,0,2675,609.7392,12.6542,724.8912,3.15,A
36,hotel/recommendation,724.47,26.62,1119.06,0.0,0,1557,354.9024,6.6829,724.8912,1.63,A
36,hotel/reservation,3442.34,71.47,1119.06,0.0,0,326025,74314.1011,31.7539,724.8912,7.99,A
36,hotel/search,2551.72,40.05,1119.06,0.0,0,7601,1732.5711,23.5384,724.8912,6.06,A
36,hotel/user,40.97,19.89,1119.06,0.0,0,657,290.9922,1.2787,724.8912,0.118,A
36,sn1/compose-post-service,1316.16,84.58,251.42,0.0,0,4852,1105.9643,12.1409,724.8912,3.15,A
36,sn1/home-timeline-redis,282.62,2552.97,952.74,0.0,0,1113,290.9922,2.607,724.8912,0.708,A
36,sn1/home-timeline-service,1594.02,110.3,251.42,0.0,0,3254,741.7164,14.7041,724.8912,3.97,A
36,sn1/jaeger,57.3,5262.99,75.0,0.0,0,399,290.9922,1.2787,724.8912,0.256,A
36,sn1/media-frontend,0.0,2027.57,648.43,0.0,0,0,290.9922,1.2787,1.3592,0.0,A
36,sn1/media-memcached,0.15,4.63,75.33,0.0,0,0,290.9922,1.2787,1.3592,0.0,A
36,sn1/media-mongodb,9.86,73.79,704.02,0.0273,2,88,290.9922,1.2787,1.3592,0.0393,A
36,sn1/media-service,73.92,4.93,251.42,0.0,0,599,290.9922,1.2787,724.8912,0.197,A
36,sn1/nginx-thrift,23893.17,43132.3,620.32,44.9297,390,4865,1108.9275,220.403,724.8912,60.3,A
36,sn1/post-storage-memcached,1760.3,71.12,75.33,0.0,0,5591,1274.4119,16.2379,724.8912,4.45,A
36,sn1/post-storage-mongodb,915.27,8188.13,4130.05,0.0391,2,825,290.9922,8.4429,724.8912,2.34,A
36,sn1/post-storage-service,7395.82,94.37,251.42,0.0,0,9345,2130.0982,68.2229,724.8912,18.6,A
36,sn1/social-graph-mongodb,10.25,727.96,757.02,0.0273,2,69,290.9922,1.2787,724.8912,0.0393,A
36,sn1/social-graph-redis,2.23,20.04,103.57,0.0,0,435,290.9922,1.2787,1.3592,0.0,A
36,sn1/social-graph-service,0.0,31.3,251.42,0.0,0,0,290.9922,1.2787,1.3592,0.0,A
36,sn1/text-service,1389.29,82.52,251.42,0.0,0,4446,1013.4207,12.8155,724.8912,3.32,A
36,sn1/unique-id-service,73.69,4.67,251.42,0.0,0,732,290.9922,1.2787,724.8912,0.197,A
36,sn1/url-shorten-memcached,0.15,4.63,75.33,0.0,0,0,290.9922,1.2787,1.3592,0.0,A
36,sn1/url-shorten-mongodb,315.51,108.58,702.87,0.0,0,852,290.9922,2.9104,724.8912,0.61,A
36,sn1/url-shorten-service,1210.07,76.03,251.42,0.0,0,3467,790.2676,11.1623,724.8912,2.6,A
36,sn1/user-memcached,153.23,6.6,75.33,0.0,0,1357,309.3144,1.4135,724.8912,0.393,A
36,sn1/user-mention-service,234.77,6.91,251.42,0.0,0,921,290.9922,2.1656,724.8912,0.59,A
36,sn1/user-mongodb,9.99,96.97,704.78,0.043,4,101,290.9922,1.2787,1.3592,0.0197,A
36,sn1/user-service,68.63,18.05,251.42,0.0,0,739,290.9922,1.2787,724.8912,0.157,A
36,sn1/user-timeline-mongodb,16.35,106.91,703.03,0.0234,2,299,290.9922,1.2787,724.8912,0.0393,A
36,sn1/user-timeline-redis,151.81,95.71,136.86,0.0,0,723,290.9922,1.4004,724.8912,0.393,A
36,sn1/user-timeline-service,1492.72,519.98,251.42,0.0,0,4451,1014.5604,13.7696,724.8912,3.7,A
37,hotel/consul,14.78,27.84,201.48,0.0,0,733,290.9922,1.2787,756.5322,0.0366,A
37,hotel/frontend,9989.53,125.79,1119.14,0.0,0,868536,202349.8684,144.2025,756.5322,23.6,A
37,hotel/geo,1104.71,29.26,1119.06,0.0,0,2210,514.8816,15.9469,756.5322,3.09,A
37,hotel/jaeger,0.23,14.79,81.01,0.0,0,0,290.9922,1.2787,1.3592,0.0,A
37,hotel/memcached-profile,137.33,7.68,79.25,0.0,0,1044,290.9922,1.9824,756.5322,0.366,A
37,hotel/memcached-rate,102.77,7.62,79.25,0.0,0,933,290.9922,1.4835,756.5322,0.274,A
37,hotel/memcached-reserve,167.3,7.27,79.25,0.0,0,1144,290.9922,2.415,756.5322,0.421,A
37,hotel/mongodb-geo,7.78,63.02,400.43,0.0352,4,42,290.9922,1.2787,1.3592,0.0183,A
37,hotel/mongodb-profile,7.7,65.06,400.43,0.0352,4,46,290.9922,1.2787,1.3592,0.0183,A
37,hotel/mongodb-rate,8.51,64.81,400.43,0.0391,4,79,290.9922,1.2787,1.3592,0.0183,A
37,hotel/mongodb-recommendation,7.86,62.85,400.43,0.0352,4,116,290.9922,1.2787,1.3592,0.0183,A
37,hotel/mongodb-reservation,8.95,252.84,400.43,0.0391,20,184,290.9922,1.2787,1.3592,0.0183,A
37,hotel/mongodb-user,7.53,62.99,400.43,0.0508,6,128,290.9922,1.2787,1.3592,0.0183,A
37,hotel/profile,3370.82,54.8,1119.06,0.0,0,82297,19173.3988,48.659,756.5322,8.12,A
37,hotel/rate,1420.16,44.4,1119.14,0.0,0,2780,647.6791,20.5005,756.5322,4.1,A
37,hotel/recommendation,734.17,29.24,1119.06,0.0,0,1674,390.0053,10.598,756.5322,1.87,A
37,hotel/reservation,3316.28,74.8,1119.06,0.0,0,78769,18351.4521,47.8717,756.5322,9.04,A
37,hotel/search,2527.47,41.57,1119.06,0.0,0,6780,1579.5915,36.4849,756.5322,6.71,A
37,hotel/user,48.08,20.26,1119.06,0.0,0,675,290.9922,1.2787,756.5322,0.165,A
37,sn1/compose-post-service,1373.1,89.49,251.42,0.0,0,5255,1224.2999,19.8212,756.5322,3.06,A
37,sn1/home-timeline-redis,281.24,2552.48,952.74,0.0,0,1099,290.9922,4.0598,756.5322,0.677,A
37,sn1/home-timeline-service,1611.66,110.33,251.42,0.0,0,3312,771.6235,23.2649,756.5322,3.82,A
37,sn1/jaeger,16.66,5263.3,75.0,0.0,0,1429,332.9257,1.2787,756.5322,0.0732,A
37,sn1/media-frontend,0.0,2027.57,648.43,0.0,0,0,290.9922,1.2787,1.3592,0.0,A
37,sn1/media-memcached,0.19,4.63,75.33,0.0,0,0,290.9922,1.2787,1.3592,0.0,A
37,sn1/media-mongodb,8.6,73.53,704.02,0.0,0,58,290.9922,1.2787,1.3592,0.0366,A
37,sn1/media-service,78.14,4.93,251.42,0.0,0,789,290.9922,1.2787,756.5322,0.183,A
37,sn1/nginx-thrift,23887.66,43142.45,620.32,42.8086,370,5019,1169.3171,344.8271,756.5322,57.2,A
37,sn1/post-storage-memcached,1780.13,70.75,75.33,0.0,0,5057,1178.1703,25.6968,756.5322,4.28,A
37,sn1/post-storage-mongodb,925.1,8187.6,4130.05,0.0078,4,888,290.9922,13.3542,756.5322,2.29,A
37,sn1/post-storage-service,7481.65,91.17,251.42,0.0,0,9648,2247.7727,108.0003,756.5322,17.8,A
37,sn1/social-graph-mongodb,8.82,727.96,757.02,0.0,0,69,290.9922,1.2787,1.3592,0.0183,A
37,sn1/social-graph-redis,2.18,20.04,103.57,0.0,0,249,290.9922,1.2787,1.3592,0.0366,A
37,sn1/social-graph-service,0.04,31.3,251.42,0.0,0,0,290.9922,1.2787,1.3592,0.0,A
37,sn1/text-service,1469.91,93.09,251.42,0.0,0,4723,1100.3556,21.2187,756.5322,3.29,A
37,sn1/unique-id-service,78.7,4.67,251.42,0.0,0,699,290.9922,1.2787,756.5322,0.183,A
37,sn1/url-shorten-memcached,0.17,4.63,75.33,0.0,0,0,290.9922,1.2787,1.3592,0.0,A
37,sn1/url-shorten-mongodb,354.05,108.12,702.87,0.0391,4,1141,290.9922,5.1108,756.5322,0.714,A
37,sn1/url-shorten-service,1329.26,81.97,251.42,0.0,0,3695,860.8541,19.1884,756.5322,2.95,A
37,sn1/user-memcached,156.33,6.34,75.33,0.0,0,2024,471.5477,2.2567,756.5322,0.366,A
37,sn1/user-mention-service,246.05,6.89,251.42,0.0,0,911,290.9922,3.5518,756.5322,0.567,A
37,sn1/user-mongodb,8.7,96.97,704.78,0.0,0,182,290.9922,1.2787,1.3592,0.0183,A
37,sn1/user-service,72.9,18.05,251.42,0.0,0,674,290.9922,1.2787,756.5322,0.165,A
37,sn1/user-timeline-mongodb,15.22,106.91,703.03,0.0391,4,379,290.9922,1.2787,756.5322,0.0366,A
37,sn1/user-timeline-redis,152.32,95.95,136.86,0.0,0,682,290.9922,2.1988,756.5322,0.366,A
37,sn1/user-timeline-service,1513.97,521.58,251.42,0.0,0,4841,1127.847,21.8547,756.5322,3.51,A
38,hotel/consul,14.82,27.84,201.48,0.0,0,670,290.9922,1.2787,763.3778,0.0376,A
38,hotel/frontend,9997.73,128.98,1119.14,0.0,0,831265,194840.3029,117.2489,763.3778,25.3,A
38,hotel/geo,1169.27,30.73,1119.06,0.0,0,2006,470.1866,13.7127,763.3778,2.67,A
38,hotel/jaeger,0.86,14.79,81.01,0.0,0,22,290.9922,1.2787,1.3592,0.0,A
38,hotel/memcached-profile,134.82,7.98,79.25,0.0,0,881,290.9922,1.5811,763.3778,0.338,A
38,hotel/memcached-rate,110.08,7.62,79.25,0.0,0,915,290.9922,1.291,763.3778,0.263,A
38,hotel/memcached-reserve,166.33,7.49,79.25,0.0,0,790,290.9922,1.9506,763.3778,0.395,A
38,hotel/mongodb-geo,7.86,63.02,400.43,0.0156,2,89,290.9922,1.2787,1.3592,0.0188,A
38,hotel/mongodb-profile,7.85,65.06,400.43,0.0156,2,54,290.9922,1.2787,1.3592,0.0376,A
38,hotel/mongodb-rate,7.28,64.81,400.43,0.0,0,73,290.9922,1.2787,1.3592,0.0376,A
38,hotel/mongodb-recommendation,8.0,62.85,400.43,0.0156,2,55,290.9922,1.2787,1.3592,0.0376,A
38,hotel/mongodb-reservation,9.7,252.84,400.43,0.0664,26,78,290.9922,1.2787,1.3592,0.0188,A
38,hotel/mongodb-user,8.05,62.99,400.43,0.0156,2,86,290.9922,1.2787,1.3592,0.0376,A
38,hotel/profile,3470.13,57.12,1119.06,0.0,0,73768,17290.4903,40.6961,763.3778,7.87,A
38,hotel/rate,1432.52,41.17,1119.14,0.0,0,2648,620.665,16.8,763.3778,3.51,A
38,hotel/recommendation,694.15,25.68,1119.06,0.0,0,1523,356.9762,8.1407,763.3778,1.8,A
38,hotel/reservation,3556.28,71.45,1119.06,0.0,0,104033,24384.3073,41.7065,763.3778,7.74,A
38,hotel/search,2873.76,41.72,1119.06,0.0,0,10423,2443.0482,33.7022,763.3778,6.05,A
38,hotel/user,44.1,20.27,1119.06,0.0,0,592,290.9922,1.2787,763.3778,0.113,A
38,sn1/compose-post-service,1414.68,87.59,251.42,0.0,0,5375,1259.8469,16.5907,763.3778,3.36,A
38,sn1/home-timeline-redis,288.1,2552.53,952.74,0.0,0,979,290.9922,3.3787,763.3778,0.714,A
38,sn1/home-timeline-service,1641.7,108.38,251.42,0.0,0,3476,814.7401,19.2531,763.3778,4.04,A
38,sn1/jaeger,63.21,5265.98,75.0,0.0,0,634,290.9922,1.2787,763.3778,0.188,A
38,sn1/media-frontend,0.0,2027.57,648.43,0.0,0,0,290.9922,1.2787,1.3592,0.0,A
38,sn1/media-memcached,0.16,4.63,75.33,0.0,0,0,290.9922,1.2787,1.3592,0.0,A
38,sn1/media-mongodb,10.37,73.91,704.02,0.0312,4,80,290.9922,1.2787,763.3778,0.0376,A
38,sn1/media-service,77.92,4.93,251.42,0.0,0,678,290.9922,1.2787,763.3778,0.207,A
38,sn1/nginx-thrift,24349.42,43145.9,620.32,0.0,0,5461,1280.0044,285.5591,763.3778,60.0,A
38,sn1/post-storage-memcached,1787.48,70.32,75.33,0.0,0,5462,1280.2388,20.9628,763.3778,4.42,A
38,sn1/post-storage-mongodb,935.43,8187.69,4130.05,10.0547,170,868,290.9922,10.9703,763.3778,2.31,A
38,sn1/post-storage-service,7494.99,93.88,251.42,0.0,0,9961,2334.76,87.8979,763.3778,18.5,A
38,sn1/social-graph-mongodb,9.96,727.96,757.02,0.0273,2,148,290.9922,1.2787,1.3592,0.0564,A
38,sn1/social-graph-redis,2.12,20.04,103.57,0.0,0,390,290.9922,1.2787,1.3592,0.0,A
38,sn1/social-graph-service,0.0,31.3,251.42,0.0,0,0,290.9922,1.2787,1.3592,0.0,A
38,sn1/text-service,1474.38,87.77,251.42,0.0,0,4945,1159.0591,17.2909,763.3778,3.63,A
38,sn1/unique-id-service,78.84,4.64,251.42,0.0,0,795,290.9922,1.2787,763.3778,0.188,A
38,sn1/url-shorten-memcached,0.17,4.63,75.33,0.0,0,0,290.9922,1.2787,1.3592,0.0,A
38,sn1/url-shorten-mongodb,362.03,107.21,702.87,0.0,0,1134,290.9922,4.2457,763.3778,0.921,A
38,sn1/url-shorten-service,1393.82,78.55,251.42,0.0,0,4695,1100.4616,16.3461,763.3778,3.65,A
38,sn1/user-memcached,157.16,6.58,75.33,0.0,0,2147,503.2356,1.8431,763.3778,0.376,A
38,sn1/user-mention-service,245.24,6.9,251.42,0.0,0,1227,290.9922,2.8761,763.3778,0.601,A
38,sn1/user-mongodb,9.4,96.97,704.78,0.0469,4,101,290.9922,1.2787,1.3592,0.0376,A
38,sn1/user-service,68.98,18.05,251.42,0.0,0,831,290.9922,1.2787,763.3778,0.188,A
38,sn1/user-timeline-mongodb,16.16,106.91,703.03,0.0273,2,348,290.9922,1.2787,763.3778,0.0376,A
38,sn1/user-timeline-redis,155.94,95.46,136.86,0.0,0,901,290.9922,1.8288,763.3778,0.376,A
38,sn1/user-timeline-service,1525.62,521.02,251.42,0.0,0,4947,1159.5279,17.8918,763.3778,3.74,A
39,hotel/consul,15.83,27.84,201.48,0.0,0,1527,357.5941,1.2787,781.3473,0.0187,A
39,hotel/frontend,9960.2,135.2,1119.14,0.0,0,915586,214412.6607,120.4725,781.3473,25.1,A
39,hotel/geo,1149.92,32.07,1119.06,0.0,0,2361,552.9009,13.9087,781.3473,2.76,A
39,hotel/jaeger,0.22,14.79,81.01,0.0,0,0,290.9922,1.2787,1.3592,0.0,A
39,hotel/memcached-profile,139.8,7.73,79.25,0.0,0,1489,348.6952,1.6909,781.3473,0.336,A
39,hotel/memcached-rate,108.42,7.59,79.25,0.0,0,1087,290.9922,1.3114,781.3473,0.299,A
39,hotel/memcached-reserve,167.46,7.21,79.25,0.0,0,2011,470.9376,2.0255,781.3473,0.43,A
39,hotel/mongodb-geo,7.42,63.02,400.43,0.0,0,59,290.9922,1.2787,1.3592,0.0374,A
39,hotel/mongodb-profile,7.37,65.06,400.43,0.0,0,56,290.9922,1.2787,1.3592,0.0187,A
39,hotel/mongodb-rate,8.09,64.81,400.43,0.0273,2,136,290.9922,1.2787,1.3592,0.0374,A
39,hotel/mongodb-recommendation,7.31,62.85,400.43,0.0,0,1162,290.9922,1.2787,1.3592,0.0374,A
39,hotel/mongodb-reservation,8.96,252.84,400.43,0.0312,16,55,290.9922,1.2787,1.3592,0.0187,A
39,hotel/mongodb-user,7.28,62.99,400.43,0.0,0,45,290.9922,1.2787,1.3592,0.0374,A
39,hotel/profile,3247.27,47.65,1119.06,0.0,0,131990,30909.5236,39.277,781.3473,8.33,A
39,hotel/rate,1451.45,40.79,1119.14,0.0,0,2977,697.1562,17.5559,781.3473,4.16,A
39,hotel/recommendation,736.71,32.21,1119.06,0.0,0,1821,426.4432,8.9108,781.3473,1.92,A
39,hotel/reservation,3503.38,67.58,1119.06,0.0,0,191810,44918.219,42.3747,781.3473,7.88,A
39,hotel/search,2675.22,39.91,1119.06,0.0,0,11331,2653.5026,32.3578,781.3473,7.3,A
39,hotel/user,51.47,20.37,1119.06,0.0,0,884,290.9922,1.2787,781.3473,0.131,A
39,sn1/compose-post-service,1441.91,84.29,251.42,0.0,0,5415,1268.089,17.4405,781.3473,3.49,A
39,sn1/home-timeline-redis,294.82,2553.02,952.74,0.0,0,1278,299.2831,3.566,781.3473,0.728,A
39,sn1/home-timeline-service,1665.23,107.89,251.42,0.0,0,3578,837.8989,20.1416,781.3473,4.16,A
39,sn1/jaeger,14.09,5266.79,75.0,0.0,0,264,290.9922,1.2787,781.3473,0.0934,A
39,sn1/media-frontend,0.0,2027.57,648.43,0.0,0,0,290.9922,1.2787,1.3592,0.0,A
39,sn1/media-memcached,0.16,4.63,75.33,0.0,0,0,290.9922,1.2787,1.3592,0.0,A
39,sn1/media-mongodb,8.15,73.91,704.02,0.0664,8,54,290.9922,1.2787,1.3592,0.0374,A
39,sn1/media-service,79.93,4.83,251.42,0.0,0,801,290.9922,1.2787,781.3473,0.205,A
39,sn1/nginx-thrift,24354.99,43158.99,620.32,0.0,0,5376,1258.956,294.5831,781.3473,60.2,A
39,sn1/post-storage-memcached,1797.91,70.33,75.33,0.0,0,5620,1316.0961,21.7464,781.3473,4.41,A
39,sn1/post-storage-mongodb,938.05,8187.55,4130.05,0.0,0,881,290.9922,11.3461,781.3473,2.24,A
39,sn1/post-storage-service,7499.82,91.95,251.42,0.0,0,10271,2405.271,90.7132,781.3473,18.2,A
39,sn1/social-graph-mongodb,9.96,727.96,757.02,0.0039,2,138,290.9922,1.2787,1.3592,0.0187,A
39,sn1/social-graph-redis,2.27,20.04,103.57,0.0,0,191,290.9922,1.2787,1.3592,0.0187,A
39,sn1/social-graph-service,0.06,31.3,251.42,0.0,0,0,290.9922,1.2787,1.3592,0.0,A
39,sn1/text-service,1526.56,84.8,251.42,0.0,0,4809,1126.1755,18.4643,781.3473,3.74,A
39,sn1/unique-id-service,78.99,4.71,251.42,0.0,0,856,290.9922,1.2787,781.3473,0.205,A
39,sn1/url-shorten-memcached,0.22,4.63,75.33,0.0,0,0,290.9922,1.2787,1.3592,0.0,A
39,sn1/url-shorten-mongodb,349.78,108.04,702.87,0.0234,2,1394,326.448,4.2307,781.3473,1.05,A
39,sn1/url-shorten-service,1381.22,76.93,251.42,0.0,0,4504,1054.7503,16.7064,781.3473,3.77,A
39,sn1/user-memcached,165.35,6.64,75.33,0.0,0,2358,552.1983,2.0,781.3473,0.43,A
39,sn1/user-mention-service,251.46,6.83,251.42,0.0,0,902,290.9922,3.0415,781.3473,0.598,A
39,sn1/user-mongodb,9.0,97.17,704.78,0.0039,2,108,290.9922,1.2787,1.3592,0.0374,A
39,sn1/user-service,75.04,18.05,251.42,0.0,0,835,290.9922,1.2787,781.3473,0.187,A
39,sn1/user-timeline-mongodb,15.49,106.91,703.03,0.0,0,441,290.9922,1.2787,781.3473,0.056,A
39,sn1/user-timeline-redis,155.3,95.71,136.86,0.0,0,765,290.9922,1.8784,781.3473,0.355,A
39,sn1/user-timeline-service,1516.36,521.27,251.42,0.0,0,4963,1162.2393,18.341,781.3473,3.51,A
40,hotel/consul,16.31,27.84,201.48,0.0,0,936,290.9922,1.2787,718.4778,0.0399,A
40,hotel/frontend,9986.84,121.07,1119.14,0.0,0,842603,184626.115,139.6643,718.4778,25.9,A
40,hotel/geo,1143.95,30.59,1119.06,0.0,0,1893,414.7828,15.998,718.4778,2.45,A
40,hotel/jaeger,0.29,14.79,81.01,0.0,0,0,290.9922,1.2787,1.3592,0.0,A
40,hotel/memcached-profile,147.41,7.99,79.25,0.0,0,1037,290.9922,2.0615,718.4778,0.319,A
40,hotel/memcached-rate,110.22,7.58,79.25,0.0,0,1323,290.9922,1.5414,718.4778,0.219,A
40,hotel/memcached-reserve,167.67,7.16,79.25,0.0,0,1021,290.9922,2.3448,718.4778,0.379,A
40,hotel/mongodb-geo,8.3,63.03,400.43,0.0195,2,234,290.9922,1.2787,1.3592,0.02,A
40,hotel/mongodb-profile,8.1,65.06,400.43,0.0195,2,83,290.9922,1.2787,1.3592,0.0399,A
40,hotel/mongodb-rate,7.9,64.81,400.43,0.0,0,94,290.9922,1.2787,1.3592,0.02,A
40,hotel/mongodb-recommendation,8.1,62.86,400.43,0.0195,2,97,290.9922,1.2787,1.3592,0.0399,A
40,hotel/mongodb-reservation,10.6,252.88,400.43,0.0664,26,67,290.9922,1.2787,718.4778,0.02,A
40,hotel/mongodb-user,8.41,62.99,400.43,0.0195,2,63,290.9922,1.2787,1.3592,0.0399,A
40,hotel/profile,3646.06,47.91,1119.06,0.0,0,134273,29421.0943,50.9896,718.4778,7.74,A
40,hotel/rate,1410.91,41.23,1119.14,0.0,0,2678,586.7873,19.7313,718.4778,2.93,A
40,hotel/recommendation,764.32,26.39,1119.06,0.0,0,1519,332.8342,10.6889,718.4778,1.92,A
40,hotel/reservation,3588.2,72.86,1119.06,0.0,0,290774,63712.6547,50.1804,718.4778,7.34,A
40,hotel/search,2728.99,41.96,1119.06,0.0,0,7305,1600.6278,38.1645,718.4778,6.23,A
40,hotel/user,54.09,20.51,1119.06,0.0,0,456,290.9922,1.2787,718.4778,0.12,A
40,sn1/compose-post-service,1418.73,84.3,251.42,0.0,0,5349,1172.0408,19.8407,718.4778,3.37,A
40,sn1/home-timeline-redis,299.95,2553.52,952.74,0.0,0,914,290.9922,4.1948,718.4778,0.758,A
40,sn1/home-timeline-service,1663.76,111.82,251.42,0.0,0,3713,813.5703,23.2674,718.4778,4.21,A
40,sn1/jaeger,60.68,5286.39,75.0,0.0,0,578,290.9922,1.2787,718.4778,0.239,A
40,sn1/media-frontend,0.0,2027.57,648.43,0.0,0,0,290.9922,1.2787,1.3592,0.0,A
40,sn1/media-memcached,0.2,4.63,75.33,0.0,0,0,290.9922,1.2787,1.3592,0.0,A
40,sn1/media-mongodb,10.13,73.97,704.02,0.0273,2,177,290.9922,1.2787,718.4778,0.0399,A
40,sn1/media-service,77.8,4.83,251.42,0.0,0,590,290.9922,1.2787,718.4778,0.2,A
40,sn1/nginx-thrift,24452.55,43166.11,620.32,0.0,0,5904,1293.6491,341.9649,718.4778,62.7,A
40,sn1/post-storage-memcached,1801.63,71.13,75.33,0.0,0,5756,1261.2202,25.1955,718.4778,4.69,A
40,sn1/post-storage-mongodb,948.89,8187.98,4130.05,0.0508,4,815,290.9922,13.2701,718.4778,2.45,A
40,sn1/post-storage-service,7515.29,94.93,251.42,0.0,0,10400,2278.7856,105.1001,718.4778,19.4,A
40,sn1/social-graph-mongodb,10.21,727.96,757.02,0.0977,10,106,290.9922,1.2787,718.4778,0.02,A
40,sn1/social-graph-redis,2.42,20.04,103.57,0.0,0,185,290.9922,1.2787,1.3592,0.0,A
40,sn1/social-graph-service,0.0,31.3,251.42,0.0,0,0,290.9922,1.2787,1.3592,0.0,A
40,sn1/text-service,1506.1,82.91,251.42,0.0,0,4846,1061.8265,21.0626,718.4778,3.75,A
40,sn1/unique-id-service,80.73,4.71,251.42,0.0,0,545,290.9922,1.2787,718.4778,0.219,A
40,sn1/url-shorten-memcached,0.15,4.63,75.33,0.0,0,0,290.9922,1.2787,1.3592,0.0,A
40,sn1/url-shorten-mongodb,328.8,108.02,702.87,0.0,0,998,290.9922,4.5982,718.4778,0.958,A
40,sn1/url-shorten-service,1326.49,75.94,251.42,0.0,0,4301,942.4093,18.5507,718.4778,3.59,A
40,sn1/user-memcached,163.73,6.36,75.33,0.0,0,1576,345.3237,2.2897,718.4778,0.399,A
40,sn1/user-mention-service,244.17,6.82,251.42,0.0,0,1024,290.9922,3.4147,718.4778,0.599,A
40,sn1/user-mongodb,9.89,97.17,704.78,0.0273,2,162,290.9922,1.2787,1.3592,0.02,A
40,sn1/user-service,73.29,18.05,251.42,0.0,0,852,290.9922,1.2787,718.4778,0.18,A
40,sn1/user-timeline-mongodb,16.9,106.91,703.03,0.0273,2,351,290.9922,1.2787,718.4778,0.02,A
40,sn1/user-timeline-redis,155.88,95.46,136.86,0.0,0,814,290.9922,2.18,718.4778,0.379,A
40,sn1/user-timeline-service,1536.52,519.14,251.42,0.0,0,4992,1093.8171,21.488,718.4778,3.85,A
41,hotel/consul,16.94,27.84,201.48,0.0,0,863,290.9922,1.2787,753.2851,0.0392,A
41,hotel/frontend,9983.03,129.35,1119.14,0.0,0,1150853,292884.8921,99.7898,753.2851,25.4,A
41,hotel/geo,1036.26,33.55,1119.06,0.0,0,1966,500.3347,10.3584,753.2851,2.29,A
41,hotel/jaeger,0.24,14.79,81.01,0.0,0,0,290.9922,1.2787,1.3592,0.0,A
41,hotel/memcached-profile,127.33,7.74,79.25,0.0,0,1050,290.9922,1.2787,753.2851,0.294,A
41,hotel/memcached-rate,103.77,7.61,79.25,0.0,0,905,290.9922,1.2787,753.2851,0.274,A
41,hotel/memcached-reserve,153.24,7.19,79.25,0.0,0,1003,290.9922,1.5318,753.2851,0.353,A
41,hotel/mongodb-geo,8.08,63.03,400.43,0.0,0,82,290.9922,1.2787,1.3592,0.0196,A
41,hotel/mongodb-profile,7.78,65.06,400.43,0.0,0,91,290.9922,1.2787,1.3592,0.0196,A
41,hotel/mongodb-rate,9.26,64.81,400.43,0.0781,10,78,290.9922,1.2787,1.3592,0.0392,A
41,hotel/mongodb-recommendation,7.88,62.86,400.43,0.0,0,116,290.9922,1.2787,1.3592,0.0392,A
41,hotel/mongodb-reservation,10.93,252.88,400.43,0.0625,32,102,290.9922,1.2787,753.2851,0.0196,A
41,hotel/mongodb-user,7.81,62.99,400.43,0.0,0,72,290.9922,1.2787,1.3592,0.0392,A
41,hotel/profile,3451.84,51.05,1119.06,0.0,0,99697,25372.2631,34.5044,753.2851,9.35,A
41,hotel/rate,1293.39,41.18,1119.14,0.0,0,2494,634.7074,12.9287,753.2851,3.25,A
41,hotel/recommendation,671.65,26.9,1119.06,0.0,0,1780,452.9989,6.7138,753.2851,1.57,A
41,hotel/reservation,3310.85,71.12,1119.06,0.0,0,160213,40773.2067,33.0951,753.2851,8.43,A
41,hotel/search,2477.62,40.84,1119.06,0.0,0,5962,1517.2917,24.7662,753.2851,5.57,A
41,hotel/user,37.72,20.51,1119.06,0.0,0,597,290.9922,1.2787,753.2851,0.0784,A
41,sn1/compose-post-service,1416.95,86.7,251.42,0.0,0,5156,1312.1698,14.1638,753.2851,3.7,A
41,sn1/home-timeline-redis,291.33,2552.82,952.74,0.0,0,1113,290.9922,2.9121,753.2851,0.745,A
41,sn1/home-timeline-service,1665.71,107.55,251.42,0.0,0,3215,818.1974,16.6503,753.2851,4.23,A
41,sn1/jaeger,16.98,5293.2,75.0,0.0,0,356,290.9922,1.2787,753.2851,0.0784,A
41,sn1/media-frontend,0.0,2027.57,648.43,0.0,0,0,290.9922,1.2787,1.3592,0.0,A
41,sn1/media-memcached,0.19,4.63,75.33,0.0,0,0,290.9922,1.2787,1.3592,0.0,A
41,sn1/media-mongodb,8.6,73.97,704.02,0.0078,4,105,290.9922,1.2787,1.3592,0.0392,A
41,sn1/media-service,77.19,4.83,251.42,0.0,0,736,290.9922,1.2787,753.2851,0.196,A
41,sn1/nginx-thrift,24532.01,43182.31,620.32,52.4805,456,4900,1247.0194,245.2206,753.2851,62.3,A
41,sn1/post-storage-memcached,1802.11,70.84,75.33,0.0,0,5471,1392.3353,18.0138,753.2851,4.55,A
41,sn1/post-storage-mongodb,941.31,8188.05,4130.05,0.0,0,961,290.9922,9.4093,753.2851,2.41,A
41,sn1/post-storage-service,7526.37,95.48,251.42,0.0,0,9558,2432.4512,75.2332,753.2851,19.0,A
41,sn1/social-graph-mongodb,8.99,727.96,757.02,0.0078,4,94,290.9922,1.2787,1.3592,0.0196,A
41,sn1/social-graph-redis,2.1,20.04,103.57,0.0,0,186,290.9922,1.2787,1.3592,0.0,A
41,sn1/social-graph-service,0.05,31.3,251.42,0.0,0,0,290.9922,1.2787,1.3592,0.0,A
41,sn1/text-service,1487.56,80.36,251.42,0.0,0,4355,1108.3203,14.8696,753.2851,3.94,A
41,sn1/unique-id-service,79.63,4.71,251.42,0.0,0,636,290.9922,1.2787,753.2851,0.216,A
41,sn1/url-shorten-memcached,0.17,4.63,75.33,0.0,0,0,290.9922,1.2787,1.3592,0.0,A
41,sn1/url-shorten-mongodb,334.01,108.21,702.87,0.0273,2,993,290.9922,3.3387,753.2851,1.0,A
41,sn1/url-shorten-service,1280.16,75.45,251.42,0.0,0,3414,868.8417,12.7964,753.2851,3.61,A
41,sn1/user-memcached,159.38,6.61,75.33,0.0,0,2177,554.0329,1.5932,753.2851,0.431,A
41,sn1/user-mention-service,239.09,6.83,251.42,0.0,0,865,290.9922,2.3899,753.2851,0.647,A
41,sn1/user-mongodb,8.8,97.17,704.78,0.0078,4,88,290.9922,1.2787,1.3592,0.0392,A
41,sn1/user-service,73.99,18.05,251.42,0.0,0,673,290.9922,1.2787,753.2851,0.196,A
41,sn1/user-timeline-mongodb,16.22,106.91,703.03,0.0,0,637,290.9922,1.2787,753.2851,0.0588,A
41,sn1/user-timeline-redis,154.36,95.46,136.86,0.0,0,794,290.9922,1.543,753.2851,0.392,A
41,sn1/user-timeline-service,1540.43,519.4,251.42,0.0,0,4772,1214.4442,15.3981,753.2851,3.8,A
42,hotel/consul,17.17,27.84,201.48,0.0,0,767,290.9922,1.2787,699.3296,0.0406,A
42,hotel/frontend,9978.05,121.62,1119.14,0.0,0,877605,206488.0233,118.9992,699.3296,24.5,A
42,hotel/geo,1124.17,28.95,1119.06,0.0,0,2208,519.5111,13.407,699.3296,2.99,A
42,hotel/jaeger,0.28,14.79,81.01,0.0,0,0,290.9922,1.2787,1.3592,0.0,A
42,hotel/memcached-profile,141.03,7.73,79.25,0.0,0,1125,290.9922,1.6819,699.3296,0.338,A
42,hotel/memcached-rate,119.09,7.61,79.25,0.0,0,906,290.9922,1.4203,699.3296,0.311,A
42,hotel/memcached-reserve,178.33,7.24,79.25,0.0,0,830,290.9922,2.1268,699.3296,0.446,A
42,hotel/mongodb-geo,8.65,63.03,400.43,0.0195,2,327,290.9922,1.2787,1.3592,0.0271,A
42,hotel/mongodb-profile,8.45,65.06,400.43,0.0234,4,91,290.9922,1.2787,1.3592,0.0271,A
42,hotel/mongodb-rate,8.18,64.81,400.43,0.0,0,91,290.9922,1.2787,1.3592,0.0135,A
42,hotel/mongodb-recommendation,8.8,62.86,400.43,0.0195,2,119,290.9922,1.2787,1.3592,0.0135,A
42,hotel/mongodb-reservation,10.56,252.94,400.43,0.0625,24,95,290.9922,1.2787,699.3296,0.0135,A
42,hotel/mongodb-user,8.87,62.99,400.43,0.0195,2,90,290.9922,1.2787,1.3592,0.0271,A
42,hotel/profile,3544.44,52.41,1119.06,0.0,0,84116,19791.3031,42.2713,699.3296,8.47,A
42,hotel/rate,1530.41,43.27,1119.14,0.0,0,2733,643.0362,18.2518,699.3296,3.3,A
42,hotel/recommendation,743.72,28.66,1119.06,0.0,0,1500,352.9287,8.8697,699.3296,1.85,A
42,hotel/reservation,3559.31,73.84,1119.06,0.0,0,254180,59804.953,42.4487,699.3296,8.59,A
42,hotel/search,2768.6,35.35,1119.06,0.0,0,6741,1586.0618,33.0186,699.3296,7.53,A
42,hotel/user,54.17,20.86,1119.06,0.0,0,599,290.9922,1.2787,699.3296,0.122,A
42,sn1/compose-post-service,1401.83,84.23,251.42,0.0,0,5492,1292.1898,16.7184,699.3296,3.29,A
42,sn1/home-timeline-redis,293.71,2553.07,952.74,0.0,0,1029,290.9922,3.5028,699.3296,0.717,A
42,sn1/home-timeline-service,1658.78,110.17,251.42,0.0,0,3627,853.3817,19.7828,699.3296,4.1,A
42,sn1/jaeger,63.53,5316.82,75.0,0.0,0,575,290.9922,1.2787,699.3296,0.392,A
42,sn1/media-frontend,0.0,2027.57,648.43,0.0,0,0,290.9922,1.2787,1.3592,0.0,A
42,sn1/media-memcached,0.17,4.63,75.33,0.0,0,0,290.9922,1.2787,1.3592,0.0,A
42,sn1/media-mongodb,10.54,73.98,704.02,0.0273,2,113,290.9922,1.2787,699.3296,0.0406,A
42,sn1/media-service,77.34,4.83,251.42,0.0,0,768,290.9922,1.2787,699.3296,0.189,A
42,sn1/nginx-thrift,24309.84,43187.84,620.32,35.4766,316,5629,1324.424,289.9214,699.3296,60.0,A
42,sn1/post-storage-memcached,1797.29,70.62,75.33,0.0,0,5932,1395.7156,21.4346,699.3296,4.45,A
42,sn1/post-storage-mongodb,939.2,8187.82,4130.05,0.043,2,899,290.9922,11.201,699.3296,2.34,A
42,sn1/post-storage-service,7490.97,93.77,251.42,0.0,0,10554,2483.2067,89.338,699.3296,18.5,A
42,sn1/social-graph-mongodb,10.28,727.96,757.02,0.0312,4,139,290.9922,1.2787,699.3296,0.0135,A
42,sn1/social-graph-redis,2.33,20.04,103.57,0.0,0,318,290.9922,1.2787,1.3592,0.0135,A
42,sn1/social-graph-service,0.0,31.3,251.42,0.0,0,0,290.9922,1.2787,1.3592,0.0,A
42,sn1/text-service,1476.8,78.34,251.42,0.0,0,4880,1148.1949,17.6125,699.3296,3.52,A
42,sn1/unique-id-service,79.41,4.71,251.42,0.0,0,800,290.9922,1.2787,699.3296,0.189,A
42,sn1/url-shorten-memcached,0.22,4.63,75.33,0.0,0,0,290.9922,1.2787,1.3592,0.0,A
42,sn1/url-shorten-mongodb,365.12,107.54,702.87,0.0391,4,1047,290.9922,4.3545,699.3296,0.933,A
42,sn1/url-shorten-service,1371.61,72.7,251.42,0.0,0,4662,1096.9026,16.3579,699.3296,3.41,A
42,sn1/user-memcached,160.32,6.36,75.33,0.0,0,1753,412.4561,1.912,699.3296,0.365,A
42,sn1/user-mention-service,241.39,6.98,251.42,0.0,0,1157,290.9922,2.8788,699.3296,0.595,A
42,sn1/user-mongodb,10.46,97.17,704.78,0.0273,2,120,290.9922,1.2787,699.3296,0.0271,A
42,sn1/user-service,72.92,18.05,251.42,0.0,0,938,290.9922,1.2787,699.3296,0.176,A
42,sn1/user-timeline-mongodb,17.06,106.91,703.03,0.0312,4,215,290.9922,1.2787,699.3296,0.0406,A
42,sn1/user-timeline-redis,156.5,95.95,136.86,0.0,0,747,290.9922,1.8664,699.3296,0.392,A
42,sn1/user-timeline-service,1530.49,519.12,251.42,0.0,0,4968,1168.9,18.2528,699.3296,3.71,A
43,hotel/consul,17.69,27.84,201.48,0.0,0,529,290.9922,1.2787,784.6476,0.0373,A
43,hotel/frontend,9936.22,129.7,1119.14,0.0,0,801750,178858.5269,116.7701,784.6476,24.4,A
43,hotel/geo,1297.18,32.45,1119.06,0.0,0,2470,551.0203,15.2444,784.6476,3.36,A
43,hotel/jaeger,0.25,14.79,81.01,0.0,0,0,290.9922,1.2787,1.3592,0.0,A
43,hotel/memcached-profile,153.11,7.96,79.25,0.0,0,1440,321.2426,1.7993,784.6476,0.355,A
43,hotel/memcached-rate,123.72,7.57,79.25,0.0,0,1449,323.2504,1.454,784.6476,0.299,A
43,hotel/memcached-reserve,175.0,7.4,79.25,0.0,0,1109,290.9922,2.0566,784.6476,0.448,A
43,hotel/mongodb-geo,8.71,63.03,400.43,0.0508,12,97,290.9922,1.2787,1.3592,0.0373,A
43,hotel/mongodb-profile,8.3,65.06,400.43,0.0469,8,96,290.9922,1.2787,1.3592,0.0187,A
43,hotel/mongodb-rate,8.92,64.81,400.43,0.0547,4,151,290.9922,1.2787,1.3592,0.0187,A
43,hotel/mongodb-recommendation,8.3,62.86,400.43,0.0469,10,132,290.9922,1.2787,1.3592,0.0187,A
43,hotel/mongodb-reservation,12.28,252.97,400.43,0.6836,102,154,290.9922,1.2787,784.6476,0.056,A
43,hotel/mongodb-user,8.25,62.99,400.43,0.0469,10,164,290.9922,1.2787,1.3592,0.0187,A
43,hotel/profile,3574.0,52.22,1119.06,0.0,0,88540,19751.9601,42.0015,784.6476,8.42,A
43,hotel/rate,1470.81,40.72,1119.14,0.0,0,3354,748.2276,17.2849,784.6476,3.38,A
43,hotel/recommendation,703.17,26.07,1119.06,0.0,0,2003,446.8396,8.2636,784.6476,1.75,A
43,hotel/reservation,3602.28,71.5,1119.06,0.0,0,342577,76423.8448,42.3339,784.6476,9.35,A
43,hotel/search,2806.13,41.76,1119.06,0.0,0,7429,1657.2997,32.9775,784.6476,6.89,A
43,hotel/user,46.84,20.62,1119.06,0.0,0,550,290.9922,1.2787,784.6476,0.112,A
43,sn1/compose-post-service,1444.93,81.84,251.42,0.0,0,5738,1280.0626,16.9808,784.6476,3.43,A
43,sn1/home-timeline-redis,306.08,2552.86,952.74,0.0,0,1320,294.4724,3.597,784.6476,0.765,A
43,sn1/home-timeline-service,1710.86,113.12,251.42,0.0,0,3781,843.485,20.106,784.6476,4.14,A
43,sn1/jaeger,15.57,5323.12,75.0,0.0,0,309,290.9922,1.2787,784.6476,0.0746,A
43,sn1/media-frontend,0.0,2027.57,648.43,0.0,0,0,290.9922,1.2787,1.3592,0.0,A
43,sn1/media-memcached,0.17,4.63,75.33,0.0,0,0,290.9922,1.2787,1.3592,0.0,A
43,sn1/media-mongodb,9.14,73.98,704.02,0.0,0,89,290.9922,1.2787,1.3592,0.0373,A
43,sn1/media-service,77.5,4.83,251.42,0.0,0,712,290.9922,1.2787,784.6476,0.205,A
43,sn1/nginx-thrift,24812.77,43197.31,620.32,0.0,0,6137,1369.0736,291.5988,784.6476,60.4,A
43,sn1/post-storage-memcached,1855.98,71.14,75.33,0.0,0,6050,1349.6652,21.8114,784.6476,4.48,A
43,sn1/post-storage-mongodb,975.56,8188.09,4130.05,0.0039,2,945,290.9922,11.4647,784.6476,2.37,A
43,sn1/post-storage-service,7670.43,96.4,251.42,0.0,0,10834,2416.9046,90.1426,784.6476,18.6,A
43,sn1/social-graph-mongodb,9.19,727.96,757.02,0.0,0,162,290.9922,1.2787,1.3592,0.0373,A
43,sn1/social-graph-redis,2.88,20.04,103.57,0.0,0,1089,290.9922,1.2787,1.3592,0.0187,A
43,sn1/social-graph-service,0.05,31.3,251.42,0.0,0,0,290.9922,1.2787,1.3592,0.0,A
43,sn1/text-service,1512.12,76.8,251.42,0.0,0,5337,1190.6055,17.7704,784.6476,3.71,A
43,sn1/unique-id-service,81.99,4.71,251.42,0.0,0,752,290.9922,1.2787,784.6476,0.205,A
43,sn1/url-shorten-memcached,0.17,4.63,75.33,0.0,0,0,290.9922,1.2787,1.3592,0.0,A
43,sn1/url-shorten-mongodb,380.23,108.1,702.87,0.0273,2,1337,298.2649,4.4684,784.6476,1.12,A
43,sn1/url-shorten-service,1438.18,71.54,251.42,0.0,0,5275,1176.7742,16.9014,784.6476,3.88,A
43,sn1/user-memcached,165.81,6.6,75.33,0.0,0,2069,461.5632,1.9486,784.6476,0.411,A
43,sn1/user-mention-service,245.35,6.82,251.42,0.0,0,971,290.9922,2.8833,784.6476,0.597,A
43,sn1/user-mongodb,9.23,97.17,704.78,0.0,0,107,290.9922,1.2787,1.3592,0.0373,A
43,sn1/user-service,74.4,18.05,251.42,0.0,0,711,290.9922,1.2787,784.6476,0.205,A
43,sn1/user-timeline-mongodb,16.71,106.91,703.03,0.0,0,786,290.9922,1.2787,784.6476,0.0373,A
43,sn1/user-timeline-redis,158.47,95.71,136.86,0.0,0,882,290.9922,1.8623,784.6476,0.373,A
43,sn1/user-timeline-service,1581.53,519.47,251.42,0.0,0,5470,1220.2758,18.5861,784.6476,3.79,A
44,hotel/consul,17.11,27.84,201.48,0.0,0,909,290.9922,1.2787,718.6152,0.0561,A
44,hotel/frontend,9932.25,122.16,1119.14,0.0,0,885422,202425.9509,108.5914,718.6152,24.4,A
44,hotel/geo,1059.23,28.21,1119.06,0.0,0,2114,483.3045,11.5808,718.6152,2.56,A
44,hotel/jaeger,0.19,14.79,81.01,0.0,0,0,290.9922,1.2787,1.3592,0.0,A
44,hotel/memcached-profile,133.87,7.77,79.25,0.0,0,890,290.9922,1.4636,718.6152,0.374,A
44,hotel/memcached-rate,112.18,7.57,79.25,0.0,0,908,290.9922,1.2787,718.6152,0.299,A
44,hotel/memcached-reserve,163.8,7.92,79.25,0.0,0,1038,290.9922,1.7909,718.6152,0.448,A
44,hotel/mongodb-geo,7.95,63.03,400.43,0.0195,2,63,290.9922,1.2787,1.3592,0.0374,A
44,hotel/mongodb-profile,7.71,65.06,400.43,0.0195,2,609,290.9922,1.2787,1.3592,0.0187,A
44,hotel/mongodb-rate,7.27,64.81,400.43,0.0,0,1336,305.4375,1.2787,1.3592,0.0187,A
44,hotel/mongodb-recommendation,7.94,62.86,400.43,0.0195,2,78,290.9922,1.2787,1.3592,0.0187,A
44,hotel/mongodb-reservation,9.06,252.97,400.43,0.043,12,86,290.9922,1.2787,1.3592,0.0374,A
44,hotel/mongodb-user,7.99,62.99,400.43,0.0195,2,132,290.9922,1.2787,1.3592,0.0187,A
44,hotel/profile,3336.13,53.35,1119.06,0.0,0,47226,10796.8494,36.4746,718.6152,8.99,A
44,hotel/rate,1397.29,41.01,1119.14,0.0,0,2951,674.6602,15.2769,718.6152,4.11,A
44,hotel/recommendation,666.34,27.57,1119.06,0.0,0,1709,390.7131,7.2852,718.6152,1.81,A
44,hotel/reservation,3762.16,70.85,1119.06,0.0,0,297462,68006.0222,41.1325,718.6152,9.94,A
44,hotel/search,2518.28,35.8,1119.06,0.0,0,12208,2791.0036,27.5329,718.6152,7.57,A
44,hotel/user,46.87,20.77,1119.06,0.0,0,451,290.9922,1.2787,718.6152,0.112,A
44,sn1/compose-post-service,1427.08,81.38,251.42,0.0,0,5549,1268.6172,15.6026,718.6152,3.27,A
44,sn1/home-timeline-redis,304.72,2553.61,952.74,0.0,0,907,290.9922,3.3316,718.6152,0.766,A
44,sn1/home-timeline-service,1693.26,112.23,251.42,0.0,0,3850,880.1904,18.5128,718.6152,4.2,A
44,sn1/jaeger,66.57,5348.04,75.0,0.0,0,866,290.9922,1.2787,718.6152,0.262,A
44,sn1/media-frontend,0.0,2027.57,648.43,0.0,0,0,290.9922,1.2787,1.3592,0.0,A
44,sn1/media-memcached,0.2,4.63,75.33,0.0,0,0,290.9922,1.2787,1.3592,0.0,A
44,sn1/media-mongodb,10.04,73.98,704.02,0.0312,4,111,290.9922,1.2787,718.6152,0.0374,A
44,sn1/media-service,77.49,4.77,251.42,0.0,0,628,290.9922,1.2787,718.6152,0.206,A
44,sn1/nginx-thrift,24600.9,43208.79,620.32,0.0,0,5650,1291.7079,268.967,718.6152,60.9,A
44,sn1/post-storage-memcached,1826.2,70.75,75.33,0.0,0,5759,1316.6276,19.9662,718.6152,4.52,A
44,sn1/post-storage-mongodb,964.49,8187.65,4130.05,0.0469,2,851,290.9922,10.545,718.6152,2.41,A
44,sn1/post-storage-service,7695.68,97.32,251.42,0.0,0,10791,2467.0478,84.1385,718.6152,18.9,A
44,sn1/social-graph-mongodb,10.19,727.96,757.02,0.0312,2,99,290.9922,1.2787,718.6152,0.0374,A
44,sn1/social-graph-redis,2.75,20.04,103.57,0.0,0,349,290.9922,1.2787,1.3592,0.0,A
44,sn1/social-graph-service,0.0,31.3,251.42,0.0,0,0,290.9922,1.2787,1.3592,0.0,A
44,sn1/text-service,1506.12,74.32,251.42,0.0,0,5062,1157.2789,16.4667,718.6152,3.59,A
44,sn1/unique-id-service,80.66,4.71,251.42,0.0,0,647,290.9922,1.2787,718.6152,0.187,A
44,sn1/url-shorten-memcached,0.19,4.63,75.33,0.0,0,0,290.9922,1.2787,1.3592,0.0,A
44,sn1/url-shorten-mongodb,371.35,107.87,702.87,0.0,0,1518,347.0465,4.0601,718.6152,1.05,A
44,sn1/url-shorten-service,1416.09,71.41,251.42,0.0,0,5013,1146.0764,15.4824,718.6152,3.7,A
44,sn1/user-memcached,165.91,6.85,75.33,0.0,0,2332,533.1439,1.8139,718.6152,0.411,A
44,sn1/user-mention-service,240.6,6.74,251.42,0.0,0,1188,290.9922,2.6305,718.6152,0.598,A
44,sn1/user-mongodb,10.05,97.17,704.78,0.0586,4,121,290.9922,1.2787,718.6152,0.0374,A
44,sn1/user-service,73.72,18.05,251.42,0.0,0,812,290.9922,1.2787,718.6152,0.187,A
44,sn1/user-timeline-mongodb,16.06,106.91,703.03,0.0273,2,353,290.9922,1.2787,718.6152,0.0374,A
44,sn1/user-timeline-redis,160.69,95.71,136.86,0.0,0,768,290.9922,1.7569,718.6152,0.411,A
44,sn1/user-timeline-service,1587.46,519.91,251.42,0.0,0,5080,1161.394,17.356,718.6152,3.79,A
45,hotel/consul,17.09,27.84,201.48,0.0,0,987,290.9922,1.2787,762.9349,0.0186,A
45,hotel/frontend,9944.98,122.04,1119.14,0.0,0,1158410,270532.8497,252.2157,762.9349,23.4,A
45,hotel/geo,928.29,28.73,1119.06,0.0,0,2071,483.6574,23.5425,762.9349,2.34,A
45,hotel/jaeger,0.24,14.79,81.01,0.0,0,0,290.9922,1.2787,1.3592,0.0,A
45,hotel/memcached-profile,131.78,7.73,79.25,0.0,0,969,290.9922,3.3421,762.9349,0.297,A
45,hotel/memcached-rate,111.05,7.58,79.25,0.0,0,1136,290.9922,2.8164,762.9349,0.279,A
45,hotel/memcached-reserve,154.13,7.18,79.25,0.0,0,1097,290.9922,3.9089,762.9349,0.353,A
45,hotel/mongodb-geo,7.43,63.03,400.43,0.0,0,43,290.9922,1.2787,1.3592,0.0186,A
45,hotel/mongodb-profile,7.26,65.06,400.43,0.0,0,54,290.9922,1.2787,1.3592,0.0186,A
45,hotel/mongodb-rate,8.42,64.81,400.43,0.0312,2,71,290.9922,1.2787,1.3592,0.0186,A
45,hotel/mongodb-recommendation,7.34,62.5,400.43,0.0,0,130,290.9922,1.2787,1.3592,0.0372,A
45,hotel/mongodb-reservation,10.89,252.98,400.43,0.0742,38,123,290.9922,1.2787,762.9349,0.0372,A
45,hotel/mongodb-user,7.42,62.99,400.43,0.0,0,97,290.9922,1.2787,1.3592,0.0186,A
45,hotel/profile,3407.97,52.21,1119.06,0.0,0,62236,14534.4761,86.4299,762.9349,8.04,A
45,hotel/rate,1416.79,38.96,1119.14,0.0,0,2899,677.0269,35.9314,762.9349,3.34,A
45,hotel/recommendation,690.24,29.86,1119.06,0.0,0,1762,411.4941,17.5053,762.9349,1.56,A
45,hotel/reservation,3452.04,71.96,1119.06,0.0,0,202282,47240.5503,87.5476,762.9349,7.88,A
45,hotel/search,2497.8,34.52,1119.06,0.0,0,13048,3047.2049,63.347,762.9349,5.98,A
45,hotel/user,44.32,20.75,1119.06,0.0,0,780,290.9922,1.2787,762.9349,0.0929,A
45,sn1/compose-post-service,1420.45,85.08,251.42,0.0,0,5438,1269.9801,36.0242,762.9349,3.44,A
45,sn1/home-timeline-redis,297.03,2552.64,952.74,0.0,0,1252,292.3897,7.533,762.9349,0.743,A
45,sn1/home-timeline-service,1682.05,111.66,251.42,0.0,0,3557,830.695,42.6586,762.9349,4.12,A
45,sn1/jaeger,14.69,5355.0,75.0,0.0,0,914,290.9922,1.2787,762.9349,0.0557,A
45,sn1/media-frontend,0.0,2027.57,648.43,0.0,0,0,290.9922,1.2787,1.3592,0.0,A
45,sn1/media-memcached,0.16,4.63,75.33,0.0,0,0,290.9922,1.2787,1.3592,0.0,A
45,sn1/media-mongodb,8.25,73.98,704.02,0.0898,18,94,290.9922,1.2787,1.3592,0.0372,A
45,sn1/media-service,77.05,4.77,251.42,0.0,0,736,290.9922,1.9541,762.9349,0.186,A
45,sn1/nginx-thrift,24676.75,43217.21,620.32,52.7344,458,5589,1305.2443,625.8297,762.9349,60.5,A
45,sn1/post-storage-memcached,1832.56,70.82,75.33,0.0,0,5481,1280.0222,46.4757,762.9349,4.51,A
45,sn1/post-storage-mongodb,972.58,8187.98,4130.05,0.0078,4,891,290.9922,24.6657,762.9349,2.4,A
45,sn1/post-storage-service,7676.71,96.54,251.42,0.0,0,10279,2400.5379,194.6899,762.9349,18.7,A
45,sn1/social-graph-mongodb,8.87,727.96,757.02,0.0,0,171,290.9922,1.2787,1.3592,0.0186,A
45,sn1/social-graph-redis,2.47,20.04,103.57,0.0,0,489,290.9922,1.2787,1.3592,0.0,A
45,sn1/social-graph-service,0.04,31.3,251.42,0.0,0,0,290.9922,1.2787,1.3592,0.0,A
45,sn1/text-service,1499.65,78.32,251.42,0.0,0,5110,1193.3796,38.0328,762.9349,3.81,A
45,sn1/unique-id-service,80.56,4.71,251.42,0.0,0,741,290.9922,2.0431,762.9349,0.223,A
45,sn1/url-shorten-memcached,0.2,4.63,75.33,0.0,0,0,290.9922,1.2787,1.3592,0.0,A
45,sn1/url-shorten-mongodb,365.92,107.74,702.87,0.0273,2,1401,327.1869,9.2801,762.9349,1.13,A
45,sn1/url-shorten-service,1416.71,73.17,251.42,0.0,0,4973,1161.3849,35.9293,762.9349,3.99,A
45,sn1/user-memcached,164.25,6.64,75.33,0.0,0,2005,468.2439,4.1656,762.9349,0.427,A
45,sn1/user-mention-service,247.68,6.95,251.42,0.0,0,889,290.9922,6.2814,762.9349,0.632,A
45,sn1/user-mongodb,8.31,97.17,704.78,0.4609,38,96,290.9922,1.2787,1.3592,0.0186,A
45,sn1/user-service,73.44,18.05,251.42,0.0,0,617,290.9922,1.8625,762.9349,0.186,A
45,sn1/user-timeline-mongodb,15.16,106.91,703.03,0.0,0,446,290.9922,1.2787,762.9349,0.0557,A
45,sn1/user-timeline-redis,158.76,95.47,136.86,0.0,0,921,290.9922,4.0263,762.9349,0.39,A
45,sn1/user-timeline-service,1590.25,520.02,251.42,0.0,0,5160,1205.0565,40.3305,762.9349,3.79,A
46,hotel/consul,16.51,28.48,201.48,0.0,0,1082,290.9922,1.2787,723.094,0.0193,A
46,hotel/frontend,9784.43,125.14,1119.14,0.0,0,894035,200393.453,85.0491,723.094,25.8,A
46,hotel/geo,1071.51,29.41,1119.06,0.0,0,2227,499.1709,9.3139,723.094,2.92,A
46,hotel/jaeger,0.24,14.79,81.01,0.0,0,0,290.9922,1.2787,1.3592,0.0,A
46,hotel/memcached-profile,132.66,7.69,79.25,0.0,0,1098,290.9922,1.2787,723.094,0.309,A
46,hotel/memcached-rate,111.37,7.57,79.25,0.0,0,1077,290.9922,1.2787,723.094,0.29,A
46,hotel/memcached-reserve,159.69,7.15,79.25,0.0,0,1313,294.3024,1.3881,723.094,0.425,A
46,hotel/mongodb-geo,8.3,63.03,400.43,0.0195,2,124,290.9922,1.2787,1.3592,0.0386,A
46,hotel/mongodb-profile,8.19,65.06,400.43,0.0195,2,74,290.9922,1.2787,1.3592,0.0193,A
46,hotel/mongodb-rate,7.69,64.81,400.43,0.0,0,899,290.9922,1.2787,1.3592,0.0193,A
46,hotel/mongodb-recommendation,8.12,62.52,400.43,0.0195,2,308,290.9922,1.2787,1.3592,0.0386,A
46,hotel/mongodb-reservation,9.96,252.98,400.43,0.0586,20,151,290.9922,1.2787,1.3592,0.0386,A
46,hotel/mongodb-user,8.53,62.99,400.43,0.0195,2,69,290.9922,1.2787,1.3592,0.0386,A
46,hotel/profile,3554.66,53.87,1119.06,0.0,0,141492,31714.7208,30.8981,723.094,9.08,A
46,hotel/rate,1337.6,40.77,1119.14,0.0,0,2743,614.8297,11.6268,723.094,3.44,A
46,hotel/recommendation,676.48,28.27,1119.06,0.0,0,1584,355.0456,5.8802,723.094,1.68,A
46,hotel/reservation,3438.59,69.29,1119.06,0.0,0,252075,56501.3447,29.8892,723.094,8.69,A
46,hotel/search,2684.11,36.99,1119.06,0.0,0,24886,5578.0719,23.3311,723.094,6.91,A
46,hotel/user,48.28,21.02,1119.06,0.0,0,714,290.9922,1.2787,723.094,0.116,A
46,sn1/compose-post-service,1458.35,81.14,251.42,0.0,0,5416,1213.9692,12.6764,723.094,3.53,A
46,sn1/home-timeline-redis,299.9,2553.41,952.74,0.0,0,932,290.9922,2.6068,723.094,0.753,A
46,sn1/home-timeline-service,1674.52,113.46,251.42,0.0,0,3818,855.7855,14.5554,723.094,4.29,A
46,sn1/jaeger,63.87,5380.04,75.0,0.0,0,1835,411.306,1.2787,723.094,0.251,A
46,sn1/media-frontend,0.0,2027.57,648.43,0.0,0,0,290.9922,1.2787,1.3592,0.0,A
46,sn1/media-memcached,0.15,4.63,75.33,0.0,0,0,290.9922,1.2787,1.3592,0.0,A
46,sn1/media-mongodb,10.17,73.98,704.02,0.0547,4,285,290.9922,1.2787,723.094,0.0386,A
46,sn1/media-service,79.24,4.89,251.42,0.0,0,763,290.9922,1.2787,723.094,0.212,A
46,sn1/nginx-thrift,24469.48,43230.78,620.32,0.0,0,5576,1249.8324,212.6958,723.094,62.7,A
46,sn1/post-storage-memcached,1821.37,70.59,75.33,0.0,0,5416,1213.9692,15.8319,723.094,4.65,A
46,sn1/post-storage-mongodb,967.43,8187.72,4130.05,0.0469,2,844,290.9922,8.4092,723.094,2.47,A
46,sn1/post-storage-service,7655.94,93.7,251.42,0.0,0,10443,2340.746,66.5476,723.094,19.4,A
46,sn1/social-graph-mongodb,10.37,727.97,757.02,1.6445,50,142,290.9922,1.2787,723.094,0.0193,A
46,sn1/social-graph-redis,2.55,20.04,103.57,0.0,0,358,290.9922,1.2787,1.3592,0.0,A
46,sn1/social-graph-service,0.0,31.3,251.42,0.0,0,0,290.9922,1.2787,1.3592,0.0,A
46,sn1/text-service,1550.73,75.3,251.42,0.0,0,5211,1168.0195,13.4794,723.094,3.96,A
46,sn1/unique-id-service,82.15,4.71,251.42,0.0,0,795,290.9922,1.2787,723.094,0.212,A
46,sn1/url-shorten-memcached,0.19,4.63,75.33,0.0,0,0,290.9922,1.2787,1.3592,0.0,A
46,sn1/url-shorten-mongodb,339.7,108.28,702.87,0.0,0,920,290.9922,2.9528,723.094,0.985,A
46,sn1/url-shorten-service,1357.29,71.04,251.42,0.0,0,4450,997.4451,11.798,723.094,3.61,A
46,sn1/user-memcached,168.43,6.59,75.33,0.0,0,1808,405.2541,1.464,723.094,0.444,A
46,sn1/user-mention-service,256.75,6.93,251.42,0.0,0,914,290.9922,2.2317,723.094,0.657,A
46,sn1/user-mongodb,9.77,97.17,704.78,0.0312,2,314,290.9922,1.2787,1.3592,0.0386,A
46,sn1/user-service,74.63,18.02,251.42,0.0,0,845,290.9922,1.2787,723.094,0.193,A
46,sn1/user-timeline-mongodb,16.17,106.91,703.03,0.0273,2,489,290.9922,1.2787,723.094,0.0579,A
46,sn1/user-timeline-redis,159.83,95.72,136.86,0.0,0,734,290.9922,1.3893,723.094,0.425,A
46,sn1/user-timeline-service,1564.32,522.58,251.42,0.0,0,5211,1168.0195,13.5975,723.094,3.92,A
47,hotel/consul,15.71,28.48,201.48,0.0,0,1051,290.9922,1.2787,764.3561,0.0374,A
47,hotel/frontend,9973.64,128.57,1119.14,0.0,0,925863,218715.6315,124.152,764.3561,25.1,A
47,hotel/geo,1019.23,31.37,1119.06,0.0,0,2412,569.7842,12.6874,764.3561,2.6,A
47,hotel/jaeger,0.25,14.79,81.01,0.0,0,0,290.9922,1.2787,1.3592,0.0,A
47,hotel/memcached-profile,131.26,7.7,79.25,0.0,0,1116,290.9922,1.6339,764.3561,0.374,A
47,hotel/memcached-rate,114.2,7.62,79.25,0.0,0,1246,294.3413,1.4216,764.3561,0.318,A
47,hotel/memcached-reserve,168.52,7.25,79.25,0.0,0,995,290.9922,2.0977,764.3561,0.412,A
47,hotel/mongodb-geo,7.7,63.03,400.43,0.0,0,58,290.9922,1.2787,1.3592,0.0187,A
47,hotel/mongodb-profile,7.73,65.06,400.43,0.0,0,37,290.9922,1.2787,1.3592,0.0561,A
47,hotel/mongodb-rate,8.42,64.81,400.43,0.0312,2,90,290.9922,1.2787,1.3592,0.0187,A
47,hotel/mongodb-recommendation,7.48,62.52,400.43,0.0,0,85,290.9922,1.2787,1.3592,0.0187,A
47,hotel/mongodb-reservation,10.78,252.99,400.43,0.0625,32,176,290.9922,1.2787,764.3561,0.0561,A
47,hotel/mongodb-user,7.45,62.99,400.43,0.0,0,456,290.9922,1.2787,1.3592,0.0187,A
47,hotel/profile,3444.23,53.16,1119.06,0.0,0,63147,14917.1486,42.8738,764.3561,8.81,A
47,hotel/rate,1409.23,41.91,1119.14,0.0,0,2939,694.2768,17.5421,764.3561,4.04,A
47,hotel/recommendation,731.49,26.07,1119.06,0.0,0,1901,449.0712,9.1056,764.3561,2.13,A
47,hotel/reservation,3542.49,73.58,1119.06,0.0,0,127403,30096.2751,44.097,764.3561,9.24,A
47,hotel/search,2615.64,38.11,1119.06,0.0,0,6000,1417.3736,32.5595,764.3561,7.07,A
47,hotel/user,48.94,21.17,1119.06,0.0,0,876,290.9922,1.2787,764.3561,0.15,A
47,sn1/compose-post-service,1375.8,81.71,251.42,0.0,0,5079,1199.8068,17.126,764.3561,3.24,A
47,sn1/home-timeline-redis,298.78,2552.68,952.74,0.0,0,1192,290.9922,3.7192,764.3561,0.73,A
47,sn1/home-timeline-service,1666.51,108.42,251.42,0.0,0,3350,791.3669,20.7447,764.3561,4.1,A
47,sn1/jaeger,12.99,5386.37,75.0,0.0,0,313,290.9922,1.2787,764.3561,0.0748,A
47,sn1/media-frontend,0.0,2027.57,648.43,0.0,0,0,290.9922,1.2787,1.3592,0.0,A
47,sn1/media-memcached,0.16,4.63,75.33,0.0,0,0,290.9922,1.2787,1.3592,0.0,A
47,sn1/media-mongodb,8.44,73.98,704.02,0.0,0,124,290.9922,1.2787,1.3592,0.0187,A
47,sn1/media-service,76.9,4.67,251.42,0.0,0,705,290.9922,1.2787,764.3561,0.187,A
47,sn1/nginx-thrift,24428.92,43239.12,620.32,0.0,0,4854,1146.6553,304.0916,764.3561,60.2,A
47,sn1/post-storage-memcached,1803.34,70.58,75.33,0.0,0,5610,1325.2443,22.448,764.3561,4.45,A
47,sn1/post-storage-mongodb,957.29,8188.26,4130.05,0.0,0,949,290.9922,11.9164,764.3561,2.36,A
47,sn1/post-storage-service,7648.31,94.49,251.42,0.0,0,9943,2348.8243,95.2063,764.3561,18.7,A
47,sn1/social-graph-mongodb,8.59,727.97,757.02,0.0,0,177,290.9922,1.2787,1.3592,0.0374,A
47,sn1/social-graph-redis,2.82,20.04,103.57,0.0,0,370,290.9922,1.2787,1.3592,0.0,A
47,sn1/social-graph-service,0.03,31.3,251.42,0.0,0,0,290.9922,1.2787,1.3592,0.0,A
47,sn1/text-service,1459.93,74.24,251.42,0.0,0,4617,1090.669,18.1732,764.3561,3.48,A
47,sn1/unique-id-service,78.19,4.71,251.42,0.0,0,753,290.9922,1.2787,764.3561,0.187,A
47,sn1/url-shorten-memcached,0.15,4.63,75.33,0.0,0,0,290.9922,1.2787,1.3592,0.0,A
47,sn1/url-shorten-mongodb,355.3,107.57,702.87,0.0352,4,943,290.9922,4.4228,764.3561,1.01,A
47,sn1/url-shorten-service,1350.33,71.16,251.42,0.0,0,3618,854.6763,16.8089,764.3561,3.5,A
47,sn1/user-memcached,161.39,6.6,75.33,0.0,0,2092,494.1909,2.009,764.3561,0.412,A
47,sn1/user-mention-service,238.91,6.93,251.42,0.0,0,920,290.9922,2.974,764.3561,0.58,A
47,sn1/user-mongodb,8.22,97.17,704.78,0.0,0,115,290.9922,1.2787,1.3592,0.0374,A
47,sn1/user-service,70.38,18.02,251.42,0.0,0,549,290.9922,1.2787,764.3561,0.187,A
47,sn1/user-timeline-mongodb,15.74,106.91,703.03,0.0,0,360,290.9922,1.2787,764.3561,0.0374,A
47,sn1/user-timeline-redis,158.08,95.71,136.86,0.0,0,841,290.9922,1.9678,764.3561,0.374,A
47,sn1/user-timeline-service,1564.49,519.21,251.42,0.0,0,4692,1108.3862,19.4748,764.3561,3.78,A
48,hotel/consul,15.24,28.48,201.48,0.0,0,1425,321.0744,1.2787,740.7611,0.0517,A
48,hotel/frontend,9984.06,123.75,1119.14,0.0,0,840332,189339.7377,100.8268,740.7611,22.6,A
48,hotel/geo,1143.82,29.93,1119.06,0.0,0,2313,521.1545,11.5512,740.7611,2.62,A
48,hotel/jaeger,0.23,14.79,81.01,0.0,0,0,290.9922,1.2787,1.3592,0.0,A
48,hotel/memcached-profile,146.05,7.71,79.25,0.0,0,1158,290.9922,1.4749,740.7611,0.293,A
48,hotel/memcached-rate,118.33,7.59,79.25,0.0,0,861,290.9922,1.2787,740.7611,0.258,A
48,hotel/memcached-reserve,170.27,7.22,79.25,0.0,0,1345,303.0492,1.7195,740.7611,0.379,A
48,hotel/mongodb-geo,7.99,63.03,400.43,0.0195,2,81,290.9922,1.2787,1.3592,0.0172,A
48,hotel/mongodb-profile,7.77,65.06,400.43,0.0195,2,122,290.9922,1.2787,1.3592,0.0172,A
48,hotel/mongodb-rate,7.37,64.81,400.43,0.0,0,379,290.9922,1.2787,1.3592,0.0344,A
48,hotel/mongodb-recommendation,7.77,62.53,400.43,0.0195,2,127,290.9922,1.2787,1.3592,0.0,A
48,hotel/mongodb-reservation,10.34,253.0,400.43,0.0664,24,746,290.9922,1.2787,740.7611,0.0344,A
48,hotel/mongodb-user,8.09,62.99,400.43,0.0195,2,131,290.9922,1.2787,1.3592,0.0172,A
48,hotel/profile,3639.28,49.32,1119.06,0.0,0,93176,20993.9874,36.7523,740.7611,7.54,A
48,hotel/rate,1411.96,38.5,1119.14,0.0,0,2970,669.1867,14.2591,740.7611,3.63,A
48,hotel/recommendation,792.73,25.5,1119.06,0.0,0,1722,387.9931,8.0056,740.7611,1.76,A
48,hotel/reservation,3607.4,69.78,1119.06,0.0,0,144956,32660.8186,36.4303,740.7611,9.92,A
48,hotel/search,2807.19,44.34,1119.06,0.0,0,10381,2338.9991,28.3492,740.7611,6.35,A
48,hotel/user,50.89,20.49,1119.06,0.0,0,859,290.9922,1.2787,740.7611,0.121,A
48,sn1/compose-post-service,1424.77,82.84,251.42,0.0,0,5350,1205.4374,14.3884,740.7611,2.96,A
48,sn1/home-timeline-redis,302.9,2552.69,952.74,0.0,0,910,290.9922,3.0589,740.7611,0.672,A
48,sn1/home-timeline-service,1680.94,109.88,251.42,0.0,0,3650,822.4012,16.9754,740.7611,3.68,A
48,sn1/jaeger,2167.14,5411.21,75.0,0.0,0,1056,290.9922,21.8855,740.7611,13.1,A
48,sn1/media-frontend,0.0,2027.57,648.43,0.0,0,0,290.9922,1.2787,1.3592,0.0,A
48,sn1/media-memcached,0.15,4.63,75.33,0.0,0,0,290.9922,1.2787,1.3592,0.0,A
48,sn1/media-mongodb,9.67,73.99,704.02,0.0312,2,91,290.9922,1.2787,1.3592,0.0172,A
48,sn1/media-service,73.74,4.77,251.42,0.0,0,675,290.9922,1.2787,740.7611,0.155,A
48,sn1/nginx-thrift,24642.99,43244.53,620.32,0.0,0,5810,1309.0825,248.864,740.7611,55.2,A
48,sn1/post-storage-memcached,1822.32,70.62,75.33,0.0,0,5903,1330.0368,18.4032,740.7611,4.08,A
48,sn1/post-storage-mongodb,967.43,8187.97,4130.05,0.0469,2,928,290.9922,9.7699,740.7611,2.19,A
48,sn1/post-storage-service,7634.21,96.03,251.42,0.0,0,10394,2341.9282,77.0962,740.7611,17.1,A
48,sn1/social-graph-mongodb,10.02,727.97,757.02,0.0312,2,207,290.9922,1.2787,740.7611,0.0344,A
48,sn1/social-graph-redis,2.62,20.04,103.57,0.0,0,314,290.9922,1.2787,1.3592,0.0172,A
48,sn1/social-graph-service,0.0,31.3,251.42,0.0,0,0,290.9922,1.2787,1.3592,0.0,A
48,sn1/text-service,1484.52,77.66,251.42,0.0,0,4826,1087.3721,14.9918,740.7611,3.29,A
48,sn1/unique-id-service,80.32,4.71,251.42,0.0,0,754,290.9922,1.2787,740.7611,0.172,A
48,sn1/url-shorten-memcached,0.19,4.63,75.33,0.0,0,0,290.9922,1.2787,1.3592,0.0,A
48,sn1/url-shorten-mongodb,340.0,108.18,702.87,0.0,0,910,290.9922,3.4336,740.7611,0.895,A
48,sn1/url-shorten-service,1333.01,73.81,251.42,0.0,0,4121,928.5247,13.4618,740.7611,3.2,A
48,sn1/user-memcached,165.17,6.36,75.33,0.0,0,1831,412.5525,1.668,740.7611,0.362,A
48,sn1/user-mention-service,251.34,6.94,251.42,0.0,0,1141,290.9922,2.5382,740.7611,0.517,A
48,sn1/user-mongodb,9.54,97.17,704.78,0.0312,2,155,290.9922,1.2787,1.3592,0.0172,A
48,sn1/user-service,72.7,18.02,251.42,0.0,0,809,290.9922,1.2787,740.7611,0.155,A
48,sn1/user-timeline-mongodb,16.28,106.91,703.03,0.0664,8,307,290.9922,1.2787,740.7611,0.0517,A
48,sn1/user-timeline-redis,157.25,95.47,136.86,0.0,0,954,290.9922,1.588,740.7611,0.327,A
48,sn1/user-timeline-service,1576.46,518.75,251.42,0.0,0,5085,1145.7288,15.9203,740.7611,3.32,A
49,hotel/consul,15.04,28.48,201.48,0.0,0,883,290.9922,1.2787,759.9841,0.0402,A
49,hotel/frontend,9950.4,130.18,1119.14,0.0,0,909392,206179.3782,95.8698,759.9841,26.1,A
49,hotel/geo,1145.61,28.96,1119.06,0.0,0,2827,640.9437,11.0377,759.9841,2.91,A
49,hotel/jaeger,0.25,14.79,81.01,0.0,0,0,290.9922,1.2787,1.3592,0.0,A
49,hotel/memcached-profile,143.98,7.72,79.25,0.0,0,1329,301.3138,1.3872,759.9841,0.381,A
49,hotel/memcached-rate,119.86,7.86,79.25,0.0,0,1225,290.9922,1.2787,759.9841,0.321,A
49,hotel/memcached-reserve,166.55,7.4,79.25,0.0,0,1123,290.9922,1.6047,759.9841,0.482,A
49,hotel/mongodb-geo,7.75,63.03,400.43,0.0,0,89,290.9922,1.2787,1.3592,0.0402,A
49,hotel/mongodb-profile,7.87,65.06,400.43,0.0,0,83,290.9922,1.2787,1.3592,0.0402,A
49,hotel/mongodb-rate,8.8,64.81,400.43,0.0547,4,100,290.9922,1.2787,1.3592,0.0402,A
49,hotel/mongodb-recommendation,7.79,62.53,400.43,0.0,0,68,290.9922,1.2787,1.3592,0.0402,A
49,hotel/mongodb-reservation,10.11,253.0,400.43,0.0469,24,94,290.9922,1.2787,759.9841,0.0402,A
49,hotel/mongodb-user,7.5,62.99,400.43,0.0,0,104,290.9922,1.2787,1.3592,0.0201,A
49,hotel/profile,3622.12,51.5,1119.06,0.0,0,89213,20226.5699,34.8983,759.9841,9.36,A
49,hotel/rate,1444.32,40.95,1119.14,0.0,0,3167,718.0293,13.9157,759.9841,3.77,A
49,hotel/recommendation,715.5,26.71,1119.06,0.0,0,2024,458.8858,6.8937,759.9841,2.01,A
49,hotel/reservation,3496.02,70.3,1119.06,0.0,0,269749,61158.0936,33.6834,759.9841,9.34,A
49,hotel/search,2755.39,33.95,1119.06,0.0,0,9101,2063.399,26.5476,759.9841,7.49,A
49,hotel/user,44.86,20.5,1119.06,0.0,0,556,290.9922,1.2787,759.9841,0.12,A
49,sn1/compose-post-service,1423.91,80.5,251.42,0.0,0,5661,1283.4745,13.719,759.9841,3.73,A
49,sn1/home-timeline-redis,290.89,2553.52,952.74,0.0,0,1371,310.8362,2.8027,759.9841,0.743,A
49,sn1/home-timeline-service,1666.53,111.48,251.42,0.0,0,3616,819.8276,16.0566,759.9841,4.28,A
49,sn1/jaeger,14.81,5411.39,75.0,0.0,0,339,290.9922,1.2787,759.9841,0.0803,A
49,sn1/media-frontend,0.0,2027.57,648.43,0.0,0,0,290.9922,1.2787,1.3592,0.0,A
49,sn1/media-memcached,0.23,4.63,75.33,0.0,0,0,290.9922,1.2787,1.3592,0.0,A
49,sn1/media-mongodb,8.64,73.99,704.02,0.0078,4,62,290.9922,1.2787,1.3592,0.0402,A
49,sn1/media-service,77.65,4.77,251.42,0.0,0,842,290.9922,1.2787,759.9841,0.201,A
49,sn1/nginx-thrift,24372.57,43256.85,620.32,53.2109,470,5854,1327.2319,234.8241,759.9841,62.8,A
49,sn1/post-storage-memcached,1824.88,70.96,75.33,0.0,0,5244,1188.9314,17.5823,759.9841,4.74,A
49,sn1/post-storage-mongodb,948.45,8187.77,4130.05,0.0,0,937,290.9922,9.1381,759.9841,2.45,A
49,sn1/post-storage-service,7621.35,96.35,251.42,0.0,0,10272,2328.8907,73.43,759.9841,19.6,A
49,sn1/social-graph-mongodb,9.15,727.97,757.02,0.0078,4,85,290.9922,1.2787,1.3592,0.0,A
49,sn1/social-graph-redis,2.33,20.04,103.57,0.0,0,432,290.9922,1.2787,1.3592,0.0,A
49,sn1/social-graph-service,0.06,31.3,251.42,0.0,0,0,290.9922,1.2787,1.3592,0.0,A
49,sn1/text-service,1504.96,72.53,251.42,0.0,0,5175,1173.2875,14.4999,759.9841,4.04,A
49,sn1/unique-id-service,82.07,4.71,251.42,0.0,0,821,290.9922,1.2787,759.9841,0.241,A
49,sn1/url-shorten-memcached,0.16,4.63,75.33,0.0,0,0,290.9922,1.2787,1.3592,0.0,A
49,sn1/url-shorten-mongodb,336.71,107.59,702.87,0.0312,2,1005,290.9922,3.2441,759.9841,1.0,A
49,sn1/url-shorten-service,1332.64,70.73,251.42,0.0,0,3979,902.1277,12.8397,759.9841,3.81,A
49,sn1/user-memcached,165.41,6.85,75.33,0.0,0,1998,452.991,1.5937,759.9841,0.442,A
49,sn1/user-mention-service,254.34,6.93,251.42,0.0,0,888,290.9922,2.4505,759.9841,0.663,A
49,sn1/user-mongodb,8.69,96.98,704.78,0.0039,2,92,290.9922,1.2787,1.3592,0.0201,A
49,sn1/user-service,72.32,18.02,251.42,0.0,0,576,290.9922,1.2787,759.9841,0.221,A
49,sn1/user-timeline-mongodb,15.74,106.91,703.03,0.0,0,529,290.9922,1.2787,759.9841,0.0602,A
49,sn1/user-timeline-redis,156.39,95.72,136.86,0.0,0,983,290.9922,1.5068,759.9841,0.422,A
49,sn1/user-timeline-service,1542.14,521.05,251.42,0.0,0,5072,1149.9351,14.8582,759.9841,3.91,A
50,hotel/consul,15.24,28.48,201.48,0.0,0,710,290.9922,1.2787,696.938,0.039,A
50,hotel/frontend,10022.49,121.25,1119.14,0.0,0,997526,237324.3866,92.5879,696.938,25.8,A
50,hotel/geo,972.66,30.62,1119.06,0.0,0,2074,493.4315,8.9854,696.938,2.42,A
50,hotel/jaeger,0.25,14.79,81.01,0.0,0,0,290.9922,1.2787,1.3592,0.0,A
50,hotel/memcached-profile,137.98,7.73,79.25,0.0,0,978,290.9922,1.2787,696.938,0.371,A
50,hotel/memcached-rate,107.01,7.57,79.25,0.0,0,714,290.9922,1.2787,696.938,0.312,A
50,hotel/memcached-reserve,161.4,7.17,79.25,0.0,0,813,290.9922,1.491,696.938,0.429,A
50,hotel/mongodb-geo,8.21,63.03,400.43,0.0195,2,78,290.9922,1.2787,1.3592,0.0195,A
50,hotel/mongodb-profile,8.13,65.06,400.43,0.0273,4,81,290.9922,1.2787,1.3592,0.0,A
50,hotel/mongodb-rate,7.73,64.81,400.43,0.0,0,287,290.9922,1.2787,1.3592,0.039,A
50,hotel/mongodb-recommendation,8.13,62.54,400.43,0.0195,2,83,290.9922,1.2787,1.3592,0.0195,A
50,hotel/mongodb-reservation,10.06,253.07,400.43,0.0703,26,48,290.9922,1.2787,696.938,0.0195,A
50,hotel/mongodb-user,8.27,62.99,400.43,0.0195,2,103,290.9922,1.2787,1.3592,0.0195,A
50,hotel/profile,3616.46,50.53,1119.06,0.0,0,112879,26855.3796,33.4089,696.938,9.6,A
50,hotel/rate,1313.4,40.43,1119.14,0.0,0,2550,606.6781,12.1332,696.938,3.26,A
50,hotel/recommendation,672.1,26.87,1119.06,0.0,0,1576,374.9509,6.2089,696.938,1.76,A
50,hotel/reservation,3411.53,68.47,1119.06,0.0,0,180546,42954.2375,31.5158,696.938,9.35,A
50,hotel/search,2568.72,35.53,1119.06,0.0,0,5639,1341.5913,23.7299,696.938,6.52,A
50,hotel/user,48.31,20.77,1119.06,0.0,0,557,290.9922,1.2787,696.938,0.117,A
50,sn1/compose-post-service,1364.87,80.52,251.42,0.0,0,4951,1177.9072,12.6087,696.938,3.1,A
50,sn1/home-timeline-redis,287.61,2553.27,952.74,0.0,0,1050,290.9922,2.6569,696.938,0.722,A
50,sn1/home-timeline-service,1649.85,112.8,251.42,0.0,0,3406,810.3316,15.2413,696.938,4.19,A
50,sn1/jaeger,69.09,5411.77,75.0,0.0,0,527,290.9922,1.2787,696.938,0.215,A
50,sn1/media-frontend,0.0,2027.57,648.43,0.0,0,0,290.9922,1.2787,1.3592,0.0,A
50,sn1/media-memcached,0.16,4.63,75.33,0.0,0,0,290.9922,1.2787,1.3592,0.0195,A
50,sn1/media-mongodb,10.51,73.99,704.02,0.0352,4,76,290.9922,1.2787,696.938,0.039,A
50,sn1/media-service,74.69,5.01,251.42,0.0,0,592,290.9922,1.2787,696.938,0.176,A
50,sn1/nginx-thrift,24342.29,43267.31,620.32,0.0,0,5053,1202.1743,224.8744,696.938,62.2,A
50,sn1/post-storage-memcached,1804.33,70.9,75.33,0.0,0,5736,1364.6689,16.6684,696.938,4.6,A
50,sn1/post-storage-mongodb,956.46,8187.98,4130.05,8.9062,138,825,290.9922,8.8358,696.938,2.46,A
50,sn1/post-storage-service,7559.69,93.32,251.42,0.0,0,9824,2337.2571,69.8365,696.938,19.4,A
50,sn1/social-graph-mongodb,10.27,727.97,757.02,0.0312,2,117,290.9922,1.2787,696.938,0.039,A
50,sn1/social-graph-redis,2.23,20.04,103.57,0.0,0,293,290.9922,1.2787,1.3592,0.0195,A
50,sn1/social-graph-service,0.0,31.3,251.42,0.0,0,0,290.9922,1.2787,1.3592,0.0,A
50,sn1/text-service,1457.99,69.18,251.42,0.0,0,4457,1060.3782,13.4689,696.938,3.43,A
50,sn1/unique-id-service,77.1,4.67,251.42,0.0,0,712,290.9922,1.2787,696.938,0.195,A
50,sn1/url-shorten-memcached,0.14,4.63,75.33,0.0,0,0,290.9922,1.2787,1.3592,0.0,A
50,sn1/url-shorten-mongodb,327.05,108.85,702.87,0.0,0,844,290.9922,3.0213,696.938,0.878,A
50,sn1/url-shorten-service,1318.36,69.0,251.42,0.0,0,3535,841.0224,12.179,696.938,3.3,A
50,sn1/user-memcached,159.67,6.34,75.33,0.0,0,1802,428.7192,1.475,696.938,0.41,A
50,sn1/user-mention-service,240.74,6.93,251.42,0.0,0,994,290.9922,2.224,696.938,0.566,A
50,sn1/user-mongodb,10.09,96.98,704.78,0.0312,2,189,290.9922,1.2787,696.938,0.039,A
50,sn1/user-service,67.72,17.98,251.42,0.0,0,690,290.9922,1.2787,696.938,0.156,A
50,sn1/user-timeline-mongodb,15.88,106.91,703.03,0.0273,2,245,290.9922,1.2787,696.938,0.0585,A
50,sn1/user-timeline-redis,155.91,95.73,136.86,0.0,0,711,290.9922,1.4403,696.938,0.41,A
50,sn1/user-timeline-service,1544.67,519.48,251.42,0.0,0,4684,1114.3844,14.2697,696.938,3.84,A
51,hotel/consul,17.21,28.48,201.48,0.0,0,2602,570.5911,1.2787,763.1704,0.0377,A
51,hotel/frontend,9980.84,120.77,1119.14,0.0,0,895214,196310.985,154.9399,763.1704,25.0,A
51,hotel/geo,1303.96,29.26,1119.06,0.0,0,2721,596.6866,20.2423,763.1704,2.9,A
51,hotel/jaeger,0.25,14.79,81.01,0.0,0,0,290.9922,1.2787,1.3592,0.0,A
51,hotel/memcached-profile,150.72,7.72,79.25,0.0,0,1839,403.2733,2.3397,763.1704,0.339,A
51,hotel/memcached-rate,126.92,7.84,79.25,0.0,0,1747,383.0987,1.9703,763.1704,0.302,A
51,hotel/memcached-reserve,178.83,7.22,79.25,0.0,0,1596,349.986,2.7761,763.1704,0.433,A
51,hotel/mongodb-geo,8.35,63.03,400.43,0.0,0,109,290.9922,1.2787,1.3592,0.0377,A
51,hotel/mongodb-profile,8.38,65.06,400.43,0.0,0,151,290.9922,1.2787,1.3592,0.0188,A
51,hotel/mongodb-rate,9.27,64.81,400.43,0.0312,2,288,290.9922,1.2787,1.3592,0.0565,A
51,hotel/mongodb-recommendation,7.98,62.54,400.43,0.0,0,140,290.9922,1.2787,1.3592,0.0188,A
51,hotel/mongodb-reservation,9.64,253.08,400.43,0.0352,18,131,290.9922,1.2787,1.3592,0.0377,A
51,hotel/mongodb-user,8.08,62.99,400.43,0.0,0,139,290.9922,1.2787,1.3592,0.0188,A
51,hotel/profile,3598.21,51.77,1119.06,0.0,0,126831,27812.7001,55.8576,763.1704,8.29,A
51,hotel/rate,1681.87,37.68,1119.14,0.0,0,3415,748.8735,26.1089,763.1704,3.58,A
51,hotel/recommendation,770.13,28.85,1119.06,0.0,0,2103,461.1657,11.9553,763.1704,1.77,A
51,hotel/reservation,3638.91,72.33,1119.06,0.0,0,207913,45593.1273,56.4895,763.1704,9.18,A
51,hotel/search,2852.6,39.12,1119.06,0.0,0,10124,2220.0864,44.283,763.1704,6.01,A
51,hotel/user,53.29,20.64,1119.06,0.0,0,757,290.9922,1.2787,763.1704,0.0942,A
51,sn1/compose-post-service,1412.07,80.55,251.42,0.0,0,5400,1184.163,21.9206,763.1704,3.37,A
51,sn1/home-timeline-redis,298.55,2553.52,952.74,0.0,0,1205,290.9922,4.6346,763.1704,0.754,A
51,sn1/home-timeline-service,1660.56,108.39,251.42,0.0,0,3694,810.0552,25.7781,763.1704,4.11,A
51,sn1/jaeger,14.56,5411.88,75.0,0.0,0,457,290.9922,1.2787,763.1704,0.0754,A
51,sn1/media-frontend,0.0,2027.57,648.43,0.0,0,0,290.9922,1.2787,1.3592,0.0,A
51,sn1/media-memcached,0.18,4.63,75.33,0.0,0,0,290.9922,1.2787,1.3592,0.0,A
51,sn1/media-mongodb,9.13,73.99,704.02,0.0,0,63,290.9922,1.2787,1.3592,0.0377,A
51,sn1/media-service,77.5,4.86,251.42,0.0,0,725,290.9922,1.2787,763.1704,0.17,A
51,sn1/nginx-thrift,24408.84,43274.66,620.32,0.0,0,5581,1223.8544,378.9163,763.1704,61.3,A
51,sn1/post-storage-memcached,1826.78,70.36,75.33,0.0,0,5520,1210.4778,28.3584,763.1704,4.54,A
51,sn1/post-storage-mongodb,954.33,8187.97,4130.05,0.0,0,925,290.9922,14.8148,763.1704,2.39,A
51,sn1/post-storage-service,7552.81,94.72,251.42,0.0,0,10576,2319.2052,117.2478,763.1704,18.7,A
51,sn1/social-graph-mongodb,10.83,727.97,757.02,0.0039,2,109,290.9922,1.2787,763.1704,0.0188,A
51,sn1/social-graph-redis,2.35,20.04,103.57,0.0,0,251,290.9922,1.2787,1.3592,0.0,A
51,sn1/social-graph-service,0.04,31.3,251.42,0.0,0,0,290.9922,1.2787,1.3592,0.0,A
51,sn1/text-service,1491.15,74.54,251.42,0.0,0,4571,1002.3721,23.1482,763.1704,3.71,A
51,sn1/unique-id-service,79.74,4.61,251.42,0.0,0,749,290.9922,1.2787,763.1704,0.188,A
51,sn1/url-shorten-memcached,0.14,4.63,75.33,0.0,0,0,290.9922,1.2787,1.3592,0.0,A
51,sn1/url-shorten-mongodb,328.59,108.0,702.87,0.0312,2,999,290.9922,5.1009,763.1704,0.905,A
51,sn1/url-shorten-service,1304.54,69.55,251.42,0.0,0,3860,846.4573,20.2513,763.1704,3.37,A
51,sn1/user-memcached,166.07,6.35,75.33,0.0,0,1962,430.2459,2.578,763.1704,0.396,A
51,sn1/user-mention-service,246.53,6.84,251.42,0.0,0,933,290.9922,3.8271,763.1704,0.584,A
51,sn1/user-mongodb,9.79,96.98,704.78,0.0039,2,143,290.9922,1.2787,1.3592,0.0188,A
51,sn1/user-service,69.79,18.05,251.42,0.0,0,602,290.9922,1.2787,763.1704,0.188,A
51,sn1/user-timeline-mongodb,16.91,106.91,703.03,0.0,0,452,290.9922,1.2787,763.1704,0.0377,A
51,sn1/user-timeline-redis,158.17,95.49,136.86,0.0,0,896,290.9922,2.4554,763.1704,0.377,A
51,sn1/user-timeline-service,1537.59,520.3,251.42,0.0,0,5155,1130.4371,23.8691,763.1704,3.71,A
52,hotel/consul,16.35,28.48,201.48,0.0,0,594,290.9922,1.2787,733.0163,0.0587,A
52,hotel/frontend,9954.34,123.77,1119.14,0.0,0,987859,251352.3063,119.0987,733.0163,25.6,A
52,hotel/geo,1065.15,29.94,1119.06,0.0,0,2028,516.0073,12.744,733.0163,2.88,A
52,hotel/jaeger,0.22,14.79,81.01,0.0,0,0,290.9922,1.2787,1.3592,0.0,A
52,hotel/memcached-profile,141.28,7.71,79.25,0.0,0,1264,321.614,1.6903,733.0163,0.352,A
52,hotel/memcached-rate,112.52,7.85,79.25,0.0,0,1019,290.9922,1.3462,733.0163,0.293,A
52,hotel/memcached-reserve,165.03,7.71,79.25,0.0,0,1059,290.9922,1.9745,733.0163,0.411,A
52,hotel/mongodb-geo,8.23,63.04,400.43,0.0352,4,889,290.9922,1.2787,1.3592,0.0196,A
52,hotel/mongodb-profile,8.0,65.07,400.43,0.0234,2,101,290.9922,1.2787,1.3592,0.0196,A
52,hotel/mongodb-rate,7.38,64.81,400.43,0.0,0,95,290.9922,1.2787,1.3592,0.0391,A
52,hotel/mongodb-recommendation,8.33,62.54,400.43,0.0234,2,96,290.9922,1.2787,1.3592,0.0196,A
52,hotel/mongodb-reservation,11.3,253.09,400.43,0.0977,38,67,290.9922,1.2787,733.0163,0.0391,A
52,hotel/mongodb-user,8.37,63.0,400.43,0.0234,2,107,290.9922,1.2787,1.3592,0.0196,A
52,hotel/profile,3421.46,46.61,1119.06,0.0,0,46305,11781.9127,40.936,733.0163,9.41,A
52,hotel/rate,1431.33,53.66,1119.14,0.0,0,2614,665.11,17.1251,733.0163,3.76,A
52,hotel/recommendation,700.45,29.84,1119.06,0.0,0,1800,457.9947,8.3805,733.0163,1.88,A
52,hotel/reservation,3407.48,69.1,1119.06,0.0,0,157429,40056.4678,40.7688,733.0163,7.61,A
52,hotel/search,2666.52,45.96,1119.06,0.0,0,8929,2271.908,31.9036,733.0163,6.07,A
52,hotel/user,46.18,20.64,1119.06,0.0,0,504,290.9922,1.2787,733.0163,0.0978,A
52,sn1/compose-post-service,1381.41,82.37,251.42,0.0,0,4985,1268.3908,16.5279,733.0163,3.48,A
52,sn1/home-timeline-redis,300.16,2552.78,952.74,0.0,0,1062,290.9922,3.5913,733.0163,0.763,A
52,sn1/home-timeline-service,1658.88,108.7,251.42,0.0,0,3570,908.3561,19.8477,733.0163,4.29,A
52,sn1/jaeger,62.93,5412.09,75.0,0.0,0,1586,403.5442,1.2787,733.0163,0.235,A
52,sn1/media-frontend,0.0,2027.57,648.43,0.0,0,0,290.9922,1.2787,1.3592,0.0,A
52,sn1/media-memcached,0.2,4.63,75.33,0.0,0,0,290.9922,1.2787,1.3592,0.0,A
52,sn1/media-mongodb,9.66,74.24,704.02,0.0391,4,124,290.9922,1.2787,1.3592,0.0391,A
52,sn1/media-service,76.57,4.86,251.42,0.0,0,692,290.9922,1.2787,733.0163,0.196,A
52,sn1/nginx-thrift,24344.62,43281.45,620.32,52.8086,458,5212,1326.149,291.2711,733.0163,63.7,A
52,sn1/post-storage-memcached,1785.82,70.38,75.33,0.0,0,5798,1475.2517,21.3664,733.0163,4.7,A
52,sn1/post-storage-mongodb,940.49,8188.31,4130.05,0.0664,4,952,290.9922,11.2525,733.0163,2.48,A
52,sn1/post-storage-service,7504.2,94.51,251.42,0.0,0,9878,2513.3729,89.784,733.0163,19.4,A
52,sn1/social-graph-mongodb,10.09,727.97,757.02,0.0312,2,148,290.9922,1.2787,733.0163,0.0196,A
52,sn1/social-graph-redis,2.14,20.04,103.57,0.0,0,251,290.9922,1.2787,1.3592,0.0,A
52,sn1/social-graph-service,0.0,31.3,251.42,0.0,0,0,290.9922,1.2787,1.3592,0.0,A
52,sn1/text-service,1472.0,71.74,251.42,0.0,0,4402,1120.0514,17.6117,733.0163,3.82,A
52,sn1/unique-id-service,75.76,4.61,251.42,0.0,0,588,290.9922,1.2787,733.0163,0.215,A
52,sn1/url-shorten-memcached,0.14,4.63,75.33,0.0,0,0,290.9922,1.2787,1.3592,0.0,A
52,sn1/url-shorten-mongodb,331.63,107.06,702.87,0.0,0,740,290.9922,3.9678,733.0163,0.978,A
52,sn1/url-shorten-service,1280.49,68.9,251.42,0.0,0,3621,921.3326,15.3204,733.0163,3.5,A
52,sn1/user-memcached,159.36,6.61,75.33,0.0,0,1737,441.9649,1.9067,733.0163,0.391,A
52,sn1/user-mention-service,236.96,6.85,251.42,0.0,0,1027,290.9922,2.8351,733.0163,0.607,A
52,sn1/user-mongodb,9.96,96.98,704.78,0.0312,2,128,290.9922,1.2787,1.3592,0.0196,A
52,sn1/user-service,71.87,18.05,251.42,0.0,0,790,290.9922,1.2787,733.0163,0.176,A
52,sn1/user-timeline-mongodb,17.12,106.92,703.03,0.0312,2,326,290.9922,1.2787,733.0163,0.0587,A
52,sn1/user-timeline-redis,155.49,95.47,136.86,0.0,0,769,290.9922,1.8604,733.0163,0.411,A
52,sn1/user-timeline-service,1545.21,520.95,251.42,0.0,0,4839,1231.2423,18.4877,733.0163,3.93,A
53,hotel/consul,15.42,28.48,201.48,0.0,0,934,290.9922,1.2787,776.0999,0.0581,A
53,hotel/frontend,10057.82,120.76,1119.14,0.0,0,1011645,226471.3668,153.5845,776.0999,25.1,A
53,hotel/geo,993.02,27.85,1119.06,0.0,0,1969,440.7891,15.1636,776.0999,2.52,A
53,hotel/jaeger,0.21,14.79,81.01,0.0,0,0,290.9922,1.2787,1.3592,0.0,A
53,hotel/memcached-profile,134.22,7.68,79.25,0.0,0,1029,290.9922,2.0496,776.0999,0.368,A
53,hotel/memcached-rate,106.97,7.61,79.25,0.0,0,1197,290.9922,1.6334,776.0999,0.271,A
53,hotel/memcached-reserve,156.95,7.22,79.25,0.0,0,963,290.9922,2.3967,776.0999,0.387,A
53,hotel/mongodb-geo,7.42,63.04,400.43,0.0,0,64,290.9922,1.2787,1.3592,0.0387,A
53,hotel/mongodb-profile,7.41,65.07,400.43,0.0,0,81,290.9922,1.2787,1.3592,0.0194,A
53,hotel/mongodb-rate,9.2,64.82,400.43,0.0781,14,180,290.9922,1.2787,1.3592,0.0387,A
53,hotel/mongodb-recommendation,7.22,62.54,400.43,0.0,0,68,290.9922,1.2787,1.3592,0.0194,A
53,hotel/mongodb-reservation,9.33,253.09,400.43,0.0469,24,78,290.9922,1.2787,1.3592,0.0194,A
53,hotel/mongodb-user,7.22,63.0,400.43,0.0,0,151,290.9922,1.2787,1.3592,0.0194,A
53,hotel/profile,3265.84,45.52,1119.06,0.0,0,44827,10035.1724,49.8699,776.0999,8.5,A
53,hotel/rate,1335.6,42.0,1119.14,0.0,0,2595,580.9283,20.3948,776.0999,3.39,A
53,hotel/recommendation,664.06,30.57,1119.06,0.0,0,1615,361.5411,10.1403,776.0999,1.53,A
53,hotel/reservation,3360.72,71.6,1119.06,0.0,0,239411,53595.6155,51.3187,776.0999,8.79,A
53,hotel/search,2434.07,36.88,1119.06,0.0,0,3933,880.4589,37.1686,776.0999,5.77,A
53,hotel/user,49.49,20.68,1119.06,0.0,0,571,290.9922,1.2787,776.0999,0.116,A
53,sn1/compose-post-service,1398.73,81.01,251.42,0.0,0,5420,1213.3454,21.3588,776.0999,3.52,A
53,sn1/home-timeline-redis,291.4,2553.52,952.74,0.0,0,1080,290.9922,4.4497,776.0999,0.755,A
53,sn1/home-timeline-service,1661.6,110.6,251.42,0.0,0,3672,822.0303,25.3729,776.0999,4.22,A
53,sn1/jaeger,14.28,5412.1,75.0,0.0,0,471,290.9922,1.2787,776.0999,0.0774,A
53,sn1/media-frontend,0.0,2027.57,648.43,0.0,0,0,290.9922,1.2787,1.3592,0.0,A
53,sn1/media-memcached,0.15,4.63,75.33,0.0,0,0,290.9922,1.2787,1.3592,0.0,A
53,sn1/media-mongodb,7.9,73.99,704.02,0.0,0,83,290.9922,1.2787,1.3592,0.0387,A
53,sn1/media-service,77.05,4.86,251.42,0.0,0,657,290.9922,1.2787,776.0999,0.194,A
53,sn1/nginx-thrift,24398.81,43290.77,620.32,0.0,0,5547,1241.7762,372.5736,776.0999,61.6,A
53,sn1/post-storage-memcached,1792.33,70.77,75.33,0.0,0,5458,1221.8523,27.3692,776.0999,4.51,A
53,sn1/post-storage-mongodb,942.09,8187.59,4130.05,0.0078,4,983,290.9922,14.3859,776.0999,2.4,A
53,sn1/post-storage-service,7474.39,93.39,251.42,0.0,0,10359,2319.012,114.1351,776.0999,18.9,A
53,sn1/social-graph-mongodb,8.31,727.97,757.02,0.0,0,156,290.9922,1.2787,1.3592,0.0194,A
53,sn1/social-graph-redis,2.23,20.04,103.57,0.0,0,91,290.9922,1.2787,1.3592,0.0,A
53,sn1/social-graph-service,0.08,31.3,251.42,0.0,0,0,290.9922,1.2787,1.3592,0.0,A
53,sn1/text-service,1477.05,71.54,251.42,0.0,0,4974,1113.5018,22.5548,776.0999,3.91,A
53,sn1/unique-id-service,75.57,4.61,251.42,0.0,0,680,290.9922,1.2787,776.0999,0.194,A
53,sn1/url-shorten-memcached,0.13,4.63,75.33,0.0,0,0,290.9922,1.2787,1.3592,0.0,A
53,sn1/url-shorten-mongodb,360.1,107.71,702.87,0.0742,8,1101,290.9922,5.4988,776.0999,1.05,A
53,sn1/url-shorten-service,1388.3,69.24,251.42,0.0,0,4311,965.0797,21.1996,776.0999,3.81,A
53,sn1/user-memcached,159.92,6.61,75.33,0.0,0,2040,456.6835,2.442,776.0999,0.407,A
53,sn1/user-mention-service,240.33,6.84,251.42,0.0,0,1180,290.9922,3.6699,776.0999,0.6,A
53,sn1/user-mongodb,8.04,96.98,704.78,0.0,0,129,290.9922,1.2787,1.3592,0.0387,A
53,sn1/user-service,72.14,18.05,251.42,0.0,0,823,290.9922,1.2787,776.0999,0.194,A
53,sn1/user-timeline-mongodb,15.52,106.92,703.03,0.0,0,448,290.9922,1.2787,776.0999,0.0387,A
53,sn1/user-timeline-redis,154.54,95.47,136.86,0.0,0,761,290.9922,2.3598,776.0999,0.368,A
53,sn1/user-timeline-service,1555.75,520.04,251.42,0.0,0,5042,1128.7246,23.7565,776.0999,3.79,A
54,hotel/consul,19.23,28.46,201.48,0.0,0,420,290.9922,1.2787,769.0999,0.069,A
54,hotel/frontend,9879.74,111.8,1119.14,0.0,0,843049,192066.3485,107.372,769.0999,24.7,A
54,hotel/geo,1064.55,28.77,1119.06,0.0,0,2217,505.0846,11.5694,769.0999,2.73,A
54,hotel/jaeger,0.21,14.79,81.01,0.0,0,0,290.9922,1.2787,1.3592,0.0,A
54,hotel/memcached-profile,135.09,7.74,79.25,0.0,0,968,290.9922,1.4681,769.0999,0.359,A
54,hotel/memcached-rate,115.95,7.6,79.25,0.0,0,1146,290.9922,1.2787,769.0999,0.318,A
54,hotel/memcached-reserve,168.83,7.26,79.25,0.0,0,2305,525.1331,1.8348,769.0999,0.469,A
54,hotel/mongodb-geo,7.73,63.04,400.43,0.0234,2,82,290.9922,1.2787,1.3592,0.0138,A
54,hotel/mongodb-profile,7.87,65.07,400.43,0.0234,2,92,290.9922,1.2787,1.3592,0.0138,A
54,hotel/mongodb-rate,7.09,64.82,400.43,0.0,0,72,290.9922,1.2787,1.3592,0.0138,A
54,hotel/mongodb-recommendation,7.87,62.54,400.43,0.0234,2,91,290.9922,1.2787,1.3592,0.0138,A
54,hotel/mongodb-reservation,9.97,253.1,400.43,0.0664,22,104,290.9922,1.2787,1.3592,0.0276,A
54,hotel/mongodb-user,7.96,63.0,400.43,0.0234,2,266,290.9922,1.2787,1.3592,0.0138,A
54,hotel/profile,3390.11,50.13,1119.06,0.0,0,92576,21090.9856,36.8434,769.0999,8.85,A
54,hotel/rate,1404.86,41.11,1119.14,0.0,0,2860,651.5751,15.2679,769.0999,3.42,A
54,hotel/recommendation,716.94,27.62,1119.06,0.0,0,1647,375.2253,7.7916,769.0999,1.75,A
54,hotel/reservation,3533.42,80.36,1119.06,0.0,0,292946,66739.9742,38.4009,769.0999,9.36,A
54,hotel/search,2452.37,37.96,1119.06,0.0,0,4607,1049.5827,26.6521,769.0999,6.23,A
54,hotel/user,50.55,20.77,1119.06,0.0,0,594,290.9922,1.2787,769.0999,0.138,A
54,sn1/compose-post-service,1393.04,76.22,251.42,0.0,0,5104,1162.811,15.1394,769.0999,3.52,A
54,sn1/home-timeline-redis,286.4,2553.2,952.74,0.0,0,970,290.9922,3.1126,769.0999,0.718,A
54,sn1/home-timeline-service,1637.3,108.08,251.42,0.0,0,3364,766.3982,17.794,769.0999,4.13,A
54,sn1/jaeger,67.87,5412.11,75.0,0.0,0,752,290.9922,1.2787,769.0999,0.428,A
54,sn1/media-frontend,0.0,2027.57,648.43,0.0,0,0,290.9922,1.2787,1.3592,0.0,A
54,sn1/media-memcached,0.16,4.63,75.33,0.0,0,0,290.9922,1.2787,1.3592,0.0,A
54,sn1/media-mongodb,9.12,73.99,704.02,0.0312,2,94,290.9922,1.2787,1.3592,0.0276,A
54,sn1/media-service,76.86,4.86,251.42,0.0,0,838,290.9922,1.2787,769.0999,0.193,A
54,sn1/nginx-thrift,23998.37,43299.16,620.32,0.0,0,5308,1209.287,260.8119,769.0999,60.8,A
54,sn1/post-storage-memcached,1792.38,70.1,75.33,0.0,0,5576,1270.3437,19.4794,769.0999,4.51,A
54,sn1/post-storage-mongodb,932.36,8187.76,4130.05,0.0547,2,828,290.9922,10.1328,769.0999,2.35,A
54,sn1/post-storage-service,7481.16,94.23,251.42,0.0,0,9602,2187.561,81.3045,769.0999,18.8,A
54,sn1/social-graph-mongodb,9.61,727.97,757.02,0.0312,2,112,290.9922,1.2787,1.3592,0.0276,A
54,sn1/social-graph-redis,2.38,20.04,103.57,0.0,0,504,290.9922,1.2787,1.3592,0.0,A
54,sn1/social-graph-service,0.0,31.3,251.42,0.0,0,0,290.9922,1.2787,1.3592,0.0,A
54,sn1/text-service,1471.47,64.45,251.42,0.0,0,4697,1070.0868,15.9918,769.0999,3.85,A
54,sn1/unique-id-service,76.01,4.61,251.42,0.0,0,708,290.9922,1.2787,769.0999,0.193,A
54,sn1/url-shorten-memcached,0.13,4.63,75.33,0.0,0,0,290.9922,1.2787,1.3592,0.0,A
54,sn1/url-shorten-mongodb,362.18,107.7,702.87,0.0,0,899,290.9922,3.9361,769.0999,1.06,A
54,sn1/url-shorten-service,1381.19,65.0,251.42,0.0,0,4378,997.4112,15.0106,769.0999,3.84,A
54,sn1/user-memcached,158.75,6.36,75.33,0.0,0,1927,439.0158,1.7253,769.0999,0.414,A
54,sn1/user-mention-service,241.26,6.83,251.42,0.0,0,1011,290.9922,2.622,769.0999,0.621,A
54,sn1/user-mongodb,9.39,96.98,704.78,0.0312,2,97,290.9922,1.2787,1.3592,0.0138,A
54,sn1/user-service,73.31,18.05,251.42,0.0,0,699,290.9922,1.2787,769.0999,0.179,A
54,sn1/user-timeline-mongodb,16.71,106.92,703.03,0.0352,4,285,290.9922,1.2787,769.0999,0.0414,A
54,sn1/user-timeline-redis,153.76,95.76,136.86,0.0,0,930,290.9922,1.671,769.0999,0.387,A
54,sn1/user-timeline-service,1508.26,520.89,251.42,0.0,0,4646,1058.4678,16.3916,769.0999,3.71,A
55,hotel/consul,17.64,28.46,201.48,0.0,0,1753,373.7211,1.2787,755.4606,0.0399,A
55,hotel/frontend,10025.04,112.62,1119.14,0.0,0,763098,162684.4355,109.732,755.4606,25.8,A
55,hotel/geo,1086.58,38.16,1119.06,0.0,0,2330,496.7314,11.8935,755.4606,2.67,A
55,hotel/jaeger,0.26,14.79,81.01,0.0,0,0,290.9922,1.2787,1.3592,0.0,A
55,hotel/memcached-profile,144.6,7.71,79.25,0.0,0,1382,294.6278,1.5828,755.4606,0.339,A
55,hotel/memcached-rate,111.7,7.61,79.25,0.0,0,1285,290.9922,1.2787,755.4606,0.259,A
55,hotel/memcached-reserve,167.89,7.16,79.25,0.0,0,1184,290.9922,1.8377,755.4606,0.399,A
55,hotel/mongodb-geo,7.5,63.04,400.43,0.0469,10,124,290.9922,1.2787,1.3592,0.0,A
55,hotel/mongodb-profile,7.61,65.07,400.43,0.0508,12,109,290.9922,1.2787,1.3592,0.02,A
55,hotel/mongodb-rate,7.55,64.84,400.43,0.0,0,97,290.9922,1.2787,1.3592,0.02,A
55,hotel/mongodb-recommendation,7.49,62.55,400.43,0.0508,12,185,290.9922,1.2787,1.3592,0.02,A
55,hotel/mongodb-reservation,10.94,253.14,400.43,0.5977,92,155,290.9922,1.2787,755.4606,0.0599,A
55,hotel/mongodb-user,7.75,63.0,400.43,0.0781,14,162,290.9922,1.2787,1.3592,0.0399,A
55,hotel/profile,3332.82,56.36,1119.06,0.0,0,54079,11529.0717,36.4804,755.4606,7.33,A
55,hotel/rate,1421.63,42.92,1119.14,0.0,0,2816,600.3415,15.5609,755.4606,3.23,A
55,hotel/recommendation,737.22,28.09,1119.06,0.0,0,1953,416.359,8.0695,755.4606,1.66,A
55,hotel/reservation,3595.8,67.86,1119.06,0.0,0,310644,66226.0205,39.3589,755.4606,8.44,A
55,hotel/search,2430.65,35.21,1119.06,0.0,0,7929,1690.3791,26.6054,755.4606,5.91,A
55,hotel/user,47.56,20.5,1119.06,0.0,0,483,290.9922,1.2787,755.4606,0.12,A
55,sn1/compose-post-service,1370.08,77.31,251.42,0.0,0,5350,1140.5635,14.9966,755.4606,3.45,A
55,sn1/home-timeline-redis,297.47,2553.75,952.74,0.0,0,1530,326.1798,3.256,755.4606,0.778,A
55,sn1/home-timeline-service,1663.59,109.23,251.42,0.0,0,3699,788.5877,18.2093,755.4606,4.33,A
55,sn1/jaeger,14.68,5412.11,75.0,0.0,0,352,290.9922,1.2787,755.4606,0.0599,A
55,sn1/media-frontend,0.0,2027.57,648.43,0.0,0,0,290.9922,1.2787,1.3592,0.0,A
55,sn1/media-memcached,0.16,4.63,75.33,0.0,0,0,290.9922,1.2787,1.3592,0.0,A
55,sn1/media-mongodb,7.86,73.99,704.02,0.0,0,151,290.9922,1.2787,1.3592,0.02,A
55,sn1/media-service,77.36,4.86,251.42,0.0,0,706,290.9922,1.2787,755.4606,0.18,A
55,sn1/nginx-thrift,24348.02,43316.11,620.32,52.5547,468,5504,1173.3947,266.5084,755.4606,62.9,A
55,sn1/post-storage-memcached,1788.1,70.69,75.33,0.0,0,5629,1200.0434,19.5722,755.4606,4.65,A
55,sn1/post-storage-mongodb,933.93,8187.75,4130.05,0.0039,2,1039,290.9922,10.2226,755.4606,2.44,A
55,sn1/post-storage-service,7464.1,91.95,251.42,0.0,0,10133,2160.2486,81.7005,755.4606,19.5,A
55,sn1/social-graph-mongodb,8.33,727.97,757.02,0.0,0,145,290.9922,1.2787,1.3592,0.0,A
55,sn1/social-graph-redis,2.39,20.04,103.57,0.0,0,234,290.9922,1.2787,1.3592,0.0,A
55,sn1/social-graph-service,0.06,31.3,251.42,0.0,0,0,290.9922,1.2787,1.3592,0.0,A
55,sn1/text-service,1447.01,63.05,251.42,0.0,0,4837,1031.1973,15.8387,755.4606,3.87,A
55,sn1/unique-id-service,75.87,4.61,251.42,0.0,0,707,290.9922,1.2787,755.4606,0.2,A
55,sn1/url-shorten-memcached,0.12,4.63,75.33,0.0,0,0,290.9922,1.2787,1.3592,0.0,A
55,sn1/url-shorten-mongodb,349.54,107.71,702.87,0.0352,2,1010,290.9922,3.826,755.4606,1.08,A
55,sn1/url-shorten-service,1354.61,64.0,251.42,0.0,0,4385,934.8357,14.8273,755.4606,3.91,A
55,sn1/user-memcached,164.28,6.58,75.33,0.0,0,1783,380.1168,1.7982,755.4606,0.419,A
55,sn1/user-mention-service,239.01,6.79,251.42,0.0,0,951,290.9922,2.6162,755.4606,0.599,A
55,sn1/user-mongodb,7.77,96.98,704.78,0.0,0,99,290.9922,1.2787,1.3592,0.0399,A
55,sn1/user-service,72.41,18.05,251.42,0.0,0,643,290.9922,1.2787,755.4606,0.2,A
55,sn1/user-timeline-mongodb,16.11,106.92,703.03,0.0,0,386,290.9922,1.2787,755.4606,0.0599,A
55,sn1/user-timeline-redis,154.8,95.52,136.86,0.0,0,879,290.9922,1.6944,755.4606,0.379,A
55,sn1/user-timeline-service,1515.57,519.46,251.42,0.0,0,4977,1061.0438,16.5891,755.4606,3.85,A
56,hotel/consul,15.66,28.46,201.48,0.0,0,1298,330.0898,1.2787,782.4258,0.0385,A
56,hotel/frontend,9975.38,121.54,1119.14,0.0,0,966287,245733.0551,133.5446,782.4258,24.9,A
56,hotel/geo,1015.32,28.79,1119.06,0.0,0,2099,533.7893,13.5925,782.4258,2.6,A
56,hotel/jaeger,0.2,14.79,81.01,0.0,0,0,290.9922,1.2787,1.3592,0.0192,A
56,hotel/memcached-profile,135.66,7.69,79.25,0.0,0,907,290.9922,1.8161,782.4258,0.327,A
56,hotel/memcached-rate,111.01,7.58,79.25,0.0,0,1061,290.9922,1.4861,782.4258,0.308,A
56,hotel/memcached-reserve,161.24,7.15,79.25,0.0,0,996,290.9922,2.1586,782.4258,0.404,A
56,hotel/mongodb-geo,7.47,63.04,400.43,0.043,4,425,290.9922,1.2787,1.3592,0.0192,A
56,hotel/mongodb-profile,7.44,65.07,400.43,0.0234,2,140,290.9922,1.2787,1.3592,0.0385,A
56,hotel/mongodb-rate,7.13,64.84,400.43,0.0,0,105,290.9922,1.2787,1.3592,0.0385,A
56,hotel/mongodb-recommendation,7.61,62.55,400.43,0.0352,4,67,290.9922,1.2787,1.3592,0.0192,A
56,hotel/mongodb-reservation,9.8,253.14,400.43,0.0664,22,149,290.9922,1.2787,1.3592,0.0192,A
56,hotel/mongodb-user,8.16,63.0,400.43,0.0234,2,66,290.9922,1.2787,1.3592,0.0192,A
56,hotel/profile,3573.28,44.81,1119.06,0.0,0,45391,11543.2259,47.837,782.4258,9.02,A
56,hotel/rate,1426.59,37.69,1119.14,0.0,0,2721,691.968,19.0984,782.4258,3.83,A
56,hotel/recommendation,715.32,27.62,1119.06,0.0,0,1671,424.9461,9.5763,782.4258,1.87,A
56,hotel/reservation,3503.02,77.26,1119.06,0.0,0,182938,46522.3206,46.8964,782.4258,8.44,A
56,hotel/search,2713.41,38.6,1119.06,0.0,0,8879,2257.9873,36.3256,782.4258,7.1,A
56,hotel/user,45.72,20.51,1119.06,0.0,0,724,290.9922,1.2787,782.4258,0.135,A
56,sn1/compose-post-service,1407.83,78.25,251.42,0.0,0,5301,1348.0787,18.8472,782.4258,3.54,A
56,sn1/home-timeline-redis,299.92,2553.75,952.74,0.0,0,968,290.9922,4.0152,782.4258,0.769,A
56,sn1/home-timeline-service,1651.07,111.5,251.42,0.0,0,3730,948.5632,22.1036,782.4258,4.23,A
56,sn1/jaeger,64.87,5412.13,75.0,0.0,0,3124,794.4535,1.2787,782.4258,0.25,A
56,sn1/media-frontend,0.0,2027.57,648.43,0.0,0,0,290.9922,1.2787,1.3592,0.0,A
56,sn1/media-memcached,0.16,4.63,75.33,0.0,0,0,290.9922,1.2787,1.3592,0.0,A
56,sn1/media-mongodb,9.48,73.99,704.02,0.0391,6,125,290.9922,1.2787,1.3592,0.0385,A
56,sn1/media-service,79.43,4.86,251.42,0.0,0,624,290.9922,1.2787,782.4258,0.192,A
56,sn1/nginx-thrift,24104.04,43318.54,620.32,0.0,0,5584,1420.0474,322.6909,782.4258,61.7,A
56,sn1/post-storage-memcached,1785.55,70.46,75.33,0.0,0,5246,1334.0918,23.9039,782.4258,4.56,A
56,sn1/post-storage-mongodb,938.7,8188.11,4130.05,0.1055,4,852,290.9922,12.5668,782.4258,2.38,A
56,sn1/post-storage-service,7443.31,95.06,251.42,0.0,0,10060,2558.3233,99.6467,782.4258,18.9,A
56,sn1/social-graph-mongodb,9.58,727.98,757.02,0.0469,8,134,290.9922,1.2787,1.3592,0.0192,A
56,sn1/social-graph-redis,2.24,20.04,103.57,0.0,0,171,290.9922,1.2787,1.3592,0.0,A
56,sn1/social-graph-service,0.0,31.3,251.42,0.0,0,0,290.9922,1.2787,1.3592,0.0,A
56,sn1/text-service,1483.86,65.48,251.42,0.0,0,4959,1261.1059,19.8651,782.4258,3.83,A
56,sn1/unique-id-service,77.18,4.61,251.42,0.0,0,665,290.9922,1.2787,782.4258,0.192,A
56,sn1/url-shorten-memcached,0.15,4.63,75.33,0.0,0,0,290.9922,1.2787,1.3592,0.0,A
56,sn1/url-shorten-mongodb,344.7,107.5,702.87,0.0,0,914,290.9922,4.6146,782.4258,0.942,A
56,sn1/url-shorten-service,1355.57,66.42,251.42,0.0,0,4511,1147.1766,18.1476,782.4258,3.67,A
56,sn1/user-memcached,162.77,6.59,75.33,0.0,0,1545,392.9035,2.1791,782.4258,0.404,A
56,sn1/user-mention-service,244.77,6.81,251.42,0.0,0,1243,316.103,3.2768,782.4258,0.615,A
56,sn1/user-mongodb,9.37,96.98,704.78,0.043,6,451,290.9922,1.2787,1.3592,0.0192,A
56,sn1/user-service,73.78,18.05,251.42,0.0,0,796,290.9922,1.2787,782.4258,0.192,A
56,sn1/user-timeline-mongodb,16.34,106.92,703.03,0.0586,4,252,290.9922,1.2787,782.4258,0.0577,A
56,sn1/user-timeline-redis,154.85,95.52,136.86,0.0,0,724,290.9922,2.073,782.4258,0.385,A
56,sn1/user-timeline-service,1515.37,520.37,251.42,0.0,0,4867,1237.7097,20.2869,782.4258,3.65,A
57,hotel/consul,15.27,28.46,201.48,0.0,0,946,290.9922,1.2787,790.8831,0.0384,A
57,hotel/frontend,9910.5,121.84,1119.14,0.0,0,901872,201944.3848,148.3024,790.8831,24.7,A
57,hotel/geo,1069.49,30.23,1119.06,0.0,0,2177,487.4671,16.004,790.8831,2.91,A
57,hotel/jaeger,0.19,14.79,81.01,0.0,0,0,290.9922,1.2787,1.3592,0.0,A
57,hotel/memcached-profile,141.08,7.7,79.25,0.0,0,1290,290.9922,2.1111,790.8831,0.384,A
57,hotel/memcached-rate,112.7,7.6,79.25,0.0,0,1044,290.9922,1.6865,790.8831,0.288,A
57,hotel/memcached-reserve,164.94,7.51,79.25,0.0,0,1263,290.9922,2.4682,790.8831,0.422,A
57,hotel/mongodb-geo,7.07,63.04,400.43,0.0,0,105,290.9922,1.2787,1.3592,0.0384,A
57,hotel/mongodb-profile,7.05,65.07,400.43,0.0,0,146,290.9922,1.2787,1.3592,0.0192,A
57,hotel/mongodb-rate,7.66,64.84,400.43,0.0273,4,100,290.9922,1.2787,1.3592,0.0192,A
57,hotel/mongodb-recommendation,7.07,62.55,400.43,0.0,0,111,290.9922,1.2787,1.3592,0.0192,A
57,hotel/mongodb-reservation,8.04,253.15,400.43,0.0156,8,85,290.9922,1.2787,1.3592,0.0192,A
57,hotel/mongodb-user,7.28,63.0,400.43,0.0,0,138,290.9922,1.2787,1.3592,0.0,A
57,hotel/profile,3409.39,50.99,1119.06,0.0,0,56863,12732.5868,51.0187,790.8831,8.34,A
57,hotel/rate,1420.67,40.05,1119.14,0.0,0,3179,711.8318,21.2592,790.8831,4.01,A
57,hotel/recommendation,764.69,28.59,1119.06,0.0,0,1720,385.1371,11.443,790.8831,1.9,A
57,hotel/reservation,3538.18,74.75,1119.06,0.0,0,347271,77759.8467,52.9459,790.8831,8.9,A
57,hotel/search,2693.69,36.1,1119.06,0.0,0,18566,4157.2412,40.3088,790.8831,7.88,A
57,hotel/user,50.53,21.49,1119.06,0.0,0,433,290.9922,1.2787,790.8831,0.153,A
57,sn1/compose-post-service,1387.58,77.55,251.42,0.0,0,5141,1151.1568,20.764,790.8831,3.59,A
57,sn1/home-timeline-redis,294.46,2552.77,952.74,0.0,0,1354,303.1835,4.4064,790.8831,0.729,A
57,sn1/home-timeline-service,1665.68,109.59,251.42,0.0,0,3485,780.3504,24.9255,790.8831,4.14,A
57,sn1/jaeger,13.88,5412.14,75.0,0.0,0,492,290.9922,1.2787,790.8831,0.0767,A
57,sn1/media-frontend,0.0,2027.57,648.43,0.0,0,0,290.9922,1.2787,1.3592,0.0,A
57,sn1/media-memcached,0.21,4.63,75.33,0.0,0,0,290.9922,1.2787,1.3592,0.0,A
57,sn1/media-mongodb,7.79,73.99,704.02,0.1836,28,98,290.9922,1.2787,1.3592,0.0192,A
57,sn1/media-service,77.08,4.86,251.42,0.0,0,859,290.9922,1.2787,790.8831,0.192,A
57,sn1/nginx-thrift,24442.26,43333.41,620.32,0.0,0,5367,1201.762,365.7582,790.8831,60.8,A
57,sn1/post-storage-memcached,1802.27,70.87,75.33,0.0,0,5417,1212.9579,26.9695,790.8831,4.53,A
57,sn1/post-storage-mongodb,935.61,8187.68,4130.05,0.0,0,926,290.9922,14.0006,790.8831,2.38,A
57,sn1/post-storage-service,7497.09,92.9,251.42,0.0,0,9761,2185.6529,112.1877,790.8831,18.7,A
57,sn1/social-graph-mongodb,8.2,727.98,757.02,1.5273,52,110,290.9922,1.2787,1.3592,0.0384,A
57,sn1/social-graph-redis,2.3,20.04,103.57,0.0,0,173,290.9922,1.2787,1.3592,0.0,A
57,sn1/social-graph-service,0.04,31.3,251.42,0.0,0,0,290.9922,1.2787,1.3592,0.0,A
57,sn1/text-service,1456.34,64.38,251.42,0.0,0,4695,1051.2899,21.7929,790.8831,3.89,A
57,sn1/unique-id-service,75.81,4.64,251.42,0.0,0,1103,290.9922,1.2787,790.8831,0.211,A
57,sn1/url-shorten-memcached,0.14,4.63,75.33,0.0,0,0,290.9922,1.2787,1.3592,0.0,A
57,sn1/url-shorten-mongodb,325.45,108.29,702.87,0.0352,2,849,290.9922,4.8701,790.8831,0.863,A
57,sn1/url-shorten-service,1315.93,64.89,251.42,0.0,0,3861,864.5432,19.6918,790.8831,3.64,A
57,sn1/user-memcached,159.82,6.59,75.33,0.0,0,1942,434.8466,2.3916,790.8831,0.403,A
57,sn1/user-mention-service,242.03,6.91,251.42,0.0,0,841,290.9922,3.6218,790.8831,0.614,A
57,sn1/user-mongodb,8.12,96.98,704.78,0.332,30,47,290.9922,1.2787,1.3592,0.0384,A
57,sn1/user-service,73.08,18.05,251.42,0.0,0,662,290.9922,1.2787,790.8831,0.211,A
57,sn1/user-timeline-mongodb,15.13,106.92,703.03,0.0,0,427,290.9922,1.2787,790.8831,0.0384,A
57,sn1/user-timeline-redis,154.75,95.52,136.86,0.0,0,907,290.9922,2.3157,790.8831,0.403,A
57,sn1/user-timeline-service,1527.07,518.58,251.42,0.0,0,4808,1076.5925,22.8513,790.8831,3.7,A
58,hotel/consul,17.09,29.73,201.48,0.0,0,1223,290.9922,1.2787,714.5933,0.0577,A
58,hotel/frontend,10237.43,120.0,1119.14,0.0,0,790048,175686.1468,109.5836,714.5933,25.1,A
58,hotel/geo,1211.57,30.6,1119.06,0.0,0,2502,556.3798,12.9689,714.5933,3.08,A
58,hotel/jaeger,0.24,14.79,81.01,0.0,0,0,290.9922,1.2787,1.3592,0.0,A
58,hotel/memcached-profile,157.63,9.26,79.25,0.0,0,1131,290.9922,1.6873,714.5933,0.385,A
58,hotel/memcached-rate,126.91,7.62,79.25,0.0,0,1030,290.9922,1.3585,714.5933,0.346,A
58,hotel/memcached-reserve,187.75,7.55,79.25,0.0,0,869,290.9922,2.0097,714.5933,0.5,A
58,hotel/mongodb-geo,8.2,63.04,400.43,0.0234,2,111,290.9922,1.2787,1.3592,0.0192,A
58,hotel/mongodb-profile,8.33,65.07,400.43,0.0234,2,147,290.9922,1.2787,1.3592,0.0192,A
58,hotel/mongodb-rate,7.85,64.84,400.43,0.0,0,120,290.9922,1.2787,1.3592,0.0192,A
58,hotel/mongodb-recommendation,8.49,62.55,400.43,0.0234,2,168,290.9922,1.2787,1.3592,0.0192,A
58,hotel/mongodb-reservation,10.27,253.16,400.43,0.0703,22,102,290.9922,1.2787,714.5933,0.0577,A
58,hotel/mongodb-user,8.52,63.0,400.43,0.0234,2,205,290.9922,1.2787,1.3592,0.0192,A
58,hotel/profile,3870.89,49.35,1119.06,0.0,0,51417,11433.8048,41.4348,714.5933,8.47,A
58,hotel/rate,1533.55,38.51,1119.14,0.0,0,3081,685.1343,16.4154,714.5933,4.25,A
58,hotel/recommendation,841.18,26.95,1119.06,0.0,0,1802,400.718,9.0042,714.5933,2.31,A
58,hotel/reservation,3957.7,73.8,1119.06,0.0,0,331878,73801.0438,42.364,714.5933,9.95,A
58,hotel/search,2965.9,37.13,1119.06,0.0,0,14011,3115.6823,31.7476,714.5933,7.72,A
58,hotel/user,58.15,20.71,1119.06,0.0,0,620,290.9922,1.2787,714.5933,0.154,A
58,sn1/compose-post-service,1422.47,85.21,251.42,0.0,0,5357,1191.2576,15.2264,714.5933,3.6,A
58,sn1/home-timeline-redis,302.79,2552.78,952.74,0.0,0,1016,290.9922,3.2411,714.5933,0.751,A
58,sn1/home-timeline-service,1716.12,108.3,251.42,0.0,0,3600,800.5465,18.3697,714.5933,4.25,A
58,sn1/jaeger,65.45,5412.16,75.0,0.0,0,587,290.9922,1.2787,714.5933,0.25,A
58,sn1/media-frontend,0.0,2027.57,648.43,0.0,0,0,290.9922,1.2787,1.3592,0.0,A
58,sn1/media-memcached,0.17,4.63,75.33,0.0,0,0,290.9922,1.2787,1.3592,0.0,A
58,sn1/media-mongodb,10.18,73.99,704.02,0.043,4,67,290.9922,1.2787,714.5933,0.0385,A
58,sn1/media-service,79.11,4.73,251.42,0.0,0,740,290.9922,1.2787,714.5933,0.192,A
58,sn1/nginx-thrift,25017.89,43337.18,620.32,52.9258,458,5255,1168.5755,267.7967,714.5933,61.5,A
58,sn1/post-storage-memcached,1873.05,70.3,75.33,0.0,0,5596,1244.405,20.0495,714.5933,4.66,A
58,sn1/post-storage-mongodb,967.8,8187.79,4130.05,0.0586,2,839,290.9922,10.3595,714.5933,2.41,A
58,sn1/post-storage-service,7787.24,93.36,251.42,0.0,0,10124,2251.3145,83.3562,714.5933,19.2,A
58,sn1/social-graph-mongodb,10.5,727.98,757.02,0.0352,2,93,290.9922,1.2787,714.5933,0.0192,A
58,sn1/social-graph-redis,2.44,20.04,103.57,0.0,0,270,290.9922,1.2787,1.3592,0.0192,A
58,sn1/social-graph-service,0.0,31.3,251.42,0.0,0,0,290.9922,1.2787,1.3592,0.0,A
58,sn1/text-service,1512.52,85.89,251.42,0.0,0,5125,1139.6668,16.1903,714.5933,3.97,A
58,sn1/unique-id-service,80.9,4.64,251.42,0.0,0,668,290.9922,1.2787,714.5933,0.192,A
58,sn1/url-shorten-memcached,0.17,4.63,75.33,0.0,0,0,290.9922,1.2787,1.3592,0.0,A
58,sn1/url-shorten-mongodb,340.46,106.76,702.87,0.0,0,829,290.9922,3.6444,714.5933,0.924,A
58,sn1/url-shorten-service,1320.02,76.02,251.42,0.0,0,4048,900.17,14.1298,714.5933,3.66,A
58,sn1/user-memcached,174.99,6.61,75.33,0.0,0,1725,383.5952,1.8731,714.5933,0.443,A
58,sn1/user-mention-service,259.0,7.18,251.42,0.0,0,1195,290.9922,2.7724,714.5933,0.654,A
58,sn1/user-mongodb,10.16,96.98,704.78,0.0352,2,78,290.9922,1.2787,714.5933,0.0385,A
58,sn1/user-service,75.99,18.05,251.42,0.0,0,896,290.9922,1.2787,714.5933,0.173,A
58,sn1/user-timeline-mongodb,17.25,106.92,703.03,0.0312,2,303,290.9922,1.2787,714.5933,0.0577,A
58,sn1/user-timeline-redis,161.73,95.48,136.86,0.0,0,912,290.9922,1.7312,714.5933,0.423,A
58,sn1/user-timeline-service,1582.67,518.46,251.42,0.0,0,4834,1074.956,16.9412,714.5933,3.79,A
59,hotel/consul,14.91,29.73,201.48,0.0,0,539,290.9922,1.2787,756.3587,0.0391,A
59,hotel/frontend,9598.76,131.7,1119.14,0.0,0,945884,214900.676,100.7782,756.3587,25.5,A
59,hotel/geo,990.14,32.42,1119.06,0.0,0,2083,473.2484,10.3956,756.3587,3.11,A
59,hotel/jaeger,0.15,14.79,81.01,0.0,0,0,290.9922,1.2787,1.3592,0.0,A
59,hotel/memcached-profile,130.21,7.97,79.25,0.0,0,1102,290.9922,1.3671,756.3587,0.391,A
59,hotel/memcached-rate,104.11,7.59,79.25,0.0,0,935,290.9922,1.2787,756.3587,0.312,A
59,hotel/memcached-reserve,157.62,7.19,79.25,0.0,0,1038,290.9922,1.6549,756.3587,0.469,A
59,hotel/mongodb-geo,7.31,63.04,400.43,0.0,0,42,290.9922,1.2787,1.3592,0.0195,A
59,hotel/mongodb-profile,7.26,65.07,400.43,0.0,0,97,290.9922,1.2787,1.3592,0.0,A
59,hotel/mongodb-rate,7.78,64.84,400.43,0.0625,8,209,290.9922,1.2787,1.3592,0.0195,A
59,hotel/mongodb-recommendation,7.21,62.55,400.43,0.0,0,86,290.9922,1.2787,1.3592,0.0391,A
59,hotel/mongodb-reservation,8.94,253.16,400.43,0.0273,14,370,290.9922,1.2787,1.3592,0.0195,A
59,hotel/mongodb-user,7.48,63.0,400.43,0.0,0,178,290.9922,1.2787,1.3592,0.0195,A
59,hotel/profile,3418.17,50.25,1119.06,0.0,0,63618,14453.7292,35.8877,756.3587,10.7,A
59,hotel/rate,1384.94,40.24,1119.14,0.0,0,3018,685.6763,14.5406,756.3587,4.67,A
59,hotel/recommendation,659.44,28.3,1119.06,0.0,0,1767,401.4546,6.9235,756.3587,1.95,A
59,hotel/reservation,3406.68,74.02,1119.06,0.0,0,237060,53858.9872,35.767,756.3587,9.26,A
59,hotel/search,2543.35,39.73,1119.06,0.0,0,19526,4436.2211,26.7028,756.3587,7.91,A
59,hotel/user,38.03,20.71,1119.06,0.0,0,405,290.9922,1.2787,756.3587,0.117,A
59,sn1/compose-post-service,1364.5,75.12,251.42,0.0,0,5083,1154.8352,14.326,756.3587,3.52,A
59,sn1/home-timeline-redis,288.54,2552.8,952.74,0.0,0,1121,290.9922,3.0294,756.3587,0.762,A
59,sn1/home-timeline-service,1603.6,108.36,251.42,0.0,0,3313,752.699,16.8363,756.3587,4.26,A
59,sn1/jaeger,13.33,5412.16,75.0,0.0,0,478,290.9922,1.2787,756.3587,0.0781,A
59,sn1/media-frontend,0.0,2027.57,648.43,0.0,0,0,290.9922,1.2787,1.3592,0.0,A
59,sn1/media-memcached,0.17,4.63,75.33,0.0,0,0,290.9922,1.2787,1.3592,0.0,A
59,sn1/media-mongodb,7.94,73.99,704.02,0.0,0,97,290.9922,1.2787,1.3592,0.0391,A
59,sn1/media-service,74.24,4.73,251.42,0.0,0,696,290.9922,1.2787,756.3587,0.176,A
59,sn1/nginx-thrift,23495.93,43348.87,620.32,0.0,0,5146,1169.1485,246.6857,756.3587,62.2,A
59,sn1/post-storage-memcached,1739.37,71.01,75.33,0.0,0,5318,1208.2262,18.2618,756.3587,4.65,A
59,sn1/post-storage-mongodb,900.27,8188.53,4130.05,0.0,0,848,290.9922,9.452,756.3587,2.4,A
59,sn1/post-storage-service,7187.68,91.84,251.42,0.0,0,9165,2082.2476,75.4641,756.3587,19.1,A
59,sn1/social-graph-mongodb,8.49,727.98,757.02,0.0,0,96,290.9922,1.2787,1.3592,0.0195,A
59,sn1/social-graph-redis,2.14,20.04,103.57,0.0,0,140,290.9922,1.2787,1.3592,0.0,A
59,sn1/social-graph-service,0.05,31.3,251.42,0.0,0,0,290.9922,1.2787,1.3592,0.0,A
59,sn1/text-service,1443.22,60.85,251.42,0.0,0,4690,1065.5473,15.1525,756.3587,3.91,A
59,sn1/unique-id-service,75.56,4.64,251.42,0.0,0,672,290.9922,1.2787,756.3587,0.195,A
59,sn1/url-shorten-memcached,0.14,4.63,75.33,0.0,0,0,290.9922,1.2787,1.3592,0.0,A
59,sn1/url-shorten-mongodb,326.64,108.11,702.87,0.043,4,948,290.9922,3.4294,756.3587,0.918,A
59,sn1/url-shorten-service,1286.56,62.93,251.42,0.0,0,3823,868.5688,13.5077,756.3587,3.48,A
59,sn1/user-memcached,159.11,6.61,75.33,0.0,0,1772,402.5906,1.6705,756.3587,0.449,A
59,sn1/user-mention-service,239.14,6.91,251.42,0.0,0,1111,290.9922,2.5108,756.3587,0.625,A
59,sn1/user-mongodb,8.32,96.98,704.78,0.0,0,49,290.9922,1.2787,1.3592,0.0195,A
59,sn1/user-service,70.04,18.05,251.42,0.0,0,756,290.9922,1.2787,756.3587,0.195,A
59,sn1/user-timeline-mongodb,14.41,106.92,703.03,0.0,0,420,290.9922,1.2787,756.3587,0.0391,A
59,sn1/user-timeline-redis,146.98,95.76,136.86,0.0,0,979,290.9922,1.5432,756.3587,0.391,A
59,sn1/user-timeline-service,1464.76,517.06,251.42,0.0,0,4702,1068.2737,15.3786,756.3587,3.83,A
60,hotel/consul,14.07,29.73,201.48,0.0,0,1183,290.9922,1.2787,719.4711,0.0201,A
60,hotel/frontend,10002.12,125.59,1119.14,0.0,0,1120407,267622.5499,113.9129,719.4711,26.1,A
60,hotel/geo,1032.88,30.28,1119.06,0.0,0,2189,522.8687,11.7633,719.4711,2.27,A
60,hotel/jaeger,0.2,14.79,81.01,0.0,0,0,290.9922,1.2787,1.3592,0.0,A
60,hotel/memcached-profile,123.67,7.73,79.25,0.0,0,884,290.9922,1.4085,719.4711,0.241,A
60,hotel/memcached-rate,101.97,7.61,79.25,0.0,0,877,290.9922,1.2787,719.4711,0.221,A
60,hotel/memcached-reserve,153.37,7.46,79.25,0.0,0,1011,290.9922,1.7467,719.4711,0.321,A
60,hotel/mongodb-geo,8.1,63.04,400.43,0.0234,2,42,290.9922,1.2787,1.3592,0.0201,A
60,hotel/mongodb-profile,7.98,65.07,400.43,0.0234,2,125,290.9922,1.2787,1.3592,0.0201,A
60,hotel/mongodb-rate,7.57,64.84,400.43,0.0,0,110,290.9922,1.2787,1.3592,0.0402,A
60,hotel/mongodb-recommendation,7.83,62.55,400.43,0.0234,2,87,290.9922,1.2787,1.3592,0.0,A
60,hotel/mongodb-reservation,10.57,253.17,400.43,0.0781,26,68,290.9922,1.2787,719.4711,0.0402,A
60,hotel/mongodb-user,8.34,63.0,400.43,0.0234,2,96,290.9922,1.2787,1.3592,0.0402,A
60,hotel/profile,3310.08,57.23,1119.06,0.0,0,70652,16876.0713,37.6981,719.4711,7.49,A
60,hotel/rate,1227.45,40.14,1119.14,0.0,0,2770,661.6475,13.9793,719.4711,2.35,A
60,hotel/recommendation,656.6,26.1,1119.06,0.0,0,1688,403.1989,7.4779,719.4711,1.27,A
60,hotel/reservation,3270.06,78.97,1119.06,0.0,0,170320,40682.9596,37.2423,719.4711,7.91,A
60,hotel/search,2459.83,36.97,1119.06,0.0,0,5014,1197.6536,28.0147,719.4711,5.12,A
60,hotel/user,43.18,20.7,1119.06,0.0,0,640,290.9922,1.2787,719.4711,0.0803,A
60,sn1/compose-post-service,1346.94,73.77,251.42,0.0,0,4853,1159.1968,15.3401,719.4711,3.53,A
60,sn1/home-timeline-redis,299.72,2553.56,952.74,0.0,0,1090,290.9922,3.4135,719.4711,0.783,A
60,sn1/home-timeline-service,1639.93,109.4,251.42,0.0,0,3467,828.1342,18.677,719.4711,4.28,A
60,sn1/jaeger,61.15,5412.28,75.0,0.0,0,522,290.9922,1.2787,719.4711,0.221,A
60,sn1/media-frontend,0.0,2027.57,648.43,0.0,0,0,290.9922,1.2787,1.3592,0.0,A
60,sn1/media-memcached,0.2,4.63,75.33,0.0,0,0,290.9922,1.2787,1.3592,0.0,A
60,sn1/media-mongodb,9.57,74.0,704.02,0.0352,2,118,290.9922,1.2787,1.3592,0.0402,A
60,sn1/media-service,73.69,4.7,251.42,0.0,0,705,290.9922,1.2787,719.4711,0.201,A
60,sn1/nginx-thrift,24172.49,43354.9,620.32,0.0,0,4868,1162.7798,275.2976,719.4711,64.0,A
60,sn1/post-storage-memcached,1788.19,70.62,75.33,0.0,0,4993,1192.6375,20.3655,719.4711,4.7,A
60,sn1/post-storage-mongodb,928.63,8187.9,4130.05,0.0859,8,767,290.9922,10.5761,719.4711,2.53,A
60,sn1/post-storage-service,7488.07,91.5,251.42,0.0,0,9405,2246.4962,85.2807,719.4711,19.8,A
60,sn1/social-graph-mongodb,9.82,727.98,757.02,0.0352,2,91,290.9922,1.2787,1.3592,0.0201,A
60,sn1/social-graph-redis,2.31,20.04,103.57,0.0,0,1238,295.711,1.2787,1.3592,0.0201,A
60,sn1/social-graph-service,0.0,31.3,251.42,0.0,0,0,290.9922,1.2787,1.3592,0.0,A
60,sn1/text-service,1421.92,60.47,251.42,0.0,0,5057,1207.9247,16.1941,719.4711,3.86,A
60,sn1/unique-id-service,75.22,4.64,251.42,0.0,0,751,290.9922,1.2787,719.4711,0.201,A
60,sn1/url-shorten-memcached,0.16,4.63,75.33,0.0,0,0,290.9922,1.2787,1.3592,0.0,A
60,sn1/url-shorten-mongodb,317.9,105.25,702.87,0.0,0,686,290.9922,3.6205,719.4711,0.944,A
60,sn1/url-shorten-service,1237.81,61.75,251.42,0.0,0,3819,912.2136,14.0973,719.4711,3.39,A
60,sn1/user-memcached,157.84,6.59,75.33,0.0,0,1847,441.1779,1.7976,719.4711,0.402,A
60,sn1/user-mention-service,241.88,6.89,251.42,0.0,0,1007,290.9922,2.7547,719.4711,0.623,A
60,sn1/user-mongodb,10.28,96.98,704.78,0.0352,2,71,290.9922,1.2787,719.4711,0.0402,A
60,sn1/user-service,71.36,18.05,251.42,0.0,0,689,290.9922,1.2787,719.4711,0.201,A
60,sn1/user-timeline-mongodb,15.37,106.92,703.03,0.0703,6,247,290.9922,1.2787,719.4711,0.0602,A
60,sn1/user-timeline-redis,152.81,95.48,136.86,0.0,0,712,290.9922,1.7403,719.4711,0.402,A
60,sn1/user-timeline-service,1504.04,517.19,251.42,0.0,0,4744,1133.1609,17.1293,719.4711,3.92,A
61,hotel/consul,15.29,29.73,201.48,0.0,0,1228,293.3991,1.2787,770.317,0.0381,A
61,hotel/frontend,9932.73,126.4,1119.14,0.0,0,912390,217992.1823,168.9636,770.317,24.8,A
61,hotel/geo,1122.01,30.27,1119.06,0.0,0,2145,512.4927,19.0863,770.317,2.78,A
61,hotel/jaeger,0.21,14.79,81.01,0.0,0,0,290.9922,1.2787,1.3592,0.0,A
61,hotel/memcached-profile,127.07,7.73,79.25,0.0,0,1095,290.9922,2.1616,770.317,0.305,A
61,hotel/memcached-rate,104.18,7.57,79.25,0.0,0,1034,290.9922,1.7722,770.317,0.229,A
61,hotel/memcached-reserve,150.02,7.19,79.25,0.0,0,1055,290.9922,2.552,770.317,0.381,A
61,hotel/mongodb-geo,7.54,63.04,400.43,0.0,0,185,290.9922,1.2787,1.3592,0.0191,A
61,hotel/mongodb-profile,7.46,65.07,400.43,0.0,0,77,290.9922,1.2787,1.3592,0.0191,A
61,hotel/mongodb-rate,7.82,64.84,400.43,0.0195,4,75,290.9922,1.2787,1.3592,0.0191,A
61,hotel/mongodb-recommendation,7.05,62.55,400.43,0.0,0,150,290.9922,1.2787,1.3592,0.0381,A
61,hotel/mongodb-reservation,9.09,253.17,400.43,0.0352,18,122,290.9922,1.2787,1.3592,0.0191,A
61,hotel/mongodb-user,7.19,63.0,400.43,0.0,0,74,290.9922,1.2787,1.3592,0.0191,A
61,hotel/profile,3377.16,50.57,1119.06,0.0,0,83112,19857.4801,57.4482,770.317,8.51,A
61,hotel/rate,1401.36,40.2,1119.14,0.0,0,2751,657.2809,23.8382,770.317,3.45,A
61,hotel/recommendation,682.72,29.23,1119.06,0.0,0,1592,380.3676,11.6136,770.317,1.87,A
61,hotel/reservation,3374.47,70.83,1119.06,0.0,0,73915,17660.0929,57.4024,770.317,8.47,A
61,hotel/search,2636.76,37.59,1119.06,0.0,0,10552,2521.1297,44.8534,770.317,6.14,A
61,hotel/user,43.52,20.7,1119.06,0.0,0,413,290.9922,1.2787,770.317,0.114,A
61,sn1/compose-post-service,1332.89,73.45,251.42,0.0,0,5062,1209.435,22.6735,770.317,3.36,A
61,sn1/home-timeline-redis,288.34,2552.83,952.74,0.0,0,1275,304.6285,4.9049,770.317,0.725,A
61,sn1/home-timeline-service,1630.42,108.64,251.42,0.0,0,3269,781.0437,27.7347,770.317,4.08,A
61,sn1/jaeger,13.4,5412.28,75.0,0.0,0,309,290.9922,1.2787,770.317,0.0763,A
61,sn1/media-frontend,0.0,2027.57,648.43,0.0,0,0,290.9922,1.2787,1.3592,0.0,A
61,sn1/media-memcached,0.23,4.63,75.33,0.0,0,0,290.9922,1.2787,1.3592,0.0,A
61,sn1/media-mongodb,8.43,74.0,704.02,0.0,0,59,290.9922,1.2787,1.3592,0.0191,A
61,sn1/media-service,72.25,4.7,251.42,0.0,0,757,290.9922,1.2787,770.317,0.191,A
61,sn1/nginx-thrift,24168.05,43366.57,620.32,52.7852,454,5103,1219.2309,411.1177,770.317,60.7,A
61,sn1/post-storage-memcached,1793.99,71.12,75.33,0.0,0,5736,1370.47,30.5172,770.317,4.5,A
61,sn1/post-storage-mongodb,943.06,8187.85,4130.05,0.0,0,967,290.9922,16.0422,770.317,2.35,A
61,sn1/post-storage-service,7515.19,93.73,251.42,0.0,0,9505,2270.9759,127.8394,770.317,18.7,A
61,sn1/social-graph-mongodb,8.37,727.98,757.02,0.0,0,82,290.9922,1.2787,1.3592,0.0381,A
61,sn1/social-graph-redis,2.36,20.04,103.57,0.0,0,222,290.9922,1.2787,1.3592,0.0191,A
61,sn1/social-graph-service,0.05,31.3,251.42,0.0,0,0,290.9922,1.2787,1.3592,0.0,A
61,sn1/text-service,1419.75,59.38,251.42,0.0,0,4286,1024.0297,24.1511,770.317,3.66,A
61,sn1/unique-id-service,75.75,4.89,251.42,0.0,0,677,290.9922,1.2886,770.317,0.172,A
61,sn1/url-shorten-memcached,0.17,4.63,75.33,0.0,0,0,290.9922,1.2787,1.3592,0.0,A
61,sn1/url-shorten-mongodb,315.51,107.43,702.87,0.0391,2,1391,332.3438,5.3671,770.317,0.877,A
61,sn1/url-shorten-service,1242.7,62.0,251.42,0.0,0,3444,822.8554,21.1393,770.317,3.38,A
61,sn1/user-memcached,157.71,6.61,75.33,0.0,0,1737,415.0116,2.6828,770.317,0.4,A
61,sn1/user-mention-service,238.93,7.18,251.42,0.0,0,878,290.9922,4.0644,770.317,0.591,A
61,sn1/user-mongodb,8.6,96.98,704.78,0.0,0,88,290.9922,1.2787,1.3592,0.0191,A
61,sn1/user-service,70.25,18.05,251.42,0.0,0,641,290.9922,1.2787,770.317,0.172,A
61,sn1/user-timeline-mongodb,15.18,106.92,703.03,0.0,0,379,290.9922,1.2787,770.317,0.0381,A
61,sn1/user-timeline-redis,154.32,96.73,136.86,0.0,0,1035,290.9922,2.6251,770.317,0.381,A
61,sn1/user-timeline-service,1527.06,518.44,251.42,0.0,0,4653,1111.715,25.9765,770.317,3.66,A
62,hotel/consul,14.56,29.73,201.48,0.0,0,866,290.9922,1.2787,744.2976,0.0184,A
62,hotel/frontend,9944.34,115.09,1119.14,0.0,0,902359,218219.9681,110.8805,744.2976,23.9,A
62,hotel/geo,1114.06,29.57,1119.06,0.0,0,2328,562.9867,12.4219,744.2976,2.99,A
62,hotel/jaeger,0.83,14.79,81.01,0.0,0,30,290.9922,1.2787,1.3592,0.0,A
62,hotel/memcached-profile,141.92,7.69,79.25,0.0,0,1042,290.9922,1.5824,744.2976,0.369,A
62,hotel/memcached-rate,118.17,7.61,79.25,0.0,0,835,290.9922,1.3176,744.2976,0.295,A
62,hotel/memcached-reserve,171.89,7.23,79.25,0.0,0,1119,290.9922,1.9166,744.2976,0.442,A
62,hotel/mongodb-geo,8.13,63.04,400.43,0.0234,2,112,290.9922,1.2787,1.3592,0.0184,A
62,hotel/mongodb-profile,8.07,65.07,400.43,0.0234,2,84,290.9922,1.2787,1.3592,0.0369,A
62,hotel/mongodb-rate,7.45,64.84,400.43,0.0,0,60,290.9922,1.2787,1.3592,0.0369,A
62,hotel/mongodb-recommendation,7.97,62.55,400.43,0.0391,4,79,290.9922,1.2787,1.3592,0.0369,A
62,hotel/mongodb-reservation,10.13,253.18,400.43,0.082,28,125,290.9922,1.2787,744.2976,0.0184,A
62,hotel/mongodb-user,8.06,63.0,400.43,0.0234,2,82,290.9922,1.2787,1.3592,0.0369,A
62,hotel/profile,3620.17,54.5,1119.06,0.0,0,110633,26754.6838,40.3653,744.2976,9.16,A
62,hotel/rate,1479.35,41.36,1119.14,0.0,0,3057,739.2827,16.4949,744.2976,4.0,A
62,hotel/recommendation,708.57,26.36,1119.06,0.0,0,1695,409.9065,7.9006,744.2976,1.88,A
62,hotel/reservation,3642.15,71.76,1119.06,0.0,0,122961,29735.9981,40.6104,744.2976,8.83,A
62,hotel/search,2790.55,40.86,1119.06,0.0,0,17924,4334.6104,31.1149,744.2976,7.21,A
62,hotel/user,46.93,20.94,1119.06,0.0,0,763,290.9922,1.2787,744.2976,0.129,A
62,sn1/compose-post-service,1410.69,74.38,251.42,0.0,0,5191,1255.3539,15.7294,744.2976,3.43,A
62,sn1/home-timeline-redis,290.21,2552.83,952.74,0.0,0,927,290.9922,3.2359,744.2976,0.719,A
62,sn1/home-timeline-service,1663.84,109.97,251.42,0.0,0,3525,852.4605,18.552,744.2976,4.13,A
62,sn1/jaeger,70.6,5412.4,75.0,0.0,0,752,290.9922,1.2787,744.2976,0.24,A
62,sn1/media-frontend,0.0,2027.57,648.43,0.0,0,0,290.9922,1.2787,1.3592,0.0,A
62,sn1/media-memcached,0.16,4.63,75.33,0.0,0,0,290.9922,1.2787,1.3592,0.0,A
62,sn1/media-mongodb,10.26,74.0,704.02,0.0391,4,151,290.9922,1.2787,744.2976,0.0369,A
62,sn1/media-service,74.71,4.73,251.42,0.0,0,601,290.9922,1.2787,744.2976,0.184,A
62,sn1/nginx-thrift,24399.57,43376.74,620.32,0.0,0,5264,1273.0077,272.058,744.2976,60.0,A
62,sn1/post-storage-memcached,1800.68,70.9,75.33,0.0,0,5248,1269.1383,20.0778,744.2976,4.44,A
62,sn1/post-storage-mongodb,941.96,8187.76,4130.05,10.0664,158,853,290.9922,10.503,744.2976,2.34,A
62,sn1/post-storage-service,7557.44,91.3,251.42,0.0,0,10057,2432.1121,84.2663,744.2976,18.5,A
62,sn1/social-graph-mongodb,9.82,727.75,757.02,0.043,4,334,290.9922,1.2787,1.3592,0.0184,A
62,sn1/social-graph-redis,2.21,20.04,103.57,0.0,0,394,290.9922,1.2787,1.3592,0.0,A
62,sn1/social-graph-service,0.0,31.3,251.42,0.0,0,0,290.9922,1.2787,1.3592,0.0,A
62,sn1/text-service,1509.22,58.19,251.42,0.0,0,4740,1146.2873,16.828,744.2976,3.74,A
62,sn1/unique-id-service,77.51,4.64,251.42,0.0,0,658,290.9922,1.2787,744.2976,0.221,A
62,sn1/url-shorten-memcached,0.17,4.63,75.33,0.0,0,0,290.9922,1.2787,1.3592,0.0,A
62,sn1/url-shorten-mongodb,327.25,108.91,702.87,0.0,0,838,290.9922,3.6489,744.2976,0.829,A
62,sn1/url-shorten-service,1322.5,58.04,251.42,0.0,0,3795,917.7553,14.746,744.2976,3.23,A
62,sn1/user-memcached,159.71,6.63,75.33,0.0,0,1779,430.2205,1.7808,744.2976,0.387,A
62,sn1/user-mention-service,245.55,6.95,251.42,0.0,0,938,290.9922,2.7379,744.2976,0.571,A
62,sn1/user-mongodb,9.75,96.98,704.78,0.0547,4,101,290.9922,1.2787,1.3592,0.0184,A
62,sn1/user-service,72.8,17.98,251.42,0.0,0,819,290.9922,1.2787,744.2976,0.184,A
62,sn1/user-timeline-mongodb,16.37,106.92,703.03,0.0312,2,364,290.9922,1.2787,744.2976,0.0369,A
62,sn1/user-timeline-redis,155.64,95.48,136.86,0.0,0,750,290.9922,1.7354,744.2976,0.387,A
62,sn1/user-timeline-service,1562.01,519.93,251.42,0.0,0,4894,1183.5295,17.4166,744.2976,3.69,A
63,hotel/consul,14.86,29.73,201.48,0.0,0,1407,304.0523,1.2787,755.8727,0.0188,A
63,hotel/frontend,9982.7,122.94,1119.14,0.0,0,789683,170650.2445,103.7977,755.8727,25.1,A
63,hotel/geo,1122.36,30.07,1119.06,0.0,0,2202,475.8515,11.67,755.8727,2.78,A
63,hotel/jaeger,0.3,14.79,81.01,0.0,0,0,290.9922,1.2787,1.3592,0.0,A
63,hotel/memcached-profile,144.83,7.72,79.25,0.0,0,1219,290.9922,1.5059,755.8727,0.376,A
63,hotel/memcached-rate,112.93,7.57,79.25,0.0,0,978,290.9922,1.2787,755.8727,0.301,A
63,hotel/memcached-reserve,166.26,7.17,79.25,0.0,0,898,290.9922,1.7287,755.8727,0.395,A
63,hotel/mongodb-geo,7.69,63.04,400.43,0.0,0,47,290.9922,1.2787,1.3592,0.0188,A
63,hotel/mongodb-profile,7.72,65.07,400.43,0.0,0,252,290.9922,1.2787,1.3592,0.0188,A
63,hotel/mongodb-rate,8.48,64.84,400.43,0.0195,2,155,290.9922,1.2787,1.3592,0.0188,A
63,hotel/mongodb-recommendation,7.93,62.55,400.43,0.0,0,73,290.9922,1.2787,1.3592,0.0376,A
63,hotel/mongodb-reservation,9.52,253.19,400.43,0.043,22,71,290.9922,1.2787,1.3592,0.0188,A
63,hotel/mongodb-user,7.44,63.0,400.43,0.0,0,56,290.9922,1.2787,1.3592,0.0188,A
63,hotel/profile,3591.67,49.73,1119.06,0.0,0,115940,25054.597,37.3453,755.8727,8.91,A
63,hotel/rate,1376.97,41.73,1119.14,0.0,0,2797,604.4308,14.3174,755.8727,3.55,A
63,hotel/recommendation,689.05,26.61,1119.06,0.0,0,1584,342.3019,7.1646,755.8727,1.84,A
63,hotel/reservation,3666.36,72.25,1119.06,0.0,0,166524,35985.7833,38.1219,755.8727,10.3,A
63,hotel/search,2762.99,35.2,1119.06,0.0,0,6296,1360.5636,28.7289,755.8727,6.86,A
63,hotel/user,45.09,20.97,1119.06,0.0,0,539,290.9922,1.2787,755.8727,0.132,A
63,sn1/compose-post-service,1408.05,73.58,251.42,0.0,0,5473,1182.7136,14.6406,755.8727,3.44,A
63,sn1/home-timeline-redis,300.13,2553.11,952.74,0.0,0,1198,290.9922,3.1207,755.8727,0.733,A
63,sn1/home-timeline-service,1649.42,110.36,251.42,0.0,0,3516,759.8065,17.1503,755.8727,4.08,A
63,sn1/jaeger,14.91,5412.53,75.0,0.0,0,388,290.9922,1.2787,755.8727,0.0752,A
63,sn1/media-frontend,0.0,2027.57,648.43,0.0,0,0,290.9922,1.2787,1.3592,0.0,A
63,sn1/media-memcached,0.26,4.63,75.33,0.0,0,0,290.9922,1.2787,1.3592,0.0,A
63,sn1/media-mongodb,8.88,74.0,704.02,0.0664,8,125,290.9922,1.2787,1.3592,0.0376,A
63,sn1/media-service,74.32,4.7,251.42,0.0,0,976,290.9922,1.2787,755.8727,0.188,A
63,sn1/nginx-thrift,24214.98,43387.07,620.32,0.0,0,5201,1123.9344,251.7815,755.8727,60.4,A
63,sn1/post-storage-memcached,1795.0,70.45,75.33,0.0,0,5438,1175.1501,18.664,755.8727,4.45,A
63,sn1/post-storage-mongodb,934.74,8188.06,4130.05,0.0,0,822,290.9922,9.7192,755.8727,2.37,A
63,sn1/post-storage-service,7509.69,92.42,251.42,0.0,0,9999,2160.7807,78.0839,755.8727,18.7,A
63,sn1/social-graph-mongodb,10.8,727.76,757.02,0.0742,10,57,290.9922,1.2787,755.8727,0.0376,A
63,sn1/social-graph-redis,2.39,20.04,103.57,0.0,0,532,290.9922,1.2787,1.3592,0.0,A
63,sn1/social-graph-service,0.04,31.3,251.42,0.0,0,0,290.9922,1.2787,1.3592,0.0,A
63,sn1/text-service,1509.86,60.99,251.42,0.0,0,5032,1087.4136,15.6992,755.8727,3.76,A
63,sn1/unique-id-service,76.95,4.57,251.42,0.0,0,713,290.9922,1.2787,755.8727,0.188,A
63,sn1/url-shorten-memcached,0.2,4.63,75.33,0.0,0,0,290.9922,1.2787,1.3592,0.0,A
63,sn1/url-shorten-mongodb,349.49,108.05,702.87,0.0391,2,1393,301.0269,3.6339,755.8727,0.94,A
63,sn1/url-shorten-service,1349.58,62.61,251.42,0.0,0,4724,1020.8549,14.0326,755.8727,3.51,A
63,sn1/user-memcached,158.88,6.64,75.33,0.0,0,1890,408.4284,1.652,755.8727,0.395,A
63,sn1/user-mention-service,245.17,6.93,251.42,0.0,0,1076,290.9922,2.5492,755.8727,0.564,A
63,sn1/user-mongodb,9.29,97.1,704.78,0.0039,2,154,290.9922,1.2787,1.3592,0.0188,A
63,sn1/user-service,72.23,18.05,251.42,0.0,0,768,290.9922,1.2787,755.8727,0.188,A
63,sn1/user-timeline-mongodb,15.94,106.92,703.03,0.0,0,258,290.9922,1.2787,755.8727,0.0564,A
63,sn1/user-timeline-redis,156.62,95.77,136.86,0.0,0,897,290.9922,1.6285,755.8727,0.395,A
63,sn1/user-timeline-service,1541.03,520.25,251.42,0.0,0,4713,1018.4778,16.0233,755.8727,3.78,A
64,hotel/consul,14.44,29.73,201.48,0.0,0,1790,392.9397,1.2787,738.0706,0.0372,A
64,hotel/frontend,9975.18,115.68,1119.14,0.0,0,891417,195683.3137,158.4862,738.0706,24.1,A
64,hotel/geo,1037.5,31.91,1119.06,0.0,0,2071,454.6247,16.4839,738.0706,2.75,A
64,hotel/jaeger,0.19,14.79,81.01,0.0,0,0,290.9922,1.2787,1.3592,0.0,A
64,hotel/memcached-profile,138.23,7.75,79.25,0.0,0,860,290.9922,2.1962,738.0706,0.372,A
64,hotel/memcached-rate,113.15,7.87,79.25,0.0,0,1266,290.9922,1.7977,738.0706,0.297,A
64,hotel/memcached-reserve,166.58,7.21,79.25,0.0,0,997,290.9922,2.6466,738.0706,0.446,A
64,hotel/mongodb-geo,8.38,63.04,400.43,0.0273,2,102,290.9922,1.2787,1.3592,0.0186,A
64,hotel/mongodb-profile,8.09,65.08,400.43,0.0273,2,278,290.9922,1.2787,1.3592,0.0186,A
64,hotel/mongodb-rate,7.8,64.84,400.43,0.0,0,151,290.9922,1.2787,1.3592,0.0372,A
64,hotel/mongodb-recommendation,8.17,62.56,400.43,0.0273,2,77,290.9922,1.2787,1.3592,0.0186,A
64,hotel/mongodb-reservation,10.11,253.19,400.43,0.0703,22,105,290.9922,1.2787,738.0706,0.0186,A
64,hotel/mongodb-user,8.27,63.0,400.43,0.0508,4,96,290.9922,1.2787,1.3592,0.0186,A
64,hotel/profile,3362.08,43.96,1119.06,0.0,0,76162,16719.0356,53.4169,738.0706,9.13,A
64,hotel/rate,1386.94,38.22,1119.14,0.0,0,2500,548.7985,22.0358,738.0706,3.74,A
64,hotel/recommendation,727.16,28.71,1119.06,0.0,0,1443,316.7665,11.5532,738.0706,1.95,A
64,hotel/reservation,3702.32,68.63,1119.06,0.0,0,374927,82303.7453,58.8227,738.0706,10.1,A
64,hotel/search,2520.54,34.09,1119.06,0.0,0,4922,1080.4744,40.0465,738.0706,6.41,A
64,hotel/user,49.34,20.61,1119.06,0.0,0,688,290.9922,1.2787,738.0706,0.13,A
64,sn1/compose-post-service,1405.34,77.66,251.42,0.0,0,5229,1147.8669,22.3281,738.0706,3.51,A
64,sn1/home-timeline-redis,299.49,2553.15,952.74,0.0,0,1131,290.9922,4.7583,738.0706,0.707,A
64,sn1/home-timeline-service,1645.29,110.13,251.42,0.0,0,3623,795.3187,26.1405,738.0706,4.05,A
64,sn1/jaeger,59.63,5413.34,75.0,0.0,0,650,290.9922,1.2787,738.0706,0.242,A
64,sn1/media-frontend,0.0,2027.57,648.43,0.0,0,0,290.9922,1.2787,1.3592,0.0,A
64,sn1/media-memcached,0.16,4.63,75.33,0.0,0,0,290.9922,1.2787,1.3592,0.0,A
64,sn1/media-mongodb,9.52,74.0,704.02,0.043,6,75,290.9922,1.2787,1.3592,0.0372,A
64,sn1/media-service,74.89,4.73,251.42,0.0,0,622,290.9922,1.2787,738.0706,0.186,A
64,sn1/nginx-thrift,24191.83,43390.59,620.32,52.8125,458,5191,1139.5251,384.3611,738.0706,59.6,A
64,sn1/post-storage-memcached,1795.66,70.37,75.33,0.0,0,5569,1222.5035,28.5295,738.0706,4.46,A
64,sn1/post-storage-mongodb,953.24,8188.07,4130.05,0.0625,2,808,290.9922,15.1451,738.0706,2.4,A
64,sn1/post-storage-service,7522.31,90.6,251.42,0.0,0,10192,2237.3416,119.5149,738.0706,18.6,A
64,sn1/social-graph-mongodb,10.47,727.76,757.02,0.0742,8,159,290.9922,1.2787,738.0706,0.0372,A
64,sn1/social-graph-redis,2.08,20.04,103.57,0.0,0,1050,290.9922,1.2787,1.3592,0.0,A
64,sn1/social-graph-service,0.0,31.3,251.42,0.0,0,0,290.9922,1.2787,1.3592,0.0,A
64,sn1/text-service,1497.29,53.62,251.42,0.0,0,4565,1002.106,23.789,738.0706,3.79,A
64,sn1/unique-id-service,74.5,4.71,251.42,0.0,0,805,290.9922,1.2787,738.0706,0.186,A
64,sn1/url-shorten-memcached,0.14,4.63,75.33,0.0,0,0,290.9922,1.2787,1.3592,0.0,A
64,sn1/url-shorten-mongodb,393.83,107.85,702.87,0.0,0,906,290.9922,6.2572,738.0706,1.08,A
64,sn1/url-shorten-service,1473.89,59.28,251.42,0.0,0,4161,913.4202,23.4172,738.0706,3.9,A
64,sn1/user-memcached,157.78,6.34,75.33,0.0,0,1708,374.9391,2.5068,738.0706,0.372,A
64,sn1/user-mention-service,239.58,6.91,251.42,0.0,0,1175,290.9922,3.8065,738.0706,0.576,A
64,sn1/user-mongodb,9.98,97.18,704.78,0.043,6,114,290.9922,1.2787,1.3592,0.0186,A
64,sn1/user-service,73.48,18.05,251.42,0.0,0,734,290.9922,1.2787,738.0706,0.186,A
64,sn1/user-timeline-mongodb,16.38,106.92,703.03,0.0352,2,507,290.9922,1.2787,738.0706,0.0186,A
64,sn1/user-timeline-redis,155.65,95.52,136.86,0.0,0,875,290.9922,2.473,738.0706,0.409,A
64,sn1/user-timeline-service,1550.53,520.31,251.42,0.0,0,4985,1094.3041,24.6349,738.0706,3.74,A
65,hotel/consul,15.03,29.73,201.48,0.0,0,2857,625.4306,1.2787,762.5222,0.0381,A
65,hotel/frontend,9988.11,124.43,1119.14,0.0,0,1044752,228708.3811,149.6985,762.5222,25.1,A
65,hotel/geo,957.29,29.93,1119.06,0.0,0,2144,469.3466,14.3475,762.5222,2.67,A
65,hotel/jaeger,0.21,14.79,81.01,0.0,0,0,290.9922,1.2787,1.3592,0.0,A
65,hotel/memcached-profile,137.67,7.68,79.25,0.0,0,1382,302.5359,2.0634,762.5222,0.381,A
65,hotel/memcached-rate,104.89,7.57,79.25,0.0,0,1354,296.4064,1.5721,762.5222,0.267,A
65,hotel/memcached-reserve,160.17,7.15,79.25,0.0,0,1215,290.9922,2.4006,762.5222,0.419,A
65,hotel/mongodb-geo,7.4,63.04,400.43,0.0,0,188,290.9922,1.2787,1.3592,0.0381,A
65,hotel/mongodb-profile,7.05,65.08,400.43,0.0,0,61,290.9922,1.2787,1.3592,0.019,A
65,hotel/mongodb-rate,8.19,64.84,400.43,0.0742,12,136,290.9922,1.2787,1.3592,0.019,A
65,hotel/mongodb-recommendation,7.14,62.56,400.43,0.0,0,187,290.9922,1.2787,1.3592,0.019,A
65,hotel/mongodb-reservation,8.71,253.2,400.43,0.0352,18,46,290.9922,1.2787,1.3592,0.019,A
65,hotel/mongodb-user,6.98,63.0,400.43,0.0,0,55,290.9922,1.2787,1.3592,0.0,A
65,hotel/profile,3184.73,54.58,1119.06,0.0,0,87669,19191.7652,47.7317,762.5222,7.89,A
65,hotel/rate,1408.43,39.79,1119.14,0.0,0,3082,674.6857,21.1091,762.5222,3.81,A
65,hotel/recommendation,646.79,25.89,1119.06,0.0,0,2078,454.8984,9.6939,762.5222,1.94,A
65,hotel/reservation,3433.08,75.88,1119.06,0.0,0,267591,58578.7865,51.4539,762.5222,9.03,A
65,hotel/search,2393.04,38.43,1119.06,0.0,0,20531,4494.475,35.8661,762.5222,6.15,A
65,hotel/user,39.11,20.61,1119.06,0.0,0,643,290.9922,1.2787,762.5222,0.0762,A
65,sn1/compose-post-service,1453.64,76.14,251.42,0.0,0,5470,1197.4467,21.7867,762.5222,3.47,A
65,sn1/home-timeline-redis,298.77,2553.2,952.74,0.0,0,1268,290.9922,4.4779,762.5222,0.743,A
65,sn1/home-timeline-service,1665.24,108.51,251.42,0.0,0,3757,822.4511,24.9581,762.5222,4.25,A
65,sn1/jaeger,15.9,5413.36,75.0,0.0,0,381,290.9922,1.2787,762.5222,0.0571,A
65,sn1/media-frontend,0.0,2027.57,648.43,0.0,0,0,290.9922,1.2787,1.3592,0.0,A
65,sn1/media-memcached,0.2,4.63,75.33,0.0,0,0,290.9922,1.2787,1.3592,0.0,A
65,sn1/media-mongodb,7.73,74.0,704.02,0.0,0,68,290.9922,1.2787,1.3592,0.0381,A
65,sn1/media-service,77.6,4.83,251.42,0.0,0,1149,290.9922,1.2787,762.5222,0.19,A
65,sn1/nginx-thrift,24365.15,43402.2,620.32,0.0,0,5932,1298.5839,365.1769,762.5222,61.5,A
65,sn1/post-storage-memcached,1816.57,71.6,75.33,0.0,0,5741,1256.7718,27.2262,762.5222,4.65,A
65,sn1/post-storage-mongodb,952.87,8188.45,4130.05,0.0,0,1026,290.9922,14.2813,762.5222,2.4,A
65,sn1/post-storage-service,7600.93,94.21,251.42,0.0,0,10473,2292.6617,113.9203,762.5222,19.2,A
65,sn1/social-graph-mongodb,8.65,727.76,757.02,0.0,0,270,290.9922,1.2787,1.3592,0.019,A
65,sn1/social-graph-redis,2.54,20.04,103.57,0.0,0,262,290.9922,1.2787,1.3592,0.0,A
65,sn1/social-graph-service,0.04,31.3,251.42,0.0,0,0,290.9922,1.2787,1.3592,0.0,A
65,sn1/text-service,1540.0,50.83,251.42,0.0,0,5186,1135.2758,23.081,762.5222,3.87,A
65,sn1/unique-id-service,81.54,4.71,251.42,0.0,0,717,290.9922,1.2787,762.5222,0.21,A
65,sn1/url-shorten-memcached,0.15,4.63,75.33,0.0,0,0,290.9922,1.2787,1.3592,0.0,A
65,sn1/url-shorten-mongodb,393.07,107.44,702.87,0.043,2,1261,290.9922,5.8912,762.5222,1.12,A
65,sn1/url-shorten-service,1504.46,59.48,251.42,0.0,0,4863,1064.5673,22.5484,762.5222,4.15,A
65,sn1/user-memcached,165.15,6.32,75.33,0.0,0,2023,442.8583,2.4752,762.5222,0.419,A
65,sn1/user-mention-service,250.71,6.83,251.42,0.0,0,1014,290.9922,3.7576,762.5222,0.59,A
65,sn1/user-mongodb,8.2,97.18,704.78,0.0,0,49,290.9922,1.2787,1.3592,0.0381,A
65,sn1/user-service,75.25,18.08,251.42,0.0,0,762,290.9922,1.2787,762.5222,0.171,A
65,sn1/user-timeline-mongodb,15.15,106.92,703.03,0.0,0,620,290.9922,1.2787,762.5222,0.0381,A
65,sn1/user-timeline-redis,157.35,95.85,136.86,0.0,0,767,290.9922,2.3583,762.5222,0.4,A
65,sn1/user-timeline-service,1553.99,520.8,251.42,0.0,0,5283,1156.5102,23.2907,762.5222,3.79,A
66,hotel/consul,14.89,29.73,201.48,0.0,0,821,290.9922,1.2787,785.5418,0.0425,A
66,hotel/frontend,9906.1,121.9,1119.14,0.0,0,823919,197200.55,114.6499,785.5418,25.3,A
66,hotel/geo,1068.59,30.5,1119.06,0.0,0,2102,503.1023,12.3675,785.5418,2.63,A
66,hotel/jaeger,0.21,14.79,81.01,0.0,0,0,290.9922,1.2787,1.3592,0.0,A
66,hotel/memcached-profile,145.91,7.74,79.25,0.0,0,1200,290.9922,1.6887,785.5418,0.354,A
66,hotel/memcached-rate,120.54,7.62,79.25,0.0,0,1114,290.9922,1.3951,785.5418,0.312,A
66,hotel/memcached-reserve,170.45,7.17,79.25,0.0,0,934,290.9922,1.9727,785.5418,0.425,A
66,hotel/mongodb-geo,7.96,63.04,400.43,0.0312,4,331,290.9922,1.2787,1.3592,0.0283,A
66,hotel/mongodb-profile,7.91,65.08,400.43,0.0312,4,123,290.9922,1.2787,1.3592,0.0283,A
66,hotel/mongodb-rate,7.25,64.84,400.43,0.0,0,99,290.9922,1.2787,1.3592,0.0142,A
66,hotel/mongodb-recommendation,7.88,62.78,400.43,0.0273,2,41,290.9922,1.2787,1.3592,0.0283,A
66,hotel/mongodb-reservation,9.68,253.2,400.43,0.0781,18,222,290.9922,1.2787,1.3592,0.0142,A
66,hotel/mongodb-user,8.14,63.0,400.43,0.0273,2,72,290.9922,1.2787,1.3592,0.0142,A
66,hotel/profile,3442.35,44.64,1119.06,0.0,0,42144,10086.9381,39.8406,785.5418,8.58,A
66,hotel/rate,1482.98,39.53,1119.14,0.0,0,2792,668.2501,17.1635,785.5418,3.89,A
66,hotel/recommendation,703.14,27.27,1119.06,0.0,0,1571,376.0103,8.1379,785.5418,1.94,A
66,hotel/reservation,3787.06,76.38,1119.06,0.0,0,220016,52659.6379,43.8302,785.5418,10.4,A
66,hotel/search,2779.81,37.1,1119.06,0.0,0,11403,2729.2463,32.1726,785.5418,7.29,A
66,hotel/user,53.02,20.98,1119.06,0.0,0,667,290.9922,1.2787,785.5418,0.113,A
66,sn1/compose-post-service,1417.86,80.36,251.42,0.0,0,5398,1291.9821,16.4098,785.5418,3.6,A
66,sn1/home-timeline-redis,293.66,2553.17,952.74,0.0,0,1058,290.9922,3.3987,785.5418,0.736,A
66,sn1/home-timeline-service,1662.24,107.79,251.42,0.0,0,3865,925.0668,19.2382,785.5418,4.16,A
66,sn1/jaeger,60.61,5413.84,75.0,0.0,0,739,290.9922,1.2787,785.5418,0.382,A
66,sn1/media-frontend,0.0,2027.57,648.43,0.0,0,0,290.9922,1.2787,1.3592,0.0,A
66,sn1/media-memcached,0.2,4.63,75.33,0.0,0,0,290.9922,1.2787,1.3592,0.0,A
66,sn1/media-mongodb,9.51,74.0,704.02,0.0352,2,94,290.9922,1.2787,1.3592,0.0283,A
66,sn1/media-service,78.05,4.83,251.42,0.0,0,639,290.9922,1.2787,785.5418,0.212,A
66,sn1/nginx-thrift,24421.21,43411.32,620.32,0.0,0,5780,1383.4117,282.6429,785.5418,61.6,A
66,sn1/post-storage-memcached,1809.15,70.59,75.33,0.0,0,5291,1266.3722,20.9385,785.5418,4.59,A
66,sn1/post-storage-mongodb,945.42,8187.87,4130.05,0.0938,4,784,290.9922,10.942,785.5418,2.42,A
66,sn1/post-storage-service,7507.68,92.83,251.42,0.0,0,10345,2476.0197,86.8914,785.5418,19.0,A
66,sn1/social-graph-mongodb,9.91,727.76,757.02,0.0352,2,113,290.9922,1.2787,1.3592,0.0283,A
66,sn1/social-graph-redis,2.5,20.04,103.57,0.0,0,1690,404.4923,1.2787,1.3592,0.0,A
66,sn1/social-graph-service,0.0,31.3,251.42,0.0,0,0,290.9922,1.2787,1.3592,0.0,A
66,sn1/text-service,1508.61,63.25,251.42,0.0,0,4982,1192.4147,17.4601,785.5418,3.84,A
66,sn1/unique-id-service,81.35,4.71,251.42,0.0,0,647,290.9922,1.2787,785.5418,0.212,A
66,sn1/url-shorten-memcached,0.15,4.63,75.33,0.0,0,0,290.9922,1.2787,1.3592,0.0,A
66,sn1/url-shorten-mongodb,384.71,107.91,702.87,0.0391,4,1109,290.9922,4.4525,785.5418,1.06,A
66,sn1/url-shorten-service,1456.45,62.96,251.42,0.0,0,4946,1183.7983,16.8565,785.5418,3.92,A
66,sn1/user-memcached,160.61,6.32,75.33,0.0,0,2210,528.9515,1.8588,785.5418,0.411,A
66,sn1/user-mention-service,249.13,6.87,251.42,0.0,0,1382,330.7742,2.8833,785.5418,0.637,A
66,sn1/user-mongodb,9.77,97.18,704.78,0.0352,2,105,290.9922,1.2787,1.3592,0.0142,A
66,sn1/user-service,74.78,18.08,251.42,0.0,0,783,290.9922,1.2787,785.5418,0.212,A
66,sn1/user-timeline-mongodb,16.45,106.92,703.03,0.0039,2,396,290.9922,1.2787,785.5418,0.0425,A
66,sn1/user-timeline-redis,156.05,95.52,136.86,0.0,0,831,290.9922,1.8061,785.5418,0.397,A
66,sn1/user-timeline-service,1573.82,518.89,251.42,0.0,0,5028,1203.4246,18.2149,785.5418,3.94,A
67,hotel/consul,16.96,29.73,201.48,0.0,0,850,290.9922,1.2787,745.9979,0.0395,A
67,hotel/frontend,9933.61,129.65,1119.14,0.0,0,909743,224624.5619,129.431,745.9979,25.2,A
67,hotel/geo,1013.38,29.59,1119.06,0.0,0,2107,520.2392,13.2039,745.9979,2.79,A
67,hotel/jaeger,0.24,14.79,81.01,0.0,0,0,290.9922,1.2787,1.3592,0.0,A
67,hotel/memcached-profile,134.97,7.71,79.25,0.0,0,1047,290.9922,1.7586,745.9979,0.336,A
67,hotel/memcached-rate,110.31,7.6,79.25,0.0,0,1379,340.4888,1.4373,745.9979,0.277,A
67,hotel/memcached-reserve,164.52,7.15,79.25,0.0,0,1060,290.9922,2.1436,745.9979,0.435,A
67,hotel/mongodb-geo,8.11,63.04,400.43,0.0469,10,143,290.9922,1.2787,1.3592,0.0198,A
67,hotel/mongodb-profile,7.82,65.08,400.43,0.0469,8,191,290.9922,1.2787,1.3592,0.0198,A
67,hotel/mongodb-rate,7.89,64.84,400.43,0.0195,2,354,290.9922,1.2787,1.3592,0.0395,A
67,hotel/mongodb-recommendation,7.87,62.78,400.43,0.0469,10,359,290.9922,1.2787,1.3592,0.0395,A
67,hotel/mongodb-reservation,10.22,253.26,400.43,0.6758,84,174,290.9922,1.2787,745.9979,0.0593,A
67,hotel/mongodb-user,8.01,63.0,400.43,0.0469,10,87,290.9922,1.2787,1.3592,0.0198,A
67,hotel/profile,3570.1,47.52,1119.06,0.0,0,49858,12310.4343,46.517,745.9979,8.63,A
67,hotel/rate,1488.48,40.54,1119.14,0.0,0,3335,823.4445,19.3943,745.9979,3.18,A
67,hotel/recommendation,677.68,26.32,1119.06,0.0,0,2042,504.19,8.8299,745.9979,1.66,A
67,hotel/reservation,3527.85,74.52,1119.06,0.0,0,286074,70634.5055,45.9665,745.9979,7.9,A
67,hotel/search,2598.93,37.21,1119.06,0.0,0,15063,3719.204,33.863,745.9979,6.36,A
67,hotel/user,45.03,20.99,1119.06,0.0,0,462,290.9922,1.2787,745.9979,0.0988,A
67,sn1/compose-post-service,1357.38,83.36,251.42,0.0,0,5118,1263.6849,17.6861,745.9979,3.46,A
67,sn1/home-timeline-redis,315.65,2554.09,952.74,0.0,0,1319,325.6742,4.1128,745.9979,0.731,A
67,sn1/home-timeline-service,1674.0,108.05,251.42,0.0,0,3627,895.5422,21.8115,745.9979,4.21,A
67,sn1/jaeger,15.34,5414.19,75.0,0.0,0,385,290.9922,1.2787,745.9979,0.079,A
67,sn1/media-frontend,0.0,2027.57,648.43,0.0,0,0,290.9922,1.2787,1.3592,0.0,A
67,sn1/media-memcached,0.16,4.63,75.33,0.0,0,0,290.9922,1.2787,1.3592,0.0,A
67,sn1/media-mongodb,8.27,74.0,704.02,0.0,0,95,290.9922,1.2787,1.3592,0.0395,A
67,sn1/media-service,75.42,4.83,251.42,0.0,0,688,290.9922,1.2787,745.9979,0.198,A
67,sn1/nginx-thrift,24658.08,43420.19,620.32,52.9141,470,5113,1262.4504,321.2849,745.9979,62.0,A
67,sn1/post-storage-memcached,1857.03,70.63,75.33,0.0,0,5294,1307.1411,24.1964,745.9979,4.64,A
67,sn1/post-storage-mongodb,992.34,8188.42,4130.05,0.0078,4,973,290.9922,12.9298,745.9979,2.47,A
67,sn1/post-storage-service,7747.87,95.52,251.42,0.0,0,9906,2445.8896,100.9516,745.9979,19.2,A
67,sn1/social-graph-mongodb,8.77,727.76,757.02,0.0,0,117,290.9922,1.2787,1.3592,0.0198,A
67,sn1/social-graph-redis,2.38,20.04,103.57,0.0,0,178,290.9922,1.2787,1.3592,0.0198,A
67,sn1/social-graph-service,0.04,31.3,251.42,0.0,0,0,290.9922,1.2787,1.3592,0.0,A
67,sn1/text-service,1420.61,57.08,251.42,0.0,0,4727,1167.1431,18.51,745.9979,3.61,A
67,sn1/unique-id-service,77.85,4.71,251.42,0.0,0,811,290.9922,1.2787,745.9979,0.198,A
67,sn1/url-shorten-memcached,0.14,4.63,75.33,0.0,0,0,290.9922,1.2787,1.3592,0.0,A
67,sn1/url-shorten-mongodb,323.64,108.43,702.87,0.043,2,1098,290.9922,4.2169,745.9979,0.948,A
67,sn1/url-shorten-service,1249.67,63.78,251.42,0.0,0,3807,939.986,16.2827,745.9979,3.4,A
67,sn1/user-memcached,159.04,6.34,75.33,0.0,0,2243,553.8189,2.0722,745.9979,0.415,A
67,sn1/user-mention-service,245.37,6.86,251.42,0.0,0,926,290.9922,3.1971,745.9979,0.652,A
67,sn1/user-mongodb,8.32,97.18,704.78,0.0,0,175,290.9922,1.2787,1.3592,0.0198,A
67,sn1/user-service,72.4,18.08,251.42,0.0,0,618,290.9922,1.2787,745.9979,0.198,A
67,sn1/user-timeline-mongodb,15.34,106.92,703.03,0.0,0,476,290.9922,1.2787,745.9979,0.0395,A
67,sn1/user-timeline-redis,160.86,95.77,136.86,0.0,0,1003,290.9922,2.0959,745.9979,0.415,A
67,sn1/user-timeline-service,1584.83,518.12,251.42,0.0,0,5086,1255.7838,20.6497,745.9979,3.87,A
68,hotel/consul,14.82,29.73,201.48,0.0,0,920,290.9922,1.2787,760.3316,0.0195,A
68,hotel/frontend,9987.51,122.71,1119.14,0.0,0,1003684,232065.004,115.3442,760.3316,25.2,A
68,hotel/geo,1059.45,28.34,1119.06,0.0,0,2241,518.1488,12.2354,760.3316,2.65,A
68,hotel/jaeger,0.21,14.79,81.01,0.0,0,0,290.9922,1.2787,1.3592,0.0,A
68,hotel/memcached-profile,138.07,7.72,79.25,0.0,0,1153,290.9922,1.5945,760.3316,0.351,A
68,hotel/memcached-rate,107.33,7.6,79.25,0.0,0,844,290.9922,1.2787,760.3316,0.273,A
68,hotel/memcached-reserve,160.17,7.43,79.25,0.0,0,1261,291.5599,1.8498,760.3316,0.37,A
68,hotel/mongodb-geo,8.02,63.04,400.43,0.043,4,59,290.9922,1.2787,1.3592,0.039,A
68,hotel/mongodb-profile,8.14,65.08,400.43,0.0273,2,74,290.9922,1.2787,1.3592,0.0195,A
68,hotel/mongodb-rate,7.31,64.84,400.43,0.0,0,74,290.9922,1.2787,1.3592,0.0195,A
68,hotel/mongodb-recommendation,7.97,63.0,400.43,0.0273,2,56,290.9922,1.2787,1.3592,0.039,A
68,hotel/mongodb-reservation,9.96,253.27,400.43,0.0742,22,66,290.9922,1.2787,1.3592,0.039,A
68,hotel/mongodb-user,8.19,63.0,400.43,0.0273,2,105,290.9922,1.2787,1.3592,0.0195,A
68,hotel/profile,3421.97,49.64,1119.06,0.0,0,45167,10443.2073,39.5198,760.3316,7.7,A
68,hotel/rate,1469.08,40.46,1119.14,0.0,0,2890,668.2062,16.9662,760.3316,3.19,A
68,hotel/recommendation,749.48,26.05,1119.06,0.0,0,1697,392.3688,8.6556,760.3316,2.01,A
68,hotel/reservation,3528.06,74.0,1119.06,0.0,0,285821,66085.5922,40.745,760.3316,8.94,A
68,hotel/search,2787.2,34.84,1119.06,0.0,0,12323,2849.2404,32.1889,760.3316,7.64,A
68,hotel/user,51.34,20.72,1119.06,0.0,0,482,290.9922,1.2787,760.3316,0.156,A
68,sn1/compose-post-service,1384.23,78.54,251.42,0.0,0,5075,1173.4071,15.9863,760.3316,3.29,A
68,sn1/home-timeline-redis,289.42,2554.01,952.74,0.0,0,1231,290.9922,3.3425,760.3316,0.74,A
68,sn1/home-timeline-service,1636.75,109.1,251.42,0.0,0,3290,760.6915,18.9026,760.3316,4.13,A
68,sn1/jaeger,62.52,5429.38,75.0,0.0,0,666,290.9922,1.2787,760.3316,0.253,A
68,sn1/media-frontend,0.0,2027.57,648.43,0.0,0,0,290.9922,1.2787,1.3592,0.0,A
68,sn1/media-memcached,0.14,4.63,75.33,0.0,0,0,290.9922,1.2787,1.3592,0.0,A
68,sn1/media-mongodb,9.42,74.0,704.02,0.125,20,91,290.9922,1.2787,1.3592,0.039,A
68,sn1/media-service,76.27,4.83,251.42,0.0,0,674,290.9922,1.2787,760.3316,0.175,A
68,sn1/nginx-thrift,24235.33,43430.27,620.32,0.0,0,5109,1181.2683,279.8901,760.3316,60.8,A
68,sn1/post-storage-memcached,1819.87,70.35,75.33,0.0,0,5369,1241.3837,21.0174,760.3316,4.6,A
68,sn1/post-storage-mongodb,972.36,8188.54,4130.05,0.0859,4,807,290.9922,11.2296,760.3316,2.45,A
68,sn1/post-storage-service,7684.19,95.37,251.42,0.0,0,9575,2213.8665,88.7435,760.3316,19.3,A
68,sn1/social-graph-mongodb,10.01,727.77,757.02,0.0391,2,116,290.9922,1.2787,760.3316,0.039,A
68,sn1/social-graph-redis,2.23,20.04,103.57,0.0,0,316,290.9922,1.2787,1.3592,0.0,A
68,sn1/social-graph-service,0.0,31.3,251.42,0.0,0,0,290.9922,1.2787,1.3592,0.0,A
68,sn1/text-service,1461.05,51.53,251.42,0.0,0,4706,1088.0894,16.8734,760.3316,3.58,A
68,sn1/unique-id-service,78.65,4.71,251.42,0.0,0,658,290.9922,1.2787,760.3316,0.175,A
68,sn1/url-shorten-memcached,0.17,4.63,75.33,0.0,0,0,290.9922,1.2787,1.3592,0.0,A
68,sn1/url-shorten-mongodb,307.91,108.21,702.87,0.0,0,857,290.9922,3.556,760.3316,0.779,A
68,sn1/url-shorten-service,1264.81,59.54,251.42,0.0,0,4071,941.269,14.6071,760.3316,3.1,A
68,sn1/user-memcached,160.36,6.33,75.33,0.0,0,1732,400.4613,1.852,760.3316,0.409,A
68,sn1/user-mention-service,241.88,6.82,251.42,0.0,0,995,290.9922,2.7934,760.3316,0.584,A
68,sn1/user-mongodb,9.72,97.18,704.78,0.0352,2,60,290.9922,1.2787,1.3592,0.0195,A
68,sn1/user-service,73.38,18.08,251.42,0.0,0,819,290.9922,1.2787,760.3316,0.175,A
68,sn1/user-timeline-mongodb,15.91,106.94,703.03,0.0,0,338,290.9922,1.2787,760.3316,0.039,A
68,sn1/user-timeline-redis,157.82,95.51,136.86,0.0,0,729,290.9922,1.8226,760.3316,0.409,A
68,sn1/user-timeline-service,1562.14,520.17,251.42,0.0,0,4777,1104.5055,18.0409,760.3316,3.76,A
69,hotel/consul,14.25,29.73,201.48,0.0,0,919,290.9922,1.2787,786.39,0.039,A
69,hotel/frontend,9837.0,119.18,1119.14,0.0,0,1025403,225607.4446,125.9701,786.39,25.6,A
69,hotel/geo,1049.28,31.54,1119.06,0.0,0,2409,530.0241,13.4368,786.39,2.59,A
69,hotel/jaeger,0.18,14.79,81.01,0.0,0,0,290.9922,1.2787,1.3592,0.0,A
69,hotel/memcached-profile,134.87,7.74,79.25,0.0,0,1198,290.9922,1.7271,786.39,0.351,A
69,hotel/memcached-rate,113.92,7.6,79.25,0.0,0,1571,345.6488,1.4588,786.39,0.292,A
69,hotel/memcached-reserve,152.88,7.91,79.25,0.0,0,1105,290.9922,1.9577,786.39,0.409,A
69,hotel/mongodb-geo,7.56,63.04,400.43,0.0,0,74,290.9922,1.2787,1.3592,0.0195,A
69,hotel/mongodb-profile,7.57,65.08,400.43,0.0,0,68,290.9922,1.2787,1.3592,0.0195,A
69,hotel/mongodb-rate,8.04,64.84,400.43,0.0195,2,568,290.9922,1.2787,1.3592,0.0195,A
69,hotel/mongodb-recommendation,7.38,63.0,400.43,0.0,0,107,290.9922,1.2787,1.3592,0.0195,A
69,hotel/mongodb-reservation,9.64,253.27,400.43,0.0352,18,116,290.9922,1.2787,1.3592,0.039,A
69,hotel/mongodb-user,7.48,63.0,400.43,0.0,0,86,290.9922,1.2787,1.3592,0.0195,A
69,hotel/profile,3605.58,48.63,1119.06,0.0,0,97597,21473.1279,46.1721,786.39,8.99,A
69,hotel/rate,1314.44,39.96,1119.14,0.0,0,2778,611.2109,16.8324,786.39,3.2,A
69,hotel/recommendation,721.99,26.02,1119.06,0.0,0,1842,405.2737,9.2456,786.39,1.75,A
69,hotel/reservation,3562.39,72.52,1119.06,0.0,0,276056,60737.3771,45.6191,786.39,9.9,A
69,hotel/search,2637.33,31.6,1119.06,0.0,0,12748,2804.7935,33.773,786.39,6.65,A
69,hotel/user,48.39,20.86,1119.06,0.0,0,691,290.9922,1.2787,786.39,0.136,A
69,sn1/compose-post-service,1390.94,80.84,251.42,0.0,0,5198,1143.6552,17.812,786.39,3.59,A
69,sn1/home-timeline-redis,289.74,2554.26,952.74,0.0,0,1029,290.9922,3.7103,786.39,0.76,A
69,sn1/home-timeline-service,1666.92,109.46,251.42,0.0,0,3361,739.4816,21.3462,786.39,4.31,A
69,sn1/jaeger,15.44,5436.02,75.0,0.0,0,305,290.9922,1.2787,786.39,0.078,A
69,sn1/media-frontend,0.0,2027.57,648.43,0.0,0,0,290.9922,1.2787,1.3592,0.0,A
69,sn1/media-memcached,0.18,4.63,75.33,0.0,0,0,290.9922,1.2787,1.3592,0.0,A
69,sn1/media-mongodb,8.07,74.0,704.02,0.0,0,73,290.9922,1.2787,1.3592,0.039,A
69,sn1/media-service,76.9,4.83,251.42,0.0,0,838,290.9922,1.2787,786.39,0.195,A
69,sn1/nginx-thrift,24408.5,43439.92,620.32,0.0,0,5066,1114.6128,312.5691,786.39,62.1,A
69,sn1/post-storage-memcached,1805.05,70.62,75.33,0.0,0,5130,1128.694,23.115,786.39,4.62,A
69,sn1/post-storage-mongodb,958.49,8188.11,4130.05,0.0,0,896,290.9922,12.2742,786.39,2.38,A
69,sn1/post-storage-service,7654.61,95.92,251.42,0.0,0,9447,2078.5131,98.023,786.39,19.3,A
69,sn1/social-graph-mongodb,8.85,727.77,757.02,0.0,0,128,290.9922,1.2787,1.3592,0.039,A
69,sn1/social-graph-redis,2.23,20.04,103.57,0.0,0,203,290.9922,1.2787,1.3592,0.0,A
69,sn1/social-graph-service,0.04,31.3,251.42,0.0,0,0,290.9922,1.2787,1.3592,0.0,A
69,sn1/text-service,1481.78,62.21,251.42,0.0,0,4836,1064.0086,18.9753,786.39,3.84,A
69,sn1/unique-id-service,79.01,4.67,251.42,0.0,0,743,290.9922,1.2787,786.39,0.214,A
69,sn1/url-shorten-memcached,0.16,4.63,75.33,0.0,0,0,290.9922,1.2787,1.3592,0.0,A
69,sn1/url-shorten-mongodb,313.72,108.88,702.87,0.043,2,860,290.9922,4.0174,786.39,0.916,A
69,sn1/url-shorten-service,1279.5,66.82,251.42,0.0,0,3689,811.6476,16.385,786.39,3.55,A
69,sn1/user-memcached,159.74,6.32,75.33,0.0,0,2383,524.3037,2.0456,786.39,0.429,A
69,sn1/user-mention-service,244.97,6.83,251.42,0.0,0,1213,290.9922,3.137,786.39,0.643,A
69,sn1/user-mongodb,8.31,97.18,704.78,0.457,36,71,290.9922,1.2787,1.3592,0.039,A
69,sn1/user-service,73.82,18.08,251.42,0.0,0,671,290.9922,1.2787,786.39,0.195,A
69,sn1/user-timeline-mongodb,15.71,106.94,703.03,0.0,0,415,290.9922,1.2787,786.39,0.039,A
69,sn1/user-timeline-redis,158.37,95.52,136.86,0.0,0,901,290.9922,2.028,786.39,0.429,A
69,sn1/user-timeline-service,1558.74,519.17,251.42,0.0,0,4784,1052.5676,19.9608,786.39,3.82,A
70,hotel/consul,15.18,29.73,201.48,0.0,0,1074,290.9922,1.2787,757.4905,0.0401,A
70,hotel/frontend,9982.96,121.07,1119.14,0.0,0,1130393,284436.089,91.7715,757.4905,25.9,A
70,hotel/geo,977.81,29.34,1119.06,0.0,0,2059,518.0976,8.9888,757.4905,2.52,A
70,hotel/jaeger,0.18,14.79,81.01,0.0,0,0,290.9922,1.2787,1.3592,0.0,A
70,hotel/memcached-profile,130.92,7.71,79.25,0.0,0,917,290.9922,1.2787,757.4905,0.361,A
70,hotel/memcached-rate,108.97,7.62,79.25,0.0,0,891,290.9922,1.2787,757.4905,0.301,A
70,hotel/memcached-reserve,160.16,7.28,79.25,0.0,0,1082,290.9922,1.4723,757.4905,0.401,A
70,hotel/mongodb-geo,7.8,63.04,400.43,0.0273,2,110,290.9922,1.2787,1.3592,0.02,A
70,hotel/mongodb-profile,7.57,65.08,400.43,0.0273,2,73,290.9922,1.2787,1.3592,0.02,A
70,hotel/mongodb-rate,7.15,64.84,400.43,0.0,0,112,290.9922,1.2787,1.3592,0.02,A
70,hotel/mongodb-recommendation,7.66,63.0,400.43,0.0273,2,94,290.9922,1.2787,1.3592,0.02,A
70,hotel/mongodb-reservation,9.45,253.27,400.43,0.0703,20,51,290.9922,1.2787,1.3592,0.02,A
70,hotel/mongodb-user,8.21,63.0,400.43,0.0273,2,744,290.9922,1.2787,1.3592,0.0401,A
70,hotel/profile,3475.26,48.15,1119.06,0.0,0,26045,6553.595,31.9474,757.4905,9.16,A
70,hotel/rate,1372.74,38.3,1119.14,0.0,0,2993,753.1161,12.6193,757.4905,3.45,A
70,hotel/recommendation,681.32,26.04,1119.06,0.0,0,1584,398.5753,6.2632,757.4905,1.72,A
70,hotel/reservation,3412.53,73.36,1119.06,0.0,0,128007,32209.869,31.3708,757.4905,8.68,A
70,hotel/search,2661.98,36.86,1119.06,0.0,0,5926,1491.1347,24.4711,757.4905,6.79,A
70,hotel/user,44.57,20.84,1119.06,0.0,0,554,290.9922,1.2787,757.4905,0.1,A
70,sn1/compose-post-service,1402.9,82.53,251.42,0.0,0,5642,1419.673,12.8966,757.4905,3.43,A
70,sn1/home-timeline-redis,296.21,2553.62,952.74,0.0,0,1039,290.9922,2.723,757.4905,0.801,A
70,sn1/home-timeline-service,1674.7,108.28,251.42,0.0,0,3554,894.2782,15.3952,757.4905,4.35,A
70,sn1/jaeger,59.8,5459.64,75.0,0.0,0,802,290.9922,1.2787,757.4905,0.26,A
70,sn1/media-frontend,0.0,2027.57,648.43,0.0,0,0,290.9922,1.2787,1.3592,0.0,A
70,sn1/media-memcached,0.17,4.63,75.33,0.0,0,0,290.9922,1.2787,1.3592,0.0,A
70,sn1/media-mongodb,9.42,74.0,704.02,0.0352,2,228,290.9922,1.2787,1.3592,0.0401,A
70,sn1/media-service,77.65,4.83,251.42,0.0,0,563,290.9922,1.2787,757.4905,0.2,A
70,sn1/nginx-thrift,24291.82,43452.95,620.32,52.7617,460,5476,1377.9031,223.3102,757.4905,63.2,A
70,sn1/post-storage-memcached,1803.48,70.39,75.33,0.0,0,5347,1345.4434,16.5791,757.4905,4.69,A
70,sn1/post-storage-mongodb,943.98,8187.66,4130.05,0.0664,2,798,290.9922,8.6778,757.4905,2.48,A
70,sn1/post-storage-service,7616.35,96.07,251.42,0.0,0,9758,2455.365,70.0157,757.4905,19.7,A
70,sn1/social-graph-mongodb,10.34,727.77,757.02,1.6289,48,208,290.9922,1.2787,757.4905,0.0,A
70,sn1/social-graph-redis,2.18,20.04,103.57,0.0,0,365,290.9922,1.2787,1.3592,0.0,A
70,sn1/social-graph-service,0.0,31.3,251.42,0.0,0,0,290.9922,1.2787,1.3592,0.0,A
70,sn1/text-service,1475.95,67.13,251.42,0.0,0,5450,1371.3608,13.5681,757.4905,3.63,A
70,sn1/unique-id-service,78.79,4.67,251.42,0.0,0,701,290.9922,1.2787,757.4905,0.2,A
70,sn1/url-shorten-memcached,0.17,4.63,75.33,0.0,0,0,290.9922,1.2787,1.3592,0.0,A
70,sn1/url-shorten-mongodb,325.2,110.17,702.87,0.0,0,1053,290.9922,2.9895,757.4905,0.882,A
70,sn1/url-shorten-service,1280.87,71.68,251.42,0.0,0,4890,1230.4504,11.7748,757.4905,3.05,A
70,sn1/user-memcached,163.49,6.33,75.33,0.0,0,2107,530.1756,1.5029,757.4905,0.441,A
70,sn1/user-mention-service,246.7,6.82,251.42,0.0,0,1002,290.9922,2.2679,757.4905,0.641,A
70,sn1/user-mongodb,9.43,97.19,704.78,0.0547,4,134,290.9922,1.2787,1.3592,0.0401,A
70,sn1/user-service,74.22,18.08,251.42,0.0,0,906,290.9922,1.2787,757.4905,0.18,A
70,sn1/user-timeline-mongodb,16.02,106.94,703.03,0.0156,2,324,290.9922,1.2787,757.4905,0.0401,A
70,sn1/user-timeline-redis,156.82,95.48,136.86,0.0,0,698,290.9922,1.4416,757.4905,0.421,A
70,sn1/user-timeline-service,1547.32,518.6,251.42,0.0,0,5194,1306.9446,14.2242,757.4905,3.91,A
71,hotel/consul,13.67,29.73,201.48,0.0,0,844,290.9922,1.2787,773.3057,0.0196,A
71,hotel/frontend,9884.92,114.67,1119.14,0.0,0,749212,159416.275,111.707,773.3057,25.5,A
71,hotel/geo,1014.5,30.0,1119.06,0.0,0,2099,446.6223,11.4646,773.3057,2.69,A
71,hotel/jaeger,0.34,14.79,81.01,0.0,0,0,290.9922,1.2787,1.3592,0.0,A
71,hotel/memcached-profile,142.78,7.73,79.25,0.0,0,1144,290.9922,1.6135,773.3057,0.353,A
71,hotel/memcached-rate,107.3,7.62,79.25,0.0,0,1216,290.9922,1.2787,773.3057,0.275,A
71,hotel/memcached-reserve,167.2,7.26,79.25,0.0,0,1037,290.9922,1.8895,773.3057,0.432,A
71,hotel/mongodb-geo,7.35,63.04,400.43,0.0,0,93,290.9922,1.2787,1.3592,0.0196,A
71,hotel/mongodb-profile,7.33,65.08,400.43,0.0,0,130,290.9922,1.2787,1.3592,0.0196,A
71,hotel/mongodb-rate,7.81,64.84,400.43,0.0234,4,137,290.9922,1.2787,1.3592,0.0393,A
71,hotel/mongodb-recommendation,7.07,63.0,400.43,0.0,0,74,290.9922,1.2787,1.3592,0.0196,A
71,hotel/mongodb-reservation,8.96,253.28,400.43,0.043,22,154,290.9922,1.2787,1.3592,0.0589,A
71,hotel/mongodb-user,7.22,63.0,400.43,0.0,0,113,290.9922,1.2787,1.3592,0.0196,A
71,hotel/profile,3401.39,51.42,1119.06,0.0,0,111590,23743.9632,38.4383,773.3057,8.05,A
71,hotel/rate,1353.46,45.71,1119.14,0.0,0,3043,647.4853,15.2951,773.3057,3.26,A
71,hotel/recommendation,693.0,27.07,1119.06,0.0,0,1608,342.148,7.8314,773.3057,1.87,A
71,hotel/reservation,3589.2,69.32,1119.06,0.0,0,121782,25912.6026,40.5607,773.3057,9.15,A
71,hotel/search,2579.73,36.55,1119.06,0.0,0,9597,2042.0362,29.1529,773.3057,6.54,A
71,hotel/user,50.13,21.11,1119.06,0.0,0,771,290.9922,1.2787,773.3057,0.137,A
71,sn1/compose-post-service,1382.14,85.02,251.42,0.0,0,5140,1093.682,15.6192,773.3057,3.34,A
71,sn1/home-timeline-redis,299.11,2553.61,952.74,0.0,0,1098,290.9922,3.3802,773.3057,0.766,A
71,sn1/home-timeline-service,1673.98,113.25,251.42,0.0,0,3426,728.9795,18.9172,773.3057,4.26,A
71,sn1/jaeger,15.9,5466.24,75.0,0.0,0,247,290.9922,1.2787,773.3057,0.0785,A
71,sn1/media-frontend,0.0,2027.57,648.43,0.0,0,0,290.9922,1.2787,1.3592,0.0,A
71,sn1/media-memcached,0.21,4.63,75.33,0.0,0,0,290.9922,1.2787,1.3592,0.0,A
71,sn1/media-mongodb,8.11,74.0,704.02,0.0,0,75,290.9922,1.2787,1.3592,0.0393,A
71,sn1/media-service,76.85,4.83,251.42,0.0,0,824,290.9922,1.2787,773.3057,0.196,A
71,sn1/nginx-thrift,24235.82,43461.81,620.32,0.0,0,4794,1020.0606,273.883,773.3057,62.9,A
71,sn1/post-storage-memcached,1792.78,70.68,75.33,0.0,0,5394,1147.7277,20.2598,773.3057,4.61,A
71,sn1/post-storage-mongodb,932.36,8187.91,4130.05,0.0,0,868,290.9922,10.5364,773.3057,2.45,A
71,sn1/post-storage-service,7562.11,94.77,251.42,0.0,0,9438,2008.2044,85.4575,773.3057,19.4,A
71,sn1/social-graph-mongodb,8.17,727.77,757.02,0.0,0,193,290.9922,1.2787,1.3592,0.0196,A
71,sn1/social-graph-redis,2.41,20.04,103.57,0.0,0,217,290.9922,1.2787,1.3592,0.0,A
71,sn1/social-graph-service,0.06,31.3,251.42,0.0,0,0,290.9922,1.2787,1.3592,0.0,A
71,sn1/text-service,1437.1,76.58,251.42,0.0,0,4512,960.057,16.2403,773.3057,3.49,A
71,sn1/unique-id-service,77.18,4.67,251.42,0.0,0,739,290.9922,1.2787,773.3057,0.216,A
71,sn1/url-shorten-memcached,0.13,4.63,75.33,0.0,0,0,290.9922,1.2787,1.3592,0.0,A
71,sn1/url-shorten-mongodb,349.89,110.2,702.87,0.0781,6,899,290.9922,3.954,773.3057,0.982,A
71,sn1/url-shorten-service,1312.35,82.96,251.42,0.0,0,3528,750.6829,14.8305,773.3057,3.26,A
71,sn1/user-memcached,156.75,6.36,75.33,0.0,0,1711,364.0642,1.7714,773.3057,0.393,A
71,sn1/user-mention-service,235.38,6.83,251.42,0.0,0,966,290.9922,2.66,773.3057,0.609,A
71,sn1/user-mongodb,8.68,97.19,704.78,0.0,0,131,290.9922,1.2787,1.3592,0.0196,A
71,sn1/user-service,73.11,18.08,251.42,0.0,0,634,290.9922,1.2787,773.3057,0.177,A
71,sn1/user-timeline-mongodb,14.72,106.94,703.03,0.0,0,294,290.9922,1.2787,773.3057,0.0393,A
71,sn1/user-timeline-redis,154.95,95.75,136.86,0.0,0,1298,290.9922,1.7511,773.3057,0.393,A
71,sn1/user-timeline-service,1537.37,520.79,251.42,0.0,0,4704,1000.9105,17.3734,773.3057,3.89,A
72,hotel/consul,14.43,29.73,201.48,0.0,0,1152,290.9922,1.2787,729.491,0.0391,A
72,hotel/frontend,9972.61,113.78,1119.14,0.0,0,791962,169948.0241,131.0156,729.491,25.5,A
72,hotel/geo,1165.94,30.69,1119.06,0.0,0,2559,549.1387,15.3176,729.491,2.66,A
72,hotel/jaeger,0.41,14.79,81.01,0.0,0,0,290.9922,1.2787,1.3592,0.0,A
72,hotel/memcached-profile,150.36,7.71,79.25,0.0,0,1096,290.9922,1.9754,729.491,0.352,A
72,hotel/memcached-rate,111.54,7.6,79.25,0.0,0,914,290.9922,1.4654,729.491,0.254,A
72,hotel/memcached-reserve,176.16,7.15,79.25,0.0,0,1191,290.9922,2.3143,729.491,0.391,A
72,hotel/mongodb-geo,8.19,63.04,400.43,0.0273,2,145,290.9922,1.2787,1.3592,0.0196,A
72,hotel/mongodb-profile,8.41,65.08,400.43,0.0508,4,492,290.9922,1.2787,1.3592,0.0196,A
72,hotel/mongodb-rate,7.4,64.84,400.43,0.0,0,125,290.9922,1.2787,1.3592,0.0196,A
72,hotel/mongodb-recommendation,8.2,63.0,400.43,0.0273,2,125,290.9922,1.2787,1.3592,0.0196,A
72,hotel/mongodb-reservation,10.22,253.29,400.43,0.1094,26,149,290.9922,1.2787,729.491,0.0391,A
72,hotel/mongodb-user,8.4,63.0,400.43,0.0273,2,226,290.9922,1.2787,1.3592,0.0196,A
72,hotel/profile,3756.68,50.48,1119.06,0.0,0,121549,26083.3378,49.3536,729.491,9.22,A
72,hotel/rate,1527.96,39.3,1119.14,0.0,0,2980,639.4816,20.0736,729.491,3.5,A
72,hotel/recommendation,816.57,28.67,1119.06,0.0,0,1860,399.1395,10.7277,729.491,1.96,A
72,hotel/reservation,3838.27,72.5,1119.06,0.0,0,276423,59317.9252,50.4254,729.491,7.77,A
72,hotel/search,2858.66,39.19,1119.06,0.0,0,12217,2621.6599,37.5558,729.491,6.52,A
72,hotel/user,53.52,20.86,1119.06,0.0,0,598,290.9922,1.2787,729.491,0.137,A
72,sn1/compose-post-service,1452.29,85.23,251.42,0.0,0,5532,1187.1182,19.0795,729.491,3.41,A
72,sn1/home-timeline-redis,293.29,2553.59,952.74,0.0,0,978,290.9922,3.8531,729.491,0.744,A
72,sn1/home-timeline-service,1679.2,110.12,251.42,0.0,0,3869,830.2531,22.0606,729.491,4.27,A
72,sn1/jaeger,2213.13,5490.61,75.0,0.0,0,1628,349.3544,29.0751,729.491,0.215,A
72,sn1/media-frontend,0.0,2027.57,648.43,0.0,0,0,290.9922,1.2787,1.3592,0.0,A
72,sn1/media-memcached,0.18,4.63,75.33,0.0,0,0,290.9922,1.2787,1.3592,0.0,A
72,sn1/media-mongodb,9.93,74.0,704.02,0.043,4,212,290.9922,1.2787,1.3592,0.0391,A
72,sn1/media-service,79.29,4.79,251.42,0.0,0,666,290.9922,1.2787,729.491,0.196,A
72,sn1/nginx-thrift,24518.17,43473.03,620.32,0.0,0,6008,1289.2635,322.1086,729.491,61.9,A
72,sn1/post-storage-memcached,1814.38,70.61,75.33,0.0,0,5762,1236.4741,23.8365,729.491,4.6,A
72,sn1/post-storage-mongodb,945.79,8187.82,4130.05,0.0859,4,825,290.9922,12.4254,729.491,2.41,A
72,sn1/post-storage-service,7650.66,94.01,251.42,0.0,0,10357,2222.5204,100.5109,729.491,19.4,A
72,sn1/social-graph-mongodb,10.48,727.77,757.02,0.0742,4,119,290.9922,1.2787,729.491,0.0391,A
72,sn1/social-graph-redis,2.37,20.04,103.57,0.0,0,174,290.9922,1.2787,1.3592,0.0,A
72,sn1/social-graph-service,0.0,31.3,251.42,0.0,0,0,290.9922,1.2787,1.3592,0.0,A
72,sn1/text-service,1537.62,79.83,251.42,0.0,0,5396,1157.9338,20.2006,729.491,3.54,A
72,sn1/unique-id-service,81.41,4.67,251.42,0.0,0,618,290.9922,1.2787,729.491,0.215,A
72,sn1/url-shorten-memcached,0.15,4.63,75.33,0.0,0,0,290.9922,1.2787,1.3592,0.0,A
72,sn1/url-shorten-mongodb,354.4,110.38,702.87,0.0,0,946,290.9922,4.6559,729.491,0.685,A
72,sn1/url-shorten-service,1405.47,85.38,251.42,0.0,0,4564,979.3939,18.4644,729.491,3.01,A
72,sn1/user-memcached,163.7,6.33,75.33,0.0,0,1696,363.9466,2.1506,729.491,0.411,A
72,sn1/user-mention-service,248.72,7.07,251.42,0.0,0,1082,290.9922,3.2676,729.491,0.626,A
72,sn1/user-mongodb,10.28,97.19,704.78,0.0547,4,288,290.9922,1.2787,729.491,0.0196,A
72,sn1/user-service,76.15,18.08,251.42,0.0,0,761,290.9922,1.2787,729.491,0.196,A
72,sn1/user-timeline-mongodb,15.77,106.94,703.03,0.0156,2,493,290.9922,1.2787,729.491,0.0391,A
72,sn1/user-timeline-redis,154.8,95.49,136.86,0.0,0,771,290.9922,2.0337,729.491,0.391,A
72,sn1/user-timeline-service,1546.33,519.51,251.42,0.0,0,5801,1244.8432,20.315,729.491,3.76,A
73,hotel/consul,15.43,29.73,201.48,0.0,0,2554,598.5828,1.2787,774.7841,0.0214,A
73,hotel/frontend,9915.84,130.66,1119.14,0.0,0,763073,178841.9482,113.9739,774.7841,27.0,A
73,hotel/geo,1127.13,29.55,1119.06,0.0,0,2262,530.1465,12.9554,774.7841,2.87,A
73,hotel/jaeger,0.23,14.79,81.01,0.0,0,0,290.9922,1.2787,1.3592,0.0,A
73,hotel/memcached-profile,148.08,7.75,79.25,0.0,0,1453,340.5406,1.702,774.7841,0.364,A
73,hotel/memcached-rate,112.36,7.61,79.25,0.0,0,1047,290.9922,1.2915,774.7841,0.278,A
73,hotel/memcached-reserve,176.28,7.23,79.25,0.0,0,1118,290.9922,2.0262,774.7841,0.449,A
73,hotel/mongodb-geo,7.24,63.04,400.43,0.0,0,120,290.9922,1.2787,1.3592,0.0214,A
73,hotel/mongodb-profile,7.21,65.08,400.43,0.0,0,90,290.9922,1.2787,1.3592,0.0214,A
73,hotel/mongodb-rate,7.68,64.84,400.43,0.0195,2,68,290.9922,1.2787,1.3592,0.0214,A
73,hotel/mongodb-recommendation,7.3,63.0,400.43,0.0,0,1687,395.3834,1.2787,1.3592,0.0428,A
73,hotel/mongodb-reservation,9.1,253.29,400.43,0.0391,20,191,290.9922,1.2787,1.3592,0.0428,A
73,hotel/mongodb-user,7.15,63.0,400.43,0.0,0,63,290.9922,1.2787,1.3592,0.0428,A
73,hotel/profile,3557.57,46.48,1119.06,0.0,0,73503,17226.9491,40.8911,774.7841,8.51,A
73,hotel/rate,1585.36,39.52,1119.14,0.0,0,2843,666.3159,18.2223,774.7841,3.87,A
73,hotel/recommendation,688.42,26.04,1119.06,0.0,0,2044,479.0537,7.9128,774.7841,1.97,A
73,hotel/reservation,3591.57,78.73,1119.06,0.0,0,275253,64511.2365,41.2819,774.7841,8.83,A
73,hotel/search,2881.96,41.55,1119.06,0.0,0,18885,4426.0905,33.1256,774.7841,7.18,A
73,hotel/user,53.01,20.99,1119.06,0.0,0,576,290.9922,1.2787,774.7841,0.107,A
73,sn1/compose-post-service,1392.43,86.96,251.42,0.0,0,5222,1223.8838,16.0048,774.7841,3.59,A
73,sn1/home-timeline-redis,296.22,2553.86,952.74,0.0,0,1244,291.5571,3.4048,774.7841,0.791,A
73,sn1/home-timeline-service,1676.24,113.55,251.42,0.0,0,3391,794.751,19.2669,774.7841,4.45,A
73,sn1/jaeger,15.58,5490.74,75.0,0.0,0,458,290.9922,1.2787,774.7841,0.0855,A
73,sn1/media-frontend,0.0,2027.57,648.43,0.0,0,0,290.9922,1.2787,1.3592,0.0,A
73,sn1/media-memcached,0.19,4.63,75.33,0.0,0,0,290.9922,1.2787,1.3592,0.0,A
73,sn1/media-mongodb,8.05,74.0,704.02,0.0,0,84,290.9922,1.2787,1.3592,0.0428,A
73,sn1/media-service,76.55,4.77,251.42,0.0,0,684,290.9922,1.2787,774.7841,0.192,A
73,sn1/nginx-thrift,24484.22,43485.95,620.32,52.7734,470,5064,1186.8532,281.4246,774.7841,65.8,A
73,sn1/post-storage-memcached,1820.37,70.78,75.33,0.0,0,5128,1201.8529,20.9236,774.7841,4.92,A
73,sn1/post-storage-mongodb,956.92,8187.85,4130.05,8.8516,134,917,290.9922,10.999,774.7841,2.54,A
73,sn1/post-storage-service,7684.21,94.94,251.42,0.0,0,9777,2291.4423,88.3233,774.7841,20.5,A
73,sn1/social-graph-mongodb,8.2,727.77,757.02,0.0039,2,115,290.9922,1.2787,1.3592,0.0214,A
73,sn1/social-graph-redis,2.54,20.04,103.57,0.0,0,298,290.9922,1.2787,1.3592,0.0,A
73,sn1/social-graph-service,0.06,31.3,251.42,0.0,0,0,290.9922,1.2787,1.3592,0.0,A
73,sn1/text-service,1462.55,82.65,251.42,0.0,0,4668,1094.0424,16.8107,774.7841,3.74,A
73,sn1/unique-id-service,78.32,4.67,251.42,0.0,0,845,290.9922,1.2787,774.7841,0.235,A
73,sn1/url-shorten-memcached,0.17,4.63,75.33,0.0,0,0,290.9922,1.2787,1.3592,0.0,A
73,sn1/url-shorten-mongodb,300.22,107.5,702.87,0.0547,4,767,290.9922,3.4508,774.7841,0.727,A
73,sn1/url-shorten-service,1289.2,76.5,251.42,0.0,0,3913,917.0925,14.8182,774.7841,3.12,A
73,sn1/user-memcached,161.25,6.38,75.33,0.0,0,2081,487.7254,1.8534,774.7841,0.428,A
73,sn1/user-mention-service,245.23,6.88,251.42,0.0,0,957,290.9922,2.8187,774.7841,0.706,A
73,sn1/user-mongodb,8.43,97.19,704.78,0.0039,2,51,290.9922,1.2787,1.3592,0.0428,A
73,sn1/user-service,74.18,18.08,251.42,0.0,0,690,290.9922,1.2787,774.7841,0.214,A
73,sn1/user-timeline-mongodb,15.71,106.94,703.03,0.0742,10,215,290.9922,1.2787,774.7841,0.0428,A
73,sn1/user-timeline-redis,157.62,95.5,136.86,0.0,0,939,290.9922,1.8117,774.7841,0.428,A
73,sn1/user-timeline-service,1553.35,521.18,251.42,0.0,0,4882,1144.1977,17.8544,774.7841,4.02,A
74,hotel/consul,14.13,29.73,201.48,0.0,0,1338,339.0849,1.2787,782.638,0.0201,A
74,hotel/frontend,9996.55,130.15,1119.14,0.0,0,1320079,334543.2308,94.4696,782.638,26.3,A
74,hotel/geo,903.23,31.09,1119.06,0.0,0,1958,496.2094,8.5357,782.638,2.38,A
74,hotel/jaeger,0.16,14.79,81.01,0.0,0,0,290.9922,1.2787,1.3592,0.0,A
74,hotel/memcached-profile,122.2,7.71,79.25,0.0,0,885,290.9922,1.2787,782.638,0.322,A
74,hotel/memcached-rate,94.95,7.6,79.25,0.0,0,847,290.9922,1.2787,782.638,0.221,A
74,hotel/memcached-reserve,145.24,7.46,79.25,0.0,0,886,290.9922,1.3725,782.638,0.342,A
74,hotel/mongodb-geo,7.69,63.04,400.43,0.0273,2,68,290.9922,1.2787,1.3592,0.0201,A
74,hotel/mongodb-profile,7.67,65.08,400.43,0.0273,2,180,290.9922,1.2787,1.3592,0.0403,A
74,hotel/mongodb-rate,7.27,64.84,400.43,0.0,0,63,290.9922,1.2787,1.3592,0.0403,A
74,hotel/mongodb-recommendation,7.6,63.0,400.43,0.0273,2,95,290.9922,1.2787,1.3592,0.0403,A
74,hotel/mongodb-reservation,9.28,253.29,400.43,0.0742,22,182,290.9922,1.2787,1.3592,0.0201,A
74,hotel/mongodb-user,8.15,63.0,400.43,0.0273,2,153,290.9922,1.2787,1.3592,0.0403,A
74,hotel/profile,3258.99,52.2,1119.06,0.0,0,57847,14659.9728,30.7982,782.638,8.76,A
74,hotel/rate,1287.49,37.69,1119.14,0.0,0,2454,621.9091,12.1671,782.638,3.2,A
74,hotel/recommendation,596.03,27.5,1119.06,0.0,0,1546,391.7976,5.6326,782.638,1.47,A
74,hotel/reservation,3199.21,70.88,1119.06,0.0,0,139418,35332.2401,30.2332,782.638,7.61,A
74,hotel/search,2304.53,37.88,1119.06,0.0,0,13721,3477.2674,21.7783,782.638,6.2,A
74,hotel/user,40.58,21.01,1119.06,0.0,0,642,290.9922,1.2787,782.638,0.121,A
74,sn1/compose-post-service,1401.19,85.04,251.42,0.0,0,5069,1284.6198,13.2415,782.638,3.38,A
74,sn1/home-timeline-redis,299.33,2553.55,952.74,0.0,0,908,290.9922,2.8287,782.638,0.765,A
74,sn1/home-timeline-service,1676.33,110.92,251.42,0.0,0,3324,842.3903,15.8417,782.638,4.29,A
74,sn1/jaeger,62.33,5490.96,75.0,0.0,0,600,290.9922,1.2787,782.638,0.242,A
74,sn1/media-frontend,0.0,2027.57,648.43,0.0,0,0,290.9922,1.2787,1.3592,0.0,A
74,sn1/media-memcached,0.16,4.63,75.33,0.0,0,0,290.9922,1.2787,1.3592,0.0,A
74,sn1/media-mongodb,9.97,74.0,704.02,0.0039,2,74,290.9922,1.2787,1.3592,0.0201,A
74,sn1/media-service,76.01,4.73,251.42,0.0,0,541,290.9922,1.2787,782.638,0.201,A
74,sn1/nginx-thrift,24440.74,43489.2,620.32,0.0,0,5021,1272.4553,230.9703,782.638,63.4,A
74,sn1/post-storage-memcached,1794.91,71.03,75.33,0.0,0,5194,1316.2981,16.9623,782.638,4.63,A
74,sn1/post-storage-mongodb,945.32,8187.94,4130.05,0.0,0,763,290.9922,8.9335,782.638,2.48,A
74,sn1/post-storage-service,7646.44,97.59,251.42,0.0,0,9480,2402.4849,72.2605,782.638,19.8,A
74,sn1/social-graph-mongodb,9.56,727.76,757.02,0.0,0,143,290.9922,1.2787,1.3592,0.0201,A
74,sn1/social-graph-redis,2.5,20.04,103.57,0.0,0,307,290.9922,1.2787,1.3592,0.0,A
74,sn1/social-graph-service,0.0,31.3,251.42,0.0,0,0,290.9922,1.2787,1.3592,0.0,A
74,sn1/text-service,1499.92,79.86,251.42,0.0,0,4328,1096.8306,14.1746,782.638,3.58,A
74,sn1/unique-id-service,78.87,4.67,251.42,0.0,0,606,290.9922,1.2787,782.638,0.201,A
74,sn1/url-shorten-memcached,0.13,4.63,75.33,0.0,0,0,290.9922,1.2787,1.3592,0.0,A
74,sn1/url-shorten-mongodb,336.49,112.23,702.87,0.0,0,835,290.9922,3.1799,782.638,0.644,A
74,sn1/url-shorten-service,1285.78,76.18,251.42,0.0,0,3596,911.3223,12.1509,782.638,2.84,A
74,sn1/user-memcached,156.61,6.36,75.33,0.0,0,2143,543.0934,1.48,782.638,0.403,A
74,sn1/user-mention-service,244.3,7.12,251.42,0.0,0,1152,291.9475,2.3087,782.638,0.624,A
74,sn1/user-mongodb,9.28,97.18,704.78,0.0,0,44,290.9922,1.2787,1.3592,0.0403,A
74,sn1/user-service,73.58,18.05,251.42,0.0,0,666,290.9922,1.2787,782.638,0.181,A
74,sn1/user-timeline-mongodb,15.14,106.94,703.03,0.0156,2,284,290.9922,1.2787,782.638,0.0403,A
74,sn1/user-timeline-redis,158.31,95.75,136.86,0.0,0,886,290.9922,1.4961,782.638,0.443,A
74,sn1/user-timeline-service,1539.58,521.37,251.42,0.0,0,4800,1216.448,14.5494,782.638,3.89,A
75,hotel/consul,15.16,29.73,201.48,0.0,0,1102,290.9922,1.2787,757.2572,0.0188,A
75,hotel/frontend,9987.47,127.56,1119.14,0.0,0,1154395,276140.9549,98.338,757.2572,24.2,A
75,hotel/geo,1021.73,27.64,1119.06,0.0,0,2056,491.8124,10.0601,757.2572,2.35,A
75,hotel/jaeger,0.2,14.79,81.01,0.0,0,0,290.9922,1.2787,1.3592,0.0,A
75,hotel/memcached-profile,130.82,7.75,79.25,0.0,0,1198,290.9922,1.2881,757.2572,0.338,A
75,hotel/memcached-rate,104.36,7.57,79.25,0.0,0,995,290.9922,1.2787,757.2572,0.263,A
75,hotel/memcached-reserve,154.73,7.15,79.25,0.0,0,956,290.9922,1.5235,757.2572,0.376,A
75,hotel/mongodb-geo,7.9,63.04,400.43,0.0,0,86,290.9922,1.2787,1.3592,0.0188,A
75,hotel/mongodb-profile,7.69,65.08,400.43,0.0,0,295,290.9922,1.2787,1.3592,0.0188,A
75,hotel/mongodb-rate,8.41,64.84,400.43,0.0234,2,81,290.9922,1.2787,1.3592,0.0188,A
75,hotel/mongodb-recommendation,7.69,63.0,400.43,0.0,0,103,290.9922,1.2787,1.3592,0.0376,A
75,hotel/mongodb-reservation,9.72,253.29,400.43,0.0469,24,245,290.9922,1.2787,1.3592,0.0188,A
75,hotel/mongodb-user,7.84,63.0,400.43,0.0,0,193,290.9922,1.2787,1.3592,0.0188,A
75,hotel/profile,3488.05,48.71,1119.06,0.0,0,54156,12954.5689,34.3438,757.2572,8.42,A
75,hotel/rate,1267.17,38.63,1119.14,0.0,0,2788,666.913,12.4767,757.2572,3.52,A
75,hotel/recommendation,635.15,28.0,1119.06,0.0,0,1599,382.4942,6.2538,757.2572,1.62,A
75,hotel/reservation,3315.1,70.09,1119.06,0.0,0,294712,70497.5793,32.6409,757.2572,7.35,A
75,hotel/search,2413.76,40.87,1119.06,0.0,0,5928,1418.0273,23.7662,757.2572,6.11,A
75,hotel/user,40.79,21.1,1119.06,0.0,0,1161,290.9922,1.2787,757.2572,0.113,A
75,sn1/compose-post-service,1420.2,86.74,251.42,0.0,0,5261,1258.4753,13.9835,757.2572,3.23,A
75,sn1/home-timeline-redis,301.95,2554.53,952.74,0.0,0,1118,290.9922,2.973,757.2572,0.733,A
75,sn1/home-timeline-service,1655.59,110.38,251.42,0.0,0,3438,822.3984,16.3012,757.2572,3.99,A
75,sn1/jaeger,15.0,5490.99,75.0,0.0,0,260,290.9922,1.2787,757.2572,0.0752,A
75,sn1/media-frontend,0.0,2027.57,648.43,0.0,0,0,290.9922,1.2787,1.3592,0.0,A
75,sn1/media-memcached,0.13,4.63,75.33,0.0,0,0,290.9922,1.2787,1.3592,0.0,A
75,sn1/media-mongodb,8.34,74.0,704.02,0.0,0,76,290.9922,1.2787,1.3592,0.0188,A
75,sn1/media-service,75.67,4.71,251.42,0.0,0,890,290.9922,1.2787,757.2572,0.169,A
75,sn1/nginx-thrift,24247.64,43497.51,620.32,0.0,0,5123,1225.4645,238.7455,757.2572,59.0,A
75,sn1/post-storage-memcached,1788.57,70.89,75.33,0.0,0,5472,1308.9482,17.6105,757.2572,4.4,A
75,sn1/post-storage-mongodb,946.68,8187.81,4130.05,0.0078,4,892,290.9922,9.3211,757.2572,2.35,A
75,sn1/post-storage-service,7611.34,101.22,251.42,0.0,0,9879,2363.1396,74.9423,757.2572,18.5,A
75,sn1/social-graph-mongodb,10.42,727.77,757.02,0.0039,2,107,290.9922,1.2787,757.2572,0.0376,A
75,sn1/social-graph-redis,2.41,20.04,103.57,0.0,0,364,290.9922,1.2787,1.3592,0.0,A
75,sn1/social-graph-service,0.05,31.3,251.42,0.0,0,0,290.9922,1.2787,1.3592,0.0,A
75,sn1/text-service,1506.73,84.59,251.42,0.0,0,4834,1156.3333,14.8355,757.2572,3.46,A
75,sn1/unique-id-service,79.51,4.61,251.42,0.0,0,861,290.9922,1.2787,757.2572,0.207,A
75,sn1/url-shorten-memcached,0.16,4.63,75.33,0.0,0,0,290.9922,1.2787,1.3592,0.0,A
75,sn1/url-shorten-mongodb,336.05,107.63,702.87,0.0469,2,950,290.9922,3.3088,757.2572,0.677,A
75,sn1/url-shorten-service,1363.28,76.86,251.42,0.0,0,4069,973.3389,13.423,757.2572,2.86,A
75,sn1/user-memcached,160.08,6.34,75.33,0.0,0,1557,372.4474,1.5762,757.2572,0.395,A
75,sn1/user-mention-service,244.84,6.86,251.42,0.0,0,940,290.9922,2.4107,757.2572,0.602,A
75,sn1/user-mongodb,9.53,97.19,704.78,0.0039,2,87,290.9922,1.2787,1.3592,0.0376,A
75,sn1/user-service,72.17,17.92,251.42,0.0,0,742,290.9922,1.2787,757.2572,0.169,A
75,sn1/user-timeline-mongodb,16.15,106.94,703.03,0.0,0,411,290.9922,1.2787,757.2572,0.0376,A
75,sn1/user-timeline-redis,154.3,95.74,136.86,0.0,0,814,290.9922,1.5193,757.2572,0.395,A
75,sn1/user-timeline-service,1530.68,521.31,251.42,0.0,0,4794,1146.765,15.0713,757.2572,3.65,A
76,hotel/consul,16.81,29.73,201.48,0.0,0,1986,453.307,1.2787,751.5503,0.0551,A
76,hotel/frontend,9894.75,124.63,1119.14,0.0,0,787292,179700.3746,101.8434,751.5503,24.2,A
76,hotel/geo,1203.4,31.87,1119.06,0.0,0,2327,531.1406,12.3862,751.5503,2.97,A
76,hotel/jaeger,0.19,14.79,81.01,0.0,0,0,290.9922,1.2787,1.3592,0.0,A
76,hotel/memcached-profile,145.56,8.0,79.25,0.0,0,1256,290.9922,1.4982,751.5503,0.367,A
76,hotel/memcached-rate,121.47,7.61,79.25,0.0,0,1133,290.9922,1.2787,751.5503,0.312,A
76,hotel/memcached-reserve,172.49,7.42,79.25,0.0,0,1259,290.9922,1.7754,751.5503,0.459,A
76,hotel/mongodb-geo,8.36,63.04,400.43,0.0273,2,79,290.9922,1.2787,1.3592,0.0184,A
76,hotel/mongodb-profile,8.04,65.08,400.43,0.0273,2,59,290.9922,1.2787,1.3592,0.0367,A
76,hotel/mongodb-rate,7.42,64.84,400.43,0.0,0,67,290.9922,1.2787,1.3592,0.0367,A
76,hotel/mongodb-recommendation,7.96,63.0,400.43,0.0273,2,159,290.9922,1.2787,1.3592,0.0184,A
76,hotel/mongodb-reservation,10.31,253.32,400.43,0.125,34,112,290.9922,1.2787,751.5503,0.0184,A
76,hotel/mongodb-user,8.29,63.0,400.43,0.0273,2,60,290.9922,1.2787,1.3592,0.0184,A
76,hotel/profile,3705.93,47.51,1119.06,0.0,0,84160,19209.6243,38.1439,751.5503,9.27,A
76,hotel/rate,1482.67,39.88,1119.14,0.0,0,2789,636.5927,15.2606,751.5503,3.1,A
76,hotel/recommendation,767.66,28.35,1119.06,0.0,0,1878,428.6558,7.9013,751.5503,1.73,A
76,hotel/reservation,3943.84,72.56,1119.06,0.0,0,245197,55966.5191,40.5926,751.5503,9.64,A
76,hotel/search,2786.73,38.07,1119.06,0.0,0,8796,2007.6979,28.6829,751.5503,6.44,A
76,hotel/user,54.81,21.11,1119.06,0.0,0,813,290.9922,1.2787,751.5503,0.147,A
76,sn1/compose-post-service,1439.48,85.82,251.42,0.0,0,5402,1233.0132,14.8161,751.5503,3.1,A
76,sn1/home-timeline-redis,299.28,2554.04,952.74,0.0,0,1156,290.9922,3.0804,751.5503,0.716,A
76,sn1/home-timeline-service,1705.78,110.39,251.42,0.0,0,3629,828.3237,17.557,751.5503,4.15,A
76,sn1/jaeger,67.67,5491.01,75.0,0.0,0,588,290.9922,1.2787,751.5503,0.257,A
76,sn1/media-frontend,0.0,2027.57,648.43,0.0,0,0,290.9922,1.2787,1.3592,0.0,A
76,sn1/media-memcached,0.15,4.63,75.33,0.0,0,0,290.9922,1.2787,1.3592,0.0,A
76,sn1/media-mongodb,9.96,74.02,704.02,0.0,0,116,290.9922,1.2787,1.3592,0.0184,A
76,sn1/media-service,77.37,4.7,251.42,0.0,0,637,290.9922,1.2787,751.5503,0.184,A
76,sn1/nginx-thrift,24566.37,43510.34,620.32,52.9648,460,5628,1284.598,252.8536,751.5503,59.3,A
76,sn1/post-storage-memcached,1824.18,70.36,75.33,0.0,0,5616,1281.859,18.7757,751.5503,4.41,A
76,sn1/post-storage-mongodb,958.26,8187.86,4130.05,0.0,0,849,290.9922,9.8631,751.5503,2.29,A
76,sn1/post-storage-service,7701.37,97.53,251.42,0.0,0,10154,2317.6631,79.2677,751.5503,18.4,A
76,sn1/social-graph-mongodb,9.49,727.79,757.02,0.0,0,98,290.9922,1.2787,1.3592,0.0184,A
76,sn1/social-graph-redis,2.56,20.04,103.57,0.0,0,346,290.9922,1.2787,1.3592,0.0184,A
76,sn1/social-graph-service,0.0,31.3,251.42,0.0,0,0,290.9922,1.2787,1.3592,0.0,A
76,sn1/text-service,1521.72,84.66,251.42,0.0,0,5113,1167.0486,15.6626,751.5503,3.19,A
76,sn1/unique-id-service,78.31,4.56,251.42,0.0,0,662,290.9922,1.2787,751.5503,0.184,A
76,sn1/url-shorten-memcached,0.19,4.63,75.33,0.0,0,0,290.9922,1.2787,1.3592,0.0,A
76,sn1/url-shorten-mongodb,386.04,107.49,702.87,0.0,0,1167,290.9922,3.9734,751.5503,0.606,A
76,sn1/url-shorten-service,1456.46,77.46,251.42,0.0,0,4929,1125.0504,14.9909,751.5503,2.57,A
76,sn1/user-memcached,171.14,6.84,75.33,0.0,0,1565,357.2132,1.7615,751.5503,0.422,A
76,sn1/user-mention-service,251.96,7.38,251.42,0.0,0,1075,290.9922,2.5933,751.5503,0.606,A
76,sn1/user-mongodb,10.21,97.21,704.78,0.0,0,140,290.9922,1.2787,751.5503,0.0184,A
76,sn1/user-service,75.07,18.02,251.42,0.0,0,716,290.9922,1.2787,751.5503,0.165,A
76,sn1/user-timeline-mongodb,15.61,106.94,703.03,0.0195,2,546,290.9922,1.2787,751.5503,0.0367,A
76,sn1/user-timeline-redis,161.4,95.5,136.86,0.0,0,823,290.9922,1.6612,751.5503,0.385,A
76,sn1/user-timeline-service,1556.82,519.04,251.42,0.0,0,5109,1166.1356,16.0238,751.5503,3.62,A
77,hotel/consul,15.76,29.73,201.48,0.0,0,1135,290.9922,1.2787,783.0208,0.0575,A
77,hotel/frontend,9983.46,128.54,1119.14,0.0,0,1040493,254064.9058,100.3337,783.0208,25.4,A
77,hotel/geo,972.48,29.77,1119.06,0.0,0,2193,535.4811,9.7734,783.0208,2.59,A
77,hotel/jaeger,0.2,14.79,81.01,0.0,0,0,290.9922,1.2787,1.3592,0.0,A
77,hotel/memcached-profile,134.13,7.7,79.25,0.0,0,992,290.9922,1.348,783.0208,0.345,A
77,hotel/memcached-rate,107.75,7.57,79.25,0.0,0,964,290.9922,1.2787,783.0208,0.269,A
77,hotel/memcached-reserve,155.64,7.43,79.25,0.0,0,1000,290.9922,1.5642,783.0208,0.403,A
77,hotel/mongodb-geo,7.5,63.04,400.43,0.0,0,245,290.9922,1.2787,1.3592,0.0192,A
77,hotel/mongodb-profile,7.02,65.08,400.43,0.0,0,479,290.9922,1.2787,1.3592,0.0192,A
77,hotel/mongodb-rate,8.44,64.84,400.43,0.0977,14,77,290.9922,1.2787,1.3592,0.0192,A
77,hotel/mongodb-recommendation,8.3,63.0,400.43,0.0,0,279,290.9922,1.2787,1.3592,0.0384,A
77,hotel/mongodb-reservation,9.46,253.32,400.43,0.0156,8,746,290.9922,1.2787,1.3592,0.0192,A
77,hotel/mongodb-user,8.96,63.0,400.43,0.0,0,429,290.9922,1.2787,1.3592,0.0575,A
77,hotel/profile,3520.48,45.45,1119.06,0.0,0,50361,12297.0195,35.3808,783.0208,8.84,A
77,hotel/rate,1341.72,40.5,1119.14,0.0,0,2509,612.6412,13.4843,783.0208,3.41,A
77,hotel/recommendation,680.93,28.79,1119.06,0.0,0,1614,394.1024,6.8433,783.0208,1.98,A
77,hotel/reservation,3356.89,74.19,1119.06,0.0,0,154686,37770.8298,33.7367,783.0208,8.9,A
77,hotel/search,2534.88,35.12,1119.06,0.0,0,5718,1396.2065,25.4755,783.0208,5.77,A
77,hotel/user,48.97,20.54,1119.06,0.0,0,509,290.9922,1.2787,783.0208,0.134,A
77,sn1/compose-post-service,1399.97,84.19,251.42,0.0,0,5394,1317.0931,14.0697,783.0208,3.34,A
77,sn1/home-timeline-redis,293.48,2554.29,952.74,0.0,0,1144,290.9922,2.9495,783.0208,0.71,A
77,sn1/home-timeline-service,1657.94,110.08,251.42,0.0,0,3702,903.9448,16.6623,783.0208,4.14,A
77,sn1/jaeger,15.23,5491.02,75.0,0.0,0,469,290.9922,1.2787,783.0208,0.0767,A
77,sn1/media-frontend,0.0,2027.57,648.43,0.0,0,0,290.9922,1.2787,1.3592,0.0,A
77,sn1/media-memcached,0.16,4.63,75.33,0.0,0,0,290.9922,1.2787,1.3592,0.0,A
77,sn1/media-mongodb,8.15,74.02,704.02,0.0,0,284,290.9922,1.2787,1.3592,0.0192,A
77,sn1/media-service,76.49,4.84,251.42,0.0,0,678,290.9922,1.2787,783.0208,0.192,A
77,sn1/nginx-thrift,24432.65,43518.98,620.32,0.0,0,5760,1406.462,245.5481,783.0208,61.5,A
77,sn1/post-storage-memcached,1793.73,70.69,75.33,0.0,0,6017,1469.2156,18.027,783.0208,4.56,A
77,sn1/post-storage-mongodb,951.34,8187.86,4130.05,0.0,0,937,290.9922,9.561,783.0208,2.45,A
77,sn1/post-storage-service,7590.64,95.94,251.42,0.0,0,10392,2537.4918,76.2859,783.0208,19.1,A
77,sn1/social-graph-mongodb,9.8,727.79,757.02,0.0,0,356,290.9922,1.2787,1.3592,0.0384,A
77,sn1/social-graph-redis,2.74,20.04,103.57,0.0,0,598,290.9922,1.2787,1.3592,0.0,A
77,sn1/social-graph-service,0.05,31.3,251.42,0.0,0,0,290.9922,1.2787,1.3592,0.0,A
77,sn1/text-service,1466.9,81.78,251.42,0.0,0,5054,1234.0727,14.7423,783.0208,3.49,A
77,sn1/unique-id-service,76.82,4.71,251.42,0.0,0,803,290.9922,1.2787,783.0208,0.173,A
77,sn1/url-shorten-memcached,0.17,4.63,75.33,0.0,0,0,290.9922,1.2787,1.3592,0.0,A
77,sn1/url-shorten-mongodb,380.97,107.19,702.87,0.0703,4,1116,290.9922,3.8287,783.0208,0.729,A
77,sn1/url-shorten-service,1409.35,74.21,251.42,0.0,0,4686,1144.2154,14.164,783.0208,3.01,A
77,sn1/user-memcached,163.38,6.36,75.33,0.0,0,2032,496.1685,1.642,783.0208,0.403,A
77,sn1/user-mention-service,244.77,7.13,251.42,0.0,0,987,290.9922,2.4599,783.0208,0.633,A
77,sn1/user-mongodb,9.53,97.21,704.78,0.0,0,125,290.9922,1.2787,1.3592,0.0384,A
77,sn1/user-service,69.59,17.98,251.42,0.0,0,669,290.9922,1.2787,783.0208,0.192,A
77,sn1/user-timeline-mongodb,15.95,106.94,703.03,0.0,0,728,290.9922,1.2787,783.0208,0.0384,A
77,sn1/user-timeline-redis,156.6,95.5,136.86,0.0,0,841,290.9922,1.5738,783.0208,0.422,A
77,sn1/user-timeline-service,1545.08,518.95,251.42,0.0,0,4932,1204.2831,15.528,783.0208,3.85,A
78,hotel/consul,16.65,29.81,201.48,0.0,0,1192,290.9922,1.2787,751.0744,0.0551,A
78,hotel/frontend,9947.36,106.36,1119.14,0.0,0,838860,196023.1218,93.7667,751.0744,24.8,A
78,hotel/geo,1033.44,29.34,1119.06,0.0,0,2164,505.6792,9.7415,751.0744,2.74,A
78,hotel/jaeger,0.19,14.79,81.01,0.0,0,0,290.9922,1.2787,1.3592,0.0,A
78,hotel/memcached-profile,135.02,7.68,79.25,0.0,0,865,290.9922,1.2787,751.0744,0.344,A
78,hotel/memcached-rate,105.18,7.6,79.25,0.0,0,1043,290.9922,1.2787,751.0744,0.262,A
78,hotel/memcached-reserve,156.91,7.25,79.25,0.0,0,974,290.9922,1.4791,751.0744,0.413,A
78,hotel/mongodb-geo,8.94,63.04,400.43,0.0391,4,95,290.9922,1.2787,1.3592,0.0138,A
78,hotel/mongodb-profile,8.6,65.08,400.43,0.0469,4,64,290.9922,1.2787,1.3592,0.0275,A
78,hotel/mongodb-rate,8.06,64.84,400.43,0.0,0,110,290.9922,1.2787,1.3592,0.0138,A
78,hotel/mongodb-recommendation,8.32,63.0,400.43,0.0312,2,75,290.9922,1.2787,1.3592,0.0138,A
78,hotel/mongodb-reservation,10.63,253.32,400.43,0.082,24,86,290.9922,1.2787,751.0744,0.0275,A
78,hotel/mongodb-user,8.94,63.01,400.43,0.0312,2,107,290.9922,1.2787,1.3592,0.0275,A
78,hotel/profile,3568.63,50.71,1119.06,0.0,0,92672,21655.407,33.639,751.0744,9.11,A
78,hotel/rate,1264.87,39.17,1119.14,0.0,0,2900,677.6662,11.923,751.0744,3.01,A
78,hotel/recommendation,729.62,26.93,1119.06,0.0,0,1670,390.2422,6.8776,751.0744,1.83,A
78,hotel/reservation,3359.19,69.42,1119.06,0.0,0,218953,51164.4978,31.6647,751.0744,8.77,A
78,hotel/search,2563.46,41.12,1119.06,0.0,0,5953,1391.0851,24.1639,751.0744,6.65,A
78,hotel/user,48.36,20.69,1119.06,0.0,0,926,290.9922,1.2787,751.0744,0.11,A
78,sn1/compose-post-service,1381.85,86.52,251.42,0.0,0,5107,1193.3935,13.0257,751.0744,3.23,A
78,sn1/home-timeline-redis,297.38,2554.05,952.74,0.0,0,1086,290.9922,2.8032,751.0744,0.73,A
78,sn1/home-timeline-service,1638.42,111.58,251.42,0.0,0,3505,819.0414,15.4442,751.0744,4.03,A
78,sn1/jaeger,59.06,5491.02,75.0,0.0,0,539,290.9922,1.2787,751.0744,0.385,A
78,sn1/media-frontend,0.0,2027.57,648.43,0.0,0,0,290.9922,1.2787,1.3592,0.0,A
78,sn1/media-memcached,0.16,4.63,75.33,0.0,0,0,290.9922,1.2787,1.3592,0.0,A
78,sn1/media-mongodb,9.82,74.03,704.02,0.0195,2,135,290.9922,1.2787,1.3592,0.0275,A
78,sn1/media-service,76.08,4.8,251.42,0.0,0,724,290.9922,1.2787,751.0744,0.179,A
78,sn1/nginx-thrift,24197.84,43527.71,620.32,0.0,0,5248,1226.3421,228.0959,751.0744,60.1,A
78,sn1/post-storage-memcached,1789.94,70.7,75.33,0.0,0,5265,1230.3146,16.8725,751.0744,4.49,A
78,sn1/post-storage-mongodb,947.45,8187.7,4130.05,0.043,4,886,290.9922,8.9309,751.0744,2.4,A
78,sn1/post-storage-service,7561.91,92.88,251.42,0.0,0,9767,2282.333,71.2808,751.0744,18.8,A
78,sn1/social-graph-mongodb,9.74,727.79,757.02,0.0273,4,89,290.9922,1.2787,1.3592,0.0275,A
78,sn1/social-graph-redis,2.65,20.04,103.57,0.0,0,287,290.9922,1.2787,1.3592,0.0,A
78,sn1/social-graph-service,0.0,31.3,251.42,0.0,0,0,290.9922,1.2787,1.3592,0.0,A
78,sn1/text-service,1460.14,87.26,251.42,0.0,0,5753,1344.3495,13.7637,751.0744,3.39,A
78,sn1/unique-id-service,79.51,4.71,251.42,0.0,0,612,290.9922,1.2787,751.0744,0.193,A
78,sn1/url-shorten-memcached,0.14,4.63,75.33,0.0,0,0,290.9922,1.2787,1.3592,0.0,A
78,sn1/url-shorten-mongodb,341.87,108.11,702.87,0.0391,6,785,290.9922,3.2226,751.0744,0.743,A
78,sn1/url-shorten-service,1342.0,78.35,251.42,0.0,0,4143,968.1279,12.6501,751.0744,3.04,A
78,sn1/user-memcached,159.26,6.61,75.33,0.0,0,1655,386.7371,1.5012,751.0744,0.413,A
78,sn1/user-mention-service,243.86,6.91,251.42,0.0,0,1139,290.9922,2.2987,751.0744,0.606,A
78,sn1/user-mongodb,9.67,97.21,704.78,0.0195,2,115,290.9922,1.2787,1.3592,0.0275,A
78,sn1/user-service,69.7,17.98,251.42,0.0,0,839,290.9922,1.2787,751.0744,0.179,A
78,sn1/user-timeline-mongodb,16.54,106.95,703.03,0.0234,4,326,290.9922,1.2787,751.0744,0.0275,A
78,sn1/user-timeline-redis,154.59,95.5,136.86,0.0,0,742,290.9922,1.4572,751.0744,0.385,A
78,sn1/user-timeline-service,1533.59,521.51,251.42,0.0,0,4952,1157.1734,14.4561,751.0744,3.77,A
79,hotel/consul,15.71,29.81,201.48,0.0,0,1030,290.9922,1.2787,759.1834,0.0394,A
79,hotel/frontend,9738.44,117.25,1119.14,0.0,0,916877,203852.3759,101.8888,759.1834,24.4,A
79,hotel/geo,1030.96,29.96,1119.06,0.0,0,2496,554.9442,10.7865,759.1834,2.42,A
79,hotel/jaeger,0.15,14.79,81.01,0.0,0,0,290.9922,1.2787,1.3592,0.0,A
79,hotel/memcached-profile,136.97,7.71,79.25,0.0,0,1042,290.9922,1.4331,759.1834,0.315,A
79,hotel/memcached-rate,108.67,7.59,79.25,0.0,0,1195,290.9922,1.2787,759.1834,0.276,A
79,hotel/memcached-reserve,157.36,7.52,79.25,0.0,0,1108,290.9922,1.6464,759.1834,0.354,A
79,hotel/mongodb-geo,8.44,63.05,400.43,0.0508,12,1186,290.9922,1.2787,1.3592,0.0197,A
79,hotel/mongodb-profile,8.01,65.08,400.43,0.0469,10,126,290.9922,1.2787,1.3592,0.0394,A
79,hotel/mongodb-rate,8.51,64.84,400.43,0.0234,2,52,290.9922,1.2787,1.3592,0.0394,A
79,hotel/mongodb-recommendation,7.93,63.01,400.43,0.0508,12,166,290.9922,1.2787,1.3592,0.0394,A
79,hotel/mongodb-reservation,10.58,253.4,400.43,0.6094,94,328,290.9922,1.2787,759.1834,0.0197,A
79,hotel/mongodb-user,8.05,63.01,400.43,0.0781,14,128,290.9922,1.2787,1.3592,0.0197,A
79,hotel/profile,3514.17,53.46,1119.06,0.0,0,97629,21706.187,36.7672,759.1834,7.32,A
79,hotel/rate,1256.28,39.25,1119.14,0.0,0,2983,663.2205,13.1439,759.1834,2.87,A
79,hotel/recommendation,674.9,26.38,1119.06,0.0,0,1743,387.5271,7.0612,759.1834,1.69,A
79,hotel/reservation,3428.71,74.3,1119.06,0.0,0,163398,36328.832,35.873,759.1834,9.23,A
79,hotel/search,2466.98,32.28,1119.06,0.0,0,8635,1919.8489,25.8109,759.1834,6.18,A
79,hotel/user,43.22,20.92,1119.06,0.0,0,635,290.9922,1.2787,759.1834,0.118,A
79,sn1/compose-post-service,1380.65,85.27,251.42,0.0,0,5322,1183.2583,14.4451,759.1834,3.29,A
79,sn1/home-timeline-redis,302.83,2553.31,952.74,0.0,0,1185,290.9922,3.1684,759.1834,0.748,A
79,sn1/home-timeline-service,1664.49,110.46,251.42,0.0,0,3383,752.1539,17.4148,759.1834,4.17,A
79,sn1/jaeger,14.24,5491.02,75.0,0.0,0,381,290.9922,1.2787,759.1834,0.059,A
79,sn1/media-frontend,0.0,2027.57,648.43,0.0,0,0,290.9922,1.2787,1.3592,0.0,A
79,sn1/media-memcached,0.13,4.63,75.33,0.0,0,0,290.9922,1.2787,1.3592,0.0,A
79,sn1/media-mongodb,8.9,74.03,704.02,0.0,0,92,290.9922,1.2787,1.3592,0.0394,A
79,sn1/media-service,76.3,4.8,251.42,0.0,0,758,290.9922,1.2787,759.1834,0.177,A
79,sn1/nginx-thrift,24438.16,43536.32,620.32,53.1953,466,5392,1198.8217,255.6853,759.1834,62.1,A
79,sn1/post-storage-memcached,1802.67,70.86,75.33,0.0,0,5612,1247.735,18.8605,759.1834,4.57,A
79,sn1/post-storage-mongodb,959.7,8188.13,4130.05,0.0039,2,955,290.9922,10.0409,759.1834,2.48,A
79,sn1/post-storage-service,7582.91,94.74,251.42,0.0,0,10002,2223.7786,79.3365,759.1834,19.1,A
79,sn1/social-graph-mongodb,8.81,727.79,757.02,0.0,0,148,290.9922,1.2787,1.3592,0.0197,A
79,sn1/social-graph-redis,2.48,20.04,103.57,0.0,0,382,290.9922,1.2787,1.3592,0.0,A
79,sn1/social-graph-service,0.05,31.3,251.42,0.0,0,0,290.9922,1.2787,1.3592,0.0,A
79,sn1/text-service,1455.02,81.78,251.42,0.0,0,4826,1072.981,15.2232,759.1834,3.37,A
79,sn1/unique-id-service,78.7,4.71,251.42,0.0,0,842,290.9922,1.2787,759.1834,0.177,A
79,sn1/url-shorten-memcached,0.18,4.63,75.33,0.0,0,0,290.9922,1.2787,1.3592,0.0,A
79,sn1/url-shorten-mongodb,325.49,108.19,702.87,0.0508,2,868,290.9922,3.4055,759.1834,0.649,A
79,sn1/url-shorten-service,1303.31,75.29,251.42,0.0,0,4222,938.6916,13.6359,759.1834,2.74,A
79,sn1/user-memcached,161.32,6.6,75.33,0.0,0,1893,420.8771,1.6878,759.1834,0.413,A
79,sn1/user-mention-service,243.8,6.91,251.42,0.0,0,928,290.9922,2.5508,759.1834,0.61,A
79,sn1/user-mongodb,8.78,97.21,704.78,0.0,0,82,290.9922,1.2787,1.3592,0.0197,A
79,sn1/user-service,71.14,18.02,251.42,0.0,0,605,290.9922,1.2787,759.1834,0.197,A
79,sn1/user-timeline-mongodb,15.66,106.95,703.03,0.0,0,481,290.9922,1.2787,759.1834,0.0394,A
79,sn1/user-timeline-redis,158.62,95.5,136.86,0.0,0,1103,290.9922,1.6596,759.1834,0.413,A
79,sn1/user-timeline-service,1560.81,520.71,251.42,0.0,0,4825,1072.7586,16.33,759.1834,3.78,A
80,hotel/consul,14.92,29.82,201.48,0.0,0,671,290.9922,1.2787,717.3091,0.0355,A
80,hotel/frontend,9997.96,118.82,1119.14,0.0,0,1005505,239356.0127,103.1456,717.3091,23.0,A
80,hotel/geo,1017.98,32.39,1119.06,0.0,0,2250,535.6025,10.5022,717.3091,2.63,A
80,hotel/jaeger,0.16,14.79,81.01,0.0,0,0,290.9922,1.2787,1.3592,0.0,A
80,hotel/memcached-profile,137.86,7.72,79.25,0.0,0,1205,290.9922,1.4223,717.3091,0.337,A
80,hotel/memcached-rate,104.57,7.57,79.25,0.0,0,1628,387.5382,1.2787,717.3091,0.266,A
80,hotel/memcached-reserve,161.14,7.15,79.25,0.0,0,1049,290.9922,1.6624,717.3091,0.408,A
80,hotel/mongodb-geo,9.15,63.05,400.43,0.0312,2,280,290.9922,1.2787,1.3592,0.0355,A
80,hotel/mongodb-profile,8.44,65.08,400.43,0.0391,4,104,290.9922,1.2787,1.3592,0.0178,A
80,hotel/mongodb-rate,8.34,64.84,400.43,0.0,0,77,290.9922,1.2787,1.3592,0.0178,A
80,hotel/mongodb-recommendation,8.68,63.01,400.43,0.0312,2,76,290.9922,1.2787,1.3592,0.0178,A
80,hotel/mongodb-reservation,11.0,253.41,400.43,0.0898,28,168,290.9922,1.2787,717.3091,0.0355,A
80,hotel/mongodb-user,9.02,63.01,400.43,0.0312,2,58,290.9922,1.2787,1.3592,0.0178,A
80,hotel/profile,3604.29,51.34,1119.06,0.0,0,83394,19851.5724,37.1843,717.3091,8.17,A
80,hotel/rate,1263.32,38.15,1119.14,0.0,0,2628,625.5838,13.0333,717.3091,3.05,A
80,hotel/recommendation,666.62,29.28,1119.06,0.0,0,1868,444.6691,6.8773,717.3091,1.56,A
80,hotel/reservation,3403.13,66.81,1119.06,0.0,0,123482,29394.3433,35.109,717.3091,8.43,A
80,hotel/search,2550.95,39.44,1119.06,0.0,0,6817,1622.7567,26.3173,717.3091,6.53,A
80,hotel/user,51.99,20.96,1119.06,0.0,0,860,290.9922,1.2787,717.3091,0.142,A
80,sn1/compose-post-service,1396.42,85.29,251.42,0.0,0,5042,1200.2258,14.4064,717.3091,3.14,A
80,sn1/home-timeline-redis,290.87,2553.3,952.74,0.0,0,1275,303.5081,3.0008,717.3091,0.692,A
80,sn1/home-timeline-service,1653.92,112.42,251.42,0.0,0,3682,876.4838,17.0629,717.3091,3.91,A
80,sn1/jaeger,63.45,5491.03,75.0,0.0,0,565,290.9922,1.2787,717.3091,0.231,A
80,sn1/media-frontend,0.0,2027.57,648.43,0.0,0,0,290.9922,1.2787,1.3592,0.0,A
80,sn1/media-memcached,0.15,4.63,75.33,0.0,0,0,290.9922,1.2787,1.3592,0.0,A
80,sn1/media-mongodb,9.84,74.03,704.02,0.0195,2,365,290.9922,1.2787,1.3592,0.0355,A
80,sn1/media-service,76.69,4.8,251.42,0.0,0,541,290.9922,1.2787,717.3091,0.195,A
80,sn1/nginx-thrift,24346.4,43546.71,620.32,0.0,0,5623,1338.5303,251.1737,717.3091,56.4,A
80,sn1/post-storage-memcached,1783.57,71.04,75.33,0.0,0,5532,1316.8681,18.4005,717.3091,4.19,A
80,sn1/post-storage-mongodb,957.1,8187.75,4130.05,0.0234,2,834,290.9922,9.8741,717.3091,2.25,A
80,sn1/post-storage-service,7503.63,98.07,251.42,0.0,0,9841,2342.6065,77.4125,717.3091,17.5,A
80,sn1/social-graph-mongodb,10.28,727.79,757.02,0.0195,2,93,290.9922,1.2787,717.3091,0.0178,A
80,sn1/social-graph-redis,2.41,20.04,103.57,0.0,0,366,290.9922,1.2787,1.3592,0.0,A
80,sn1/social-graph-service,0.0,31.3,251.42,0.0,0,0,290.9922,1.2787,1.3592,0.0,A
80,sn1/text-service,1453.55,81.47,251.42,0.0,0,4769,1135.2393,14.9958,717.3091,3.3,A
80,sn1/unique-id-service,78.65,4.71,251.42,0.0,0,576,290.9922,1.2787,717.3091,0.178,A
80,sn1/url-shorten-memcached,0.15,4.63,75.33,0.0,0,0,290.9922,1.2787,1.3592,0.0,A
80,sn1/url-shorten-mongodb,333.51,109.17,702.87,0.0,0,853,290.9922,3.4407,717.3091,0.657,A
80,sn1/url-shorten-service,1295.56,76.52,251.42,0.0,0,4055,965.2748,13.3659,717.3091,2.66,A
80,sn1/user-memcached,163.84,6.84,75.33,0.0,0,1727,411.1047,1.6903,717.3091,0.426,A
80,sn1/user-mention-service,245.66,6.89,251.42,0.0,0,1151,290.9922,2.5344,717.3091,0.621,A
80,sn1/user-mongodb,10.11,97.21,704.78,0.0195,2,125,290.9922,1.2787,717.3091,0.0355,A
80,sn1/user-service,71.09,18.02,251.42,0.0,0,869,290.9922,1.2787,717.3091,0.178,A
80,sn1/user-timeline-mongodb,16.76,106.95,703.03,0.0273,4,333,290.9922,1.2787,717.3091,0.0178,A
80,sn1/user-timeline-redis,157.42,95.5,136.86,0.0,0,769,290.9922,1.6241,717.3091,0.355,A
80,sn1/user-timeline-service,1527.4,521.59,251.42,0.0,0,4885,1162.8526,15.7577,717.3091,3.43,A
81,hotel/consul,17.25,29.82,201.48,0.0,0,872,290.9922,1.2787,793.393,0.019,A
81,hotel/frontend,9925.56,122.23,1119.14,0.0,0,854605,198795.7214,97.9966,793.393,24.9,A
81,hotel/geo,1060.35,29.07,1119.06,0.0,0,2369,551.0699,10.469,793.393,2.41,A
81,hotel/jaeger,0.17,14.79,81.01,0.0,0,0,290.9922,1.2787,1.3592,0.0,A
81,hotel/memcached-profile,145.48,7.72,79.25,0.0,0,1156,290.9922,1.4363,793.393,0.342,A
81,hotel/memcached-rate,114.83,8.09,79.25,0.0,0,944,290.9922,1.2787,793.393,0.266,A
81,hotel/memcached-reserve,165.2,7.2,79.25,0.0,0,1694,394.0533,1.631,793.393,0.361,A
81,hotel/mongodb-geo,7.68,63.05,400.43,0.0,0,47,290.9922,1.2787,1.3592,0.038,A
81,hotel/mongodb-profile,7.41,65.08,400.43,0.0,0,47,290.9922,1.2787,1.3592,0.019,A
81,hotel/mongodb-rate,8.39,64.84,400.43,0.0234,2,68,290.9922,1.2787,1.3592,0.038,A
81,hotel/mongodb-recommendation,7.83,63.01,400.43,0.0,0,65,290.9922,1.2787,1.3592,0.038,A
81,hotel/mongodb-reservation,8.91,253.41,400.43,0.0352,18,238,290.9922,1.2787,1.3592,0.038,A
81,hotel/mongodb-user,7.5,63.01,400.43,0.0,0,94,290.9922,1.2787,1.3592,0.019,A
81,hotel/profile,3458.74,49.15,1119.06,0.0,0,44889,10441.9482,34.1487,793.393,8.07,A
81,hotel/rate,1369.28,41.46,1119.14,0.0,0,3122,726.2305,13.5191,793.393,3.34,A
81,hotel/recommendation,694.09,30.06,1119.06,0.0,0,1906,443.3682,6.8529,793.393,1.73,A
81,hotel/reservation,3813.21,79.45,1119.06,0.0,0,324456,75474.008,37.6484,793.393,10.5,A
81,hotel/search,2713.16,33.4,1119.06,0.0,0,5548,1290.5596,26.7875,793.393,6.04,A
81,hotel/user,44.97,20.96,1119.06,0.0,0,453,290.9922,1.2787,793.393,0.0949,A
81,sn1/compose-post-service,1416.29,85.61,251.42,0.0,0,5313,1235.8946,13.9833,793.393,3.26,A
81,sn1/home-timeline-redis,298.76,2554.04,952.74,0.0,0,1225,290.9922,2.9497,793.393,0.721,A
81,sn1/home-timeline-service,1671.06,108.74,251.42,0.0,0,3487,811.1358,16.4986,793.393,4.1,A
81,sn1/jaeger,15.0,5491.03,75.0,0.0,0,577,290.9922,1.2787,793.393,0.0759,A
81,sn1/media-frontend,0.0,2027.57,648.43,0.0,0,0,290.9922,1.2787,1.3592,0.0,A
81,sn1/media-memcached,0.16,4.63,75.33,0.0,0,0,290.9922,1.2787,1.3592,0.0,A
81,sn1/media-mongodb,8.24,74.03,704.02,0.2305,36,99,290.9922,1.2787,1.3592,0.019,A
81,sn1/media-service,78.75,4.8,251.42,0.0,0,702,290.9922,1.2787,793.393,0.19,A
81,sn1/nginx-thrift,24570.34,43555.57,620.32,34.9805,306,5433,1263.8086,242.5868,793.393,60.1,A
81,sn1/post-storage-memcached,1822.98,70.57,75.33,0.0,0,5581,1298.2359,17.9986,793.393,4.44,A
81,sn1/post-storage-mongodb,971.34,8187.8,4130.05,0.0703,6,848,290.9922,9.5902,793.393,2.35,A
81,sn1/post-storage-service,7623.7,98.07,251.42,0.0,0,10122,2354.5501,75.27,793.393,18.4,A
81,sn1/social-graph-mongodb,8.67,727.79,757.02,0.0508,8,142,290.9922,1.2787,1.3592,0.038,A
81,sn1/social-graph-redis,2.59,20.04,103.57,0.0,0,284,290.9922,1.2787,1.3592,0.0,A
81,sn1/social-graph-service,0.06,31.3,251.42,0.0,0,0,290.9922,1.2787,1.3592,0.0,A
81,sn1/text-service,1491.85,82.54,251.42,0.0,0,4798,1116.0968,14.7293,793.393,3.38,A
81,sn1/unique-id-service,80.79,4.71,251.42,0.0,0,642,290.9922,1.2787,793.393,0.19,A
81,sn1/url-shorten-memcached,0.17,4.63,75.33,0.0,0,0,290.9922,1.2787,1.3592,0.0,A
81,sn1/url-shorten-mongodb,349.09,108.67,702.87,0.0508,2,952,290.9922,3.4466,793.393,0.683,A
81,sn1/url-shorten-service,1362.32,75.67,251.42,0.0,0,3858,897.4367,13.4504,793.393,2.83,A
81,sn1/user-memcached,166.18,6.62,75.33,0.0,0,1705,396.6121,1.6407,793.393,0.418,A
81,sn1/user-mention-service,246.75,6.81,251.42,0.0,0,925,290.9922,2.4362,793.393,0.588,A
81,sn1/user-mongodb,8.69,97.21,704.78,0.3789,38,81,290.9922,1.2787,1.3592,0.0569,A
81,sn1/user-service,72.65,18.02,251.42,0.0,0,667,290.9922,1.2787,793.393,0.171,A
81,sn1/user-timeline-mongodb,15.85,106.95,703.03,0.0,0,424,290.9922,1.2787,793.393,0.0569,A
81,sn1/user-timeline-redis,161.03,95.74,136.86,0.0,0,903,290.9922,1.5899,793.393,0.399,A
81,sn1/user-timeline-service,1579.95,519.39,251.42,0.0,0,5083,1182.3926,15.5991,793.393,3.68,A
82,hotel/consul,14.96,29.82,201.48,0.0,0,1349,309.7924,1.2787,703.7704,0.0402,A
82,hotel/frontend,9919.43,112.85,1119.14,0.0,0,707956,162579.2321,142.8498,703.7704,26.2,A
82,hotel/geo,1118.16,30.77,1119.06,0.0,0,2489,571.5888,16.1026,703.7704,2.85,A
82,hotel/jaeger,0.18,14.79,81.01,0.0,0,0,290.9922,1.2787,1.3592,0.0,A
82,hotel/memcached-profile,151.26,7.96,79.25,0.0,0,958,290.9922,2.1783,703.7704,0.382,A
82,hotel/memcached-rate,126.17,7.59,79.25,0.0,0,836,290.9922,1.817,703.7704,0.301,A
82,hotel/memcached-reserve,171.65,7.31,79.25,0.0,0,973,290.9922,2.4719,703.7704,0.462,A
82,hotel/mongodb-geo,8.59,63.05,400.43,0.0312,2,111,290.9922,1.2787,1.3592,0.0402,A
82,hotel/mongodb-profile,8.73,65.08,400.43,0.0312,2,115,290.9922,1.2787,1.3592,0.0402,A
82,hotel/mongodb-rate,8.02,64.84,400.43,0.0,0,52,290.9922,1.2787,1.3592,0.0201,A
82,hotel/mongodb-recommendation,8.88,63.01,400.43,0.0312,2,58,290.9922,1.2787,1.3592,0.0402,A
82,hotel/mongodb-reservation,10.49,253.42,400.43,0.0898,28,150,290.9922,1.2787,703.7704,0.0201,A
82,hotel/mongodb-user,9.0,63.01,400.43,0.0312,2,72,290.9922,1.2787,1.3592,0.0402,A
82,hotel/profile,3712.28,49.93,1119.06,0.0,0,109328,25106.733,53.4606,703.7704,9.53,A
82,hotel/rate,1517.61,39.36,1119.14,0.0,0,5930,1361.8005,21.8551,703.7704,3.98,A
82,hotel/recommendation,781.26,27.66,1119.06,0.0,0,1833,420.941,11.2509,703.7704,1.89,A
82,hotel/reservation,4027.87,66.37,1119.06,0.0,0,254243,58385.8767,58.0054,703.7704,10.8,A
82,hotel/search,2767.61,40.18,1119.06,0.0,0,9020,2071.4065,39.8564,703.7704,7.15,A
82,hotel/user,53.18,21.0,1119.06,0.0,0,612,290.9922,1.2787,703.7704,0.181,A
82,sn1/compose-post-service,1415.59,84.48,251.42,0.0,0,5373,1233.8877,20.3859,703.7704,3.32,A
82,sn1/home-timeline-redis,304.92,2553.8,952.74,0.0,0,1292,296.7026,4.3912,703.7704,0.804,A
82,sn1/home-timeline-service,1682.36,109.07,251.42,0.0,0,3468,796.4122,24.2277,703.7704,4.38,A
82,sn1/jaeger,62.06,5491.03,75.0,0.0,0,679,290.9922,1.2787,703.7704,0.261,A
82,sn1/media-frontend,0.0,2027.57,648.43,0.0,0,0,290.9922,1.2787,1.3592,0.0,A
82,sn1/media-memcached,0.18,4.63,75.33,0.0,0,0,290.9922,1.2787,1.3592,0.0,A
82,sn1/media-mongodb,9.98,74.03,704.02,0.0195,2,234,290.9922,1.2787,1.3592,0.0603,A
82,sn1/media-service,77.9,4.83,251.42,0.0,0,787,290.9922,1.2787,703.7704,0.201,A
82,sn1/nginx-thrift,24417.91,43568.26,620.32,17.3828,154,5223,1199.4408,351.6425,703.7704,63.0,A
82,sn1/post-storage-memcached,1834.46,70.32,75.33,0.0,0,5361,1231.132,26.4181,703.7704,4.74,A
82,sn1/post-storage-mongodb,972.02,8188.18,4130.05,0.0391,4,953,290.9922,13.9981,703.7704,2.51,A
82,sn1/post-storage-service,7629.13,93.36,251.42,0.0,0,10273,2359.1529,109.8672,703.7704,19.6,A
82,sn1/social-graph-mongodb,10.35,727.93,757.02,1.5547,56,129,290.9922,1.2787,703.7704,0.0402,A
82,sn1/social-graph-redis,2.85,20.04,103.57,0.0,0,160,290.9922,1.2787,1.3592,0.0,A
82,sn1/social-graph-service,0.0,31.3,251.42,0.0,0,0,290.9922,1.2787,1.3592,0.0,A
82,sn1/text-service,1486.87,80.67,251.42,0.0,0,4851,1114.0125,21.4124,703.7704,3.4,A
82,sn1/unique-id-service,80.56,4.71,251.42,0.0,0,733,290.9922,1.2787,703.7704,0.201,A
82,sn1/url-shorten-memcached,0.15,4.63,75.33,0.0,0,0,290.9922,1.2787,1.3592,0.0,A
82,sn1/url-shorten-mongodb,352.61,107.98,702.87,0.0,0,950,290.9922,5.0779,703.7704,0.703,A
82,sn1/url-shorten-service,1363.87,74.62,251.42,0.0,0,4462,1024.6803,19.6411,703.7704,3.01,A
82,sn1/user-memcached,162.43,6.59,75.33,0.0,0,1854,425.7636,2.3392,703.7704,0.422,A
82,sn1/user-mention-service,245.33,6.81,251.42,0.0,0,1087,290.9922,3.533,703.7704,0.603,A
82,sn1/user-mongodb,10.27,97.21,704.78,0.0195,2,60,290.9922,1.2787,703.7704,0.0402,A
82,sn1/user-service,72.14,18.02,251.42,0.0,0,968,290.9922,1.2787,703.7704,0.181,A
82,sn1/user-timeline-mongodb,16.63,106.95,703.03,0.0195,2,279,290.9922,1.2787,703.7704,0.0402,A
82,sn1/user-timeline-redis,158.67,95.99,136.86,0.0,0,732,290.9922,2.285,703.7704,0.402,A
82,sn1/user-timeline-service,1580.02,520.61,251.42,0.0,0,5046,1158.7935,22.7539,703.7704,3.94,A
83,hotel/consul,15.22,29.82,201.48,0.0,0,907,290.9922,1.2787,755.9747,0.0393,A
83,hotel/frontend,9958.99,119.27,1119.14,0.0,0,964563,220357.1319,174.6841,755.9747,25.5,A
83,hotel/geo,1051.23,27.33,1119.06,0.0,0,2063,471.2982,18.4389,755.9747,2.91,A
83,hotel/jaeger,0.2,14.79,81.01,0.0,0,2318,529.5536,1.2787,1.3592,0.0,A
83,hotel/memcached-profile,130.96,7.73,79.25,0.0,0,1239,290.9922,2.2971,755.9747,0.393,A
83,hotel/memcached-rate,107.29,7.6,79.25,0.0,0,1272,290.9922,1.8819,755.9747,0.315,A
83,hotel/memcached-reserve,150.1,7.2,79.25,0.0,0,915,290.9922,2.6328,755.9747,0.433,A
83,hotel/mongodb-geo,7.24,63.05,400.43,0.0,0,57,290.9922,1.2787,1.3592,0.0197,A
83,hotel/mongodb-profile,7.41,65.08,400.43,0.0,0,91,290.9922,1.2787,1.3592,0.0197,A
83,hotel/mongodb-rate,7.89,64.84,400.43,0.0234,2,86,290.9922,1.2787,1.3592,0.0197,A
83,hotel/mongodb-recommendation,7.35,63.01,400.43,0.0,0,92,290.9922,1.2787,1.3592,0.0197,A
83,hotel/mongodb-reservation,10.31,253.42,400.43,0.0625,32,186,290.9922,1.2787,755.9747,0.0393,A
83,hotel/mongodb-user,7.35,63.01,400.43,0.0,0,86,290.9922,1.2787,1.3592,0.0197,A
83,hotel/profile,3399.97,46.12,1119.06,0.0,0,66666,15230.0353,59.6366,755.9747,9.05,A
83,hotel/rate,1435.42,39.29,1119.14,0.0,0,2656,606.7707,25.1778,755.9747,3.93,A
83,hotel/recommendation,669.71,29.84,1119.06,0.0,0,1572,359.1278,11.7469,755.9747,2.03,A
83,hotel/reservation,3633.81,71.75,1119.06,0.0,0,185144,42296.6679,63.7383,755.9747,10.6,A
83,hotel/search,2672.05,35.15,1119.06,0.0,0,8946,2043.7389,46.8687,755.9747,7.02,A
83,hotel/user,42.14,21.04,1119.06,0.0,0,512,290.9922,1.2787,755.9747,0.118,A
83,sn1/compose-post-service,1430.66,85.54,251.42,0.0,0,5253,1200.0626,25.0943,755.9747,3.44,A
83,sn1/home-timeline-redis,304.87,2553.56,952.74,0.0,0,1226,290.9922,5.3475,755.9747,0.807,A
83,sn1/home-timeline-service,1675.76,109.38,251.42,0.0,0,3306,755.265,29.3934,755.9747,4.31,A
83,sn1/jaeger,13.87,5491.03,75.0,0.0,0,578,290.9922,1.2787,755.9747,0.0787,A
83,sn1/media-frontend,0.0,2027.57,648.43,0.0,0,0,290.9922,1.2787,1.3592,0.0,A
83,sn1/media-memcached,0.15,4.63,75.33,0.0,0,0,290.9922,1.2787,1.3592,0.0,A
83,sn1/media-mongodb,8.2,74.03,704.02,0.0,0,92,290.9922,1.2787,1.3592,0.0393,A
83,sn1/media-service,78.11,4.83,251.42,0.0,0,659,290.9922,1.3701,755.9747,0.197,A
83,sn1/nginx-thrift,24371.59,43569.52,620.32,0.0,0,4938,1128.1,427.4861,755.9747,62.0,A
83,sn1/post-storage-memcached,1810.53,70.61,75.33,0.0,0,5067,1157.5704,31.7573,755.9747,4.66,A
83,sn1/post-storage-mongodb,954.18,8187.73,4130.05,0.0078,4,895,290.9922,16.7366,755.9747,2.48,A
83,sn1/post-storage-service,7597.45,94.64,251.42,0.0,0,9373,2141.2882,133.2619,755.9747,19.4,A
83,sn1/social-graph-mongodb,8.43,727.93,757.02,0.0,0,94,290.9922,1.2787,1.3592,0.0197,A
83,sn1/social-graph-redis,2.8,20.04,103.57,0.0,0,376,290.9922,1.2787,1.3592,0.0197,A
83,sn1/social-graph-service,0.04,31.3,251.42,0.0,0,0,290.9922,1.2787,1.3592,0.0,A
83,sn1/text-service,1490.37,85.97,251.42,0.0,0,4649,1062.0771,26.1416,755.9747,3.52,A
83,sn1/unique-id-service,81.52,4.71,251.42,0.0,0,689,290.9922,1.4299,755.9747,0.197,A
83,sn1/url-shorten-memcached,0.12,4.63,75.33,0.0,0,0,290.9922,1.2787,1.3592,0.0,A
83,sn1/url-shorten-mongodb,348.58,109.21,702.87,0.0039,2,805,290.9922,6.1142,755.9747,0.767,A
83,sn1/url-shorten-service,1349.83,77.45,251.42,0.0,0,3618,826.5423,23.6765,755.9747,3.15,A
83,sn1/user-memcached,160.26,6.86,75.33,0.0,0,2128,486.1476,2.811,755.9747,0.413,A
83,sn1/user-mention-service,241.33,6.82,251.42,0.0,0,913,290.9922,4.233,755.9747,0.63,A
83,sn1/user-mongodb,8.47,97.21,704.78,0.0,0,78,290.9922,1.2787,1.3592,0.0197,A
83,sn1/user-service,72.53,18.02,251.42,0.0,0,817,290.9922,1.2787,755.9747,0.177,A
83,sn1/user-timeline-mongodb,14.97,106.95,703.03,0.0,0,414,290.9922,1.2787,755.9747,0.0393,A
83,sn1/user-timeline-redis,156.9,95.75,136.86,0.0,0,1042,290.9922,2.7521,755.9747,0.393,A
83,sn1/user-timeline-service,1565.46,518.32,251.42,0.0,0,4773,1090.4053,27.4587,755.9747,3.97,A
84,hotel/consul,13.75,29.82,201.48,0.0,0,1649,398.214,1.2787,760.0848,0.0401,A
84,hotel/frontend,9829.0,122.02,1119.14,0.0,0,1011411,244243.7703,91.3552,760.0848,24.5,A
84,hotel/geo,1043.55,27.91,1119.06,0.0,0,2109,509.2985,9.6992,760.0848,2.58,A
84,hotel/jaeger,0.15,14.79,81.01,0.0,0,0,290.9922,1.2787,1.3592,0.0,A
84,hotel/memcached-profile,131.43,7.76,79.25,0.0,0,956,290.9922,1.2787,760.0848,0.32,A
84,hotel/memcached-rate,107.42,7.61,79.25,0.0,0,843,290.9922,1.2787,760.0848,0.24,A
84,hotel/memcached-reserve,155.2,7.19,79.25,0.0,0,870,290.9922,1.4425,760.0848,0.401,A
84,hotel/mongodb-geo,8.8,63.05,400.43,0.0469,4,61,290.9922,1.2787,1.3592,0.02,A
84,hotel/mongodb-profile,8.7,65.08,400.43,0.0312,2,83,290.9922,1.2787,1.3592,0.02,A
84,hotel/mongodb-rate,7.98,64.84,400.43,0.0,0,72,290.9922,1.2787,1.3592,0.02,A
84,hotel/mongodb-recommendation,8.83,63.02,400.43,0.0312,2,122,290.9922,1.2787,1.3592,0.02,A
84,hotel/mongodb-reservation,9.92,253.43,400.43,0.0742,18,130,290.9922,1.2787,1.3592,0.02,A
84,hotel/mongodb-user,8.78,63.01,400.43,0.0312,2,83,290.9922,1.2787,1.3592,0.02,A
84,hotel/profile,3393.96,50.42,1119.06,0.0,0,66676,16101.4638,31.545,760.0848,9.81,A
84,hotel/rate,1354.29,40.53,1119.14,0.0,0,2818,680.5136,12.5874,760.0848,3.0,A
84,hotel/recommendation,712.18,26.51,1119.06,0.0,0,1585,382.7587,6.6193,760.0848,1.78,A
84,hotel/reservation,3673.47,66.19,1119.06,0.0,0,155867,37640.0333,34.1429,760.0848,8.71,A
84,hotel/search,2703.51,41.34,1119.06,0.0,0,10011,2417.5379,25.1277,760.0848,6.15,A
84,hotel/user,43.93,20.68,1119.06,0.0,0,560,290.9922,1.2787,760.0848,0.0601,A
84,sn1/compose-post-service,1404.93,88.62,251.42,0.0,0,5019,1212.029,13.0581,760.0848,3.1,A
84,sn1/home-timeline-redis,290.99,2554.0,952.74,0.0,0,937,290.9922,2.7046,760.0848,0.741,A
84,sn1/home-timeline-service,1658.19,108.71,251.42,0.0,0,3411,823.7161,15.412,760.0848,4.27,A
84,sn1/jaeger,64.14,5491.06,75.0,0.0,0,469,290.9922,1.2787,760.0848,0.26,A
84,sn1/media-frontend,0.0,2027.57,648.43,0.0,0,0,290.9922,1.2787,1.3592,0.0,A
84,sn1/media-memcached,0.15,4.63,75.33,0.0,0,0,290.9922,1.2787,1.3592,0.0,A
84,sn1/media-mongodb,9.81,74.04,704.02,0.0234,2,83,290.9922,1.2787,1.3592,0.0401,A
84,sn1/media-service,77.13,4.83,251.42,0.0,0,661,290.9922,1.2787,760.0848,0.18,A
84,sn1/nginx-thrift,24393.23,43582.95,620.32,35.2617,320,4856,1172.6665,226.7218,760.0848,63.4,A
84,sn1/post-storage-memcached,1830.41,71.59,75.33,0.0,0,5250,1267.8128,17.0127,760.0848,4.75,A
84,sn1/post-storage-mongodb,957.31,8187.71,4130.05,0.043,4,795,290.9922,8.8977,760.0848,2.56,A
84,sn1/post-storage-service,7610.13,94.36,251.42,0.0,0,9697,2341.7106,70.732,760.0848,19.7,A
84,sn1/social-graph-mongodb,9.91,727.93,757.02,0.0234,2,74,290.9922,1.2787,1.3592,0.0401,A
84,sn1/social-graph-redis,2.47,20.04,103.57,0.0,0,446,290.9922,1.2787,1.3592,0.02,A
84,sn1/social-graph-service,0.0,31.3,251.42,0.0,0,0,290.9922,1.2787,1.3592,0.0,A
84,sn1/text-service,1472.91,84.6,251.42,0.0,0,4350,1050.4734,13.6899,760.0848,3.3,A
84,sn1/unique-id-service,80.66,4.71,251.42,0.0,0,627,290.9922,1.2787,760.0848,0.2,A
84,sn1/url-shorten-memcached,0.16,4.63,75.33,0.0,0,0,290.9922,1.2787,1.3592,0.0,A
84,sn1/url-shorten-mongodb,325.52,108.05,702.87,0.0,0,819,290.9922,3.0255,760.0848,0.581,A
84,sn1/url-shorten-service,1278.62,78.71,251.42,0.0,0,3716,897.37,11.8841,760.0848,2.5,A
84,sn1/user-memcached,160.29,6.36,75.33,0.0,0,1784,430.8149,1.4898,760.0848,0.421,A
84,sn1/user-mention-service,239.91,6.87,251.42,0.0,0,1191,290.9922,2.2298,760.0848,0.621,A
84,sn1/user-mongodb,10.28,97.22,704.78,0.0273,4,86,290.9922,1.2787,760.0848,0.0401,A
84,sn1/user-service,72.38,18.02,251.42,0.0,0,767,290.9922,1.2787,760.0848,0.18,A
84,sn1/user-timeline-mongodb,15.62,106.95,703.03,0.0195,2,599,290.9922,1.2787,760.0848,0.02,A
84,sn1/user-timeline-redis,157.57,95.74,136.86,0.0,0,755,290.9922,1.4645,760.0848,0.441,A
84,sn1/user-timeline-service,1556.94,518.39,251.42,0.0,0,4680,1130.1645,14.4709,760.0848,4.01,A
85,hotel/consul,15.36,29.82,201.48,0.0,0,1195,290.9922,2.608,784.9759,0.0365,A
85,hotel/frontend,9980.26,118.5,1119.14,0.0,0,843560,189445.2647,1694.5439,784.9759,23.9,A
85,hotel/geo,1028.15,29.46,1119.06,0.0,0,2901,651.5016,174.5691,784.9759,2.89,A
85,hotel/jaeger,0.16,14.79,81.01,0.0,0,0,290.9922,1.2787,1.3592,0.0,A
85,hotel/memcached-profile,147.34,7.72,79.25,0.0,0,1391,312.3884,25.0168,784.9759,0.402,A
85,hotel/memcached-rate,116.79,7.59,79.25,0.0,0,1182,290.9922,19.8297,784.9759,0.292,A
85,hotel/memcached-reserve,159.96,8.0,79.25,0.0,0,1638,367.8592,27.1595,784.9759,0.42,A
85,hotel/mongodb-geo,7.98,63.05,400.43,0.0,0,34,290.9922,1.3549,1.3592,0.0183,A
85,hotel/mongodb-profile,7.82,65.08,400.43,0.0,0,2063,463.305,1.3278,1.3592,0.0,A
85,hotel/mongodb-rate,8.82,64.84,400.43,0.0234,2,79,290.9922,1.4975,1.3592,0.0365,A
85,hotel/mongodb-recommendation,8.12,63.02,400.43,0.0,0,1474,331.0284,1.3787,1.3592,0.0183,A
85,hotel/mongodb-reservation,9.98,253.43,400.43,0.0586,30,158,290.9922,1.6945,1.3592,0.0183,A
85,hotel/mongodb-user,8.01,63.01,400.43,0.0,0,70,290.9922,1.36,1.3592,0.0365,A
85,hotel/profile,3843.42,51.05,1119.06,0.0,0,93883,21084.0839,652.5726,784.9759,9.66,A
85,hotel/rate,1451.58,40.64,1119.14,0.0,0,3250,729.8795,246.4631,784.9759,4.02,A
85,hotel/recommendation,752.67,26.12,1119.06,0.0,0,1812,406.9359,127.7955,784.9759,1.99,A
85,hotel/reservation,3527.59,67.99,1119.06,0.0,0,156702,35191.8676,598.9479,784.9759,7.8,A
85,hotel/search,2774.2,44.09,1119.06,0.0,0,10743,2412.6446,471.0302,784.9759,7.43,A
85,hotel/user,46.38,20.68,1119.06,0.0,0,1521,341.5836,7.8748,784.9759,0.128,A
85,sn1/compose-post-service,1391.29,88.17,251.42,0.0,0,5236,1175.8919,236.2265,784.9759,2.92,A
85,sn1/home-timeline-redis,291.41,2554.53,952.74,0.0,0,3529,792.5368,49.4784,784.9759,0.712,A
85,sn1/home-timeline-service,1678.38,109.07,251.42,0.0,0,4022,903.2539,284.9714,784.9759,4.09,A
85,sn1/jaeger,14.97,5491.06,75.0,0.0,0,506,290.9922,2.5417,784.9759,0.0731,A
85,sn1/media-frontend,0.0,2027.57,648.43,0.0,0,0,290.9922,1.2787,1.3592,0.0,A
85,sn1/media-memcached,0.14,4.63,75.33,0.0,0,0,290.9922,1.2787,1.3592,0.0,A
85,sn1/media-mongodb,9.32,73.59,704.02,0.0,0,116,290.9922,1.5824,1.3592,0.0365,A
85,sn1/media-service,76.17,4.83,251.42,0.0,0,775,290.9922,12.9329,784.9759,0.164,A
85,sn1/nginx-thrift,24363.55,43592.01,620.32,0.0,0,5886,1321.8678,4136.6762,784.9759,58.3,A
85,sn1/post-storage-memcached,1806.85,70.6,75.33,0.0,0,5462,1226.6466,306.7842,784.9759,4.37,A
85,sn1/post-storage-mongodb,934.78,8188.07,4130.05,0.0,0,892,290.9922,158.7159,784.9759,2.21,A
85,sn1/post-storage-service,7585.11,97.67,251.42,0.0,0,10615,2383.8986,1287.8724,784.9759,18.2,A
85,sn1/social-graph-mongodb,9.26,727.93,757.02,0.0,0,92,290.9922,1.5723,1.3592,0.0365,A
85,sn1/social-graph-redis,2.56,20.04,103.57,0.0,0,261,290.9922,1.2787,1.3592,0.0183,A
85,sn1/social-graph-service,0.13,31.3,251.42,0.0,0,0,290.9922,1.2787,1.3592,0.0,A
85,sn1/text-service,1471.41,85.93,251.42,0.0,0,4911,1102.904,249.83,784.9759,3.16,A
85,sn1/unique-id-service,79.3,4.71,251.42,0.0,0,876,290.9922,13.4643,784.9759,0.183,A
85,sn1/url-shorten-memcached,0.14,4.63,75.33,0.0,0,0,290.9922,1.2787,1.3592,0.0,A
85,sn1/url-shorten-mongodb,315.94,107.85,702.87,0.0,0,809,290.9922,53.6433,784.9759,0.548,A
85,sn1/url-shorten-service,1242.28,80.33,251.42,0.0,0,3523,791.1893,210.9262,784.9759,2.37,A
85,sn1/user-memcached,160.76,6.86,75.33,0.0,0,2104,472.5127,27.2954,784.9759,0.402,A
85,sn1/user-mention-service,243.14,7.11,251.42,0.0,0,960,290.9922,41.2826,784.9759,0.566,A
85,sn1/user-mongodb,9.52,97.22,704.78,0.0,0,89,290.9922,1.6164,1.3592,0.0365,A
85,sn1/user-service,70.65,18.02,251.42,0.0,0,655,290.9922,11.9956,784.9759,0.183,A
85,sn1/user-timeline-mongodb,15.95,106.95,703.03,0.043,6,574,290.9922,2.7081,784.9759,0.0365,A
85,sn1/user-timeline-redis,154.64,96.0,136.86,0.0,0,836,290.9922,26.2563,784.9759,0.384,A
85,sn1/user-timeline-service,1525.98,521.93,251.42,0.0,0,5179,1163.091,259.0955,784.9759,3.63,A
86,hotel/consul,16.31,29.82,201.48,0.0,0,1621,361.7837,1.2787,737.7475,0.0569,A
86,hotel/frontend,9953.15,115.02,1119.14,0.0,0,794639,177351.893,111.9322,737.7475,24.2,A
86,hotel/geo,1024.55,30.5,1119.06,0.0,0,2068,461.5476,11.522,737.7475,2.67,A
86,hotel/jaeger,1.3,14.79,81.01,0.0,0,15,290.9922,1.2787,1.3592,0.0,A
86,hotel/memcached-profile,145.51,7.7,79.25,0.0,0,1267,290.9922,1.6364,737.7475,0.379,A
86,hotel/memcached-rate,116.62,7.59,79.25,0.0,0,1058,290.9922,1.3115,737.7475,0.285,A
86,hotel/memcached-reserve,167.36,7.23,79.25,0.0,0,838,290.9922,1.8821,737.7475,0.417,A
86,hotel/mongodb-geo,8.36,63.05,400.43,0.043,4,84,290.9922,1.2787,1.3592,0.019,A
86,hotel/mongodb-profile,8.21,65.08,400.43,0.0312,2,101,290.9922,1.2787,1.3592,0.0379,A
86,hotel/mongodb-rate,7.69,64.84,400.43,0.0,0,55,290.9922,1.2787,1.3592,0.0379,A
86,hotel/mongodb-recommendation,8.09,63.02,400.43,0.0312,2,85,290.9922,1.2787,1.3592,0.0379,A
86,hotel/mongodb-reservation,10.36,253.44,400.43,0.0898,26,116,290.9922,1.2787,737.7475,0.0379,A
86,hotel/mongodb-user,8.51,63.01,400.43,0.043,4,74,290.9922,1.2787,1.3592,0.019,A
86,hotel/profile,3417.26,49.16,1119.06,0.0,0,44870,10014.3328,38.4302,737.7475,9.39,A
86,hotel/rate,1383.52,38.88,1119.14,0.0,0,2504,558.8565,15.5589,737.7475,3.66,A
86,hotel/recommendation,707.92,27.99,1119.06,0.0,0,1664,371.3807,7.9612,737.7475,1.82,A
86,hotel/reservation,3398.23,75.9,1119.06,0.0,0,227271,50723.589,38.2162,737.7475,9.16,A
86,hotel/search,2841.94,34.66,1119.06,0.0,0,5682,1268.1399,31.9602,737.7475,7.49,A
86,hotel/user,48.16,20.68,1119.06,0.0,0,519,290.9922,1.2787,737.7475,0.133,A
86,sn1/compose-post-service,1412.53,88.61,251.42,0.0,0,5200,1160.5645,15.8852,737.7475,3.26,A
86,sn1/home-timeline-redis,301.46,2554.03,952.74,0.0,0,1051,290.9922,3.3902,737.7475,0.74,A
86,sn1/home-timeline-service,1657.58,113.57,251.42,0.0,0,3261,727.8079,18.641,737.7475,4.14,A
86,sn1/jaeger,60.75,5491.07,75.0,0.0,0,595,290.9922,1.2787,737.7475,0.247,A
86,sn1/media-frontend,0.0,2027.57,648.43,0.0,0,0,290.9922,1.2787,1.3592,0.0,A
86,sn1/media-memcached,0.14,4.63,75.33,0.0,0,0,290.9922,1.2787,1.3592,0.0,A
86,sn1/media-mongodb,10.29,73.85,704.02,0.0273,4,138,290.9922,1.2787,737.7475,0.0379,A
86,sn1/media-service,77.84,4.83,251.42,0.0,0,696,290.9922,1.2787,737.7475,0.19,A
86,sn1/nginx-thrift,24185.5,43604.52,620.32,0.0,0,5054,1127.9795,271.9879,737.7475,60.1,A
86,sn1/post-storage-memcached,1795.28,70.97,75.33,0.0,0,5517,1231.3143,20.1896,737.7475,4.48,A
86,sn1/post-storage-mongodb,947.13,8187.89,4130.05,10.0117,156,881,290.9922,10.6513,737.7475,2.35,A
86,sn1/post-storage-service,7610.59,93.82,251.42,0.0,0,9697,2164.2297,85.588,737.7475,18.7,A
86,sn1/social-graph-mongodb,9.89,727.95,757.02,0.0234,2,124,290.9922,1.2787,1.3592,0.0379,A
86,sn1/social-graph-redis,2.5,20.04,103.57,0.0,0,395,290.9922,1.2787,1.3592,0.019,A
86,sn1/social-graph-service,0.0,31.3,251.42,0.0,0,0,290.9922,1.2787,1.3592,0.0,A
86,sn1/text-service,1507.21,85.17,251.42,0.0,0,4607,1028.2155,16.9499,737.7475,3.47,A
86,sn1/unique-id-service,81.24,4.71,251.42,0.0,0,666,290.9922,1.2787,737.7475,0.209,A
86,sn1/url-shorten-memcached,0.15,4.63,75.33,0.0,0,0,290.9922,1.2787,1.3592,0.0,A
86,sn1/url-shorten-mongodb,369.07,108.06,702.87,0.0,0,854,290.9922,4.1505,737.7475,0.759,A
86,sn1/url-shorten-service,1401.69,80.45,251.42,0.0,0,4428,988.2653,15.7633,737.7475,3.09,A
86,sn1/user-memcached,160.75,6.57,75.33,0.0,0,2094,467.3504,1.8078,737.7475,0.417,A
86,sn1/user-mention-service,238.39,6.85,251.42,0.0,0,1318,294.1585,2.6809,737.7475,0.607,A
86,sn1/user-mongodb,9.77,97.22,704.78,0.0234,2,88,290.9922,1.2787,1.3592,0.0379,A
86,sn1/user-service,72.45,18.02,251.42,0.0,0,916,290.9922,1.2787,737.7475,0.19,A
86,sn1/user-timeline-mongodb,15.68,106.95,703.03,0.0195,2,372,290.9922,1.2787,737.7475,0.0379,A
86,sn1/user-timeline-redis,156.36,96.51,136.86,0.0,0,875,290.9922,1.7584,737.7475,0.379,A
86,sn1/user-timeline-service,1543.41,523.33,251.42,0.0,0,5109,1140.2547,17.357,737.7475,3.7,A
87,hotel/consul,15.86,29.82,201.48,0.0,0,1116,290.9922,1.2787,748.4908,0.0397,A
87,hotel/frontend,9986.76,125.86,1119.14,0.0,0,878019,213330.8386,161.3828,748.4908,25.8,A
87,hotel/geo,1042.62,31.11,1119.06,0.0,0,2149,522.139,16.8484,748.4908,2.66,A
87,hotel/jaeger,0.15,14.79,81.01,0.0,0,0,290.9922,1.2787,1.3592,0.0,A
87,hotel/memcached-profile,136.17,7.74,79.25,0.0,0,1061,290.9922,2.2005,748.4908,0.357,A
87,hotel/memcached-rate,119.68,7.62,79.25,0.0,0,1048,290.9922,1.934,748.4908,0.278,A
87,hotel/memcached-reserve,167.25,7.23,79.25,0.0,0,940,290.9922,2.7027,748.4908,0.397,A
87,hotel/mongodb-geo,7.58,63.05,400.43,0.0,0,42,290.9922,1.2787,1.3592,0.0198,A
87,hotel/mongodb-profile,7.5,65.08,400.43,0.0,0,123,290.9922,1.2787,1.3592,0.0198,A
87,hotel/mongodb-rate,8.24,64.85,400.43,0.0273,2,141,290.9922,1.2787,1.3592,0.0397,A
87,hotel/mongodb-recommendation,7.45,63.02,400.43,0.0,0,87,290.9922,1.2787,1.3592,0.0198,A
87,hotel/mongodb-reservation,8.46,253.44,400.43,0.0273,14,97,290.9922,1.2787,1.3592,0.0397,A
87,hotel/mongodb-user,7.49,63.01,400.43,0.0,0,43,290.9922,1.2787,1.3592,0.0397,A
87,hotel/profile,3448.77,46.53,1119.06,0.0,0,51096,12414.7114,55.731,748.4908,8.19,A
87,hotel/rate,1403.64,42.06,1119.14,0.0,0,2957,718.4574,22.6824,748.4908,3.35,A
87,hotel/recommendation,694.26,25.91,1119.06,0.0,0,1732,420.8212,11.219,748.4908,1.53,A
87,hotel/reservation,3696.04,75.46,1119.06,0.0,0,173443,42141.1617,59.7268,748.4908,9.14,A
87,hotel/search,2681.42,39.51,1119.06,0.0,0,7983,1939.6164,43.3309,748.4908,6.92,A
87,hotel/user,49.34,20.78,1119.06,0.0,0,550,290.9922,1.2787,748.4908,0.119,A
87,sn1/compose-post-service,1429.48,89.64,251.42,0.0,0,5714,1388.3212,23.0999,748.4908,3.27,A
87,sn1/home-timeline-redis,301.61,2554.28,952.74,0.0,0,1378,334.8104,4.8739,748.4908,0.793,A
87,sn1/home-timeline-service,1654.42,112.99,251.42,0.0,0,3532,858.1643,26.7349,748.4908,4.28,A
87,sn1/jaeger,15.12,5491.08,75.0,0.0,0,371,290.9922,1.2787,748.4908,0.0992,A
87,sn1/media-frontend,0.0,2027.57,648.43,0.0,0,0,290.9922,1.2787,1.3592,0.0,A
87,sn1/media-memcached,0.16,4.63,75.33,0.0,0,0,290.9922,1.2787,1.3592,0.0,A
87,sn1/media-mongodb,8.39,73.85,704.02,0.0664,8,85,290.9922,1.2787,1.3592,0.0198,A
87,sn1/media-service,79.48,4.8,251.42,0.0,0,703,290.9922,1.2844,748.4908,0.198,A
87,sn1/nginx-thrift,24397.03,43611.61,620.32,52.793,458,5401,1312.2721,394.2481,748.4908,62.6,A
87,sn1/post-storage-memcached,1824.07,70.58,75.33,0.0,0,5415,1315.6737,29.4764,748.4908,4.62,A
87,sn1/post-storage-mongodb,963.67,8188.24,4130.05,0.0,0,846,290.9922,15.5726,748.4908,2.4,A
87,sn1/post-storage-service,7655.67,96.34,251.42,0.0,0,10074,2447.6633,123.7131,748.4908,19.4,A
87,sn1/social-graph-mongodb,9.72,727.95,757.02,0.0039,2,67,290.9922,1.2787,1.3592,0.0397,A
87,sn1/social-graph-redis,2.78,20.04,103.57,0.0,0,167,290.9922,1.2787,1.3592,0.0,A
87,sn1/social-graph-service,0.04,31.3,251.42,0.0,0,0,290.9922,1.2787,1.3592,0.0,A
87,sn1/text-service,1494.38,88.12,251.42,0.0,0,4892,1188.6012,24.1487,748.4908,3.49,A
87,sn1/unique-id-service,81.75,4.71,251.42,0.0,0,733,290.9922,1.3211,748.4908,0.198,A
87,sn1/url-shorten-memcached,0.16,4.63,75.33,0.0,0,0,290.9922,1.2787,1.3592,0.0,A
87,sn1/url-shorten-mongodb,382.17,107.29,702.87,0.0156,2,882,290.9922,6.1757,748.4908,0.734,A
87,sn1/url-shorten-service,1468.31,80.44,251.42,0.0,0,4253,1033.3444,23.7274,748.4908,2.95,A
87,sn1/user-memcached,165.89,6.6,75.33,0.0,0,1544,375.1432,2.6807,748.4908,0.436,A
87,sn1/user-mention-service,248.77,6.85,251.42,0.0,0,1064,290.9922,4.02,748.4908,0.674,A
87,sn1/user-mongodb,10.01,97.22,704.78,0.0039,2,86,290.9922,1.2787,748.4908,0.0198,A
87,sn1/user-service,72.67,18.02,251.42,0.0,0,705,290.9922,1.2787,748.4908,0.198,A
87,sn1/user-timeline-mongodb,15.65,106.95,703.03,0.0,0,345,290.9922,1.2787,748.4908,0.0397,A
87,sn1/user-timeline-redis,159.77,95.52,136.86,0.0,0,893,290.9922,2.5818,748.4908,0.416,A
87,sn1/user-timeline-service,1573.61,524.01,251.42,0.0,0,4990,1212.4121,25.429,748.4908,3.89,A
88,hotel/consul,15.54,29.83,201.48,0.0,0,1136,290.9922,1.2787,707.3277,0.0385,A
88,hotel/frontend,9811.53,133.78,1119.14,0.0,0,763862,171097.3108,106.5747,707.3277,25.6,A
88,hotel/geo,1091.28,30.47,1119.06,0.0,0,2319,519.4324,11.8537,707.3277,3.0,A
88,hotel/jaeger,0.16,14.79,81.01,0.0,0,0,290.9922,1.2787,1.3592,0.0,A
88,hotel/memcached-profile,146.6,7.98,79.25,0.0,0,1056,290.9922,1.5924,707.3277,0.404,A
88,hotel/memcached-rate,122.56,7.63,79.25,0.0,0,918,290.9922,1.3313,707.3277,0.365,A
88,hotel/memcached-reserve,174.36,7.55,79.25,0.0,0,932,290.9922,1.8939,707.3277,0.462,A
88,hotel/mongodb-geo,8.97,63.05,400.43,0.0312,2,237,290.9922,1.2787,1.3592,0.0192,A
88,hotel/mongodb-profile,8.76,65.08,400.43,0.0469,4,442,290.9922,1.2787,1.3592,0.0192,A
88,hotel/mongodb-rate,8.41,64.85,400.43,0.0,0,78,290.9922,1.2787,1.3592,0.0385,A
88,hotel/mongodb-recommendation,8.89,63.02,400.43,0.0312,2,52,290.9922,1.2787,1.3592,0.0192,A
88,hotel/mongodb-reservation,11.94,253.47,400.43,0.0898,26,64,290.9922,1.2787,707.3277,0.0577,A
88,hotel/mongodb-user,9.51,63.01,400.43,0.0312,2,50,290.9922,1.2787,1.3592,0.0385,A
88,hotel/profile,3472.17,49.4,1119.06,0.0,0,60601,13574.007,37.7154,707.3277,10.0,A
88,hotel/rate,1440.98,41.35,1119.14,0.0,0,2933,656.9621,15.6522,707.3277,4.29,A
88,hotel/recommendation,779.16,27.53,1119.06,0.0,0,1891,423.5647,8.4634,707.3277,2.12,A
88,hotel/reservation,3714.95,70.96,1119.06,0.0,0,451374,101103.1804,40.3525,707.3277,9.87,A
88,hotel/search,2696.66,45.94,1119.06,0.0,0,7009,1569.9446,29.2916,707.3277,7.64,A
88,hotel/user,53.64,21.07,1119.06,0.0,0,777,290.9922,1.2787,707.3277,0.135,A
88,sn1/compose-post-service,1470.25,87.3,251.42,0.0,0,5713,1279.6538,15.9701,707.3277,3.4,A
88,sn1/home-timeline-redis,295.55,2553.79,952.74,0.0,0,1183,290.9922,3.2103,707.3277,0.75,A
88,sn1/home-timeline-service,1671.51,115.0,251.42,0.0,0,3815,854.5212,18.1563,707.3277,4.25,A
88,sn1/jaeger,67.01,5491.32,75.0,0.0,0,943,290.9922,1.2787,707.3277,0.308,A
88,sn1/media-frontend,0.0,2027.57,648.43,0.0,0,0,290.9922,1.2787,1.3592,0.0,A
88,sn1/media-memcached,0.17,4.63,75.33,0.0,0,0,290.9922,1.2787,1.3592,0.0,A
88,sn1/media-mongodb,10.4,73.93,704.02,0.0234,2,85,290.9922,1.2787,707.3277,0.0385,A
88,sn1/media-service,80.89,4.93,251.42,0.0,0,759,290.9922,1.2787,707.3277,0.212,A
88,sn1/nginx-thrift,24472.37,43620.72,620.32,0.0,0,5775,1293.5412,265.8235,707.3277,61.2,A
88,sn1/post-storage-memcached,1809.34,70.39,75.33,0.0,0,5626,1260.1667,19.6534,707.3277,4.52,A
88,sn1/post-storage-mongodb,958.25,8187.59,4130.05,0.0312,2,853,290.9922,10.4087,707.3277,2.37,A
88,sn1/post-storage-service,7648.14,101.26,251.42,0.0,0,10167,2277.3045,83.0755,707.3277,18.9,A
88,sn1/social-graph-mongodb,10.56,727.96,757.02,0.0938,10,143,290.9922,1.2787,707.3277,0.0192,A
88,sn1/social-graph-redis,3.2,20.04,103.57,0.0,0,213,290.9922,1.2787,1.3592,0.0,A
88,sn1/social-graph-service,0.0,31.3,251.42,0.0,0,0,290.9922,1.2787,1.3592,0.0,A
88,sn1/text-service,1526.83,81.88,251.42,0.0,0,5187,1161.8352,16.5847,707.3277,3.62,A
88,sn1/unique-id-service,82.3,4.64,251.42,0.0,0,748,290.9922,1.2787,707.3277,0.192,A
88,sn1/url-shorten-memcached,0.17,4.63,75.33,0.0,0,0,290.9922,1.2787,1.3592,0.0,A
88,sn1/url-shorten-mongodb,369.68,107.25,702.87,0.0,0,1342,300.5943,4.0155,707.3277,0.769,A
88,sn1/url-shorten-service,1422.06,80.22,251.42,0.0,0,5413,1212.4569,15.4467,707.3277,3.23,A
88,sn1/user-memcached,165.1,6.32,75.33,0.0,0,1801,403.4057,1.7933,707.3277,0.423,A
88,sn1/user-mention-service,250.3,6.81,251.42,0.0,0,1052,290.9922,2.7188,707.3277,0.654,A
88,sn1/user-mongodb,10.64,97.22,704.78,0.0352,4,105,290.9922,1.2787,707.3277,0.0385,A
88,sn1/user-service,73.47,18.02,251.42,0.0,0,919,290.9922,1.2787,707.3277,0.212,A
88,sn1/user-timeline-mongodb,17.15,106.95,703.03,0.0234,2,368,290.9922,1.2787,707.3277,0.0577,A
88,sn1/user-timeline-redis,157.68,96.25,136.86,0.0,0,752,290.9922,1.7128,707.3277,0.404,A
88,sn1/user-timeline-service,1558.16,522.27,251.42,0.0,0,5148,1153.0996,16.925,707.3277,3.67,A
89,hotel/consul,15.55,29.83,201.48,0.0,0,805,290.9922,1.2787,755.6637,0.0188,A
89,hotel/frontend,9939.12,128.04,1119.14,0.0,0,1001304,224238.8471,102.8854,755.6637,24.0,A
89,hotel/geo,1063.29,34.73,1119.06,0.0,0,2222,497.6098,11.0067,755.6637,2.76,A
89,hotel/jaeger,0.16,14.79,81.01,0.0,0,0,290.9922,1.2787,1.3592,0.0,A
89,hotel/memcached-profile,128.84,7.73,79.25,0.0,0,977,290.9922,1.3337,755.6637,0.319,A
89,hotel/memcached-rate,110.79,7.59,79.25,0.0,0,1225,290.9922,1.2787,755.6637,0.3,A
89,hotel/memcached-reserve,157.97,7.73,79.25,0.0,0,1208,290.9922,1.6352,755.6637,0.413,A
89,hotel/mongodb-geo,7.54,63.05,400.43,0.0,0,52,290.9922,1.2787,1.3592,0.0188,A
89,hotel/mongodb-profile,7.38,65.08,400.43,0.0,0,47,290.9922,1.2787,1.3592,0.0375,A
89,hotel/mongodb-rate,8.72,64.85,400.43,0.0938,14,78,290.9922,1.2787,1.3592,0.0188,A
89,hotel/mongodb-recommendation,7.66,63.02,400.43,0.0,0,92,290.9922,1.2787,1.3592,0.0188,A
89,hotel/mongodb-reservation,8.55,253.48,400.43,0.0273,14,82,290.9922,1.2787,1.3592,0.0188,A
89,hotel/mongodb-user,7.53,63.01,400.43,0.0,0,108,290.9922,1.2787,1.3592,0.0188,A
89,hotel/profile,3359.65,49.8,1119.06,0.0,0,89287,19995.5398,34.7776,755.6637,8.41,A
89,hotel/rate,1483.92,41.11,1119.14,0.0,0,3228,722.9003,15.3609,755.6637,3.77,A
89,hotel/recommendation,695.57,28.14,1119.06,0.0,0,2053,459.7628,7.2002,755.6637,1.67,A
89,hotel/reservation,3343.73,71.22,1119.06,0.0,0,293288,65680.9151,34.6128,755.6637,8.01,A
89,hotel/search,2671.77,37.52,1119.06,0.0,0,7339,1643.5457,27.657,755.6637,6.72,A
89,hotel/user,46.7,21.09,1119.06,0.0,0,469,290.9922,1.2787,755.6637,0.0939,A
89,sn1/compose-post-service,1418.73,87.31,251.42,0.0,0,5327,1192.9647,14.6861,755.6637,3.02,A
89,sn1/home-timeline-redis,288.21,2554.78,952.74,0.0,0,1304,292.0267,2.9834,755.6637,0.694,A
89,sn1/home-timeline-service,1651.56,109.65,251.42,0.0,0,3469,776.8715,17.0962,755.6637,4.02,A
89,sn1/jaeger,14.01,5491.46,75.0,0.0,0,254,290.9922,1.2787,755.6637,0.0563,A
89,sn1/media-frontend,0.0,2027.57,648.43,0.0,0,0,290.9922,1.2787,1.3592,0.0,A
89,sn1/media-memcached,0.16,4.63,75.33,0.0,0,0,290.9922,1.2787,1.3592,0.0,A
89,sn1/media-mongodb,8.18,73.93,704.02,0.0078,4,75,290.9922,1.2787,1.3592,0.0188,A
89,sn1/media-service,78.27,4.73,251.42,0.0,0,689,290.9922,1.2787,755.6637,0.188,A
89,sn1/nginx-thrift,24154.84,43630.88,620.32,0.0,0,5414,1212.4481,250.0403,755.6637,58.6,A
89,sn1/post-storage-memcached,1802.73,71.03,75.33,0.0,0,5127,1148.1753,18.6611,755.6637,4.37,A
89,sn1/post-storage-mongodb,947.06,8187.44,4130.05,0.0,0,850,290.9922,9.8036,755.6637,2.27,A
89,sn1/post-storage-service,7601.56,96.02,251.42,0.0,0,9640,2158.8473,78.688,755.6637,18.3,A
89,sn1/social-graph-mongodb,8.66,727.96,757.02,0.0078,4,167,290.9922,1.2787,1.3592,0.0375,A
89,sn1/social-graph-redis,2.5,20.04,103.57,0.0,0,289,290.9922,1.2787,1.3592,0.0,A
89,sn1/social-graph-service,0.05,31.3,251.42,0.0,0,0,290.9922,1.2787,1.3592,0.0,A
89,sn1/text-service,1474.11,85.86,251.42,0.0,0,4959,1110.5523,15.2593,755.6637,3.21,A
89,sn1/unique-id-service,77.13,4.64,251.42,0.0,0,757,290.9922,1.2787,755.6637,0.169,A
89,sn1/url-shorten-memcached,0.17,4.63,75.33,0.0,0,0,290.9922,1.2787,1.3592,0.0188,A
89,sn1/url-shorten-mongodb,348.78,107.42,702.87,0.0742,6,1234,290.9922,3.6104,755.6637,0.694,A
89,sn1/url-shorten-service,1365.27,78.09,251.42,0.0,0,4590,1027.9159,14.1327,755.6637,2.7,A
89,sn1/user-memcached,162.17,6.33,75.33,0.0,0,1754,392.8027,1.6787,755.6637,0.375,A
89,sn1/user-mention-service,242.19,6.83,251.42,0.0,0,1009,290.9922,2.507,755.6637,0.563,A
89,sn1/user-mongodb,8.85,97.22,704.78,0.0078,4,68,290.9922,1.2787,1.3592,0.0188,A
89,sn1/user-service,71.46,18.02,251.42,0.0,0,632,290.9922,1.2787,755.6637,0.15,A
89,sn1/user-timeline-mongodb,15.4,106.95,703.03,0.0,0,396,290.9922,1.2787,755.6637,0.0375,A
89,sn1/user-timeline-redis,156.15,95.52,136.86,0.0,0,869,290.9922,1.6164,755.6637,0.375,A
89,sn1/user-timeline-service,1536.02,521.09,251.42,0.0,0,4872,1091.0689,15.9002,755.6637,3.62,A
90,hotel/consul,14.55,29.83,201.48,0.0,0,1140,290.9922,1.2787,785.5972,0.0411,A
90,hotel/frontend,9969.17,121.78,1119.14,0.0,0,739191,180089.6522,128.5698,785.5972,24.7,A
90,hotel/geo,1145.28,31.07,1119.06,0.0,0,2174,529.6532,14.7704,785.5972,2.89,A
90,hotel/jaeger,0.19,14.79,81.01,0.0,0,0,290.9922,1.2787,1.3592,0.0,A
90,hotel/memcached-profile,148.8,7.7,79.25,0.0,0,1194,290.9922,1.919,785.5972,0.37,A
90,hotel/memcached-rate,118.6,7.59,79.25,0.0,0,849,290.9922,1.5296,785.5972,0.274,A
90,hotel/memcached-reserve,175.06,7.15,79.25,0.0,0,1324,322.5671,2.2577,785.5972,0.425,A
90,hotel/mongodb-geo,8.55,63.04,400.43,0.0,0,51,290.9922,1.2787,1.3592,0.0137,A
90,hotel/mongodb-profile,8.71,65.08,400.43,0.0,0,97,290.9922,1.2787,1.3592,0.0137,A
90,hotel/mongodb-rate,7.57,64.85,400.43,0.0,0,186,290.9922,1.2787,1.3592,0.0274,A
90,hotel/mongodb-recommendation,8.76,63.02,400.43,0.0,0,105,290.9922,1.2787,1.3592,0.0274,A
90,hotel/mongodb-reservation,9.98,253.47,400.43,0.0742,18,119,290.9922,1.2787,1.3592,0.0137,A
90,hotel/mongodb-user,9.11,63.01,400.43,0.0,0,137,290.9922,1.2787,1.3592,0.0274,A
90,hotel/profile,3429.52,45.02,1119.06,0.0,0,65840,16040.6481,44.2296,785.5972,8.31,A
90,hotel/rate,1516.7,41.77,1119.14,0.0,0,3219,784.2474,19.5605,785.5972,3.78,A
90,hotel/recommendation,751.31,27.51,1119.06,0.0,0,1793,436.8299,9.6895,785.5972,2.08,A
90,hotel/reservation,3822.76,65.39,1119.06,0.0,0,174633,42545.9675,49.3011,785.5972,10.0,A
90,hotel/search,2870.47,40.18,1119.06,0.0,0,10400,2533.7597,37.0197,785.5972,7.07,A
90,hotel/user,49.68,21.09,1119.06,0.0,0,710,290.9922,1.2787,785.5972,0.11,A
90,sn1/compose-post-service,1399.01,87.1,251.42,0.0,0,5197,1266.149,18.0427,785.5972,3.25,A
90,sn1/home-timeline-redis,296.69,2555.29,952.74,0.0,0,924,290.9922,3.8263,785.5972,0.74,A
90,sn1/home-timeline-service,1623.51,111.92,251.42,0.0,0,3517,856.8493,20.938,785.5972,3.96,A
90,sn1/jaeger,56.21,5492.78,75.0,0.0,0,574,290.9922,1.2787,785.5972,0.356,A
90,sn1/media-frontend,0.0,2027.57,648.43,0.0,0,0,290.9922,1.2787,1.3592,0.0,A
90,sn1/media-memcached,0.13,4.63,75.33,0.0,0,0,290.9922,1.2787,1.3592,0.0,A
90,sn1/media-mongodb,9.63,73.93,704.02,0.0234,2,64,290.9922,1.2787,1.3592,0.0274,A
90,sn1/media-service,76.52,4.8,251.42,0.0,0,645,290.9922,1.2787,785.5972,0.178,A
90,sn1/nginx-thrift,24130.95,43637.01,620.32,0.0,0,5482,1335.5837,311.2106,785.5972,59.9,A
90,sn1/post-storage-memcached,1790.2,70.64,75.33,0.0,0,5876,1431.5742,23.0877,785.5972,4.41,A
90,sn1/post-storage-mongodb,950.0,8188.09,4130.05,0.0547,8,792,290.9922,12.2519,785.5972,2.36,A
90,sn1/post-storage-service,7547.65,95.93,251.42,0.0,0,9977,2430.7039,97.3401,785.5972,18.6,A
90,sn1/social-graph-mongodb,9.93,727.97,757.02,0.0234,2,88,290.9922,1.2787,1.3592,0.0137,A
90,sn1/social-graph-redis,2.33,20.04,103.57,0.0,0,246,290.9922,1.2787,1.3592,0.0137,A
90,sn1/social-graph-service,0.0,31.3,251.42,0.0,0,0,290.9922,1.2787,1.3592,0.0,A
90,sn1/text-service,1494.13,88.93,251.42,0.0,0,5051,1230.5789,19.2694,785.5972,3.5,A
90,sn1/unique-id-service,77.41,4.64,251.42,0.0,0,622,290.9922,1.2787,785.5972,0.178,A
90,sn1/url-shorten-memcached,0.15,4.63,75.33,0.0,0,0,290.9922,1.2787,1.3592,0.0,A
90,sn1/url-shorten-mongodb,345.12,107.95,702.87,0.0391,4,821,290.9922,4.4509,785.5972,0.686,A
90,sn1/url-shorten-service,1358.12,80.55,251.42,0.0,0,4453,1084.8877,17.5153,785.5972,2.93,A
90,sn1/user-memcached,162.15,6.59,75.33,0.0,0,1864,454.1277,2.0912,785.5972,0.398,A
90,sn1/user-mention-service,243.94,7.06,251.42,0.0,0,1146,290.9922,3.146,785.5972,0.59,A
90,sn1/user-mongodb,9.9,97.22,704.78,0.0234,2,73,290.9922,1.2787,1.3592,0.0137,A
90,sn1/user-service,70.9,18.02,251.42,0.0,0,761,290.9922,1.2787,785.5972,0.165,A
90,sn1/user-timeline-mongodb,16.46,106.95,703.03,0.0312,6,399,290.9922,1.2787,785.5972,0.0411,A
90,sn1/user-timeline-redis,155.23,96.5,136.86,0.0,0,906,290.9922,2.002,785.5972,0.384,A
90,sn1/user-timeline-service,1535.06,521.69,251.42,0.0,0,4820,1174.3002,19.7973,785.5972,3.67,A
91,hotel/consul,16.49,29.83,201.48,0.0,0,872,290.9922,1.2787,760.007,0.0387,A
91,hotel/frontend,10008.66,111.29,1119.14,0.0,0,967236,232430.5518,150.6682,760.007,25.1,A
91,hotel/geo,1108.88,27.5,1119.06,0.0,0,2662,639.6889,16.6928,760.007,2.81,A
91,hotel/jaeger,0.15,14.79,81.01,0.0,0,0,290.9922,1.2787,1.3592,0.0,A
91,hotel/memcached-profile,140.72,7.72,79.25,0.0,0,1297,311.6741,2.1184,760.007,0.348,A
91,hotel/memcached-rate,114.21,7.57,79.25,0.0,0,1212,291.2483,1.7193,760.007,0.29,A
91,hotel/memcached-reserve,163.63,7.16,79.25,0.0,0,1088,290.9922,2.4633,760.007,0.407,A
91,hotel/mongodb-geo,8.06,63.04,400.43,0.0469,10,87,290.9922,1.2787,1.3592,0.0194,A
91,hotel/mongodb-profile,7.84,65.08,400.43,0.0547,12,57,290.9922,1.2787,1.3592,0.0194,A
91,hotel/mongodb-rate,8.09,64.85,400.43,0.0273,2,86,290.9922,1.2787,1.3592,0.0194,A
91,hotel/mongodb-recommendation,8.2,63.02,400.43,0.0469,10,107,290.9922,1.2787,1.3592,0.0194,A
91,hotel/mongodb-reservation,10.54,253.48,400.43,0.7266,106,114,290.9922,1.2787,760.007,0.0387,A
91,hotel/mongodb-user,8.39,63.02,400.43,0.0469,10,88,290.9922,1.2787,1.3592,0.0194,A
91,hotel/profile,3686.9,54.02,1119.06,0.0,0,69034,16589.1372,55.5018,760.007,9.81,A
91,hotel/rate,1475.41,42.29,1119.14,0.0,0,3834,921.325,22.2105,760.007,3.56,A
91,hotel/recommendation,757.71,26.04,1119.06,0.0,0,1856,446.004,11.4064,760.007,1.86,A
91,hotel/reservation,3578.72,76.02,1119.06,0.0,0,106383,25564.2464,53.8733,760.007,8.25,A
91,hotel/search,2782.31,42.73,1119.06,0.0,0,14325,3442.3529,41.8843,760.007,7.12,A
91,hotel/user,44.36,21.27,1119.06,0.0,0,880,290.9922,1.2787,760.007,0.0968,A
91,sn1/compose-post-service,1386.28,88.69,251.42,0.0,0,5328,1280.339,20.8688,760.007,3.14,A
91,sn1/home-timeline-redis,304.79,2554.59,952.74,0.0,0,1139,290.9922,4.5882,760.007,0.794,A
91,sn1/home-timeline-service,1676.62,113.15,251.42,0.0,0,3667,881.1943,25.2395,760.007,4.14,A
91,sn1/jaeger,13.29,5493.7,75.0,0.0,0,344,290.9922,1.2787,760.007,0.0774,A
91,sn1/media-frontend,0.0,2027.57,648.43,0.0,0,0,290.9922,1.2787,1.3592,0.0,A
91,sn1/media-memcached,0.15,4.63,75.33,0.0,0,0,290.9922,1.2787,1.3592,0.0,A
91,sn1/media-mongodb,8.23,73.93,704.02,0.0,0,93,290.9922,1.2787,1.3592,0.0194,A
91,sn1/media-service,77.09,4.8,251.42,0.0,0,843,290.9922,1.2787,760.007,0.155,A
91,sn1/nginx-thrift,24611.91,43650.02,620.32,52.7695,468,5335,1282.0211,370.5024,760.007,61.1,A
91,sn1/post-storage-memcached,1820.15,70.43,75.33,0.0,0,5393,1295.9588,27.4001,760.007,4.55,A
91,sn1/post-storage-mongodb,966.2,8188.34,4130.05,0.0039,2,920,290.9922,14.545,760.007,2.4,A
91,sn1/post-storage-service,7654.62,97.48,251.42,0.0,0,10067,2419.139,115.231,760.007,19.0,A
91,sn1/social-graph-mongodb,9.18,727.97,757.02,0.0,0,168,290.9922,1.2787,1.3592,0.0194,A
91,sn1/social-graph-redis,2.46,20.04,103.57,0.0,0,177,290.9922,1.2787,1.3592,0.0,A
91,sn1/social-graph-service,0.07,31.3,251.42,0.0,0,0,290.9922,1.2787,1.3592,0.0,A
91,sn1/text-service,1484.21,87.77,251.42,0.0,0,5035,1209.93,22.343,760.007,3.37,A
91,sn1/unique-id-service,78.27,4.64,251.42,0.0,0,885,290.9922,1.2787,760.007,0.194,A
91,sn1/url-shorten-memcached,0.14,4.63,75.33,0.0,0,0,290.9922,1.2787,1.3592,0.0,A
91,sn1/url-shorten-mongodb,338.13,108.48,702.87,0.0195,2,817,290.9922,5.0901,760.007,0.658,A
91,sn1/url-shorten-service,1324.87,79.76,251.42,0.0,0,4026,967.4634,19.9443,760.007,2.73,A
91,sn1/user-memcached,163.46,6.84,75.33,0.0,0,1728,415.2451,2.4607,760.007,0.407,A
91,sn1/user-mention-service,242.28,6.81,251.42,0.0,0,1023,290.9922,3.6472,760.007,0.6,A
91,sn1/user-mongodb,8.35,97.22,704.78,0.0,0,39,290.9922,1.2787,1.3592,0.0387,A
91,sn1/user-service,69.51,18.02,251.42,0.0,0,783,290.9922,1.2787,760.007,0.174,A
91,sn1/user-timeline-mongodb,15.87,106.95,703.03,0.0,0,398,290.9922,1.2787,760.007,0.0387,A
91,sn1/user-timeline-redis,157.54,95.78,136.86,0.0,0,791,290.9922,2.3716,760.007,0.407,A
91,sn1/user-timeline-service,1565.63,521.2,251.42,0.0,0,4908,1179.4114,23.5687,760.007,3.83,A
92,hotel/consul,16.38,29.83,201.48,0.0,0,718,290.9922,1.2787,700.0398,0.0577,A
92,hotel/frontend,9846.1,130.96,1119.14,0.0,0,923569,221623.7909,88.0437,700.0398,25.1,A
92,hotel/geo,1092.45,28.75,1119.06,0.0,0,2146,514.9639,9.7687,700.0398,2.98,A
92,hotel/jaeger,0.16,14.79,81.01,0.0,0,0,290.9922,1.2787,1.3592,0.0,A
92,hotel/memcached-profile,137.14,7.68,79.25,0.0,0,860,290.9922,1.2787,700.0398,0.385,A
92,hotel/memcached-rate,118.41,7.62,79.25,0.0,0,938,290.9922,1.2787,700.0398,0.308,A
92,hotel/memcached-reserve,162.51,9.73,79.25,0.0,0,903,290.9922,1.4532,700.0398,0.423,A
92,hotel/mongodb-geo,8.47,63.06,400.43,0.0,0,62,290.9922,1.2787,1.3592,0.0192,A
92,hotel/mongodb-profile,8.22,65.1,400.43,0.0,0,96,290.9922,1.2787,1.3592,0.0192,A
92,hotel/mongodb-rate,8.25,64.85,400.43,0.0,0,77,290.9922,1.2787,1.3592,0.0385,A
92,hotel/mongodb-recommendation,8.6,63.04,400.43,0.0,0,213,290.9922,1.2787,1.3592,0.0385,A
92,hotel/mongodb-reservation,10.49,253.5,400.43,0.0391,20,91,290.9922,1.2787,700.0398,0.0192,A
92,hotel/mongodb-user,8.89,63.04,400.43,0.0,0,191,290.9922,1.2787,1.3592,0.0192,A
92,hotel/profile,3621.54,56.55,1119.06,0.0,0,79744,19135.7306,32.3838,700.0398,9.26,A
92,hotel/rate,1508.04,42.64,1119.14,0.0,0,3055,733.0916,13.4849,700.0398,4.21,A
92,hotel/recommendation,688.29,26.84,1119.06,0.0,0,1647,395.2216,6.1547,700.0398,1.73,A
92,hotel/reservation,3585.01,72.15,1119.06,0.0,0,249727,59925.6194,32.0571,700.0398,8.89,A
92,hotel/search,2622.47,36.1,1119.06,0.0,0,5297,1271.0921,23.4501,700.0398,6.58,A
92,hotel/user,42.75,21.35,1119.06,0.0,0,748,290.9922,1.2787,700.0398,0.115,A
92,sn1/compose-post-service,1429.23,84.93,251.42,0.0,0,5239,1257.1741,12.7802,700.0398,3.16,A
92,sn1/home-timeline-redis,296.55,2553.29,952.74,0.0,0,1115,290.9922,2.6517,700.0398,0.731,A
92,sn1/home-timeline-service,1671.17,109.57,251.42,0.0,0,3440,825.4779,14.9436,700.0398,4.19,A
92,sn1/jaeger,63.86,5514.32,75.0,0.0,0,910,290.9922,1.2787,700.0398,0.25,A
92,sn1/media-frontend,0.0,2027.57,648.43,0.0,0,0,290.9922,1.2787,1.3592,0.0,A
92,sn1/media-memcached,0.16,4.63,75.33,0.0,0,0,290.9922,1.2787,1.3592,0.0,A
92,sn1/media-mongodb,10.17,73.93,704.02,0.0234,2,83,290.9922,1.2787,700.0398,0.0385,A
92,sn1/media-service,77.69,4.83,251.42,0.0,0,640,290.9922,1.2787,700.0398,0.173,A
92,sn1/nginx-thrift,24493.12,43659.68,620.32,0.0,0,5074,1217.58,219.0172,700.0398,61.4,A
92,sn1/post-storage-memcached,1828.57,70.33,75.33,0.0,0,4937,1184.7048,16.3511,700.0398,4.71,A
92,sn1/post-storage-mongodb,957.51,8187.85,4130.05,0.0352,2,843,290.9922,8.562,700.0398,2.48,A
92,sn1/post-storage-service,7655.69,94.48,251.42,0.0,0,9400,2255.6665,68.4571,700.0398,19.4,A
92,sn1/social-graph-mongodb,10.49,727.97,757.02,0.0234,2,97,290.9922,1.2787,700.0398,0.0192,A
92,sn1/social-graph-redis,2.37,20.04,103.57,0.0,0,237,290.9922,1.2787,1.3592,0.0,A
92,sn1/social-graph-service,0.0,31.3,251.42,0.0,0,0,290.9922,1.2787,1.3592,0.0,A
92,sn1/text-service,1492.44,82.44,251.42,0.0,0,4996,1198.8627,13.3454,700.0398,3.52,A
92,sn1/unique-id-service,79.4,4.77,251.42,0.0,0,648,290.9922,1.2787,700.0398,0.192,A
92,sn1/url-shorten-memcached,0.14,4.63,75.33,0.0,0,0,290.9922,1.2787,1.3592,0.0,A
92,sn1/url-shorten-mongodb,334.42,108.75,702.87,0.0,0,879,290.9922,2.9904,700.0398,0.616,A
92,sn1/url-shorten-service,1346.03,75.94,251.42,0.0,0,4202,1008.3309,12.0362,700.0398,3.04,A
92,sn1/user-memcached,166.96,6.34,75.33,0.0,0,1429,342.9093,1.493,700.0398,0.385,A
92,sn1/user-mention-service,247.05,6.81,251.42,0.0,0,986,290.9922,2.2091,700.0398,0.616,A
92,sn1/user-mongodb,10.14,97.22,704.78,0.0234,2,82,290.9922,1.2787,700.0398,0.0192,A
92,sn1/user-service,72.45,18.02,251.42,0.0,0,843,290.9922,1.2787,700.0398,0.192,A
92,sn1/user-timeline-mongodb,16.64,106.95,703.03,0.0234,2,465,290.9922,1.2787,700.0398,0.0577,A
92,sn1/user-timeline-redis,159.06,95.53,136.86,0.0,0,965,290.9922,1.4223,700.0398,0.404,A
92,sn1/user-timeline-service,1591.98,520.33,251.42,0.0,0,5033,1207.7414,14.2355,700.0398,4.0,A
93,hotel/consul,15.8,29.83,201.48,0.0,0,934,290.9922,1.2787,779.2825,0.0387,A
93,hotel/frontend,9968.79,119.47,1119.14,0.0,0,915637,206998.8862,104.6063,779.2825,25.1,A
93,hotel/geo,984.46,31.22,1119.06,0.0,0,2264,511.8245,10.3303,779.2825,2.38,A
93,hotel/jaeger,0.23,14.79,81.01,0.0,0,0,290.9922,1.2787,1.3592,0.0,A
93,hotel/memcached-profile,133.16,7.73,79.25,0.0,0,1209,290.9922,1.3973,779.2825,0.309,A
93,hotel/memcached-rate,111.35,7.61,79.25,0.0,0,1025,290.9922,1.2787,779.2825,0.271,A
93,hotel/memcached-reserve,150.74,7.21,79.25,0.0,0,918,290.9922,1.5818,779.2825,0.348,A
93,hotel/mongodb-geo,7.84,63.06,400.43,0.0,0,55,290.9922,1.2787,1.3592,0.0387,A
93,hotel/mongodb-profile,7.63,65.1,400.43,0.0,0,144,290.9922,1.2787,1.3592,0.0193,A
93,hotel/mongodb-rate,8.52,64.85,400.43,0.0273,2,126,290.9922,1.2787,1.3592,0.0193,A
93,hotel/mongodb-recommendation,7.46,63.04,400.43,0.0,0,69,290.9922,1.2787,1.3592,0.0193,A
93,hotel/mongodb-reservation,9.02,253.5,400.43,0.0469,18,107,290.9922,1.2787,1.3592,0.0387,A
93,hotel/mongodb-user,7.79,63.04,400.43,0.0,0,67,290.9922,1.2787,1.3592,0.0387,A
93,hotel/profile,3478.5,47.93,1119.06,0.0,0,51275,11591.7857,36.5012,779.2825,7.79,A
93,hotel/rate,1410.6,42.35,1119.14,0.0,0,2975,672.5609,14.802,779.2825,3.19,A
93,hotel/recommendation,727.99,28.76,1119.06,0.0,0,1669,377.3123,7.6391,779.2825,1.62,A
93,hotel/reservation,3428.84,74.26,1119.06,0.0,0,304055,68737.9893,35.9801,779.2825,7.73,A
93,hotel/search,2567.36,33.95,1119.06,0.0,0,5476,1237.9643,26.9403,779.2825,6.57,A
93,hotel/user,43.33,21.64,1119.06,0.0,0,585,290.9922,1.2787,779.2825,0.0967,A
93,sn1/compose-post-service,1399.73,83.26,251.42,0.0,0,5123,1158.1613,14.6879,779.2825,3.29,A
93,sn1/home-timeline-redis,292.93,2553.29,952.74,0.0,0,1233,290.9922,3.0738,779.2825,0.754,A
93,sn1/home-timeline-service,1683.54,110.5,251.42,0.0,0,3410,770.9018,17.666,779.2825,4.22,A
93,sn1/jaeger,14.86,5520.16,75.0,0.0,0,235,290.9922,1.2787,779.2825,0.0967,A
93,sn1/media-frontend,0.0,2027.57,648.43,0.0,0,0,290.9922,1.2787,1.3592,0.0,A
93,sn1/media-memcached,0.16,4.63,75.33,0.0,0,0,290.9922,1.2787,1.3592,0.0,A
93,sn1/media-mongodb,8.3,73.93,704.02,0.0898,18,178,290.9922,1.2787,1.3592,0.0193,A
93,sn1/media-service,76.66,4.83,251.42,0.0,0,821,290.9922,1.2787,779.2825,0.193,A
93,sn1/nginx-thrift,24415.3,43665.89,620.32,0.0,0,5136,1161.1002,256.199,779.2825,60.9,A
93,sn1/post-storage-memcached,1820.92,70.61,75.33,0.0,0,5737,1296.9688,19.1076,779.2825,4.54,A
93,sn1/post-storage-mongodb,960.09,8187.93,4130.05,0.0,0,835,290.9922,10.0746,779.2825,2.46,A
93,sn1/post-storage-service,7666.15,95.4,251.42,0.0,0,9666,2185.2014,80.4438,779.2825,19.0,A
93,sn1/social-graph-mongodb,8.62,727.97,757.02,0.0,0,95,290.9922,1.2787,1.3592,0.0387,A
93,sn1/social-graph-redis,2.37,20.04,103.57,0.0,0,200,290.9922,1.2787,1.3592,0.0,A
93,sn1/social-graph-service,0.03,31.3,251.42,0.0,0,0,290.9922,1.2787,1.3592,0.0,A
93,sn1/text-service,1476.92,82.45,251.42,0.0,0,5088,1150.2488,15.4979,779.2825,3.56,A
93,sn1/unique-id-service,80.15,4.77,251.42,0.0,0,686,290.9922,1.2787,779.2825,0.213,A
93,sn1/url-shorten-memcached,0.13,4.63,75.33,0.0,0,0,290.9922,1.2787,1.3592,0.0,A
93,sn1/url-shorten-mongodb,344.08,108.03,702.87,0.0195,2,852,290.9922,3.6106,779.2825,0.754,A
93,sn1/url-shorten-service,1363.33,74.03,251.42,0.0,0,4022,909.2572,14.3059,779.2825,3.17,A
93,sn1/user-memcached,159.06,6.85,75.33,0.0,0,2172,491.026,1.6691,779.2825,0.406,A
93,sn1/user-mention-service,238.93,7.02,251.42,0.0,0,1051,290.9922,2.5072,779.2825,0.599,A
93,sn1/user-mongodb,8.44,97.22,704.78,0.4609,38,65,290.9922,1.2787,1.3592,0.0387,A
93,sn1/user-service,71.8,18.02,251.42,0.0,0,641,290.9922,1.2787,779.2825,0.193,A
93,sn1/user-timeline-mongodb,15.45,106.95,703.03,0.0,0,459,290.9922,1.2787,779.2825,0.0387,A
93,sn1/user-timeline-redis,157.86,95.78,136.86,0.0,0,849,290.9922,1.6565,779.2825,0.406,A
93,sn1/user-timeline-service,1549.99,520.82,251.42,0.0,0,4688,1059.8204,16.2646,779.2825,3.75,A
94,hotel/consul,16.21,29.83,201.48,0.0,0,629,290.9922,1.2787,720.9174,0.0366,A
94,hotel/frontend,9968.19,121.6,1119.14,0.0,0,1081886,251587.6817,85.3531,720.9174,24.0,A
94,hotel/geo,1027.82,30.45,1119.06,0.0,0,2402,558.5742,8.8008,720.9174,2.56,A
94,hotel/jaeger,0.2,14.79,81.01,0.0,0,0,290.9922,1.2787,1.3592,0.0,A
94,hotel/memcached-profile,130.53,7.7,79.25,0.0,0,1026,290.9922,1.2787,720.9174,0.347,A
94,hotel/memcached-rate,106.49,7.59,79.25,0.0,0,1055,290.9922,1.2787,720.9174,0.293,A
94,hotel/memcached-reserve,151.48,7.16,79.25,0.0,0,1093,290.9922,1.2971,720.9174,0.402,A
94,hotel/mongodb-geo,7.98,63.06,400.43,0.0156,2,74,290.9922,1.2787,1.3592,0.0366,A
94,hotel/mongodb-profile,7.8,65.1,400.43,0.0156,2,84,290.9922,1.2787,1.3592,0.0183,A
94,hotel/mongodb-rate,7.72,64.85,400.43,0.0,0,69,290.9922,1.2787,1.3592,0.0183,A
94,hotel/mongodb-recommendation,7.94,63.04,400.43,0.0273,4,66,290.9922,1.2787,1.3592,0.0183,A
94,hotel/mongodb-reservation,10.2,253.5,400.43,0.0586,24,112,290.9922,1.2787,720.9174,0.0366,A
94,hotel/mongodb-user,8.26,63.04,400.43,0.0156,2,73,290.9922,1.2787,1.3592,0.0366,A
94,hotel/profile,3487.66,50.77,1119.06,0.0,0,75345,17521.138,29.8633,720.9174,8.43,A
94,hotel/rate,1404.74,38.2,1119.14,0.0,0,2556,594.3862,12.0282,720.9174,4.13,A
94,hotel/recommendation,695.39,27.97,1119.06,0.0,0,1778,413.4658,5.9543,720.9174,1.85,A
94,hotel/reservation,3631.53,71.36,1119.06,0.0,0,334474,77780.4115,31.0952,720.9174,8.81,A
94,hotel/search,2592.11,34.27,1119.06,0.0,0,16094,3742.5867,22.1951,720.9174,6.78,A
94,hotel/user,40.66,21.45,1119.06,0.0,0,595,290.9922,1.2787,720.9174,0.11,A
94,sn1/compose-post-service,1428.87,87.27,251.42,0.0,0,5052,1174.8197,12.2348,720.9174,3.22,A
94,sn1/home-timeline-redis,305.84,2553.8,952.74,0.0,0,1298,301.844,2.6188,720.9174,0.732,A
94,sn1/home-timeline-service,1673.52,110.27,251.42,0.0,0,3418,794.8404,14.3296,720.9174,4.02,A
94,sn1/jaeger,58.46,5542.08,75.0,0.0,0,576,290.9922,1.2787,720.9174,0.201,A
94,sn1/media-frontend,0.0,2027.57,648.43,0.0,0,0,290.9922,1.2787,1.3592,0.0,A
94,sn1/media-memcached,0.13,4.63,75.33,0.0,0,0,290.9922,1.2787,1.3592,0.0183,A
94,sn1/media-mongodb,9.86,73.93,704.02,0.0234,2,87,290.9922,1.2787,1.3592,0.0366,A
94,sn1/media-service,77.63,4.8,251.42,0.0,0,689,290.9922,1.2787,720.9174,0.183,A
94,sn1/nginx-thrift,24500.97,43678.15,620.32,52.9844,462,4973,1156.4486,209.7908,720.9174,58.9,A
94,sn1/post-storage-memcached,1816.36,70.77,75.33,0.0,0,4980,1158.0764,15.5527,720.9174,4.39,A
94,sn1/post-storage-mongodb,966.12,8188.58,4130.05,0.0352,2,795,290.9922,8.2725,720.9174,2.32,A
94,sn1/post-storage-service,7618.31,97.89,251.42,0.0,0,9453,2198.2523,65.2322,720.9174,18.2,A
94,sn1/social-graph-mongodb,10.01,727.98,757.02,1.6211,50,125,290.9922,1.2787,720.9174,0.0183,A
94,sn1/social-graph-redis,2.29,20.04,103.57,0.0,0,338,290.9922,1.2787,1.3592,0.0183,A
94,sn1/social-graph-service,0.0,31.3,251.42,0.0,0,0,290.9922,1.2787,1.3592,0.0,A
94,sn1/text-service,1495.32,86.32,251.42,0.0,0,4556,1059.4771,12.8038,720.9174,3.47,A
94,sn1/unique-id-service,82.68,4.77,251.42,0.0,0,706,290.9922,1.2787,720.9174,0.201,A
94,sn1/url-shorten-memcached,0.13,4.63,75.33,0.0,0,0,290.9922,1.2787,1.3592,0.0,A
94,sn1/url-shorten-mongodb,315.93,107.75,702.87,0.0,0,786,290.9922,2.7052,720.9174,0.677,A
94,sn1/url-shorten-service,1272.82,79.14,251.42,0.0,0,3734,868.3248,10.8986,720.9174,3.07,A
94,sn1/user-memcached,162.27,6.83,75.33,0.0,0,1742,405.0942,1.3894,720.9174,0.402,A
94,sn1/user-mention-service,245.26,6.9,251.42,0.0,0,989,290.9922,2.1001,720.9174,0.567,A
94,sn1/user-mongodb,10.02,97.23,704.78,0.0273,2,44,290.9922,1.2787,720.9174,0.0366,A
94,sn1/user-service,72.31,18.02,251.42,0.0,0,822,290.9922,1.2787,720.9174,0.165,A
94,sn1/user-timeline-mongodb,16.82,106.95,703.03,0.0312,4,302,290.9922,1.2787,720.9174,0.0366,A
94,sn1/user-timeline-redis,159.05,95.52,136.86,0.0,0,689,290.9922,1.3619,720.9174,0.384,A
94,sn1/user-timeline-service,1578.19,521.31,251.42,0.0,0,4717,1096.917,13.5133,720.9174,3.69,A
95,hotel/consul,16.5,29.83,201.48,0.0,0,2439,571.5971,1.2787,785.9569,0.0367,A
95,hotel/frontend,9980.49,127.15,1119.14,0.0,0,1029742,241327.4152,688.1026,785.9569,24.3,A
95,hotel/geo,997.9,29.76,1119.06,0.0,0,2077,486.7598,68.8,785.9569,3.25,A
95,hotel/jaeger,0.21,14.79,81.01,0.0,0,0,290.9922,1.2787,1.3592,0.0,A
95,hotel/memcached-profile,134.24,7.77,79.25,0.0,0,1191,290.9922,9.2551,785.9569,0.348,A
95,hotel/memcached-rate,105.13,7.59,79.25,0.0,0,1438,337.0056,7.2482,785.9569,0.257,A
95,hotel/memcached-reserve,150.82,7.15,79.25,0.0,0,1223,290.9922,10.3983,785.9569,0.385,A
95,hotel/mongodb-geo,7.67,63.06,400.43,0.0,0,41,290.9922,1.2787,1.3592,0.0367,A
95,hotel/mongodb-profile,7.52,65.1,400.43,0.0,0,122,290.9922,1.2787,1.3592,0.0183,A
95,hotel/mongodb-rate,8.45,64.85,400.43,0.0273,2,92,290.9922,1.2787,1.3592,0.0183,A
95,hotel/mongodb-recommendation,7.56,63.04,400.43,0.0,0,122,290.9922,1.2787,1.3592,0.0183,A
95,hotel/mongodb-reservation,8.96,253.51,400.43,0.0352,18,155,290.9922,1.2787,1.3592,0.0367,A
95,hotel/mongodb-user,7.55,63.04,400.43,0.0,0,70,290.9922,1.2787,1.3592,0.0183,A
95,hotel/profile,3490.2,52.6,1119.06,0.0,0,62358,14614.0441,240.631,785.9569,9.17,A
95,hotel/rate,1362.59,37.91,1119.14,0.0,0,3001,703.3059,93.9435,785.9569,2.97,A
95,hotel/recommendation,654.04,26.17,1119.06,0.0,0,1727,404.7348,45.0926,785.9569,1.72,A
95,hotel/reservation,3417.72,71.05,1119.06,0.0,0,225648,52882.2254,235.6339,785.9569,9.55,A
95,hotel/search,2510.93,36.16,1119.06,0.0,0,5053,1184.2068,173.1155,785.9569,6.93,A
95,hotel/user,49.81,21.59,1119.06,0.0,0,516,290.9922,3.4341,785.9569,0.128,A
95,sn1/compose-post-service,1435.22,86.68,251.42,0.0,0,5419,1269.9815,98.9509,785.9569,3.41,A
95,sn1/home-timeline-redis,304.81,2553.55,952.74,0.0,0,1201,290.9922,21.0151,785.9569,0.752,A
95,sn1/home-timeline-service,1669.76,110.92,251.42,0.0,0,3458,810.4071,115.1212,785.9569,4.02,A
95,sn1/jaeger,13.71,5548.11,75.0,0.0,0,414,290.9922,1.2787,785.9569,0.0733,A
95,sn1/media-frontend,0.0,2027.57,648.43,0.0,0,0,290.9922,1.2787,1.3592,0.0,A
95,sn1/media-memcached,0.12,4.63,75.33,0.0,0,0,290.9922,1.2787,1.3592,0.0,A
95,sn1/media-mongodb,8.24,73.93,704.02,0.0,0,89,290.9922,1.2787,1.3592,0.0183,A
95,sn1/media-service,78.27,4.8,251.42,0.0,0,667,290.9922,5.3963,785.9569,0.202,A
95,sn1/nginx-thrift,24450.04,43685.0,620.32,0.0,0,5083,1191.2375,1685.7024,785.9569,58.6,A
95,sn1/post-storage-memcached,1811.43,70.88,75.33,0.0,0,5470,1281.9337,124.8886,785.9569,4.35,A
95,sn1/post-storage-mongodb,957.79,8187.42,4130.05,0.0,0,862,290.9922,66.0346,785.9569,2.26,A
95,sn1/post-storage-service,7614.43,95.82,251.42,0.0,0,9917,2324.12,524.9751,785.9569,18.1,A
95,sn1/social-graph-mongodb,9.19,727.98,757.02,0.0,0,111,290.9922,1.2787,1.3592,0.0367,A
95,sn1/social-graph-redis,2.35,20.04,103.57,0.0,0,315,290.9922,1.2787,1.3592,0.0,A
95,sn1/social-graph-service,0.04,31.3,251.42,0.0,0,0,290.9922,1.2787,1.3592,0.0,A
95,sn1/text-service,1513.17,84.4,251.42,0.0,0,4784,1121.1647,104.3252,785.9569,3.69,A
95,sn1/unique-id-service,81.91,4.77,251.42,0.0,0,721,290.9922,5.6473,785.9569,0.202,A
95,sn1/url-shorten-memcached,0.16,4.63,75.33,0.0,0,0,290.9922,1.2787,1.3592,0.0,A
95,sn1/url-shorten-mongodb,325.21,105.63,702.87,0.0273,4,860,290.9922,22.4215,785.9569,0.972,A
95,sn1/url-shorten-service,1274.63,76.22,251.42,0.0,0,3457,810.1727,87.8791,785.9569,3.32,A
95,sn1/user-memcached,161.38,6.83,75.33,0.0,0,1890,442.935,11.1263,785.9569,0.385,A
95,sn1/user-mention-service,248.0,6.9,251.42,0.0,0,1037,290.9922,17.0983,785.9569,0.605,A
95,sn1/user-mongodb,8.99,97.23,704.78,0.0,0,69,290.9922,1.2787,1.3592,0.0367,A
95,sn1/user-service,73.12,18.02,251.42,0.0,0,722,290.9922,5.0412,785.9569,0.165,A
95,sn1/user-timeline-mongodb,16.1,106.95,703.03,0.0,0,486,290.9922,1.2787,785.9569,0.055,A
95,sn1/user-timeline-redis,161.13,95.52,136.86,0.0,0,799,290.9922,11.1091,785.9569,0.385,A
95,sn1/user-timeline-service,1571.6,520.73,251.42,0.0,0,4839,1134.0543,108.3536,785.9569,3.59,A
96,hotel/consul,15.37,29.83,201.48,0.0,0,758,290.9922,1.2787,751.3261,0.0376,A
96,hotel/frontend,9941.72,126.02,1119.14,0.0,0,1167057,278637.2721,96.588,751.3261,24.7,A
96,hotel/geo,939.93,31.28,1119.06,0.0,0,2077,495.888,9.1318,751.3261,2.44,A
96,hotel/jaeger,0.19,14.79,81.01,0.0,0,0,290.9922,1.2787,1.3592,0.0,A
96,hotel/memcached-profile,130.1,7.98,79.25,0.0,0,1003,290.9922,1.2787,751.3261,0.338,A
96,hotel/memcached-rate,105.82,7.61,79.25,0.0,0,771,290.9922,1.2787,751.3261,0.263,A
96,hotel/memcached-reserve,145.96,7.25,79.25,0.0,0,1221,291.5163,1.4181,751.3261,0.338,A
96,hotel/mongodb-geo,7.95,63.06,400.43,0.0156,2,49,290.9922,1.2787,1.3592,0.0376,A
96,hotel/mongodb-profile,7.68,65.1,400.43,0.0156,2,87,290.9922,1.2787,1.3592,0.0188,A
96,hotel/mongodb-rate,7.71,64.85,400.43,0.0,0,108,290.9922,1.2787,1.3592,0.0376,A
96,hotel/mongodb-recommendation,7.8,63.04,400.43,0.0273,4,92,290.9922,1.2787,1.3592,0.0,A
96,hotel/mongodb-reservation,9.97,253.52,400.43,0.0664,26,122,290.9922,1.2787,1.3592,0.0376,A
96,hotel/mongodb-user,8.1,63.04,400.43,0.0156,2,74,290.9922,1.2787,1.3592,0.0376,A
96,hotel/profile,3548.47,50.98,1119.06,0.0,0,79052,18873.8285,34.4749,751.3261,8.41,A
96,hotel/rate,1344.56,40.1,1119.14,0.0,0,2621,625.7692,13.063,751.3261,3.53,A
96,hotel/recommendation,659.04,27.85,1119.06,0.0,0,1666,397.7609,6.4028,751.3261,1.71,A
96,hotel/reservation,3391.76,66.34,1119.06,0.0,0,182570,43588.965,32.9524,751.3261,8.36,A
96,hotel/search,2536.61,40.34,1119.06,0.0,0,6864,1638.7942,24.6442,751.3261,6.74,A
96,hotel/user,41.42,21.57,1119.06,0.0,0,598,290.9922,1.2787,751.3261,0.131,A
96,sn1/compose-post-service,1405.12,85.03,251.42,0.0,0,4981,1189.2241,13.6513,751.3261,3.23,A
96,sn1/home-timeline-redis,298.35,2553.79,952.74,0.0,0,940,290.9922,2.8986,751.3261,0.714,A
96,sn1/home-timeline-service,1676.83,111.84,251.42,0.0,0,3154,753.024,16.2911,751.3261,4.15,A
96,sn1/jaeger,346.45,5573.77,75.0,0.0,0,846,290.9922,3.3659,751.3261,0.188,A
96,sn1/media-frontend,0.0,2027.57,648.43,0.0,0,0,290.9922,1.2787,1.3592,0.0,A
96,sn1/media-memcached,0.16,4.63,75.33,0.0,0,0,290.9922,1.2787,1.3592,0.0,A
96,sn1/media-mongodb,9.76,73.93,704.02,0.0352,4,114,290.9922,1.2787,1.3592,0.0376,A
96,sn1/media-service,76.42,4.8,251.42,0.0,0,777,290.9922,1.2787,751.3261,0.169,A
96,sn1/nginx-thrift,24512.26,43698.53,620.32,35.5273,318,4885,1166.3039,238.1468,751.3261,60.6,A
96,sn1/post-storage-memcached,1807.99,70.57,75.33,0.0,0,5155,1230.7669,17.5654,751.3261,4.45,A
96,sn1/post-storage-mongodb,962.04,8187.84,4130.05,0.0391,2,848,290.9922,9.3466,751.3261,2.31,A
96,sn1/post-storage-service,7648.97,95.14,251.42,0.0,0,9451,2256.4458,74.3129,751.3261,18.6,A
96,sn1/social-graph-mongodb,9.46,727.98,757.02,0.043,4,111,290.9922,1.2787,1.3592,0.0188,A
96,sn1/social-graph-redis,2.3,20.04,103.57,0.0,0,220,290.9922,1.2787,1.3592,0.0188,A
96,sn1/social-graph-service,0.0,31.3,251.42,0.0,0,0,290.9922,1.2787,1.3592,0.0,A
96,sn1/text-service,1496.6,82.48,251.42,0.0,0,4326,1032.8414,14.5401,751.3261,3.57,A
96,sn1/unique-id-service,81.22,4.77,251.42,0.0,0,642,290.9922,1.2787,751.3261,0.188,A
96,sn1/url-shorten-memcached,0.17,4.63,75.33,0.0,0,0,290.9922,1.2787,1.3592,0.0,A
96,sn1/url-shorten-mongodb,335.55,106.55,702.87,0.0,0,935,290.9922,3.26,751.3261,0.901,A
96,sn1/url-shorten-service,1300.26,74.75,251.42,0.0,0,3713,886.4864,12.6326,751.3261,3.21,A
96,sn1/user-memcached,160.32,6.35,75.33,0.0,0,1932,461.269,1.5576,751.3261,0.376,A
96,sn1/user-mention-service,245.88,6.88,251.42,0.0,0,1014,290.9922,2.3888,751.3261,0.582,A
96,sn1/user-mongodb,10.06,97.23,704.78,0.0352,6,44,290.9922,1.2787,751.3261,0.0188,A
96,sn1/user-service,71.73,18.02,251.42,0.0,0,943,290.9922,1.2787,751.3261,0.169,A
96,sn1/user-timeline-mongodb,16.14,106.95,703.03,0.0625,8,295,290.9922,1.2787,751.3261,0.0376,A
96,sn1/user-timeline-redis,158.16,95.53,136.86,0.0,0,889,290.9922,1.5366,751.3261,0.394,A
96,sn1/user-timeline-service,1557.27,524.12,251.42,0.0,0,4768,1138.3699,15.1295,751.3261,3.64,A
97,hotel/consul,18.94,29.83,201.48,0.0,0,641,290.9922,1.2787,754.3629,0.0374,A
97,hotel/frontend,9921.33,130.43,1119.14,0.0,0,804327,178735.8793,122.9579,754.3629,24.8,A
97,hotel/geo,1124.63,30.8,1119.06,0.0,0,2418,537.3229,13.9379,754.3629,2.82,A
97,hotel/jaeger,0.2,14.79,81.01,0.0,0,0,290.9922,1.2787,1.3592,0.0,A
97,hotel/memcached-profile,155.52,7.73,79.25,0.0,0,1080,290.9922,1.9274,754.3629,0.355,A
97,hotel/memcached-rate,132.06,7.58,79.25,0.0,0,1170,290.9922,1.6367,754.3629,0.299,A
97,hotel/memcached-reserve,182.05,7.18,79.25,0.0,0,1155,290.9922,2.2562,754.3629,0.411,A
97,hotel/mongodb-geo,7.91,63.06,400.43,0.0352,4,69,290.9922,1.2787,1.3592,0.0187,A
97,hotel/mongodb-profile,7.41,65.1,400.43,0.0352,4,141,290.9922,1.2787,1.3592,0.0187,A
97,hotel/mongodb-rate,8.74,64.85,400.43,0.0273,2,65,290.9922,1.2787,1.3592,0.0187,A
97,hotel/mongodb-recommendation,7.38,63.04,400.43,0.0352,4,68,290.9922,1.2787,1.3592,0.0187,A
97,hotel/mongodb-reservation,10.01,253.52,400.43,0.0508,26,88,290.9922,1.2787,754.3629,0.0374,A
97,hotel/mongodb-user,7.48,63.04,400.43,0.0352,4,113,290.9922,1.2787,1.3592,0.0187,A
97,hotel/profile,3547.03,45.8,1119.06,0.0,0,83364,18524.9753,43.9594,754.3629,8.09,A
97,hotel/rate,1641.47,41.32,1119.14,0.0,0,3018,670.6537,20.3432,754.3629,3.74,A
97,hotel/recommendation,764.59,33.87,1119.06,0.0,0,1837,408.2143,9.4758,754.3629,1.79,A
97,hotel/reservation,3841.21,71.44,1119.06,0.0,0,211522,47003.9806,47.6052,754.3629,9.12,A
97,hotel/search,2873.99,35.94,1119.06,0.0,0,15001,3333.4911,35.6182,754.3629,6.65,A
97,hotel/user,52.47,21.73,1119.06,0.0,0,633,290.9922,1.2787,754.3629,0.112,A
97,sn1/compose-post-service,1431.82,84.28,251.42,0.0,0,5440,1208.8655,17.745,754.3629,3.42,A
97,sn1/home-timeline-redis,292.12,2553.8,952.74,0.0,0,1592,353.7709,3.6203,754.3629,0.71,A
97,sn1/home-timeline-service,1686.18,111.59,251.42,0.0,0,3596,799.0957,20.8973,754.3629,4.05,A
97,sn1/jaeger,1876.2,5577.0,75.0,0.0,0,725,290.9922,23.2523,754.3629,9.75,A
97,sn1/media-frontend,0.0,2027.57,648.43,0.0,0,0,290.9922,1.2787,1.3592,0.0,A
97,sn1/media-memcached,0.14,4.63,75.33,0.0,0,0,290.9922,1.2787,1.3592,0.0,A
97,sn1/media-mongodb,8.67,74.18,704.02,0.0039,2,88,290.9922,1.2787,1.3592,0.0374,A
97,sn1/media-service,78.87,4.8,251.42,0.0,0,1154,290.9922,1.2787,754.3629,0.187,A
97,sn1/nginx-thrift,24735.46,43707.04,620.32,0.0,0,5865,1303.3081,306.5537,754.3629,59.9,A
97,sn1/post-storage-memcached,1847.31,70.85,75.33,0.0,0,6122,1360.4182,22.8942,754.3629,4.41,A
97,sn1/post-storage-mongodb,978.59,8187.43,4130.05,0.0078,4,988,290.9922,12.1279,754.3629,2.34,A
97,sn1/post-storage-service,7651.46,93.38,251.42,0.0,0,10725,2383.2873,94.8268,754.3629,18.3,A
97,sn1/social-graph-mongodb,8.49,727.98,757.02,0.0039,2,134,290.9922,1.2787,1.3592,0.0374,A
97,sn1/social-graph-redis,2.29,20.04,103.57,0.0,0,304,290.9922,1.2787,1.3592,0.0,A
97,sn1/social-graph-service,0.06,31.3,251.42,0.0,0,0,290.9922,1.2787,1.3592,0.0,A
97,sn1/text-service,1502.19,83.38,251.42,0.0,0,5159,1146.4223,18.6171,754.3629,3.76,A
97,sn1/unique-id-service,81.79,4.77,251.42,0.0,0,859,290.9922,1.2787,754.3629,0.187,A
97,sn1/url-shorten-memcached,0.18,4.63,75.33,0.0,0,0,290.9922,1.2787,1.3592,0.0,A
97,sn1/url-shorten-mongodb,378.81,106.98,702.87,0.0234,2,1053,290.9922,4.6947,754.3629,1.05,A
97,sn1/url-shorten-service,1409.86,76.72,251.42,0.0,0,4443,987.3143,17.4728,754.3629,3.55,A
97,sn1/user-memcached,163.88,6.59,75.33,0.0,0,2164,480.8796,2.031,754.3629,0.392,A
97,sn1/user-mention-service,246.27,6.88,251.42,0.0,0,1062,290.9922,3.0521,754.3629,0.598,A
97,sn1/user-mongodb,9.35,97.23,704.78,0.0,0,92,290.9922,1.2787,1.3592,0.0374,A
97,sn1/user-service,72.83,18.02,251.42,0.0,0,711,290.9922,1.2787,754.3629,0.187,A
97,sn1/user-timeline-mongodb,15.16,106.95,703.03,0.0,0,1057,290.9922,1.2787,754.3629,0.0374,A
97,sn1/user-timeline-redis,160.4,96.27,136.86,0.0,0,883,290.9922,1.9879,754.3629,0.374,A
97,sn1/user-timeline-service,1594.16,521.76,251.42,0.0,0,5145,1143.3112,19.7569,754.3629,3.63,A
98,hotel/consul,16.61,29.83,201.48,0.0,0,1736,375.252,1.2787,695.4802,0.0369,A
98,hotel/frontend,9994.92,135.06,1119.14,0.0,0,749870,162091.1486,187.9021,695.4802,24.5,A
98,hotel/geo,1107.71,28.48,1119.06,0.0,0,2326,502.7858,20.8247,695.4802,2.33,A
98,hotel/jaeger,0.2,14.79,81.01,0.0,0,0,290.9922,1.2787,1.3592,0.0,A
98,hotel/memcached-profile,145.72,7.72,79.25,0.0,0,1164,290.9922,2.7395,695.4802,0.351,A
98,hotel/memcached-rate,119.13,7.6,79.25,0.0,0,1242,290.9922,2.2396,695.4802,0.277,A
98,hotel/memcached-reserve,173.73,7.19,79.25,0.0,0,1003,290.9922,3.2661,695.4802,0.406,A
98,hotel/mongodb-geo,8.26,63.06,400.43,0.0156,2,84,290.9922,1.2787,1.3592,0.0369,A
98,hotel/mongodb-profile,7.85,65.1,400.43,0.0156,2,78,290.9922,1.2787,1.3592,0.0185,A
98,hotel/mongodb-rate,7.76,64.85,400.43,0.0,0,112,290.9922,1.2787,1.3592,0.0369,A
98,hotel/mongodb-recommendation,8.4,63.04,400.43,0.0156,2,1407,304.1357,1.2787,1.3592,0.0185,A
98,hotel/mongodb-reservation,10.07,253.52,400.43,0.0742,30,77,290.9922,1.2787,695.4802,0.0185,A
98,hotel/mongodb-user,8.06,63.04,400.43,0.0156,2,94,290.9922,1.2787,1.3592,0.0369,A
98,hotel/profile,3629.26,47.39,1119.06,0.0,0,103417,22354.5152,68.2292,695.4802,8.42,A
98,hotel/rate,1550.29,39.14,1119.14,0.0,0,3126,675.713,29.1451,695.4802,3.47,A
98,hotel/recommendation,723.8,27.92,1119.06,0.0,0,1805,390.167,13.6073,695.4802,1.53,A
98,hotel/reservation,3780.4,68.64,1119.06,0.0,0,323470,69920.9514,71.0706,695.4802,8.23,A
98,hotel/search,2894.14,38.04,1119.06,0.0,0,9785,2115.1158,54.4091,695.4802,6.39,A
98,hotel/user,49.15,21.49,1119.06,0.0,0,894,290.9922,1.2787,695.4802,0.0923,A
98,sn1/compose-post-service,1393.1,84.03,251.42,0.0,0,5330,1152.1275,26.1899,695.4802,3.27,A
98,sn1/home-timeline-redis,306.71,2553.89,952.74,0.0,0,1096,290.9922,5.7661,695.4802,0.757,A
98,sn1/home-timeline-service,1680.13,109.47,251.42,0.0,0,3504,757.4211,31.586,695.4802,4.12,A
98,sn1/jaeger,65.2,5577.2,75.0,0.0,0,536,290.9922,1.2787,695.4802,0.221,A
98,sn1/media-frontend,0.0,2027.57,648.43,0.0,0,0,290.9922,1.2787,1.3592,0.0,A
98,sn1/media-memcached,0.14,4.63,75.33,0.0,0,0,290.9922,1.2787,1.3592,0.0,A
98,sn1/media-mongodb,10.71,73.94,704.02,0.0352,6,108,290.9922,1.2787,695.4802,0.0369,A
98,sn1/media-service,76.61,4.8,251.42,0.0,0,609,290.9922,1.4402,695.4802,0.203,A
98,sn1/nginx-thrift,24405.48,43713.03,620.32,0.0,0,5588,1207.8965,458.8172,695.4802,59.4,A
98,sn1/post-storage-memcached,1821.33,70.74,75.33,0.0,0,5367,1160.1253,34.2406,695.4802,4.37,A
98,sn1/post-storage-mongodb,959.65,8187.48,4130.05,8.9336,148,891,290.9922,18.0412,695.4802,2.29,A
98,sn1/post-storage-service,7624.07,96.94,251.42,0.0,0,10201,2205.0379,143.3307,695.4802,18.1,A
98,sn1/social-graph-mongodb,10.63,727.98,757.02,0.0273,2,120,290.9922,1.2787,695.4802,0.0369,A
98,sn1/social-graph-redis,2.57,20.04,103.57,0.0,0,1058,290.9922,1.2787,1.3592,0.0,A
98,sn1/social-graph-service,0.0,31.3,251.42,0.0,0,0,290.9922,1.2787,1.3592,0.0,A
98,sn1/text-service,1494.27,79.27,251.42,0.0,0,4867,1052.0458,28.0919,695.4802,3.54,A
98,sn1/unique-id-service,81.85,4.77,251.42,0.0,0,638,290.9922,1.5388,695.4802,0.203,A
98,sn1/url-shorten-memcached,0.15,4.63,75.33,0.0,0,0,290.9922,1.2787,1.3592,0.0,A
98,sn1/url-shorten-mongodb,364.84,107.3,702.87,0.0,0,1334,290.9922,6.8589,695.4802,1.02,A
98,sn1/url-shorten-service,1408.01,73.61,251.42,0.0,0,4859,1050.3166,26.4703,695.4802,3.65,A
98,sn1/user-memcached,161.46,6.62,75.33,0.0,0,1802,389.5185,3.0354,695.4802,0.369,A
98,sn1/user-mention-service,246.53,6.88,251.42,0.0,0,1041,290.9922,4.6347,695.4802,0.572,A
98,sn1/user-mongodb,10.43,97.23,704.78,0.0273,2,135,290.9922,1.2787,695.4802,0.0369,A
98,sn1/user-service,71.81,18.02,251.42,0.0,0,821,290.9922,1.35,695.4802,0.166,A
98,sn1/user-timeline-mongodb,16.12,106.95,703.03,0.0234,2,378,290.9922,1.2787,695.4802,0.0554,A
98,sn1/user-timeline-redis,159.36,96.03,136.86,0.0,0,918,290.9922,2.9959,695.4802,0.388,A
98,sn1/user-timeline-service,1562.28,519.13,251.42,0.0,0,5161,1115.5966,29.3705,695.4802,3.58,A
99,hotel/consul,15.73,29.83,201.48,0.0,0,1037,290.9922,1.2787,762.0378,0.0386,A
99,hotel/frontend,9985.75,121.79,1119.14,0.0,0,1008960,251145.3091,102.2967,762.0378,25.4,A
99,hotel/geo,1016.75,31.21,1119.06,0.0,0,2080,517.7433,10.4159,762.0378,2.68,A
99,hotel/jaeger,0.2,14.79,81.01,0.0,0,0,290.9922,1.2787,1.3592,0.0,A
99,hotel/memcached-profile,136.75,7.73,79.25,0.0,0,1017,290.9922,1.4009,762.0378,0.386,A
99,hotel/memcached-rate,107.78,7.57,79.25,0.0,0,943,290.9922,1.2787,762.0378,0.27,A
99,hotel/memcached-reserve,157.41,7.17,79.25,0.0,0,1203,299.4448,1.6126,762.0378,0.425,A
99,hotel/mongodb-geo,8.07,63.06,400.43,0.0,0,74,290.9922,1.2787,1.3592,0.0386,A
99,hotel/mongodb-profile,7.83,65.1,400.43,0.0,0,186,290.9922,1.2787,1.3592,0.0386,A
99,hotel/mongodb-rate,8.9,64.85,400.43,0.0469,4,97,290.9922,1.2787,1.3592,0.0386,A
99,hotel/mongodb-recommendation,7.81,63.04,400.43,0.0,0,66,290.9922,1.2787,1.3592,0.0386,A
99,hotel/mongodb-reservation,8.88,253.53,400.43,0.0156,8,82,290.9922,1.2787,1.3592,0.0193,A
99,hotel/mongodb-user,7.63,63.04,400.43,0.0,0,257,290.9922,1.2787,1.3592,0.0386,A
99,hotel/profile,3218.92,47.05,1119.06,0.0,0,33878,8432.7434,32.9755,762.0378,7.45,A
99,hotel/rate,1278.7,41.68,1119.14,0.0,0,2938,731.3124,13.0994,762.0378,3.67,A
99,hotel/recommendation,674.99,26.16,1119.06,0.0,0,1665,414.4435,6.9148,762.0378,1.89,A
99,hotel/reservation,3336.86,74.53,1119.06,0.0,0,193504,48166.054,34.1837,762.0378,8.51,A
99,hotel/search,2426.85,32.7,1119.06,0.0,0,4721,1175.1279,24.8613,762.0378,6.78,A
99,hotel/user,44.46,20.68,1119.06,0.0,0,531,290.9922,1.2787,762.0378,0.116,A
99,sn1/compose-post-service,1324.97,82.3,251.42,0.0,0,4955,1233.374,13.5734,762.0378,3.17,A
99,sn1/home-timeline-redis,299.87,2554.42,952.74,0.0,0,1319,328.3189,3.0719,762.0378,0.772,A
99,sn1/home-timeline-service,1666.59,111.21,251.42,0.0,0,3605,897.3387,17.073,762.0378,4.15,A
99,sn1/jaeger,15.71,5577.21,75.0,0.0,0,714,290.9922,1.2787,762.0378,0.0772,A
99,sn1/media-frontend,0.0,2027.57,648.43,0.0,0,0,290.9922,1.2787,1.3592,0.0,A
99,sn1/media-memcached,0.16,4.63,75.33,0.0,0,0,290.9922,1.2787,1.3592,0.0,A
99,sn1/media-mongodb,8.75,73.94,704.02,0.0,0,87,290.9922,1.2787,1.3592,0.0193,A
99,sn1/media-service,73.48,4.8,251.42,0.0,0,713,290.9922,1.2787,762.0378,0.174,A
99,sn1/nginx-thrift,24429.56,43732.18,620.32,53.207,462,5124,1275.4406,250.2631,762.0378,62.2,A
99,sn1/post-storage-memcached,1797.46,71.09,75.33,0.0,0,5573,1387.2035,18.4137,762.0378,4.61,A
99,sn1/post-storage-mongodb,962.41,8187.42,4130.05,0.0,0,884,290.9922,9.8592,762.0378,2.51,A
99,sn1/post-storage-service,7557.14,95.74,251.42,0.0,0,9744,2425.4281,77.4174,762.0378,19.2,A
99,sn1/social-graph-mongodb,11.23,727.98,757.02,0.0039,2,93,290.9922,1.2787,762.0378,0.0193,A
99,sn1/social-graph-redis,2.52,20.04,103.57,0.0,0,210,290.9922,1.2787,1.3592,0.0193,A
99,sn1/social-graph-service,0.04,31.3,251.42,0.0,0,0,290.9922,1.2787,1.3592,0.0,A
99,sn1/text-service,1394.82,73.56,251.42,0.0,0,4620,1149.9874,14.2889,762.0378,3.49,A
99,sn1/unique-id-service,77.83,4.77,251.42,0.0,0,693,290.9922,1.2787,762.0378,0.174,A
99,sn1/url-shorten-memcached,0.17,4.63,75.33,0.0,0,0,290.9922,1.2787,1.3592,0.0,A
99,sn1/url-shorten-mongodb,349.15,106.56,702.87,0.0234,2,1186,295.2132,3.5768,762.0378,1.0,A
99,sn1/url-shorten-service,1330.56,70.21,251.42,0.0,0,4635,1153.7212,13.6306,762.0378,3.65,A
99,sn1/user-memcached,154.37,6.62,75.33,0.0,0,1817,452.2786,1.5814,762.0378,0.386,A
99,sn1/user-mention-service,234.6,6.91,251.42,0.0,0,875,290.9922,2.4033,762.0378,0.579,A
99,sn1/user-mongodb,9.79,97.23,704.78,0.0039,2,69,290.9922,1.2787,1.3592,0.0386,A
99,sn1/user-service,69.02,18.02,251.42,0.0,0,618,290.9922,1.2787,762.0378,0.154,A
99,sn1/user-timeline-mongodb,15.71,106.95,703.03,0.0,0,454,290.9922,1.2787,762.0378,0.0579,A
99,sn1/user-timeline-redis,156.61,95.54,136.86,0.0,0,966,290.9922,1.6044,762.0378,0.386,A
99,sn1/user-timeline-service,1557.04,519.69,251.42,0.0,0,4663,1160.6908,15.9507,762.0378,3.92,A
100,hotel/consul,15.15,29.83,201.48,0.0,0,1073,290.9922,1.2787,725.3631,0.0178,A
100,hotel/frontend,9920.62,114.57,1119.14,0.0,0,776654,178310.9306,146.4431,725.3631,23.3,A
100,hotel/geo,1161.19,28.26,1119.06,0.0,0,2159,495.6819,17.1409,725.3631,2.62,A
100,hotel/jaeger,0.24,14.79,81.01,0.0,0,0,290.9922,1.2787,1.3592,0.0,A
100,hotel/memcached-profile,146.24,7.71,79.25,0.0,0,1066,290.9922,2.1587,725.3631,0.356,A
100,hotel/memcached-rate,117.85,7.57,79.25,0.0,0,968,290.9922,1.7396,725.3631,0.267,A
100,hotel/memcached-reserve,164.86,7.18,79.25,0.0,0,912,290.9922,2.4336,725.3631,0.392,A
100,hotel/mongodb-geo,8.25,63.06,400.43,0.0195,4,60,290.9922,1.2787,1.3592,0.0178,A
100,hotel/mongodb-profile,7.75,65.1,400.43,0.0156,2,64,290.9922,1.2787,1.3592,0.0178,A
100,hotel/mongodb-rate,7.76,64.85,400.43,0.0,0,180,290.9922,1.2787,1.3592,0.0178,A
100,hotel/mongodb-recommendation,7.89,63.04,400.43,0.0156,2,95,290.9922,1.2787,1.3592,0.0356,A
100,hotel/mongodb-reservation,10.04,253.53,400.43,0.0781,30,96,290.9922,1.2787,725.3631,0.0356,A
100,hotel/mongodb-user,8.2,63.04,400.43,0.0273,4,69,290.9922,1.2787,1.3592,0.0178,A
100,hotel/profile,3669.29,54.09,1119.06,0.0,0,68187,15654.9602,54.1642,725.3631,8.16,A
100,hotel/rate,1441.32,41.84,1119.14,0.0,0,2739,628.8433,21.276,725.3631,3.05,A
100,hotel/recommendation,761.53,28.29,1119.06,0.0,0,1650,378.8212,11.2413,725.3631,1.75,A
100,hotel/reservation,3698.44,68.41,1119.06,0.0,0,258521,59353.4831,54.5945,725.3631,7.66,A
100,hotel/search,2702.66,39.57,1119.06,0.0,0,10277,2359.4824,39.8953,725.3631,5.45,A
100,hotel/user,47.47,20.68,1119.06,0.0,0,759,290.9922,1.2787,725.3631,0.107,A
100,sn1/compose-post-service,1428.15,83.81,251.42,0.0,0,5625,1291.4361,21.0816,725.3631,3.21,A
100,sn1/home-timeline-redis,293.4,2553.74,952.74,0.0,0,1113,290.9922,4.331,725.3631,0.695,A
100,sn1/home-timeline-service,1646.49,109.21,251.42,0.0,0,3637,835.0139,24.3046,725.3631,3.88,A
100,sn1/jaeger,63.0,5577.23,75.0,0.0,0,912,290.9922,1.2787,725.3631,0.267,A
100,sn1/media-frontend,0.0,2027.57,648.43,0.0,0,0,290.9922,1.2787,1.3592,0.0,A
100,sn1/media-memcached,0.14,4.63,75.33,0.0,0,0,290.9922,1.2787,1.3592,0.0,A
100,sn1/media-mongodb,9.8,73.94,704.02,0.0273,2,117,290.9922,1.2787,1.3592,0.0178,A
100,sn1/media-service,77.49,4.73,251.42,0.0,0,759,290.9922,1.2787,725.3631,0.178,A
100,sn1/nginx-thrift,24345.64,43738.54,620.32,0.0,0,5934,1362.379,359.3778,725.3631,57.1,A
100,sn1/post-storage-memcached,1809.6,70.85,75.33,0.0,0,5304,1217.7381,26.7124,725.3631,4.22,A
100,sn1/post-storage-mongodb,948.02,8187.75,4130.05,0.043,2,854,290.9922,13.9942,725.3631,2.19,A
100,sn1/post-storage-service,7558.32,94.35,251.42,0.0,0,10327,2370.9618,111.572,725.3631,17.5,A
100,sn1/social-graph-mongodb,10.19,727.99,757.02,0.0273,2,78,290.9922,1.2787,725.3631,0.0178,A
100,sn1/social-graph-redis,2.27,20.04,103.57,0.0,0,428,290.9922,1.2787,1.3592,0.0,A
100,sn1/social-graph-service,0.0,31.3,251.42,0.0,0,0,290.9922,1.2787,1.3592,0.0,A
100,sn1/text-service,1514.12,78.29,251.42,0.0,0,5298,1216.3606,22.3507,725.3631,3.49,A
100,sn1/unique-id-service,81.54,4.77,251.42,0.0,0,690,290.9922,1.2787,725.3631,0.178,A
100,sn1/url-shorten-memcached,0.17,4.63,75.33,0.0,0,0,290.9922,1.2787,1.3592,0.0,A
100,sn1/url-shorten-mongodb,341.18,107.17,702.87,0.0,0,1034,290.9922,5.0363,725.3631,0.909,A
100,sn1/url-shorten-service,1352.11,73.02,251.42,0.0,0,5227,1200.0598,19.9592,725.3631,3.44,A
100,sn1/user-memcached,169.79,6.62,75.33,0.0,0,2172,498.6665,2.5064,725.3631,0.41,A
100,sn1/user-mention-service,255.15,6.91,251.42,0.0,0,1122,290.9922,3.7664,725.3631,0.624,A
100,sn1/user-mongodb,10.17,97.24,704.78,0.0469,4,71,290.9922,1.2787,725.3631,0.0178,A
100,sn1/user-service,72.29,18.02,251.42,0.0,0,811,290.9922,1.2787,725.3631,0.16,A
100,sn1/user-timeline-mongodb,15.86,106.95,703.03,0.0273,2,531,290.9922,1.2787,725.3631,0.0535,A
100,sn1/user-timeline-redis,157.06,95.54,136.86,0.0,0,743,290.9922,2.3184,725.3631,0.374,A
100,sn1/user-timeline-service,1562.07,519.41,251.42,0.0,0,5349,1228.0696,23.0585,725.3631,3.47,A
101,hotel/consul,15.32,29.83,201.48,0.0,0,667,290.9922,1.2787,781.2844,0.0386,A
101,hotel/frontend,9845.48,118.04,1119.14,0.0,0,912194,204236.0436,151.333,781.2844,25.5,A
101,hotel/geo,1064.17,28.34,1119.06,0.0,0,2300,514.9594,16.3572,781.2844,2.3,A
101,hotel/jaeger,0.22,14.79,81.01,0.0,0,0,290.9922,1.2787,1.3592,0.0,A
101,hotel/memcached-profile,141.79,7.72,79.25,0.0,0,1127,290.9922,2.1794,781.2844,0.367,A
101,hotel/memcached-rate,116.62,7.59,79.25,0.0,0,1142,290.9922,1.7925,781.2844,0.289,A
101,hotel/memcached-reserve,158.31,7.18,79.25,0.0,0,1280,290.9922,2.4334,781.2844,0.405,A
101,hotel/mongodb-geo,7.98,63.06,400.43,0.0,0,121,290.9922,1.2787,1.3592,0.0386,A
101,hotel/mongodb-profile,7.85,65.1,400.43,0.0,0,62,290.9922,1.2787,1.3592,0.0193,A
101,hotel/mongodb-rate,9.01,64.86,400.43,0.1055,14,119,290.9922,1.2787,1.3592,0.0193,A
101,hotel/mongodb-recommendation,7.9,63.04,400.43,0.0,0,171,290.9922,1.2787,1.3592,0.0386,A
101,hotel/mongodb-reservation,8.9,253.54,400.43,0.0352,18,107,290.9922,1.2787,1.3592,0.0193,A
101,hotel/mongodb-user,8.03,63.04,400.43,0.0,0,188,290.9922,1.2787,1.3592,0.0193,A
101,hotel/profile,3575.18,50.56,1119.06,0.0,0,123090,27559.2852,54.9534,781.2844,8.51,A
101,hotel/rate,1492.61,40.39,1119.14,0.0,0,3034,679.2987,22.9426,781.2844,3.47,A
101,hotel/recommendation,731.92,28.01,1119.06,0.0,0,1881,421.1473,11.2502,781.2844,1.89,A
101,hotel/reservation,3541.16,76.8,1119.06,0.0,0,308245,69014.6386,54.4305,781.2844,8.76,A
101,hotel/search,2644.78,37.05,1119.06,0.0,0,12050,2697.9396,40.6524,781.2844,5.69,A
101,hotel/user,47.06,21.04,1119.06,0.0,0,497,290.9922,1.2787,781.2844,0.135,A
101,sn1/compose-post-service,1349.85,82.09,251.42,0.0,0,5067,1134.478,20.7483,781.2844,3.24,A
101,sn1/home-timeline-redis,291.67,2554.0,952.74,0.0,0,1226,290.9922,4.4832,781.2844,0.733,A
101,sn1/home-timeline-service,1659.03,108.12,251.42,0.0,0,3466,776.0215,25.5006,781.2844,4.26,A
101,sn1/jaeger,14.63,5577.23,75.0,0.0,0,290,290.9922,1.2787,781.2844,0.0772,A
101,sn1/media-frontend,0.0,2027.57,648.43,0.0,0,0,290.9922,1.2787,1.3592,0.0,A
101,sn1/media-memcached,0.16,4.63,75.33,0.0,0,0,290.9922,1.2787,1.3592,0.0,A
101,sn1/media-mongodb,8.42,73.94,704.02,0.0,0,66,290.9922,1.2787,1.3592,0.0386,A
101,sn1/media-service,73.32,4.73,251.42,0.0,0,781,290.9922,1.2787,781.2844,0.193,A
101,sn1/nginx-thrift,24264.63,43743.66,620.32,0.0,0,5326,1192.4669,372.9669,781.2844,61.6,A
101,sn1/post-storage-memcached,1797.02,70.6,75.33,0.0,0,5237,1172.5402,27.6216,781.2844,4.57,A
101,sn1/post-storage-mongodb,938.68,8187.46,4130.05,0.0,0,809,290.9922,14.4283,781.2844,2.35,A
101,sn1/post-storage-service,7522.13,92.01,251.42,0.0,0,9398,2104.169,115.6212,781.2844,19.0,A
101,sn1/social-graph-mongodb,8.97,727.99,757.02,0.0,0,120,290.9922,1.2787,1.3592,0.0386,A
101,sn1/social-graph-redis,2.2,20.04,103.57,0.0,0,249,290.9922,1.2787,1.3592,0.0,A
101,sn1/social-graph-service,0.05,31.3,251.42,0.0,0,0,290.9922,1.2787,1.3592,0.0,A
101,sn1/text-service,1437.29,77.22,251.42,0.0,0,4648,1040.6658,22.0923,781.2844,3.45,A
101,sn1/unique-id-service,77.08,4.61,251.42,0.0,0,813,290.9922,1.2787,781.2844,0.193,A
101,sn1/url-shorten-memcached,0.14,4.63,75.33,0.0,0,0,290.9922,1.2787,1.3592,0.0,A
101,sn1/url-shorten-mongodb,319.93,107.32,702.87,0.0703,10,836,290.9922,4.9176,781.2844,0.887,A
101,sn1/url-shorten-service,1276.35,70.51,251.42,0.0,0,3656,818.5616,19.6185,781.2844,3.28,A
101,sn1/user-memcached,155.55,6.61,75.33,0.0,0,2027,453.836,2.3909,781.2844,0.367,A
101,sn1/user-mention-service,237.16,6.92,251.42,0.0,0,1092,290.9922,3.6453,781.2844,0.579,A
101,sn1/user-mongodb,9.01,97.24,704.78,0.0,0,70,290.9922,1.2787,1.3592,0.0386,A
101,sn1/user-service,69.66,18.02,251.42,0.0,0,806,290.9922,1.2787,781.2844,0.193,A
101,sn1/user-timeline-mongodb,15.53,106.95,703.03,0.0,0,357,290.9922,1.2787,781.2844,0.0386,A
101,sn1/user-timeline-redis,155.31,96.04,136.86,0.0,0,833,290.9922,2.3872,781.2844,0.367,A
101,sn1/user-timeline-service,1557.86,519.3,251.42,0.0,0,4751,1063.7271,23.9456,781.2844,3.86,A
102,hotel/consul,17.71,27.59,201.48,0.0,0,650,290.9922,1.2787,779.8643,0.0536,A
102,hotel/frontend,9967.44,125.64,1119.14,0.0,0,880633,189129.6547,93.9094,779.8643,23.7,A
102,hotel/geo,1145.76,31.39,1119.06,0.0,0,1974,423.9472,10.7949,779.8643,2.87,A
102,hotel/jaeger,0.27,14.79,81.01,0.0,0,0,290.9922,1.2787,1.3592,0.0,A
102,hotel/memcached-profile,146.13,7.73,79.25,0.0,0,987,290.9922,1.3768,779.8643,0.362,A
102,hotel/memcached-rate,117.01,7.6,79.25,0.0,0,1278,290.9922,1.2787,779.8643,0.295,A
102,hotel/memcached-reserve,164.94,7.21,79.25,0.0,0,927,290.9922,1.554,779.8643,0.402,A
102,hotel/mongodb-geo,7.95,63.07,400.43,0.0195,2,54,290.9922,1.2787,1.3592,0.0268,A
102,hotel/mongodb-profile,7.7,65.11,400.43,0.0195,2,54,290.9922,1.2787,1.3592,0.0268,A
102,hotel/mongodb-rate,7.28,64.86,400.43,0.0,0,79,290.9922,1.2787,1.3592,0.0134,A
102,hotel/mongodb-recommendation,8.08,63.04,400.43,0.0195,2,131,290.9922,1.2787,1.3592,0.0134,A
102,hotel/mongodb-reservation,9.44,253.54,400.43,0.0547,20,111,290.9922,1.2787,1.3592,0.0268,A
102,hotel/mongodb-user,7.95,63.04,400.43,0.0195,2,74,290.9922,1.2787,1.3592,0.0134,A
102,hotel/profile,3430.92,47.45,1119.06,0.0,0,117959,25333.5327,32.3248,779.8643,8.55,A
102,hotel/rate,1500.92,40.8,1119.14,0.0,0,2725,585.2362,14.1411,779.8643,3.47,A
102,hotel/recommendation,769.86,31.04,1119.06,0.0,0,1682,361.2357,7.2533,779.8643,1.96,A
102,hotel/reservation,3620.44,67.26,1119.06,0.0,0,324795,69754.7857,34.1104,779.8643,8.99,A
102,hotel/search,2897.86,40.37,1119.06,0.0,0,11797,2533.5895,27.3025,779.8643,7.06,A
102,hotel/user,47.32,21.06,1119.06,0.0,0,750,290.9922,1.2787,779.8643,0.0938,A
102,sn1/compose-post-service,1365.16,79.21,251.42,0.0,0,5226,1122.3649,12.862,779.8643,3.16,A
102,sn1/home-timeline-redis,298.8,2553.72,952.74,0.0,0,960,290.9922,2.8152,779.8643,0.737,A
102,sn1/home-timeline-service,1669.16,111.05,251.42,0.0,0,3274,703.1425,15.7262,779.8643,4.05,A
102,sn1/jaeger,63.19,5577.23,75.0,0.0,0,573,290.9922,1.2787,779.8643,0.389,A
102,sn1/media-frontend,0.0,2027.57,648.43,0.0,0,0,290.9922,1.2787,1.3592,0.0,A
102,sn1/media-memcached,0.15,4.63,75.33,0.0,0,0,290.9922,1.2787,1.3592,0.0,A
102,sn1/media-mongodb,9.67,73.94,704.02,0.0273,2,134,290.9922,1.2787,1.3592,0.0268,A
102,sn1/media-service,73.18,4.67,251.42,0.0,0,656,290.9922,1.2787,779.8643,0.188,A
102,sn1/nginx-thrift,24391.49,43748.99,620.32,52.5312,452,4979,1069.3178,229.8072,779.8643,59.4,A
102,sn1/post-storage-memcached,1821.18,70.62,75.33,0.0,0,5259,1129.4522,17.1585,779.8643,4.42,A
102,sn1/post-storage-mongodb,960.9,8187.42,4130.05,0.043,2,926,290.9922,9.0532,779.8643,2.32,A
102,sn1/post-storage-service,7633.46,92.43,251.42,0.0,0,9876,2121.0248,71.9195,779.8643,18.4,A
102,sn1/social-graph-mongodb,9.92,727.99,757.02,0.0273,2,156,290.9922,1.2787,1.3592,0.0268,A
102,sn1/social-graph-redis,2.41,20.04,103.57,0.0,0,225,290.9922,1.2787,1.3592,0.0,A
102,sn1/social-graph-service,0.0,31.3,251.42,0.0,0,0,290.9922,1.2787,1.3592,0.0,A
102,sn1/text-service,1440.62,71.53,251.42,0.0,0,4483,962.7941,13.573,779.8643,3.51,A
102,sn1/unique-id-service,78.75,4.71,251.42,0.0,0,642,290.9922,1.2787,779.8643,0.188,A
102,sn1/url-shorten-memcached,0.22,4.63,75.33,0.0,0,0,290.9922,1.2787,1.3592,0.0,A
102,sn1/url-shorten-mongodb,308.24,108.13,702.87,0.0,0,1226,290.9922,2.9041,779.8643,0.777,A
102,sn1/url-shorten-service,1243.93,69.3,251.42,0.0,0,3736,802.3642,11.7198,779.8643,2.99,A
102,sn1/user-memcached,159.84,6.35,75.33,0.0,0,1758,377.5579,1.506,779.8643,0.389,A
102,sn1/user-mention-service,243.39,6.91,251.42,0.0,0,960,290.9922,2.2931,779.8643,0.59,A
102,sn1/user-mongodb,9.82,97.24,704.78,0.0273,2,59,290.9922,1.2787,1.3592,0.0268,A
102,sn1/user-service,70.27,18.02,251.42,0.0,0,742,290.9922,1.2787,779.8643,0.174,A
102,sn1/user-timeline-mongodb,16.42,106.95,703.03,0.0312,4,280,290.9922,1.2787,779.8643,0.0402,A
102,sn1/user-timeline-redis,161.86,95.79,136.86,0.0,0,859,290.9922,1.525,779.8643,0.402,A
102,sn1/user-timeline-service,1582.05,521.38,251.42,0.0,0,4881,1048.2708,14.9055,779.8643,3.71,A
103,hotel/consul,15.05,27.59,201.48,0.0,0,1579,371.1095,1.2787,784.6675,0.036,A
103,hotel/frontend,9980.15,115.79,1119.14,0.0,0,1049725,246714.9775,116.2982,784.6675,23.1,A
103,hotel/geo,1008.62,27.54,1119.06,0.0,0,2384,560.3072,11.7534,784.6675,2.21,A
103,hotel/jaeger,0.2,14.79,81.01,0.0,0,0,290.9922,1.2787,1.3592,0.0,A
103,hotel/memcached-profile,135.99,7.71,79.25,0.0,0,1198,290.9922,1.5847,784.6675,0.342,A
103,hotel/memcached-rate,106.67,7.6,79.25,0.0,0,1065,290.9922,1.2787,784.6675,0.252,A
103,hotel/memcached-reserve,156.29,7.23,79.25,0.0,0,1077,290.9922,1.8212,784.6675,0.342,A
103,hotel/mongodb-geo,7.49,63.07,400.43,0.0508,12,349,290.9922,1.2787,1.3592,0.036,A
103,hotel/mongodb-profile,7.27,65.11,400.43,0.0469,10,561,290.9922,1.2787,1.3592,0.0,A
103,hotel/mongodb-rate,7.91,64.86,400.43,0.0312,2,98,290.9922,1.2787,1.3592,0.0,A
103,hotel/mongodb-recommendation,7.52,63.04,400.43,0.0469,10,149,290.9922,1.2787,1.3592,0.018,A
103,hotel/mongodb-reservation,9.4,253.55,400.43,0.6016,86,337,290.9922,1.2787,1.3592,0.036,A
103,hotel/mongodb-user,7.23,63.04,400.43,0.0742,12,106,290.9922,1.2787,1.3592,0.018,A
103,hotel/profile,3597.16,50.16,1119.06,0.0,0,35062,8240.5588,41.9175,784.6675,8.73,A
103,hotel/rate,1323.35,38.19,1119.14,0.0,0,3137,737.2835,15.4209,784.6675,3.29,A
103,hotel/recommendation,714.83,27.62,1119.06,0.0,0,1774,416.94,8.3299,784.6675,1.46,A
103,hotel/reservation,3627.4,70.23,1119.06,0.0,0,410209,96410.683,42.2699,784.6675,8.23,A
103,hotel/search,2574.13,38.26,1119.06,0.0,0,5000,1175.141,29.9962,784.6675,6.88,A
103,hotel/user,44.37,21.08,1119.06,0.0,0,602,290.9922,1.2787,784.6675,0.108,A
103,sn1/compose-post-service,1377.44,84.62,251.42,0.0,0,5368,1261.6314,16.0512,784.6675,3.06,A
103,sn1/home-timeline-redis,299.29,2553.73,952.74,0.0,0,1320,310.2372,3.4876,784.6675,0.702,A
103,sn1/home-timeline-service,1644.03,108.47,251.42,0.0,0,3501,822.8337,19.1578,784.6675,3.82,A
103,sn1/jaeger,14.87,5577.23,75.0,0.0,0,822,290.9922,1.2787,784.6675,0.072,A
103,sn1/media-frontend,0.0,2027.57,648.43,0.0,0,0,290.9922,1.2787,1.3592,0.0,A
103,sn1/media-memcached,0.17,4.63,75.33,0.0,0,0,290.9922,1.2787,1.3592,0.0,A
103,sn1/media-mongodb,7.66,73.94,704.02,0.0,0,108,290.9922,1.2787,1.3592,0.0,A
103,sn1/media-service,74.0,4.7,251.42,0.0,0,771,290.9922,1.2787,784.6675,0.162,A
103,sn1/nginx-thrift,24361.17,43762.07,620.32,0.0,0,5281,1241.1839,283.8795,784.6675,56.3,A
103,sn1/post-storage-memcached,1794.46,70.57,75.33,0.0,0,5354,1258.341,20.9108,784.6675,4.19,A
103,sn1/post-storage-mongodb,943.98,8187.89,4130.05,0.0039,2,969,290.9922,11.0002,784.6675,2.2,A
103,sn1/post-storage-service,7512.05,97.05,251.42,0.0,0,9834,2311.2673,87.5376,784.6675,17.4,A
103,sn1/social-graph-mongodb,8.38,727.99,757.02,0.0,0,135,290.9922,1.2787,1.3592,0.018,A
103,sn1/social-graph-redis,2.18,20.04,103.57,0.0,0,163,290.9922,1.2787,1.3592,0.0,A
103,sn1/social-graph-service,0.04,31.3,251.42,0.0,0,0,290.9922,1.2787,1.3592,0.0,A
103,sn1/text-service,1464.89,81.32,251.42,0.0,0,4911,1154.2235,17.0703,784.6675,3.44,A
103,sn1/unique-id-service,79.11,4.71,251.42,0.0,0,694,290.9922,1.2787,784.6675,0.18,A
103,sn1/url-shorten-memcached,0.15,4.63,75.33,0.0,0,0,290.9922,1.2787,1.3592,0.0,A
103,sn1/url-shorten-mongodb,333.87,108.4,702.87,0.0273,2,1099,290.9922,3.8906,784.6675,0.936,A
103,sn1/url-shorten-service,1298.79,74.17,251.42,0.0,0,3815,896.6326,15.1347,784.6675,3.19,A
103,sn1/user-memcached,161.21,6.34,75.33,0.0,0,2000,470.0564,1.8786,784.6675,0.396,A
103,sn1/user-mention-service,248.72,6.89,251.42,0.0,0,877,290.9922,2.8983,784.6675,0.576,A
103,sn1/user-mongodb,8.12,97.24,704.78,0.0,0,158,290.9922,1.2787,1.3592,0.018,A
103,sn1/user-service,71.94,18.02,251.42,0.0,0,683,290.9922,1.2787,784.6675,0.162,A
103,sn1/user-timeline-mongodb,14.64,106.95,703.03,0.0,0,611,290.9922,1.2787,784.6675,0.036,A
103,sn1/user-timeline-redis,154.72,96.04,136.86,0.0,0,851,290.9922,1.8029,784.6675,0.36,A
103,sn1/user-timeline-service,1518.07,519.5,251.42,0.0,0,4724,1110.2732,17.69,784.6675,3.44,A
104,hotel/consul,13.74,27.59,201.48,0.0,0,857,290.9922,1.2787,727.6976,0.0364,A
104,hotel/frontend,9970.77,124.87,1119.14,0.0,0,1169488,301976.8482,100.7298,727.6976,23.5,A
104,hotel/geo,943.79,29.22,1119.06,0.0,0,2046,528.3035,9.5346,727.6976,2.26,A
104,hotel/jaeger,0.2,14.79,81.01,0.0,0,0,290.9922,1.2787,1.3592,0.0,A
104,hotel/memcached-profile,121.35,7.72,79.25,0.0,0,1014,290.9922,1.2787,727.6976,0.273,A
104,hotel/memcached-rate,99.22,7.61,79.25,0.0,0,849,290.9922,1.2787,727.6976,0.237,A
104,hotel/memcached-reserve,146.99,7.21,79.25,0.0,0,772,290.9922,1.485,727.6976,0.364,A
104,hotel/mongodb-geo,8.08,63.07,400.43,0.0195,2,125,290.9922,1.2787,1.3592,0.0182,A
104,hotel/mongodb-profile,7.89,65.11,400.43,0.0195,2,47,290.9922,1.2787,1.3592,0.0364,A
104,hotel/mongodb-rate,7.51,64.86,400.43,0.0,0,119,290.9922,1.2787,1.3592,0.0182,A
104,hotel/mongodb-recommendation,8.26,63.04,400.43,0.0195,2,85,290.9922,1.2787,1.3592,0.0182,A
104,hotel/mongodb-reservation,9.29,253.57,400.43,0.0586,20,79,290.9922,1.2787,1.3592,0.0182,A
104,hotel/mongodb-user,8.31,63.04,400.43,0.0195,2,68,290.9922,1.2787,1.3592,0.0364,A
104,hotel/profile,3156.43,49.52,1119.06,0.0,0,46766,12075.5829,31.8879,727.6976,7.15,A
104,hotel/rate,1160.03,39.2,1119.14,0.0,0,2383,615.3213,11.7192,727.6976,2.69,A
104,hotel/recommendation,682.81,31.04,1119.06,0.0,0,1337,345.2306,6.8981,727.6976,1.69,A
104,hotel/reservation,3351.1,66.48,1119.06,0.0,0,149660,38644.1375,33.8545,727.6976,8.48,A
104,hotel/search,2462.88,39.73,1119.06,0.0,0,5267,1360.0072,24.8813,727.6976,5.69,A
104,hotel/user,39.33,20.43,1119.06,0.0,0,526,290.9922,1.2787,727.6976,0.0546,A
104,sn1/compose-post-service,1348.73,78.25,251.42,0.0,0,5052,1304.4914,13.6256,727.6976,3.07,A
104,sn1/home-timeline-redis,291.67,2553.78,952.74,0.0,0,1102,290.9922,2.9466,727.6976,0.728,A
104,sn1/home-timeline-service,1630.82,111.76,251.42,0.0,0,3203,827.0558,16.4754,727.6976,3.93,A
104,sn1/jaeger,65.15,5577.23,75.0,0.0,0,624,290.9922,1.2787,727.6976,0.237,A
104,sn1/media-frontend,0.0,2027.57,648.43,0.0,0,0,290.9922,1.2787,1.3592,0.0,A
104,sn1/media-memcached,0.14,4.63,75.33,0.0,0,0,290.9922,1.2787,1.3592,0.0,A
104,sn1/media-mongodb,9.74,74.19,704.02,0.2188,34,150,290.9922,1.2787,1.3592,0.0364,A
104,sn1/media-service,72.47,4.67,251.42,0.0,0,711,290.9922,1.2787,727.6976,0.164,A
104,sn1/nginx-thrift,24089.13,43779.28,620.32,0.0,0,5056,1305.5243,243.3607,727.6976,58.1,A
104,sn1/post-storage-memcached,1765.18,71.09,75.33,0.0,0,4892,1263.1773,17.8327,727.6976,4.24,A
104,sn1/post-storage-mongodb,928.31,8188.77,4130.05,0.0508,6,784,290.9922,9.3783,727.6976,2.22,A
104,sn1/post-storage-service,7478.42,93.29,251.42,0.0,0,9332,2409.6425,75.5508,727.6976,17.8,A
104,sn1/social-graph-mongodb,10.03,727.99,757.02,0.0352,6,165,290.9922,1.2787,727.6976,0.0,A
104,sn1/social-graph-redis,2.47,20.04,103.57,0.0,0,191,290.9922,1.2787,1.3592,0.0,A
104,sn1/social-graph-service,0.0,31.3,251.42,0.0,0,0,290.9922,1.2787,1.3592,0.0,A
104,sn1/text-service,1441.86,68.7,251.42,0.0,0,4658,1202.7555,14.5664,727.6976,3.37,A
104,sn1/unique-id-service,77.23,4.58,251.42,0.0,0,591,290.9922,1.2787,727.6976,0.182,A
104,sn1/url-shorten-memcached,0.15,4.63,75.33,0.0,0,0,290.9922,1.2787,1.3592,0.0,A
104,sn1/url-shorten-mongodb,321.5,108.2,702.87,0.0,0,911,290.9922,3.248,727.6976,0.891,A
104,sn1/url-shorten-service,1281.82,67.56,251.42,0.0,0,4100,1058.6728,12.9496,727.6976,3.18,A
104,sn1/user-memcached,155.55,6.35,75.33,0.0,0,1730,446.7083,1.5714,727.6976,0.382,A
104,sn1/user-mention-service,238.58,6.89,251.42,0.0,0,1072,290.9922,2.4103,727.6976,0.546,A
104,sn1/user-mongodb,10.25,97.24,704.78,0.0391,8,176,290.9922,1.2787,727.6976,0.0364,A
104,sn1/user-service,68.81,18.02,251.42,0.0,0,694,290.9922,1.2787,727.6976,0.182,A
104,sn1/user-timeline-mongodb,15.69,106.95,703.03,0.0273,2,291,290.9922,1.2787,727.6976,0.0364,A
104,sn1/user-timeline-redis,153.68,95.55,136.86,0.0,0,717,290.9922,1.5526,727.6976,0.364,A
104,sn1/user-timeline-service,1490.63,521.19,251.42,0.0,0,4695,1212.3094,15.0591,727.6976,3.51,A
105,hotel/consul,14.09,27.59,201.48,0.0,0,1408,337.0613,1.2787,777.2303,0.0345,A
105,hotel/frontend,9915.52,126.0,1119.14,0.0,0,909688,217770.348,135.774,777.2303,22.5,A
105,hotel/geo,1021.59,29.71,1119.06,0.0,0,2492,596.5603,13.9887,777.2303,2.45,A
105,hotel/jaeger,0.22,14.79,81.01,0.0,0,0,290.9922,1.2787,1.3592,0.0,A
105,hotel/memcached-profile,137.21,7.72,79.25,0.0,0,1260,301.6316,1.8788,777.2303,0.311,A
105,hotel/memcached-rate,108.97,7.6,79.25,0.0,0,921,290.9922,1.4921,777.2303,0.259,A
105,hotel/memcached-reserve,160.01,7.5,79.25,0.0,0,1104,290.9922,2.191,777.2303,0.397,A
105,hotel/mongodb-geo,7.84,63.07,400.43,0.0,0,298,290.9922,1.2787,1.3592,0.0345,A
105,hotel/mongodb-profile,7.55,65.11,400.43,0.0,0,103,290.9922,1.2787,1.3592,0.0345,A
105,hotel/mongodb-rate,8.38,64.86,400.43,0.0312,2,87,290.9922,1.2787,1.3592,0.0345,A
105,hotel/mongodb-recommendation,7.28,63.04,400.43,0.0,0,97,290.9922,1.2787,1.3592,0.0173,A
105,hotel/mongodb-reservation,9.27,253.58,400.43,0.0391,20,141,290.9922,1.2787,1.3592,0.0173,A
105,hotel/mongodb-user,7.49,63.04,400.43,0.0,0,183,290.9922,1.2787,1.3592,0.0345,A
105,hotel/profile,3494.18,49.98,1119.06,0.0,0,109281,26160.7951,47.8461,777.2303,7.67,A
105,hotel/rate,1515.12,44.24,1119.14,0.0,0,3127,748.573,20.7467,777.2303,2.78,A
105,hotel/recommendation,714.45,28.74,1119.06,0.0,0,2105,503.9163,9.783,777.2303,1.74,A
105,hotel/reservation,3613.54,74.94,1119.06,0.0,0,152787,36575.703,49.4805,777.2303,7.93,A
105,hotel/search,2626.24,40.96,1119.06,0.0,0,9803,2346.7417,35.9613,777.2303,6.49,A
105,hotel/user,41.78,20.43,1119.06,0.0,0,621,290.9922,1.2787,777.2303,0.104,A
105,sn1/compose-post-service,1382.61,80.89,251.42,0.0,0,5066,1212.7505,18.9322,777.2303,3.07,A
105,sn1/home-timeline-redis,288.3,2554.3,952.74,0.0,0,1154,290.9922,3.9477,777.2303,0.656,A
105,sn1/home-timeline-service,1635.66,109.86,251.42,0.0,0,3390,811.5326,22.3972,777.2303,3.78,A
105,sn1/jaeger,14.62,5577.23,75.0,0.0,0,419,290.9922,1.2787,777.2303,0.0691,A
105,sn1/media-frontend,0.0,2027.57,648.43,0.0,0,0,290.9922,1.2787,1.3592,0.0,A
105,sn1/media-memcached,0.18,4.63,75.33,0.0,0,0,290.9922,1.2787,1.3592,0.0,A
105,sn1/media-mongodb,8.41,74.19,704.02,0.0,0,117,290.9922,1.2787,1.3592,0.0345,A
105,sn1/media-service,73.71,4.67,251.42,0.0,0,724,290.9922,1.2787,777.2303,0.173,A
105,sn1/nginx-thrift,24301.73,43779.5,620.32,52.5703,462,5262,1259.671,332.7655,777.2303,56.0,A
105,sn1/post-storage-memcached,1796.49,71.09,75.33,0.0,0,5467,1308.746,24.5995,777.2303,4.14,A
105,sn1/post-storage-mongodb,946.52,8187.77,4130.05,0.0,0,926,290.9922,12.9608,777.2303,2.19,A
105,sn1/post-storage-service,7570.21,94.84,251.42,0.0,0,9678,2316.8179,103.6595,777.2303,17.3,A
105,sn1/social-graph-mongodb,8.34,727.99,757.02,1.5352,56,195,290.9922,1.2787,1.3592,0.0173,A
105,sn1/social-graph-redis,2.27,20.04,103.57,0.0,0,934,290.9922,1.2787,1.3592,0.0,A
105,sn1/social-graph-service,0.03,31.3,251.42,0.0,0,0,290.9922,1.2787,1.3592,0.0,A
105,sn1/text-service,1459.61,73.21,251.42,0.0,0,4596,1100.2371,19.9866,777.2303,3.37,A
105,sn1/unique-id-service,76.65,4.64,251.42,0.0,0,879,290.9922,1.2787,777.2303,0.155,A
105,sn1/url-shorten-memcached,0.16,4.63,75.33,0.0,0,0,290.9922,1.2787,1.3592,0.0,A
105,sn1/url-shorten-mongodb,320.38,108.95,702.87,0.0273,2,880,290.9922,4.387,777.2303,0.881,A
105,sn1/url-shorten-service,1267.25,69.29,251.42,0.0,0,3581,857.2561,17.3526,777.2303,3.21,A
105,sn1/user-memcached,161.71,6.64,75.33,0.0,0,1635,391.4029,2.2143,777.2303,0.38,A
105,sn1/user-mention-service,247.03,7.22,251.42,0.0,0,979,290.9922,3.3826,777.2303,0.57,A
105,sn1/user-mongodb,8.78,97.24,704.78,0.3359,32,116,290.9922,1.2787,1.3592,0.0345,A
105,sn1/user-service,72.06,18.02,251.42,0.0,0,624,290.9922,1.2787,777.2303,0.155,A
105,sn1/user-timeline-mongodb,15.29,106.95,703.03,0.0,0,406,290.9922,1.2787,777.2303,0.0518,A
105,sn1/user-timeline-redis,153.5,95.8,136.86,0.0,0,1053,290.9922,2.1019,777.2303,0.345,A
105,sn1/user-timeline-service,1529.02,522.48,251.42,0.0,0,4944,1183.5449,20.937,777.2303,3.39,A
106,hotel/consul,15.11,27.59,201.48,0.0,0,1270,291.7104,1.2787,695.8216,0.0354,A
106,hotel/frontend,10047.7,132.16,1119.14,0.0,0,970036,222810.7039,282.3176,695.8216,23.5,A
106,hotel/geo,1162.53,29.66,1119.06,0.0,0,2138,491.0841,32.6645,695.8216,2.56,A
106,hotel/jaeger,0.21,14.79,81.01,0.0,0,0,290.9922,1.2787,1.3592,0.0,A
106,hotel/memcached-profile,135.11,7.73,79.25,0.0,0,921,290.9922,3.7963,695.8216,0.354,A
106,hotel/memcached-rate,112.32,7.6,79.25,0.0,0,899,290.9922,3.1559,695.8216,0.283,A
106,hotel/memcached-reserve,161.48,7.15,79.25,0.0,0,1011,290.9922,4.5372,695.8216,0.389,A
106,hotel/mongodb-geo,8.51,63.07,400.43,0.0273,4,256,290.9922,1.2787,1.3592,0.0177,A
106,hotel/mongodb-profile,8.14,65.11,400.43,0.0195,2,139,290.9922,1.2787,1.3592,0.0177,A
106,hotel/mongodb-rate,8.0,64.86,400.43,0.0,0,143,290.9922,1.2787,1.3592,0.0354,A
106,hotel/mongodb-recommendation,8.43,63.04,400.43,0.0195,2,90,290.9922,1.2787,1.3592,0.0177,A
106,hotel/mongodb-reservation,9.63,253.64,400.43,0.043,12,91,290.9922,1.2787,1.3592,0.0177,A
106,hotel/mongodb-user,8.24,63.04,400.43,0.0195,2,267,290.9922,1.2787,1.3592,0.0354,A
106,hotel/profile,3542.39,50.78,1119.06,0.0,0,93820,21549.819,99.5331,695.8216,9.02,A
106,hotel/rate,1443.53,38.57,1119.14,0.0,0,2973,682.878,40.5599,695.8216,3.68,A
106,hotel/recommendation,743.66,27.97,1119.06,0.0,0,1770,406.557,20.8952,695.8216,2.0,A
106,hotel/reservation,3735.96,67.11,1119.06,0.0,0,232046,53299.3957,104.972,695.8216,9.04,A
106,hotel/search,2814.41,38.17,1119.06,0.0,0,9626,2211.0271,79.0785,695.8216,7.25,A
106,hotel/user,46.73,20.66,1119.06,0.0,0,1035,290.9922,1.313,695.8216,0.124,A
106,sn1/compose-post-service,1436.18,78.73,251.42,0.0,0,5280,1212.7803,40.3534,695.8216,3.29,A
106,sn1/home-timeline-redis,296.72,2553.8,952.74,0.0,0,999,290.9922,8.3372,695.8216,0.743,A
106,sn1/home-timeline-service,1633.22,108.84,251.42,0.0,0,3340,767.1754,45.8898,695.8216,3.87,A
106,sn1/jaeger,60.26,5577.23,75.0,0.0,0,482,290.9922,1.6932,695.8216,0.23,A
106,sn1/media-frontend,0.0,2027.57,648.43,0.0,0,0,290.9922,1.2787,1.3592,0.0,A
106,sn1/media-memcached,0.2,4.63,75.33,0.0,0,0,290.9922,1.2787,1.3592,0.0,A
106,sn1/media-mongodb,10.06,74.19,704.02,0.0469,4,93,290.9922,1.2787,695.8216,0.0177,A
106,sn1/media-service,76.76,4.73,251.42,0.0,0,613,290.9922,2.1568,695.8216,0.177,A
106,sn1/nginx-thrift,24198.33,43792.35,620.32,0.0,0,5209,1196.472,679.9183,695.8216,57.6,A
106,sn1/post-storage-memcached,1795.3,71.0,75.33,0.0,0,5539,1272.2708,50.4439,695.8216,4.28,A
106,sn1/post-storage-mongodb,951.92,8187.61,4130.05,0.0664,4,811,290.9922,26.7468,695.8216,2.26,A
106,sn1/post-storage-service,7545.69,96.72,251.42,0.0,0,9648,2216.0803,212.0168,695.8216,17.8,A
106,sn1/social-graph-mongodb,10.74,727.99,757.02,0.0312,2,473,290.9922,1.2787,695.8216,0.0177,A
106,sn1/social-graph-redis,2.29,20.04,103.57,0.0,0,240,290.9922,1.2787,1.3592,0.0,A
106,sn1/social-graph-service,0.0,31.3,251.42,0.0,0,0,290.9922,1.2787,1.3592,0.0,A
106,sn1/text-service,1545.33,71.32,251.42,0.0,0,4681,1075.194,43.4203,695.8216,3.7,A
106,sn1/unique-id-service,79.56,4.71,251.42,0.0,0,684,290.9922,2.2355,695.8216,0.195,A
106,sn1/url-shorten-memcached,0.19,4.63,75.33,0.0,0,0,290.9922,1.2787,1.3592,0.0,A
106,sn1/url-shorten-mongodb,328.43,108.93,702.87,0.0,0,820,290.9922,9.2281,695.8216,0.867,A
106,sn1/url-shorten-service,1335.26,69.05,251.42,0.0,0,3803,873.5234,37.5178,695.8216,3.34,A
106,sn1/user-memcached,164.68,6.62,75.33,0.0,0,1795,412.2994,4.6271,695.8216,0.389,A
106,sn1/user-mention-service,256.75,6.84,251.42,0.0,0,1056,290.9922,7.2141,695.8216,0.619,A
106,sn1/user-mongodb,10.74,97.25,704.78,0.0312,2,101,290.9922,1.2787,695.8216,0.0177,A
106,sn1/user-service,73.73,18.05,251.42,0.0,0,819,290.9922,2.0716,695.8216,0.177,A
106,sn1/user-timeline-mongodb,17.13,106.95,703.03,0.0273,2,320,290.9922,1.2787,695.8216,0.0354,A
106,sn1/user-timeline-redis,154.94,95.54,136.86,0.0,0,779,290.9922,4.3535,695.8216,0.371,A
106,sn1/user-timeline-service,1545.99,520.55,251.42,0.0,0,4646,1067.1548,43.4388,695.8216,3.54,A
107,hotel/consul,16.86,28.22,201.48,0.0,0,817,290.9922,1.2787,780.7706,0.0369,A
107,hotel/frontend,9884.54,120.75,1119.14,0.0,0,855530,198570.8489,85.7185,780.7706,24.5,A
107,hotel/geo,1048.31,30.52,1119.06,0.0,0,2049,475.5785,9.0909,780.7706,2.58,A
107,hotel/jaeger,0.21,14.79,81.01,0.0,0,0,290.9922,1.2787,1.3592,0.0,A
107,hotel/memcached-profile,133.39,7.69,79.25,0.0,0,1087,290.9922,1.2787,780.7706,0.295,A
107,hotel/memcached-rate,117.26,7.61,79.25,0.0,0,1213,290.9922,1.2787,780.7706,0.277,A
107,hotel/memcached-reserve,156.58,7.28,79.25,0.0,0,1092,290.9922,1.3579,780.7706,0.351,A
107,hotel/mongodb-geo,7.45,63.07,400.43,0.0,0,40,290.9922,1.2787,1.3592,0.0185,A
107,hotel/mongodb-profile,7.3,65.11,400.43,0.0,0,94,290.9922,1.2787,1.3592,0.0185,A
107,hotel/mongodb-rate,8.36,64.86,400.43,0.0312,2,68,290.9922,1.2787,1.3592,0.0185,A
107,hotel/mongodb-recommendation,7.41,63.04,400.43,0.0,0,126,290.9922,1.2787,1.3592,0.0185,A
107,hotel/mongodb-reservation,8.68,253.64,400.43,0.0352,18,81,290.9922,1.2787,1.3592,0.0185,A
107,hotel/mongodb-user,7.27,63.04,400.43,0.0,0,110,290.9922,1.2787,1.3592,0.0185,A
107,hotel/profile,3450.29,46.89,1119.06,0.0,0,77768,18050.1651,29.9208,780.7706,8.19,A
107,hotel/rate,1574.58,45.0,1119.14,0.0,0,3505,813.5201,13.6547,780.7706,3.97,A
107,hotel/recommendation,694.13,28.43,1119.06,0.0,0,1714,397.8241,6.0195,780.7706,1.46,A
107,hotel/reservation,3524.62,64.62,1119.06,0.0,0,212215,49255.6809,30.5654,780.7706,8.38,A
107,hotel/search,2726.06,38.42,1119.06,0.0,0,9069,2104.9397,23.6403,780.7706,6.18,A
107,hotel/user,42.17,20.76,1119.06,0.0,0,819,290.9922,1.2787,780.7706,0.111,A
107,sn1/compose-post-service,1359.87,79.27,251.42,0.0,0,5118,1187.9018,11.7928,780.7706,3.27,A
107,sn1/home-timeline-redis,299.49,2553.79,952.74,0.0,0,1302,302.1978,2.5972,780.7706,0.72,A
107,sn1/home-timeline-service,1645.06,113.3,251.42,0.0,0,3302,766.4032,14.2659,780.7706,3.99,A
107,sn1/jaeger,13.81,5577.23,75.0,0.0,0,458,290.9922,1.2787,780.7706,0.0738,A
107,sn1/media-frontend,0.0,2027.57,648.43,0.0,0,0,290.9922,1.2787,1.3592,0.0,A
107,sn1/media-memcached,0.18,4.63,75.33,0.0,0,0,290.9922,1.2787,1.3592,0.0,A
107,sn1/media-mongodb,8.04,73.94,704.02,0.0,0,93,290.9922,1.2787,1.3592,0.0369,A
107,sn1/media-service,74.94,4.73,251.42,0.0,0,790,290.9922,1.2787,780.7706,0.185,A
107,sn1/nginx-thrift,24159.16,43807.67,620.32,0.0,0,4864,1128.9477,209.5076,780.7706,58.4,A
107,sn1/post-storage-memcached,1777.03,70.42,75.33,0.0,0,5219,1211.3441,15.4104,780.7706,4.26,A
107,sn1/post-storage-mongodb,923.97,8187.58,4130.05,0.0,0,819,290.9922,8.0126,780.7706,2.21,A
107,sn1/post-storage-service,7507.23,93.09,251.42,0.0,0,9252,2147.4145,65.1025,780.7706,18.0,A
107,sn1/social-graph-mongodb,8.2,727.99,757.02,0.0,0,92,290.9922,1.2787,1.3592,0.0369,A
107,sn1/social-graph-redis,2.18,20.04,103.57,0.0,0,191,290.9922,1.2787,1.3592,0.0,A
107,sn1/social-graph-service,0.04,31.3,251.42,0.0,0,0,290.9922,1.2787,1.3592,0.0,A
107,sn1/text-service,1434.44,70.35,251.42,0.0,0,4563,1059.0848,12.4394,780.7706,3.64,A
107,sn1/unique-id-service,78.26,4.71,251.42,0.0,0,784,290.9922,1.2787,780.7706,0.166,A
107,sn1/url-shorten-memcached,0.17,4.63,75.33,0.0,0,0,290.9922,1.2787,1.3592,0.0,A
107,sn1/url-shorten-mongodb,297.47,108.28,702.87,0.0352,4,710,290.9922,2.5797,780.7706,0.886,A
107,sn1/url-shorten-service,1217.58,67.29,251.42,0.0,0,3318,770.1169,10.5588,780.7706,3.21,A
107,sn1/user-memcached,159.29,6.35,75.33,0.0,0,1720,399.2167,1.3814,780.7706,0.369,A
107,sn1/user-mention-service,241.1,7.03,251.42,0.0,0,820,290.9922,2.0908,780.7706,0.572,A
107,sn1/user-mongodb,8.71,97.25,704.78,0.0,0,57,290.9922,1.2787,1.3592,0.0369,A
107,sn1/user-service,71.78,18.05,251.42,0.0,0,782,290.9922,1.2787,780.7706,0.185,A
107,sn1/user-timeline-mongodb,15.34,106.95,703.03,0.0,0,396,290.9922,1.2787,780.7706,0.0554,A
107,sn1/user-timeline-redis,151.87,96.29,136.86,0.0,0,935,290.9922,1.317,780.7706,0.369,A
107,sn1/user-timeline-service,1504.41,521.83,251.42,0.0,0,4613,1070.6899,13.0462,780.7706,3.51,A
108,hotel/consul,16.43,28.22,201.48,0.0,0,1431,346.7298,1.2787,758.9429,0.0174,A
108,hotel/frontend,9999.18,119.52,1119.14,0.0,0,893481,216489.5069,170.7743,758.9429,23.5,A
108,hotel/geo,1125.18,27.93,1119.06,0.0,0,2381,576.9138,19.2168,758.9429,2.79,A
108,hotel/jaeger,0.22,14.79,81.01,0.0,0,0,290.9922,1.2787,1.3592,0.0,A
108,hotel/memcached-profile,137.68,7.71,79.25,0.0,0,1182,290.9922,2.3514,758.9429,0.349,A
108,hotel/memcached-rate,114.84,7.59,79.25,0.0,0,1141,290.9922,1.9613,758.9429,0.296,A
108,hotel/memcached-reserve,162.5,7.15,79.25,0.0,0,1060,290.9922,2.7753,758.9429,0.401,A
108,hotel/mongodb-geo,8.0,63.07,400.43,0.0195,2,304,290.9922,1.2787,1.3592,0.0174,A
108,hotel/mongodb-profile,8.13,65.11,400.43,0.0234,4,2440,591.2094,1.2787,1.3592,0.0,A
108,hotel/mongodb-rate,7.41,64.86,400.43,0.0,0,2235,541.5382,1.2787,1.3592,0.0349,A
108,hotel/mongodb-recommendation,7.69,63.04,400.43,0.0195,2,103,290.9922,1.2787,1.3592,0.0349,A
108,hotel/mongodb-reservation,9.42,253.65,400.43,0.0586,20,710,290.9922,1.2787,1.3592,0.0349,A
108,hotel/mongodb-user,8.21,63.04,400.43,0.0352,4,148,290.9922,1.2787,1.3592,0.0174,A
108,hotel/profile,3466.68,51.66,1119.06,0.0,0,56199,13616.9586,59.2068,758.9429,8.14,A
108,hotel/rate,1499.8,39.01,1119.14,0.0,0,3833,928.7319,25.6148,758.9429,3.33,A
108,hotel/recommendation,734.02,27.64,1119.06,0.0,0,1628,394.4627,12.5362,758.9429,1.83,A
108,hotel/reservation,3355.76,67.61,1119.06,0.0,0,149924,36326.4276,57.3124,758.9429,7.92,A
108,hotel/search,2591.8,35.26,1119.06,0.0,0,12832,3109.1801,44.2649,758.9429,5.93,A
108,hotel/user,49.46,20.88,1119.06,0.0,0,615,290.9922,1.2787,758.9429,0.105,A
108,sn1/compose-post-service,1426.43,79.34,251.42,0.0,0,5392,1306.4759,24.3617,758.9429,3.19,A
108,sn1/home-timeline-redis,297.67,2553.56,952.74,0.0,0,946,290.9922,5.0839,758.9429,0.698,A
108,sn1/home-timeline-service,1676.61,113.49,251.42,0.0,0,3640,881.9682,28.6345,758.9429,3.87,A
108,sn1/jaeger,62.09,5577.26,75.0,0.0,0,507,290.9922,1.2787,758.9429,0.227,A
108,sn1/media-frontend,0.0,2027.57,648.43,0.0,0,0,290.9922,1.2787,1.3592,0.0,A
108,sn1/media-memcached,0.17,4.63,75.33,0.0,0,0,290.9922,1.2787,1.3592,0.0,A
108,sn1/media-mongodb,10.07,73.94,704.02,0.0312,2,130,290.9922,1.2787,758.9429,0.0349,A
108,sn1/media-service,77.2,4.96,251.42,0.0,0,617,290.9922,1.3185,758.9429,0.174,A
108,sn1/nginx-thrift,24484.65,43813.4,620.32,52.7695,454,5470,1325.3752,418.1691,758.9429,57.0,A
108,sn1/post-storage-memcached,1798.38,70.51,75.33,0.0,0,5494,1331.1904,30.7142,758.9429,4.22,A
108,sn1/post-storage-mongodb,946.28,8187.73,4130.05,0.0469,2,891,290.9922,16.1614,758.9429,2.25,A
108,sn1/post-storage-service,7592.9,95.42,251.42,0.0,0,9928,2405.544,129.6778,758.9429,17.7,A
108,sn1/social-graph-mongodb,9.59,727.99,757.02,0.0312,2,94,290.9922,1.2787,1.3592,0.0349,A
108,sn1/social-graph-redis,2.28,20.04,103.57,0.0,0,216,290.9922,1.2787,1.3592,0.0174,A
108,sn1/social-graph-service,0.0,31.3,251.42,0.0,0,0,290.9922,1.2787,1.3592,0.0,A
108,sn1/text-service,1479.69,69.61,251.42,0.0,0,4818,1167.3963,25.2714,758.9429,3.51,A
108,sn1/unique-id-service,79.66,4.71,251.42,0.0,0,619,290.9922,1.3605,758.9429,0.174,A
108,sn1/url-shorten-memcached,0.2,4.63,75.33,0.0,0,0,290.9922,1.2787,1.3592,0.0,A
108,sn1/url-shorten-mongodb,353.5,108.01,702.87,0.0,0,993,290.9922,6.0374,758.9429,0.872,A
108,sn1/url-shorten-service,1376.12,68.61,251.42,0.0,0,4649,1126.4478,23.5025,758.9429,3.28,A
108,sn1/user-memcached,158.84,6.34,75.33,0.0,0,1600,387.6783,2.7128,758.9429,0.384,A
108,sn1/user-mention-service,245.58,6.98,251.42,0.0,0,896,290.9922,4.1942,758.9429,0.558,A
108,sn1/user-mongodb,9.78,97.25,704.78,0.0312,2,103,290.9922,1.2787,1.3592,0.0349,A
108,sn1/user-service,73.95,18.05,251.42,0.0,0,823,290.9922,1.2787,758.9429,0.174,A
108,sn1/user-timeline-mongodb,16.38,106.95,703.03,0.0273,2,584,290.9922,1.2787,758.9429,0.0523,A
108,sn1/user-timeline-redis,156.41,96.05,136.86,0.0,0,943,290.9922,2.6713,758.9429,0.366,A
108,sn1/user-timeline-service,1549.57,521.23,251.42,0.0,0,5070,1228.4557,26.4648,758.9429,3.57,A
109,hotel/consul,15.77,28.22,201.48,0.0,0,1352,329.1652,1.2787,778.7484,0.0356,A
109,hotel/frontend,9959.37,121.13,1119.14,0.0,0,1084881,264130.9938,167.0431,778.7484,23.1,A
109,hotel/geo,965.96,30.32,1119.06,0.0,0,2172,528.8069,16.2015,778.7484,2.19,A
109,hotel/jaeger,0.21,14.79,81.01,0.0,0,0,290.9922,1.2787,1.3592,0.0,A
109,hotel/memcached-profile,131.07,7.71,79.25,0.0,0,1117,290.9922,2.1984,778.7484,0.356,A
109,hotel/memcached-rate,112.87,7.64,79.25,0.0,0,1854,451.3849,1.8931,778.7484,0.267,A
109,hotel/memcached-reserve,162.16,7.21,79.25,0.0,0,1031,290.9922,2.7198,778.7484,0.409,A
109,hotel/mongodb-geo,6.98,63.07,400.43,0.0,0,500,290.9922,1.2787,1.3592,0.0178,A
109,hotel/mongodb-profile,7.0,65.11,400.43,0.0,0,433,290.9922,1.2787,1.3592,0.0178,A
109,hotel/mongodb-rate,8.1,64.86,400.43,0.0508,4,405,290.9922,1.2787,1.3592,0.0178,A
109,hotel/mongodb-recommendation,6.86,63.04,400.43,0.0,0,89,290.9922,1.2787,1.3592,0.0178,A
109,hotel/mongodb-reservation,9.26,253.65,400.43,0.0508,26,138,290.9922,1.2787,1.3592,0.0178,A
109,hotel/mongodb-user,6.94,63.04,400.43,0.0,0,71,290.9922,1.2787,1.3592,0.0178,A
109,hotel/profile,3425.32,50.06,1119.06,0.0,0,91125,22185.7852,57.451,778.7484,8.38,A
109,hotel/rate,1583.43,40.57,1119.14,0.0,0,3296,802.462,26.558,778.7484,4.36,A
109,hotel/recommendation,710.62,25.9,1119.06,0.0,0,1716,417.7866,11.9188,778.7484,1.76,A
109,hotel/reservation,3350.31,67.81,1119.06,0.0,0,182802,44505.9633,56.1929,778.7484,7.21,A
109,hotel/search,2442.31,37.52,1119.06,0.0,0,4552,1108.2545,40.9635,778.7484,5.23,A
109,hotel/user,43.11,20.87,1119.06,0.0,0,569,290.9922,1.2787,778.7484,0.107,A
109,sn1/compose-post-service,1451.93,76.99,251.42,0.0,0,5594,1361.9455,24.3524,778.7484,3.52,A
109,sn1/home-timeline-redis,292.52,2554.55,952.74,0.0,0,1219,296.7843,4.9063,778.7484,0.694,A
109,sn1/home-timeline-service,1660.9,108.65,251.42,0.0,0,3633,884.5098,27.8574,778.7484,3.9,A
109,sn1/jaeger,15.51,5577.26,75.0,0.0,0,1183,290.9922,1.2787,778.7484,0.089,A
109,sn1/media-frontend,0.0,2027.57,648.43,0.0,0,0,290.9922,1.2787,1.3592,0.0,A
109,sn1/media-memcached,0.16,4.63,75.33,0.0,0,0,290.9922,1.2787,1.3592,0.0,A
109,sn1/media-mongodb,7.92,74.19,704.02,0.0,0,120,290.9922,1.2787,1.3592,0.0356,A
109,sn1/media-service,80.62,4.96,251.42,0.0,0,777,290.9922,1.3522,778.7484,0.196,A
109,sn1/nginx-thrift,24533.31,43824.79,620.32,0.0,0,5707,1389.4571,411.4839,778.7484,58.0,A
109,sn1/post-storage-memcached,1808.15,70.84,75.33,0.0,0,5547,1350.5026,30.3271,778.7484,4.25,A
109,sn1/post-storage-mongodb,959.46,8187.54,4130.05,0.0,0,912,290.9922,16.0925,778.7484,2.28,A
109,sn1/post-storage-service,7608.0,94.8,251.42,0.0,0,10509,2558.578,127.6049,778.7484,17.8,A
109,sn1/social-graph-mongodb,8.41,727.99,757.02,0.0,0,171,290.9922,1.2787,1.3592,0.0356,A
109,sn1/social-graph-redis,2.29,20.04,103.57,0.0,0,189,290.9922,1.2787,1.3592,0.0,A
109,sn1/social-graph-service,0.05,31.3,251.42,0.0,0,0,290.9922,1.2787,1.3592,0.0,A
109,sn1/text-service,1519.56,66.41,251.42,0.0,0,5066,1233.3957,25.4868,778.7484,3.88,A
109,sn1/unique-id-service,82.25,4.71,251.42,0.0,0,652,290.9922,1.3795,778.7484,0.231,A
109,sn1/url-shorten-memcached,0.17,4.63,75.33,0.0,0,0,290.9922,1.2787,1.3592,0.0,A
109,sn1/url-shorten-mongodb,382.27,107.12,702.87,0.0312,2,1339,326.0002,6.4116,778.7484,1.03,A
109,sn1/url-shorten-service,1446.23,65.24,251.42,0.0,0,4837,1177.6422,24.2568,778.7484,3.82,A
109,sn1/user-memcached,164.58,6.35,75.33,0.0,0,2106,512.7381,2.7604,778.7484,0.391,A
109,sn1/user-mention-service,255.4,7.0,251.42,0.0,0,920,290.9922,4.2837,778.7484,0.623,A
109,sn1/user-mongodb,8.2,97.25,704.78,0.0,0,51,290.9922,1.2787,1.3592,0.0356,A
109,sn1/user-service,75.6,18.05,251.42,0.0,0,661,290.9922,1.2787,778.7484,0.178,A
109,sn1/user-timeline-mongodb,15.8,106.95,703.03,0.0391,4,468,290.9922,1.2787,778.7484,0.0534,A
109,sn1/user-timeline-redis,158.01,96.06,136.86,0.0,0,1011,290.9922,2.6502,778.7484,0.374,A
109,sn1/user-timeline-service,1577.37,520.98,251.42,0.0,0,4961,1207.8319,26.4564,778.7484,3.65,A
110,hotel/consul,15.16,28.22,201.48,0.0,0,1540,333.4729,1.2787,768.9798,0.0337,A
110,hotel/frontend,9901.22,129.2,1119.14,0.0,0,925616,200433.6453,110.7305,768.9798,22.0,A
110,hotel/geo,1092.37,28.05,1119.06,0.0,0,2149,465.3462,12.2165,768.9798,2.46,A
110,hotel/jaeger,1.38,14.79,81.01,0.0,0,23,290.9922,1.2787,1.3592,0.0,A
110,hotel/memcached-profile,147.63,7.72,79.25,0.0,0,1048,290.9922,1.651,768.9798,0.354,A
110,hotel/memcached-rate,125.21,7.57,79.25,0.0,0,991,290.9922,1.4003,768.9798,0.287,A
110,hotel/memcached-reserve,179.87,7.16,79.25,0.0,0,954,290.9922,2.0116,768.9798,0.405,A
110,hotel/mongodb-geo,7.89,63.07,400.43,0.0195,2,65,290.9922,1.2787,1.3592,0.0169,A
110,hotel/mongodb-profile,7.71,65.11,400.43,0.0195,2,391,290.9922,1.2787,1.3592,0.0169,A
110,hotel/mongodb-rate,7.59,64.86,400.43,0.0,0,67,290.9922,1.2787,1.3592,0.0169,A
110,hotel/mongodb-recommendation,7.8,63.04,400.43,0.0195,2,1739,376.5645,1.2787,1.3592,0.0337,A
110,hotel/mongodb-reservation,9.55,253.66,400.43,0.0547,18,573,290.9922,1.2787,1.3592,0.0169,A
110,hotel/mongodb-user,8.01,63.04,400.43,0.0195,2,2072,448.6726,1.2787,1.3592,0.0337,A
110,hotel/profile,3742.8,48.04,1119.06,0.0,0,80173,17360.727,41.8577,768.9798,8.21,A
110,hotel/rate,1590.51,39.6,1119.14,0.0,0,3016,653.0871,17.7875,768.9798,4.03,A
110,hotel/recommendation,781.62,27.33,1119.06,0.0,0,1666,360.757,8.7413,768.9798,1.69,A
110,hotel/reservation,3576.75,73.94,1119.06,0.0,0,321395,69595.136,40.0007,768.9798,8.75,A
110,hotel/search,2984.75,36.32,1119.06,0.0,0,7305,1581.8307,33.38,768.9798,7.12,A
110,hotel/user,52.2,20.56,1119.06,0.0,0,538,290.9922,1.2787,768.9798,0.118,A
110,sn1/compose-post-service,1409.03,78.25,251.42,0.0,0,5426,1174.9505,15.7579,768.9798,3.07,A
110,sn1/home-timeline-redis,300.47,2554.59,952.74,0.0,0,1001,290.9922,3.3603,768.9798,0.691,A
110,sn1/home-timeline-service,1670.3,114.03,251.42,0.0,0,3810,825.0205,18.6798,768.9798,3.78,A
110,sn1/jaeger,64.6,5577.28,75.0,0.0,0,1002,290.9922,1.2787,768.9798,0.219,A
110,sn1/media-frontend,0.0,2027.57,648.43,0.0,0,0,290.9922,1.2787,1.3592,0.0,A
110,sn1/media-memcached,0.15,4.63,75.33,0.0,0,0,290.9922,1.2787,1.3592,0.0,A
110,sn1/media-mongodb,10.29,73.95,704.02,0.1016,12,133,290.9922,1.2787,768.9798,0.0337,A
110,sn1/media-service,78.94,4.96,251.42,0.0,0,686,290.9922,1.2787,768.9798,0.169,A
110,sn1/nginx-thrift,24369.72,43826.44,620.32,0.0,0,5729,1240.5623,272.5393,768.9798,54.7,A
110,sn1/post-storage-memcached,1808.96,70.89,75.33,0.0,0,5742,1243.3774,20.2305,768.9798,4.03,A
110,sn1/post-storage-mongodb,953.56,8187.77,4130.05,10.0352,158,813,290.9922,10.6642,768.9798,2.12,A
110,sn1/post-storage-service,7567.23,96.21,251.42,0.0,0,10339,2238.8155,84.6283,768.9798,16.9,A
110,sn1/social-graph-mongodb,9.65,728.0,757.02,0.0312,2,545,290.9922,1.2787,1.3592,0.0169,A
110,sn1/social-graph-redis,2.29,20.04,103.57,0.0,0,200,290.9922,1.2787,1.3592,0.0337,A
110,sn1/social-graph-service,0.0,31.3,251.42,0.0,0,0,290.9922,1.2787,1.3592,0.0,A
110,sn1/text-service,1454.85,62.3,251.42,0.0,0,4997,1082.0545,16.2703,768.9798,3.27,A
110,sn1/unique-id-service,80.7,4.71,251.42,0.0,0,655,290.9922,1.2787,768.9798,0.169,A
110,sn1/url-shorten-memcached,0.15,4.63,75.33,0.0,0,0,290.9922,1.2787,1.3592,0.0,A
110,sn1/url-shorten-mongodb,323.54,108.3,702.87,0.0,0,964,290.9922,3.6183,768.9798,0.624,A
110,sn1/url-shorten-service,1326.94,64.33,251.42,0.0,0,4773,1033.5493,14.8399,768.9798,2.82,A
110,sn1/user-memcached,166.91,6.33,75.33,0.0,0,1596,345.5991,1.8666,768.9798,0.371,A
110,sn1/user-mention-service,249.62,6.98,251.42,0.0,0,1083,290.9922,2.7916,768.9798,0.556,A
110,sn1/user-mongodb,9.87,97.25,704.78,0.0312,2,92,290.9922,1.2787,1.3592,0.0169,A
110,sn1/user-service,73.06,18.05,251.42,0.0,0,636,290.9922,1.2787,768.9798,0.152,A
110,sn1/user-timeline-mongodb,16.96,106.95,703.03,0.0273,2,273,290.9922,1.2787,768.9798,0.0506,A
110,sn1/user-timeline-redis,152.45,96.05,136.86,0.0,0,759,290.9922,1.7049,768.9798,0.337,A
110,sn1/user-timeline-service,1527.53,520.36,251.42,0.0,0,5144,1113.886,17.0832,768.9798,3.29,A
111,hotel/consul,15.17,28.22,201.48,0.0,0,963,290.9922,1.2787,751.2243,0.0379,A
111,hotel/frontend,10037.15,119.62,1119.14,0.0,0,927160,214764.2306,124.0404,751.2243,24.5,A
111,hotel/geo,980.0,27.84,1119.06,0.0,0,2376,550.3687,12.111,751.2243,2.29,A
111,hotel/jaeger,0.23,14.79,81.01,0.0,0,0,290.9922,1.2787,1.3592,0.0,A
111,hotel/memcached-profile,123.87,7.72,79.25,0.0,0,1234,290.9922,1.5308,751.2243,0.303,A
111,hotel/memcached-rate,115.42,7.6,79.25,0.0,0,978,290.9922,1.4264,751.2243,0.284,A
111,hotel/memcached-reserve,162.43,7.23,79.25,0.0,0,1162,290.9922,2.0073,751.2243,0.379,A
111,hotel/mongodb-geo,7.2,63.07,400.43,0.0,0,64,290.9922,1.2787,1.3592,0.0189,A
111,hotel/mongodb-profile,7.21,65.11,400.43,0.0,0,89,290.9922,1.2787,1.3592,0.0189,A
111,hotel/mongodb-rate,7.95,64.86,400.43,0.0312,2,163,290.9922,1.2787,1.3592,0.0,A
111,hotel/mongodb-recommendation,7.01,63.04,400.43,0.0,0,47,290.9922,1.2787,1.3592,0.0189,A
111,hotel/mongodb-reservation,8.78,253.66,400.43,0.0312,16,129,290.9922,1.2787,1.3592,0.0379,A
111,hotel/mongodb-user,7.18,63.04,400.43,0.0,0,47,290.9922,1.2787,1.3592,0.0189,A
111,hotel/profile,3391.25,51.95,1119.06,0.0,0,72323,16752.657,41.9095,751.2243,8.01,A
111,hotel/rate,1469.08,41.43,1119.14,0.0,0,2997,694.215,18.1551,751.2243,3.31,A
111,hotel/recommendation,689.27,29.29,1119.06,0.0,0,1688,391.0027,8.5181,751.2243,1.78,A
111,hotel/reservation,3383.35,72.24,1119.06,0.0,0,184660,42774.0226,41.8119,751.2243,7.41,A
111,hotel/search,2501.42,36.09,1119.06,0.0,0,9081,2103.4924,30.9129,751.2243,5.91,A
111,hotel/user,49.49,20.57,1119.06,0.0,0,701,290.9922,1.2787,751.2243,0.133,A
111,sn1/compose-post-service,1394.18,79.27,251.42,0.0,0,5276,1222.1149,17.2295,751.2243,3.35,A
111,sn1/home-timeline-redis,296.56,2553.85,952.74,0.0,0,1103,290.9922,3.6649,751.2243,0.701,A
111,sn1/home-timeline-service,1649.88,112.27,251.42,0.0,0,3710,859.3719,20.3894,751.2243,4.15,A
111,sn1/jaeger,14.09,5577.29,75.0,0.0,0,261,290.9922,1.2787,751.2243,0.0758,A
111,sn1/media-frontend,0.0,2027.57,648.43,0.0,0,0,290.9922,1.2787,1.3592,0.0,A
111,sn1/media-memcached,0.15,4.63,75.33,0.0,0,0,290.9922,1.2787,1.3592,0.0,A
111,sn1/media-mongodb,7.96,73.95,704.02,0.0,0,117,290.9922,1.2787,1.3592,0.0189,A
111,sn1/media-service,77.47,4.96,251.42,0.0,0,789,290.9922,1.2787,751.2243,0.208,A
111,sn1/nginx-thrift,24287.5,43843.44,620.32,52.7344,462,5828,1349.9784,300.1482,751.2243,60.2,A
111,sn1/post-storage-memcached,1788.39,71.1,75.33,0.0,0,5305,1228.8324,22.1012,751.2243,4.47,A
111,sn1/post-storage-mongodb,948.26,8187.8,4130.05,0.0,0,814,290.9922,11.7187,751.2243,2.33,A
111,sn1/post-storage-service,7565.16,95.95,251.42,0.0,0,10406,2410.4109,93.4913,751.2243,18.7,A
111,sn1/social-graph-mongodb,10.04,728.0,757.02,0.0742,10,175,290.9922,1.2787,751.2243,0.0379,A
111,sn1/social-graph-redis,2.67,20.04,103.57,0.0,0,1079,290.9922,1.2787,1.3592,0.0,A
111,sn1/social-graph-service,0.04,31.3,251.42,0.0,0,0,290.9922,1.2787,1.3592,0.0,A
111,sn1/text-service,1487.74,66.04,251.42,0.0,0,5167,1196.8665,18.3857,751.2243,3.73,A
111,sn1/unique-id-service,78.55,4.71,251.42,0.0,0,764,290.9922,1.2787,751.2243,0.208,A
111,sn1/url-shorten-memcached,0.15,4.63,75.33,0.0,0,0,290.9922,1.2787,1.3592,0.0,A
111,sn1/url-shorten-mongodb,352.53,107.34,702.87,0.0312,2,1005,290.9922,4.3566,751.2243,0.966,A
111,sn1/url-shorten-service,1368.17,65.04,251.42,0.0,0,4546,1053.0202,16.908,751.2243,3.66,A
111,sn1/user-memcached,164.1,6.36,75.33,0.0,0,2172,503.1148,2.028,751.2243,0.417,A
111,sn1/user-mention-service,250.91,6.94,251.42,0.0,0,877,290.9922,3.1008,751.2243,0.606,A
111,sn1/user-mongodb,9.1,97.25,704.78,0.0039,2,125,290.9922,1.2787,1.3592,0.0379,A
111,sn1/user-service,72.57,18.05,251.42,0.0,0,741,290.9922,1.2787,751.2243,0.17,A
111,sn1/user-timeline-mongodb,15.83,106.95,703.03,0.0,0,428,290.9922,1.2787,751.2243,0.0379,A
111,sn1/user-timeline-redis,153.72,95.81,136.86,0.0,0,1217,290.9922,1.8997,751.2243,0.379,A
111,sn1/user-timeline-service,1533.79,520.46,251.42,0.0,0,4955,1147.7596,18.9548,751.2243,3.6,A
112,hotel/consul,16.13,28.22,201.48,0.0,0,783,290.9922,1.2787,793.8675,0.0184,A
112,hotel/frontend,9985.44,119.11,1119.14,0.0,0,759063,165416.7614,105.9596,793.8675,24.5,A
112,hotel/geo,1069.25,32.34,1119.06,0.0,0,2135,465.2641,11.3462,793.8675,2.56,A
112,hotel/jaeger,0.2,14.79,81.01,0.0,0,0,290.9922,1.2787,1.3592,0.0,A
112,hotel/memcached-profile,144.32,7.73,79.25,0.0,0,973,290.9922,1.5314,793.8675,0.35,A
112,hotel/memcached-rate,119.64,7.61,79.25,0.0,0,1106,290.9922,1.2787,793.8675,0.277,A
112,hotel/memcached-reserve,174.51,7.18,79.25,0.0,0,1345,293.1055,1.8518,793.8675,0.479,A
112,hotel/mongodb-geo,7.48,63.07,400.43,0.0352,4,52,290.9922,1.2787,1.3592,0.0184,A
112,hotel/mongodb-profile,7.44,65.11,400.43,0.0234,2,78,290.9922,1.2787,1.3592,0.0184,A
112,hotel/mongodb-rate,7.17,64.86,400.43,0.0,0,118,290.9922,1.2787,1.3592,0.0184,A
112,hotel/mongodb-recommendation,7.41,63.05,400.43,0.0391,4,66,290.9922,1.2787,1.3592,0.0184,A
112,hotel/mongodb-reservation,9.95,253.67,400.43,0.0781,28,183,290.9922,1.2787,1.3592,0.0369,A
112,hotel/mongodb-user,8.16,63.04,400.43,0.0234,2,96,290.9922,1.2787,1.3592,0.0,A
112,hotel/profile,3701.52,48.61,1119.06,0.0,0,114165,24879.1004,39.2783,793.8675,9.18,A
112,hotel/rate,1429.62,39.13,1119.14,0.0,0,3074,669.8932,15.1703,793.8675,3.19,A
112,hotel/recommendation,722.36,29.52,1119.06,0.0,0,1551,337.9975,7.6653,793.8675,1.75,A
112,hotel/reservation,3709.98,70.55,1119.06,0.0,0,270719,58995.7095,39.3681,793.8675,9.35,A
112,hotel/search,2840.84,39.78,1119.06,0.0,0,13144,2864.3708,30.1453,793.8675,6.69,A
112,hotel/user,47.79,20.9,1119.06,0.0,0,573,290.9922,1.2787,793.8675,0.129,A
112,sn1/compose-post-service,1413.35,79.27,251.42,0.0,0,5259,1146.0534,14.9976,793.8675,3.34,A
112,sn1/home-timeline-redis,292.26,2554.84,952.74,0.0,0,993,290.9922,3.1013,793.8675,0.719,A
112,sn1/home-timeline-service,1659.17,111.57,251.42,0.0,0,3475,757.28,17.6061,793.8675,3.95,A
112,sn1/jaeger,60.22,5577.61,75.0,0.0,0,735,290.9922,1.2787,793.8675,0.221,A
112,sn1/media-frontend,0.0,2027.57,648.43,0.0,0,0,290.9922,1.2787,1.3592,0.0,A
112,sn1/media-memcached,0.14,4.63,75.33,0.0,0,0,290.9922,1.2787,1.3592,0.0,A
112,sn1/media-mongodb,9.54,74.2,704.02,0.0391,6,98,290.9922,1.2787,1.3592,0.0369,A
112,sn1/media-service,78.94,4.86,251.42,0.0,0,646,290.9922,1.2787,793.8675,0.203,A
112,sn1/nginx-thrift,24516.84,43845.8,620.32,0.0,0,5213,1136.029,260.1582,793.8675,59.0,A
112,sn1/post-storage-memcached,1812.2,71.36,75.33,0.0,0,5768,1256.9759,19.23,793.8675,4.33,A
112,sn1/post-storage-mongodb,958.56,8188.05,4130.05,0.0586,6,952,290.9922,10.1717,793.8675,2.3,A
112,sn1/post-storage-service,7637.2,96.17,251.42,0.0,0,9844,2145.2272,81.0415,793.8675,18.3,A
112,sn1/social-graph-mongodb,9.37,728.0,757.02,0.0312,2,93,290.9922,1.2787,1.3592,0.0369,A
112,sn1/social-graph-redis,2.28,20.04,103.57,0.0,0,1796,391.3885,1.2787,1.3592,0.0,A
112,sn1/social-graph-service,0.0,31.3,251.42,0.0,0,0,290.9922,1.2787,1.3592,0.0,A
112,sn1/text-service,1500.52,66.63,251.42,0.0,0,4735,1031.8621,15.9226,793.8675,3.69,A
112,sn1/unique-id-service,81.58,4.71,251.42,0.0,0,668,290.9922,1.2787,793.8675,0.184,A
112,sn1/url-shorten-memcached,0.15,4.63,75.33,0.0,0,0,290.9922,1.2787,1.3592,0.0,A
112,sn1/url-shorten-mongodb,351.02,108.08,702.87,0.0,0,1037,290.9922,3.7248,793.8675,0.903,A
112,sn1/url-shorten-service,1370.58,66.52,251.42,0.0,0,4150,904.3776,14.5438,793.8675,3.48,A
112,sn1/user-memcached,167.29,6.61,75.33,0.0,0,2065,450.0096,1.7752,793.8675,0.406,A
112,sn1/user-mention-service,253.02,6.95,251.42,0.0,0,1082,290.9922,2.6849,793.8675,0.608,A
112,sn1/user-mongodb,9.43,97.25,704.78,0.0312,2,97,290.9922,1.2787,1.3592,0.0184,A
112,sn1/user-service,71.93,18.02,251.42,0.0,0,708,290.9922,1.2787,793.8675,0.166,A
112,sn1/user-timeline-mongodb,16.24,106.95,703.03,0.0273,2,374,290.9922,1.2787,793.8675,0.0369,A
112,sn1/user-timeline-redis,157.02,95.8,136.86,0.0,0,889,290.9922,1.6662,793.8675,0.387,A
112,sn1/user-timeline-service,1559.22,520.87,251.42,0.0,0,4817,1049.7318,16.5455,793.8675,3.6,A
113,hotel/consul,13.65,28.22,201.48,0.0,0,2695,636.3322,1.2787,776.1505,0.0193,A
113,hotel/frontend,9995.63,125.03,1119.14,0.0,0,1044047,246516.0532,83.0345,776.1505,24.9,A
113,hotel/geo,977.5,32.64,1119.06,0.0,0,2342,552.9833,8.1202,776.1505,2.36,A
113,hotel/jaeger,0.2,14.79,81.01,0.0,0,0,290.9922,1.2787,1.3592,0.0,A
113,hotel/memcached-profile,128.84,7.7,79.25,0.0,0,1187,290.9922,1.2787,776.1505,0.328,A
113,hotel/memcached-rate,104.82,7.62,79.25,0.0,0,1139,290.9922,1.2787,776.1505,0.27,A
113,hotel/memcached-reserve,155.41,7.15,79.25,0.0,0,1253,295.8532,1.291,776.1505,0.406,A
113,hotel/mongodb-geo,7.33,63.07,400.43,0.0,0,158,290.9922,1.2787,1.3592,0.0386,A
113,hotel/mongodb-profile,7.03,65.11,400.43,0.0,0,48,290.9922,1.2787,1.3592,0.0193,A
113,hotel/mongodb-rate,9.01,64.86,400.43,0.0508,10,80,290.9922,1.2787,1.3592,0.0193,A
113,hotel/mongodb-recommendation,6.93,63.05,400.43,0.0,0,97,290.9922,1.2787,1.3592,0.0386,A
113,hotel/mongodb-reservation,8.79,253.68,400.43,0.0312,16,89,290.9922,1.2787,1.3592,0.0386,A
113,hotel/mongodb-user,7.09,63.04,400.43,0.0,0,46,290.9922,1.2787,1.3592,0.0386,A
113,hotel/profile,3375.0,57.91,1119.06,0.0,0,89475,21126.4664,28.0364,776.1505,8.71,A
113,hotel/rate,1360.62,41.47,1119.14,0.0,0,2672,630.9016,11.3028,776.1505,3.09,A
113,hotel/recommendation,643.31,27.82,1119.06,0.0,0,1801,425.2447,5.344,776.1505,1.66,A
113,hotel/reservation,3320.38,68.85,1119.06,0.0,0,186023,43922.9803,27.5827,776.1505,8.23,A
113,hotel/search,2600.06,36.35,1119.06,0.0,0,9935,2345.811,21.5989,776.1505,6.62,A
113,hotel/user,50.93,21.01,1119.06,0.0,0,589,290.9922,1.2787,776.1505,0.135,A
113,sn1/compose-post-service,1387.96,77.02,251.42,0.0,0,5258,1241.4972,11.5299,776.1505,3.4,A
113,sn1/home-timeline-redis,288.91,2553.86,952.74,0.0,0,1259,297.2699,2.4,776.1505,0.715,A
113,sn1/home-timeline-service,1645.34,114.32,251.42,0.0,0,3484,822.6276,13.668,776.1505,4.11,A
113,sn1/jaeger,15.04,5577.91,75.0,0.0,0,380,290.9922,1.2787,776.1505,0.0579,A
113,sn1/media-frontend,0.0,2027.57,648.43,0.0,0,0,290.9922,1.2787,1.3592,0.0,A
113,sn1/media-memcached,0.19,4.63,75.33,0.0,0,0,290.9922,1.2787,1.3592,0.0,A
113,sn1/media-mongodb,8.14,74.2,704.02,0.0,0,143,290.9922,1.2787,1.3592,0.0386,A
113,sn1/media-service,76.68,4.86,251.42,0.0,0,633,290.9922,1.2787,776.1505,0.193,A
113,sn1/nginx-thrift,24355.78,43859.42,620.32,35.0078,304,5334,1259.442,202.3255,776.1505,61.2,A
113,sn1/post-storage-memcached,1800.46,71.19,75.33,0.0,0,5068,1196.6352,14.9566,776.1505,4.48,A
113,sn1/post-storage-mongodb,951.98,8187.84,4130.05,0.0,0,856,290.9922,7.9082,776.1505,2.39,A
113,sn1/post-storage-service,7616.19,100.17,251.42,0.0,0,9799,2313.6993,63.2683,776.1505,19.0,A
113,sn1/social-graph-mongodb,7.99,728.0,757.02,0.0078,4,103,290.9922,1.2787,1.3592,0.0193,A
113,sn1/social-graph-redis,2.16,20.04,103.57,0.0,0,230,290.9922,1.2787,1.3592,0.0193,A
113,sn1/social-graph-service,0.04,31.3,251.42,0.0,0,0,290.9922,1.2787,1.3592,0.0,A
113,sn1/text-service,1470.9,63.21,251.42,0.0,0,5048,1191.9129,12.2189,776.1505,3.65,A
113,sn1/unique-id-service,79.26,4.71,251.42,0.0,0,694,290.9922,1.2787,776.1505,0.232,A
113,sn1/url-shorten-memcached,0.13,4.63,75.33,0.0,0,0,290.9922,1.2787,1.3592,0.0,A
113,sn1/url-shorten-mongodb,310.14,107.61,702.87,0.0352,2,993,290.9922,2.5764,776.1505,0.83,A
113,sn1/url-shorten-service,1278.02,63.09,251.42,0.0,0,4212,994.52,10.6166,776.1505,3.24,A
113,sn1/user-memcached,159.36,6.37,75.33,0.0,0,2353,555.5806,1.3238,776.1505,0.386,A
113,sn1/user-mention-service,246.99,6.95,251.42,0.0,0,995,290.9922,2.0518,776.1505,0.618,A
113,sn1/user-mongodb,8.28,97.25,704.78,0.0078,4,63,290.9922,1.2787,1.3592,0.0386,A
113,sn1/user-service,71.73,18.02,251.42,0.0,0,656,290.9922,1.2787,776.1505,0.174,A
113,sn1/user-timeline-mongodb,15.29,106.95,703.03,0.0,0,351,290.9922,1.2787,776.1505,0.0386,A
113,sn1/user-timeline-redis,152.74,95.8,136.86,0.0,0,909,290.9922,1.2787,776.1505,0.386,A
113,sn1/user-timeline-service,1540.49,522.46,251.42,0.0,0,4981,1176.0931,12.797,776.1505,3.73,A
114,hotel/consul,15.53,28.22,201.48,0.0,0,893,290.9922,1.2787,774.5221,0.027,A
114,hotel/frontend,9745.2,132.38,1119.14,0.0,0,1106598,256346.8741,85.4988,774.5221,24.1,A
114,hotel/geo,1128.29,29.67,1119.06,0.0,0,2344,542.9949,9.899,774.5221,2.77,A
114,hotel/jaeger,0.23,14.79,81.01,0.0,0,0,290.9922,1.2787,1.3592,0.0,A
114,hotel/memcached-profile,130.43,7.98,79.25,0.0,0,1111,290.9922,1.2787,774.5221,0.364,A
114,hotel/memcached-rate,105.84,7.57,79.25,0.0,0,1246,290.9922,1.2787,774.5221,0.256,A
114,hotel/memcached-reserve,154.29,7.18,79.25,0.0,0,998,290.9922,1.3537,774.5221,0.391,A
114,hotel/mongodb-geo,7.63,63.07,400.43,0.0234,2,66,290.9922,1.2787,1.3592,0.027,A
114,hotel/mongodb-profile,7.32,65.11,400.43,0.0312,4,94,290.9922,1.2787,1.3592,0.027,A
114,hotel/mongodb-rate,7.18,64.86,400.43,0.0,0,74,290.9922,1.2787,1.3592,0.0135,A
114,hotel/mongodb-recommendation,7.41,63.05,400.43,0.0234,2,89,290.9922,1.2787,1.3592,0.027,A
114,hotel/mongodb-reservation,8.8,253.68,400.43,0.0547,16,233,290.9922,1.2787,1.3592,0.027,A
114,hotel/mongodb-user,8.01,63.04,400.43,0.0234,2,121,290.9922,1.2787,1.3592,0.027,A
114,hotel/profile,3460.42,49.98,1119.06,0.0,0,120477,27908.8724,30.3597,774.5221,8.85,A
114,hotel/rate,1291.28,39.26,1119.14,0.0,0,2727,631.718,11.3289,774.5221,3.6,A
114,hotel/recommendation,708.9,26.98,1119.06,0.0,0,1773,410.721,6.2195,774.5221,1.74,A
114,hotel/reservation,3462.39,75.19,1119.06,0.0,0,213417,49438.7129,30.377,774.5221,8.69,A
114,hotel/search,2609.86,35.84,1119.06,0.0,0,9577,2218.5419,22.8974,774.5221,6.72,A
114,hotel/user,44.63,20.53,1119.06,0.0,0,635,290.9922,1.2787,774.5221,0.108,A
114,sn1/compose-post-service,1427.92,78.2,251.42,0.0,0,5276,1222.2018,12.5277,774.5221,3.35,A
114,sn1/home-timeline-redis,296.63,2553.62,952.74,0.0,0,905,290.9922,2.6025,774.5221,0.715,A
114,sn1/home-timeline-service,1641.04,111.18,251.42,0.0,0,3535,818.8938,14.3975,774.5221,4.02,A
114,sn1/jaeger,56.47,5579.38,75.0,0.0,0,477,290.9922,1.2787,774.5221,0.337,A
114,sn1/media-frontend,0.0,2027.57,648.43,0.0,0,0,290.9922,1.2787,1.3592,0.0,A
114,sn1/media-memcached,0.18,4.63,75.33,0.0,0,0,290.9922,1.2787,1.3592,0.0,A
114,sn1/media-mongodb,9.15,73.95,704.02,0.043,4,78,290.9922,1.2787,1.3592,0.0135,A
114,sn1/media-service,77.96,4.86,251.42,0.0,0,613,290.9922,1.2787,774.5221,0.189,A
114,sn1/nginx-thrift,24193.39,43868.05,620.32,17.8867,164,5394,1249.5369,212.2589,774.5221,59.4,A
114,sn1/post-storage-memcached,1780.63,70.81,75.33,0.0,0,5073,1175.1763,15.6222,774.5221,4.34,A
114,sn1/post-storage-mongodb,931.37,8188.48,4130.05,0.0898,4,793,290.9922,8.1713,774.5221,2.31,A
114,sn1/post-storage-service,7541.02,96.93,251.42,0.0,0,9362,2168.7365,66.1606,774.5221,18.4,A
114,sn1/social-graph-mongodb,9.77,728.0,757.02,0.0312,2,132,290.9922,1.2787,1.3592,0.0,A
114,sn1/social-graph-redis,2.18,20.04,103.57,0.0,0,146,290.9922,1.2787,1.3592,0.0,A
114,sn1/social-graph-service,0.0,31.3,251.42,0.0,0,0,290.9922,1.2787,1.3592,0.0,A
114,sn1/text-service,1494.37,65.52,251.42,0.0,0,5102,1181.8942,13.1107,774.5221,3.67,A
114,sn1/unique-id-service,79.38,4.71,251.42,0.0,0,950,290.9922,1.2787,774.5221,0.189,A
114,sn1/url-shorten-memcached,0.14,4.63,75.33,0.0,0,0,290.9922,1.2787,1.3592,0.0,A
114,sn1/url-shorten-mongodb,333.2,107.58,702.87,0.0391,4,887,290.9922,2.9233,774.5221,0.863,A
114,sn1/url-shorten-service,1305.21,63.32,251.42,0.0,0,4257,986.1473,11.4512,774.5221,3.25,A
114,sn1/user-memcached,160.15,6.85,75.33,0.0,0,1996,462.3796,1.4051,774.5221,0.391,A
114,sn1/user-mention-service,252.04,6.96,251.42,0.0,0,1119,290.9922,2.2113,774.5221,0.621,A
114,sn1/user-mongodb,9.49,97.25,704.78,0.0312,2,175,290.9922,1.2787,1.3592,0.027,A
114,sn1/user-service,72.49,18.02,251.42,0.0,0,796,290.9922,1.2787,774.5221,0.162,A
114,sn1/user-timeline-mongodb,15.96,106.96,703.03,0.0352,4,248,290.9922,1.2787,774.5221,0.027,A
114,sn1/user-timeline-redis,152.84,95.55,136.86,0.0,0,922,290.9922,1.3409,774.5221,0.378,A
114,sn1/user-timeline-service,1504.02,519.41,251.42,0.0,0,4786,1108.6918,13.1954,774.5221,3.6,A
115,hotel/consul,16.57,28.22,201.48,0.0,0,1350,293.7302,1.2787,773.8838,0.0364,A
115,hotel/frontend,9921.45,132.45,1119.14,0.0,0,751757,163565.739,122.5412,773.8838,22.8,A
115,hotel/geo,1190.9,29.52,1119.06,0.0,0,2588,563.0917,14.709,773.8838,2.6,A
115,hotel/jaeger,0.25,14.79,81.01,0.0,0,0,290.9922,1.2787,1.3592,0.0,A
115,hotel/memcached-profile,157.68,7.79,79.25,0.0,0,1487,323.5384,1.9475,773.8838,0.364,A
115,hotel/memcached-rate,126.68,8.67,79.25,0.0,0,1011,290.9922,1.5646,773.8838,0.309,A
115,hotel/memcached-reserve,184.0,7.15,79.25,0.0,0,1005,290.9922,2.2726,773.8838,0.455,A
115,hotel/mongodb-geo,8.13,63.07,400.43,0.0469,10,76,290.9922,1.2787,1.3592,0.0182,A
115,hotel/mongodb-profile,8.11,65.11,400.43,0.0508,10,104,290.9922,1.2787,1.3592,0.0182,A
115,hotel/mongodb-rate,8.01,64.88,400.43,0.0,0,90,290.9922,1.2787,1.3592,0.0182,A
115,hotel/mongodb-recommendation,7.83,63.05,400.43,0.0469,10,95,290.9922,1.2787,1.3592,0.0364,A
115,hotel/mongodb-reservation,11.78,253.73,400.43,0.7148,102,146,290.9922,1.2787,773.8838,0.0546,A
115,hotel/mongodb-user,7.72,63.05,400.43,0.0508,12,187,290.9922,1.2787,1.3592,0.0182,A
115,hotel/profile,3843.38,49.97,1119.06,0.0,0,161633,35167.7751,47.4701,773.8838,9.22,A
115,hotel/rate,1666.76,38.75,1119.14,0.0,0,3484,758.0415,20.5864,773.8838,3.69,A
115,hotel/recommendation,869.03,27.97,1119.06,0.0,0,2086,453.8676,10.7335,773.8838,2.2,A
115,hotel/reservation,3873.71,76.4,1119.06,0.0,0,231796,50433.696,47.8447,773.8838,10.3,A
115,hotel/search,3003.52,36.19,1119.06,0.0,0,15059,3276.5062,37.0969,773.8838,7.17,A
115,hotel/user,55.77,20.44,1119.06,0.0,0,659,290.9922,1.2787,773.8838,0.127,A
115,sn1/compose-post-service,1438.88,74.98,251.42,0.0,0,5767,1254.772,17.7718,773.8838,3.27,A
115,sn1/home-timeline-redis,297.54,2553.63,952.74,0.0,0,1094,290.9922,3.675,773.8838,0.691,A
115,sn1/home-timeline-service,1658.39,112.19,251.42,0.0,0,3582,779.3642,20.483,773.8838,3.95,A
115,sn1/jaeger,15.51,5580.56,75.0,0.0,0,330,290.9922,1.2787,773.8838,0.0909,A
115,sn1/media-frontend,0.0,2027.57,648.43,0.0,0,0,290.9922,1.2787,1.3592,0.0,A
115,sn1/media-memcached,0.18,4.63,75.33,0.0,0,0,290.9922,1.2787,1.3592,0.0,A
115,sn1/media-mongodb,8.81,73.95,704.02,0.0,0,229,290.9922,1.2787,1.3592,0.0182,A
115,sn1/media-service,80.79,4.83,251.42,0.0,0,798,290.9922,1.2787,773.8838,0.182,A
115,sn1/nginx-thrift,24213.7,43875.18,620.32,17.8164,162,5544,1206.2521,299.0667,773.8838,57.7,A
115,sn1/post-storage-memcached,1824.51,71.09,75.33,0.0,0,5736,1248.0271,22.5348,773.8838,4.27,A
115,sn1/post-storage-mongodb,944.12,8188.24,4130.05,0.0039,2,882,290.9922,11.661,773.8838,2.24,A
115,sn1/post-storage-service,7650.12,95.29,251.42,0.0,0,10083,2193.8384,94.4877,773.8838,18.1,A
115,sn1/social-graph-mongodb,8.79,728.0,757.02,0.0,0,128,290.9922,1.2787,1.3592,0.0364,A
115,sn1/social-graph-redis,2.21,20.04,103.57,0.0,0,198,290.9922,1.2787,1.3592,0.0,A
115,sn1/social-graph-service,0.06,31.3,251.42,0.0,0,0,290.9922,1.2787,1.3592,0.0,A
115,sn1/text-service,1518.37,62.85,251.42,0.0,0,4905,1067.2198,18.7536,773.8838,3.62,A
115,sn1/unique-id-service,83.4,4.71,251.42,0.0,0,811,290.9922,1.2787,773.8838,0.182,A
115,sn1/url-shorten-memcached,0.15,4.63,75.33,0.0,0,0,290.9922,1.2787,1.3592,0.0,A
115,sn1/url-shorten-mongodb,362.67,107.14,702.87,0.0508,4,1124,290.9922,4.4794,773.8838,0.964,A
115,sn1/url-shorten-service,1387.43,57.76,251.42,0.0,0,4150,902.9484,17.1363,773.8838,3.62,A
115,sn1/user-memcached,165.67,7.18,75.33,0.0,0,1821,396.2094,2.0462,773.8838,0.382,A
115,sn1/user-mention-service,254.11,7.31,251.42,0.0,0,906,290.9922,3.1385,773.8838,0.618,A
115,sn1/user-mongodb,8.88,97.25,704.78,0.0,0,108,290.9922,1.2787,1.3592,0.0182,A
115,sn1/user-service,73.41,17.98,251.42,0.0,0,695,290.9922,1.2787,773.8838,0.182,A
115,sn1/user-timeline-mongodb,15.68,106.96,703.03,0.0,0,745,290.9922,1.2787,773.8838,0.0546,A
115,sn1/user-timeline-redis,152.02,95.55,136.86,0.0,0,790,290.9922,1.8776,773.8838,0.364,A
115,sn1/user-timeline-service,1528.23,518.6,251.42,0.0,0,5135,1117.2627,18.8754,773.8838,3.56,A
116,hotel/consul,16.58,28.22,201.48,0.0,0,1693,380.8724,1.2787,761.5926,0.0182,A
116,hotel/frontend,10027.14,125.12,1119.14,0.0,0,801665,180349.7141,123.4864,761.5926,24.4,A
116,hotel/geo,1100.89,28.31,1119.06,0.0,0,2308,519.2283,13.5577,761.5926,2.37,A
116,hotel/jaeger,0.17,14.79,81.01,0.0,0,0,290.9922,1.2787,1.3592,0.0,A
116,hotel/memcached-profile,147.04,7.73,79.25,0.0,0,926,290.9922,1.8108,761.5926,0.328,A
116,hotel/memcached-rate,116.98,7.57,79.25,0.0,0,923,290.9922,1.4406,761.5926,0.273,A
116,hotel/memcached-reserve,173.56,7.41,79.25,0.0,0,1200,290.9922,2.1374,761.5926,0.401,A
116,hotel/mongodb-geo,7.98,63.07,400.43,0.0234,2,41,290.9922,1.2787,1.3592,0.0,A
116,hotel/mongodb-profile,8.0,65.11,400.43,0.0234,2,144,290.9922,1.2787,1.3592,0.0182,A
116,hotel/mongodb-rate,7.43,64.88,400.43,0.0,0,79,290.9922,1.2787,1.3592,0.0182,A
116,hotel/mongodb-recommendation,7.75,63.05,400.43,0.0234,2,127,290.9922,1.2787,1.3592,0.0182,A
116,hotel/mongodb-reservation,8.96,253.73,400.43,0.043,10,65,290.9922,1.2787,1.3592,0.0365,A
116,hotel/mongodb-user,7.73,63.05,400.43,0.0234,2,81,290.9922,1.2787,1.3592,0.0182,A
116,hotel/profile,3539.6,49.66,1119.06,0.0,0,52082,11716.8316,43.5909,761.5926,8.38,A
116,hotel/rate,1590.45,39.66,1119.14,0.0,0,3161,711.1268,19.5867,761.5926,3.86,A
116,hotel/recommendation,750.71,26.89,1119.06,0.0,0,1854,417.0924,9.2452,761.5926,1.77,A
116,hotel/reservation,3764.87,70.98,1119.06,0.0,0,240190,54035.2864,46.3652,761.5926,9.86,A
116,hotel/search,2871.45,36.11,1119.06,0.0,0,11583,2605.8151,35.3625,761.5926,6.47,A
116,hotel/user,49.44,20.45,1119.06,0.0,0,502,290.9922,1.2787,761.5926,0.109,A
116,sn1/compose-post-service,1399.19,74.61,251.42,0.0,0,5624,1265.2252,17.2313,761.5926,3.23,A
116,sn1/home-timeline-redis,291.56,2553.93,952.74,0.0,0,1214,290.9922,3.5906,761.5926,0.693,A
116,sn1/home-timeline-service,1644.83,109.86,251.42,0.0,0,3504,788.2911,20.2564,761.5926,4.01,A
116,sn1/jaeger,59.07,5601.41,75.0,0.0,0,476,290.9922,1.2787,761.5926,0.182,A
116,sn1/media-frontend,0.0,2027.57,648.43,0.0,0,0,290.9922,1.2787,1.3592,0.0,A
116,sn1/media-memcached,0.15,4.63,75.33,0.0,0,0,290.9922,1.2787,1.3592,0.0,A
116,sn1/media-mongodb,9.72,73.95,704.02,0.0312,2,700,290.9922,1.2787,1.3592,0.0182,A
116,sn1/media-service,77.09,4.83,251.42,0.0,0,614,290.9922,1.2787,761.5926,0.201,A
116,sn1/nginx-thrift,24233.3,43892.21,620.32,0.0,0,5736,1290.4218,298.4382,761.5926,58.4,A
116,sn1/post-storage-memcached,1791.78,70.28,75.33,0.0,0,5153,1159.2649,22.0662,761.5926,4.37,A
116,sn1/post-storage-mongodb,930.19,8188.88,4130.05,0.0547,2,928,290.9922,11.4555,761.5926,2.24,A
116,sn1/post-storage-service,7577.53,93.84,251.42,0.0,0,10303,2317.8548,93.3189,761.5926,18.4,A
116,sn1/social-graph-mongodb,9.82,728.0,757.02,0.0312,2,136,290.9922,1.2787,1.3592,0.0365,A
116,sn1/social-graph-redis,2.34,20.04,103.57,0.0,0,258,290.9922,1.2787,1.3592,0.0,A
116,sn1/social-graph-service,0.0,31.3,251.42,0.0,0,0,290.9922,1.2787,1.3592,0.0,A
116,sn1/text-service,1469.83,62.99,251.42,0.0,0,4947,1112.9213,18.1013,761.5926,3.55,A
116,sn1/unique-id-service,79.83,4.77,251.42,0.0,0,619,290.9922,1.2787,761.5926,0.201,A
116,sn1/url-shorten-memcached,0.17,4.63,75.33,0.0,0,0,290.9922,1.2787,1.3592,0.0,A
116,sn1/url-shorten-mongodb,341.96,107.27,702.87,0.0,0,1038,290.9922,4.2113,761.5926,0.911,A
116,sn1/url-shorten-service,1331.25,63.82,251.42,0.0,0,4550,1023.6086,16.3946,761.5926,3.37,A
116,sn1/user-memcached,162.43,6.43,75.33,0.0,0,1972,443.6387,2.0004,761.5926,0.365,A
116,sn1/user-mention-service,247.69,7.27,251.42,0.0,0,1183,290.9922,3.0504,761.5926,0.583,A
116,sn1/user-mongodb,10.05,97.25,704.78,0.0312,2,48,290.9922,1.2787,761.5926,0.0182,A
116,sn1/user-service,69.38,18.02,251.42,0.0,0,743,290.9922,1.2787,761.5926,0.146,A
116,sn1/user-timeline-mongodb,16.73,106.96,703.03,0.0312,2,370,290.9922,1.2787,761.5926,0.0365,A
116,sn1/user-timeline-redis,152.38,95.56,136.86,0.0,0,811,290.9922,1.8766,761.5926,0.383,A
116,sn1/user-timeline-service,1497.81,518.2,251.42,0.0,0,5003,1125.5195,18.4458,761.5926,3.46,A
117,hotel/consul,15.92,28.22,201.48,0.0,0,778,290.9922,1.2787,764.6174,0.0191,A
117,hotel/frontend,9898.21,114.31,1119.14,0.0,0,1090150,252076.2838,93.407,764.6174,24.7,A
117,hotel/geo,1048.77,29.09,1119.06,0.0,0,2193,507.0892,9.897,764.6174,2.58,A
117,hotel/jaeger,0.27,14.79,81.01,0.0,0,0,290.9922,1.2787,1.3592,0.0,A
117,hotel/memcached-profile,130.26,7.72,79.25,0.0,0,1177,290.9922,1.2787,764.6174,0.344,A
117,hotel/memcached-rate,105.03,7.61,79.25,0.0,0,1325,306.3808,1.2787,764.6174,0.267,A
117,hotel/memcached-reserve,155.27,7.23,79.25,0.0,0,1159,290.9922,1.4652,764.6174,0.382,A
117,hotel/mongodb-geo,7.1,63.07,400.43,0.0,0,45,290.9922,1.2787,1.3592,0.0382,A
117,hotel/mongodb-profile,7.08,65.11,400.43,0.0,0,57,290.9922,1.2787,1.3592,0.0191,A
117,hotel/mongodb-rate,7.38,64.88,400.43,0.0156,2,96,290.9922,1.2787,1.3592,0.0191,A
117,hotel/mongodb-recommendation,6.71,63.05,400.43,0.0,0,67,290.9922,1.2787,1.3592,0.0191,A
117,hotel/mongodb-reservation,8.53,253.73,400.43,0.0391,20,145,290.9922,1.2787,1.3592,0.0191,A
117,hotel/mongodb-user,6.69,63.05,400.43,0.0,0,58,290.9922,1.2787,1.3592,0.0382,A
117,hotel/profile,3519.03,53.61,1119.06,0.0,0,49886,11535.1809,33.2082,764.6174,7.71,A
117,hotel/rate,1322.3,42.83,1119.14,0.0,0,2844,657.6205,12.4782,764.6174,3.42,A
117,hotel/recommendation,712.06,27.85,1119.06,0.0,0,1778,411.1284,6.7195,764.6174,1.68,A
117,hotel/reservation,3633.05,65.41,1119.06,0.0,0,271913,62874.6673,34.2842,764.6174,9.32,A
117,hotel/search,2683.99,34.65,1119.06,0.0,0,10198,2358.092,25.3282,764.6174,6.65,A
117,hotel/user,44.89,20.53,1119.06,0.0,0,665,290.9922,1.2787,764.6174,0.0955,A
117,sn1/compose-post-service,1346.11,74.25,251.42,0.0,0,4919,1137.4244,12.7029,764.6174,3.4,A
117,sn1/home-timeline-redis,285.98,2555.42,952.74,0.0,0,1115,290.9922,2.6987,764.6174,0.726,A
117,sn1/home-timeline-service,1612.94,109.97,251.42,0.0,0,3064,708.4912,15.2209,764.6174,3.99,A
117,sn1/jaeger,14.75,5606.92,75.0,0.0,0,389,290.9922,1.2787,764.6174,0.0764,A
117,sn1/media-frontend,0.0,2027.57,648.43,0.0,0,0,290.9922,1.2787,1.3592,0.0,A
117,sn1/media-memcached,0.18,4.63,75.33,0.0,0,0,290.9922,1.2787,1.3592,0.0,A
117,sn1/media-mongodb,7.73,74.2,704.02,0.0898,18,106,290.9922,1.2787,1.3592,0.0191,A
117,sn1/media-service,74.87,4.83,251.42,0.0,0,813,290.9922,1.2787,764.6174,0.191,A
117,sn1/nginx-thrift,23972.41,43899.98,620.32,35.2891,308,4772,1103.4335,226.2218,764.6174,60.0,A
117,sn1/post-storage-memcached,1761.88,70.57,75.33,0.0,0,5267,1217.8928,16.6264,764.6174,4.41,A
117,sn1/post-storage-mongodb,914.49,8188.11,4130.05,0.0,0,843,290.9922,8.6298,764.6174,2.33,A
117,sn1/post-storage-service,7470.95,99.51,251.42,0.0,0,8782,2030.6691,70.5015,764.6174,18.7,A
117,sn1/social-graph-mongodb,7.9,728.0,757.02,0.0,0,167,290.9922,1.2787,1.3592,0.0191,A
117,sn1/social-graph-redis,2.7,20.04,103.57,0.0,0,248,290.9922,1.2787,1.3592,0.0,A
117,sn1/social-graph-service,0.07,31.3,251.42,0.0,0,0,290.9922,1.2787,1.3592,0.0,A
117,sn1/text-service,1444.08,59.54,251.42,0.0,0,4740,1096.0341,13.6274,764.6174,3.74,A
117,sn1/unique-id-service,78.29,4.95,251.42,0.0,0,729,290.9922,1.2787,764.6174,0.191,A
117,sn1/url-shorten-memcached,0.15,4.63,75.33,0.0,0,0,290.9922,1.2787,1.3592,0.0,A
117,sn1/url-shorten-mongodb,301.94,108.31,702.87,0.0352,2,1066,290.9922,2.8493,764.6174,0.859,A
117,sn1/url-shorten-service,1225.17,60.8,251.42,0.0,0,3406,787.5722,11.5616,764.6174,3.36,A
117,sn1/user-memcached,155.99,6.61,75.33,0.0,0,1670,386.1555,1.472,764.6174,0.382,A
117,sn1/user-mention-service,241.55,6.75,251.42,0.0,0,894,290.9922,2.2794,764.6174,0.592,A
117,sn1/user-mongodb,8.2,97.25,704.78,0.457,36,67,290.9922,1.2787,1.3592,0.0382,A
117,sn1/user-service,68.91,18.02,251.42,0.0,0,706,290.9922,1.2787,764.6174,0.172,A
117,sn1/user-timeline-mongodb,14.58,106.96,703.03,0.0,0,322,290.9922,1.2787,764.6174,0.0382,A
117,sn1/user-timeline-redis,150.27,95.56,136.86,0.0,0,811,290.9922,1.4181,764.6174,0.401,A
117,sn1/user-timeline-service,1486.37,518.42,251.42,0.0,0,4383,1013.4847,14.0265,764.6174,3.67,A
118,hotel/consul,15.25,28.22,201.48,0.0,0,884,290.9922,1.2787,781.0057,0.0396,A
118,hotel/frontend,10240.46,121.82,1119.14,0.0,0,1159263,284569.0769,137.0895,781.0057,25.2,A
118,hotel/geo,1066.17,30.41,1119.06,0.0,0,2454,602.3935,14.2729,781.0057,2.57,A
118,hotel/jaeger,0.22,14.79,81.01,0.0,0,0,290.9922,1.2787,1.3592,0.0,A
118,hotel/memcached-profile,128.36,9.23,79.25,0.0,0,1115,290.9922,1.7184,781.0057,0.277,A
118,hotel/memcached-rate,108.13,7.61,79.25,0.0,0,1066,290.9922,1.4475,781.0057,0.257,A
118,hotel/memcached-reserve,162.16,7.25,79.25,0.0,0,982,290.9922,2.1708,781.0057,0.356,A
118,hotel/mongodb-geo,7.78,63.07,400.43,0.0234,2,60,290.9922,1.2787,1.3592,0.0198,A
118,hotel/mongodb-profile,7.84,65.11,400.43,0.0234,2,104,290.9922,1.2787,1.3592,0.0198,A
118,hotel/mongodb-rate,7.24,64.88,400.43,0.0,0,67,290.9922,1.2787,1.3592,0.0198,A
118,hotel/mongodb-recommendation,7.51,63.05,400.43,0.0234,2,133,290.9922,1.2787,1.3592,0.0198,A
118,hotel/mongodb-reservation,8.18,253.73,400.43,0.0664,14,112,290.9922,1.2787,1.3592,0.0198,A
118,hotel/mongodb-user,7.8,63.05,400.43,0.0234,2,62,290.9922,1.2787,1.3592,0.0198,A
118,hotel/profile,3485.69,50.11,1119.06,0.0,0,43430,10660.9415,46.6631,781.0057,8.67,A
118,hotel/rate,1470.76,48.32,1119.14,0.0,0,3430,841.9763,19.6891,781.0057,3.05,A
118,hotel/recommendation,752.55,27.92,1119.06,0.0,0,1654,406.0142,10.0744,781.0057,1.62,A
118,hotel/reservation,3628.97,68.98,1119.06,0.0,0,168516,41366.3186,48.5812,781.0057,7.53,A
118,hotel/search,2645.3,37.55,1119.06,0.0,0,23031,5653.5147,35.4128,781.0057,5.88,A
118,hotel/user,43.53,20.53,1119.06,0.0,0,669,290.9922,1.2787,781.0057,0.099,A
118,sn1/compose-post-service,1360.22,81.89,251.42,0.0,0,4794,1176.803,18.2093,781.0057,3.39,A
118,sn1/home-timeline-redis,295.89,2554.19,952.74,0.0,0,942,290.9922,3.9611,781.0057,0.733,A
118,sn1/home-timeline-service,1647.85,109.3,251.42,0.0,0,3330,817.4289,22.0598,781.0057,4.08,A
118,sn1/jaeger,56.58,5630.35,75.0,0.0,0,604,290.9922,1.2787,781.0057,0.238,A
118,sn1/media-frontend,0.0,2027.57,648.43,0.0,0,0,290.9922,1.2787,1.3592,0.0,A
118,sn1/media-memcached,0.18,4.63,75.33,0.0,0,0,290.9922,1.2787,1.3592,0.0,A
118,sn1/media-mongodb,9.06,73.95,704.02,0.0352,4,102,290.9922,1.2787,1.3592,0.0396,A
118,sn1/media-service,75.93,4.77,251.42,0.0,0,728,290.9922,1.2787,781.0057,0.198,A
118,sn1/nginx-thrift,24441.31,43905.21,620.32,0.0,0,5057,1241.3627,327.197,781.0057,61.2,A
118,sn1/post-storage-memcached,1801.06,70.65,75.33,0.0,0,5088,1248.9724,24.1109,781.0057,4.5,A
118,sn1/post-storage-mongodb,935.27,8187.63,4130.05,0.0547,2,933,290.9922,12.5205,781.0057,2.36,A
118,sn1/post-storage-service,7640.35,94.77,251.42,0.0,0,9427,2314.0846,102.2817,781.0057,19.0,A
118,sn1/social-graph-mongodb,9.53,728.0,757.02,1.625,50,175,290.9922,1.2787,1.3592,0.0198,A
118,sn1/social-graph-redis,2.23,20.04,103.57,0.0,0,447,290.9922,1.2787,1.3592,0.0198,A
118,sn1/social-graph-service,0.0,31.3,251.42,0.0,0,0,290.9922,1.2787,1.3592,0.0,A
118,sn1/text-service,1436.49,78.31,251.42,0.0,0,4320,1060.4482,19.2304,781.0057,3.7,A
118,sn1/unique-id-service,78.28,4.64,251.42,0.0,0,751,290.9922,1.2787,781.0057,0.178,A
118,sn1/url-shorten-memcached,0.16,4.63,75.33,0.0,0,0,290.9922,1.2787,1.3592,0.0,A
118,sn1/url-shorten-mongodb,308.12,108.07,702.87,0.0,0,810,290.9922,4.1248,781.0057,0.911,A
118,sn1/url-shorten-service,1238.33,73.38,251.42,0.0,0,3858,947.0392,16.5776,781.0057,3.49,A
118,sn1/user-memcached,157.96,6.34,75.33,0.0,0,1495,366.9838,2.1146,781.0057,0.396,A
118,sn1/user-mention-service,236.46,6.78,251.42,0.0,0,1033,290.9922,3.1655,781.0057,0.574,A
118,sn1/user-mongodb,9.74,97.25,704.78,0.0312,2,110,290.9922,1.2787,1.3592,0.0198,A
118,sn1/user-service,70.28,18.02,251.42,0.0,0,1018,290.9922,1.2787,781.0057,0.178,A
118,sn1/user-timeline-mongodb,15.47,106.96,703.03,0.0312,2,467,290.9922,1.2787,781.0057,0.0396,A
118,sn1/user-timeline-redis,152.58,95.55,136.86,0.0,0,754,290.9922,2.0426,781.0057,0.376,A
118,sn1/user-timeline-service,1523.09,518.96,251.42,0.0,0,4617,1133.3541,20.3897,781.0057,3.74,A
119,hotel/consul,14.82,28.22,201.48,0.0,0,1022,290.9922,1.2787,749.0469,0.0376,A
119,hotel/frontend,9724.85,128.93,1119.14,0.0,0,940270,213730.099,102.5397,749.0469,24.4,A
119,hotel/geo,1028.19,30.9,1119.06,0.0,0,2554,580.5425,10.8413,749.0469,2.71,A
119,hotel/jaeger,0.2,14.79,81.01,0.0,0,0,290.9922,1.2787,1.3592,0.0,A
119,hotel/memcached-profile,132.67,7.71,79.25,0.0,0,1279,290.9922,1.3989,749.0469,0.376,A
119,hotel/memcached-rate,111.9,7.63,79.25,0.0,0,1307,297.0905,1.2787,749.0469,0.282,A
119,hotel/memcached-reserve,166.04,7.56,79.25,0.0,0,995,290.9922,1.7507,749.0469,0.47,A
119,hotel/mongodb-geo,7.79,63.07,400.43,0.0,0,857,290.9922,1.2787,1.3592,0.0188,A
119,hotel/mongodb-profile,7.84,65.11,400.43,0.0,0,63,290.9922,1.2787,1.3592,0.0188,A
119,hotel/mongodb-rate,8.0,64.88,400.43,0.0156,2,106,290.9922,1.2787,1.3592,0.0188,A
119,hotel/mongodb-recommendation,7.64,63.05,400.43,0.0,0,72,290.9922,1.2787,1.3592,0.0188,A
119,hotel/mongodb-reservation,8.0,253.73,400.43,0.0039,2,115,290.9922,1.2787,1.3592,0.0376,A
119,hotel/mongodb-user,7.58,63.05,400.43,0.0,0,62,290.9922,1.2787,1.3592,0.0188,A
119,hotel/profile,3422.6,45.45,1119.06,0.0,0,69660,15834.2164,36.0882,749.0469,8.95,A
119,hotel/rate,1387.88,40.84,1119.14,0.0,0,3205,728.5194,14.6339,749.0469,3.8,A
119,hotel/recommendation,712.5,30.65,1119.06,0.0,0,1963,446.2039,7.5127,749.0469,1.81,A
119,hotel/reservation,3537.71,73.45,1119.06,0.0,0,161989,36821.2588,37.3019,749.0469,10.0,A
119,hotel/search,2696.11,36.08,1119.06,0.0,0,5998,1363.3883,28.428,749.0469,7.34,A
119,hotel/user,48.45,20.88,1119.06,0.0,0,588,290.9922,1.2787,749.0469,0.0752,A
119,sn1/compose-post-service,1293.74,74.32,251.42,0.0,0,4939,1122.67,13.6413,749.0469,3.22,A
119,sn1/home-timeline-redis,285.79,2554.68,952.74,0.0,0,1258,290.9922,3.0134,749.0469,0.734,A
119,sn1/home-timeline-service,1568.48,110.84,251.42,0.0,0,3211,729.8833,16.5382,749.0469,4.01,A
119,sn1/jaeger,14.73,5636.81,75.0,0.0,0,354,290.9922,1.2787,749.0469,0.0752,A
119,sn1/media-frontend,0.0,2027.57,648.43,0.0,0,0,290.9922,1.2787,1.3592,0.0,A
119,sn1/media-memcached,0.14,4.63,75.33,0.0,0,0,290.9922,1.2787,1.3592,0.0,A
119,sn1/media-mongodb,8.3,73.95,704.02,0.0,0,99,290.9922,1.2787,1.3592,0.0376,A
119,sn1/media-service,70.52,4.77,251.42,0.0,0,648,290.9922,1.2787,749.0469,0.188,A
119,sn1/nginx-thrift,23306.86,43915.95,620.32,34.9375,302,4533,1030.3833,245.7497,749.0469,59.6,A
119,sn1/post-storage-memcached,1721.04,70.33,75.33,0.0,0,4986,1133.3535,18.1468,749.0469,4.36,A
119,sn1/post-storage-mongodb,902.07,8187.63,4130.05,0.0,0,822,290.9922,9.5115,749.0469,2.28,A
119,sn1/post-storage-service,7288.58,96.55,251.42,0.0,0,8817,2004.1672,76.8515,749.0469,18.5,A
119,sn1/social-graph-mongodb,8.34,728.0,757.02,0.0,0,104,290.9922,1.2787,1.3592,0.0376,A
119,sn1/social-graph-redis,2.13,20.04,103.57,0.0,0,203,290.9922,1.2787,1.3592,0.0,A
119,sn1/social-graph-service,0.07,31.3,251.42,0.0,0,0,290.9922,1.2787,1.3592,0.0,A
119,sn1/text-service,1411.37,61.08,251.42,0.0,0,4331,984.4673,14.8816,749.0469,3.54,A
119,sn1/unique-id-service,72.38,4.64,251.42,0.0,0,640,290.9922,1.2787,749.0469,0.169,A
119,sn1/url-shorten-memcached,0.19,4.63,75.33,0.0,0,0,290.9922,1.2787,1.3592,0.0,A
119,sn1/url-shorten-mongodb,332.92,106.59,702.87,0.043,4,876,290.9922,3.5103,749.0469,0.865,A
119,sn1/url-shorten-service,1265.72,60.21,251.42,0.0,0,3444,782.8458,13.3459,749.0469,3.37,A
119,sn1/user-memcached,146.32,6.61,75.33,0.0,0,2447,556.2206,1.5428,749.0469,0.376,A
119,sn1/user-mention-service,223.01,6.75,251.42,0.0,0,1016,290.9922,2.3514,749.0469,0.527,A
119,sn1/user-mongodb,8.69,97.25,704.78,0.0,0,57,290.9922,1.2787,1.3592,0.0188,A
119,sn1/user-service,67.0,18.02,251.42,0.0,0,607,290.9922,1.2787,749.0469,0.15,A
119,sn1/user-timeline-mongodb,14.96,106.96,703.03,0.0,0,985,290.9922,1.2787,749.0469,0.0376,A
119,sn1/user-timeline-redis,146.51,96.32,136.86,0.0,0,841,290.9922,1.5448,749.0469,0.357,A
119,sn1/user-timeline-service,1456.47,522.42,251.42,0.0,0,4729,1074.9355,15.3572,749.0469,3.56,A
120,hotel/consul,15.31,28.22,201.48,0.0,0,1075,290.9922,1.2787,747.5093,0.0561,A
120,hotel/frontend,9987.35,119.82,1119.14,0.0,0,815716,183353.7978,105.613,747.5093,24.2,A
120,hotel/geo,1126.51,30.24,1119.06,0.0,0,2264,508.894,11.9125,747.5093,2.64,A
120,hotel/jaeger,0.19,14.79,81.01,0.0,0,0,290.9922,1.2787,1.3592,0.0,A
120,hotel/memcached-profile,146.93,7.71,79.25,0.0,0,1119,290.9922,1.5537,747.5093,0.374,A
120,hotel/memcached-rate,115.67,7.57,79.25,0.0,0,994,290.9922,1.2787,747.5093,0.28,A
120,hotel/memcached-reserve,171.93,7.15,79.25,0.0,0,1115,290.9922,1.8181,747.5093,0.43,A
120,hotel/mongodb-geo,7.91,63.07,400.43,0.0234,2,54,290.9922,1.2787,1.3592,0.0187,A
120,hotel/mongodb-profile,7.83,65.11,400.43,0.0234,2,188,290.9922,1.2787,1.3592,0.0187,A
120,hotel/mongodb-rate,7.23,64.88,400.43,0.0352,4,59,290.9922,1.2787,1.3592,0.0187,A
120,hotel/mongodb-recommendation,7.85,63.05,400.43,0.0391,4,72,290.9922,1.2787,1.3592,0.0187,A
120,hotel/mongodb-reservation,10.06,253.75,400.43,0.0859,30,141,290.9922,1.2787,747.5093,0.0187,A
120,hotel/mongodb-user,8.0,63.05,400.43,0.0234,2,66,290.9922,1.2787,1.3592,0.0187,A
120,hotel/profile,3701.01,45.31,1119.06,0.0,0,100607,22614.0906,39.137,747.5093,9.18,A
120,hotel/rate,1511.07,40.83,1119.14,0.0,0,2714,610.0435,15.9791,747.5093,3.61,A
120,hotel/recommendation,729.45,26.66,1119.06,0.0,0,1768,397.4049,7.7137,747.5093,1.78,A
120,hotel/reservation,3737.18,74.38,1119.06,0.0,0,237237,53325.3055,39.5195,747.5093,9.16,A
120,hotel/search,2855.43,36.84,1119.06,0.0,0,12054,2709.4561,30.1952,747.5093,7.31,A
120,hotel/user,49.9,21.33,1119.06,0.0,0,513,290.9922,1.2787,747.5093,0.131,A
120,sn1/compose-post-service,1356.68,74.98,251.42,0.0,0,5188,1166.1405,14.3465,747.5093,3.35,A
120,sn1/home-timeline-redis,286.91,2553.5,952.74,0.0,0,932,290.9922,3.034,747.5093,0.729,A
120,sn1/home-timeline-service,1616.87,110.7,251.42,0.0,0,3378,759.2951,17.0979,747.5093,3.98,A
120,sn1/jaeger,55.57,5660.29,75.0,0.0,0,476,290.9922,1.2787,747.5093,0.187,A
120,sn1/media-frontend,0.0,2027.57,648.43,0.0,0,0,290.9922,1.2787,1.3592,0.0,A
120,sn1/media-memcached,0.17,4.63,75.33,0.0,0,0,290.9922,1.2787,1.3592,0.0,A
120,sn1/media-mongodb,9.08,73.95,704.02,0.0312,2,103,290.9922,1.2787,1.3592,0.0187,A
120,sn1/media-service,72.28,4.67,251.42,0.0,0,660,290.9922,1.2787,747.5093,0.187,A
120,sn1/nginx-thrift,23891.8,43921.97,620.32,0.0,0,5410,1216.0409,252.648,747.5093,58.7,A
120,sn1/post-storage-memcached,1758.08,70.94,75.33,0.0,0,5212,1171.5352,18.5911,747.5093,4.32,A
120,sn1/post-storage-mongodb,917.67,8187.49,4130.05,0.082,4,739,290.9922,9.7041,747.5093,2.26,A
120,sn1/post-storage-service,7470.92,96.53,251.42,0.0,0,9764,2194.7179,79.0026,747.5093,18.3,A
120,sn1/social-graph-mongodb,9.69,728.0,757.02,0.0508,4,99,290.9922,1.2787,1.3592,0.0187,A
120,sn1/social-graph-redis,2.3,20.04,103.57,0.0,0,255,290.9922,1.2787,1.3592,0.0187,A
120,sn1/social-graph-service,0.0,31.3,251.42,0.0,0,0,290.9922,1.2787,1.3592,0.0,A
120,sn1/text-service,1444.31,61.5,251.42,0.0,0,4816,1082.5237,15.2731,747.5093,3.57,A
120,sn1/unique-id-service,75.63,4.64,251.42,0.0,0,621,290.9922,1.2787,747.5093,0.168,A
120,sn1/url-shorten-memcached,0.16,4.63,75.33,0.0,0,0,290.9922,1.2787,1.3592,0.0,A
120,sn1/url-shorten-mongodb,355.42,106.08,702.87,0.0,0,1296,291.3104,3.7585,747.5093,0.954,A
120,sn1/url-shorten-service,1363.08,59.07,251.42,0.0,0,4199,943.8366,14.4141,747.5093,3.5,A
120,sn1/user-memcached,158.85,6.65,75.33,0.0,0,1636,367.7344,1.6798,747.5093,0.355,A
120,sn1/user-mention-service,238.91,6.87,251.42,0.0,0,1166,290.9922,2.5264,747.5093,0.561,A
120,sn1/user-mongodb,9.71,97.25,704.78,0.0352,2,81,290.9922,1.2787,1.3592,0.0374,A
120,sn1/user-service,70.56,18.02,251.42,0.0,0,709,290.9922,1.2787,747.5093,0.168,A
120,sn1/user-timeline-mongodb,15.82,106.96,703.03,0.0312,2,233,290.9922,1.2787,747.5093,0.0561,A
120,sn1/user-timeline-redis,149.74,95.8,136.86,0.0,0,848,290.9922,1.5835,747.5093,0.374,A
120,sn1/user-timeline-service,1489.22,520.81,251.42,0.0,0,4770,1072.184,15.748,747.5093,3.48,A
121,hotel/consul,16.46,28.92,201.48,0.0,0,2322,548.6404,1.2787,747.7519,0.0366,A
121,hotel/frontend,9899.35,126.77,1119.14,0.0,0,906792,214256.1228,96.8377,747.7519,23.6,A
121,hotel/geo,1080.12,29.64,1119.06,0.0,0,2071,489.3343,10.566,747.7519,2.58,A
121,hotel/jaeger,0.26,14.79,81.01,0.0,0,0,290.9922,1.2787,1.3592,0.0,A
121,hotel/memcached-profile,134.8,7.72,79.25,0.0,0,1265,298.8932,1.3186,747.7519,0.348,A
121,hotel/memcached-rate,102.93,7.57,79.25,0.0,0,1059,290.9922,1.2787,747.7519,0.256,A
121,hotel/memcached-reserve,162.72,7.2,79.25,0.0,0,923,290.9922,1.5918,747.7519,0.421,A
121,hotel/mongodb-geo,7.06,63.07,400.43,0.0,0,72,290.9922,1.2787,1.3592,0.0183,A
121,hotel/mongodb-profile,7.03,65.11,400.43,0.0,0,71,290.9922,1.2787,1.3592,0.0183,A
121,hotel/mongodb-rate,7.27,64.88,400.43,0.0156,2,73,290.9922,1.2787,1.3592,0.0366,A
121,hotel/mongodb-recommendation,6.94,63.05,400.43,0.0,0,381,290.9922,1.2787,1.3592,0.0366,A
121,hotel/mongodb-reservation,8.05,253.76,400.43,0.0391,20,114,290.9922,1.2787,1.3592,0.0,A
121,hotel/mongodb-user,6.76,63.05,400.43,0.0,0,90,290.9922,1.2787,1.3592,0.0366,A
121,hotel/profile,3380.81,53.7,1119.06,0.0,0,53899,12735.2146,33.0719,747.7519,7.91,A
121,hotel/rate,1391.79,40.25,1119.14,0.0,0,3070,725.3773,13.6148,747.7519,3.41,A
121,hotel/recommendation,680.33,27.37,1119.06,0.0,0,2084,492.4059,6.6551,747.7519,1.59,A
121,hotel/reservation,3482.59,72.95,1119.06,0.0,0,265821,62807.9833,34.0675,747.7519,9.12,A
121,hotel/search,2648.7,36.12,1119.06,0.0,0,13403,3166.8506,25.9102,747.7519,7.31,A
121,hotel/user,43.15,20.29,1119.06,0.0,0,387,290.9922,1.2787,747.7519,0.0916,A
121,sn1/compose-post-service,1298.41,79.49,251.42,0.0,0,5058,1195.1004,12.7013,747.7519,3.13,A
121,sn1/home-timeline-redis,279.42,2554.02,952.74,0.0,0,1303,307.8718,2.7334,747.7519,0.659,A
121,sn1/home-timeline-service,1588.14,110.93,251.42,0.0,0,3425,809.2564,15.5355,747.7519,3.79,A
121,sn1/jaeger,2075.35,5666.63,75.0,0.0,0,828,290.9922,20.3015,747.7519,1.39,A
121,sn1/media-frontend,0.0,2027.57,648.43,0.0,0,0,290.9922,1.2787,1.3592,0.0,A
121,sn1/media-memcached,0.17,4.63,75.33,0.0,0,0,290.9922,1.2787,1.3592,0.0,A
121,sn1/media-mongodb,7.74,74.2,704.02,0.0078,4,87,290.9922,1.2787,1.3592,0.0366,A
121,sn1/media-service,70.36,4.7,251.42,0.0,0,779,290.9922,1.2787,747.7519,0.183,A
121,sn1/nginx-thrift,23875.39,43929.99,620.32,35.1445,304,5249,1240.2297,233.5545,747.7519,56.3,A
121,sn1/post-storage-memcached,1753.08,71.28,75.33,0.0,0,5605,1324.3451,17.149,747.7519,4.19,A
121,sn1/post-storage-mongodb,917.84,8187.56,4130.05,0.0078,4,893,290.9922,8.9785,747.7519,2.2,A
121,sn1/post-storage-service,7453.45,97.89,251.42,0.0,0,9363,2212.2825,72.9114,747.7519,17.7,A
121,sn1/social-graph-mongodb,7.86,728.0,757.02,0.0078,4,102,290.9922,1.2787,1.3592,0.0366,A
121,sn1/social-graph-redis,2.16,20.04,103.57,0.0,0,322,290.9922,1.2787,1.3592,0.0,A
121,sn1/social-graph-service,0.04,31.3,251.42,0.0,0,0,290.9922,1.2787,1.3592,0.0,A
121,sn1/text-service,1347.12,54.3,251.42,0.0,0,4361,1030.4138,13.1778,747.7519,3.28,A
121,sn1/unique-id-service,73.88,4.64,251.42,0.0,0,887,290.9922,1.2787,747.7519,0.183,A
121,sn1/url-shorten-memcached,0.15,4.63,75.33,0.0,0,0,290.9922,1.2787,1.3592,0.0,A
121,sn1/url-shorten-mongodb,286.38,106.59,702.87,0.0391,2,994,290.9922,2.8014,747.7519,0.659,A
121,sn1/url-shorten-service,1201.24,58.71,251.42,0.0,0,3983,941.1002,11.7508,747.7519,2.89,A
121,sn1/user-memcached,150.66,6.32,75.33,0.0,0,1822,430.5008,1.4738,747.7519,0.348,A
121,sn1/user-mention-service,231.31,6.78,251.42,0.0,0,959,290.9922,2.2627,747.7519,0.568,A
121,sn1/user-mongodb,7.83,97.25,704.78,0.0039,2,64,290.9922,1.2787,1.3592,0.0183,A
121,sn1/user-service,68.19,18.02,251.42,0.0,0,669,290.9922,1.2787,747.7519,0.147,A
121,sn1/user-timeline-mongodb,14.71,106.96,703.03,0.0391,6,446,290.9922,1.2787,747.7519,0.0366,A
121,sn1/user-timeline-redis,148.74,96.05,136.86,0.0,0,912,290.9922,1.455,747.7519,0.348,A
121,sn1/user-timeline-service,1459.95,519.57,251.42,0.0,0,4759,1124.4529,14.2816,747.7519,3.39,A
122,hotel/consul,14.38,28.92,201.48,0.0,0,1419,345.3877,1.2787,732.8058,0.0179,A
122,hotel/frontend,10007.22,127.36,1119.14,0.0,0,1017905,247760.274,106.5017,732.8058,23.3,A
122,hotel/geo,1015.59,27.57,1119.06,0.0,0,2104,512.1181,10.8084,732.8058,1.99,A
122,hotel/jaeger,0.18,14.79,81.01,0.0,0,0,290.9922,1.2787,1.3592,0.0,A
122,hotel/memcached-profile,140.33,7.72,79.25,0.0,0,973,290.9922,1.4935,732.8058,0.305,A
122,hotel/memcached-rate,109.86,7.61,79.25,0.0,0,1060,290.9922,1.2787,732.8058,0.251,A
122,hotel/memcached-reserve,161.61,7.25,79.25,0.0,0,989,290.9922,1.7199,732.8058,0.341,A
122,hotel/mongodb-geo,7.52,63.07,400.43,0.0234,2,64,290.9922,1.2787,1.3592,0.0179,A
122,hotel/mongodb-profile,7.83,65.11,400.43,0.0234,2,89,290.9922,1.2787,1.3592,0.0179,A
122,hotel/mongodb-rate,7.47,64.88,400.43,0.0,0,104,290.9922,1.2787,1.3592,0.0179,A
122,hotel/mongodb-recommendation,7.83,63.05,400.43,0.0234,2,55,290.9922,1.2787,1.3592,0.0358,A
122,hotel/mongodb-reservation,11.11,253.77,400.43,0.1094,42,122,290.9922,1.2787,732.8058,0.0358,A
122,hotel/mongodb-user,7.92,63.05,400.43,0.0391,4,104,290.9922,1.2787,1.3592,0.0358,A
122,hotel/profile,3299.82,53.6,1119.06,0.0,0,43774,10654.6861,35.1183,732.8058,7.42,A
122,hotel/rate,1332.2,42.7,1119.14,0.0,0,2542,618.7283,14.1779,732.8058,2.92,A
122,hotel/recommendation,708.36,26.86,1119.06,0.0,0,1754,426.9274,7.5387,732.8058,1.56,A
122,hotel/reservation,3540.49,65.54,1119.06,0.0,0,213383,51937.8828,37.6796,732.8058,8.08,A
122,hotel/search,2552.2,37.93,1119.06,0.0,0,13919,3387.9146,27.1618,732.8058,5.57,A
122,hotel/user,47.35,20.59,1119.06,0.0,0,695,290.9922,1.2787,732.8058,0.108,A
122,sn1/compose-post-service,1387.48,78.78,251.42,0.0,0,5364,1305.6092,14.7662,732.8058,3.15,A
122,sn1/home-timeline-redis,295.51,2553.56,952.74,0.0,0,1075,290.9922,3.145,732.8058,0.699,A
122,sn1/home-timeline-service,1636.52,111.13,251.42,0.0,0,3750,912.7581,17.4166,732.8058,3.87,A
122,sn1/jaeger,60.27,5667.46,75.0,0.0,0,948,290.9922,1.2787,732.8058,0.233,A
122,sn1/media-frontend,0.0,2027.57,648.43,0.0,0,0,290.9922,1.2787,1.3592,0.0,A
122,sn1/media-memcached,0.16,4.63,75.33,0.0,0,0,290.9922,1.2787,1.3592,0.0,A
122,sn1/media-mongodb,9.94,73.95,704.02,0.0391,4,108,290.9922,1.2787,1.3592,0.0358,A
122,sn1/media-service,76.09,4.8,251.42,0.0,0,696,290.9922,1.2787,732.8058,0.179,A
122,sn1/nginx-thrift,24274.09,43949.65,620.32,0.0,0,5646,1374.2486,258.3367,732.8058,57.4,A
122,sn1/post-storage-memcached,1780.72,70.95,75.33,0.0,0,5284,1286.137,18.9513,732.8058,4.21,A
122,sn1/post-storage-mongodb,934.33,8187.87,4130.05,8.9102,136,893,290.9922,9.9436,732.8058,2.22,A
122,sn1/post-storage-service,7479.08,91.52,251.42,0.0,0,10112,2461.2826,79.596,732.8058,17.8,A
122,sn1/social-graph-mongodb,9.55,728.0,757.02,0.0352,2,107,290.9922,1.2787,1.3592,0.0358,A
122,sn1/social-graph-redis,2.27,20.04,103.57,0.0,0,184,290.9922,1.2787,1.3592,0.0,A
122,sn1/social-graph-service,0.0,31.3,251.42,0.0,0,0,290.9922,1.2787,1.3592,0.0,A
122,sn1/text-service,1479.02,59.07,251.42,0.0,0,4807,1170.0342,15.7405,732.8058,3.42,A
122,sn1/unique-id-service,78.34,4.71,251.42,0.0,0,659,290.9922,1.2787,732.8058,0.161,A
122,sn1/url-shorten-memcached,0.16,4.63,75.33,0.0,0,0,290.9922,1.2787,1.3592,0.0,A
122,sn1/url-shorten-mongodb,369.44,107.24,702.87,0.0,0,1042,290.9922,3.9318,732.8058,0.95,A
122,sn1/url-shorten-service,1404.51,58.78,251.42,0.0,0,4756,1157.6207,14.9475,732.8058,3.44,A
122,sn1/user-memcached,158.0,6.38,75.33,0.0,0,1839,447.6166,1.6815,732.8058,0.358,A
122,sn1/user-mention-service,242.48,6.85,251.42,0.0,0,1136,290.9922,2.5806,732.8058,0.538,A
122,sn1/user-mongodb,9.4,97.25,704.78,0.0391,4,55,290.9922,1.2787,1.3592,0.0358,A
122,sn1/user-service,70.65,18.02,251.42,0.0,0,699,290.9922,1.2787,732.8058,0.161,A
122,sn1/user-timeline-mongodb,16.1,106.96,703.03,0.0391,4,310,290.9922,1.2787,732.8058,0.0538,A
122,sn1/user-timeline-redis,151.15,95.73,136.86,0.0,0,721,290.9922,1.6086,732.8058,0.376,A
122,sn1/user-timeline-service,1500.91,521.86,251.42,0.0,0,5252,1278.3481,15.9734,732.8058,3.39,A
123,hotel/consul,13.54,28.92,201.48,0.0,0,1321,304.3465,1.2787,768.4901,0.0392,A
123,hotel/frontend,9875.46,120.84,1119.14,0.0,0,921911,212399.988,104.3873,768.4901,25.5,A
123,hotel/geo,1028.46,27.75,1119.06,0.0,0,2099,483.5907,10.8712,768.4901,2.84,A
123,hotel/jaeger,0.25,14.79,81.01,0.0,0,0,290.9922,1.2787,1.3592,0.0,A
123,hotel/memcached-profile,137.88,7.74,79.25,0.0,0,1065,290.9922,1.4574,768.4901,0.313,A
123,hotel/memcached-rate,108.12,7.57,79.25,0.0,0,920,290.9922,1.2787,768.4901,0.274,A
123,hotel/memcached-reserve,149.88,7.16,79.25,0.0,0,893,290.9922,1.5843,768.4901,0.294,A
123,hotel/mongodb-geo,7.36,63.07,400.43,0.0,0,70,290.9922,1.2787,1.3592,0.0392,A
123,hotel/mongodb-profile,6.88,65.11,400.43,0.0,0,70,290.9922,1.2787,1.3592,0.0392,A
123,hotel/mongodb-rate,7.45,64.88,400.43,0.0156,2,91,290.9922,1.2787,1.3592,0.0392,A
123,hotel/mongodb-recommendation,7.43,63.05,400.43,0.0,0,93,290.9922,1.2787,1.3592,0.0196,A
123,hotel/mongodb-reservation,8.03,253.77,400.43,0.0352,18,133,290.9922,1.2787,1.3592,0.0196,A
123,hotel/mongodb-user,7.03,63.05,400.43,0.0,0,83,290.9922,1.2787,1.3592,0.0392,A
123,hotel/profile,3434.11,57.08,1119.06,0.0,0,117778,27134.99,36.2998,768.4901,7.54,A
123,hotel/rate,1412.27,39.72,1119.14,0.0,0,2867,660.531,14.9282,768.4901,3.62,A
123,hotel/recommendation,680.41,28.05,1119.06,0.0,0,1795,413.5518,7.1922,768.4901,1.82,A
123,hotel/reservation,3183.31,68.6,1119.06,0.0,0,177145,40812.6119,33.6488,768.4901,5.97,A
123,hotel/search,2591.8,36.12,1119.06,0.0,0,6781,1562.2813,27.3963,768.4901,6.8,A
123,hotel/user,46.82,20.6,1119.06,0.0,0,561,290.9922,1.2787,768.4901,0.118,A
123,sn1/compose-post-service,1327.92,81.06,251.42,0.0,0,4900,1128.9159,14.0366,768.4901,3.35,A
123,sn1/home-timeline-redis,291.15,2553.82,952.74,0.0,0,1382,318.4003,3.0776,768.4901,0.744,A
123,sn1/home-timeline-service,1596.01,109.83,251.42,0.0,0,3272,753.8393,16.8704,768.4901,4.15,A
123,sn1/jaeger,13.13,5667.48,75.0,0.0,0,715,290.9922,1.2787,768.4901,0.0783,A
123,sn1/media-frontend,0.0,2027.57,648.43,0.0,0,0,290.9922,1.2787,1.3592,0.0,A
123,sn1/media-memcached,0.2,4.63,75.33,0.0,0,0,290.9922,1.2787,1.3592,0.0,A
123,sn1/media-mongodb,7.76,74.2,704.02,0.0,0,89,290.9922,1.2787,1.3592,0.0196,A
123,sn1/media-service,73.91,4.8,251.42,0.0,0,684,290.9922,1.2787,768.4901,0.176,A
123,sn1/nginx-thrift,23695.26,43948.93,620.32,35.1523,306,5046,1162.5529,250.4678,768.4901,61.5,A
123,sn1/post-storage-memcached,1728.66,70.84,75.33,0.0,0,5120,1179.6019,18.2726,768.4901,4.45,A
123,sn1/post-storage-mongodb,903.71,8188.12,4130.05,0.0,0,961,290.9922,9.5526,768.4901,2.27,A
123,sn1/post-storage-service,7271.61,94.67,251.42,0.0,0,9446,2176.2733,76.8637,768.4901,18.6,A
123,sn1/social-graph-mongodb,9.66,728.0,757.02,0.0039,2,169,290.9922,1.2787,1.3592,0.0196,A
123,sn1/social-graph-redis,2.41,20.04,103.57,0.0,0,239,290.9922,1.2787,1.3592,0.0196,A
123,sn1/social-graph-service,0.04,31.3,251.42,0.0,0,0,290.9922,1.2787,1.3592,0.0,A
123,sn1/text-service,1395.87,58.36,251.42,0.0,0,4595,1058.6466,14.7549,768.4901,3.6,A
123,sn1/unique-id-service,77.45,4.71,251.42,0.0,0,664,290.9922,1.2787,768.4901,0.196,A
123,sn1/url-shorten-memcached,0.16,4.63,75.33,0.0,0,0,290.9922,1.2787,1.3592,0.0,A
123,sn1/url-shorten-mongodb,332.49,107.07,702.87,0.0391,2,1369,315.4053,3.5145,768.4901,0.94,A
123,sn1/url-shorten-service,1304.66,63.27,251.42,0.0,0,4020,926.1718,13.7907,768.4901,3.64,A
123,sn1/user-memcached,150.94,6.32,75.33,0.0,0,1880,433.1351,1.5955,768.4901,0.392,A
123,sn1/user-mention-service,231.57,6.79,251.42,0.0,0,891,290.9922,2.4478,768.4901,0.607,A
123,sn1/user-mongodb,8.91,97.26,704.78,0.0039,2,43,290.9922,1.2787,1.3592,0.0196,A
123,sn1/user-service,68.45,18.02,251.42,0.0,0,632,290.9922,1.2787,768.4901,0.176,A
123,sn1/user-timeline-mongodb,14.47,106.96,703.03,0.0,0,480,290.9922,1.2787,768.4901,0.0392,A
123,sn1/user-timeline-redis,146.8,95.81,136.86,0.0,0,912,290.9922,1.5517,768.4901,0.372,A
123,sn1/user-timeline-service,1462.12,519.88,251.42,0.0,0,4541,1046.2055,15.4552,768.4901,3.62,A
124,hotel/consul,14.27,28.92,201.48,0.0,0,900,290.9922,1.2787,763.5065,0.0378,A
124,hotel/frontend,9933.73,125.64,1119.14,0.0,0,1106677,261948.1185,129.8698,763.5065,24.5,A
124,hotel/geo,934.27,28.25,1119.06,0.0,0,2199,520.4987,12.2143,763.5065,2.31,A
124,hotel/jaeger,0.16,14.79,81.01,0.0,0,0,290.9922,1.2787,1.3592,0.0,A
124,hotel/memcached-profile,129.72,7.74,79.25,0.0,0,1106,290.9922,1.6959,763.5065,0.303,A
124,hotel/memcached-rate,108.1,7.59,79.25,0.0,0,920,290.9922,1.4133,763.5065,0.246,A
124,hotel/memcached-reserve,148.57,7.23,79.25,0.0,0,1116,290.9922,1.9423,763.5065,0.34,A
124,hotel/mongodb-geo,7.34,63.07,400.43,0.0234,2,55,290.9922,1.2787,1.3592,0.0189,A
124,hotel/mongodb-profile,7.43,65.11,400.43,0.0234,2,60,290.9922,1.2787,1.3592,0.0189,A
124,hotel/mongodb-rate,7.17,64.88,400.43,0.0,0,64,290.9922,1.2787,1.3592,0.0189,A
124,hotel/mongodb-recommendation,7.7,63.05,400.43,0.0234,2,105,290.9922,1.2787,1.3592,0.0189,A
124,hotel/mongodb-reservation,9.46,253.78,400.43,0.0742,24,116,290.9922,1.2787,1.3592,0.0378,A
124,hotel/mongodb-user,7.89,63.05,400.43,0.0234,2,48,290.9922,1.2787,1.3592,0.0189,A
124,hotel/profile,3407.53,52.92,1119.06,0.0,0,77201,18273.3143,44.5487,763.5065,8.3,A
124,hotel/rate,1337.78,41.95,1119.14,0.0,0,3075,727.846,17.4896,763.5065,3.27,A
124,hotel/recommendation,679.7,27.54,1119.06,0.0,0,1664,393.8653,8.8861,763.5065,1.78,A
124,hotel/reservation,3332.54,75.19,1119.06,0.0,0,121299,28711.2182,43.5684,763.5065,8.55,A
124,hotel/search,2472.96,38.52,1119.06,0.0,0,7372,1744.9369,32.3305,763.5065,5.46,A
124,hotel/user,44.93,20.71,1119.06,0.0,0,616,290.9922,1.2787,763.5065,0.113,A
124,sn1/compose-post-service,1381.46,80.61,251.42,0.0,0,5089,1204.5556,18.0607,763.5065,3.2,A
124,sn1/home-timeline-redis,285.72,2554.07,952.74,0.0,0,972,290.9922,3.7354,763.5065,0.681,A
124,sn1/home-timeline-service,1598.86,110.0,251.42,0.0,0,3544,838.8573,20.9029,763.5065,3.97,A
124,sn1/jaeger,62.39,5667.51,75.0,0.0,0,715,290.9922,1.2787,763.5065,0.265,A
124,sn1/media-frontend,0.0,2027.57,648.43,0.0,0,0,290.9922,1.2787,1.3592,0.0,A
124,sn1/media-memcached,0.17,4.63,75.33,0.0,0,0,290.9922,1.2787,1.3592,0.0,A
124,sn1/media-mongodb,9.31,73.95,704.02,0.0508,4,169,290.9922,1.2787,1.3592,0.0189,A
124,sn1/media-service,76.68,4.8,251.42,0.0,0,694,290.9922,1.2787,763.5065,0.189,A
124,sn1/nginx-thrift,24071.52,43958.2,620.32,0.0,0,5301,1254.7356,314.7018,763.5065,59.5,A
124,sn1/post-storage-memcached,1742.36,70.91,75.33,0.0,0,5928,1403.1451,22.7789,763.5065,4.25,A
124,sn1/post-storage-mongodb,915.88,8187.74,4130.05,0.0586,2,838,290.9922,11.9739,763.5065,2.29,A
124,sn1/post-storage-service,7358.14,96.4,251.42,0.0,0,9598,2271.8264,96.1975,763.5065,18.2,A
124,sn1/social-graph-mongodb,9.17,728.0,757.02,0.0508,4,114,290.9922,1.2787,1.3592,0.0189,A
124,sn1/social-graph-redis,2.44,20.04,103.57,0.0,0,911,290.9922,1.2787,1.3592,0.0189,A
124,sn1/social-graph-service,0.0,31.3,251.42,0.0,0,0,290.9922,1.2787,1.3592,0.0,A
124,sn1/text-service,1470.59,63.72,251.42,0.0,0,4856,1149.405,19.2259,763.5065,3.42,A
124,sn1/unique-id-service,79.8,4.71,251.42,0.0,0,637,290.9922,1.2787,763.5065,0.189,A
124,sn1/url-shorten-memcached,0.17,4.63,75.33,0.0,0,0,290.9922,1.2787,1.3592,0.0,A
124,sn1/url-shorten-mongodb,314.24,107.46,702.87,0.0,0,770,290.9922,4.1083,763.5065,0.889,A
124,sn1/url-shorten-service,1251.38,66.47,251.42,0.0,0,4176,988.4504,16.3601,763.5065,3.23,A
124,sn1/user-memcached,163.54,6.64,75.33,0.0,0,1581,374.2194,2.1381,763.5065,0.378,A
124,sn1/user-mention-service,249.87,6.88,251.42,0.0,0,1003,290.9922,3.2667,763.5065,0.567,A
124,sn1/user-mongodb,9.23,97.26,704.78,0.0469,4,79,290.9922,1.2787,1.3592,0.0378,A
124,sn1/user-service,69.75,17.98,251.42,0.0,0,693,290.9922,1.2787,763.5065,0.17,A
124,sn1/user-timeline-mongodb,15.81,106.96,703.03,0.0312,2,276,290.9922,1.2787,763.5065,0.0567,A
124,sn1/user-timeline-redis,150.37,95.55,136.86,0.0,0,804,290.9922,1.9659,763.5065,0.397,A
124,sn1/user-timeline-service,1498.21,517.7,251.42,0.0,0,4821,1141.1206,19.587,763.5065,3.61,A
125,hotel/consul,14.33,28.97,201.48,0.0,0,1929,420.2891,1.2787,776.7748,0.038,A
125,hotel/frontend,9990.52,111.49,1119.14,0.0,0,948697,206701.4066,138.0616,776.7748,24.7,A
125,hotel/geo,997.07,29.05,1119.06,0.0,0,2349,511.7984,13.7788,776.7748,2.33,A
125,hotel/jaeger,0.17,14.79,81.01,0.0,0,0,290.9922,1.2787,1.3592,0.0,A
125,hotel/memcached-profile,145.8,7.71,79.25,0.0,0,1072,290.9922,2.0148,776.7748,0.342,A
125,hotel/memcached-rate,116.15,7.62,79.25,0.0,0,1560,339.8917,1.6051,776.7748,0.285,A
125,hotel/memcached-reserve,171.91,7.2,79.25,0.0,0,1191,290.9922,2.3757,776.7748,0.437,A
125,hotel/mongodb-geo,7.16,63.07,400.43,0.0,0,57,290.9922,1.2787,1.3592,0.038,A
125,hotel/mongodb-profile,7.02,65.11,400.43,0.0,0,72,290.9922,1.2787,1.3592,0.038,A
125,hotel/mongodb-rate,8.3,64.88,400.43,0.0938,14,83,290.9922,1.2787,1.3592,0.038,A
125,hotel/mongodb-recommendation,6.98,63.05,400.43,0.0,0,78,290.9922,1.2787,1.3592,0.019,A
125,hotel/mongodb-reservation,8.67,253.78,400.43,0.0469,24,103,290.9922,1.2787,1.3592,0.038,A
125,hotel/mongodb-user,6.88,62.95,400.43,0.0,0,78,290.9922,1.2787,1.3592,0.0,A
125,hotel/profile,3510.23,56.66,1119.06,0.0,0,82949,18072.8673,48.5088,776.7748,8.64,A
125,hotel/rate,1657.98,38.79,1119.14,0.0,0,3402,741.2253,22.9121,776.7748,4.61,A
125,hotel/recommendation,750.5,27.28,1119.06,0.0,0,1999,435.5407,10.3714,776.7748,1.76,A
125,hotel/reservation,3595.22,69.19,1119.06,0.0,0,241189,52550.0824,49.6833,776.7748,8.9,A
125,hotel/search,2920.71,35.22,1119.06,0.0,0,21301,4641.0463,40.362,776.7748,6.68,A
125,hotel/user,47.42,20.99,1119.06,0.0,0,600,290.9922,1.2787,776.7748,0.0949,A
125,sn1/compose-post-service,1370.94,85.83,251.42,0.0,0,5156,1123.3855,18.9454,776.7748,3.13,A
125,sn1/home-timeline-redis,282.12,2554.32,952.74,0.0,0,1360,296.3158,3.8987,776.7748,0.702,A
125,sn1/home-timeline-service,1599.41,109.7,251.42,0.0,0,3489,760.1808,22.1027,776.7748,3.95,A
125,sn1/jaeger,15.72,5667.52,75.0,0.0,0,370,290.9922,1.2787,776.7748,0.0759,A
125,sn1/media-frontend,0.0,2027.57,648.43,0.0,0,0,290.9922,1.2787,1.3592,0.0,A
125,sn1/media-memcached,0.15,4.63,75.33,0.0,0,0,290.9922,1.2787,1.3592,0.019,A
125,sn1/media-mongodb,7.77,73.95,704.02,0.0,0,99,290.9922,1.2787,1.3592,0.038,A
125,sn1/media-service,75.8,4.8,251.42,0.0,0,683,290.9922,1.2787,776.7748,0.171,A
125,sn1/nginx-thrift,23983.75,43973.17,620.32,35.6289,320,5559,1211.1908,331.4376,776.7748,58.9,A
125,sn1/post-storage-memcached,1747.0,70.55,75.33,0.0,0,5461,1189.8387,24.1422,776.7748,4.33,A
125,sn1/post-storage-mongodb,912.34,8187.97,4130.05,0.0,0,866,290.9922,12.6079,776.7748,2.28,A
125,sn1/post-storage-service,7370.16,96.38,251.42,0.0,0,9729,2119.7474,101.8501,776.7748,18.1,A
125,sn1/social-graph-mongodb,7.94,728.0,757.02,0.0,0,97,290.9922,1.2787,1.3592,0.019,A
125,sn1/social-graph-redis,2.17,20.04,103.57,0.0,0,201,290.9922,1.2787,1.3592,0.019,A
125,sn1/social-graph-service,0.04,31.3,251.42,0.0,0,0,290.9922,1.2787,1.3592,0.0,A
125,sn1/text-service,1451.42,63.23,251.42,0.0,0,4805,1046.9099,20.0575,776.7748,3.36,A
125,sn1/unique-id-service,79.3,4.71,251.42,0.0,0,829,290.9922,1.2787,776.7748,0.209,A
125,sn1/url-shorten-memcached,0.18,4.63,75.33,0.0,0,0,290.9922,1.2787,1.3592,0.0,A
125,sn1/url-shorten-mongodb,320.67,106.79,702.87,0.0664,4,962,290.9922,4.4314,776.7748,0.873,A
125,sn1/url-shorten-service,1272.98,66.84,251.42,0.0,0,3756,818.3545,17.5916,776.7748,3.15,A
125,sn1/user-memcached,160.53,6.32,75.33,0.0,0,2034,443.1664,2.2184,776.7748,0.38,A
125,sn1/user-mention-service,244.38,6.82,251.42,0.0,0,926,290.9922,3.3772,776.7748,0.588,A
125,sn1/user-mongodb,7.74,97.26,704.78,0.0,0,71,290.9922,1.2787,1.3592,0.019,A
125,sn1/user-service,68.22,17.98,251.42,0.0,0,729,290.9922,1.2787,776.7748,0.171,A
125,sn1/user-timeline-mongodb,14.81,106.96,703.03,0.0,0,335,290.9922,1.2787,776.7748,0.038,A
125,sn1/user-timeline-redis,151.1,95.8,136.86,0.0,0,922,290.9922,2.0881,776.7748,0.361,A
125,sn1/user-timeline-service,1489.29,519.96,251.42,0.0,0,5044,1098.983,20.5809,776.7748,3.57,A
126,hotel/consul,15.83,29.08,201.48,0.0,0,798,290.9922,1.2787,751.0994,0.0415,A
126,hotel/frontend,9909.93,123.29,1119.14,0.0,0,911098,214100.2828,93.0455,751.0994,25.0,A
126,hotel/geo,1059.63,30.73,1119.06,0.0,0,2018,474.2128,9.949,751.0994,2.52,A
126,hotel/jaeger,0.18,14.79,81.01,0.0,0,0,290.9922,1.2787,1.3592,0.0,A
126,hotel/memcached-profile,135.22,7.73,79.25,0.0,0,959,290.9922,1.2787,751.0994,0.332,A
126,hotel/memcached-rate,114.69,7.57,79.25,0.0,0,899,290.9922,1.2787,751.0994,0.263,A
126,hotel/memcached-reserve,163.04,7.15,79.25,0.0,0,876,290.9922,1.5308,751.0994,0.401,A
126,hotel/mongodb-geo,7.58,63.08,400.43,0.0273,2,75,290.9922,1.2787,1.3592,0.0138,A
126,hotel/mongodb-profile,7.58,65.12,400.43,0.0273,2,64,290.9922,1.2787,1.3592,0.0138,A
126,hotel/mongodb-rate,7.13,64.88,400.43,0.0,0,79,290.9922,1.2787,1.3592,0.0277,A
126,hotel/mongodb-recommendation,7.43,63.05,400.43,0.0273,2,60,290.9922,1.2787,1.3592,0.0138,A
126,hotel/mongodb-reservation,8.39,253.79,400.43,0.0586,16,201,290.9922,1.2787,1.3592,0.0138,A
126,hotel/mongodb-user,8.11,62.99,400.43,0.0273,2,90,290.9922,1.2787,1.3592,0.0277,A
126,hotel/profile,3618.74,51.04,1119.06,0.0,0,93994,22087.7908,33.9768,751.0994,8.26,A
126,hotel/rate,1459.24,40.9,1119.14,0.0,0,3116,732.2335,13.701,751.0994,3.35,A
126,hotel/recommendation,723.82,28.14,1119.06,0.0,0,1760,413.585,6.796,751.0994,1.67,A
126,hotel/reservation,3445.86,74.7,1119.06,0.0,0,140555,33029.2298,32.3536,751.0994,8.8,A
126,hotel/search,2826.78,40.58,1119.06,0.0,0,10362,2434.9819,26.541,751.0994,7.08,A
126,hotel/user,48.88,20.53,1119.06,0.0,0,583,290.9922,1.2787,751.0994,0.111,A
126,sn1/compose-post-service,1302.32,83.52,251.42,0.0,0,4998,1174.4875,12.2276,751.0994,3.2,A
126,sn1/home-timeline-redis,286.5,2553.56,952.74,0.0,0,948,290.9922,2.69,751.0994,0.719,A
126,sn1/home-timeline-service,1605.73,110.88,251.42,0.0,0,3291,773.357,15.0764,751.0994,4.04,A
126,sn1/jaeger,61.02,5667.52,75.0,0.0,0,747,290.9922,1.2787,751.0994,0.374,A
126,sn1/media-frontend,0.0,2027.57,648.43,0.0,0,0,290.9922,1.2787,1.3592,0.0,A
126,sn1/media-memcached,0.15,4.63,75.33,0.0,0,0,290.9922,1.2787,1.3592,0.0,A
126,sn1/media-mongodb,9.12,73.96,704.02,0.0508,4,133,290.9922,1.2787,1.3592,0.0277,A
126,sn1/media-service,72.94,4.8,251.42,0.0,0,686,290.9922,1.2787,751.0994,0.194,A
126,sn1/nginx-thrift,23850.4,43982.18,620.32,0.0,0,4932,1158.9781,223.9343,751.0994,59.4,A
126,sn1/post-storage-memcached,1770.24,70.71,75.33,0.0,0,5359,1259.3194,16.621,751.0994,4.47,A
126,sn1/post-storage-mongodb,910.32,8187.75,4130.05,0.0625,2,785,290.9922,8.5471,751.0994,2.28,A
126,sn1/post-storage-service,7399.06,93.39,251.42,0.0,0,9001,2115.1585,69.4707,751.0994,18.6,A
126,sn1/social-graph-mongodb,8.95,728.01,757.02,0.0352,2,99,290.9922,1.2787,1.3592,0.0138,A
126,sn1/social-graph-redis,2.02,20.04,103.57,0.0,0,188,290.9922,1.2787,1.3592,0.0138,A
126,sn1/social-graph-service,0.0,31.3,251.42,0.0,0,0,290.9922,1.2787,1.3592,0.0,A
126,sn1/text-service,1382.55,62.84,251.42,0.0,0,4451,1045.9472,12.9809,751.0994,3.42,A
126,sn1/unique-id-service,73.44,4.61,251.42,0.0,0,565,290.9922,1.2787,751.0994,0.208,A
126,sn1/url-shorten-memcached,0.13,4.63,75.33,0.0,0,0,290.9922,1.2787,1.3592,0.0,A
126,sn1/url-shorten-mongodb,323.89,107.46,702.87,0.0391,6,909,290.9922,3.041,751.0994,0.913,A
126,sn1/url-shorten-service,1224.59,72.6,251.42,0.0,0,3673,863.1238,11.4978,751.0994,3.21,A
126,sn1/user-memcached,150.94,6.32,75.33,0.0,0,1662,390.5559,1.4172,751.0994,0.387,A
126,sn1/user-mention-service,233.0,6.82,251.42,0.0,0,976,290.9922,2.1877,751.0994,0.595,A
126,sn1/user-mongodb,9.06,97.26,704.78,0.0352,2,61,290.9922,1.2787,1.3592,0.0277,A
126,sn1/user-service,68.79,18.02,251.42,0.0,0,627,290.9922,1.2787,751.0994,0.18,A
126,sn1/user-timeline-mongodb,15.86,106.95,703.03,0.0039,2,518,290.9922,1.2787,751.0994,0.0553,A
126,sn1/user-timeline-redis,148.59,95.56,136.86,0.0,0,728,290.9922,1.3951,751.0994,0.374,A
126,sn1/user-timeline-service,1468.86,521.31,251.42,0.0,0,4511,1060.0466,13.7913,751.0994,3.62,A
127,hotel/consul,13.75,29.08,201.48,0.0,0,1046,290.9922,1.2787,767.6875,0.0396,A
127,hotel/frontend,9942.74,123.84,1119.14,0.0,0,1051474,238008.9272,112.9528,767.6875,25.9,A
127,hotel/geo,991.55,30.21,1119.06,0.0,0,2280,516.0949,11.2643,767.6875,1.94,A
127,hotel/jaeger,0.24,14.79,81.01,0.0,0,0,290.9922,1.2787,1.3592,0.0,A
127,hotel/memcached-profile,124.89,7.71,79.25,0.0,0,834,290.9922,1.4188,767.6875,0.258,A
127,hotel/memcached-rate,99.83,7.62,79.25,0.0,0,1006,290.9922,1.2787,767.6875,0.218,A
127,hotel/memcached-reserve,151.01,7.24,79.25,0.0,0,1107,290.9922,1.7155,767.6875,0.357,A
127,hotel/mongodb-geo,7.53,63.08,400.43,0.0469,10,50,290.9922,1.2787,1.3592,0.0198,A
127,hotel/mongodb-profile,7.49,65.12,400.43,0.0469,10,71,290.9922,1.2787,1.3592,0.0396,A
127,hotel/mongodb-rate,7.35,64.88,400.43,0.0195,2,89,290.9922,1.2787,1.3592,0.0198,A
127,hotel/mongodb-recommendation,7.07,63.05,400.43,0.0469,10,125,290.9922,1.2787,1.3592,0.0198,A
127,hotel/mongodb-reservation,9.68,253.84,400.43,0.6328,92,142,290.9922,1.2787,1.3592,0.0396,A
127,hotel/mongodb-user,7.1,62.99,400.43,0.0742,12,59,290.9922,1.2787,1.3592,0.0198,A
127,hotel/profile,3367.38,53.37,1119.06,0.0,0,53140,12028.6326,38.2546,767.6875,7.29,A
127,hotel/rate,1333.99,38.59,1119.14,0.0,0,3034,686.7684,15.1546,767.6875,2.65,A
127,hotel/recommendation,693.58,27.97,1119.06,0.0,0,1616,365.7936,7.8793,767.6875,1.25,A
127,hotel/reservation,3433.33,73.68,1119.06,0.0,0,229316,51907.3749,39.0038,767.6875,7.25,A
127,hotel/search,2604.19,37.17,1119.06,0.0,0,17036,3856.2248,29.5845,767.6875,4.95,A
127,hotel/user,41.54,20.54,1119.06,0.0,0,493,290.9922,1.2787,767.6875,0.099,A
127,sn1/compose-post-service,1297.24,85.88,251.42,0.0,0,4708,1065.6907,14.7371,767.6875,3.19,A
127,sn1/home-timeline-redis,294.48,2553.87,952.74,0.0,0,1394,315.5422,3.3454,767.6875,0.773,A
127,sn1/home-timeline-service,1615.57,110.5,251.42,0.0,0,3149,712.7995,18.3534,767.6875,4.22,A
127,sn1/jaeger,14.95,5667.52,75.0,0.0,0,277,290.9922,1.2787,767.6875,0.0792,A
127,sn1/media-frontend,0.0,2027.57,648.43,0.0,0,0,290.9922,1.2787,1.3592,0.0,A
127,sn1/media-memcached,0.15,4.63,75.33,0.0,0,0,290.9922,1.2787,1.3592,0.0,A
127,sn1/media-mongodb,7.59,73.96,704.02,0.0,0,104,290.9922,1.2787,1.3592,0.0198,A
127,sn1/media-service,72.51,4.8,251.42,0.0,0,664,290.9922,1.2787,767.6875,0.178,A
127,sn1/nginx-thrift,23950.88,43988.26,620.32,35.4141,312,4500,1018.6083,272.09,767.6875,61.5,A
127,sn1/post-storage-memcached,1762.14,70.83,75.33,0.0,0,4728,1070.2178,20.0185,767.6875,4.56,A
127,sn1/post-storage-mongodb,917.27,8188.09,4130.05,0.0039,2,916,290.9922,10.4205,767.6875,2.34,A
127,sn1/post-storage-service,7425.28,91.84,251.42,0.0,0,8832,1999.1886,84.3537,767.6875,19.2,A
127,sn1/social-graph-mongodb,8.11,728.01,757.02,0.0,0,168,290.9922,1.2787,1.3592,0.0396,A
127,sn1/social-graph-redis,2.16,20.04,103.57,0.0,0,196,290.9922,1.2787,1.3592,0.0,A
127,sn1/social-graph-service,0.05,31.3,251.42,0.0,0,0,290.9922,1.2787,1.3592,0.0,A
127,sn1/text-service,1348.23,77.96,251.42,0.0,0,4468,1011.3649,15.3163,767.6875,3.33,A
127,sn1/unique-id-service,72.29,4.61,251.42,0.0,0,902,290.9922,1.2787,767.6875,0.198,A
127,sn1/url-shorten-memcached,0.15,4.63,75.33,0.0,0,0,290.9922,1.2787,1.3592,0.0,A
127,sn1/url-shorten-mongodb,286.29,110.08,702.87,0.043,2,809,290.9922,3.2523,767.6875,0.654,A
127,sn1/url-shorten-service,1117.23,83.78,251.42,0.0,0,3269,739.9624,12.6921,767.6875,2.69,A
127,sn1/user-memcached,150.1,6.34,75.33,0.0,0,1965,444.7923,1.7052,767.6875,0.376,A
127,sn1/user-mention-service,230.14,6.83,251.42,0.0,0,1083,290.9922,2.6145,767.6875,0.594,A
127,sn1/user-mongodb,7.94,97.26,704.78,0.0,0,87,290.9922,1.2787,1.3592,0.0,A
127,sn1/user-service,68.42,18.05,251.42,0.0,0,570,290.9922,1.2787,767.6875,0.178,A
127,sn1/user-timeline-mongodb,14.53,106.95,703.03,0.0,0,476,290.9922,1.2787,767.6875,0.0396,A
127,sn1/user-timeline-redis,150.94,96.06,136.86,0.0,0,976,290.9922,1.7147,767.6875,0.396,A
127,sn1/user-timeline-service,1490.53,518.3,251.42,0.0,0,4423,1001.1788,16.9329,767.6875,3.68,A
128,hotel/consul,15.86,29.08,201.48,0.0,0,1071,290.9922,1.2787,779.5347,0.018,A
128,hotel/frontend,9971.52,124.5,1119.14,0.0,0,773134,170682.8726,95.1949,779.5347,23.4,A
128,hotel/geo,1089.38,28.9,1119.06,0.0,0,2182,481.7147,10.4,779.5347,2.49,A
128,hotel/jaeger,0.26,14.79,81.01,0.0,0,0,290.9922,1.2787,1.3592,0.018,A
128,hotel/memcached-profile,137.36,7.73,79.25,0.0,0,1173,290.9922,1.3113,779.5347,0.343,A
128,hotel/memcached-rate,109.03,7.6,79.25,0.0,0,929,290.9922,1.2787,779.5347,0.271,A
128,hotel/memcached-reserve,160.86,7.22,79.25,0.0,0,1104,290.9922,1.5357,779.5347,0.397,A
128,hotel/mongodb-geo,7.73,63.08,400.43,0.0273,2,53,290.9922,1.2787,1.3592,0.018,A
128,hotel/mongodb-profile,7.62,65.12,400.43,0.0273,2,318,290.9922,1.2787,1.3592,0.018,A
128,hotel/mongodb-rate,7.08,64.88,400.43,0.0,0,160,290.9922,1.2787,1.3592,0.018,A
128,hotel/mongodb-recommendation,7.59,63.05,400.43,0.0273,2,170,290.9922,1.2787,1.3592,0.018,A
128,hotel/mongodb-reservation,9.53,253.85,400.43,0.082,28,99,290.9922,1.2787,1.3592,0.0361,A
128,hotel/mongodb-user,8.13,63.02,400.43,0.0273,2,62,290.9922,1.2787,1.3592,0.0361,A
128,hotel/profile,3430.58,52.16,1119.06,0.0,0,81213,17929.1923,32.7507,779.5347,9.15,A
128,hotel/rate,1423.34,41.17,1119.14,0.0,0,2744,605.7861,13.5882,779.5347,3.86,A
128,hotel/recommendation,760.05,29.91,1119.06,0.0,0,1828,403.563,7.256,779.5347,1.91,A
128,hotel/reservation,3544.72,70.16,1119.06,0.0,0,270647,59750.0659,33.8403,779.5347,8.86,A
128,hotel/search,2777.0,35.61,1119.06,0.0,0,10656,2352.4986,26.5111,779.5347,7.07,A
128,hotel/user,49.87,20.92,1119.06,0.0,0,849,290.9922,1.2787,779.5347,0.162,A
128,sn1/compose-post-service,1344.39,86.18,251.42,0.0,0,5021,1108.4737,12.8345,779.5347,2.94,A
128,sn1/home-timeline-redis,289.57,2554.16,952.74,0.0,0,1042,290.9922,2.7644,779.5347,0.668,A
128,sn1/home-timeline-service,1613.63,111.86,251.42,0.0,0,3408,752.3757,15.4048,779.5347,3.77,A
128,sn1/jaeger,58.28,5667.52,75.0,0.0,0,722,290.9922,1.2787,779.5347,0.199,A
128,sn1/media-frontend,0.0,2027.57,648.43,0.0,0,0,290.9922,1.2787,1.3592,0.0,A
128,sn1/media-memcached,0.18,4.63,75.33,0.0,0,0,290.9922,1.2787,1.3592,0.0,A
128,sn1/media-mongodb,9.4,73.96,704.02,0.0508,4,103,290.9922,1.2787,1.3592,0.018,A
128,sn1/media-service,74.39,4.8,251.42,0.0,0,775,290.9922,1.2787,779.5347,0.18,A
128,sn1/nginx-thrift,24174.6,43996.76,620.32,0.0,0,5559,1227.2466,230.7872,779.5347,56.3,A
128,sn1/post-storage-memcached,1768.9,70.67,75.33,0.0,0,5554,1226.1428,16.8871,779.5347,4.17,A
128,sn1/post-storage-mongodb,928.66,8188.26,4130.05,0.1016,6,813,290.9922,8.8656,779.5347,2.17,A
128,sn1/post-storage-service,7433.01,94.52,251.42,0.0,0,9809,2165.5086,70.9606,779.5347,17.4,A
128,sn1/social-graph-mongodb,9.27,728.01,757.02,0.0664,4,117,290.9922,1.2787,1.3592,0.0361,A
128,sn1/social-graph-redis,2.36,20.04,103.57,0.0,0,352,290.9922,1.2787,1.3592,0.0,A
128,sn1/social-graph-service,0.0,31.3,251.42,0.0,0,0,290.9922,1.2787,1.3592,0.0,A
128,sn1/text-service,1434.11,73.09,251.42,0.0,0,4399,971.1563,13.691,779.5347,3.07,A
128,sn1/unique-id-service,74.15,4.57,251.42,0.0,0,725,290.9922,1.2787,779.5347,0.162,A
128,sn1/url-shorten-memcached,0.16,4.63,75.33,0.0,0,0,290.9922,1.2787,1.3592,0.0,A
128,sn1/url-shorten-mongodb,321.86,107.93,702.87,0.0,0,827,290.9922,3.0727,779.5347,0.559,A
128,sn1/url-shorten-service,1266.58,80.33,251.42,0.0,0,3505,773.7901,12.0916,779.5347,2.56,A
128,sn1/user-memcached,156.83,6.32,75.33,0.0,0,1732,382.3693,1.4972,779.5347,0.361,A
128,sn1/user-mention-service,237.29,6.82,251.42,0.0,0,1099,290.9922,2.2653,779.5347,0.541,A
128,sn1/user-mongodb,9.59,97.26,704.78,0.043,4,106,290.9922,1.2787,1.3592,0.018,A
128,sn1/user-service,71.13,18.08,251.42,0.0,0,758,290.9922,1.2787,779.5347,0.162,A
128,sn1/user-timeline-mongodb,15.52,106.97,703.03,0.0,0,328,290.9922,1.2787,779.5347,0.0361,A
128,sn1/user-timeline-redis,152.35,95.55,136.86,0.0,0,729,290.9922,1.4544,779.5347,0.361,A
128,sn1/user-timeline-service,1493.51,518.87,251.42,0.0,0,5106,1127.2389,14.2581,779.5347,3.32,A
129,hotel/consul,15.9,29.09,201.48,0.0,0,818,290.9922,1.2787,765.4384,0.0383,A
129,hotel/frontend,9994.87,114.5,1119.14,0.0,0,845717,193381.6455,101.4356,765.4384,24.9,A
129,hotel/geo,1098.73,28.99,1119.06,0.0,0,2483,567.7628,11.1508,765.4384,2.95,A
129,hotel/jaeger,0.24,14.79,81.01,0.0,0,0,290.9922,1.2787,1.3592,0.0,A
129,hotel/memcached-profile,139.05,7.72,79.25,0.0,0,1151,290.9922,1.4112,765.4384,0.402,A
129,hotel/memcached-rate,111.79,7.57,79.25,0.0,0,1300,297.258,1.2787,765.4384,0.307,A
129,hotel/memcached-reserve,169.41,7.15,79.25,0.0,0,819,290.9922,1.7193,765.4384,0.479,A
129,hotel/mongodb-geo,7.13,63.08,400.43,0.0,0,41,290.9922,1.2787,1.3592,0.0,A
129,hotel/mongodb-profile,7.35,65.12,400.43,0.0,0,104,290.9922,1.2787,1.3592,0.0192,A
129,hotel/mongodb-rate,7.76,64.88,400.43,0.0195,2,79,290.9922,1.2787,1.3592,0.0,A
129,hotel/mongodb-recommendation,7.14,63.05,400.43,0.0,0,131,290.9922,1.2787,1.3592,0.0383,A
129,hotel/mongodb-reservation,8.59,253.85,400.43,0.0391,20,109,290.9922,1.2787,1.3592,0.0383,A
129,hotel/mongodb-user,7.28,63.02,400.43,0.0,0,76,290.9922,1.2787,1.3592,0.0192,A
129,hotel/profile,3586.84,54.24,1119.06,0.0,0,79358,18145.9999,36.402,765.4384,9.83,A
129,hotel/rate,1582.88,41.12,1119.14,0.0,0,2695,616.2387,16.0643,765.4384,4.58,A
129,hotel/recommendation,789.37,29.75,1119.06,0.0,0,1690,386.4354,8.0111,765.4384,2.22,A
129,hotel/reservation,3359.34,72.24,1119.06,0.0,0,200780,45910.3539,34.0932,765.4384,7.24,A
129,hotel/search,2866.52,36.64,1119.06,0.0,0,11140,2547.2724,29.0916,765.4384,7.45,A
129,hotel/user,42.99,21.38,1119.06,0.0,0,405,290.9922,1.2787,765.4384,0.0958,A
129,sn1/compose-post-service,1360.51,86.86,251.42,0.0,0,5148,1177.1417,13.8075,765.4384,3.35,A
129,sn1/home-timeline-redis,282.33,2553.91,952.74,0.0,0,1137,290.9922,2.8653,765.4384,0.728,A
129,sn1/home-timeline-service,1607.53,111.99,251.42,0.0,0,3392,775.6147,16.3144,765.4384,4.02,A
129,sn1/jaeger,16.96,5667.56,75.0,0.0,0,499,290.9922,1.2787,765.4384,0.115,A
129,sn1/media-frontend,0.0,2027.57,648.43,0.0,0,0,290.9922,1.2787,1.3592,0.0,A
129,sn1/media-memcached,0.17,4.63,75.33,0.0,0,0,290.9922,1.2787,1.3592,0.0,A
129,sn1/media-mongodb,8.03,73.96,704.02,0.1914,32,101,290.9922,1.2787,1.3592,0.0383,A
129,sn1/media-service,74.58,4.8,251.42,0.0,0,740,290.9922,1.2787,765.4384,0.192,A
129,sn1/nginx-thrift,23859.18,44004.06,620.32,35.1992,308,5222,1194.0625,242.1412,765.4384,59.2,A
129,sn1/post-storage-memcached,1745.24,71.2,75.33,0.0,0,5212,1191.7759,17.712,765.4384,4.31,A
129,sn1/post-storage-mongodb,910.77,8188.24,4130.05,0.0,0,893,290.9922,9.2432,765.4384,2.26,A
129,sn1/post-storage-service,7337.51,94.39,251.42,0.0,0,9639,2204.0537,74.4667,765.4384,18.2,A
129,sn1/social-graph-mongodb,8.07,728.01,757.02,0.0078,4,81,290.9922,1.2787,1.3592,0.0192,A
129,sn1/social-graph-redis,2.44,20.04,103.57,0.0,0,402,290.9922,1.2787,1.3592,0.0,A
129,sn1/social-graph-service,0.04,31.3,251.42,0.0,0,0,290.9922,1.2787,1.3592,0.0,A
129,sn1/text-service,1450.44,80.38,251.42,0.0,0,4575,1046.1195,14.7202,765.4384,3.6,A
129,sn1/unique-id-service,74.1,4.64,251.42,0.0,0,907,290.9922,1.2787,765.4384,0.211,A
129,sn1/url-shorten-memcached,0.16,4.63,75.33,0.0,0,0,290.9922,1.2787,1.3592,0.0,A
129,sn1/url-shorten-mongodb,305.66,107.99,702.87,0.043,2,914,290.9922,3.1021,765.4384,0.709,A
129,sn1/url-shorten-service,1274.06,76.02,251.42,0.0,0,3637,831.6364,12.9301,765.4384,2.95,A
129,sn1/user-memcached,156.04,6.36,75.33,0.0,0,1574,359.9108,1.5836,765.4384,0.421,A
129,sn1/user-mention-service,237.96,6.84,251.42,0.0,0,881,290.9922,2.415,765.4384,0.613,A
129,sn1/user-mongodb,8.16,97.26,704.78,0.3398,34,89,290.9922,1.2787,1.3592,0.0192,A
129,sn1/user-service,71.64,18.08,251.42,0.0,0,602,290.9922,1.2787,765.4384,0.172,A
129,sn1/user-timeline-mongodb,14.55,106.97,703.03,0.0,0,383,290.9922,1.2787,765.4384,0.0575,A
129,sn1/user-timeline-redis,149.08,95.56,136.86,0.0,0,938,290.9922,1.513,765.4384,0.383,A
129,sn1/user-timeline-service,1468.29,522.16,251.42,0.0,0,4855,1110.1443,14.9013,765.4384,3.52,A
130,hotel/consul,15.7,29.11,201.48,0.0,0,797,290.9922,1.2787,775.3785,0.039,A
130,hotel/frontend,9978.59,123.61,1119.14,0.0,0,906471,218140.1225,91.598,775.3785,25.3,A
130,hotel/geo,1126.18,27.43,1119.06,0.0,0,2205,530.6281,10.3377,775.3785,2.71,A
130,hotel/jaeger,0.2,14.79,81.01,0.0,0,0,290.9922,1.2787,1.3592,0.0,A
130,hotel/memcached-profile,143.02,7.73,79.25,0.0,0,938,290.9922,1.3128,775.3785,0.332,A
130,hotel/memcached-rate,111.76,7.61,79.25,0.0,0,1133,290.9922,1.2787,775.3785,0.254,A
130,hotel/memcached-reserve,175.15,7.23,79.25,0.0,0,1060,290.9922,1.6078,775.3785,0.39,A
130,hotel/mongodb-geo,7.95,63.08,400.43,0.0273,2,44,290.9922,1.2787,1.3592,0.039,A
130,hotel/mongodb-profile,7.93,65.12,400.43,0.0273,2,71,290.9922,1.2787,1.3592,0.039,A
130,hotel/mongodb-rate,7.37,64.88,400.43,0.0,0,99,290.9922,1.2787,1.3592,0.0195,A
130,hotel/mongodb-recommendation,7.6,63.05,400.43,0.0273,2,57,290.9922,1.2787,1.3592,0.039,A
130,hotel/mongodb-reservation,9.24,253.86,400.43,0.0703,20,113,290.9922,1.2787,1.3592,0.039,A
130,hotel/mongodb-user,8.07,63.02,400.43,0.0273,2,86,290.9922,1.2787,1.3592,0.0195,A
130,hotel/profile,3699.39,50.55,1119.06,0.0,0,59544,14329.1241,33.9584,775.3785,8.71,A
130,hotel/rate,1409.02,37.78,1119.14,0.0,0,2860,688.2523,12.934,775.3785,3.38,A
130,hotel/recommendation,709.97,27.05,1119.06,0.0,0,1575,379.0201,6.5171,775.3785,1.58,A
130,hotel/reservation,3495.93,72.24,1119.06,0.0,0,143286,34481.4402,32.0907,775.3785,7.83,A
130,hotel/search,2635.08,37.03,1119.06,0.0,0,7283,1752.6369,24.1886,775.3785,6.44,A
130,hotel/user,48.42,20.47,1119.06,0.0,0,597,290.9922,1.2787,775.3785,0.117,A
130,sn1/compose-post-service,1343.71,83.82,251.42,0.0,0,5161,1241.9826,12.3345,775.3785,3.18,A
130,sn1/home-timeline-redis,288.21,2555.15,952.74,0.0,0,1195,290.9922,2.6456,775.3785,0.703,A
130,sn1/home-timeline-service,1611.75,110.1,251.42,0.0,0,3192,768.1473,14.795,775.3785,4.04,A
130,sn1/jaeger,56.67,5667.55,75.0,0.0,0,470,290.9922,1.2787,775.3785,0.254,A
130,sn1/media-frontend,0.0,2027.57,648.43,0.0,0,0,290.9922,1.2787,1.3592,0.0,A
130,sn1/media-memcached,0.17,4.63,75.33,0.0,0,0,290.9922,1.2787,1.3592,0.0,A
130,sn1/media-mongodb,9.55,73.96,704.02,0.0352,2,119,290.9922,1.2787,1.3592,0.0195,A
130,sn1/media-service,74.61,4.8,251.42,0.0,0,553,290.9922,1.2787,775.3785,0.176,A
130,sn1/nginx-thrift,23909.21,44015.02,620.32,0.0,0,4836,1163.7721,219.4735,775.3785,60.0,A
130,sn1/post-storage-memcached,1768.29,71.29,75.33,0.0,0,5522,1328.8564,16.2319,775.3785,4.39,A
130,sn1/post-storage-mongodb,929.57,8187.57,4130.05,0.0859,4,858,290.9922,8.5329,775.3785,2.3,A
130,sn1/post-storage-service,7431.44,91.33,251.42,0.0,0,9595,2309.0143,68.2166,775.3785,18.3,A
130,sn1/social-graph-mongodb,9.93,728.01,757.02,1.5938,58,79,290.9922,1.2787,1.3592,0.0195,A
130,sn1/social-graph-redis,2.24,20.04,103.57,0.0,0,237,290.9922,1.2787,1.3592,0.0195,A
130,sn1/social-graph-service,0.0,31.3,251.42,0.0,0,0,290.9922,1.2787,1.3592,0.0,A
130,sn1/text-service,1444.83,81.11,251.42,0.0,0,4575,1100.963,13.2628,775.3785,3.4,A
130,sn1/unique-id-service,76.13,4.64,251.42,0.0,0,584,290.9922,1.2787,775.3785,0.195,A
130,sn1/url-shorten-memcached,0.22,4.63,75.33,0.0,0,0,290.9922,1.2787,1.3592,0.0,A
130,sn1/url-shorten-mongodb,317.34,107.44,702.87,0.0,0,667,290.9922,2.913,775.3785,0.605,A
130,sn1/url-shorten-service,1255.37,74.64,251.42,0.0,0,3718,894.728,11.5236,775.3785,2.64,A
130,sn1/user-memcached,154.7,6.6,75.33,0.0,0,1612,387.924,1.4201,775.3785,0.371,A
130,sn1/user-mention-service,235.8,6.82,251.42,0.0,0,1027,290.9922,2.1645,775.3785,0.586,A
130,sn1/user-mongodb,9.66,97.26,704.78,0.0352,2,79,290.9922,1.2787,1.3592,0.039,A
130,sn1/user-service,72.87,18.05,251.42,0.0,0,684,290.9922,1.2787,775.3785,0.176,A
130,sn1/user-timeline-mongodb,14.96,106.97,703.03,0.0156,2,333,290.9922,1.2787,775.3785,0.039,A
130,sn1/user-timeline-redis,155.06,95.57,136.86,0.0,0,1049,290.9922,1.4234,775.3785,0.39,A
130,sn1/user-timeline-service,1507.95,518.88,251.42,0.0,0,4738,1140.1886,13.8422,775.3785,3.59,A
131,hotel/consul,16.53,29.12,201.48,0.0,0,1282,290.9922,1.2787,779.224,0.0394,A
131,hotel/frontend,9892.43,122.06,1119.14,0.0,0,911645,204278.6796,125.9039,779.224,25.5,A
131,hotel/geo,1012.87,29.08,1119.06,0.0,0,2324,520.755,12.8911,779.224,2.74,A
131,hotel/jaeger,0.25,14.79,81.01,0.0,0,0,290.9922,1.2787,1.3592,0.0,A
131,hotel/memcached-profile,135.56,7.73,79.25,0.0,0,1117,290.9922,1.7253,779.224,0.315,A
131,hotel/memcached-rate,107.18,7.57,79.25,0.0,0,1204,290.9922,1.3641,779.224,0.256,A
131,hotel/memcached-reserve,159.4,7.16,79.25,0.0,0,1116,290.9922,2.0287,779.224,0.413,A
131,hotel/mongodb-geo,7.58,63.08,400.43,0.0,0,75,290.9922,1.2787,1.3592,0.0197,A
131,hotel/mongodb-profile,7.54,65.12,400.43,0.0,0,81,290.9922,1.2787,1.3592,0.0197,A
131,hotel/mongodb-rate,8.12,64.88,400.43,0.0352,4,58,290.9922,1.2787,1.3592,0.0197,A
131,hotel/mongodb-recommendation,7.31,63.05,400.43,0.0,0,64,290.9922,1.2787,1.3592,0.0197,A
131,hotel/mongodb-reservation,8.54,253.86,400.43,0.0352,18,129,290.9922,1.2787,1.3592,0.0197,A
131,hotel/mongodb-user,7.5,63.02,400.43,0.0,0,148,290.9922,1.2787,1.3592,0.0197,A
131,hotel/profile,3261.87,54.98,1119.06,0.0,0,86472,19376.3866,41.5148,779.224,7.82,A
131,hotel/rate,1363.88,39.43,1119.14,0.0,0,2958,662.8198,17.3585,779.224,3.62,A
131,hotel/recommendation,636.68,27.88,1119.06,0.0,0,1905,426.8667,8.1032,779.224,1.42,A
131,hotel/reservation,3362.49,75.83,1119.06,0.0,0,221016,49524.6029,42.7954,779.224,8.29,A
131,hotel/search,2559.71,39.66,1119.06,0.0,0,6540,1465.4636,32.5782,779.224,6.22,A
131,hotel/user,44.54,20.48,1119.06,0.0,0,530,290.9922,1.2787,779.224,0.118,A
131,sn1/compose-post-service,1416.42,85.8,251.42,0.0,0,5557,1245.1959,18.0272,779.224,3.15,A
131,sn1/home-timeline-redis,292.14,2554.18,952.74,0.0,0,1123,290.9922,3.7182,779.224,0.748,A
131,sn1/home-timeline-service,1614.26,109.13,251.42,0.0,0,4015,899.6692,20.5452,779.224,4.12,A
131,sn1/jaeger,14.23,5667.55,75.0,0.0,0,261,290.9922,1.2787,779.224,0.0591,A
131,sn1/media-frontend,0.0,2027.57,648.43,0.0,0,0,290.9922,1.2787,1.3592,0.0,A
131,sn1/media-memcached,0.21,4.63,75.33,0.0,0,0,290.9922,1.2787,1.3592,0.0,A
131,sn1/media-mongodb,8.31,74.21,704.02,0.0,0,96,290.9922,1.2787,1.3592,0.0394,A
131,sn1/media-service,77.38,4.8,251.42,0.0,0,736,290.9922,1.2787,779.224,0.177,A
131,sn1/nginx-thrift,24033.28,44024.27,620.32,35.8125,318,5870,1315.332,305.8786,779.224,61.0,A
131,sn1/post-storage-memcached,1761.43,70.29,75.33,0.0,0,5484,1228.8383,22.4182,779.224,4.53,A
131,sn1/post-storage-mongodb,924.9,8188.09,4130.05,0.0,0,873,290.9922,11.7715,779.224,2.34,A
131,sn1/post-storage-service,7408.35,93.46,251.42,0.0,0,10059,2253.9906,94.2882,779.224,18.7,A
131,sn1/social-graph-mongodb,8.13,728.01,757.02,0.0,0,142,290.9922,1.2787,1.3592,0.0394,A
131,sn1/social-graph-redis,2.12,20.04,103.57,0.0,0,272,290.9922,1.2787,1.3592,0.0,A
131,sn1/social-graph-service,0.04,31.3,251.42,0.0,0,0,290.9922,1.2787,1.3592,0.0,A
131,sn1/text-service,1506.57,83.37,251.42,0.0,0,5272,1181.334,19.1746,779.224,3.31,A
131,sn1/unique-id-service,78.44,4.64,251.42,0.0,0,682,290.9922,1.2787,779.224,0.197,A
131,sn1/url-shorten-memcached,0.19,4.63,75.33,0.0,0,0,290.9922,1.2787,1.3592,0.0,A
131,sn1/url-shorten-mongodb,376.77,106.54,702.87,0.082,6,1180,290.9922,4.7953,779.224,0.729,A
131,sn1/url-shorten-service,1420.47,76.29,251.42,0.0,0,4681,1048.9045,18.0787,779.224,2.97,A
131,sn1/user-memcached,162.59,6.36,75.33,0.0,0,2148,481.3174,2.0693,779.224,0.413,A
131,sn1/user-mention-service,246.06,6.81,251.42,0.0,0,1120,290.9922,3.1317,779.224,0.571,A
131,sn1/user-mongodb,8.28,97.26,704.78,0.0,0,101,290.9922,1.2787,1.3592,0.0394,A
131,sn1/user-service,74.51,18.05,251.42,0.0,0,793,290.9922,1.2787,779.224,0.177,A
131,sn1/user-timeline-mongodb,15.27,106.97,703.03,0.0,0,549,290.9922,1.2787,779.224,0.0591,A
131,sn1/user-timeline-redis,154.3,97.06,136.86,0.0,0,924,290.9922,1.9638,779.224,0.374,A
131,sn1/user-timeline-service,1525.21,519.68,251.42,0.0,0,5097,1142.1205,19.4118,779.224,3.68,A
132,hotel/consul,16.35,29.12,201.48,0.0,0,1164,290.9922,1.2787,772.0365,0.0383,A
132,hotel/frontend,9963.41,114.95,1119.14,0.0,0,1066951,241771.1455,103.401,772.0365,25.5,A
132,hotel/geo,992.95,28.44,1119.06,0.0,0,2117,479.7123,10.3049,772.0365,2.47,A
132,hotel/jaeger,0.16,14.79,81.01,0.0,0,0,290.9922,1.2787,1.3592,0.0,A
132,hotel/memcached-profile,135.11,7.71,79.25,0.0,0,1051,290.9922,1.4022,772.0365,0.326,A
132,hotel/memcached-rate,108.23,7.6,79.25,0.0,0,796,290.9922,1.2787,772.0365,0.249,A
132,hotel/memcached-reserve,158.37,7.15,79.25,0.0,0,845,290.9922,1.6436,772.0365,0.364,A
132,hotel/mongodb-geo,8.06,63.08,400.43,0.0273,2,123,290.9922,1.2787,1.3592,0.0192,A
132,hotel/mongodb-profile,8.06,65.12,400.43,0.0273,2,83,290.9922,1.2787,1.3592,0.0192,A
132,hotel/mongodb-rate,7.35,64.88,400.43,0.0,0,71,290.9922,1.2787,1.3592,0.0192,A
132,hotel/mongodb-recommendation,8.07,63.05,400.43,0.0273,2,70,290.9922,1.2787,1.3592,0.0192,A
132,hotel/mongodb-reservation,8.65,253.86,400.43,0.0547,12,97,290.9922,1.2787,1.3592,0.0383,A
132,hotel/mongodb-user,8.22,63.02,400.43,0.0273,2,221,290.9922,1.2787,1.3592,0.0192,A
132,hotel/profile,3278.25,48.91,1119.06,0.0,0,47260,10709.1182,34.0219,772.0365,8.13,A
132,hotel/rate,1337.46,38.85,1119.14,0.0,0,2654,601.3965,13.8803,772.0365,2.76,A
132,hotel/recommendation,687.96,26.91,1119.06,0.0,0,1530,346.6981,7.1397,772.0365,1.65,A
132,hotel/reservation,3610.45,79.48,1119.06,0.0,0,359054,81361.6529,37.4695,772.0365,8.63,A
132,hotel/search,2637.05,36.4,1119.06,0.0,0,7391,1674.8009,27.3675,772.0365,6.58,A
132,hotel/user,44.79,20.48,1119.06,0.0,0,558,290.9922,1.2787,772.0365,0.115,A
132,sn1/compose-post-service,1400.37,86.34,251.42,0.0,0,5311,1203.4728,14.5331,772.0365,3.28,A
132,sn1/home-timeline-redis,300.15,2553.93,952.74,0.0,0,1126,290.9922,3.115,772.0365,0.786,A
132,sn1/home-timeline-service,1637.99,111.92,251.42,0.0,0,3627,821.8784,16.9992,772.0365,4.18,A
132,sn1/jaeger,58.27,5667.55,75.0,0.0,0,493,290.9922,1.2787,772.0365,0.211,A
132,sn1/media-frontend,0.0,2027.57,648.43,0.0,0,0,290.9922,1.2787,1.3592,0.0,A
132,sn1/media-memcached,0.18,4.63,75.33,0.0,0,0,290.9922,1.2787,1.3592,0.0,A
132,sn1/media-mongodb,9.58,74.21,704.02,0.0352,2,107,290.9922,1.2787,1.3592,0.0383,A
132,sn1/media-service,77.16,4.73,251.42,0.0,0,728,290.9922,1.2787,772.0365,0.192,A
132,sn1/nginx-thrift,24031.98,44039.09,620.32,0.0,0,5766,1306.5759,249.4057,772.0365,59.9,A
132,sn1/post-storage-memcached,1769.29,70.38,75.33,0.0,0,5508,1248.1131,18.3618,772.0365,4.39,A
132,sn1/post-storage-mongodb,933.13,8187.71,4130.05,0.0664,2,860,290.9922,9.6841,772.0365,2.24,A
132,sn1/post-storage-service,7452.78,94.67,251.42,0.0,0,10229,2317.8919,77.3455,772.0365,18.3,A
132,sn1/social-graph-mongodb,9.65,728.01,757.02,0.0742,4,113,290.9922,1.2787,1.3592,0.0383,A
132,sn1/social-graph-redis,2.19,20.04,103.57,0.0,0,218,290.9922,1.2787,1.3592,0.0,A
132,sn1/social-graph-service,0.0,31.3,251.42,0.0,0,0,290.9922,1.2787,1.3592,0.0,A
132,sn1/text-service,1480.11,86.73,251.42,0.0,0,4887,1107.3944,15.3607,772.0365,3.39,A
132,sn1/unique-id-service,78.95,4.71,251.42,0.0,0,898,290.9922,1.2787,772.0365,0.192,A
132,sn1/url-shorten-memcached,0.17,4.63,75.33,0.0,0,0,290.9922,1.2787,1.3592,0.0,A
132,sn1/url-shorten-mongodb,365.03,106.89,702.87,0.0,0,1770,401.0821,3.7883,772.0365,0.709,A
132,sn1/url-shorten-service,1401.49,78.69,251.42,0.0,0,4999,1132.7736,14.5448,772.0365,3.01,A
132,sn1/user-memcached,161.68,6.59,75.33,0.0,0,1544,349.8705,1.6779,772.0365,0.422,A
132,sn1/user-mention-service,239.12,6.75,251.42,0.0,0,1072,290.9922,2.4816,772.0365,0.594,A
132,sn1/user-mongodb,9.9,97.26,704.78,0.0391,2,74,290.9922,1.2787,1.3592,0.0192,A
132,sn1/user-service,72.7,18.05,251.42,0.0,0,702,290.9922,1.2787,772.0365,0.192,A
132,sn1/user-timeline-mongodb,15.71,106.97,703.03,0.1094,12,379,290.9922,1.2787,772.0365,0.0383,A
132,sn1/user-timeline-redis,152.0,96.04,136.86,0.0,0,729,290.9922,1.5775,772.0365,0.364,A
132,sn1/user-timeline-service,1503.21,519.31,251.42,0.0,0,4984,1129.3746,15.6004,772.0365,3.51,A
133,hotel/consul,15.78,29.12,201.48,0.0,0,1288,294.9512,1.2787,774.2198,0.0366,A
133,hotel/frontend,9592.23,103.22,1119.14,0.0,0,835075,191231.6776,99.1153,774.2198,24.4,A
133,hotel/geo,983.05,28.4,1119.06,0.0,0,2195,502.6537,10.1577,774.2198,2.91,A
133,hotel/jaeger,0.22,14.79,81.01,0.0,0,0,290.9922,1.2787,1.3592,0.0,A
133,hotel/memcached-profile,127.91,7.69,79.25,0.0,0,1443,330.4461,1.3217,774.2198,0.311,A
133,hotel/memcached-rate,104.6,7.57,79.25,0.0,0,1871,428.4579,1.2787,774.2198,0.256,A
133,hotel/memcached-reserve,154.43,7.15,79.25,0.0,0,1020,290.9922,1.5957,774.2198,0.366,A
133,hotel/mongodb-geo,7.68,63.27,400.43,0.0,0,77,290.9922,1.2787,1.3592,0.0183,A
133,hotel/mongodb-profile,7.49,65.12,400.43,0.0,0,74,290.9922,1.2787,1.3592,0.0183,A
133,hotel/mongodb-rate,8.1,64.88,400.43,0.0195,2,83,290.9922,1.2787,1.3592,0.0366,A
133,hotel/mongodb-recommendation,7.5,63.05,400.43,0.0,0,205,290.9922,1.2787,1.3592,0.0183,A
133,hotel/mongodb-reservation,9.79,253.87,400.43,0.0547,28,261,290.9922,1.2787,1.3592,0.0366,A
133,hotel/mongodb-user,7.41,63.02,400.43,0.0,0,69,290.9922,1.2787,1.3592,0.0183,A
133,hotel/profile,3364.28,52.12,1119.06,0.0,0,113992,26104.1001,34.7627,774.2198,7.36,A
133,hotel/rate,1331.46,37.78,1119.14,0.0,0,2768,633.8704,13.7578,774.2198,3.07,A
133,hotel/recommendation,678.79,27.88,1119.06,0.0,0,1812,414.9469,7.0139,774.2198,1.59,A
133,hotel/reservation,3515.32,71.91,1119.06,0.0,0,157371,36037.8653,36.3234,774.2198,9.26,A
133,hotel/search,2527.38,32.78,1119.06,0.0,0,10512,2407.2417,26.1151,774.2198,6.04,A
133,hotel/user,42.93,20.61,1119.06,0.0,0,424,290.9922,1.2787,774.2198,0.11,A
133,sn1/compose-post-service,1389.35,86.03,251.42,0.0,0,5309,1215.7578,14.356,774.2198,2.95,A
133,sn1/home-timeline-redis,290.31,2554.68,952.74,0.0,0,1297,297.0122,2.9997,774.2198,0.714,A
133,sn1/home-timeline-service,1636.11,112.57,251.42,0.0,0,3588,821.6499,16.9057,774.2198,3.95,A
133,sn1/jaeger,14.05,5667.55,75.0,0.0,0,565,290.9922,1.2787,774.2198,0.0732,A
133,sn1/media-frontend,0.0,2027.57,648.43,0.0,0,0,290.9922,1.2787,1.3592,0.0,A
133,sn1/media-memcached,0.18,4.63,75.33,0.0,0,0,290.9922,1.2787,1.3592,0.0,A
133,sn1/media-mongodb,8.37,73.96,704.02,0.0,0,630,290.9922,1.2787,1.3592,0.0366,A
133,sn1/media-service,74.38,4.73,251.42,0.0,0,758,290.9922,1.2787,774.2198,0.165,A
133,sn1/nginx-thrift,24204.53,44050.15,620.32,0.0,0,5504,1260.4127,250.1024,774.2198,57.8,A
133,sn1/post-storage-memcached,1771.89,71.06,75.33,0.0,0,5850,1339.6465,18.3087,774.2198,4.26,A
133,sn1/post-storage-mongodb,927.28,8187.71,4130.05,0.0,0,863,290.9922,9.5815,774.2198,2.23,A
133,sn1/post-storage-service,7449.87,93.04,251.42,0.0,0,9720,2225.8742,76.9786,774.2198,17.8,A
133,sn1/social-graph-mongodb,8.55,728.01,757.02,0.0,0,87,290.9922,1.2787,1.3592,0.0366,A
133,sn1/social-graph-redis,2.07,20.04,103.57,0.0,0,152,290.9922,1.2787,1.3592,0.0183,A
133,sn1/social-graph-service,0.05,31.3,251.42,0.0,0,0,290.9922,1.2787,1.3592,0.0,A
133,sn1/text-service,1454.68,84.92,251.42,0.0,0,5083,1164.004,15.031,774.2198,3.07,A
133,sn1/unique-id-service,79.28,4.71,251.42,0.0,0,790,290.9922,1.2787,774.2198,0.165,A
133,sn1/url-shorten-memcached,0.19,4.63,75.33,0.0,0,0,290.9922,1.2787,1.3592,0.0,A
133,sn1/url-shorten-mongodb,351.04,106.95,702.87,0.0781,4,1200,290.9922,3.6273,774.2198,0.641,A
133,sn1/url-shorten-service,1340.21,77.23,251.42,0.0,0,4848,1110.1891,13.8482,774.2198,2.58,A
133,sn1/user-memcached,157.38,6.59,75.33,0.0,0,2012,460.7468,1.6262,774.2198,0.384,A
133,sn1/user-mention-service,242.46,6.8,251.42,0.0,0,936,290.9922,2.5053,774.2198,0.549,A
133,sn1/user-mongodb,8.84,97.26,704.78,0.0,0,125,290.9922,1.2787,1.3592,0.0366,A
133,sn1/user-service,72.92,18.05,251.42,0.0,0,697,290.9922,1.2787,774.2198,0.183,A
133,sn1/user-timeline-mongodb,15.57,106.97,703.03,0.0,0,412,290.9922,1.2787,774.2198,0.0549,A
133,sn1/user-timeline-redis,151.76,96.29,136.86,0.0,0,927,290.9922,1.5681,774.2198,0.348,A
133,sn1/user-timeline-service,1510.95,519.09,251.42,0.0,0,4997,1144.31,15.6125,774.2198,3.44,A
134,hotel/consul,24.06,29.37,201.48,0.0,0,8019,5014.4968,1.2787,211.77,0.107,A
134,hotel/frontend,0.76,103.01,1119.14,0.0,0,44,290.9922,1.2787,1.3592,0.0,A
134,hotel/geo,1.12,28.39,1119.06,0.0,0,622,388.9534,1.2787,1.3592,0.0,A
134,hotel/jaeger,1.41,14.79,81.01,0.0,0,98,290.9922,1.2787,1.3592,0.0,A
134,hotel/memcached-profile,0.87,7.68,79.25,0.0,0,274,290.9922,1.2787,1.3592,0.0,A
134,hotel/memcached-rate,0.74,7.57,79.25,0.0,0,629,393.3306,1.2787,1.3592,0.0358,A
134,hotel/memcached-reserve,0.51,7.15,79.25,0.0,0,0,290.9922,1.2787,1.3592,0.0,A
134,hotel/mongodb-geo,11.46,63.18,400.43,0.0273,2,350,290.9922,1.2787,211.77,0.0715,A
134,hotel/mongodb-profile,11.42,65.59,400.43,0.0273,2,261,290.9922,1.2787,211.77,0.0715,A
134,hotel/mongodb-rate,9.96,65.13,400.43,0.0,0,374,290.9922,1.2787,1.3592,0.0358,A
134,hotel/mongodb-recommendation,11.49,63.34,400.43,0.0273,2,356,290.9922,1.2787,211.77,0.0358,A
134,hotel/mongodb-reservation,12.4,254.21,400.43,0.043,4,325,290.9922,1.2787,211.77,0.0715,A
134,hotel/mongodb-user,11.58,63.06,400.43,0.0273,2,321,290.9922,1.2787,211.77,0.107,A
134,hotel/profile,1.65,52.12,1119.06,0.0,0,640,400.2092,1.2787,1.3592,0.0715,A
134,hotel/rate,2.24,37.77,1119.14,0.0,0,936,585.306,1.2787,1.3592,0.0,A
134,hotel/recommendation,1.45,28.13,1119.06,0.0,0,828,517.7707,1.2787,1.3592,0.0,A
134,hotel/reservation,2.38,71.9,1119.06,0.0,0,781,488.3803,1.2787,1.3592,0.0,A
134,hotel/search,0.78,33.01,1119.06,0.0,0,0,290.9922,1.2787,1.3592,0.0,A
134,hotel/user,2.1,20.88,1119.06,0.0,0,403,290.9922,1.2787,1.3592,0.0,A
134,sn1/compose-post-service,376.35,68.82,251.42,0.0,0,1272,795.4159,7.227,211.77,3.29,A
134,sn1/home-timeline-redis,78.44,2553.91,952.74,0.0,0,1224,765.4002,1.5063,211.77,0.68,A
134,sn1/home-timeline-service,425.06,107.38,251.42,0.0,0,679,424.597,8.1624,211.77,3.65,A
134,sn1/jaeger,45.35,5667.58,75.0,0.0,0,746,466.4939,1.2787,211.77,0.358,A
134,sn1/media-frontend,0.0,2027.57,648.43,0.0,0,0,290.9922,1.2787,1.3592,0.0,A
134,sn1/media-memcached,0.24,4.63,75.33,0.0,0,0,290.9922,1.2787,1.3592,0.0,A
134,sn1/media-mongodb,15.57,74.58,704.02,0.0039,2,391,290.9922,1.2787,211.77,0.0715,A
134,sn1/media-service,15.95,4.62,251.42,0.0,0,365,290.9922,1.2787,211.77,0.143,A
134,sn1/nginx-thrift,6407.77,44037.86,620.32,35.5117,310,1862,1164.3588,123.0483,211.77,53.8,A
134,sn1/post-storage-memcached,448.58,69.93,75.33,0.0,0,6888,4307.252,8.6141,211.77,3.76,A
134,sn1/post-storage-mongodb,246.88,8188.04,4130.05,9.9805,154,606,378.9481,4.7408,211.77,2.0,A
134,sn1/post-storage-service,1889.86,88.71,251.42,0.0,0,2027,1267.5377,36.2909,211.77,16.0,A
134,sn1/social-graph-mongodb,15.28,728.01,757.02,0.0,0,418,290.9922,1.2787,211.77,0.107,A
134,sn1/social-graph-redis,2.51,20.29,103.57,0.0,0,1050,656.5933,1.2787,1.3592,0.0,A
134,sn1/social-graph-service,0.0,31.3,251.42,0.0,0,0,290.9922,1.2787,1.3592,0.0,A
134,sn1/text-service,404.81,45.88,251.42,0.0,0,1476,922.9826,7.7736,211.77,3.65,A
134,sn1/unique-id-service,18.55,4.68,251.42,0.0,0,269,290.9922,1.2787,211.77,0.143,A
134,sn1/url-shorten-memcached,0.29,4.63,75.33,0.0,0,0,290.9922,1.2787,1.3592,0.0,A
134,sn1/url-shorten-mongodb,122.38,106.89,702.87,0.0,0,6236,3899.5388,2.3501,211.77,0.894,A
134,sn1/url-shorten-service,375.76,54.75,251.42,0.0,0,1175,734.7592,7.2157,211.77,3.29,A
134,sn1/user-memcached,34.76,6.32,75.33,0.0,0,1364,852.946,1.2787,211.77,0.286,A
134,sn1/user-mention-service,57.68,6.79,251.42,0.0,0,599,374.5708,1.2787,211.77,0.537,A
134,sn1/user-mongodb,14.69,97.63,704.78,0.0,0,409,290.9922,1.2787,211.77,0.143,A
134,sn1/user-service,16.1,18.03,251.42,0.0,0,501,313.2888,1.2787,211.77,0.143,A
134,sn1/user-timeline-mongodb,25.62,107.46,703.03,0.0156,2,4942,3090.3658,1.2787,211.77,0.107,A
134,sn1/user-timeline-redis,43.19,95.8,136.86,0.0,0,1293,808.5477,1.2787,211.77,0.358,A
134,sn1/user-timeline-service,400.6,516.14,251.42,0.0,0,1035,647.2134,7.6927,211.77,3.22,A
135,hotel/consul,28.87,29.38,201.48,0.0,0,10409,3240.7171,17.2808,7.4529,0.0189,A
135,hotel/frontend,0.52,103.01,1119.14,0.0,0,0,290.9922,1.2787,1.3592,0.0,A
135,hotel/geo,1.95,28.39,1119.06,0.0,0,815,290.9922,1.2787,1.3592,0.0,A
135,hotel/jaeger,0.3,14.79,81.01,0.0,0,0,290.9922,1.2787,1.3592,0.0,A
135,hotel/memcached-profile,0.48,7.68,79.25,0.0,0,0,290.9922,1.2787,1.3592,0.0,A
135,hotel/memcached-rate,0.46,7.57,79.25,0.0,0,0,290.9922,1.2787,1.3592,0.0,A
135,hotel/memcached-reserve,0.41,7.15,79.25,0.0,0,0,290.9922,1.2787,1.3592,0.0,A
135,hotel/mongodb-geo,10.51,63.39,400.43,0.0,0,453,290.9922,6.291,7.4529,0.0076,A
135,hotel/mongodb-profile,10.24,65.8,400.43,0.0,0,381,290.9922,6.1294,7.4529,0.0038,A
135,hotel/mongodb-rate,11.62,65.32,400.43,0.0195,2,470,290.9922,6.9554,7.4529,0.0113,A
135,hotel/mongodb-recommendation,10.68,63.25,400.43,0.0,0,541,290.9922,6.3928,7.4529,0.0076,A
135,hotel/mongodb-reservation,10.68,254.09,400.43,0.0,0,301,290.9922,6.3928,7.4529,0.0076,A
135,hotel/mongodb-user,9.99,63.15,400.43,0.0,0,459,290.9922,5.9798,1.3592,0.0076,A
135,hotel/profile,1.88,52.13,1119.06,0.0,0,473,290.9922,1.2787,1.3592,0.0,A
135,hotel/rate,1.13,37.77,1119.14,0.0,0,671,290.9922,1.2787,1.3592,0.0,A
135,hotel/recommendation,1.3,28.13,1119.06,0.0,0,362,290.9922,1.2787,1.3592,0.0,A
135,hotel/reservation,1.53,72.15,1119.06,0.0,0,638,290.9922,1.2787,1.3592,0.0,A
135,hotel/search,1.1,33.02,1119.06,0.0,0,96,290.9922,1.2787,1.3592,0.0,A
135,hotel/user,1.17,20.62,1119.06,0.0,0,330,290.9922,1.2787,1.3592,0.0038,A
135,sn1/compose-post-service,0.49,69.23,251.42,0.0,0,0,290.9922,1.2787,1.3592,0.0,A
135,sn1/home-timeline-redis,4.83,2553.91,952.74,0.0,0,1380,429.6464,2.8911,1.3592,0.0038,A
135,sn1/home-timeline-service,1.69,108.19,251.42,0.0,0,34,290.9922,1.2787,1.3592,0.0,A
135,sn1/jaeger,17.52,5668.8,75.0,0.0,0,827,290.9922,10.487,7.4529,0.0151,A
135,sn1/media-frontend,0.0,2027.57,648.43,0.0,0,0,290.9922,1.2787,1.3592,0.0,A
135,sn1/media-memcached,0.29,4.63,75.33,0.0,0,0,290.9922,1.2787,1.3592,0.0,A
135,sn1/media-mongodb,13.63,74.39,704.02,0.0664,8,534,290.9922,8.1586,7.4529,0.0113,A
135,sn1/media-service,0.11,4.62,251.42,0.0,0,0,290.9922,1.2787,1.3592,0.0,A
135,sn1/nginx-thrift,3.73,44037.76,620.32,0.0,0,1450,451.4401,2.2327,1.3592,0.0,A
135,sn1/post-storage-memcached,0.99,69.93,75.33,0.0,0,1600,498.1408,1.2787,1.3592,0.0,A
135,sn1/post-storage-mongodb,13.35,8187.97,4130.05,0.0039,2,490,290.9922,7.991,7.4529,0.0113,A
135,sn1/post-storage-service,0.19,88.7,251.42,0.0,0,0,290.9922,1.2787,1.3592,0.0,A
135,sn1/social-graph-mongodb,17.9,728.45,757.02,0.0039,2,398,290.9922,10.7145,7.4529,0.0113,A
135,sn1/social-graph-redis,2.71,20.29,103.57,0.0,0,1109,345.2738,1.6221,1.3592,0.0,A
135,sn1/social-graph-service,0.12,31.3,251.42,0.0,0,0,290.9922,1.2787,1.3592,0.0,A
135,sn1/text-service,0.09,45.59,251.42,0.0,0,0,290.9922,1.2787,1.3592,0.0,A
135,sn1/unique-id-service,0.08,4.68,251.42,0.0,0,0,290.9922,1.2787,1.3592,0.0,A
135,sn1/url-shorten-memcached,0.27,4.63,75.33,0.0,0,0,290.9922,1.2787,1.3592,0.0,A
135,sn1/url-shorten-mongodb,29.74,107.03,702.87,0.0469,2,6963,2167.8464,17.8016,7.4529,0.0113,A
135,sn1/url-shorten-service,0.09,54.05,251.42,0.0,0,0,290.9922,1.2787,1.3592,0.0,A
135,sn1/user-memcached,0.4,6.32,75.33,0.0,0,0,290.9922,1.2787,1.3592,0.0038,A
135,sn1/user-mention-service,0.09,6.78,251.42,0.0,0,0,290.9922,1.2787,1.3592,0.0,A
135,sn1/user-mongodb,16.13,97.45,704.78,0.0039,2,507,290.9922,9.655,7.4529,0.0076,A
135,sn1/user-service,0.2,18.03,251.42,0.0,0,0,290.9922,1.2787,1.3592,0.0,A
135,sn1/user-timeline-mongodb,27.85,107.64,703.03,0.0,0,7116,2215.4811,16.6703,7.4529,0.0151,A
135,sn1/user-timeline-redis,4.6,95.8,136.86,0.0,0,1220,379.8323,2.7534,1.3592,0.0038,A
135,sn1/user-timeline-service,2.54,516.43,251.42,0.0,0,96,290.9922,1.5204,1.3592,0.0,A
136,hotel/consul,29.59,29.12,201.48,0.0,0,10490,3959.7511,8.3519,10.9131,0.0553,A
136,hotel/frontend,0.51,103.01,1119.14,0.0,0,0,290.9922,1.2787,1.3592,0.0,A
136,hotel/geo,1.17,28.39,1119.06,0.0,0,529,290.9922,1.2787,1.3592,0.0,A
136,hotel/jaeger,0.29,14.79,81.01,0.0,0,0,290.9922,1.2787,1.3592,0.0,A
136,hotel/memcached-profile,0.47,7.68,79.25,0.0,0,0,290.9922,1.2787,1.3592,0.0,A
136,hotel/memcached-rate,0.43,7.57,79.25,0.0,0,0,290.9922,1.2787,1.3592,0.0,A
136,hotel/memcached-reserve,0.38,7.15,79.25,0.0,0,0,290.9922,1.2787,1.3592,0.0,A
136,hotel/mongodb-geo,11.09,63.24,400.43,0.0273,2,351,290.9922,3.1302,10.9131,0.0138,A
136,hotel/mongodb-profile,11.58,65.53,400.43,0.0508,4,396,290.9922,3.2685,10.9131,0.0138,A
136,hotel/mongodb-rate,10.7,65.07,400.43,0.0,0,629,290.9922,3.0201,10.9131,0.0276,A
136,hotel/mongodb-recommendation,12.25,63.09,400.43,0.0273,2,451,290.9922,3.4576,10.9131,0.0276,A
136,hotel/mongodb-reservation,11.83,254.3,400.43,0.0352,2,489,290.9922,3.3391,10.9131,0.0138,A
136,hotel/mongodb-user,12.21,63.18,400.43,0.0273,2,324,290.9922,3.4463,10.9131,0.0415,A
136,hotel/profile,1.16,52.11,1119.06,0.0,0,574,290.9922,1.2787,1.3592,0.0,A
136,hotel/rate,1.85,37.77,1119.14,0.0,0,283,290.9922,1.2787,1.3592,0.0,A
136,hotel/recommendation,1.65,28.13,1119.06,0.0,0,691,290.9922,1.2787,1.3592,0.0,A
136,hotel/reservation,1.59,71.9,1119.06,0.0,0,575,290.9922,1.2787,1.3592,0.0138,A
136,hotel/search,0.46,32.76,1119.06,0.0,0,0,290.9922,1.2787,1.3592,0.0,A
136,hotel/user,1.85,20.62,1119.06,0.0,0,789,297.8307,1.2787,1.3592,0.0,A
136,sn1/compose-post-service,3.74,70.29,251.42,0.0,0,49,290.9922,1.2787,1.3592,0.0,A
136,sn1/home-timeline-redis,5.26,2553.8,952.74,0.0,0,1469,554.5161,1.4847,1.3592,0.0,A
136,sn1/home-timeline-service,6.99,106.98,251.42,0.0,0,53,290.9922,1.973,1.3592,0.0,A
136,sn1/jaeger,25.02,5667.64,75.0,0.0,0,1636,617.5551,7.062,10.9131,0.0553,A
136,sn1/media-frontend,0.0,2027.57,648.43,0.0,0,0,290.9922,1.2787,1.3592,0.0,A
136,sn1/media-memcached,0.27,4.63,75.33,0.0,0,0,290.9922,1.2787,1.3592,0.0,A
136,sn1/media-mongodb,15.16,73.98,704.02,0.0,0,490,290.9922,4.279,10.9131,0.0415,A
136,sn1/media-service,0.0,4.62,251.42,0.0,0,0,290.9922,1.2787,1.3592,0.0,A
136,sn1/nginx-thrift,17.7,44037.18,620.32,4.4883,42,1406,530.735,4.9959,10.9131,0.0138,A
136,sn1/post-storage-memcached,0.69,69.93,75.33,0.0,0,835,315.1947,1.2787,1.3592,0.0,A
136,sn1/post-storage-mongodb,14.52,8188.25,4130.05,0.0,0,509,290.9922,4.0983,10.9131,0.0415,A
136,sn1/post-storage-service,0.1,88.71,251.42,0.0,0,0,290.9922,1.2787,1.3592,0.0,A
136,sn1/social-graph-mongodb,15.12,728.47,757.02,0.0703,8,503,290.9922,4.2677,10.9131,0.0415,A
136,sn1/social-graph-redis,2.7,20.29,103.57,0.0,0,1453,548.4765,1.2787,1.3592,0.0,A
136,sn1/social-graph-service,0.0,31.3,251.42,0.0,0,0,290.9922,1.2787,1.3592,0.0,A
136,sn1/text-service,0.0,45.43,251.42,0.0,0,0,290.9922,1.2787,1.3592,0.0,A
136,sn1/unique-id-service,0.0,4.68,251.42,0.0,0,0,290.9922,1.2787,1.3592,0.0,A
136,sn1/url-shorten-memcached,0.27,4.63,75.33,0.0,0,0,290.9922,1.2787,1.3592,0.0,A
136,sn1/url-shorten-mongodb,27.69,107.03,702.87,0.0,0,7184,2711.8067,7.8156,10.9131,0.0691,A
136,sn1/url-shorten-service,0.06,53.8,251.42,0.0,0,0,290.9922,1.2787,1.3592,0.0,A
136,sn1/user-memcached,0.35,6.32,75.33,0.0,0,0,290.9922,1.2787,1.3592,0.0,A
136,sn1/user-mention-service,0.0,6.77,251.42,0.0,0,0,290.9922,1.2787,1.3592,0.0,A
136,sn1/user-mongodb,15.39,97.47,704.78,0.0,0,452,290.9922,4.3439,10.9131,0.0415,A
136,sn1/user-service,0.0,18.03,251.42,0.0,0,0,290.9922,1.2787,1.3592,0.0,A
136,sn1/user-timeline-mongodb,27.87,107.41,703.03,0.0195,2,5186,1957.6043,7.8664,10.9131,0.0691,A
136,sn1/user-timeline-redis,4.75,95.79,136.86,0.0,0,1459,550.7414,1.3407,1.3592,0.0138,A
136,sn1/user-timeline-service,6.77,514.83,251.42,0.0,0,51,290.9922,1.9109,1.3592,0.0,A
137,hotel/consul,30.26,29.62,201.48,0.0,0,12589,684.6329,6.3783,19.6362,0.0223,A
137,hotel/frontend,0.51,103.01,1119.14,0.0,0,0,290.9922,1.2787,1.3592,0.0,A
137,hotel/geo,1.86,28.39,1119.06,0.0,0,456,290.9922,1.2787,1.3592,0.0056,A
137,hotel/jaeger,0.29,14.79,81.01,0.0,0,0,290.9922,1.2787,1.3592,0.0,A
137,hotel/memcached-profile,0.49,7.68,79.25,0.0,0,0,290.9922,1.2787,1.3592,0.0,A
137,hotel/memcached-rate,0.49,7.57,79.25,0.0,0,0,290.9922,1.2787,1.3592,0.0,A
137,hotel/memcached-reserve,0.36,7.15,79.25,0.0,0,0,290.9922,1.2787,1.3592,0.0,A
137,hotel/mongodb-geo,10.4,63.58,400.43,0.0,0,481,290.9922,2.1922,19.6362,0.0111,A
137,hotel/mongodb-profile,9.85,65.62,400.43,0.0,0,348,290.9922,2.0762,1.3592,0.0056,A
137,hotel/mongodb-rate,12.57,65.36,400.43,0.0703,10,432,290.9922,2.6496,19.6362,0.0167,A
137,hotel/mongodb-recommendation,10.62,63.18,400.43,0.0,0,424,290.9922,2.2385,19.6362,0.0111,A
137,hotel/mongodb-reservation,10.29,254.15,400.43,0.0,0,438,290.9922,2.169,19.6362,0.0167,A
137,hotel/mongodb-user,9.97,63.4,400.43,0.0,0,629,290.9922,2.1015,1.3592,0.0111,A
137,hotel/profile,2.29,52.88,1119.06,0.0,0,485,290.9922,1.2787,1.3592,0.0,A
137,hotel/rate,1.08,37.77,1119.14,0.0,0,608,290.9922,1.2787,1.3592,0.0,A
137,hotel/recommendation,1.34,27.88,1119.06,0.0,0,617,290.9922,1.2787,1.3592,0.0056,A
137,hotel/reservation,1.46,71.91,1119.06,0.0,0,659,290.9922,1.2787,1.3592,0.0,A
137,hotel/search,0.48,32.76,1119.06,0.0,0,0,290.9922,1.2787,1.3592,0.0,A
137,hotel/user,1.1,20.62,1119.06,0.0,0,230,290.9922,1.2787,1.3592,0.0,A
137,sn1/compose-post-service,48.59,52.74,251.42,0.0,0,154,290.9922,10.242,19.6362,0.111,A
137,sn1/home-timeline-redis,5.66,2552.38,952.74,0.0,0,1344,290.9922,1.2787,1.3592,0.0,A
137,sn1/home-timeline-service,33.09,87.42,251.42,0.0,0,123,290.9922,6.9748,19.6362,0.0723,A
137,sn1/jaeger,0.55,5667.58,75.0,0.0,0,0,290.9922,1.2787,1.3592,0.0,A
137,sn1/media-frontend,0.0,2027.57,648.43,0.0,0,0,290.9922,1.2787,1.3592,0.0,A
137,sn1/media-memcached,0.32,4.63,75.33,0.0,0,0,290.9922,1.2787,1.3592,0.0,A
137,sn1/media-mongodb,13.6,74.36,704.02,0.0078,4,559,290.9922,2.8667,19.6362,0.0167,A
137,sn1/media-service,0.02,4.62,251.42,0.0,0,0,290.9922,1.2787,1.3592,0.0,A
137,sn1/nginx-thrift,52.13,44033.34,620.32,0.0,0,1320,290.9922,10.9882,19.6362,0.134,A
137,sn1/post-storage-memcached,0.7,69.93,75.33,0.0,0,827,290.9922,1.2787,1.3592,0.0,A
137,sn1/post-storage-mongodb,13.09,8188.18,4130.05,0.0,0,670,290.9922,2.7592,19.6362,0.0111,A
137,sn1/post-storage-service,0.02,88.7,251.42,0.0,0,0,290.9922,1.2787,1.3592,0.0,A
137,sn1/social-graph-mongodb,13.3,728.47,757.02,0.0078,4,710,290.9922,2.8034,19.6362,0.0167,A
137,sn1/social-graph-redis,2.75,20.29,103.57,0.0,0,1390,290.9922,1.2787,1.3592,0.0056,A
137,sn1/social-graph-service,0.12,31.3,251.42,0.0,0,0,290.9922,1.2787,1.3592,0.0,A
137,sn1/text-service,0.03,45.42,251.42,0.0,0,0,290.9922,1.2787,1.3592,0.0,A
137,sn1/unique-id-service,0.03,4.68,251.42,0.0,0,0,290.9922,1.2787,1.3592,0.0,A
137,sn1/url-shorten-memcached,0.28,4.63,75.33,0.0,0,0,290.9922,1.2787,1.3592,0.0,A
137,sn1/url-shorten-mongodb,29.74,106.92,702.87,0.0859,6,10020,544.9219,6.2687,19.6362,0.0223,A
137,sn1/url-shorten-service,0.02,53.63,251.42,0.0,0,0,290.9922,1.2787,1.3592,0.0,A
137,sn1/user-memcached,0.37,6.32,75.33,0.0,0,0,290.9922,1.2787,1.3592,0.0,A
137,sn1/user-mention-service,0.03,6.77,251.42,0.0,0,0,290.9922,1.2787,1.3592,0.0,A
137,sn1/user-mongodb,14.05,97.53,704.78,0.0078,4,471,290.9922,2.9615,19.6362,0.0111,A
137,sn1/user-service,0.13,18.03,251.42,0.0,0,0,290.9922,1.2787,1.3592,0.0,A
137,sn1/user-timeline-mongodb,27.52,107.36,703.03,0.0,0,9895,538.124,5.8008,19.6362,0.0223,A
137,sn1/user-timeline-redis,4.84,95.75,136.86,0.0,0,1439,290.9922,1.2787,1.3592,0.0,A
137,sn1/user-timeline-service,31.3,499.01,251.42,0.0,0,136,290.9922,6.5975,19.6362,0.0723,A
138,hotel/consul,28.39,29.38,201.48,0.0,0,10810,3741.8328,5.1333,5.8595,0.0114,A
138,hotel/frontend,0.63,103.01,1119.14,0.0,0,0,290.9922,1.2787,1.3592,0.0,A
138,hotel/geo,1.08,28.39,1119.06,0.0,0,294,290.9922,1.2787,1.3592,0.0023,A
138,hotel/jaeger,0.32,14.79,81.01,0.0,0,0,290.9922,1.2787,1.3592,0.0,A
138,hotel/memcached-profile,0.47,7.68,79.25,0.0,0,0,290.9922,1.2787,1.3592,0.0,A
138,hotel/memcached-rate,0.49,7.57,79.25,0.0,0,0,290.9922,1.2787,1.3592,0.0,A
138,hotel/memcached-reserve,0.38,7.15,79.25,0.0,0,0,290.9922,1.2787,1.3592,0.0,A
138,hotel/mongodb-geo,11.51,63.08,400.43,0.0391,4,441,290.9922,2.0812,5.8595,0.0045,A
138,hotel/mongodb-profile,11.84,65.15,400.43,0.0273,2,366,290.9922,2.1408,5.8595,0.0023,A
138,hotel/mongodb-rate,10.46,64.95,400.43,0.0,0,531,290.9922,1.8913,5.8595,0.0045,A
138,hotel/mongodb-recommendation,12.94,63.46,400.43,0.0469,4,473,290.9922,2.3397,5.8595,0.0068,A
138,hotel/mongodb-reservation,11.91,254.29,400.43,0.0352,2,363,290.9922,2.1535,5.8595,0.0045,A
138,hotel/mongodb-user,11.96,63.44,400.43,0.0469,4,428,290.9922,2.1625,5.8595,0.0045,A
138,hotel/profile,1.31,52.14,1119.06,0.0,0,689,290.9922,1.2787,1.3592,0.0,A
138,hotel/rate,2.28,37.77,1119.14,0.0,0,747,290.9922,1.2787,1.3592,0.0023,A
138,hotel/recommendation,1.96,27.88,1119.06,0.0,0,808,290.9922,1.2787,1.3592,0.0023,A
138,hotel/reservation,1.7,71.9,1119.06,0.0,0,613,290.9922,1.2787,1.3592,0.0023,A
138,hotel/search,0.49,32.76,1119.06,0.0,0,0,290.9922,1.2787,1.3592,0.0,A
138,hotel/user,1.82,20.62,1119.06,0.0,0,752,290.9922,1.2787,1.3592,0.0,A
138,sn1/compose-post-service,0.0,49.44,251.42,0.0,0,0,290.9922,1.2787,1.3592,0.0,A
138,sn1/home-timeline-redis,5.19,2550.5,952.74,0.0,0,1443,499.488,1.2787,1.3592,0.0023,A
138,sn1/home-timeline-service,0.0,87.2,251.42,0.0,0,0,290.9922,1.2787,1.3592,0.0,A
138,sn1/jaeger,0.58,5667.58,75.0,0.0,0,0,290.9922,1.2787,1.3592,0.0,A
138,sn1/media-frontend,0.0,2027.57,648.43,0.0,0,0,290.9922,1.2787,1.3592,0.0,A
138,sn1/media-memcached,0.26,4.63,75.33,0.0,0,0,290.9922,1.2787,1.3592,0.0,A
138,sn1/media-mongodb,15.1,74.17,704.02,0.0195,2,457,290.9922,2.7303,5.8595,0.0068,A
138,sn1/media-service,0.0,4.62,251.42,0.0,0,0,290.9922,1.2787,1.3592,0.0,A
138,sn1/nginx-thrift,6.56,44033.16,620.32,0.0,0,1314,454.8352,1.2787,1.3592,0.0045,A
138,sn1/post-storage-memcached,0.71,69.93,75.33,0.0,0,828,290.9922,1.2787,1.3592,0.0,A
138,sn1/post-storage-mongodb,14.58,8187.82,4130.05,0.0352,4,515,290.9922,2.6363,5.8595,0.0068,A
138,sn1/post-storage-service,0.12,88.71,251.42,0.0,0,0,290.9922,1.2787,1.3592,0.0,A
138,sn1/social-graph-mongodb,15.48,728.47,757.02,0.0195,2,444,290.9922,2.799,5.8595,0.0068,A
138,sn1/social-graph-redis,2.7,20.29,103.57,0.0,0,1512,523.372,1.2787,1.3592,0.0023,A
138,sn1/social-graph-service,0.0,31.3,251.42,0.0,0,0,290.9922,1.2787,1.3592,0.0,A
138,sn1/text-service,0.0,45.42,251.42,0.0,0,0,290.9922,1.2787,1.3592,0.0,A
138,sn1/unique-id-service,0.0,4.68,251.42,0.0,0,0,290.9922,1.2787,1.3592,0.0,A
138,sn1/url-shorten-memcached,0.3,4.63,75.33,0.0,0,0,290.9922,1.2787,1.3592,0.0,A
138,sn1/url-shorten-mongodb,28.06,106.97,702.87,0.0,0,5273,1825.2252,5.0736,5.8595,0.0136,A
138,sn1/url-shorten-service,0.11,53.05,251.42,0.0,0,0,290.9922,1.2787,1.3592,0.0,A
138,sn1/user-memcached,0.37,6.32,75.33,0.0,0,0,290.9922,1.2787,1.3592,0.0,A
138,sn1/user-mention-service,0.0,6.77,251.42,0.0,0,0,290.9922,1.2787,1.3592,0.0,A
138,sn1/user-mongodb,15.25,97.33,704.78,0.0195,2,490,290.9922,2.7574,5.8595,0.0068,A
138,sn1/user-service,0.0,18.03,251.42,0.0,0,0,290.9922,1.2787,1.3592,0.0,A
138,sn1/user-timeline-mongodb,29.34,107.65,703.03,0.0234,4,6751,2336.8283,5.3051,5.8595,0.0136,A
138,sn1/user-timeline-redis,4.72,95.75,136.86,0.0,0,1198,414.6823,1.2787,1.3592,0.0023,A
138,sn1/user-timeline-service,0.0,498.77,251.42,0.0,0,0,290.9922,1.2787,1.3592,0.0,A
139,hotel/consul,30.85,29.62,201.48,0.0,0,12002,2088.0866,20.3691,6.9183,0.0396,A
139,hotel/frontend,1.05,103.02,1119.14,0.0,0,67,290.9922,1.2787,1.3592,0.0,A
139,hotel/geo,2.3,28.4,1119.06,0.0,0,745,290.9922,1.5186,1.3592,0.0,A
139,hotel/jaeger,0.3,14.79,81.01,0.0,0,0,290.9922,1.2787,1.3592,0.0079,A
139,hotel/memcached-profile,0.5,7.68,79.25,0.0,0,0,290.9922,1.2787,1.3592,0.0,A
139,hotel/memcached-rate,0.47,7.57,79.25,0.0,0,0,290.9922,1.2787,1.3592,0.0,A
139,hotel/memcached-reserve,0.38,7.15,79.25,0.0,0,0,290.9922,1.2787,1.3592,0.0,A
139,hotel/mongodb-geo,11.07,63.15,400.43,0.0508,12,479,290.9922,7.3091,6.9183,0.0158,A
139,hotel/mongodb-profile,11.53,65.56,400.43,0.0469,8,490,290.9922,7.6128,6.9183,0.0158,A
139,hotel/mongodb-rate,11.69,65.05,400.43,0.0234,2,443,290.9922,7.7185,6.9183,0.0158,A
139,hotel/mongodb-recommendation,11.4,63.25,400.43,0.0508,12,466,290.9922,7.527,6.9183,0.0158,A
139,hotel/mongodb-reservation,14.26,254.21,400.43,0.6719,76,511,290.9922,9.4154,6.9183,0.0317,A
139,hotel/mongodb-user,11.08,63.47,400.43,0.0508,12,631,290.9922,7.3157,6.9183,0.0158,A
139,hotel/profile,2.04,52.14,1119.06,0.0,0,620,290.9922,1.3469,1.3592,0.0,A
139,hotel/rate,1.12,37.77,1119.14,0.0,0,589,290.9922,1.2787,1.3592,0.0,A
139,hotel/recommendation,1.36,27.89,1119.06,0.0,0,644,290.9922,1.2787,1.3592,0.0,A
139,hotel/reservation,1.36,71.91,1119.06,0.0,0,725,290.9922,1.2787,1.3592,0.0,A
139,hotel/search,0.51,32.76,1119.06,0.0,0,0,290.9922,1.2787,1.3592,0.0079,A
139,hotel/user,1.06,20.62,1119.06,0.0,0,248,290.9922,1.2787,1.3592,0.0,A
139,sn1/compose-post-service,0.02,48.04,251.42,0.0,0,0,290.9922,1.2787,1.3592,0.0,A
139,sn1/home-timeline-redis,5.11,2550.5,952.74,0.0,0,1479,290.9922,3.3739,1.3592,0.0,A
139,sn1/home-timeline-service,0.03,87.2,251.42,0.0,0,0,290.9922,1.2787,1.3592,0.0,A
139,sn1/jaeger,0.59,5667.58,75.0,0.0,0,0,290.9922,1.2787,1.3592,0.0,A
139,sn1/media-frontend,0.0,2027.57,648.43,0.0,0,0,290.9922,1.2787,1.3592,0.0,A
139,sn1/media-memcached,0.3,4.63,75.33,0.0,0,0,290.9922,1.2787,1.3592,0.0,A
139,sn1/media-mongodb,13.5,74.23,704.02,0.0,0,554,290.9922,8.9136,6.9183,0.0158,A
139,sn1/media-service,0.02,4.62,251.42,0.0,0,0,290.9922,1.2787,1.3592,0.0,A
139,sn1/nginx-thrift,1.79,44033.14,620.32,0.0,0,1498,290.9922,1.2787,1.3592,0.0,A
139,sn1/post-storage-memcached,0.72,69.93,75.33,0.0,0,415,290.9922,1.2787,1.3592,0.0,A
139,sn1/post-storage-mongodb,20.62,8188.49,4130.05,0.0039,2,600,290.9922,13.6146,6.9183,0.0238,A
139,sn1/post-storage-service,0.02,88.7,251.42,0.0,0,0,290.9922,1.2787,1.3592,0.0,A
139,sn1/social-graph-mongodb,13.7,728.47,757.02,0.0,0,834,290.9922,9.0456,6.9183,0.0158,A
139,sn1/social-graph-redis,2.68,20.29,103.57,0.0,0,1423,290.9922,1.7695,1.3592,0.0,A
139,sn1/social-graph-service,0.13,31.3,251.42,0.0,0,0,290.9922,1.2787,1.3592,0.0,A
139,sn1/text-service,0.02,45.42,251.42,0.0,0,0,290.9922,1.2787,1.3592,0.0,A
139,sn1/unique-id-service,0.03,4.68,251.42,0.0,0,0,290.9922,1.2787,1.3592,0.0,A
139,sn1/url-shorten-memcached,0.27,4.63,75.33,0.0,0,0,290.9922,1.2787,1.3592,0.0079,A
139,sn1/url-shorten-mongodb,28.42,107.17,702.87,0.0586,4,7838,1363.6413,18.7647,6.9183,0.0238,A
139,sn1/url-shorten-service,0.02,52.82,251.42,0.0,0,0,290.9922,1.2787,1.3592,0.0,A
139,sn1/user-memcached,0.38,6.32,75.33,0.0,0,0,290.9922,1.2787,1.3592,0.0,A
139,sn1/user-mention-service,0.03,6.77,251.42,0.0,0,0,290.9922,1.2787,1.3592,0.0,A
139,sn1/user-mongodb,14.42,97.47,704.78,0.0,0,554,290.9922,9.521,6.9183,0.0238,A
139,sn1/user-service,0.13,18.03,251.42,0.0,0,0,290.9922,1.2787,1.3592,0.0,A
139,sn1/user-timeline-mongodb,27.17,107.41,703.03,0.0,0,8480,1475.3353,17.9394,6.9183,0.0317,A
139,sn1/user-timeline-redis,4.85,95.17,136.86,0.0,0,1095,290.9922,3.2023,1.3592,0.0079,A
139,sn1/user-timeline-service,0.12,498.74,251.42,0.0,0,0,290.9922,1.2787,1.3592,0.0,A
140,hotel/consul,28.94,29.39,201.48,0.0,0,10577,5676.3032,9.2607,8.1867,0.0077,A
140,hotel/frontend,0.75,103.02,1119.14,0.0,0,0,290.9922,1.2787,1.3592,0.0,A
140,hotel/geo,1.04,28.4,1119.06,0.0,0,0,290.9922,1.2787,1.3592,0.0019,A
140,hotel/jaeger,0.35,14.79,81.01,0.0,0,0,290.9922,1.2787,1.3592,0.0,A
140,hotel/memcached-profile,0.43,7.68,79.25,0.0,0,0,290.9922,1.2787,1.3592,0.0,A
140,hotel/memcached-rate,0.43,7.57,79.25,0.0,0,0,290.9922,1.2787,1.3592,0.0,A
140,hotel/memcached-reserve,0.4,7.15,79.25,0.0,0,0,290.9922,1.2787,1.3592,0.0,A
140,hotel/mongodb-geo,11.38,63.18,400.43,0.0312,2,355,290.9922,3.6416,8.1867,0.0019,A
140,hotel/mongodb-profile,10.02,65.28,400.43,0.0312,2,397,290.9922,3.2064,8.1867,0.0019,A
140,hotel/mongodb-rate,9.81,64.98,400.43,0.0,0,402,290.9922,3.1392,1.3592,0.0019,A
140,hotel/mongodb-recommendation,9.99,63.16,400.43,0.0312,2,333,290.9922,3.1968,1.3592,0.0019,A
140,hotel/mongodb-reservation,11.86,253.93,400.43,0.0664,4,310,290.9922,3.7952,8.1867,0.0038,A
140,hotel/mongodb-user,11.82,63.13,400.43,0.0312,2,379,290.9922,3.7824,8.1867,0.0019,A
140,hotel/profile,1.15,52.14,1119.06,0.0,0,667,357.9554,1.2787,1.3592,0.0,A
140,hotel/rate,1.87,37.77,1119.14,0.0,0,343,290.9922,1.2787,1.3592,0.0,A
140,hotel/recommendation,1.6,27.88,1119.06,0.0,0,741,397.6686,1.2787,1.3592,0.0019,A
140,hotel/reservation,70.96,65.43,1119.06,0.0,0,272,290.9922,22.707,8.1867,0.0674,A
140,hotel/search,0.53,32.76,1119.06,0.0,0,0,290.9922,1.2787,1.3592,0.0,A
140,hotel/user,2.29,20.62,1119.06,0.0,0,622,333.8055,1.2787,1.3592,0.0,A
140,sn1/compose-post-service,0.0,47.69,251.42,0.0,0,0,290.9922,1.2787,1.3592,0.0,A
140,sn1/home-timeline-redis,5.26,2550.03,952.74,0.0,0,1469,788.3605,1.6832,1.3592,0.0,A
140,sn1/home-timeline-service,0.0,87.2,251.42,0.0,0,0,290.9922,1.2787,1.3592,0.0,A
140,sn1/jaeger,0.51,5667.58,75.0,0.0,0,0,290.9922,1.2787,1.3592,0.0,A
140,sn1/media-frontend,0.0,2027.57,648.43,0.0,0,0,290.9922,1.2787,1.3592,0.0,A
140,sn1/media-memcached,0.29,4.63,75.33,0.0,0,0,290.9922,1.2787,1.3592,0.0,A
140,sn1/media-mongodb,14.55,74.05,704.02,0.0742,8,471,290.9922,4.656,8.1867,0.0077,A
140,sn1/media-service,0.0,4.62,251.42,0.0,0,0,290.9922,1.2787,1.3592,0.0,A
140,sn1/nginx-thrift,6.83,44033.13,620.32,0.0,0,958,514.1248,2.1856,1.3592,0.0,A
140,sn1/post-storage-memcached,0.74,69.93,75.33,0.0,0,832,446.5051,1.2787,1.3592,0.0,A
140,sn1/post-storage-mongodb,15.85,8188.2,4130.05,0.0898,6,554,297.3123,5.072,8.1867,0.0058,A
140,sn1/post-storage-service,0.11,88.71,251.42,0.0,0,0,290.9922,1.2787,1.3592,0.0,A
140,sn1/social-graph-mongodb,13.72,728.47,757.02,0.0586,6,452,290.9922,4.3904,8.1867,0.0058,A
140,sn1/social-graph-redis,2.77,20.04,103.57,0.0,0,1497,803.3871,1.2787,1.3592,0.0019,A
140,sn1/social-graph-service,0.0,31.3,251.42,0.0,0,0,290.9922,1.2787,1.3592,0.0,A
140,sn1/text-service,0.0,45.42,251.42,0.0,0,0,290.9922,1.2787,1.3592,0.0,A
140,sn1/unique-id-service,0.0,4.68,251.42,0.0,0,0,290.9922,1.2787,1.3592,0.0,A
140,sn1/url-shorten-memcached,0.33,4.63,75.33,0.0,0,0,290.9922,1.2787,1.3592,0.0,A
140,sn1/url-shorten-mongodb,26.51,107.04,702.87,0.0,0,7500,4024.9857,8.4831,8.1867,0.0077,A
140,sn1/url-shorten-service,0.12,52.62,251.42,0.0,0,0,290.9922,1.2787,1.3592,0.0,A
140,sn1/user-memcached,0.36,6.32,75.33,0.0,0,0,290.9922,1.2787,1.3592,0.0,A
140,sn1/user-mention-service,0.0,6.76,251.42,0.0,0,0,290.9922,1.2787,1.3592,0.0,A
140,sn1/user-mongodb,14.64,97.47,704.78,0.0586,6,503,290.9922,4.6848,8.1867,0.0038,A
140,sn1/user-service,0.0,18.03,251.42,0.0,0,0,290.9922,1.2787,1.3592,0.0,A
140,sn1/user-timeline-mongodb,28.24,107.16,703.03,0.0195,2,7585,4070.6022,9.0367,8.1867,0.0077,A
140,sn1/user-timeline-redis,4.59,95.17,136.86,0.0,0,1428,766.3573,1.4688,1.3592,0.0019,A
140,sn1/user-timeline-service,0.0,498.73,251.42,0.0,0,0,290.9922,1.2787,1.3592,0.0,A
141,hotel/consul,28.42,29.38,201.48,0.0,0,10610,3624.7236,7.1022,8.9719,0.0489,A
141,hotel/frontend,0.53,103.02,1119.14,0.0,0,0,290.9922,1.2787,1.3592,0.0,A
141,hotel/geo,1.83,28.39,1119.06,0.0,0,647,290.9922,1.2787,1.3592,0.0122,A
141,hotel/jaeger,0.29,14.79,81.01,0.0,0,0,290.9922,1.2787,1.3592,0.0,A
141,hotel/memcached-profile,0.5,7.68,79.25,0.0,0,0,290.9922,1.2787,1.3592,0.0,A
141,hotel/memcached-rate,0.43,7.57,79.25,0.0,0,0,290.9922,1.2787,1.3592,0.0,A
141,hotel/memcached-reserve,0.38,7.15,79.25,0.0,0,0,290.9922,1.2787,1.3592,0.0,A
141,hotel/mongodb-geo,10.45,63.38,400.43,0.0,0,432,290.9922,2.6115,8.9719,0.0245,A
141,hotel/mongodb-profile,10.09,65.22,400.43,0.0,0,484,290.9922,2.5215,8.9719,0.0245,A
141,hotel/mongodb-rate,11.4,65.36,400.43,0.0234,2,540,290.9922,2.8489,8.9719,0.0245,A
141,hotel/mongodb-recommendation,10.38,63.2,400.43,0.0,0,638,290.9922,2.594,8.9719,0.0367,A
141,hotel/mongodb-reservation,9.88,254.12,400.43,0.0,0,403,290.9922,2.469,1.3592,0.0367,A
141,hotel/mongodb-user,9.87,63.41,400.43,0.0,0,439,290.9922,2.4665,1.3592,0.0245,A
141,hotel/profile,1.72,52.14,1119.06,0.0,0,846,290.9922,1.2787,1.3592,0.0122,A
141,hotel/rate,1.23,37.77,1119.14,0.0,0,657,290.9922,1.2787,1.3592,0.0,A
141,hotel/recommendation,1.36,27.89,1119.06,0.0,0,658,290.9922,1.2787,1.3592,0.0,A
141,hotel/reservation,1.35,65.36,1119.06,0.0,0,391,290.9922,1.2787,1.3592,0.0,A
141,hotel/search,0.99,33.01,1119.06,0.0,0,61,290.9922,1.2787,1.3592,0.0,A
141,hotel/user,1.1,20.62,1119.06,0.0,0,531,290.9922,1.2787,1.3592,0.0122,A
141,sn1/compose-post-service,0.04,47.44,251.42,0.0,0,0,290.9922,1.2787,1.3592,0.0,A
141,sn1/home-timeline-redis,4.92,2550.28,952.74,0.0,0,1205,411.6675,1.2787,1.3592,0.0122,A
141,sn1/home-timeline-service,0.02,87.2,251.42,0.0,0,0,290.9922,1.2787,1.3592,0.0,A
141,sn1/jaeger,0.55,5667.58,75.0,0.0,0,0,290.9922,1.2787,1.3592,0.0,A
141,sn1/media-frontend,0.0,2027.57,648.43,0.0,0,0,290.9922,1.2787,1.3592,0.0,A
141,sn1/media-memcached,0.3,4.63,75.33,0.0,0,0,290.9922,1.2787,1.3592,0.0,A
141,sn1/media-mongodb,13.48,74.42,704.02,0.0938,20,542,290.9922,3.3687,8.9719,0.0245,A
141,sn1/media-service,0.02,4.62,251.42,0.0,0,0,290.9922,1.2787,1.3592,0.0,A
141,sn1/nginx-thrift,1.82,44033.12,620.32,0.0,0,1627,555.8365,1.2787,1.3592,0.0122,A
141,sn1/post-storage-memcached,0.7,69.93,75.33,0.0,0,847,290.9922,1.2787,1.3592,0.0,A
141,sn1/post-storage-mongodb,12.31,8188.38,4130.05,0.0,0,607,290.9922,3.0763,8.9719,0.0367,A
141,sn1/post-storage-service,0.02,88.7,251.42,0.0,0,0,290.9922,1.2787,1.3592,0.0,A
141,sn1/social-graph-mongodb,14.15,728.47,757.02,1.5898,46,716,290.9922,3.5361,8.9719,0.0367,A
141,sn1/social-graph-redis,2.72,20.29,103.57,0.0,0,1431,488.8765,1.2787,1.3592,0.0,A
141,sn1/social-graph-service,0.11,31.3,251.42,0.0,0,0,290.9922,1.2787,1.3592,0.0,A
141,sn1/text-service,0.03,45.42,251.42,0.0,0,0,290.9922,1.2787,1.3592,0.0,A
141,sn1/unique-id-service,0.03,4.68,251.42,0.0,0,0,290.9922,1.2787,1.3592,0.0,A
141,sn1/url-shorten-memcached,0.32,4.63,75.33,0.0,0,0,290.9922,1.2787,1.3592,0.0,A
141,sn1/url-shorten-mongodb,29.18,106.86,702.87,0.0469,2,7820,2671.5682,7.2921,8.9719,0.0489,A
141,sn1/url-shorten-service,0.03,52.39,251.42,0.0,0,0,290.9922,1.2787,1.3592,0.0,A
141,sn1/user-memcached,0.34,6.32,75.33,0.0,0,0,290.9922,1.2787,1.3592,0.0,A
141,sn1/user-mention-service,0.02,6.76,251.42,0.0,0,0,290.9922,1.2787,1.3592,0.0,A
141,sn1/user-mongodb,13.53,97.47,704.78,0.457,36,616,290.9922,3.3812,8.9719,0.0245,A
141,sn1/user-service,0.12,18.03,251.42,0.0,0,0,290.9922,1.2787,1.3592,0.0,A
141,sn1/user-timeline-mongodb,27.97,107.36,703.03,0.0,0,10595,3619.5991,6.9898,8.9719,0.0489,A
141,sn1/user-timeline-redis,4.79,95.1,136.86,0.0,0,1489,508.6912,1.2787,1.3592,0.0122,A
141,sn1/user-timeline-service,0.13,498.74,251.42,0.0,0,0,290.9922,1.2787,1.3592,0.0,A
142,hotel/consul,28.86,29.38,201.48,0.0,0,10404,7228.8524,5.8379,6.5348,0.0241,A
142,hotel/frontend,0.53,103.02,1119.14,0.0,0,0,290.9922,1.2787,1.3592,0.0,A
142,hotel/geo,1.13,28.39,1119.06,0.0,0,522,362.6933,1.2787,1.3592,0.006,A
142,hotel/jaeger,0.28,14.79,81.01,0.0,0,0,290.9922,1.2787,1.3592,0.0,A
142,hotel/memcached-profile,0.47,7.68,79.25,0.0,0,0,290.9922,1.2787,1.3592,0.0,A
142,hotel/memcached-rate,0.42,7.57,79.25,0.0,0,0,290.9922,1.2787,1.3592,0.0,A
142,hotel/memcached-reserve,0.36,7.15,79.25,0.0,0,0,290.9922,1.2787,1.3592,0.0,A
142,hotel/mongodb-geo,11.73,63.28,400.43,0.0312,2,411,290.9922,2.3728,6.5348,0.006,A
142,hotel/mongodb-profile,11.73,65.28,400.43,0.0312,2,387,290.9922,2.3728,6.5348,0.0121,A
142,hotel/mongodb-rate,10.38,65.13,400.43,0.0,0,548,380.7585,2.0997,6.5348,0.0121,A
142,hotel/mongodb-recommendation,11.98,63.23,400.43,0.0312,2,499,346.7125,2.4234,6.5348,0.0181,A
142,hotel/mongodb-reservation,11.82,254.05,400.43,0.0391,2,492,341.8488,2.391,6.5348,0.0181,A
142,hotel/mongodb-user,11.98,63.32,400.43,0.0586,4,496,344.6281,2.4234,6.5348,0.0181,A
142,hotel/profile,1.17,52.14,1119.06,0.0,0,638,443.2918,1.2787,1.3592,0.0,A
142,hotel/rate,1.93,37.77,1119.14,0.0,0,488,339.0696,1.2787,1.3592,0.006,A
142,hotel/recommendation,1.64,27.88,1119.06,0.0,0,902,626.7229,1.2787,1.3592,0.0,A
142,hotel/reservation,1.71,65.11,1119.06,0.0,0,791,549.5984,1.2787,1.3592,0.006,A
142,hotel/search,0.48,32.76,1119.06,0.0,0,0,290.9922,1.2787,1.3592,0.006,A
142,hotel/user,1.84,20.62,1119.06,0.0,0,827,574.6118,1.2787,1.3592,0.0,A
142,sn1/compose-post-service,0.0,47.44,251.42,0.0,0,0,290.9922,1.2787,1.3592,0.0,A
142,sn1/home-timeline-redis,4.83,2550.28,952.74,0.0,0,1462,1015.8191,1.2787,1.3592,0.0121,A
142,sn1/home-timeline-service,0.0,87.2,251.42,0.0,0,0,290.9922,1.2787,1.3592,0.0,A
142,sn1/jaeger,0.54,5667.58,75.0,0.0,0,0,290.9922,1.2787,1.3592,0.0,A
142,sn1/media-frontend,0.0,2027.57,648.43,0.0,0,0,290.9922,1.2787,1.3592,0.0,A
142,sn1/media-memcached,0.3,4.63,75.33,0.0,0,0,290.9922,1.2787,1.3592,0.0,A
142,sn1/media-mongodb,14.18,74.17,704.02,0.0195,2,438,304.3288,2.8684,6.5348,0.0181,A
142,sn1/media-service,0.0,4.62,251.42,0.0,0,0,290.9922,1.2787,1.3592,0.0,A
142,sn1/nginx-thrift,6.74,44033.12,620.32,0.0,0,1628,1131.1584,1.3634,1.3592,0.006,A
142,sn1/post-storage-memcached,0.67,69.93,75.33,0.0,0,792,550.2933,1.2787,1.3592,0.0,A
142,sn1/post-storage-mongodb,15.22,8188.64,4130.05,0.0273,6,650,451.6296,3.0787,6.5348,0.0121,A
142,sn1/post-storage-service,0.13,88.71,251.42,0.0,0,0,290.9922,1.2787,1.3592,0.0,A
142,sn1/social-graph-mongodb,15.32,728.32,757.02,0.0195,2,577,400.9081,3.099,6.5348,0.0181,A
142,sn1/social-graph-redis,2.67,20.29,103.57,0.0,0,1462,1015.8191,1.2787,1.3592,0.0,A
142,sn1/social-graph-service,0.0,31.3,251.42,0.0,0,0,290.9922,1.2787,1.3592,0.0,A
142,sn1/text-service,0.0,45.42,251.42,0.0,0,0,290.9922,1.2787,1.3592,0.0,A
142,sn1/unique-id-service,0.0,4.68,251.42,0.0,0,0,290.9922,1.2787,1.3592,0.0,A
142,sn1/url-shorten-memcached,0.27,4.63,75.33,0.0,0,0,290.9922,1.2787,1.3592,0.0,A
142,sn1/url-shorten-mongodb,27.24,107.03,702.87,0.0,0,8576,5958.7311,5.5102,6.5348,0.0241,A
142,sn1/url-shorten-service,0.07,52.09,251.42,0.0,0,0,290.9922,1.2787,1.3592,0.0,A
142,sn1/user-memcached,0.36,6.32,75.33,0.0,0,0,290.9922,1.2787,1.3592,0.0,A
142,sn1/user-mention-service,0.0,6.76,251.42,0.0,0,0,290.9922,1.2787,1.3592,0.0,A
142,sn1/user-mongodb,15.29,97.47,704.78,0.0195,2,527,366.1674,3.0929,6.5348,0.0121,A
142,sn1/user-service,0.0,18.03,251.42,0.0,0,0,290.9922,1.2787,1.3592,0.0,A
142,sn1/user-timeline-mongodb,28.99,107.11,703.03,0.0195,2,5265,3658.1995,5.8642,6.5348,0.0241,A
142,sn1/user-timeline-redis,4.66,95.1,136.86,0.0,0,1471,1022.0725,1.2787,1.3592,0.006,A
142,sn1/user-timeline-service,0.0,498.74,251.42,0.0,0,0,290.9922,1.2787,1.3592,0.0,A
143,hotel/consul,29.51,29.14,201.48,0.0,0,11730,2484.0884,7.1582,6.1072,0.0294,A
143,hotel/frontend,0.54,103.02,1119.14,0.0,0,0,290.9922,1.2787,1.3592,0.0,A
143,hotel/geo,1.9,28.39,1119.06,0.0,0,869,290.9922,1.2787,1.3592,0.0,A
143,hotel/jaeger,0.29,14.79,81.01,0.0,0,0,290.9922,1.2787,1.3592,0.0,A
143,hotel/memcached-profile,0.44,7.68,79.25,0.0,0,0,290.9922,1.2787,1.3592,0.0,A
143,hotel/memcached-rate,0.46,7.57,79.25,0.0,0,0,290.9922,1.2787,1.3592,0.0,A
143,hotel/memcached-reserve,0.37,7.15,79.25,0.0,0,0,290.9922,1.2787,1.3592,0.0,A
143,hotel/mongodb-geo,10.74,63.46,400.43,0.0,0,418,290.9922,2.6052,6.1072,0.022,A
143,hotel/mongodb-profile,10.54,65.31,400.43,0.0,0,349,290.9922,2.5567,6.1072,0.0147,A
143,hotel/mongodb-rate,11.77,64.93,400.43,0.0234,2,371,290.9922,2.855,6.1072,0.0147,A
143,hotel/mongodb-recommendation,10.43,63.25,400.43,0.0,0,438,290.9922,2.53,6.1072,0.0073,A
143,hotel/mongodb-reservation,10.48,253.97,400.43,0.0,0,532,290.9922,2.5421,6.1072,0.0073,A
143,hotel/mongodb-user,10.06,63.41,400.43,0.0,0,545,290.9922,2.4402,6.1072,0.0147,A
143,hotel/profile,2.26,52.9,1119.06,0.0,0,833,290.9922,1.2787,1.3592,0.0,A
143,hotel/rate,1.25,37.77,1119.14,0.0,0,629,290.9922,1.2787,1.3592,0.0073,A
143,hotel/recommendation,1.32,27.89,1119.06,0.0,0,748,290.9922,1.2787,1.3592,0.0073,A
143,hotel/reservation,1.46,65.11,1119.06,0.0,0,857,290.9922,1.2787,1.3592,0.0,A
143,hotel/search,0.84,32.76,1119.06,0.0,0,0,290.9922,1.2787,1.3592,0.0,A
143,hotel/user,1.1,20.62,1119.06,0.0,0,564,290.9922,1.2787,1.3592,0.0,A
143,sn1/compose-post-service,0.02,47.44,251.42,0.0,0,0,290.9922,1.2787,1.3592,0.0,A
143,sn1/home-timeline-redis,5.08,2550.03,952.74,0.0,0,1443,305.5874,1.2787,1.3592,0.0,A
143,sn1/home-timeline-service,0.02,87.2,251.42,0.0,0,0,290.9922,1.2787,1.3592,0.0,A
143,sn1/jaeger,0.57,5667.58,75.0,0.0,0,0,290.9922,1.2787,1.3592,0.0,A
143,sn1/media-frontend,0.0,2027.57,648.43,0.0,0,0,290.9922,1.2787,1.3592,0.0,A
143,sn1/media-memcached,0.29,4.63,75.33,0.0,0,0,290.9922,1.2787,1.3592,0.0,A
143,sn1/media-mongodb,13.62,74.29,704.02,0.0,0,673,290.9922,3.3038,6.1072,0.0294,A
143,sn1/media-service,0.03,4.62,251.42,0.0,0,0,290.9922,1.2787,1.3592,0.0,A
143,sn1/nginx-thrift,1.86,44033.11,620.32,0.0,0,1539,325.9175,1.2787,1.3592,0.0,A
143,sn1/post-storage-memcached,0.72,69.88,75.33,0.0,0,800,290.9922,1.2787,1.3592,0.0,A
143,sn1/post-storage-mongodb,13.99,8188.58,4130.05,0.0,0,499,290.9922,3.3935,6.1072,0.022,A
143,sn1/post-storage-service,0.03,88.55,251.42,0.0,0,0,290.9922,1.2787,1.3592,0.0,A
143,sn1/social-graph-mongodb,14.25,728.17,757.02,0.0,0,652,290.9922,3.4566,6.1072,0.0147,A
143,sn1/social-graph-redis,2.72,20.29,103.57,0.0,0,1449,306.858,1.2787,1.3592,0.0,A
143,sn1/social-graph-service,0.13,31.3,251.42,0.0,0,0,290.9922,1.2787,1.3592,0.0,A
143,sn1/text-service,0.02,45.42,251.42,0.0,0,0,290.9922,1.2787,1.3592,0.0,A
143,sn1/unique-id-service,0.03,4.68,251.42,0.0,0,0,290.9922,1.2787,1.3592,0.0,A
143,sn1/url-shorten-memcached,0.28,4.63,75.33,0.0,0,0,290.9922,1.2787,1.3592,0.0,A
143,sn1/url-shorten-mongodb,30.43,107.35,702.87,0.0039,2,5919,1253.4799,7.3813,6.1072,0.0367,A
143,sn1/url-shorten-service,0.02,51.46,251.42,0.0,0,0,290.9922,1.2787,1.3592,0.0,A
143,sn1/user-memcached,0.37,6.32,75.33,0.0,0,0,290.9922,1.2787,1.3592,0.0,A
143,sn1/user-mention-service,0.03,6.75,251.42,0.0,0,0,290.9922,1.2787,1.3592,0.0,A
143,sn1/user-mongodb,14.2,97.41,704.78,0.0,0,706,290.9922,3.4445,6.1072,0.0147,A
143,sn1/user-service,0.13,18.03,251.42,0.0,0,0,290.9922,1.2787,1.3592,0.0,A
143,sn1/user-timeline-mongodb,27.88,107.11,703.03,0.0,0,8536,1807.6879,6.7628,6.1072,0.0294,A
143,sn1/user-timeline-redis,4.54,95.1,136.86,0.0,0,1381,292.4575,1.2787,1.3592,0.0,A
143,sn1/user-timeline-service,0.13,498.74,251.42,0.0,0,0,290.9922,1.2787,1.3592,0.0,A
144,hotel/consul,29.33,29.15,201.48,0.0,0,12625,4788.0055,5.5154,6.161,0.0365,A
144,hotel/frontend,0.51,103.02,1119.14,0.0,0,0,290.9922,1.2787,1.3592,0.0,A
144,hotel/geo,1.19,28.39,1119.06,0.0,0,565,290.9922,1.2787,1.3592,0.0091,A
144,hotel/jaeger,0.28,14.79,81.01,0.0,0,0,290.9922,1.2787,1.3592,0.0,A
144,hotel/memcached-profile,0.46,7.68,79.25,0.0,0,0,290.9922,1.2787,1.3592,0.0,A
144,hotel/memcached-rate,0.43,7.57,79.25,0.0,0,0,290.9922,1.2787,1.3592,0.0,A
144,hotel/memcached-reserve,0.36,7.15,79.25,0.0,0,0,290.9922,1.2787,1.3592,0.0,A
144,hotel/mongodb-geo,11.89,63.25,400.43,0.0586,4,397,290.9922,2.2359,6.161,0.0091,A
144,hotel/mongodb-profile,11.81,65.22,400.43,0.0312,2,401,290.9922,2.2208,6.161,0.0091,A
144,hotel/mongodb-rate,10.61,65.37,400.43,0.0,0,751,290.9922,1.9952,6.161,0.0274,A
144,hotel/mongodb-recommendation,11.79,63.23,400.43,0.0469,4,717,290.9922,2.2171,6.161,0.0182,A
144,hotel/mongodb-reservation,12.12,254.37,400.43,0.0391,2,470,290.9922,2.2791,6.161,0.0182,A
144,hotel/mongodb-user,11.85,63.57,400.43,0.0312,2,391,290.9922,2.2284,6.161,0.0091,A
144,hotel/profile,1.31,52.15,1119.06,0.0,0,681,290.9922,1.2787,1.3592,0.0,A
144,hotel/rate,2.19,37.79,1119.14,0.0,0,692,290.9922,1.2787,1.3592,0.0,A
144,hotel/recommendation,1.95,27.88,1119.06,0.0,0,907,343.9779,1.2787,1.3592,0.0,A
144,hotel/reservation,1.51,65.11,1119.06,0.0,0,389,290.9922,1.2787,1.3592,0.0,A
144,hotel/search,0.5,32.76,1119.06,0.0,0,0,290.9922,1.2787,1.3592,0.0,A
144,hotel/user,1.7,20.87,1119.06,0.0,0,779,295.4342,1.2787,1.3592,0.0,A
144,sn1/compose-post-service,0.0,47.43,251.42,0.0,0,0,290.9922,1.2787,1.3592,0.0,A
144,sn1/home-timeline-redis,4.89,2550.03,952.74,0.0,0,1447,548.7718,1.2787,1.3592,0.0,A
144,sn1/home-timeline-service,0.0,87.2,251.42,0.0,0,0,290.9922,1.2787,1.3592,0.0,A
144,sn1/jaeger,0.57,5667.58,75.0,0.0,0,0,290.9922,1.2787,1.3592,0.0091,A
144,sn1/media-frontend,0.0,2027.57,648.43,0.0,0,0,290.9922,1.2787,1.3592,0.0,A
144,sn1/media-memcached,0.28,4.63,75.33,0.0,0,0,290.9922,1.2787,1.3592,0.0,A
144,sn1/media-mongodb,14.59,74.17,704.02,0.0234,4,561,290.9922,2.7436,6.161,0.0274,A
144,sn1/media-service,0.0,4.62,251.42,0.0,0,0,290.9922,1.2787,1.3592,0.0,A
144,sn1/nginx-thrift,6.74,44033.11,620.32,0.0,0,1151,436.5144,1.2787,1.3592,0.0091,A
144,sn1/post-storage-memcached,0.71,69.88,75.33,0.0,0,829,314.3966,1.2787,1.3592,0.0,A
144,sn1/post-storage-mongodb,15.13,8188.45,4130.05,0.0234,2,481,290.9922,2.8451,6.161,0.0365,A
144,sn1/post-storage-service,0.11,88.55,251.42,0.0,0,0,290.9922,1.2787,1.3592,0.0,A
144,sn1/social-graph-mongodb,14.61,728.48,757.02,0.0273,4,574,290.9922,2.7474,6.161,0.0182,A
144,sn1/social-graph-redis,2.68,20.29,103.57,0.0,0,1235,468.3712,1.2787,1.3592,0.0,A
144,sn1/social-graph-service,0.0,31.3,251.42,0.0,0,0,290.9922,1.2787,1.3592,0.0,A
144,sn1/text-service,0.0,45.42,251.42,0.0,0,0,290.9922,1.2787,1.3592,0.0,A
144,sn1/unique-id-service,0.0,4.68,251.42,0.0,0,0,290.9922,1.2787,1.3592,0.0,A
144,sn1/url-shorten-memcached,0.29,4.63,75.33,0.0,0,0,290.9922,1.2787,1.3592,0.0,A
144,sn1/url-shorten-mongodb,27.64,107.16,702.87,0.0,0,6438,2441.5984,5.1976,6.161,0.0274,A
144,sn1/url-shorten-service,0.09,51.18,251.42,0.0,0,0,290.9922,1.2787,1.3592,0.0,A
144,sn1/user-memcached,0.37,6.32,75.33,0.0,0,0,290.9922,1.2787,1.3592,0.0,A
144,sn1/user-mention-service,0.0,6.75,251.42,0.0,0,0,290.9922,1.2787,1.3592,0.0,A
144,sn1/user-mongodb,15.58,97.47,704.78,0.0312,6,528,290.9922,2.9298,6.161,0.0182,A
144,sn1/user-service,0.0,18.03,251.42,0.0,0,0,290.9922,1.2787,1.3592,0.0,A
144,sn1/user-timeline-mongodb,29.22,107.46,703.03,0.0586,8,4557,1728.233,5.4947,6.161,0.0456,A
144,sn1/user-timeline-redis,4.51,95.1,136.86,0.0,0,1408,533.9811,1.2787,1.3592,0.0,A
144,sn1/user-timeline-service,0.0,498.73,251.42,0.0,0,0,290.9922,1.2787,1.3592,0.0,A
