window_index,pod_name,cpu_usage_mcores,ram_usage_mi,disk_space_mb,disk_usage_mb,disk_ios,cpu_psi_some_us,sched_total_ms,dstate_total_ms,softirq_total_ms,pod_cpu_watts,tier
1,es-stress-d/elasticsearch-dynamic-0,12.4,1563.69,1414.09,0.0,0,1449,711.7924,11.3512,5.0616,0.0685,A
1,hotel2/mongodb-reservation,11.45,278.86,400.43,0.0,0,537,318.7058,3.8064,5.0616,0.0489,A
1,hotel2/mongodb-user,11.26,161.02,400.43,0.0,0,395,318.7058,3.0946,5.0616,0.0489,A
1,hotel2/profile,1.73,30.35,1119.06,0.0,0,637,318.7058,1.4005,1.4887,0.0098,A
1,hotel2/rate,1.76,21.87,1119.14,0.0,0,550,318.7058,1.4005,1.4887,0.0098,A
1,hotel2/recommendation,1.61,14.71,1119.06,0.0,0,598,318.7058,1.4005,1.4887,0.0098,A
1,hotel2/reservation,1.53,74.31,1119.06,0.0,0,673,330.5978,1.4005,5.0616,0.0,A
1,hotel2/search,0.41,19.37,1119.06,0.0,0,0,318.7058,1.4005,1.4887,0.0,A
1,hotel2/user,3.55,13.09,1119.06,0.0,0,705,346.3172,1.4005,1.4887,0.0,A
1,hotel2/mongodb-recommendation,11.55,160.88,400.43,0.0,0,444,318.7058,3.1498,5.0616,0.0489,A
1,hotel2/mongodb-rate,11.17,165.34,400.43,0.0,0,462,318.7058,3.102,5.0616,0.0489,A
1,hotel2/mongodb-geo,10.97,162.26,400.43,0.0,0,669,328.6329,3.0458,5.0616,0.0489,A
1,hotel2/mongodb-profile,11.37,162.89,400.43,0.0,0,571,318.7058,3.1266,5.0616,0.0391,A
1,es-stress-d3/elasticsearch-dynamic-0,12.65,1559.48,1414.09,0.0,0,1700,835.0911,11.3753,5.0616,0.0881,A
1,es-stress-d4/elasticsearch-dynamic-0,8.15,1574.91,1414.09,0.0,0,2156,1059.0921,10.5956,5.0616,0.0587,A
1,hotel1/consul,29.36,27.95,212.87,0.0,0,10534,5174.6177,5.8237,5.0616,0.0978,A
1,hotel1/frontend,0.51,55.96,1119.14,0.0,0,0,318.7058,1.4005,5.0616,0.0,A
1,hotel1/geo,2.02,15.07,1119.06,0.0,0,774,380.2121,1.4005,1.4887,0.0196,A
1,hotel1/jaeger,0.3,14.83,81.01,0.0,0,0,318.7058,1.4005,1.4887,0.0,A
1,hotel1/memcached-profile,0.46,7.49,79.27,0.0,0,0,318.7058,1.4005,1.4887,0.0,A
1,hotel1/memcached-rate,0.42,7.43,79.27,0.0,0,0,318.7058,1.4005,1.4887,0.0,A
1,hotel1/memcached-reserve,0.36,7.02,79.27,0.0,0,0,318.7058,1.4005,1.4887,0.0,A
1,hotel1/mongodb-geo,13.42,162.0,400.43,0.0195,1,519,318.7058,3.5169,5.0616,0.0489,A
1,hotel1/mongodb-profile,13.26,162.58,400.43,0.0195,1,384,318.7058,3.4894,5.0616,0.0391,A
1,hotel1/mongodb-rate,9.88,163.61,400.43,0.0,0,498,318.7058,2.8433,5.0616,0.0391,A
1,hotel1/mongodb-recommendation,11.31,160.89,400.43,0.0,0,596,318.7058,3.1035,5.0616,0.0391,A
1,hotel1/mongodb-reservation,12.71,272.01,400.43,0.0195,1,513,318.7058,4.0103,5.0616,0.0489,A
1,es-stress-d2/elasticsearch-dynamic-0,11.26,1571.18,1414.09,0.0,0,1961,963.3022,11.1742,5.0616,0.0685,A
1,hotel2/geo,1.22,15.83,1119.06,0.0,0,482,318.7058,1.4005,1.4887,0.0098,A
1,hotel1/profile,1.17,23.02,1119.06,0.0,0,514,318.7058,1.4005,1.4887,0.0,A
1,hotel1/rate,1.11,21.41,1119.14,0.0,0,550,318.7058,1.4005,1.4887,0.0098,A
1,hotel1/recommendation,1.05,14.23,1119.06,0.0,0,207,318.7058,1.4005,1.4887,0.0098,A
1,hotel1/reservation,1.24,72.24,1119.06,0.0,0,668,328.1417,1.4005,5.0616,0.0,A
1,hotel1/search,0.51,18.15,1119.06,0.0,0,0,318.7058,1.4005,1.4887,0.0,A
1,hotel1/user,1.66,12.86,1119.06,0.0,0,489,318.7058,1.4005,1.4887,0.0,A
1,hotel2/consul,30.11,27.57,212.87,0.0,0,10714,5263.0391,5.9662,5.0616,0.108,A
1,hotel2/frontend,0.92,62.88,1119.14,0.0,0,91,318.7058,1.4005,5.0616,0.0098,A
1,hotel1/mongodb-user,11.66,162.34,400.43,0.0,0,650,319.2996,3.1794,5.0616,0.0489,A
1,hotel2/jaeger,0.34,14.6,81.01,0.0,0,0,318.7058,1.4005,1.4887,0.0,A
1,hotel2/memcached-profile,0.4,7.65,79.27,0.0,0,0,318.7058,1.4005,1.4887,0.0,A
1,hotel2/memcached-rate,0.44,7.44,79.27,0.0,0,0,318.7058,1.4005,1.4887,0.0,A
1,hotel2/memcached-reserve,0.39,7.08,79.27,0.0,0,0,318.7058,1.4005,1.4887,0.0,A
2,hotel2/mongodb-recommendation,14.06,160.8,400.43,0.0742,16,450,318.7058,5.8457,4.8474,0.05,A
2,hotel2/user,1.65,13.09,1119.06,0.0,0,802,318.7058,1.4005,1.4887,0.0,A
2,hotel2/mongodb-reservation,13.89,278.89,400.43,0.0742,14,540,318.7058,7.0696,4.8474,0.0667,A
2,hotel2/reservation,1.36,74.31,1119.06,0.0,0,698,318.7058,1.4005,4.8474,0.0167,A
2,hotel2/recommendation,1.21,14.7,1119.06,0.0,0,317,318.7058,1.4005,1.4887,0.0,A
2,hotel2/rate,11.8,23.92,1119.14,0.0,0,533,318.7058,3.7086,4.8474,0.0,A
2,hotel2/profile,26.91,32.11,1119.06,0.0,0,323,318.7058,8.2156,4.8474,0.0167,A
2,hotel2/mongodb-user,14.61,161.34,400.43,0.0664,14,544,318.7058,6.0124,4.8474,0.0667,A
2,hotel2/search,0.39,19.37,1119.06,0.0,0,0,318.7058,1.4005,1.4887,0.0,A
2,hotel2/mongodb-rate,12.23,165.34,400.43,0.0625,12,514,318.7058,5.3596,4.8474,0.0834,A
2,hotel1/mongodb-reservation,12.84,272.2,400.43,0.0508,7,553,318.7058,6.6904,4.8474,0.05,A
2,hotel2/mongodb-geo,13.34,162.23,400.43,0.0859,16,551,318.7058,5.6506,4.8474,0.05,A
2,hotel2/mongodb-profile,13.57,162.91,400.43,0.0859,18,495,318.7058,5.7252,4.8474,0.0834,A
2,es-stress-d2/elasticsearch-dynamic-0,10.23,1570.74,1414.09,0.0312,8,1621,318.7058,19.9316,4.8474,0.0167,A
2,es-stress-d3/elasticsearch-dynamic-0,8.87,1559.47,1414.09,0.0195,8,1945,318.7058,19.4123,4.8474,0.0333,A
2,es-stress-d4/elasticsearch-dynamic-0,14.93,1575.16,1414.09,0.0,0,1642,318.7058,21.3537,4.8474,0.0167,A
2,hotel1/consul,34.25,25.85,212.87,0.0,0,11071,1599.5575,10.2945,4.8474,0.133,A
2,hotel1/frontend,1.05,56.7,1119.14,0.0,0,0,318.7058,1.4005,4.8474,0.0,A
2,hotel1/geo,1.26,14.82,1119.06,0.0,0,678,318.7058,1.4005,1.4887,0.0,A
2,hotel1/jaeger,0.29,14.83,81.01,0.0,0,0,318.7058,1.4005,1.4887,0.0,A
2,hotel1/memcached-profile,0.43,7.49,79.27,0.0,0,0,318.7058,1.4005,1.4887,0.0,A
2,hotel1/memcached-rate,0.42,7.43,79.27,0.0,0,0,318.7058,1.4005,1.4887,0.0,A
2,hotel1/memcached-reserve,0.36,7.02,79.27,0.0,0,0,318.7058,1.4005,1.4887,0.0,A
2,hotel1/mongodb-geo,11.96,161.45,400.43,0.0469,9,740,318.7058,5.2386,4.8474,0.05,A
2,hotel1/mongodb-profile,12.57,162.62,400.43,0.0469,7,587,318.7058,5.4296,4.8474,0.05,A
2,hotel1/mongodb-rate,13.74,163.62,400.43,0.0625,8,528,318.7058,5.7826,4.8474,0.05,A
2,hotel1/mongodb-recommendation,14.42,160.89,400.43,0.0664,10,531,318.7058,5.952,4.8474,0.05,A
2,es-stress-d/elasticsearch-dynamic-0,11.16,1563.43,1414.09,0.0,0,1920,318.7058,20.1247,4.8474,0.05,A
2,hotel1/mongodb-user,13.5,162.38,400.43,0.0664,10,520,318.7058,5.699,4.8474,0.0667,A
2,hotel2/memcached-rate,0.48,7.44,79.27,0.0,0,0,318.7058,1.4005,1.4887,0.0,A
2,hotel2/memcached-profile,0.4,7.65,79.27,0.0,0,0,318.7058,1.4005,1.4887,0.0,A
2,hotel2/jaeger,0.34,14.6,81.01,0.0,0,0,318.7058,1.4005,1.4887,0.0,A
2,hotel2/geo,7.08,18.37,1119.06,0.0,0,555,318.7058,2.2685,1.4887,0.0,A
2,hotel2/frontend,0.42,62.88,1119.14,0.0,0,0,318.7058,1.4005,4.8474,0.0,A
2,hotel2/consul,29.56,27.32,212.87,0.0,0,12744,1841.2755,8.9388,4.8474,0.133,A
2,hotel2/memcached-reserve,0.4,7.08,79.27,0.0,0,0,318.7058,1.4005,1.4887,0.0,A
2,hotel1/search,0.51,18.15,1119.06,0.0,0,0,318.7058,1.4005,1.4887,0.0,A
2,hotel1/reservation,1.41,72.24,1119.06,0.0,0,541,318.7058,1.4005,4.8474,0.0167,A
2,hotel1/recommendation,1.53,14.23,1119.06,0.0,0,490,318.7058,1.4005,1.4887,0.0,A
2,hotel1/rate,1.72,21.41,1119.14,0.0,0,641,318.7058,1.4005,1.4887,0.0,A
2,hotel1/profile,1.86,23.04,1119.06,0.0,0,529,318.7058,1.4005,1.4887,0.0,A
2,hotel1/user,1.21,12.86,1119.06,0.0,0,326,318.7058,1.4005,1.4887,0.0,A
3,hotel2/user,1.22,12.84,1119.06,0.0,0,300,318.7058,1.4005,1.4887,0.0,A
3,hotel2/search,9.46,18.61,1119.06,0.0,0,54,318.7058,1.4005,1.4887,0.0,A
3,hotel2/rate,1.84,21.83,1119.14,0.0,0,703,318.7058,1.4005,1.4887,0.0066,A
3,hotel2/recommendation,7.64,14.74,1119.06,0.0,0,433,318.7058,1.4005,1.4887,0.0033,A
3,hotel2/profile,1.36,29.34,1119.06,0.0,0,638,318.7058,1.4005,1.4887,0.0,A
3,hotel2/mongodb-user,11.05,161.09,400.43,0.0,0,656,318.7058,1.4005,6.3442,0.0131,A
3,hotel2/mongodb-reservation,11.28,279.05,400.43,0.0,0,675,318.7058,1.4005,6.3442,0.0131,A
3,hotel2/reservation,1.43,74.31,1119.06,0.0,0,768,318.7058,1.4005,6.3442,0.0,A
3,hotel2/mongodb-recommendation,11.99,160.88,400.43,0.0,0,578,318.7058,1.4005,6.3442,0.0131,A
3,hotel2/mongodb-rate,11.29,165.21,400.43,0.0,0,416,318.7058,1.4005,6.3442,0.0131,A
3,hotel1/mongodb-reservation,13.2,271.88,400.43,0.0195,1,472,318.7058,1.4005,6.3442,0.0164,A
3,hotel2/mongodb-geo,11.66,161.93,400.43,0.0,0,508,318.7058,1.4005,6.3442,0.0164,A
3,es-stress-d2/elasticsearch-dynamic-0,225.39,2910.53,1414.09,0.0,0,1548,590.9362,14.9747,6.3442,0.023,A
3,es-stress-d3/elasticsearch-dynamic-0,222.62,2821.1,1414.09,0.0,0,1017,388.2313,14.644,6.3442,0.0164,A
3,es-stress-d4/elasticsearch-dynamic-0,216.13,2855.48,1414.09,0.0,0,1745,666.1393,14.5359,6.3442,0.0197,A
3,hotel1/consul,30.14,25.86,212.87,0.0,0,9528,3637.2351,1.4005,6.3442,0.0394,A
3,hotel1/frontend,34.73,55.26,1119.14,0.0,0,62,318.7058,1.4005,6.3442,0.0,A
3,hotel1/geo,6.96,15.18,1119.06,0.0,0,595,318.7058,1.4005,1.4887,0.0033,A
3,hotel1/jaeger,0.33,14.83,81.01,0.0,0,0,318.7058,1.4005,1.4887,0.0,A
3,hotel1/memcached-profile,0.44,7.49,79.27,0.0,0,0,318.7058,1.4005,1.4887,0.0,A
3,hotel1/memcached-rate,0.39,7.43,79.27,0.0,0,0,318.7058,1.4005,1.4887,0.0,A
3,hotel1/memcached-reserve,0.37,7.02,79.27,0.0,0,0,318.7058,1.4005,1.4887,0.0,A
3,hotel1/mongodb-geo,13.26,161.7,400.43,0.0195,1,530,318.7058,1.4005,6.3442,0.0164,A
3,hotel1/mongodb-profile,12.74,162.29,400.43,0.0195,1,739,318.7058,1.4005,6.3442,0.0131,A
3,hotel1/mongodb-rate,11.3,163.42,400.43,0.0,0,475,318.7058,1.4005,6.3442,0.0131,A
3,hotel1/mongodb-recommendation,11.39,161.32,400.43,0.0,0,614,318.7058,1.4005,6.3442,0.0164,A
3,es-stress-d/elasticsearch-dynamic-0,230.4,2877.0,1414.09,0.0,0,1200,458.0901,15.0391,6.3442,0.0197,A
3,hotel1/mongodb-user,11.46,162.27,400.43,0.0,0,618,318.7058,1.4005,6.3442,0.0164,A
3,hotel2/memcached-reserve,0.4,7.08,79.27,0.0,0,0,318.7058,1.4005,1.4887,0.0,A
3,hotel2/memcached-rate,0.48,7.44,79.27,0.0,0,0,318.7058,1.4005,1.4887,0.0,A
3,hotel2/memcached-profile,0.42,7.65,79.27,0.0,0,0,318.7058,1.4005,1.4887,0.0,A
3,hotel2/jaeger,0.29,14.6,81.01,0.0,0,0,318.7058,1.4005,1.4887,0.0,A
3,hotel2/geo,1.22,16.01,1119.06,0.0,0,130,318.7058,1.4005,1.4887,0.0066,A
3,hotel2/frontend,43.98,59.14,1119.14,0.0,0,53,318.7058,1.5313,6.3442,0.0,A
3,hotel2/mongodb-profile,11.01,162.84,400.43,0.0,0,617,318.7058,1.4005,6.3442,0.0131,A
3,hotel1/user,1.62,12.86,1119.06,0.0,0,1079,411.8993,1.4005,1.4887,0.0033,A
3,hotel1/search,8.06,17.11,1119.06,0.0,0,57,318.7058,1.4005,1.4887,0.0,A
3,hotel1/reservation,1.21,72.24,1119.06,0.0,0,686,318.7058,1.4005,6.3442,0.0,A
3,hotel1/recommendation,6.17,14.5,1119.06,0.0,0,391,318.7058,1.4005,1.4887,0.0033,A
3,hotel1/rate,10.81,21.7,1119.14,0.0,0,325,318.7058,1.4005,6.3442,0.0033,A
3,hotel1/profile,12.83,23.29,1119.06,0.0,0,67,318.7058,1.4005,6.3442,0.0033,A
3,hotel2/consul,30.12,27.32,212.87,0.0,0,9624,3673.8823,1.4005,6.3442,0.0394,A
4,hotel2/user,1.57,12.85,1119.06,0.0,0,547,318.7058,1.4005,1.4887,0.0026,A
4,hotel2/search,0.42,18.37,1119.06,0.0,0,0,318.7058,1.4005,1.4887,0.0,A
4,hotel2/rate,1.0,21.83,1119.14,0.0,0,219,318.7058,1.4005,1.4887,0.0,A
4,hotel2/recommendation,0.98,14.74,1119.06,0.0,0,328,318.7058,1.4005,1.4887,0.0026,A
4,hotel2/profile,1.42,29.34,1119.06,0.0,0,306,318.7058,1.4005,1.4887,0.0,A
4,hotel2/mongodb-user,12.59,161.32,400.43,0.0195,2,568,327.5991,1.4005,5.0455,0.0129,A
4,hotel2/mongodb-reservation,12.68,278.99,400.43,0.0195,2,520,318.7058,1.4005,5.0455,0.0129,A
4,hotel2/mongodb-recommendation,12.49,160.98,400.43,0.0195,2,547,318.7058,1.4005,5.0455,0.0129,A
4,hotel2/reservation,1.28,74.31,1119.06,0.0,0,723,416.9968,1.4005,5.0455,0.0026,A
4,hotel2/mongodb-rate,12.39,165.34,400.43,0.0352,4,491,318.7058,1.4005,5.0455,0.0103,A
4,hotel2/mongodb-profile,11.99,162.95,400.43,0.0195,2,472,318.7058,1.4005,5.0455,0.0129,A
4,hotel2/memcached-reserve,0.35,7.08,79.27,0.0,0,0,318.7058,1.4005,1.4887,0.0,A
4,hotel2/mongodb-geo,12.13,162.29,400.43,0.0195,2,492,318.7058,1.4005,5.0455,0.0129,A
4,es-stress-d/elasticsearch-dynamic-0,1007.68,9456.25,1414.09,0.0,0,513,318.7058,49.1577,5.0455,0.0052,A
4,es-stress-d2/elasticsearch-dynamic-0,1007.45,9737.32,1414.09,0.0,0,729,420.4573,49.8722,5.0455,0.0103,A
4,es-stress-d3/elasticsearch-dynamic-0,1008.04,9395.1,1414.09,0.0,0,146,318.7058,49.0099,5.0455,0.0129,A
4,es-stress-d4/elasticsearch-dynamic-0,1010.65,9751.27,1414.09,0.0,0,118,318.7058,49.9871,5.0455,0.0129,A
4,hotel1/consul,30.17,26.1,212.87,0.0,0,12901,7440.7679,1.4005,5.0455,0.031,A
4,hotel1/frontend,0.51,54.52,1119.14,0.0,0,0,318.7058,1.4005,5.0455,0.0026,A
4,hotel1/geo,1.18,14.91,1119.06,0.0,0,305,318.7058,1.4005,1.4887,0.0,A
4,hotel1/memcached-profile,0.46,7.49,79.27,0.0,0,0,318.7058,1.4005,1.4887,0.0,A
4,hotel1/memcached-rate,0.43,7.43,79.27,0.0,0,0,318.7058,1.4005,1.4887,0.0026,A
4,hotel1/memcached-reserve,0.37,7.02,79.27,0.0,0,0,318.7058,1.4005,1.4887,0.0,A
4,hotel1/mongodb-geo,10.83,161.71,400.43,0.0,0,393,318.7058,1.4005,5.0455,0.0103,A
4,hotel1/mongodb-profile,11.6,162.86,400.43,0.0,0,561,323.5618,1.4005,5.0455,0.0129,A
4,hotel1/mongodb-rate,12.71,163.34,400.43,0.0195,1,515,318.7058,1.4005,5.0455,0.0103,A
4,hotel1/jaeger,0.33,14.83,81.01,0.0,0,0,318.7058,1.4005,1.4887,0.0026,A
4,hotel1/mongodb-reservation,11.77,272.07,400.43,0.0,0,530,318.7058,1.4005,5.0455,0.0129,A
4,hotel1/mongodb-recommendation,12.67,161.0,400.43,0.0195,1,495,318.7058,1.4005,5.0455,0.0155,A
4,hotel2/memcached-profile,0.41,7.65,79.27,0.0,0,0,318.7058,1.4005,1.4887,0.0026,A
4,hotel2/jaeger,0.33,14.6,81.01,0.0,0,0,318.7058,1.4005,1.4887,0.0,A
4,hotel2/geo,1.05,16.01,1119.06,0.0,0,604,348.3624,1.4005,1.4887,0.0,A
4,hotel2/frontend,0.52,59.14,1119.14,0.0,0,0,318.7058,1.4005,5.0455,0.0,A
4,hotel2/consul,29.01,27.32,212.87,0.0,0,10264,5919.8544,1.4005,5.0455,0.031,A
4,hotel1/user,1.09,12.86,1119.06,0.0,0,568,327.5991,1.4005,1.4887,0.0052,A
4,hotel2/memcached-rate,0.48,7.44,79.27,0.0,0,0,318.7058,1.4005,1.4887,0.0,A
4,hotel1/reservation,1.5,72.24,1119.06,0.0,0,723,416.9968,1.4005,5.0455,0.0052,A
4,hotel1/recommendation,1.49,14.25,1119.06,0.0,0,377,318.7058,1.4005,1.4887,0.0,A
4,hotel1/rate,1.69,21.45,1119.14,0.0,0,818,471.7889,1.4005,1.4887,0.0026,A
4,hotel1/profile,1.45,23.05,1119.06,0.0,0,777,448.1417,1.4005,1.4887,0.0,A
4,hotel1/mongodb-user,12.03,162.03,400.43,0.0195,1,504,318.7058,1.4005,5.0455,0.0129,A
4,hotel1/search,0.43,17.11,1119.06,0.0,0,0,318.7058,1.4005,1.4887,0.0026,A
5,hotel2/user,0.98,12.84,1119.06,0.0,0,338,318.7058,1.4005,1.4887,0.0031,A
5,hotel2/rate,1.81,21.81,1119.14,0.0,0,429,318.7058,1.4005,1.4887,0.0,A
5,hotel2/reservation,1.19,74.31,1119.06,0.0,0,306,318.7058,1.4005,170.6634,0.0031,A
5,hotel2/recommendation,2.4,15.23,1119.06,0.0,0,154,318.7058,1.4005,1.4887,0.0,A
5,hotel2/profile,1.28,29.59,1119.06,0.0,0,418,318.7058,1.4005,1.4887,0.0,A
5,hotel2/mongodb-user,9.07,161.09,400.43,0.0,0,391,318.7058,1.4005,170.6634,0.0157,A
5,hotel2/mongodb-reservation,9.94,278.8,400.43,0.0,0,689,318.7058,1.4035,170.6634,0.0157,A
5,hotel2/search,0.4,18.37,1119.06,0.0,0,0,318.7058,1.4005,1.4887,0.0,A
5,hotel2/mongodb-recommendation,9.72,160.75,400.43,0.0,0,478,318.7058,1.4005,170.6634,0.0157,A
5,hotel2/mongodb-rate,9.34,165.09,400.43,0.0,0,480,318.7058,1.4005,170.6634,0.0157,A
5,hotel1/mongodb-reservation,1297.22,271.6,400.43,0.0469,13,60250,9847.9075,19.8861,170.6634,0.0157,A
5,hotel2/mongodb-geo,9.89,161.86,400.43,0.0,0,441,318.7058,1.4005,170.6634,0.0125,A
5,es-stress-d/elasticsearch-dynamic-0,1012.53,15558.68,1414.09,0.0273,9,559,318.7058,84.9058,170.6634,0.0188,A
5,es-stress-d2/elasticsearch-dynamic-0,1014.21,15580.0,1414.09,0.0039,1,98,318.7058,85.0264,170.6634,0.0125,A
5,es-stress-d3/elasticsearch-dynamic-0,1012.49,15446.2,1414.09,0.0039,1,302,318.7058,84.3967,170.6634,0.0188,A
5,es-stress-d4/elasticsearch-dynamic-0,1009.68,15644.27,1414.09,0.0039,1,681,318.7058,85.2518,170.6634,0.0188,A
5,hotel1/consul,25.8,25.83,212.87,0.0,0,5600,915.3242,1.4005,170.6634,0.0376,A
5,hotel1/frontend,6222.47,121.7,1119.14,0.0,0,480652,78562.9284,90.0491,170.6634,0.0,A
5,hotel1/geo,628.67,19.89,1119.06,0.0,0,1946,318.7058,9.1322,170.6634,0.0031,A
5,hotel1/jaeger,0.27,14.83,81.01,0.0,0,0,318.7058,1.4005,1.4887,0.0,A
5,hotel1/memcached-profile,194.39,8.58,79.27,0.0,0,1842,318.7058,2.8347,170.6634,0.0,A
5,hotel1/memcached-rate,117.7,7.5,79.27,0.0,0,1199,318.7058,1.7268,170.6634,0.0,A
5,hotel1/memcached-reserve,177.64,7.39,79.27,0.0,0,1783,318.7058,2.5884,170.6634,0.0031,A
5,hotel1/mongodb-geo,10.67,161.45,400.43,0.0195,1,271,318.7058,1.4005,170.6634,0.0188,A
5,hotel1/mongodb-profile,9.9,162.28,400.43,0.0195,1,396,318.7058,1.4005,170.6634,0.0188,A
5,hotel1/mongodb-rate,9.23,163.48,400.43,0.0,0,350,318.7058,1.4005,170.6634,0.0094,A
5,hotel1/mongodb-recommendation,10.05,161.03,400.43,0.0,0,507,318.7058,1.4005,170.6634,0.0157,A
5,hotel2/mongodb-profile,9.94,162.65,400.43,0.0,0,439,318.7058,1.4005,170.6634,0.0157,A
5,hotel1/mongodb-user,10.48,162.09,400.43,0.0,0,463,318.7058,1.4005,170.6634,0.0125,A
5,hotel2/memcached-rate,0.44,7.44,79.27,0.0,0,0,318.7058,1.4005,1.4887,0.0,A
5,hotel2/memcached-profile,0.43,7.65,79.27,0.0,0,0,318.7058,1.4005,1.4887,0.0,A
5,hotel2/jaeger,0.29,14.6,81.01,0.0,0,0,318.7058,1.4005,1.4887,0.0,A
5,hotel2/geo,1.05,16.26,1119.06,0.0,0,251,318.7058,1.4005,1.4887,0.0,A
5,hotel2/frontend,0.54,59.14,1119.14,0.0,0,0,318.7058,1.4005,170.6634,0.0,A
5,hotel2/consul,27.42,27.32,212.87,0.0,0,5619,918.4297,1.4005,170.6634,0.0344,A
5,hotel2/memcached-reserve,0.41,7.08,79.27,0.0,0,0,318.7058,1.4005,1.4887,0.0,A
5,hotel1/search,1576.26,28.79,1119.06,0.0,0,2813,459.787,22.8018,170.6634,0.0,A
5,hotel1/reservation,2304.78,69.31,1119.06,0.0,0,77752,12708.6225,33.4634,170.6634,0.0,A
5,hotel1/recommendation,418.38,17.91,1119.06,0.0,0,2145,350.6019,6.0986,170.6634,0.0,A
5,hotel1/rate,1028.3,27.75,1119.14,0.0,0,2398,391.9549,14.9157,170.6634,0.0,A
5,hotel1/profile,2238.78,34.73,1119.06,0.0,0,9461,1546.4075,32.3578,170.6634,0.0031,A
5,hotel1/user,40.07,13.79,1119.06,0.0,0,1691,318.7058,1.4005,170.6634,0.0,A
6,hotel2/user,65.78,13.48,1119.06,0.0,0,971,318.7058,1.4005,344.1322,0.0,A
6,hotel2/rate,1835.32,29.75,1119.14,0.0,0,2796,521.8361,13.8188,344.1322,0.0158,A
6,hotel2/recommendation,607.49,19.59,1119.06,0.0,0,1820,339.6787,4.6234,344.1322,0.0023,A
6,hotel2/profile,4091.72,38.86,1119.06,0.0,0,146143,27275.6404,30.6688,344.1322,0.0316,A
6,hotel2/mongodb-user,12.77,160.9,400.43,0.0195,2,171,318.7058,1.4005,344.1322,0.0135,A
6,hotel2/mongodb-reservation,2750.47,276.85,400.43,0.0469,10,177256,33082.4666,21.8863,344.1322,0.0135,A
6,hotel2/search,2660.37,33.14,1119.06,0.0,0,3817,712.3921,19.9802,344.1322,0.0,A
6,hotel2/mongodb-recommendation,12.51,160.56,400.43,0.0195,2,285,318.7058,1.4005,344.1322,0.0113,A
6,hotel2/mongodb-rate,12.42,164.9,400.43,0.0195,2,469,318.7058,1.4005,344.1322,0.0113,A
6,hotel2/reservation,4124.23,63.0,1119.06,0.0,0,81467,15204.7282,31.0332,344.1322,0.0,A
6,es-stress-d/elasticsearch-dynamic-0,1010.9,20735.07,1414.09,0.0039,2,427,318.7058,112.6104,344.1322,0.009,A
6,hotel2/mongodb-geo,12.81,161.86,400.43,0.0195,2,151,318.7058,1.4005,344.1322,0.0135,A
6,es-stress-d2/elasticsearch-dynamic-0,1011.3,20688.0,1414.09,0.0,0,191,318.7058,112.3748,344.1322,0.0113,A
6,es-stress-d3/elasticsearch-dynamic-0,1010.83,20503.03,1414.09,0.0,0,618,318.7058,111.4339,344.1322,0.0068,A
6,es-stress-d4/elasticsearch-dynamic-0,1013.65,20750.72,1414.09,0.0234,8,827,318.7058,112.7102,344.1322,0.0068,A
6,hotel1/consul,27.43,25.83,212.87,0.0,0,2005,374.2065,1.4005,344.1322,0.0339,A
6,hotel1/frontend,9945.48,106.11,1119.14,0.0,0,719756,134332.8511,74.6037,344.1322,0.0023,A
6,hotel1/geo,943.99,18.98,1119.06,0.0,0,1782,332.5865,7.1263,344.1322,0.0,A
6,hotel1/jaeger,0.27,14.83,81.01,0.0,0,0,318.7058,1.4005,1.4887,0.0,A
6,hotel1/memcached-profile,329.67,7.68,79.27,0.0,0,1603,318.7058,2.494,344.1322,0.0023,A
6,hotel1/memcached-rate,216.46,7.48,79.27,0.0,0,1704,318.7058,1.6499,344.1322,0.0,A
6,hotel1/memcached-reserve,271.57,7.02,79.27,0.0,0,901,318.7058,2.058,344.1322,0.0,A
6,hotel1/mongodb-geo,11.33,161.28,400.43,0.0,0,184,318.7058,1.4005,344.1322,0.0113,A
6,hotel1/mongodb-profile,11.9,162.11,400.43,0.0,0,217,318.7058,1.4005,344.1322,0.0113,A
6,hotel1/mongodb-rate,12.53,163.3,400.43,0.0195,1,133,318.7058,1.4005,344.1322,0.0113,A
6,hotel1/mongodb-recommendation,12.66,160.84,400.43,0.0195,1,194,318.7058,1.4005,344.1322,0.0158,A
6,hotel2/mongodb-profile,12.67,162.46,400.43,0.0195,2,159,318.7058,1.4005,344.1322,0.0135,A
6,hotel1/mongodb-user,13.01,161.9,400.43,0.0195,1,147,318.7058,1.4005,344.1322,0.0113,A
6,hotel1/mongodb-reservation,2646.51,269.44,400.43,0.0273,13,121451,22667.2082,21.0746,344.1322,0.0113,A
6,hotel2/memcached-rate,202.73,7.75,79.27,0.0,0,1366,318.7058,1.549,344.1322,0.0,A
6,hotel2/memcached-profile,321.42,7.73,79.27,0.0,0,1149,318.7058,2.4329,344.1322,0.0,A
6,hotel2/jaeger,0.32,14.6,81.01,0.0,0,0,318.7058,1.4005,1.4887,0.0,A
6,hotel2/geo,1043.23,20.77,1119.06,0.0,0,2077,387.6443,7.8744,344.1322,0.009,A
6,hotel2/frontend,9748.25,119.42,1119.14,0.0,0,633777,118286.0183,73.2023,344.1322,0.0,A
6,hotel2/consul,29.16,27.32,212.87,0.0,0,1571,318.7058,1.4005,344.1322,0.0293,A
6,hotel2/memcached-reserve,278.03,7.43,79.27,0.0,0,1114,318.7058,2.1082,344.1322,0.0,A
6,hotel1/user,65.2,14.9,1119.06,0.0,0,1063,318.7058,1.4005,344.1322,0.0023,A
6,hotel1/search,2560.31,27.41,1119.06,0.0,0,3384,631.5784,19.206,344.1322,0.0,A
6,hotel1/reservation,3540.85,61.95,1119.06,0.0,0,41376,7722.2782,26.6833,344.1322,0.0,A
6,hotel1/recommendation,629.99,17.88,1119.06,0.0,0,1816,338.9322,4.7823,344.1322,0.0023,A
6,hotel1/rate,1609.11,29.67,1119.14,0.0,0,2862,534.1541,12.1337,344.1322,0.0023,A
6,hotel1/profile,3547.65,33.61,1119.06,0.0,0,61441,11467.1426,26.5904,344.1322,0.0,A
7,hotel2/user,62.11,15.01,1119.06,0.0,0,1531,318.7058,1.4005,364.7126,0.0007,A
7,hotel2/search,2767.07,28.4,1119.06,0.0,0,4830,924.8139,25.9997,364.7126,0.0007,A
7,hotel2/rate,1800.04,31.97,1119.14,0.0,0,3114,596.2465,16.9824,364.7126,0.0,A
7,hotel2/recommendation,672.05,19.45,1119.06,0.0,0,1940,371.4574,6.3788,364.7126,0.0022,A
7,hotel2/mongodb-recommendation,12.05,160.56,400.43,0.0,0,264,318.7058,1.4005,364.7126,0.0036,A
7,hotel2/profile,4255.49,38.88,1119.06,0.0,0,118460,22681.8755,39.9605,364.7126,0.0,A
7,hotel2/mongodb-user,11.84,160.9,400.43,0.0,0,192,318.7058,1.4005,364.7126,0.0044,A
7,hotel2/mongodb-reservation,1991.5,275.58,400.43,0.0117,6,84079,16098.8469,20.017,364.7126,0.0029,A
7,hotel2/reservation,4020.68,60.64,1119.06,0.0,0,137146,26259.7374,37.8778,364.7126,0.0015,A
7,hotel2/mongodb-rate,12.09,164.9,400.43,0.0,0,189,318.7058,1.4005,364.7126,0.0036,A
7,hotel2/mongodb-profile,11.75,162.46,400.43,0.0,0,272,318.7058,1.4005,364.7126,0.0029,A
7,hotel2/memcached-reserve,284.44,7.19,79.27,0.0,0,1246,318.7058,2.6945,364.7126,0.0,A
7,es-stress-d/elasticsearch-dynamic-0,1011.1,25862.38,1414.09,0.0,0,1052,318.7058,141.6961,364.7126,0.141,A
7,es-stress-d2/elasticsearch-dynamic-0,1010.27,25796.06,1414.09,0.0,0,131,318.7058,141.3492,364.7126,0.139,A
7,es-stress-d3/elasticsearch-dynamic-0,1010.21,25589.0,1414.09,0.0,0,871,318.7058,140.2899,364.7126,0.139,A
7,es-stress-d4/elasticsearch-dynamic-0,1008.11,25936.66,1414.09,0.0,0,469,318.7058,142.048,364.7126,0.136,A
7,hotel1/consul,26.87,25.83,212.87,0.0,0,2641,505.6798,1.4005,364.7126,0.008,A
7,hotel1/frontend,9999.23,107.11,1119.14,0.0,0,722792,138395.0542,93.9766,364.7126,0.0124,A
7,hotel1/geo,977.15,19.55,1119.06,0.0,0,2185,418.3682,9.2301,364.7126,0.0022,A
7,hotel1/jaeger,0.29,14.83,81.01,0.0,0,0,318.7058,1.4005,1.4887,0.0,A
7,hotel1/memcached-profile,334.29,7.66,79.27,0.0,0,1575,318.7058,3.1626,364.7126,0.0,A
7,hotel1/memcached-rate,209.81,7.51,79.27,0.0,0,1202,318.7058,1.9988,364.7126,0.0,A
7,hotel1/memcached-reserve,269.79,7.57,79.27,0.0,0,1267,318.7058,2.5595,364.7126,0.0,A
7,hotel1/mongodb-geo,12.79,161.28,400.43,0.0234,1,165,318.7058,1.4005,364.7126,0.0036,A
7,hotel1/mongodb-profile,12.68,162.28,400.43,0.0234,1,124,318.7058,1.4005,364.7126,0.0044,A
7,hotel1/mongodb-rate,11.57,163.3,400.43,0.0,0,181,318.7058,1.4005,364.7126,0.0044,A
7,hotel2/mongodb-geo,11.42,162.05,400.43,0.0,0,161,318.7058,1.4005,364.7126,0.0036,A
7,hotel1/mongodb-reservation,2707.54,269.05,400.43,0.0469,13,64621,12373.1679,26.674,364.7126,0.0036,A
7,hotel2/memcached-rate,225.69,7.5,79.27,0.0,0,1607,318.7058,2.1471,364.7126,0.0,A
7,hotel2/memcached-profile,343.27,7.97,79.27,0.0,0,1626,318.7058,3.2481,364.7126,0.0,A
7,hotel2/jaeger,0.38,14.6,81.01,0.0,0,0,318.7058,1.4005,1.4887,0.0,A
7,hotel2/geo,1093.26,21.62,1119.06,0.0,0,2278,436.1752,10.3256,364.7126,0.0007,A
7,hotel1/mongodb-recommendation,11.36,160.84,400.43,0.0,0,294,318.7058,1.4005,364.7126,0.0036,A
7,hotel2/consul,29.19,27.32,212.87,0.0,0,1754,335.8434,1.4005,364.7126,0.0088,A
7,hotel2/frontend,9878.58,113.58,1119.14,0.0,0,687809,131696.759,92.8824,364.7126,0.0015,A
7,hotel1/search,2557.57,30.66,1119.06,0.0,0,2953,565.4194,24.0537,364.7126,0.0036,A
7,hotel1/reservation,3544.6,64.95,1119.06,0.0,0,66263,12687.5664,33.4515,364.7126,0.0,A
7,hotel1/recommendation,616.78,19.45,1119.06,0.0,0,1860,356.1395,5.8624,364.7126,0.0015,A
7,hotel1/rate,1654.58,28.75,1119.14,0.0,0,2456,470.2574,15.6068,364.7126,0.0036,A
7,hotel1/profile,3533.83,32.54,1119.06,0.0,0,14139,2707.2348,33.1851,364.7126,0.0051,A
7,hotel1/mongodb-user,11.99,162.09,400.43,0.0,0,144,318.7058,1.4005,364.7126,0.0029,A
7,hotel1/user,64.64,15.08,1119.06,0.0,0,873,318.7058,1.4005,364.7126,0.0,A
8,hotel2/user,56.74,15.52,1119.06,0.0,0,865,318.7058,1.4005,365.1293,0.0025,A
8,hotel2/search,2660.26,26.65,1119.06,0.0,0,3171,625.2841,20.248,365.1293,0.0025,A
8,hotel2/mongodb-recommendation,12.8,160.57,400.43,0.0234,2,166,318.7058,1.4005,365.1293,0.0124,A
8,hotel2/recommendation,654.66,18.76,1119.06,0.0,0,1994,393.1935,5.0255,365.1293,0.005,A
8,hotel2/rate,1823.64,29.13,1119.14,0.0,0,2443,481.731,13.9183,365.1293,0.0025,A
8,hotel2/profile,4279.44,38.32,1119.06,0.0,0,101652,20044.5852,32.5561,365.1293,0.0025,A
8,hotel2/mongodb-user,13.34,160.9,400.43,0.0234,2,201,318.7058,1.4005,365.1293,0.0099,A
8,hotel2/mongodb-reservation,2277.25,273.66,400.43,0.0508,8,75480,14883.773,18.2115,365.1293,0.0149,A
8,hotel2/reservation,4262.94,58.45,1119.06,0.0,0,197822,39008.1841,32.5016,365.1293,0.0,A
8,hotel2/mongodb-rate,12.85,164.91,400.43,0.0234,2,114,318.7058,1.4005,365.1293,0.0124,A
8,hotel2/mongodb-profile,13.05,162.47,400.43,0.0234,2,136,318.7058,1.4005,365.1293,0.0124,A
8,hotel2/memcached-reserve,294.34,7.11,79.27,0.0,0,1166,318.7058,2.2549,365.1293,0.0,A
8,hotel2/mongodb-geo,13.22,161.87,400.43,0.0234,2,146,318.7058,1.4005,365.1293,0.0124,A
8,es-stress-d/elasticsearch-dynamic-0,1016.68,31031.76,1414.09,0.0,0,660,318.7058,116.4115,365.1293,1.01,A
8,es-stress-d2/elasticsearch-dynamic-0,1014.12,30869.88,1414.09,0.0234,8,170,318.7058,115.825,365.1293,1.01,A
8,es-stress-d3/elasticsearch-dynamic-0,1014.45,30650.37,1414.09,0.0234,8,479,318.7058,115.0585,365.1293,1.01,A
8,es-stress-d4/elasticsearch-dynamic-0,1016.8,31089.2,1414.09,0.0,0,507,318.7058,116.6136,365.1293,1.02,A
8,hotel1/consul,27.36,25.83,212.87,0.0,0,2118,417.6448,1.4005,365.1293,0.0298,A
8,hotel1/frontend,10030.43,130.2,1119.14,0.0,0,736338,145197.2394,76.4485,365.1293,0.0,A
8,hotel1/geo,970.86,20.14,1119.06,0.0,0,1650,325.3607,7.426,365.1293,0.0,A
8,hotel1/memcached-profile,342.33,7.68,79.27,0.0,0,1340,318.7058,2.6205,365.1293,0.0,A
8,hotel1/memcached-rate,217.85,7.5,79.27,0.0,0,1377,318.7058,1.6767,365.1293,0.0,A
8,hotel1/memcached-reserve,278.92,8.33,79.27,0.0,0,1206,318.7058,2.1423,365.1293,0.0,A
8,hotel1/mongodb-geo,11.94,161.28,400.43,0.0,0,391,318.7058,1.4005,365.1293,0.0075,A
8,hotel1/mongodb-profile,12.27,162.11,400.43,0.0,0,186,318.7058,1.4005,365.1293,0.0099,A
8,hotel1/mongodb-rate,13.22,163.3,400.43,0.0234,1,155,318.7058,1.4005,365.1293,0.0099,A
8,hotel1/jaeger,0.31,14.83,81.01,0.0,0,0,318.7058,1.4005,1.4887,0.0,A
8,hotel1/mongodb-reservation,2261.75,267.96,400.43,0.0273,12,31625,6236.08,18.0741,365.1293,0.0124,A
8,hotel1/mongodb-recommendation,13.46,160.85,400.43,0.0234,1,269,318.7058,1.4005,365.1293,0.0099,A
8,hotel2/memcached-profile,344.31,7.67,79.27,0.0,0,1409,318.7058,2.6354,365.1293,0.0,A
8,hotel2/jaeger,0.32,14.6,81.01,0.0,0,0,318.7058,1.4005,1.4887,0.0025,A
8,hotel2/geo,1068.07,21.9,1119.06,0.0,0,1918,378.2072,8.1686,365.1293,0.0,A
8,hotel2/frontend,10006.46,120.98,1119.14,0.0,0,619191,122097.2215,76.2346,365.1293,0.0,A
8,hotel2/consul,30.92,27.32,212.87,0.0,0,1748,344.6852,1.4005,365.1293,0.0298,A
8,hotel1/user,63.33,15.43,1119.06,0.0,0,1463,318.7058,1.4005,365.1293,0.0,A
8,hotel2/memcached-rate,227.13,7.5,79.27,0.0,0,1433,318.7058,1.7471,365.1293,0.0,A
8,hotel1/reservation,3632.66,65.98,1119.06,0.0,0,59239,11681.2378,27.7528,365.1293,0.0025,A
8,hotel1/recommendation,654.21,20.07,1119.06,0.0,0,1742,343.502,5.0267,365.1293,0.0025,A
8,hotel1/rate,1702.15,28.8,1119.14,0.0,0,3057,602.8046,12.9967,365.1293,0.0025,A
8,hotel1/profile,3572.91,36.91,1119.06,0.0,0,13026,2568.5748,27.1983,365.1293,0.0,A
8,hotel1/mongodb-user,13.62,161.9,400.43,0.0234,1,255,318.7058,1.4005,365.1293,0.0124,A
8,hotel1/search,2608.59,28.69,1119.06,0.0,0,3070,605.3681,19.8637,365.1293,0.0,A
9,hotel2/user,60.65,16.18,1119.06,0.0,0,811,318.7058,1.4005,346.456,0.0024,A
9,hotel2/rate,1836.32,27.11,1119.14,0.0,0,2919,532.3732,13.9111,346.456,0.0645,A
9,hotel2/reservation,4353.56,57.49,1119.06,0.0,0,169136,30847.3678,32.9606,346.456,0.147,A
9,hotel2/recommendation,622.87,18.64,1119.06,0.0,0,2050,373.8832,4.7463,346.456,0.023,A
9,hotel2/profile,4116.99,41.31,1119.06,0.0,0,143939,26251.8876,31.1312,346.456,0.153,A
9,hotel2/mongodb-user,11.15,161.09,400.43,0.0,0,143,318.7058,1.4005,346.456,0.002,A
9,hotel2/mongodb-reservation,2661.52,273.65,400.43,0.0078,4,56723,10345.2561,20.8498,346.456,0.122,A
9,hotel2/search,2542.76,28.0,1119.06,0.0,0,3587,654.2044,19.2347,346.456,0.0952,A
9,hotel2/mongodb-recommendation,11.77,160.57,400.43,0.0,0,156,318.7058,1.4005,346.456,0.0015,A
9,hotel2/mongodb-rate,11.79,164.91,400.43,0.0,0,149,318.7058,1.4005,346.456,0.002,A
9,hotel1/mongodb-reservation,2108.62,268.03,400.43,0.0352,5,130606,23820.188,16.6688,346.456,0.402,A
9,hotel2/mongodb-geo,11.39,161.87,400.43,0.0,0,96,318.7058,1.4005,346.456,0.0015,A
9,es-stress-d/elasticsearch-dynamic-0,1006.56,36036.01,1414.09,0.0,0,141,318.7058,113.2835,346.456,0.202,A
9,es-stress-d2/elasticsearch-dynamic-0,1009.05,35888.19,1414.09,0.0039,2,170,318.7058,112.8686,346.456,0.202,A
9,es-stress-d3/elasticsearch-dynamic-0,1010.35,35729.62,1414.09,0.0039,2,227,318.7058,112.4133,346.456,0.202,A
9,es-stress-d4/elasticsearch-dynamic-0,1007.38,36071.01,1414.09,0.0039,2,1405,318.7058,113.3923,346.456,0.201,A
9,hotel1/consul,27.2,25.83,212.87,0.0,0,1802,328.6524,1.4005,346.456,0.0049,A
9,hotel1/frontend,9980.83,103.78,1119.14,0.0,0,704289,128449.6606,75.4822,346.456,1.88,A
9,hotel1/geo,931.69,18.59,1119.06,0.0,0,1901,346.7082,7.0722,346.456,0.193,A
9,hotel1/jaeger,0.34,14.83,81.01,0.0,0,0,318.7058,1.4005,1.4887,0.0,A
9,hotel1/memcached-profile,312.64,7.71,79.27,0.0,0,1579,318.7058,2.3775,346.456,0.0611,A
9,hotel1/memcached-rate,204.42,7.51,79.27,0.0,0,1313,318.7058,1.5618,346.456,0.0371,A
9,hotel1/memcached-reserve,255.38,7.09,79.27,0.0,0,1077,318.7058,1.9444,346.456,0.0552,A
9,hotel1/mongodb-geo,12.62,161.28,400.43,0.0234,1,161,318.7058,1.4005,346.456,0.002,A
9,hotel1/mongodb-profile,12.51,162.28,400.43,0.0234,1,283,318.7058,1.4005,346.456,0.002,A
9,hotel1/mongodb-rate,11.68,163.3,400.43,0.0,0,174,318.7058,1.4005,346.456,0.002,A
9,hotel1/mongodb-recommendation,11.15,160.85,400.43,0.0,0,122,318.7058,1.4005,346.456,0.0024,A
9,hotel2/mongodb-profile,11.76,162.47,400.43,0.0,0,206,318.7058,1.4005,346.456,0.0015,A
9,hotel1/mongodb-user,12.16,161.91,400.43,0.0,0,157,318.7058,1.4005,346.456,0.0024,A
9,hotel2/memcached-rate,216.71,7.5,79.27,0.0,0,1524,318.7058,1.6543,346.456,0.0064,A
9,hotel2/memcached-profile,329.31,8.49,79.27,0.0,0,1661,318.7058,2.5053,346.456,0.0107,A
9,hotel2/jaeger,0.38,14.6,81.01,0.0,0,0,318.7058,1.4005,1.4887,0.0,A
9,hotel2/geo,989.13,20.97,1119.06,0.0,0,2059,375.5246,7.5118,346.456,0.0401,A
9,hotel2/frontend,9731.26,114.88,1119.14,0.0,0,597554,108983.1142,73.6349,346.456,0.375,A
9,hotel2/consul,28.52,27.32,212.87,0.0,0,1385,318.7058,1.4005,346.456,0.0049,A
9,hotel2/memcached-reserve,282.34,7.47,79.27,0.0,0,1297,318.7058,2.1486,346.456,0.0103,A
9,hotel1/search,2479.54,29.46,1119.06,0.0,0,2959,539.6684,18.7628,346.456,0.486,A
9,hotel1/reservation,3277.33,59.91,1119.06,0.0,0,36484,6654.0261,24.8613,346.456,0.712,A
9,hotel1/recommendation,583.01,18.17,1119.06,0.0,0,1635,318.7058,4.4447,346.456,0.13,A
9,hotel1/rate,1559.74,26.68,1119.14,0.0,0,2686,489.8781,11.8266,346.456,0.316,A
9,hotel1/profile,3400.69,34.54,1119.06,0.0,0,13087,2386.8337,25.716,346.456,0.698,A
9,hotel1/user,62.71,15.5,1119.06,0.0,0,918,318.7058,1.4005,346.456,0.0122,A
10,hotel2/user,58.77,16.02,1119.06,0.0,0,1138,318.7058,1.4005,369.7158,0.0918,A
10,hotel2/search,2628.06,25.5,1119.06,0.0,0,3346,608.9419,22.5661,369.7158,3.83,A
10,hotel2/profile,4137.77,40.55,1119.06,0.0,0,153172,27875.9248,35.5305,369.7158,5.87,A
10,hotel2/rate,1857.22,28.32,1119.14,0.0,0,2787,507.2089,15.9785,369.7158,2.68,A
10,hotel2/mongodb-user,12.43,160.9,400.43,0.0234,2,278,318.7058,1.4005,369.7158,0.0177,A
10,hotel2/mongodb-reservation,2378.45,272.89,400.43,0.0312,4,78045,14203.4873,21.1827,369.7158,4.24,A
10,hotel2/mongodb-recommendation,12.18,160.57,400.43,0.0273,4,351,318.7058,1.4005,369.7158,0.0177,A
10,hotel2/recommendation,650.58,18.16,1119.06,0.0,0,1930,351.2426,5.6223,369.7158,0.851,A
10,hotel2/mongodb-rate,12.51,164.91,400.43,0.0234,2,154,318.7058,1.4005,369.7158,0.0177,A
10,hotel2/mongodb-profile,12.61,162.47,400.43,0.0234,2,97,318.7058,1.4005,369.7158,0.0177,A
10,hotel2/reservation,4368.78,58.43,1119.06,0.0,0,234878,42745.6811,37.5617,369.7158,5.86,A
10,hotel2/memcached-reserve,271.38,8.14,79.27,0.0,0,1086,318.7058,2.347,369.7158,0.392,A
10,hotel2/mongodb-geo,12.58,161.87,400.43,0.0234,2,217,318.7058,1.4005,369.7158,0.0177,A
10,es-stress-d2/elasticsearch-dynamic-0,1009.51,41021.44,1414.09,0.0,0,136,318.7058,133.4302,369.7158,1.45,A
10,es-stress-d3/elasticsearch-dynamic-0,1009.25,40732.02,1414.09,0.0,0,489,318.7058,132.5475,369.7158,1.45,A
10,es-stress-d4/elasticsearch-dynamic-0,1012.7,41140.57,1414.09,0.0,0,636,318.7058,133.8199,369.7158,1.45,A
10,hotel1/consul,26.71,25.83,212.87,0.0,0,1662,318.7058,1.4005,369.7158,0.0388,A
10,hotel1/frontend,9993.11,106.96,1119.14,0.0,0,626828,114077.0518,85.8371,369.7158,14.2,A
10,hotel1/geo,1028.6,19.23,1119.06,0.0,0,2198,400.0162,8.8603,369.7158,1.25,A
10,hotel1/jaeger,0.32,14.83,81.01,0.0,0,0,318.7058,1.4005,1.4887,0.0,A
10,hotel1/memcached-profile,339.78,7.69,79.27,0.0,0,1650,318.7058,2.9309,369.7158,0.427,A
10,hotel1/memcached-rate,233.03,7.5,79.27,0.0,0,1518,318.7058,2.0169,369.7158,0.293,A
10,hotel1/memcached-reserve,299.48,7.08,79.27,0.0,0,1110,318.7058,2.5842,369.7158,0.364,A
10,hotel1/mongodb-geo,11.5,161.28,400.43,0.0,0,157,318.7058,1.4005,369.7158,0.0177,A
10,hotel1/mongodb-profile,11.58,162.3,400.43,0.0,0,156,318.7058,1.4005,369.7158,0.0141,A
10,hotel1/mongodb-rate,12.91,163.3,400.43,0.0234,1,305,318.7058,1.4005,369.7158,0.0141,A
10,hotel1/mongodb-recommendation,12.64,160.85,400.43,0.0234,1,208,318.7058,1.4005,369.7158,0.0212,A
10,es-stress-d/elasticsearch-dynamic-0,1009.37,41047.36,1414.09,0.0,0,516,318.7058,133.5079,369.7158,1.45,A
10,hotel1/mongodb-user,12.8,161.9,400.43,0.0234,1,135,318.7058,1.4005,369.7158,0.0177,A
10,hotel1/mongodb-reservation,2277.25,267.7,400.43,0.0234,11,101597,18489.7392,20.301,369.7158,3.85,A
10,hotel2/memcached-profile,338.81,7.95,79.27,0.0,0,1311,318.7058,2.9234,369.7158,0.47,A
10,hotel2/jaeger,0.32,14.6,81.01,0.0,0,0,318.7058,1.4005,1.4887,0.0,A
10,hotel2/geo,1015.87,21.27,1119.06,0.0,0,2179,396.5584,8.7576,369.7158,1.47,A
10,hotel2/frontend,9892.02,114.34,1119.14,0.0,0,595166,108314.8529,84.9945,369.7158,13.8,A
10,hotel2/consul,29.3,27.33,212.87,0.0,0,1240,318.7058,1.4005,369.7158,0.0424,A
10,hotel2/memcached-rate,214.88,7.51,79.27,0.0,0,1401,318.7058,1.8616,369.7158,0.307,A
10,hotel1/user,67.24,15.52,1119.06,0.0,0,1252,318.7058,1.4005,369.7158,0.0847,A
10,hotel1/search,2809.95,27.88,1119.06,0.0,0,3513,639.3344,24.1297,369.7158,3.45,A
10,hotel1/reservation,3893.16,59.22,1119.06,0.0,0,71038,12928.2763,33.4942,369.7158,4.65,A
10,hotel1/recommendation,667.36,18.0,1119.06,0.0,0,2083,379.0872,5.7654,369.7158,0.826,A
10,hotel1/rate,1824.75,27.52,1119.14,0.0,0,3106,565.264,15.6982,369.7158,2.16,A
10,hotel1/profile,3853.56,34.9,1119.06,0.0,0,17563,3196.3079,33.0813,369.7158,4.6,A
11,hotel2/recommendation,593.32,18.75,1119.06,0.0,0,1791,344.1316,5.2865,352.6465,1.05,A
11,hotel2/search,2426.19,28.63,1119.06,0.0,0,3254,625.2396,21.4903,352.6465,4.27,A
11,hotel2/mongodb-reservation,1646.51,272.01,400.43,0.0078,4,15620,3001.3038,15.2528,352.6465,2.69,A
11,hotel2/rate,1674.18,27.05,1119.14,0.0,0,2617,502.8433,14.8486,352.6465,2.79,A
11,hotel2/profile,3790.53,36.5,1119.06,0.0,0,129723,24925.6167,33.5533,352.6465,6.67,A
11,hotel2/mongodb-user,11.53,160.9,400.43,0.0,0,217,318.7058,1.4005,352.6465,0.0154,A
11,hotel2/user,54.17,16.06,1119.06,0.0,0,932,318.7058,1.4005,352.6465,0.0922,A
11,hotel2/mongodb-recommendation,12.13,160.57,400.43,0.0,0,131,318.7058,1.4005,352.6465,0.0192,A
11,hotel2/mongodb-rate,11.87,164.91,400.43,0.0,0,278,318.7058,1.4005,352.6465,0.0192,A
11,hotel2/reservation,3850.47,53.24,1119.06,0.0,0,124627,23946.4461,34.1266,352.6465,6.34,A
11,hotel2/mongodb-profile,11.3,162.47,400.43,0.0,0,170,318.7058,1.4005,352.6465,0.0192,A
11,es-stress-d2/elasticsearch-dynamic-0,1013.38,46168.94,1414.09,0.0,0,144,318.7058,131.1655,352.6465,1.59,A
11,es-stress-d3/elasticsearch-dynamic-0,1012.77,45794.21,1414.09,0.0,0,178,318.7058,130.1681,352.6465,1.59,A
11,es-stress-d4/elasticsearch-dynamic-0,1010.13,46342.16,1414.09,0.0,0,342,318.7058,131.5953,352.6465,1.58,A
11,hotel1/consul,26.21,25.83,212.87,0.0,0,1702,327.0307,1.4005,352.6465,0.0384,A
11,hotel1/frontend,9997.95,109.99,1119.14,0.0,0,680351,130725.995,88.5369,352.6465,15.8,A
11,hotel1/geo,989.11,19.02,1119.06,0.0,0,1937,372.1847,8.7806,352.6465,1.62,A
11,hotel1/jaeger,0.28,14.83,81.01,0.0,0,0,318.7058,1.4005,1.4887,0.0,A
11,hotel1/memcached-profile,329.4,7.74,79.27,0.0,0,1707,327.9914,2.9279,352.6465,0.545,A
11,hotel1/memcached-rate,221.3,7.49,79.27,0.0,0,1271,318.7058,1.9731,352.6465,0.342,A
11,hotel1/memcached-reserve,262.13,7.12,79.27,0.0,0,1506,318.7058,2.3325,352.6465,0.438,A
11,hotel1/mongodb-geo,12.8,161.28,400.43,0.0234,1,419,318.7058,1.4005,352.6465,0.023,A
11,hotel1/mongodb-profile,12.06,162.12,400.43,0.0234,1,229,318.7058,1.4005,352.6465,0.0192,A
11,hotel1/mongodb-rate,10.99,163.3,400.43,0.0,0,117,318.7058,1.4005,352.6465,0.023,A
11,hotel1/mongodb-recommendation,11.07,160.85,400.43,0.0,0,422,318.7058,1.4005,352.6465,0.0154,A
11,hotel1/mongodb-reservation,2498.19,267.42,400.43,0.0664,20,131376,25243.2323,22.7579,352.6465,3.58,A
11,es-stress-d/elasticsearch-dynamic-0,1013.99,46102.42,1414.09,0.0234,6,202,318.7058,130.9948,352.6465,1.59,A
11,hotel1/profile,3747.18,34.76,1119.06,0.0,0,27010,5189.8345,33.166,352.6465,5.93,A
11,hotel1/mongodb-user,11.93,161.9,400.43,0.0,0,411,318.7058,1.4005,352.6465,0.0192,A
11,hotel2/memcached-reserve,269.01,7.18,79.27,0.0,0,976,318.7058,2.3934,352.6465,0.457,A
11,hotel2/memcached-rate,200.49,7.5,79.27,0.0,0,1460,318.7058,1.7895,352.6465,0.353,A
11,hotel2/memcached-profile,315.28,7.68,79.27,0.0,0,1527,318.7058,2.8031,352.6465,0.542,A
11,hotel2/jaeger,0.32,14.6,81.01,0.0,0,0,318.7058,1.4005,1.4887,0.0,A
11,hotel2/geo,933.11,20.12,1119.06,0.0,0,2051,394.0893,8.2892,352.6465,1.67,A
11,hotel2/frontend,9732.39,116.27,1119.14,0.0,0,646827,124284.5284,86.2096,352.6465,15.4,A
11,hotel2/mongodb-geo,11.37,161.87,400.43,0.0,0,124,318.7058,1.4005,352.6465,0.0192,A
11,hotel1/user,62.31,15.8,1119.06,0.0,0,955,318.7058,1.4005,352.6465,0.0999,A
11,hotel1/search,2549.49,24.57,1119.06,0.0,0,3188,612.558,22.5678,352.6465,4.27,A
11,hotel1/reservation,3495.5,62.02,1119.06,0.0,0,78219,15029.3843,31.0168,352.6465,5.58,A
11,hotel1/recommendation,641.13,20.12,1119.06,0.0,0,1773,340.673,5.7121,352.6465,1.01,A
11,hotel2/consul,29.28,27.33,212.87,0.0,0,1703,327.2228,1.4005,352.6465,0.0461,A
11,hotel1/rate,1680.88,27.78,1119.14,0.0,0,2669,512.8348,14.9096,352.6465,2.75,A
12,hotel2/user,65.69,15.7,1119.06,0.0,0,1082,318.7058,1.4005,340.5952,0.0866,A
12,hotel2/search,2573.76,27.06,1119.06,0.0,0,3175,569.5511,19.7459,340.5952,3.85,A
12,hotel2/recommendation,634.45,21.04,1119.06,0.0,0,2066,370.6118,4.8976,340.5952,0.941,A
12,hotel2/rate,1862.38,29.66,1119.14,0.0,0,2606,467.4803,14.3093,340.5952,2.68,A
12,hotel2/profile,4239.73,46.5,1119.06,0.0,0,128841,23112.2925,32.5312,340.5952,6.07,A
12,hotel2/mongodb-user,13.13,160.9,400.43,0.043,4,198,318.7058,1.4005,340.5952,0.0252,A
12,hotel2/mongodb-reservation,2310.17,271.32,400.43,0.0352,6,184383,33075.7587,18.2415,340.5952,3.93,A
12,hotel2/mongodb-recommendation,12.37,160.57,400.43,0.0234,2,1503,318.7058,1.4005,340.5952,0.018,A
12,hotel2/reservation,4122.79,53.71,1119.06,0.0,0,112652,20208.2099,31.6518,340.5952,6.26,A
12,hotel2/mongodb-rate,12.45,164.91,400.43,0.0234,2,175,318.7058,1.4005,340.5952,0.018,A
12,hotel2/mongodb-geo,12.68,161.87,400.43,0.0234,2,254,318.7058,1.4005,340.5952,0.018,A
12,hotel2/memcached-reserve,277.29,7.14,79.27,0.0,0,1408,318.7058,2.1362,340.5952,0.411,A
12,hotel2/mongodb-profile,12.9,162.47,400.43,0.0234,2,171,318.7058,1.4005,340.5952,0.0216,A
12,es-stress-d/elasticsearch-dynamic-0,1007.24,51167.67,1414.09,0.0,0,208,318.7058,114.9828,340.5952,1.48,A
12,es-stress-d2/elasticsearch-dynamic-0,1007.56,51236.44,1414.09,0.0,0,171,318.7058,115.1295,340.5952,1.48,A
12,es-stress-d3/elasticsearch-dynamic-0,1008.35,50991.88,1414.09,0.0,0,377,318.7058,114.6228,340.5952,1.48,A
12,es-stress-d4/elasticsearch-dynamic-0,1010.51,51498.6,1414.09,0.0195,8,833,318.7058,115.7017,340.5952,1.48,A
12,hotel1/consul,27.25,25.84,212.87,0.0,0,2394,429.4505,1.4005,340.5952,0.0397,A
12,hotel1/frontend,9999.29,109.52,1119.14,0.0,0,874541,156880.5536,76.7237,340.5952,14.8,A
12,hotel1/geo,902.58,18.94,1119.06,0.0,0,1755,318.7058,6.9444,340.5952,1.46,A
12,hotel1/memcached-profile,295.81,7.66,79.27,0.0,0,1383,318.7058,2.279,340.5952,0.508,A
12,hotel1/memcached-rate,197.75,7.45,79.27,0.0,0,1382,318.7058,1.5284,340.5952,0.325,A
12,hotel1/memcached-reserve,251.04,7.66,79.27,0.0,0,914,318.7058,1.9365,340.5952,0.411,A
12,hotel1/mongodb-geo,12.02,161.28,400.43,0.0,0,192,318.7058,1.4005,340.5952,0.018,A
12,hotel1/mongodb-profile,12.04,162.11,400.43,0.0,0,209,318.7058,1.4005,340.5952,0.018,A
12,hotel1/mongodb-rate,12.85,163.3,400.43,0.0234,1,257,318.7058,1.4005,340.5952,0.018,A
12,hotel1/jaeger,0.27,14.83,81.01,0.0,0,0,318.7058,1.4005,1.4887,0.0,A
12,hotel1/mongodb-reservation,2296.75,267.05,400.43,0.0273,14,193043,34629.2429,18.1299,340.5952,3.97,A
12,hotel1/mongodb-recommendation,12.79,160.85,400.43,0.0234,1,241,318.7058,1.4005,340.5952,0.018,A
12,hotel2/memcached-profile,334.84,8.23,79.27,0.0,0,1306,318.7058,2.5788,340.5952,0.498,A
12,hotel2/jaeger,0.28,14.6,81.01,0.0,0,0,318.7058,1.4005,1.4887,0.0,A
12,hotel2/geo,1008.11,19.94,1119.06,0.0,0,1858,333.2995,7.7538,340.5952,1.52,A
12,hotel2/frontend,9877.45,119.21,1119.14,0.0,0,636022,114093.5456,75.812,340.5952,14.4,A
12,hotel2/consul,28.92,27.33,212.87,0.0,0,1677,318.7058,1.4005,340.5952,0.0433,A
12,hotel1/user,57.01,16.15,1119.06,0.0,0,1078,318.7058,1.4005,340.5952,0.0974,A
12,hotel2/memcached-rate,215.62,7.74,79.27,0.0,0,1602,318.7058,1.6657,340.5952,0.317,A
12,hotel1/reservation,3421.76,59.01,1119.06,0.0,0,63451,11382.2314,26.3,340.5952,5.45,A
12,hotel1/recommendation,597.79,18.12,1119.06,0.0,0,1575,318.7058,4.6111,340.5952,0.945,A
12,hotel1/rate,1562.68,26.59,1119.14,0.0,0,2710,486.1365,12.0102,340.5952,2.5,A
12,hotel1/profile,3329.13,35.15,1119.06,0.0,0,7734,1387.3726,25.5414,340.5952,5.32,A
12,hotel1/mongodb-user,12.86,161.9,400.43,0.0234,1,189,318.7058,1.4005,340.5952,0.0216,A
12,hotel1/search,2307.19,26.74,1119.06,0.0,0,3099,555.9177,17.706,340.5952,3.82,A
13,hotel2/user,70.29,15.71,1119.06,0.0,0,1089,318.7058,1.4005,357.3119,0.0929,A
13,hotel2/search,2602.72,26.43,1119.06,0.0,0,3527,710.4121,22.2843,357.3119,3.77,A
13,hotel2/profile,4215.38,40.02,1119.06,0.0,0,179228,36100.2964,36.0859,357.3119,6.22,A
13,hotel2/recommendation,661.87,19.59,1119.06,0.0,0,1815,365.5793,5.6944,357.3119,0.911,A
13,hotel2/rate,1703.13,26.7,1119.14,0.0,0,3057,615.7442,14.6022,357.3119,2.72,A
13,hotel2/mongodb-user,11.67,160.9,400.43,0.0,0,141,318.7058,1.4005,357.3119,0.0186,A
13,hotel2/mongodb-reservation,2100.93,271.81,400.43,0.0078,4,11724,2361.4607,18.524,357.3119,3.95,A
13,hotel2/mongodb-recommendation,12.85,160.57,400.43,0.0,0,114,318.7058,1.4005,357.3119,0.0149,A
13,hotel2/reservation,4105.7,57.02,1119.06,0.0,0,132047,26597.0487,35.1856,357.3119,6.45,A
13,hotel2/mongodb-rate,12.15,165.09,400.43,0.0,0,303,318.7058,1.4005,357.3119,0.0149,A
13,hotel2/mongodb-profile,12.32,162.47,400.43,0.0,0,491,318.7058,1.4005,357.3119,0.0149,A
13,hotel2/memcached-reserve,273.56,7.14,79.27,0.0,0,1028,318.7058,2.3515,357.3119,0.416,A
13,es-stress-d/elasticsearch-dynamic-0,1010.69,56262.42,1414.09,0.0,0,136,318.7058,129.0162,357.3119,1.52,A
13,es-stress-d2/elasticsearch-dynamic-0,1011.22,56307.94,1414.09,0.0,0,131,318.7058,129.1181,357.3119,1.52,A
13,es-stress-d3/elasticsearch-dynamic-0,1010.66,56234.45,1414.09,0.0,0,858,318.7058,128.9561,357.3119,1.53,A
13,es-stress-d4/elasticsearch-dynamic-0,1008.91,56548.62,1414.09,0.0,0,855,318.7058,129.6134,357.3119,1.53,A
13,hotel1/consul,26.93,25.84,212.87,0.0,0,1922,387.1313,1.4005,357.3119,0.0409,A
13,hotel1/frontend,10001.67,111.01,1119.14,0.0,0,647611,130442.5036,85.654,357.3119,15.1,A
13,hotel1/geo,960.01,19.05,1119.06,0.0,0,1744,351.2784,8.2395,357.3119,1.37,A
13,hotel1/jaeger,0.39,14.83,81.01,0.0,0,0,318.7058,1.4005,1.4887,0.0,A
13,hotel1/memcached-profile,333.15,7.7,79.27,0.0,0,1957,394.181,2.8616,357.3119,0.446,A
13,hotel1/memcached-rate,213.25,7.51,79.27,0.0,0,1360,318.7058,1.8373,357.3119,0.294,A
13,hotel1/memcached-reserve,271.09,7.09,79.27,0.0,0,1541,318.7058,2.3303,357.3119,0.383,A
13,hotel1/mongodb-geo,13.83,161.28,400.43,0.0234,1,137,318.7058,1.4005,357.3119,0.0149,A
13,hotel1/mongodb-profile,14.1,162.11,400.43,0.0234,1,188,318.7058,1.4005,357.3119,0.0223,A
13,hotel1/mongodb-rate,11.97,163.3,400.43,0.0,0,104,318.7058,1.4005,357.3119,0.0149,A
13,hotel2/mongodb-geo,12.14,161.87,400.43,0.0,0,160,318.7058,1.4005,357.3119,0.0186,A
13,hotel1/mongodb-reservation,1510.85,267.05,400.43,0.0703,19,5408,1089.2852,13.4744,357.3119,2.32,A
13,hotel1/mongodb-recommendation,12.97,160.85,400.43,0.0,0,242,318.7058,1.4005,357.3119,0.0149,A
13,hotel2/memcached-profile,332.89,8.19,79.27,0.0,0,1761,354.7025,2.8605,357.3119,0.487,A
13,hotel2/jaeger,0.34,14.6,81.01,0.0,0,0,318.7058,1.4005,1.4887,0.0,A
13,hotel2/geo,1024.11,22.07,1119.06,0.0,0,1891,380.8873,8.7933,357.3119,1.47,A
13,hotel2/frontend,9891.33,108.73,1119.14,0.0,0,607087,122280.116,84.7068,357.3119,14.8,A
13,hotel2/consul,32.95,25.87,212.87,0.0,0,1872,377.0603,1.4005,357.3119,0.0409,A
13,hotel2/memcached-rate,215.34,7.5,79.27,0.0,0,1545,318.7058,1.8551,357.3119,0.316,A
13,hotel1/search,2580.78,26.4,1119.06,0.0,0,3351,674.962,22.0969,357.3119,3.69,A
13,hotel1/reservation,3600.41,58.18,1119.06,0.0,0,66960,13487.1552,30.8728,357.3119,4.93,A
13,hotel1/recommendation,640.18,18.29,1119.06,0.0,0,1991,401.0294,5.5064,357.3119,0.855,A
13,hotel1/rate,1655.28,27.05,1119.14,0.0,0,2686,541.017,14.1943,357.3119,2.29,A
13,hotel1/profile,3936.38,33.67,1119.06,0.0,0,34751,6999.5838,33.6896,357.3119,4.93,A
13,hotel1/user,62.17,16.34,1119.06,0.0,0,1276,318.7058,1.4005,357.3119,0.0929,A
13,hotel1/mongodb-user,11.91,161.9,400.43,0.0,0,543,318.7058,1.4005,357.3119,0.0186,A
14,hotel2/user,67.81,15.84,1119.06,0.0,0,1065,318.7058,1.4005,364.2956,0.0782,A
14,hotel2/rate,1898.33,29.01,1119.14,0.0,0,2703,559.6002,25.7024,364.2956,2.86,A
14,hotel2/recommendation,657.06,17.59,1119.06,0.0,0,2148,444.6989,8.9198,364.2956,0.98,A
14,hotel2/profile,4198.1,38.38,1119.06,0.0,0,110001,22773.4296,56.7598,364.2956,6.23,A
14,hotel2/mongodb-user,14.09,160.91,400.43,0.0781,20,257,318.7058,1.4005,364.2956,0.0209,A
14,hotel2/mongodb-reservation,2064.31,270.41,400.43,0.1562,26,24457,5063.3155,28.6937,364.2956,2.58,A
14,hotel2/search,2754.75,29.9,1119.06,0.0,0,3281,679.2631,37.2599,364.2956,3.97,A
14,hotel2/mongodb-recommendation,13.32,160.57,400.43,0.0742,16,180,318.7058,1.4005,364.2956,0.0156,A
14,hotel2/mongodb-rate,12.9,164.91,400.43,0.0664,12,112,318.7058,1.4005,364.2956,0.0209,A
14,hotel2/reservation,4272.99,56.5,1119.06,0.0,0,189028,39134.3338,57.8266,364.2956,6.25,A
14,hotel2/mongodb-profile,13.77,162.47,400.43,0.0703,16,125,318.7058,1.4005,364.2956,0.0209,A
14,hotel2/mongodb-geo,13.73,161.87,400.43,0.0898,22,224,318.7058,1.4005,364.2956,0.0156,A
14,es-stress-d/elasticsearch-dynamic-0,1007.76,61342.42,1414.09,0.0039,2,317,318.7058,204.6568,364.2956,1.5,A
14,es-stress-d2/elasticsearch-dynamic-0,1007.4,61442.94,1414.09,0.0195,8,139,318.7058,204.965,364.2956,1.5,A
14,es-stress-d3/elasticsearch-dynamic-0,1007.82,61389.1,1414.09,0.0234,6,277,318.7058,204.803,364.2956,1.49,A
14,es-stress-d4/elasticsearch-dynamic-0,1009.03,61577.98,1414.09,0.0,0,722,318.7058,205.4076,364.2956,1.49,A
14,hotel1/consul,28.4,25.84,212.87,0.0,0,1593,329.7977,1.4005,364.2956,0.0417,A
14,hotel1/frontend,10003.61,113.5,1119.14,0.0,0,727513,150616.5044,135.321,364.2956,14.7,A
14,hotel1/geo,945.71,17.96,1119.06,0.0,0,1891,391.4924,12.8153,364.2956,1.55,A
14,hotel1/jaeger,0.28,14.83,81.01,0.0,0,0,318.7058,1.4005,1.4887,0.0,A
14,hotel1/memcached-rate,215.54,7.49,79.27,0.0,0,1623,336.0085,2.9314,364.2956,0.36,A
14,hotel1/memcached-reserve,259.52,7.07,79.27,0.0,0,1089,318.7058,3.5234,364.2956,0.448,A
14,hotel1/mongodb-geo,12.0,161.29,400.43,0.0508,8,166,318.7058,1.4005,364.2956,0.0156,A
14,hotel1/mongodb-profile,12.15,162.12,400.43,0.043,7,227,318.7058,1.4005,364.2956,0.0209,A
14,hotel1/mongodb-rate,13.6,163.3,400.43,0.0664,8,195,318.7058,1.4005,364.2956,0.0156,A
14,hotel1/mongodb-recommendation,13.71,160.85,400.43,0.0742,9,231,318.7058,1.4005,364.2956,0.0156,A
14,hotel1/memcached-profile,319.92,7.98,79.27,0.0,0,1283,318.7058,4.3412,364.2956,0.537,A
14,hotel1/mongodb-user,13.67,161.91,400.43,0.0781,11,255,318.7058,1.4005,364.2956,0.0156,A
14,hotel1/mongodb-reservation,1644.52,267.05,400.43,0.0781,23,11741,2430.731,23.0194,364.2956,4.54,A
14,hotel2/memcached-rate,223.83,7.74,79.27,0.0,0,1525,318.7058,3.044,364.2956,0.323,A
14,hotel2/memcached-profile,344.24,8.26,79.27,0.0,0,1448,318.7058,4.6702,364.2956,0.521,A
14,hotel2/jaeger,0.32,14.6,81.01,0.0,0,0,318.7058,1.4005,1.4887,0.0,A
14,hotel2/geo,1075.4,20.23,1119.06,0.0,0,2369,490.4524,14.5722,364.2956,1.59,A
14,hotel2/frontend,9883.01,112.89,1119.14,0.0,0,566264,117233.2374,133.692,364.2956,14.5,A
14,hotel2/consul,29.66,25.87,212.87,0.0,0,1636,338.6999,1.4005,364.2956,0.0469,A
14,hotel2/memcached-reserve,292.19,7.15,79.27,0.0,0,1193,318.7058,3.9645,364.2956,0.412,A
14,hotel1/search,2586.82,24.12,1119.06,0.0,0,2935,607.631,34.9762,364.2956,4.31,A
14,hotel1/reservation,3480.5,59.86,1119.06,0.0,0,66507,13768.8974,47.1449,364.2956,5.95,A
14,hotel1/recommendation,634.61,18.99,1119.06,0.0,0,1972,408.2618,8.6212,364.2956,1.03,A
14,hotel1/rate,1689.76,30.23,1119.14,0.0,0,2885,597.2795,22.8922,364.2956,2.87,A
14,hotel1/profile,3609.37,38.66,1119.06,0.0,0,14427,2986.8117,48.8176,364.2956,6.02,A
14,hotel1/user,62.5,16.38,1119.06,0.0,0,1113,318.7058,1.4005,364.2956,0.0991,A
15,hotel2/user,64.72,16.1,1119.06,0.0,0,1559,318.7058,1.4005,370.0467,0.0726,A
15,hotel2/search,2765.99,24.0,1119.06,0.0,0,5376,1044.9138,20.0746,370.0467,3.4,A
15,hotel2/reservation,4340.52,53.44,1119.06,0.0,0,168544,32759.2918,31.5272,370.0467,5.64,A
15,hotel2/profile,4289.25,41.52,1119.06,0.0,0,95501,18562.1863,31.1367,370.0467,5.59,A
15,hotel2/rate,1926.82,26.45,1119.14,0.0,0,2832,550.4457,13.9997,370.0467,2.37,A
15,hotel2/mongodb-user,11.66,160.91,400.43,0.0,0,245,318.7058,1.4005,370.0467,0.0173,A
15,hotel2/mongodb-reservation,2225.65,270.02,400.43,0.0078,4,10218,1986.036,16.5536,370.0467,2.27,A
15,hotel2/mongodb-recommendation,12.16,160.57,400.43,0.0,0,103,318.7058,1.4005,370.0467,0.0138,A
15,hotel2/recommendation,683.21,18.06,1119.06,0.0,0,1902,369.6849,4.9779,370.0467,0.834,A
15,hotel2/mongodb-rate,12.06,164.91,400.43,0.0,0,122,318.7058,1.4005,370.0467,0.0173,A
15,hotel2/mongodb-profile,13.78,162.47,400.43,0.0,0,271,318.7058,1.4005,370.0467,0.0138,A
15,hotel2/memcached-reserve,288.63,7.4,79.27,0.0,0,1078,318.7058,2.1026,370.0467,0.374,A
15,es-stress-d/elasticsearch-dynamic-0,1013.25,66453.48,1414.09,0.0,0,132,318.7058,113.5421,370.0467,1.43,A
15,es-stress-d2/elasticsearch-dynamic-0,1013.09,66513.8,1414.09,0.0,0,371,318.7058,113.6373,370.0467,1.42,A
15,es-stress-d3/elasticsearch-dynamic-0,1013.6,66674.19,1414.09,0.0,0,852,318.7058,113.8973,370.0467,1.43,A
15,es-stress-d4/elasticsearch-dynamic-0,1010.57,66568.98,1414.09,0.0,0,149,318.7058,113.7072,370.0467,1.43,A
15,hotel1/consul,26.26,25.84,212.87,0.0,0,1788,347.5271,1.4005,370.0467,0.0346,A
15,hotel1/frontend,10003.07,117.98,1119.14,0.0,0,691406,134386.1003,72.6486,370.0467,14.2,A
15,hotel1/geo,955.25,19.17,1119.06,0.0,0,1825,354.7187,6.9503,370.0467,1.38,A
15,hotel1/jaeger,1.61,14.83,81.01,0.0,0,13,318.7058,1.4005,1.4887,0.0,A
15,hotel1/memcached-profile,328.75,8.52,79.27,0.0,0,1309,318.7058,2.395,370.0467,0.457,A
15,hotel1/memcached-rate,218.78,7.48,79.27,0.0,0,1077,318.7058,1.5967,370.0467,0.315,A
15,hotel1/memcached-reserve,274.69,7.07,79.27,0.0,0,1133,318.7058,2.0011,370.0467,0.377,A
15,hotel1/mongodb-geo,13.37,161.29,400.43,0.0273,1,132,318.7058,1.4005,370.0467,0.0173,A
15,hotel1/mongodb-profile,12.56,162.12,400.43,0.0273,1,167,318.7058,1.4005,370.0467,0.0208,A
15,hotel1/mongodb-rate,12.6,163.3,400.43,0.0,0,89,318.7058,1.4005,370.0467,0.0173,A
15,hotel2/mongodb-geo,11.58,161.87,400.43,0.0,0,329,318.7058,1.4005,370.0467,0.0173,A
15,hotel1/mongodb-reservation,2664.2,266.58,400.43,0.0547,13,116694,22681.3936,19.7249,370.0467,3.18,A
15,hotel2/memcached-rate,231.55,7.74,79.27,0.0,0,1740,338.1975,1.6897,370.0467,0.277,A
15,hotel2/memcached-profile,349.18,7.66,79.27,0.0,0,1582,318.7058,2.5416,370.0467,0.446,A
15,hotel2/jaeger,0.35,14.6,81.01,0.0,0,0,318.7058,1.4005,1.4887,0.0,A
15,hotel2/geo,1086.26,20.71,1119.06,0.0,0,1906,370.4624,7.9017,370.0467,1.3,A
15,hotel1/mongodb-recommendation,11.59,160.85,400.43,0.0,0,177,318.7058,1.4005,370.0467,0.0173,A
15,hotel2/consul,30.14,25.87,212.87,0.0,0,1827,355.1074,1.4005,370.0467,0.045,A
15,hotel2/frontend,9858.4,122.23,1119.14,0.0,0,514482,99998.018,71.6074,370.0467,13.6,A
15,hotel1/search,2632.75,25.94,1119.06,0.0,0,3630,705.5501,19.1125,370.0467,3.55,A
15,hotel1/reservation,3692.51,56.43,1119.06,0.0,0,55912,10867.4146,26.8379,370.0467,5.18,A
15,hotel1/recommendation,642.93,18.26,1119.06,0.0,0,1902,369.6849,4.6864,370.0467,0.903,A
15,hotel1/rate,1726.97,26.9,1119.14,0.0,0,2406,467.6456,12.5528,370.0467,2.39,A
15,hotel1/profile,3830.53,38.18,1119.06,0.0,0,18055,3509.2855,27.8085,370.0467,5.32,A
15,hotel1/mongodb-user,13.66,161.91,400.43,0.0,0,387,318.7058,1.4005,370.0467,0.0138,A
15,hotel1/user,63.09,16.15,1119.06,0.0,0,955,318.7058,1.4005,370.0467,0.0899,A
16,hotel2/user,65.93,16.3,1119.06,0.0,0,1089,318.7058,1.4005,348.6856,0.0901,A
16,hotel2/search,2629.22,27.67,1119.06,0.0,0,3666,656.0193,21.051,348.6856,3.85,A
16,hotel2/mongodb-recommendation,12.54,160.57,400.43,0.0273,2,219,318.7058,1.4005,348.6856,0.018,A
16,hotel2/recommendation,632.9,18.51,1119.06,0.0,0,1955,349.8411,5.0862,348.6856,0.955,A
16,hotel2/rate,1761.25,26.86,1119.14,0.0,0,2857,511.2512,14.1148,348.6856,2.72,A
16,hotel2/profile,4391.04,42.77,1119.06,0.0,0,191776,34317.7165,35.1517,348.6856,6.22,A
16,hotel2/mongodb-user,12.47,160.91,400.43,0.0273,2,265,318.7058,1.4005,348.6856,0.0216,A
16,hotel2/mongodb-reservation,1990.65,269.95,400.43,0.043,8,83609,14961.5695,16.3334,348.6856,3.69,A
16,hotel2/reservation,4176.22,59.82,1119.06,0.0,0,149677,26784.2319,33.4623,348.6856,6.08,A
16,hotel2/mongodb-rate,12.28,164.91,400.43,0.0273,2,164,318.7058,1.4005,348.6856,0.018,A
16,hotel2/mongodb-profile,12.86,162.48,400.43,0.0273,2,196,318.7058,1.4005,348.6856,0.0216,A
16,hotel2/memcached-reserve,279.59,7.9,79.27,0.0,0,1402,318.7058,2.2464,348.6856,0.415,A
16,hotel2/mongodb-geo,12.31,162.06,400.43,0.0273,2,167,318.7058,1.4005,348.6856,0.018,A
16,es-stress-d/elasticsearch-dynamic-0,1006.12,71527.73,1414.09,0.0,0,182,318.7058,121.5405,348.6856,1.47,A
16,es-stress-d2/elasticsearch-dynamic-0,1005.97,71482.63,1414.09,0.0039,2,481,318.7058,121.4677,348.6856,1.47,A
16,es-stress-d3/elasticsearch-dynamic-0,1005.93,71874.44,1414.09,0.0039,2,483,318.7058,122.0891,348.6856,1.47,A
16,es-stress-d4/elasticsearch-dynamic-0,1009.24,71554.85,1414.09,0.0039,2,332,318.7058,121.6085,348.6856,1.47,A
16,hotel1/consul,27.92,26.35,212.87,0.0,0,2340,418.7357,1.4005,348.6856,0.0433,A
16,hotel1/frontend,9994.78,108.32,1119.14,0.0,0,692851,123983.5235,80.0288,348.6856,14.7,A
16,hotel1/geo,936.72,19.69,1119.06,0.0,0,2050,366.8411,7.5155,348.6856,1.28,A
16,hotel1/memcached-profile,316.97,7.99,79.27,0.0,0,1517,318.7058,2.5452,348.6856,0.429,A
16,hotel1/memcached-rate,211.73,7.49,79.27,0.0,0,1647,318.7058,1.7036,348.6856,0.278,A
16,hotel1/memcached-reserve,268.69,7.56,79.27,0.0,0,1301,318.7058,2.1588,348.6856,0.357,A
16,hotel1/mongodb-geo,10.97,161.29,400.43,0.0,0,127,318.7058,1.4005,348.6856,0.018,A
16,hotel1/mongodb-profile,11.69,162.12,400.43,0.0,0,547,318.7058,1.4005,348.6856,0.018,A
16,hotel1/mongodb-rate,12.95,163.31,400.43,0.0273,1,201,318.7058,1.4005,348.6856,0.018,A
16,hotel1/jaeger,0.4,14.83,81.01,0.0,0,0,318.7058,1.4005,1.4887,0.0,A
16,hotel1/mongodb-reservation,2427.04,266.14,400.43,0.0195,8,117150,20963.6268,19.814,348.6856,2.67,A
16,hotel1/mongodb-recommendation,12.49,160.86,400.43,0.0273,1,142,318.7058,1.4005,348.6856,0.0216,A
16,hotel2/memcached-profile,343.94,7.98,79.27,0.0,0,1786,319.5991,2.7607,348.6856,0.497,A
16,hotel2/jaeger,0.48,14.6,81.01,0.0,0,0,318.7058,1.4005,1.4887,0.0036,A
16,hotel2/geo,1008.14,20.21,1119.06,0.0,0,2376,425.1778,8.087,348.6856,1.51,A
16,hotel2/frontend,9700.13,118.15,1119.14,0.0,0,525154,93974.6688,77.6902,348.6856,14.5,A
16,hotel2/consul,28.36,25.87,212.87,0.0,0,1308,318.7058,1.4005,348.6856,0.0469,A
16,hotel1/user,60.81,16.15,1119.06,0.0,0,1353,318.7058,1.4005,348.6856,0.0793,A
16,hotel2/memcached-rate,214.57,7.51,79.27,0.0,0,1729,318.7058,1.7263,348.6856,0.328,A
16,hotel1/reservation,3519.0,60.97,1119.06,0.0,0,66368,11876.3464,28.2131,348.6856,4.88,A
16,hotel1/recommendation,620.65,18.91,1119.06,0.0,0,2039,364.8727,4.9889,348.6856,0.88,A
16,hotel1/rate,1636.38,25.2,1119.14,0.0,0,2918,522.167,13.1144,348.6856,2.2,A
16,hotel1/profile,3549.72,35.93,1119.06,0.0,0,9874,1766.9215,28.4188,348.6856,4.79,A
16,hotel1/mongodb-user,12.47,161.91,400.43,0.0273,1,240,318.7058,1.4005,348.6856,0.0216,A
16,hotel1/search,2525.31,23.66,1119.06,0.0,0,3391,606.8089,20.2144,348.6856,3.25,A
17,hotel2/user,55.69,16.51,1119.06,0.0,0,1205,318.7058,1.4005,355.803,0.118,A
17,hotel2/rate,1625.44,32.95,1119.14,0.0,0,2570,529.5414,13.9109,355.803,2.63,A
17,hotel2/reservation,3885.84,55.25,1119.06,0.0,0,100033,20611.5249,33.2196,355.803,6.64,A
17,hotel2/recommendation,607.74,19.55,1119.06,0.0,0,1690,348.2199,5.2124,355.803,1.04,A
17,hotel2/profile,3920.53,40.29,1119.06,0.0,0,167912,34597.8065,33.4923,355.803,6.56,A
17,hotel2/mongodb-user,11.11,160.91,400.43,0.0,0,172,318.7058,1.4005,355.803,0.0191,A
17,hotel2/mongodb-reservation,1791.6,269.71,400.43,0.0078,4,8422,1735.33,15.6941,355.803,3.74,A
17,hotel2/search,2394.99,27.81,1119.06,0.0,0,3303,680.5741,20.4649,355.803,4.05,A
17,hotel2/mongodb-recommendation,11.62,160.57,400.43,0.0,0,124,318.7058,1.4005,355.803,0.0191,A
17,hotel2/mongodb-rate,11.52,164.91,400.43,0.0,0,245,318.7058,1.4005,355.803,0.0191,A
17,hotel1/mongodb-reservation,1802.22,266.17,400.43,0.0586,13,38634,7960.4296,15.7792,355.803,2.06,A
17,hotel2/mongodb-geo,11.34,161.88,400.43,0.0,0,233,318.7058,1.4005,355.803,0.0191,A
17,es-stress-d/elasticsearch-dynamic-0,1016.1,76595.0,1414.09,0.0273,6,139,318.7058,127.1782,355.803,1.57,A
17,es-stress-d2/elasticsearch-dynamic-0,1016.29,76532.71,1414.09,0.0,0,993,318.7058,127.0835,355.803,1.57,A
17,es-stress-d3/elasticsearch-dynamic-0,1015.08,77133.65,1414.09,0.0,0,426,318.7058,128.003,355.803,1.57,A
17,es-stress-d4/elasticsearch-dynamic-0,1010.91,76588.99,1414.09,0.0,0,165,318.7058,127.1247,355.803,1.57,A
17,hotel1/consul,27.22,26.35,212.87,0.0,0,1378,318.7058,1.4005,355.803,0.0458,A
17,hotel1/frontend,9985.39,113.87,1119.14,0.0,0,676486,139388.0825,85.3206,355.803,15.5,A
17,hotel1/geo,977.12,20.23,1119.06,0.0,0,1949,401.5861,8.3631,355.803,1.46,A
17,hotel1/jaeger,0.4,14.83,81.01,0.0,0,0,318.7058,1.4005,1.4887,0.0,A
17,hotel1/memcached-profile,333.51,7.71,79.27,0.0,0,1735,357.492,2.8557,355.803,0.504,A
17,hotel1/memcached-rate,224.05,7.51,79.27,0.0,0,1590,327.6151,1.9221,355.803,0.325,A
17,hotel1/memcached-reserve,283.23,7.67,79.27,0.0,0,1169,318.7058,2.4269,355.803,0.413,A
17,hotel1/mongodb-geo,12.53,161.29,400.43,0.0273,1,189,318.7058,1.4005,355.803,0.0229,A
17,hotel1/mongodb-profile,12.31,162.12,400.43,0.0273,1,231,318.7058,1.4005,355.803,0.0229,A
17,hotel1/mongodb-rate,11.64,163.31,400.43,0.0,0,239,318.7058,1.4005,355.803,0.0191,A
17,hotel1/mongodb-recommendation,11.04,160.86,400.43,0.0,0,272,318.7058,1.4005,355.803,0.0191,A
17,hotel2/mongodb-profile,11.79,162.48,400.43,0.0,0,100,318.7058,1.4005,355.803,0.0191,A
17,hotel1/mongodb-user,11.67,161.91,400.43,0.0,0,149,318.7058,1.4005,355.803,0.0153,A
17,hotel2/memcached-rate,195.24,7.52,79.27,0.0,0,1542,318.7058,1.6764,355.803,0.336,A
17,hotel2/memcached-profile,317.02,7.72,79.27,0.0,0,1399,318.7058,2.7151,355.803,0.531,A
17,hotel2/jaeger,0.32,14.6,81.01,0.0,0,0,318.7058,1.4005,1.4887,0.0,A
17,hotel2/geo,935.17,19.44,1119.06,0.0,0,2115,435.7899,8.0042,355.803,1.61,A
17,hotel2/frontend,9728.39,111.81,1119.14,0.0,0,576714,118830.3359,83.126,355.803,15.5,A
17,hotel2/consul,30.68,26.38,212.87,0.0,0,1525,318.7058,1.4005,355.803,0.0458,A
17,hotel2/memcached-reserve,272.56,7.2,79.27,0.0,0,916,318.7058,2.3352,355.803,0.451,A
17,hotel1/search,2660.64,26.37,1119.06,0.0,0,3252,670.0657,22.7278,355.803,3.96,A
17,hotel1/reservation,3736.02,56.94,1119.06,0.0,0,93737,19314.2514,31.9448,355.803,5.58,A
17,hotel1/recommendation,646.87,18.65,1119.06,0.0,0,2053,423.015,5.5447,355.803,0.966,A
17,hotel1/rate,1757.03,27.58,1119.14,0.0,0,2818,580.6412,15.0247,355.803,2.44,A
17,hotel1/profile,3782.15,36.21,1119.06,0.0,0,13607,2803.685,32.306,355.803,5.87,A
17,hotel1/user,59.17,16.16,1119.06,0.0,0,900,318.7058,1.4005,355.803,0.0955,A
18,hotel2/user,65.15,16.68,1119.06,0.0,0,1020,318.7058,1.4005,361.302,0.0976,A
18,hotel2/search,2513.62,32.08,1119.06,0.0,0,3373,622.3871,18.9743,361.302,4.37,A
18,hotel2/profile,4061.63,44.91,1119.06,0.0,0,139506,25741.6932,30.6504,361.302,6.49,A
18,hotel2/rate,1674.94,28.39,1119.14,0.0,0,2632,485.6575,12.6529,361.302,3.14,A
18,hotel2/mongodb-user,12.81,160.91,400.43,0.0273,2,255,318.7058,1.4005,361.302,0.0217,A
18,hotel2/mongodb-reservation,2732.75,269.43,400.43,0.0352,2,133701,24670.5527,20.9432,361.302,3.03,A
18,hotel2/mongodb-recommendation,12.79,160.57,400.43,0.0273,2,170,318.7058,1.4005,361.302,0.0181,A
18,hotel2/recommendation,622.7,18.21,1119.06,0.0,0,2298,424.0277,4.7143,361.302,1.01,A
18,hotel2/mongodb-rate,12.7,164.91,400.43,0.0273,2,166,318.7058,1.4005,361.302,0.0217,A
18,hotel2/mongodb-profile,12.75,162.48,400.43,0.0273,2,116,318.7058,1.4005,361.302,0.0181,A
18,hotel2/reservation,4008.99,56.1,1119.06,0.0,0,108623,20043.1518,30.2689,361.302,6.41,A
18,hotel2/memcached-reserve,283.57,7.17,79.27,0.0,0,1414,318.7058,2.1453,361.302,0.441,A
18,hotel2/mongodb-geo,12.49,161.88,400.43,0.0273,2,97,318.7058,1.4005,361.302,0.0181,A
18,es-stress-d2/elasticsearch-dynamic-0,1009.7,81573.71,1414.09,0.0,0,283,318.7058,117.049,361.302,1.49,A
18,es-stress-d3/elasticsearch-dynamic-0,1011.43,82323.68,1414.09,0.0,0,163,318.7058,118.0683,361.302,1.48,A
18,es-stress-d4/elasticsearch-dynamic-0,1013.93,81626.52,1414.09,0.0273,6,246,318.7058,117.1518,361.302,1.49,A
18,hotel1/consul,26.39,26.35,212.87,0.0,0,2228,411.1113,1.4005,361.302,0.0434,A
18,hotel1/frontend,10015.76,112.31,1119.14,0.0,0,762892,140769.0837,75.5843,361.302,14.6,A
18,hotel1/geo,979.07,19.08,1119.06,0.0,0,1983,365.9038,7.3995,361.302,1.46,A
18,hotel1/jaeger,0.4,14.83,81.01,0.0,0,0,318.7058,1.4005,1.4887,0.0036,A
18,hotel1/memcached-profile,337.01,7.97,79.27,0.0,0,1266,318.7058,2.5489,361.302,0.503,A
18,hotel1/memcached-rate,224.67,7.49,79.27,0.0,0,1379,318.7058,1.7021,361.302,0.333,A
18,hotel1/memcached-reserve,283.31,7.66,79.27,0.0,0,1036,318.7058,2.144,361.302,0.409,A
18,hotel1/mongodb-geo,11.42,161.29,400.43,0.0,0,173,318.7058,1.4005,361.302,0.0145,A
18,hotel1/mongodb-profile,11.77,162.12,400.43,0.0,0,202,318.7058,1.4005,361.302,0.0181,A
18,hotel1/mongodb-rate,13.29,163.31,400.43,0.0273,1,196,318.7058,1.4005,361.302,0.0181,A
18,hotel1/mongodb-recommendation,12.94,160.86,400.43,0.0273,1,215,318.7058,1.4005,361.302,0.0217,A
18,es-stress-d/elasticsearch-dynamic-0,1008.8,81418.5,1414.09,0.0,0,1181,318.7058,116.834,361.302,1.48,A
18,hotel1/mongodb-user,12.74,161.91,400.43,0.0273,1,259,318.7058,1.4005,361.302,0.0181,A
18,hotel1/mongodb-reservation,2489.37,265.5,400.43,0.0312,14,115156,21248.6231,19.1049,361.302,2.41,A
18,hotel2/memcached-profile,327.88,8.51,79.27,0.0,0,1632,318.7058,2.4808,361.302,0.521,A
18,hotel2/jaeger,0.33,14.6,81.01,0.0,0,0,318.7058,1.4005,1.4887,0.0,A
18,hotel2/geo,933.12,21.18,1119.06,0.0,0,1998,368.6716,7.0562,361.302,1.66,A
18,hotel2/frontend,9885.12,119.58,1119.14,0.0,0,525091,96889.9647,74.6101,361.302,14.7,A
18,hotel2/consul,27.93,26.38,212.87,0.0,0,1939,357.7849,1.4005,361.302,0.047,A
18,hotel2/memcached-rate,207.74,7.75,79.27,0.0,0,1676,318.7058,1.575,361.302,0.351,A
18,hotel1/user,70.29,15.88,1119.06,0.0,0,1135,318.7058,1.4005,361.302,0.0904,A
18,hotel1/search,2630.77,24.78,1119.06,0.0,0,4173,770.0033,19.8469,361.302,4.06,A
18,hotel1/reservation,3937.01,59.2,1119.06,0.0,0,122345,22575.1398,29.731,361.302,5.4,A
18,hotel1/recommendation,657.57,17.85,1119.06,0.0,0,2248,414.8017,4.9764,361.302,0.987,A
18,hotel1/rate,1704.31,27.14,1119.14,0.0,0,2914,537.6922,12.8724,361.302,2.65,A
18,hotel1/profile,3893.31,36.18,1119.06,0.0,0,13867,2558.7434,29.371,361.302,5.76,A
19,hotel2/user,60.11,16.67,1119.06,0.0,0,1145,318.7058,1.4005,362.5315,0.104,A
19,hotel2/rate,1950.06,27.48,1119.14,0.0,0,3007,544.2063,15.8402,362.5315,2.8,A
19,hotel2/recommendation,640.43,18.8,1119.06,0.0,0,2149,388.9256,5.2157,362.5315,1.02,A
19,hotel2/mongodb-recommendation,12.2,160.57,400.43,0.0,0,147,318.7058,1.4005,362.5315,0.0154,A
19,hotel2/profile,4188.32,41.18,1119.06,0.0,0,133582,24175.6438,33.9967,362.5315,6.7,A
19,hotel2/mongodb-user,11.1,160.91,400.43,0.0,0,255,318.7058,1.4005,362.5315,0.0193,A
19,hotel2/mongodb-reservation,2467.63,268.8,400.43,0.0117,6,96839,17525.9029,20.3691,362.5315,3.17,A
19,hotel2/search,2683.42,25.88,1119.06,0.0,0,3646,659.8524,21.7807,362.5315,4.1,A
19,hotel2/mongodb-rate,11.48,164.91,400.43,0.0,0,161,318.7058,1.4005,362.5315,0.0193,A
19,hotel2/mongodb-profile,11.88,162.48,400.43,0.0,0,208,318.7058,1.4005,362.5315,0.0193,A
19,hotel2/reservation,4345.06,55.48,1119.06,0.0,0,192554,34848.3846,35.2866,362.5315,6.39,A
19,hotel2/memcached-reserve,299.89,7.23,79.27,0.0,0,903,318.7058,2.4402,362.5315,0.432,A
19,es-stress-d2/elasticsearch-dynamic-0,1010.69,86657.21,1414.09,0.0,0,184,318.7058,128.4338,362.5315,1.58,A
19,es-stress-d3/elasticsearch-dynamic-0,1010.52,87346.55,1414.09,0.0,0,963,318.7058,129.3889,362.5315,1.58,A
19,es-stress-d4/elasticsearch-dynamic-0,1008.22,86777.86,1414.09,0.0,0,444,318.7058,128.5812,362.5315,1.58,A
19,hotel1/consul,28.97,26.35,212.87,0.0,0,1276,318.7058,1.4005,362.5315,0.0385,A
19,hotel1/frontend,9974.41,109.22,1119.14,0.0,0,670168,121286.8713,80.9779,362.5315,15.8,A
19,hotel1/geo,976.47,19.71,1119.06,0.0,0,1842,333.3648,7.94,362.5315,1.35,A
19,hotel1/jaeger,0.37,14.83,81.01,0.0,0,0,318.7058,1.4005,1.4887,0.0038,A
19,hotel1/memcached-profile,324.87,7.68,79.27,0.0,0,1579,318.7058,2.6432,362.5315,0.474,A
19,hotel1/memcached-rate,212.42,7.47,79.27,0.0,0,1162,318.7058,1.7317,362.5315,0.32,A
19,hotel1/memcached-reserve,280.29,7.11,79.27,0.0,0,1294,318.7058,2.2812,362.5315,0.389,A
19,hotel1/mongodb-geo,12.54,161.29,400.43,0.0273,1,119,318.7058,1.4005,362.5315,0.0193,A
19,hotel1/mongodb-profile,12.36,162.12,400.43,0.0273,1,98,318.7058,1.4005,362.5315,0.0193,A
19,hotel1/mongodb-rate,11.83,163.31,400.43,0.0,0,145,318.7058,1.4005,362.5315,0.0231,A
19,hotel1/mongodb-recommendation,10.94,160.86,400.43,0.0,0,186,318.7058,1.4005,362.5315,0.0193,A
19,es-stress-d/elasticsearch-dynamic-0,1009.99,86151.07,1414.09,0.0,0,593,318.7058,127.7258,362.5315,1.58,A
19,hotel1/mongodb-user,11.98,161.92,400.43,0.0,0,161,318.7058,1.4005,362.5315,0.0193,A
19,hotel1/mongodb-reservation,2981.25,265.23,400.43,0.0703,17,149389,27036.3915,24.5262,362.5315,4.44,A
19,hotel2/memcached-rate,233.77,7.76,79.27,0.0,0,1410,318.7058,1.9051,362.5315,0.343,A
19,hotel2/memcached-profile,348.97,8.02,79.27,0.0,0,1541,318.7058,2.839,362.5315,0.532,A
19,hotel2/jaeger,1.6,14.6,81.01,0.0,0,19,318.7058,1.4005,1.4887,0.0,A
19,hotel2/geo,1057.5,21.72,1119.06,0.0,0,2094,378.9717,8.5995,362.5315,1.6,A
19,hotel2/frontend,9896.53,115.86,1119.14,0.0,0,597089,108061.0484,80.356,362.5315,15.4,A
19,hotel2/consul,29.71,26.38,212.87,0.0,0,1868,338.0703,1.4005,362.5315,0.0424,A
19,hotel2/mongodb-geo,11.72,161.88,400.43,0.0,0,111,318.7058,1.4005,362.5315,0.0154,A
19,hotel1/user,60.28,16.32,1119.06,0.0,0,852,318.7058,1.4005,362.5315,0.0963,A
19,hotel1/search,2669.0,28.27,1119.06,0.0,0,3265,590.8991,21.6671,362.5315,3.79,A
19,hotel1/reservation,3933.61,58.41,1119.06,0.0,0,126510,22895.7546,31.9566,362.5315,5.38,A
19,hotel1/recommendation,673.91,19.45,1119.06,0.0,0,1876,339.5181,5.4879,362.5315,0.932,A
19,hotel1/rate,1664.92,25.7,1119.14,0.0,0,2703,489.1884,13.5271,362.5315,2.5,A
19,hotel1/profile,3765.82,38.46,1119.06,0.0,0,12401,2244.3305,30.5692,362.5315,5.4,A
20,hotel2/user,58.72,15.78,1119.06,0.0,0,1051,318.7058,1.4005,339.2334,0.0978,A
20,hotel2/search,2407.67,27.31,1119.06,0.0,0,3036,550.7199,17.9722,339.2334,4.14,A
20,hotel2/rate,1668.69,28.73,1119.14,0.0,0,2441,442.789,12.4674,339.2334,2.72,A
20,hotel2/recommendation,599.23,19.36,1119.06,0.0,0,1937,351.3651,4.4876,339.2334,0.998,A
20,hotel2/profile,3968.0,38.53,1119.06,0.0,0,128901,23382.1955,29.6118,339.2334,6.69,A
20,hotel2/mongodb-user,12.71,160.91,400.43,0.0273,2,226,318.7058,1.4005,339.2334,0.0196,A
20,hotel2/mongodb-reservation,2091.22,268.44,400.43,0.043,6,37686,6836.11,15.8939,339.2334,3.13,A
20,hotel2/mongodb-recommendation,12.89,160.58,400.43,0.0273,2,154,318.7058,1.4005,339.2334,0.0196,A
20,hotel2/reservation,3912.2,55.84,1119.06,0.0,0,98247,17821.6659,29.2161,339.2334,6.78,A
20,hotel2/mongodb-rate,12.81,164.91,400.43,0.0273,2,144,318.7058,1.4005,339.2334,0.0196,A
20,hotel2/mongodb-geo,12.64,161.88,400.43,0.0273,2,168,318.7058,1.4005,339.2334,0.0235,A
20,hotel2/memcached-reserve,273.17,7.33,79.27,0.0,0,1102,318.7058,2.044,339.2334,0.454,A
20,hotel2/mongodb-profile,12.84,162.48,400.43,0.0273,2,212,318.7058,1.4005,339.2334,0.0156,A
20,es-stress-d/elasticsearch-dynamic-0,1007.8,91016.97,1414.09,0.0,0,1598,318.7058,113.111,339.2334,1.59,A
20,es-stress-d2/elasticsearch-dynamic-0,1008.03,91854.96,1414.09,0.0352,8,406,318.7058,114.085,339.2334,1.6,A
20,es-stress-d3/elasticsearch-dynamic-0,1008.25,92628.61,1414.09,0.0234,8,933,318.7058,114.9842,339.2334,1.6,A
20,es-stress-d4/elasticsearch-dynamic-0,1011.32,92048.43,1414.09,0.0,0,234,318.7058,114.334,339.2334,1.61,A
20,hotel1/consul,27.56,26.36,212.87,0.0,0,1514,318.7058,1.4005,339.2334,0.0469,A
20,hotel1/frontend,10007.5,115.35,1119.14,0.0,0,750730,136179.8248,74.7035,339.2334,15.9,A
20,hotel1/geo,1003.01,20.66,1119.06,0.0,0,1797,325.9696,7.4978,339.2334,1.61,A
20,hotel1/memcached-profile,330.44,7.74,79.27,0.0,0,1369,318.7058,2.4712,339.2334,0.524,A
20,hotel1/memcached-rate,222.67,7.5,79.27,0.0,0,1709,318.7058,1.6679,339.2334,0.344,A
20,hotel1/memcached-reserve,271.94,7.07,79.27,0.0,0,893,318.7058,2.0345,339.2334,0.45,A
20,hotel1/mongodb-geo,11.05,161.29,400.43,0.0,0,166,318.7058,1.4005,339.2334,0.0117,A
20,hotel1/mongodb-profile,11.9,162.12,400.43,0.0,0,149,318.7058,1.4005,339.2334,0.0156,A
20,hotel1/mongodb-rate,12.97,163.31,400.43,0.0273,1,202,318.7058,1.4005,339.2334,0.0196,A
20,hotel1/jaeger,0.37,14.83,81.01,0.0,0,0,318.7058,1.4005,1.4887,0.0,A
20,hotel1/mongodb-reservation,2725.13,265.22,400.43,0.0469,22,268814,48761.9296,20.6137,339.2334,4.02,A
20,hotel1/mongodb-recommendation,13.25,160.86,400.43,0.0273,1,186,318.7058,1.4005,339.2334,0.0196,A
20,hotel2/memcached-profile,313.82,8.03,79.27,0.0,0,1367,318.7058,2.3477,339.2334,0.528,A
20,hotel2/jaeger,0.32,14.6,81.01,0.0,0,0,318.7058,1.4005,1.4887,0.0,A
20,hotel2/geo,959.62,20.4,1119.06,0.0,0,1832,332.3185,7.1742,339.2334,1.58,A
20,hotel2/frontend,9832.11,111.5,1119.14,0.0,0,594733,107882.5087,73.3922,339.2334,15.5,A
20,hotel2/consul,27.91,26.39,212.87,0.0,0,1358,318.7058,1.4005,339.2334,0.0469,A
20,hotel1/user,61.63,15.84,1119.06,0.0,0,1093,318.7058,1.4005,339.2334,0.102,A
20,hotel2/memcached-rate,198.66,7.49,79.27,0.0,0,1443,318.7058,1.489,339.2334,0.333,A
20,hotel1/reservation,3727.22,60.56,1119.06,0.0,0,71280,12929.9454,27.8432,339.2334,5.86,A
20,hotel1/recommendation,634.49,19.1,1119.06,0.0,0,2095,380.0258,4.75,339.2334,1.06,A
20,hotel1/rate,1650.01,28.1,1119.14,0.0,0,2670,484.3288,12.3275,339.2334,2.79,A
20,hotel1/profile,3842.75,37.17,1119.06,0.0,0,36261,6577.62,28.6769,339.2334,6.01,A
20,hotel1/mongodb-user,12.74,161.91,400.43,0.0273,1,327,318.7058,1.4005,339.2334,0.0196,A
20,hotel1/search,2708.62,30.31,1119.06,0.0,0,3226,585.1852,20.2181,339.2334,4.27,A
21,hotel2/rate,1885.4,28.5,1119.14,0.0,0,2955,542.7599,13.0871,354.8368,2.55,A
21,hotel2/search,2573.73,29.96,1119.06,0.0,0,3348,614.9442,17.8556,354.8368,3.82,A
21,hotel2/recommendation,632.9,19.06,1119.06,0.0,0,1786,328.0437,4.4031,354.8368,0.951,A
21,hotel2/profile,4018.03,40.71,1119.06,0.0,0,125982,23139.754,27.8693,354.8368,6.22,A
21,hotel2/mongodb-user,11.01,160.91,400.43,0.0,0,146,318.7058,1.4005,354.8368,0.0184,A
21,hotel2/mongodb-reservation,2481.89,268.0,400.43,0.0117,6,68466,12575.4981,17.47,354.8368,3.2,A
21,hotel2/user,59.36,15.79,1119.06,0.0,0,898,318.7058,1.4005,354.8368,0.0881,A
21,hotel2/mongodb-recommendation,11.99,160.57,400.43,0.0,0,129,318.7058,1.4005,354.8368,0.0184,A
21,hotel2/mongodb-rate,11.7,164.91,400.43,0.0,0,119,318.7058,1.4005,354.8368,0.0184,A
21,hotel2/reservation,4163.88,51.58,1119.06,0.0,0,135857,24953.5454,28.8908,354.8368,6.04,A
21,hotel2/mongodb-profile,11.85,162.48,400.43,0.0,0,175,318.7058,1.4005,354.8368,0.0147,A
21,es-stress-d/elasticsearch-dynamic-0,1009.43,95881.97,1414.09,0.0,0,168,318.7058,107.855,354.8368,1.52,A
21,es-stress-d2/elasticsearch-dynamic-0,1010.09,96930.71,1414.09,0.0,0,450,318.7058,108.9628,354.8368,1.52,A
21,es-stress-d3/elasticsearch-dynamic-0,1011.71,97743.42,1414.09,0.0,0,476,318.7058,109.829,354.8368,1.52,A
21,es-stress-d4/elasticsearch-dynamic-0,1007.95,97111.14,1414.09,0.0,0,267,318.7058,109.1378,354.8368,1.52,A
21,hotel1/consul,26.85,26.36,212.87,0.0,0,1682,318.7058,1.4005,354.8368,0.0404,A
21,hotel1/frontend,9984.46,107.79,1119.14,0.0,0,649724,119338.1081,69.2597,354.8368,14.9,A
21,hotel1/geo,1021.67,18.61,1119.06,0.0,0,2035,373.7788,7.095,354.8368,1.43,A
21,hotel1/jaeger,0.37,14.83,81.01,0.0,0,0,318.7058,1.4005,1.4887,0.0,A
21,hotel1/memcached-profile,344.16,7.71,79.27,0.0,0,1321,318.7058,2.3916,354.8368,0.485,A
21,hotel1/memcached-rate,220.51,7.48,79.27,0.0,0,1215,318.7058,1.535,354.8368,0.33,A
21,hotel1/memcached-reserve,278.54,7.14,79.27,0.0,0,1203,318.7058,1.9365,354.8368,0.419,A
21,hotel1/mongodb-geo,12.84,161.29,400.43,0.0273,1,157,318.7058,1.4005,354.8368,0.0184,A
21,hotel1/mongodb-profile,12.31,162.28,400.43,0.0273,1,428,318.7058,1.4005,354.8368,0.0184,A
21,hotel1/mongodb-rate,11.55,163.31,400.43,0.0,0,291,318.7058,1.4005,354.8368,0.0184,A
21,hotel1/mongodb-recommendation,11.39,160.86,400.43,0.0,0,210,318.7058,1.4005,354.8368,0.0147,A
21,hotel2/mongodb-geo,11.62,161.88,400.43,0.0,0,145,318.7058,1.4005,354.8368,0.0147,A
21,hotel1/mongodb-user,12.07,161.91,400.43,0.0,0,183,318.7058,1.4005,354.8368,0.0184,A
21,hotel1/mongodb-reservation,2752.96,264.67,400.43,0.0703,15,184567,33900.3586,19.3438,354.8368,2.25,A
21,hotel2/memcached-rate,221.84,7.73,79.27,0.0,0,1615,318.7058,1.5445,354.8368,0.301,A
21,hotel2/memcached-profile,329.32,8.74,79.27,0.0,0,1635,318.7058,2.2899,354.8368,0.481,A
21,hotel2/jaeger,0.37,14.6,81.01,0.0,0,0,318.7058,1.4005,1.4887,0.0,A
21,hotel2/geo,977.98,20.22,1119.06,0.0,0,2090,383.8809,6.7942,354.8368,1.46,A
21,hotel2/frontend,9818.99,114.74,1119.14,0.0,0,622220,114286.3086,68.1211,354.8368,14.5,A
21,hotel2/consul,29.73,26.39,212.87,0.0,0,1727,318.7058,1.4005,354.8368,0.0404,A
21,hotel2/memcached-reserve,285.87,7.41,79.27,0.0,0,977,318.7058,1.9876,354.8368,0.426,A
21,hotel1/user,63.46,15.85,1119.06,0.0,0,886,318.7058,1.4005,354.8368,0.0955,A
21,hotel1/search,2691.97,29.69,1119.06,0.0,0,3376,620.0871,18.6742,354.8368,3.89,A
21,hotel1/reservation,3845.16,60.16,1119.06,0.0,0,166249,30535.7985,26.6925,354.8368,5.72,A
21,hotel1/recommendation,645.91,18.23,1119.06,0.0,0,1915,351.7378,4.4924,354.8368,0.958,A
21,hotel1/rate,1774.4,28.04,1119.14,0.0,0,2559,470.0245,12.3179,354.8368,2.6,A
21,hotel1/profile,4042.39,37.27,1119.06,0.0,0,15459,2839.4331,28.0344,354.8368,5.46,A
22,hotel2/user,58.83,16.12,1119.06,0.0,0,765,318.7058,1.4005,343.0812,0.0999,A
22,hotel2/search,2535.51,29.21,1119.06,0.0,0,3545,607.515,19.5962,343.0812,3.96,A
22,hotel2/rate,1798.29,28.15,1119.14,0.0,0,2484,425.689,13.9066,343.0812,2.73,A
22,hotel2/mongodb-recommendation,12.46,160.57,400.43,0.0273,2,122,318.7058,1.4005,343.0812,0.0192,A
22,hotel2/profile,4067.69,43.03,1119.06,0.0,0,160458,27498.0667,31.4339,343.0812,6.29,A
22,hotel2/mongodb-user,13.11,160.91,400.43,0.0273,2,287,318.7058,1.4005,343.0812,0.0192,A
22,hotel2/mongodb-reservation,2526.65,267.88,400.43,0.043,4,100153,17163.4563,19.7873,343.0812,3.82,A
22,hotel2/recommendation,611.49,20.7,1119.06,0.0,0,2274,389.7008,4.7409,343.0812,0.946,A
22,hotel2/mongodb-rate,12.83,165.1,400.43,0.0312,4,259,318.7058,1.4005,343.0812,0.0192,A
22,hotel2/mongodb-profile,13.88,162.48,400.43,0.0273,2,165,318.7058,1.4005,343.0812,0.0231,A
22,hotel2/reservation,4045.92,56.98,1119.06,0.0,0,161637,27700.1147,31.281,343.0812,6.37,A
22,hotel2/memcached-reserve,284.8,7.15,79.27,0.0,0,1357,318.7058,2.2053,343.0812,0.438,A
22,es-stress-d/elasticsearch-dynamic-0,1008.73,100703.97,1414.09,0.0,0,186,318.7058,117.2656,343.0812,1.57,A
22,es-stress-d2/elasticsearch-dynamic-0,1008.48,101924.46,1414.09,0.0,0,601,318.7058,118.5905,343.0812,1.58,A
22,es-stress-d3/elasticsearch-dynamic-0,1008.15,102838.17,1414.09,0.0,0,874,318.7058,119.5813,343.0812,1.57,A
22,es-stress-d4/elasticsearch-dynamic-0,1011.15,102142.74,1414.09,0.0,0,369,318.7058,118.8484,343.0812,1.57,A
22,hotel1/consul,28.11,26.36,212.87,0.0,0,2180,373.5918,1.4005,343.0812,0.0461,A
22,hotel1/frontend,10012.41,115.94,1119.14,0.0,0,721331,123616.1982,77.3837,343.0812,15.6,A
22,hotel1/geo,918.95,20.39,1119.06,0.0,0,1598,318.7058,7.113,343.0812,1.53,A
22,hotel1/jaeger,0.35,14.83,81.01,0.0,0,0,318.7058,1.4005,1.4887,0.0,A
22,hotel1/memcached-profile,316.88,7.67,79.27,0.0,0,1612,318.7058,2.4534,343.0812,0.523,A
22,hotel1/memcached-rate,204.38,7.49,79.27,0.0,0,1305,318.7058,1.5852,343.0812,0.346,A
22,hotel1/memcached-reserve,262.09,7.07,79.27,0.0,0,1183,318.7058,2.03,343.0812,0.438,A
22,hotel1/mongodb-geo,11.61,161.29,400.43,0.0,0,153,318.7058,1.4005,343.0812,0.0115,A
22,hotel1/mongodb-profile,11.9,162.12,400.43,0.0,0,249,318.7058,1.4005,343.0812,0.0192,A
22,hotel1/mongodb-rate,12.81,163.31,400.43,0.0273,1,157,318.7058,1.4005,343.0812,0.0154,A
22,hotel2/mongodb-geo,12.81,161.88,400.43,0.0273,2,157,318.7058,1.4005,343.0812,0.0192,A
22,hotel1/mongodb-reservation,2771.63,264.39,400.43,0.0195,10,291230,49908.7734,21.6739,343.0812,4.42,A
22,hotel2/memcached-rate,221.63,7.52,79.27,0.0,0,1770,318.7058,1.7183,343.0812,0.334,A
22,hotel2/memcached-profile,321.55,7.7,79.27,0.0,0,1334,318.7058,2.4895,343.0812,0.515,A
22,hotel2/jaeger,0.37,14.6,81.01,0.0,0,0,318.7058,1.4005,1.4887,0.0,A
22,hotel2/geo,981.66,19.07,1119.06,0.0,0,2070,354.7408,7.5954,343.0812,1.51,A
22,hotel1/mongodb-recommendation,13.19,160.86,400.43,0.0273,1,123,318.7058,1.4005,343.0812,0.0231,A
22,hotel2/consul,29.03,26.39,212.87,0.0,0,1379,318.7058,1.4005,343.0812,0.0461,A
22,hotel2/frontend,9881.3,121.72,1119.14,0.0,0,596597,102240.2378,76.3783,343.0812,15.5,A
22,hotel1/search,2454.08,27.43,1119.06,0.0,0,3281,562.2727,18.966,343.0812,4.07,A
22,hotel1/reservation,3524.63,57.58,1119.06,0.0,0,84374,14459.3718,27.2593,343.0812,5.89,A
22,hotel1/recommendation,610.8,18.74,1119.06,0.0,0,1725,318.7058,4.7334,343.0812,1.01,A
22,hotel1/rate,1630.97,26.69,1119.14,0.0,0,2834,485.6693,12.6139,343.0812,2.73,A
22,hotel1/profile,3516.08,35.62,1119.06,0.0,0,14622,2505.8067,27.1695,343.0812,6.09,A
22,hotel1/mongodb-user,12.8,161.91,400.43,0.0273,1,237,318.7058,1.4005,343.0812,0.0192,A
22,hotel1/user,63.05,16.12,1119.06,0.0,0,1324,318.7058,1.4005,343.0812,0.104,A
23,hotel2/user,62.37,16.46,1119.06,0.0,0,1384,318.7058,1.4005,370.8943,0.0998,A
23,hotel2/search,2640.27,29.12,1119.06,0.0,0,4154,742.1847,23.3853,370.8943,4.33,A
23,hotel2/mongodb-recommendation,11.59,160.57,400.43,0.0,0,278,318.7058,1.4005,370.8943,0.016,A
23,hotel2/recommendation,638.7,20.08,1119.06,0.0,0,1735,318.7058,5.673,370.8943,1.03,A
23,hotel2/rate,1818.9,28.45,1119.14,0.0,0,2701,482.5808,16.1206,370.8943,3.23,A
23,hotel2/profile,4122.7,39.41,1119.06,0.0,0,169495,30283.2426,36.508,370.8943,6.78,A
23,hotel2/mongodb-user,11.82,160.91,400.43,0.0,0,149,318.7058,1.4005,370.8943,0.016,A
23,hotel2/mongodb-reservation,2379.75,267.22,400.43,0.0117,6,59106,10560.3194,21.3728,370.8943,3.91,A
23,hotel2/reservation,4367.91,54.7,1119.06,0.0,0,226273,40427.6241,38.6953,370.8943,7.16,A
23,hotel2/mongodb-rate,11.93,164.91,400.43,0.0,0,227,318.7058,1.4005,370.8943,0.02,A
23,hotel2/mongodb-geo,11.6,161.88,400.43,0.0,0,427,318.7058,1.4005,370.8943,0.016,A
23,hotel2/memcached-reserve,287.72,7.18,79.27,0.0,0,964,318.7058,2.5533,370.8943,0.483,A
23,es-stress-d/elasticsearch-dynamic-0,1018.42,105531.09,1414.09,0.0273,12,149,318.7058,138.1552,370.8943,1.63,A
23,es-stress-d2/elasticsearch-dynamic-0,1017.91,106956.15,1414.09,0.0078,4,528,318.7058,139.8947,370.8943,1.65,A
23,es-stress-d3/elasticsearch-dynamic-0,1018.34,107893.56,1414.09,0.0039,2,497,318.7058,141.0457,370.8943,1.64,A
23,es-stress-d4/elasticsearch-dynamic-0,1014.96,107330.24,1414.09,0.0,0,1007,318.7058,140.3264,370.8943,1.64,A
23,hotel1/consul,27.36,26.36,212.87,0.0,0,1884,336.6095,1.4005,370.8943,0.0479,A
23,hotel1/frontend,10016.02,119.48,1119.14,0.0,0,694614,124104.9251,88.7246,370.8943,16.1,A
23,hotel1/geo,1047.15,20.02,1119.06,0.0,0,2217,396.1058,9.2852,370.8943,1.53,A
23,hotel1/jaeger,0.39,14.83,81.01,0.0,0,0,318.7058,1.4005,1.4887,0.0,A
23,hotel1/memcached-profile,359.04,7.99,79.27,0.0,0,1706,318.7058,3.185,370.8943,0.519,A
23,hotel1/memcached-rate,229.83,7.5,79.27,0.0,0,1514,318.7058,2.0417,370.8943,0.335,A
23,hotel1/memcached-reserve,290.57,7.12,79.27,0.0,0,1166,318.7058,2.5784,370.8943,0.439,A
23,hotel1/mongodb-geo,12.59,161.29,400.43,0.0273,1,819,318.7058,1.4005,370.8943,0.02,A
23,hotel1/mongodb-profile,12.32,162.12,400.43,0.0273,1,155,318.7058,1.4005,370.8943,0.02,A
23,hotel1/mongodb-rate,12.01,163.31,400.43,0.0,0,175,318.7058,1.4005,370.8943,0.02,A
23,hotel2/mongodb-profile,11.94,162.48,400.43,0.0,0,107,318.7058,1.4005,370.8943,0.016,A
23,hotel1/mongodb-reservation,2492.44,264.79,400.43,0.0664,13,231841,41422.4446,22.3664,370.8943,4.33,A
23,hotel2/memcached-rate,215.73,7.5,79.27,0.0,0,1529,318.7058,1.917,370.8943,0.375,A
23,hotel2/memcached-profile,341.42,8.0,79.27,0.0,0,1421,318.7058,3.0292,370.8943,0.559,A
23,hotel2/jaeger,0.37,14.6,81.01,0.0,0,0,318.7058,1.4005,1.4887,0.004,A
23,hotel2/geo,1012.07,22.74,1119.06,0.0,0,1876,335.1802,8.9782,370.8943,1.7,A
23,hotel1/mongodb-recommendation,11.28,160.86,400.43,0.0,0,379,318.7058,1.4005,370.8943,0.02,A
23,hotel2/consul,29.73,26.39,212.87,0.0,0,1737,318.7058,1.4005,370.8943,0.0439,A
23,hotel2/frontend,9712.82,113.23,1119.14,0.0,0,547816,97876.898,86.0356,370.8943,16.0,A
23,hotel1/search,2813.61,27.13,1119.06,0.0,0,3609,644.8109,24.9158,370.8943,4.12,A
23,hotel1/reservation,3982.34,56.73,1119.06,0.0,0,109089,19490.6555,35.2879,370.8943,6.09,A
23,hotel1/recommendation,696.89,19.26,1119.06,0.0,0,2194,391.9964,6.1866,370.8943,1.06,A
23,hotel1/rate,1738.95,26.53,1119.14,0.0,0,2621,468.2874,15.4112,370.8943,2.54,A
23,hotel1/profile,4018.57,37.89,1119.06,0.0,0,35055,6263.1881,35.5853,370.8943,5.99,A
23,hotel1/mongodb-user,11.66,161.91,400.43,0.0,0,157,318.7058,1.4005,370.8943,0.02,A
23,hotel1/user,60.17,16.07,1119.06,0.0,0,778,318.7058,1.4005,370.8943,0.104,A
24,hotel2/user,56.54,16.22,1119.06,0.0,0,853,318.7058,1.4005,366.2445,0.0911,A
24,hotel2/search,2538.74,23.69,1119.06,0.0,0,3264,614.7676,20.325,366.2445,3.76,A
24,hotel2/mongodb-recommendation,13.18,160.57,400.43,0.0273,2,224,318.7058,1.4005,366.2445,0.0228,A
24,hotel2/recommendation,641.91,20.13,1119.06,0.0,0,1827,344.1116,5.1538,366.2445,0.926,A
24,hotel2/rate,1857.91,25.05,1119.14,0.0,0,2747,517.3917,14.8823,366.2445,2.58,A
24,hotel2/profile,3945.09,42.17,1119.06,0.0,0,174981,32957.3044,31.5896,366.2445,6.16,A
24,hotel2/mongodb-user,13.11,160.91,400.43,0.0273,2,450,318.7058,1.4005,366.2445,0.0228,A
24,hotel2/mongodb-reservation,1773.0,266.91,400.43,0.043,4,20513,3863.5805,14.4547,366.2445,3.41,A
24,hotel2/reservation,4176.32,52.08,1119.06,0.0,0,157686,29699.8274,33.4489,366.2445,6.16,A
24,hotel2/mongodb-rate,13.08,164.91,400.43,0.0273,2,152,318.7058,1.4005,366.2445,0.019,A
24,hotel2/mongodb-profile,13.32,162.48,400.43,0.0273,2,126,318.7058,1.4005,366.2445,0.019,A
24,hotel2/memcached-reserve,283.25,7.14,79.27,0.0,0,974,318.7058,2.2724,366.2445,0.444,A
24,hotel2/mongodb-geo,13.06,161.88,400.43,0.0273,2,280,318.7058,1.4005,366.2445,0.019,A
24,es-stress-d/elasticsearch-dynamic-0,1004.43,110274.09,1414.09,0.0,0,236,318.7058,122.6336,366.2445,1.56,A
24,es-stress-d2/elasticsearch-dynamic-0,1004.68,111917.9,1414.09,0.0,0,631,318.7058,124.3439,366.2445,1.56,A
24,es-stress-d3/elasticsearch-dynamic-0,1004.49,113002.81,1414.09,0.0,0,162,318.7058,125.4699,366.2445,1.56,A
24,es-stress-d4/elasticsearch-dynamic-0,1010.8,112442.68,1414.09,0.0078,4,1543,318.7058,124.9382,366.2445,1.56,A
24,hotel1/consul,26.48,26.36,212.87,0.0,0,1905,358.8028,1.4005,366.2445,0.0456,A
24,hotel1/frontend,9939.67,118.82,1119.14,0.0,0,678613,127815.3354,79.6033,366.2445,15.5,A
24,hotel1/geo,1052.03,20.15,1119.06,0.0,0,1970,371.0454,8.4332,366.2445,1.58,A
24,hotel1/memcached-profile,339.69,7.7,79.27,0.0,0,1365,318.7058,2.7242,366.2445,0.512,A
24,hotel1/memcached-rate,232.25,7.49,79.27,0.0,0,1325,318.7058,1.8649,366.2445,0.353,A
24,hotel1/memcached-reserve,290.52,7.1,79.27,0.0,0,949,318.7058,2.3304,366.2445,0.425,A
24,hotel1/mongodb-geo,12.12,161.29,400.43,0.0,0,145,318.7058,1.4005,366.2445,0.0152,A
24,hotel1/mongodb-profile,12.16,162.12,400.43,0.0,0,141,318.7058,1.4005,366.2445,0.019,A
24,hotel1/mongodb-rate,13.0,163.31,400.43,0.0273,1,190,318.7058,1.4005,366.2445,0.0152,A
24,hotel1/jaeger,0.42,14.83,81.01,0.0,0,0,318.7058,1.4005,1.4887,0.0038,A
24,hotel1/mongodb-reservation,2447.22,263.61,400.43,0.0352,16,181867,34254.268,19.8425,366.2445,4.22,A
24,hotel1/mongodb-recommendation,13.14,160.86,400.43,0.0273,1,206,318.7058,1.4005,366.2445,0.019,A
24,hotel2/memcached-profile,333.68,9.22,79.27,0.0,0,1364,318.7058,2.6778,366.2445,0.482,A
24,hotel2/jaeger,0.32,14.6,81.01,0.0,0,0,318.7058,1.4005,1.4887,0.0,A
24,hotel2/geo,984.0,20.14,1119.06,0.0,0,1910,359.7445,7.8892,366.2445,1.5,A
24,hotel2/frontend,9857.53,114.54,1119.14,0.0,0,534399,100652.9309,78.942,366.2445,15.1,A
24,hotel2/consul,30.36,26.39,212.87,0.0,0,1511,318.7058,1.4005,366.2445,0.0456,A
24,hotel1/user,66.18,15.7,1119.06,0.0,0,1196,318.7058,1.4005,366.2445,0.0873,A
24,hotel2/memcached-rate,210.74,7.46,79.27,0.0,0,1154,318.7058,1.6929,366.2445,0.323,A
24,hotel1/reservation,4073.92,56.54,1119.06,0.0,0,120334,22664.6565,32.6347,366.2445,5.9,A
24,hotel1/recommendation,670.86,18.5,1119.06,0.0,0,1717,323.3933,5.3836,366.2445,1.01,A
24,hotel1/rate,1886.1,28.8,1119.14,0.0,0,3222,606.8569,15.1116,366.2445,2.66,A
24,hotel1/profile,3951.94,39.14,1119.06,0.0,0,35953,6771.6722,31.6413,366.2445,6.11,A
24,hotel1/mongodb-user,13.09,161.91,400.43,0.0273,1,230,318.7058,1.4005,366.2445,0.0228,A
24,hotel1/search,2737.19,28.04,1119.06,0.0,0,3480,655.4507,21.9163,366.2445,4.29,A
25,hotel2/user,66.21,15.94,1119.06,0.0,0,1006,318.7058,1.4005,367.1258,0.0952,A
25,hotel2/search,2778.21,26.01,1119.06,0.0,0,3653,659.8067,20.5507,367.1258,4.33,A
25,hotel2/profile,4396.19,42.55,1119.06,0.0,0,181545,32790.7482,32.5204,367.1258,6.67,A
25,hotel2/recommendation,667.16,18.61,1119.06,0.0,0,1902,343.5402,4.9467,367.1258,1.06,A
25,hotel2/rate,2028.17,28.0,1119.14,0.0,0,2728,492.7327,15.0111,367.1258,3.2,A
25,hotel2/mongodb-user,11.73,160.91,400.43,0.0,0,199,318.7058,1.4005,367.1258,0.0207,A
25,hotel2/mongodb-reservation,2255.8,266.72,400.43,0.0117,6,70986,12821.5266,16.9171,367.1258,3.77,A
25,hotel2/mongodb-recommendation,12.19,160.57,400.43,0.0,0,333,318.7058,1.4005,367.1258,0.0207,A
25,hotel2/reservation,4406.92,53.88,1119.06,0.0,0,165112,29822.6116,32.6103,367.1258,6.96,A
25,hotel2/mongodb-rate,11.99,164.91,400.43,0.0,0,163,318.7058,1.4005,367.1258,0.0207,A
25,hotel2/mongodb-profile,11.9,162.48,400.43,0.0,0,152,318.7058,1.4005,367.1258,0.0207,A
25,hotel2/memcached-reserve,301.35,7.16,79.27,0.0,0,1234,318.7058,2.2332,367.1258,0.464,A
25,es-stress-d/elasticsearch-dynamic-0,1008.45,115151.02,1414.09,0.0,0,1612,318.7058,115.5944,367.1258,1.71,A
25,es-stress-d2/elasticsearch-dynamic-0,1010.19,116905.77,1414.09,0.0,0,394,318.7058,117.2552,367.1258,1.7,A
25,es-stress-d3/elasticsearch-dynamic-0,1009.67,118119.55,1414.09,0.0,0,836,318.7058,118.3913,367.1258,1.72,A
25,es-stress-d4/elasticsearch-dynamic-0,1007.5,117619.62,1414.09,0.0195,8,380,318.7058,117.9058,367.1258,1.71,A
25,hotel1/consul,26.62,26.48,212.87,0.0,0,1259,318.7058,1.4005,367.1258,0.0414,A
25,hotel1/frontend,9999.65,112.16,1119.14,0.0,0,656153,118514.6813,73.986,367.1258,16.8,A
25,hotel1/geo,974.92,19.78,1119.06,0.0,0,1730,318.7058,7.2216,367.1258,1.66,A
25,hotel1/jaeger,0.34,14.83,81.01,0.0,0,0,318.7058,1.4005,1.4887,0.0,A
25,hotel1/memcached-profile,332.43,7.7,79.27,0.0,0,1303,318.7058,2.4633,367.1258,0.551,A
25,hotel1/memcached-rate,218.99,7.46,79.27,0.0,0,1078,318.7058,1.625,367.1258,0.364,A
25,hotel1/memcached-reserve,286.94,7.07,79.27,0.0,0,1367,318.7058,2.1266,367.1258,0.451,A
25,hotel1/mongodb-geo,13.3,161.3,400.43,0.0312,1,163,318.7058,1.4005,367.1258,0.0207,A
25,hotel1/mongodb-profile,13.25,162.12,400.43,0.0312,1,157,318.7058,1.4005,367.1258,0.0207,A
25,hotel1/mongodb-rate,11.5,163.31,400.43,0.0,0,145,318.7058,1.4005,367.1258,0.0166,A
25,hotel2/mongodb-geo,11.69,161.88,400.43,0.0,0,258,318.7058,1.4005,367.1258,0.0207,A
25,hotel1/mongodb-reservation,2697.94,263.5,400.43,0.0664,13,185503,33505.6442,20.1807,367.1258,4.43,A
25,hotel2/memcached-rate,229.05,7.5,79.27,0.0,0,1878,339.2053,1.6993,367.1258,0.373,A
25,hotel2/memcached-profile,355.42,8.25,79.27,0.0,0,1202,318.7058,2.6337,367.1258,0.551,A
25,hotel2/jaeger,0.34,14.6,81.01,0.0,0,0,318.7058,1.4005,1.4887,0.0,A
25,hotel2/geo,1048.15,21.71,1119.06,0.0,0,2086,376.7744,7.7645,367.1258,1.65,A
25,hotel2/frontend,9807.42,114.2,1119.14,0.0,0,510766,92254.8091,72.5676,367.1258,16.6,A
25,hotel2/consul,30.25,26.39,212.87,0.0,0,1263,318.7058,1.4005,367.1258,0.0497,A
25,hotel1/mongodb-recommendation,11.53,160.86,400.43,0.0,0,322,318.7058,1.4005,367.1258,0.0166,A
25,hotel1/search,2631.32,25.01,1119.06,0.0,0,2860,516.5746,19.4645,367.1258,4.48,A
25,hotel1/reservation,3930.74,54.87,1119.06,0.0,0,118591,21419.9654,29.0931,367.1258,6.22,A
25,hotel1/recommendation,660.01,17.85,1119.06,0.0,0,1989,359.2542,4.8931,367.1258,1.02,A
25,hotel1/rate,1741.19,26.46,1119.14,0.0,0,2740,494.9002,12.8893,367.1258,2.86,A
25,hotel1/profile,3738.51,39.02,1119.06,0.0,0,13092,2364.6836,27.658,367.1258,6.6,A
25,hotel1/mongodb-user,12.14,161.91,400.43,0.0,0,125,318.7058,1.4005,367.1258,0.0207,A
25,hotel1/user,65.2,15.71,1119.06,0.0,0,911,318.7058,1.4005,367.1258,0.112,A
26,hotel2/user,59.91,15.94,1119.06,0.0,0,1012,318.7058,1.4005,354.8677,0.103,A
26,hotel2/search,2699.66,33.16,1119.06,0.0,0,3281,558.3774,22.5979,354.8677,3.99,A
26,hotel2/profile,4310.29,42.72,1119.06,0.0,0,143554,24430.7564,36.0697,354.8677,6.53,A
26,hotel2/rate,1871.0,30.24,1119.14,0.0,0,2739,466.1371,15.6688,354.8677,2.82,A
26,hotel2/mongodb-user,13.95,160.92,400.43,0.082,16,114,318.7058,1.4005,354.8677,0.0163,A
26,hotel2/mongodb-reservation,2145.8,266.91,400.43,0.1797,36,44871,7636.3771,18.2036,354.8677,3.56,A
26,hotel2/mongodb-recommendation,14.08,160.58,400.43,0.1055,18,179,318.7058,1.4005,354.8677,0.0217,A
26,hotel2/reservation,4094.51,50.56,1119.06,0.0,0,136446,23221.0805,34.274,354.8677,6.16,A
26,hotel2/mongodb-rate,13.4,164.93,400.43,0.0781,14,135,318.7058,1.4005,354.8677,0.0217,A
26,hotel2/mongodb-profile,13.75,162.48,400.43,0.0938,16,104,318.7058,1.4005,354.8677,0.0272,A
26,hotel2/recommendation,668.36,18.46,1119.06,0.0,0,2077,353.4745,5.6049,354.8677,0.989,A
26,hotel2/memcached-reserve,287.44,7.14,79.27,0.0,0,1222,318.7058,2.4097,354.8677,0.44,A
26,hotel2/mongodb-geo,13.52,161.88,400.43,0.0977,16,159,318.7058,1.4005,354.8677,0.0163,A
26,es-stress-d2/elasticsearch-dynamic-0,1009.04,122039.17,1414.09,0.0195,8,423,318.7058,131.1367,354.8677,1.55,A
26,es-stress-d3/elasticsearch-dynamic-0,1009.24,123207.97,1414.09,0.0195,6,1086,318.7058,132.3136,354.8677,1.55,A
26,es-stress-d4/elasticsearch-dynamic-0,1012.79,122800.23,1414.09,0.0,0,771,318.7058,131.9333,354.8677,1.55,A
26,hotel1/consul,28.98,26.54,212.87,0.0,0,3153,536.5937,1.4005,354.8677,0.0435,A
26,hotel1/frontend,9991.43,120.93,1119.14,0.0,0,786172,133794.7856,83.633,354.8677,15.4,A
26,hotel1/geo,954.03,19.42,1119.06,0.0,0,2014,342.7529,7.9936,354.8677,1.51,A
26,hotel1/jaeger,0.33,14.83,81.01,0.0,0,0,318.7058,1.4005,1.4887,0.0,A
26,hotel1/memcached-profile,311.13,7.69,79.27,0.0,0,1638,318.7058,2.6083,354.8677,0.511,A
26,hotel1/memcached-rate,211.14,7.47,79.27,0.0,0,2179,370.8334,1.7723,354.8677,0.337,A
26,hotel1/memcached-reserve,273.11,7.37,79.27,0.0,0,1040,318.7058,2.2901,354.8677,0.419,A
26,hotel1/mongodb-geo,12.31,161.48,400.43,0.0469,9,338,318.7058,1.4005,354.8677,0.0163,A
26,hotel1/mongodb-profile,12.39,162.13,400.43,0.043,7,268,318.7058,1.4005,354.8677,0.0217,A
26,hotel1/mongodb-rate,14.05,163.32,400.43,0.0781,8,436,318.7058,1.4005,354.8677,0.0217,A
26,hotel1/mongodb-recommendation,14.1,160.87,400.43,0.082,12,171,318.7058,1.4005,354.8677,0.0163,A
26,es-stress-d/elasticsearch-dynamic-0,1009.11,119947.27,1414.09,0.0,0,206,318.7058,129.034,354.8677,1.55,A
26,hotel1/mongodb-user,13.6,161.92,400.43,0.0781,10,260,318.7058,1.4005,354.8677,0.0217,A
26,hotel1/mongodb-reservation,3350.97,263.52,400.43,0.125,39,546492,93004.8131,28.2734,354.8677,5.3,A
26,hotel2/memcached-profile,336.83,8.0,79.27,0.0,0,1585,318.7058,2.8234,354.8677,0.538,A
26,hotel2/jaeger,0.32,14.6,81.01,0.0,0,0,318.7058,1.4005,1.4887,0.0,A
26,hotel2/geo,1008.62,21.69,1119.06,0.0,0,2334,397.2121,8.4522,354.8677,1.52,A
26,hotel2/frontend,9854.68,110.3,1119.14,0.0,0,649486,110532.8606,82.4794,354.8677,15.2,A
26,hotel2/consul,30.2,26.9,212.87,0.0,0,3712,631.7272,1.4005,354.8677,0.0489,A
26,hotel2/memcached-rate,221.17,7.52,79.27,0.0,0,1452,318.7058,1.8562,354.8677,0.348,A
26,hotel1/search,2475.07,27.84,1119.06,0.0,0,3715,632.2378,20.7154,354.8677,4.0,A
26,hotel1/reservation,3728.84,64.53,1119.06,0.0,0,70014,11915.3418,31.2317,354.8677,5.78,A
26,hotel1/recommendation,646.88,18.5,1119.06,0.0,0,2005,341.2212,5.4254,354.8677,1.02,A
26,hotel1/rate,1723.69,28.46,1119.14,0.0,0,2949,501.876,14.4357,354.8677,2.61,A
26,hotel1/user,68.68,15.82,1119.06,0.0,0,1751,318.7058,1.4005,354.8677,0.0924,A
26,hotel1/profile,3526.67,38.43,1119.06,0.0,0,19024,3237.602,29.5156,354.8677,5.48,A
27,hotel2/mongodb-reservation,2218.69,266.03,400.43,0.0117,6,63973,12426.0482,17.8839,360.4241,3.51,A
27,hotel2/user,64.56,16.42,1119.06,0.0,0,1669,324.1848,1.4005,360.4241,0.0969,A
27,hotel2/recommendation,603.43,18.89,1119.06,0.0,0,1739,337.7815,4.815,360.4241,0.988,A
27,hotel2/rate,1818.53,28.97,1119.14,0.0,0,3114,604.8601,14.4851,360.4241,2.74,A
27,hotel2/profile,4353.96,38.16,1119.06,0.0,0,139842,27162.7629,34.652,360.4241,6.36,A
27,hotel2/mongodb-user,11.49,160.92,400.43,0.0,0,198,318.7058,1.4005,360.4241,0.0149,A
27,hotel2/search,2527.68,31.5,1119.06,0.0,0,3170,615.7375,20.1257,360.4241,4.02,A
27,hotel2/mongodb-recommendation,12.43,160.58,400.43,0.0,0,133,318.7058,1.4005,360.4241,0.0149,A
27,hotel2/mongodb-rate,11.89,164.93,400.43,0.0,0,148,318.7058,1.4005,360.4241,0.0149,A
27,hotel2/reservation,4096.75,55.37,1119.06,0.0,0,170140,33047.8145,32.6228,360.4241,6.78,A
27,hotel2/mongodb-profile,11.96,162.48,400.43,0.0,0,157,318.7058,1.4005,360.4241,0.0186,A
27,es-stress-d/elasticsearch-dynamic-0,1010.06,124702.09,1414.09,0.0,0,381,318.7058,122.305,360.4241,1.54,A
27,es-stress-d2/elasticsearch-dynamic-0,1010.11,127305.31,1414.09,0.0,0,203,318.7058,124.6909,360.4241,1.53,A
27,es-stress-d3/elasticsearch-dynamic-0,1011.01,128304.39,1414.09,0.0,0,252,318.7058,125.6136,360.4241,1.54,A
27,es-stress-d4/elasticsearch-dynamic-0,1008.18,127928.12,1414.09,0.0,0,520,318.7058,125.2463,360.4241,1.53,A
27,hotel1/consul,27.2,26.54,212.87,0.0,0,1620,318.7058,1.4005,360.4241,0.041,A
27,hotel1/frontend,9988.46,103.35,1119.14,0.0,0,793167,154063.9234,79.5099,360.4241,15.1,A
27,hotel1/geo,1021.88,20.59,1119.06,0.0,0,2105,408.873,8.1435,360.4241,1.66,A
27,hotel1/jaeger,0.32,14.83,81.01,0.0,0,0,318.7058,1.4005,1.4887,0.0,A
27,hotel1/memcached-profile,325.47,8.46,79.27,0.0,0,1303,318.7058,2.5955,360.4241,0.548,A
27,hotel1/memcached-rate,219.22,7.48,79.27,0.0,0,1503,318.7058,1.7498,360.4241,0.35,A
27,hotel1/memcached-reserve,285.03,7.07,79.27,0.0,0,1148,318.7058,2.2727,360.4241,0.455,A
27,hotel1/mongodb-geo,12.93,161.3,400.43,0.0312,1,140,318.7058,1.4005,360.4241,0.0186,A
27,hotel1/mongodb-profile,12.37,162.13,400.43,0.0312,1,176,318.7058,1.4005,360.4241,0.0186,A
27,hotel1/mongodb-rate,12.19,163.32,400.43,0.0,0,135,318.7058,1.4005,360.4241,0.0186,A
27,hotel1/mongodb-recommendation,11.65,160.87,400.43,0.0,0,110,318.7058,1.4005,360.4241,0.0149,A
27,hotel2/mongodb-geo,11.68,161.88,400.43,0.0,0,231,318.7058,1.4005,360.4241,0.0186,A
27,hotel1/mongodb-user,11.59,161.92,400.43,0.0,0,154,318.7058,1.4005,360.4241,0.0186,A
27,hotel2/memcached-reserve,281.0,7.14,79.27,0.0,0,1073,318.7058,2.2407,360.4241,0.447,A
27,hotel2/memcached-rate,207.55,7.54,79.27,0.0,0,1493,318.7058,1.6571,360.4241,0.328,A
27,hotel2/memcached-profile,325.84,7.74,79.27,0.0,0,1351,318.7058,2.5977,360.4241,0.526,A
27,hotel2/jaeger,0.34,14.6,81.01,0.0,0,0,318.7058,1.4005,1.4887,0.0037,A
27,hotel1/mongodb-reservation,2423.63,262.89,400.43,0.0781,16,69875,13572.4465,19.5105,360.4241,4.05,A
27,hotel2/frontend,9827.3,123.82,1119.14,0.0,0,549192,106674.4761,78.2473,360.4241,14.6,A
27,hotel2/geo,953.72,22.45,1119.06,0.0,0,1866,362.4499,7.6033,360.4241,1.56,A
27,hotel1/user,67.06,16.41,1119.06,0.0,0,844,318.7058,1.4005,360.4241,0.101,A
27,hotel1/search,2716.99,26.14,1119.06,0.0,0,3049,592.2346,21.6259,360.4241,4.29,A
27,hotel1/reservation,3948.52,59.79,1119.06,0.0,0,85555,16618.1132,31.4483,360.4241,6.09,A
27,hotel1/recommendation,673.69,19.44,1119.06,0.0,0,1819,353.3206,5.3741,360.4241,1.06,A
27,hotel1/rate,1762.57,27.86,1119.14,0.0,0,2482,482.1011,14.0392,360.4241,2.68,A
27,hotel1/profile,3987.81,37.12,1119.06,0.0,0,12338,2396.5201,31.7399,360.4241,6.14,A
27,hotel2/consul,28.79,26.9,212.87,0.0,0,2622,509.2945,1.4005,360.4241,0.0447,A
28,hotel2/user,59.3,16.8,1119.06,0.0,0,1051,318.7058,1.4005,363.5649,0.0915,A
28,hotel2/search,2660.2,33.53,1119.06,0.0,0,3490,684.7009,22.1121,363.5649,4.11,A
28,hotel2/mongodb-recommendation,13.05,160.59,400.43,0.0312,2,154,318.7058,1.4005,363.5649,0.0229,A
28,hotel2/recommendation,647.46,19.75,1119.06,0.0,0,2112,414.352,5.3924,363.5649,1.02,A
28,hotel2/rate,1865.11,28.39,1119.14,0.0,0,2426,475.9554,15.5076,363.5649,2.94,A
28,hotel2/profile,4214.86,42.15,1119.06,0.0,0,163750,32126.0115,35.0246,363.5649,6.23,A
28,hotel2/mongodb-user,12.96,160.92,400.43,0.0312,2,145,318.7058,1.4005,363.5649,0.0229,A
28,hotel2/mongodb-reservation,1905.68,266.18,400.43,0.0508,6,17815,3495.1139,16.0615,363.5649,2.69,A
28,hotel2/reservation,4129.41,58.94,1119.06,0.0,0,228947,44916.9707,34.3307,363.5649,6.61,A
28,hotel2/mongodb-rate,12.4,164.93,400.43,0.0312,2,223,318.7058,1.4005,363.5649,0.0191,A
28,hotel2/mongodb-geo,12.86,161.88,400.43,0.0312,2,249,318.7058,1.4005,363.5649,0.0191,A
28,hotel2/memcached-reserve,272.59,7.96,79.27,0.0,0,1185,318.7058,2.2699,363.5649,0.45,A
28,hotel2/mongodb-profile,13.05,162.48,400.43,0.0312,2,175,318.7058,1.4005,363.5649,0.0229,A
28,es-stress-d/elasticsearch-dynamic-0,1007.72,129642.23,1414.09,0.0,0,1011,318.7058,126.786,363.5649,1.56,A
28,es-stress-d2/elasticsearch-dynamic-0,1008.55,132306.77,1414.09,0.0,0,256,318.7058,129.2268,363.5649,1.56,A
28,es-stress-d3/elasticsearch-dynamic-0,1008.43,133491.84,1414.09,0.0,0,586,318.7058,130.3083,363.5649,1.56,A
28,es-stress-d4/elasticsearch-dynamic-0,1011.29,132933.31,1414.09,0.0,0,885,318.7058,129.8218,363.5649,1.57,A
28,hotel1/consul,26.13,26.54,212.87,0.0,0,1946,381.7845,1.4005,363.5649,0.0419,A
28,hotel1/frontend,9999.74,102.14,1119.14,0.0,0,670551,131554.987,83.0978,363.5649,15.4,A
28,hotel1/geo,1021.52,20.32,1119.06,0.0,0,1838,360.5961,8.4979,363.5649,1.57,A
28,hotel1/memcached-profile,348.97,7.71,79.27,0.0,0,1485,318.7058,2.9037,363.5649,0.507,A
28,hotel1/memcached-rate,225.84,7.45,79.27,0.0,0,1350,318.7058,1.8814,363.5649,0.343,A
28,hotel1/memcached-reserve,278.68,7.91,79.27,0.0,0,1213,318.7058,2.3205,363.5649,0.442,A
28,hotel1/mongodb-geo,11.77,161.3,400.43,0.0,0,177,318.7058,1.4005,363.5649,0.0191,A
28,hotel1/mongodb-profile,11.78,162.13,400.43,0.0,0,193,318.7058,1.4005,363.5649,0.0191,A
28,hotel1/mongodb-rate,13.01,163.32,400.43,0.0312,1,149,318.7058,1.4005,363.5649,0.0191,A
28,hotel1/jaeger,0.41,14.83,81.01,0.0,0,0,318.7058,1.4005,1.4887,0.0,A
28,hotel1/mongodb-reservation,2156.29,262.8,400.43,0.0273,14,54161,10625.8132,18.1387,363.5649,3.23,A
28,hotel1/mongodb-recommendation,13.16,160.87,400.43,0.0312,1,279,318.7058,1.4005,363.5649,0.0229,A
28,hotel2/memcached-profile,336.05,8.98,79.27,0.0,0,1319,318.7058,2.7976,363.5649,0.53,A
28,hotel2/jaeger,0.36,14.6,81.01,0.0,0,0,318.7058,1.4005,1.4887,0.0,A
28,hotel2/geo,1026.1,22.46,1119.06,0.0,0,2246,440.6414,8.5378,363.5649,1.59,A
28,hotel2/frontend,9585.17,119.32,1119.14,0.0,0,668592,131170.652,79.6723,363.5649,15.4,A
28,hotel2/consul,29.75,26.9,212.87,0.0,0,1122,318.7058,1.4005,363.5649,0.0496,A
28,hotel1/user,63.99,16.54,1119.06,0.0,0,1784,350.0019,1.4005,363.5649,0.0953,A
28,hotel2/memcached-rate,222.7,7.49,79.27,0.0,0,1520,318.7058,1.8554,363.5649,0.339,A
28,hotel1/reservation,4003.35,57.97,1119.06,0.0,0,112861,22142.13,33.2834,363.5649,6.2,A
28,hotel1/recommendation,663.52,16.79,1119.06,0.0,0,1829,358.8304,5.523,363.5649,1.02,A
28,hotel1/rate,1797.36,27.25,1119.14,0.0,0,2890,566.9873,14.9442,363.5649,2.78,A
28,hotel1/profile,3997.18,38.78,1119.06,0.0,0,17340,3401.9239,33.2147,363.5649,6.1,A
28,hotel1/mongodb-user,12.67,161.92,400.43,0.0312,1,327,318.7058,1.4005,363.5649,0.0191,A
28,hotel1/search,2767.26,32.04,1119.06,0.0,0,3316,650.564,22.9994,363.5649,4.11,A
29,hotel2/user,64.16,16.07,1119.06,0.0,0,1249,318.7058,1.4005,337.4775,0.107,A
29,hotel2/search,2556.56,27.79,1119.06,0.0,0,3420,674.06,19.1723,337.4775,4.38,A
29,hotel2/profile,4052.98,47.4,1119.06,0.0,0,142095,28006.012,30.397,337.4775,7.09,A
29,hotel2/recommendation,605.17,18.64,1119.06,0.0,0,2121,418.0355,4.5477,337.4775,1.07,A
29,hotel2/rate,1722.23,27.79,1119.14,0.0,0,2775,546.9347,12.9225,337.4775,3.2,A
29,hotel2/mongodb-user,11.17,160.92,400.43,0.0,0,357,318.7058,1.4005,337.4775,0.0165,A
29,hotel2/mongodb-reservation,2234.63,265.73,400.43,0.0078,4,35101,6918.1817,16.9449,337.4775,4.14,A
29,hotel2/mongodb-recommendation,11.67,160.58,400.43,0.0,0,354,318.7058,1.4005,337.4775,0.0206,A
29,hotel2/reservation,4163.86,54.86,1119.06,0.0,0,142789,28142.795,31.2333,337.4775,7.08,A
29,hotel2/mongodb-rate,11.36,164.93,400.43,0.0,0,126,318.7058,1.4005,337.4775,0.0247,A
29,hotel2/mongodb-profile,11.56,162.48,400.43,0.0,0,209,318.7058,1.4005,337.4775,0.0206,A
29,hotel2/memcached-reserve,273.94,7.17,79.27,0.0,0,993,318.7058,2.0576,337.4775,0.477,A
29,es-stress-d/elasticsearch-dynamic-0,1013.59,134621.36,1414.09,0.0039,1,208,318.7058,111.7648,337.4775,1.68,A
29,es-stress-d2/elasticsearch-dynamic-0,1013.76,137255.54,1414.09,0.0039,1,135,318.7058,113.8044,337.4775,1.68,A
29,es-stress-d3/elasticsearch-dynamic-0,1013.52,138578.9,1414.09,0.0039,1,854,318.7058,114.8267,337.4775,1.69,A
29,es-stress-d4/elasticsearch-dynamic-0,1013.09,137974.44,1414.09,0.0039,1,1979,390.0482,114.3557,337.4775,1.69,A
29,hotel1/consul,28.59,27.06,212.87,0.0,0,1894,373.2952,1.4005,337.4775,0.0412,A
29,hotel1/frontend,10008.9,102.4,1119.14,0.0,0,785281,154773.8423,75.0544,337.4775,16.7,A
29,hotel1/geo,911.37,20.39,1119.06,0.0,0,1950,384.3325,6.8427,337.4775,1.56,A
29,hotel1/jaeger,0.45,14.83,81.01,0.0,0,0,318.7058,1.4005,1.4887,0.0,A
29,hotel1/memcached-profile,304.13,7.73,79.27,0.0,0,1648,324.8102,2.2842,337.4775,0.531,A
29,hotel1/memcached-rate,199.78,7.48,79.27,0.0,0,1399,318.7058,1.5023,337.4775,0.358,A
29,hotel1/memcached-reserve,251.35,7.1,79.27,0.0,0,1008,318.7058,1.8883,337.4775,0.469,A
29,hotel1/mongodb-geo,12.74,161.3,400.43,0.0312,1,233,318.7058,1.4005,337.4775,0.0247,A
29,hotel1/mongodb-profile,12.33,162.13,400.43,0.0312,1,188,318.7058,1.4005,337.4775,0.0288,A
29,hotel1/mongodb-rate,11.32,163.32,400.43,0.0,0,185,318.7058,1.4005,337.4775,0.0206,A
29,hotel2/mongodb-geo,11.39,161.88,400.43,0.0,0,120,318.7058,1.4005,337.4775,0.0123,A
29,hotel1/mongodb-reservation,2220.69,262.82,400.43,0.0586,6,102623,20226.3343,16.8382,337.4775,4.6,A
29,hotel1/mongodb-recommendation,11.09,160.87,400.43,0.0,0,388,318.7058,1.4005,337.4775,0.0206,A
29,hotel2/memcached-profile,333.13,8.53,79.27,0.0,0,1686,332.2998,2.502,337.4775,0.564,A
29,hotel2/jaeger,0.34,14.6,81.01,0.0,0,0,318.7058,1.4005,1.4887,0.0,A
29,hotel2/geo,999.06,21.38,1119.06,0.0,0,1776,350.0382,7.5004,337.4775,1.65,A
29,hotel2/frontend,9732.94,111.84,1119.14,0.0,0,644876,127100.9185,72.9946,337.4775,16.2,A
29,hotel2/consul,29.15,26.9,212.87,0.0,0,2445,481.8938,1.4005,337.4775,0.0494,A
29,hotel2/memcached-rate,217.24,7.52,79.27,0.0,0,1748,344.5196,1.6331,337.4775,0.366,A
29,hotel1/search,2403.15,25.8,1119.06,0.0,0,3265,643.5105,18.0216,337.4775,4.15,A
29,hotel1/reservation,3599.76,56.02,1119.06,0.0,0,125489,24733.0761,27.0086,337.4775,6.4,A
29,hotel1/recommendation,580.97,17.5,1119.06,0.0,0,2983,587.9301,4.3655,337.4775,1.02,A
29,hotel1/rate,1605.41,26.56,1119.14,0.0,0,2794,550.6795,12.0464,337.4775,2.78,A
29,hotel1/profile,3624.85,36.36,1119.06,0.0,0,14619,2881.311,27.1814,337.4775,6.05,A
29,hotel1/user,58.86,16.55,1119.06,0.0,0,829,318.7058,1.4005,337.4775,0.115,A
29,hotel1/mongodb-user,11.49,161.92,400.43,0.0,0,423,318.7058,1.4005,337.4775,0.0206,A
30,hotel2/user,67.5,16.09,1119.06,0.0,0,807,318.7058,1.4005,364.1076,0.11,A
30,hotel2/rate,1976.13,29.67,1119.14,0.0,0,3032,525.8332,16.5757,364.1076,3.44,A
30,hotel2/recommendation,668.56,17.68,1119.06,0.0,0,2078,360.3831,5.6144,364.1076,1.21,A
30,hotel2/profile,4280.64,49.02,1119.06,0.0,0,132040,22899.4122,35.8926,364.1076,7.85,A
30,hotel2/mongodb-user,13.06,160.92,400.43,0.0312,2,141,318.7058,1.4005,364.1076,0.0229,A
30,hotel2/mongodb-reservation,2506.05,265.43,400.43,0.0547,6,214885,37267.0418,21.2169,364.1076,3.66,A
30,hotel2/search,2748.28,29.5,1119.06,0.0,0,3181,551.674,23.0423,364.1076,4.92,A
30,hotel2/mongodb-recommendation,13.23,160.59,400.43,0.0312,2,203,318.7058,1.4005,364.1076,0.0275,A
30,hotel2/mongodb-rate,12.93,164.93,400.43,0.0312,2,213,318.7058,1.4005,364.1076,0.0275,A
30,hotel2/reservation,4287.87,55.45,1119.06,0.0,0,194014,33647.4293,35.9587,364.1076,7.49,A
30,hotel2/mongodb-profile,12.88,162.49,400.43,0.0312,2,113,318.7058,1.4005,364.1076,0.0275,A
30,hotel2/mongodb-geo,12.81,161.88,400.43,0.0312,2,141,318.7058,1.4005,364.1076,0.0275,A
30,es-stress-d/elasticsearch-dynamic-0,1008.01,139829.23,1414.09,0.0312,4,299,318.7058,128.96,364.1076,1.88,A
30,es-stress-d2/elasticsearch-dynamic-0,1008.58,142192.04,1414.09,0.0,0,187,318.7058,131.0012,364.1076,1.86,A
30,es-stress-d3/elasticsearch-dynamic-0,1008.59,143755.02,1414.09,0.0,0,199,318.7058,132.3484,364.1076,1.86,A
30,es-stress-d4/elasticsearch-dynamic-0,1010.09,143079.3,1414.09,0.0,0,263,318.7058,131.7786,364.1076,1.87,A
30,hotel1/consul,28.54,27.71,212.87,0.0,0,1740,318.7058,1.4005,364.1076,0.0551,A
30,hotel1/frontend,9989.99,114.16,1119.14,0.0,0,658243,114157.6629,83.7646,364.1076,18.5,A
30,hotel1/geo,959.42,20.29,1119.06,0.0,0,2044,354.4865,8.0526,364.1076,1.81,A
30,hotel1/jaeger,0.36,14.83,81.01,0.0,0,0,318.7058,1.4005,1.4887,0.0,A
30,hotel1/memcached-rate,208.11,7.49,79.27,0.0,0,1476,318.7058,1.7494,364.1076,0.381,A
30,hotel1/memcached-reserve,265.75,7.38,79.27,0.0,0,1192,318.7058,2.232,364.1076,0.514,A
30,hotel1/mongodb-geo,11.24,161.3,400.43,0.0,0,255,318.7058,1.4005,364.1076,0.0229,A
30,hotel1/mongodb-profile,11.46,162.13,400.43,0.0,0,330,318.7058,1.4005,364.1076,0.0229,A
30,hotel1/mongodb-rate,12.68,163.5,400.43,0.0312,1,187,318.7058,1.4005,364.1076,0.0184,A
30,hotel1/mongodb-recommendation,12.81,160.87,400.43,0.0312,1,124,318.7058,1.4005,364.1076,0.0275,A
30,hotel1/memcached-profile,304.72,7.7,79.27,0.0,0,1359,318.7058,2.5587,364.1076,0.574,A
30,hotel1/mongodb-user,12.88,161.93,400.43,0.0312,1,236,318.7058,1.4005,364.1076,0.0229,A
30,hotel1/mongodb-reservation,2574.02,261.98,400.43,0.0508,25,161581,28022.6441,21.7832,364.1076,6.26,A
30,hotel2/memcached-rate,229.51,7.48,79.27,0.0,0,1706,318.7058,1.9286,364.1076,0.418,A
30,hotel2/memcached-profile,347.25,8.0,79.27,0.0,0,1453,318.7058,2.9151,364.1076,0.62,A
30,hotel2/jaeger,0.35,14.6,81.01,0.0,0,0,318.7058,1.4005,1.4887,0.0,A
30,hotel2/geo,1102.11,23.89,1119.06,0.0,0,2086,361.7705,9.2508,364.1076,1.82,A
30,hotel2/frontend,9770.28,116.04,1119.14,0.0,0,567797,98471.8083,81.9261,364.1076,18.3,A
30,hotel2/consul,30.08,27.02,212.87,0.0,0,1279,318.7058,1.4005,364.1076,0.0597,A
30,hotel2/memcached-reserve,280.59,7.48,79.27,0.0,0,1400,318.7058,2.3564,364.1076,0.528,A
30,hotel1/search,2522.03,24.46,1119.06,0.0,0,3194,553.9285,21.1431,364.1076,4.69,A
30,hotel1/reservation,3611.82,57.22,1119.06,0.0,0,95638,16586.2919,30.2983,364.1076,7.13,A
30,hotel1/recommendation,603.71,17.32,1119.06,0.0,0,1589,318.7058,5.071,364.1076,1.21,A
30,hotel1/rate,1644.27,26.7,1119.14,0.0,0,2714,470.6832,13.7938,364.1076,3.24,A
30,hotel1/profile,3609.79,37.51,1119.06,0.0,0,22418,3887.9054,30.2643,364.1076,6.69,A
30,hotel1/user,64.88,16.57,1119.06,0.0,0,1068,318.7058,1.4005,364.1076,0.129,A
31,hotel2/user,67.12,16.29,1119.06,0.0,0,1344,318.7058,1.4005,357.5372,0.0963,A
31,hotel2/search,2647.83,29.18,1119.06,0.0,0,3392,621.8772,19.8291,357.5372,3.93,A
31,hotel2/reservation,4029.97,56.14,1119.06,0.0,0,171783,31494.0849,30.1882,357.5372,6.45,A
31,hotel2/profile,4141.94,39.7,1119.06,0.0,0,153529,28147.4614,31.0138,357.5372,6.73,A
31,hotel2/rate,1898.65,26.03,1119.14,0.0,0,2796,512.6087,14.2224,357.5372,2.84,A
31,hotel2/mongodb-user,11.39,160.92,400.43,0.0,0,230,318.7058,1.4005,357.5372,0.0154,A
31,hotel2/mongodb-reservation,1971.29,264.73,400.43,0.0,0,16963,3109.9362,14.9406,357.5372,3.08,A
31,hotel2/mongodb-recommendation,12.51,160.58,400.43,0.0,0,316,318.7058,1.4005,357.5372,0.0193,A
31,hotel2/recommendation,634.64,19.18,1119.06,0.0,0,2048,375.473,4.7616,357.5372,0.94,A
31,hotel2/mongodb-rate,12.16,164.93,400.43,0.0,0,188,318.7058,1.4005,357.5372,0.0193,A
31,hotel2/mongodb-profile,12.41,162.48,400.43,0.0,0,142,318.7058,1.4005,357.5372,0.0154,A
31,hotel2/memcached-reserve,270.98,7.21,79.27,0.0,0,1024,318.7058,2.0324,357.5372,0.428,A
31,es-stress-d/elasticsearch-dynamic-0,1009.61,145009.48,1414.09,0.0,0,470,318.7058,113.7552,357.5372,1.58,A
31,es-stress-d2/elasticsearch-dynamic-0,1009.7,147121.54,1414.09,0.0,0,1273,318.7058,115.3027,357.5372,1.58,A
31,es-stress-d3/elasticsearch-dynamic-0,1009.88,148917.72,1414.09,0.0,0,142,318.7058,116.6195,357.5372,1.59,A
31,es-stress-d4/elasticsearch-dynamic-0,1007.23,148162.47,1414.09,0.0273,6,487,318.7058,116.0466,357.5372,1.59,A
31,hotel1/consul,26.89,27.74,212.87,0.0,0,1725,318.7058,1.4005,357.5372,0.0424,A
31,hotel1/frontend,9923.17,111.02,1119.14,0.0,0,623095,114236.0235,74.3139,357.5372,15.6,A
31,hotel1/geo,979.27,21.01,1119.06,0.0,0,2277,417.4571,7.341,357.5372,1.64,A
31,hotel1/jaeger,0.38,14.83,81.01,0.0,0,0,318.7058,1.4005,1.4887,0.0,A
31,hotel1/memcached-profile,331.62,7.73,79.27,0.0,0,1716,318.7058,2.4864,357.5372,0.539,A
31,hotel1/memcached-rate,225.2,7.49,79.27,0.0,0,1586,318.7058,1.6901,357.5372,0.362,A
31,hotel1/memcached-reserve,273.41,7.07,79.27,0.0,0,1057,318.7058,2.0505,357.5372,0.466,A
31,hotel1/mongodb-geo,12.8,161.3,400.43,0.0312,1,451,318.7058,1.4005,357.5372,0.0231,A
31,hotel1/mongodb-profile,12.6,162.13,400.43,0.0312,1,175,318.7058,1.4005,357.5372,0.0193,A
31,hotel1/mongodb-rate,11.71,163.32,400.43,0.0,0,91,318.7058,1.4005,357.5372,0.0193,A
31,hotel2/mongodb-geo,11.91,161.88,400.43,0.0,0,200,318.7058,1.4005,357.5372,0.0193,A
31,hotel1/mongodb-reservation,1985.84,261.57,400.43,0.0625,7,125989,23098.3756,15.0471,357.5372,3.73,A
31,hotel2/memcached-rate,224.45,7.52,79.27,0.0,0,1545,318.7058,1.6846,357.5372,0.32,A
31,hotel2/memcached-profile,329.68,7.7,79.27,0.0,0,1491,318.7058,2.4719,357.5372,0.512,A
31,hotel2/jaeger,0.34,14.6,81.01,0.0,0,0,318.7058,1.4005,1.4887,0.0,A
31,hotel2/geo,1039.29,18.93,1119.06,0.0,0,1931,354.0227,7.7885,357.5372,1.5,A
31,hotel1/mongodb-recommendation,11.36,160.87,400.43,0.0,0,183,318.7058,1.4005,357.5372,0.0193,A
31,hotel2/consul,30.71,27.02,212.87,0.0,0,1423,318.7058,1.4005,357.5372,0.0462,A
31,hotel2/frontend,9954.26,122.46,1119.14,0.0,0,508142,93160.9489,74.5549,357.5372,15.2,A
31,hotel1/search,2592.38,27.69,1119.06,0.0,0,3236,593.2767,19.4132,357.5372,4.44,A
31,hotel1/reservation,3980.5,61.09,1119.06,0.0,0,168321,30859.3741,29.8218,357.5372,6.55,A
31,hotel1/recommendation,652.66,19.2,1119.06,0.0,0,1786,327.4389,4.8964,357.5372,1.07,A
31,hotel1/rate,1677.36,26.01,1119.14,0.0,0,2540,465.6746,12.5669,357.5372,2.93,A
31,hotel1/profile,3867.39,39.17,1119.06,0.0,0,28976,5312.3569,28.9596,357.5372,6.39,A
31,hotel1/mongodb-user,12.17,161.92,400.43,0.0,0,129,318.7058,1.4005,357.5372,0.0193,A
31,hotel1/user,57.06,16.57,1119.06,0.0,0,1327,318.7058,1.4005,357.5372,0.104,A
32,hotel2/user,64.97,16.59,1119.06,0.0,0,895,318.7058,1.4005,357.4521,0.0985,A
32,hotel2/search,2538.8,26.63,1119.06,0.0,0,3144,596.9807,19.4962,357.4521,4.28,A
32,hotel2/mongodb-recommendation,12.52,160.59,400.43,0.0312,2,318,318.7058,1.4005,357.4521,0.0205,A
32,hotel2/recommendation,644.94,18.33,1119.06,0.0,0,1984,376.7206,4.961,357.4521,1.05,A
32,hotel2/rate,1748.1,34.3,1119.14,0.0,0,2791,529.9533,13.4357,357.4521,3.0,A
32,hotel2/profile,4124.73,41.99,1119.06,0.0,0,151035,28678.4286,31.6741,357.4521,6.95,A
32,hotel2/mongodb-user,12.84,160.92,400.43,0.0312,2,235,318.7058,1.4005,357.4521,0.0205,A
32,hotel2/mongodb-reservation,2066.43,264.35,400.43,0.0508,4,48862,9277.8851,16.0433,357.4521,3.13,A
32,hotel2/reservation,4132.63,58.06,1119.06,0.0,0,134895,25613.7758,31.7462,357.4521,6.52,A
32,hotel2/mongodb-rate,13.21,164.93,400.43,0.0312,2,129,318.7058,1.4005,357.4521,0.0246,A
32,hotel2/mongodb-profile,12.8,162.48,400.43,0.0547,4,199,318.7058,1.4005,357.4521,0.0205,A
32,hotel2/memcached-reserve,280.6,7.17,79.27,0.0,0,1124,318.7058,2.1578,357.4521,0.443,A
32,hotel2/mongodb-geo,13.41,162.07,400.43,0.0312,2,214,318.7058,1.4005,357.4521,0.0246,A
32,es-stress-d/elasticsearch-dynamic-0,1007.62,150070.73,1414.09,0.0039,2,733,318.7058,115.688,357.4521,1.69,A
32,es-stress-d2/elasticsearch-dynamic-0,1008.18,152010.75,1414.09,0.0039,2,1053,318.7058,117.0879,357.4521,1.69,A
32,es-stress-d3/elasticsearch-dynamic-0,1007.72,154004.72,1414.09,0.0,0,212,318.7058,118.5188,357.4521,1.69,A
32,es-stress-d4/elasticsearch-dynamic-0,1011.12,153263.8,1414.09,0.0,0,609,318.7058,118.0119,357.4521,1.68,A
32,hotel1/consul,27.86,27.75,212.87,0.0,0,1371,318.7058,1.4005,357.4521,0.0451,A
32,hotel1/frontend,9950.64,116.04,1119.14,0.0,0,687808,130600.5403,76.4222,357.4521,16.8,A
32,hotel1/geo,983.05,18.74,1119.06,0.0,0,1651,318.7058,7.5552,357.4521,1.64,A
32,hotel1/memcached-profile,327.0,7.67,79.27,0.0,0,1377,318.7058,2.5142,357.4521,0.546,A
32,hotel1/memcached-rate,220.83,7.68,79.27,0.0,0,1583,318.7058,1.6997,357.4521,0.341,A
32,hotel1/memcached-reserve,273.87,7.03,79.27,0.0,0,930,318.7058,2.1061,357.4521,0.423,A
32,hotel1/mongodb-geo,11.7,161.3,400.43,0.0,0,207,318.7058,1.4005,357.4521,0.0205,A
32,hotel1/mongodb-profile,11.95,162.13,400.43,0.0,0,154,318.7058,1.4005,357.4521,0.0205,A
32,hotel1/mongodb-rate,13.06,163.32,400.43,0.0312,1,158,318.7058,1.4005,357.4521,0.0205,A
32,hotel1/jaeger,0.34,14.83,81.01,0.0,0,0,318.7058,1.4005,1.4887,0.0041,A
32,hotel1/mongodb-reservation,1866.58,260.34,400.43,0.0312,14,12623,2396.8471,14.5072,357.4521,3.06,A
32,hotel1/mongodb-recommendation,13.1,160.87,400.43,0.0312,1,170,318.7058,1.4005,357.4521,0.0205,A
32,hotel2/memcached-profile,313.16,7.7,79.27,0.0,0,1632,318.7058,2.408,357.4521,0.542,A
32,hotel2/jaeger,0.37,14.6,81.01,0.0,0,0,318.7058,1.4005,1.4887,0.0,A
32,hotel2/geo,990.49,20.56,1119.06,0.0,0,1846,350.5173,7.6136,357.4521,1.63,A
32,hotel2/frontend,9901.68,117.14,1119.14,0.0,0,642784,122051.4121,76.0474,357.4521,16.2,A
32,hotel2/consul,30.18,27.14,212.87,0.0,0,1375,318.7058,1.4005,357.4521,0.0492,A
32,hotel1/user,63.71,16.39,1119.06,0.0,0,1007,318.7058,1.4005,357.4521,0.0903,A
32,hotel2/memcached-rate,212.12,7.46,79.27,0.0,0,1512,318.7058,1.6327,357.4521,0.361,A
32,hotel1/reservation,3930.8,56.69,1119.06,0.0,0,106311,20186.2642,30.1969,357.4521,5.98,A
32,hotel1/recommendation,644.66,18.48,1119.06,0.0,0,2081,395.1389,4.959,357.4521,1.07,A
32,hotel1/rate,1608.56,27.26,1119.14,0.0,0,2993,568.3089,12.3601,357.4521,2.83,A
32,hotel1/profile,3748.76,39.07,1119.06,0.0,0,42567,8082.5946,28.7876,357.4521,6.3,A
32,hotel1/mongodb-user,12.66,161.92,400.43,0.0312,1,338,318.7058,1.4005,357.4521,0.0205,A
32,hotel1/search,2555.66,28.36,1119.06,0.0,0,3356,637.2351,19.6268,357.4521,4.25,A
33,hotel2/user,66.89,15.96,1119.06,0.0,0,1149,318.7058,1.4005,355.492,0.0927,A
33,hotel2/rate,1859.99,28.92,1119.14,0.0,0,2951,555.1337,13.3902,355.492,2.39,A
33,hotel2/reservation,4026.27,58.79,1119.06,0.0,0,132316,24890.9089,28.9828,355.492,5.74,A
33,hotel2/recommendation,653.29,19.71,1119.06,0.0,0,1697,319.2348,4.7094,355.492,0.879,A
33,hotel2/profile,4143.52,44.22,1119.06,0.0,0,168644,31724.8288,29.816,355.492,5.69,A
33,hotel2/mongodb-user,11.0,160.92,400.43,0.0,0,134,318.7058,1.4005,355.492,0.0137,A
33,hotel2/mongodb-reservation,2011.26,264.03,400.43,0.0156,8,152955,28773.4588,14.6336,355.492,3.88,A
33,hotel2/search,2595.23,28.59,1119.06,0.0,0,3364,632.8261,18.6754,355.492,3.67,A
33,hotel2/mongodb-recommendation,11.9,160.58,400.43,0.0,0,104,318.7058,1.4005,355.492,0.0137,A
33,hotel2/mongodb-rate,12.35,164.93,400.43,0.0,0,247,318.7058,1.4005,355.492,0.0137,A
33,hotel1/mongodb-reservation,1849.68,260.19,400.43,0.082,17,17585,3308.0401,13.4695,355.492,3.85,A
33,hotel2/mongodb-geo,11.8,161.88,400.43,0.0,0,151,318.7058,1.4005,355.492,0.0172,A
33,es-stress-d/elasticsearch-dynamic-0,1012.76,155292.58,1414.09,0.0,0,356,318.7058,110.3109,355.492,1.41,A
33,es-stress-d2/elasticsearch-dynamic-0,1012.15,156885.83,1414.09,0.0234,8,274,318.7058,111.3636,355.492,1.41,A
33,es-stress-d3/elasticsearch-dynamic-0,1012.33,159179.21,1414.09,0.0234,8,143,318.7058,112.8864,355.492,1.41,A
33,es-stress-d4/elasticsearch-dynamic-0,1009.07,158424.3,1414.09,0.0,0,173,318.7058,112.3621,355.492,1.42,A
33,hotel1/consul,27.92,27.76,212.87,0.0,0,1352,318.7058,1.4005,355.492,0.0412,A
33,hotel1/frontend,9858.05,117.16,1119.14,0.0,0,584238,109905.1879,70.9446,355.492,14.0,A
33,hotel1/geo,1030.29,19.82,1119.06,0.0,0,2413,453.9267,7.4196,355.492,1.29,A
33,hotel1/jaeger,0.42,14.83,81.01,0.0,0,0,318.7058,1.4005,1.4887,0.0034,A
33,hotel1/memcached-profile,355.06,8.26,79.27,0.0,0,1378,318.7058,2.5579,355.492,0.433,A
33,hotel1/memcached-rate,236.46,7.49,79.27,0.0,0,1132,318.7058,1.7048,355.492,0.295,A
33,hotel1/memcached-reserve,292.67,7.07,79.27,0.0,0,1147,318.7058,2.1086,355.492,0.36,A
33,hotel1/mongodb-geo,13.15,161.3,400.43,0.0312,1,190,318.7058,1.4005,355.492,0.0206,A
33,hotel1/mongodb-profile,13.22,162.13,400.43,0.0312,1,589,318.7058,1.4005,355.492,0.0206,A
33,hotel1/mongodb-rate,11.54,163.32,400.43,0.0,0,105,318.7058,1.4005,355.492,0.0172,A
33,hotel1/mongodb-recommendation,11.56,160.87,400.43,0.0,0,374,318.7058,1.4005,355.492,0.0137,A
33,hotel2/mongodb-profile,11.99,162.48,400.43,0.0,0,283,318.7058,1.4005,355.492,0.0137,A
33,hotel1/mongodb-user,11.89,161.92,400.43,0.0,0,235,318.7058,1.4005,355.492,0.0172,A
33,hotel2/memcached-rate,219.78,7.49,79.27,0.0,0,1633,318.7058,1.5849,355.492,0.302,A
33,hotel2/memcached-profile,320.21,7.98,79.27,0.0,0,1422,318.7058,2.3072,355.492,0.467,A
33,hotel2/jaeger,0.36,14.6,81.01,0.0,0,0,318.7058,1.4005,1.4887,0.0,A
33,hotel2/geo,990.88,20.61,1119.06,0.0,0,1747,328.6407,7.1368,355.492,1.45,A
33,hotel2/frontend,9878.15,110.88,1119.14,0.0,0,552405,103916.8546,71.085,355.492,13.6,A
33,hotel2/consul,30.91,27.14,212.87,0.0,0,2111,397.1153,1.4005,355.492,0.0412,A
33,hotel2/memcached-reserve,272.15,7.21,79.27,0.0,0,1006,318.7058,1.9612,355.492,0.381,A
33,hotel1/search,2717.73,27.04,1119.06,0.0,0,3249,611.1926,19.555,355.492,3.45,A
33,hotel1/reservation,4129.26,56.01,1119.06,0.0,0,145173,27309.5311,29.7213,355.492,5.36,A
33,hotel1/recommendation,660.02,19.42,1119.06,0.0,0,1998,375.8581,4.7576,355.492,0.838,A
33,hotel1/rate,1847.59,26.82,1119.14,0.0,0,2688,505.6589,13.2996,355.492,2.29,A
33,hotel1/profile,4086.61,41.34,1119.06,0.0,0,38913,7320.2027,29.405,355.492,5.14,A
33,hotel1/user,66.3,16.41,1119.06,0.0,0,852,318.7058,1.4005,355.492,0.0961,A
34,hotel2/user,55.2,15.96,1119.06,0.0,0,837,318.7058,1.4005,361.2543,0.0972,A
34,hotel2/search,2593.0,30.3,1119.06,0.0,0,3155,608.9231,21.9186,361.2543,4.14,A
34,hotel2/profile,4131.13,39.35,1119.06,0.0,0,122586,23659.4128,34.9138,361.2543,6.74,A
34,hotel2/rate,1880.66,27.44,1119.14,0.0,0,2571,496.2096,15.9013,361.2543,3.08,A
34,hotel2/mongodb-user,12.33,160.92,400.43,0.0312,2,144,318.7058,1.4005,361.2543,0.0216,A
34,hotel2/mongodb-reservation,1833.74,263.8,400.43,0.0703,10,77712,14998.6155,15.6804,361.2543,3.34,A
34,hotel2/mongodb-recommendation,13.01,160.58,400.43,0.0312,2,159,318.7058,1.4005,361.2543,0.0216,A
34,hotel2/recommendation,625.57,18.73,1119.06,0.0,0,2650,511.4568,5.2964,361.2543,1.02,A
34,hotel2/mongodb-rate,12.64,164.93,400.43,0.0312,2,143,318.7058,1.4005,361.2543,0.0216,A
34,hotel2/mongodb-profile,12.67,162.48,400.43,0.0312,2,160,318.7058,1.4005,361.2543,0.0252,A
34,hotel2/reservation,4241.5,57.42,1119.06,0.0,0,180018,34743.9362,35.8592,361.2543,6.3,A
34,hotel2/memcached-reserve,276.34,7.12,79.27,0.0,0,1176,318.7058,2.3388,361.2543,0.418,A
34,hotel2/mongodb-geo,12.28,161.88,400.43,0.0469,4,723,318.7058,1.4005,361.2543,0.018,A
34,es-stress-d2/elasticsearch-dynamic-0,1009.37,161821.04,1414.09,0.0,0,803,318.7058,128.5412,361.2543,1.48,A
34,es-stress-d3/elasticsearch-dynamic-0,1009.34,164427.03,1414.09,0.0078,4,162,318.7058,130.4737,361.2543,1.48,A
34,es-stress-d4/elasticsearch-dynamic-0,1013.39,163611.18,1414.09,0.0,0,253,318.7058,129.9028,361.2543,1.48,A
34,hotel1/consul,26.33,27.88,212.87,0.0,0,1790,345.4746,1.4005,361.2543,0.0432,A
34,hotel1/frontend,9996.3,113.5,1119.14,0.0,0,646485,124773.2649,84.4963,361.2543,14.8,A
34,hotel1/geo,976.61,21.43,1119.06,0.0,0,2094,404.1474,8.2627,361.2543,1.49,A
34,hotel1/jaeger,0.35,14.83,81.01,0.0,0,0,318.7058,1.4005,1.4887,0.0,A
34,hotel1/memcached-profile,339.71,8.0,79.27,0.0,0,1674,323.0863,2.8746,361.2543,0.471,A
34,hotel1/memcached-rate,217.6,7.51,79.27,0.0,0,1537,318.7058,1.8431,361.2543,0.32,A
34,hotel1/memcached-reserve,279.09,7.07,79.27,0.0,0,1159,318.7058,2.362,361.2543,0.418,A
34,hotel1/mongodb-geo,11.37,161.3,400.43,0.0,0,169,318.7058,1.4005,361.2543,0.0144,A
34,hotel1/mongodb-profile,11.52,162.13,400.43,0.0,0,612,318.7058,1.4005,361.2543,0.018,A
34,hotel1/mongodb-rate,13.17,163.32,400.43,0.0312,1,168,318.7058,1.4005,361.2543,0.0144,A
34,hotel1/mongodb-recommendation,12.72,160.87,400.43,0.0312,1,148,318.7058,1.4005,361.2543,0.018,A
34,es-stress-d/elasticsearch-dynamic-0,1009.16,160642.68,1414.09,0.0,0,1192,318.7058,127.6655,361.2543,1.48,A
34,hotel1/mongodb-user,12.37,161.92,400.43,0.0312,1,169,318.7058,1.4005,361.2543,0.018,A
34,hotel1/mongodb-reservation,1840.22,259.73,400.43,0.0273,12,9661,1864.5978,15.7321,361.2543,4.22,A
34,hotel2/memcached-profile,335.7,8.23,79.27,0.0,0,1458,318.7058,2.8409,361.2543,0.533,A
34,hotel2/jaeger,0.33,14.6,81.01,0.0,0,0,318.7058,1.4005,1.4887,0.0,A
34,hotel2/geo,964.24,21.66,1119.06,0.0,0,1902,367.0909,8.1584,361.2543,1.67,A
34,hotel2/frontend,9911.21,114.45,1119.14,0.0,0,534896,103236.3014,83.7785,361.2543,14.3,A
34,hotel2/consul,30.15,27.14,212.87,0.0,0,1450,318.7058,1.4005,361.2543,0.0468,A
34,hotel2/memcached-rate,220.52,7.51,79.27,0.0,0,1646,318.7058,1.8677,361.2543,0.349,A
34,hotel1/user,67.16,16.66,1119.06,0.0,0,1208,318.7058,1.4005,361.2543,0.101,A
34,hotel1/search,2591.05,28.82,1119.06,0.0,0,3219,621.2753,21.9011,361.2543,3.89,A
34,hotel1/reservation,3768.78,54.89,1119.06,0.0,0,50711,9787.3532,31.8656,361.2543,5.68,A
34,hotel1/recommendation,632.62,18.94,1119.06,0.0,0,1666,321.5423,5.3561,361.2543,0.954,A
34,hotel1/rate,1609.49,25.99,1119.14,0.0,0,3114,601.01,13.6104,361.2543,2.48,A
34,hotel1/profile,3780.05,37.21,1119.06,0.0,0,45651,8810.7602,31.9476,361.2543,5.69,A
35,hotel2/user,57.03,16.08,1119.06,0.0,0,918,318.7058,1.4005,361.7735,0.107,A
35,hotel2/rate,1846.17,30.02,1119.14,0.0,0,2947,566.6464,21.6125,361.7735,3.18,A
35,hotel2/recommendation,629.8,18.46,1119.06,0.0,0,1731,332.8351,7.3811,361.7735,1.07,A
35,hotel2/mongodb-recommendation,12.08,160.58,400.43,0.0,0,163,318.7058,1.4005,361.7735,0.0207,A
35,hotel2/profile,4159.75,45.2,1119.06,0.0,0,124467,23932.3984,48.6742,361.7735,6.68,A
35,hotel2/mongodb-user,11.15,160.92,400.43,0.0,0,302,318.7058,1.4005,361.7735,0.0165,A
35,hotel2/mongodb-reservation,2340.05,263.51,400.43,0.0078,4,122228,23501.8856,27.6211,361.7735,3.53,A
35,hotel2/search,2485.16,26.45,1119.06,0.0,0,3448,662.9782,29.0789,361.7735,4.39,A
35,hotel2/mongodb-rate,11.96,164.93,400.43,0.0,0,161,318.7058,1.4005,361.7735,0.0165,A
35,hotel2/mongodb-profile,11.47,162.49,400.43,0.0,0,302,318.7058,1.4005,361.7735,0.0248,A
35,hotel2/reservation,4134.1,54.64,1119.06,0.0,0,181548,34907.8797,48.3838,361.7735,6.61,A
35,hotel2/memcached-reserve,270.8,7.1,79.27,0.0,0,953,318.7058,3.1729,361.7735,0.459,A
35,es-stress-d2/elasticsearch-dynamic-0,1010.85,166734.04,1414.09,0.0,0,728,318.7058,179.6147,361.7735,1.69,A
35,es-stress-d3/elasticsearch-dynamic-0,1011.85,169562.03,1414.09,0.0,0,140,318.7058,182.4725,361.7735,1.7,A
35,es-stress-d4/elasticsearch-dynamic-0,1009.3,168838.68,1414.09,0.0,0,238,318.7058,181.7147,361.7735,1.7,A
35,hotel1/consul,27.88,27.88,212.87,0.0,0,1603,318.7058,1.4005,361.7735,0.0455,A
35,hotel1/frontend,9995.8,111.62,1119.14,0.0,0,725715,139539.8016,116.9661,361.7735,16.7,A
35,hotel1/geo,995.3,21.92,1119.06,0.0,0,2232,429.1669,11.6574,361.7735,1.62,A
35,hotel1/jaeger,0.45,14.83,81.01,0.0,0,0,318.7058,1.4005,1.4887,0.0,A
35,hotel1/memcached-profile,330.49,8.17,79.27,0.0,0,1658,318.7987,3.8717,361.7735,0.533,A
35,hotel1/memcached-rate,225.78,8.98,79.27,0.0,0,1211,318.7058,2.6485,361.7735,0.368,A
35,hotel1/memcached-reserve,283.84,7.07,79.27,0.0,0,1150,318.7058,3.3253,361.7735,0.446,A
35,hotel1/mongodb-geo,12.5,161.3,400.43,0.0352,1,166,318.7058,1.4005,361.7735,0.0207,A
35,hotel1/mongodb-profile,12.38,162.14,400.43,0.0352,1,263,318.7058,1.4005,361.7735,0.0248,A
35,hotel1/mongodb-rate,11.24,163.32,400.43,0.0,0,151,318.7058,1.4005,361.7735,0.0165,A
35,hotel1/mongodb-recommendation,11.05,160.87,400.43,0.0,0,127,318.7058,1.4005,361.7735,0.0165,A
35,es-stress-d/elasticsearch-dynamic-0,1011.69,165891.53,1414.09,0.0,0,207,318.7058,178.7767,361.7735,1.69,A
35,hotel1/mongodb-user,11.59,161.92,400.43,0.0,0,100,318.7058,1.4005,361.7735,0.0207,A
35,hotel1/mongodb-reservation,1708.65,259.99,400.43,0.0898,18,8782,1688.5947,20.2363,361.7735,2.64,A
35,hotel2/memcached-rate,209.57,7.45,79.27,0.0,0,1483,318.7058,2.4574,361.7735,0.368,A
35,hotel2/memcached-profile,315.72,8.25,79.27,0.0,0,1718,330.3354,3.6992,361.7735,0.533,A
35,hotel2/jaeger,0.33,14.6,81.01,0.0,0,0,318.7058,1.4005,1.4887,0.0041,A
35,hotel2/geo,976.16,20.28,1119.06,0.0,0,2114,406.4779,11.432,361.7735,1.66,A
35,hotel2/frontend,9806.07,108.14,1119.14,0.0,0,727928,139965.3152,114.7446,361.7735,16.7,A
35,hotel2/consul,31.3,27.15,212.87,0.0,0,1495,318.7058,1.4005,361.7735,0.0496,A
35,hotel2/mongodb-geo,11.33,161.88,400.43,0.0,0,141,318.7058,1.4005,361.7735,0.0207,A
35,hotel1/user,62.0,16.41,1119.06,0.0,0,1052,318.7058,1.4005,361.7735,0.0909,A
35,hotel1/search,2654.87,26.23,1119.06,0.0,0,3290,632.5981,31.0626,361.7735,4.22,A
35,hotel1/reservation,3932.14,58.46,1119.06,0.0,0,118845,22851.4055,46.0267,361.7735,6.51,A
35,hotel1/recommendation,657.89,18.33,1119.06,0.0,0,2340,449.933,7.7094,361.7735,1.07,A
35,hotel1/rate,1767.89,28.3,1119.14,0.0,0,2893,556.2633,20.6956,361.7735,2.82,A
35,hotel1/profile,3951.86,37.86,1119.06,0.0,0,23666,4550.4764,46.2365,361.7735,6.19,A
36,hotel2/user,57.75,16.08,1119.06,0.0,0,1154,318.7058,1.4005,346.4162,0.0922,A
36,hotel2/search,2600.21,29.02,1119.06,0.0,0,3152,638.2023,21.5614,346.4162,3.79,A
36,hotel2/rate,1834.06,26.37,1119.14,0.0,0,2839,574.8275,15.2124,346.4162,2.58,A
36,hotel2/recommendation,638.09,19.13,1119.06,0.0,0,2174,440.1814,5.2993,346.4162,0.992,A
36,hotel2/profile,4249.56,43.94,1119.06,0.0,0,172628,34952.9133,35.2358,346.4162,6.4,A
36,hotel2/mongodb-user,12.86,160.92,400.43,0.0352,2,161,318.7058,1.4005,346.4162,0.0221,A
36,hotel2/mongodb-reservation,2374.77,263.31,400.43,0.0664,6,36915,7474.3772,19.8519,346.4162,2.96,A
36,hotel2/mongodb-recommendation,13.2,160.59,400.43,0.0352,2,118,318.7058,1.4005,346.4162,0.0184,A
36,hotel2/reservation,4237.37,59.93,1119.06,0.0,0,170565,34535.2067,35.1456,346.4162,5.95,A
36,hotel2/mongodb-rate,13.24,164.93,400.43,0.0352,2,169,318.7058,1.4005,346.4162,0.0221,A
36,hotel2/mongodb-profile,12.98,162.49,400.43,0.0352,2,162,318.7058,1.4005,346.4162,0.0221,A
36,hotel2/memcached-reserve,289.78,7.14,79.27,0.0,0,1110,318.7058,2.4055,346.4162,0.421,A
36,hotel2/mongodb-geo,12.57,161.89,400.43,0.0352,2,382,318.7058,1.4005,346.4162,0.0184,A
36,es-stress-d/elasticsearch-dynamic-0,1007.83,171309.03,1414.09,0.0195,8,183,318.7058,123.9771,346.4162,1.49,A
36,es-stress-d2/elasticsearch-dynamic-0,1008.37,171684.54,1414.09,0.0,0,267,318.7058,124.2351,346.4162,1.51,A
36,es-stress-d3/elasticsearch-dynamic-0,1008.32,174827.78,1414.09,0.0,0,191,318.7058,126.3562,346.4162,1.51,A
36,es-stress-d4/elasticsearch-dynamic-0,1009.85,174003.43,1414.09,0.0039,2,190,318.7058,125.8125,346.4162,1.51,A
36,hotel1/consul,27.3,27.88,212.87,0.0,0,1917,388.1452,1.4005,346.4162,0.0443,A
36,hotel1/frontend,10011.81,121.38,1119.14,0.0,0,698572,141443.6044,83.0264,346.4162,14.8,A
36,hotel1/geo,902.04,19.89,1119.06,0.0,0,1983,401.5086,7.4865,346.4162,1.45,A
36,hotel1/memcached-profile,305.22,7.74,79.27,0.0,0,1412,318.7058,2.5339,346.4162,0.509,A
36,hotel1/memcached-rate,204.66,7.49,79.27,0.0,0,1312,318.7058,1.7006,346.4162,0.325,A
36,hotel1/memcached-reserve,259.96,7.13,79.27,0.0,0,814,318.7058,2.1585,346.4162,0.417,A
36,hotel1/mongodb-geo,11.79,161.3,400.43,0.0,0,532,318.7058,1.4005,346.4162,0.0184,A
36,hotel1/mongodb-profile,11.45,162.14,400.43,0.0,0,594,318.7058,1.4005,346.4162,0.0184,A
36,hotel1/mongodb-rate,12.71,163.32,400.43,0.0352,1,169,318.7058,1.4005,346.4162,0.0184,A
36,hotel1/jaeger,0.38,14.83,81.01,0.0,0,0,318.7058,1.4005,1.4887,0.0,A
36,hotel1/mongodb-reservation,1426.34,259.45,400.43,0.0352,17,14996,3036.3202,11.9919,346.4162,2.76,A
36,hotel1/mongodb-recommendation,13.15,160.87,400.43,0.0352,1,169,318.7058,1.4005,346.4162,0.0221,A
36,hotel2/memcached-profile,348.93,8.77,79.27,0.0,0,1371,318.7058,2.8967,346.4162,0.487,A
36,hotel2/jaeger,0.35,14.6,81.01,0.0,0,0,318.7058,1.4005,1.4887,0.0,A
36,hotel2/geo,1008.45,19.98,1119.06,0.0,0,1954,395.6368,8.3682,346.4162,1.48,A
36,hotel2/frontend,9704.25,115.3,1119.14,0.0,0,533427,108005.8141,80.4742,346.4162,14.8,A
36,hotel2/consul,27.84,27.2,212.87,0.0,0,1851,374.7819,1.4005,346.4162,0.0443,A
36,hotel1/user,55.05,16.41,1119.06,0.0,0,1182,318.7058,1.4005,346.4162,0.0959,A
36,hotel2/memcached-rate,220.15,7.52,79.27,0.0,0,1708,345.8279,1.8289,346.4162,0.321,A
36,hotel1/reservation,3502.88,54.09,1119.06,0.0,0,83530,16912.7653,29.0567,346.4162,5.56,A
36,hotel1/recommendation,560.84,19.11,1119.06,0.0,0,1519,318.7058,4.6593,346.4162,0.959,A
36,hotel1/rate,1647.7,28.16,1119.14,0.0,0,2546,515.5022,13.6696,346.4162,2.29,A
36,hotel1/profile,3545.72,38.56,1119.06,0.0,0,18975,3841.9696,29.4011,346.4162,5.66,A
36,hotel1/mongodb-user,12.64,162.11,400.43,0.0352,1,216,318.7058,1.4005,346.4162,0.0184,A
36,hotel1/search,2400.5,30.3,1119.06,0.0,0,3477,704.0068,19.9078,346.4162,3.75,A
37,hotel2/user,64.71,16.21,1119.06,0.0,0,924,318.7058,1.4005,360.352,0.1,A
37,hotel2/profile,4455.58,43.6,1119.06,0.0,0,207626,40554.389,36.9572,360.352,6.43,A
37,hotel2/recommendation,639.08,19.14,1119.06,0.0,0,1678,327.7541,5.3098,360.352,1.02,A
37,hotel2/rate,1979.91,27.6,1119.14,0.0,0,2786,544.1733,16.4282,360.352,3.03,A
37,hotel2/mongodb-user,11.09,160.92,400.43,0.0,0,185,318.7058,1.4005,360.352,0.0154,A
37,hotel2/mongodb-reservation,2671.3,263.01,400.43,0.0078,4,85591,16717.9964,22.3203,360.352,3.54,A
37,hotel2/mongodb-recommendation,11.34,160.59,400.43,0.0,0,124,318.7058,1.4005,360.352,0.0154,A
37,hotel2/search,2624.44,28.19,1119.06,0.0,0,3369,658.0473,21.7704,360.352,4.1,A
37,hotel2/mongodb-rate,12.25,164.93,400.43,0.0,0,118,318.7058,1.4005,360.352,0.0193,A
37,hotel2/mongodb-profile,11.8,162.49,400.43,0.0,0,266,318.7058,1.4005,360.352,0.0193,A
37,hotel2/reservation,4310.37,58.11,1119.06,0.0,0,175418,34263.3862,35.7637,360.352,6.68,A
37,hotel2/memcached-reserve,285.46,7.41,79.27,0.0,0,992,318.7058,2.371,360.352,0.443,A
37,es-stress-d/elasticsearch-dynamic-0,1009.63,176531.07,1414.09,0.0,0,211,318.7058,129.8397,360.352,1.59,A
37,es-stress-d2/elasticsearch-dynamic-0,1009.58,176546.39,1414.09,0.0,0,194,318.7058,129.8498,360.352,1.59,A
37,es-stress-d3/elasticsearch-dynamic-0,1009.91,179903.82,1414.09,0.0,0,165,318.7058,132.1628,360.352,1.58,A
37,es-stress-d4/elasticsearch-dynamic-0,1008.27,179129.21,1414.09,0.0195,8,191,318.7058,131.6162,360.352,1.59,A
37,hotel1/consul,26.85,27.88,212.87,0.0,0,1664,325.0195,1.4005,360.352,0.0462,A
37,hotel1/frontend,9992.71,114.07,1119.14,0.0,0,680509,132919.8979,82.8967,360.352,15.5,A
37,hotel1/geo,993.26,20.05,1119.06,0.0,0,1949,380.6869,8.2458,360.352,1.62,A
37,hotel1/jaeger,0.35,14.83,81.01,0.0,0,0,318.7058,1.4005,1.4887,0.0,A
37,hotel1/memcached-profile,333.0,7.76,79.27,0.0,0,1273,318.7058,2.7652,360.352,0.562,A
37,hotel1/memcached-rate,217.5,7.48,79.27,0.0,0,1372,318.7058,1.8078,360.352,0.373,A
37,hotel1/memcached-reserve,284.52,7.9,79.27,0.0,0,1344,318.7058,2.3635,360.352,0.466,A
37,hotel1/mongodb-geo,13.39,161.3,400.43,0.0352,1,123,318.7058,1.4005,360.352,0.0193,A
37,hotel1/mongodb-profile,12.93,162.13,400.43,0.0352,1,154,318.7058,1.4005,360.352,0.0231,A
37,hotel1/mongodb-rate,11.38,163.32,400.43,0.0,0,152,318.7058,1.4005,360.352,0.0193,A
37,hotel1/mongodb-recommendation,11.36,160.87,400.43,0.0,0,285,318.7058,1.4005,360.352,0.0193,A
37,hotel2/mongodb-geo,11.03,161.89,400.43,0.0,0,169,318.7058,1.4005,360.352,0.0154,A
37,hotel1/mongodb-user,11.33,161.93,400.43,0.0,0,243,318.7058,1.4005,360.352,0.0154,A
37,hotel1/mongodb-reservation,1772.3,259.27,400.43,0.1133,27,22478,4390.4981,14.867,360.352,2.88,A
37,hotel2/memcached-profile,349.45,7.75,79.27,0.0,0,1530,318.7058,2.9015,360.352,0.512,A
37,hotel2/jaeger,0.35,14.6,81.01,0.0,0,0,318.7058,1.4005,1.4887,0.0,A
37,hotel2/geo,1011.95,22.21,1119.06,0.0,0,1764,344.5519,8.4022,360.352,1.56,A
37,hotel2/frontend,9914.98,118.16,1119.14,0.0,0,612276,119592.3396,82.2553,360.352,15.5,A
37,hotel2/consul,34.69,27.35,212.87,0.0,0,1396,318.7058,1.4005,360.352,0.0539,A
37,hotel2/memcached-rate,224.31,7.51,79.27,0.0,0,1484,318.7058,1.8642,360.352,0.354,A
37,hotel1/user,64.13,16.41,1119.06,0.0,0,708,318.7058,1.4005,360.352,0.104,A
37,hotel1/search,2611.05,26.81,1119.06,0.0,0,3099,605.3098,21.6585,360.352,4.27,A
37,hotel1/reservation,4018.27,59.09,1119.06,0.0,0,134667,26303.7284,33.3435,360.352,6.55,A
37,hotel1/recommendation,635.74,17.03,1119.06,0.0,0,1836,358.6153,5.2806,360.352,1.05,A
37,hotel1/rate,1794.8,28.65,1119.14,0.0,0,2722,531.6726,14.8948,360.352,2.88,A
37,hotel1/profile,3900.55,43.13,1119.06,0.0,0,31611,6174.3943,32.3569,360.352,6.48,A
38,hotel2/user,67.64,16.54,1119.06,0.0,0,1010,318.7058,1.4005,372.8294,0.0825,A
38,hotel2/recommendation,672.26,18.27,1119.06,0.0,0,2234,460.5071,6.087,372.8294,1.02,A
38,hotel2/mongodb-reservation,2579.87,263.61,400.43,0.2383,46,57280,11807.4522,23.4992,372.8294,2.65,A
38,hotel2/rate,1932.97,26.91,1119.14,0.0,0,2787,574.5002,17.4838,372.8294,3.05,A
38,hotel2/profile,4239.02,42.42,1119.06,0.0,0,164509,33911.1758,38.3301,372.8294,6.57,A
38,hotel2/mongodb-user,14.2,160.93,400.43,0.0898,20,214,318.7058,1.4005,372.8294,0.022,A
38,hotel2/search,2690.97,28.8,1119.06,0.0,0,3449,710.962,24.3337,372.8294,4.2,A
38,hotel2/mongodb-recommendation,14.42,160.59,400.43,0.0859,16,135,318.7058,1.4005,372.8294,0.022,A
38,hotel2/mongodb-rate,13.86,164.93,400.43,0.0781,12,187,318.7058,1.4005,372.8294,0.022,A
38,hotel2/reservation,4266.94,56.24,1119.06,0.0,0,193239,39833.4542,38.5924,372.8294,6.51,A
38,hotel2/mongodb-profile,14.61,162.49,400.43,0.082,16,183,318.7058,1.4005,372.8294,0.022,A
38,hotel2/mongodb-geo,14.23,161.89,400.43,0.0898,20,133,318.7058,1.4005,372.8294,0.0165,A
38,es-stress-d/elasticsearch-dynamic-0,1009.59,181747.82,1414.09,0.0,0,205,318.7058,140.1773,372.8294,1.57,A
38,es-stress-d2/elasticsearch-dynamic-0,1009.85,181451.89,1414.09,0.0,0,189,318.7058,139.9662,372.8294,1.57,A
38,es-stress-d3/elasticsearch-dynamic-0,1009.66,184978.57,1414.09,0.0,0,164,318.7058,142.5076,372.8294,1.57,A
38,es-stress-d4/elasticsearch-dynamic-0,1012.24,184287.21,1414.09,0.0,0,394,318.7058,142.0323,372.8294,1.58,A
38,hotel1/consul,26.64,27.88,212.87,0.0,0,2160,445.2531,1.4005,372.8294,0.044,A
38,hotel1/frontend,9992.08,117.43,1119.14,0.0,0,742204,152994.732,90.3631,372.8294,15.8,A
38,hotel1/geo,947.93,20.16,1119.06,0.0,0,2314,476.998,8.5791,372.8294,1.68,A
38,hotel1/jaeger,0.46,14.83,81.01,0.0,0,0,318.7058,1.4005,1.4887,0.0,A
38,hotel1/memcached-rate,215.56,7.48,79.27,0.0,0,1360,318.7058,1.953,372.8294,0.369,A
38,hotel1/memcached-reserve,282.37,7.85,79.27,0.0,0,1018,318.7058,2.5569,372.8294,0.462,A
38,hotel1/mongodb-geo,12.74,161.3,400.43,0.0508,8,346,318.7058,1.4005,372.8294,0.022,A
38,hotel1/mongodb-profile,12.13,162.14,400.43,0.0469,7,133,318.7058,1.4005,372.8294,0.022,A
38,hotel1/mongodb-rate,14.12,163.32,400.43,0.0781,8,147,318.7058,1.4005,372.8294,0.0165,A
38,hotel1/mongodb-recommendation,14.61,160.88,400.43,0.0859,9,201,318.7058,1.4005,372.8294,0.022,A
38,hotel1/memcached-profile,325.87,7.95,79.27,0.0,0,1747,360.119,2.95,372.8294,0.55,A
38,hotel1/mongodb-user,13.61,161.94,400.43,0.0859,9,142,318.7058,1.4005,372.8294,0.0275,A
38,hotel1/mongodb-reservation,2002.77,258.93,400.43,0.1367,34,20024,4127.661,18.2817,372.8294,3.11,A
38,hotel2/memcached-rate,233.66,7.54,79.27,0.0,0,1363,318.7058,2.1166,372.8294,0.352,A
38,hotel2/memcached-profile,335.88,7.71,79.27,0.0,0,1704,351.2552,3.0402,372.8294,0.534,A
38,hotel2/jaeger,0.32,14.6,81.01,0.0,0,0,318.7058,1.4005,1.4887,0.0,A
38,hotel2/geo,1072.0,19.67,1119.06,0.0,0,2315,477.2041,9.6997,372.8294,1.53,A
38,hotel2/frontend,9720.13,109.66,1119.14,0.0,0,598412,123354.0691,87.9005,372.8294,15.5,A
38,hotel2/consul,28.08,27.35,212.87,0.0,0,1146,318.7058,1.4005,372.8294,0.044,A
38,hotel2/memcached-reserve,289.81,7.43,79.27,0.0,0,1258,318.7058,2.6238,372.8294,0.435,A
38,hotel1/search,2542.66,30.1,1119.06,0.0,0,3652,752.8075,22.9946,372.8294,4.45,A
38,hotel1/reservation,3830.22,54.33,1119.06,0.0,0,72897,15026.6732,34.6452,372.8294,6.44,A
38,hotel1/recommendation,649.02,18.96,1119.06,0.0,0,2122,437.4199,5.8776,372.8294,1.06,A
38,hotel1/rate,1582.11,31.66,1119.14,0.0,0,2702,556.9786,14.3172,372.8294,2.84,A
38,hotel1/profile,3920.13,37.53,1119.06,0.0,0,23494,4842.9518,35.4454,372.8294,6.12,A
38,hotel1/user,63.89,16.41,1119.06,0.0,0,1177,318.7058,1.4005,372.8294,0.116,A
39,hotel2/user,58.11,16.07,1119.06,0.0,0,1056,318.7058,1.4005,355.3656,0.0909,A
39,hotel2/search,2645.19,30.95,1119.06,0.0,0,4187,833.965,20.9854,355.3656,3.93,A
39,hotel2/reservation,4429.83,63.57,1119.06,0.0,0,288995,57561.9081,35.1508,355.3656,6.75,A
39,hotel2/profile,4092.69,41.9,1119.06,0.0,0,166433,33150.0581,32.4653,355.3656,6.6,A
39,hotel2/rate,1837.46,28.13,1119.14,0.0,0,2885,574.6331,14.5814,355.3656,2.91,A
39,hotel2/mongodb-user,11.26,160.93,400.43,0.0,0,352,318.7058,1.4005,355.3656,0.0198,A
39,hotel2/mongodb-reservation,2325.22,262.34,400.43,0.0039,2,65247,12995.8713,18.5902,355.3656,4.42,A
39,hotel2/mongodb-recommendation,12.07,160.59,400.43,0.0,0,146,318.7058,1.4005,355.3656,0.0198,A
39,hotel2/recommendation,637.82,18.35,1119.06,0.0,0,2145,427.2402,5.0667,355.3656,0.988,A
39,hotel2/mongodb-rate,12.11,164.93,400.43,0.0,0,284,318.7058,1.4005,355.3656,0.0158,A
39,hotel2/mongodb-geo,11.56,161.89,400.43,0.0,0,296,318.7058,1.4005,355.3656,0.0198,A
39,hotel2/memcached-reserve,276.69,7.27,79.27,0.0,0,1157,318.7058,2.1976,355.3656,0.419,A
39,es-stress-d/elasticsearch-dynamic-0,1012.84,186961.07,1414.09,0.0,0,174,318.7058,121.9614,355.3656,1.63,A
39,es-stress-d2/elasticsearch-dynamic-0,1010.8,186350.14,1414.09,0.0195,8,169,318.7058,121.573,355.3656,1.63,A
39,es-stress-d3/elasticsearch-dynamic-0,1009.79,190021.57,1414.09,0.0195,8,160,318.7058,123.8023,355.3656,1.62,A
39,es-stress-d4/elasticsearch-dynamic-0,1008.32,189407.46,1414.09,0.0,0,279,318.7058,123.4164,355.3656,1.62,A
39,hotel1/consul,26.8,27.88,212.87,0.0,0,1512,318.7058,1.4005,355.3656,0.0435,A
39,hotel1/frontend,10003.85,113.98,1119.14,0.0,0,716721,142756.201,79.3628,355.3656,16.2,A
39,hotel1/geo,914.69,19.7,1119.06,0.0,0,1876,373.6609,7.2621,355.3656,1.51,A
39,hotel1/jaeger,1.38,14.83,81.01,0.0,0,44,318.7058,1.4005,1.4887,0.0,A
39,hotel1/memcached-profile,315.73,8.24,79.27,0.0,0,1345,318.7058,2.5076,355.3656,0.49,A
39,hotel1/memcached-rate,208.08,7.49,79.27,0.0,0,1441,318.7058,1.6539,355.3656,0.34,A
39,hotel1/memcached-reserve,273.16,7.08,79.27,0.0,0,1075,318.7058,2.1695,355.3656,0.435,A
39,hotel1/mongodb-geo,13.21,161.31,400.43,0.0352,1,155,318.7058,1.4005,355.3656,0.0198,A
39,hotel1/mongodb-profile,12.65,162.14,400.43,0.0352,1,175,318.7058,1.4005,355.3656,0.0198,A
39,hotel1/mongodb-rate,11.94,163.32,400.43,0.0,0,179,318.7058,1.4005,355.3656,0.0158,A
39,hotel2/mongodb-profile,12.12,162.49,400.43,0.0,0,374,318.7058,1.4005,355.3656,0.0198,A
39,hotel1/mongodb-reservation,1894.85,259.23,400.43,0.0898,17,21531,4288.5359,15.1771,355.3656,2.24,A
39,hotel2/memcached-rate,225.75,7.5,79.27,0.0,0,1704,339.402,1.7939,355.3656,0.328,A
39,hotel2/memcached-profile,332.45,8.22,79.27,0.0,0,1481,318.7058,2.6401,355.3656,0.506,A
39,hotel2/jaeger,0.37,14.6,81.01,0.0,0,0,318.7058,1.4005,1.4887,0.0,A
39,hotel2/geo,1040.03,21.26,1119.06,0.0,0,1964,391.1887,8.2565,355.3656,1.5,A
39,hotel1/mongodb-recommendation,11.8,160.88,400.43,0.0,0,157,318.7058,1.4005,355.3656,0.0158,A
39,hotel2/consul,28.08,27.36,212.87,0.0,0,2019,402.1436,1.4005,355.3656,0.0474,A
39,hotel2/frontend,9780.49,114.91,1119.14,0.0,0,451678,89965.0427,77.5929,355.3656,15.6,A
39,hotel1/search,2502.28,28.23,1119.06,0.0,0,3084,614.2699,19.851,355.3656,4.01,A
39,hotel1/reservation,3879.88,55.71,1119.06,0.0,0,70449,14032.0035,30.787,355.3656,5.83,A
39,hotel1/recommendation,604.7,17.81,1119.06,0.0,0,1811,360.7143,4.8039,355.3656,0.984,A
39,hotel1/rate,1675.98,28.6,1119.14,0.0,0,2319,461.8975,13.3017,355.3656,2.58,A
39,hotel1/profile,3862.73,41.26,1119.06,0.0,0,31447,6263.6008,30.6422,355.3656,6.0,A
39,hotel1/mongodb-user,11.82,161.93,400.43,0.0,0,322,318.7058,1.4005,355.3656,0.0158,A
39,hotel1/user,61.56,16.16,1119.06,0.0,0,954,318.7058,1.4005,355.3656,0.087,A
40,hotel2/user,63.87,16.06,1119.06,0.0,0,1165,318.7058,1.4005,362.3994,0.0871,A
40,hotel2/search,2588.07,29.3,1119.06,0.0,0,12064,2275.9515,41.4458,362.3994,3.75,A
40,hotel2/mongodb-recommendation,13.26,160.59,400.43,0.0352,2,157,318.7058,1.4005,362.3994,0.0209,A
40,hotel2/recommendation,608.33,19.25,1119.06,0.0,0,1971,371.8419,9.7567,362.3994,0.944,A
40,hotel2/rate,1879.48,28.51,1119.14,0.0,0,2379,448.8137,30.107,362.3994,2.71,A
40,hotel2/profile,4172.84,41.95,1119.06,0.0,0,165524,31227.1711,66.8182,362.3994,6.04,A
40,hotel2/mongodb-user,12.87,160.93,400.43,0.0625,4,245,318.7058,1.4005,362.3994,0.0174,A
40,hotel2/mongodb-reservation,2105.79,262.33,400.43,0.082,10,45132,8514.4431,34.0084,362.3994,2.93,A
40,hotel2/reservation,4159.69,63.09,1119.06,0.0,0,147995,27920.2121,66.6332,362.3994,6.08,A
40,hotel2/mongodb-rate,13.43,164.93,400.43,0.0352,2,132,318.7058,1.4005,362.3994,0.0174,A
40,hotel2/mongodb-geo,13.04,161.89,400.43,0.0352,2,143,318.7058,1.4005,362.3994,0.0174,A
40,hotel2/memcached-reserve,279.9,8.3,79.27,0.0,0,1013,318.7058,4.4885,362.3994,0.414,A
40,hotel2/mongodb-profile,13.38,162.49,400.43,0.0352,2,300,318.7058,1.4005,362.3994,0.0174,A
40,es-stress-d/elasticsearch-dynamic-0,1011.33,192178.04,1414.09,0.0039,2,443,318.7058,246.6183,362.3994,1.42,A
40,es-stress-d2/elasticsearch-dynamic-0,1014.35,191259.21,1414.09,0.0039,2,193,318.7058,245.5649,362.3994,1.43,A
40,es-stress-d3/elasticsearch-dynamic-0,1014.13,195076.96,1414.09,0.0,0,233,318.7058,250.1392,362.3994,1.43,A
40,es-stress-d4/elasticsearch-dynamic-0,1016.48,194605.96,1414.09,0.0,0,195,318.7058,249.612,362.3994,1.43,A
40,hotel1/consul,25.97,27.88,212.87,0.0,0,2250,424.477,1.4005,362.3994,0.0418,A
40,hotel1/frontend,10019.77,115.21,1119.14,0.0,0,787276,148524.6993,160.4604,362.3994,14.2,A
40,hotel1/geo,1013.67,20.91,1119.06,0.0,0,1973,372.2192,16.2444,362.3994,1.36,A
40,hotel1/memcached-profile,349.22,7.74,79.27,0.0,0,1649,318.7058,5.597,362.3994,0.467,A
40,hotel1/memcached-rate,216.19,7.46,79.27,0.0,0,1320,318.7058,3.4681,362.3994,0.303,A
40,hotel1/memcached-reserve,274.46,8.17,79.27,0.0,0,1133,318.7058,4.4013,362.3994,0.387,A
40,hotel1/mongodb-geo,11.98,161.3,400.43,0.0,0,253,318.7058,1.4005,362.3994,0.0174,A
40,hotel1/mongodb-profile,12.03,162.14,400.43,0.0,0,144,318.7058,1.4005,362.3994,0.0174,A
40,hotel1/mongodb-rate,13.31,163.32,400.43,0.0352,1,173,318.7058,1.4005,362.3994,0.0174,A
40,hotel1/jaeger,0.34,14.83,81.01,0.0,0,0,318.7058,1.4005,1.4887,0.0,A
40,hotel1/mongodb-reservation,1852.65,258.34,400.43,0.0391,19,26485,4996.5662,29.9533,362.3994,2.35,A
40,hotel1/mongodb-recommendation,13.58,160.88,400.43,0.0352,1,145,318.7058,1.4005,362.3994,0.0174,A
40,hotel2/memcached-profile,327.27,7.73,79.27,0.0,0,1321,318.7058,5.2458,362.3994,0.512,A
40,hotel2/jaeger,0.42,14.6,81.01,0.0,0,0,318.7058,1.4005,1.4887,0.0,A
40,hotel2/geo,974.49,21.69,1119.06,0.0,0,2298,433.5325,15.6184,362.3994,1.49,A
40,hotel2/frontend,9687.83,119.65,1119.14,0.0,0,474757,89565.9726,155.1545,362.3994,13.8,A
40,hotel2/consul,30.14,27.36,212.87,0.0,0,1620,318.7058,1.4005,362.3994,0.0453,A
40,hotel1/user,69.62,15.91,1119.06,0.0,0,1095,318.7058,1.4005,362.3994,0.0905,A
40,hotel2/memcached-rate,218.17,7.52,79.27,0.0,0,1362,318.7058,3.4999,362.3994,0.32,A
40,hotel1/reservation,4097.98,58.24,1119.06,0.0,0,159750,30137.8687,65.6399,362.3994,5.5,A
40,hotel1/recommendation,664.6,18.77,1119.06,0.0,0,1845,348.0712,10.6565,362.3994,0.857,A
40,hotel1/rate,1735.19,28.38,1119.14,0.0,0,2850,537.6709,27.7981,362.3994,2.51,A
40,hotel1/profile,3906.79,38.8,1119.06,0.0,0,24029,4533.226,62.5575,362.3994,5.22,A
40,hotel1/mongodb-user,13.08,161.93,400.43,0.0352,1,128,318.7058,1.4005,362.3994,0.0174,A
40,hotel1/search,2648.42,28.62,1119.06,0.0,0,3732,704.0659,42.4106,362.3994,3.66,A
41,hotel2/rate,1745.52,29.89,1119.14,0.0,0,2722,531.558,14.6075,356.043,3.08,A
41,hotel2/search,2545.3,27.8,1119.06,0.0,0,3615,705.9449,21.2909,356.043,4.15,A
41,hotel2/recommendation,623.14,19.89,1119.06,0.0,0,1861,363.4201,5.2204,356.043,1.01,A
41,hotel2/profile,4273.31,47.74,1119.06,0.0,0,230399,44992.8091,35.7459,356.043,7.41,A
41,hotel2/mongodb-user,10.98,160.93,400.43,0.0,0,124,318.7058,1.4005,356.043,0.0161,A
41,hotel2/mongodb-reservation,1960.65,261.79,400.43,0.0117,6,7963,1555.0317,16.5477,356.043,4.03,A
41,hotel2/user,58.67,16.07,1119.06,0.0,0,981,318.7058,1.4005,356.043,0.1,A
41,hotel2/mongodb-recommendation,11.75,160.59,400.43,0.0,0,145,318.7058,1.4005,356.043,0.0201,A
41,hotel2/mongodb-rate,11.79,164.93,400.43,0.0,0,247,318.7058,1.4005,356.043,0.0161,A
41,hotel2/reservation,3981.27,57.28,1119.06,0.0,0,163551,31938.5888,33.3109,356.043,6.82,A
41,hotel2/mongodb-profile,12.01,162.49,400.43,0.0,0,230,318.7058,1.4005,356.043,0.0201,A
41,es-stress-d/elasticsearch-dynamic-0,1008.36,197254.71,1414.09,0.0,0,570,318.7058,129.2908,356.043,1.66,A
41,es-stress-d2/elasticsearch-dynamic-0,1008.08,196218.72,1414.09,0.0,0,390,318.7058,128.6536,356.043,1.65,A
41,es-stress-d3/elasticsearch-dynamic-0,1008.41,200183.73,1414.09,0.0039,2,1099,318.7058,131.0859,356.043,1.64,A
41,es-stress-d4/elasticsearch-dynamic-0,1006.44,199744.8,1414.09,0.0,0,207,318.7058,130.8004,356.043,1.64,A
41,hotel1/consul,26.28,27.88,212.87,0.0,0,1740,339.7909,1.4005,356.043,0.0402,A
41,hotel1/frontend,9981.22,114.16,1119.14,0.0,0,618137,120711.1144,83.4938,356.043,16.3,A
41,hotel1/geo,1031.93,19.94,1119.06,0.0,0,2033,397.0086,8.6372,356.043,1.6,A
41,hotel1/jaeger,0.42,14.83,81.01,0.0,0,0,318.7058,1.4005,1.4887,0.004,A
41,hotel1/memcached-profile,338.29,7.72,79.27,0.0,0,1376,318.7058,2.8322,356.043,0.53,A
41,hotel1/memcached-rate,225.07,7.48,79.27,0.0,0,1345,318.7058,1.8857,356.043,0.362,A
41,hotel1/memcached-reserve,293.47,7.14,79.27,0.0,0,1276,318.7058,2.4572,356.043,0.462,A
41,hotel1/mongodb-geo,12.51,161.3,400.43,0.0352,1,106,318.7058,1.4005,356.043,0.0201,A
41,hotel1/mongodb-profile,12.87,162.14,400.43,0.0352,1,121,318.7058,1.4005,356.043,0.0201,A
41,hotel1/mongodb-rate,11.31,163.32,400.43,0.0,0,188,318.7058,1.4005,356.043,0.0201,A
41,hotel1/mongodb-recommendation,11.66,160.88,400.43,0.0,0,201,318.7058,1.4005,356.043,0.0161,A
41,hotel2/mongodb-geo,11.08,161.89,400.43,0.0,0,336,318.7058,1.4005,356.043,0.0201,A
41,hotel1/mongodb-user,11.43,161.93,400.43,0.0,0,297,318.7058,1.4005,356.043,0.0201,A
41,hotel2/memcached-rate,214.33,7.47,79.27,0.0,0,1629,318.7058,1.796,356.043,0.37,A
41,hotel2/memcached-profile,333.53,8.29,79.27,0.0,0,1308,318.7058,2.7927,356.043,0.558,A
41,hotel2/jaeger,0.36,14.6,81.01,0.0,0,0,318.7058,1.4005,1.4887,0.0,A
41,hotel2/geo,988.09,21.08,1119.06,0.0,0,1703,332.5655,8.2715,356.043,1.66,A
41,hotel2/frontend,9750.6,109.2,1119.14,0.0,0,650321,126996.0747,81.5632,356.043,15.7,A
41,hotel2/consul,30.71,27.37,212.87,0.0,0,1405,318.7058,1.4005,356.043,0.0482,A
41,hotel2/memcached-reserve,273.23,7.43,79.27,0.0,0,1054,318.7058,2.2882,356.043,0.466,A
41,hotel1/user,72.01,15.91,1119.06,0.0,0,1512,318.7058,1.4005,356.043,0.1,A
41,hotel1/search,2764.09,26.29,1119.06,0.0,0,3259,636.4245,23.1186,356.043,4.28,A
41,hotel1/reservation,4153.46,57.16,1119.06,0.0,0,146556,28619.7689,34.75,356.043,6.48,A
41,hotel1/recommendation,686.17,17.96,1119.06,0.0,0,2088,407.7491,5.7461,356.043,1.03,A
41,hotel1/rate,1852.41,29.14,1119.14,0.0,0,2660,519.4505,15.5004,356.043,2.88,A
41,hotel1/profile,4053.47,37.46,1119.06,0.0,0,45567,8898.4211,33.9022,356.043,6.5,A
41,hotel1/mongodb-reservation,1971.91,258.16,400.43,0.0938,18,15675,3061.0475,16.6396,356.043,3.12,A
42,hotel2/user,62.44,16.24,1119.06,0.0,0,864,318.7058,1.4005,360.8344,0.108,A
42,hotel2/search,2587.62,27.49,1119.06,0.0,0,2991,615.2075,22.4698,360.8344,4.5,A
42,hotel2/profile,4134.54,42.92,1119.06,0.0,0,127303,26184.4736,35.9021,360.8344,6.84,A
42,hotel2/rate,1866.12,29.7,1119.14,0.0,0,2887,593.8161,16.2108,360.8344,3.12,A
42,hotel2/mongodb-user,12.95,160.93,400.43,0.0625,4,115,318.7058,1.4005,360.8344,0.024,A
42,hotel2/mongodb-reservation,1966.2,261.54,400.43,0.1172,10,63331,13026.3144,17.223,360.8344,4.35,A
42,hotel2/mongodb-recommendation,13.15,160.59,400.43,0.0352,2,287,318.7058,1.4005,360.8344,0.024,A
42,hotel2/recommendation,603.72,20.08,1119.06,0.0,0,2273,467.5248,5.2509,360.8344,1.08,A
42,hotel2/mongodb-rate,12.74,164.93,400.43,0.0352,2,136,318.7058,1.4005,360.8344,0.024,A
42,hotel2/mongodb-profile,13.41,162.49,400.43,0.0352,2,179,318.7058,1.4005,360.8344,0.02,A
42,hotel2/reservation,4110.19,64.61,1119.06,0.0,0,213784,43972.4241,35.7042,360.8344,7.13,A
42,hotel2/memcached-reserve,268.4,7.78,79.27,0.0,0,1296,318.7058,2.3337,360.8344,0.48,A
42,hotel2/mongodb-geo,13.34,162.08,400.43,0.0352,2,362,318.7058,1.4005,360.8344,0.02,A
42,es-stress-d2/elasticsearch-dynamic-0,1009.6,201308.35,1414.09,0.0,0,1015,318.7058,133.6709,360.8344,1.63,A
42,es-stress-d3/elasticsearch-dynamic-0,1008.54,204987.08,1414.09,0.0,0,247,318.7058,135.9443,360.8344,1.63,A
42,es-stress-d4/elasticsearch-dynamic-0,1011.18,204926.3,1414.09,0.0,0,173,318.7058,135.9295,360.8344,1.64,A
42,hotel1/consul,29.65,27.88,212.87,0.0,0,1638,336.914,1.4005,360.8344,0.04,A
42,hotel1/frontend,10030.27,121.27,1119.14,0.0,0,713640,146785.9182,87.1079,360.8344,16.2,A
42,hotel1/geo,1028.17,19.93,1119.06,0.0,0,2063,424.3307,8.9338,360.8344,1.53,A
42,hotel1/jaeger,0.36,14.83,81.01,0.0,0,0,318.7058,1.4005,1.4887,0.0,A
42,hotel1/memcached-profile,350.99,7.73,79.27,0.0,0,1543,318.7058,3.0503,360.8344,0.516,A
42,hotel1/memcached-rate,228.71,7.48,79.27,0.0,0,1707,351.1064,1.9892,360.8344,0.336,A
42,hotel1/memcached-reserve,286.05,7.12,79.27,0.0,0,1147,318.7058,2.4865,360.8344,0.444,A
42,hotel1/mongodb-geo,11.7,161.3,400.43,0.0,0,162,318.7058,1.4005,360.8344,0.02,A
42,hotel1/mongodb-profile,12.3,162.14,400.43,0.0,0,190,318.7058,1.4005,360.8344,0.016,A
42,hotel1/mongodb-rate,13.32,163.32,400.43,0.0352,1,236,318.7058,1.4005,360.8344,0.02,A
42,hotel1/mongodb-recommendation,13.69,160.88,400.43,0.0352,1,163,318.7058,1.4005,360.8344,0.02,A
42,es-stress-d/elasticsearch-dynamic-0,1009.19,202267.73,1414.09,0.0273,6,626,318.7058,134.2626,360.8344,1.63,A
42,hotel1/mongodb-user,12.72,161.93,400.43,0.0352,1,193,318.7058,1.4005,360.8344,0.028,A
42,hotel1/mongodb-reservation,1876.94,257.73,400.43,0.0391,19,51967,10688.8961,16.4461,360.8344,3.23,A
42,hotel2/memcached-profile,327.42,7.77,79.27,0.0,0,1445,318.7058,2.8458,360.8344,0.54,A
42,hotel2/jaeger,0.42,14.6,81.01,0.0,0,0,318.7058,1.4005,1.4887,0.0,A
42,hotel2/geo,966.42,21.07,1119.06,0.0,0,1983,407.8758,8.3987,360.8344,1.7,A
42,hotel2/frontend,9781.49,121.75,1119.14,0.0,0,660327,135820.1685,84.9496,360.8344,15.9,A
42,hotel2/consul,29.27,27.37,212.87,0.0,0,1802,370.6466,1.4005,360.8344,0.044,A
42,hotel2/memcached-rate,211.15,7.48,79.27,0.0,0,1101,318.7058,1.8368,360.8344,0.376,A
42,hotel1/user,64.41,15.95,1119.06,0.0,0,1465,318.7058,1.4005,360.8344,0.112,A
42,hotel1/search,2701.93,25.84,1119.06,0.0,0,3718,764.7414,23.4607,360.8344,4.0,A
42,hotel1/reservation,4151.01,56.59,1119.06,0.0,0,112348,23108.4361,36.0534,360.8344,6.24,A
42,hotel1/recommendation,678.3,18.16,1119.06,0.0,0,1824,375.1717,5.8969,360.8344,1.02,A
42,hotel1/rate,1864.23,29.56,1119.14,0.0,0,2794,574.6873,16.1943,360.8344,2.54,A
42,hotel1/profile,4008.69,38.3,1119.06,0.0,0,14206,2921.9785,34.8072,360.8344,6.18,A
43,hotel2/user,48.25,16.25,1119.06,0.0,0,1410,318.7058,1.4005,346.7332,0.0959,A
43,hotel2/search,2434.32,28.41,1119.06,0.0,0,3290,681.0924,18.5703,346.7332,4.23,A
43,hotel2/rate,1718.23,26.38,1119.14,0.0,0,2671,552.9477,13.1108,346.7332,2.95,A
43,hotel2/recommendation,581.53,18.91,1119.06,0.0,0,1944,402.4449,4.4424,346.7332,1.04,A
43,hotel2/mongodb-recommendation,13.19,160.59,400.43,0.0,0,513,318.7058,1.4005,346.7332,0.02,A
43,hotel2/profile,3993.39,42.41,1119.06,0.0,0,130189,26951.5919,30.4616,346.7332,6.49,A
43,hotel2/mongodb-user,12.01,160.93,400.43,0.0,0,305,318.7058,1.4005,346.7332,0.02,A
43,hotel2/mongodb-reservation,1589.35,261.2,400.43,0.0117,6,49524,10252.4072,12.2481,346.7332,3.4,A
43,hotel2/mongodb-rate,12.3,164.93,400.43,0.0,0,391,318.7058,1.4005,346.7332,0.02,A
43,hotel2/mongodb-profile,11.68,162.49,400.43,0.0,0,132,318.7058,1.4005,346.7332,0.016,A
43,hotel2/reservation,3866.11,60.93,1119.06,0.0,0,120909,25030.4559,29.5008,346.7332,6.98,A
43,hotel2/memcached-reserve,266.25,10.54,79.27,0.0,0,1119,318.7058,2.0349,346.7332,0.432,A
43,es-stress-d/elasticsearch-dynamic-0,1010.72,207289.2,1414.09,0.0,0,309,318.7058,113.401,346.7332,1.65,A
43,es-stress-d2/elasticsearch-dynamic-0,1010.6,206217.22,1414.09,0.0,0,522,318.7058,112.8535,346.7332,1.65,A
43,es-stress-d3/elasticsearch-dynamic-0,716.99,208346.17,1414.09,0.0,0,183,318.7058,111.701,346.7332,1.64,A
43,es-stress-d4/elasticsearch-dynamic-0,673.58,208354.05,1414.09,0.0273,6,589,318.7058,111.3741,346.7332,1.64,A
43,hotel1/consul,26.82,27.88,212.87,0.0,0,1644,340.3392,1.4005,346.7332,0.044,A
43,hotel1/frontend,9935.44,114.48,1119.14,0.0,0,654323,135457.2694,75.7921,346.7332,16.4,A
43,hotel1/geo,989.9,19.95,1119.06,0.0,0,2476,512.579,7.5558,346.7332,1.52,A
43,hotel1/jaeger,0.43,14.83,81.01,0.0,0,0,318.7058,1.4005,1.4887,0.0,A
43,hotel1/memcached-profile,326.73,7.71,79.27,0.0,0,1473,318.7058,2.4945,346.7332,0.532,A
43,hotel1/memcached-rate,220.55,7.49,79.27,0.0,0,1428,318.7058,1.685,346.7332,0.344,A
43,hotel1/memcached-reserve,280.64,7.12,79.27,0.0,0,1097,318.7058,2.1428,346.7332,0.448,A
43,hotel1/mongodb-geo,13.25,161.31,400.43,0.0391,1,398,318.7058,1.4005,346.7332,0.024,A
43,hotel1/mongodb-profile,13.86,162.14,400.43,0.0391,1,180,318.7058,1.4005,346.7332,0.024,A
43,hotel1/mongodb-rate,11.47,163.32,400.43,0.0,0,159,318.7058,1.4005,346.7332,0.02,A
43,hotel2/mongodb-geo,11.92,161.89,400.43,0.0,0,277,318.7058,1.4005,346.7332,0.016,A
43,hotel1/mongodb-reservation,1706.59,257.69,400.43,0.0898,13,4346,899.7044,13.14,346.7332,2.73,A
43,hotel1/mongodb-recommendation,11.67,160.88,400.43,0.0,0,183,318.7058,1.4005,346.7332,0.02,A
43,hotel2/memcached-profile,315.67,7.8,79.27,0.0,0,1374,318.7058,2.4102,346.7332,0.524,A
43,hotel2/jaeger,1.32,14.6,81.01,0.0,0,61,318.7058,1.4005,1.4887,0.0,A
43,hotel2/geo,967.77,20.5,1119.06,0.0,0,1950,403.687,7.3874,346.7332,1.7,A
43,hotel2/frontend,9826.88,120.97,1119.14,0.0,0,647511,134047.0563,74.9679,346.7332,15.8,A
43,hotel2/consul,29.73,27.4,212.87,0.0,0,1916,396.6483,1.4005,346.7332,0.044,A
43,hotel2/memcached-rate,205.65,7.52,79.27,0.0,0,2111,437.017,1.5714,346.7332,0.364,A
43,hotel1/search,2600.27,25.97,1119.06,0.0,0,3107,643.2079,19.834,346.7332,4.19,A
43,hotel1/reservation,4133.65,54.46,1119.06,0.0,0,143566,29720.8846,31.5369,346.7332,6.27,A
43,hotel1/recommendation,658.61,17.78,1119.06,0.0,0,1824,377.6026,5.0294,346.7332,1.04,A
43,hotel1/rate,1798.23,27.51,1119.14,0.0,0,2750,569.3022,13.7212,346.7332,2.75,A
43,hotel1/profile,3605.67,37.13,1119.06,0.0,0,13246,2742.1732,27.5035,346.7332,6.47,A
43,hotel1/user,67.06,16.35,1119.06,0.0,0,948,318.7058,1.4005,346.7332,0.0919,A
43,hotel1/mongodb-user,12.33,161.93,400.43,0.0,0,246,318.7058,1.4005,346.7332,0.02,A
44,hotel2/user,64.03,16.32,1119.06,0.0,0,952,318.7058,1.4005,376.4922,0.0968,A
44,hotel2/rate,1906.96,27.25,1119.14,0.0,0,2789,534.8326,17.8204,376.4922,3.09,A
44,hotel2/recommendation,688.31,19.12,1119.06,0.0,0,2458,471.3584,6.4379,376.4922,1.0,A
44,hotel2/profile,4493.31,43.0,1119.06,0.0,0,195950,37576.3542,41.9767,376.4922,6.84,A
44,hotel2/mongodb-user,13.84,160.93,400.43,0.0391,2,164,318.7058,1.4005,376.4922,0.0202,A
44,hotel2/mongodb-reservation,1930.63,260.89,400.43,0.0742,10,10270,1969.4267,18.1845,376.4922,3.37,A
44,hotel2/search,2711.84,25.54,1119.06,0.0,0,3589,688.2446,25.3339,376.4922,4.27,A
44,hotel2/mongodb-recommendation,13.57,160.59,400.43,0.0391,2,328,318.7058,1.4005,376.4922,0.0242,A
44,hotel2/mongodb-rate,13.9,164.94,400.43,0.043,4,147,318.7058,1.4005,376.4922,0.0202,A
44,hotel2/reservation,4390.63,56.48,1119.06,0.0,0,258642,49598.4864,41.0263,376.4922,6.92,A
44,hotel2/mongodb-profile,13.59,162.5,400.43,0.0391,2,128,318.7058,1.4005,376.4922,0.0242,A
44,hotel2/mongodb-geo,13.1,161.89,400.43,0.0391,2,163,318.7058,1.4005,376.4922,0.0242,A
44,es-stress-d/elasticsearch-dynamic-0,217.94,208350.37,1414.09,0.0,0,349,318.7058,129.6754,376.4922,1.65,A
44,es-stress-d2/elasticsearch-dynamic-0,453.35,208357.61,1414.09,0.0,0,358,318.7058,131.8776,376.4922,1.66,A
44,es-stress-d3/elasticsearch-dynamic-0,9.64,208346.17,1414.09,0.0,0,406,318.7058,127.7281,376.4922,1.65,A
44,es-stress-d4/elasticsearch-dynamic-0,12.4,208354.05,1414.09,0.0,0,674,318.7058,127.7587,376.4922,1.65,A
44,hotel1/consul,26.32,27.88,212.87,0.0,0,1994,382.3794,1.4005,376.4922,0.0444,A
44,hotel1/frontend,9974.08,104.28,1119.14,0.0,0,686069,131564.0304,93.1836,376.4922,16.4,A
44,hotel1/geo,948.34,19.8,1119.06,0.0,0,2025,388.3242,8.866,376.4922,1.65,A
44,hotel1/jaeger,0.37,14.83,81.01,0.0,0,0,318.7058,1.4005,1.4887,0.004,A
44,hotel1/memcached-rate,211.24,7.51,79.27,0.0,0,1480,318.7058,1.9768,376.4922,0.347,A
44,hotel1/memcached-reserve,276.32,7.16,79.27,0.0,0,1032,318.7058,2.5842,376.4922,0.452,A
44,hotel1/mongodb-geo,12.36,161.31,400.43,0.0,0,193,318.7058,1.4005,376.4922,0.0161,A
44,hotel1/mongodb-profile,12.78,162.14,400.43,0.0,0,123,318.7058,1.4005,376.4922,0.0161,A
44,hotel1/mongodb-rate,13.05,163.33,400.43,0.0391,1,297,318.7058,1.4005,376.4922,0.0161,A
44,hotel1/mongodb-recommendation,13.2,160.88,400.43,0.0391,1,161,318.7058,1.4005,376.4922,0.0282,A
44,hotel1/memcached-profile,316.13,7.96,79.27,0.0,0,1796,344.41,2.9563,376.4922,0.573,A
44,hotel1/mongodb-user,12.67,161.94,400.43,0.0391,1,246,318.7058,1.4005,376.4922,0.0242,A
44,hotel1/mongodb-reservation,2015.4,257.07,400.43,0.0391,19,27476,5268.9355,18.9736,376.4922,3.17,A
44,hotel2/memcached-rate,232.55,7.48,79.27,0.0,0,1350,318.7058,2.1757,376.4922,0.355,A
44,hotel2/memcached-profile,354.11,7.72,79.27,0.0,0,1296,318.7058,3.3108,376.4922,0.537,A
44,hotel2/jaeger,0.38,14.6,81.01,0.0,0,0,318.7058,1.4005,1.4887,0.0,A
44,hotel2/geo,1080.76,19.7,1119.06,0.0,0,2344,449.4972,10.1022,376.4922,1.63,A
44,hotel2/frontend,9653.98,114.25,1119.14,0.0,0,459737,88161.4716,90.2012,376.4922,16.0,A
44,hotel2/consul,29.4,27.41,212.87,0.0,0,1462,318.7058,1.4005,376.4922,0.0484,A
44,hotel2/memcached-reserve,304.79,7.26,79.27,0.0,0,1131,318.7058,2.85,376.4922,0.464,A
44,hotel1/search,2582.58,33.73,1119.06,0.0,0,3707,710.8729,24.1321,376.4922,4.34,A
44,hotel1/reservation,3898.74,62.56,1119.06,0.0,0,100795,19328.9544,36.4376,376.4922,6.65,A
44,hotel1/recommendation,632.43,18.45,1119.06,0.0,0,1685,323.124,5.9158,376.4922,1.07,A
44,hotel1/rate,1663.56,28.33,1119.14,0.0,0,2629,504.1502,15.5486,376.4922,2.8,A
44,hotel1/profile,3602.13,39.04,1119.06,0.0,0,23350,4477.713,33.654,376.4922,6.47,A
44,hotel1/user,63.35,16.57,1119.06,0.0,0,1564,318.7058,1.4005,376.4922,0.121,A
45,hotel2/user,59.57,16.33,1119.06,0.0,0,1069,318.7058,1.4005,361.4545,0.094,A
45,hotel2/search,2444.97,28.13,1119.06,0.0,0,3361,660.2101,20.7924,361.4545,3.67,A
45,hotel2/reservation,4093.57,55.79,1119.06,0.0,0,210836,41415.0723,34.8171,361.4545,5.8,A
45,hotel2/profile,4110.12,41.0,1119.06,0.0,0,191883,37692.0845,34.9497,361.4545,6.14,A
45,hotel2/rate,1738.6,27.86,1119.14,0.0,0,2932,575.9405,14.7896,361.4545,2.57,A
45,hotel2/mongodb-user,11.36,160.93,400.43,0.0,0,268,318.7058,1.4005,361.4545,0.015,A
45,hotel2/mongodb-reservation,1653.25,260.62,400.43,0.0156,8,29775,5848.7819,14.1913,361.4545,2.96,A
45,hotel2/mongodb-recommendation,11.97,160.59,400.43,0.0,0,118,318.7058,1.4005,361.4545,0.0188,A
45,hotel2/recommendation,631.38,18.0,1119.06,0.0,0,1734,340.6142,5.3752,361.4545,0.921,A
45,hotel2/mongodb-rate,12.13,164.94,400.43,0.0,0,147,318.7058,1.4005,361.4545,0.0188,A
45,hotel2/mongodb-geo,11.76,161.89,400.43,0.0,0,89,318.7058,1.4005,361.4545,0.0188,A
45,hotel2/memcached-reserve,263.62,7.5,79.27,0.0,0,1223,318.7058,2.2443,361.4545,0.391,A
45,es-stress-d/elasticsearch-dynamic-0,11.62,208350.44,1414.09,0.0,0,576,318.7058,113.7496,361.4545,1.55,A
45,es-stress-d2/elasticsearch-dynamic-0,11.65,208357.68,1414.09,0.0352,8,556,318.7058,113.7538,361.4545,1.55,A
45,es-stress-d3/elasticsearch-dynamic-0,11.48,208346.23,1414.09,0.0234,8,641,318.7058,113.7461,361.4545,1.56,A
45,es-stress-d4/elasticsearch-dynamic-0,8.32,208354.05,1414.09,0.0,0,708,318.7058,113.7235,361.4545,1.56,A
45,hotel1/consul,26.36,27.89,212.87,0.0,0,1492,318.7058,1.4005,361.4545,0.0376,A
45,hotel1/frontend,10027.47,120.71,1119.14,0.0,0,735277,144432.4031,85.2781,361.4545,15.4,A
45,hotel1/geo,1015.59,19.63,1119.06,0.0,0,2041,400.919,8.6411,361.4545,1.62,A
45,hotel1/jaeger,0.32,14.83,81.01,0.0,0,0,318.7058,1.4005,1.4887,0.0,A
45,hotel1/memcached-profile,349.51,7.99,79.27,0.0,0,1449,318.7058,2.9745,361.4545,0.53,A
45,hotel1/memcached-rate,236.61,7.47,79.27,0.0,0,1481,318.7058,2.0148,361.4545,0.353,A
45,hotel1/memcached-reserve,282.54,7.92,79.27,0.0,0,1183,318.7058,2.4053,361.4545,0.444,A
45,hotel1/mongodb-geo,13.05,161.31,400.43,0.0391,1,153,318.7058,1.4005,361.4545,0.0188,A
45,hotel1/mongodb-profile,13.19,162.14,400.43,0.0391,1,133,318.7058,1.4005,361.4545,0.0188,A
45,hotel1/mongodb-rate,12.12,163.33,400.43,0.0,0,256,318.7058,1.4005,361.4545,0.0188,A
45,hotel2/mongodb-profile,12.12,162.5,400.43,0.0,0,104,318.7058,1.4005,361.4545,0.0188,A
45,hotel1/mongodb-reservation,1809.78,257.01,400.43,0.1016,19,21742,4270.8385,15.5195,361.4545,2.87,A
45,hotel1/mongodb-recommendation,11.51,160.88,400.43,0.0,0,649,318.7058,1.4005,361.4545,0.0188,A
45,hotel2/memcached-profile,306.65,8.16,79.27,0.0,0,1638,321.7567,2.6103,361.4545,0.481,A
45,hotel2/jaeger,0.4,14.6,81.01,0.0,0,0,318.7058,1.4005,1.4887,0.0,A
45,hotel2/geo,970.42,21.55,1119.06,0.0,0,2066,405.8298,8.2583,361.4545,1.42,A
45,hotel2/frontend,9851.49,118.39,1119.14,0.0,0,645863,126868.5749,83.7813,361.4545,14.8,A
45,hotel2/consul,28.97,27.42,212.87,0.0,0,1878,368.9005,1.4005,361.4545,0.0489,A
45,hotel2/memcached-rate,210.61,8.21,79.27,0.0,0,1984,389.7224,1.7942,361.4545,0.308,A
45,hotel1/search,2774.17,27.96,1119.06,0.0,0,3080,605.0125,23.5898,361.4545,4.19,A
45,hotel1/reservation,3893.42,56.88,1119.06,0.0,0,79230,15563.3582,33.1168,361.4545,6.4,A
45,hotel1/recommendation,678.09,18.03,1119.06,0.0,0,2146,421.5444,5.7722,361.4545,1.05,A
45,hotel1/rate,1945.85,27.49,1119.14,0.0,0,2997,588.7086,16.5506,361.4545,2.85,A
45,hotel1/profile,4043.74,39.43,1119.06,0.0,0,26752,5254.966,34.3847,361.4545,6.3,A
45,hotel1/user,72.76,16.68,1119.06,0.0,0,741,318.7058,1.4005,361.4545,0.102,A
45,hotel1/mongodb-user,12.11,161.94,400.43,0.0,0,210,318.7058,1.4005,361.4545,0.0188,A
46,hotel2/user,68.88,16.21,1119.06,0.0,0,1295,318.7058,1.4005,351.3806,0.098,A
46,hotel2/rate,1744.99,26.63,1119.14,0.0,0,2795,554.6926,15.8482,351.3806,2.96,A
46,hotel2/recommendation,633.04,17.91,1119.06,0.0,0,2255,447.5248,5.7541,351.3806,0.941,A
46,hotel2/profile,4133.15,40.67,1119.06,0.0,0,119586,23732.907,37.5249,351.3806,6.62,A
46,hotel2/mongodb-user,12.31,160.93,400.43,0.0391,2,168,318.7058,1.4005,351.3806,0.0196,A
46,hotel2/mongodb-reservation,2209.31,260.54,400.43,0.1211,10,48197,9565.124,20.1964,351.3806,3.19,A
46,hotel2/search,2611.87,29.08,1119.06,0.0,0,2891,573.7447,23.7151,351.3806,4.13,A
46,hotel2/mongodb-recommendation,11.99,160.59,400.43,0.0391,2,109,318.7058,1.4005,351.3806,0.0235,A
46,hotel2/mongodb-rate,12.25,164.94,400.43,0.0391,2,176,318.7058,1.4005,351.3806,0.0235,A
46,hotel2/reservation,4156.36,59.36,1119.06,0.0,0,214060,42482.1139,37.7463,351.3806,6.4,A
46,hotel2/mongodb-profile,12.78,162.5,400.43,0.0547,4,146,318.7058,1.4005,351.3806,0.0235,A
46,hotel2/mongodb-geo,12.15,161.89,400.43,0.043,4,179,318.7058,1.4005,351.3806,0.0235,A
46,es-stress-d/elasticsearch-dynamic-0,7.77,208350.44,1414.09,0.0,0,720,318.7058,120.581,351.3806,1.6,A
46,es-stress-d2/elasticsearch-dynamic-0,8.3,208357.65,1414.09,0.0,0,592,318.7058,120.59,351.3806,1.61,A
46,es-stress-d3/elasticsearch-dynamic-0,8.53,208346.23,1414.09,0.0,0,621,318.7058,120.5855,351.3806,1.59,A
46,es-stress-d4/elasticsearch-dynamic-0,11.3,208354.11,1414.09,0.0,0,632,318.7058,120.6152,351.3806,1.61,A
46,hotel1/consul,26.95,27.89,212.87,0.0,0,1986,394.1394,1.4005,351.3806,0.047,A
46,hotel1/frontend,9966.2,110.19,1119.14,0.0,0,700719,139063.9279,90.4901,351.3806,15.9,A
46,hotel1/geo,978.97,19.79,1119.06,0.0,0,1888,374.6904,8.8939,351.3806,1.63,A
46,hotel1/jaeger,0.48,14.83,81.01,0.0,0,0,318.7058,1.4005,1.4887,0.0,A
46,hotel1/memcached-rate,223.11,7.49,79.27,0.0,0,1450,318.7058,2.0287,351.3806,0.364,A
46,hotel1/memcached-reserve,257.2,7.08,79.27,0.0,0,1151,318.7058,2.3377,351.3806,0.47,A
46,hotel1/mongodb-geo,10.86,161.31,400.43,0.0,0,194,318.7058,1.4005,351.3806,0.0157,A
46,hotel1/mongodb-profile,11.1,162.14,400.43,0.0,0,454,318.7058,1.4005,351.3806,0.0196,A
46,hotel1/mongodb-rate,12.76,163.33,400.43,0.0391,1,208,318.7058,1.4005,351.3806,0.0196,A
46,hotel1/mongodb-recommendation,12.61,160.88,400.43,0.0391,1,168,318.7058,1.4005,351.3806,0.0235,A
46,hotel1/memcached-profile,322.41,7.99,79.27,0.0,0,1428,318.7058,2.9299,351.3806,0.553,A
46,hotel1/mongodb-user,12.22,161.94,400.43,0.0391,1,137,318.7058,1.4005,351.3806,0.0196,A
46,hotel1/mongodb-reservation,1985.0,258.08,400.43,0.0312,14,55556,11025.5831,18.1598,351.3806,3.05,A
46,hotel2/memcached-rate,217.16,7.49,79.27,0.0,0,1354,318.7058,1.9747,351.3806,0.337,A
46,hotel2/memcached-profile,327.14,8.26,79.27,0.0,0,1525,318.7058,2.973,351.3806,0.529,A
46,hotel2/jaeger,0.38,14.6,81.01,0.0,0,0,318.7058,1.4005,1.4887,0.0039,A
46,hotel2/geo,1002.22,21.16,1119.06,0.0,0,1960,388.9795,9.1057,351.3806,1.56,A
46,hotel2/frontend,9768.98,115.52,1119.14,0.0,0,632967,125617.9399,88.7038,351.3806,15.6,A
46,hotel2/consul,28.88,27.42,212.87,0.0,0,1299,318.7058,1.4005,351.3806,0.047,A
46,hotel2/memcached-reserve,284.17,7.51,79.27,0.0,0,1088,318.7058,2.5827,351.3806,0.427,A
46,hotel1/search,2527.87,29.89,1119.06,0.0,0,3220,639.0377,22.9534,351.3806,4.24,A
46,hotel1/reservation,3650.79,54.35,1119.06,0.0,0,90292,17919.2518,33.1562,351.3806,6.75,A
46,hotel1/recommendation,638.73,18.12,1119.06,0.0,0,1800,357.226,5.8059,351.3806,1.11,A
46,hotel1/rate,1781.35,28.09,1119.14,0.0,0,2650,525.9161,16.179,351.3806,2.98,A
46,hotel1/profile,3545.33,39.65,1119.06,0.0,0,22178,4401.4217,32.1908,351.3806,6.35,A
46,hotel1/user,65.8,16.94,1119.06,0.0,0,1590,318.7058,1.4005,351.3806,0.11,A
47,hotel2/user,58.01,16.22,1119.06,0.0,0,1119,318.7058,1.4005,356.1253,0.0747,A
47,hotel2/search,2485.65,29.61,1119.06,0.0,0,3831,775.7039,22.7158,356.1253,3.69,A
47,hotel2/reservation,4160.59,59.61,1119.06,0.0,0,153467,31074.1181,38.0285,356.1253,5.99,A
47,hotel2/profile,4191.69,41.29,1119.06,0.0,0,194680,39418.9586,38.3018,356.1253,5.87,A
47,hotel2/rate,1684.81,29.6,1119.14,0.0,0,3024,612.3019,15.4026,356.1253,2.63,A
47,hotel2/mongodb-user,11.2,160.93,400.43,0.0,0,436,318.7058,1.4005,356.1253,0.0178,A
47,hotel2/mongodb-reservation,1844.69,260.03,400.43,0.0078,4,12642,2559.762,16.9962,356.1253,2.21,A
47,hotel2/mongodb-recommendation,11.73,160.59,400.43,0.0,0,371,318.7058,1.4005,356.1253,0.0178,A
47,hotel2/recommendation,614.89,20.58,1119.06,0.0,0,1798,364.0604,5.627,356.1253,0.879,A
47,hotel2/mongodb-rate,11.37,164.94,400.43,0.0,0,262,318.7058,1.4005,356.1253,0.0142,A
47,hotel2/mongodb-profile,11.39,162.5,400.43,0.0,0,226,318.7058,1.4005,356.1253,0.0178,A
47,hotel2/memcached-reserve,273.57,7.27,79.27,0.0,0,960,318.7058,2.5024,356.1253,0.406,A
47,es-stress-d/elasticsearch-dynamic-0,12.05,208350.44,1414.09,0.0,0,451,318.7058,120.8988,356.1253,1.46,A
47,es-stress-d2/elasticsearch-dynamic-0,12.02,208357.72,1414.09,0.0,0,558,318.7058,120.9027,356.1253,1.47,A
47,es-stress-d3/elasticsearch-dynamic-0,12.41,208346.24,1414.09,0.0,0,667,318.7058,120.8996,356.1253,0.662,A
47,es-stress-d4/elasticsearch-dynamic-0,9.62,208354.11,1414.09,0.0,0,751,318.7058,120.8787,356.1253,0.594,A
47,hotel1/consul,25.6,27.89,212.87,0.0,0,1692,342.5975,1.4005,356.1253,0.0392,A
47,hotel1/frontend,10010.9,112.27,1119.14,0.0,0,724505,146698.3388,91.4832,356.1253,14.3,A
47,hotel1/geo,963.9,19.99,1119.06,0.0,0,1890,382.6887,8.8138,356.1253,1.46,A
47,hotel1/jaeger,0.34,14.83,81.01,0.0,0,0,318.7058,1.4005,1.4887,0.0036,A
47,hotel1/memcached-profile,319.81,8.02,79.27,0.0,0,1506,318.7058,2.9251,356.1253,0.488,A
47,hotel1/memcached-rate,219.86,7.46,79.27,0.0,0,1184,318.7058,2.0121,356.1253,0.324,A
47,hotel1/memcached-reserve,272.37,7.38,79.27,0.0,0,1262,318.7058,2.4915,356.1253,0.416,A
47,hotel1/mongodb-geo,12.65,161.31,400.43,0.0391,1,165,318.7058,1.4005,356.1253,0.0178,A
47,hotel1/mongodb-profile,12.27,162.14,400.43,0.0391,1,156,318.7058,1.4005,356.1253,0.0214,A
47,hotel1/mongodb-rate,11.07,163.33,400.43,0.0,0,147,318.7058,1.4005,356.1253,0.0142,A
47,hotel2/mongodb-geo,11.1,161.89,400.43,0.0,0,166,318.7058,1.4005,356.1253,0.0178,A
47,hotel1/mongodb-reservation,1737.0,256.56,400.43,0.0977,17,23002,4657.4629,16.0108,356.1253,2.68,A
47,hotel2/memcached-rate,208.43,7.49,79.27,0.0,0,1565,318.7058,1.9077,356.1253,0.317,A
47,hotel2/memcached-profile,312.55,7.96,79.27,0.0,0,1490,318.7058,2.8588,356.1253,0.47,A
47,hotel2/jaeger,0.35,14.6,81.01,0.0,0,0,318.7058,1.4005,1.4887,0.0036,A
47,hotel2/geo,964.68,22.91,1119.06,0.0,0,1835,371.5522,8.8226,356.1253,1.47,A
47,hotel1/mongodb-recommendation,11.24,160.88,400.43,0.0,0,128,318.7058,1.4005,356.1253,0.0178,A
47,hotel2/consul,29.12,27.42,212.87,0.0,0,1373,318.7058,1.4005,356.1253,0.0463,A
47,hotel2/frontend,9723.75,111.71,1119.14,0.0,0,600934,121677.5861,88.8606,356.1253,14.2,A
47,hotel1/search,2671.36,26.76,1119.06,0.0,0,3341,676.4883,24.41,356.1253,3.96,A
47,hotel1/reservation,3930.18,56.5,1119.06,0.0,0,154500,31283.2808,35.9226,356.1253,6.0,A
47,hotel1/recommendation,614.01,18.77,1119.06,0.0,0,1887,382.0812,5.6179,356.1253,0.975,A
47,hotel1/rate,1819.58,27.98,1119.14,0.0,0,2538,513.8962,16.6324,356.1253,2.76,A
47,hotel1/profile,3731.76,41.52,1119.06,0.0,0,18495,3744.8821,34.102,356.1253,5.4,A
47,hotel1/mongodb-user,11.24,161.94,400.43,0.0,0,367,318.7058,1.4005,356.1253,0.0178,A
47,hotel1/user,63.67,16.13,1119.06,0.0,0,889,318.7058,1.4005,356.1253,0.0961,A
48,hotel2/user,60.73,15.7,1119.06,0.0,0,1196,318.7058,1.4005,359.5199,0.129,A
48,hotel2/search,2613.94,28.02,1119.06,0.0,0,3293,606.6797,24.8862,359.5199,5.2,A
48,hotel2/mongodb-recommendation,12.68,160.59,400.43,0.0391,2,161,318.7058,1.4005,359.5199,0.0287,A
48,hotel2/recommendation,657.86,20.78,1119.06,0.0,0,2202,405.6814,6.2716,359.5199,1.34,A
48,hotel2/rate,1781.26,29.23,1119.14,0.0,0,3271,602.6266,16.9648,359.5199,3.69,A
48,hotel2/profile,4121.26,41.29,1119.06,0.0,0,131470,24221.1298,39.2349,359.5199,8.75,A
48,hotel2/mongodb-user,12.69,160.93,400.43,0.0391,2,1798,331.2512,1.4005,359.5199,0.0334,A
48,hotel2/mongodb-reservation,2641.2,260.63,400.43,0.0664,4,195852,36082.4273,25.2883,359.5199,3.44,A
48,hotel2/reservation,4280.5,58.84,1119.06,0.0,0,147552,27183.967,40.7607,359.5199,8.19,A
48,hotel2/mongodb-rate,13.17,164.94,400.43,0.0391,2,204,318.7058,1.4005,359.5199,0.0239,A
48,hotel2/mongodb-profile,12.63,162.5,400.43,0.0391,2,250,318.7058,1.4005,359.5199,0.0239,A
48,hotel2/memcached-reserve,293.22,7.29,79.27,0.0,0,1073,318.7058,2.7942,359.5199,0.588,A
48,hotel2/mongodb-geo,12.99,161.89,400.43,0.0547,4,492,318.7058,1.4005,359.5199,0.0239,A
48,es-stress-d/elasticsearch-dynamic-0,8.05,208350.44,1414.09,0.0234,6,403,318.7058,127.9762,359.5199,0.0191,A
48,es-stress-d2/elasticsearch-dynamic-0,8.87,208357.72,1414.09,0.0039,2,793,318.7058,127.9885,359.5199,0.253,A
48,es-stress-d3/elasticsearch-dynamic-0,8.37,208346.23,1414.09,0.0,0,658,318.7058,127.9767,359.5199,0.0096,A
48,es-stress-d4/elasticsearch-dynamic-0,11.01,208354.2,1414.09,0.0,0,458,318.7058,128.0067,359.5199,0.0143,A
48,hotel1/consul,25.73,27.89,212.87,0.0,0,1755,323.3291,1.4005,359.5199,0.0526,A
48,hotel1/frontend,10005.38,98.39,1119.14,0.0,0,677434,124805.7873,95.2513,359.5199,19.6,A
48,hotel1/geo,931.3,19.16,1119.06,0.0,0,1625,318.7058,8.8721,359.5199,1.76,A
48,hotel1/memcached-profile,315.32,7.74,79.27,0.0,0,1802,331.9881,3.0047,359.5199,0.597,A
48,hotel1/memcached-rate,215.07,7.47,79.27,0.0,0,1792,330.1458,2.0508,359.5199,0.406,A
48,hotel1/memcached-reserve,256.66,7.12,79.27,0.0,0,1328,318.7058,2.4462,359.5199,0.516,A
48,hotel1/mongodb-geo,10.67,161.31,400.43,0.0,0,415,318.7058,1.4005,359.5199,0.0287,A
48,hotel1/mongodb-profile,11.66,162.14,400.43,0.0,0,227,318.7058,1.4005,359.5199,0.0239,A
48,hotel1/mongodb-rate,13.12,163.33,400.43,0.0391,1,161,318.7058,1.4005,359.5199,0.0239,A
48,hotel1/jaeger,0.35,14.83,81.01,0.0,0,0,318.7058,1.4005,1.4887,0.0,A
48,hotel1/mongodb-reservation,2028.31,256.4,400.43,0.0156,7,54291,10002.201,19.4547,359.5199,3.95,A
48,hotel1/mongodb-recommendation,13.15,160.88,400.43,0.0391,1,186,318.7058,1.4005,359.5199,0.0239,A
48,hotel2/memcached-profile,330.1,8.22,79.27,0.0,0,1663,318.7058,3.1456,359.5199,0.674,A
48,hotel2/jaeger,0.38,14.6,81.01,0.0,0,0,318.7058,1.4005,1.4887,0.0,A
48,hotel2/geo,1030.53,22.08,1119.06,0.0,0,2136,393.522,9.818,359.5199,2.08,A
48,hotel2/frontend,9747.77,116.04,1119.14,0.0,0,599583,110463.0538,92.8113,359.5199,18.8,A
48,hotel2/consul,28.59,27.42,212.87,0.0,0,1309,318.7058,1.4005,359.5199,0.0573,A
48,hotel1/user,60.27,16.14,1119.06,0.0,0,1133,318.7058,1.4005,359.5199,0.134,A
48,hotel2/memcached-rate,210.02,7.48,79.27,0.0,0,1327,318.7058,2.0027,359.5199,0.44,A
48,hotel1/reservation,3588.07,52.64,1119.06,0.0,0,110235,20308.9393,34.1691,359.5199,7.56,A
48,hotel1/recommendation,591.54,18.96,1119.06,0.0,0,1697,318.7058,5.6395,359.5199,1.22,A
48,hotel1/rate,1743.0,27.82,1119.14,0.0,0,2717,500.5614,16.5999,359.5199,3.28,A
48,hotel1/profile,3808.9,37.92,1119.06,0.0,0,37085,6832.2857,36.2611,359.5199,6.9,A
48,hotel1/mongodb-user,12.92,161.94,400.43,0.0391,1,180,318.7058,1.4005,359.5199,0.0239,A
48,hotel1/search,2431.44,25.5,1119.06,0.0,0,3224,593.9676,23.1483,359.5199,4.8,A
49,hotel2/user,57.88,15.69,1119.06,0.0,0,799,318.7058,1.4005,356.7514,0.107,A
49,hotel2/search,2579.23,23.98,1119.06,0.0,0,3348,613.3184,23.2347,356.7514,4.36,A
49,hotel2/profile,4182.4,42.06,1119.06,0.0,0,187094,34273.6529,37.6786,356.7514,7.44,A
49,hotel2/recommendation,638.69,19.9,1119.06,0.0,0,1985,363.6311,5.7617,356.7514,1.14,A
49,hotel2/rate,1867.82,26.51,1119.14,0.0,0,2405,440.5707,16.8314,356.7514,3.12,A
49,hotel2/mongodb-user,11.9,160.93,400.43,0.0,0,246,318.7058,1.4005,356.7514,0.0214,A
49,hotel2/mongodb-reservation,2746.44,259.53,400.43,0.0117,6,342867,62809.628,24.8779,356.7514,3.29,A
49,hotel2/mongodb-recommendation,12.14,160.59,400.43,0.0,0,300,318.7058,1.4005,356.7514,0.0214,A
49,hotel2/reservation,4079.39,57.61,1119.06,0.0,0,170102,31160.8972,36.7603,356.7514,7.59,A
49,hotel2/mongodb-rate,12.49,164.94,400.43,0.0,0,249,318.7058,1.4005,356.7514,0.016,A
49,hotel2/mongodb-profile,12.06,162.5,400.43,0.0,0,296,318.7058,1.4005,356.7514,0.016,A
49,hotel2/memcached-reserve,280.8,7.28,79.27,0.0,0,1063,318.7058,2.5323,356.7514,0.47,A
49,es-stress-d/elasticsearch-dynamic-0,9.13,208350.44,1414.09,0.0,0,342,318.7058,121.9253,356.7514,0.016,A
49,es-stress-d2/elasticsearch-dynamic-0,9.14,208357.72,1414.09,0.0,0,415,318.7058,121.9297,356.7514,0.032,A
49,es-stress-d3/elasticsearch-dynamic-0,10.36,208346.23,1414.09,0.0,0,691,318.7058,121.9339,356.7514,0.0267,A
49,es-stress-d4/elasticsearch-dynamic-0,8.2,208354.2,1414.09,0.0195,8,622,318.7058,121.9191,356.7514,0.0214,A
49,hotel1/consul,25.82,27.89,212.87,0.0,0,1749,320.3984,1.4005,356.7514,0.048,A
49,hotel1/frontend,9987.27,116.87,1119.14,0.0,0,734951,134635.2928,89.9834,356.7514,18.5,A
49,hotel1/geo,1007.72,19.67,1119.06,0.0,0,2183,399.9026,9.084,356.7514,1.94,A
49,hotel1/jaeger,0.33,14.83,81.01,0.0,0,0,318.7058,1.4005,1.4887,0.0,A
49,hotel1/memcached-profile,307.01,8.0,79.27,0.0,0,1429,318.7058,2.7687,356.7514,0.641,A
49,hotel1/memcached-rate,218.01,7.49,79.27,0.0,0,1228,318.7058,1.9671,356.7514,0.427,A
49,hotel1/memcached-reserve,277.38,7.13,79.27,0.0,0,1032,318.7058,2.5014,356.7514,0.539,A
49,hotel1/mongodb-geo,13.63,161.31,400.43,0.0,0,160,318.7058,1.4005,356.7514,0.0267,A
49,hotel1/mongodb-profile,13.4,162.14,400.43,0.0,0,155,318.7058,1.4005,356.7514,0.0214,A
49,hotel1/mongodb-rate,13.26,163.54,400.43,0.0,0,198,318.7058,1.4005,356.7514,0.0214,A
49,hotel2/mongodb-geo,11.98,161.89,400.43,0.0,0,221,318.7058,1.4005,356.7514,0.0214,A
49,hotel1/mongodb-reservation,1776.44,256.21,400.43,0.0312,14,5117,937.3806,16.1431,356.7514,3.1,A
49,hotel2/memcached-rate,215.47,7.99,79.27,0.0,0,1509,318.7058,1.9445,356.7514,0.374,A
49,hotel2/memcached-profile,325.47,7.71,79.27,0.0,0,1505,318.7058,2.9347,356.7514,0.55,A
49,hotel2/jaeger,0.4,14.6,81.01,0.0,0,0,318.7058,1.4005,1.4887,0.0,A
49,hotel2/geo,1000.26,19.83,1119.06,0.0,0,1695,318.7058,9.0169,356.7514,1.72,A
49,hotel2/frontend,9774.61,117.35,1119.14,0.0,0,612733,112246.2407,88.0691,356.7514,18.1,A
49,hotel2/consul,27.55,27.42,212.87,0.0,0,1842,337.435,1.4005,356.7514,0.0587,A
49,hotel1/mongodb-recommendation,11.86,160.88,400.43,0.0,0,189,318.7058,1.4005,356.7514,0.0214,A
49,hotel1/search,2621.86,27.38,1119.06,0.0,0,3005,550.4844,23.6205,356.7514,5.13,A
49,hotel1/reservation,3884.31,53.61,1119.06,0.0,0,98719,18084.2825,35.0017,356.7514,7.41,A
49,hotel1/recommendation,624.3,18.45,1119.06,0.0,0,2230,408.5125,5.6313,356.7514,1.24,A
49,hotel1/rate,1783.65,26.86,1119.14,0.0,0,2783,509.8163,16.0738,356.7514,3.59,A
49,hotel1/profile,3813.29,37.58,1119.06,0.0,0,31008,5680.3395,34.3529,356.7514,7.26,A
49,hotel1/mongodb-user,12.04,161.94,400.43,0.0,0,263,318.7058,1.4005,356.7514,0.0214,A
49,hotel1/user,58.49,16.14,1119.06,0.0,0,1095,318.7058,1.4005,356.7514,0.128,A
50,hotel2/user,66.57,16.04,1119.06,0.0,0,999,318.7058,1.4005,370.0313,0.117,A
50,hotel2/search,2663.66,29.84,1119.06,0.0,0,2954,522.5377,25.8591,370.0313,4.53,A
50,hotel2/profile,4348.72,41.45,1119.06,0.0,0,112632,19923.6496,42.213,370.0313,6.93,A
50,hotel2/rate,1840.51,26.36,1119.14,0.0,0,2734,483.6215,17.8716,370.0313,3.04,A
50,hotel2/mongodb-user,14.06,160.94,400.43,0.0469,12,140,318.7058,1.4005,370.0313,0.0254,A
50,hotel2/mongodb-reservation,2643.86,259.4,400.43,0.168,44,91315,16152.8523,25.8177,370.0313,3.86,A
50,hotel2/mongodb-recommendation,14.59,160.6,400.43,0.0547,14,161,318.7058,1.4005,370.0313,0.0204,A
50,hotel2/recommendation,644.74,18.99,1119.06,0.0,0,2114,373.9487,6.2669,370.0313,1.11,A
50,hotel2/mongodb-rate,13.64,164.94,400.43,0.0469,12,168,318.7058,1.4005,370.0313,0.0204,A
50,hotel2/mongodb-profile,13.93,162.5,400.43,0.0586,12,203,318.7058,1.4005,370.0313,0.0254,A
50,hotel2/reservation,4491.33,60.03,1119.06,0.0,0,254744,45062.0622,43.6086,370.0313,7.29,A
50,hotel2/memcached-reserve,288.2,7.3,79.27,0.0,0,1041,318.7058,2.8005,370.0313,0.514,A
50,hotel2/mongodb-geo,13.63,161.9,400.43,0.0664,14,219,318.7058,1.4005,370.0313,0.0153,A
50,es-stress-d2/elasticsearch-dynamic-0,8.66,208357.72,1414.09,0.0,0,497,318.7058,136.9094,370.0313,0.0153,A
50,es-stress-d3/elasticsearch-dynamic-0,8.46,208346.23,1414.09,0.0,0,355,318.7058,136.8999,370.0313,0.0153,A
50,es-stress-d4/elasticsearch-dynamic-0,9.69,208354.2,1414.09,0.0,0,601,318.7058,136.9171,370.0313,0.0204,A
50,hotel1/consul,28.35,27.89,212.87,0.0,0,2355,416.5796,1.4005,370.0313,0.0509,A
50,hotel1/frontend,10007.75,119.22,1119.14,0.0,0,655771,116000.3518,97.1608,370.0313,17.3,A
50,hotel1/geo,1038.2,20.46,1119.06,0.0,0,1709,318.7058,10.0847,370.0313,1.61,A
50,hotel1/jaeger,0.36,14.83,81.01,0.0,0,0,318.7058,1.4005,1.4887,0.0,A
50,hotel1/memcached-profile,342.72,7.7,79.27,0.0,0,1659,318.7058,3.3297,370.0313,0.56,A
50,hotel1/memcached-rate,232.21,7.44,79.27,0.0,0,1697,318.7058,2.2575,370.0313,0.382,A
50,hotel1/memcached-reserve,269.62,8.18,79.27,0.0,0,1027,318.7058,2.6209,370.0313,0.448,A
50,hotel1/mongodb-geo,12.23,161.32,400.43,0.0469,9,206,318.7058,1.4005,370.0313,0.0204,A
50,hotel1/mongodb-profile,12.02,162.14,400.43,0.043,7,457,318.7058,1.4005,370.0313,0.0153,A
50,hotel1/mongodb-rate,12.67,163.33,400.43,0.0469,7,152,318.7058,1.4005,370.0313,0.0254,A
50,hotel1/mongodb-recommendation,13.92,160.89,400.43,0.0469,9,206,318.7058,1.4005,370.0313,0.0204,A
50,es-stress-d/elasticsearch-dynamic-0,8.45,208350.44,1414.09,0.0,0,612,318.7058,136.9026,370.0313,0.0102,A
50,hotel1/mongodb-user,13.75,161.94,400.43,0.0469,9,593,318.7058,1.4005,370.0313,0.0204,A
50,hotel1/mongodb-reservation,2706.69,255.63,400.43,0.0859,21,280832,49676.8091,26.4248,370.0313,3.48,A
50,hotel2/memcached-profile,337.86,7.96,79.27,0.0,0,1283,318.7058,3.2827,370.0313,0.555,A
50,hotel2/jaeger,0.34,14.6,81.01,0.0,0,0,318.7058,1.4005,1.4887,0.0,A
50,hotel2/geo,1085.18,20.71,1119.06,0.0,0,2061,364.5735,10.5406,370.0313,1.74,A
50,hotel2/frontend,9929.87,122.51,1119.14,0.0,0,544417,96302.7696,96.4075,370.0313,16.9,A
50,hotel2/consul,29.95,27.43,212.87,0.0,0,1257,318.7058,1.4005,370.0313,0.0509,A
50,hotel2/memcached-rate,221.71,7.51,79.27,0.0,0,1319,318.7058,2.1557,370.0313,0.377,A
50,hotel1/user,67.29,16.14,1119.06,0.0,0,1354,318.7058,1.4005,370.0313,0.117,A
50,hotel1/search,2832.66,27.88,1119.06,0.0,0,3622,640.7012,27.4972,370.0313,4.48,A
50,hotel1/reservation,3828.9,56.45,1119.06,0.0,0,139102,24605.9691,37.1802,370.0313,6.56,A
50,hotel1/recommendation,694.93,20.81,1119.06,0.0,0,1655,318.7058,6.755,370.0313,1.09,A
50,hotel1/rate,1853.48,29.18,1119.14,0.0,0,2722,481.4988,17.9993,370.0313,3.13,A
50,hotel1/profile,3950.29,41.33,1119.06,0.0,0,46074,8150.1015,38.3479,370.0313,6.67,A
51,hotel2/user,55.27,15.79,1119.06,0.0,0,958,318.7058,1.4005,356.0322,0.0862,A
51,hotel2/rate,1786.31,26.84,1119.14,0.0,0,8947,1640.9239,18.4968,356.0322,2.77,A
51,hotel2/reservation,4081.53,66.6,1119.06,0.0,0,203160,37260.5452,42.2667,356.0322,6.53,A
51,hotel2/mongodb-recommendation,12.59,160.61,400.43,0.0,0,279,318.7058,1.4005,356.0322,0.0144,A
51,hotel2/profile,4144.59,46.07,1119.06,0.0,0,125826,23077.1085,42.9051,356.0322,6.9,A
51,hotel2/mongodb-user,11.62,160.94,400.43,0.0,0,103,318.7058,1.4005,356.0322,0.0192,A
51,hotel2/mongodb-reservation,2121.67,259.02,400.43,0.0039,2,65587,12028.979,22.1237,356.0322,3.22,A
51,hotel2/search,2523.22,34.88,1119.06,0.0,0,4911,900.7016,26.1252,356.0322,4.0,A
51,hotel2/mongodb-rate,12.34,165.12,400.43,0.0,0,141,318.7058,1.4005,356.0322,0.0144,A
51,hotel2/mongodb-profile,12.22,162.51,400.43,0.0,0,129,318.7058,1.4005,356.0322,0.0192,A
51,hotel2/recommendation,636.88,17.88,1119.06,0.0,0,1778,326.094,6.6004,356.0322,0.977,A
51,hotel2/memcached-reserve,265.82,7.58,79.27,0.0,0,982,318.7058,2.7549,356.0322,0.455,A
51,es-stress-d2/elasticsearch-dynamic-0,10.96,208357.73,1414.09,0.0273,6,691,318.7058,141.7167,356.0322,0.0239,A
51,es-stress-d3/elasticsearch-dynamic-0,10.69,208346.25,1414.09,0.0352,6,462,318.7058,141.7061,356.0322,0.0335,A
51,es-stress-d4/elasticsearch-dynamic-0,8.47,208354.2,1414.09,0.0039,2,718,318.7058,141.6885,356.0322,0.0239,A
51,hotel1/consul,25.83,27.89,212.87,0.0,0,1610,318.7058,1.4005,356.0322,0.0383,A
51,hotel1/frontend,9939.02,110.02,1119.14,0.0,0,615591,112902.4231,102.8891,356.0322,15.7,A
51,hotel1/geo,983.58,20.17,1119.06,0.0,0,1895,347.5523,10.1884,356.0322,1.5,A
51,hotel1/jaeger,0.41,14.83,81.01,0.0,0,0,318.7058,1.4005,1.4887,0.0,A
51,hotel1/memcached-profile,341.77,7.73,79.27,0.0,0,1182,318.7058,3.5407,356.0322,0.498,A
51,hotel1/memcached-rate,217.35,7.51,79.27,0.0,0,1012,318.7058,2.2535,356.0322,0.34,A
51,hotel1/memcached-reserve,273.3,7.11,79.27,0.0,0,1191,318.7058,2.832,356.0322,0.426,A
51,hotel1/mongodb-geo,12.6,161.5,400.43,0.0,0,142,318.7058,1.4005,356.0322,0.0192,A
51,hotel1/mongodb-profile,12.28,162.33,400.43,0.0,0,156,318.7058,1.4005,356.0322,0.0192,A
51,hotel1/mongodb-rate,11.28,163.33,400.43,0.0,0,138,318.7058,1.4005,356.0322,0.0144,A
51,hotel1/mongodb-recommendation,11.82,160.89,400.43,0.0,0,220,318.7058,1.4005,356.0322,0.0144,A
51,es-stress-d/elasticsearch-dynamic-0,12.01,208350.45,1414.09,0.0039,2,416,318.7058,141.7226,356.0322,0.0239,A
51,hotel1/mongodb-user,12.03,161.94,400.43,0.0,0,222,318.7058,1.4005,356.0322,0.0192,A
51,hotel1/mongodb-reservation,2910.33,255.51,400.43,0.0078,4,167641,30746.1855,30.2796,356.0322,2.73,A
51,hotel2/memcached-rate,212.19,7.52,79.27,0.0,0,1678,318.7058,2.2001,356.0322,0.34,A
51,hotel2/memcached-profile,320.8,7.73,79.27,0.0,0,1428,318.7058,3.3238,356.0322,0.512,A
51,hotel2/jaeger,0.36,14.6,81.01,0.0,0,0,318.7058,1.4005,1.4887,0.0,A
51,hotel2/geo,987.79,21.82,1119.06,0.0,0,1994,365.7094,10.233,356.0322,1.59,A
51,hotel2/frontend,9712.49,125.69,1119.14,0.0,0,559615,102636.1488,100.5564,356.0322,14.8,A
51,hotel2/mongodb-geo,11.81,162.09,400.43,0.0,0,346,318.7058,1.4005,356.0322,0.0192,A
51,hotel1/user,68.45,15.87,1119.06,0.0,0,947,318.7058,1.4005,356.0322,0.0862,A
51,hotel1/search,2617.18,26.48,1119.06,0.0,0,3358,615.8737,27.0915,356.0322,4.08,A
51,hotel1/reservation,3902.95,53.0,1119.06,0.0,0,134109,24596.2515,40.4102,356.0322,5.8,A
51,hotel1/recommendation,622.25,18.75,1119.06,0.0,0,1807,331.4127,6.4496,356.0322,0.943,A
51,hotel1/rate,1964.29,29.07,1119.14,0.0,0,2365,433.7527,20.3394,356.0322,2.7,A
51,hotel2/consul,28.56,27.43,212.87,0.0,0,1979,362.9584,1.4005,356.0322,0.0431,A
51,hotel1/profile,4039.3,39.33,1119.06,0.0,0,25495,4675.9086,41.8113,356.0322,5.92,A
52,hotel2/user,60.76,16.04,1119.06,0.0,0,833,318.7058,1.4005,359.1344,0.0913,A
52,hotel2/search,2514.32,31.27,1119.06,0.0,0,3321,572.1452,22.8053,359.1344,3.97,A
52,hotel2/rate,1789.13,27.27,1119.14,0.0,0,2679,461.5408,16.2306,359.1344,2.83,A
52,hotel2/recommendation,606.82,17.84,1119.06,0.0,0,1957,337.1539,5.51,359.1344,0.976,A
52,hotel2/profile,4242.81,41.91,1119.06,0.0,0,207605,35766.3979,38.4766,359.1344,5.96,A
52,hotel2/mongodb-user,12.15,160.95,400.43,0.0,0,125,318.7058,1.4005,359.1344,0.0192,A
52,hotel2/mongodb-reservation,1935.67,258.81,400.43,0.0078,4,44139,7604.3112,17.695,359.1344,4.48,A
52,hotel2/mongodb-recommendation,11.9,160.62,400.43,0.0,0,228,318.7058,1.4005,359.1344,0.0192,A
52,hotel2/reservation,4463.79,63.53,1119.06,0.0,0,278255,47938.0508,40.492,359.1344,6.46,A
52,hotel2/mongodb-rate,12.09,164.95,400.43,0.0,0,220,318.7058,1.4005,359.1344,0.0192,A
52,hotel2/mongodb-geo,12.26,161.91,400.43,0.0,0,128,318.7058,1.4005,359.1344,0.024,A
52,hotel2/memcached-reserve,270.46,7.32,79.27,0.0,0,1273,318.7058,2.4554,359.1344,0.423,A
52,hotel2/mongodb-profile,12.25,162.71,400.43,0.0,0,160,318.7058,1.4005,359.1344,0.0192,A
52,es-stress-d/elasticsearch-dynamic-0,7.66,208350.44,1414.09,0.0,0,763,318.7058,122.6964,359.1344,0.0096,A
52,es-stress-d2/elasticsearch-dynamic-0,8.09,208357.73,1414.09,0.0,0,599,318.7058,122.7046,359.1344,0.0144,A
52,es-stress-d3/elasticsearch-dynamic-0,8.77,208346.24,1414.09,0.0,0,432,318.7058,122.704,359.1344,0.0096,A
52,es-stress-d4/elasticsearch-dynamic-0,9.94,208354.23,1414.09,0.0,0,632,318.7058,122.7193,359.1344,0.0144,A
52,hotel1/consul,26.87,27.89,212.87,0.0,0,1838,318.7058,1.4005,359.1344,0.0385,A
52,hotel1/frontend,10013.23,107.43,1119.14,0.0,0,631121,108730.1597,90.8115,359.1344,15.2,A
52,hotel1/geo,985.13,21.29,1119.06,0.0,0,1976,340.4273,8.9406,359.1344,1.47,A
52,hotel1/memcached-profile,328.68,7.95,79.27,0.0,0,1652,318.7058,2.9835,359.1344,0.476,A
52,hotel1/memcached-rate,220.06,7.73,79.27,0.0,0,1399,318.7058,1.9989,359.1344,0.322,A
52,hotel1/memcached-reserve,269.76,7.08,79.27,0.0,0,1121,318.7058,2.449,359.1344,0.394,A
52,hotel1/mongodb-geo,11.5,161.33,400.43,0.0,0,187,318.7058,1.4005,359.1344,0.0144,A
52,hotel1/mongodb-profile,11.63,162.16,400.43,0.0,0,157,318.7058,1.4005,359.1344,0.0192,A
52,hotel1/mongodb-rate,12.43,163.35,400.43,0.0,0,185,318.7058,1.4005,359.1344,0.0144,A
52,hotel1/jaeger,0.38,14.83,81.01,0.0,0,0,318.7058,1.4005,1.4887,0.0,A
52,hotel1/mongodb-reservation,2143.21,255.2,400.43,0.0156,8,164234,28294.3984,19.5738,359.1344,2.98,A
52,hotel1/mongodb-recommendation,12.32,160.9,400.43,0.0,0,237,318.7058,1.4005,359.1344,0.0192,A
52,hotel2/memcached-profile,322.23,7.76,79.27,0.0,0,1610,318.7058,2.9249,359.1344,0.49,A
52,hotel2/jaeger,0.37,14.6,81.01,0.0,0,0,318.7058,1.4005,1.4887,0.0,A
52,hotel2/geo,978.53,22.31,1119.06,0.0,0,2053,353.6929,8.8814,359.1344,1.53,A
52,hotel2/frontend,9695.49,108.78,1119.14,0.0,0,587807,101267.9803,87.9326,359.1344,15.1,A
52,hotel2/consul,28.11,27.43,212.87,0.0,0,1581,318.7058,1.4005,359.1344,0.0433,A
52,hotel1/user,62.2,15.87,1119.06,0.0,0,1023,318.7058,1.4005,359.1344,0.0865,A
52,hotel2/memcached-rate,211.9,7.51,79.27,0.0,0,1517,318.7058,1.9248,359.1344,0.303,A
52,hotel1/reservation,3949.36,57.33,1119.06,0.0,0,128527,22142.7606,35.8261,359.1344,5.47,A
52,hotel1/recommendation,633.54,20.97,1119.06,0.0,0,1882,324.2328,5.754,359.1344,0.933,A
52,hotel1/rate,1883.08,27.39,1119.14,0.0,0,3156,543.7188,17.0822,359.1344,2.73,A
52,hotel1/profile,3986.93,38.0,1119.06,0.0,0,33516,5774.1701,36.1553,359.1344,5.7,A
52,hotel1/mongodb-user,12.15,161.96,400.43,0.0,0,203,318.7058,1.4005,359.1344,0.0192,A
52,hotel1/search,2534.35,26.07,1119.06,0.0,0,3687,635.2001,22.9837,359.1344,3.9,A
53,hotel2/user,58.49,16.04,1119.06,0.0,0,1063,318.7058,1.4005,341.2629,0.0728,A
53,hotel2/rate,1779.09,28.9,1119.14,0.0,0,2398,439.0044,16.6236,341.2629,2.6,A
53,hotel2/recommendation,611.01,19.02,1119.06,0.0,0,1762,322.5712,5.7147,341.2629,0.912,A
53,hotel2/profile,4231.02,43.11,1119.06,0.0,0,142528,26092.7508,39.5187,341.2629,6.28,A
53,hotel2/mongodb-user,10.84,160.95,400.43,0.0,0,203,318.7058,1.4005,341.2629,0.0194,A
53,hotel2/mongodb-reservation,1753.71,258.44,400.43,0.0117,6,23480,4298.5083,16.5246,341.2629,3.86,A
53,hotel2/search,2487.76,28.15,1119.06,0.0,0,3649,668.0263,23.2379,341.2629,3.63,A
53,hotel2/mongodb-recommendation,11.64,160.62,400.43,0.0,0,211,318.7058,1.4005,341.2629,0.0146,A
53,hotel2/mongodb-rate,11.66,164.95,400.43,0.0,0,133,318.7058,1.4005,341.2629,0.0194,A
53,hotel2/reservation,4302.65,60.33,1119.06,0.0,0,194473,35602.3766,40.1976,341.2629,6.11,A
53,hotel2/mongodb-profile,11.64,162.52,400.43,0.0,0,184,318.7058,1.4005,341.2629,0.0146,A
53,es-stress-d/elasticsearch-dynamic-0,12.38,208350.56,1414.09,0.0039,1,557,318.7058,125.3138,341.2629,0.0243,A
53,es-stress-d2/elasticsearch-dynamic-0,12.59,208357.83,1414.09,0.0039,1,545,318.7058,125.3201,341.2629,0.0146,A
53,es-stress-d3/elasticsearch-dynamic-0,12.72,208346.34,1414.09,0.0039,1,482,318.7058,125.3144,341.2629,0.0194,A
53,es-stress-d4/elasticsearch-dynamic-0,11.16,208354.35,1414.09,0.0039,1,705,318.7058,125.3047,341.2629,0.0194,A
53,hotel1/consul,26.32,27.89,212.87,0.0,0,1515,318.7058,1.4005,341.2629,0.034,A
53,hotel1/frontend,9981.21,111.39,1119.14,0.0,0,757497,138675.7724,93.2326,341.2629,14.8,A
53,hotel1/geo,891.82,20.12,1119.06,0.0,0,2133,390.4906,8.3364,341.2629,1.63,A
53,hotel1/jaeger,0.37,14.83,81.01,0.0,0,0,318.7058,1.4005,1.4887,0.0,A
53,hotel1/memcached-profile,306.97,7.78,79.27,0.0,0,1322,318.7058,2.87,341.2629,0.51,A
53,hotel1/memcached-rate,210.33,7.49,79.27,0.0,0,1512,318.7058,1.9677,341.2629,0.349,A
53,hotel1/memcached-reserve,256.29,7.12,79.27,0.0,0,1173,318.7058,2.3965,341.2629,0.442,A
53,hotel1/mongodb-geo,12.13,161.34,400.43,0.0156,1,232,318.7058,1.4005,341.2629,0.0243,A
53,hotel1/mongodb-profile,11.68,162.16,400.43,0.0156,1,183,318.7058,1.4005,341.2629,0.0291,A
53,hotel1/mongodb-rate,11.18,163.35,400.43,0.0,0,139,318.7058,1.4005,341.2629,0.0243,A
53,hotel1/mongodb-recommendation,10.88,160.9,400.43,0.0,0,187,318.7058,1.4005,341.2629,0.0146,A
53,hotel2/mongodb-geo,11.16,161.91,400.43,0.0,0,143,318.7058,1.4005,341.2629,0.0243,A
53,hotel1/mongodb-user,11.45,161.96,400.43,0.0,0,272,318.7058,1.4005,341.2629,0.0194,A
53,hotel2/memcached-reserve,268.42,7.31,79.27,0.0,0,977,318.7058,2.5099,341.2629,0.413,A
53,hotel2/memcached-rate,212.65,7.52,79.27,0.0,0,1451,318.7058,1.9894,341.2629,0.311,A
53,hotel2/memcached-profile,320.08,7.99,79.27,0.0,0,1514,318.7058,2.9925,341.2629,0.461,A
53,hotel2/geo,995.35,21.14,1119.06,0.0,0,1784,326.5988,9.3034,341.2629,1.46,A
53,hotel2/frontend,9737.37,113.95,1119.14,0.0,0,605944,110930.8053,90.9581,341.2629,14.6,A
53,hotel2/consul,28.41,27.43,212.87,0.0,0,1577,318.7058,1.4005,341.2629,0.0437,A
53,hotel2/jaeger,0.29,14.6,81.01,0.0,0,0,318.7058,1.4005,1.4887,0.0,A
53,hotel1/search,2537.81,26.39,1119.06,0.0,0,2982,545.9179,23.704,341.2629,4.3,A
53,hotel1/reservation,3796.86,54.84,1119.06,0.0,0,88891,16273.3688,35.4732,341.2629,6.38,A
53,hotel1/recommendation,615.72,18.69,1119.06,0.0,0,1887,345.4551,5.7584,341.2629,1.03,A
53,hotel1/rate,1703.1,32.46,1119.14,0.0,0,2268,415.2051,15.9164,341.2629,2.93,A
53,hotel1/profile,3723.77,38.67,1119.06,0.0,0,13170,2411.0457,34.7813,341.2629,6.01,A
53,hotel1/user,65.63,16.0,1119.06,0.0,0,846,318.7058,1.4005,341.2629,0.0922,A
53,hotel1/mongodb-reservation,2774.33,254.86,400.43,0.0586,19,299852,54894.221,26.049,341.2629,2.91,A
54,hotel2/search,2654.3,31.27,1119.06,0.0,0,3206,573.1996,23.1804,371.6487,4.3,A
54,hotel2/user,64.57,16.17,1119.06,0.0,0,1144,318.7058,1.4005,371.6487,0.118,A
54,hotel2/mongodb-recommendation,12.25,160.62,400.43,0.0156,2,165,318.7058,1.4005,371.6487,0.0161,A
54,hotel2/rate,1826.75,26.61,1119.14,0.0,0,3124,558.5389,15.9562,371.6487,3.03,A
54,hotel2/profile,4316.28,46.11,1119.06,0.0,0,151779,27136.5141,37.6919,371.6487,7.04,A
54,hotel2/mongodb-user,12.13,160.96,400.43,0.0156,2,290,318.7058,1.4005,371.6487,0.0215,A
54,hotel2/mongodb-reservation,1703.42,258.3,400.43,0.0195,2,11676,2087.5479,15.0148,371.6487,4.89,A
54,hotel2/recommendation,636.88,18.73,1119.06,0.0,0,2862,511.696,5.5685,371.6487,1.02,A
54,hotel2/mongodb-rate,12.31,164.95,400.43,0.0156,2,107,318.7058,1.4005,371.6487,0.0215,A
54,hotel2/mongodb-profile,12.07,162.71,400.43,0.0156,2,198,318.7058,1.4005,371.6487,0.0161,A
54,hotel2/reservation,4385.69,68.24,1119.06,0.0,0,233417,41732.5435,38.3105,371.6487,6.89,A
54,hotel2/memcached-reserve,298.19,7.31,79.27,0.0,0,1132,318.7058,2.6063,371.6487,0.462,A
54,es-stress-d/elasticsearch-dynamic-0,9.16,208350.56,1414.09,0.0273,6,401,318.7058,121.3244,371.6487,0.0107,A
54,es-stress-d2/elasticsearch-dynamic-0,8.29,208357.83,1414.09,0.0,0,342,318.7058,121.3211,371.6487,0.0161,A
54,es-stress-d3/elasticsearch-dynamic-0,8.07,208346.34,1414.09,0.0039,1,514,318.7058,121.3125,371.6487,0.0107,A
54,es-stress-d4/elasticsearch-dynamic-0,10.48,208354.41,1414.09,0.0,0,504,318.7058,121.3382,371.6487,0.0107,A
54,hotel1/consul,26.03,27.89,212.87,0.0,0,1800,321.8214,1.4005,371.6487,0.0483,A
54,hotel1/frontend,9926.98,105.37,1119.14,0.0,0,681053,121765.2268,86.6869,371.6487,15.8,A
54,hotel1/geo,1025.87,20.21,1119.06,0.0,0,1743,318.7058,8.9638,371.6487,1.71,A
54,hotel1/jaeger,0.46,14.83,81.01,0.0,0,0,318.7058,1.4005,1.4887,0.0054,A
54,hotel1/memcached-profile,338.5,7.68,79.27,0.0,0,1723,318.7058,2.9583,371.6487,0.553,A
54,hotel1/memcached-rate,232.91,7.48,79.27,0.0,0,1815,324.5032,2.0368,371.6487,0.381,A
54,hotel1/memcached-reserve,292.52,7.58,79.27,0.0,0,963,318.7058,2.557,371.6487,0.445,A
54,hotel1/mongodb-geo,11.16,161.34,400.43,0.0,0,173,318.7058,1.4005,371.6487,0.0215,A
54,hotel1/mongodb-profile,11.52,162.16,400.43,0.0,0,148,318.7058,1.4005,371.6487,0.0161,A
54,hotel1/mongodb-rate,12.33,163.35,400.43,0.0156,1,195,318.7058,1.4005,371.6487,0.0161,A
54,hotel2/mongodb-geo,12.55,161.91,400.43,0.0156,2,139,318.7058,1.4005,371.6487,0.0215,A
54,hotel1/mongodb-reservation,2854.84,254.93,400.43,0.0117,6,222226,39731.7085,25.0605,371.6487,4.29,A
54,hotel2/memcached-rate,225.47,7.75,79.27,0.0,0,1583,318.7058,1.972,371.6487,0.354,A
54,hotel2/memcached-profile,336.38,9.05,79.27,0.0,0,1454,318.7058,2.9406,371.6487,0.531,A
54,hotel2/jaeger,0.35,14.6,81.01,0.0,0,0,318.7058,1.4005,1.4887,0.0,A
54,hotel2/geo,1024.05,20.03,1119.06,0.0,0,2401,429.2739,8.9478,371.6487,1.71,A
54,hotel1/mongodb-recommendation,12.17,160.91,400.43,0.0156,1,197,318.7058,1.4005,371.6487,0.0161,A
54,hotel2/consul,29.58,27.43,212.87,0.0,0,1178,318.7058,1.4005,371.6487,0.0483,A
54,hotel2/frontend,9719.42,111.67,1119.14,0.0,0,516251,92300.3351,84.8794,371.6487,15.5,A
54,hotel1/search,2819.58,27.04,1119.06,0.0,0,3735,667.7793,24.6202,371.6487,4.64,A
54,hotel1/reservation,4339.53,55.88,1119.06,0.0,0,170192,30428.5679,37.9005,371.6487,6.32,A
54,hotel1/recommendation,670.22,18.79,1119.06,0.0,0,1629,318.7058,5.8595,371.6487,1.12,A
54,hotel1/rate,1834.12,27.9,1119.14,0.0,0,2768,494.8897,16.0213,371.6487,3.08,A
54,hotel1/profile,3965.57,40.46,1119.06,0.0,0,34809,6223.4889,34.6282,371.6487,6.52,A
54,hotel1/mongodb-user,12.32,161.96,400.43,0.0156,1,152,318.7058,1.4005,371.6487,0.0161,A
54,hotel1/user,66.37,16.0,1119.06,0.0,0,1016,318.7058,1.4005,371.6487,0.113,A
55,hotel2/user,58.99,16.64,1119.06,0.0,0,1978,393.6378,1.4005,354.6981,0.0871,A
55,hotel2/search,2614.06,27.19,1119.06,0.0,0,3812,758.6185,21.342,354.6981,3.65,A
55,hotel2/mongodb-recommendation,12.92,160.62,400.43,0.0,0,220,318.7058,1.4005,354.6981,0.0205,A
55,hotel2/recommendation,645.04,18.95,1119.06,0.0,0,1902,378.5132,5.2728,354.6981,0.902,A
55,hotel2/rate,1824.95,27.31,1119.14,0.0,0,2960,589.0637,14.9038,354.6981,2.64,A
55,hotel2/profile,4255.93,43.37,1119.06,0.0,0,128077,25488.3487,34.7462,354.6981,5.92,A
55,hotel2/mongodb-user,12.08,160.95,400.43,0.0,0,137,318.7058,1.4005,354.6981,0.0154,A
55,hotel2/mongodb-reservation,2091.75,258.16,400.43,0.0117,6,27094,5391.923,17.2029,354.6981,2.95,A
55,hotel2/reservation,4402.54,67.54,1119.06,0.0,0,248894,49531.8993,35.9552,354.6981,6.38,A
55,hotel2/mongodb-rate,11.93,164.95,400.43,0.0,0,150,318.7058,1.4005,354.6981,0.0154,A
55,hotel2/mongodb-geo,11.46,161.91,400.43,0.0,0,150,318.7058,1.4005,354.6981,0.0205,A
55,hotel2/memcached-reserve,275.09,7.57,79.27,0.0,0,1249,318.7058,2.2484,354.6981,0.405,A
55,es-stress-d/elasticsearch-dynamic-0,10.79,208350.69,1414.09,0.0,0,1185,318.7058,110.4433,354.6981,0.0359,A
55,es-stress-d2/elasticsearch-dynamic-0,11.33,208358.02,1414.09,0.0,0,510,318.7058,110.4516,354.6981,0.0205,A
55,es-stress-d3/elasticsearch-dynamic-0,14.82,208347.04,1414.09,0.0,0,1983,394.6329,110.4743,354.6981,0.0205,A
55,es-stress-d4/elasticsearch-dynamic-0,8.5,208354.41,1414.09,0.0234,8,700,318.7058,110.4266,354.6981,0.0205,A
55,hotel1/consul,26.29,27.89,212.87,0.0,0,1678,333.9354,1.4005,354.6981,0.0359,A
55,hotel1/frontend,10000.84,120.07,1119.14,0.0,0,648646,129085.7488,81.6583,354.6981,14.6,A
55,hotel1/geo,926.02,20.96,1119.06,0.0,0,1908,379.7073,7.5663,354.6981,1.43,A
55,hotel1/jaeger,0.33,14.83,81.01,0.0,0,0,318.7058,1.4005,1.4887,0.0,A
55,hotel1/memcached-profile,324.03,7.71,79.27,0.0,0,1240,318.7058,2.6478,354.6981,0.487,A
55,hotel1/memcached-rate,217.32,7.73,79.27,0.0,0,1284,318.7058,1.7772,354.6981,0.313,A
55,hotel1/memcached-reserve,272.47,7.07,79.27,0.0,0,1033,318.7058,2.2268,354.6981,0.389,A
55,hotel1/mongodb-geo,12.42,161.34,400.43,0.0156,1,137,318.7058,1.4005,354.6981,0.0154,A
55,hotel1/mongodb-profile,12.49,162.16,400.43,0.0156,1,170,318.7058,1.4005,354.6981,0.0154,A
55,hotel1/mongodb-rate,11.48,163.35,400.43,0.0,0,268,318.7058,1.4005,354.6981,0.0154,A
55,hotel2/mongodb-profile,12.04,162.52,400.43,0.0,0,213,318.7058,1.4005,354.6981,0.0154,A
55,hotel1/mongodb-reservation,1991.72,254.83,400.43,0.0547,17,60294,11998.9889,16.385,354.6981,4.54,A
55,hotel2/memcached-rate,218.01,7.48,79.27,0.0,0,1828,363.7866,1.7827,354.6981,0.313,A
55,hotel2/memcached-profile,340.29,7.78,79.27,0.0,0,1943,386.6726,2.7805,354.6981,0.451,A
55,hotel2/jaeger,0.27,14.6,81.01,0.0,0,0,318.7058,1.4005,1.4887,0.0051,A
55,hotel2/geo,975.39,21.71,1119.06,0.0,0,2109,419.7079,7.9695,354.6981,1.52,A
55,hotel1/mongodb-recommendation,11.54,160.9,400.43,0.0,0,262,318.7058,1.4005,354.6981,0.0205,A
55,hotel2/consul,29.84,27.68,212.87,0.0,0,1323,318.7058,1.4005,354.6981,0.041,A
55,hotel2/frontend,9913.36,109.91,1119.14,0.0,0,542320,107926.0233,80.9392,354.6981,14.4,A
55,hotel1/search,2506.16,29.11,1119.06,0.0,0,3473,691.1548,20.4626,354.6981,3.67,A
55,hotel1/reservation,3853.9,57.81,1119.06,0.0,0,143697,28596.8538,31.4738,354.6981,5.53,A
55,hotel1/recommendation,634.63,20.98,1119.06,0.0,0,2199,437.6186,5.1889,354.6981,0.892,A
55,hotel1/rate,1772.86,29.49,1119.14,0.0,0,2543,506.0774,14.48,354.6981,2.77,A
55,hotel1/profile,3893.08,41.4,1119.06,0.0,0,57068,11356.989,31.7847,354.6981,6.0,A
55,hotel1/mongodb-user,11.93,161.96,400.43,0.0,0,162,318.7058,1.4005,354.6981,0.0205,A
55,hotel1/user,63.76,16.4,1119.06,0.0,0,1126,318.7058,1.4005,354.6981,0.0871,A
56,hotel2/user,64.57,16.49,1119.06,0.0,0,762,318.7058,1.4005,345.4845,0.0953,A
56,hotel2/search,2500.13,27.52,1119.06,0.0,0,3008,583.179,19.626,345.4845,3.96,A
56,hotel2/mongodb-recommendation,12.55,160.62,400.43,0.0586,8,146,318.7058,1.4005,345.4845,0.0112,A
56,hotel2/recommendation,588.06,19.3,1119.06,0.0,0,2179,422.4558,4.6227,345.4845,0.942,A
56,hotel2/rate,1755.08,29.75,1119.14,0.0,0,2516,487.792,13.7826,345.4845,3.02,A
56,hotel2/profile,4144.55,48.38,1119.06,0.0,0,123935,24028.0211,32.5361,345.4845,6.51,A
56,hotel2/mongodb-user,11.72,160.95,400.43,0.0586,8,389,318.7058,1.4005,345.4845,0.0168,A
56,hotel2/mongodb-reservation,2129.99,257.93,400.43,0.0391,12,49832,9661.2284,16.8374,345.4845,2.83,A
56,hotel2/reservation,4018.51,59.2,1119.06,0.0,0,194279,37666.0339,31.5528,345.4845,7.07,A
56,hotel2/mongodb-rate,12.12,164.95,400.43,0.0547,8,161,318.7058,1.4005,345.4845,0.0168,A
56,hotel2/mongodb-profile,12.13,162.52,400.43,0.0156,2,1052,318.7058,1.4005,345.4845,0.0112,A
56,hotel2/memcached-reserve,262.15,7.34,79.27,0.0,0,1323,318.7058,2.0601,345.4845,0.415,A
56,hotel2/mongodb-geo,12.46,161.91,400.43,0.0586,8,148,318.7058,1.4005,345.4845,0.0168,A
56,es-stress-d/elasticsearch-dynamic-0,9.55,208350.69,1414.09,0.0,0,474,318.7058,103.9726,345.4845,0.0168,A
56,es-stress-d2/elasticsearch-dynamic-0,9.56,208357.99,1414.09,0.0039,2,382,318.7058,103.9763,345.4845,0.0112,A
56,es-stress-d3/elasticsearch-dynamic-0,9.74,208346.98,1414.09,0.0039,1,468,318.7058,103.9722,345.4845,0.0056,A
56,es-stress-d4/elasticsearch-dynamic-0,15.06,208354.89,1414.09,0.0,0,772,318.7058,104.0179,345.4845,0.0112,A
56,hotel1/consul,26.86,27.89,212.87,0.0,0,1792,347.4258,1.4005,345.4845,0.0448,A
56,hotel1/frontend,9953.78,112.51,1119.14,0.0,0,639394,123963.146,78.1387,345.4845,15.5,A
56,hotel1/geo,934.95,20.33,1119.06,0.0,0,2150,416.8334,7.3444,345.4845,1.71,A
56,hotel1/memcached-profile,321.81,7.72,79.27,0.0,0,1702,329.9769,2.5283,345.4845,0.555,A
56,hotel1/memcached-rate,210.57,7.49,79.27,0.0,0,1617,318.7058,1.6556,345.4845,0.376,A
56,hotel1/memcached-reserve,266.58,7.12,79.27,0.0,0,874,318.7058,2.0947,345.4845,0.465,A
56,hotel1/mongodb-geo,11.61,161.33,400.43,0.043,3,164,318.7058,1.4005,345.4845,0.0168,A
56,hotel1/mongodb-profile,11.84,162.16,400.43,0.0391,3,596,318.7058,1.4005,345.4845,0.0168,A
56,hotel1/mongodb-rate,12.28,163.35,400.43,0.0547,4,165,318.7058,1.4005,345.4845,0.0168,A
56,hotel1/jaeger,0.4,14.83,81.01,0.0,0,0,318.7058,1.4005,1.4887,0.0,A
56,hotel1/mongodb-reservation,1708.75,254.29,400.43,0.0898,14,30273,5869.2079,13.5311,345.4845,4.27,A
56,hotel1/mongodb-recommendation,12.23,160.9,400.43,0.0156,1,310,318.7058,1.4005,345.4845,0.0168,A
56,hotel2/memcached-profile,314.26,8.57,79.27,0.0,0,1224,318.7058,2.4695,345.4845,0.516,A
56,hotel2/jaeger,0.33,14.6,81.01,0.0,0,0,318.7058,1.4005,1.4887,0.0,A
56,hotel2/geo,961.29,21.65,1119.06,0.0,0,2154,417.6089,7.5517,345.4845,1.5,A
56,hotel2/frontend,9772.29,124.72,1119.14,0.0,0,666884,129292.7971,76.7211,345.4845,15.3,A
56,hotel2/consul,28.12,27.43,212.87,0.0,0,1210,318.7058,1.4005,345.4845,0.0448,A
56,hotel1/user,54.51,16.2,1119.06,0.0,0,1101,318.7058,1.4005,345.4845,0.106,A
56,hotel2/memcached-rate,205.32,7.5,79.27,0.0,0,1300,318.7058,1.6144,345.4845,0.331,A
56,hotel1/reservation,4075.97,54.24,1119.06,0.0,0,146126,28330.3232,32.0011,345.4845,6.68,A
56,hotel1/recommendation,609.73,19.38,1119.06,0.0,0,1805,349.9462,4.7927,345.4845,1.12,A
56,hotel1/rate,1774.14,28.27,1119.14,0.0,0,3128,606.4441,13.9314,345.4845,3.26,A
56,hotel1/profile,3860.27,39.19,1119.06,0.0,0,25438,4931.8175,30.3015,345.4845,6.56,A
56,hotel1/mongodb-user,12.19,161.96,400.43,0.0156,1,180,318.7058,1.4005,345.4845,0.0112,A
56,hotel1/search,2457.22,29.39,1119.06,0.0,0,3149,610.5155,19.2904,345.4845,4.36,A
57,hotel2/user,62.54,16.48,1119.06,0.0,0,1044,318.7058,1.4005,348.3513,0.0767,A
57,hotel2/search,2570.12,30.31,1119.06,0.0,0,3951,713.2451,21.5169,348.3513,3.94,A
57,hotel2/profile,3916.75,45.23,1119.06,0.0,0,152603,27548.3041,32.7903,348.3513,6.45,A
57,hotel2/recommendation,637.34,18.53,1119.06,0.0,0,2055,370.9741,5.3417,348.3513,0.893,A
57,hotel2/rate,1733.99,27.85,1119.14,0.0,0,3036,548.0669,14.5208,348.3513,2.68,A
57,hotel2/mongodb-user,10.71,160.95,400.43,0.0,0,217,318.7058,1.4005,348.3513,0.011,A
57,hotel2/mongodb-reservation,1953.61,257.66,400.43,0.1328,14,19223,3470.1877,16.4818,348.3513,2.27,A
57,hotel2/mongodb-recommendation,11.67,160.62,400.43,0.0,0,176,318.7058,1.4005,348.3513,0.011,A
57,hotel2/reservation,4036.7,59.43,1119.06,0.0,0,141454,25535.6566,33.8014,348.3513,6.15,A
57,hotel2/mongodb-rate,11.89,164.95,400.43,0.0,0,277,318.7058,1.4005,348.3513,0.0164,A
57,hotel2/mongodb-profile,11.6,162.52,400.43,0.043,6,160,318.7058,1.4005,348.3513,0.011,A
57,hotel2/memcached-reserve,269.87,7.56,79.27,0.0,0,870,318.7058,2.2617,348.3513,0.438,A
57,es-stress-d/elasticsearch-dynamic-0,11.02,208350.69,1414.09,0.0039,1,542,318.7058,112.2624,348.3513,0.0164,A
57,es-stress-d2/elasticsearch-dynamic-0,10.22,208358.05,1414.09,0.0312,8,525,318.7058,112.2597,348.3513,0.0219,A
57,es-stress-d3/elasticsearch-dynamic-0,10.78,208346.98,1414.09,0.0195,8,446,318.7058,112.2584,348.3513,0.0164,A
57,es-stress-d4/elasticsearch-dynamic-0,8.56,208354.86,1414.09,0.0,0,624,318.7058,112.2441,348.3513,0.0329,A
57,hotel1/consul,25.3,27.89,212.87,0.0,0,1886,340.4658,1.4005,348.3513,0.0329,A
57,hotel1/frontend,9991.59,105.47,1119.14,0.0,0,671046,121139.0291,83.6424,348.3513,14.7,A
57,hotel1/geo,948.9,19.61,1119.06,0.0,0,1911,344.9789,7.9487,348.3513,1.37,A
57,hotel1/jaeger,0.41,14.83,81.01,0.0,0,0,318.7058,1.4005,1.4887,0.0,A
57,hotel1/memcached-profile,315.19,8.25,79.27,0.0,0,1536,318.7058,2.6412,348.3513,0.454,A
57,hotel1/memcached-rate,216.95,7.47,79.27,0.0,0,1348,318.7058,1.8189,348.3513,0.318,A
57,hotel1/memcached-reserve,270.7,7.42,79.27,0.0,0,1167,318.7058,2.2686,348.3513,0.394,A
57,hotel1/mongodb-geo,12.05,161.34,400.43,0.0195,1,206,318.7058,1.4005,348.3513,0.0164,A
57,hotel1/mongodb-profile,11.89,162.16,400.43,0.0195,1,147,318.7058,1.4005,348.3513,0.0164,A
57,hotel1/mongodb-rate,11.06,163.35,400.43,0.0,0,185,318.7058,1.4005,348.3513,0.011,A
57,hotel2/mongodb-geo,11.41,161.91,400.43,0.0,0,149,318.7058,1.4005,348.3513,0.0164,A
57,hotel1/mongodb-reservation,2937.81,254.39,400.43,0.0547,15,269791,48703.3971,24.7135,348.3513,4.24,A
57,hotel2/memcached-rate,206.16,7.51,79.27,0.0,0,1540,318.7058,1.7287,348.3513,0.334,A
57,hotel2/memcached-profile,327.41,8.07,79.27,0.0,0,1612,318.7058,2.7433,348.3513,0.493,A
57,hotel2/jaeger,0.35,14.6,81.01,0.0,0,0,318.7058,1.4005,1.4887,0.0,A
57,hotel2/geo,978.79,21.0,1119.06,0.0,0,1647,318.7058,8.1995,348.3513,1.51,A
57,hotel2/frontend,9602.62,118.1,1119.14,0.0,0,597752,107907.7991,80.3952,348.3513,14.3,A
57,hotel2/consul,28.81,27.43,212.87,0.0,0,1724,318.7058,1.4005,348.3513,0.0493,A
57,hotel1/mongodb-recommendation,11.13,160.9,400.43,0.043,3,351,318.7058,1.4005,348.3513,0.011,A
57,hotel1/search,2518.38,24.38,1119.06,0.0,0,2971,536.3329,21.0809,348.3513,3.96,A
57,hotel1/reservation,3994.08,57.1,1119.06,0.0,0,106863,19291.1962,33.4436,348.3513,5.79,A
57,hotel1/recommendation,613.03,17.6,1119.06,0.0,0,1697,318.7058,5.1378,348.3513,0.942,A
57,hotel1/rate,1720.49,28.66,1119.14,0.0,0,2377,429.1024,14.4083,348.3513,2.56,A
57,hotel1/profile,3721.44,40.94,1119.06,0.0,0,21831,3940.9908,31.1541,348.3513,5.83,A
57,hotel1/mongodb-user,11.86,161.96,400.43,0.043,3,390,318.7058,1.4005,348.3513,0.0219,A
57,hotel1/user,66.71,16.09,1119.06,0.0,0,946,318.7058,1.4005,348.3513,0.0931,A
58,hotel2/user,54.15,16.48,1119.06,0.0,0,910,318.7058,1.4005,349.0169,0.0912,A
58,hotel2/search,2615.74,28.22,1119.06,0.0,0,3160,645.9732,21.3907,349.0169,4.09,A
58,hotel2/profile,4176.85,40.35,1119.06,0.0,0,164013,33527.8482,34.1544,349.0169,6.37,A
58,hotel2/rate,1775.4,30.43,1119.14,0.0,0,2669,545.602,14.5246,349.0169,2.83,A
58,hotel2/mongodb-user,12.24,160.96,400.43,0.0195,2,110,318.7058,1.4005,349.0169,0.0122,A
58,hotel2/mongodb-reservation,1820.67,257.44,400.43,0.0312,6,2528,516.7785,15.0137,349.0169,2.86,A
58,hotel2/mongodb-recommendation,12.28,160.62,400.43,0.0195,2,179,318.7058,1.4005,349.0169,0.0182,A
58,hotel2/reservation,4312.73,58.92,1119.06,0.0,0,202166,41327.1567,35.2746,349.0169,7.25,A
58,hotel2/mongodb-rate,12.33,164.96,400.43,0.0195,2,221,318.7058,1.4005,349.0169,0.0182,A
58,hotel2/mongodb-profile,12.5,162.53,400.43,0.0195,2,131,318.7058,1.4005,349.0169,0.0122,A
58,hotel2/recommendation,652.45,19.12,1119.06,0.0,0,1860,380.2247,5.3419,349.0169,0.973,A
58,hotel2/memcached-reserve,286.39,7.35,79.27,0.0,0,1061,318.7058,2.3442,349.0169,0.45,A
58,hotel2/mongodb-geo,12.44,161.92,400.43,0.0352,4,137,318.7058,1.4005,349.0169,0.0122,A
58,es-stress-d2/elasticsearch-dynamic-0,9.94,208358.05,1414.09,0.0078,4,389,318.7058,109.5078,349.0169,0.0122,A
58,es-stress-d3/elasticsearch-dynamic-0,10.0,208346.98,1414.09,0.0039,1,488,318.7058,109.5025,349.0169,0.0182,A
58,es-stress-d4/elasticsearch-dynamic-0,12.5,208354.86,1414.09,0.0,0,415,318.7058,109.5271,349.0169,0.0122,A
58,hotel1/consul,25.67,27.89,212.87,0.0,0,1674,342.2023,1.4005,349.0169,0.0365,A
58,hotel1/frontend,10004.64,111.16,1119.14,0.0,0,626628,128096.4829,81.8163,349.0169,15.7,A
58,hotel1/geo,919.26,22.48,1119.06,0.0,0,1736,354.8764,7.524,349.0169,1.54,A
58,hotel1/jaeger,0.37,14.83,81.01,0.0,0,0,318.7058,1.4005,1.4887,0.0,A
58,hotel1/memcached-profile,296.51,7.93,79.27,0.0,0,1259,318.7058,2.4272,349.0169,0.523,A
58,hotel1/memcached-rate,208.57,7.55,79.27,0.0,0,1325,318.7058,1.7084,349.0169,0.353,A
58,hotel1/memcached-reserve,261.33,7.34,79.27,0.0,0,970,318.7058,2.1394,349.0169,0.444,A
58,hotel1/mongodb-geo,11.79,161.34,400.43,0.0,0,146,318.7058,1.4005,349.0169,0.0182,A
58,hotel1/mongodb-profile,12.14,162.16,400.43,0.0,0,124,318.7058,1.4005,349.0169,0.0122,A
58,hotel1/mongodb-rate,12.6,163.35,400.43,0.0195,1,160,318.7058,1.4005,349.0169,0.0182,A
58,hotel1/mongodb-recommendation,12.47,160.91,400.43,0.0195,1,167,318.7058,1.4005,349.0169,0.0182,A
58,es-stress-d/elasticsearch-dynamic-0,8.87,208350.69,1414.09,0.0,0,383,318.7058,109.4952,349.0169,0.0122,A
58,hotel1/mongodb-user,12.22,161.96,400.43,0.0195,1,170,318.7058,1.4005,349.0169,0.0243,A
58,hotel1/mongodb-reservation,2389.89,253.91,400.43,0.0234,10,35077,7170.5068,19.6635,349.0169,4.25,A
58,hotel2/memcached-profile,329.24,7.75,79.27,0.0,0,1443,318.7058,2.6946,349.0169,0.529,A
58,hotel2/jaeger,0.3,14.6,81.01,0.0,0,0,318.7058,1.4005,1.4887,0.0,A
58,hotel2/geo,1020.81,19.71,1119.06,0.0,0,2027,414.3632,8.3524,349.0169,1.58,A
58,hotel2/frontend,9672.69,114.18,1119.14,0.0,0,571729,116873.9253,79.1052,349.0169,15.0,A
58,hotel2/consul,27.4,27.43,212.87,0.0,0,1184,318.7058,1.4005,349.0169,0.0487,A
58,hotel2/memcached-rate,225.99,7.51,79.27,0.0,0,1429,318.7058,1.8507,349.0169,0.347,A
58,hotel1/search,2487.65,29.76,1119.06,0.0,0,3491,713.6368,20.3447,349.0169,4.1,A
58,hotel1/reservation,3861.24,58.94,1119.06,0.0,0,79614,16274.8447,31.585,349.0169,6.53,A
58,hotel1/recommendation,594.08,17.99,1119.06,0.0,0,1590,325.0308,4.8643,349.0169,1.03,A
58,hotel1/rate,1733.27,30.12,1119.14,0.0,0,2713,554.5966,14.1801,349.0169,2.79,A
58,hotel1/user,53.77,15.83,1119.06,0.0,0,1056,318.7058,1.4005,349.0169,0.0912,A
58,hotel1/profile,3776.22,38.18,1119.06,0.0,0,20796,4251.1577,30.8793,349.0169,6.37,A
59,hotel2/mongodb-reservation,1621.71,257.4,400.43,0.0,0,7147,1326.9962,14.1621,361.6763,2.83,A
59,hotel2/user,54.52,16.73,1119.06,0.0,0,1338,318.7058,1.4005,361.6763,0.0891,A
59,hotel2/recommendation,625.55,17.86,1119.06,0.0,0,1761,326.968,5.416,361.6763,1.04,A
59,hotel2/rate,1750.79,26.64,1119.14,0.0,0,2947,547.1747,15.145,361.6763,2.97,A
59,hotel2/profile,4098.57,42.15,1119.06,0.0,0,102977,19119.9226,35.4426,361.6763,6.79,A
59,hotel2/mongodb-user,10.78,160.96,400.43,0.0,0,343,318.7058,1.4005,361.6763,0.0127,A
59,hotel2/search,2611.93,31.0,1119.06,0.0,0,3743,694.9695,22.5892,361.6763,4.32,A
59,hotel2/mongodb-recommendation,11.26,160.62,400.43,0.0,0,189,318.7058,1.4005,361.6763,0.0127,A
59,hotel2/mongodb-rate,11.38,164.96,400.43,0.0,0,130,318.7058,1.4005,361.6763,0.0191,A
59,hotel2/reservation,4641.63,60.5,1119.06,0.0,0,287394,53360.9546,40.146,361.6763,7.23,A
59,hotel2/mongodb-profile,11.16,162.78,400.43,0.0,0,192,318.7058,1.4005,361.6763,0.0191,A
59,es-stress-d/elasticsearch-dynamic-0,12.36,208350.69,1414.09,0.0039,1,433,318.7058,119.7743,361.6763,0.0127,A
59,es-stress-d2/elasticsearch-dynamic-0,12.54,208358.12,1414.09,0.0,0,608,318.7058,119.7802,361.6763,0.0191,A
59,es-stress-d3/elasticsearch-dynamic-0,15.0,208347.11,1414.09,0.0,0,492,318.7058,119.7951,361.6763,0.0127,A
59,es-stress-d4/elasticsearch-dynamic-0,11.52,208354.86,1414.09,0.0,0,666,318.7058,119.7695,361.6763,0.0255,A
59,hotel1/consul,28.53,27.89,212.87,0.0,0,2291,425.374,1.4005,361.6763,0.0446,A
59,hotel1/frontend,10390.11,122.32,1119.14,0.0,0,597348,110910.6645,89.8579,361.6763,16.1,A
59,hotel1/geo,970.35,20.29,1119.06,0.0,0,2012,373.5716,8.3971,361.6763,1.54,A
59,hotel1/jaeger,0.37,14.83,81.01,0.0,0,0,318.7058,1.4005,1.4887,0.0,A
59,hotel1/memcached-profile,330.62,8.48,79.27,0.0,0,1443,318.7058,2.862,361.6763,0.547,A
59,hotel1/memcached-rate,218.98,7.49,79.27,0.0,0,1307,318.7058,1.8966,361.6763,0.356,A
59,hotel1/memcached-reserve,283.3,7.16,79.27,0.0,0,1114,318.7058,2.4523,361.6763,0.458,A
59,hotel1/mongodb-geo,11.66,161.34,400.43,0.0195,1,101,318.7058,1.4005,361.6763,0.0191,A
59,hotel1/mongodb-profile,11.53,162.16,400.43,0.0195,1,192,318.7058,1.4005,361.6763,0.0191,A
59,hotel1/mongodb-rate,10.76,163.35,400.43,0.0,0,127,318.7058,1.4005,361.6763,0.0127,A
59,hotel1/mongodb-recommendation,10.91,160.91,400.43,0.0,0,264,318.7058,1.4005,361.6763,0.0127,A
59,hotel2/mongodb-geo,11.02,161.92,400.43,0.0,0,162,318.7058,1.4005,361.6763,0.0191,A
59,hotel1/mongodb-user,11.57,161.96,400.43,0.0,0,175,318.7058,1.4005,361.6763,0.0127,A
59,hotel2/memcached-reserve,281.57,7.34,79.27,0.0,0,1216,318.7058,2.4374,361.6763,0.439,A
59,hotel2/memcached-rate,218.01,7.48,79.27,0.0,0,2013,373.7573,1.8883,361.6763,0.356,A
59,hotel2/memcached-profile,328.36,7.76,79.27,0.0,0,1645,318.7058,2.842,361.6763,0.541,A
59,hotel2/jaeger,0.45,14.6,81.01,0.0,0,0,318.7058,1.4005,1.4887,0.0,A
59,hotel1/mongodb-reservation,2706.98,253.79,400.43,0.0547,15,145073,26935.9617,23.5385,361.6763,3.13,A
59,hotel2/frontend,10118.24,115.82,1119.14,0.0,0,546685,101503.9753,87.5047,361.6763,15.5,A
59,hotel2/geo,988.88,22.65,1119.06,0.0,0,1822,338.294,8.5586,361.6763,1.64,A
59,hotel1/user,64.3,15.97,1119.06,0.0,0,723,318.7058,1.4005,361.6763,0.0828,A
59,hotel1/search,2579.28,27.85,1119.06,0.0,0,2955,548.6601,22.3052,361.6763,4.2,A
59,hotel1/reservation,3996.17,58.69,1119.06,0.0,0,123461,22923.2232,34.5672,361.6763,6.56,A
59,hotel1/recommendation,626.93,18.83,1119.06,0.0,0,1940,360.2032,5.4285,361.6763,0.999,A
59,hotel1/rate,1801.59,29.54,1119.14,0.0,0,2651,492.2159,15.5857,361.6763,2.72,A
59,hotel1/profile,4055.68,38.73,1119.06,0.0,0,40480,7515.9935,35.07,361.6763,6.53,A
59,hotel2/consul,29.41,27.43,212.87,0.0,0,1685,318.7058,1.4005,361.6763,0.0382,A
60,hotel2/user,63.55,16.5,1119.06,0.0,0,956,318.7058,1.4005,346.5516,0.0973,A
60,hotel2/search,2489.04,26.34,1119.06,0.0,0,3028,606.2548,24.4281,346.5516,3.87,A
60,hotel2/mongodb-recommendation,11.82,160.62,400.43,0.0195,2,116,318.7058,1.4005,346.5516,0.0122,A
60,hotel2/recommendation,609.13,18.39,1119.06,0.0,0,2236,447.6835,5.9855,346.5516,0.955,A
60,hotel2/rate,1694.59,27.34,1119.14,0.0,0,2593,519.1607,16.637,346.5516,2.66,A
60,hotel2/profile,4160.14,43.15,1119.06,0.0,0,183484,36736.4767,40.8282,346.5516,6.05,A
60,hotel2/mongodb-user,12.22,160.96,400.43,0.0195,2,179,318.7058,1.4005,346.5516,0.0182,A
60,hotel2/mongodb-reservation,1879.61,257.34,400.43,0.0273,4,770,318.7058,18.5933,346.5516,3.14,A
60,hotel2/reservation,4191.89,57.52,1119.06,0.0,0,155107,31054.9405,41.1484,346.5516,6.12,A
60,hotel2/mongodb-rate,11.72,164.96,400.43,0.0195,2,176,318.7058,1.4005,346.5516,0.0182,A
60,hotel2/mongodb-geo,12.09,161.92,400.43,0.0195,2,129,318.7058,1.4005,346.5516,0.0122,A
60,hotel2/memcached-reserve,266.99,7.3,79.27,0.0,0,1043,318.7058,2.6231,346.5516,0.414,A
60,hotel2/mongodb-profile,12.15,162.53,400.43,0.0195,2,295,318.7058,1.4005,346.5516,0.0182,A
60,es-stress-d/elasticsearch-dynamic-0,7.85,208350.69,1414.09,0.0273,8,451,318.7058,128.4935,346.5516,0.0182,A
60,es-stress-d2/elasticsearch-dynamic-0,7.81,208358.12,1414.09,0.0,0,676,318.7058,128.4976,346.5516,0.0182,A
60,es-stress-d3/elasticsearch-dynamic-0,7.84,208347.11,1414.09,0.0117,4,757,318.7058,128.4912,346.5516,0.0182,A
60,es-stress-d4/elasticsearch-dynamic-0,7.86,208354.86,1414.09,0.0039,2,740,318.7058,128.4961,346.5516,0.0061,A
60,hotel1/consul,24.59,27.89,212.87,0.0,0,2226,445.6814,1.4005,346.5516,0.0365,A
60,hotel1/frontend,9597.12,115.57,1119.14,0.0,0,644484,129036.1638,94.1973,346.5516,14.5,A
60,hotel1/geo,918.64,20.27,1119.06,0.0,0,1799,360.189,9.0223,346.5516,1.5,A
60,hotel1/memcached-profile,310.74,7.73,79.27,0.0,0,1148,318.7058,3.0524,346.5516,0.499,A
60,hotel1/memcached-rate,208.4,7.53,79.27,0.0,0,1717,343.7713,2.0486,346.5516,0.328,A
60,hotel1/memcached-reserve,255.99,7.09,79.27,0.0,0,1031,318.7058,2.5151,346.5516,0.42,A
60,hotel1/mongodb-geo,10.81,161.34,400.43,0.0,0,206,318.7058,1.4005,346.5516,0.0122,A
60,hotel1/mongodb-profile,11.19,162.16,400.43,0.0,0,124,318.7058,1.4005,346.5516,0.0182,A
60,hotel1/mongodb-rate,11.46,163.35,400.43,0.0195,1,339,318.7058,1.4005,346.5516,0.0122,A
60,hotel1/jaeger,0.39,14.83,81.01,0.0,0,0,318.7058,1.4005,1.4887,0.0,A
60,hotel1/mongodb-reservation,2351.12,254.02,400.43,0.043,20,31073,6221.3193,23.2157,346.5516,4.0,A
60,hotel1/mongodb-recommendation,11.83,160.91,400.43,0.0195,1,151,318.7058,1.4005,346.5516,0.0122,A
60,hotel2/memcached-profile,315.13,8.04,79.27,0.0,0,1238,318.7058,3.0957,346.5516,0.468,A
60,hotel2/jaeger,0.31,14.6,81.01,0.0,0,0,318.7058,1.4005,1.4887,0.0,A
60,hotel2/geo,971.76,20.14,1119.06,0.0,0,2139,428.2625,9.5432,346.5516,1.45,A
60,hotel2/frontend,9346.83,110.17,1119.14,0.0,0,571242,114371.9259,91.7392,346.5516,14.4,A
60,hotel2/consul,27.68,27.43,212.87,0.0,0,1333,318.7058,1.4005,346.5516,0.0487,A
60,hotel1/user,60.48,16.22,1119.06,0.0,0,1282,318.7058,1.4005,346.5516,0.0912,A
60,hotel2/memcached-rate,207.33,7.52,79.27,0.0,0,1312,318.7058,2.0381,346.5516,0.298,A
60,hotel1/reservation,3770.23,56.12,1119.06,0.0,0,104672,20957.0344,37.012,346.5516,6.18,A
60,hotel1/recommendation,605.24,18.44,1119.06,0.0,0,1587,318.7058,5.9474,346.5516,0.967,A
60,hotel1/rate,1734.67,30.64,1119.14,0.0,0,2787,558.0027,17.0321,346.5516,2.83,A
60,hotel1/profile,3837.3,39.84,1119.06,0.0,0,63886,12791.0148,37.6598,346.5516,6.12,A
60,hotel1/mongodb-user,11.68,161.96,400.43,0.0195,1,219,318.7058,1.4005,346.5516,0.0182,A
60,hotel1/search,2509.63,30.68,1119.06,0.0,0,3072,615.0643,24.6327,346.5516,3.92,A
61,hotel2/user,70.46,16.38,1119.06,0.0,0,1623,318.7058,1.4005,371.2832,0.0872,A
61,hotel2/search,2644.21,29.93,1119.06,0.0,0,3546,605.9944,22.6847,371.2832,3.99,A
61,hotel2/profile,4340.68,43.81,1119.06,0.0,0,178625,30526.1568,37.2357,371.2832,6.12,A
61,hotel2/recommendation,649.41,17.59,1119.06,0.0,0,1767,318.7058,5.5772,371.2832,0.999,A
61,hotel2/rate,1791.39,27.86,1119.14,0.0,0,2914,497.9886,15.3728,371.2832,2.83,A
61,hotel2/mongodb-user,11.18,160.96,400.43,0.0,0,105,318.7058,1.4005,371.2832,0.0134,A
61,hotel2/mongodb-reservation,2249.43,257.89,400.43,0.0078,4,22404,3828.7363,19.4328,371.2832,2.7,A
61,hotel2/mongodb-recommendation,11.61,160.62,400.43,0.0,0,211,318.7058,1.4005,371.2832,0.0201,A
61,hotel2/reservation,4461.43,58.94,1119.06,0.0,0,267851,45774.4528,38.2796,371.2832,6.26,A
61,hotel2/mongodb-rate,11.74,164.96,400.43,0.0,0,139,318.7058,1.4005,371.2832,0.0201,A
61,hotel2/mongodb-profile,11.29,162.53,400.43,0.0,0,319,318.7058,1.4005,371.2832,0.0134,A
61,hotel2/memcached-reserve,281.94,7.32,79.27,0.0,0,959,318.7058,2.4212,371.2832,0.423,A
61,es-stress-d/elasticsearch-dynamic-0,11.46,208350.75,1414.09,0.0039,1,619,318.7058,120.9723,371.2832,0.0201,A
61,es-stress-d2/elasticsearch-dynamic-0,10.76,208358.12,1414.09,0.0,0,559,318.7058,120.9706,371.2832,0.0268,A
61,es-stress-d3/elasticsearch-dynamic-0,11.41,208347.18,1414.09,0.0,0,457,318.7058,120.9698,371.2832,0.0134,A
61,es-stress-d4/elasticsearch-dynamic-0,8.79,208354.86,1414.09,0.0234,6,682,318.7058,120.9518,371.2832,0.0268,A
61,hotel1/consul,27.08,27.89,212.87,0.0,0,1363,318.7058,1.4005,371.2832,0.0402,A
61,hotel1/frontend,9995.82,113.28,1119.14,0.0,0,563497,96298.9379,85.7544,371.2832,15.4,A
61,hotel1/geo,1035.92,20.69,1119.06,0.0,0,2084,356.1456,8.8924,371.2832,1.45,A
61,hotel1/jaeger,0.32,14.83,81.01,0.0,0,0,318.7058,1.4005,1.4887,0.0,A
61,hotel1/memcached-profile,343.64,7.72,79.27,0.0,0,1566,318.7058,2.9503,371.2832,0.496,A
61,hotel1/memcached-rate,225.51,7.44,79.27,0.0,0,1093,318.7058,1.9375,371.2832,0.349,A
61,hotel1/memcached-reserve,289.18,7.67,79.27,0.0,0,1156,318.7058,2.4834,371.2832,0.409,A
61,hotel1/mongodb-geo,12.71,161.34,400.43,0.0195,1,148,318.7058,1.4005,371.2832,0.0201,A
61,hotel1/mongodb-profile,12.13,162.17,400.43,0.0195,1,155,318.7058,1.4005,371.2832,0.0201,A
61,hotel1/mongodb-rate,11.2,163.35,400.43,0.0,0,160,318.7058,1.4005,371.2832,0.0134,A
61,hotel2/mongodb-geo,11.54,161.92,400.43,0.0,0,196,318.7058,1.4005,371.2832,0.0134,A
61,hotel1/mongodb-reservation,2900.31,253.48,400.43,0.0625,17,335415,57320.8167,25.0098,371.2832,2.64,A
61,hotel1/mongodb-recommendation,11.08,160.91,400.43,0.0,0,299,318.7058,1.4005,371.2832,0.0201,A
61,hotel2/memcached-profile,339.76,7.82,79.27,0.0,0,1675,318.7058,2.9171,371.2832,0.517,A
61,hotel2/jaeger,0.37,14.6,81.01,0.0,0,0,318.7058,1.4005,1.4887,0.0,A
61,hotel2/geo,1044.58,20.49,1119.06,0.0,0,1833,318.7058,8.9665,371.2832,1.53,A
61,hotel2/frontend,9800.17,109.47,1119.14,0.0,0,589413,100727.8581,84.075,371.2832,14.2,A
61,hotel2/consul,32.5,25.89,212.87,0.0,0,973,318.7058,1.4005,371.2832,0.0537,A
61,hotel2/memcached-rate,224.74,7.99,79.27,0.0,0,1599,318.7058,1.9312,371.2832,0.342,A
61,hotel1/search,2797.05,29.2,1119.06,0.0,0,3027,517.2998,23.9945,371.2832,4.02,A
61,hotel1/reservation,4150.86,55.82,1119.06,0.0,0,174895,29888.7177,35.6154,371.2832,6.01,A
61,hotel1/recommendation,665.96,18.28,1119.06,0.0,0,2112,360.9307,5.7195,371.2832,0.953,A
61,hotel1/rate,1812.49,28.38,1119.14,0.0,0,2656,453.8977,15.554,371.2832,2.8,A
61,hotel1/profile,4196.01,41.08,1119.06,0.0,0,61298,10475.5346,35.9939,371.2832,6.04,A
61,hotel1/user,68.38,16.25,1119.06,0.0,0,730,318.7058,1.4005,371.2832,0.0872,A
61,hotel1/mongodb-user,12.04,161.96,400.43,0.0,0,117,318.7058,1.4005,371.2832,0.0134,A
62,hotel2/user,64.13,16.12,1119.06,0.0,0,1086,318.7058,1.4005,335.3903,0.0717,A
62,hotel2/rate,1777.75,29.51,1119.14,0.0,0,2781,565.517,17.7144,335.3903,2.57,A
62,hotel2/recommendation,639.54,19.58,1119.06,0.0,0,2108,428.6623,6.3784,335.3903,0.841,A
62,hotel2/profile,4325.05,44.52,1119.06,0.0,0,157204,31967.4717,43.0798,335.3903,5.77,A
62,hotel2/mongodb-user,12.92,160.96,400.43,0.0703,18,202,318.7058,1.4005,335.3903,0.0196,A
62,hotel2/mongodb-reservation,1862.58,257.91,400.43,0.2031,40,1132,318.7058,18.7035,335.3903,2.47,A
62,hotel2/search,2598.28,30.41,1119.06,0.0,0,3435,698.5081,25.8826,335.3903,3.62,A
62,hotel2/mongodb-recommendation,13.11,160.81,400.43,0.0664,14,144,318.7058,1.4005,335.3903,0.013,A
62,hotel2/mongodb-rate,11.95,164.96,400.43,0.0664,14,182,318.7058,1.4005,335.3903,0.0196,A
62,hotel2/reservation,4252.0,60.98,1119.06,0.0,0,132681,26980.7137,42.3631,335.3903,6.15,A
62,hotel2/mongodb-profile,12.7,162.53,400.43,0.0703,18,199,318.7058,1.4005,335.3903,0.013,A
62,hotel2/mongodb-geo,12.47,161.93,400.43,0.0703,18,262,318.7058,1.4005,335.3903,0.0196,A
62,es-stress-d/elasticsearch-dynamic-0,7.89,208350.75,1414.09,0.0,0,561,318.7058,132.0838,335.3903,0.013,A
62,es-stress-d2/elasticsearch-dynamic-0,8.06,208358.12,1414.09,0.0,0,373,318.7058,132.0902,335.3903,0.0065,A
62,es-stress-d3/elasticsearch-dynamic-0,8.21,208347.18,1414.09,0.0039,1,556,318.7058,132.0848,335.3903,0.013,A
62,es-stress-d4/elasticsearch-dynamic-0,10.41,208354.92,1414.09,0.0039,1,619,318.7058,132.1116,335.3903,0.013,A
62,hotel1/consul,26.77,27.89,212.87,0.0,0,2447,497.598,1.4005,335.3903,0.0391,A
62,hotel1/frontend,10019.26,118.87,1119.14,0.0,0,827767,168326.6212,99.8071,335.3903,14.0,A
62,hotel1/geo,857.66,20.02,1119.06,0.0,0,1533,318.7058,8.5498,335.3903,1.18,A
62,hotel1/jaeger,0.32,14.83,81.01,0.0,0,0,318.7058,1.4005,1.4887,0.0065,A
62,hotel1/memcached-rate,198.33,7.45,79.27,0.0,0,1486,318.7058,1.9789,335.3903,0.261,A
62,hotel1/memcached-reserve,246.83,8.14,79.27,0.0,0,1068,318.7058,2.4621,335.3903,0.326,A
62,hotel1/mongodb-geo,12.59,161.34,400.43,0.0508,10,334,318.7058,1.4005,335.3903,0.013,A
62,hotel1/mongodb-profile,12.01,162.17,400.43,0.0469,7,221,318.7058,1.4005,335.3903,0.013,A
62,hotel1/mongodb-rate,12.55,163.54,400.43,0.0625,8,170,318.7058,1.4005,335.3903,0.0196,A
62,hotel1/mongodb-recommendation,12.9,160.91,400.43,0.0664,9,182,318.7058,1.4005,335.3903,0.013,A
62,hotel1/memcached-profile,291.97,7.76,79.27,0.0,0,1538,318.7058,2.9112,335.3903,0.385,A
62,hotel1/mongodb-user,12.33,161.97,400.43,0.0664,9,220,318.7058,1.4005,335.3903,0.0196,A
62,hotel1/mongodb-reservation,2426.71,253.14,400.43,0.1016,29,48770,9917.3914,24.3159,335.3903,3.94,A
62,hotel2/memcached-rate,212.96,7.51,79.27,0.0,0,1366,318.7058,2.1246,335.3903,0.3,A
62,hotel2/memcached-profile,329.9,8.29,79.27,0.0,0,1319,318.7058,3.2891,335.3903,0.45,A
62,hotel2/jaeger,0.36,14.6,81.01,0.0,0,0,318.7058,1.4005,1.4887,0.0,A
62,hotel2/geo,978.23,22.21,1119.06,0.0,0,2154,438.0164,9.7514,335.3903,1.4,A
62,hotel2/frontend,9756.8,115.39,1119.14,0.0,0,531690,108119.2911,97.1924,335.3903,13.5,A
62,hotel2/consul,28.28,25.89,212.87,0.0,0,1249,318.7058,1.4005,335.3903,0.0326,A
62,hotel2/memcached-reserve,280.44,7.79,79.27,0.0,0,1207,318.7058,2.7964,335.3903,0.404,A
62,hotel1/search,2307.67,27.51,1119.06,0.0,0,3488,709.2857,22.988,335.3903,3.04,A
62,hotel1/reservation,3737.38,54.57,1119.06,0.0,0,102155,20773.2442,37.2365,335.3903,4.9,A
62,hotel1/recommendation,575.77,17.62,1119.06,0.0,0,1546,318.7058,5.7424,335.3903,0.763,A
62,hotel1/rate,1572.49,26.72,1119.14,0.0,0,2466,501.4617,15.6695,335.3903,2.14,A
62,hotel1/profile,3649.28,40.78,1119.06,0.0,0,32657,6640.8089,36.3508,335.3903,4.68,A
62,hotel1/user,55.85,16.42,1119.06,0.0,0,1204,318.7058,1.4005,335.3903,0.0717,A
63,hotel2/user,61.64,16.34,1119.06,0.0,0,1266,318.7058,1.4005,356.7358,0.0838,A
63,hotel2/search,2588.45,36.82,1119.06,0.0,0,3399,656.0187,21.5311,356.7358,3.85,A
63,hotel2/reservation,4124.69,58.95,1119.06,0.0,0,110831,21390.763,34.3098,356.7358,6.6,A
63,hotel2/profile,4304.62,47.52,1119.06,0.0,0,179896,34720.5448,35.7988,356.7358,6.09,A
63,hotel2/rate,1834.56,30.82,1119.14,0.0,0,2761,532.8825,15.2627,356.7358,2.77,A
63,hotel2/mongodb-user,11.68,160.96,400.43,0.0,0,122,318.7058,1.4005,356.7358,0.0229,A
63,hotel2/mongodb-reservation,1921.99,257.45,400.43,0.0117,6,27813,5368.0044,16.1146,356.7358,2.72,A
63,hotel2/mongodb-recommendation,12.17,160.62,400.43,0.0,0,154,318.7058,1.4005,356.7358,0.0076,A
63,hotel2/recommendation,620.85,18.48,1119.06,0.0,0,1985,383.1118,5.1696,356.7358,0.922,A
63,hotel2/mongodb-rate,12.15,164.96,400.43,0.0,0,200,318.7058,1.4005,356.7358,0.0152,A
63,hotel2/mongodb-profile,12.2,162.53,400.43,0.0,0,348,318.7058,1.4005,356.7358,0.0229,A
63,hotel2/memcached-reserve,279.12,7.55,79.27,0.0,0,1201,318.7058,2.3237,356.7358,0.412,A
63,es-stress-d/elasticsearch-dynamic-0,12.12,208350.75,1414.09,0.0078,2,474,318.7058,115.3106,356.7358,0.0152,A
63,es-stress-d2/elasticsearch-dynamic-0,11.03,208358.18,1414.09,0.0156,6,491,318.7058,115.3056,356.7358,0.0229,A
63,es-stress-d3/elasticsearch-dynamic-0,11.19,208347.23,1414.09,0.0312,4,745,318.7058,115.3009,356.7358,0.0229,A
63,es-stress-d4/elasticsearch-dynamic-0,9.55,208354.93,1414.09,0.0,0,569,318.7058,115.2915,356.7358,0.0229,A
63,hotel1/consul,26.08,27.89,212.87,0.0,0,1561,318.7058,1.4005,356.7358,0.0381,A
63,hotel1/frontend,9962.1,112.54,1119.14,0.0,0,704158,135904.9081,82.8499,356.7358,15.7,A
63,hotel1/geo,1003.3,21.02,1119.06,0.0,0,2198,424.2215,8.3493,356.7358,1.33,A
63,hotel1/jaeger,1.64,14.83,81.01,0.0,0,42,318.7058,1.4005,1.4887,0.0,A
63,hotel1/memcached-profile,342.37,7.7,79.27,0.0,0,1745,336.791,2.8494,356.7358,0.473,A
63,hotel1/memcached-rate,231.25,7.5,79.27,0.0,0,1339,318.7058,1.9259,356.7358,0.32,A
63,hotel1/memcached-reserve,282.09,7.15,79.27,0.0,0,1216,318.7058,2.3482,356.7358,0.412,A
63,hotel1/mongodb-geo,12.91,161.34,400.43,0.0195,1,311,318.7058,1.4005,356.7358,0.0152,A
63,hotel1/mongodb-profile,12.5,162.17,400.43,0.0195,1,128,318.7058,1.4005,356.7358,0.0229,A
63,hotel1/mongodb-rate,11.88,163.36,400.43,0.0,0,157,318.7058,1.4005,356.7358,0.0152,A
63,hotel2/mongodb-geo,11.84,161.93,400.43,0.0,0,164,318.7058,1.4005,356.7358,0.0229,A
63,hotel1/mongodb-reservation,2626.02,252.95,400.43,0.0469,8,123143,23767.0212,21.9628,356.7358,3.12,A
63,hotel2/memcached-rate,214.72,8.0,79.27,0.0,0,1670,322.3157,1.7888,356.7358,0.32,A
63,hotel2/memcached-profile,330.47,8.07,79.27,0.0,0,1834,353.9683,2.7508,356.7358,0.48,A
63,hotel2/jaeger,0.33,14.6,81.01,0.0,0,0,318.7058,1.4005,1.4887,0.0,A
63,hotel2/geo,1008.12,21.82,1119.06,0.0,0,2050,395.657,8.3898,356.7358,1.46,A
63,hotel1/mongodb-recommendation,11.74,160.91,400.43,0.0,0,775,318.7058,1.4005,356.7358,0.0152,A
63,hotel2/consul,29.03,25.89,212.87,0.0,0,1817,350.6872,1.4005,356.7358,0.0457,A
63,hotel2/frontend,9755.6,121.39,1119.14,0.0,0,626371,120891.7504,81.1387,356.7358,15.4,A
63,hotel1/search,2842.37,30.36,1119.06,0.0,0,3346,645.7895,23.6376,356.7358,3.95,A
63,hotel1/reservation,4309.93,54.45,1119.06,0.0,0,237944,45924.0078,35.8467,356.7358,5.85,A
63,hotel1/recommendation,658.94,17.7,1119.06,0.0,0,2137,412.4483,5.4857,356.7358,0.915,A
63,hotel1/rate,1841.93,28.64,1119.14,0.0,0,2546,491.3867,15.3228,356.7358,2.52,A
63,hotel1/profile,4217.16,38.82,1119.06,0.0,0,45843,8847.8562,35.0672,356.7358,5.72,A
63,hotel1/mongodb-user,12.07,161.97,400.43,0.0,0,126,318.7058,1.4005,356.7358,0.0152,A
63,hotel1/user,65.55,16.45,1119.06,0.0,0,1450,318.7058,1.4005,356.7358,0.0991,A
64,hotel2/user,53.18,16.62,1119.06,0.0,0,691,318.7058,1.4005,353.231,0.109,A
64,hotel2/search,2524.77,30.01,1119.06,0.0,0,2827,566.0208,21.1395,353.231,3.83,A
64,hotel2/mongodb-recommendation,12.36,160.88,400.43,0.0195,2,79,318.7058,1.4005,353.231,0.0078,A
64,hotel2/recommendation,625.7,17.88,1119.06,0.0,0,1979,396.2346,5.2446,353.231,0.942,A
64,hotel2/rate,1837.11,27.06,1119.14,0.0,0,2471,494.7426,15.3846,353.231,2.55,A
64,hotel2/profile,4058.05,45.58,1119.06,0.0,0,162520,32539.6899,33.9759,353.231,6.3,A
64,hotel2/mongodb-user,12.49,160.96,400.43,0.0195,2,266,318.7058,1.4005,353.231,0.0234,A
64,hotel2/mongodb-reservation,1634.56,257.44,400.43,0.0391,8,9444,1890.8739,13.8152,353.231,3.45,A
64,hotel2/reservation,4061.17,60.45,1119.06,0.0,0,147500,29532.3914,34.0101,353.231,6.42,A
64,hotel2/mongodb-rate,12.46,164.96,400.43,0.0195,2,132,318.7058,1.4005,353.231,0.0156,A
64,hotel2/mongodb-profile,12.06,162.53,400.43,0.0352,4,157,318.7058,1.4005,353.231,0.0156,A
64,hotel2/memcached-reserve,271.78,7.83,79.27,0.0,0,1091,318.7058,2.2781,353.231,0.444,A
64,hotel2/mongodb-geo,12.3,161.93,400.43,0.0195,2,492,318.7058,1.4005,353.231,0.0156,A
64,es-stress-d/elasticsearch-dynamic-0,8.01,208350.75,1414.09,0.0,0,385,318.7058,113.2986,353.231,0.0078,A
64,es-stress-d2/elasticsearch-dynamic-0,8.11,208358.18,1414.09,0.0156,2,840,318.7058,113.3035,353.231,0.0311,A
64,es-stress-d3/elasticsearch-dynamic-0,8.49,208347.23,1414.09,0.0039,1,461,318.7058,113.3007,353.231,0.0078,A
64,es-stress-d4/elasticsearch-dynamic-0,11.04,208354.93,1414.09,0.0039,1,558,318.7058,113.3262,353.231,0.0078,A
64,hotel1/consul,24.61,27.89,212.87,0.0,0,2580,516.5666,1.4005,353.231,0.0467,A
64,hotel1/frontend,9995.33,103.05,1119.14,0.0,0,749012,149966.8853,83.6806,353.231,15.8,A
64,hotel1/geo,999.46,19.4,1119.06,0.0,0,1697,339.7727,8.3724,353.231,1.62,A
64,hotel1/memcached-profile,325.8,7.96,79.27,0.0,0,1450,318.7058,2.7301,353.231,0.553,A
64,hotel1/memcached-rate,227.97,7.5,79.27,0.0,0,1695,339.3722,1.9114,353.231,0.35,A
64,hotel1/memcached-reserve,281.43,7.17,79.27,0.0,0,1166,318.7058,2.3584,353.231,0.436,A
64,hotel1/mongodb-geo,11.27,161.34,400.43,0.0,0,340,318.7058,1.4005,353.231,0.0156,A
64,hotel1/mongodb-profile,11.58,162.17,400.43,0.0,0,246,318.7058,1.4005,353.231,0.0156,A
64,hotel1/mongodb-rate,11.9,163.36,400.43,0.0195,1,204,318.7058,1.4005,353.231,0.0156,A
64,hotel1/jaeger,0.31,14.83,81.01,0.0,0,0,318.7058,1.4005,1.4887,0.0,A
64,hotel1/mongodb-reservation,2131.34,252.73,400.43,0.0469,23,19775,3959.3426,17.9689,353.231,3.27,A
64,hotel1/mongodb-recommendation,12.47,160.91,400.43,0.0195,1,172,318.7058,1.4005,353.231,0.0078,A
64,hotel2/memcached-profile,311.62,8.54,79.27,0.0,0,1304,318.7058,2.6118,353.231,0.514,A
64,hotel2/jaeger,0.32,14.6,81.01,0.0,0,0,318.7058,1.4005,1.4887,0.0,A
64,hotel2/geo,1014.25,21.12,1119.06,0.0,0,2015,403.4425,8.4971,353.231,1.55,A
64,hotel2/frontend,9750.88,117.39,1119.14,0.0,0,583089,116745.8481,81.6432,353.231,15.6,A
64,hotel2/consul,28.2,25.89,212.87,0.0,0,2294,459.3038,1.4005,353.231,0.0545,A
64,hotel1/user,59.67,16.19,1119.06,0.0,0,1296,318.7058,1.4005,353.231,0.0934,A
64,hotel2/memcached-rate,217.55,7.5,79.27,0.0,0,1382,318.7058,1.8242,353.231,0.335,A
64,hotel1/reservation,4226.66,54.41,1119.06,0.0,0,100329,20087.8326,35.3914,353.231,6.14,A
64,hotel1/recommendation,640.59,18.14,1119.06,0.0,0,1698,339.9729,5.3693,353.231,1.05,A
64,hotel1/rate,1972.94,27.33,1119.14,0.0,0,2809,562.4169,16.5212,353.231,2.96,A
64,hotel1/profile,4219.85,40.13,1119.06,0.0,0,43485,8706.5494,35.3266,353.231,6.39,A
64,hotel1/mongodb-user,11.99,161.97,400.43,0.0195,1,224,318.7058,1.4005,353.231,0.0156,A
64,hotel1/search,2674.04,27.66,1119.06,0.0,0,3303,661.3253,22.387,353.231,4.45,A
65,hotel2/user,63.93,15.97,1119.06,0.0,0,881,318.7058,1.4005,366.4046,0.116,A
65,hotel2/search,2619.64,29.21,1119.06,0.0,0,3834,728.6358,23.6661,366.4046,4.57,A
65,hotel2/profile,4291.98,46.29,1119.06,0.0,0,193672,36806.5603,38.7732,366.4046,7.74,A
65,hotel2/recommendation,676.21,18.96,1119.06,0.0,0,1686,320.4173,6.1158,366.4046,1.14,A
65,hotel2/rate,1865.04,29.21,1119.14,0.0,0,2477,470.7436,16.854,366.4046,3.06,A
65,hotel2/mongodb-user,11.19,160.96,400.43,0.0,0,113,318.7058,1.4005,366.4046,0.0178,A
65,hotel2/mongodb-reservation,2275.74,257.5,400.43,0.0117,6,37275,7083.9591,20.6978,366.4046,4.09,A
65,hotel2/mongodb-recommendation,11.43,160.62,400.43,0.0,0,243,318.7058,1.4005,366.4046,0.0178,A
65,hotel2/reservation,4384.8,67.4,1119.06,0.0,0,280983,53399.6537,39.6237,366.4046,7.57,A
65,hotel2/mongodb-rate,11.42,164.96,400.43,0.0,0,152,318.7058,1.4005,366.4046,0.0178,A
65,hotel2/mongodb-profile,11.56,162.53,400.43,0.0,0,156,318.7058,1.4005,366.4046,0.0267,A
65,hotel2/memcached-reserve,278.28,7.83,79.27,0.0,0,1178,318.7058,2.5168,366.4046,0.498,A
65,es-stress-d/elasticsearch-dynamic-0,21.03,208351.02,1414.09,0.0039,1,348,318.7058,124.5945,366.4046,0.0089,A
65,es-stress-d2/elasticsearch-dynamic-0,14.47,208358.32,1414.09,0.0,0,465,318.7058,124.5397,366.4046,0.0267,A
65,es-stress-d3/elasticsearch-dynamic-0,14.05,208347.58,1414.09,0.0,0,672,318.7058,124.5295,366.4046,0.0,A
65,es-stress-d4/elasticsearch-dynamic-0,10.63,208355.11,1414.09,0.0,0,576,318.7058,124.5031,366.4046,0.0178,A
65,hotel1/consul,25.62,27.9,212.87,0.0,0,1486,318.7058,1.4005,366.4046,0.0445,A
65,hotel1/frontend,10000.02,116.89,1119.14,0.0,0,587650,111680.445,90.3443,366.4046,16.9,A
65,hotel1/geo,981.94,21.48,1119.06,0.0,0,1712,325.3585,8.8772,366.4046,1.55,A
65,hotel1/jaeger,0.36,14.83,81.01,0.0,0,0,318.7058,1.4005,1.4887,0.0,A
65,hotel1/memcached-profile,335.31,7.71,79.27,0.0,0,1335,318.7058,3.0316,366.4046,0.533,A
65,hotel1/memcached-rate,214.48,7.48,79.27,0.0,0,1289,318.7058,1.9407,366.4046,0.347,A
65,hotel1/memcached-reserve,274.75,7.18,79.27,0.0,0,1231,318.7058,2.4846,366.4046,0.453,A
65,hotel1/mongodb-geo,12.19,161.35,400.43,0.0234,1,406,318.7058,1.4005,366.4046,0.0356,A
65,hotel1/mongodb-profile,12.12,162.17,400.43,0.0234,1,167,318.7058,1.4005,366.4046,0.0267,A
65,hotel1/mongodb-rate,11.16,163.36,400.43,0.0,0,275,318.7058,1.4005,366.4046,0.0178,A
65,hotel2/mongodb-geo,10.83,161.93,400.43,0.0,0,137,318.7058,1.4005,366.4046,0.0178,A
65,hotel1/mongodb-reservation,2258.68,252.45,400.43,0.0703,19,87879,16701.0394,20.5408,366.4046,3.84,A
65,hotel2/memcached-rate,224.24,7.5,79.27,0.0,0,1874,356.1459,2.0288,366.4046,0.382,A
65,hotel2/memcached-profile,331.74,7.84,79.27,0.0,0,1688,320.7974,2.9994,366.4046,0.596,A
65,hotel2/jaeger,0.32,14.6,81.01,0.0,0,0,318.7058,1.4005,1.4887,0.0089,A
65,hotel2/geo,1072.85,22.14,1119.06,0.0,0,1838,349.3043,9.6983,366.4046,1.73,A
65,hotel1/mongodb-recommendation,11.07,160.91,400.43,0.0,0,289,318.7058,1.4005,366.4046,0.0178,A
65,hotel2/consul,27.9,25.89,212.87,0.0,0,1878,356.9061,1.4005,366.4046,0.0533,A
65,hotel2/frontend,9797.7,112.59,1119.14,0.0,0,606942,115346.8096,88.5153,366.4046,16.8,A
65,hotel1/search,2665.16,28.1,1119.06,0.0,0,3354,637.4138,24.0763,366.4046,4.3,A
65,hotel1/reservation,3837.22,55.47,1119.06,0.0,0,104046,19773.5107,34.6734,366.4046,6.76,A
65,hotel1/recommendation,666.11,18.43,1119.06,0.0,0,2349,446.4177,6.0243,366.4046,1.0,A
65,hotel1/rate,1916.72,30.07,1119.14,0.0,0,2948,560.2552,17.321,366.4046,2.68,A
65,hotel1/profile,3994.13,40.42,1119.06,0.0,0,39424,7492.3677,36.0809,366.4046,6.43,A
65,hotel1/mongodb-user,11.49,161.97,400.43,0.0,0,141,318.7058,1.4005,366.4046,0.0178,A
65,hotel1/user,61.65,16.19,1119.06,0.0,0,1000,318.7058,1.4005,366.4046,0.107,A
66,hotel2/user,63.56,16.22,1119.06,0.0,0,1166,318.7058,1.4005,346.1564,0.0961,A
66,hotel2/mongodb-reservation,2037.03,257.41,400.43,0.0508,8,4110,803.9318,20.2247,346.1564,3.23,A
66,hotel2/reservation,4407.27,58.68,1119.06,0.0,0,250798,49057.0504,43.4404,346.1564,6.67,A
66,hotel2/recommendation,627.09,18.21,1119.06,0.0,0,1850,361.8671,6.1872,346.1564,0.926,A
66,hotel2/rate,1927.44,26.66,1119.14,0.0,0,3005,587.7895,18.9985,346.1564,2.73,A
66,hotel2/profile,4284.79,44.95,1119.06,0.0,0,178632,34941.1041,42.2255,346.1564,6.67,A
66,hotel2/mongodb-user,12.78,160.96,400.43,0.0234,2,168,318.7058,1.4005,346.1564,0.0087,A
66,hotel2/search,2620.11,27.81,1119.06,0.0,0,3020,590.7236,25.8207,346.1564,3.96,A
66,hotel2/mongodb-recommendation,12.57,160.63,400.43,0.0234,2,101,318.7058,1.4005,346.1564,0.0087,A
66,hotel2/mongodb-rate,12.71,164.96,400.43,0.0234,2,133,318.7058,1.4005,346.1564,0.0,A
66,hotel2/mongodb-profile,12.88,162.54,400.43,0.0234,2,217,318.7058,1.4005,346.1564,0.0175,A
66,hotel2/mongodb-geo,12.71,161.93,400.43,0.0234,2,124,318.7058,1.4005,346.1564,0.0175,A
66,es-stress-d2/elasticsearch-dynamic-0,16.96,208358.32,1414.09,0.0,0,343,318.7058,132.8075,346.1564,0.0087,A
66,es-stress-d3/elasticsearch-dynamic-0,15.7,208347.33,1414.09,0.0039,1,368,318.7058,132.7881,346.1564,0.0087,A
66,es-stress-d4/elasticsearch-dynamic-0,23.19,208355.1,1414.09,0.0039,1,290,318.7058,132.8668,346.1564,0.0087,A
66,hotel1/consul,26.78,27.9,212.87,0.0,0,2070,404.8999,1.4005,346.1564,0.0437,A
66,hotel1/frontend,9968.0,119.34,1119.14,0.0,0,750432,146787.3765,98.2414,346.1564,15.6,A
66,hotel1/geo,901.54,22.33,1119.06,0.0,0,1679,328.4188,8.8926,346.1564,1.57,A
66,hotel1/jaeger,0.36,14.83,81.01,0.0,0,0,318.7058,1.4005,1.4887,0.0,A
66,hotel1/memcached-profile,303.72,7.77,79.27,0.0,0,1456,318.7058,2.996,346.1564,0.533,A
66,hotel1/memcached-rate,209.48,7.49,79.27,0.0,0,1746,341.5243,2.0677,346.1564,0.358,A
66,hotel1/memcached-reserve,251.26,7.19,79.27,0.0,0,903,318.7058,2.479,346.1564,0.446,A
66,hotel1/mongodb-geo,12.31,161.35,400.43,0.0,0,185,318.7058,1.4005,346.1564,0.0175,A
66,hotel1/mongodb-profile,12.0,162.18,400.43,0.0,0,171,318.7058,1.4005,346.1564,0.0087,A
66,hotel1/mongodb-rate,13.13,163.36,400.43,0.0234,1,160,318.7058,1.4005,346.1564,0.0087,A
66,hotel1/mongodb-recommendation,12.74,160.91,400.43,0.0234,1,160,318.7058,1.4005,346.1564,0.0087,A
66,es-stress-d/elasticsearch-dynamic-0,8.29,208351.05,1414.09,0.0234,8,427,318.7058,132.7175,346.1564,0.0,A
66,hotel1/mongodb-user,12.55,161.97,400.43,0.0234,1,115,318.7058,1.4005,346.1564,0.0087,A
66,hotel2/memcached-reserve,288.52,7.31,79.27,0.0,0,1175,318.7058,2.846,346.1564,0.419,A
66,hotel2/memcached-rate,220.23,7.5,79.27,0.0,0,1350,318.7058,2.1736,346.1564,0.323,A
66,hotel2/memcached-profile,328.7,8.05,79.27,0.0,0,1318,318.7058,3.2422,346.1564,0.489,A
66,hotel2/jaeger,0.33,14.6,81.01,0.0,0,0,318.7058,1.4005,1.4887,0.0,A
66,hotel1/mongodb-reservation,2382.03,252.12,400.43,0.0273,14,121405,23747.2835,23.6189,346.1564,3.3,A
66,hotel2/frontend,9735.6,115.7,1119.14,0.0,0,502137,98219.9225,95.9504,346.1564,14.7,A
66,hotel2/geo,1053.55,22.32,1119.06,0.0,0,2322,454.1921,10.3896,346.1564,1.48,A
66,hotel1/user,63.14,16.54,1119.06,0.0,0,1002,318.7058,1.4005,346.1564,0.0961,A
66,hotel1/search,2384.12,28.86,1119.06,0.0,0,3096,605.5895,23.4973,346.1564,4.14,A
66,hotel1/reservation,3720.86,58.03,1119.06,0.0,0,101422,19838.5321,36.6802,346.1564,6.58,A
66,hotel1/recommendation,574.17,18.3,1119.06,0.0,0,1589,318.7058,5.6661,346.1564,1.07,A
66,hotel1/rate,1662.11,27.81,1119.14,0.0,0,2370,463.5811,16.3863,346.1564,2.96,A
66,hotel1/profile,3800.23,39.17,1119.06,0.0,0,23735,4642.657,37.4498,346.1564,6.38,A
66,hotel2/consul,29.59,25.89,212.87,0.0,0,1446,318.7058,1.4005,346.1564,0.0437,A
67,hotel2/user,60.5,15.96,1119.06,0.0,0,1097,318.7058,1.4005,339.3994,0.0847,A
67,hotel2/mongodb-reservation,1922.53,257.5,400.43,0.0039,2,6029,1182.0013,16.2993,339.3994,2.94,A
67,hotel2/reservation,3987.95,59.9,1119.06,0.0,0,139352,27320.3257,33.5567,339.3994,6.85,A
67,hotel2/recommendation,617.42,19.01,1119.06,0.0,0,1908,374.0684,5.2005,339.3994,0.951,A
67,hotel2/rate,1731.86,26.91,1119.14,0.0,0,2433,476.996,14.5732,339.3994,2.7,A
67,hotel2/profile,4234.93,47.24,1119.06,0.0,0,184898,36249.7386,35.6261,339.3994,6.52,A
67,hotel2/mongodb-user,10.81,160.96,400.43,0.0,0,299,318.7058,1.4005,339.3994,0.0094,A
67,hotel2/search,2478.15,27.18,1119.06,0.0,0,3414,669.3237,20.8471,339.3994,3.78,A
67,hotel2/mongodb-recommendation,11.84,160.63,400.43,0.0,0,653,318.7058,1.4005,339.3994,0.0188,A
67,hotel2/mongodb-rate,11.78,165.15,400.43,0.0,0,458,318.7058,1.4005,339.3994,0.0094,A
67,hotel2/mongodb-profile,11.83,162.54,400.43,0.0,0,125,318.7058,1.4005,339.3994,0.0094,A
67,hotel2/mongodb-geo,11.38,161.93,400.43,0.0,0,131,318.7058,1.4005,339.3994,0.0094,A
67,es-stress-d2/elasticsearch-dynamic-0,10.25,208358.33,1414.09,0.0039,1,712,318.7058,111.4112,339.3994,0.0094,A
67,es-stress-d3/elasticsearch-dynamic-0,10.36,208347.34,1414.09,0.0039,2,500,318.7058,111.4062,339.3994,0.0094,A
67,es-stress-d4/elasticsearch-dynamic-0,9.24,208355.11,1414.09,0.0,0,659,318.7058,111.4009,339.3994,0.0282,A
67,hotel1/consul,26.08,27.9,212.87,0.0,0,1647,322.8987,1.4005,339.3994,0.0282,A
67,hotel1/frontend,10005.11,122.25,1119.14,0.0,0,615371,120645.1011,84.1731,339.3994,15.7,A
67,hotel1/geo,965.32,19.08,1119.06,0.0,0,2211,433.4724,8.1251,339.3994,1.37,A
67,hotel1/jaeger,0.36,14.83,81.01,0.0,0,0,318.7058,1.4005,1.4887,0.0,A
67,hotel1/memcached-profile,324.51,7.68,79.27,0.0,0,1560,318.7058,2.7321,339.3994,0.48,A
67,hotel1/memcached-rate,210.16,7.45,79.27,0.0,0,1435,318.7058,1.7707,339.3994,0.311,A
67,hotel1/memcached-reserve,269.72,7.15,79.27,0.0,0,1185,318.7058,2.2712,339.3994,0.405,A
67,hotel1/mongodb-geo,12.7,161.35,400.43,0.0234,1,164,318.7058,1.4005,339.3994,0.0188,A
67,hotel1/mongodb-profile,12.09,162.18,400.43,0.0234,1,163,318.7058,1.4005,339.3994,0.0188,A
67,hotel1/mongodb-rate,11.37,163.36,400.43,0.0,0,206,318.7058,1.4005,339.3994,0.0188,A
67,hotel1/mongodb-recommendation,11.81,160.91,400.43,0.0,0,206,318.7058,1.4005,339.3994,0.0094,A
67,es-stress-d/elasticsearch-dynamic-0,10.19,208351.05,1414.09,0.0078,3,323,318.7058,111.4068,339.3994,0.0188,A
67,hotel1/mongodb-user,11.5,161.97,400.43,0.0,0,129,318.7058,1.4005,339.3994,0.0188,A
67,hotel2/memcached-reserve,257.03,7.31,79.27,0.0,0,1182,318.7058,2.1646,339.3994,0.414,A
67,hotel2/memcached-rate,202.72,7.49,79.27,0.0,0,2031,398.1829,1.7082,339.3994,0.329,A
67,hotel2/memcached-profile,313.34,8.58,79.27,0.0,0,1541,318.7058,2.6387,339.3994,0.49,A
67,hotel2/jaeger,1.31,14.6,81.01,0.0,0,19,318.7058,1.4005,1.4887,0.0,A
67,hotel1/mongodb-reservation,1854.16,252.13,400.43,0.0469,7,8795,1724.2829,15.7217,339.3994,3.54,A
67,hotel2/frontend,9698.28,111.04,1119.14,0.0,0,585477,114784.3039,81.5878,339.3994,15.4,A
67,hotel2/geo,976.83,22.22,1119.06,0.0,0,1888,370.1474,8.2236,339.3994,1.52,A
67,hotel1/user,56.35,16.65,1119.06,0.0,0,880,318.7058,1.4005,339.3994,0.0941,A
67,hotel1/search,2498.97,26.54,1119.06,0.0,0,3258,638.7395,21.0217,339.3994,3.76,A
67,hotel1/reservation,3886.75,54.01,1119.06,0.0,0,134332,26336.1415,32.7028,339.3994,6.16,A
67,hotel1/recommendation,612.42,20.55,1119.06,0.0,0,2114,414.4553,5.1593,339.3994,0.923,A
67,hotel1/rate,1692.08,28.21,1119.14,0.0,0,2489,487.975,14.2395,339.3994,2.65,A
67,hotel1/profile,4081.96,40.76,1119.06,0.0,0,52225,10238.8484,34.3367,339.3994,6.29,A
67,hotel2/consul,31.07,25.89,212.87,0.0,0,1641,321.7224,1.4005,339.3994,0.0377,A
68,hotel2/user,62.48,16.0,1119.06,0.0,0,921,318.7058,1.4005,359.0706,0.0907,A
68,hotel2/mongodb-reservation,2176.42,257.56,400.43,0.043,8,37290,6934.1423,34.9883,359.0706,3.19,A
68,hotel2/reservation,4297.51,60.01,1119.06,0.0,0,296561,55146.0492,68.6162,359.0706,6.92,A
68,hotel2/recommendation,651.75,18.08,1119.06,0.0,0,2189,407.0485,10.4156,359.0706,1.02,A
68,hotel2/rate,1724.77,29.11,1119.14,0.0,0,2787,518.2476,27.5438,359.0706,3.0,A
68,hotel2/profile,4128.82,48.47,1119.06,0.0,0,160750,29891.7505,65.9132,359.0706,6.93,A
68,hotel2/mongodb-user,12.7,160.97,400.43,0.0234,2,132,318.7058,1.4005,359.0706,0.0101,A
68,hotel2/search,2470.63,25.9,1119.06,0.0,0,3161,587.7936,39.4383,359.0706,4.04,A
68,hotel2/mongodb-recommendation,12.12,160.88,400.43,0.0234,2,182,318.7058,1.4005,359.0706,0.0202,A
68,hotel2/mongodb-rate,12.43,164.97,400.43,0.0234,2,165,318.7058,1.4005,359.0706,0.0101,A
68,hotel2/mongodb-profile,12.43,162.54,400.43,0.0234,2,198,318.7058,1.4005,359.0706,0.0101,A
68,hotel2/mongodb-geo,12.63,161.93,400.43,0.0234,2,221,318.7058,1.4005,359.0706,0.0202,A
68,es-stress-d2/elasticsearch-dynamic-0,8.43,208358.33,1414.09,0.0,0,489,318.7058,218.8912,359.0706,0.0202,A
68,es-stress-d3/elasticsearch-dynamic-0,7.96,208347.34,1414.09,0.0039,1,570,318.7058,218.8722,359.0706,0.0101,A
68,es-stress-d4/elasticsearch-dynamic-0,10.14,208355.11,1414.09,0.0352,8,846,318.7058,218.9151,359.0706,0.0101,A
68,hotel1/consul,26.97,27.9,212.87,0.0,0,2200,409.0939,1.4005,359.0706,0.0504,A
68,hotel1/frontend,9982.12,116.88,1119.14,0.0,0,679538,126361.3085,159.356,359.0706,15.3,A
68,hotel1/geo,984.5,20.71,1119.06,0.0,0,1691,318.7058,15.7263,359.0706,1.64,A
68,hotel1/jaeger,0.37,14.83,81.01,0.0,0,0,318.7058,1.4005,1.4887,0.0,A
68,hotel1/memcached-profile,326.21,7.7,79.27,0.0,0,1604,318.7058,5.2117,359.0706,0.574,A
68,hotel1/memcached-rate,219.26,7.48,79.27,0.0,0,1545,318.7058,3.5055,359.0706,0.363,A
68,hotel1/memcached-reserve,277.29,7.18,79.27,0.0,0,1139,318.7058,4.4308,359.0706,0.453,A
68,hotel1/mongodb-geo,11.46,161.35,400.43,0.0,0,232,318.7058,1.4005,359.0706,0.0101,A
68,hotel1/mongodb-profile,11.99,162.17,400.43,0.0,0,145,318.7058,1.4005,359.0706,0.0202,A
68,hotel1/mongodb-rate,12.3,163.36,400.43,0.0234,1,209,318.7058,1.4005,359.0706,0.0101,A
68,hotel1/mongodb-recommendation,12.46,160.91,400.43,0.0234,1,164,318.7058,1.4005,359.0706,0.0202,A
68,es-stress-d/elasticsearch-dynamic-0,14.12,208351.05,1414.09,0.0,0,454,318.7058,218.9743,359.0706,0.0202,A
68,hotel1/mongodb-user,12.45,161.97,400.43,0.0234,1,246,318.7058,1.4005,359.0706,0.0101,A
68,hotel2/memcached-reserve,267.89,7.29,79.27,0.0,0,1061,318.7058,4.281,359.0706,0.453,A
68,hotel2/memcached-rate,207.06,7.48,79.27,0.0,0,1298,318.7058,3.3108,359.0706,0.353,A
68,hotel2/memcached-profile,320.91,8.08,79.27,0.0,0,1519,318.7058,5.1276,359.0706,0.504,A
68,hotel2/jaeger,0.38,14.6,81.01,0.0,0,0,318.7058,1.4005,1.4887,0.0,A
68,hotel1/mongodb-reservation,2541.38,252.35,400.43,0.0234,11,156522,29105.5463,40.8046,359.0706,4.41,A
68,hotel2/frontend,9671.24,115.66,1119.14,0.0,0,521292,96935.1813,154.3956,359.0706,15.0,A
68,hotel2/geo,970.03,21.29,1119.06,0.0,0,2039,379.1557,15.4961,359.0706,1.7,A
68,hotel1/user,62.19,16.4,1119.06,0.0,0,1301,318.7058,1.4005,359.0706,0.0907,A
68,hotel1/search,2714.1,25.25,1119.06,0.0,0,4358,810.3779,43.3214,359.0706,4.68,A
68,hotel1/reservation,4137.12,58.38,1119.06,0.0,0,226829,42179.2589,66.056,359.0706,6.25,A
68,hotel1/recommendation,636.92,18.75,1119.06,0.0,0,1559,318.7058,10.1797,359.0706,1.07,A
68,hotel1/rate,1911.68,29.98,1119.14,0.0,0,2837,527.5452,30.5263,359.0706,3.4,A
68,hotel1/profile,4083.08,39.64,1119.06,0.0,0,32538,6050.4994,65.1743,359.0706,7.11,A
68,hotel2/consul,28.34,25.89,212.87,0.0,0,1273,318.7058,1.4005,359.0706,0.0504,A
69,hotel2/user,63.83,16.0,1119.06,0.0,0,1393,318.7058,1.4005,356.9306,0.0986,A
69,hotel2/mongodb-reservation,2092.21,257.5,400.43,0.0117,6,42825,7530.145,17.1701,356.9306,3.42,A
69,hotel2/reservation,4265.19,57.07,1119.06,0.0,0,210187,36958.2858,34.7485,356.9306,6.24,A
69,hotel2/recommendation,666.56,21.69,1119.06,0.0,0,1758,318.7058,5.4374,356.9306,0.942,A
69,hotel2/rate,1903.35,29.34,1119.14,0.0,0,2529,444.6874,15.5087,356.9306,2.76,A
69,hotel2/profile,4196.68,43.77,1119.06,0.0,0,141179,24824.2462,34.1836,356.9306,6.84,A
69,hotel2/mongodb-user,11.47,160.96,400.43,0.0,0,101,318.7058,1.4005,356.9306,0.011,A
69,hotel2/search,2644.6,27.7,1119.06,0.0,0,3671,645.4912,21.5414,356.9306,3.8,A
69,hotel2/mongodb-recommendation,11.92,160.63,400.43,0.0,0,911,318.7058,1.4005,356.9306,0.011,A
69,hotel2/mongodb-rate,12.25,164.96,400.43,0.0,0,438,318.7058,1.4005,356.9306,0.0,A
69,hotel2/mongodb-profile,11.65,162.54,400.43,0.0,0,300,318.7058,1.4005,356.9306,0.011,A
69,hotel2/mongodb-geo,11.9,161.93,400.43,0.0,0,706,318.7058,1.4005,356.9306,0.011,A
69,es-stress-d2/elasticsearch-dynamic-0,19.62,208358.45,1414.09,0.0273,5,430,318.7058,113.4987,356.9306,0.0329,A
69,es-stress-d3/elasticsearch-dynamic-0,17.88,208347.33,1414.09,0.0195,8,322,318.7058,113.4785,356.9306,0.011,A
69,es-stress-d4/elasticsearch-dynamic-0,15.7,208355.11,1414.09,0.0039,2,563,318.7058,113.465,356.9306,0.0438,A
69,hotel1/consul,27.11,27.9,212.87,0.0,0,1512,318.7058,1.4005,356.9306,0.0329,A
69,hotel1/frontend,9842.44,109.71,1119.14,0.0,0,625686,110017.6605,80.1743,356.9306,16.5,A
69,hotel1/geo,988.9,20.11,1119.06,0.0,0,2392,420.5979,8.0603,356.9306,1.44,A
69,hotel1/jaeger,0.36,14.83,81.01,0.0,0,0,318.7058,1.4005,1.4887,0.0,A
69,hotel1/memcached-profile,325.5,9.03,79.27,0.0,0,1383,318.7058,2.6544,356.9306,0.482,A
69,hotel1/memcached-rate,218.46,7.5,79.27,0.0,0,1174,318.7058,1.7823,356.9306,0.296,A
69,hotel1/memcached-reserve,267.62,7.13,79.27,0.0,0,1188,318.7058,2.1822,356.9306,0.405,A
69,hotel1/mongodb-geo,12.91,161.35,400.43,0.0234,1,236,318.7058,1.4005,356.9306,0.011,A
69,hotel1/mongodb-profile,12.65,162.34,400.43,0.0234,1,209,318.7058,1.4005,356.9306,0.0219,A
69,hotel1/mongodb-rate,11.51,163.36,400.43,0.0,0,127,318.7058,1.4005,356.9306,0.0219,A
69,hotel1/mongodb-recommendation,11.87,160.91,400.43,0.0,0,179,318.7058,1.4005,356.9306,0.011,A
69,es-stress-d/elasticsearch-dynamic-0,10.26,208351.05,1414.09,0.0039,1,559,318.7058,113.4185,356.9306,0.0438,A
69,hotel1/mongodb-user,12.09,161.97,400.43,0.0,0,172,318.7058,1.4005,356.9306,0.011,A
69,hotel2/memcached-reserve,294.11,8.02,79.27,0.0,0,968,318.7058,2.3983,356.9306,0.405,A
69,hotel2/memcached-rate,219.09,7.47,79.27,0.0,0,1887,331.8011,1.7874,356.9306,0.329,A
69,hotel2/memcached-profile,324.1,8.07,79.27,0.0,0,1596,318.7058,2.6425,356.9306,0.504,A
69,hotel2/jaeger,0.35,14.6,81.01,0.0,0,0,318.7058,1.4005,1.4887,0.0,A
69,hotel1/mongodb-reservation,3141.0,251.78,400.43,0.0469,7,280682,49353.7925,25.7038,356.9306,3.66,A
69,hotel2/frontend,9833.8,104.5,1119.14,0.0,0,536782,94385.2026,80.1012,356.9306,14.3,A
69,hotel2/geo,1023.77,22.74,1119.06,0.0,0,2022,355.5389,8.3456,356.9306,1.51,A
69,hotel1/user,51.81,16.41,1119.06,0.0,0,804,318.7058,1.4005,356.9306,0.0767,A
69,hotel1/search,2669.54,27.53,1119.06,0.0,0,3056,537.3526,21.7443,356.9306,3.47,A
69,hotel1/reservation,4160.21,59.45,1119.06,0.0,0,262237,46110.5111,33.8953,356.9306,5.93,A
69,hotel1/recommendation,653.14,19.79,1119.06,0.0,0,1970,346.3955,5.3271,356.9306,0.942,A
69,hotel1/rate,1771.32,27.67,1119.14,0.0,0,2467,433.7856,14.4331,356.9306,2.75,A
69,hotel1/profile,4032.64,46.49,1119.06,0.0,0,58239,10240.4697,32.8498,356.9306,5.96,A
69,hotel2/consul,28.49,25.89,212.87,0.0,0,1355,318.7058,1.4005,356.9306,0.0329,A
70,hotel2/user,62.37,16.0,1119.06,0.0,0,835,318.7058,1.4005,356.1968,0.0913,A
70,hotel2/mongodb-reservation,1959.37,257.57,400.43,0.0469,8,17047,3000.7776,16.4593,356.1968,3.49,A
70,hotel2/reservation,4441.3,64.62,1119.06,0.0,0,245291,43178.4911,37.0227,356.1968,6.38,A
70,hotel2/recommendation,638.86,17.5,1119.06,0.0,0,2385,419.8307,5.33,356.1968,0.971,A
70,hotel2/rate,1870.79,27.91,1119.14,0.0,0,2721,478.9767,15.5953,356.1968,2.87,A
70,hotel2/profile,4262.65,50.49,1119.06,0.0,0,126743,22310.5271,35.5271,356.1968,6.43,A
70,hotel2/mongodb-user,12.19,160.96,400.43,0.0234,2,234,318.7058,1.4005,356.1968,0.0114,A
70,hotel2/search,2642.71,28.11,1119.06,0.0,0,3049,536.7144,22.0239,356.1968,4.11,A
70,hotel2/mongodb-recommendation,12.09,160.63,400.43,0.043,4,147,318.7058,1.4005,356.1968,0.0228,A
70,hotel2/mongodb-rate,12.04,164.96,400.43,0.0234,2,199,318.7058,1.4005,356.1968,0.0,A
70,hotel2/mongodb-profile,12.24,162.54,400.43,0.0234,2,143,318.7058,1.4005,356.1968,0.0114,A
70,hotel2/mongodb-geo,12.07,161.93,400.43,0.0234,2,125,318.7058,1.4005,356.1968,0.0114,A
70,es-stress-d2/elasticsearch-dynamic-0,7.69,208358.45,1414.09,0.0078,4,684,318.7058,114.7068,356.1968,0.0228,A
70,es-stress-d3/elasticsearch-dynamic-0,7.81,208347.33,1414.09,0.0039,1,552,318.7058,114.7017,356.1968,0.0114,A
70,es-stress-d4/elasticsearch-dynamic-0,10.46,208355.11,1414.09,0.0039,1,493,318.7058,114.728,356.1968,0.0228,A
70,hotel1/consul,25.51,27.91,212.87,0.0,0,2183,384.2727,1.4005,356.1968,0.0343,A
70,hotel1/frontend,10029.28,111.97,1119.14,0.0,0,715068,125873.1761,83.5854,356.1968,15.5,A
70,hotel1/geo,975.29,19.49,1119.06,0.0,0,1653,318.7058,8.1329,356.1968,1.5,A
70,hotel1/jaeger,0.39,14.83,81.01,0.0,0,0,318.7058,1.4005,1.4887,0.0,A
70,hotel1/memcached-profile,331.56,7.72,79.27,0.0,0,1977,348.0106,2.7655,356.1968,0.48,A
70,hotel1/memcached-rate,214.02,7.74,79.27,0.0,0,1354,318.7058,1.7866,356.1968,0.331,A
70,hotel1/memcached-reserve,264.88,7.09,79.27,0.0,0,966,318.7058,2.2098,356.1968,0.422,A
70,hotel1/mongodb-geo,11.37,161.35,400.43,0.0,0,210,318.7058,1.4005,356.1968,0.0,A
70,hotel1/mongodb-profile,11.58,162.17,400.43,0.0,0,163,318.7058,1.4005,356.1968,0.0,A
70,hotel1/mongodb-rate,12.27,163.36,400.43,0.0234,1,205,318.7058,1.4005,356.1968,0.0228,A
70,hotel1/mongodb-recommendation,12.28,160.91,400.43,0.0234,1,237,318.7058,1.4005,356.1968,0.0114,A
70,es-stress-d/elasticsearch-dynamic-0,7.6,208351.05,1414.09,0.0,0,638,318.7058,114.702,356.1968,0.0114,A
70,hotel1/mongodb-user,12.12,161.97,400.43,0.0234,1,180,318.7058,1.4005,356.1968,0.0114,A
70,hotel2/memcached-reserve,281.44,8.08,79.27,0.0,0,946,318.7058,2.3483,356.1968,0.411,A
70,hotel2/memcached-rate,226.02,7.51,79.27,0.0,0,1267,318.7058,1.8864,356.1968,0.343,A
70,hotel2/memcached-profile,333.01,8.05,79.27,0.0,0,1335,318.7058,2.7777,356.1968,0.48,A
70,hotel2/jaeger,0.37,14.6,81.01,0.0,0,0,318.7058,1.4005,1.4887,0.0,A
70,hotel1/mongodb-reservation,2841.69,251.4,400.43,0.0156,7,219196,38584.9971,23.8039,356.1968,3.09,A
70,hotel2/frontend,9802.01,112.07,1119.14,0.0,0,577353,101631.2517,81.6927,356.1968,15.6,A
70,hotel2/geo,1040.26,20.71,1119.06,0.0,0,2005,352.9395,8.6747,356.1968,1.67,A
70,hotel1/user,66.43,17.0,1119.06,0.0,0,858,318.7058,1.4005,356.1968,0.0913,A
70,hotel1/search,2534.76,25.99,1119.06,0.0,0,3103,546.22,21.1238,356.1968,3.85,A
70,hotel1/reservation,3866.07,52.23,1119.06,0.0,0,154565,27208.0242,32.2253,356.1968,5.99,A
70,hotel1/recommendation,610.52,18.72,1119.06,0.0,0,2023,356.108,5.0947,356.1968,0.948,A
70,hotel1/rate,1770.2,27.99,1119.14,0.0,0,2511,442.0105,14.7576,356.1968,2.59,A
70,hotel1/profile,3979.34,40.89,1119.06,0.0,0,74289,13077.0673,33.1624,356.1968,6.03,A
70,hotel2/consul,29.77,25.89,212.87,0.0,0,1600,318.7058,1.4005,356.1968,0.0571,A
71,hotel2/user,57.34,16.25,1119.06,0.0,0,940,318.7058,1.4005,352.4868,0.107,A
71,hotel2/mongodb-reservation,1843.73,257.43,400.43,0.0156,8,7586,1464.3662,18.147,352.4868,3.64,A
71,hotel2/reservation,4191.44,61.84,1119.06,0.0,0,218494,42177.0682,40.9288,352.4868,6.22,A
71,hotel2/recommendation,627.0,20.31,1119.06,0.0,0,1771,341.8656,6.1294,352.4868,0.844,A
71,hotel2/rate,1852.37,28.15,1119.14,0.0,0,2895,558.8374,18.0886,352.4868,2.63,A
71,hotel2/profile,4194.14,46.84,1119.06,0.0,0,190730,36817.6344,40.9458,352.4868,6.49,A
71,hotel2/mongodb-user,11.15,160.96,400.43,0.0,0,249,318.7058,1.4005,352.4868,0.0,A
71,hotel2/search,2598.72,28.76,1119.06,0.0,0,3729,719.8289,25.3701,352.4868,3.61,A
71,hotel2/mongodb-recommendation,11.62,160.63,400.43,0.0,0,292,318.7058,1.4005,352.4868,0.0119,A
71,hotel2/mongodb-rate,11.67,164.96,400.43,0.0,0,193,318.7058,1.4005,352.4868,0.0,A
71,hotel2/mongodb-profile,11.35,162.54,400.43,0.0,0,141,318.7058,1.4005,352.4868,0.0119,A
71,hotel2/mongodb-geo,11.39,161.93,400.43,0.0,0,113,318.7058,1.4005,352.4868,0.0119,A
71,es-stress-d2/elasticsearch-dynamic-0,11.46,208358.45,1414.09,0.0039,1,638,318.7058,129.7182,352.4868,0.0,A
71,es-stress-d3/elasticsearch-dynamic-0,13.32,208347.59,1414.09,0.0,0,576,318.7058,129.7296,352.4868,0.0238,A
71,es-stress-d4/elasticsearch-dynamic-0,9.37,208355.11,1414.09,0.0,0,635,318.7058,129.6957,352.4868,0.0357,A
71,hotel1/consul,26.79,27.91,212.87,0.0,0,1399,318.7058,1.4005,352.4868,0.0357,A
71,hotel1/frontend,9938.52,113.11,1119.14,0.0,0,670569,129443.529,97.0273,352.4868,14.9,A
71,hotel1/geo,915.51,20.41,1119.06,0.0,0,1841,355.3781,8.9441,352.4868,1.52,A
71,hotel1/jaeger,0.39,14.83,81.01,0.0,0,0,318.7058,1.4005,1.4887,0.0,A
71,hotel1/memcached-profile,315.0,7.73,79.27,0.0,0,1289,318.7058,3.0778,352.4868,0.523,A
71,hotel1/memcached-rate,208.61,7.73,79.27,0.0,0,1086,318.7058,2.0399,352.4868,0.333,A
71,hotel1/memcached-reserve,259.93,7.12,79.27,0.0,0,1301,318.7058,2.5402,352.4868,0.416,A
71,hotel1/mongodb-geo,12.13,161.35,400.43,0.0234,1,131,318.7058,1.4005,352.4868,0.0238,A
71,hotel1/mongodb-profile,13.69,162.17,400.43,0.0234,1,162,318.7058,1.4005,352.4868,0.0119,A
71,hotel1/mongodb-rate,12.06,163.36,400.43,0.0,0,146,318.7058,1.4005,352.4868,0.0238,A
71,hotel1/mongodb-recommendation,10.81,160.91,400.43,0.0,0,349,318.7058,1.4005,352.4868,0.0119,A
71,es-stress-d/elasticsearch-dynamic-0,11.36,208351.05,1414.09,0.0039,1,597,318.7058,129.7126,352.4868,0.0238,A
71,hotel1/mongodb-user,11.69,161.97,400.43,0.0,0,469,318.7058,1.4005,352.4868,0.0119,A
71,hotel2/memcached-reserve,279.92,9.06,79.27,0.0,0,1137,318.7058,2.7364,352.4868,0.38,A
71,hotel2/memcached-rate,223.01,7.49,79.27,0.0,0,1827,352.6756,2.1803,352.4868,0.333,A
71,hotel2/memcached-profile,323.2,7.82,79.27,0.0,0,1762,340.1283,3.1579,352.4868,0.464,A
71,hotel2/jaeger,0.32,14.6,81.01,0.0,0,0,318.7058,1.4005,1.4887,0.0,A
71,hotel1/mongodb-reservation,2049.05,251.65,400.43,0.0664,15,12520,2416.8027,20.1464,352.4868,3.53,A
71,hotel2/frontend,9683.05,118.98,1119.14,0.0,0,599952,115811.9509,94.5386,352.4868,14.7,A
71,hotel2/geo,993.02,20.65,1119.06,0.0,0,1874,361.7483,9.7004,352.4868,1.51,A
71,hotel1/user,57.03,17.21,1119.06,0.0,0,1051,318.7058,1.4005,352.4868,0.0832,A
71,hotel1/search,2450.95,27.52,1119.06,0.0,0,2782,537.0244,23.9278,352.4868,3.9,A
71,hotel1/reservation,3834.09,52.21,1119.06,0.0,0,92027,17764.4652,37.4366,352.4868,6.23,A
71,hotel1/recommendation,603.78,18.69,1119.06,0.0,0,2032,392.2479,5.9019,352.4868,0.975,A
71,hotel1/rate,1685.38,28.37,1119.14,0.0,0,2392,461.7406,16.4597,352.4868,2.9,A
71,hotel1/profile,3920.59,39.77,1119.06,0.0,0,47938,9253.7291,38.2727,352.4868,6.8,A
71,hotel2/consul,29.76,25.89,212.87,0.0,0,1369,318.7058,1.4005,352.4868,0.0476,A
72,hotel2/user,69.33,16.61,1119.06,0.0,0,1148,318.7058,1.4005,350.879,0.0953,A
72,hotel2/mongodb-reservation,2341.05,257.41,400.43,0.0547,4,39933,8044.7774,19.0345,350.879,3.99,A
72,hotel2/reservation,4190.5,58.58,1119.06,0.0,0,145240,29259.5964,33.8622,350.879,7.23,A
72,hotel2/recommendation,628.05,19.06,1119.06,0.0,0,2353,474.028,5.0804,350.879,1.05,A
72,hotel2/rate,1867.03,32.34,1119.14,0.0,0,2705,544.9408,15.0902,350.879,2.66,A
72,hotel2/profile,4185.87,47.49,1119.06,0.0,0,176029,35462.2521,33.819,350.879,5.82,A
72,hotel2/mongodb-user,12.4,161.15,400.43,0.0234,2,171,318.7058,1.4005,350.879,0.0136,A
72,hotel2/search,2647.09,30.47,1119.06,0.0,0,3093,623.1061,21.3869,350.879,4.1,A
72,hotel2/mongodb-recommendation,12.11,160.63,400.43,0.0234,2,189,318.7058,1.4005,350.879,0.0272,A
72,hotel2/mongodb-rate,12.22,164.96,400.43,0.0234,2,159,318.7058,1.4005,350.879,0.0136,A
72,hotel2/mongodb-profile,12.1,162.54,400.43,0.0234,2,137,318.7058,1.4005,350.879,0.0272,A
72,hotel2/mongodb-geo,12.22,162.12,400.43,0.0234,2,123,318.7058,1.4005,350.879,0.0272,A
72,es-stress-d2/elasticsearch-dynamic-0,8.39,208358.45,1414.09,0.0039,2,636,318.7058,108.7133,350.879,0.0136,A
72,es-stress-d3/elasticsearch-dynamic-0,7.88,208347.39,1414.09,0.0039,1,712,318.7058,108.7034,350.879,0.0136,A
72,es-stress-d4/elasticsearch-dynamic-0,9.81,208355.11,1414.09,0.0039,1,1006,318.7058,108.723,350.879,0.0272,A
72,hotel1/consul,25.85,27.91,212.87,0.0,0,2119,426.8871,1.4005,350.879,0.0409,A
72,hotel1/frontend,9995.28,109.29,1119.14,0.0,0,723900,145834.6311,80.753,350.879,16.3,A
72,hotel1/geo,972.83,21.36,1119.06,0.0,0,1580,318.7058,7.8652,350.879,1.48,A
72,hotel1/jaeger,0.4,14.83,81.01,0.0,0,0,318.7058,1.4005,1.4887,0.0,A
72,hotel1/memcached-profile,311.66,8.45,79.27,0.0,0,1429,318.7058,2.5206,350.879,0.504,A
72,hotel1/memcached-rate,211.06,7.47,79.27,0.0,0,1678,338.0446,1.7079,350.879,0.313,A
72,hotel1/memcached-reserve,260.27,7.09,79.27,0.0,0,961,318.7058,2.105,350.879,0.395,A
72,hotel1/mongodb-geo,11.53,161.35,400.43,0.0,0,407,318.7058,1.4005,350.879,0.0136,A
72,hotel1/mongodb-profile,11.51,162.17,400.43,0.0,0,703,318.7058,1.4005,350.879,0.0,A
72,hotel1/mongodb-rate,12.67,163.36,400.43,0.0234,1,140,318.7058,1.4005,350.879,0.0,A
72,hotel1/mongodb-recommendation,12.23,160.91,400.43,0.0234,1,449,318.7058,1.4005,350.879,0.0,A
72,es-stress-d/elasticsearch-dynamic-0,7.77,208351.05,1414.09,0.0,0,735,318.7058,108.7044,350.879,0.0409,A
72,hotel1/mongodb-user,12.17,162.16,400.43,0.0234,1,197,318.7058,1.4005,350.879,0.0136,A
72,hotel2/memcached-reserve,271.15,7.3,79.27,0.0,0,1203,318.7058,2.1929,350.879,0.449,A
72,hotel2/memcached-rate,213.94,7.99,79.27,0.0,0,1267,318.7058,1.7314,350.879,0.34,A
72,hotel2/memcached-profile,317.14,7.73,79.27,0.0,0,1307,318.7058,2.5644,350.879,0.518,A
72,hotel2/jaeger,0.26,14.6,81.01,0.0,0,0,318.7058,1.4005,1.4887,0.0,A
72,hotel1/mongodb-reservation,1832.87,251.15,400.43,0.0156,6,38698,7795.9781,14.9285,350.879,5.53,A
72,hotel2/frontend,9807.7,116.77,1119.14,0.0,0,686041,138207.6753,79.2425,350.879,15.0,A
72,hotel2/geo,1023.32,20.31,1119.06,0.0,0,2068,416.6128,8.2723,350.879,1.61,A
72,hotel1/user,54.58,17.22,1119.06,0.0,0,878,318.7058,1.4005,350.879,0.0953,A
72,hotel1/search,2563.78,27.7,1119.06,0.0,0,3646,734.5118,20.7129,350.879,4.19,A
72,hotel1/reservation,3986.54,51.88,1119.06,0.0,0,148813,29979.4018,32.212,350.879,5.87,A
72,hotel1/recommendation,594.64,21.49,1119.06,0.0,0,1697,341.8723,4.812,350.879,0.899,A
72,hotel1/rate,1744.83,29.6,1119.14,0.0,0,2623,528.4214,14.1022,350.879,2.57,A
72,hotel1/profile,3715.05,39.66,1119.06,0.0,0,29018,5845.8756,30.0138,350.879,5.56,A
72,hotel2/consul,28.84,25.89,212.87,0.0,0,1571,318.7058,1.4005,350.879,0.0272,A
73,hotel2/user,55.23,16.45,1119.06,0.0,0,955,318.7058,1.4005,355.4391,0.124,A
73,hotel2/mongodb-reservation,1915.32,257.59,400.43,0.0156,8,7586,1501.8883,21.1795,355.4391,1.95,A
73,hotel2/reservation,4100.97,61.47,1119.06,0.0,0,186945,37011.6663,45.0028,355.4391,6.93,A
73,hotel2/recommendation,571.08,19.16,1119.06,0.0,0,1986,393.1914,6.2743,355.4391,0.994,A
73,hotel2/rate,1650.11,29.21,1119.14,0.0,0,2752,544.8453,18.111,355.4391,2.93,A
73,hotel2/profile,4095.39,48.77,1119.06,0.0,0,160894,31854.0482,44.9327,355.4391,6.34,A
73,hotel2/mongodb-user,12.53,160.96,400.43,0.0,0,142,318.7058,1.4005,355.4391,0.0276,A
73,hotel2/search,2326.62,27.22,1119.06,0.0,0,3309,655.121,25.5262,355.4391,3.92,A
73,hotel2/mongodb-recommendation,12.86,160.63,400.43,0.0,0,242,318.7058,1.4005,355.4391,0.0138,A
73,hotel2/mongodb-rate,12.32,164.96,400.43,0.0,0,504,318.7058,1.4005,355.4391,0.0276,A
73,hotel2/mongodb-profile,12.85,162.54,400.43,0.0,0,155,318.7058,1.4005,355.4391,0.0138,A
73,hotel2/mongodb-geo,12.95,161.93,400.43,0.0,0,3931,778.2656,1.4005,355.4391,0.0138,A
73,es-stress-d2/elasticsearch-dynamic-0,10.26,208358.52,1414.09,0.0078,2,772,318.7058,147.0233,355.4391,0.0138,A
73,es-stress-d3/elasticsearch-dynamic-0,9.97,208347.39,1414.09,0.0,0,400,318.7058,147.0123,355.4391,0.0138,A
73,es-stress-d4/elasticsearch-dynamic-0,8.89,208355.11,1414.09,0.0,0,944,318.7058,147.0059,355.4391,0.0138,A
73,hotel1/consul,26.89,27.91,212.87,0.0,0,1557,318.7058,1.4005,355.4391,0.0276,A
73,hotel1/frontend,9999.66,117.07,1119.14,0.0,0,632556,125234.4357,109.7102,355.4391,14.9,A
73,hotel1/geo,1008.08,19.39,1119.06,0.0,0,2131,421.8987,11.0654,355.4391,1.7,A
73,hotel1/jaeger,0.44,14.83,81.01,0.0,0,0,318.7058,1.4005,1.4887,0.0,A
73,hotel1/memcached-profile,339.56,8.23,79.27,0.0,0,1571,318.7058,3.7284,355.4391,0.58,A
73,hotel1/memcached-rate,232.67,7.51,79.27,0.0,0,1228,318.7058,2.5561,355.4391,0.386,A
73,hotel1/memcached-reserve,289.55,7.15,79.27,0.0,0,1097,318.7058,3.1794,355.4391,0.469,A
73,hotel1/mongodb-geo,14.2,161.36,400.43,0.0273,1,467,318.7058,1.4005,355.4391,0.0276,A
73,hotel1/mongodb-profile,14.96,162.34,400.43,0.0273,1,325,318.7058,1.4005,355.4391,0.0276,A
73,hotel1/mongodb-rate,11.83,163.36,400.43,0.0,0,185,318.7058,1.4005,355.4391,0.0276,A
73,hotel1/mongodb-recommendation,11.62,160.91,400.43,0.0,0,1249,318.7058,1.4005,355.4391,0.0276,A
73,es-stress-d/elasticsearch-dynamic-0,9.84,208351.05,1414.09,0.0195,7,539,318.7058,147.0134,355.4391,0.0138,A
73,hotel1/mongodb-user,12.83,161.97,400.43,0.0,0,622,318.7058,1.4005,355.4391,0.0276,A
73,hotel2/memcached-reserve,258.17,7.32,79.27,0.0,0,987,318.7058,2.8355,355.4391,0.414,A
73,hotel2/memcached-rate,199.24,7.51,79.27,0.0,0,2271,449.6162,2.1896,355.4391,0.331,A
73,hotel2/memcached-profile,305.08,8.06,79.27,0.0,0,1476,318.7058,3.3503,355.4391,0.483,A
73,hotel2/jaeger,0.46,14.6,81.01,0.0,0,0,318.7058,1.4005,1.4887,0.0,A
73,hotel1/mongodb-reservation,1860.85,251.02,400.43,0.0547,9,3480,688.9759,20.5777,355.4391,5.95,A
73,hotel2/frontend,9678.19,110.18,1119.14,0.0,0,587967,116406.6351,106.181,355.4391,14.5,A
73,hotel2/geo,906.61,19.5,1119.06,0.0,0,1692,334.9848,9.953,355.4391,1.53,A
73,hotel1/user,63.76,16.48,1119.06,0.0,0,797,318.7058,1.4005,355.4391,0.0966,A
73,hotel1/search,2849.88,28.58,1119.06,0.0,0,3084,610.5752,31.2638,355.4391,4.43,A
73,hotel1/reservation,4104.72,58.6,1119.06,0.0,0,271959,53842.8723,45.0419,355.4391,7.09,A
73,hotel1/recommendation,672.71,17.99,1119.06,0.0,0,2345,464.2668,7.3877,355.4391,1.17,A
73,hotel1/rate,1939.23,28.95,1119.14,0.0,0,2593,513.3662,21.2805,355.4391,3.3,A
73,hotel1/profile,4139.68,40.89,1119.06,0.0,0,85410,16909.6067,45.4127,355.4391,7.08,A
73,hotel2/consul,29.98,25.89,212.87,0.0,0,1523,318.7058,1.4005,355.4391,0.0276,A
74,hotel2/user,63.7,16.14,1119.06,0.0,0,1325,318.7058,1.4005,364.188,0.0897,A
74,hotel2/mongodb-reservation,2019.46,257.68,400.43,0.2266,42,61606,11168.1809,22.1116,364.188,3.24,A
74,hotel2/reservation,4308.32,61.36,1119.06,0.0,0,308104,55854.3196,46.8287,364.188,6.37,A
74,hotel2/recommendation,613.05,20.18,1119.06,0.0,0,1990,360.7551,6.6715,364.188,0.912,A
74,hotel2/rate,1810.44,27.8,1119.14,0.0,0,2565,464.9934,19.6797,364.188,2.81,A
74,hotel2/profile,4040.75,47.65,1119.06,0.0,0,177330,32147.0883,43.9134,364.188,5.82,A
74,hotel2/mongodb-user,13.9,161.22,400.43,0.0977,18,170,318.7058,1.4005,364.188,0.0,A
74,hotel2/search,2535.71,29.27,1119.06,0.0,0,3203,580.6526,27.5567,364.188,3.71,A
74,hotel2/mongodb-recommendation,13.59,160.64,400.43,0.0859,18,505,318.7058,1.4005,364.188,0.0149,A
74,hotel2/mongodb-rate,12.8,164.97,400.43,0.0703,12,166,318.7058,1.4005,364.188,0.0299,A
74,hotel2/mongodb-profile,13.13,162.54,400.43,0.0859,14,249,318.7058,1.4005,364.188,0.0149,A
74,hotel2/mongodb-geo,13.63,161.95,400.43,0.1016,20,178,318.7058,1.4005,364.188,0.0299,A
74,es-stress-d2/elasticsearch-dynamic-0,7.93,208358.52,1414.09,0.0,0,482,318.7058,146.9622,364.188,0.0448,A
74,es-stress-d3/elasticsearch-dynamic-0,7.51,208347.39,1414.09,0.0039,1,575,318.7058,146.9498,364.188,0.0149,A
74,es-stress-d4/elasticsearch-dynamic-0,10.19,208355.11,1414.09,0.0234,9,529,318.7058,146.9843,364.188,0.0149,A
74,hotel1/consul,28.63,25.88,212.87,0.0,0,1983,359.4861,1.4005,364.188,0.0448,A
74,hotel1/frontend,9928.02,108.13,1119.14,0.0,0,699229,126759.0167,107.8878,364.188,14.3,A
74,hotel1/geo,998.21,23.42,1119.06,0.0,0,1942,352.0535,10.8564,364.188,1.45,A
74,hotel1/jaeger,0.41,14.83,81.01,0.0,0,0,318.7058,1.4005,1.4887,0.0,A
74,hotel1/memcached-profile,330.77,8.23,79.27,0.0,0,1590,318.7058,3.5977,364.188,0.463,A
74,hotel1/memcached-rate,227.15,7.55,79.27,0.0,0,1681,318.7058,2.472,364.188,0.329,A
74,hotel1/memcached-reserve,282.79,7.11,79.27,0.0,0,1141,318.7058,3.0759,364.188,0.419,A
74,hotel1/mongodb-geo,12.59,161.36,400.43,0.0508,9,138,318.7058,1.4005,364.188,0.0149,A
74,hotel1/mongodb-profile,12.39,162.18,400.43,0.043,7,216,318.7058,1.4005,364.188,0.0,A
74,hotel1/mongodb-rate,13.19,163.37,400.43,0.0703,8,238,318.7058,1.4005,364.188,0.0299,A
74,hotel1/mongodb-recommendation,13.75,160.98,400.43,0.0781,10,197,318.7058,1.4005,364.188,0.0299,A
74,es-stress-d/elasticsearch-dynamic-0,8.1,208351.05,1414.09,0.0,0,1746,318.7058,146.9588,364.188,0.0,A
74,hotel1/mongodb-user,13.39,161.98,400.43,0.0781,10,218,318.7058,1.4005,364.188,0.0299,A
74,hotel2/memcached-reserve,269.23,7.3,79.27,0.0,0,908,318.7058,2.9288,364.188,0.389,A
74,hotel2/memcached-rate,206.93,7.48,79.27,0.0,0,1242,318.7058,2.2524,364.188,0.329,A
74,hotel2/memcached-profile,318.26,8.01,79.27,0.0,0,1546,318.7058,3.4617,364.188,0.478,A
74,hotel2/jaeger,0.31,14.6,81.01,0.0,0,0,318.7058,1.4005,1.4887,0.0,A
74,hotel1/mongodb-reservation,1879.57,250.83,400.43,0.0898,24,15796,2863.5618,20.5877,364.188,2.23,A
74,hotel2/frontend,9691.42,119.98,1119.14,0.0,0,524268,95041.3901,105.3268,364.188,14.0,A
74,hotel2/geo,972.83,20.02,1119.06,0.0,0,1980,358.9423,10.5784,364.188,1.36,A
74,hotel1/user,62.48,16.24,1119.06,0.0,0,1467,318.7058,1.4005,364.188,0.105,A
74,hotel1/search,2760.67,29.7,1119.06,0.0,0,3765,682.5342,29.9999,364.188,3.75,A
74,hotel1/reservation,4090.97,53.08,1119.06,0.0,0,157258,28508.3563,44.4626,364.188,5.77,A
74,hotel1/recommendation,652.94,19.53,1119.06,0.0,0,1853,335.9192,7.1043,364.188,0.957,A
74,hotel1/rate,1836.39,29.59,1119.14,0.0,0,3014,546.3899,19.9628,364.188,2.63,A
74,hotel1/profile,4165.35,41.03,1119.06,0.0,0,54268,9837.9191,45.2618,364.188,6.92,A
74,hotel2/consul,28.63,25.89,212.87,0.0,0,1036,318.7058,1.4005,364.188,0.0598,A
75,hotel2/user,60.59,15.9,1119.06,0.0,0,1285,318.7058,1.4005,360.2845,0.0825,A
75,hotel2/mongodb-reservation,2024.76,257.68,400.43,0.0195,10,59847,11389.4835,15.1947,360.2845,2.28,A
75,hotel2/reservation,4428.38,60.85,1119.06,0.0,0,338967,64508.8152,32.9881,360.2845,5.86,A
75,hotel2/recommendation,665.11,18.72,1119.06,0.0,0,2187,416.208,4.9592,360.2845,0.825,A
75,hotel2/rate,1931.16,26.47,1119.14,0.0,0,2597,494.2351,14.3856,360.2845,1.96,A
75,hotel2/profile,4227.44,44.86,1119.06,0.0,0,178049,33884.5081,31.4848,360.2845,5.97,A
75,hotel2/mongodb-user,11.53,160.97,400.43,0.0,0,331,318.7058,1.4005,360.2845,0.0,A
75,hotel2/search,2760.63,26.75,1119.06,0.0,0,3436,653.9052,20.5592,360.2845,3.04,A
75,hotel2/mongodb-recommendation,11.89,160.64,400.43,0.0,0,111,318.7058,1.4005,360.2845,0.0165,A
75,hotel2/mongodb-rate,11.89,164.97,400.43,0.0,0,143,318.7058,1.4005,360.2845,0.0165,A
75,hotel2/mongodb-profile,11.91,162.54,400.43,0.0,0,302,318.7058,1.4005,360.2845,0.0165,A
75,hotel2/mongodb-geo,11.5,161.94,400.43,0.0,0,269,318.7058,1.4005,360.2845,0.0165,A
75,es-stress-d2/elasticsearch-dynamic-0,9.58,208358.52,1414.09,0.0039,1,608,318.7058,101.3734,360.2845,0.0165,A
75,es-stress-d3/elasticsearch-dynamic-0,10.8,208347.39,1414.09,0.0,0,590,318.7058,101.377,360.2845,0.0165,A
75,es-stress-d4/elasticsearch-dynamic-0,8.63,208355.11,1414.09,0.0,0,752,318.7058,101.3646,360.2845,0.0165,A
75,hotel1/consul,26.8,25.88,212.87,0.0,0,1909,363.3018,1.4005,360.2845,0.033,A
75,hotel1/frontend,10006.15,119.83,1119.14,0.0,0,632201,120314.1825,74.5297,360.2845,14.2,A
75,hotel1/geo,1003.08,23.47,1119.06,0.0,0,2194,417.5402,7.4769,360.2845,1.7,A
75,hotel1/jaeger,0.43,14.83,81.01,0.0,0,0,318.7058,1.4005,1.4887,0.0,A
75,hotel1/memcached-profile,328.93,7.71,79.27,0.0,0,1501,318.7058,2.4518,360.2845,0.511,A
75,hotel1/memcached-rate,222.69,7.52,79.27,0.0,0,1346,318.7058,1.661,360.2845,0.33,A
75,hotel1/memcached-reserve,275.34,7.07,79.27,0.0,0,1227,318.7058,2.0527,360.2845,0.412,A
75,hotel1/mongodb-geo,12.1,161.52,400.43,0.0273,1,498,318.7058,1.4005,360.2845,0.033,A
75,hotel1/mongodb-profile,12.59,162.18,400.43,0.0273,1,183,318.7058,1.4005,360.2845,0.033,A
75,hotel1/mongodb-rate,11.38,163.37,400.43,0.0,0,175,318.7058,1.4005,360.2845,0.0165,A
75,hotel1/mongodb-recommendation,11.35,160.98,400.43,0.0,0,187,318.7058,1.4005,360.2845,0.0,A
75,es-stress-d/elasticsearch-dynamic-0,11.3,208351.05,1414.09,0.0039,1,273,318.7058,101.3825,360.2845,0.033,A
75,hotel1/mongodb-user,12.08,161.98,400.43,0.0,0,233,318.7058,1.4005,360.2845,0.0165,A
75,hotel2/memcached-reserve,276.32,7.3,79.27,0.0,0,1079,318.7058,2.0601,360.2845,0.363,A
75,hotel2/memcached-rate,220.52,7.5,79.27,0.0,0,1516,318.7058,1.6449,360.2845,0.247,A
75,hotel2/memcached-profile,346.76,8.06,79.27,0.0,0,1692,322.0045,2.5847,360.2845,0.412,A
75,hotel2/jaeger,0.33,14.6,81.01,0.0,0,0,318.7058,1.4005,1.4887,0.0,A
75,hotel1/mongodb-reservation,1812.5,250.72,400.43,0.0781,17,20926,3982.4274,13.6115,360.2845,3.02,A
75,hotel2/frontend,9797.53,109.94,1119.14,0.0,0,542059,103159.257,72.9722,360.2845,13.0,A
75,hotel2/geo,1050.14,20.97,1119.06,0.0,0,1796,341.7968,7.8259,360.2845,1.27,A
75,hotel1/user,61.23,15.94,1119.06,0.0,0,906,318.7058,1.4005,360.2845,0.066,A
75,hotel1/search,2653.22,27.96,1119.06,0.0,0,3038,578.1618,19.7603,360.2845,4.11,A
75,hotel1/reservation,4047.69,54.64,1119.06,0.0,0,120434,22919.7965,30.1517,360.2845,6.2,A
75,hotel1/recommendation,648.27,18.41,1119.06,0.0,0,2404,457.5053,4.8337,360.2845,0.957,A
75,hotel1/rate,1740.67,30.3,1119.14,0.0,0,2195,417.7305,12.9698,360.2845,3.02,A
75,hotel1/profile,3829.72,41.48,1119.06,0.0,0,56459,10744.7132,28.5231,360.2845,6.19,A
75,hotel2/consul,28.62,25.89,212.87,0.0,0,1950,371.1045,1.4005,360.2845,0.0495,A
76,hotel2/user,53.81,15.99,1119.06,0.0,0,791,318.7058,1.4005,344.6126,0.0603,A
76,hotel2/mongodb-reservation,1774.17,257.61,400.43,0.0547,10,66219,12705.9473,17.1077,344.6126,2.13,A
76,hotel2/reservation,4057.49,60.02,1119.06,0.0,0,184435,35388.9578,38.8014,344.6126,5.95,A
76,hotel2/recommendation,608.09,18.4,1119.06,0.0,0,1844,353.8224,5.8209,344.6126,0.825,A
76,hotel2/rate,1770.44,26.26,1119.14,0.0,0,2455,471.0597,16.9306,344.6126,2.8,A
76,hotel2/profile,3874.85,50.96,1119.06,0.0,0,170418,32699.4085,37.051,344.6126,6.17,A
76,hotel2/mongodb-user,13.13,160.97,400.43,0.0273,2,415,318.7058,1.4005,344.6126,0.0201,A
76,hotel2/search,2423.99,31.41,1119.06,0.0,0,3250,623.6024,23.1777,344.6126,3.9,A
76,hotel2/mongodb-recommendation,12.78,160.64,400.43,0.0273,2,165,318.7058,1.4005,344.6126,0.0,A
76,hotel2/mongodb-rate,12.34,164.97,400.43,0.0273,2,132,318.7058,1.4005,344.6126,0.0,A
76,hotel2/mongodb-profile,12.41,162.54,400.43,0.0273,2,146,318.7058,1.4005,344.6126,0.0,A
76,hotel2/mongodb-geo,13.25,161.94,400.43,0.0273,2,165,318.7058,1.4005,344.6126,0.0,A
76,es-stress-d2/elasticsearch-dynamic-0,8.04,208358.52,1414.09,0.0117,4,404,318.7058,127.4737,344.6126,0.0,A
76,es-stress-d3/elasticsearch-dynamic-0,7.84,208347.39,1414.09,0.0273,9,442,318.7058,127.465,344.6126,0.0201,A
76,es-stress-d4/elasticsearch-dynamic-0,11.31,208355.11,1414.09,0.0039,1,521,318.7058,127.5029,344.6126,0.0603,A
76,hotel1/consul,25.86,25.88,212.87,0.0,0,1489,318.7058,1.4005,344.6126,0.0402,A
76,hotel1/frontend,9961.94,115.23,1119.14,0.0,0,702313,134758.1809,95.2455,344.6126,15.7,A
76,hotel1/geo,1039.12,19.97,1119.06,0.0,0,1744,334.6347,9.9398,344.6126,1.37,A
76,hotel1/jaeger,0.36,14.83,81.01,0.0,0,0,318.7058,1.4005,1.4887,0.0,A
76,hotel1/memcached-profile,337.64,7.71,79.27,0.0,0,1807,346.7229,3.2305,344.6126,0.463,A
76,hotel1/memcached-rate,220.58,7.52,79.27,0.0,0,1386,318.7058,2.112,344.6126,0.322,A
76,hotel1/memcached-reserve,272.67,7.15,79.27,0.0,0,892,318.7058,2.6094,344.6126,0.422,A
76,hotel1/mongodb-geo,11.94,161.36,400.43,0.0,0,190,318.7058,1.4005,344.6126,0.0,A
76,hotel1/mongodb-profile,12.12,162.18,400.43,0.0,0,191,318.7058,1.4005,344.6126,0.0,A
76,hotel1/mongodb-rate,12.82,163.37,400.43,0.0273,1,155,318.7058,1.4005,344.6126,0.0,A
76,hotel1/mongodb-recommendation,13.43,160.98,400.43,0.0273,1,221,318.7058,1.4005,344.6126,0.0,A
76,es-stress-d/elasticsearch-dynamic-0,7.06,208351.05,1414.09,0.0,0,586,318.7058,127.4598,344.6126,0.0,A
76,hotel1/mongodb-user,12.45,161.98,400.43,0.0273,1,112,318.7058,1.4005,344.6126,0.0,A
76,hotel2/memcached-reserve,261.6,8.3,79.27,0.0,0,1000,318.7058,2.5044,344.6126,0.362,A
76,hotel2/memcached-rate,207.2,7.48,79.27,0.0,0,1254,318.7058,1.9841,344.6126,0.282,A
76,hotel2/memcached-profile,316.33,7.81,79.27,0.0,0,1330,318.7058,3.027,344.6126,0.443,A
76,hotel2/jaeger,0.32,14.6,81.01,0.0,0,0,318.7058,1.4005,1.4887,0.0,A
76,hotel1/mongodb-reservation,1873.45,250.46,400.43,0.0156,8,3248,623.2187,18.0518,344.6126,2.41,A
76,hotel2/frontend,9744.21,112.14,1119.14,0.0,0,675617,129635.8146,93.1635,344.6126,15.0,A
76,hotel2/geo,958.68,20.75,1119.06,0.0,0,2056,394.5005,9.1718,344.6126,1.29,A
76,hotel1/user,63.46,15.93,1119.06,0.0,0,960,318.7058,1.4005,344.6126,0.0805,A
76,hotel1/search,2664.84,29.82,1119.06,0.0,0,3320,637.0339,25.4778,344.6126,4.2,A
76,hotel1/reservation,4178.2,56.68,1119.06,0.0,0,209253,40150.9777,39.9526,344.6126,5.95,A
76,hotel1/recommendation,641.28,19.35,1119.06,0.0,0,1580,318.7058,6.1385,344.6126,1.03,A
76,hotel1/rate,1814.13,30.02,1119.14,0.0,0,2625,503.6789,17.3503,344.6126,2.82,A
76,hotel1/profile,4189.15,39.98,1119.06,0.0,0,66078,12678.8926,40.047,344.6126,5.69,A
76,hotel2/consul,28.99,25.89,212.87,0.0,0,1114,318.7058,1.4005,344.6126,0.0603,A
77,hotel2/user,58.92,16.02,1119.06,0.0,0,1000,318.7058,1.4005,355.8869,0.0934,A
77,hotel2/mongodb-reservation,1822.4,257.42,400.43,0.0117,6,18170,3283.2426,17.7198,355.8869,2.64,A
77,hotel2/reservation,4248.47,63.95,1119.06,0.0,0,189889,34312.1439,40.9657,355.8869,6.31,A
77,hotel2/recommendation,655.84,17.41,1119.06,0.0,0,1681,318.7058,6.3287,355.8869,0.911,A
77,hotel2/rate,1806.65,28.09,1119.14,0.0,0,2781,502.515,17.4211,355.8869,2.97,A
77,hotel2/profile,4187.7,45.88,1119.06,0.0,0,161506,29183.4552,40.3687,355.8869,6.56,A
77,hotel2/mongodb-user,11.32,160.98,400.43,0.0,0,127,318.7058,1.4005,355.8869,0.0,A
77,hotel2/search,2591.45,30.11,1119.06,0.0,0,3325,600.8135,24.9822,355.8869,4.32,A
77,hotel2/mongodb-recommendation,11.71,160.64,400.43,0.0,0,294,318.7058,1.4005,355.8869,0.0,A
77,hotel2/mongodb-rate,12.1,164.97,400.43,0.0,0,183,318.7058,1.4005,355.8869,0.0,A
77,hotel2/mongodb-profile,11.67,162.54,400.43,0.0,0,140,318.7058,1.4005,355.8869,0.0,A
77,hotel2/mongodb-geo,11.14,161.94,400.43,0.0,0,175,318.7058,1.4005,355.8869,0.0234,A
77,es-stress-d2/elasticsearch-dynamic-0,17.57,208359.51,1414.09,0.0195,6,386,318.7058,133.7322,355.8869,0.0234,A
77,es-stress-d3/elasticsearch-dynamic-0,14.35,208347.75,1414.09,0.0039,1,476,318.7058,133.6936,355.8869,0.0,A
77,es-stress-d4/elasticsearch-dynamic-0,12.18,208355.71,1414.09,0.0039,1,1020,318.7058,133.6778,355.8869,0.0,A
77,hotel1/consul,24.54,25.88,212.87,0.0,0,1695,318.7058,1.4005,355.8869,0.0467,A
77,hotel1/frontend,10008.61,116.46,1119.14,0.0,0,632987,114378.0896,96.4857,355.8869,15.9,A
77,hotel1/geo,995.81,21.25,1119.06,0.0,0,1856,335.3714,9.6061,355.8869,1.61,A
77,hotel1/jaeger,0.34,14.83,81.01,0.0,0,0,318.7058,1.4005,1.4887,0.0,A
77,hotel1/memcached-profile,334.64,7.97,79.27,0.0,0,1377,318.7058,3.2286,355.8869,0.584,A
77,hotel1/memcached-rate,219.39,7.79,79.27,0.0,0,1140,318.7058,2.1183,355.8869,0.397,A
77,hotel1/memcached-reserve,282.53,7.13,79.27,0.0,0,1363,318.7058,2.7261,355.8869,0.49,A
77,hotel1/mongodb-geo,12.18,161.36,400.43,0.0273,1,117,318.7058,1.4005,355.8869,0.0234,A
77,hotel1/mongodb-profile,12.45,162.18,400.43,0.0273,1,153,318.7058,1.4005,355.8869,0.0,A
77,hotel1/mongodb-rate,11.25,163.37,400.43,0.0,0,165,318.7058,1.4005,355.8869,0.0,A
77,hotel1/mongodb-recommendation,11.26,160.98,400.43,0.0,0,144,318.7058,1.4005,355.8869,0.0234,A
77,es-stress-d/elasticsearch-dynamic-0,16.07,208351.61,1414.09,0.0078,2,467,318.7058,133.7127,355.8869,0.0,A
77,hotel1/mongodb-user,11.57,161.98,400.43,0.0,0,206,318.7058,1.4005,355.8869,0.0,A
77,hotel2/memcached-reserve,261.98,7.52,79.27,0.0,0,1009,318.7058,2.5284,355.8869,0.42,A
77,hotel2/memcached-rate,212.95,7.48,79.27,0.0,0,1396,318.7058,2.0561,355.8869,0.35,A
77,hotel2/memcached-profile,336.24,8.04,79.27,0.0,0,1643,318.7058,3.2441,355.8869,0.49,A
77,hotel2/jaeger,0.34,14.6,81.01,0.0,0,0,318.7058,1.4005,1.4887,0.0,A
77,hotel1/mongodb-reservation,2934.26,250.24,400.43,0.0586,26,183136,33091.9052,28.4256,355.8869,2.45,A
77,hotel2/frontend,9820.33,107.82,1119.14,0.0,0,569536,102912.7607,94.6665,355.8869,14.9,A
77,hotel2/geo,981.18,19.88,1119.06,0.0,0,1959,353.9831,9.4643,355.8869,1.54,A
77,hotel1/user,67.9,16.36,1119.06,0.0,0,927,318.7058,1.4005,355.8869,0.0701,A
77,hotel1/search,2639.18,30.89,1119.06,0.0,0,3290,594.4892,25.4425,355.8869,4.62,A
77,hotel1/reservation,4104.59,57.67,1119.06,0.0,0,158275,28599.6271,39.5757,355.8869,6.89,A
77,hotel1/recommendation,683.95,18.77,1119.06,0.0,0,2121,383.2558,6.6004,355.8869,1.0,A
77,hotel1/rate,1866.27,30.25,1119.14,0.0,0,2478,447.7642,17.9968,355.8869,3.08,A
77,hotel1/profile,4302.22,43.66,1119.06,0.0,0,54057,9767.8726,41.4704,355.8869,7.15,A
77,hotel2/consul,28.99,26.41,212.87,0.0,0,1858,335.7328,1.4005,355.8869,0.0467,A
78,hotel2/user,58.12,16.09,1119.06,0.0,0,767,318.7058,1.4005,356.0968,0.0981,A
78,hotel2/mongodb-reservation,1745.89,257.29,400.43,0.0781,10,21868,4176.2126,16.417,356.0968,3.73,A
78,hotel2/reservation,4124.06,62.88,1119.06,0.0,0,256627,49009.0042,38.4469,356.0968,7.3,A
78,hotel2/recommendation,600.79,18.96,1119.06,0.0,0,2393,457.0,5.6069,356.0968,1.04,A
78,hotel2/rate,1782.71,28.44,1119.14,0.0,0,2698,515.247,16.6202,356.0968,3.17,A
78,hotel2/profile,4147.21,45.49,1119.06,0.0,0,174939,33408.7457,38.6519,356.0968,6.86,A
78,hotel2/mongodb-user,12.98,160.97,400.43,0.0469,4,169,318.7058,1.4005,356.0968,0.0294,A
78,hotel2/search,2529.26,30.09,1119.06,0.0,0,5024,959.4518,23.5741,356.0968,4.27,A
78,hotel2/mongodb-recommendation,12.87,160.64,400.43,0.0273,2,133,318.7058,1.4005,356.0968,0.0294,A
78,hotel2/mongodb-rate,12.67,164.97,400.43,0.0273,2,135,318.7058,1.4005,356.0968,0.0294,A
78,hotel2/mongodb-profile,12.81,162.54,400.43,0.0391,4,136,318.7058,1.4005,356.0968,0.0294,A
78,hotel2/mongodb-geo,13.0,161.94,400.43,0.0273,2,250,318.7058,1.4005,356.0968,0.0343,A
78,es-stress-d2/elasticsearch-dynamic-0,8.2,208359.01,1414.09,0.0,0,611,318.7058,127.2648,356.0968,0.0098,A
78,es-stress-d3/elasticsearch-dynamic-0,9.19,208347.87,1414.09,0.0117,4,441,318.7058,127.2672,356.0968,0.0098,A
78,es-stress-d4/elasticsearch-dynamic-0,11.18,208355.7,1414.09,0.0117,5,700,318.7058,127.2905,356.0968,0.0147,A
78,hotel1/consul,25.84,25.88,212.87,0.0,0,1874,357.8847,1.4005,356.0968,0.0491,A
78,hotel1/frontend,9946.08,127.53,1119.14,0.0,0,673410,128603.5901,92.7084,356.0968,17.3,A
78,hotel1/geo,1016.13,19.71,1119.06,0.0,0,1949,372.2077,9.4755,356.0968,1.63,A
78,hotel1/jaeger,0.4,14.83,81.01,0.0,0,0,318.7058,1.4005,1.4887,0.0,A
78,hotel1/memcached-profile,333.78,7.71,79.27,0.0,0,1576,318.7058,3.1133,356.0968,0.535,A
78,hotel1/memcached-rate,221.89,7.57,79.27,0.0,0,1670,318.9261,2.0711,356.0968,0.368,A
78,hotel1/memcached-reserve,282.77,7.71,79.27,0.0,0,959,318.7058,2.6382,356.0968,0.456,A
78,hotel1/mongodb-geo,11.77,161.36,400.43,0.0,0,170,318.7058,1.4005,356.0968,0.0196,A
78,hotel1/mongodb-profile,12.1,162.18,400.43,0.0,0,212,318.7058,1.4005,356.0968,0.0196,A
78,hotel1/mongodb-rate,13.19,163.37,400.43,0.0273,1,182,318.7058,1.4005,356.0968,0.0245,A
78,hotel1/mongodb-recommendation,13.24,160.98,400.43,0.0273,1,207,318.7058,1.4005,356.0968,0.0294,A
78,es-stress-d/elasticsearch-dynamic-0,7.57,208351.61,1414.09,0.0,0,655,318.7058,127.2544,356.0968,0.0098,A
78,hotel1/mongodb-user,12.58,161.98,400.43,0.0273,1,185,318.7058,1.4005,356.0968,0.0245,A
78,hotel2/memcached-reserve,264.74,7.33,79.27,0.0,0,1036,318.7058,2.4701,356.0968,0.461,A
78,hotel2/memcached-rate,210.25,7.49,79.27,0.0,0,1358,318.7058,1.9627,356.0968,0.343,A
78,hotel2/memcached-profile,311.89,7.8,79.27,0.0,0,1250,318.7058,2.9095,356.0968,0.535,A
78,hotel2/jaeger,0.36,14.6,81.01,0.0,0,0,318.7058,1.4005,1.4887,0.0,A
78,hotel1/mongodb-reservation,2655.98,249.59,400.43,0.0742,17,167524,31992.6758,24.8882,356.0968,3.11,A
78,hotel2/frontend,9653.84,123.07,1119.14,0.0,0,655057,125098.65,89.9839,356.0968,16.7,A
78,hotel2/geo,938.39,21.13,1119.06,0.0,0,1792,342.2248,8.7524,356.0968,1.68,A
78,hotel1/user,66.07,16.37,1119.06,0.0,0,873,318.7058,1.4005,356.0968,0.0981,A
78,hotel1/search,2682.15,30.13,1119.06,0.0,0,3259,622.3832,24.998,356.0968,4.45,A
78,hotel1/reservation,4403.86,56.0,1119.06,0.0,0,148733,28404.0893,41.0485,356.0968,6.79,A
78,hotel1/recommendation,666.66,19.3,1119.06,0.0,0,2012,384.2391,6.2206,356.0968,1.06,A
78,hotel1/rate,1863.8,30.83,1119.14,0.0,0,2672,510.2817,17.3769,356.0968,2.96,A
78,hotel1/profile,4094.04,42.3,1119.06,0.0,0,35591,6796.9445,38.1547,356.0968,6.61,A
78,hotel2/consul,27.92,26.41,212.87,0.0,0,1727,329.8116,1.4005,356.0968,0.054,A
79,hotel2/user,60.56,16.1,1119.06,0.0,0,1126,318.7058,1.4005,360.3601,0.105,A
79,hotel2/mongodb-reservation,1959.98,257.36,400.43,0.0195,10,11970,2379.2289,17.5401,360.3601,3.22,A
79,hotel2/reservation,4314.36,67.36,1119.06,0.0,0,164010,32599.61,38.3227,360.3601,7.04,A
79,hotel2/recommendation,638.69,20.43,1119.06,0.0,0,1749,347.6417,5.6792,360.3601,1.03,A
79,hotel2/rate,1842.28,29.4,1119.14,0.0,0,2711,538.8546,16.3646,360.3601,2.97,A
79,hotel2/profile,4230.12,47.4,1119.06,0.0,0,240914,47885.5097,37.5637,360.3601,6.41,A
79,hotel2/mongodb-user,12.11,160.97,400.43,0.0,0,456,318.7058,1.4005,360.3601,0.0182,A
79,hotel2/search,2678.89,28.11,1119.06,0.0,0,4893,972.562,23.7876,360.3601,4.37,A
79,hotel2/mongodb-recommendation,12.11,160.64,400.43,0.0,0,369,318.7058,1.4005,360.3601,0.0228,A
79,hotel2/mongodb-rate,12.22,164.97,400.43,0.0,0,316,318.7058,1.4005,360.3601,0.0182,A
79,hotel2/mongodb-profile,11.96,162.54,400.43,0.0,0,254,318.7058,1.4005,360.3601,0.0228,A
79,hotel2/mongodb-geo,11.82,161.94,400.43,0.0,0,243,318.7058,1.4005,360.3601,0.0182,A
79,es-stress-d2/elasticsearch-dynamic-0,13.05,208359.19,1414.09,0.0039,1,480,318.7058,119.9158,360.3601,0.0182,A
79,es-stress-d3/elasticsearch-dynamic-0,11.63,208347.93,1414.09,0.0,0,464,318.7058,119.8968,360.3601,0.0182,A
79,es-stress-d4/elasticsearch-dynamic-0,8.43,208355.7,1414.09,0.0,0,597,318.7058,119.8728,360.3601,0.0228,A
79,hotel1/consul,26.68,26.39,212.87,0.0,0,1489,318.7058,1.4005,360.3601,0.041,A
79,hotel1/frontend,9920.14,119.64,1119.14,0.0,0,660287,131242.5992,88.0963,360.3601,16.4,A
79,hotel1/geo,947.96,20.76,1119.06,0.0,0,2064,410.253,8.4238,360.3601,1.72,A
79,hotel1/jaeger,0.5,14.83,81.01,0.0,0,0,318.7058,1.4005,1.4887,0.0046,A
79,hotel1/memcached-profile,321.81,7.98,79.27,0.0,0,1666,331.1441,2.8602,360.3601,0.573,A
79,hotel1/memcached-rate,212.13,7.52,79.27,0.0,0,1116,318.7058,1.8867,360.3601,0.387,A
79,hotel1/memcached-reserve,269.38,7.18,79.27,0.0,0,1060,318.7058,2.3945,360.3601,0.473,A
79,hotel1/mongodb-geo,13.18,161.36,400.43,0.0273,1,219,318.7058,1.4005,360.3601,0.0182,A
79,hotel1/mongodb-profile,13.26,162.18,400.43,0.0273,1,150,318.7058,1.4005,360.3601,0.0228,A
79,hotel1/mongodb-rate,12.03,163.37,400.43,0.0,0,198,318.7058,1.4005,360.3601,0.0228,A
79,hotel1/mongodb-recommendation,11.93,160.98,400.43,0.0,0,671,318.7058,1.4005,360.3601,0.0228,A
79,es-stress-d/elasticsearch-dynamic-0,11.81,208351.88,1414.09,0.0312,7,604,318.7058,119.9006,360.3601,0.0182,A
79,hotel1/mongodb-user,12.13,161.98,400.43,0.0,0,263,318.7058,1.4005,360.3601,0.0182,A
79,hotel2/memcached-reserve,266.3,7.3,79.27,0.0,0,1022,318.7058,2.3672,360.3601,0.423,A
79,hotel2/memcached-rate,224.31,7.48,79.27,0.0,0,1540,318.7058,1.9947,360.3601,0.35,A
79,hotel2/memcached-profile,338.31,7.75,79.27,0.0,0,1490,318.7058,3.0065,360.3601,0.546,A
79,hotel2/jaeger,0.37,14.6,81.01,0.0,0,0,318.7058,1.4005,1.4887,0.0,A
79,hotel1/mongodb-reservation,2124.66,249.38,400.43,0.0742,13,9564,1900.9979,18.9968,360.3601,2.89,A
79,hotel2/frontend,9721.47,112.61,1119.14,0.0,0,535237,106386.9121,86.3294,360.3601,16.1,A
79,hotel2/geo,1017.76,21.2,1119.06,0.0,0,1837,365.1331,9.0434,360.3601,1.65,A
79,hotel1/user,61.38,16.12,1119.06,0.0,0,851,318.7058,1.4005,360.3601,0.0865,A
79,hotel1/search,2668.62,38.16,1119.06,0.0,0,2952,586.7572,23.7023,360.3601,4.54,A
79,hotel1/reservation,3931.6,53.66,1119.06,0.0,0,240779,47858.6763,34.9184,360.3601,7.04,A
79,hotel1/recommendation,619.98,19.2,1119.06,0.0,0,2022,401.9048,5.5125,360.3601,1.12,A
79,hotel1/rate,1711.94,29.68,1119.14,0.0,0,2217,440.6642,15.2082,360.3601,3.13,A
79,hotel1/profile,3883.75,42.62,1119.06,0.0,0,66429,13203.8259,34.4874,360.3601,6.8,A
79,hotel2/consul,30.11,26.41,212.87,0.0,0,1482,318.7058,1.4005,360.3601,0.041,A
80,hotel2/user,66.32,16.24,1119.06,0.0,0,1149,318.7058,1.4005,372.2202,0.0817,A
80,hotel2/mongodb-reservation,2307.09,257.48,400.43,0.0781,8,23680,4747.2295,20.1658,372.2202,2.8,A
80,hotel2/reservation,4485.05,63.36,1119.06,0.0,0,263216,52768.0221,38.9507,372.2202,5.73,A
80,hotel2/recommendation,664.78,18.86,1119.06,0.0,0,2032,407.3636,5.7788,372.2202,0.91,A
80,hotel2/rate,1926.14,30.06,1119.14,0.0,0,2957,592.8023,16.7293,372.2202,2.56,A
80,hotel2/profile,4254.68,45.48,1119.06,0.0,0,146252,29319.7555,36.9416,372.2202,5.73,A
80,hotel2/mongodb-user,12.29,160.97,400.43,0.0273,2,320,318.7058,1.4005,372.2202,0.0195,A
80,hotel2/search,2716.68,30.41,1119.06,0.0,0,3085,618.463,23.5886,372.2202,3.55,A
80,hotel2/mongodb-recommendation,12.36,160.83,400.43,0.0273,2,230,318.7058,1.4005,372.2202,0.0233,A
80,hotel2/mongodb-rate,12.69,164.97,400.43,0.0273,2,138,318.7058,1.4005,372.2202,0.0195,A
80,hotel2/mongodb-profile,12.39,162.54,400.43,0.0273,2,168,318.7058,1.4005,372.2202,0.0233,A
80,hotel2/mongodb-geo,12.63,162.13,400.43,0.0273,2,192,318.7058,1.4005,372.2202,0.0233,A
80,es-stress-d2/elasticsearch-dynamic-0,8.34,208359.19,1414.09,0.0,0,379,318.7058,120.2327,372.2202,0.0078,A
80,es-stress-d3/elasticsearch-dynamic-0,7.76,208347.93,1414.09,0.0039,1,516,318.7058,120.2212,372.2202,0.0117,A
80,es-stress-d4/elasticsearch-dynamic-0,11.75,208355.91,1414.09,0.0352,5,576,318.7058,120.2604,372.2202,0.0156,A
80,hotel1/consul,26.53,26.39,212.87,0.0,0,2036,408.1655,1.4005,372.2202,0.035,A
80,hotel1/frontend,9974.81,110.52,1119.14,0.0,0,558151,111894.8859,86.6094,372.2202,14.5,A
80,hotel1/geo,1024.78,20.44,1119.06,0.0,0,2098,420.5949,8.9032,372.2202,1.54,A
80,hotel1/jaeger,0.43,14.83,81.01,0.0,0,0,318.7058,1.4005,1.4887,0.0,A
80,hotel1/memcached-profile,330.7,7.67,79.27,0.0,0,2017,404.3565,2.8737,372.2202,0.494,A
80,hotel1/memcached-rate,228.69,7.74,79.27,0.0,0,1639,328.5772,1.9887,372.2202,0.327,A
80,hotel1/memcached-reserve,284.79,7.58,79.27,0.0,0,1181,318.7058,2.4753,372.2202,0.401,A
80,hotel1/mongodb-geo,12.07,161.36,400.43,0.0,0,208,318.7058,1.4005,372.2202,0.0195,A
80,hotel1/mongodb-profile,12.08,162.18,400.43,0.0,0,222,318.7058,1.4005,372.2202,0.0156,A
80,hotel1/mongodb-rate,12.83,163.56,400.43,0.0273,1,217,318.7058,1.4005,372.2202,0.0156,A
80,hotel1/mongodb-recommendation,12.91,160.98,400.43,0.0273,1,102,318.7058,1.4005,372.2202,0.0233,A
80,es-stress-d/elasticsearch-dynamic-0,7.98,208351.88,1414.09,0.0,0,781,318.7058,120.2254,372.2202,0.0078,A
80,hotel1/mongodb-user,12.8,162.17,400.43,0.0273,1,178,318.7058,1.4005,372.2202,0.0195,A
80,hotel2/memcached-reserve,279.85,7.57,79.27,0.0,0,1226,318.7058,2.4325,372.2202,0.389,A
80,hotel2/memcached-rate,226.87,7.49,79.27,0.0,0,1334,318.7058,1.9727,372.2202,0.311,A
80,hotel2/memcached-profile,337.44,7.78,79.27,0.0,0,1450,318.7058,2.9323,372.2202,0.471,A
80,hotel2/jaeger,0.37,14.6,81.01,0.0,0,0,318.7058,1.4005,1.4887,0.0,A
80,hotel1/mongodb-reservation,1814.23,249.22,400.43,0.0312,14,13732,2752.912,15.8848,372.2202,2.88,A
80,hotel2/frontend,9772.93,114.55,1119.14,0.0,0,605686,121424.4279,84.8602,372.2202,13.9,A
80,hotel2/geo,1049.42,20.83,1119.06,0.0,0,2241,449.2627,9.1172,372.2202,1.39,A
80,hotel1/user,57.28,16.12,1119.06,0.0,0,1480,318.7058,1.4005,372.2202,0.0973,A
80,hotel1/search,2635.72,24.57,1119.06,0.0,0,9553,1915.1302,22.8828,372.2202,4.0,A
80,hotel1/reservation,4238.3,56.01,1119.06,0.0,0,203123,40720.9248,36.8056,372.2202,6.24,A
80,hotel1/recommendation,673.6,19.55,1119.06,0.0,0,2195,440.0409,5.8557,372.2202,0.957,A
80,hotel1/rate,1896.35,28.67,1119.14,0.0,0,3148,631.0928,16.4701,372.2202,2.61,A
80,hotel1/profile,4124.34,41.42,1119.06,0.0,0,60329,12094.4092,35.8084,372.2202,6.02,A
80,hotel2/consul,29.39,26.41,212.87,0.0,0,1302,318.7058,1.4005,372.2202,0.0428,A
81,hotel2/user,62.52,16.54,1119.06,0.0,0,865,318.7058,1.4005,366.8721,0.085,A
81,hotel2/search,2530.84,30.74,1119.06,0.0,0,3461,712.2152,18.817,366.8721,3.94,A
81,hotel2/mongodb-recommendation,11.77,160.64,400.43,0.0,0,144,318.7058,1.4005,366.8721,0.0202,A
81,hotel2/recommendation,646.54,18.29,1119.06,0.0,0,1961,403.5406,4.8121,366.8721,0.951,A
81,hotel2/rate,1798.01,29.75,1119.14,0.0,0,3168,651.9208,13.3722,366.8721,2.86,A
81,hotel2/profile,4142.21,49.08,1119.06,0.0,0,177049,36433.689,30.7971,366.8721,6.49,A
81,hotel2/mongodb-user,11.64,161.16,400.43,0.0,0,128,318.7058,1.4005,366.8721,0.0202,A
81,hotel2/mongodb-reservation,2043.44,257.37,400.43,0.0039,2,26606,5475.0647,15.3061,366.8721,2.57,A
81,hotel2/reservation,4285.8,63.47,1119.06,0.0,0,229663,47260.7602,31.8708,366.8721,6.42,A
81,hotel2/mongodb-rate,11.74,164.97,400.43,0.0,0,244,318.7058,1.4005,366.8721,0.0202,A
81,hotel2/mongodb-profile,11.87,162.54,400.43,0.0,0,259,318.7058,1.4005,366.8721,0.0202,A
81,hotel2/memcached-reserve,286.54,7.32,79.27,0.0,0,868,318.7058,2.1323,366.8721,0.396,A
81,es-stress-d/elasticsearch-dynamic-0,11.43,208351.95,1414.09,0.0078,2,477,318.7058,101.2526,366.8721,0.0243,A
81,es-stress-d2/elasticsearch-dynamic-0,12.0,208359.32,1414.09,0.0039,1,537,318.7058,101.2604,366.8721,0.0283,A
81,es-stress-d3/elasticsearch-dynamic-0,12.0,208347.99,1414.09,0.0,0,891,318.7058,101.2549,366.8721,0.0283,A
81,es-stress-d4/elasticsearch-dynamic-0,8.44,208355.91,1414.09,0.0,0,718,318.7058,101.2323,366.8721,0.0202,A
81,hotel1/consul,27.99,26.39,212.87,0.0,0,1535,318.7058,1.4005,366.8721,0.0364,A
81,hotel1/frontend,9935.59,126.12,1119.14,0.0,0,663976,136635.0282,73.8746,366.8721,15.5,A
81,hotel1/geo,1033.57,20.71,1119.06,0.0,0,1897,390.3705,7.6886,366.8721,1.59,A
81,hotel1/jaeger,0.49,14.83,81.01,0.0,0,0,318.7058,1.4005,1.4887,0.0,A
81,hotel1/memcached-profile,333.99,8.22,79.27,0.0,0,1660,341.5999,2.4853,366.8721,0.526,A
81,hotel1/memcached-rate,234.91,7.53,79.27,0.0,0,1507,318.7058,1.7488,366.8721,0.348,A
81,hotel1/memcached-reserve,281.03,7.34,79.27,0.0,0,1140,318.7058,2.0914,366.8721,0.449,A
81,hotel1/mongodb-geo,12.72,161.36,400.43,0.0273,1,497,318.7058,1.4005,366.8721,0.0202,A
81,hotel1/mongodb-profile,12.72,162.18,400.43,0.0273,1,279,318.7058,1.4005,366.8721,0.0202,A
81,hotel1/mongodb-rate,11.55,163.37,400.43,0.0,0,119,318.7058,1.4005,366.8721,0.0162,A
81,hotel2/mongodb-geo,11.79,161.94,400.43,0.0,0,278,318.7058,1.4005,366.8721,0.0162,A
81,hotel1/mongodb-reservation,1562.41,249.43,400.43,0.0625,9,3008,618.9955,11.7286,366.8721,5.26,A
81,hotel2/memcached-rate,221.29,7.5,79.27,0.0,0,1895,389.9589,1.6476,366.8721,0.332,A
81,hotel2/memcached-profile,322.54,9.05,79.27,0.0,0,1814,373.2905,2.4006,366.8721,0.51,A
81,hotel2/jaeger,0.35,14.6,81.01,0.0,0,0,318.7058,1.4005,1.4887,0.0,A
81,hotel2/geo,967.81,20.86,1119.06,0.0,0,2261,465.2756,7.2002,366.8721,1.48,A
81,hotel1/mongodb-recommendation,11.82,160.98,400.43,0.0,0,301,318.7058,1.4005,366.8721,0.0121,A
81,hotel2/consul,29.95,26.42,212.87,0.0,0,1666,342.8346,1.4005,366.8721,0.0445,A
81,hotel2/frontend,9854.4,113.51,1119.14,0.0,0,586984,120791.3771,73.2653,366.8721,15.1,A
81,hotel1/search,2711.05,27.6,1119.06,0.0,0,3038,625.169,20.1543,366.8721,4.11,A
81,hotel1/reservation,4228.3,54.84,1119.06,0.0,0,174661,35942.279,31.4395,366.8721,6.46,A
81,hotel1/recommendation,679.32,17.98,1119.06,0.0,0,2027,417.1223,5.0555,366.8721,1.08,A
81,hotel1/rate,1816.72,29.05,1119.14,0.0,0,2455,505.1975,13.5109,366.8721,2.88,A
81,hotel1/profile,4396.05,46.58,1119.06,0.0,0,52302,10762.8668,32.6817,366.8721,6.75,A
81,hotel1/mongodb-user,12.08,161.98,400.43,0.0,0,520,318.7058,1.4005,366.8721,0.0202,A
81,hotel1/user,65.66,16.16,1119.06,0.0,0,924,318.7058,1.4005,366.8721,0.109,A
82,hotel2/user,65.78,16.3,1119.06,0.0,0,921,318.7058,1.4005,366.0965,0.096,A
82,hotel2/mongodb-reservation,2127.02,257.8,400.43,0.0508,4,42843,8361.0933,17.8552,366.0965,2.87,A
82,hotel2/reservation,4566.72,62.57,1119.06,0.0,0,276181,53898.5388,38.0634,366.0965,6.9,A
82,hotel2/recommendation,656.95,18.53,1119.06,0.0,0,2351,458.8131,5.4809,366.0965,1.0,A
82,hotel2/rate,1891.52,29.18,1119.14,0.0,0,2556,498.8202,15.7675,366.0965,2.83,A
82,hotel2/profile,4445.18,46.95,1119.06,0.0,0,171590,33486.9171,37.0426,366.0965,6.77,A
82,hotel2/mongodb-user,13.01,160.97,400.43,0.0273,2,308,318.7058,1.4005,366.0965,0.02,A
82,hotel2/search,2782.79,32.39,1119.06,0.0,0,3458,674.8514,23.1912,366.0965,4.19,A
82,hotel2/mongodb-recommendation,13.9,160.64,400.43,0.0273,2,211,318.7058,1.4005,366.0965,0.024,A
82,hotel2/mongodb-rate,12.73,164.97,400.43,0.0273,2,267,318.7058,1.4005,366.0965,0.02,A
82,hotel2/mongodb-profile,13.1,162.54,400.43,0.0273,2,361,318.7058,1.4005,366.0965,0.02,A
82,hotel2/mongodb-geo,13.15,161.94,400.43,0.043,4,189,318.7058,1.4005,366.0965,0.02,A
82,es-stress-d2/elasticsearch-dynamic-0,8.28,208359.29,1414.09,0.0312,8,595,318.7058,115.3867,366.0965,0.016,A
82,es-stress-d3/elasticsearch-dynamic-0,8.36,208347.99,1414.09,0.0273,7,877,318.7058,115.3811,366.0965,0.012,A
82,es-stress-d4/elasticsearch-dynamic-0,11.42,208356.1,1414.09,0.0039,1,620,318.7058,115.4111,366.0965,0.012,A
82,hotel1/consul,27.58,26.39,212.87,0.0,0,1746,340.7434,1.4005,366.0965,0.044,A
82,hotel1/frontend,10013.12,109.48,1119.14,0.0,0,706079,137795.9612,83.4435,366.0965,15.9,A
82,hotel1/geo,977.09,20.04,1119.06,0.0,0,1544,318.7058,8.1477,366.0965,1.6,A
82,hotel1/jaeger,0.43,14.83,81.01,0.0,0,0,318.7058,1.4005,1.4887,0.0,A
82,hotel1/memcached-profile,321.78,7.77,79.27,0.0,0,1384,318.7058,2.6839,366.0965,0.532,A
82,hotel1/memcached-rate,222.97,7.52,79.27,0.0,0,1260,318.7058,1.8609,366.0965,0.348,A
82,hotel1/memcached-reserve,281.17,7.86,79.27,0.0,0,932,318.7058,2.3458,366.0965,0.448,A
82,hotel1/mongodb-geo,12.13,161.36,400.43,0.0,0,424,318.7058,1.4005,366.0965,0.016,A
82,hotel1/mongodb-profile,12.45,162.18,400.43,0.0,0,214,318.7058,1.4005,366.0965,0.02,A
82,hotel1/mongodb-rate,13.78,163.37,400.43,0.0273,1,196,318.7058,1.4005,366.0965,0.02,A
82,hotel1/mongodb-recommendation,13.62,160.98,400.43,0.0273,1,302,318.7058,1.4005,366.0965,0.02,A
82,es-stress-d/elasticsearch-dynamic-0,8.08,208351.95,1414.09,0.0078,4,380,318.7058,115.3809,366.0965,0.008,A
82,hotel1/mongodb-user,12.8,161.98,400.43,0.0273,1,230,318.7058,1.4005,366.0965,0.024,A
82,hotel2/memcached-reserve,283.58,7.57,79.27,0.0,0,1032,318.7058,2.3657,366.0965,0.428,A
82,hotel2/memcached-rate,220.56,7.49,79.27,0.0,0,1574,318.7058,1.8408,366.0965,0.348,A
82,hotel2/memcached-profile,330.72,8.02,79.27,0.0,0,1402,318.7058,2.7585,366.0965,0.516,A
82,hotel2/jaeger,0.35,14.6,81.01,0.0,0,0,318.7058,1.4005,1.4887,0.0,A
82,hotel1/mongodb-reservation,1593.49,249.34,400.43,0.0508,24,12998,2536.6452,13.4076,366.0965,3.59,A
82,hotel2/frontend,9931.49,118.64,1119.14,0.0,0,506510,98848.7581,82.7688,366.0965,15.3,A
82,hotel2/geo,1047.14,19.98,1119.06,0.0,0,1974,385.2391,8.731,366.0965,1.53,A
82,hotel1/user,59.03,16.16,1119.06,0.0,0,929,318.7058,1.4005,366.0965,0.1,A
82,hotel1/search,2671.09,31.73,1119.06,0.0,0,3133,611.4256,22.2607,366.0965,4.31,A
82,hotel1/reservation,4116.92,52.12,1119.06,0.0,0,183256,35763.6138,34.3119,366.0965,6.97,A
82,hotel1/recommendation,656.36,18.97,1119.06,0.0,0,1555,318.7058,5.4762,366.0965,1.04,A
82,hotel1/rate,1808.84,30.07,1119.14,0.0,0,2865,559.1236,15.0795,366.0965,2.96,A
82,hotel1/profile,4289.47,42.37,1119.06,0.0,0,48609,9486.3661,35.7434,366.0965,6.54,A
82,hotel2/consul,28.98,26.42,212.87,0.0,0,1345,318.7058,1.4005,366.0965,0.048,A
83,hotel2/user,63.64,16.05,1119.06,0.0,0,841,318.7058,1.4005,356.6383,0.106,A
83,hotel2/mongodb-reservation,2070.07,257.25,400.43,0.0,0,57768,10296.3781,18.7842,356.6383,3.83,A
83,hotel2/reservation,4264.37,71.04,1119.06,0.0,0,252356,44979.1023,38.4273,356.6383,7.68,A
83,hotel2/recommendation,641.77,19.38,1119.06,0.0,0,1726,318.7058,5.7882,356.6383,1.17,A
83,hotel2/rate,1803.07,29.62,1119.14,0.0,0,2892,515.4606,16.2476,356.6383,3.4,A
83,hotel2/profile,3940.57,48.92,1119.06,0.0,0,149355,26620.5433,35.4996,356.6383,7.73,A
83,hotel2/mongodb-user,11.48,160.97,400.43,0.0,0,120,318.7058,1.4005,356.6383,0.0222,A
83,hotel2/search,2712.34,33.68,1119.06,0.0,0,3349,596.9147,24.4348,356.6383,4.82,A
83,hotel2/mongodb-recommendation,11.86,160.64,400.43,0.0,0,410,318.7058,1.4005,356.6383,0.0222,A
83,hotel2/mongodb-rate,11.76,164.97,400.43,0.0,0,319,318.7058,1.4005,356.6383,0.0222,A
83,hotel2/mongodb-profile,11.56,162.54,400.43,0.0,0,441,318.7058,1.4005,356.6383,0.0222,A
83,hotel2/mongodb-geo,11.56,161.94,400.43,0.0,0,141,318.7058,1.4005,356.6383,0.0222,A
83,es-stress-d2/elasticsearch-dynamic-0,13.23,208359.29,1414.09,0.0117,5,504,318.7058,121.9731,356.6383,0.0266,A
83,es-stress-d3/elasticsearch-dynamic-0,12.42,208348.5,1414.09,0.0,0,785,318.7058,121.9595,356.6383,0.0222,A
83,es-stress-d4/elasticsearch-dynamic-0,9.8,208356.36,1414.09,0.0,0,710,318.7058,121.9405,356.6383,0.0222,A
83,hotel1/consul,26.9,26.39,212.87,0.0,0,1993,355.2258,1.4005,356.6383,0.0488,A
83,hotel1/frontend,9984.88,125.84,1119.14,0.0,0,583683,104033.7356,89.9524,356.6383,17.8,A
83,hotel1/geo,988.97,20.46,1119.06,0.0,0,1875,334.1938,8.9142,356.6383,1.71,A
83,hotel1/jaeger,0.4,14.83,81.01,0.0,0,0,318.7058,1.4005,1.4887,0.0,A
83,hotel1/memcached-profile,327.07,7.73,79.27,0.0,0,1289,318.7058,2.9486,356.6383,0.576,A
83,hotel1/memcached-rate,225.75,7.53,79.27,0.0,0,1352,318.7058,2.0365,356.6383,0.386,A
83,hotel1/memcached-reserve,275.13,7.12,79.27,0.0,0,999,318.7058,2.4807,356.6383,0.483,A
83,hotel1/mongodb-geo,12.62,161.36,400.43,0.0312,1,141,318.7058,1.4005,356.6383,0.0222,A
83,hotel1/mongodb-profile,12.79,162.18,400.43,0.0312,1,151,318.7058,1.4005,356.6383,0.0222,A
83,hotel1/mongodb-rate,11.19,163.37,400.43,0.0,0,177,318.7058,1.4005,356.6383,0.0177,A
83,hotel1/mongodb-recommendation,11.25,160.98,400.43,0.0,0,310,318.7058,1.4005,356.6383,0.0177,A
83,es-stress-d/elasticsearch-dynamic-0,12.91,208351.95,1414.09,0.0039,1,534,318.7058,121.966,356.6383,0.0266,A
83,hotel1/mongodb-user,11.77,161.98,400.43,0.0,0,339,318.7058,1.4005,356.6383,0.0222,A
83,hotel2/memcached-reserve,274.69,7.25,79.27,0.0,0,926,318.7058,2.4769,356.6383,0.483,A
83,hotel2/memcached-rate,215.94,7.5,79.27,0.0,0,1672,318.7058,1.9482,356.6383,0.408,A
83,hotel2/memcached-profile,327.11,8.57,79.27,0.0,0,1517,318.7058,2.9495,356.6383,0.603,A
83,hotel2/jaeger,0.33,14.6,81.01,0.0,0,0,318.7058,1.4005,1.4887,0.0044,A
83,hotel1/mongodb-reservation,2027.29,249.68,400.43,0.0781,13,153406,27342.5802,18.3947,356.6383,3.5,A
83,hotel2/frontend,9857.73,118.58,1119.14,0.0,0,537847,95864.0779,88.8037,356.6383,17.2,A
83,hotel2/geo,1014.85,21.43,1119.06,0.0,0,1810,322.6084,9.1477,356.6383,1.85,A
83,hotel1/user,63.73,16.23,1119.06,0.0,0,845,318.7058,1.4005,356.6383,0.115,A
83,hotel1/search,2612.14,27.91,1119.06,0.0,0,2905,517.7776,23.5295,356.6383,4.68,A
83,hotel1/reservation,4055.23,52.63,1119.06,0.0,0,227033,40465.6142,36.5339,356.6383,7.1,A
83,hotel1/recommendation,643.73,19.0,1119.06,0.0,0,2205,393.0119,5.8056,356.6383,1.12,A
83,hotel1/rate,1717.99,29.84,1119.14,0.0,0,2370,422.421,15.4819,356.6383,3.17,A
83,hotel1/profile,4007.72,45.13,1119.06,0.0,0,39258,6997.2166,36.1019,356.6383,6.95,A
83,hotel2/consul,29.14,26.42,212.87,0.0,0,1655,318.7058,1.4005,356.6383,0.0532,A
84,hotel2/user,56.5,16.05,1119.06,0.0,0,912,318.7058,1.4005,342.8548,0.106,A
84,hotel2/mongodb-reservation,2902.69,257.35,400.43,0.0625,10,143273,28481.1239,23.6799,342.8548,3.52,A
84,hotel2/reservation,4412.24,65.88,1119.06,0.0,0,234742,46664.1724,35.8231,342.8548,7.01,A
84,hotel2/recommendation,590.65,17.44,1119.06,0.0,0,2121,421.6319,4.8,342.8548,1.01,A
84,hotel2/rate,1783.27,29.96,1119.14,0.0,0,2728,542.2969,14.4802,342.8548,2.93,A
84,hotel2/profile,4068.71,45.52,1119.06,0.0,0,179998,35781.6569,33.0259,342.8548,6.51,A
84,hotel2/mongodb-user,12.87,160.98,400.43,0.0547,4,187,318.7058,1.4005,342.8548,0.0189,A
84,hotel2/search,2523.85,28.77,1119.06,0.0,0,3055,607.301,20.4865,342.8548,4.11,A
84,hotel2/mongodb-recommendation,12.7,160.64,400.43,0.0312,2,308,318.7058,1.4005,342.8548,0.0189,A
84,hotel2/mongodb-rate,12.19,164.98,400.43,0.0312,2,224,318.7058,1.4005,342.8548,0.0189,A
84,hotel2/mongodb-profile,12.5,162.55,400.43,0.0469,4,177,318.7058,1.4005,342.8548,0.0189,A
84,hotel2/mongodb-geo,12.56,161.95,400.43,0.0312,2,142,318.7058,1.4005,342.8548,0.0189,A
84,es-stress-d2/elasticsearch-dynamic-0,8.47,208359.29,1414.09,0.0,0,348,318.7058,109.9322,342.8548,0.0113,A
84,es-stress-d3/elasticsearch-dynamic-0,8.03,208348.0,1414.09,0.0117,5,525,318.7058,109.9226,342.8548,0.0151,A
84,es-stress-d4/elasticsearch-dynamic-0,15.65,208356.1,1414.09,0.0039,1,616,318.7058,109.9887,342.8548,0.0113,A
84,hotel1/consul,25.41,26.39,212.87,0.0,0,1877,373.1273,1.4005,342.8548,0.0415,A
84,hotel1/frontend,9994.55,125.25,1119.14,0.0,0,753613,149810.1191,81.1334,342.8548,15.4,A
84,hotel1/geo,959.22,20.64,1119.06,0.0,0,1764,350.6641,7.7913,342.8548,1.58,A
84,hotel1/jaeger,0.35,14.83,81.01,0.0,0,0,318.7058,1.4005,1.4887,0.0,A
84,hotel1/memcached-profile,289.3,7.98,79.27,0.0,0,1581,318.7058,2.3508,342.8548,0.52,A
84,hotel1/memcached-rate,216.32,7.51,79.27,0.0,0,1544,318.7058,1.7586,342.8548,0.351,A
84,hotel1/memcached-reserve,264.33,8.93,79.27,0.0,0,952,318.7058,2.1487,342.8548,0.453,A
84,hotel1/mongodb-geo,11.64,161.36,400.43,0.0,0,200,318.7058,1.4005,342.8548,0.0189,A
84,hotel1/mongodb-profile,11.76,162.18,400.43,0.0,0,157,318.7058,1.4005,342.8548,0.0189,A
84,hotel1/mongodb-rate,12.46,163.38,400.43,0.0312,1,111,318.7058,1.4005,342.8548,0.0189,A
84,hotel1/mongodb-recommendation,12.84,160.98,400.43,0.0312,1,314,318.7058,1.4005,342.8548,0.0189,A
84,es-stress-d/elasticsearch-dynamic-0,7.88,208351.95,1414.09,0.0,0,436,318.7058,109.9235,342.8548,0.0113,A
84,hotel1/mongodb-user,12.36,161.98,400.43,0.0312,1,311,318.7058,1.4005,342.8548,0.0189,A
84,hotel2/memcached-reserve,270.81,7.78,79.27,0.0,0,1046,318.7058,2.2007,342.8548,0.434,A
84,hotel2/memcached-rate,205.31,7.5,79.27,0.0,0,1645,327.0082,1.6693,342.8548,0.347,A
84,hotel2/memcached-profile,314.07,8.04,79.27,0.0,0,1413,318.7058,2.5517,342.8548,0.513,A
84,hotel2/jaeger,0.36,14.6,81.01,0.0,0,0,318.7058,1.4005,1.4887,0.0,A
84,hotel1/mongodb-reservation,1580.45,249.27,400.43,0.0312,16,9397,1868.022,12.9507,342.8548,2.77,A
84,hotel2/frontend,9863.03,119.8,1119.14,0.0,0,567739,112860.3769,80.0637,342.8548,15.1,A
84,hotel2/geo,954.44,20.96,1119.06,0.0,0,2258,448.866,7.7527,342.8548,1.58,A
84,hotel1/user,59.05,16.23,1119.06,0.0,0,1086,318.7058,1.4005,342.8548,0.0905,A
84,hotel1/search,2568.02,24.19,1119.06,0.0,0,3097,615.6501,20.8424,342.8548,4.03,A
84,hotel1/reservation,4092.86,58.4,1119.06,0.0,0,189844,37738.9353,33.2286,342.8548,6.4,A
84,hotel1/recommendation,622.3,18.34,1119.06,0.0,0,1602,318.7058,5.0572,342.8548,1.04,A
84,hotel1/rate,1676.66,27.85,1119.14,0.0,0,3825,760.3687,13.6143,342.8548,2.82,A
84,hotel1/profile,3880.87,41.41,1119.06,0.0,0,24892,4948.2606,31.5002,342.8548,6.5,A
84,hotel2/consul,28.74,26.42,212.87,0.0,0,2512,499.3584,1.4005,342.8548,0.0453,A
85,hotel2/user,71.78,16.05,1119.06,0.0,0,1473,318.7058,1.4005,373.3063,0.095,A
85,hotel2/mongodb-reservation,3129.3,257.29,400.43,0.0078,4,167024,28541.9871,27.7432,373.3063,3.13,A
85,hotel2/reservation,4428.7,61.48,1119.06,0.0,0,300827,51406.9856,39.0818,373.3063,6.48,A
85,hotel2/recommendation,644.37,18.93,1119.06,0.0,0,1931,329.98,5.6923,373.3063,0.968,A
85,hotel2/rate,1827.26,27.73,1119.14,0.0,0,2617,447.2075,16.1264,373.3063,2.66,A
85,hotel2/profile,4257.58,46.91,1119.06,0.0,0,176877,30225.7224,37.5645,373.3063,6.05,A
85,hotel2/mongodb-user,11.48,160.98,400.43,0.0,0,366,318.7058,1.4005,373.3063,0.0183,A
85,hotel2/search,2615.19,27.11,1119.06,0.0,0,3676,628.1753,23.0727,373.3063,3.83,A
85,hotel2/mongodb-recommendation,11.88,160.64,400.43,0.0,0,238,318.7058,1.4005,373.3063,0.0183,A
85,hotel2/mongodb-rate,11.72,164.98,400.43,0.0,0,247,318.7058,1.4005,373.3063,0.0146,A
85,hotel2/mongodb-profile,11.59,162.55,400.43,0.0,0,160,318.7058,1.4005,373.3063,0.0183,A
85,hotel2/mongodb-geo,11.08,161.95,400.43,0.0,0,904,318.7058,1.4005,373.3063,0.0183,A
85,es-stress-d2/elasticsearch-dynamic-0,11.19,208359.29,1414.09,0.0039,1,395,318.7058,124.9201,373.3063,0.0183,A
85,es-stress-d3/elasticsearch-dynamic-0,11.3,208348.06,1414.09,0.0,0,3520,601.5171,124.9143,373.3063,0.0146,A
85,es-stress-d4/elasticsearch-dynamic-0,8.22,208356.11,1414.09,0.0,0,715,318.7058,124.892,373.3063,0.0219,A
85,hotel1/consul,26.52,26.39,212.87,0.0,0,1956,334.2521,1.4005,373.3063,0.0402,A
85,hotel1/frontend,9996.94,114.27,1119.14,0.0,0,617717,105558.9058,88.2051,373.3063,14.7,A
85,hotel1/geo,1092.67,20.3,1119.06,0.0,0,1967,336.1319,9.6455,373.3063,1.56,A
85,hotel1/jaeger,0.48,14.83,81.01,0.0,0,0,318.7058,1.4005,1.4887,0.0,A
85,hotel1/memcached-profile,346.71,7.98,79.27,0.0,0,1432,318.7058,3.0615,373.3063,0.486,A
85,hotel1/memcached-rate,238.77,7.52,79.27,0.0,0,1242,318.7058,2.1096,373.3063,0.354,A
85,hotel1/memcached-reserve,278.78,7.08,79.27,0.0,0,1333,318.7058,2.4621,373.3063,0.427,A
85,hotel1/mongodb-geo,13.61,161.36,400.43,0.0312,1,147,318.7058,1.4005,373.3063,0.0219,A
85,hotel1/mongodb-profile,13.03,162.19,400.43,0.0312,1,317,318.7058,1.4005,373.3063,0.0183,A
85,hotel1/mongodb-rate,11.52,163.38,400.43,0.0,0,467,318.7058,1.4005,373.3063,0.0183,A
85,hotel1/mongodb-recommendation,11.81,160.98,400.43,0.0,0,241,318.7058,1.4005,373.3063,0.0183,A
85,es-stress-d/elasticsearch-dynamic-0,10.55,208351.95,1414.09,0.0273,7,521,318.7058,124.91,373.3063,0.0183,A
85,hotel1/mongodb-user,11.58,161.98,400.43,0.0,0,572,318.7058,1.4005,373.3063,0.0183,A
85,hotel2/memcached-reserve,271.46,7.32,79.27,0.0,0,1121,318.7058,2.3977,373.3063,0.431,A
85,hotel2/memcached-rate,221.44,7.49,79.27,0.0,0,1714,318.7058,1.9568,373.3063,0.332,A
85,hotel2/memcached-profile,335.06,8.02,79.27,0.0,0,1830,318.7058,2.9588,373.3063,0.478,A
85,hotel2/jaeger,0.33,14.6,81.01,0.0,0,0,318.7058,1.4005,1.4887,0.0,A
85,hotel1/mongodb-reservation,1697.84,249.61,400.43,0.0781,13,15278,2610.7893,15.1183,373.3063,2.25,A
85,hotel2/frontend,9823.67,118.49,1119.14,0.0,0,529906,90553.2752,86.68,373.3063,14.6,A
85,hotel2/geo,1030.25,20.45,1119.06,0.0,0,1846,318.7058,9.0953,373.3063,1.46,A
85,hotel1/user,66.61,15.96,1119.06,0.0,0,1353,318.7058,1.4005,373.3063,0.095,A
85,hotel1/search,2863.34,29.78,1119.06,0.0,0,3515,600.6627,25.2621,373.3063,4.11,A
85,hotel1/reservation,4404.52,60.86,1119.06,0.0,0,275193,47026.5056,38.8683,373.3063,6.53,A
85,hotel1/recommendation,709.17,18.95,1119.06,0.0,0,2134,364.6698,6.2636,373.3063,0.993,A
85,hotel1/rate,1973.11,29.83,1119.14,0.0,0,2621,447.891,17.4135,373.3063,2.8,A
85,hotel1/profile,4285.07,45.97,1119.06,0.0,0,55790,9533.7045,37.8062,373.3063,6.45,A
85,hotel2/consul,31.77,26.42,212.87,0.0,0,1495,318.7058,1.4005,373.3063,0.0438,A
86,hotel2/user,69.17,16.42,1119.06,0.0,0,1112,318.7058,1.4005,371.8987,0.117,A
86,hotel2/mongodb-reservation,2546.95,257.5,400.43,0.2461,50,34707,6257.3719,23.5756,371.8987,3.5,A
86,hotel2/reservation,4371.83,61.23,1119.06,0.0,0,317235,57194.7265,40.2306,371.8987,7.39,A
86,hotel2/recommendation,620.82,20.39,1119.06,0.0,0,2014,363.1068,5.7202,371.8987,1.03,A
86,hotel2/rate,1872.95,29.85,1119.14,0.0,0,3037,547.5448,17.2376,371.8987,3.18,A
86,hotel2/profile,4216.92,42.79,1119.06,0.0,0,156698,28251.294,38.7949,371.8987,7.01,A
86,hotel2/mongodb-user,13.53,160.98,400.43,0.082,18,169,318.7058,1.4005,371.8987,0.0234,A
86,hotel2/search,2649.1,26.21,1119.06,0.0,0,4263,768.582,24.3708,371.8987,4.63,A
86,hotel2/mongodb-recommendation,13.36,160.65,400.43,0.1016,16,222,318.7058,1.4005,371.8987,0.0234,A
86,hotel2/mongodb-rate,13.16,164.98,400.43,0.0781,14,239,318.7058,1.4005,371.8987,0.0292,A
86,hotel2/mongodb-profile,13.4,162.55,400.43,0.1016,18,200,318.7058,1.4005,371.8987,0.0292,A
86,hotel2/mongodb-geo,13.47,161.95,400.43,0.082,18,157,318.7058,1.4005,371.8987,0.0292,A
86,es-stress-d2/elasticsearch-dynamic-0,7.98,208359.29,1414.09,0.0,0,407,318.7058,129.6378,371.8987,0.0117,A
86,es-stress-d3/elasticsearch-dynamic-0,9.82,208348.06,1414.09,0.0039,1,547,318.7058,129.6477,371.8987,0.0058,A
86,es-stress-d4/elasticsearch-dynamic-0,12.22,208356.11,1414.09,0.0273,10,689,318.7058,129.6748,371.8987,0.0117,A
86,hotel1/consul,27.78,26.91,212.87,0.0,0,1677,318.7058,1.4005,371.8987,0.0409,A
86,hotel1/frontend,9994.64,119.9,1119.14,0.0,0,601908,108518.806,91.9605,371.8987,16.6,A
86,hotel1/geo,1040.57,19.82,1119.06,0.0,0,1801,324.7047,9.5788,371.8987,1.72,A
86,hotel1/jaeger,0.39,14.83,81.01,0.0,0,0,318.7058,1.4005,1.4887,0.0,A
86,hotel1/memcached-profile,343.81,7.72,79.27,0.0,0,1548,318.7058,3.1656,371.8987,0.561,A
86,hotel1/memcached-rate,228.58,7.55,79.27,0.0,0,1531,318.7058,2.1061,371.8987,0.38,A
86,hotel1/memcached-reserve,289.67,7.16,79.27,0.0,0,848,318.7058,2.6675,371.8987,0.467,A
86,hotel1/mongodb-geo,12.76,161.37,400.43,0.0469,8,192,318.7058,1.4005,371.8987,0.0175,A
86,hotel1/mongodb-profile,12.32,162.19,400.43,0.043,7,213,318.7058,1.4005,371.8987,0.0234,A
86,hotel1/mongodb-rate,12.98,163.38,400.43,0.0781,8,185,318.7058,1.4005,371.8987,0.0234,A
86,hotel1/mongodb-recommendation,13.86,160.99,400.43,0.0781,9,169,318.7058,1.4005,371.8987,0.0292,A
86,es-stress-d/elasticsearch-dynamic-0,7.85,208351.95,1414.09,0.0,0,780,318.7058,129.632,371.8987,0.0175,A
86,hotel1/mongodb-user,13.47,161.99,400.43,0.0781,9,258,318.7058,1.4005,371.8987,0.0292,A
86,hotel2/memcached-reserve,272.94,7.34,79.27,0.0,0,946,318.7058,2.5138,371.8987,0.467,A
86,hotel2/memcached-rate,221.44,7.51,79.27,0.0,0,1807,325.7865,2.0405,371.8987,0.362,A
86,hotel2/memcached-profile,334.37,8.01,79.27,0.0,0,1346,318.7058,3.079,371.8987,0.555,A
86,hotel2/jaeger,0.35,14.6,81.01,0.0,0,0,318.7058,1.4005,1.4887,0.0,A
86,hotel1/mongodb-reservation,2373.86,249.55,400.43,0.0898,24,174140,31395.9357,21.9793,371.8987,3.12,A
86,hotel2/frontend,9816.29,110.53,1119.14,0.0,0,569216,102624.7212,90.315,371.8987,16.4,A
86,hotel2/geo,1029.81,20.81,1119.06,0.0,0,1992,359.1404,9.4805,371.8987,1.73,A
86,hotel1/user,64.59,16.46,1119.06,0.0,0,1170,318.7058,1.4005,371.8987,0.105,A
86,hotel1/search,2832.71,28.4,1119.06,0.0,0,3779,681.321,26.0602,371.8987,4.5,A
86,hotel1/reservation,4225.12,58.74,1119.06,0.0,0,189651,34192.4349,38.8802,371.8987,7.11,A
86,hotel1/recommendation,698.36,19.11,1119.06,0.0,0,1934,348.6835,6.4323,371.8987,1.08,A
86,hotel1/rate,1925.3,28.68,1119.14,0.0,0,2756,496.883,17.7181,371.8987,3.18,A
86,hotel1/profile,4300.26,43.8,1119.06,0.0,0,57447,10357.1972,39.5618,371.8987,6.98,A
86,hotel2/consul,29.3,26.54,212.87,0.0,0,1249,318.7058,1.4005,371.8987,0.0467,A
87,hotel2/user,54.84,16.46,1119.06,0.0,0,995,318.7058,1.4005,367.2904,0.0926,A
87,hotel2/mongodb-reservation,1616.13,257.45,400.43,0.0039,2,2708,460.6448,14.4608,367.2904,3.36,A
87,hotel2/reservation,4475.93,60.07,1119.06,0.0,0,351465,59786.0194,39.6647,367.2904,6.52,A
87,hotel2/recommendation,677.61,20.19,1119.06,0.0,0,1836,318.7058,6.0114,367.2904,0.983,A
87,hotel2/rate,1888.18,28.34,1119.14,0.0,0,2806,477.3152,16.7344,367.2904,2.65,A
87,hotel2/profile,4209.05,43.16,1119.06,0.0,0,156634,26644.2558,37.2918,367.2904,5.73,A
87,hotel2/mongodb-user,11.72,160.98,400.43,0.0,0,340,318.7058,1.4005,367.2904,0.0142,A
87,hotel2/search,2671.9,30.01,1119.06,0.0,0,3658,622.2448,23.6743,367.2904,3.97,A
87,hotel2/mongodb-recommendation,12.22,160.65,400.43,0.0,0,304,318.7058,1.4005,367.2904,0.0178,A
87,hotel2/mongodb-rate,11.79,164.98,400.43,0.0,0,532,318.7058,1.4005,367.2904,0.0178,A
87,hotel2/mongodb-profile,12.0,162.55,400.43,0.0,0,140,318.7058,1.4005,367.2904,0.0178,A
87,hotel2/mongodb-geo,11.67,161.95,400.43,0.0,0,143,318.7058,1.4005,367.2904,0.0178,A
87,es-stress-d2/elasticsearch-dynamic-0,15.76,208360.04,1414.09,0.0039,1,660,318.7058,122.9922,367.2904,0.0249,A
87,es-stress-d3/elasticsearch-dynamic-0,13.1,208348.61,1414.09,0.0,0,325,318.7058,122.9619,367.2904,0.0178,A
87,es-stress-d4/elasticsearch-dynamic-0,8.46,208356.11,1414.09,0.0,0,732,318.7058,122.9252,367.2904,0.0214,A
87,hotel1/consul,24.77,26.91,212.87,0.0,0,1487,318.7058,1.4005,367.2904,0.0392,A
87,hotel1/frontend,9953.45,118.28,1119.14,0.0,0,617483,105037.0608,88.1962,367.2904,14.6,A
87,hotel1/geo,983.96,21.31,1119.06,0.0,0,2085,354.6693,8.7244,367.2904,1.48,A
87,hotel1/jaeger,1.69,14.83,81.01,0.0,0,67,318.7058,1.4005,1.4887,0.0036,A
87,hotel1/memcached-profile,336.9,7.76,79.27,0.0,0,1535,318.7058,2.9874,367.2904,0.463,A
87,hotel1/memcached-rate,222.25,7.52,79.27,0.0,0,1302,318.7058,1.9722,367.2904,0.331,A
87,hotel1/memcached-reserve,273.79,7.15,79.27,0.0,0,1121,318.7058,2.4283,367.2904,0.403,A
87,hotel1/mongodb-geo,13.34,161.37,400.43,0.0312,1,148,318.7058,1.4005,367.2904,0.0178,A
87,hotel1/mongodb-profile,12.69,162.19,400.43,0.0312,1,221,318.7058,1.4005,367.2904,0.0178,A
87,hotel1/mongodb-rate,11.51,163.38,400.43,0.0,0,294,318.7058,1.4005,367.2904,0.0178,A
87,hotel1/mongodb-recommendation,11.74,160.99,400.43,0.0,0,142,318.7058,1.4005,367.2904,0.0142,A
87,es-stress-d/elasticsearch-dynamic-0,12.6,208352.45,1414.09,0.0039,1,756,318.7058,122.9597,367.2904,0.0178,A
87,hotel1/mongodb-user,11.79,161.99,400.43,0.0,0,129,318.7058,1.4005,367.2904,0.0142,A
87,hotel2/memcached-reserve,283.5,7.31,79.27,0.0,0,980,318.7058,2.5144,367.2904,0.406,A
87,hotel2/memcached-rate,223.12,7.52,79.27,0.0,0,1488,318.7058,1.9799,367.2904,0.321,A
87,hotel2/memcached-profile,337.74,8.58,79.27,0.0,0,2055,349.5662,2.9954,367.2904,0.492,A
87,hotel2/jaeger,0.37,14.6,81.01,0.0,0,0,318.7058,1.4005,1.4887,0.0,A
87,hotel1/mongodb-reservation,3005.36,249.54,400.43,0.082,14,341519,58094.1532,26.7562,367.2904,2.96,A
87,hotel2/frontend,9775.61,113.72,1119.14,0.0,0,536881,91326.2426,86.6189,367.2904,14.4,A
87,hotel2/geo,1059.9,22.38,1119.06,0.0,0,2252,383.0769,9.3974,367.2904,1.5,A
87,hotel1/user,67.65,16.27,1119.06,0.0,0,881,318.7058,1.4005,367.2904,0.0926,A
87,hotel1/search,2685.72,28.65,1119.06,0.0,0,3082,524.2642,23.7959,367.2904,3.89,A
87,hotel1/reservation,4076.07,59.02,1119.06,0.0,0,215046,36580.4399,36.1238,367.2904,5.89,A
87,hotel1/recommendation,651.5,20.23,1119.06,0.0,0,2139,363.855,5.7802,367.2904,0.955,A
87,hotel1/rate,1758.39,29.28,1119.14,0.0,0,2642,449.4179,15.5858,367.2904,2.41,A
87,hotel1/profile,4181.41,41.54,1119.06,0.0,0,49284,8383.464,37.0461,367.2904,5.84,A
87,hotel2/consul,28.52,26.54,212.87,0.0,0,1839,318.7058,1.4005,367.2904,0.0427,A
88,hotel2/user,65.17,16.48,1119.06,0.0,0,994,318.7058,1.4005,355.8553,0.0836,A
88,hotel2/mongodb-reservation,2180.94,257.44,400.43,0.0547,4,24199,4426.834,18.7993,355.8553,4.4,A
88,hotel2/reservation,4434.63,66.2,1119.06,0.0,0,158630,29018.9134,37.9669,355.8553,6.33,A
88,hotel2/recommendation,650.62,19.22,1119.06,0.0,0,1885,344.8317,5.5756,355.8553,0.844,A
88,hotel2/rate,1791.1,28.46,1119.14,0.0,0,2833,518.2537,15.3354,355.8553,2.64,A
88,hotel2/profile,4276.87,43.59,1119.06,0.0,0,108778,19899.2584,36.6048,355.8553,5.93,A
88,hotel2/mongodb-user,12.43,160.98,400.43,0.0312,2,179,318.7058,1.4005,355.8553,0.0182,A
88,hotel2/search,2693.38,26.86,1119.06,0.0,0,3097,566.5484,23.0517,355.8553,3.76,A
88,hotel2/mongodb-recommendation,12.67,160.65,400.43,0.0312,2,180,318.7058,1.4005,355.8553,0.0182,A
88,hotel2/mongodb-rate,11.9,164.98,400.43,0.0547,4,381,318.7058,1.4005,355.8553,0.0182,A
88,hotel2/mongodb-profile,12.66,162.55,400.43,0.0312,2,156,318.7058,1.4005,355.8553,0.0182,A
88,hotel2/mongodb-geo,12.63,161.95,400.43,0.0312,2,167,318.7058,1.4005,355.8553,0.0182,A
88,es-stress-d2/elasticsearch-dynamic-0,8.52,208360.01,1414.09,0.0234,4,389,318.7058,117.9567,355.8553,0.0109,A
88,es-stress-d3/elasticsearch-dynamic-0,7.58,208348.54,1414.09,0.0273,9,521,318.7058,117.9422,355.8553,0.0145,A
88,es-stress-d4/elasticsearch-dynamic-0,15.42,208356.65,1414.09,0.0039,1,750,318.7058,118.0138,355.8553,0.0291,A
88,hotel1/consul,28.36,26.91,212.87,0.0,0,1816,332.2092,1.4005,355.8553,0.0364,A
88,hotel1/frontend,9960.9,109.48,1119.14,0.0,0,609686,111532.6559,85.2576,355.8553,14.9,A
88,hotel1/geo,961.38,21.38,1119.06,0.0,0,1872,342.4535,8.2348,355.8553,1.47,A
88,hotel1/jaeger,0.42,14.83,81.01,0.0,0,0,318.7058,1.4005,1.4887,0.0,A
88,hotel1/memcached-profile,323.73,7.76,79.27,0.0,0,1539,318.7058,2.7733,355.8553,0.444,A
88,hotel1/memcached-rate,209.32,7.54,79.27,0.0,0,1419,318.7058,1.7946,355.8553,0.331,A
88,hotel1/memcached-reserve,255.52,7.11,79.27,0.0,0,908,318.7058,2.1895,355.8553,0.404,A
88,hotel1/mongodb-geo,11.56,161.37,400.43,0.0,0,158,318.7058,1.4005,355.8553,0.0182,A
88,hotel1/mongodb-profile,11.64,162.19,400.43,0.0,0,294,318.7058,1.4005,355.8553,0.0182,A
88,hotel1/mongodb-rate,12.81,163.38,400.43,0.0312,1,126,318.7058,1.4005,355.8553,0.0182,A
88,hotel1/mongodb-recommendation,12.96,160.99,400.43,0.0312,1,204,318.7058,1.4005,355.8553,0.0218,A
88,es-stress-d/elasticsearch-dynamic-0,8.24,208352.39,1414.09,0.0,0,434,318.7058,117.95,355.8553,0.0109,A
88,hotel1/mongodb-user,12.48,161.99,400.43,0.0312,1,173,318.7058,1.4005,355.8553,0.0145,A
88,hotel2/memcached-reserve,292.35,7.31,79.27,0.0,0,1101,318.7058,2.5046,355.8553,0.385,A
88,hotel2/memcached-rate,219.48,7.54,79.27,0.0,0,1560,318.7058,1.8815,355.8553,0.298,A
88,hotel2/memcached-profile,339.45,7.78,79.27,0.0,0,1382,318.7058,2.9077,355.8553,0.458,A
88,hotel2/jaeger,0.32,14.6,81.01,0.0,0,0,318.7058,1.4005,1.4887,0.0,A
88,hotel1/mongodb-reservation,2723.31,249.19,400.43,0.0156,8,146886,26870.5296,23.4335,355.8553,2.36,A
88,hotel2/frontend,9907.99,117.66,1119.14,0.0,0,540143,98810.836,84.8097,355.8553,14.5,A
88,hotel2/geo,1038.62,20.57,1119.06,0.0,0,2225,407.0295,8.895,355.8553,1.4,A
88,hotel1/user,64.37,16.32,1119.06,0.0,0,1356,318.7058,1.4005,355.8553,0.0873,A
88,hotel1/search,2513.77,30.15,1119.06,0.0,0,3357,614.1114,21.5174,355.8553,3.94,A
88,hotel1/reservation,3877.81,59.95,1119.06,0.0,0,209805,38380.5908,33.2009,355.8553,6.0,A
88,hotel1/recommendation,620.13,20.37,1119.06,0.0,0,1658,318.7058,5.3155,355.8553,0.945,A
88,hotel1/rate,1682.53,30.49,1119.14,0.0,0,2494,456.2389,14.4079,355.8553,2.51,A
88,hotel1/profile,4018.08,44.08,1119.06,0.0,0,76150,13930.4687,34.3916,355.8553,5.75,A
88,hotel2/consul,28.98,26.54,212.87,0.0,0,1322,318.7058,1.4005,355.8553,0.0473,A
89,hotel2/user,60.6,16.14,1119.06,0.0,0,811,318.7058,1.4005,358.2819,0.129,A
89,hotel2/search,2576.17,29.23,1119.06,0.0,0,3412,636.136,21.7572,358.2819,4.67,A
89,hotel2/mongodb-recommendation,11.15,160.65,400.43,0.0,0,147,318.7058,1.4005,358.2819,0.0215,A
89,hotel2/recommendation,642.68,18.1,1119.06,0.0,0,2120,395.2545,5.4338,358.2819,1.15,A
89,hotel2/rate,1825.28,27.36,1119.14,0.0,0,2811,524.0851,15.4192,358.2819,3.23,A
89,hotel2/profile,4301.34,44.24,1119.06,0.0,0,177628,33117.1048,36.3246,358.2819,7.74,A
89,hotel2/mongodb-user,10.83,160.98,400.43,0.0,0,303,318.7058,1.4005,358.2819,0.0215,A
89,hotel2/mongodb-reservation,2239.33,257.33,400.43,0.0078,4,54017,10070.9722,19.0425,358.2819,5.35,A
89,hotel2/reservation,4612.97,84.69,1119.06,0.0,0,318875,59451.3071,38.9772,358.2819,7.99,A
89,hotel2/mongodb-rate,10.99,164.98,400.43,0.0,0,366,318.7058,1.4005,358.2819,0.0215,A
89,hotel2/mongodb-profile,11.21,162.55,400.43,0.0,0,297,318.7058,1.4005,358.2819,0.0129,A
89,hotel2/memcached-reserve,280.82,8.15,79.27,0.0,0,813,318.7058,2.3745,358.2819,0.487,A
89,es-stress-d/elasticsearch-dynamic-0,15.58,208352.73,1414.09,0.0039,1,391,318.7058,117.0041,358.2819,0.0215,A
89,es-stress-d2/elasticsearch-dynamic-0,15.55,208360.04,1414.09,0.0156,5,500,318.7058,117.0079,358.2819,0.0258,A
89,es-stress-d3/elasticsearch-dynamic-0,12.99,208348.59,1414.09,0.0,0,839,318.7058,116.9799,358.2819,0.0258,A
89,es-stress-d4/elasticsearch-dynamic-0,11.07,208357.14,1414.09,0.0,0,552,318.7058,116.9685,358.2819,0.0215,A
89,hotel1/consul,27.75,26.91,212.87,0.0,0,1649,318.7058,1.4005,358.2819,0.0474,A
89,hotel1/frontend,10007.26,107.55,1119.14,0.0,0,668069,124555.3126,84.5134,358.2819,17.6,A
89,hotel1/geo,980.32,20.16,1119.06,0.0,0,1982,369.5256,8.2844,358.2819,1.88,A
89,hotel1/jaeger,0.31,14.83,81.01,0.0,0,0,318.7058,1.4005,1.4887,0.0,A
89,hotel1/memcached-profile,326.43,7.74,79.27,0.0,0,1426,318.7058,2.7591,358.2819,0.586,A
89,hotel1/memcached-rate,221.32,7.54,79.27,0.0,0,1303,318.7058,1.872,358.2819,0.401,A
89,hotel1/memcached-reserve,268.41,7.12,79.27,0.0,0,1263,318.7058,2.2692,358.2819,0.483,A
89,hotel1/mongodb-geo,11.93,161.36,400.43,0.0312,1,157,318.7058,1.4005,358.2819,0.0258,A
89,hotel1/mongodb-profile,11.82,162.19,400.43,0.0312,1,163,318.7058,1.4005,358.2819,0.0215,A
89,hotel1/mongodb-rate,10.87,163.38,400.43,0.0,0,178,318.7058,1.4005,358.2819,0.0215,A
89,hotel2/mongodb-geo,10.71,161.95,400.43,0.0,0,214,318.7058,1.4005,358.2819,0.0172,A
89,hotel1/mongodb-reservation,2456.42,249.05,400.43,0.0703,9,55160,10284.074,20.8699,358.2819,3.01,A
89,hotel2/memcached-rate,214.34,7.75,79.27,0.0,0,1530,318.7058,1.8132,358.2819,0.405,A
89,hotel2/memcached-profile,334.72,7.79,79.27,0.0,0,1824,340.068,2.8291,358.2819,0.607,A
89,hotel2/jaeger,0.42,14.6,81.01,0.0,0,0,318.7058,1.4005,1.4887,0.0,A
89,hotel2/geo,996.53,20.23,1119.06,0.0,0,1847,344.3561,8.4212,358.2819,1.86,A
89,hotel1/mongodb-recommendation,10.7,160.99,400.43,0.0,0,268,318.7058,1.4005,358.2819,0.0172,A
89,hotel2/consul,29.04,26.54,212.87,0.0,0,1543,318.7058,1.4005,358.2819,0.0517,A
89,hotel2/frontend,9714.32,117.38,1119.14,0.0,0,516782,96349.2447,82.0467,358.2819,17.2,A
89,hotel1/search,2640.07,25.29,1119.06,0.0,0,3273,610.2207,22.2942,358.2819,4.82,A
89,hotel1/reservation,4174.4,54.31,1119.06,0.0,0,193565,36088.4117,35.259,358.2819,7.72,A
89,hotel1/recommendation,623.3,19.98,1119.06,0.0,0,2252,419.8647,5.2713,358.2819,1.23,A
89,hotel1/rate,1823.53,28.88,1119.14,0.0,0,2458,458.2715,15.4053,358.2819,3.28,A
89,hotel1/profile,3976.38,41.43,1119.06,0.0,0,34717,6472.6649,33.5806,358.2819,7.35,A
89,hotel1/mongodb-user,11.27,161.99,400.43,0.0,0,176,318.7058,1.4005,358.2819,0.0215,A
89,hotel1/user,69.23,16.41,1119.06,0.0,0,1193,318.7058,1.4005,358.2819,0.112,A
90,hotel2/user,57.07,16.15,1119.06,0.0,0,852,318.7058,1.4005,352.7737,0.101,A
90,hotel2/mongodb-reservation,1798.26,257.39,400.43,0.0625,6,8151,1585.35,16.1637,352.7737,3.57,A
90,hotel2/reservation,4225.84,63.53,1119.06,0.0,0,290195,56442.2337,37.6735,352.7737,6.69,A
90,hotel2/recommendation,629.01,18.84,1119.06,0.0,0,1976,384.3273,5.613,352.7737,0.947,A
90,hotel2/rate,1814.98,28.95,1119.14,0.0,0,2638,513.0847,16.1816,352.7737,2.82,A
90,hotel2/profile,4341.86,47.86,1119.06,0.0,0,163657,31830.8952,38.6979,352.7737,6.31,A
90,hotel2/mongodb-user,12.52,160.98,400.43,0.0312,2,145,318.7058,1.4005,352.7737,0.0187,A
90,hotel2/search,2567.9,26.94,1119.06,0.0,0,3006,584.6598,22.8862,352.7737,4.04,A
90,hotel2/mongodb-recommendation,12.71,160.65,400.43,0.0312,2,208,318.7058,1.4005,352.7737,0.0225,A
90,hotel2/mongodb-rate,12.29,164.98,400.43,0.0312,2,162,318.7058,1.4005,352.7737,0.0187,A
90,hotel2/mongodb-profile,12.36,162.55,400.43,0.0312,2,183,318.7058,1.4005,352.7737,0.0225,A
90,hotel2/mongodb-geo,12.59,162.14,400.43,0.0352,4,175,318.7058,1.4005,352.7737,0.0187,A
90,es-stress-d2/elasticsearch-dynamic-0,8.45,208360.04,1414.09,0.0039,2,388,318.7058,119.6263,352.7737,0.0112,A
90,es-stress-d3/elasticsearch-dynamic-0,7.89,208348.59,1414.09,0.0039,1,401,318.7058,119.6147,352.7737,0.0075,A
90,es-stress-d4/elasticsearch-dynamic-0,10.53,208356.7,1414.09,0.0078,3,601,318.7058,119.6429,352.7737,0.0112,A
90,hotel1/consul,25.43,26.91,212.87,0.0,0,2054,399.4981,1.4005,352.7737,0.0412,A
90,hotel1/frontend,9941.98,115.75,1119.14,0.0,0,618261,120250.2864,88.6138,352.7737,15.3,A
90,hotel1/geo,944.5,22.67,1119.06,0.0,0,1560,318.7058,8.4251,352.7737,1.59,A
90,hotel1/jaeger,0.39,14.83,81.01,0.0,0,0,318.7058,1.4005,1.4887,0.0,A
90,hotel1/memcached-profile,327.22,8.23,79.27,0.0,0,1609,318.7058,2.9191,352.7737,0.52,A
90,hotel1/memcached-rate,209.56,7.52,79.27,0.0,0,1357,318.7058,1.8707,352.7737,0.356,A
90,hotel1/memcached-reserve,262.01,7.18,79.27,0.0,0,1016,318.7058,2.3377,352.7737,0.438,A
90,hotel1/mongodb-geo,11.66,161.36,400.43,0.0,0,247,318.7058,1.4005,352.7737,0.0187,A
90,hotel1/mongodb-profile,11.84,162.19,400.43,0.0,0,269,318.7058,1.4005,352.7737,0.0187,A
90,hotel1/mongodb-rate,12.47,163.38,400.43,0.0312,1,600,318.7058,1.4005,352.7737,0.0112,A
90,hotel1/mongodb-recommendation,12.68,160.99,400.43,0.0312,1,173,318.7058,1.4005,352.7737,0.0225,A
90,es-stress-d/elasticsearch-dynamic-0,7.97,208352.7,1414.09,0.0039,2,578,318.7058,119.6178,352.7737,0.0075,A
90,hotel1/mongodb-user,12.86,161.99,400.43,0.0312,1,156,318.7058,1.4005,352.7737,0.0225,A
90,hotel2/memcached-reserve,278.63,7.27,79.27,0.0,0,928,318.7058,2.4858,352.7737,0.412,A
90,hotel2/memcached-rate,215.88,7.5,79.27,0.0,0,1565,318.7058,1.927,352.7737,0.333,A
90,hotel2/memcached-profile,325.46,7.73,79.27,0.0,0,1318,318.7058,2.9031,352.7737,0.509,A
90,hotel2/jaeger,0.42,14.6,81.01,0.0,0,0,318.7058,1.4005,1.4887,0.0,A
90,hotel1/mongodb-reservation,2049.07,248.8,400.43,0.0273,13,20840,4053.3302,18.3926,352.7737,3.68,A
90,hotel2/frontend,9702.29,108.15,1119.14,0.0,0,550891,107146.9825,86.4747,352.7737,15.0,A
90,hotel2/geo,955.87,22.3,1119.06,0.0,0,2166,421.2818,8.5262,352.7737,1.58,A
90,hotel1/user,54.56,16.52,1119.06,0.0,0,925,318.7058,1.4005,352.7737,0.0973,A
90,hotel1/search,2498.15,29.82,1119.06,0.0,0,3193,621.0309,22.2667,352.7737,4.29,A
90,hotel1/reservation,3928.74,57.49,1119.06,0.0,0,133651,25994.8,35.024,352.7737,6.36,A
90,hotel1/recommendation,626.23,19.47,1119.06,0.0,0,1596,318.7058,5.5886,352.7737,1.04,A
90,hotel1/rate,1707.94,32.15,1119.14,0.0,0,2571,500.0534,15.2301,352.7737,3.06,A
90,hotel1/profile,4201.97,45.04,1119.06,0.0,0,57469,11177.5831,37.4503,352.7737,6.52,A
90,hotel2/consul,29.2,26.54,212.87,0.0,0,1410,318.7058,1.4005,352.7737,0.0449,A
91,hotel2/user,59.37,15.61,1119.06,0.0,0,989,318.7058,1.4005,356.7496,0.0836,A
91,hotel2/mongodb-reservation,1730.16,257.29,400.43,0.0078,4,669,318.7058,14.0814,356.7496,2.31,A
91,hotel2/reservation,4382.58,59.11,1119.06,0.0,0,312217,59699.7482,35.3564,356.7496,6.61,A
91,hotel2/recommendation,628.86,19.94,1119.06,0.0,0,2206,421.8145,5.0794,356.7496,0.982,A
91,hotel2/rate,1846.48,30.47,1119.14,0.0,0,3065,586.0659,14.8994,356.7496,2.78,A
91,hotel2/profile,4233.18,45.89,1119.06,0.0,0,195135,37312.2231,34.1452,356.7496,6.02,A
91,hotel2/mongodb-user,12.15,160.98,400.43,0.0,0,761,318.7058,1.4005,356.7496,0.0182,A
91,hotel2/search,2648.63,30.86,1119.06,0.0,0,4189,800.9886,21.3652,356.7496,3.93,A
91,hotel2/mongodb-recommendation,11.36,160.65,400.43,0.0,0,1457,318.7058,1.4005,356.7496,0.0182,A
91,hotel2/mongodb-rate,11.22,164.98,400.43,0.0,0,256,318.7058,1.4005,356.7496,0.0182,A
91,hotel2/mongodb-profile,11.38,162.55,400.43,0.0,0,169,318.7058,1.4005,356.7496,0.0182,A
91,hotel2/mongodb-geo,12.65,161.95,400.43,0.0,0,356,318.7058,1.4005,356.7496,0.0145,A
91,es-stress-d2/elasticsearch-dynamic-0,10.92,208360.11,1414.09,0.0078,2,723,318.7058,109.9547,356.7496,0.0291,A
91,es-stress-d3/elasticsearch-dynamic-0,11.15,208348.59,1414.09,0.0,0,462,318.7058,109.9505,356.7496,0.0218,A
91,es-stress-d4/elasticsearch-dynamic-0,9.79,208356.7,1414.09,0.0,0,886,318.7058,109.9438,356.7496,0.0254,A
91,hotel1/consul,27.55,27.16,212.87,0.0,0,1837,351.2571,1.4005,356.7496,0.0364,A
91,hotel1/frontend,9909.02,124.78,1119.14,0.0,0,707003,135187.7093,79.9362,356.7496,14.7,A
91,hotel1/geo,944.32,21.13,1119.06,0.0,0,2316,442.8478,7.6227,356.7496,1.52,A
91,hotel1/jaeger,0.41,14.83,81.01,0.0,0,0,318.7058,1.4005,1.4887,0.0036,A
91,hotel1/memcached-profile,322.49,9.27,79.27,0.0,0,1426,318.7058,2.6043,356.7496,0.513,A
91,hotel1/memcached-rate,215.78,7.53,79.27,0.0,0,1368,318.7058,1.7432,356.7496,0.342,A
91,hotel1/memcached-reserve,263.9,7.16,79.27,0.0,0,1089,318.7058,2.1309,356.7496,0.429,A
91,hotel1/mongodb-geo,12.18,161.62,400.43,0.0312,1,2718,519.7152,1.4005,356.7496,0.0218,A
91,hotel1/mongodb-profile,13.28,162.19,400.43,0.0312,1,186,318.7058,1.4005,356.7496,0.0182,A
91,hotel1/mongodb-rate,11.31,163.38,400.43,0.0,0,388,318.7058,1.4005,356.7496,0.0182,A
91,hotel1/mongodb-recommendation,12.0,160.99,400.43,0.0,0,466,318.7058,1.4005,356.7496,0.0182,A
91,es-stress-d/elasticsearch-dynamic-0,11.16,208352.7,1414.09,0.0312,7,734,318.7058,109.9527,356.7496,0.0182,A
91,hotel1/mongodb-user,12.29,161.99,400.43,0.0,0,188,318.7058,1.4005,356.7496,0.0218,A
91,hotel2/memcached-reserve,281.78,7.53,79.27,0.0,0,1210,318.7058,2.2752,356.7496,0.414,A
91,hotel2/memcached-rate,222.87,8.0,79.27,0.0,0,1872,357.9495,1.8006,356.7496,0.327,A
91,hotel2/memcached-profile,330.53,8.11,79.27,0.0,0,1765,337.4898,2.6685,356.7496,0.494,A
91,hotel2/jaeger,1.45,14.6,81.01,0.0,0,16,318.7058,1.4005,1.4887,0.0036,A
91,hotel1/mongodb-reservation,2801.44,248.9,400.43,0.0781,11,82346,15745.5727,22.7119,356.7496,4.16,A
91,hotel2/frontend,9658.99,118.6,1119.14,0.0,0,602984,115297.9913,77.9176,356.7496,14.5,A
91,hotel2/geo,1035.19,21.62,1119.06,0.0,0,1967,376.1147,8.3554,356.7496,1.59,A
91,hotel1/user,54.93,16.22,1119.06,0.0,0,834,318.7058,1.4005,356.7496,0.102,A
91,hotel1/search,2585.16,27.5,1119.06,0.0,0,3348,640.179,20.8519,356.7496,4.28,A
91,hotel1/reservation,4027.73,56.86,1119.06,0.0,0,179443,34311.7188,32.495,356.7496,6.35,A
91,hotel1/recommendation,617.26,19.31,1119.06,0.0,0,2209,422.3881,4.9855,356.7496,1.0,A
91,hotel1/rate,1762.77,30.11,1119.14,0.0,0,2699,516.0821,14.2245,356.7496,2.7,A
91,hotel1/profile,3927.93,51.65,1119.06,0.0,0,51253,9800.2069,31.6878,356.7496,6.45,A
91,hotel2/consul,29.66,27.05,212.87,0.0,0,1828,349.5362,1.4005,356.7496,0.0436,A
92,hotel2/user,53.58,15.6,1119.06,0.0,0,739,318.7058,1.4005,348.1725,0.103,A
92,hotel2/mongodb-reservation,1975.55,257.46,400.43,0.0742,12,54772,10185.9191,15.9065,348.1725,3.67,A
92,hotel2/reservation,4309.84,67.49,1119.06,0.0,0,250559,46596.3214,34.4449,348.1725,6.65,A
92,hotel2/recommendation,616.59,19.71,1119.06,0.0,0,1891,351.6682,4.9331,348.1725,0.956,A
92,hotel2/rate,1821.61,28.54,1119.14,0.0,0,2557,475.5239,14.5586,348.1725,2.7,A
92,hotel2/profile,4005.73,46.5,1119.06,0.0,0,219215,40767.2947,32.006,348.1725,6.38,A
92,hotel2/mongodb-user,13.15,160.98,400.43,0.0312,2,230,318.7058,1.4005,348.1725,0.0184,A
92,hotel2/search,2478.87,29.27,1119.06,0.0,0,2957,549.9117,19.8066,348.1725,3.91,A
92,hotel2/mongodb-recommendation,12.69,160.9,400.43,0.0312,2,121,318.7058,1.4005,348.1725,0.0184,A
92,hotel2/mongodb-rate,12.62,164.98,400.43,0.0312,2,404,318.7058,1.4005,348.1725,0.0184,A
92,hotel2/mongodb-profile,12.52,162.55,400.43,0.0586,4,746,318.7058,1.4005,348.1725,0.0184,A
92,hotel2/mongodb-geo,13.32,161.95,400.43,0.0312,2,169,318.7058,1.4005,348.1725,0.0184,A
92,es-stress-d2/elasticsearch-dynamic-0,8.9,208360.1,1414.09,0.0,0,682,318.7058,108.2106,348.1725,0.0074,A
92,es-stress-d3/elasticsearch-dynamic-0,8.07,208348.59,1414.09,0.0078,3,713,318.7058,108.198,348.1725,0.011,A
92,es-stress-d4/elasticsearch-dynamic-0,8.78,208356.7,1414.09,0.0273,9,543,318.7058,108.2079,348.1725,0.011,A
92,hotel1/consul,27.03,27.16,212.87,0.0,0,1877,349.0647,1.4005,348.1725,0.0405,A
92,hotel1/frontend,9982.3,111.9,1119.14,0.0,0,748336,139167.6402,79.757,348.1725,15.0,A
92,hotel1/geo,970.61,20.14,1119.06,0.0,0,1896,352.5981,7.7598,348.1725,1.42,A
92,hotel1/jaeger,0.39,14.83,81.01,0.0,0,0,318.7058,1.4005,1.4887,0.0,A
92,hotel1/memcached-profile,312.33,7.66,79.27,0.0,0,1724,320.6113,2.4976,348.1725,0.478,A
92,hotel1/memcached-rate,215.91,7.74,79.27,0.0,0,1710,318.7058,1.7278,348.1725,0.313,A
92,hotel1/memcached-reserve,264.75,9.11,79.27,0.0,0,1062,318.7058,2.1185,348.1725,0.379,A
92,hotel1/mongodb-geo,11.96,161.61,400.43,0.0,0,222,318.7058,1.4005,348.1725,0.0184,A
92,hotel1/mongodb-profile,12.09,162.19,400.43,0.0,0,192,318.7058,1.4005,348.1725,0.0184,A
92,hotel1/mongodb-rate,12.95,163.38,400.43,0.0312,1,274,318.7058,1.4005,348.1725,0.0147,A
92,hotel1/mongodb-recommendation,12.87,160.99,400.43,0.0312,1,173,318.7058,1.4005,348.1725,0.0221,A
92,es-stress-d/elasticsearch-dynamic-0,7.67,208352.7,1414.09,0.0,0,727,318.7058,108.197,348.1725,0.011,A
92,hotel1/mongodb-user,12.86,162.18,400.43,0.0352,1,248,318.7058,1.4005,348.1725,0.0221,A
92,hotel2/memcached-reserve,260.78,7.26,79.27,0.0,0,990,318.7058,2.0858,348.1725,0.441,A
92,hotel2/memcached-rate,216.91,7.5,79.27,0.0,0,1502,318.7058,1.7357,348.1725,0.324,A
92,hotel2/memcached-profile,321.61,8.29,79.27,0.0,0,1252,318.7058,2.572,348.1725,0.496,A
92,hotel2/jaeger,0.38,14.6,81.01,0.0,0,0,318.7058,1.4005,1.4887,0.0,A
92,hotel1/mongodb-reservation,2960.87,248.78,400.43,0.0352,17,67432,12540.2925,23.7688,348.1725,4.56,A
92,hotel2/frontend,9468.81,118.68,1119.14,0.0,0,583496,108512.4348,75.6608,348.1725,14.6,A
92,hotel2/geo,966.99,20.21,1119.06,0.0,0,2009,373.6126,7.731,348.1725,1.53,A
92,hotel1/user,62.36,16.22,1119.06,0.0,0,1381,318.7058,1.4005,348.1725,0.0956,A
92,hotel1/search,2522.8,31.37,1119.06,0.0,0,3412,634.5278,20.1584,348.1725,3.74,A
92,hotel1/reservation,3966.01,55.81,1119.06,0.0,0,151107,28101.2869,31.6937,348.1725,6.02,A
92,hotel1/recommendation,651.6,18.65,1119.06,0.0,0,1571,318.7058,5.2121,348.1725,0.934,A
92,hotel1/rate,1801.46,29.05,1119.14,0.0,0,2779,516.8091,14.398,348.1725,2.61,A
92,hotel1/profile,3940.9,39.96,1119.06,0.0,0,48935,9100.4154,31.485,348.1725,6.02,A
92,hotel2/consul,29.84,27.05,212.87,0.0,0,1458,318.7058,1.4005,348.1725,0.0405,A
93,hotel2/user,63.0,15.93,1119.06,0.0,0,862,318.7058,1.4005,355.1763,0.0822,A
93,hotel2/search,2525.08,27.49,1119.06,0.0,0,3109,612.9161,19.6506,355.1763,3.93,A
93,hotel2/mongodb-recommendation,11.8,160.65,400.43,0.0,0,146,318.7058,1.4005,355.1763,0.0187,A
93,hotel2/recommendation,618.94,19.54,1119.06,0.0,0,1826,359.9822,4.8233,355.1763,0.961,A
93,hotel2/rate,1737.17,28.31,1119.14,0.0,0,2585,509.6134,13.5237,355.1763,2.75,A
93,hotel2/profile,4204.84,48.69,1119.06,0.0,0,165585,32643.8449,32.7242,355.1763,6.64,A
93,hotel2/mongodb-user,11.45,160.98,400.43,0.0,0,283,318.7058,1.4005,355.1763,0.0187,A
93,hotel2/mongodb-reservation,2660.1,257.41,400.43,0.0078,4,158451,31237.4301,20.8184,355.1763,3.21,A
93,hotel2/reservation,4314.94,65.27,1119.06,0.0,0,209907,41381.5958,33.5889,355.1763,7.0,A
93,hotel2/mongodb-rate,11.72,164.98,400.43,0.0,0,237,318.7058,1.4005,355.1763,0.0187,A
93,hotel2/mongodb-profile,11.62,162.55,400.43,0.0,0,353,318.7058,1.4005,355.1763,0.0112,A
93,hotel2/memcached-reserve,261.8,7.49,79.27,0.0,0,925,318.7058,2.0397,355.1763,0.422,A
93,es-stress-d/elasticsearch-dynamic-0,11.69,208352.76,1414.09,0.0039,1,650,318.7058,106.9264,355.1763,0.0224,A
93,es-stress-d2/elasticsearch-dynamic-0,10.6,208360.1,1414.09,0.0039,1,626,318.7058,106.9216,355.1763,0.0299,A
93,es-stress-d3/elasticsearch-dynamic-0,10.87,208348.6,1414.09,0.0,0,462,318.7058,106.9178,355.1763,0.0262,A
93,es-stress-d4/elasticsearch-dynamic-0,9.22,208356.7,1414.09,0.0,0,818,318.7058,106.9092,355.1763,0.0224,A
93,hotel1/consul,27.6,27.16,212.87,0.0,0,1842,363.1365,1.4005,355.1763,0.0411,A
93,hotel1/frontend,10000.55,116.33,1119.14,0.0,0,746597,147186.0171,77.8296,355.1763,15.1,A
93,hotel1/geo,1010.54,19.42,1119.06,0.0,0,1953,385.0193,7.8685,355.1763,1.48,A
93,hotel1/jaeger,0.31,14.83,81.01,0.0,0,0,318.7058,1.4005,1.4887,0.0037,A
93,hotel1/memcached-profile,343.87,7.71,79.27,0.0,0,1354,318.7058,2.6781,355.1763,0.49,A
93,hotel1/memcached-rate,230.77,7.57,79.27,0.0,0,1103,318.7058,1.7985,355.1763,0.329,A
93,hotel1/memcached-reserve,269.4,8.2,79.27,0.0,0,1359,318.7058,2.0992,355.1763,0.407,A
93,hotel1/mongodb-geo,12.34,161.52,400.43,0.0352,1,149,318.7058,1.4005,355.1763,0.0187,A
93,hotel1/mongodb-profile,12.84,162.45,400.43,0.0352,1,243,318.7058,1.4005,355.1763,0.0187,A
93,hotel1/mongodb-rate,11.62,163.38,400.43,0.0,0,262,318.7058,1.4005,355.1763,0.015,A
93,hotel2/mongodb-geo,12.02,161.95,400.43,0.0,0,134,318.7058,1.4005,355.1763,0.015,A
93,hotel1/mongodb-reservation,1698.31,248.83,400.43,0.0781,10,28742,5666.2704,13.3346,355.1763,3.07,A
93,hotel2/memcached-rate,206.87,7.52,79.27,0.0,0,1634,322.1309,1.6126,355.1763,0.333,A
93,hotel2/memcached-profile,328.05,7.71,79.27,0.0,0,1737,342.4366,2.5551,355.1763,0.505,A
93,hotel2/jaeger,0.4,14.6,81.01,0.0,0,0,318.7058,1.4005,1.4887,0.0037,A
93,hotel2/geo,944.4,21.87,1119.06,0.0,0,1706,336.3251,7.3554,355.1763,1.46,A
93,hotel1/mongodb-recommendation,11.48,161.0,400.43,0.0,0,390,318.7058,1.4005,355.1763,0.015,A
93,hotel2/consul,31.31,27.05,212.87,0.0,0,2352,463.6792,1.4005,355.1763,0.0449,A
93,hotel2/frontend,9856.34,120.86,1119.14,0.0,0,653490,128830.6681,76.7105,355.1763,14.8,A
93,hotel1/search,2687.51,29.12,1119.06,0.0,0,3093,609.7618,20.9145,355.1763,3.96,A
93,hotel1/reservation,4208.79,60.08,1119.06,0.0,0,162217,31979.8688,32.7608,355.1763,6.38,A
93,hotel1/recommendation,653.2,18.89,1119.06,0.0,0,1871,368.8537,5.0893,355.1763,0.942,A
93,hotel1/rate,1870.51,31.55,1119.14,0.0,0,2373,467.8192,14.5623,355.1763,2.72,A
93,hotel1/profile,4166.47,40.32,1119.06,0.0,0,40940,8071.0149,32.4215,355.1763,5.93,A
93,hotel1/mongodb-user,12.19,161.99,400.43,0.0,0,303,318.7058,1.4005,355.1763,0.0187,A
93,hotel1/user,64.07,15.98,1119.06,0.0,0,789,318.7058,1.4005,355.1763,0.0935,A
94,hotel2/user,56.59,15.93,1119.06,0.0,0,1189,318.7058,1.4005,370.5409,0.0868,A
94,hotel2/mongodb-reservation,2409.85,257.32,400.43,0.1055,8,97489,17519.5451,23.7829,370.5409,2.53,A
94,hotel2/reservation,4478.95,64.78,1119.06,0.0,0,289768,52073.6035,43.9271,370.5409,6.24,A
94,hotel2/recommendation,667.66,18.29,1119.06,0.0,0,1838,330.3032,6.5538,370.5409,0.975,A
94,hotel2/rate,2003.72,29.07,1119.14,0.0,0,2593,465.9826,19.6515,370.5409,2.71,A
94,hotel2/profile,4296.66,55.11,1119.06,0.0,0,161294,28985.8087,42.1346,370.5409,6.79,A
94,hotel2/mongodb-user,13.82,160.99,400.43,0.0352,2,187,318.7058,1.4005,370.5409,0.0197,A
94,hotel2/search,2675.44,29.73,1119.06,0.0,0,3374,606.3345,26.2333,370.5409,3.93,A
94,hotel2/mongodb-recommendation,12.75,160.65,400.43,0.0352,2,109,318.7058,1.4005,370.5409,0.0237,A
94,hotel2/mongodb-rate,12.81,164.98,400.43,0.0352,2,184,318.7058,1.4005,370.5409,0.0197,A
94,hotel2/mongodb-profile,12.71,162.55,400.43,0.0352,2,157,318.7058,1.4005,370.5409,0.0197,A
94,hotel2/mongodb-geo,13.11,161.95,400.43,0.0352,2,146,318.7058,1.4005,370.5409,0.0197,A
94,es-stress-d2/elasticsearch-dynamic-0,8.04,208360.1,1414.09,0.0117,4,486,318.7058,139.0279,370.5409,0.0158,A
94,es-stress-d3/elasticsearch-dynamic-0,7.98,208348.6,1414.09,0.0312,8,583,318.7058,139.0197,370.5409,0.0197,A
94,es-stress-d4/elasticsearch-dynamic-0,10.01,208356.7,1414.09,0.0039,1,642,318.7058,139.045,370.5409,0.0118,A
94,hotel1/consul,26.41,27.16,212.87,0.0,0,1918,344.6798,1.4005,370.5409,0.0474,A
94,hotel1/frontend,9973.71,115.45,1119.14,0.0,0,610852,109774.9401,97.7975,370.5409,15.9,A
94,hotel1/geo,1014.45,20.41,1119.06,0.0,0,2076,373.0736,9.953,370.5409,1.52,A
94,hotel1/jaeger,0.48,14.83,81.01,0.0,0,0,318.7058,1.4005,1.4887,0.0,A
94,hotel1/memcached-profile,354.13,7.78,79.27,0.0,0,1552,318.7058,3.4749,370.5409,0.537,A
94,hotel1/memcached-rate,235.8,7.52,79.27,0.0,0,1855,333.3582,2.3153,370.5409,0.347,A
94,hotel1/memcached-reserve,287.79,7.13,79.27,0.0,0,873,318.7058,2.8245,370.5409,0.434,A
94,hotel1/mongodb-geo,12.05,161.62,400.43,0.0,0,504,318.7058,1.4005,370.5409,0.0158,A
94,hotel1/mongodb-profile,12.23,162.2,400.43,0.0,0,180,318.7058,1.4005,370.5409,0.0158,A
94,hotel1/mongodb-rate,12.9,163.38,400.43,0.0352,1,449,318.7058,1.4005,370.5409,0.0158,A
94,hotel1/mongodb-recommendation,12.87,161.0,400.43,0.0352,1,346,318.7058,1.4005,370.5409,0.0237,A
94,es-stress-d/elasticsearch-dynamic-0,7.81,208352.76,1414.09,0.0,0,511,318.7058,139.0208,370.5409,0.0197,A
94,hotel1/mongodb-user,13.05,161.99,400.43,0.0352,1,214,318.7058,1.4005,370.5409,0.0197,A
94,hotel2/memcached-reserve,280.07,7.84,79.27,0.0,0,957,318.7058,2.7493,370.5409,0.422,A
94,hotel2/memcached-rate,228.84,7.71,79.27,0.0,0,1446,318.7058,2.2473,370.5409,0.328,A
94,hotel2/memcached-profile,348.36,7.71,79.27,0.0,0,1307,318.7058,3.4183,370.5409,0.505,A
94,hotel2/jaeger,0.33,14.6,81.01,0.0,0,0,318.7058,1.4005,1.4887,0.0,A
94,hotel1/mongodb-reservation,2126.34,248.72,400.43,0.0273,14,81246,14600.5494,20.9993,370.5409,3.69,A
94,hotel2/frontend,9829.6,119.09,1119.14,0.0,0,491879,88394.5502,96.388,370.5409,15.5,A
94,hotel2/geo,1025.47,20.93,1119.06,0.0,0,2395,430.4005,10.0613,370.5409,1.54,A
94,hotel1/user,71.27,15.97,1119.06,0.0,0,832,318.7058,1.4005,370.5409,0.0868,A
94,hotel1/search,2902.06,28.01,1119.06,0.0,0,4331,778.315,28.4525,370.5409,4.05,A
94,hotel1/reservation,4370.96,59.54,1119.06,0.0,0,316514,56880.0714,42.8655,370.5409,6.35,A
94,hotel1/recommendation,712.48,18.86,1119.06,0.0,0,1741,318.7058,6.9933,370.5409,1.04,A
94,hotel1/rate,1860.88,31.79,1119.14,0.0,0,2708,486.649,18.2537,370.5409,2.79,A
94,hotel1/profile,4493.61,46.52,1119.06,0.0,0,70624,12691.6919,44.0586,370.5409,6.75,A
94,hotel2/consul,31.58,27.05,212.87,0.0,0,1820,327.0684,1.4005,370.5409,0.0434,A
95,hotel2/user,58.75,16.04,1119.06,0.0,0,862,318.7058,1.4005,361.7802,0.106,A
95,hotel2/search,2605.62,27.03,1119.06,0.0,0,3237,537.9815,22.4694,361.7802,4.31,A
95,hotel2/mongodb-recommendation,11.18,160.65,400.43,0.0,0,276,318.7058,1.4005,361.7802,0.0203,A
95,hotel2/recommendation,640.42,18.53,1119.06,0.0,0,1632,318.7058,5.5295,361.7802,1.02,A
95,hotel2/rate,1821.48,28.9,1119.14,0.0,0,2586,429.7869,15.7132,361.7802,2.89,A
95,hotel2/profile,4029.32,46.84,1119.06,0.0,0,164237,27295.7899,34.7495,361.7802,6.69,A
95,hotel2/mongodb-user,11.04,160.99,400.43,0.0,0,350,318.7058,1.4005,361.7802,0.0163,A
95,hotel2/mongodb-reservation,1649.68,257.12,400.43,0.0195,10,4040,671.4382,14.3646,361.7802,3.11,A
95,hotel2/reservation,4235.07,65.33,1119.06,0.0,0,330783,54975.33,36.5332,361.7802,7.24,A
95,hotel2/mongodb-rate,11.47,164.98,400.43,0.0,0,122,318.7058,1.4005,361.7802,0.0163,A
95,hotel2/mongodb-profile,11.35,162.55,400.43,0.0,0,261,318.7058,1.4005,361.7802,0.0163,A
95,hotel2/memcached-reserve,256.84,7.28,79.27,0.0,0,993,318.7058,2.2175,361.7802,0.46,A
95,es-stress-d/elasticsearch-dynamic-0,11.39,208352.76,1414.09,0.0039,1,520,318.7058,120.5337,361.7802,0.0163,A
95,es-stress-d2/elasticsearch-dynamic-0,18.93,208360.1,1414.09,0.0117,5,296,318.7058,120.603,361.7802,0.0203,A
95,es-stress-d3/elasticsearch-dynamic-0,11.83,208348.85,1414.09,0.0,0,507,318.7058,120.5353,361.7802,0.0203,A
95,es-stress-d4/elasticsearch-dynamic-0,8.71,208356.7,1414.09,0.0,0,925,318.7058,120.5129,361.7802,0.0244,A
95,hotel1/consul,26.61,27.17,212.87,0.0,0,1300,318.7058,1.4005,361.7802,0.0447,A
95,hotel1/frontend,10005.2,108.47,1119.14,0.0,0,550558,91501.4005,86.2819,361.7802,16.3,A
95,hotel1/geo,991.74,20.55,1119.06,0.0,0,1999,332.2289,8.5581,361.7802,1.48,A
95,hotel1/jaeger,0.33,14.83,81.01,0.0,0,0,318.7058,1.4005,1.4887,0.0,A
95,hotel1/memcached-profile,344.13,7.71,79.27,0.0,0,1709,318.7058,2.97,361.7802,0.504,A
95,hotel1/memcached-rate,236.14,7.52,79.27,0.0,0,1391,318.7058,2.0393,361.7802,0.338,A
95,hotel1/memcached-reserve,282.09,7.11,79.27,0.0,0,1078,318.7058,2.435,361.7802,0.427,A
95,hotel1/mongodb-geo,12.23,161.37,400.43,0.0352,1,304,318.7058,1.4005,361.7802,0.0203,A
95,hotel1/mongodb-profile,11.99,162.2,400.43,0.0352,1,198,318.7058,1.4005,361.7802,0.0203,A
95,hotel1/mongodb-rate,10.84,163.38,400.43,0.0,0,162,318.7058,1.4005,361.7802,0.0203,A
95,hotel2/mongodb-geo,11.29,161.95,400.43,0.0,0,158,318.7058,1.4005,361.7802,0.0244,A
95,hotel1/mongodb-reservation,3211.33,249.16,400.43,0.0742,6,249479,41462.803,27.8175,361.7802,4.77,A
95,hotel2/memcached-rate,226.6,7.49,79.27,0.0,0,1505,318.7058,1.957,361.7802,0.362,A
95,hotel2/memcached-profile,333.11,7.82,79.27,0.0,0,1565,318.7058,2.8751,361.7802,0.533,A
95,hotel2/jaeger,0.4,14.6,81.01,0.0,0,0,318.7058,1.4005,1.4887,0.0,A
95,hotel2/geo,1045.68,21.82,1119.06,0.0,0,1879,318.7058,9.0237,361.7802,1.65,A
95,hotel1/mongodb-recommendation,10.68,161.0,400.43,0.0,0,152,318.7058,1.4005,361.7802,0.0244,A
95,hotel2/consul,28.41,27.05,212.87,0.0,0,1855,318.7058,1.4005,361.7802,0.0488,A
95,hotel2/frontend,9789.11,119.93,1119.14,0.0,0,628974,104533.949,84.4264,361.7802,16.0,A
95,hotel1/search,2783.61,27.62,1119.06,0.0,0,3022,502.249,24.0036,361.7802,4.01,A
95,hotel1/reservation,4478.28,59.78,1119.06,0.0,0,254987,42378.2192,38.6259,361.7802,6.52,A
95,hotel1/recommendation,692.77,18.77,1119.06,0.0,0,2514,417.8207,5.9808,361.7802,0.988,A
95,hotel1/rate,1934.67,28.88,1119.14,0.0,0,2726,453.0546,16.6886,361.7802,2.7,A
95,hotel1/profile,4163.49,39.39,1119.06,0.0,0,61800,10271.0097,35.9014,361.7802,6.15,A
95,hotel1/mongodb-user,11.52,161.99,400.43,0.0,0,949,318.7058,1.4005,361.7802,0.0203,A
95,hotel1/user,64.22,16.24,1119.06,0.0,0,744,318.7058,1.4005,361.7802,0.0814,A
96,hotel2/user,57.34,16.31,1119.06,0.0,0,964,318.7058,1.4005,358.0649,0.0779,A
96,hotel2/search,2594.45,35.7,1119.06,0.0,0,3120,539.9053,21.5167,358.0649,3.76,A
96,hotel2/mongodb-recommendation,14.01,160.65,400.43,0.0508,4,157,318.7058,1.4005,358.0649,0.0186,A
96,hotel2/recommendation,648.2,18.91,1119.06,0.0,0,2020,349.5541,5.3813,358.0649,0.976,A
96,hotel2/rate,1899.57,31.32,1119.14,0.0,0,2991,517.5823,15.7567,358.0649,2.77,A
96,hotel2/profile,4266.32,42.82,1119.06,0.0,0,220043,38077.6843,35.3732,358.0649,6.13,A
96,hotel2/mongodb-user,13.16,160.99,400.43,0.0508,4,165,318.7058,1.4005,358.0649,0.0186,A
96,hotel2/mongodb-reservation,2377.63,257.64,400.43,0.0977,8,219125,37918.8276,19.8441,358.0649,2.97,A
96,hotel2/reservation,4529.52,59.25,1119.06,0.0,0,295971,51216.7636,37.5631,358.0649,6.47,A
96,hotel2/mongodb-rate,12.57,165.17,400.43,0.0352,2,145,318.7058,1.4005,358.0649,0.0186,A
96,hotel2/mongodb-profile,12.22,162.55,400.43,0.0352,2,750,318.7058,1.4005,358.0649,0.0186,A
96,hotel2/memcached-reserve,274.1,7.79,79.27,0.0,0,932,318.7058,2.2754,358.0649,0.386,A
96,es-stress-d/elasticsearch-dynamic-0,8.27,208352.77,1414.09,0.0,0,791,318.7058,116.4483,358.0649,0.0148,A
96,es-stress-d2/elasticsearch-dynamic-0,17.37,208360.1,1414.09,0.0,0,424,318.7058,116.5277,358.0649,0.0111,A
96,es-stress-d3/elasticsearch-dynamic-0,18.14,208348.6,1414.09,0.0039,1,551,318.7058,116.5277,358.0649,0.0074,A
96,es-stress-d4/elasticsearch-dynamic-0,11.65,208356.77,1414.09,0.0039,1,445,318.7058,116.4785,358.0649,0.0111,A
96,hotel1/consul,26.91,27.18,212.87,0.0,0,1569,318.7058,1.4005,358.0649,0.0445,A
96,hotel1/frontend,9924.14,106.02,1119.14,0.0,0,675306,116859.3806,82.2872,358.0649,15.2,A
96,hotel1/geo,1022.33,19.48,1119.06,0.0,0,1570,318.7058,8.4816,358.0649,1.51,A
96,hotel1/jaeger,0.42,14.83,81.01,0.0,0,0,318.7058,1.4005,1.4887,0.0,A
96,hotel1/memcached-profile,328.19,8.02,79.27,0.0,0,1487,318.7058,2.7237,358.0649,0.483,A
96,hotel1/memcached-rate,221.18,7.55,79.27,0.0,0,1256,318.7058,1.8368,358.0649,0.345,A
96,hotel1/memcached-reserve,266.83,7.18,79.27,0.0,0,858,318.7058,2.2149,358.0649,0.405,A
96,hotel1/mongodb-geo,11.22,161.62,400.43,0.0,0,675,318.7058,1.4005,358.0649,0.0148,A
96,hotel1/mongodb-profile,11.74,162.19,400.43,0.0,0,311,318.7058,1.4005,358.0649,0.0148,A
96,hotel1/mongodb-rate,12.75,163.38,400.43,0.0352,1,174,318.7058,1.4005,358.0649,0.0186,A
96,hotel2/mongodb-geo,12.79,161.95,400.43,0.0391,4,177,318.7058,1.4005,358.0649,0.0223,A
96,hotel1/mongodb-reservation,2731.1,248.91,400.43,0.0508,24,177606,30734.1074,22.768,358.0649,4.31,A
96,hotel2/memcached-rate,217.41,7.54,79.27,0.0,0,1504,318.7058,1.8056,358.0649,0.323,A
96,hotel2/memcached-profile,330.17,8.06,79.27,0.0,0,1285,318.7058,2.7402,358.0649,0.509,A
96,hotel2/jaeger,0.34,14.6,81.01,0.0,0,0,318.7058,1.4005,1.4887,0.0,A
96,hotel2/geo,1036.87,22.57,1119.06,0.0,0,2163,374.2997,8.6038,358.0649,1.45,A
96,hotel1/mongodb-recommendation,12.35,161.0,400.43,0.0352,1,196,318.7058,1.4005,358.0649,0.0186,A
96,hotel2/consul,29.54,27.05,212.87,0.0,0,1305,318.7058,1.4005,358.0649,0.052,A
96,hotel2/frontend,9855.41,117.74,1119.14,0.0,0,509946,88244.4014,81.7243,358.0649,14.2,A
96,hotel1/search,2635.67,27.96,1119.06,0.0,0,2998,518.7936,21.8539,358.0649,3.96,A
96,hotel1/reservation,4195.32,59.3,1119.06,0.0,0,205680,35592.2166,34.7941,358.0649,6.2,A
96,hotel1/recommendation,674.01,18.95,1119.06,0.0,0,1632,318.7058,5.5952,358.0649,0.947,A
96,hotel1/rate,1892.25,28.36,1119.14,0.0,0,2446,423.2719,15.6944,358.0649,2.88,A
96,hotel1/profile,4104.01,44.67,1119.06,0.0,0,33168,5739.6083,34.0294,358.0649,6.01,A
96,hotel1/mongodb-user,12.61,161.99,400.43,0.0352,1,768,318.7058,1.4005,358.0649,0.0186,A
96,hotel1/user,61.21,16.48,1119.06,0.0,0,1309,318.7058,1.4005,358.0649,0.0965,A
97,hotel2/user,63.29,16.24,1119.06,0.0,0,1083,318.7058,1.4005,371.8165,0.0985,A
97,hotel2/search,2548.59,28.71,1119.06,0.0,0,3624,646.1971,20.6385,371.8165,3.83,A
97,hotel2/mongodb-recommendation,11.55,161.09,400.43,0.0,0,156,318.7058,1.4005,371.8165,0.0197,A
97,hotel2/recommendation,648.32,22.31,1119.06,0.0,0,1930,344.1392,5.2583,371.8165,0.946,A
97,hotel2/rate,1934.48,28.62,1119.14,0.0,0,3261,581.4704,15.6691,371.8165,2.72,A
97,hotel2/profile,4218.0,44.28,1119.06,0.0,0,251590,44861.1263,34.1556,371.8165,6.69,A
97,hotel2/mongodb-user,12.18,161.0,400.43,0.0,0,277,318.7058,1.4005,371.8165,0.0158,A
97,hotel2/mongodb-reservation,2099.93,257.69,400.43,0.0,0,70389,12551.0943,17.1336,371.8165,4.25,A
97,hotel2/reservation,4434.66,61.77,1119.06,0.0,0,321314,57293.6442,35.9183,371.8165,6.92,A
97,hotel2/mongodb-rate,11.39,164.98,400.43,0.0,0,696,318.7058,1.4005,371.8165,0.0158,A
97,hotel2/mongodb-profile,11.89,162.74,400.43,0.0,0,147,318.7058,1.4005,371.8165,0.0197,A
97,hotel2/memcached-reserve,278.01,7.36,79.27,0.0,0,1142,318.7058,2.2536,371.8165,0.418,A
97,hotel2/mongodb-geo,12.04,162.14,400.43,0.0,0,226,318.7058,1.4005,371.8165,0.0197,A
97,es-stress-d/elasticsearch-dynamic-0,10.36,208352.77,1414.09,0.0234,8,740,318.7058,114.3473,371.8165,0.0236,A
97,es-stress-d2/elasticsearch-dynamic-0,10.6,208360.1,1414.09,0.0039,1,497,318.7058,114.3533,371.8165,0.0236,A
97,es-stress-d3/elasticsearch-dynamic-0,10.58,208348.6,1414.09,0.0,0,740,318.7058,114.3468,371.8165,0.0197,A
97,es-stress-d4/elasticsearch-dynamic-0,9.21,208356.77,1414.09,0.0,0,646,318.7058,114.3402,371.8165,0.0158,A
97,hotel1/consul,26.33,27.35,212.87,0.0,0,1643,318.7058,1.4005,371.8165,0.0433,A
97,hotel1/frontend,9964.6,113.86,1119.14,0.0,0,521796,93041.68,80.6941,371.8165,16.1,A
97,hotel1/geo,1110.01,20.11,1119.06,0.0,0,2367,422.0608,8.993,371.8165,1.56,A
97,hotel1/memcached-profile,371.15,8.46,79.27,0.0,0,1452,318.7058,3.0079,371.8165,0.532,A
97,hotel1/memcached-rate,243.66,7.75,79.27,0.0,0,1316,318.7058,1.9759,371.8165,0.355,A
97,hotel1/memcached-reserve,293.58,7.41,79.27,0.0,0,1182,318.7058,2.3797,371.8165,0.422,A
97,hotel1/mongodb-geo,13.91,161.77,400.43,0.0352,1,259,318.7058,1.4005,371.8165,0.0197,A
97,hotel1/mongodb-profile,13.19,162.35,400.43,0.0352,1,401,318.7058,1.4005,371.8165,0.0236,A
97,hotel1/mongodb-rate,11.29,163.57,400.43,0.0,0,561,318.7058,1.4005,371.8165,0.0158,A
97,hotel1/jaeger,0.4,14.83,81.01,0.0,0,0,318.7058,1.4005,1.4887,0.0,A
97,hotel1/mongodb-reservation,2565.16,249.0,400.43,0.1016,19,105626,18834.2197,20.8934,371.8165,2.36,A
97,hotel1/mongodb-recommendation,11.4,161.0,400.43,0.0,0,165,318.7058,1.4005,371.8165,0.0158,A
97,hotel2/memcached-profile,330.98,8.56,79.27,0.0,0,1704,318.7058,2.6829,371.8165,0.52,A
97,hotel2/jaeger,0.31,14.6,81.01,0.0,0,0,318.7058,1.4005,1.4887,0.0039,A
97,hotel2/geo,997.35,20.98,1119.06,0.0,0,1732,318.7058,8.0819,371.8165,1.47,A
97,hotel2/frontend,9595.32,118.37,1119.14,0.0,0,515750,91963.615,77.7085,371.8165,15.6,A
97,hotel2/consul,30.09,27.05,212.87,0.0,0,1901,338.9682,1.4005,371.8165,0.0512,A
97,hotel1/user,67.22,15.94,1119.06,0.0,0,854,318.7058,1.4005,371.8165,0.106,A
97,hotel2/memcached-rate,216.95,7.49,79.27,0.0,0,1558,318.7058,1.7596,371.8165,0.331,A
97,hotel1/reservation,4364.5,54.23,1119.06,0.0,0,232109,41387.4604,35.3465,371.8165,6.63,A
97,hotel1/recommendation,749.15,19.45,1119.06,0.0,0,2299,409.9357,6.0726,371.8165,1.01,A
97,hotel1/rate,2020.73,29.0,1119.14,0.0,0,2982,531.7218,16.3673,371.8165,2.84,A
97,hotel1/profile,4397.06,43.88,1119.06,0.0,0,82691,14744.6695,35.6043,371.8165,6.55,A
97,hotel1/mongodb-user,11.44,162.18,400.43,0.0,0,205,318.7058,1.4005,371.8165,0.0236,A
97,hotel1/search,2951.43,27.73,1119.06,0.0,0,3986,710.7455,23.8976,371.8165,4.28,A
98,hotel2/user,59.45,16.47,1119.06,0.0,0,851,318.7058,1.4005,364.1748,0.085,A
98,hotel2/rate,1821.89,29.46,1119.14,0.0,0,2975,535.8031,18.7003,364.1748,3.02,A
98,hotel2/reservation,4332.62,61.8,1119.06,0.0,0,229750,41378.4053,44.4653,364.1748,6.84,A
98,hotel2/recommendation,669.07,18.74,1119.06,0.0,0,1810,325.9844,6.8729,364.1748,1.05,A
98,hotel2/profile,4263.37,48.81,1119.06,0.0,0,176065,31709.6363,43.7463,364.1748,6.53,A
98,hotel2/mongodb-user,13.66,160.99,400.43,0.0859,16,188,318.7058,1.4005,364.1748,0.0266,A
98,hotel2/mongodb-reservation,2613.37,257.88,400.43,0.2461,48,94076,16943.2638,26.9728,364.1748,3.13,A
98,hotel2/search,2629.35,27.59,1119.06,0.0,0,4253,765.9733,26.9779,364.1748,4.11,A
98,hotel2/mongodb-recommendation,14.02,160.66,400.43,0.0938,18,151,318.7058,1.4005,364.1748,0.0213,A
98,hotel2/mongodb-rate,13.51,164.99,400.43,0.0781,12,187,318.7058,1.4005,364.1748,0.0213,A
98,hotel1/mongodb-reservation,2148.81,248.94,400.43,0.1406,35,72659,13086.022,22.2035,364.1748,3.69,A
98,hotel2/mongodb-geo,13.7,161.96,400.43,0.1055,18,175,318.7058,1.4005,364.1748,0.0266,A
98,es-stress-d/elasticsearch-dynamic-0,7.58,208352.77,1414.09,0.0,0,735,318.7058,143.6707,364.1748,0.0106,A
98,es-stress-d2/elasticsearch-dynamic-0,7.96,208360.1,1414.09,0.0,0,1269,318.7058,143.6796,364.1748,0.0053,A
98,es-stress-d3/elasticsearch-dynamic-0,7.6,208348.6,1414.09,0.0039,1,1379,318.7058,143.668,364.1748,0.0213,A
98,es-stress-d4/elasticsearch-dynamic-0,10.81,208356.77,1414.09,0.0273,7,564,318.7058,143.7066,364.1748,0.0213,A
98,hotel1/consul,30.0,27.52,212.87,0.0,0,1434,318.7058,1.4005,364.1748,0.0478,A
98,hotel1/frontend,9991.01,112.77,1119.14,0.0,0,573452,103279.7793,102.5163,364.1748,15.0,A
98,hotel1/geo,1064.18,20.13,1119.06,0.0,0,2196,395.5037,10.925,364.1748,1.62,A
98,hotel1/jaeger,0.33,14.83,81.01,0.0,0,0,318.7058,1.4005,1.4887,0.0,A
98,hotel1/memcached-profile,344.02,7.98,79.27,0.0,0,1838,331.0272,3.5328,364.1748,0.574,A
98,hotel1/memcached-rate,227.72,7.56,79.27,0.0,0,1683,318.7058,2.34,364.1748,0.383,A
98,hotel1/memcached-reserve,283.49,7.45,79.27,0.0,0,960,318.7058,2.9118,364.1748,0.468,A
98,hotel1/mongodb-geo,12.5,161.37,400.43,0.0508,9,206,318.7058,1.4005,364.1748,0.0159,A
98,hotel1/mongodb-profile,12.15,162.25,400.43,0.0469,7,257,318.7058,1.4005,364.1748,0.0159,A
98,hotel1/mongodb-rate,13.94,163.39,400.43,0.082,10,180,318.7058,1.4005,364.1748,0.0159,A
98,hotel2/mongodb-profile,13.16,162.56,400.43,0.0977,16,164,318.7058,1.4005,364.1748,0.0213,A
98,hotel1/mongodb-user,13.74,162.0,400.43,0.0859,10,357,318.7058,1.4005,364.1748,0.0159,A
98,hotel2/memcached-reserve,280.43,7.56,79.27,0.0,0,896,318.7058,2.8805,364.1748,0.409,A
98,hotel2/memcached-rate,218.73,7.52,79.27,0.0,0,1371,318.7058,2.2478,364.1748,0.351,A
98,hotel2/memcached-profile,327.78,8.81,79.27,0.0,0,1242,318.7058,3.3668,364.1748,0.537,A
98,hotel2/jaeger,0.37,14.6,81.01,0.0,0,0,318.7058,1.4005,1.4887,0.0,A
98,hotel1/mongodb-recommendation,13.66,161.19,400.43,0.0859,10,239,318.7058,1.4005,364.1748,0.0213,A
98,hotel2/frontend,9809.85,119.55,1119.14,0.0,0,612521,110316.1794,100.6635,364.1748,14.5,A
98,hotel2/geo,1004.03,21.39,1119.06,0.0,0,2237,402.8879,10.3091,364.1748,1.59,A
98,hotel1/user,63.31,15.94,1119.06,0.0,0,1442,318.7058,1.4005,364.1748,0.112,A
98,hotel1/search,2810.32,27.65,1119.06,0.0,0,4575,823.9661,28.8335,364.1748,4.6,A
98,hotel1/reservation,4238.92,58.54,1119.06,0.0,0,170393,30688.0985,43.5023,364.1748,7.04,A
98,hotel1/recommendation,681.82,18.68,1119.06,0.0,0,1631,318.7058,7.0036,364.1748,1.14,A
98,hotel1/rate,1839.07,31.09,1119.14,0.0,0,2754,496.0006,18.8776,364.1748,3.01,A
98,hotel1/profile,4266.21,40.04,1119.06,0.0,0,47532,8560.6022,43.7694,364.1748,6.71,A
98,hotel2/consul,29.23,27.05,212.87,0.0,0,1658,318.7058,1.4005,364.1748,0.0531,A
99,hotel2/user,52.87,16.34,1119.06,0.0,0,1062,318.7058,1.4005,344.8383,0.0952,A
99,hotel2/mongodb-reservation,1802.62,257.68,400.43,0.0039,2,33018,6587.0945,15.826,344.8383,3.29,A
99,hotel2/reservation,4245.97,64.66,1119.06,0.0,0,167325,33381.3555,36.98,344.8383,7.01,A
99,hotel2/recommendation,612.47,18.93,1119.06,0.0,0,1698,338.7512,5.3395,344.8383,0.994,A
99,hotel2/rate,1831.14,32.48,1119.14,0.0,0,3106,619.6473,15.9507,344.8383,3.01,A
99,hotel2/profile,3949.38,46.04,1119.06,0.0,0,181743,36257.748,34.3892,344.8383,6.23,A
99,hotel2/mongodb-user,11.47,160.99,400.43,0.0,0,298,318.7058,1.4005,344.8383,0.019,A
99,hotel2/search,2498.91,30.28,1119.06,0.0,0,3420,682.2904,21.7598,344.8383,4.04,A
99,hotel2/mongodb-recommendation,12.04,160.86,400.43,0.0,0,295,318.7058,1.4005,344.8383,0.0152,A
99,hotel2/mongodb-rate,11.6,164.99,400.43,0.0,0,269,318.7058,1.4005,344.8383,0.0152,A
99,hotel2/mongodb-profile,11.84,162.75,400.43,0.0,0,386,318.7058,1.4005,344.8383,0.019,A
99,hotel2/mongodb-geo,11.49,162.14,400.43,0.0,0,237,318.7058,1.4005,344.8383,0.019,A
99,es-stress-d2/elasticsearch-dynamic-0,10.9,208360.13,1414.09,0.0039,1,325,318.7058,114.3031,344.8383,0.0495,A
99,es-stress-d3/elasticsearch-dynamic-0,11.07,208348.66,1414.09,0.0,0,478,318.7058,114.2983,344.8383,0.0343,A
99,es-stress-d4/elasticsearch-dynamic-0,8.89,208356.77,1414.09,0.0,0,616,318.7058,114.2838,344.8383,0.0152,A
99,hotel1/consul,26.19,27.52,212.87,0.0,0,1388,318.7058,1.4005,344.8383,0.0457,A
99,hotel1/frontend,10020.24,113.54,1119.14,0.0,0,740890,147807.6346,87.2493,344.8383,15.6,A
99,hotel1/geo,942.33,20.67,1119.06,0.0,0,1863,371.6687,8.2106,344.8383,1.49,A
99,hotel1/jaeger,0.38,14.83,81.01,0.0,0,0,318.7058,1.4005,1.4887,0.0,A
99,hotel1/memcached-profile,314.43,7.72,79.27,0.0,0,1303,318.7058,2.7401,344.8383,0.507,A
99,hotel1/memcached-rate,214.17,7.5,79.27,0.0,0,1213,318.7058,1.8676,344.8383,0.35,A
99,hotel1/memcached-reserve,260.37,7.07,79.27,0.0,0,1259,318.7058,2.2694,344.8383,0.427,A
99,hotel1/mongodb-geo,12.7,161.77,400.43,0.0352,1,205,318.7058,1.4005,344.8383,0.0152,A
99,hotel1/mongodb-profile,12.22,162.5,400.43,0.0352,1,259,318.7058,1.4005,344.8383,0.019,A
99,hotel1/mongodb-rate,11.48,163.39,400.43,0.0,0,177,318.7058,1.4005,344.8383,0.0152,A
99,hotel1/mongodb-recommendation,11.23,161.0,400.43,0.0,0,135,318.7058,1.4005,344.8383,0.0152,A
99,es-stress-d/elasticsearch-dynamic-0,11.18,208352.77,1414.09,0.0039,1,653,318.7058,114.3015,344.8383,0.0229,A
99,hotel1/mongodb-user,11.83,162.0,400.43,0.0,0,264,318.7058,1.4005,344.8383,0.019,A
99,hotel2/memcached-reserve,260.16,7.56,79.27,0.0,0,858,318.7058,2.2678,344.8383,0.411,A
99,hotel2/memcached-rate,217.85,7.74,79.27,0.0,0,1696,338.3522,1.8998,344.8383,0.358,A
99,hotel2/memcached-profile,318.99,7.77,79.27,0.0,0,1546,318.7058,2.7798,344.8383,0.503,A
99,hotel2/jaeger,0.38,14.6,81.01,0.0,0,0,318.7058,1.4005,1.4887,0.0,A
99,hotel1/mongodb-reservation,1569.16,249.13,400.43,0.0938,15,551,318.7058,13.79,344.8383,4.34,A
99,hotel2/frontend,9625.02,120.24,1119.14,0.0,0,566675,113051.7234,83.8141,344.8383,15.1,A
99,hotel2/geo,989.84,22.37,1119.06,0.0,0,1851,369.2747,8.6249,344.8383,1.6,A
99,hotel1/user,54.84,15.94,1119.06,0.0,0,924,318.7058,1.4005,344.8383,0.0952,A
99,hotel1/search,2452.98,25.17,1119.06,0.0,0,2773,553.2138,21.3574,344.8383,4.2,A
99,hotel1/reservation,4005.39,54.07,1119.06,0.0,0,180649,36039.4949,34.8809,344.8383,6.68,A
99,hotel1/recommendation,612.12,18.07,1119.06,0.0,0,1858,370.6712,5.336,344.8383,1.02,A
99,hotel1/rate,1688.15,31.52,1119.14,0.0,0,2302,459.2492,14.706,344.8383,2.95,A
99,hotel1/profile,3931.01,41.11,1119.06,0.0,0,37370,7455.319,34.2266,344.8383,6.49,A
99,hotel2/consul,28.85,27.05,212.87,0.0,0,1558,318.7058,1.4005,344.8383,0.0457,A
100,hotel2/user,56.94,16.1,1119.06,0.0,0,774,318.7058,1.4005,367.508,0.0924,A
100,hotel2/mongodb-reservation,2334.13,257.61,400.43,0.0781,10,85985,16690.3866,22.0573,367.508,2.62,A
100,hotel2/reservation,4382.58,64.23,1119.06,0.0,0,226487,43962.9656,41.152,367.508,7.42,A
100,hotel2/recommendation,655.36,19.46,1119.06,0.0,0,2017,391.5161,6.1599,367.508,1.07,A
100,hotel2/rate,1880.09,28.05,1119.14,0.0,0,2740,531.8562,17.6542,367.508,3.18,A
100,hotel2/profile,4353.15,45.99,1119.06,0.0,0,183908,35698.036,40.8645,367.508,7.2,A
100,hotel2/mongodb-user,13.51,160.99,400.43,0.0352,2,188,318.7058,1.4005,367.508,0.0168,A
100,hotel2/search,2609.0,31.82,1119.06,0.0,0,2935,569.7073,24.4942,367.508,4.35,A
100,hotel2/mongodb-recommendation,13.36,160.66,400.43,0.0547,4,126,318.7058,1.4005,367.508,0.0252,A
100,hotel2/mongodb-rate,12.69,165.18,400.43,0.0352,2,267,318.7058,1.4005,367.508,0.021,A
100,hotel2/mongodb-profile,13.34,162.56,400.43,0.0352,2,175,318.7058,1.4005,367.508,0.0252,A
100,hotel2/mongodb-geo,13.1,161.96,400.43,0.0352,2,265,318.7058,1.4005,367.508,0.021,A
100,es-stress-d2/elasticsearch-dynamic-0,8.19,208360.13,1414.09,0.0117,4,544,318.7058,130.7273,367.508,0.0126,A
100,es-stress-d3/elasticsearch-dynamic-0,7.77,208348.66,1414.09,0.0273,9,758,318.7058,130.7162,367.508,0.0168,A
100,es-stress-d4/elasticsearch-dynamic-0,10.58,208356.77,1414.09,0.0039,1,482,318.7058,130.7477,367.508,0.0168,A
100,hotel1/consul,25.39,27.52,212.87,0.0,0,2182,423.5439,1.4005,367.508,0.0462,A
100,hotel1/frontend,9951.11,117.79,1119.14,0.0,0,558923,108491.4922,93.4224,367.508,17.0,A
100,hotel1/geo,1022.66,20.19,1119.06,0.0,0,1891,367.0585,9.6059,367.508,1.68,A
100,hotel1/jaeger,0.27,14.83,81.01,0.0,0,0,318.7058,1.4005,1.4887,0.0,A
100,hotel1/memcached-profile,346.41,7.96,79.27,0.0,0,1535,318.7058,3.2546,367.508,0.558,A
100,hotel1/memcached-rate,225.15,7.51,79.27,0.0,0,1518,318.7058,2.1168,367.508,0.369,A
100,hotel1/memcached-reserve,294.3,8.04,79.27,0.0,0,988,318.7058,2.7658,367.508,0.445,A
100,hotel1/mongodb-geo,11.8,161.37,400.43,0.0,0,102,318.7058,1.4005,367.508,0.0168,A
100,hotel1/mongodb-profile,11.93,162.25,400.43,0.0,0,189,318.7058,1.4005,367.508,0.021,A
100,hotel1/mongodb-rate,13.27,163.39,400.43,0.0352,1,313,318.7058,1.4005,367.508,0.0168,A
100,hotel1/mongodb-recommendation,13.26,161.0,400.43,0.0352,1,187,318.7058,1.4005,367.508,0.0168,A
100,es-stress-d/elasticsearch-dynamic-0,8.06,208352.77,1414.09,0.0,0,448,318.7058,130.7215,367.508,0.0126,A
100,hotel1/mongodb-user,13.97,162.0,400.43,0.0352,1,106,318.7058,1.4005,367.508,0.0252,A
100,hotel2/memcached-reserve,278.52,7.54,79.27,0.0,0,977,318.7058,2.6174,367.508,0.462,A
100,hotel2/memcached-rate,216.62,7.5,79.27,0.0,0,1299,318.7058,2.0368,367.508,0.365,A
100,hotel2/memcached-profile,341.12,8.04,79.27,0.0,0,1311,318.7058,3.205,367.508,0.554,A
100,hotel2/jaeger,0.32,14.6,81.01,0.0,0,0,318.7058,1.4005,1.4887,0.0,A
100,hotel1/mongodb-reservation,1929.23,248.74,400.43,0.0312,14,38417,7457.0516,18.2535,367.508,4.55,A
100,hotel2/frontend,9843.98,110.71,1119.14,0.0,0,561297,108952.3049,92.413,367.508,16.5,A
100,hotel2/geo,991.88,20.46,1119.06,0.0,0,1947,377.9285,9.3174,367.508,1.72,A
100,hotel1/user,64.15,15.95,1119.06,0.0,0,1084,318.7058,1.4005,367.508,0.101,A
100,hotel1/search,2787.64,27.11,1119.06,0.0,0,3153,612.0229,26.1671,367.508,4.27,A
100,hotel1/reservation,4290.14,62.65,1119.06,0.0,0,157894,30648.5074,40.2839,367.508,6.89,A
100,hotel1/recommendation,698.98,19.44,1119.06,0.0,0,1583,318.7058,6.5691,367.508,1.1,A
100,hotel1/rate,1877.59,33.88,1119.14,0.0,0,2569,498.6638,17.6344,367.508,2.97,A
100,hotel1/profile,4255.08,45.21,1119.06,0.0,0,38681,7508.2962,39.944,367.508,6.87,A
100,hotel2/consul,28.51,27.05,212.87,0.0,0,1396,318.7058,1.4005,367.508,0.0504,A
101,hotel2/user,55.19,16.35,1119.06,0.0,0,1272,318.7058,1.4005,350.2637,0.0962,A
101,hotel2/mongodb-reservation,2524.61,257.58,400.43,0.0156,8,87410,15661.4802,25.9918,350.2637,3.43,A
101,hotel2/reservation,4525.71,60.59,1119.06,0.0,0,267809,47984.0447,46.3216,350.2637,6.74,A
101,hotel2/recommendation,631.88,19.29,1119.06,0.0,0,1843,330.2152,6.4748,350.2637,1.01,A
101,hotel2/rate,1814.48,28.73,1119.14,0.0,0,2993,536.2637,18.5746,350.2637,2.88,A
101,hotel2/profile,4237.97,45.44,1119.06,0.0,0,207290,37140.6959,43.3689,350.2637,6.34,A
101,hotel2/mongodb-user,13.35,160.99,400.43,0.0,0,341,318.7058,1.4005,350.2637,0.0185,A
101,hotel2/search,2569.35,29.43,1119.06,0.0,0,7868,1409.7303,26.2945,350.2637,3.83,A
101,hotel2/mongodb-recommendation,13.39,160.91,400.43,0.0,0,194,318.7058,1.4005,350.2637,0.0185,A
101,hotel2/mongodb-rate,13.66,164.99,400.43,0.0,0,187,318.7058,1.4005,350.2637,0.0185,A
101,hotel2/mongodb-profile,13.54,162.56,400.43,0.0,0,254,318.7058,1.4005,350.2637,0.0148,A
101,hotel2/mongodb-geo,13.12,161.96,400.43,0.0,0,3749,671.7182,1.4005,350.2637,0.0148,A
101,es-stress-d2/elasticsearch-dynamic-0,13.71,208360.29,1414.09,0.0195,6,333,318.7058,141.5177,350.2637,0.0185,A
101,es-stress-d3/elasticsearch-dynamic-0,12.2,208348.75,1414.09,0.0039,1,421,318.7058,141.4944,350.2637,0.0148,A
101,es-stress-d4/elasticsearch-dynamic-0,12.74,208356.86,1414.09,0.0039,1,616,318.7058,141.5054,350.2637,0.0185,A
101,hotel1/consul,27.2,27.54,212.87,0.0,0,1458,318.7058,1.4005,350.2637,0.0407,A
101,hotel1/frontend,9963.16,120.82,1119.14,0.0,0,709680,127155.237,101.9666,350.2637,15.2,A
101,hotel1/geo,987.84,21.34,1119.06,0.0,0,2053,367.8414,10.1163,350.2637,1.72,A
101,hotel1/jaeger,0.34,14.83,81.01,0.0,0,0,318.7058,1.4005,1.4887,0.0,A
101,hotel1/memcached-profile,321.81,7.73,79.27,0.0,0,1495,318.7058,3.2961,350.2637,0.585,A
101,hotel1/memcached-rate,219.11,7.79,79.27,0.0,0,1271,318.7058,2.2459,350.2637,0.389,A
101,hotel1/memcached-reserve,262.36,7.16,79.27,0.0,0,1055,318.7058,2.6878,350.2637,0.463,A
101,hotel1/mongodb-geo,13.65,161.77,400.43,0.0391,1,691,318.7058,1.4005,350.2637,0.0185,A
101,hotel1/mongodb-profile,14.65,162.66,400.43,0.0391,1,1976,354.0451,1.4005,350.2637,0.0222,A
101,hotel1/mongodb-rate,13.23,163.39,400.43,0.0,0,327,318.7058,1.4005,350.2637,0.0185,A
101,hotel1/mongodb-recommendation,13.22,161.19,400.43,0.0,0,1044,318.7058,1.4005,350.2637,0.0148,A
101,es-stress-d/elasticsearch-dynamic-0,13.61,208352.93,1414.09,0.0078,2,487,318.7058,141.5117,350.2637,0.0222,A
101,hotel1/mongodb-user,13.57,162.0,400.43,0.0,0,1866,334.3361,1.4005,350.2637,0.0148,A
101,hotel2/memcached-reserve,285.25,7.27,79.27,0.0,0,1026,318.7058,2.9219,350.2637,0.422,A
101,hotel2/memcached-rate,212.7,7.76,79.27,0.0,0,1702,318.7058,2.1804,350.2637,0.329,A
101,hotel2/memcached-profile,329.0,8.27,79.27,0.0,0,2059,368.9165,3.37,350.2637,0.503,A
101,hotel2/jaeger,0.46,14.6,81.01,0.0,0,0,318.7058,1.4005,1.4887,0.0,A
101,hotel1/mongodb-reservation,2281.0,249.22,400.43,0.0938,12,108062,19361.7535,23.4949,350.2637,3.38,A
101,hotel2/frontend,9544.19,111.69,1119.14,0.0,0,497177,89080.5141,97.676,350.2637,14.9,A
101,hotel2/geo,993.32,21.16,1119.06,0.0,0,2052,367.6623,10.1722,350.2637,1.5,A
101,hotel1/user,69.43,16.06,1119.06,0.0,0,965,318.7058,1.4005,350.2637,0.107,A
101,hotel1/search,2674.83,28.6,1119.06,0.0,0,3480,623.5208,27.3726,350.2637,4.67,A
101,hotel1/reservation,4180.14,60.3,1119.06,0.0,0,221270,39645.5294,42.7876,350.2637,6.92,A
101,hotel1/recommendation,630.78,18.71,1119.06,0.0,0,2202,394.5381,6.4631,350.2637,1.17,A
101,hotel1/rate,1843.51,29.94,1119.14,0.0,0,2704,484.4828,18.8723,350.2637,3.11,A
101,hotel1/profile,4092.35,43.28,1119.06,0.0,0,40626,7279.0675,41.8783,350.2637,6.79,A
101,hotel2/consul,27.84,27.06,212.87,0.0,0,1660,318.7058,1.4005,350.2637,0.0444,A
102,hotel2/user,60.43,15.75,1119.06,0.0,0,960,318.7058,1.4005,341.6474,0.103,A
102,hotel2/mongodb-reservation,3137.09,257.39,400.43,0.0664,2,196060,36678.519,25.8291,341.6474,4.72,A
102,hotel2/reservation,4217.43,56.73,1119.06,0.0,0,177778,33258.3584,34.5694,341.6474,7.06,A
102,hotel2/recommendation,607.43,18.72,1119.06,0.0,0,1864,348.7135,4.9846,341.6474,1.07,A
102,hotel2/rate,1722.22,29.9,1119.14,0.0,0,2633,492.5765,14.1203,341.6474,3.16,A
102,hotel2/profile,4078.74,45.54,1119.06,0.0,0,155500,29090.634,33.4276,341.6474,7.14,A
102,hotel2/mongodb-user,12.58,161.0,400.43,0.0391,2,127,318.7058,1.4005,341.6474,0.0205,A
102,hotel2/search,2433.85,34.97,1119.06,0.0,0,2792,522.3219,19.951,341.6474,4.44,A
102,hotel2/mongodb-recommendation,12.95,160.67,400.43,0.0391,2,99,318.7058,1.4005,341.6474,0.0205,A
102,hotel2/mongodb-rate,13.02,164.99,400.43,0.0625,4,150,318.7058,1.4005,341.6474,0.0246,A
102,hotel2/mongodb-profile,13.39,162.75,400.43,0.0586,4,153,318.7058,1.4005,341.6474,0.0246,A
102,hotel2/mongodb-geo,12.7,161.96,400.43,0.0391,2,176,318.7058,1.4005,341.6474,0.0205,A
102,es-stress-d2/elasticsearch-dynamic-0,8.16,208360.29,1414.09,0.0,0,627,318.7058,111.3955,341.6474,0.0123,A
102,es-stress-d3/elasticsearch-dynamic-0,9.38,208348.75,1414.09,0.0039,1,458,318.7058,111.3993,341.6474,0.0123,A
102,es-stress-d4/elasticsearch-dynamic-0,11.9,208356.92,1414.09,0.0078,2,482,318.7058,111.4243,341.6474,0.0164,A
102,hotel1/consul,25.43,27.57,212.87,0.0,0,1835,343.2882,1.4005,341.6474,0.0492,A
102,hotel1/frontend,9977.02,116.98,1119.14,0.0,0,621537,116275.9189,81.7704,341.6474,16.7,A
102,hotel1/geo,947.32,21.28,1119.06,0.0,0,1708,319.5293,7.7696,341.6474,1.74,A
102,hotel1/jaeger,0.41,14.83,81.01,0.0,0,0,318.7058,1.4005,1.4887,0.0,A
102,hotel1/memcached-profile,321.62,7.76,79.27,0.0,0,1787,334.3084,2.6381,341.6474,0.57,A
102,hotel1/memcached-rate,209.33,7.55,79.27,0.0,0,1456,318.7058,1.7184,341.6474,0.377,A
102,hotel1/memcached-reserve,263.27,7.38,79.27,0.0,0,1018,318.7058,2.16,341.6474,0.484,A
102,hotel1/mongodb-geo,11.17,161.38,400.43,0.0,0,246,318.7058,1.4005,341.6474,0.0164,A
102,hotel1/mongodb-profile,11.59,162.26,400.43,0.0,0,268,318.7058,1.4005,341.6474,0.0164,A
102,hotel1/mongodb-rate,12.99,163.39,400.43,0.0391,1,151,318.7058,1.4005,341.6474,0.0164,A
102,hotel1/mongodb-recommendation,13.29,161.0,400.43,0.0391,1,268,318.7058,1.4005,341.6474,0.0246,A
102,es-stress-d/elasticsearch-dynamic-0,7.64,208352.93,1414.09,0.0,0,791,318.7058,111.3873,341.6474,0.0123,A
102,hotel1/mongodb-user,12.92,162.01,400.43,0.0391,1,172,318.7058,1.4005,341.6474,0.0246,A
102,hotel2/memcached-reserve,264.58,7.77,79.27,0.0,0,1097,318.7058,2.171,341.6474,0.464,A
102,hotel2/memcached-rate,201.39,7.51,79.27,0.0,0,1721,321.9613,1.6533,341.6474,0.361,A
102,hotel2/memcached-profile,309.84,8.05,79.27,0.0,0,1236,318.7058,2.5418,341.6474,0.558,A
102,hotel2/jaeger,0.34,14.6,81.01,0.0,0,0,318.7058,1.4005,1.4887,0.0,A
102,hotel1/mongodb-reservation,1784.08,248.95,400.43,0.0391,20,6975,1304.8693,14.7439,341.6474,3.65,A
102,hotel2/frontend,9776.36,108.24,1119.14,0.0,0,730206,136605.5016,80.1224,341.6474,16.3,A
102,hotel2/geo,923.73,24.62,1119.06,0.0,0,2033,380.3296,7.5781,341.6474,1.67,A
102,hotel1/user,62.34,16.04,1119.06,0.0,0,1062,318.7058,1.4005,341.6474,0.0985,A
102,hotel1/search,2586.63,30.89,1119.06,0.0,0,5402,1010.5955,21.2,341.6474,4.59,A
102,hotel1/reservation,3959.99,60.53,1119.06,0.0,0,195182,36514.2645,32.4631,341.6474,7.38,A
102,hotel1/recommendation,622.84,19.45,1119.06,0.0,0,1605,318.7058,5.1112,341.6474,1.14,A
102,hotel1/rate,1812.42,32.03,1119.14,0.0,0,2428,454.2255,14.8601,341.6474,3.08,A
102,hotel1/profile,4066.48,41.05,1119.06,0.0,0,62214,11638.8727,33.3248,341.6474,6.99,A
102,hotel2/consul,29.01,27.06,212.87,0.0,0,1110,318.7058,1.4005,341.6474,0.0451,A
103,hotel2/user,62.27,15.75,1119.06,0.0,0,872,318.7058,1.4005,347.0128,0.0847,A
103,hotel2/mongodb-reservation,2825.89,257.24,400.43,0.0,0,162096,29902.4551,23.4957,347.0128,2.29,A
103,hotel2/reservation,4549.55,64.21,1119.06,0.0,0,233927,43153.3882,37.6357,347.0128,6.48,A
103,hotel2/recommendation,610.97,19.28,1119.06,0.0,0,1573,318.7058,5.06,347.0128,0.906,A
103,hotel2/rate,1871.6,27.44,1119.14,0.0,0,2760,509.1475,15.4832,347.0128,2.75,A
103,hotel2/profile,4201.2,45.38,1119.06,0.0,0,189727,34999.649,34.7464,347.0128,5.89,A
103,hotel2/mongodb-user,10.89,161.0,400.43,0.0,0,304,318.7058,1.4005,347.0128,0.0184,A
103,hotel2/search,2548.35,27.11,1119.06,0.0,0,4080,752.6529,21.0761,347.0128,3.82,A
103,hotel2/mongodb-recommendation,11.73,160.67,400.43,0.0,0,201,318.7058,1.4005,347.0128,0.0184,A
103,hotel2/mongodb-rate,11.7,164.99,400.43,0.0,0,260,318.7058,1.4005,347.0128,0.0184,A
103,hotel2/mongodb-profile,11.36,162.56,400.43,0.0,0,146,318.7058,1.4005,347.0128,0.0184,A
103,hotel2/mongodb-geo,11.54,161.96,400.43,0.0,0,261,318.7058,1.4005,347.0128,0.0147,A
103,es-stress-d2/elasticsearch-dynamic-0,10.74,208360.29,1414.09,0.0078,3,475,318.7058,113.9913,347.0128,0.0147,A
103,es-stress-d3/elasticsearch-dynamic-0,10.55,208348.75,1414.09,0.0,0,547,318.7058,113.9835,347.0128,0.0221,A
103,es-stress-d4/elasticsearch-dynamic-0,8.38,208356.92,1414.09,0.0,0,725,318.7058,113.97,347.0128,0.0221,A
103,hotel1/consul,25.33,27.6,212.87,0.0,0,1929,355.8498,1.4005,347.0128,0.0368,A
103,hotel1/frontend,9902.83,122.98,1119.14,0.0,0,709773,130934.4788,81.911,347.0128,15.1,A
103,hotel1/geo,934.51,19.83,1119.06,0.0,0,1762,325.0427,7.7343,347.0128,1.44,A
103,hotel1/jaeger,0.38,14.83,81.01,0.0,0,0,318.7058,1.4005,1.4887,0.0,A
103,hotel1/memcached-profile,308.99,7.7,79.27,0.0,0,1421,318.7058,2.5579,347.0128,0.49,A
103,hotel1/memcached-rate,207.91,8.03,79.27,0.0,0,1317,318.7058,1.7227,347.0128,0.331,A
103,hotel1/memcached-reserve,256.57,7.1,79.27,0.0,0,920,318.7058,2.1244,347.0128,0.398,A
103,hotel1/mongodb-geo,12.22,161.62,400.43,0.0391,1,200,318.7058,1.4005,347.0128,0.0184,A
103,hotel1/mongodb-profile,12.45,162.26,400.43,0.0391,1,108,318.7058,1.4005,347.0128,0.0147,A
103,hotel1/mongodb-rate,11.49,163.39,400.43,0.0,0,196,318.7058,1.4005,347.0128,0.0147,A
103,hotel1/mongodb-recommendation,11.22,161.0,400.43,0.0,0,458,318.7058,1.4005,347.0128,0.0184,A
103,es-stress-d/elasticsearch-dynamic-0,10.21,208352.93,1414.09,0.0312,11,447,318.7058,113.9829,347.0128,0.0147,A
103,hotel1/mongodb-user,11.71,162.01,400.43,0.0,0,158,318.7058,1.4005,347.0128,0.0184,A
103,hotel2/memcached-reserve,282.27,7.57,79.27,0.0,0,988,318.7058,2.337,347.0128,0.39,A
103,hotel2/memcached-rate,208.88,7.51,79.27,0.0,0,1702,318.7058,1.7304,347.0128,0.331,A
103,hotel2/memcached-profile,327.0,8.02,79.27,0.0,0,1408,318.7058,2.7069,347.0128,0.479,A
103,hotel2/jaeger,0.32,14.6,81.01,0.0,0,0,318.7058,1.4005,1.4887,0.0037,A
103,hotel1/mongodb-reservation,2165.52,249.26,400.43,0.1055,18,13053,2407.9357,18.0336,347.0128,2.01,A
103,hotel2/frontend,9849.11,119.74,1119.14,0.0,0,595909,109929.561,81.4652,347.0128,14.4,A
103,hotel2/geo,1010.69,20.43,1119.06,0.0,0,1725,318.7058,8.3642,347.0128,1.51,A
103,hotel1/user,57.6,16.29,1119.06,0.0,0,1085,318.7058,1.4005,347.0128,0.0884,A
103,hotel1/search,2570.88,30.23,1119.06,0.0,0,2917,538.1099,21.264,347.0128,3.89,A
103,hotel1/reservation,4021.4,58.3,1119.06,0.0,0,161057,29710.7869,33.2675,347.0128,6.0,A
103,hotel1/recommendation,617.24,20.36,1119.06,0.0,0,2072,382.2296,5.1124,347.0128,0.972,A
103,hotel1/rate,1737.9,29.35,1119.14,0.0,0,2258,416.5417,14.3792,347.0128,2.69,A
103,hotel1/profile,3979.91,40.16,1119.06,0.0,0,45372,8369.9425,32.9146,347.0128,6.07,A
103,hotel2/consul,28.78,27.06,212.87,0.0,0,1344,318.7058,1.4005,347.0128,0.0442,A
104,hotel2/user,60.78,15.95,1119.06,0.0,0,1025,318.7058,1.4005,352.5109,0.079,A
104,hotel2/mongodb-reservation,2457.37,257.37,400.43,0.0977,10,138394,23598.711,20.5547,352.5109,3.61,A
104,hotel2/reservation,4365.37,62.75,1119.06,0.0,0,207239,35338.044,36.2983,352.5109,6.48,A
104,hotel2/recommendation,595.79,19.46,1119.06,0.0,0,3028,516.3294,4.96,352.5109,0.992,A
104,hotel2/rate,1846.66,32.11,1119.14,0.0,0,2929,499.4481,15.3581,352.5109,2.71,A
104,hotel2/profile,4176.52,47.36,1119.06,0.0,0,164309,28017.693,34.721,352.5109,6.58,A
104,hotel2/mongodb-user,13.18,161.0,400.43,0.0391,2,143,318.7058,1.4005,352.5109,0.0216,A
104,hotel2/search,2613.05,28.64,1119.06,0.0,0,3143,535.939,21.7227,352.5109,3.8,A
104,hotel2/mongodb-recommendation,13.88,160.67,400.43,0.0391,2,122,318.7058,1.4005,352.5109,0.018,A
104,hotel2/mongodb-rate,13.27,164.99,400.43,0.0391,2,341,318.7058,1.4005,352.5109,0.0216,A
104,hotel2/mongodb-profile,12.57,162.56,400.43,0.0703,4,2127,362.6924,1.4005,352.5109,0.0216,A
104,hotel2/mongodb-geo,13.39,161.96,400.43,0.0391,2,753,318.7058,1.4005,352.5109,0.018,A
104,es-stress-d2/elasticsearch-dynamic-0,7.97,208360.29,1414.09,0.0,0,571,318.7058,114.1738,352.5109,0.018,A
104,es-stress-d3/elasticsearch-dynamic-0,7.93,208348.75,1414.09,0.0078,3,986,318.7058,114.1671,352.5109,0.0072,A
104,es-stress-d4/elasticsearch-dynamic-0,10.83,208356.92,1414.09,0.0312,11,582,318.7058,114.1957,352.5109,0.0108,A
104,hotel1/consul,26.58,27.63,212.87,0.0,0,1682,318.7058,1.4005,352.5109,0.0359,A
104,hotel1/frontend,9866.48,110.2,1119.14,0.0,0,534483,91139.1378,82.0229,352.5109,14.6,A
104,hotel1/geo,983.52,20.54,1119.06,0.0,0,2319,395.432,8.1815,352.5109,1.51,A
104,hotel1/jaeger,0.34,14.83,81.01,0.0,0,0,318.7058,1.4005,1.4887,0.0036,A
104,hotel1/memcached-profile,311.35,7.71,79.27,0.0,0,1627,318.7058,2.5907,352.5109,0.517,A
104,hotel1/memcached-rate,210.99,7.52,79.27,0.0,0,1521,318.7058,1.7568,352.5109,0.334,A
104,hotel1/memcached-reserve,263.3,7.18,79.27,0.0,0,1037,318.7058,2.1912,352.5109,0.438,A
104,hotel1/mongodb-geo,11.89,161.63,400.43,0.0,0,164,318.7058,1.4005,352.5109,0.0144,A
104,hotel1/mongodb-profile,11.99,162.26,400.43,0.0,0,214,318.7058,1.4005,352.5109,0.018,A
104,hotel1/mongodb-rate,13.35,163.39,400.43,0.0391,1,173,318.7058,1.4005,352.5109,0.018,A
104,hotel1/mongodb-recommendation,13.4,161.01,400.43,0.0391,1,126,318.7058,1.4005,352.5109,0.0216,A
104,es-stress-d/elasticsearch-dynamic-0,7.27,208352.93,1414.09,0.0,0,676,318.7058,114.1639,352.5109,0.0108,A
104,hotel1/mongodb-user,13.15,162.01,400.43,0.0391,1,3304,563.3925,1.4005,352.5109,0.0216,A
104,hotel2/memcached-reserve,280.12,7.36,79.27,0.0,0,926,318.7058,2.331,352.5109,0.417,A
104,hotel2/memcached-rate,212.83,7.5,79.27,0.0,0,1791,318.7058,1.7721,352.5109,0.32,A
104,hotel2/memcached-profile,328.61,7.85,79.27,0.0,0,1541,318.7058,2.7341,352.5109,0.507,A
104,hotel2/jaeger,0.29,14.6,81.01,0.0,0,0,318.7058,1.4005,1.4887,0.0,A
104,hotel1/mongodb-reservation,2132.52,248.91,400.43,0.0156,8,53376,9101.5853,17.8515,352.5109,3.35,A
104,hotel2/frontend,9825.45,116.63,1119.14,0.0,0,624390,106469.9275,81.6856,352.5109,14.3,A
104,hotel2/geo,1040.61,20.65,1119.06,0.0,0,2125,362.3514,8.6558,352.5109,1.46,A
104,hotel1/user,55.2,16.1,1119.06,0.0,0,1107,318.7058,1.4005,352.5109,0.101,A
104,hotel1/search,2619.48,31.19,1119.06,0.0,0,3640,620.6866,21.7776,352.5109,4.16,A
104,hotel1/reservation,4235.3,55.43,1119.06,0.0,0,261688,44622.5955,35.2137,352.5109,6.42,A
104,hotel1/recommendation,612.64,17.61,1119.06,0.0,0,1885,321.427,5.099,352.5109,1.03,A
104,hotel1/rate,1677.51,30.21,1119.14,0.0,0,2712,462.4457,13.9519,352.5109,2.74,A
104,hotel1/profile,4144.33,42.2,1119.06,0.0,0,122822,20943.3998,34.4508,352.5109,6.18,A
104,hotel2/consul,28.36,27.31,212.87,0.0,0,1815,318.7058,1.4005,352.5109,0.0395,A
105,hotel2/user,55.12,15.95,1119.06,0.0,0,1196,318.7058,1.4005,353.6925,0.0922,A
105,hotel2/mongodb-reservation,1672.09,257.34,400.43,0.0078,4,27073,4981.5191,12.3365,353.6925,4.09,A
105,hotel2/reservation,4334.19,60.44,1119.06,0.0,0,225115,41421.8846,31.6837,353.6925,7.83,A
105,hotel2/recommendation,636.36,18.64,1119.06,0.0,0,1582,318.7058,4.6566,353.6925,1.08,A
105,hotel2/rate,1798.99,31.01,1119.14,0.0,0,2398,441.2397,13.1538,353.6925,3.28,A
105,hotel2/profile,4313.72,44.64,1119.06,0.0,0,205228,37762.6126,31.5265,353.6925,7.29,A
105,hotel2/mongodb-user,11.46,161.0,400.43,0.0,0,316,318.7058,1.4005,353.6925,0.0176,A
105,hotel2/search,2481.17,26.77,1119.06,0.0,0,3614,664.9876,18.134,353.6925,4.51,A
105,hotel2/mongodb-recommendation,11.74,160.67,400.43,0.0,0,147,318.7058,1.4005,353.6925,0.0219,A
105,hotel2/mongodb-rate,11.74,164.99,400.43,0.0,0,356,318.7058,1.4005,353.6925,0.0263,A
105,hotel2/mongodb-profile,11.83,162.56,400.43,0.0,0,111,318.7058,1.4005,353.6925,0.0219,A
105,hotel2/mongodb-geo,11.69,161.96,400.43,0.0,0,326,318.7058,1.4005,353.6925,0.0219,A
105,es-stress-d2/elasticsearch-dynamic-0,10.3,208360.29,1414.09,0.0039,1,558,318.7058,100.9187,353.6925,0.0263,A
105,es-stress-d3/elasticsearch-dynamic-0,9.82,208348.75,1414.09,0.0,0,631,318.7058,100.9096,353.6925,0.0263,A
105,es-stress-d4/elasticsearch-dynamic-0,9.06,208356.92,1414.09,0.0,0,964,318.7058,100.908,353.6925,0.0351,A
105,hotel1/consul,26.32,27.66,212.87,0.0,0,1452,318.7058,1.4005,353.6925,0.0483,A
105,hotel1/frontend,9988.49,111.12,1119.14,0.0,0,579793,106683.7783,73.0039,353.6925,17.8,A
105,hotel1/geo,1036.28,21.23,1119.06,0.0,0,1910,351.4461,7.5787,353.6925,1.74,A
105,hotel1/jaeger,0.33,14.83,81.01,0.0,0,0,318.7058,1.4005,1.4887,0.0,A
105,hotel1/memcached-profile,344.91,7.67,79.27,0.0,0,1252,318.7058,2.5227,353.6925,0.562,A
105,hotel1/memcached-rate,217.19,7.5,79.27,0.0,0,1337,318.7058,1.5899,353.6925,0.391,A
105,hotel1/memcached-reserve,273.73,7.08,79.27,0.0,0,917,318.7058,2.0026,353.6925,0.465,A
105,hotel1/mongodb-geo,12.84,161.52,400.43,0.0391,1,255,318.7058,1.4005,353.6925,0.0219,A
105,hotel1/mongodb-profile,12.79,162.26,400.43,0.0391,1,133,318.7058,1.4005,353.6925,0.0219,A
105,hotel1/mongodb-rate,11.32,163.58,400.43,0.0,0,135,318.7058,1.4005,353.6925,0.0219,A
105,hotel1/mongodb-recommendation,11.33,161.0,400.43,0.0,0,142,318.7058,1.4005,353.6925,0.0219,A
105,es-stress-d/elasticsearch-dynamic-0,9.81,208352.93,1414.09,0.0039,1,782,318.7058,100.9115,353.6925,0.0307,A
105,hotel1/mongodb-user,11.84,162.01,400.43,0.0,0,578,318.7058,1.4005,353.6925,0.0219,A
105,hotel2/memcached-reserve,271.03,7.55,79.27,0.0,0,893,318.7058,1.9831,353.6925,0.496,A
105,hotel2/memcached-rate,214.49,7.5,79.27,0.0,0,1693,318.7058,1.5701,353.6925,0.382,A
105,hotel2/memcached-profile,316.85,8.05,79.27,0.0,0,1620,318.7058,2.318,353.6925,0.562,A
105,hotel2/jaeger,0.29,14.6,81.01,0.0,0,0,318.7058,1.4005,1.4887,0.0,A
105,hotel1/mongodb-reservation,2744.76,249.14,400.43,0.1016,16,149881,27578.5865,20.1667,353.6925,3.62,A
105,hotel2/frontend,9655.87,118.39,1119.14,0.0,0,539411,99253.3603,70.5782,353.6925,17.0,A
105,hotel2/geo,993.57,19.45,1119.06,0.0,0,1891,347.9501,7.2659,353.6925,1.71,A
105,hotel1/user,63.17,16.11,1119.06,0.0,0,919,318.7058,1.4005,353.6925,0.127,A
105,hotel1/search,2671.58,29.88,1119.06,0.0,0,2999,551.8257,19.5261,353.6925,4.75,A
105,hotel1/reservation,4185.95,57.38,1119.06,0.0,0,244292,44950.5144,30.5995,353.6925,7.62,A
105,hotel1/recommendation,693.08,18.32,1119.06,0.0,0,1829,336.5419,5.0707,353.6925,1.13,A
105,hotel1/rate,1918.08,29.39,1119.14,0.0,0,2812,517.4171,14.0228,353.6925,3.29,A
105,hotel1/profile,4328.97,40.16,1119.06,0.0,0,55017,10123.3051,31.6357,353.6925,7.18,A
105,hotel2/consul,28.46,27.06,212.87,0.0,0,1213,318.7058,1.4005,353.6925,0.0483,A
106,hotel2/user,60.37,16.39,1119.06,0.0,0,966,318.7058,1.4005,346.8644,0.0939,A
106,hotel2/mongodb-reservation,1829.27,257.35,400.43,0.0859,10,15908,2938.9088,16.6811,346.8644,4.98,A
106,hotel2/reservation,4339.59,61.19,1119.06,0.0,0,293777,54273.5616,39.2476,346.8644,6.21,A
106,hotel2/recommendation,606.55,19.37,1119.06,0.0,0,2351,434.3333,5.4921,346.8644,0.906,A
106,hotel2/rate,1687.22,28.11,1119.14,0.0,0,2912,537.9748,15.2619,346.8644,2.65,A
106,hotel2/profile,4242.91,47.53,1119.06,0.0,0,197763,36535.5435,38.3659,346.8644,6.01,A
106,hotel2/mongodb-user,12.97,161.0,400.43,0.0664,4,158,318.7058,1.4005,346.8644,0.018,A
106,hotel2/search,2513.28,32.61,1119.06,0.0,0,3251,600.603,22.7286,346.8644,3.62,A
106,hotel2/mongodb-recommendation,12.83,160.92,400.43,0.0391,2,206,318.7058,1.4005,346.8644,0.0217,A
106,hotel2/mongodb-rate,12.78,164.99,400.43,0.0391,2,135,318.7058,1.4005,346.8644,0.0217,A
106,hotel2/mongodb-profile,12.68,162.56,400.43,0.0391,2,185,318.7058,1.4005,346.8644,0.018,A
106,hotel2/mongodb-geo,13.4,161.96,400.43,0.0391,2,162,318.7058,1.4005,346.8644,0.018,A
106,es-stress-d2/elasticsearch-dynamic-0,7.67,208360.29,1414.09,0.0117,4,436,318.7058,123.4078,346.8644,0.0108,A
106,es-stress-d3/elasticsearch-dynamic-0,7.45,208348.75,1414.09,0.0234,9,529,318.7058,123.399,346.8644,0.018,A
106,es-stress-d4/elasticsearch-dynamic-0,9.21,208356.92,1414.09,0.0039,1,841,318.7058,123.4197,346.8644,0.018,A
106,hotel1/consul,26.45,27.69,212.87,0.0,0,1573,318.7058,1.4005,346.8644,0.0397,A
106,hotel1/frontend,10008.45,118.16,1119.14,0.0,0,604505,111678.7201,90.5036,346.8644,14.4,A
106,hotel1/geo,1020.28,22.01,1119.06,0.0,0,1685,318.7058,9.232,346.8644,1.44,A
106,hotel1/jaeger,0.37,14.83,81.01,0.0,0,0,318.7058,1.4005,1.4887,0.0,A
106,hotel1/memcached-profile,342.93,7.78,79.27,0.0,0,1671,318.7058,3.1032,346.8644,0.473,A
106,hotel1/memcached-rate,221.22,7.55,79.27,0.0,0,1410,318.7058,2.0034,346.8644,0.314,A
106,hotel1/memcached-reserve,274.16,7.14,79.27,0.0,0,996,318.7058,2.4815,346.8644,0.379,A
106,hotel1/mongodb-geo,11.48,161.38,400.43,0.0,0,194,318.7058,1.4005,346.8644,0.0144,A
106,hotel1/mongodb-profile,12.11,162.51,400.43,0.0,0,179,318.7058,1.4005,346.8644,0.018,A
106,hotel1/mongodb-rate,12.98,163.39,400.43,0.0391,1,218,318.7058,1.4005,346.8644,0.018,A
106,hotel1/mongodb-recommendation,12.91,161.0,400.43,0.0391,1,146,318.7058,1.4005,346.8644,0.0217,A
106,es-stress-d/elasticsearch-dynamic-0,7.71,208352.93,1414.09,0.0,0,538,318.7058,123.4038,346.8644,0.0144,A
106,hotel1/mongodb-user,12.99,162.01,400.43,0.0391,1,147,318.7058,1.4005,346.8644,0.0217,A
106,hotel2/memcached-reserve,259.37,7.28,79.27,0.0,0,924,318.7058,2.3479,346.8644,0.39,A
106,hotel2/memcached-rate,200.45,7.49,79.27,0.0,0,1356,318.7058,1.8156,346.8644,0.3,A
106,hotel2/memcached-profile,307.98,9.01,79.27,0.0,0,1379,318.7058,2.7882,346.8644,0.462,A
106,hotel2/jaeger,0.33,14.6,81.01,0.0,0,0,318.7058,1.4005,1.4887,0.0,A
106,hotel1/mongodb-reservation,2666.15,248.6,400.43,0.0234,10,179552,33171.1691,24.2378,346.8644,2.9,A
106,hotel2/frontend,9508.07,110.57,1119.14,0.0,0,462182,85385.3884,85.9778,346.8644,14.3,A
106,hotel2/geo,945.0,21.66,1119.06,0.0,0,2120,391.6574,8.5516,346.8644,1.34,A
106,hotel1/user,64.02,16.36,1119.06,0.0,0,1087,318.7058,1.4005,346.8644,0.0902,A
106,hotel1/search,2651.64,27.23,1119.06,0.0,0,3298,609.286,23.9756,346.8644,3.89,A
106,hotel1/reservation,4085.07,55.6,1119.06,0.0,0,130328,24077.3265,36.9445,346.8644,5.91,A
106,hotel1/recommendation,637.17,19.08,1119.06,0.0,0,2071,382.605,5.7686,346.8644,0.939,A
106,hotel1/rate,1927.59,29.48,1119.14,0.0,0,2772,512.1106,17.4346,346.8644,2.57,A
106,hotel1/profile,4177.51,42.88,1119.06,0.0,0,59063,10911.5396,37.7722,346.8644,6.02,A
106,hotel2/consul,28.01,27.06,212.87,0.0,0,1415,318.7058,1.4005,346.8644,0.0397,A
107,hotel2/user,58.73,16.49,1119.06,0.0,0,899,318.7058,1.4005,363.4076,0.103,A
107,hotel2/mongodb-reservation,1968.7,257.31,400.43,0.0039,2,57858,9691.2341,18.5291,363.4076,4.04,A
107,hotel2/reservation,4353.73,64.98,1119.06,0.0,0,353664,59238.837,40.6612,363.4076,6.94,A
107,hotel2/recommendation,638.22,18.03,1119.06,0.0,0,1856,318.7058,5.9659,363.4076,0.906,A
107,hotel2/rate,1855.59,27.64,1119.14,0.0,0,2719,455.4334,17.33,363.4076,2.77,A
107,hotel2/profile,4300.24,46.22,1119.06,0.0,0,241826,40505.935,40.1504,363.4076,6.36,A
107,hotel2/mongodb-user,11.85,161.0,400.43,0.0,0,302,318.7058,1.4005,363.4076,0.0191,A
107,hotel2/search,2650.19,27.91,1119.06,0.0,0,3361,562.9686,24.7439,363.4076,4.0,A
107,hotel2/mongodb-recommendation,11.72,160.92,400.43,0.0,0,125,318.7058,1.4005,363.4076,0.0153,A
107,hotel2/mongodb-rate,11.97,165.0,400.43,0.0,0,205,318.7058,1.4005,363.4076,0.0191,A
107,hotel2/mongodb-profile,11.74,162.56,400.43,0.0,0,151,318.7058,1.4005,363.4076,0.0153,A
107,hotel2/mongodb-geo,11.76,161.96,400.43,0.0,0,108,318.7058,1.4005,363.4076,0.0191,A
107,es-stress-d2/elasticsearch-dynamic-0,11.86,208360.54,1414.09,0.0156,6,443,318.7058,130.5379,363.4076,0.0191,A
107,es-stress-d3/elasticsearch-dynamic-0,10.32,208348.75,1414.09,0.0,0,731,318.7058,130.5162,363.4076,0.0191,A
107,es-stress-d4/elasticsearch-dynamic-0,8.94,208356.92,1414.09,0.0,0,600,318.7058,130.5084,363.4076,0.0153,A
107,hotel1/consul,26.29,27.73,212.87,0.0,0,1953,327.1281,1.4005,363.4076,0.0382,A
107,hotel1/frontend,10008.81,112.62,1119.14,0.0,0,724892,121419.6499,93.4531,363.4076,15.5,A
107,hotel1/geo,1013.42,20.31,1119.06,0.0,0,2309,386.7583,9.468,363.4076,1.42,A
107,hotel1/jaeger,0.47,14.83,81.01,0.0,0,0,318.7058,1.4005,1.4887,0.0,A
107,hotel1/memcached-profile,344.67,7.71,79.27,0.0,0,1440,318.7058,3.2206,363.4076,0.474,A
107,hotel1/memcached-rate,218.49,7.52,79.27,0.0,0,1278,318.7058,2.0432,363.4076,0.317,A
107,hotel1/memcached-reserve,268.66,9.62,79.27,0.0,0,1236,318.7058,2.5126,363.4076,0.394,A
107,hotel1/mongodb-geo,12.96,161.38,400.43,0.0391,1,134,318.7058,1.4005,363.4076,0.0229,A
107,hotel1/mongodb-profile,13.29,162.52,400.43,0.0391,1,135,318.7058,1.4005,363.4076,0.0229,A
107,hotel1/mongodb-rate,11.58,163.39,400.43,0.0,0,262,318.7058,1.4005,363.4076,0.0115,A
107,hotel1/mongodb-recommendation,11.3,161.0,400.43,0.0,0,226,318.7058,1.4005,363.4076,0.0153,A
107,es-stress-d/elasticsearch-dynamic-0,12.06,208352.93,1414.09,0.0039,1,407,318.7058,130.535,363.4076,0.0191,A
107,hotel1/mongodb-user,12.3,162.01,400.43,0.0,0,341,318.7058,1.4005,363.4076,0.0191,A
107,hotel2/memcached-reserve,267.99,7.75,79.27,0.0,0,912,318.7058,2.5052,363.4076,0.428,A
107,hotel2/memcached-rate,210.05,7.51,79.27,0.0,0,1804,318.7058,1.9645,363.4076,0.325,A
107,hotel2/memcached-profile,322.09,7.77,79.27,0.0,0,1773,318.7058,3.01,363.4076,0.509,A
107,hotel2/jaeger,0.36,14.6,81.01,0.0,0,0,318.7058,1.4005,1.4887,0.0,A
107,hotel1/mongodb-reservation,2928.96,249.22,400.43,0.1094,19,255248,42754.1245,27.4833,363.4076,3.21,A
107,hotel2/frontend,9629.19,106.13,1119.14,0.0,0,606415,101574.7132,89.9072,363.4076,15.1,A
107,hotel2/geo,1027.61,25.48,1119.06,0.0,0,2034,340.6957,9.6036,363.4076,1.57,A
107,hotel1/user,63.75,16.75,1119.06,0.0,0,948,318.7058,1.4005,363.4076,0.0918,A
107,hotel1/search,2664.94,28.5,1119.06,0.0,0,3336,558.7811,24.8818,363.4076,3.88,A
107,hotel1/reservation,4279.89,61.17,1119.06,0.0,0,156859,26273.9344,39.9699,363.4076,6.24,A
107,hotel1/recommendation,678.16,19.11,1119.06,0.0,0,2223,372.3532,6.3392,363.4076,0.941,A
107,hotel1/rate,1836.44,30.72,1119.14,0.0,0,2528,423.4408,17.1533,363.4076,2.76,A
107,hotel1/profile,4301.99,43.02,1119.06,0.0,0,41000,6867.5136,40.1647,363.4076,6.05,A
107,hotel2/consul,30.57,27.06,212.87,0.0,0,1830,318.7058,1.4005,363.4076,0.0421,A
108,hotel2/user,61.44,16.8,1119.06,0.0,0,1046,318.7058,1.4005,353.6735,0.0859,A
108,hotel2/mongodb-reservation,1739.43,257.5,400.43,0.0977,8,8589,1720.3917,13.349,353.6735,3.6,A
108,hotel2/reservation,4482.23,64.83,1119.06,0.0,0,258854,51848.907,34.0974,353.6735,6.28,A
108,hotel2/recommendation,650.93,19.7,1119.06,0.0,0,2177,436.0569,4.9569,353.6735,0.873,A
108,hotel2/rate,1927.44,29.43,1119.14,0.0,0,2664,533.6038,14.6633,353.6735,2.67,A
108,hotel2/profile,4224.51,44.63,1119.06,0.0,0,169066,33864.2142,32.1286,353.6735,6.06,A
108,hotel2/mongodb-user,13.51,161.0,400.43,0.0391,2,103,318.7058,1.4005,353.6735,0.0172,A
108,hotel2/search,2651.35,29.44,1119.06,0.0,0,3095,619.9339,20.165,353.6735,3.63,A
108,hotel2/mongodb-recommendation,14.05,160.92,400.43,0.0391,2,143,318.7058,1.4005,353.6735,0.0172,A
108,hotel2/mongodb-rate,13.32,164.99,400.43,0.043,4,288,318.7058,1.4005,353.6735,0.0172,A
108,hotel2/mongodb-profile,13.75,162.56,400.43,0.0391,2,159,318.7058,1.4005,353.6735,0.0172,A
108,hotel2/mongodb-geo,13.58,161.96,400.43,0.0391,2,199,318.7058,1.4005,353.6735,0.0206,A
108,es-stress-d2/elasticsearch-dynamic-0,8.38,208360.29,1414.09,0.0,0,593,318.7058,104.8021,353.6735,0.0103,A
108,es-stress-d3/elasticsearch-dynamic-0,10.15,208348.75,1414.09,0.0039,1,469,318.7058,104.8097,353.6735,0.0103,A
108,es-stress-d4/elasticsearch-dynamic-0,11.67,208356.92,1414.09,0.0039,1,594,318.7058,104.8254,353.6735,0.0137,A
108,hotel1/consul,26.93,27.75,212.87,0.0,0,1901,380.7736,1.4005,353.6735,0.0378,A
108,hotel1/frontend,9920.13,117.82,1119.14,0.0,0,701441,140499.8539,75.4518,353.6735,13.7,A
108,hotel1/geo,963.49,21.09,1119.06,0.0,0,1717,343.9181,7.3331,353.6735,1.39,A
108,hotel1/jaeger,0.29,14.83,81.01,0.0,0,0,318.7058,1.4005,1.4887,0.0034,A
108,hotel1/memcached-profile,328.32,7.99,79.27,0.0,0,1647,329.897,2.4992,353.6735,0.44,A
108,hotel1/memcached-rate,212.53,7.53,79.27,0.0,0,1427,318.7058,1.619,353.6735,0.295,A
108,hotel1/memcached-reserve,266.25,7.64,79.27,0.0,0,1132,318.7058,2.0273,353.6735,0.381,A
108,hotel1/mongodb-geo,11.6,161.38,400.43,0.0,0,139,318.7058,1.4005,353.6735,0.0172,A
108,hotel1/mongodb-profile,11.81,162.52,400.43,0.0,0,156,318.7058,1.4005,353.6735,0.0137,A
108,hotel1/mongodb-rate,13.63,163.39,400.43,0.0391,1,226,318.7058,1.4005,353.6735,0.0172,A
108,hotel1/mongodb-recommendation,13.52,161.0,400.43,0.0391,1,186,318.7058,1.4005,353.6735,0.0137,A
108,es-stress-d/elasticsearch-dynamic-0,8.41,208352.93,1414.09,0.0,0,419,318.7058,104.7986,353.6735,0.0069,A
108,hotel1/mongodb-user,13.31,162.01,400.43,0.0391,1,111,318.7058,1.4005,353.6735,0.0172,A
108,hotel2/memcached-reserve,278.55,7.27,79.27,0.0,0,1118,318.7058,2.1206,353.6735,0.398,A
108,hotel2/memcached-rate,224.47,7.5,79.27,0.0,0,1570,318.7058,1.7097,353.6735,0.302,A
108,hotel2/memcached-profile,325.95,7.75,79.27,0.0,0,1216,318.7058,2.4811,353.6735,0.46,A
108,hotel2/jaeger,0.29,14.6,81.01,0.0,0,0,318.7058,1.4005,1.4887,0.0,A
108,hotel1/mongodb-reservation,2491.31,249.1,400.43,0.0312,15,124970,25031.7086,19.0591,353.6735,3.04,A
108,hotel2/frontend,9871.13,124.96,1119.14,0.0,0,616312,123448.3669,75.083,353.6735,13.7,A
108,hotel2/geo,998.64,19.2,1119.06,0.0,0,2452,491.1399,7.5993,353.6735,1.48,A
108,hotel1/user,64.48,16.09,1119.06,0.0,0,902,318.7058,1.4005,353.6735,0.079,A
108,hotel1/search,2610.26,24.87,1119.06,0.0,0,3331,667.2051,19.8504,353.6735,3.74,A
108,hotel1/reservation,4130.35,57.41,1119.06,0.0,0,218404,43746.7016,31.4194,353.6735,5.97,A
108,hotel1/recommendation,643.5,20.66,1119.06,0.0,0,1697,339.9121,4.901,353.6735,0.921,A
108,hotel1/rate,1871.45,32.39,1119.14,0.0,0,2556,511.9713,14.2392,353.6735,2.4,A
108,hotel1/profile,4155.11,42.98,1119.06,0.0,0,42265,8465.7531,31.6003,353.6735,6.01,A
108,hotel2/consul,27.31,27.06,212.87,0.0,0,1254,318.7058,1.4005,353.6735,0.0378,A
109,hotel2/user,50.48,16.85,1119.06,0.0,0,918,318.7058,1.4005,351.0553,0.0852,A
109,hotel2/mongodb-reservation,1774.34,257.28,400.43,0.0039,2,14723,2632.6082,14.9359,351.0553,2.71,A
109,hotel2/reservation,4271.87,62.27,1119.06,0.0,0,222939,39863.5497,35.6557,351.0553,6.78,A
109,hotel2/recommendation,590.38,18.95,1119.06,0.0,0,1694,318.7058,4.9333,351.0553,1.01,A
109,hotel2/rate,1802.37,26.3,1119.14,0.0,0,2659,475.4537,15.0437,351.0553,2.69,A
109,hotel2/profile,4207.85,43.78,1119.06,0.0,0,209729,37501.4798,35.1117,351.0553,6.5,A
109,hotel2/mongodb-user,11.88,161.0,400.43,0.0,0,316,318.7058,1.4005,351.0553,0.0185,A
109,hotel2/search,2565.7,31.06,1119.06,0.0,0,3231,577.7326,21.4115,351.0553,3.82,A
109,hotel2/mongodb-recommendation,11.69,160.92,400.43,0.0,0,158,318.7058,1.4005,351.0553,0.0148,A
109,hotel2/mongodb-rate,12.12,164.99,400.43,0.0,0,170,318.7058,1.4005,351.0553,0.0148,A
109,hotel2/mongodb-profile,11.93,162.56,400.43,0.0,0,147,318.7058,1.4005,351.0553,0.0185,A
109,hotel2/mongodb-geo,11.59,161.96,400.43,0.0,0,277,318.7058,1.4005,351.0553,0.0148,A
109,es-stress-d2/elasticsearch-dynamic-0,12.22,208360.29,1414.09,0.0039,1,607,318.7058,113.7142,351.0553,0.0185,A
109,es-stress-d3/elasticsearch-dynamic-0,11.94,208348.75,1414.09,0.0,0,513,318.7058,113.7056,351.0553,0.0185,A
109,es-stress-d4/elasticsearch-dynamic-0,10.26,208356.92,1414.09,0.0,0,626,318.7058,113.696,351.0553,0.0185,A
109,hotel1/consul,26.09,27.79,212.87,0.0,0,1784,318.9957,1.4005,351.0553,0.0407,A
109,hotel1/frontend,9880.66,117.32,1119.14,0.0,0,663095,118567.5027,82.4555,351.0553,15.1,A
109,hotel1/geo,989.66,19.41,1119.06,0.0,0,1810,323.6447,8.263,351.0553,1.53,A
109,hotel1/jaeger,0.45,14.83,81.01,0.0,0,0,318.7058,1.4005,1.4887,0.0,A
109,hotel1/memcached-profile,319.62,7.98,79.27,0.0,0,1583,318.7058,2.6696,351.0553,0.496,A
109,hotel1/memcached-rate,212.75,7.52,79.27,0.0,0,1551,318.7058,1.7782,351.0553,0.319,A
109,hotel1/memcached-reserve,260.18,7.17,79.27,0.0,0,1030,318.7058,2.1735,351.0553,0.396,A
109,hotel1/mongodb-geo,13.13,161.38,400.43,0.0,0,104,318.7058,1.4005,351.0553,0.0185,A
109,hotel1/mongodb-profile,13.15,162.7,400.43,0.0,0,277,318.7058,1.4005,351.0553,0.0222,A
109,hotel1/mongodb-rate,12.62,163.39,400.43,0.0,0,154,318.7058,1.4005,351.0553,0.0148,A
109,hotel1/mongodb-recommendation,11.92,161.0,400.43,0.0,0,207,318.7058,1.4005,351.0553,0.0148,A
109,es-stress-d/elasticsearch-dynamic-0,12.5,208352.93,1414.09,0.0273,7,584,318.7058,113.7125,351.0553,0.0148,A
109,hotel1/mongodb-user,11.88,162.01,400.43,0.0,0,187,318.7058,1.4005,351.0553,0.0185,A
109,hotel2/memcached-reserve,268.54,7.3,79.27,0.0,0,1018,318.7058,2.2432,351.0553,0.422,A
109,hotel2/memcached-rate,209.34,7.74,79.27,0.0,0,1470,318.7058,1.7498,351.0553,0.326,A
109,hotel2/memcached-profile,315.39,8.03,79.27,0.0,0,1581,318.7058,2.6343,351.0553,0.478,A
109,hotel2/jaeger,0.3,14.6,81.01,0.0,0,0,318.7058,1.4005,1.4887,0.0,A
109,hotel1/mongodb-reservation,2646.75,249.34,400.43,0.0156,8,78761,14083.1933,22.2063,351.0553,4.42,A
109,hotel2/frontend,9749.62,113.63,1119.14,0.0,0,556468,99501.6115,81.3608,351.0553,14.4,A
109,hotel2/geo,975.59,21.11,1119.06,0.0,0,1779,318.7058,8.1466,351.0553,1.55,A
109,hotel1/user,63.42,16.09,1119.06,0.0,0,860,318.7058,1.4005,351.0553,0.1,A
109,hotel1/search,2602.51,27.62,1119.06,0.0,0,3069,548.7655,21.7165,351.0553,3.87,A
109,hotel1/reservation,4208.35,62.87,1119.06,0.0,0,207885,37171.7556,35.1263,351.0553,6.04,A
109,hotel1/recommendation,643.54,19.39,1119.06,0.0,0,2228,398.387,5.3768,351.0553,0.982,A
109,hotel1/rate,1862.18,33.04,1119.14,0.0,0,2510,448.8112,15.5461,351.0553,2.68,A
109,hotel1/profile,3989.48,41.07,1119.06,0.0,0,63202,11301.1006,33.2894,351.0553,6.13,A
109,hotel2/consul,32.87,27.2,212.87,0.0,0,1693,318.7058,1.4005,351.0553,0.0444,A
110,hotel2/user,57.27,15.64,1119.06,0.0,0,937,318.7058,1.4005,353.2473,0.0886,A
110,hotel2/mongodb-reservation,1756.17,257.95,400.43,0.1875,42,8170,1613.4325,14.4123,353.2473,2.96,A
110,hotel2/reservation,4372.22,61.81,1119.06,0.0,0,240504,47495.346,35.5707,353.2473,6.86,A
110,hotel2/recommendation,618.05,19.44,1119.06,0.0,0,2023,399.5072,5.0339,353.2473,0.912,A
110,hotel2/rate,1832.14,28.21,1119.14,0.0,0,2849,562.6278,14.9068,353.2473,2.39,A
110,hotel2/profile,4144.99,45.01,1119.06,0.0,0,151134,29846.3295,33.7148,353.2473,6.48,A
110,hotel2/mongodb-user,15.22,161.25,400.43,0.0547,18,174,318.7058,1.4005,353.2473,0.0208,A
110,hotel2/search,2471.0,27.8,1119.06,0.0,0,3183,628.587,20.0993,353.2473,3.84,A
110,hotel2/mongodb-recommendation,14.08,160.68,400.43,0.0469,12,203,318.7058,1.4005,353.2473,0.0208,A
110,hotel2/mongodb-rate,13.73,165.0,400.43,0.043,10,190,318.7058,1.4005,353.2473,0.0208,A
110,hotel2/mongodb-profile,14.56,162.56,400.43,0.0469,14,227,318.7058,1.4005,353.2473,0.0208,A
110,hotel2/mongodb-geo,14.62,161.96,400.43,0.0508,16,610,318.7058,1.4005,353.2473,0.0208,A
110,es-stress-d2/elasticsearch-dynamic-0,9.21,208360.29,1414.09,0.0,0,370,318.7058,111.5647,353.2473,0.0156,A
110,es-stress-d3/elasticsearch-dynamic-0,9.39,208348.75,1414.09,0.0039,1,262,318.7058,111.5599,353.2473,0.0052,A
110,es-stress-d4/elasticsearch-dynamic-0,9.49,208356.92,1414.09,0.0039,1,668,318.7058,111.5651,353.2473,0.0156,A
110,hotel1/consul,26.47,27.8,212.87,0.0,0,1960,387.0658,1.4005,353.2473,0.0417,A
110,hotel1/frontend,10033.09,120.32,1119.14,0.0,0,640628,126512.8586,81.6138,353.2473,15.1,A
110,hotel1/geo,951.34,20.36,1119.06,0.0,0,2043,403.4569,7.7434,353.2473,1.5,A
110,hotel1/jaeger,0.3,14.83,81.01,0.0,0,0,318.7058,1.4005,1.4887,0.0,A
110,hotel1/memcached-profile,323.36,7.7,79.27,0.0,0,1479,318.7058,2.6324,353.2473,0.516,A
110,hotel1/memcached-rate,221.58,7.55,79.27,0.0,0,1431,318.7058,1.8051,353.2473,0.339,A
110,hotel1/memcached-reserve,274.29,7.64,79.27,0.0,0,819,318.7058,2.2335,353.2473,0.427,A
110,hotel1/mongodb-geo,12.75,161.38,400.43,0.0469,8,232,318.7058,1.4005,353.2473,0.0208,A
110,hotel1/mongodb-profile,12.56,162.27,400.43,0.043,7,255,318.7058,1.4005,353.2473,0.0156,A
110,hotel1/mongodb-rate,12.64,163.39,400.43,0.043,7,357,318.7058,1.4005,353.2473,0.0208,A
110,hotel1/mongodb-recommendation,14.1,161.01,400.43,0.0469,8,315,318.7058,1.4005,353.2473,0.0208,A
110,es-stress-d/elasticsearch-dynamic-0,8.97,208352.93,1414.09,0.0,0,573,318.7058,111.5588,353.2473,0.0104,A
110,hotel1/mongodb-user,14.48,162.02,400.43,0.0508,10,168,318.7058,1.4005,353.2473,0.0156,A
110,hotel2/memcached-reserve,267.32,7.34,79.27,0.0,0,880,318.7058,2.1767,353.2473,0.391,A
110,hotel2/memcached-rate,212.97,7.48,79.27,0.0,0,1403,318.7058,1.735,353.2473,0.302,A
110,hotel2/memcached-profile,318.49,9.02,79.27,0.0,0,1347,318.7058,2.5935,353.2473,0.474,A
110,hotel2/jaeger,0.35,14.6,81.01,0.0,0,0,318.7058,1.4005,1.4887,0.0,A
110,hotel1/mongodb-reservation,2677.3,249.13,400.43,0.0859,21,60743,11995.6832,21.8945,353.2473,4.94,A
110,hotel2/frontend,9911.41,126.96,1119.14,0.0,0,695060,137262.2294,80.6284,353.2473,14.0,A
110,hotel2/geo,941.3,20.22,1119.06,0.0,0,2031,401.0871,7.6618,353.2473,1.47,A
110,hotel1/user,62.01,16.54,1119.06,0.0,0,1164,318.7058,1.4005,353.2473,0.104,A
110,hotel1/search,2625.42,25.31,1119.06,0.0,0,3481,687.4368,21.3531,353.2473,3.99,A
110,hotel1/reservation,4257.25,57.5,1119.06,0.0,0,219453,43338.1406,34.6339,353.2473,6.34,A
110,hotel1/recommendation,661.95,20.58,1119.06,0.0,0,1642,324.2664,5.3914,353.2473,0.943,A
110,hotel1/rate,1785.07,31.3,1119.14,0.0,0,2880,568.7498,14.5259,353.2473,2.8,A
110,hotel1/profile,4050.07,40.61,1119.06,0.0,0,40964,8089.6757,32.9409,353.2473,6.39,A
110,hotel2/consul,29.61,27.2,212.87,0.0,0,1231,318.7058,1.4005,353.2473,0.0417,A
111,hotel2/user,53.73,15.64,1119.06,0.0,0,1141,318.7058,1.4005,341.5679,0.0794,A
111,hotel2/mongodb-reservation,1998.76,257.43,400.43,0.0,0,58344,11379.3437,16.7558,341.5679,2.57,A
111,hotel2/reservation,4184.62,60.13,1119.06,0.0,0,248087,48386.5907,34.8244,341.5679,6.54,A
111,hotel2/recommendation,605.64,20.07,1119.06,0.0,0,1645,320.8388,5.0462,341.5679,0.967,A
111,hotel2/rate,1615.66,31.33,1119.14,0.0,0,2883,562.2969,13.4499,341.5679,2.76,A
111,hotel2/profile,4034.71,45.97,1119.06,0.0,0,179337,34977.6732,33.5705,341.5679,6.3,A
111,hotel2/mongodb-user,11.7,161.0,400.43,0.0,0,123,318.7058,1.4005,341.5679,0.018,A
111,hotel2/search,2379.33,28.86,1119.06,0.0,0,3392,661.5716,19.798,341.5679,3.86,A
111,hotel2/mongodb-recommendation,11.8,160.68,400.43,0.0,0,228,318.7058,1.4005,341.5679,0.018,A
111,hotel2/mongodb-rate,11.62,165.0,400.43,0.0,0,146,318.7058,1.4005,341.5679,0.0144,A
111,hotel2/mongodb-profile,12.13,162.56,400.43,0.0,0,180,318.7058,1.4005,341.5679,0.018,A
111,hotel2/mongodb-geo,11.24,161.96,400.43,0.0,0,837,318.7058,1.4005,341.5679,0.018,A
111,es-stress-d2/elasticsearch-dynamic-0,10.25,208360.29,1414.09,0.0078,3,467,318.7058,111.3396,341.5679,0.018,A
111,es-stress-d3/elasticsearch-dynamic-0,9.87,208348.75,1414.09,0.0039,2,444,318.7058,111.3303,341.5679,0.0216,A
111,es-stress-d4/elasticsearch-dynamic-0,10.3,208356.92,1414.09,0.0195,8,690,318.7058,111.3383,341.5679,0.0144,A
111,hotel1/consul,27.47,27.84,212.87,0.0,0,1496,318.7058,1.4005,341.5679,0.0397,A
111,hotel1/frontend,9905.86,116.9,1119.14,0.0,0,616289,120200.2667,82.4231,341.5679,14.7,A
111,hotel1/geo,987.96,20.41,1119.06,0.0,0,2377,463.6072,8.2251,341.5679,1.54,A
111,hotel1/jaeger,1.75,14.83,81.01,0.0,0,50,318.7058,1.4005,1.4887,0.0,A
111,hotel1/memcached-profile,337.33,9.03,79.27,0.0,0,1414,318.7058,2.8095,341.5679,0.519,A
111,hotel1/memcached-rate,226.99,7.54,79.27,0.0,0,1269,318.7058,1.8913,341.5679,0.325,A
111,hotel1/memcached-reserve,267.94,8.68,79.27,0.0,0,1237,318.7058,2.2324,341.5679,0.408,A
111,hotel1/mongodb-geo,12.3,161.39,400.43,0.0,0,120,318.7058,1.4005,341.5679,0.018,A
111,hotel1/mongodb-profile,11.66,162.29,400.43,0.0,0,154,318.7058,1.4005,341.5679,0.018,A
111,hotel1/mongodb-rate,11.19,163.58,400.43,0.0,0,144,318.7058,1.4005,341.5679,0.0144,A
111,hotel1/mongodb-recommendation,11.38,161.01,400.43,0.0,0,154,318.7058,1.4005,341.5679,0.018,A
111,es-stress-d/elasticsearch-dynamic-0,10.92,208352.93,1414.09,0.0078,3,567,318.7058,111.3413,341.5679,0.0216,A
111,hotel1/mongodb-user,11.8,162.02,400.43,0.0,0,243,318.7058,1.4005,341.5679,0.0144,A
111,hotel2/memcached-reserve,266.04,7.3,79.27,0.0,0,1221,318.7058,2.2158,341.5679,0.411,A
111,hotel2/memcached-rate,208.43,7.53,79.27,0.0,0,1756,342.4881,1.737,341.5679,0.325,A
111,hotel2/memcached-profile,317.61,8.08,79.27,0.0,0,1712,333.9064,2.645,341.5679,0.48,A
111,hotel2/jaeger,0.38,14.6,81.01,0.0,0,0,318.7058,1.4005,1.4887,0.0,A
111,hotel1/mongodb-reservation,1878.51,248.95,400.43,0.0273,12,31209,6086.9659,15.7515,341.5679,4.27,A
111,hotel2/frontend,9728.04,109.86,1119.14,0.0,0,609999,118973.4727,80.9409,341.5679,14.1,A
111,hotel2/geo,934.51,20.12,1119.06,0.0,0,1912,372.9142,7.7806,341.5679,1.5,A
111,hotel1/user,60.74,16.92,1119.06,0.0,0,808,318.7058,1.4005,341.5679,0.101,A
111,hotel1/search,2590.33,27.76,1119.06,0.0,0,3215,627.0497,21.5517,341.5679,4.1,A
111,hotel1/reservation,4240.45,64.72,1119.06,0.0,0,230330,44923.2867,35.2911,341.5679,6.26,A
111,hotel1/recommendation,608.78,19.86,1119.06,0.0,0,2077,405.0956,5.0722,341.5679,1.02,A
111,hotel1/rate,1902.51,33.15,1119.14,0.0,0,2691,524.8494,15.8358,341.5679,2.78,A
111,hotel1/profile,4159.58,44.82,1119.06,0.0,0,60945,11886.6396,34.6081,341.5679,6.35,A
111,hotel2/consul,29.5,27.21,212.87,0.0,0,1525,318.7058,1.4005,341.5679,0.0433,A
112,hotel2/user,65.06,16.23,1119.06,0.0,0,1243,318.7058,1.4005,358.3959,0.0955,A
112,hotel2/mongodb-reservation,1920.08,257.64,400.43,0.0195,10,55234,9825.7338,15.1049,358.3959,2.81,A
112,hotel2/reservation,4413.89,65.2,1119.06,0.0,0,216807,38568.4155,34.4549,358.3959,6.99,A
112,hotel2/recommendation,645.48,20.09,1119.06,0.0,0,1948,346.5353,5.044,358.3959,0.999,A
112,hotel2/rate,1930.42,29.67,1119.14,0.0,0,2885,513.2209,15.0695,358.3959,3.0,A
112,hotel2/profile,4265.03,46.8,1119.06,0.0,0,124439,22136.8086,33.2846,358.3959,6.59,A
112,hotel2/mongodb-user,12.63,161.02,400.43,0.0,0,190,318.7058,1.4005,358.3959,0.0239,A
112,hotel2/search,2657.58,30.9,1119.06,0.0,0,3156,561.4298,20.7408,358.3959,4.17,A
112,hotel2/mongodb-recommendation,12.65,160.7,400.43,0.0,0,196,318.7058,1.4005,358.3959,0.0239,A
112,hotel2/mongodb-rate,12.33,165.02,400.43,0.0,0,237,318.7058,1.4005,358.3959,0.0199,A
112,hotel2/mongodb-profile,12.43,162.58,400.43,0.0,0,328,318.7058,1.4005,358.3959,0.0239,A
112,hotel2/mongodb-geo,11.92,161.98,400.43,0.0,0,164,318.7058,1.4005,358.3959,0.0199,A
112,es-stress-d2/elasticsearch-dynamic-0,7.85,208360.29,1414.09,0.0234,4,532,318.7058,106.1476,358.3959,0.0159,A
112,es-stress-d3/elasticsearch-dynamic-0,8.63,208348.75,1414.09,0.0312,10,373,318.7058,106.1478,358.3959,0.008,A
112,es-stress-d4/elasticsearch-dynamic-0,11.18,208356.92,1414.09,0.0039,1,527,318.7058,106.1719,358.3959,0.0199,A
112,hotel1/consul,27.49,27.86,212.87,0.0,0,1623,318.7058,1.4005,358.3959,0.0438,A
112,hotel1/frontend,9887.33,110.85,1119.14,0.0,0,545473,97035.7476,77.1627,358.3959,16.1,A
112,hotel1/geo,958.73,19.64,1119.06,0.0,0,1809,321.8082,7.4866,358.3959,1.52,A
112,hotel1/jaeger,0.34,14.83,81.01,0.0,0,0,318.7058,1.4005,1.4887,0.0,A
112,hotel1/memcached-profile,321.2,7.72,79.27,0.0,0,1401,318.7058,2.5088,358.3959,0.521,A
112,hotel1/memcached-rate,215.01,7.53,79.27,0.0,0,1394,318.7058,1.6806,358.3959,0.33,A
112,hotel1/memcached-reserve,267.74,8.84,79.27,0.0,0,1016,318.7058,2.0925,358.3959,0.422,A
112,hotel1/mongodb-geo,11.92,161.39,400.43,0.0,0,174,318.7058,1.4005,358.3959,0.0199,A
112,hotel1/mongodb-profile,11.94,162.54,400.43,0.0,0,238,318.7058,1.4005,358.3959,0.0199,A
112,hotel1/mongodb-rate,12.24,163.41,400.43,0.0,0,151,318.7058,1.4005,358.3959,0.0199,A
112,hotel1/mongodb-recommendation,12.5,161.02,400.43,0.0,0,191,318.7058,1.4005,358.3959,0.0239,A
112,es-stress-d/elasticsearch-dynamic-0,7.72,208352.93,1414.09,0.0,0,561,318.7058,106.1429,358.3959,0.008,A
112,hotel1/mongodb-user,11.8,162.04,400.43,0.0,0,245,318.7058,1.4005,358.3959,0.0199,A
112,hotel2/memcached-reserve,286.28,8.81,79.27,0.0,0,877,318.7058,2.237,358.3959,0.446,A
112,hotel2/memcached-rate,217.74,7.52,79.27,0.0,0,1306,318.7058,1.7019,358.3959,0.354,A
112,hotel2/memcached-profile,343.23,7.77,79.27,0.0,0,1379,318.7058,2.6806,358.3959,0.497,A
112,hotel2/jaeger,0.32,14.6,81.01,0.0,0,0,318.7058,1.4005,1.4887,0.0,A
112,hotel1/mongodb-reservation,1884.31,248.9,400.43,0.0195,10,26478,4710.2469,14.8215,358.3959,3.39,A
112,hotel2/frontend,9776.36,114.9,1119.14,0.0,0,561451,99878.1196,76.2993,358.3959,15.9,A
112,hotel2/geo,1045.21,23.01,1119.06,0.0,0,2168,385.6717,8.1628,358.3959,1.57,A
112,hotel1/user,65.03,15.93,1119.06,0.0,0,1066,318.7058,1.4005,358.3959,0.103,A
112,hotel1/search,2618.32,28.54,1119.06,0.0,0,3358,597.3642,20.4335,358.3959,4.02,A
112,hotel1/reservation,4103.61,57.7,1119.06,0.0,0,295006,52479.4587,32.0313,358.3959,6.57,A
112,hotel1/recommendation,647.14,19.01,1119.06,0.0,0,1725,318.7058,5.0564,358.3959,0.995,A
112,hotel1/rate,1786.15,27.98,1119.14,0.0,0,2535,450.9584,13.9435,358.3959,2.94,A
112,hotel1/profile,4065.8,43.29,1119.06,0.0,0,101832,18115.1849,31.7291,358.3959,6.48,A
112,hotel2/consul,31.11,27.22,212.87,0.0,0,1259,318.7058,1.4005,358.3959,0.0517,A
113,hotel2/user,58.82,15.74,1119.06,0.0,0,1293,318.7058,1.4005,358.1933,0.0808,A
113,hotel2/mongodb-reservation,2295.01,257.25,400.43,0.0,0,69535,12641.4022,20.8258,358.1933,2.7,A
113,hotel2/reservation,4430.02,61.59,1119.06,0.0,0,350210,63667.8719,39.9402,358.1933,7.27,A
113,hotel2/recommendation,631.84,18.71,1119.06,0.0,0,1846,335.6012,5.7025,358.1933,1.02,A
113,hotel2/rate,1991.38,27.61,1119.14,0.0,0,2698,490.494,17.9539,358.1933,3.17,A
113,hotel2/profile,4357.59,50.02,1119.06,0.0,0,270273,49135.3951,39.2809,358.1933,6.87,A
113,hotel2/mongodb-user,11.5,161.21,400.43,0.0,0,345,318.7058,1.4005,358.1933,0.0202,A
113,hotel2/search,2761.82,25.99,1119.06,0.0,0,3958,719.5609,24.8927,358.1933,4.37,A
113,hotel2/mongodb-recommendation,11.51,160.95,400.43,0.0,0,640,318.7058,1.4005,358.1933,0.0162,A
113,hotel2/mongodb-rate,11.74,165.02,400.43,0.0,0,363,318.7058,1.4005,358.1933,0.0202,A
113,hotel2/mongodb-profile,11.28,162.77,400.43,0.0,0,600,318.7058,1.4005,358.1933,0.0202,A
113,hotel2/mongodb-geo,11.42,161.98,400.43,0.0,0,338,318.7058,1.4005,358.1933,0.0202,A
113,es-stress-d2/elasticsearch-dynamic-0,15.35,208360.89,1414.09,0.0039,1,368,318.7058,124.448,358.1933,0.0162,A
113,es-stress-d3/elasticsearch-dynamic-0,14.61,208349.46,1414.09,0.0,0,565,318.7058,124.4345,358.1933,0.0202,A
113,es-stress-d4/elasticsearch-dynamic-0,11.3,208357.08,1414.09,0.0039,2,573,318.7058,124.4092,358.1933,0.0202,A
113,hotel1/consul,26.79,27.88,212.87,0.0,0,1702,318.7058,1.4005,358.1933,0.0404,A
113,hotel1/frontend,9947.91,110.3,1119.14,0.0,0,675778,122855.8497,89.6718,358.1933,16.2,A
113,hotel1/geo,956.73,20.74,1119.06,0.0,0,1986,361.0531,8.6301,358.1933,1.58,A
113,hotel1/jaeger,0.35,14.83,81.01,0.0,0,0,318.7058,1.4005,1.4887,0.0,A
113,hotel1/memcached-profile,323.35,8.18,79.27,0.0,0,1297,318.7058,2.9175,358.1933,0.501,A
113,hotel1/memcached-rate,223.75,7.48,79.27,0.0,0,1340,318.7058,2.0199,358.1933,0.339,A
113,hotel1/memcached-reserve,268.25,7.07,79.27,0.0,0,1071,318.7058,2.4205,358.1933,0.424,A
113,hotel1/mongodb-geo,11.89,161.57,400.43,0.0156,1,247,318.7058,1.4005,358.1933,0.0283,A
113,hotel1/mongodb-profile,12.07,162.71,400.43,0.0156,1,203,318.7058,1.4005,358.1933,0.0202,A
113,hotel1/mongodb-rate,11.41,163.41,400.43,0.0,0,175,318.7058,1.4005,358.1933,0.0202,A
113,hotel1/mongodb-recommendation,11.68,161.21,400.43,0.0,0,315,318.7058,1.4005,358.1933,0.0202,A
113,es-stress-d/elasticsearch-dynamic-0,15.24,208353.32,1414.09,0.0039,1,358,318.7058,124.4425,358.1933,0.0162,A
113,hotel1/mongodb-user,11.55,162.04,400.43,0.0,0,366,318.7058,1.4005,358.1933,0.0162,A
113,hotel2/memcached-reserve,289.22,7.34,79.27,0.0,0,981,318.7058,2.6095,358.1933,0.444,A
113,hotel2/memcached-rate,220.45,7.52,79.27,0.0,0,1851,336.5102,1.9902,358.1933,0.351,A
113,hotel2/memcached-profile,346.15,8.07,79.27,0.0,0,1545,318.7058,3.1228,358.1933,0.529,A
113,hotel2/jaeger,0.31,14.6,81.01,0.0,0,0,318.7058,1.4005,1.4887,0.0,A
113,hotel1/mongodb-reservation,1612.25,248.86,400.43,0.0508,16,23154,4209.377,14.6708,358.1933,4.14,A
113,hotel2/frontend,9701.74,114.24,1119.14,0.0,0,522530,94995.4972,87.4568,358.1933,16.2,A
113,hotel2/geo,1049.73,19.96,1119.06,0.0,0,1865,339.0554,9.4674,358.1933,1.66,A
113,hotel1/user,58.8,15.94,1119.06,0.0,0,1259,318.7058,1.4005,358.1933,0.0969,A
113,hotel1/search,2711.32,26.77,1119.06,0.0,0,3391,616.4808,24.4382,358.1933,4.11,A
113,hotel1/reservation,4250.15,56.16,1119.06,0.0,0,255531,46455.3124,38.3168,358.1933,6.62,A
113,hotel1/recommendation,628.48,21.47,1119.06,0.0,0,1851,336.5102,5.6739,358.1933,1.05,A
113,hotel1/rate,1969.06,30.04,1119.14,0.0,0,2406,437.4087,17.7543,358.1933,2.94,A
113,hotel1/profile,4080.79,40.7,1119.06,0.0,0,41235,7496.487,36.7821,358.1933,6.46,A
113,hotel2/consul,29.6,27.25,212.87,0.0,0,1400,318.7058,1.4005,358.1933,0.0525,A
114,hotel2/user,57.42,15.74,1119.06,0.0,0,915,318.7058,1.4005,362.1504,0.086,A
114,hotel2/search,2520.12,29.11,1119.06,0.0,0,3126,623.9448,21.6276,362.1504,3.56,A
114,hotel2/mongodb-recommendation,12.74,160.7,400.43,0.0156,2,117,318.7058,1.4005,362.1504,0.0215,A
114,hotel2/recommendation,593.25,18.14,1119.06,0.0,0,2201,439.3162,5.0976,362.1504,0.871,A
114,hotel2/rate,1779.21,27.5,1119.14,0.0,0,3031,604.9829,15.273,362.1504,2.52,A
114,hotel2/profile,4282.71,47.25,1119.06,0.0,0,188216,37567.6234,36.7528,362.1504,6.12,A
114,hotel2/mongodb-user,13.15,161.02,400.43,0.0156,2,193,318.7058,1.4005,362.1504,0.0215,A
114,hotel2/mongodb-reservation,2197.55,257.29,400.43,0.0312,8,24017,4793.7562,18.9903,362.1504,2.75,A
114,hotel2/reservation,4417.02,60.09,1119.06,0.0,0,235789,47063.1208,37.9118,362.1504,6.3,A
114,hotel2/mongodb-rate,12.62,165.02,400.43,0.0156,2,149,318.7058,1.4005,362.1504,0.0215,A
114,hotel2/mongodb-profile,12.48,162.58,400.43,0.0156,2,156,318.7058,1.4005,362.1504,0.0251,A
114,hotel2/memcached-reserve,277.65,7.29,79.27,0.0,0,1194,318.7058,2.3851,362.1504,0.387,A
114,es-stress-d/elasticsearch-dynamic-0,7.99,208353.3,1414.09,0.0,0,644,318.7058,117.7972,362.1504,0.0108,A
114,es-stress-d2/elasticsearch-dynamic-0,8.22,208360.62,1414.09,0.0117,4,524,318.7058,117.8034,362.1504,0.0108,A
114,es-stress-d3/elasticsearch-dynamic-0,9.14,208349.2,1414.09,0.0039,1,530,318.7058,117.8048,362.1504,0.0036,A
114,es-stress-d4/elasticsearch-dynamic-0,13.28,208357.24,1414.09,0.0039,1,592,318.7058,117.8448,362.1504,0.0108,A
114,hotel1/consul,26.93,27.89,212.87,0.0,0,1849,369.0575,1.4005,362.1504,0.043,A
114,hotel1/frontend,9940.43,108.4,1119.14,0.0,0,639728,127688.7224,85.3047,362.1504,14.7,A
114,hotel1/geo,1061.69,20.46,1119.06,0.0,0,1997,398.5981,9.116,362.1504,1.38,A
114,hotel1/jaeger,0.3,14.83,81.01,0.0,0,0,318.7058,1.4005,1.4887,0.0,A
114,hotel1/memcached-profile,334.54,8.46,79.27,0.0,0,1774,354.0877,2.8736,362.1504,0.487,A
114,hotel1/memcached-rate,226.09,7.53,79.27,0.0,0,1370,318.7058,1.9431,362.1504,0.33,A
114,hotel1/memcached-reserve,271.99,7.84,79.27,0.0,0,1100,318.7058,2.3369,362.1504,0.394,A
114,hotel1/mongodb-geo,12.04,161.39,400.43,0.0,0,203,318.7058,1.4005,362.1504,0.0179,A
114,hotel1/mongodb-profile,12.12,162.29,400.43,0.0,0,193,318.7058,1.4005,362.1504,0.0179,A
114,hotel1/mongodb-rate,12.78,163.41,400.43,0.0156,1,509,318.7058,1.4005,362.1504,0.0179,A
114,hotel2/mongodb-geo,12.83,161.98,400.43,0.0156,2,146,318.7058,1.4005,362.1504,0.0215,A
114,hotel1/mongodb-reservation,1873.6,248.98,400.43,0.0195,9,5217,1041.3052,16.2076,362.1504,3.82,A
114,hotel2/memcached-rate,212.17,7.5,79.27,0.0,0,1359,318.7058,1.8237,362.1504,0.308,A
114,hotel2/memcached-profile,326.02,7.79,79.27,0.0,0,1431,318.7058,2.8002,362.1504,0.473,A
114,hotel2/jaeger,0.36,14.6,81.01,0.0,0,0,318.7058,1.4005,1.4887,0.0036,A
114,hotel2/geo,956.42,20.56,1119.06,0.0,0,1919,383.0294,8.2133,362.1504,1.37,A
114,hotel1/mongodb-recommendation,12.76,161.02,400.43,0.0156,1,125,318.7058,1.4005,362.1504,0.0215,A
114,hotel2/consul,28.57,27.27,212.87,0.0,0,1531,318.7058,1.4005,362.1504,0.043,A
114,hotel2/frontend,9688.08,117.95,1119.14,0.0,0,544232,108627.868,83.1461,362.1504,14.4,A
114,hotel1/search,2796.58,27.88,1119.06,0.0,0,3782,754.8814,23.9976,362.1504,3.9,A
114,hotel1/reservation,4388.76,59.6,1119.06,0.0,0,258192,51534.7251,37.6692,362.1504,6.15,A
114,hotel1/recommendation,648.81,18.8,1119.06,0.0,0,1717,342.7106,5.5744,362.1504,0.957,A
114,hotel1/rate,1902.41,34.62,1119.14,0.0,0,2998,598.3962,16.3335,362.1504,2.66,A
114,hotel1/profile,4069.15,41.99,1119.06,0.0,0,62725,12519.8133,34.9184,362.1504,6.12,A
114,hotel1/mongodb-user,12.53,162.04,400.43,0.0156,1,239,318.7058,1.4005,362.1504,0.0215,A
114,hotel1/user,65.01,16.04,1119.06,0.0,0,1359,318.7058,1.4005,362.1504,0.0824,A
115,hotel2/user,61.75,16.12,1119.06,0.0,0,1060,318.7058,1.4005,350.4008,0.0851,A
115,hotel2/mongodb-reservation,2082.6,257.35,400.43,0.0117,6,32868,6409.5026,18.3165,350.4008,2.87,A
115,hotel2/reservation,4421.2,70.63,1119.06,0.0,0,217321,42379.199,38.6118,350.4008,5.86,A
115,hotel2/recommendation,631.51,19.15,1119.06,0.0,0,1682,328.0024,5.5204,350.4008,0.888,A
115,hotel2/rate,1894.24,29.14,1119.14,0.0,0,2523,492.0036,16.5424,350.4008,2.46,A
115,hotel2/profile,4243.4,45.12,1119.06,0.0,0,221898,43271.7478,37.046,350.4008,5.77,A
115,hotel2/mongodb-user,11.56,161.02,400.43,0.0,0,173,318.7058,1.4005,350.4008,0.017,A
115,hotel2/search,2561.8,27.51,1119.06,0.0,0,3296,642.7443,22.3654,350.4008,3.54,A
115,hotel2/mongodb-recommendation,12.07,160.7,400.43,0.0,0,162,318.7058,1.4005,350.4008,0.017,A
115,hotel2/mongodb-rate,12.18,165.02,400.43,0.0,0,288,318.7058,1.4005,350.4008,0.0136,A
115,hotel2/mongodb-profile,11.78,162.58,400.43,0.0,0,152,318.7058,1.4005,350.4008,0.017,A
115,hotel2/mongodb-geo,12.08,161.98,400.43,0.0,0,146,318.7058,1.4005,350.4008,0.017,A
115,es-stress-d2/elasticsearch-dynamic-0,10.17,208360.61,1414.09,0.0039,1,487,318.7058,119.5474,350.4008,0.017,A
115,es-stress-d3/elasticsearch-dynamic-0,11.06,208349.2,1414.09,0.0,0,523,318.7058,119.5486,350.4008,0.0238,A
115,es-stress-d4/elasticsearch-dynamic-0,8.85,208357.21,1414.09,0.0,0,671,318.7058,119.5339,350.4008,0.0204,A
115,hotel1/consul,26.49,27.9,212.87,0.0,0,1667,325.0773,1.4005,350.4008,0.0374,A
115,hotel1/frontend,10017.67,119.23,1119.14,0.0,0,642764,125343.7241,87.4643,350.4008,13.8,A
115,hotel1/geo,1018.99,18.83,1119.06,0.0,0,2254,439.5466,8.9006,350.4008,1.41,A
115,hotel1/jaeger,0.39,14.83,81.01,0.0,0,0,318.7058,1.4005,1.4887,0.0034,A
115,hotel1/memcached-profile,328.55,7.74,79.27,0.0,0,1467,318.7058,2.8708,350.4008,0.487,A
115,hotel1/memcached-rate,224.3,7.54,79.27,0.0,0,1079,318.7058,1.9612,350.4008,0.327,A
115,hotel1/memcached-reserve,277.46,8.91,79.27,0.0,0,1027,318.7058,2.4257,350.4008,0.398,A
115,hotel1/mongodb-geo,12.21,161.39,400.43,0.0586,3,134,318.7058,1.4005,350.4008,0.017,A
115,hotel1/mongodb-profile,12.35,162.54,400.43,0.0156,1,126,318.7058,1.4005,350.4008,0.0136,A
115,hotel1/mongodb-rate,12.14,163.41,400.43,0.0,0,185,318.7058,1.4005,350.4008,0.0136,A
115,hotel1/mongodb-recommendation,11.71,161.02,400.43,0.0,0,247,318.7058,1.4005,350.4008,0.017,A
115,es-stress-d/elasticsearch-dynamic-0,11.05,208353.3,1414.09,0.0078,2,607,318.7058,119.5509,350.4008,0.0102,A
115,hotel1/mongodb-user,12.25,162.04,400.43,0.0,0,328,318.7058,1.4005,350.4008,0.017,A
115,hotel2/memcached-reserve,270.81,7.26,79.27,0.0,0,1060,318.7058,2.3668,350.4008,0.381,A
115,hotel2/memcached-rate,215.59,7.99,79.27,0.0,0,1255,318.7058,1.8854,350.4008,0.3,A
115,hotel2/memcached-profile,318.05,8.52,79.27,0.0,0,1442,318.7058,2.7796,350.4008,0.456,A
115,hotel2/jaeger,1.28,14.6,81.01,0.0,0,99,318.7058,1.4005,1.4887,0.0,A
115,hotel1/mongodb-reservation,1773.21,249.0,400.43,0.0508,17,13570,2646.2502,15.6126,350.4008,2.52,A
115,hotel2/frontend,9560.28,113.8,1119.14,0.0,0,513210,100079.7379,83.4708,350.4008,13.7,A
115,hotel2/geo,1006.68,19.47,1119.06,0.0,0,1981,386.3096,8.7936,350.4008,1.37,A
115,hotel1/user,59.71,16.04,1119.06,0.0,0,908,318.7058,1.4005,350.4008,0.0851,A
115,hotel1/search,2692.2,29.9,1119.06,0.0,0,2984,581.902,23.5044,350.4008,3.71,A
115,hotel1/reservation,4336.84,57.97,1119.06,0.0,0,251499,49044.1612,37.8686,350.4008,6.14,A
115,hotel1/recommendation,646.41,17.43,1119.06,0.0,0,2066,402.8852,5.6494,350.4008,0.868,A
115,hotel1/rate,1873.34,30.99,1119.14,0.0,0,2506,488.6885,16.3611,350.4008,2.72,A
115,hotel1/profile,4226.8,47.92,1119.06,0.0,0,67165,13097.6707,36.9028,350.4008,6.04,A
115,hotel2/consul,30.06,27.32,212.87,0.0,0,1541,318.7058,1.4005,350.4008,0.0409,A
116,hotel2/user,62.27,16.49,1119.06,0.0,0,1266,318.7058,1.4005,374.6832,0.0982,A
116,hotel2/mongodb-reservation,2014.29,257.25,400.43,0.1133,14,35791,6293.4249,17.1153,374.6832,2.9,A
116,hotel2/reservation,4519.62,59.93,1119.06,0.0,0,264939,46586.3962,38.1082,374.6832,6.75,A
116,hotel2/recommendation,675.5,19.35,1119.06,0.0,0,2205,387.7232,5.7016,374.6832,0.989,A
116,hotel2/rate,1965.75,27.31,1119.14,0.0,0,2560,450.1458,16.5754,374.6832,2.99,A
116,hotel2/profile,4341.4,49.26,1119.06,0.0,0,192320,33817.2021,36.6008,374.6832,6.46,A
116,hotel2/mongodb-user,12.54,161.02,400.43,0.0156,2,132,318.7058,1.4005,374.6832,0.0227,A
116,hotel2/search,2706.99,27.57,1119.06,0.0,0,3168,557.0554,22.8199,374.6832,4.12,A
116,hotel2/mongodb-recommendation,12.35,160.95,400.43,0.0586,6,197,318.7058,1.4005,374.6832,0.0189,A
116,hotel2/mongodb-rate,12.31,165.02,400.43,0.0156,2,132,318.7058,1.4005,374.6832,0.0189,A
116,hotel2/mongodb-profile,12.29,162.58,400.43,0.0586,6,241,318.7058,1.4005,374.6832,0.0189,A
116,hotel2/mongodb-geo,12.26,161.98,400.43,0.0898,8,239,318.7058,1.4005,374.6832,0.0151,A
116,es-stress-d2/elasticsearch-dynamic-0,8.31,208360.58,1414.09,0.0,0,383,318.7058,118.8074,374.6832,0.0113,A
116,es-stress-d3/elasticsearch-dynamic-0,7.8,208349.2,1414.09,0.0039,1,456,318.7058,118.7967,374.6832,0.0113,A
116,es-stress-d4/elasticsearch-dynamic-0,11.06,208357.18,1414.09,0.0039,1,546,318.7058,118.8287,374.6832,0.0113,A
116,hotel1/consul,26.04,27.9,212.87,0.0,0,1427,318.7058,1.4005,374.6832,0.0415,A
116,hotel1/frontend,9939.52,115.14,1119.14,0.0,0,592881,104251.1263,83.7978,374.6832,15.2,A
116,hotel1/geo,1054.42,21.04,1119.06,0.0,0,2056,361.5233,8.8946,374.6832,1.45,A
116,hotel1/jaeger,0.39,14.83,81.01,0.0,0,0,318.7058,1.4005,1.4887,0.0038,A
116,hotel1/memcached-profile,357.37,8.2,79.27,0.0,0,1453,318.7058,3.0152,374.6832,0.498,A
116,hotel1/memcached-rate,222.07,7.54,79.27,0.0,0,1645,318.7058,1.8751,374.6832,0.329,A
116,hotel1/memcached-reserve,288.72,7.12,79.27,0.0,0,942,318.7058,2.4363,374.6832,0.412,A
116,hotel1/mongodb-geo,11.95,161.39,400.43,0.0,0,217,318.7058,1.4005,374.6832,0.0189,A
116,hotel1/mongodb-profile,11.81,162.29,400.43,0.043,2,152,318.7058,1.4005,374.6832,0.0189,A
116,hotel1/mongodb-rate,12.06,163.41,400.43,0.0586,3,134,318.7058,1.4005,374.6832,0.0189,A
116,hotel1/mongodb-recommendation,12.52,161.02,400.43,0.0586,3,127,318.7058,1.4005,374.6832,0.0189,A
116,es-stress-d/elasticsearch-dynamic-0,7.78,208353.3,1414.09,0.0273,6,703,318.7058,118.7988,374.6832,0.0113,A
116,hotel1/mongodb-user,12.2,162.04,400.43,0.0586,3,235,318.7058,1.4005,374.6832,0.0189,A
116,hotel2/memcached-reserve,278.02,7.34,79.27,0.0,0,1045,318.7058,2.3463,374.6832,0.442,A
116,hotel2/memcached-rate,221.3,7.76,79.27,0.0,0,1448,318.7058,1.8687,374.6832,0.332,A
116,hotel2/memcached-profile,337.42,8.57,79.27,0.0,0,1287,318.7058,2.8474,374.6832,0.532,A
116,hotel2/jaeger,0.3,14.6,81.01,0.0,0,0,318.7058,1.4005,1.4887,0.0,A
116,hotel1/mongodb-reservation,2385.14,249.18,400.43,0.1094,17,169665,29833.5878,20.2348,374.6832,2.73,A
116,hotel2/frontend,9731.65,114.6,1119.14,0.0,0,452246,79522.1214,82.0464,374.6832,14.9,A
116,hotel2/geo,1033.85,21.31,1119.06,0.0,0,2165,380.6897,8.7215,374.6832,1.61,A
116,hotel1/user,66.08,16.14,1119.06,0.0,0,1170,318.7058,1.4005,374.6832,0.0982,A
116,hotel1/search,2843.25,30.59,1119.06,0.0,0,4050,712.1447,23.9695,374.6832,4.01,A
116,hotel1/reservation,4247.45,61.08,1119.06,0.0,0,234626,41256.2129,35.816,374.6832,6.56,A
116,hotel1/recommendation,676.86,18.95,1119.06,0.0,0,2034,357.6549,5.7128,374.6832,0.982,A
116,hotel1/rate,2005.66,30.82,1119.14,0.0,0,2816,495.1604,16.9136,374.6832,2.79,A
116,hotel1/profile,4389.5,46.52,1119.06,0.0,0,106288,18689.4903,37.0044,374.6832,6.15,A
116,hotel2/consul,28.43,27.34,212.87,0.0,0,1254,318.7058,1.4005,374.6832,0.0453,A
117,hotel2/user,59.22,16.36,1119.06,0.0,0,765,318.7058,1.5209,365.5865,0.0918,A
117,hotel2/mongodb-reservation,2069.79,257.2,400.43,0.0078,4,21258,3771.8936,52.6197,365.5865,3.87,A
117,hotel2/reservation,4489.32,60.67,1119.06,0.0,0,336131,59641.0937,113.2803,365.5865,6.85,A
117,hotel2/recommendation,649.54,17.62,1119.06,0.0,0,1770,318.7058,16.4052,365.5865,0.964,A
117,hotel2/rate,1961.02,30.77,1119.14,0.0,0,3020,535.8509,49.4903,365.5865,2.99,A
117,hotel2/profile,4179.5,43.64,1119.06,0.0,0,200976,35659.9911,105.4405,365.5865,6.73,A
117,hotel2/mongodb-user,11.81,161.02,400.43,0.043,4,259,318.7058,1.4005,365.5865,0.0191,A
117,hotel2/search,2625.39,28.65,1119.06,0.0,0,3492,619.5998,66.2355,365.5865,4.2,A
117,hotel2/mongodb-recommendation,12.24,160.95,400.43,0.0,0,256,318.7058,1.4005,365.5865,0.0191,A
117,hotel2/mongodb-rate,12.05,165.02,400.43,0.0781,6,246,318.7058,1.4005,365.5865,0.0153,A
117,hotel2/mongodb-profile,11.93,162.58,400.43,0.0,0,347,318.7058,1.4005,365.5865,0.0191,A
117,hotel2/mongodb-geo,11.58,161.98,400.43,0.0,0,145,318.7058,1.4005,365.5865,0.0191,A
117,es-stress-d2/elasticsearch-dynamic-0,11.24,208360.58,1414.09,0.0039,1,378,318.7058,356.6725,365.5865,0.0306,A
117,es-stress-d3/elasticsearch-dynamic-0,11.86,208349.2,1414.09,0.0,0,514,318.7058,356.6687,365.5865,0.0229,A
117,es-stress-d4/elasticsearch-dynamic-0,8.94,208357.18,1414.09,0.0273,6,834,318.7058,356.6087,365.5865,0.0306,A
117,hotel1/consul,27.77,27.9,212.87,0.0,0,1474,318.7058,1.4005,365.5865,0.0382,A
117,hotel1/frontend,9986.79,117.55,1119.14,0.0,0,535824,95073.4369,251.9697,365.5865,15.3,A
117,hotel1/geo,1075.5,19.51,1119.06,0.0,0,1907,338.3668,27.1469,365.5865,1.46,A
117,hotel1/jaeger,0.41,14.83,81.01,0.0,0,0,318.7058,1.4005,1.4887,0.0,A
117,hotel1/memcached-profile,337.71,7.72,79.27,0.0,0,1387,318.7058,8.5269,365.5865,0.486,A
117,hotel1/memcached-rate,224.78,7.52,79.27,0.0,0,1128,318.7058,5.6796,365.5865,0.337,A
117,hotel1/memcached-reserve,287.6,7.62,79.27,0.0,0,1213,318.7058,7.2635,365.5865,0.409,A
117,hotel1/mongodb-geo,12.2,161.4,400.43,0.0195,1,190,318.7058,1.4005,365.5865,0.0153,A
117,hotel1/mongodb-profile,12.66,162.54,400.43,0.0195,1,170,318.7058,1.4005,365.5865,0.0229,A
117,hotel1/mongodb-rate,11.82,163.41,400.43,0.0,0,207,318.7058,1.4005,365.5865,0.0191,A
117,hotel1/mongodb-recommendation,11.51,161.02,400.43,0.0,0,257,318.7058,1.4005,365.5865,0.0153,A
117,es-stress-d/elasticsearch-dynamic-0,9.86,208353.3,1414.09,0.0039,1,458,318.7058,356.6252,365.5865,0.0229,A
117,hotel1/mongodb-user,12.06,162.04,400.43,0.0,0,280,318.7058,1.4005,365.5865,0.0191,A
117,hotel2/memcached-reserve,268.57,8.05,79.27,0.0,0,948,318.7058,6.7845,365.5865,0.448,A
117,hotel2/memcached-rate,220.94,7.51,79.27,0.0,0,1980,351.3195,5.5828,365.5865,0.337,A
117,hotel2/memcached-profile,330.95,7.73,79.27,0.0,0,1688,318.7058,8.3565,365.5865,0.532,A
117,hotel2/jaeger,0.29,14.6,81.01,0.0,0,0,318.7058,1.4005,1.4887,0.0,A
117,hotel1/mongodb-reservation,2648.93,249.28,400.43,0.0625,19,145413,25801.2214,67.2063,365.5865,2.47,A
117,hotel2/frontend,9836.88,120.28,1119.14,0.0,0,566874,100582.765,248.1951,365.5865,15.0,A
117,hotel2/geo,1006.82,20.26,1119.06,0.0,0,1723,318.7058,25.4168,365.5865,1.59,A
117,hotel1/user,65.6,16.36,1119.06,0.0,0,945,318.7058,1.6818,365.5865,0.088,A
117,hotel1/search,2770.68,27.53,1119.06,0.0,0,3082,546.8518,69.8964,365.5865,4.02,A
117,hotel1/reservation,4339.7,60.72,1119.06,0.0,0,264241,46885.3579,109.5084,365.5865,6.45,A
117,hotel1/recommendation,672.41,19.49,1119.06,0.0,0,1873,332.334,16.9849,365.5865,0.956,A
117,hotel1/rate,2030.22,30.21,1119.14,0.0,0,2665,472.8618,51.2339,365.5865,2.79,A
117,hotel1/profile,4385.57,39.42,1119.06,0.0,0,67072,11900.8584,110.6284,365.5865,6.12,A
117,hotel2/consul,30.41,27.36,212.87,0.0,0,1489,318.7058,1.4005,365.5865,0.0459,A
118,hotel2/user,59.51,15.64,1119.06,0.0,0,1027,318.7058,1.4005,353.112,0.0913,A
118,hotel2/mongodb-reservation,2035.37,257.21,400.43,0.0391,10,27964,5280.8929,17.0491,353.112,3.17,A
118,hotel2/reservation,4406.61,62.48,1119.06,0.0,0,301970,57025.8632,36.6355,353.112,6.43,A
118,hotel2/recommendation,648.75,19.05,1119.06,0.0,0,1756,331.6138,5.3991,353.112,0.903,A
118,hotel2/rate,1916.6,27.63,1119.14,0.0,0,2805,529.7134,15.9344,353.112,2.72,A
118,hotel2/profile,4212.99,44.39,1119.06,0.0,0,196006,37014.9728,35.0172,353.112,6.33,A
118,hotel2/mongodb-user,12.69,161.03,400.43,0.0195,2,157,318.7058,1.4005,353.112,0.0176,A
118,hotel2/search,2708.56,29.36,1119.06,0.0,0,3097,584.8564,22.5133,353.112,3.8,A
118,hotel2/mongodb-recommendation,12.77,160.95,400.43,0.0195,2,147,318.7058,1.4005,353.112,0.0176,A
118,hotel2/mongodb-rate,12.69,165.02,400.43,0.0195,2,146,318.7058,1.4005,353.112,0.0141,A
118,hotel2/mongodb-profile,12.37,162.59,400.43,0.0195,2,316,318.7058,1.4005,353.112,0.0176,A
118,hotel2/mongodb-geo,12.67,161.99,400.43,0.0195,2,157,318.7058,1.4005,353.112,0.0211,A
118,es-stress-d2/elasticsearch-dynamic-0,7.89,208360.58,1414.09,0.0,0,718,318.7058,116.4747,353.112,0.0105,A
118,es-stress-d3/elasticsearch-dynamic-0,7.95,208349.2,1414.09,0.0039,1,575,318.7058,116.4689,353.112,0.007,A
118,es-stress-d4/elasticsearch-dynamic-0,11.13,208357.18,1414.09,0.0039,1,538,318.7058,116.4997,353.112,0.0105,A
118,hotel1/consul,26.26,27.9,212.87,0.0,0,2422,457.3853,1.4005,353.112,0.0422,A
118,hotel1/frontend,10004.2,112.8,1119.14,0.0,0,728386,137552.8707,83.1563,353.112,14.3,A
118,hotel1/geo,1017.44,19.88,1119.06,0.0,0,2011,379.7695,8.4618,353.112,1.53,A
118,hotel1/jaeger,0.33,14.83,81.01,0.0,0,0,318.7058,1.4005,1.4887,0.0,A
118,hotel1/memcached-profile,339.44,7.74,79.27,0.0,0,1747,329.9142,2.8237,353.112,0.488,A
118,hotel1/memcached-rate,230.56,7.54,79.27,0.0,0,1818,343.3222,1.9192,353.112,0.334,A
118,hotel1/memcached-reserve,279.77,7.14,79.27,0.0,0,1131,318.7058,2.3277,353.112,0.408,A
118,hotel1/mongodb-geo,11.39,161.4,400.43,0.0,0,278,318.7058,1.4005,353.112,0.0176,A
118,hotel1/mongodb-profile,11.9,162.54,400.43,0.0,0,118,318.7058,1.4005,353.112,0.0176,A
118,hotel1/mongodb-rate,12.29,163.42,400.43,0.0195,1,188,318.7058,1.4005,353.112,0.0176,A
118,hotel1/mongodb-recommendation,12.37,161.03,400.43,0.0195,1,155,318.7058,1.4005,353.112,0.0211,A
118,es-stress-d/elasticsearch-dynamic-0,8.11,208353.3,1414.09,0.0,0,578,318.7058,116.4725,353.112,0.0141,A
118,hotel1/mongodb-user,12.47,162.04,400.43,0.0195,1,186,318.7058,1.4005,353.112,0.0176,A
118,hotel2/memcached-reserve,273.13,7.6,79.27,0.0,0,925,318.7058,2.2728,353.112,0.404,A
118,hotel2/memcached-rate,221.36,7.49,79.27,0.0,0,1254,318.7058,1.8428,353.112,0.32,A
118,hotel2/memcached-profile,325.87,8.29,79.27,0.0,0,1328,318.7058,2.7113,353.112,0.485,A
118,hotel2/jaeger,0.27,14.6,81.01,0.0,0,0,318.7058,1.4005,1.4887,0.0,A
118,hotel1/mongodb-reservation,2253.35,248.98,400.43,0.0469,22,77366,14610.269,18.8551,353.112,2.64,A
118,hotel2/frontend,9726.63,116.83,1119.14,0.0,0,656448,123967.6585,80.8531,353.112,13.7,A
118,hotel2/geo,1022.21,20.98,1119.06,0.0,0,1932,364.8507,8.502,353.112,1.44,A
118,hotel1/user,69.67,15.86,1119.06,0.0,0,1058,318.7058,1.4005,353.112,0.0913,A
118,hotel1/search,2786.31,29.86,1119.06,0.0,0,3695,697.7864,23.1593,353.112,4.07,A
118,hotel1/reservation,4518.01,62.57,1119.06,0.0,0,221007,41736.3147,37.5608,353.112,6.34,A
118,hotel1/recommendation,666.53,19.9,1119.06,0.0,0,1714,323.6823,5.5472,353.112,0.977,A
118,hotel1/rate,1919.38,29.01,1119.14,0.0,0,2508,473.6261,15.9583,353.112,2.69,A
118,hotel1/profile,4400.4,38.95,1119.06,0.0,0,41432,7824.2725,36.5708,353.112,5.89,A
118,hotel2/consul,28.39,27.36,212.87,0.0,0,1664,318.7058,1.4005,353.112,0.0422,A
119,hotel2/user,56.76,15.64,1119.06,0.0,0,949,318.7058,1.4005,353.5784,0.0887,A
119,hotel2/mongodb-reservation,1757.04,257.26,400.43,0.0039,2,9380,1811.9417,25.3931,353.5784,3.21,A
119,hotel2/reservation,4306.95,60.89,1119.06,0.0,0,195365,37738.8051,61.7143,353.5784,6.78,A
119,hotel2/recommendation,585.6,19.89,1119.06,0.0,0,1931,373.0127,8.4019,353.5784,0.98,A
119,hotel2/rate,1615.89,29.69,1119.14,0.0,0,2665,514.8001,23.1605,353.5784,2.94,A
119,hotel2/profile,4177.66,50.52,1119.06,0.0,0,205639,39723.4415,59.8538,353.5784,6.47,A
119,hotel2/mongodb-user,11.67,161.03,400.43,0.0,0,174,318.7058,1.4005,353.5784,0.0193,A
119,hotel2/search,2336.81,28.57,1119.06,0.0,0,4047,781.7621,33.48,353.5784,3.98,A
119,hotel2/mongodb-recommendation,11.31,160.7,400.43,0.0,0,151,318.7058,1.4005,353.5784,0.0193,A
119,hotel2/mongodb-rate,11.65,165.02,400.43,0.0,0,205,318.7058,1.4005,353.5784,0.0193,A
119,hotel2/mongodb-profile,11.39,162.84,400.43,0.0,0,155,318.7058,1.4005,353.5784,0.0154,A
119,hotel2/mongodb-geo,11.3,161.99,400.43,0.0,0,133,318.7058,1.4005,353.5784,0.0193,A
119,es-stress-d2/elasticsearch-dynamic-0,12.21,208360.58,1414.09,0.0273,5,811,318.7058,194.2195,353.5784,0.0193,A
119,es-stress-d3/elasticsearch-dynamic-0,11.99,208349.2,1414.09,0.0234,6,800,318.7058,194.2058,353.5784,0.0193,A
119,es-stress-d4/elasticsearch-dynamic-0,13.85,208357.19,1414.09,0.0,0,564,318.7058,194.2398,353.5784,0.0154,A
119,hotel1/consul,27.49,27.9,212.87,0.0,0,1983,383.0576,1.4005,353.5784,0.0386,A
119,hotel1/frontend,10380.18,109.51,1119.14,0.0,0,741094,143157.6896,148.703,353.5784,15.5,A
119,hotel1/geo,1024.92,19.82,1119.06,0.0,0,2316,447.3835,14.6911,353.5784,1.67,A
119,hotel1/jaeger,0.32,14.83,81.01,0.0,0,0,318.7058,1.4005,1.4887,0.0,A
119,hotel1/memcached-profile,329.89,7.74,79.27,0.0,0,1348,318.7058,4.7299,353.5784,0.54,A
119,hotel1/memcached-rate,228.29,7.52,79.27,0.0,0,1304,318.7058,3.2752,353.5784,0.355,A
119,hotel1/memcached-reserve,261.28,7.13,79.27,0.0,0,1411,318.7058,3.7471,353.5784,0.447,A
119,hotel1/mongodb-geo,12.03,161.4,400.43,0.0195,1,143,318.7058,1.4005,353.5784,0.0154,A
119,hotel1/mongodb-profile,11.96,162.29,400.43,0.0195,1,468,318.7058,1.4005,353.5784,0.0193,A
119,hotel1/mongodb-rate,10.94,163.42,400.43,0.0,0,265,318.7058,1.4005,353.5784,0.0154,A
119,hotel1/mongodb-recommendation,11.32,161.03,400.43,0.0,0,191,318.7058,1.4005,353.5784,0.0154,A
119,es-stress-d/elasticsearch-dynamic-0,15.27,208353.3,1414.09,0.0039,1,519,318.7058,194.2565,353.5784,0.0154,A
119,hotel1/mongodb-user,11.79,162.04,400.43,0.0,0,228,318.7058,1.4005,353.5784,0.0193,A
119,hotel2/memcached-reserve,254.41,7.3,79.27,0.0,0,1270,318.7058,3.6489,353.5784,0.424,A
119,hotel2/memcached-rate,195.87,7.52,79.27,0.0,0,1603,318.7058,2.811,353.5784,0.332,A
119,hotel2/memcached-profile,316.38,10.5,79.27,0.0,0,1566,318.7058,4.539,353.5784,0.478,A
119,hotel2/jaeger,0.41,14.6,81.01,0.0,0,0,318.7058,1.4005,1.4887,0.0039,A
119,hotel1/mongodb-reservation,1996.35,248.96,400.43,0.0469,12,70829,13682.0916,28.8113,353.5784,3.71,A
119,hotel2/frontend,9969.74,126.73,1119.14,0.0,0,665120,128481.7344,142.8432,353.5784,15.0,A
119,hotel2/geo,906.99,22.43,1119.06,0.0,0,2264,437.3386,13.0052,353.5784,1.55,A
119,hotel1/user,61.07,15.86,1119.06,0.0,0,950,318.7058,1.4005,353.5784,0.104,A
119,hotel1/search,2679.39,27.58,1119.06,0.0,0,3119,602.4996,38.3834,353.5784,4.42,A
119,hotel1/reservation,4067.35,55.75,1119.06,0.0,0,136389,26346.3665,58.2795,353.5784,7.02,A
119,hotel1/recommendation,625.54,18.04,1119.06,0.0,0,2405,464.5757,8.9719,353.5784,1.05,A
119,hotel1/rate,1828.49,28.75,1119.14,0.0,0,3042,587.6254,26.2031,353.5784,3.07,A
119,hotel1/profile,4218.34,42.1,1119.06,0.0,0,42345,8179.8157,60.4283,353.5784,6.78,A
119,hotel2/consul,29.4,27.39,212.87,0.0,0,1293,318.7058,1.4005,353.5784,0.0424,A
120,hotel2/user,59.37,15.64,1119.06,0.0,0,896,318.7058,1.4005,344.1672,0.105,A
120,hotel2/mongodb-reservation,1940.16,257.36,400.43,0.0234,2,8515,1707.7062,18.6368,344.1672,3.36,A
120,hotel2/reservation,3962.89,58.53,1119.06,0.0,0,252681,50675.8562,37.7848,344.1672,7.08,A
120,hotel2/recommendation,602.18,19.91,1119.06,0.0,0,1985,398.0971,5.7482,344.1672,1.03,A
120,hotel2/rate,1814.46,28.93,1119.14,0.0,0,2427,486.7414,17.3016,344.1672,3.1,A
120,hotel2/profile,4036.42,50.48,1119.06,0.0,0,178262,35750.925,38.4804,344.1672,6.86,A
120,hotel2/mongodb-user,12.72,161.21,400.43,0.0195,2,201,318.7058,1.4005,344.1672,0.0194,A
120,hotel2/search,2380.56,30.85,1119.06,0.0,0,3150,631.741,22.6952,344.1672,4.32,A
120,hotel2/mongodb-recommendation,12.72,160.95,400.43,0.0195,2,207,318.7058,1.4005,344.1672,0.0194,A
120,hotel2/mongodb-rate,12.36,165.02,400.43,0.0195,2,149,318.7058,1.4005,344.1672,0.0233,A
120,hotel2/mongodb-profile,12.08,162.77,400.43,0.0195,2,164,318.7058,1.4005,344.1672,0.0155,A
120,hotel2/mongodb-geo,12.34,161.99,400.43,0.0195,2,231,318.7058,1.4005,344.1672,0.0233,A
120,es-stress-d2/elasticsearch-dynamic-0,8.41,208360.58,1414.09,0.0117,6,483,318.7058,125.871,344.1672,0.0155,A
120,es-stress-d3/elasticsearch-dynamic-0,7.3,208349.2,1414.09,0.0078,3,714,318.7058,125.8536,344.1672,0.0155,A
120,es-stress-d4/elasticsearch-dynamic-0,8.58,208357.19,1414.09,0.0117,4,572,318.7058,125.8706,344.1672,0.0155,A
120,hotel1/consul,25.15,27.9,212.87,0.0,0,2182,437.606,1.4005,344.1672,0.0427,A
120,hotel1/frontend,9511.8,116.44,1119.14,0.0,0,559637,112236.7102,90.6773,344.1672,15.8,A
120,hotel1/geo,1000.47,19.8,1119.06,0.0,0,1659,332.7169,9.5422,344.1672,1.64,A
120,hotel1/jaeger,0.3,14.83,81.01,0.0,0,0,318.7058,1.4005,1.4887,0.0,A
120,hotel1/memcached-profile,332.09,7.71,79.27,0.0,0,1485,318.7058,3.1681,344.1672,0.532,A
120,hotel1/memcached-rate,219.09,7.52,79.27,0.0,0,1456,318.7058,2.0915,344.1672,0.346,A
120,hotel1/memcached-reserve,267.17,8.69,79.27,0.0,0,955,318.7058,2.5502,344.1672,0.443,A
120,hotel1/mongodb-geo,11.51,161.4,400.43,0.0,0,141,318.7058,1.4005,344.1672,0.0194,A
120,hotel1/mongodb-profile,11.7,162.48,400.43,0.0,0,134,318.7058,1.4005,344.1672,0.0194,A
120,hotel1/mongodb-rate,11.93,163.42,400.43,0.0195,1,198,318.7058,1.4005,344.1672,0.0194,A
120,hotel1/mongodb-recommendation,12.44,161.21,400.43,0.0195,1,156,318.7058,1.4005,344.1672,0.0194,A
120,es-stress-d/elasticsearch-dynamic-0,7.13,208353.3,1414.09,0.0039,2,667,318.7058,125.8544,344.1672,0.0078,A
120,hotel1/mongodb-user,12.48,162.04,400.43,0.0195,1,290,318.7058,1.4005,344.1672,0.0194,A
120,hotel2/memcached-reserve,253.78,7.38,79.27,0.0,0,950,318.7058,2.4219,344.1672,0.431,A
120,hotel2/memcached-rate,205.23,7.52,79.27,0.0,0,1185,318.7058,1.9595,344.1672,0.35,A
120,hotel2/memcached-profile,317.67,8.61,79.27,0.0,0,1162,318.7058,3.0312,344.1672,0.536,A
120,hotel2/jaeger,0.3,14.6,81.01,0.0,0,0,318.7058,1.4005,1.4887,0.0,A
120,hotel1/mongodb-reservation,2398.65,248.94,400.43,0.0391,18,46562,9338.1347,22.9992,344.1672,3.5,A
120,hotel2/frontend,9157.0,116.89,1119.14,0.0,0,494399,99153.0533,87.2978,344.1672,15.5,A
120,hotel2/geo,932.45,20.46,1119.06,0.0,0,2019,404.9159,8.8946,344.1672,1.64,A
120,hotel1/user,61.24,15.95,1119.06,0.0,0,1279,318.7058,1.4005,344.1672,0.101,A
120,hotel1/search,2630.21,27.14,1119.06,0.0,0,3302,662.225,25.0711,344.1672,4.44,A
120,hotel1/reservation,4213.94,56.2,1119.06,0.0,0,228781,45882.6468,40.1749,344.1672,6.64,A
120,hotel1/recommendation,630.67,18.43,1119.06,0.0,0,1825,366.0087,6.0187,344.1672,1.03,A
120,hotel1/rate,1868.12,31.75,1119.14,0.0,0,2641,529.6597,17.8144,344.1672,3.27,A
120,hotel1/profile,4002.92,42.04,1119.06,0.0,0,64438,12923.2147,38.1562,344.1672,6.84,A
120,hotel2/consul,27.77,27.41,212.87,0.0,0,1795,359.9921,1.4005,344.1672,0.0427,A
121,hotel2/user,59.57,15.65,1119.06,0.0,0,967,318.7058,1.4005,347.1824,0.0851,A
121,hotel2/mongodb-reservation,1970.78,257.51,400.43,0.0039,2,24305,4598.8832,17.1737,347.1824,3.26,A
121,hotel2/reservation,4242.85,65.01,1119.06,0.0,0,235450,44550.7941,36.6951,347.1824,6.37,A
121,hotel2/recommendation,631.01,18.15,1119.06,0.0,0,1852,350.4271,5.4622,347.1824,0.965,A
121,hotel2/rate,1888.7,29.76,1119.14,0.0,0,2985,564.8083,16.3352,347.1824,2.92,A
121,hotel2/profile,4244.77,53.81,1119.06,0.0,0,162427,30733.7092,36.7053,347.1824,5.85,A
121,hotel2/mongodb-user,11.73,161.03,400.43,0.0,0,122,318.7058,1.4005,347.1824,0.0142,A
121,hotel2/search,2604.48,27.5,1119.06,0.0,0,3148,595.6505,22.5183,347.1824,3.84,A
121,hotel2/mongodb-recommendation,11.13,160.7,400.43,0.0,0,584,318.7058,1.4005,347.1824,0.0177,A
121,hotel2/mongodb-rate,11.9,165.02,400.43,0.0,0,114,318.7058,1.4005,347.1824,0.0177,A
121,hotel2/mongodb-profile,11.74,162.59,400.43,0.0,0,288,318.7058,1.4005,347.1824,0.0177,A
121,hotel2/mongodb-geo,11.76,161.99,400.43,0.0,0,316,318.7058,1.4005,347.1824,0.0177,A
121,es-stress-d2/elasticsearch-dynamic-0,12.54,208360.58,1414.09,0.0039,1,351,318.7058,118.3558,347.1824,0.0142,A
121,es-stress-d3/elasticsearch-dynamic-0,13.28,208349.27,1414.09,0.0,0,495,318.7058,118.3557,347.1824,0.0142,A
121,es-stress-d4/elasticsearch-dynamic-0,8.9,208357.19,1414.09,0.0,0,869,318.7058,118.3224,347.1824,0.0142,A
121,hotel1/consul,27.37,27.9,212.87,0.0,0,1995,377.485,1.4005,347.1824,0.039,A
121,hotel1/frontend,9974.62,117.72,1119.14,0.0,0,712637,134841.9803,86.2474,347.1824,14.3,A
121,hotel1/geo,940.3,19.2,1119.06,0.0,0,2326,440.1153,8.1351,347.1824,1.56,A
121,hotel1/jaeger,0.31,14.83,81.01,0.0,0,0,318.7058,1.4005,1.4887,0.0,A
121,hotel1/memcached-profile,324.27,7.68,79.27,0.0,0,1205,318.7058,2.806,347.1824,0.497,A
121,hotel1/memcached-rate,218.05,7.55,79.27,0.0,0,1159,318.7058,1.8882,347.1824,0.341,A
121,hotel1/memcached-reserve,262.1,7.13,79.27,0.0,0,1090,318.7058,2.2686,347.1824,0.433,A
121,hotel1/mongodb-geo,12.47,161.57,400.43,0.0195,1,267,318.7058,1.4005,347.1824,0.0213,A
121,hotel1/mongodb-profile,12.24,162.3,400.43,0.0195,1,165,318.7058,1.4005,347.1824,0.0177,A
121,hotel1/mongodb-rate,10.99,163.42,400.43,0.0,0,189,318.7058,1.4005,347.1824,0.0177,A
121,hotel1/mongodb-recommendation,11.26,161.03,400.43,0.0,0,202,318.7058,1.4005,347.1824,0.0142,A
121,es-stress-d/elasticsearch-dynamic-0,9.55,208353.3,1414.09,0.0039,1,576,318.7058,118.3258,347.1824,0.0213,A
121,hotel1/mongodb-user,12.03,162.04,400.43,0.0,0,270,318.7058,1.4005,347.1824,0.0213,A
121,hotel2/memcached-reserve,282.13,7.4,79.27,0.0,0,1154,318.7058,2.4418,347.1824,0.394,A
121,hotel2/memcached-rate,216.92,7.51,79.27,0.0,0,1556,318.7058,1.8784,347.1824,0.333,A
121,hotel2/memcached-profile,321.1,8.81,79.27,0.0,0,2033,384.6752,2.7793,347.1824,0.468,A
121,hotel2/jaeger,0.28,14.6,81.01,0.0,0,0,318.7058,1.4005,1.4887,0.0,A
121,hotel1/mongodb-reservation,2624.68,249.04,400.43,0.0703,22,56552,10700.5161,22.8185,347.1824,3.95,A
121,hotel2/frontend,9748.51,112.05,1119.14,0.0,0,586043,110888.4308,84.2906,347.1824,14.0,A
121,hotel2/geo,994.65,23.57,1119.06,0.0,0,1916,362.5369,8.6071,347.1824,1.47,A
121,hotel1/user,58.91,15.95,1119.06,0.0,0,798,318.7058,1.4005,347.1824,0.0922,A
121,hotel1/search,2558.32,29.51,1119.06,0.0,0,3189,603.4083,22.1206,347.1824,4.18,A
121,hotel1/reservation,4075.15,55.22,1119.06,0.0,0,186249,35241.2013,35.2406,347.1824,6.55,A
121,hotel1/recommendation,626.69,18.48,1119.06,0.0,0,1898,359.1311,5.4251,347.1824,1.01,A
121,hotel1/rate,1731.4,29.32,1119.14,0.0,0,2593,490.6358,14.9759,347.1824,3.03,A
121,hotel1/profile,4116.56,41.67,1119.06,0.0,0,44890,8493.8847,35.5907,347.1824,6.51,A
121,hotel2/consul,29.37,27.47,212.87,0.0,0,1163,318.7058,1.4005,347.1824,0.0426,A
122,hotel2/user,59.66,16.02,1119.06,0.0,0,929,318.7058,1.4005,362.6355,0.0912,A
122,hotel2/search,2643.28,27.38,1119.06,0.0,0,3089,571.0846,25.508,362.6355,4.01,A
122,hotel2/mongodb-recommendation,13.75,160.71,400.43,0.0781,18,640,318.7058,1.4005,362.6355,0.0215,A
122,hotel2/recommendation,634.74,18.68,1119.06,0.0,0,2378,439.6371,6.1331,362.6355,0.901,A
122,hotel2/rate,1896.35,27.16,1119.14,0.0,0,2709,500.8314,18.3049,362.6355,2.8,A
122,hotel2/profile,4422.34,44.97,1119.06,0.0,0,251811,46554.0222,42.6757,362.6355,6.31,A
122,hotel2/mongodb-user,13.93,161.03,400.43,0.0859,18,218,318.7058,1.4005,362.6355,0.0215,A
122,hotel2/mongodb-reservation,1690.7,257.59,400.43,0.2109,46,16941,3131.9986,16.47,362.6355,3.22,A
122,hotel2/reservation,4502.47,70.81,1119.06,0.0,0,277561,51314.6008,43.4651,362.6355,6.63,A
122,hotel2/mongodb-rate,13.28,165.03,400.43,0.0664,14,2019,373.2663,1.4005,362.6355,0.0215,A
122,hotel2/mongodb-profile,12.83,162.59,400.43,0.082,16,146,318.7058,1.4005,362.6355,0.0215,A
122,hotel2/memcached-reserve,281.61,7.33,79.27,0.0,0,1177,318.7058,2.7204,362.6355,0.413,A
122,es-stress-d/elasticsearch-dynamic-0,7.47,208353.3,1414.09,0.0195,8,460,318.7058,134.187,362.6355,0.0161,A
122,es-stress-d2/elasticsearch-dynamic-0,8.53,208360.58,1414.09,0.0,0,903,318.7058,134.202,362.6355,0.0054,A
122,es-stress-d3/elasticsearch-dynamic-0,8.13,208349.27,1414.09,0.0039,1,720,318.7058,134.1908,362.6355,0.0215,A
122,es-stress-d4/elasticsearch-dynamic-0,11.28,208357.19,1414.09,0.0039,1,779,318.7058,134.2263,362.6355,0.0107,A
122,hotel1/consul,29.69,25.83,212.87,0.0,0,1559,318.7058,1.4005,362.6355,0.0376,A
122,hotel1/frontend,9980.88,113.2,1119.14,0.0,0,547709,101258.7096,96.3233,362.6355,15.5,A
122,hotel1/geo,1021.72,20.99,1119.06,0.0,0,1865,344.7953,9.8664,362.6355,1.56,A
122,hotel1/jaeger,0.31,14.83,81.01,0.0,0,0,318.7058,1.4005,1.4887,0.0,A
122,hotel1/memcached-profile,333.15,7.74,79.27,0.0,0,1616,318.7058,3.2177,362.6355,0.515,A
122,hotel1/memcached-rate,223.79,7.54,79.27,0.0,0,1802,333.1481,2.163,362.6355,0.359,A
122,hotel1/memcached-reserve,284.7,7.14,79.27,0.0,0,1129,318.7058,2.7501,362.6355,0.435,A
122,hotel1/mongodb-geo,12.27,161.41,400.43,0.0508,9,502,318.7058,1.4005,362.6355,0.0215,A
122,hotel1/mongodb-profile,12.39,162.3,400.43,0.043,7,178,318.7058,1.4005,362.6355,0.0215,A
122,hotel1/mongodb-rate,12.98,163.42,400.43,0.0664,8,221,318.7058,1.4005,362.6355,0.0161,A
122,hotel2/mongodb-geo,13.33,161.99,400.43,0.0898,18,341,318.7058,1.4005,362.6355,0.0161,A
122,hotel1/mongodb-reservation,2528.24,249.89,400.43,0.1133,36,100132,18512.0878,24.5419,362.6355,2.67,A
122,hotel2/memcached-rate,221.82,7.52,79.27,0.0,0,1377,318.7058,2.144,362.6355,0.327,A
122,hotel2/memcached-profile,331.1,8.02,79.27,0.0,0,1320,318.7058,3.1981,362.6355,0.483,A
122,hotel2/jaeger,0.38,14.6,81.01,0.0,0,0,318.7058,1.4005,1.4887,0.0,A
122,hotel2/geo,1033.01,19.7,1119.06,0.0,0,2238,413.7544,9.9745,362.6355,1.53,A
122,hotel1/mongodb-recommendation,13.83,161.04,400.43,0.0703,10,149,318.7058,1.4005,362.6355,0.0161,A
122,hotel2/consul,28.04,27.52,212.87,0.0,0,1196,318.7058,1.4005,362.6355,0.0376,A
122,hotel2/frontend,9576.09,100.86,1119.14,0.0,0,542149,100230.7944,92.4118,362.6355,15.0,A
122,hotel1/search,2745.55,30.71,1119.06,0.0,0,3774,697.7252,26.4964,362.6355,4.21,A
122,hotel1/reservation,4324.69,61.46,1119.06,0.0,0,184481,34106.2645,41.7446,362.6355,6.98,A
122,hotel1/recommendation,661.4,20.66,1119.06,0.0,0,1586,318.7058,6.3915,362.6355,0.976,A
122,hotel1/rate,1921.37,30.7,1119.14,0.0,0,2787,515.2518,18.5485,362.6355,2.97,A
122,hotel1/profile,4206.7,43.16,1119.06,0.0,0,58488,10813.0767,40.595,362.6355,6.71,A
122,hotel1/mongodb-user,13.37,162.05,400.43,0.0703,10,638,318.7058,1.4005,362.6355,0.0161,A
122,hotel1/user,73.5,16.09,1119.06,0.0,0,1132,318.7058,1.4005,362.6355,0.0912,A
123,hotel2/user,59.87,16.05,1119.06,0.0,0,1024,318.7058,1.4005,355.8302,0.076,A
123,hotel2/mongodb-reservation,2417.18,257.47,400.43,0.0078,4,83941,15527.8198,18.8472,355.8302,2.62,A
123,hotel2/reservation,4601.33,59.93,1119.06,0.0,0,392869,72674.8435,35.6515,355.8302,6.12,A
123,hotel2/recommendation,675.3,19.58,1119.06,0.0,0,1664,318.7058,5.2379,355.8302,0.836,A
123,hotel2/rate,1852.09,25.99,1119.14,0.0,0,2643,488.9152,14.3511,355.8302,2.28,A
123,hotel2/profile,4367.57,41.78,1119.06,0.0,0,260153,48124.3839,33.8324,355.8302,6.02,A
123,hotel2/mongodb-user,11.14,161.03,400.43,0.0,0,171,318.7058,1.4005,355.8302,0.0181,A
123,hotel2/search,2737.66,28.87,1119.06,0.0,0,3705,685.3692,21.2081,355.8302,3.39,A
123,hotel2/mongodb-recommendation,11.86,160.71,400.43,0.0,0,265,318.7058,1.4005,355.8302,0.0181,A
123,hotel2/mongodb-rate,11.68,165.03,400.43,0.0,0,163,318.7058,1.4005,355.8302,0.0181,A
123,hotel2/mongodb-profile,11.68,162.59,400.43,0.0,0,129,318.7058,1.4005,355.8302,0.0181,A
123,hotel2/mongodb-geo,11.28,161.99,400.43,0.0,0,898,318.7058,1.4005,355.8302,0.0145,A
123,es-stress-d2/elasticsearch-dynamic-0,9.58,208360.59,1414.09,0.0039,1,598,318.7058,109.5055,355.8302,0.0181,A
123,es-stress-d3/elasticsearch-dynamic-0,9.91,208349.27,1414.09,0.0,0,527,318.7058,109.5021,355.8302,0.0217,A
123,es-stress-d4/elasticsearch-dynamic-0,8.88,208357.19,1414.09,0.0195,8,837,318.7058,109.4983,355.8302,0.029,A
123,hotel1/consul,24.83,25.83,212.87,0.0,0,2104,389.2083,1.4005,355.8302,0.0362,A
123,hotel1/frontend,9990.43,119.62,1119.14,0.0,0,771135,142648.3521,77.4012,355.8302,14.6,A
123,hotel1/geo,994.03,20.64,1119.06,0.0,0,1984,367.0101,7.7059,355.8302,1.45,A
123,hotel1/jaeger,0.43,14.83,81.01,0.0,0,0,318.7058,1.4005,1.4887,0.0,A
123,hotel1/memcached-profile,322.43,7.71,79.27,0.0,0,1459,318.7058,2.5001,355.8302,0.463,A
123,hotel1/memcached-rate,229.08,7.55,79.27,0.0,0,1156,318.7058,1.7773,355.8302,0.326,A
123,hotel1/memcached-reserve,281.96,8.23,79.27,0.0,0,1088,318.7058,2.187,355.8302,0.369,A
123,hotel1/mongodb-geo,12.27,161.41,400.43,0.0195,1,142,318.7058,1.4005,355.8302,0.0217,A
123,hotel1/mongodb-profile,11.88,162.55,400.43,0.0195,1,287,318.7058,1.4005,355.8302,0.0181,A
123,hotel1/mongodb-rate,11.14,163.42,400.43,0.0,0,135,318.7058,1.4005,355.8302,0.0145,A
123,hotel1/mongodb-recommendation,11.02,161.04,400.43,0.0,0,258,318.7058,1.4005,355.8302,0.0145,A
123,es-stress-d/elasticsearch-dynamic-0,9.24,208353.3,1414.09,0.0039,1,617,318.7058,109.499,355.8302,0.0217,A
123,hotel1/mongodb-user,11.79,162.05,400.43,0.0,0,184,318.7058,1.4005,355.8302,0.0145,A
123,hotel2/memcached-reserve,287.09,7.58,79.27,0.0,0,1004,318.7058,2.2264,355.8302,0.351,A
123,hotel2/memcached-rate,219.09,7.47,79.27,0.0,0,1935,357.9458,1.7,355.8302,0.279,A
123,hotel2/memcached-profile,329.24,7.74,79.27,0.0,0,1568,318.7058,2.5528,355.8302,0.46,A
123,hotel2/jaeger,0.29,14.6,81.01,0.0,0,0,318.7058,1.4005,1.4887,0.0,A
123,hotel1/mongodb-reservation,2282.96,249.01,400.43,0.0664,18,49668,9187.8314,17.8037,355.8302,3.1,A
123,hotel2/frontend,9846.96,118.62,1119.14,0.0,0,564455,104415.6673,76.2901,355.8302,14.0,A
123,hotel2/geo,1039.12,20.63,1119.06,0.0,0,2126,393.278,8.0549,355.8302,1.24,A
123,hotel1/user,66.41,16.1,1119.06,0.0,0,1102,318.7058,1.4005,355.8302,0.0833,A
123,hotel1/search,2684.5,29.9,1119.06,0.0,0,3489,645.4124,20.7971,355.8302,3.81,A
123,hotel1/reservation,4492.98,64.48,1119.06,0.0,0,257175,47573.4987,34.8151,355.8302,5.78,A
123,hotel1/recommendation,680.71,19.38,1119.06,0.0,0,2223,411.2215,5.2797,355.8302,0.894,A
123,hotel1/rate,1924.53,30.25,1119.14,0.0,0,2724,503.8989,14.9142,355.8302,2.58,A
123,hotel1/profile,4151.14,39.75,1119.06,0.0,0,42655,7890.5321,32.1559,355.8302,5.83,A
123,hotel2/consul,29.2,27.56,212.87,0.0,0,1712,318.7058,1.4005,355.8302,0.0435,A
124,hotel2/user,62.95,15.9,1119.06,0.0,0,1390,318.7058,1.4005,341.9033,0.0962,A
124,hotel2/mongodb-reservation,1777.04,257.45,400.43,0.0469,12,907,318.7058,15.0172,341.9033,3.21,A
124,hotel2/reservation,4303.08,59.12,1119.06,0.0,0,190905,37885.2521,36.0639,341.9033,6.37,A
124,hotel2/recommendation,618.17,19.81,1119.06,0.0,0,2235,443.5376,5.1869,341.9033,0.95,A
124,hotel2/rate,1759.16,27.77,1119.14,0.0,0,2835,562.608,14.7453,341.9033,2.92,A
124,hotel2/profile,4201.12,47.89,1119.06,0.0,0,209429,41561.3549,35.2041,341.9033,6.4,A
124,hotel2/mongodb-user,12.98,161.03,400.43,0.0195,2,148,318.7058,1.4005,341.9033,0.0231,A
124,hotel2/search,2402.6,28.45,1119.06,0.0,0,3067,608.6486,20.1336,341.9033,3.73,A
124,hotel2/mongodb-recommendation,12.55,160.71,400.43,0.0195,2,119,318.7058,1.4005,341.9033,0.0192,A
124,hotel2/mongodb-rate,12.37,165.03,400.43,0.0195,2,266,318.7058,1.4005,341.9033,0.0192,A
124,hotel2/mongodb-profile,12.46,162.59,400.43,0.0195,2,170,318.7058,1.4005,341.9033,0.0231,A
124,hotel2/mongodb-geo,12.72,162.18,400.43,0.0195,2,276,318.7058,1.4005,341.9033,0.0192,A
124,es-stress-d2/elasticsearch-dynamic-0,8.41,208360.59,1414.09,0.0,0,986,318.7058,110.9283,341.9033,0.0115,A
124,es-stress-d3/elasticsearch-dynamic-0,7.56,208349.27,1414.09,0.0039,1,958,318.7058,110.9151,341.9033,0.0077,A
124,es-stress-d4/elasticsearch-dynamic-0,9.44,208357.19,1414.09,0.0039,1,557,318.7058,110.9351,341.9033,0.0115,A
124,hotel1/consul,26.56,25.83,212.87,0.0,0,2025,401.8629,1.4005,341.9033,0.0423,A
124,hotel1/frontend,9900.33,120.89,1119.14,0.0,0,599149,118901.6049,82.966,341.9033,15.6,A
124,hotel1/geo,965.87,20.24,1119.06,0.0,0,1942,385.3915,8.0986,341.9033,1.62,A
124,hotel1/jaeger,0.36,14.83,81.01,0.0,0,0,318.7058,1.4005,1.4887,0.0038,A
124,hotel1/memcached-profile,318.62,8.46,79.27,0.0,0,1822,361.5774,2.6725,341.9033,0.546,A
124,hotel1/memcached-rate,205.51,7.54,79.27,0.0,0,1535,318.7058,1.7249,341.9033,0.354,A
124,hotel1/memcached-reserve,257.04,7.16,79.27,0.0,0,1026,318.7058,2.1562,341.9033,0.45,A
124,hotel1/mongodb-geo,11.79,161.41,400.43,0.0,0,191,318.7058,1.4005,341.9033,0.0192,A
124,hotel1/mongodb-profile,11.72,162.55,400.43,0.0,0,210,318.7058,1.4005,341.9033,0.0192,A
124,hotel1/mongodb-rate,12.67,163.61,400.43,0.0195,1,254,318.7058,1.4005,341.9033,0.0154,A
124,hotel1/mongodb-recommendation,12.4,161.04,400.43,0.0195,1,194,318.7058,1.4005,341.9033,0.0231,A
124,es-stress-d/elasticsearch-dynamic-0,7.47,208353.3,1414.09,0.0,0,743,318.7058,110.9165,341.9033,0.0115,A
124,hotel1/mongodb-user,12.77,162.05,400.43,0.0195,1,106,318.7058,1.4005,341.9033,0.0231,A
124,hotel2/memcached-reserve,265.92,7.62,79.27,0.0,0,970,318.7058,2.2308,341.9033,0.415,A
124,hotel2/memcached-rate,206.67,8.0,79.27,0.0,0,1394,318.7058,1.7348,341.9033,0.331,A
124,hotel2/memcached-profile,297.22,8.04,79.27,0.0,0,1487,318.7058,2.4931,341.9033,0.504,A
124,hotel2/jaeger,0.35,14.6,81.01,0.0,0,0,318.7058,1.4005,1.4887,0.0,A
124,hotel1/mongodb-reservation,1799.58,249.25,400.43,0.0273,14,8110,1609.4361,15.2016,341.9033,3.97,A
124,hotel2/frontend,9649.96,115.07,1119.14,0.0,0,599403,118952.0114,80.8664,341.9033,15.1,A
124,hotel2/geo,938.2,20.02,1119.06,0.0,0,2019,400.6722,7.8668,341.9033,1.5,A
124,hotel1/user,57.47,16.21,1119.06,0.0,0,1072,318.7058,1.4005,341.9033,0.0923,A
124,hotel1/search,2554.96,27.57,1119.06,0.0,0,3385,671.756,21.409,341.9033,4.3,A
124,hotel1/reservation,3949.8,58.46,1119.06,0.0,0,193917,38482.9859,33.1053,341.9033,6.81,A
124,hotel1/recommendation,614.51,19.37,1119.06,0.0,0,1703,337.9617,5.156,341.9033,1.04,A
124,hotel1/rate,1736.88,31.3,1119.14,0.0,0,2678,531.4513,14.5606,341.9033,3.08,A
124,hotel1/profile,4084.95,43.24,1119.06,0.0,0,53942,10704.8336,34.2289,341.9033,6.68,A
124,hotel2/consul,28.27,27.57,212.87,0.0,0,1216,318.7058,1.4005,341.9033,0.0462,A
125,hotel2/user,58.74,16.14,1119.06,0.0,0,1400,318.7058,1.4005,261.2339,0.1,A
125,hotel2/mongodb-reservation,1855.41,257.66,400.43,0.0,0,25873,4072.4046,25.5663,261.2339,3.08,A
125,hotel2/reservation,4495.65,67.72,1119.06,0.0,0,397570,62577.4318,61.5886,261.2339,7.38,A
125,hotel2/recommendation,593.2,20.96,1119.06,0.0,0,2402,378.0743,8.1343,261.2339,1.09,A
125,hotel2/rate,1810.39,32.25,1119.14,0.0,0,3242,510.2901,24.8048,261.2339,3.17,A
125,hotel2/profile,4055.85,53.96,1119.06,0.0,0,254373,40038.255,55.5589,261.2339,7.59,A
125,hotel2/mongodb-user,9.45,161.03,400.43,0.0,0,346,318.7058,1.4005,261.2339,0.0167,A
125,hotel2/search,2460.68,30.46,1119.06,0.0,0,4478,704.8362,33.7061,261.2339,4.51,A
125,hotel2/mongodb-recommendation,9.54,160.71,400.43,0.0,0,429,318.7058,1.4005,261.2339,0.0209,A
125,hotel2/mongodb-rate,9.84,165.03,400.43,0.0,0,183,318.7058,1.4005,261.2339,0.0167,A
125,hotel2/mongodb-profile,9.76,162.59,400.43,0.0,0,139,318.7058,1.4005,261.2339,0.0167,A
125,hotel2/mongodb-geo,10.22,162.18,400.43,0.0,0,353,318.7058,1.4005,261.2339,0.0209,A
125,es-stress-d2/elasticsearch-dynamic-0,19.7,208361.31,1414.09,0.0234,7,486,318.7058,134.4057,261.2339,0.0292,A
125,es-stress-d3/elasticsearch-dynamic-0,10.66,208349.36,1414.09,0.0273,9,631,318.7058,134.2743,261.2339,0.025,A
125,es-stress-d4/elasticsearch-dynamic-0,8.81,208357.29,1414.09,0.0039,1,755,318.7058,134.2541,261.2339,0.0209,A
125,hotel1/consul,25.09,25.83,212.87,0.0,0,3065,482.4303,1.4005,261.2339,0.0459,A
125,hotel1/frontend,4806.53,105.13,1119.14,0.0,0,296463,46663.2119,65.8686,261.2339,17.0,A
125,hotel1/geo,439.81,19.97,1119.06,0.0,0,1123,318.7058,6.0338,261.2339,1.52,A
125,hotel1/jaeger,0.35,14.83,81.01,0.0,0,0,318.7058,1.4005,1.4887,0.0,A
125,hotel1/memcached-profile,154.27,7.66,79.27,0.0,0,1254,318.7058,2.1169,261.2339,0.513,A
125,hotel1/memcached-rate,95.07,7.48,79.27,0.0,0,649,318.7058,1.4005,261.2339,0.346,A
125,hotel1/memcached-reserve,120.82,7.1,79.27,0.0,0,553,318.7058,1.6586,261.2339,0.434,A
125,hotel1/mongodb-geo,10.4,161.57,400.43,0.0234,1,272,318.7058,1.4005,261.2339,0.025,A
125,hotel1/mongodb-profile,10.31,162.3,400.43,0.0234,1,218,318.7058,1.4005,261.2339,0.0209,A
125,hotel1/mongodb-rate,10.61,163.42,400.43,0.0,0,152,318.7058,1.4005,261.2339,0.025,A
125,hotel1/mongodb-recommendation,9.61,161.04,400.43,0.0,0,321,318.7058,1.4005,261.2339,0.0209,A
125,es-stress-d/elasticsearch-dynamic-0,12.5,208353.4,1414.09,0.0078,2,626,318.7058,134.3021,261.2339,0.0209,A
125,hotel1/mongodb-user,9.94,162.05,400.43,0.0,0,158,318.7058,1.4005,261.2339,0.0209,A
125,hotel2/memcached-reserve,265.14,7.38,79.27,0.0,0,1418,318.7058,3.6345,261.2339,0.488,A
125,hotel2/memcached-rate,200.01,7.56,79.27,0.0,0,2073,326.2898,2.743,261.2339,0.38,A
125,hotel2/memcached-profile,298.58,9.03,79.27,0.0,0,2665,419.4704,4.0933,261.2339,0.564,A
125,hotel2/jaeger,0.36,14.6,81.01,0.0,0,0,318.7058,1.4005,1.4887,0.0,A
125,hotel1/mongodb-reservation,978.05,249.09,400.43,0.043,6,23593,3713.5331,13.5498,261.2339,4.29,A
125,hotel2/frontend,9212.21,121.25,1119.14,0.0,0,568140,89425.1128,126.1923,261.2339,16.6,A
125,hotel2/geo,973.79,20.99,1119.06,0.0,0,2657,418.2112,13.3446,261.2339,1.7,A
125,hotel1/user,31.72,16.2,1119.06,0.0,0,602,318.7058,1.4005,261.2339,0.1,A
125,hotel1/search,1201.68,28.91,1119.06,0.0,0,1429,318.7058,16.4695,261.2339,4.1,A
125,hotel1/reservation,2039.72,55.3,1119.06,0.0,0,162162,25524.2636,27.9592,261.2339,6.74,A
125,hotel1/recommendation,287.66,18.66,1119.06,0.0,0,1424,318.7058,3.9501,261.2339,1.03,A
125,hotel1/rate,824.92,29.73,1119.14,0.0,0,1488,318.7058,11.3122,261.2339,2.82,A
125,hotel1/profile,1865.7,41.54,1119.06,0.0,0,21753,3423.9175,25.568,261.2339,6.74,A
125,hotel2/consul,26.93,27.65,212.87,0.0,0,2292,360.7603,1.4005,261.2339,0.0501,A
126,hotel2/user,7.28,15.9,1119.06,0.0,0,1167,318.7058,1.4005,1.4887,0.0968,A
126,hotel2/search,198.46,25.65,1119.06,0.0,0,701,318.7058,7.1122,30.5669,4.29,A
126,hotel2/mongodb-recommendation,12.01,161.19,400.43,0.0312,4,631,318.7058,1.4005,30.5669,0.0202,A
126,hotel2/recommendation,44.62,18.7,1119.06,0.0,0,1210,318.7058,1.6006,30.5669,1.02,A
126,hotel2/rate,155.85,27.97,1119.14,0.0,0,1390,318.7058,5.5861,30.5669,2.99,A
126,hotel2/profile,345.76,43.97,1119.06,0.0,0,42735,5097.8028,12.3908,30.5669,7.23,A
126,hotel2/mongodb-user,12.66,161.73,400.43,0.0234,2,496,318.7058,1.4005,30.5669,0.0242,A
126,hotel2/mongodb-reservation,298.9,257.83,400.43,0.0312,2,18658,2225.6887,10.7376,30.5669,2.64,A
126,hotel2/reservation,408.88,61.57,1119.06,0.0,0,118396,14123.3055,14.654,30.5669,7.37,A
126,hotel2/mongodb-rate,12.48,165.47,400.43,0.0234,2,429,318.7058,1.4005,30.5669,0.0202,A
126,hotel2/mongodb-profile,12.49,163.22,400.43,0.0234,2,384,318.7058,1.4005,30.5669,0.0242,A
126,hotel2/memcached-reserve,23.04,7.52,79.27,0.0,0,1108,318.7058,1.4005,30.5669,0.452,A
126,es-stress-d/elasticsearch-dynamic-0,12.6,208353.46,1414.09,0.0,0,1707,318.7058,25.1181,30.5669,0.0121,A
126,es-stress-d2/elasticsearch-dynamic-0,7.85,208360.81,1414.09,0.0117,4,1439,318.7058,24.9489,30.5669,0.0081,A
126,es-stress-d3/elasticsearch-dynamic-0,11.39,208349.37,1414.09,0.0039,1,1683,318.7058,25.0743,30.5669,0.0081,A
126,es-stress-d4/elasticsearch-dynamic-0,14.04,208357.29,1414.09,0.0039,1,1692,318.7058,25.1702,30.5669,0.0202,A
126,hotel1/consul,28.08,26.07,212.87,0.0,0,9767,1165.0928,1.4005,30.5669,0.0524,A
126,hotel1/frontend,0.52,105.13,1119.14,0.0,0,0,318.7058,1.4005,30.5669,16.5,A
126,hotel1/geo,1.34,19.97,1119.06,0.0,0,916,318.7058,1.4005,1.4887,1.75,A
126,hotel1/jaeger,0.34,14.83,81.01,0.0,0,0,318.7058,1.4005,1.4887,0.0,A
126,hotel1/memcached-profile,0.52,7.66,79.27,0.0,0,0,318.7058,1.4005,1.4887,0.577,A
126,hotel1/memcached-rate,0.43,7.48,79.27,0.0,0,0,318.7058,1.4005,1.4887,0.387,A
126,hotel1/memcached-reserve,0.45,7.1,79.27,0.0,0,0,318.7058,1.4005,1.4887,0.484,A
126,hotel1/mongodb-geo,11.25,161.66,400.43,0.0,0,471,318.7058,1.4005,30.5669,0.0161,A
126,hotel1/mongodb-profile,11.52,163.05,400.43,0.0,0,550,318.7058,1.4005,30.5669,0.0161,A
126,hotel1/mongodb-rate,12.96,163.67,400.43,0.0234,1,561,318.7058,1.4005,30.5669,0.0242,A
126,hotel2/mongodb-geo,12.95,162.19,400.43,0.0234,2,496,318.7058,1.4005,30.5669,0.0242,A
126,hotel1/mongodb-reservation,11.3,249.77,400.43,0.0,0,492,318.7058,1.4005,30.5669,3.93,A
126,hotel2/memcached-rate,19.77,7.45,79.27,0.0,0,2168,318.7058,1.4005,30.5669,0.343,A
126,hotel2/memcached-profile,32.27,7.71,79.27,0.0,0,1068,318.7058,1.4005,30.5669,0.532,A
126,hotel2/jaeger,0.33,14.6,81.01,0.0,0,0,318.7058,1.4005,1.4887,0.004,A
126,hotel2/geo,81.33,20.42,1119.06,0.0,0,797,318.7058,2.9158,30.5669,1.67,A
126,hotel1/mongodb-recommendation,13.02,161.05,400.43,0.0234,1,492,318.7058,1.4005,30.5669,0.0242,A
126,hotel2/consul,28.64,27.66,212.87,0.0,0,10706,1277.1049,1.4005,30.5669,0.0484,A
126,hotel2/frontend,897.64,101.26,1119.14,0.0,0,54481,6498.9679,32.1668,30.5669,15.4,A
126,hotel1/search,1.02,29.41,1119.06,0.0,0,256,318.7058,1.4005,1.4887,4.8,A
126,hotel1/reservation,1.45,55.3,1119.06,0.0,0,497,318.7058,1.4005,30.5669,7.2,A
126,hotel1/recommendation,1.64,18.66,1119.06,0.0,0,698,318.7058,1.4005,1.4887,1.12,A
126,hotel1/rate,1.68,29.99,1119.14,0.0,0,692,318.7058,1.4005,1.4887,3.43,A
126,hotel1/profile,1.56,41.54,1119.06,0.0,0,222,318.7058,1.4005,1.4887,7.15,A
126,hotel1/mongodb-user,12.56,162.53,400.43,0.0234,1,491,318.7058,1.4005,30.5669,0.0202,A
126,hotel1/user,1.12,16.2,1119.06,0.0,0,563,318.7058,1.4005,1.4887,0.133,A
127,hotel2/user,1.24,15.89,1119.06,0.0,0,752,408.8311,1.4005,1.4887,0.0931,A
127,hotel2/mongodb-reservation,11.56,257.81,400.43,0.0,0,804,437.1013,2.638,5.4549,3.62,A
127,hotel2/reservation,1.69,59.85,1119.06,0.0,0,856,465.3715,1.4005,5.4549,7.18,A
127,hotel2/recommendation,1.5,18.44,1119.06,0.0,0,792,430.5774,1.4005,1.4887,1.03,A
127,hotel2/rate,1.87,27.23,1119.14,0.0,0,803,436.5576,1.4005,1.4887,2.78,A
127,hotel2/profile,1.9,43.3,1119.06,0.0,0,793,431.1211,1.4005,1.4887,6.6,A
127,hotel2/mongodb-user,10.54,161.47,400.43,0.0,0,664,360.9891,2.3996,5.4549,0.0186,A
127,hotel2/search,0.56,25.19,1119.06,0.0,0,0,318.7058,1.4005,1.4887,4.06,A
127,hotel2/mongodb-recommendation,10.97,160.9,400.43,0.0,0,771,419.1606,2.497,5.4549,0.0149,A
127,hotel2/mongodb-rate,11.62,165.72,400.43,0.0,0,796,432.752,2.6446,5.4549,0.0186,A
127,hotel2/mongodb-profile,11.22,162.78,400.43,0.0,0,654,355.5526,2.5537,5.4549,0.0149,A
127,hotel2/mongodb-geo,10.69,162.18,400.43,0.0,0,604,328.3696,2.4336,5.4549,0.0186,A
127,es-stress-d2/elasticsearch-dynamic-0,19.36,208361.12,1414.09,0.0039,1,1410,766.5583,20.1981,5.4549,0.0186,A
127,es-stress-d3/elasticsearch-dynamic-0,15.96,208349.37,1414.09,0.0,0,1531,832.3409,19.4271,5.4549,0.0149,A
127,es-stress-d4/elasticsearch-dynamic-0,8.29,208357.29,1414.09,0.0039,2,1889,1026.9706,17.6904,5.4549,0.0149,A
127,hotel1/consul,29.17,25.83,212.87,0.0,0,10732,5834.5413,6.6091,5.4549,0.0373,A
127,hotel1/frontend,0.48,105.13,1119.14,0.0,0,0,318.7058,1.4005,5.4549,15.1,A
127,hotel1/geo,1.96,19.97,1119.06,0.0,0,628,341.4174,1.4005,1.4887,1.43,A
127,hotel1/jaeger,0.34,14.83,81.01,0.0,0,0,318.7058,1.4005,1.4887,0.0,A
127,hotel1/memcached-profile,0.43,7.66,79.27,0.0,0,0,318.7058,1.4005,1.4887,0.469,A
127,hotel1/memcached-rate,0.37,7.48,79.27,0.0,0,0,318.7058,1.4005,1.4887,0.335,A
127,hotel1/memcached-reserve,0.4,7.1,79.27,0.0,0,0,318.7058,1.4005,1.4887,0.421,A
127,hotel1/mongodb-geo,13.22,161.58,400.43,0.0234,1,360,318.7058,3.0067,5.4549,0.0186,A
127,hotel1/mongodb-profile,12.54,162.71,400.43,0.0234,1,596,324.0204,2.8527,5.4549,0.0186,A
127,hotel1/mongodb-rate,11.38,163.61,400.43,0.0,0,602,327.2823,2.59,5.4549,0.0149,A
127,hotel1/mongodb-recommendation,11.23,161.04,400.43,0.0,0,709,385.4538,2.5559,5.4549,0.0186,A
127,es-stress-d/elasticsearch-dynamic-0,13.06,208353.52,1414.09,0.0039,1,1556,845.9324,18.7706,5.4549,0.0149,A
127,hotel1/mongodb-user,11.55,162.3,400.43,0.0,0,728,395.7833,2.6285,5.4549,0.0149,A
127,hotel2/memcached-reserve,0.4,7.26,79.27,0.0,0,0,318.7058,1.4005,1.4887,0.425,A
127,hotel2/memcached-rate,0.51,7.45,79.27,0.0,0,0,318.7058,1.4005,1.4887,0.328,A
127,hotel2/memcached-profile,0.54,7.71,79.27,0.0,0,0,318.7058,1.4005,1.4887,0.492,A
127,hotel2/jaeger,0.35,14.6,81.01,0.0,0,0,318.7058,1.4005,1.4887,0.0,A
127,hotel1/mongodb-reservation,13.21,249.24,400.43,0.0312,1,611,332.1752,3.011,5.4549,3.34,A
127,hotel2/frontend,0.83,97.59,1119.14,0.0,0,0,318.7058,1.4005,5.4549,14.8,A
127,hotel2/geo,1.2,20.39,1119.06,0.0,0,373,318.7058,1.4005,1.4887,1.51,A
127,hotel1/user,1.51,16.2,1119.06,0.0,0,564,318.7058,1.4005,1.4887,0.0857,A
127,hotel1/search,0.47,28.92,1119.06,0.0,0,0,318.7058,1.4005,1.4887,3.85,A
127,hotel1/reservation,1.45,55.3,1119.06,0.0,0,629,341.9611,1.4005,5.4549,6.67,A
127,hotel1/recommendation,1.01,18.66,1119.06,0.0,0,417,318.7058,1.4005,1.4887,0.991,A
127,hotel1/rate,1.23,29.73,1119.14,0.0,0,798,433.8394,1.4005,1.4887,2.68,A
127,hotel1/profile,1.22,41.54,1119.06,0.0,0,606,329.457,1.4005,1.4887,6.14,A
127,hotel2/consul,31.18,27.66,212.87,0.0,0,10925,5939.4674,7.0645,5.4549,0.0447,A
128,hotel2/user,1.65,15.9,1119.06,0.0,0,840,318.7058,1.4005,1.4887,0.0875,A
128,hotel2/search,0.53,25.19,1119.06,0.0,0,0,318.7058,1.4005,1.4887,3.39,A
128,hotel2/mongodb-recommendation,12.52,160.9,400.43,0.0234,2,796,318.7058,2.5482,5.9682,0.0175,A
128,hotel2/recommendation,1.4,18.44,1119.06,0.0,0,561,318.7058,1.4005,1.4887,0.858,A
128,hotel2/rate,1.12,27.23,1119.14,0.0,0,563,318.7058,1.4005,1.4887,2.46,A
128,hotel2/profile,1.54,43.3,1119.06,0.0,0,824,318.7058,1.4005,1.4887,5.95,A
128,hotel2/mongodb-user,12.81,161.08,400.43,0.0234,2,534,318.7058,2.607,5.9682,0.021,A
128,hotel2/mongodb-reservation,13.11,257.91,400.43,0.0312,2,575,318.7058,2.6741,5.9682,2.25,A
128,hotel2/reservation,1.36,59.85,1119.06,0.0,0,362,318.7058,1.4005,5.9682,6.08,A
128,hotel2/mongodb-rate,12.78,165.26,400.43,0.0234,2,596,318.7058,2.6012,5.9682,0.0175,A
128,hotel2/mongodb-profile,13.25,163.32,400.43,0.0234,2,549,318.7058,2.6963,5.9682,0.0175,A
128,hotel2/memcached-reserve,0.55,7.26,79.27,0.0,0,0,318.7058,1.4005,1.4887,0.378,A
128,es-stress-d/elasticsearch-dynamic-0,7.65,208353.52,1414.09,0.0273,10,2483,903.2169,15.0848,5.9682,0.007,A
128,es-stress-d2/elasticsearch-dynamic-0,7.6,208360.88,1414.09,0.0039,2,1991,724.2468,15.0751,5.9682,0.014,A
128,es-stress-d3/elasticsearch-dynamic-0,7.56,208349.37,1414.09,0.0117,4,1756,638.7631,15.0663,5.9682,0.014,A
128,es-stress-d4/elasticsearch-dynamic-0,10.33,208357.35,1414.09,0.0039,1,1764,641.6732,15.6283,5.9682,0.0105,A
128,hotel1/consul,30.42,26.33,212.87,0.0,0,13430,4885.3011,6.1677,5.9682,0.042,A
128,hotel1/frontend,0.82,105.88,1119.14,0.0,0,0,318.7058,1.4005,5.9682,14.2,A
128,hotel1/geo,1.3,19.96,1119.06,0.0,0,808,318.7058,1.4005,1.4887,1.49,A
128,hotel1/memcached-profile,0.45,7.66,79.27,0.0,0,0,318.7058,1.4005,1.4887,0.49,A
128,hotel1/memcached-rate,0.37,7.48,79.27,0.0,0,0,318.7058,1.4005,1.4887,0.315,A
128,hotel1/memcached-reserve,0.39,7.1,79.27,0.0,0,0,318.7058,1.4005,1.4887,0.399,A
128,hotel1/mongodb-geo,10.83,161.77,400.43,0.0,0,510,318.7058,2.2057,5.9682,0.0175,A
128,hotel1/mongodb-profile,11.64,162.56,400.43,0.0,0,552,318.7058,2.3699,5.9682,0.014,A
128,hotel1/mongodb-rate,13.48,163.8,400.43,0.0234,1,520,318.7058,2.743,5.9682,0.0175,A
128,hotel1/mongodb-recommendation,13.39,161.48,400.43,0.0234,1,548,318.7058,2.7246,5.9682,0.014,A
128,hotel1/jaeger,0.34,14.83,81.01,0.0,0,0,318.7058,1.4005,1.4887,0.0035,A
128,hotel1/mongodb-user,12.74,162.49,400.43,0.0234,1,534,318.7058,2.5929,5.9682,0.014,A
128,hotel1/mongodb-reservation,11.53,249.19,400.43,0.0,0,567,318.7058,2.3533,5.9682,3.13,A
128,hotel2/memcached-rate,0.46,7.45,79.27,0.0,0,0,318.7058,1.4005,1.4887,0.298,A
128,hotel2/memcached-profile,0.45,7.71,79.27,0.0,0,0,318.7058,1.4005,1.4887,0.427,A
128,hotel2/jaeger,0.33,14.6,81.01,0.0,0,0,318.7058,1.4005,1.4887,0.0,A
128,hotel2/geo,1.01,20.4,1119.06,0.0,0,473,318.7058,1.4005,1.4887,1.36,A
128,hotel2/frontend,0.45,97.59,1119.14,0.0,0,0,318.7058,1.4005,5.9682,13.8,A
128,hotel2/consul,30.3,27.66,212.87,0.0,0,11696,4254.5407,6.1435,5.9682,0.042,A
128,hotel2/mongodb-geo,13.07,162.44,400.43,0.0234,2,528,318.7058,2.6598,5.9682,0.014,A
128,hotel1/search,0.48,28.92,1119.06,0.0,0,0,318.7058,1.4005,1.4887,4.01,A
128,hotel1/reservation,1.58,55.31,1119.06,0.0,0,581,318.7058,1.4005,5.9682,6.07,A
128,hotel1/recommendation,1.46,18.66,1119.06,0.0,0,302,318.7058,1.4005,1.4887,0.942,A
128,hotel1/rate,1.77,29.74,1119.14,0.0,0,867,318.7058,1.4005,1.4887,2.68,A
128,hotel1/profile,2.02,41.79,1119.06,0.0,0,238,318.7058,1.4005,1.4887,6.16,A
128,hotel1/user,1.17,16.2,1119.06,0.0,0,531,318.7058,1.4005,1.4887,0.0945,A
129,hotel2/user,1.18,15.9,1119.06,0.0,0,642,318.7058,1.4005,1.4887,0.127,A
129,hotel2/rate,1.87,27.23,1119.14,0.0,0,764,325.9204,1.4005,1.4887,3.78,A
129,hotel2/reservation,1.57,59.85,1119.06,0.0,0,788,336.1587,1.4005,6.0464,9.45,A
129,hotel2/recommendation,1.49,18.44,1119.06,0.0,0,215,318.7058,1.4005,1.4887,1.21,A
129,hotel2/profile,1.34,43.29,1119.06,0.0,0,680,318.7058,1.4005,1.4887,8.4,A
129,hotel2/mongodb-user,10.88,161.16,400.43,0.0,0,765,326.347,1.856,6.0464,0.0222,A
129,hotel2/mongodb-reservation,11.49,258.1,400.43,0.0,0,750,319.948,1.9647,6.0464,4.56,A
129,hotel2/search,0.86,25.43,1119.06,0.0,0,0,318.7058,1.4005,1.4887,5.1,A
129,hotel2/mongodb-recommendation,11.63,161.15,400.43,0.0,0,811,345.9705,1.9833,6.0464,0.0166,A
129,hotel2/mongodb-rate,11.51,165.23,400.43,0.0,0,796,339.5715,1.9631,6.0464,0.0166,A
129,hotel2/mongodb-profile,11.39,162.79,400.43,0.0,0,691,318.7058,1.9426,6.0464,0.0222,A
129,hotel2/memcached-reserve,0.47,7.26,79.27,0.0,0,0,318.7058,1.4005,1.4887,0.532,A
129,es-stress-d/elasticsearch-dynamic-0,10.82,208353.52,1414.09,0.0039,1,1924,820.7734,12.9356,6.0464,0.0277,A
129,es-stress-d2/elasticsearch-dynamic-0,10.84,208361.12,1414.09,0.0039,1,1866,796.0307,12.9394,6.0464,0.0443,A
129,es-stress-d3/elasticsearch-dynamic-0,11.33,208349.69,1414.09,0.0,0,1487,634.3503,13.022,6.0464,0.0388,A
129,es-stress-d4/elasticsearch-dynamic-0,8.19,208357.35,1414.09,0.0234,8,2091,892.0152,12.4892,6.0464,0.0332,A
129,hotel1/consul,29.29,26.56,212.87,0.0,0,10128,4320.5784,4.9747,6.0464,0.0499,A
129,hotel1/frontend,0.49,105.13,1119.14,0.0,0,0,318.7058,1.4005,6.0464,3.86,A
129,hotel1/geo,1.54,19.97,1119.06,0.0,0,0,318.7058,1.4005,1.4887,0.238,A
129,hotel1/jaeger,0.3,14.83,81.01,0.0,0,0,318.7058,1.4005,1.4887,0.0,A
129,hotel2/mongodb-geo,11.72,162.44,400.43,0.0,0,769,328.0534,1.9987,6.0464,0.0277,A
129,hotel1/memcached-rate,0.39,7.48,79.27,0.0,0,0,318.7058,1.4005,1.4887,0.0609,A
129,hotel1/memcached-reserve,0.42,7.1,79.27,0.0,0,0,318.7058,1.4005,1.4887,0.0776,A
129,hotel1/mongodb-geo,12.96,162.07,400.43,0.0234,1,435,318.7058,2.2092,6.0464,0.0222,A
129,hotel1/mongodb-profile,12.37,162.53,400.43,0.0234,1,648,318.7058,2.109,6.0464,0.0222,A
129,hotel1/mongodb-rate,11.29,163.74,400.43,0.0,0,394,318.7058,1.9257,6.0464,0.0166,A
129,hotel1/memcached-profile,0.46,7.66,79.27,0.0,0,0,318.7058,1.4005,1.4887,0.0997,A
129,hotel1/mongodb-reservation,13.05,249.29,400.43,0.0352,1,484,318.7058,2.2291,6.0464,0.548,A
129,hotel1/mongodb-recommendation,10.68,161.17,400.43,0.0,0,816,348.1035,1.822,6.0464,0.0166,A
129,hotel2/memcached-profile,0.42,7.71,79.27,0.0,0,0,318.7058,1.4005,1.4887,0.626,A
129,hotel2/jaeger,0.34,14.6,81.01,0.0,0,0,318.7058,1.4005,1.4887,0.0,A
129,hotel2/geo,1.28,20.4,1119.06,0.0,0,239,318.7058,1.4005,1.4887,2.02,A
129,hotel2/frontend,0.4,97.13,1119.14,0.0,0,0,318.7058,1.4005,6.0464,19.0,A
129,hotel2/consul,29.47,27.9,212.87,0.0,0,11025,4703.2363,5.0054,6.0464,0.0609,A
129,hotel2/memcached-rate,0.43,7.45,79.27,0.0,0,0,318.7058,1.4005,1.4887,0.41,A
129,hotel1/search,0.43,28.92,1119.06,0.0,0,0,318.7058,1.4005,1.4887,0.659,A
129,hotel1/reservation,1.45,55.3,1119.06,0.0,0,697,318.7058,1.4005,6.0464,1.43,A
129,hotel1/recommendation,0.99,18.66,1119.06,0.0,0,357,318.7058,1.4005,1.4887,0.183,A
129,hotel1/rate,1.2,29.74,1119.14,0.0,0,721,318.7058,1.4005,1.4887,0.471,A
129,hotel1/profile,1.26,41.53,1119.06,0.0,0,573,318.7058,1.4005,1.4887,1.08,A
129,hotel1/mongodb-user,11.28,162.24,400.43,0.0,0,568,318.7058,1.9239,6.0464,0.0222,A
129,hotel1/user,1.59,16.2,1119.06,0.0,0,670,318.7058,1.4005,1.4887,0.0166,A
130,hotel2/user,1.68,16.14,1119.06,0.0,0,1006,318.7058,1.4005,1.4887,0.002,A
130,hotel2/search,0.49,25.18,1119.06,0.0,0,0,318.7058,1.4005,1.4887,0.0,A
130,hotel2/profile,1.44,43.29,1119.06,0.0,0,570,318.7058,1.4005,1.4887,0.004,A
130,hotel2/recommendation,1.31,18.44,1119.06,0.0,0,623,318.7058,1.4005,1.4887,0.0,A
130,hotel2/rate,1.23,27.23,1119.14,0.0,0,628,318.7058,1.4005,1.4887,0.002,A
130,hotel2/mongodb-user,12.74,161.23,400.43,0.0352,4,397,318.7058,3.3606,5.3683,0.0119,A
130,hotel2/mongodb-reservation,13.48,257.95,400.43,0.0312,2,517,318.7058,3.563,5.3683,0.0119,A
130,hotel2/mongodb-recommendation,12.7,160.96,400.43,0.0234,2,622,318.7058,3.35,5.3683,0.0099,A
130,hotel2/reservation,1.32,59.85,1119.06,0.0,0,713,318.7058,1.4005,5.3683,0.002,A
130,hotel2/mongodb-rate,12.4,165.22,400.43,0.0234,2,577,318.7058,3.2716,5.3683,0.0099,A
130,hotel2/mongodb-profile,12.72,162.89,400.43,0.0234,2,490,318.7058,3.3554,5.3683,0.0099,A
130,hotel1/mongodb-reservation,11.35,249.28,400.43,0.0,0,631,318.7058,3.0027,5.3683,0.0099,A
130,hotel2/memcached-reserve,0.44,7.26,79.27,0.0,0,0,318.7058,1.4005,1.4887,0.0,A
130,es-stress-d/elasticsearch-dynamic-0,7.69,208353.53,1414.09,0.0,0,2111,489.7959,19.332,5.3683,0.0119,A
130,es-stress-d2/elasticsearch-dynamic-0,7.56,208361.12,1414.09,0.0,0,1526,354.0637,19.2985,5.3683,0.0059,A
130,es-stress-d3/elasticsearch-dynamic-0,7.46,208349.43,1414.09,0.0039,1,2166,502.5571,19.2712,5.3683,0.0079,A
130,es-stress-d4/elasticsearch-dynamic-0,10.2,208357.41,1414.09,0.0039,1,1662,385.6186,19.9918,5.3683,0.0059,A
130,hotel1/consul,29.49,25.83,212.87,0.0,0,15788,3663.1445,7.75,5.3683,0.0218,A
130,hotel1/frontend,0.49,105.13,1119.14,0.0,0,0,318.7058,1.4005,5.3683,0.0,A
130,hotel1/geo,1.35,19.96,1119.06,0.0,0,838,318.7058,1.4005,1.4887,0.002,A
130,hotel1/jaeger,0.34,14.83,81.01,0.0,0,0,318.7058,1.4005,1.4887,0.0,A
130,hotel1/memcached-profile,0.63,7.66,79.27,0.0,0,304,318.7058,1.4005,1.4887,0.0,A
130,hotel1/memcached-rate,0.36,7.48,79.27,0.0,0,0,318.7058,1.4005,1.4887,0.0,A
130,hotel1/memcached-reserve,0.39,7.1,79.27,0.0,0,0,318.7058,1.4005,1.4887,0.0,A
130,hotel1/mongodb-geo,11.57,161.66,400.43,0.0,0,477,318.7058,3.0532,5.3683,0.0079,A
130,hotel1/mongodb-profile,11.6,162.72,400.43,0.0,0,523,318.7058,3.0612,5.3683,0.0099,A
130,hotel1/mongodb-rate,12.76,163.8,400.43,0.0234,1,568,318.7058,3.366,5.3683,0.0099,A
130,hotel1/mongodb-recommendation,12.93,161.23,400.43,0.0234,1,515,318.7058,3.4105,5.3683,0.0119,A
130,hotel1/mongodb-user,12.56,162.49,400.43,0.0234,1,462,318.7058,3.3134,5.3683,0.0099,A
130,hotel1/profile,1.46,41.54,1119.06,0.0,0,443,318.7058,1.4005,1.4887,0.0,A
130,hotel1/rate,1.78,29.74,1119.14,0.0,0,930,318.7058,1.4005,1.4887,0.004,A
130,hotel1/recommendation,1.56,18.66,1119.06,0.0,0,626,318.7058,1.4005,1.4887,0.0,A
130,hotel1/reservation,1.6,55.3,1119.06,0.0,0,793,318.7058,1.4005,5.3683,0.004,A
130,hotel1/search,0.45,28.92,1119.06,0.0,0,0,318.7058,1.4005,1.4887,0.0,A
130,hotel1/user,1.11,16.2,1119.06,0.0,0,543,318.7058,1.4005,1.4887,0.002,A
130,hotel2/consul,29.97,27.91,212.87,0.0,0,10924,2534.5953,7.8763,5.3683,0.0238,A
130,hotel2/frontend,0.44,97.11,1119.14,0.0,0,0,318.7058,1.4005,5.3683,0.0,A
130,hotel2/geo,1.19,20.4,1119.06,0.0,0,595,318.7058,1.4005,1.4887,0.0,A
130,hotel2/jaeger,0.31,14.6,81.01,0.0,0,0,318.7058,1.4005,1.4887,0.002,A
130,hotel2/memcached-profile,0.47,7.71,79.27,0.0,0,0,318.7058,1.4005,1.4887,0.0,A
130,hotel2/memcached-rate,0.43,7.45,79.27,0.0,0,0,318.7058,1.4005,1.4887,0.002,A
130,hotel2/mongodb-geo,13.03,162.19,400.43,0.0234,2,507,318.7058,3.4368,5.3683,0.0099,A
