window_index,pod_name,cpu_usage_mcores,ram_usage_mi,disk_space_mb,disk_usage_mb,disk_ios,cpu_psi_some_us,sched_total_ms,dstate_total_ms,softirq_total_ms,pod_cpu_watts,tier
0,hotel/consul,28.73,32.69,201.79,0.0,0,13309,8220.2231,3.394,6.9456,0.0046,A
0,hotel/frontend,0.52,76.93,1119.14,0.0,0,0,326.4791,1.4347,1.525,0.0,A
0,hotel/geo,1.23,20.0,1119.06,0.0,0,629,388.498,1.4347,1.525,0.0,A
0,hotel/jaeger,0.39,14.88,81.01,0.0,0,0,326.4791,1.4347,1.525,0.0,A
0,hotel/memcached-profile,0.46,7.66,79.25,0.0,0,0,326.4791,1.4347,1.525,0.0,A
0,hotel/memcached-rate,0.44,7.45,79.25,0.0,0,0,326.4791,1.4347,1.525,0.0,A
0,hotel/memcached-reserve,0.4,7.13,79.25,0.0,0,0,326.4791,1.4347,1.525,0.0,A
0,hotel/mongodb-geo,10.75,171.04,400.43,0.0,0,430,326.4791,1.4347,6.9456,0.0046,A
0,hotel/mongodb-profile,9.9,172.36,400.43,0.0,0,346,326.4791,1.4347,1.525,0.0031,A
0,hotel/mongodb-rate,11.5,172.11,400.43,0.0469,8,441,326.4791,1.4347,6.9456,0.0031,A
0,hotel/mongodb-recommendation,10.18,170.64,400.43,0.0,0,339,326.4791,1.4347,6.9456,0.0015,A
0,hotel/mongodb-reservation,14.45,293.38,400.43,0.0469,2,370,326.4791,1.707,6.9456,0.0046,A
0,hotel/mongodb-user,12.08,171.11,400.43,0.0391,4,327,326.4791,1.4347,6.9456,0.0015,A
0,hotel/profile,1.5,37.24,1119.06,0.0,0,311,326.4791,1.4347,1.525,0.0,A
0,hotel/rate,1.87,26.16,1119.14,0.0,0,751,463.8506,1.4347,1.525,0.0,A
0,hotel/recommendation,1.42,19.77,1119.06,0.0,0,596,368.1158,1.4347,1.525,0.0015,A
0,hotel/reservation,1.16,105.8,1119.06,0.0,0,240,326.4791,1.4347,1.525,0.0,A
0,hotel/search,0.5,24.79,1119.06,0.0,0,0,326.4791,1.4347,1.525,0.0,A
0,hotel/user,1.11,16.34,1119.06,0.0,0,523,326.4791,1.4347,1.525,0.0015,A
0,hotel2/consul,30.16,29.83,201.79,0.0,0,11106,6859.5535,3.5629,6.9456,0.0077,A
0,hotel2/frontend,1.11,65.41,1119.14,0.0,0,370,326.4791,1.4347,1.525,0.0015,A
0,hotel2/geo,1.55,20.34,1119.06,0.0,0,722,445.9389,1.4347,1.525,0.0,A
0,hotel2/jaeger,0.33,14.9,81.01,0.0,0,0,326.4791,1.4347,1.525,0.0,A
0,hotel2/memcached-profile,0.46,7.68,79.25,0.0,0,0,326.4791,1.4347,1.525,0.0,A
0,hotel2/memcached-rate,0.49,7.43,79.25,0.0,0,0,326.4791,1.4347,1.525,0.0,A
0,hotel2/memcached-reserve,0.36,7.09,79.25,0.0,0,0,326.4791,1.4347,1.525,0.0,A
0,hotel2/mongodb-geo,12.64,165.05,400.43,0.0781,18,468,326.4791,1.4932,6.9456,0.0015,A
0,hotel2/mongodb-profile,13.88,165.17,400.43,0.0156,2,416,326.4791,1.6397,6.9456,0.0031,A
0,hotel2/mongodb-rate,11.4,164.55,400.43,0.0625,12,384,326.4791,1.4347,6.9456,0.0031,A
0,hotel2/mongodb-recommendation,11.25,163.5,400.43,0.0508,12,428,326.4791,1.4347,6.9456,0.0015,A
0,hotel2/mongodb-reservation,11.07,283.83,400.43,0.0,0,613,378.6157,1.4347,6.9456,0.0031,A
0,hotel2/mongodb-user,12.85,163.88,400.43,0.0742,16,594,366.8805,1.518,6.9456,0.0046,A
0,hotel2/profile,1.46,33.71,1119.06,0.0,0,884,545.9972,1.4347,1.525,0.0,A
0,hotel2/rate,1.27,25.65,1119.14,0.0,0,359,326.4791,1.4347,1.525,0.0,A
0,hotel2/recommendation,1.1,19.3,1119.06,0.0,0,767,473.7329,1.4347,1.525,0.0,A
0,hotel2/reservation,1.47,96.94,1119.06,0.0,0,793,489.7916,1.4347,1.525,0.0,A
0,hotel2/search,0.58,25.05,1119.06,0.0,0,0,326.4791,1.4347,1.525,0.0,A
0,hotel2/user,1.92,15.56,1119.06,0.0,0,608,375.5275,1.4347,1.525,0.0,A
0,sa1/customer-feedback,111.74,3614.23,7135.73,0.0,0,493,326.4791,13.2004,6.9456,0.0185,A
0,sa2/customer-feedback,119.98,3511.52,7042.56,0.0,0,476,326.4791,14.1738,6.9456,0.0215,A
0,sa3/customer-feedback,121.58,3435.23,6978.61,0.0,0,478,326.4791,14.3628,6.9456,0.0308,A
1,hotel/consul,28.34,33.19,201.79,0.0,0,10370,6462.9163,3.13,7.4852,0.0203,A
1,hotel/frontend,0.48,76.93,1119.14,0.0,0,0,326.4791,1.4347,1.525,0.0,A
1,hotel/geo,1.6,20.0,1119.06,0.0,0,736,458.6988,1.4347,1.525,0.0,A
1,hotel/jaeger,0.33,14.88,81.01,0.0,0,0,326.4791,1.4347,1.525,0.0,A
1,hotel/memcached-profile,0.47,7.66,79.25,0.0,0,0,326.4791,1.4347,1.525,0.0,A
1,hotel/memcached-rate,0.44,7.45,79.25,0.0,0,0,326.4791,1.4347,1.525,0.0,A
1,hotel/memcached-reserve,0.38,7.13,79.25,0.0,0,0,326.4791,1.4347,1.525,0.0,A
1,hotel/mongodb-geo,12.35,171.04,400.43,0.0547,4,407,326.4791,1.4347,7.4852,0.0203,A
1,hotel/mongodb-profile,12.39,172.33,400.43,0.0312,2,326,326.4791,1.4347,7.4852,0.0068,A
1,hotel/mongodb-rate,10.45,171.93,400.43,0.0,0,435,326.4791,1.4347,7.4852,0.0135,A
1,hotel/mongodb-recommendation,11.98,170.3,400.43,0.0312,2,412,326.4791,1.4347,7.4852,0.0135,A
1,hotel/mongodb-reservation,13.76,293.63,400.43,0.0,0,446,326.4791,1.5197,7.4852,0.0203,A
1,hotel/mongodb-user,11.05,171.14,400.43,0.0,0,382,326.4791,1.4347,7.4852,0.0203,A
1,hotel/profile,1.2,37.24,1119.06,0.0,0,272,326.4791,1.4347,1.525,0.0,A
1,hotel/rate,1.13,26.16,1119.14,0.0,0,515,326.4791,1.4347,1.525,0.0,A
1,hotel/recommendation,1.54,19.77,1119.06,0.0,0,639,398.2453,1.4347,1.525,0.0,A
1,hotel/reservation,1.69,105.8,1119.06,0.0,0,742,462.4382,1.4347,1.525,0.0,A
1,hotel/search,0.9,24.79,1119.06,0.0,0,151,326.4791,1.4347,1.525,0.0,A
1,hotel/user,1.69,16.34,1119.06,0.0,0,696,433.7695,1.4347,1.525,0.0,A
1,hotel2/consul,28.74,29.84,201.79,0.0,0,11716,7301.7866,3.1742,7.4852,0.0203,A
1,hotel2/frontend,0.5,65.16,1119.14,0.0,0,0,326.4791,1.4347,1.525,0.0,A
1,hotel2/geo,1.31,20.34,1119.06,0.0,0,671,418.1887,1.4347,1.525,0.0,A
1,hotel2/jaeger,2.52,14.9,81.01,0.0,0,57,326.4791,1.4347,1.525,0.0,A
1,hotel2/memcached-profile,0.43,7.68,79.25,0.0,0,0,326.4791,1.4347,1.525,0.0,A
1,hotel2/memcached-rate,0.46,7.43,79.25,0.0,0,0,326.4791,1.4347,1.525,0.0,A
1,hotel2/memcached-reserve,0.37,7.09,79.25,0.0,0,0,326.4791,1.4347,1.525,0.0,A
1,hotel2/mongodb-geo,10.65,165.2,400.43,0.0,0,544,339.0382,1.4347,7.4852,0.0135,A
1,hotel2/mongodb-profile,13.39,164.94,400.43,0.0,0,595,370.8231,1.4789,7.4852,0.0135,A
1,hotel2/mongodb-rate,10.65,164.8,400.43,0.0,0,692,431.2766,1.4347,7.4852,0.0068,A
1,hotel2/mongodb-recommendation,11.03,163.38,400.43,0.0156,2,568,353.9958,1.4347,7.4852,0.0135,A
1,hotel2/mongodb-reservation,11.87,284.14,400.43,0.0156,2,719,448.1038,1.4347,7.4852,0.0203,A
1,hotel2/mongodb-user,10.65,163.87,400.43,0.0,0,744,463.6846,1.4347,7.4852,0.0068,A
1,hotel2/profile,1.48,33.71,1119.06,0.0,0,794,494.8462,1.4347,1.525,0.0068,A
1,hotel2/rate,1.33,25.65,1119.14,0.0,0,914,569.6341,1.4347,1.525,0.0,A
1,hotel2/recommendation,1.61,19.3,1119.06,0.0,0,579,360.8514,1.4347,1.525,0.0,A
1,hotel2/reservation,1.43,96.93,1119.06,0.0,0,662,412.5796,1.4347,1.525,0.0068,A
1,hotel2/search,0.56,25.05,1119.06,0.0,0,0,326.4791,1.4347,1.525,0.0,A
1,hotel2/user,1.06,15.55,1119.06,0.0,0,256,326.4791,1.4347,1.525,0.0,A
1,sa1/customer-feedback,117.16,3614.94,7135.73,3.8281,38,477,326.4791,12.9397,7.4852,0.0878,A
1,sa2/customer-feedback,121.45,3511.91,7042.56,3.8555,38,502,326.4791,13.4135,7.4852,0.0878,A
1,sa3/customer-feedback,121.59,3435.75,6978.61,3.8516,38,461,326.4791,13.429,7.4852,0.128,A
2,hotel/consul,31.1,33.25,201.79,0.0,0,14317,3786.6606,2.8783,6.6464,0.0327,A
2,hotel/frontend,0.49,76.93,1119.14,0.0,0,0,326.4791,1.4347,1.525,0.0,A
2,hotel/geo,1.29,20.0,1119.06,0.0,0,331,326.4791,1.4347,1.525,0.0,A
2,hotel/jaeger,0.37,14.88,81.01,0.0,0,0,326.4791,1.4347,1.525,0.0,A
2,hotel/memcached-profile,0.45,7.66,79.25,0.0,0,0,326.4791,1.4347,1.525,0.0,A
2,hotel/memcached-rate,0.44,7.45,79.25,0.0,0,0,326.4791,1.4347,1.525,0.0,A
2,hotel/memcached-reserve,0.36,7.13,79.25,0.0,0,0,326.4791,1.4347,1.525,0.0,A
2,hotel/mongodb-geo,10.5,171.04,400.43,0.0,0,372,326.4791,1.4347,6.6464,0.0327,A
2,hotel/mongodb-profile,10.5,172.3,400.43,0.0,0,441,326.4791,1.4347,6.6464,0.0218,A
2,hotel/mongodb-rate,11.2,171.93,400.43,0.0156,2,444,326.4791,1.4347,6.6464,0.0218,A
2,hotel/mongodb-recommendation,11.93,170.49,400.43,0.0,0,2521,666.7718,1.4347,6.6464,0.0218,A
2,hotel/mongodb-reservation,14.12,293.26,400.43,0.0547,4,350,326.4791,1.4347,6.6464,0.0327,A
2,hotel/mongodb-user,12.24,170.92,400.43,0.0312,2,427,326.4791,1.4347,6.6464,0.0218,A
2,hotel/profile,1.47,37.24,1119.06,0.0,0,712,326.4791,1.4347,1.525,0.0109,A
2,hotel/rate,2.44,26.16,1119.14,0.0,0,3023,799.5443,1.4347,1.525,0.0,A
2,hotel/recommendation,1.45,19.77,1119.06,0.0,0,691,326.4791,1.4347,1.525,0.0109,A
2,hotel/reservation,1.19,105.8,1119.06,0.0,0,669,326.4791,1.4347,1.525,0.0,A
2,hotel/search,0.48,24.79,1119.06,0.0,0,0,326.4791,1.4347,1.525,0.0,A
2,hotel/user,1.09,16.34,1119.06,0.0,0,301,326.4791,1.4347,1.525,0.0,A
2,hotel2/consul,30.49,29.34,201.79,0.0,0,12361,3269.324,2.8218,6.6464,0.0436,A
2,hotel2/frontend,0.51,65.16,1119.14,0.0,0,0,326.4791,1.4347,1.525,0.0,A
2,hotel2/geo,1.47,20.34,1119.06,0.0,0,733,326.4791,1.4347,1.525,0.0,A
2,hotel2/jaeger,0.3,14.9,81.01,0.0,0,0,326.4791,1.4347,1.525,0.0,A
2,hotel2/memcached-profile,0.46,7.68,79.25,0.0,0,0,326.4791,1.4347,1.525,0.0,A
2,hotel2/memcached-rate,0.47,7.43,79.25,0.0,0,0,326.4791,1.4347,1.525,0.0,A
2,hotel2/memcached-reserve,0.38,7.09,79.25,0.0,0,0,326.4791,1.4347,1.525,0.0,A
2,hotel2/mongodb-geo,11.66,165.5,400.43,0.0156,2,404,326.4791,1.4347,6.6464,0.0109,A
2,hotel2/mongodb-profile,14.74,164.92,400.43,0.0156,2,1642,434.2877,1.4347,6.6464,0.0327,A
2,hotel2/mongodb-rate,11.02,164.56,400.43,0.0156,2,476,326.4791,1.4347,6.6464,0.0218,A
2,hotel2/mongodb-recommendation,10.59,163.32,400.43,0.0,0,457,326.4791,1.4347,6.6464,0.0218,A
2,hotel2/mongodb-reservation,11.32,284.09,400.43,0.0,0,1033,326.4791,1.4347,6.6464,0.0109,A
2,hotel2/mongodb-user,11.9,164.25,400.43,0.0195,2,861,326.4791,1.4347,6.6464,0.0218,A
2,hotel2/profile,1.32,33.71,1119.06,0.0,0,5697,1506.7825,1.4347,1.525,0.0,A
2,hotel2/rate,1.32,25.65,1119.14,0.0,0,490,326.4791,1.4347,1.525,0.0,A
2,hotel2/recommendation,1.15,19.3,1119.06,0.0,0,368,326.4791,1.4347,1.525,0.0,A
2,hotel2/reservation,1.4,96.94,1119.06,0.0,0,760,326.4791,1.4347,1.525,0.0,A
2,hotel2/search,0.92,25.55,1119.06,0.0,0,116,326.4791,1.4347,1.525,0.0,A
2,hotel2/user,1.78,15.56,1119.06,0.0,0,626,326.4791,1.4347,1.525,0.0,A
2,sa1/customer-feedback,116.53,3614.75,7135.73,0.0,0,611,326.4791,10.7847,6.6464,0.164,A
2,sa2/customer-feedback,124.64,3512.15,7042.56,0.0,0,544,326.4791,11.5353,6.6464,0.153,A
2,sa3/customer-feedback,119.01,3435.54,6978.61,0.0,0,446,326.4791,11.0142,6.6464,0.175,A
3,hotel/consul,29.53,33.05,201.79,0.0,0,12061,3987.9997,2.8641,5.4289,0.0227,A
3,hotel/frontend,0.52,76.93,1119.14,0.0,0,0,326.4791,1.4347,1.525,0.0,A
3,hotel/geo,2.01,20.0,1119.06,0.0,0,668,326.4791,1.4347,1.525,0.0,A
3,hotel/jaeger,0.36,14.88,81.01,0.0,0,0,326.4791,1.4347,1.525,0.0,A
3,hotel/memcached-profile,0.45,7.66,79.25,0.0,0,0,326.4791,1.4347,1.525,0.0,A
3,hotel/memcached-rate,0.44,7.45,79.25,0.0,0,0,326.4791,1.4347,1.525,0.0,A
3,hotel/memcached-reserve,0.36,7.13,79.25,0.0,0,0,326.4791,1.4347,1.525,0.0,A
3,hotel/mongodb-geo,12.98,171.04,400.43,0.0,0,345,326.4791,1.4347,5.4289,0.0057,A
3,hotel/mongodb-profile,12.99,172.36,400.43,0.0,0,339,326.4791,1.4347,5.4289,0.0057,A
3,hotel/mongodb-rate,10.53,172.0,400.43,0.0,0,310,326.4791,1.4347,5.4289,0.0114,A
3,hotel/mongodb-recommendation,12.45,170.64,400.43,0.0,0,362,326.4791,1.4347,5.4289,0.0114,A
3,hotel/mongodb-reservation,17.33,293.84,400.43,0.0781,4,444,326.4791,1.6808,5.4289,0.0114,A
3,hotel/mongodb-user,11.09,171.2,400.43,0.0,0,393,326.4791,1.4347,5.4289,0.0114,A
3,hotel/profile,1.67,37.74,1119.06,0.0,0,623,326.4791,1.4347,1.525,0.0057,A
3,hotel/rate,1.22,26.16,1119.14,0.0,0,665,326.4791,1.4347,1.525,0.0,A
3,hotel/recommendation,1.87,20.28,1119.06,0.0,0,802,326.4791,1.4347,1.525,0.0,A
3,hotel/reservation,1.7,105.8,1119.06,0.0,0,755,326.4791,1.4347,1.525,0.0057,A
3,hotel/search,0.44,24.79,1119.06,0.0,0,0,326.4791,1.4347,1.525,0.0,A
3,hotel/user,1.73,16.34,1119.06,0.0,0,824,326.4791,1.4347,1.525,0.0,A
3,hotel2/consul,30.12,29.57,201.79,0.0,0,10484,3466.5607,2.9213,5.4289,0.0227,A
3,hotel2/frontend,0.49,65.16,1119.14,0.0,0,0,326.4791,1.4347,1.525,0.0057,A
3,hotel2/geo,1.38,20.34,1119.06,0.0,0,676,326.4791,1.4347,1.525,0.0,A
3,hotel2/jaeger,0.34,15.15,81.01,0.0,0,0,326.4791,1.4347,1.525,0.0,A
3,hotel2/memcached-profile,0.48,7.68,79.25,0.0,0,0,326.4791,1.4347,1.525,0.0,A
3,hotel2/memcached-rate,0.48,7.43,79.25,0.0,0,0,326.4791,1.4347,1.525,0.0,A
3,hotel2/memcached-reserve,0.41,7.09,79.25,0.0,0,0,326.4791,1.4347,1.525,0.0,A
3,hotel2/mongodb-geo,10.8,165.02,400.43,0.0,0,686,326.4791,1.4347,5.4289,0.0057,A
3,hotel2/mongodb-profile,13.23,165.19,400.43,0.0,0,571,326.4791,1.4347,5.4289,0.017,A
3,hotel2/mongodb-rate,10.74,164.56,400.43,0.0,0,640,326.4791,1.4347,5.4289,0.0114,A
3,hotel2/mongodb-recommendation,12.33,163.49,400.43,0.0156,2,657,326.4791,1.4347,5.4289,0.0114,A
3,hotel2/mongodb-reservation,12.08,284.22,400.43,0.0156,2,623,326.4791,1.4347,5.4289,0.017,A
3,hotel2/mongodb-user,10.45,164.05,400.43,0.0,0,1043,344.8706,1.4347,5.4289,0.017,A
3,hotel2/profile,1.59,33.71,1119.06,0.0,0,797,326.4791,1.4347,1.525,0.0,A
3,hotel2/rate,1.34,25.65,1119.14,0.0,0,725,326.4791,1.4347,1.525,0.0,A
3,hotel2/recommendation,1.71,19.3,1119.06,0.0,0,569,326.4791,1.4347,1.525,0.0,A
3,hotel2/reservation,1.56,96.93,1119.06,0.0,0,792,326.4791,1.4347,1.525,0.0,A
3,hotel2/search,0.56,25.06,1119.06,0.0,0,0,326.4791,1.4347,1.525,0.0,A
3,hotel2/user,1.16,15.55,1119.06,0.0,0,724,326.4791,1.4347,1.525,0.0,A
3,sa1/customer-feedback,115.94,3615.17,7135.73,0.0,0,429,326.4791,11.245,5.4289,0.0908,A
3,sa2/customer-feedback,120.17,3511.8,7042.56,0.0,0,568,326.4791,11.6553,5.4289,0.0681,A
3,sa3/customer-feedback,123.05,3436.18,6978.61,0.0,0,630,326.4791,11.9346,5.4289,0.0738,A
4,hotel/consul,29.16,33.07,201.79,0.0,0,11479,7699.8715,2.7082,7.0358,0.0435,A
4,hotel/frontend,0.49,76.93,1119.14,0.0,0,0,326.4791,1.4347,1.525,0.0,A
4,hotel/geo,1.25,19.99,1119.06,0.0,0,678,454.7881,1.4347,1.525,0.0,A
4,hotel/jaeger,0.37,14.88,81.01,0.0,0,0,326.4791,1.4347,1.525,0.0,A
4,hotel/memcached-profile,0.47,7.66,79.25,0.0,0,0,326.4791,1.4347,1.525,0.0,A
4,hotel/memcached-rate,0.45,7.45,79.25,0.0,0,0,326.4791,1.4347,1.525,0.0,A
4,hotel/memcached-reserve,0.37,7.13,79.25,0.0,0,0,326.4791,1.4347,1.525,0.0,A
4,hotel/mongodb-geo,10.74,171.03,400.43,0.0,0,412,326.4791,1.4347,7.0358,0.0174,A
4,hotel/mongodb-profile,10.52,172.42,400.43,0.0,0,376,326.4791,1.4347,7.0358,0.0261,A
4,hotel/mongodb-rate,11.94,171.86,400.43,0.0156,2,481,326.4791,1.4347,7.0358,0.0174,A
4,hotel/mongodb-recommendation,10.74,170.57,400.43,0.0,0,550,368.9284,1.4347,7.0358,0.0174,A
4,hotel/mongodb-reservation,15.08,293.4,400.43,0.0,0,414,326.4791,1.4347,7.0358,0.0261,A
4,hotel/mongodb-user,12.61,170.93,400.43,0.0,0,373,326.4791,1.4347,7.0358,0.0087,A
4,hotel/profile,1.47,37.23,1119.06,0.0,0,429,326.4791,1.4347,1.525,0.0,A
4,hotel/rate,1.55,26.16,1119.14,0.0,0,634,425.2739,1.4347,1.525,0.0,A
4,hotel/recommendation,1.43,19.77,1119.06,0.0,0,421,326.4791,1.4347,1.525,0.0,A
4,hotel/reservation,1.58,105.8,1119.06,0.0,0,603,404.4797,1.4347,1.525,0.0,A
4,hotel/search,0.5,24.79,1119.06,0.0,0,0,326.4791,1.4347,1.525,0.0,A
4,hotel/user,1.62,16.84,1119.06,0.0,0,701,470.216,1.4347,1.525,0.0,A
4,hotel2/consul,29.02,29.59,201.79,0.0,0,12466,8361.9304,2.6952,7.0358,0.0435,A
4,hotel2/frontend,0.52,65.16,1119.14,0.0,0,0,326.4791,1.4347,1.525,0.0,A
4,hotel2/geo,1.79,20.34,1119.06,0.0,0,429,326.4791,1.4347,1.525,0.0,A
4,hotel2/jaeger,0.28,14.9,81.01,0.0,0,0,326.4791,1.4347,1.525,0.0,A
4,hotel2/memcached-profile,0.48,7.68,79.25,0.0,0,0,326.4791,1.4347,1.525,0.0,A
4,hotel2/memcached-rate,0.46,7.43,79.25,0.0,0,0,326.4791,1.4347,1.525,0.0,A
4,hotel2/memcached-reserve,0.37,7.09,79.25,0.0,0,0,326.4791,1.4347,1.525,0.0,A
4,hotel2/mongodb-geo,11.6,165.63,400.43,0.0156,2,485,326.4791,1.4347,7.0358,0.0174,A
4,hotel2/mongodb-profile,13.76,164.93,400.43,0.0156,2,549,368.2576,1.4347,7.0358,0.0261,A
4,hotel2/mongodb-rate,11.34,164.56,400.43,0.0352,4,413,326.4791,1.4347,7.0358,0.0261,A
4,hotel2/mongodb-recommendation,10.14,163.38,400.43,0.0,0,498,334.0479,1.4347,7.0358,0.0174,A
4,hotel2/mongodb-reservation,10.89,284.22,400.43,0.0,0,534,358.196,1.4347,7.0358,0.0174,A
4,hotel2/mongodb-user,12.27,163.81,400.43,0.0195,2,513,344.1096,1.4347,7.0358,0.0261,A
4,hotel2/profile,1.88,33.96,1119.06,0.0,0,817,548.0264,1.4347,1.525,0.0087,A
4,hotel2/rate,1.54,25.65,1119.14,0.0,0,478,326.4791,1.4347,1.525,0.0,A
4,hotel2/recommendation,1.25,19.3,1119.06,0.0,0,702,470.8868,1.4347,1.525,0.0,A
4,hotel2/reservation,1.29,96.93,1119.06,0.0,0,430,326.4791,1.4347,1.525,0.0,A
4,hotel2/search,0.56,25.06,1119.06,0.0,0,0,326.4791,1.4347,1.525,0.0,A
4,hotel2/user,1.63,15.56,1119.06,0.0,0,667,447.4096,1.4347,1.525,0.0087,A
4,sa1/customer-feedback,115.91,3615.96,7135.73,0.0,0,447,326.4791,10.7652,7.0358,0.165,A
4,sa2/customer-feedback,124.16,3512.55,7042.56,0.0,0,631,423.2615,11.5314,7.0358,0.209,A
4,sa3/customer-feedback,122.23,3436.5,6978.61,0.0,0,571,383.0148,11.3521,7.0358,0.174,A
5,hotel/consul,29.53,33.05,201.79,0.0,0,9124,4988.9526,3.6587,7.3981,0.0151,A
5,hotel/frontend,0.88,76.93,1119.14,0.0,0,62,326.4791,1.4347,1.525,0.0,A
5,hotel/geo,1.57,20.0,1119.06,0.0,0,621,339.5594,1.4347,1.525,0.0,A
5,hotel/jaeger,0.4,14.88,81.01,0.0,0,0,326.4791,1.4347,1.525,0.0,A
5,hotel/memcached-profile,0.44,7.66,79.25,0.0,0,0,326.4791,1.4347,1.525,0.0,A
5,hotel/memcached-rate,0.45,7.45,79.25,0.0,0,0,326.4791,1.4347,1.525,0.0038,A
5,hotel/memcached-reserve,0.39,7.13,79.25,0.0,0,0,326.4791,1.4347,1.525,0.0,A
5,hotel/mongodb-geo,13.21,171.3,400.43,0.0508,12,428,326.4791,1.6367,7.3981,0.0076,A
5,hotel/mongodb-profile,12.33,172.44,400.43,0.0547,14,382,326.4791,1.5277,7.3981,0.0038,A
5,hotel/mongodb-rate,10.94,171.87,400.43,0.0,0,410,326.4791,1.4347,7.3981,0.0076,A
5,hotel/mongodb-recommendation,12.71,170.39,400.43,0.0195,10,528,326.4791,1.5748,7.3981,0.0076,A
5,hotel/mongodb-reservation,13.82,293.59,400.43,0.0,0,410,326.4791,1.7123,7.3981,0.0076,A
5,hotel/mongodb-user,11.5,170.89,400.43,0.0,0,389,326.4791,1.4347,7.3981,0.0113,A
5,hotel/profile,1.19,37.24,1119.06,0.0,0,242,326.4791,1.4347,1.525,0.0038,A
5,hotel/rate,1.26,26.16,1119.14,0.0,0,823,450.0118,1.4347,1.525,0.0,A
5,hotel/recommendation,1.56,19.77,1119.06,0.0,0,589,326.4791,1.4347,1.525,0.0,A
5,hotel/reservation,1.73,105.79,1119.06,0.0,0,830,453.8394,1.4347,1.525,0.0,A
5,hotel/search,0.54,24.79,1119.06,0.0,0,0,326.4791,1.4347,1.525,0.0,A
5,hotel/user,1.74,16.34,1119.06,0.0,0,754,412.283,1.4347,1.525,0.0,A
5,hotel2/consul,29.24,29.58,201.79,0.0,0,10301,5632.5297,3.6228,7.3981,0.0151,A
5,hotel2/frontend,0.63,65.16,1119.14,0.0,0,0,326.4791,1.4347,1.525,0.0,A
5,hotel2/geo,1.39,20.34,1119.06,0.0,0,736,402.4407,1.4347,1.525,0.0,A
5,hotel2/jaeger,0.29,14.9,81.01,0.0,0,0,326.4791,1.4347,1.525,0.0,A
5,hotel2/memcached-profile,0.46,7.68,79.25,0.0,0,0,326.4791,1.4347,1.525,0.0,A
5,hotel2/memcached-rate,0.47,7.43,79.25,0.0,0,0,326.4791,1.4347,1.525,0.0,A
5,hotel2/memcached-reserve,0.4,7.09,79.25,0.0,0,0,326.4791,1.4347,1.525,0.0,A
5,hotel2/mongodb-geo,10.92,165.14,400.43,0.0,0,534,326.4791,1.4347,7.3981,0.0076,A
5,hotel2/mongodb-profile,13.62,164.94,400.43,0.0,0,389,326.4791,1.6875,7.3981,0.0113,A
5,hotel2/mongodb-rate,10.72,164.81,400.43,0.0,0,640,349.9485,1.4347,7.3981,0.0038,A
5,hotel2/mongodb-recommendation,12.52,163.49,400.43,0.0156,2,696,380.5689,1.5512,7.3981,0.0113,A
5,hotel2/mongodb-reservation,13.44,284.27,400.43,0.0977,16,623,340.6529,1.6652,7.3981,0.0151,A
5,hotel2/mongodb-user,10.96,163.88,400.43,0.0,0,864,472.4304,1.4347,7.3981,0.0076,A
5,hotel2/profile,1.34,33.71,1119.06,0.0,0,643,351.5888,1.4347,1.525,0.0,A
5,hotel2/rate,1.25,25.65,1119.14,0.0,0,653,357.0568,1.4347,1.525,0.0,A
5,hotel2/recommendation,2.23,19.3,1119.06,0.0,0,974,532.5778,1.4347,1.525,0.0,A
5,hotel2/reservation,1.93,97.18,1119.06,0.0,0,602,329.1703,1.4347,1.525,0.0038,A
5,hotel2/search,0.53,25.06,1119.06,0.0,0,0,326.4791,1.4347,1.525,0.0,A
5,hotel2/user,1.16,15.55,1119.06,0.0,0,627,342.8401,1.4347,1.525,0.0,A
5,sa1/customer-feedback,118.95,3616.04,7135.73,0.0,0,532,326.4791,14.7377,7.3981,0.0529,A
5,sa2/customer-feedback,122.35,3513.11,7042.56,0.0,0,637,348.3081,15.159,7.3981,0.0567,A
5,sa3/customer-feedback,124.65,3436.36,6978.61,0.0,0,453,326.4791,15.444,7.3981,0.0567,A
6,hotel/consul,28.82,32.56,201.79,0.0,0,13875,6677.8117,10.1872,6.4646,0.0083,A
6,hotel/frontend,0.49,76.93,1119.14,0.0,0,0,326.4791,1.4347,1.525,0.0,A
6,hotel/geo,1.29,19.99,1119.06,0.0,0,688,331.1232,1.4347,1.525,0.0,A
6,hotel/jaeger,0.39,14.88,81.01,0.0,0,0,326.4791,1.4347,1.525,0.0,A
6,hotel/memcached-profile,0.4,7.66,79.25,0.0,0,0,326.4791,1.4347,1.525,0.0,A
6,hotel/memcached-rate,0.41,7.45,79.25,0.0,0,0,326.4791,1.4347,1.525,0.0,A
6,hotel/memcached-reserve,0.4,7.13,79.25,0.0,0,0,326.4791,1.4347,1.525,0.0,A
6,hotel/mongodb-geo,10.74,171.05,400.43,0.0,0,421,326.4791,3.7963,6.4646,0.0028,A
6,hotel/mongodb-profile,10.9,172.44,400.43,0.0,0,336,326.4791,3.8529,6.4646,0.0055,A
6,hotel/mongodb-rate,12.44,172.11,400.43,0.0312,4,420,326.4791,4.3973,6.4646,0.0028,A
6,hotel/mongodb-recommendation,11.07,170.59,400.43,0.0,0,606,326.4791,3.913,6.4646,0.0055,A
6,hotel/mongodb-reservation,13.22,293.77,400.43,0.0,0,389,326.4791,4.673,6.4646,0.0055,A
6,hotel/mongodb-user,12.86,171.08,400.43,0.0117,6,298,326.4791,4.5457,6.4646,0.0083,A
6,hotel/profile,1.34,37.24,1119.06,0.0,0,537,326.4791,1.4347,1.525,0.0,A
6,hotel/rate,2.03,26.4,1119.14,0.0,0,706,339.7863,1.4347,1.525,0.0,A
6,hotel/recommendation,1.43,19.77,1119.06,0.0,0,533,326.4791,1.4347,1.525,0.0028,A
6,hotel/reservation,1.2,105.79,1119.06,0.0,0,230,326.4791,1.4347,1.525,0.0028,A
6,hotel/search,0.53,24.79,1119.06,0.0,0,0,326.4791,1.4347,1.525,0.0028,A
6,hotel/user,1.08,16.34,1119.06,0.0,0,262,326.4791,1.4347,1.525,0.0,A
6,hotel2/consul,29.25,29.84,201.79,0.0,0,11534,5551.1265,10.3392,6.4646,0.0083,A
6,hotel2/frontend,0.8,65.16,1119.14,0.0,0,85,326.4791,1.4347,1.525,0.0,A
6,hotel2/geo,1.52,20.35,1119.06,0.0,0,603,326.4791,1.4347,1.525,0.0,A
6,hotel2/jaeger,0.3,14.9,81.01,0.0,0,0,326.4791,1.4347,1.525,0.0,A
6,hotel2/memcached-profile,0.46,7.68,79.25,0.0,0,0,326.4791,1.4347,1.525,0.0,A
6,hotel2/memcached-rate,0.44,7.43,79.25,0.0,0,0,326.4791,1.4347,1.525,0.0,A
6,hotel2/memcached-reserve,0.37,7.09,79.25,0.0,0,0,326.4791,1.4347,1.525,0.0,A
6,hotel2/mongodb-geo,12.02,165.06,400.43,0.0273,4,502,326.4791,4.2488,6.4646,0.0028,A
6,hotel2/mongodb-profile,13.3,164.92,400.43,0.0195,2,393,326.4791,4.7012,6.4646,0.0055,A
6,hotel2/mongodb-rate,11.29,164.8,400.43,0.0195,2,416,326.4791,3.9908,6.4646,0.0055,A
6,hotel2/mongodb-recommendation,10.91,163.38,400.43,0.0,0,511,326.4791,3.8564,6.4646,0.0083,A
6,hotel2/mongodb-reservation,11.08,284.1,400.43,0.0,0,541,326.4791,3.9165,6.4646,0.0083,A
6,hotel2/mongodb-user,12.22,164.06,400.43,0.0195,2,480,326.4791,4.3195,6.4646,0.0083,A
6,hotel2/profile,1.59,33.71,1119.06,0.0,0,992,477.4335,1.4347,1.525,0.0,A
6,hotel2/rate,1.6,25.65,1119.14,0.0,0,658,326.4791,1.4347,1.525,0.0,A
6,hotel2/recommendation,1.19,19.3,1119.06,0.0,0,702,337.8612,1.4347,1.525,0.0,A
6,hotel2/reservation,1.35,97.19,1119.06,0.0,0,408,326.4791,1.4347,1.525,0.0,A
6,hotel2/search,0.55,25.06,1119.06,0.0,0,0,326.4791,1.4347,1.525,0.0,A
6,hotel2/user,2.02,15.56,1119.06,0.0,0,516,326.4791,1.4347,1.525,0.0,A
6,sa1/customer-feedback,117.29,3616.64,7135.73,0.0,0,453,326.4791,41.4593,6.4646,0.0523,A
6,sa2/customer-feedback,120.29,3513.71,7042.56,0.0,0,527,326.4791,42.5198,6.4646,0.0578,A
6,sa3/customer-feedback,123.37,3437.02,6978.61,0.0,0,447,326.4791,43.6085,6.4646,0.0386,A
7,hotel/consul,27.8,33.04,201.79,0.0,0,7969,3334.0482,1.4347,9.6566,0.0283,A
7,hotel/frontend,0.67,76.93,1119.14,0.0,0,0,326.4791,1.4347,1.525,0.0094,A
7,hotel/geo,1.64,20.0,1119.06,0.0,0,630,326.4791,1.4347,1.525,0.0,A
7,hotel/jaeger,0.38,14.88,81.01,0.0,0,0,326.4791,1.4347,1.525,0.0,A
7,hotel/memcached-profile,0.44,7.66,79.25,0.0,0,0,326.4791,1.4347,1.525,0.0,A
7,hotel/memcached-rate,0.45,7.45,79.25,0.0,0,0,326.4791,1.4347,1.525,0.0,A
7,hotel/memcached-reserve,0.37,7.13,79.25,0.0,0,0,326.4791,1.4347,1.525,0.0,A
7,hotel/mongodb-geo,11.34,171.3,400.43,0.0156,2,434,326.4791,1.4347,9.6566,0.0094,A
7,hotel/mongodb-profile,10.99,172.44,400.43,0.0156,2,258,326.4791,1.4347,9.6566,0.0094,A
7,hotel/mongodb-rate,10.68,172.25,400.43,0.0508,14,448,326.4791,1.4347,9.6566,0.0283,A
7,hotel/mongodb-recommendation,9.8,170.57,400.43,0.0156,2,504,326.4791,1.4347,1.525,0.0189,A
7,hotel/mongodb-reservation,10.19,293.67,400.43,0.0,0,387,326.4791,1.4347,9.6566,0.0189,A
7,hotel/mongodb-user,10.2,171.16,400.43,0.0,0,332,326.4791,1.4347,9.6566,0.0094,A
7,hotel/profile,1.28,37.24,1119.06,0.0,0,320,326.4791,1.4347,1.525,0.0,A
7,hotel/rate,1.12,26.16,1119.14,0.0,0,545,326.4791,1.4347,1.525,0.0,A
7,hotel/recommendation,1.47,19.77,1119.06,0.0,0,686,326.4791,1.4347,1.525,0.0,A
7,hotel/reservation,1.52,105.79,1119.06,0.0,0,655,326.4791,1.4347,1.525,0.0,A
7,hotel/search,0.83,24.79,1119.06,0.0,0,99,326.4791,1.4347,1.525,0.0,A
7,hotel/user,5.39,14.67,1119.06,0.0,0,477,326.4791,1.4347,1.525,0.0189,A
7,hotel2/consul,29.62,29.82,201.79,0.0,0,11121,4652.7733,1.4347,9.6566,0.0472,A
7,hotel2/frontend,1.03,65.16,1119.14,0.0,0,82,326.4791,1.4347,1.525,0.0,A
7,hotel2/geo,1.36,20.35,1119.06,0.0,0,660,326.4791,1.4347,1.525,0.0,A
7,hotel2/jaeger,0.29,14.9,81.01,0.0,0,0,326.4791,1.4347,1.525,0.0,A
7,hotel2/memcached-profile,0.48,7.68,79.25,0.0,0,0,326.4791,1.4347,1.525,0.0,A
7,hotel2/memcached-rate,0.45,7.43,79.25,0.0,0,0,326.4791,1.4347,1.525,0.0,A
7,hotel2/memcached-reserve,0.38,7.09,79.25,0.0,0,0,326.4791,1.4347,1.525,0.0,A
7,hotel2/mongodb-geo,10.77,165.02,400.43,0.0,0,589,326.4791,1.4347,9.6566,0.0094,A
7,hotel2/mongodb-profile,9.35,164.94,400.43,0.0,0,695,326.4791,1.4347,1.525,0.0283,A
7,hotel2/mongodb-rate,9.89,164.55,400.43,0.0,0,579,326.4791,1.4347,1.525,0.0094,A
7,hotel2/mongodb-recommendation,12.05,163.51,400.43,0.0195,2,550,326.4791,1.4347,9.6566,0.0283,A
7,hotel2/mongodb-reservation,11.78,284.16,400.43,0.0195,2,746,326.4791,1.4347,9.6566,0.0189,A
7,hotel2/mongodb-user,9.44,163.87,400.43,0.0,0,312,326.4791,1.4347,1.525,0.0094,A
7,hotel2/profile,1.38,33.71,1119.06,0.0,0,732,326.4791,1.4347,1.525,0.0,A
7,hotel2/rate,1.42,25.65,1119.14,0.0,0,683,326.4791,1.4347,1.525,0.0,A
7,hotel2/recommendation,1.92,19.3,1119.06,0.0,0,707,326.4791,1.4347,1.525,0.0,A
7,hotel2/reservation,1.5,96.93,1119.06,0.0,0,607,326.4791,1.4347,1.525,0.0,A
7,hotel2/search,0.57,25.06,1119.06,0.0,0,0,326.4791,1.4347,1.525,0.0,A
7,hotel2/user,4.56,14.01,1119.06,0.0,0,646,326.4791,1.4347,1.525,0.0189,A
7,sa1/customer-feedback,109.75,3617.2,7135.73,3.9766,40,445,326.4791,1.4347,9.6566,0.142,A
7,sa2/customer-feedback,1865.21,3517.18,7042.56,3.8359,42,449,326.4791,13.0196,9.6566,0.189,A
7,sa3/customer-feedback,8038.15,3442.38,6978.61,3.8672,40,422,326.4791,56.108,9.6566,0.161,A
8,hotel/consul,26.98,32.55,201.79,0.0,0,6502,5337.1445,1.4347,8.0671,0.0183,A
8,hotel/frontend,0.5,76.93,1119.14,0.0,0,0,326.4791,1.4347,1.525,0.0,A
8,hotel/geo,1.37,19.99,1119.06,0.0,0,603,494.9705,1.4347,1.525,0.0,A
8,hotel/jaeger,0.34,14.88,81.01,0.0,0,0,326.4791,1.4347,1.525,0.0,A
8,hotel/memcached-profile,0.5,7.66,79.25,0.0,0,0,326.4791,1.4347,1.525,0.0,A
8,hotel/memcached-rate,0.43,7.45,79.25,0.0,0,0,326.4791,1.4347,1.525,0.0,A
8,hotel/memcached-reserve,0.41,7.13,79.25,0.0,0,0,326.4791,1.4347,1.525,0.0,A
8,hotel/mongodb-geo,9.88,170.67,400.43,0.0,0,379,326.4791,1.4347,1.525,0.0061,A
8,hotel/mongodb-profile,10.5,172.38,400.43,0.0,0,237,326.4791,1.4347,8.0671,0.0061,A
8,hotel/mongodb-rate,12.58,172.25,400.43,0.0195,2,607,498.2539,1.4347,8.0671,0.0122,A
8,hotel/mongodb-recommendation,12.92,170.65,400.43,0.0,0,559,458.8532,1.4347,8.0671,0.0122,A
8,hotel/mongodb-reservation,11.14,293.52,400.43,0.0156,2,353,326.4791,1.4347,8.0671,0.0122,A
8,hotel/mongodb-user,11.3,171.51,400.43,0.0156,2,444,364.4559,1.4347,8.0671,0.0122,A
8,hotel/profile,1.67,37.23,1119.06,0.0,0,1327,1089.2634,1.4347,1.525,0.0061,A
8,hotel/rate,1.52,26.16,1119.14,0.0,0,791,649.2896,1.4347,1.525,0.0,A
8,hotel/recommendation,1.39,19.77,1119.06,0.0,0,772,633.6936,1.4347,1.525,0.0061,A
8,hotel/reservation,0.99,105.79,1119.06,0.0,0,0,326.4791,1.4347,1.525,0.0,A
8,hotel/search,0.51,24.79,1119.06,0.0,0,0,326.4791,1.4347,1.525,0.0,A
8,hotel/user,1.16,14.67,1119.06,0.0,0,565,463.7783,1.4347,1.525,0.0061,A
8,hotel2/consul,27.71,29.82,201.79,0.0,0,9993,8202.7199,1.4347,8.0671,0.0183,A
8,hotel2/frontend,0.66,65.16,1119.14,0.0,0,0,326.4791,1.4347,1.525,0.0,A
8,hotel2/geo,1.57,20.34,1119.06,0.0,0,260,326.4791,1.4347,1.525,0.0061,A
8,hotel2/jaeger,0.28,14.9,81.01,0.0,0,0,326.4791,1.4347,1.525,0.0061,A
8,hotel2/memcached-profile,0.5,7.68,79.25,0.0,0,0,326.4791,1.4347,1.525,0.0,A
8,hotel2/memcached-rate,0.45,7.43,79.25,0.0,0,0,326.4791,1.4347,1.525,0.0,A
8,hotel2/memcached-reserve,0.39,7.09,79.25,0.0,0,0,326.4791,1.4347,1.525,0.0,A
8,hotel2/mongodb-geo,11.84,165.2,400.43,0.0195,2,379,326.4791,1.4347,8.0671,0.0183,A
8,hotel2/mongodb-profile,13.18,165.66,400.43,0.0195,2,1389,1140.1559,1.4347,8.0671,0.0183,A
8,hotel2/mongodb-rate,11.59,164.56,400.43,0.0195,2,966,792.9378,1.4347,8.0671,0.0061,A
8,hotel2/mongodb-recommendation,10.63,163.26,400.43,0.0,0,408,334.9054,1.4347,8.0671,0.0122,A
8,hotel2/mongodb-reservation,10.85,283.97,400.43,0.0,0,468,384.1562,1.4347,8.0671,0.0122,A
8,hotel2/mongodb-user,11.23,163.69,400.43,0.0195,2,329,326.4791,1.4347,8.0671,0.0183,A
8,hotel2/profile,1.35,33.71,1119.06,0.0,0,543,445.7197,1.4347,1.525,0.0,A
8,hotel2/rate,1.41,25.65,1119.14,0.0,0,359,326.4791,1.4347,1.525,0.0,A
8,hotel2/recommendation,1.15,19.3,1119.06,0.0,0,629,516.3125,1.4347,1.525,0.0,A
8,hotel2/reservation,1.27,96.93,1119.06,0.0,0,248,326.4791,1.4347,1.525,0.0061,A
8,hotel2/search,1.01,25.3,1119.06,0.0,0,134,326.4791,1.4347,1.525,0.0,A
8,hotel2/user,1.73,14.0,1119.06,0.0,0,561,460.4949,1.4347,1.525,0.0061,A
8,sa1/customer-feedback,6590.91,3620.52,7135.73,0.0,0,337,326.4791,9.4212,8.0671,0.0978,A
8,sa2/customer-feedback,13182.31,3524.91,7042.56,0.0,0,411,337.3679,18.8432,8.0671,7.97,A
8,sa3/customer-feedback,12748.0,3448.25,6978.61,0.0,0,336,326.4791,18.2224,8.0671,9.36,A
9,hotel/consul,24.05,32.55,201.79,0.0,0,3740,591.5508,1.4347,164.9876,0.0212,A
9,hotel/frontend,6900.38,130.18,1119.14,0.0,0,615589,97366.8811,40.6746,164.9876,4.08,A
9,hotel/geo,747.52,23.2,1119.06,0.0,0,1784,326.4791,4.4063,164.9876,0.515,A
9,hotel/jaeger,0.31,14.88,81.01,0.0,0,2021,326.4791,1.4347,1.525,0.0,A
9,hotel/memcached-profile,156.07,7.7,79.25,0.0,0,1392,326.4791,1.4347,164.9876,0.0902,A
9,hotel/memcached-rate,90.87,7.46,79.25,0.0,0,1213,326.4791,1.4347,164.9876,0.0478,A
9,hotel/memcached-reserve,139.08,7.73,79.25,0.0,0,1120,326.4791,1.4347,164.9876,0.0849,A
9,hotel/mongodb-geo,11.07,170.61,400.43,0.0469,6,94,326.4791,1.4347,164.9876,0.0106,A
9,hotel/mongodb-profile,11.68,172.25,400.43,0.0508,8,867,326.4791,1.4347,164.9876,0.0159,A
9,hotel/mongodb-rate,10.49,171.81,400.43,0.0,0,168,326.4791,1.4347,164.9876,0.0053,A
9,hotel/mongodb-recommendation,11.58,170.21,400.43,0.0625,8,98,326.4791,1.4347,164.9876,0.0159,A
9,hotel/mongodb-reservation,2681.0,292.97,400.43,0.0078,4,295481,46735.8309,15.8033,164.9876,1.1,A
9,hotel/mongodb-user,10.81,170.84,400.43,0.0,0,260,326.4791,1.4347,164.9876,0.0106,A
9,hotel/profile,2756.64,40.69,1119.06,0.0,0,180644,28572.2176,16.2491,164.9876,1.67,A
9,hotel/rate,1372.91,33.16,1119.14,0.0,0,3402,538.0897,8.0927,164.9876,0.934,A
9,hotel/recommendation,481.92,24.3,1119.06,0.0,0,2220,351.1344,2.8407,164.9876,0.26,A
9,hotel/reservation,2782.27,91.2,1119.06,0.0,0,227867,36041.4158,16.4002,164.9876,1.55,A
9,hotel/search,2302.65,39.93,1119.06,0.0,0,83249,13167.3819,13.5731,164.9876,1.29,A
9,hotel/user,32.26,14.69,1119.06,0.0,0,2066,326.7764,1.4347,164.9876,0.0159,A
9,hotel2/consul,23.84,29.33,201.79,0.0,0,3139,496.4914,1.4347,164.9876,0.0212,A
9,hotel2/frontend,4099.05,117.27,1119.14,0.0,0,349422,55267.606,24.162,164.9876,0.0,A
9,hotel2/geo,454.01,25.6,1119.06,0.0,0,1443,326.4791,2.6762,164.9876,0.0,A
9,hotel2/jaeger,0.28,14.9,81.01,0.0,0,0,326.4791,1.4347,1.525,0.0,A
9,hotel2/memcached-profile,86.73,7.71,79.25,0.0,0,933,326.4791,1.4347,164.9876,0.0,A
9,hotel2/memcached-rate,54.14,7.5,79.25,0.0,0,716,326.4791,1.4347,164.9876,0.0,A
9,hotel2/memcached-reserve,84.68,7.43,79.25,0.0,0,765,326.4791,1.4347,164.9876,0.0,A
9,hotel2/mongodb-geo,10.74,165.02,400.43,0.0,0,91,326.4791,1.4347,164.9876,0.0106,A
9,hotel2/mongodb-profile,10.44,164.75,400.43,0.0,0,110,326.4791,1.4347,164.9876,0.0106,A
9,hotel2/mongodb-rate,10.77,164.37,400.43,0.0,0,75,326.4791,1.4347,164.9876,0.0106,A
9,hotel2/mongodb-recommendation,11.93,163.07,400.43,0.0195,2,351,326.4791,1.4347,164.9876,0.0159,A
9,hotel2/mongodb-reservation,1498.9,283.79,400.43,0.0195,2,286093,45250.9436,8.8353,164.9876,0.0159,A
9,hotel2/mongodb-user,10.82,163.68,400.43,0.0,0,123,326.4791,1.4347,164.9876,0.0159,A
9,hotel2/profile,1848.12,47.46,1119.06,0.0,0,111400,17619.9876,10.8938,164.9876,0.0,A
9,hotel2/rate,833.57,31.35,1119.14,0.0,0,5941,939.6799,4.9135,164.9876,0.0,A
9,hotel2/recommendation,252.45,21.07,1119.06,0.0,0,1659,326.4791,1.4881,164.9876,0.0053,A
9,hotel2/reservation,1516.79,94.28,1119.06,0.0,0,95540,15111.4328,8.9408,164.9876,0.0053,A
9,hotel2/search,1288.37,38.49,1119.06,0.0,0,2534,400.7994,7.5944,164.9876,0.0053,A
9,hotel2/user,16.51,14.24,1119.06,0.0,0,1262,326.4791,1.4347,164.9876,0.0,A
9,sa1/customer-feedback,18108.65,3621.07,7135.73,0.0,0,2742,433.6984,106.7423,164.9876,11.6,A
9,sa2/customer-feedback,19078.39,3520.32,7042.56,0.0,0,7285,1152.2586,112.4585,164.9876,11.6,A
9,sa3/customer-feedback,17508.29,3442.82,6978.61,0.0,0,7579,1198.7602,103.2035,164.9876,9.54,A
10,hotel/consul,16.96,32.55,201.79,0.0,0,5979,970.8271,1.4347,330.8533,0.034,A
10,hotel/frontend,8831.59,115.92,1119.14,0.0,0,403445,65508.5052,30.405,330.8533,13.1,A
10,hotel/geo,1156.16,26.13,1119.06,0.0,0,10007,1624.8649,3.9804,330.8533,1.44,A
10,hotel/jaeger,0.24,14.88,81.01,0.0,0,1641,326.4791,1.4347,1.525,0.0,A
10,hotel/memcached-profile,236.68,8.31,79.25,0.0,0,7361,1195.2264,1.4347,330.8533,0.317,A
10,hotel/memcached-rate,150.77,7.49,79.25,0.0,0,6932,1125.5684,1.4347,330.8533,0.193,A
10,hotel/memcached-reserve,203.83,7.19,79.25,0.0,0,3162,513.4229,1.4347,330.8533,0.249,A
10,hotel/mongodb-geo,9.35,170.61,400.43,0.0,0,5549,901.0068,1.4347,1.525,0.0227,A
10,hotel/mongodb-profile,9.38,172.44,400.43,0.0,0,2367,384.3365,1.4347,1.525,0.0113,A
10,hotel/mongodb-rate,9.93,171.81,400.43,0.0195,2,2469,400.8985,1.4347,1.525,0.034,A
10,hotel/mongodb-recommendation,9.81,170.21,400.43,0.0,0,857,326.4791,1.4347,1.525,0.0227,A
10,hotel/mongodb-reservation,3666.74,293.39,400.43,0.1602,36,919575,149313.9924,12.6237,330.8533,4.73,A
10,hotel/mongodb-user,11.46,170.84,400.43,0.0469,6,1832,326.4791,1.4347,330.8533,0.0227,A
10,hotel/profile,3997.29,46.95,1119.06,0.0,0,267907,43500.817,13.7617,330.8533,5.59,A
10,hotel/rate,2078.7,33.43,1119.14,0.0,0,16578,2691.8167,7.1565,330.8533,2.68,A
10,hotel/recommendation,735.7,23.44,1119.06,0.0,0,8282,1344.7718,2.5328,330.8533,1.04,A
10,hotel/reservation,3509.72,85.1,1119.06,0.0,0,246389,40006.8785,12.0831,330.8533,5.86,A
10,hotel/search,3280.61,36.42,1119.06,0.0,0,64160,10417.8406,11.2943,330.8533,5.01,A
10,hotel/user,48.57,16.04,1119.06,0.0,0,4482,727.755,1.4347,330.8533,0.0567,A
10,hotel2/consul,18.62,29.33,201.79,0.0,0,7991,1297.5213,1.4347,330.8533,0.034,A
10,hotel2/frontend,9229.65,108.28,1119.14,0.0,0,508374,82546.1235,31.7755,330.8533,14.5,A
10,hotel2/geo,1159.97,24.71,1119.06,0.0,0,12674,2057.9132,3.9935,330.8533,1.24,A
10,hotel2/jaeger,0.24,14.9,81.01,0.0,0,0,326.4791,1.4347,1.525,0.0,A
10,hotel2/memcached-profile,239.9,7.83,79.25,0.0,0,6749,1095.8542,1.4347,330.8533,0.317,A
10,hotel2/memcached-rate,151.97,7.54,79.25,0.0,0,7636,1239.8789,1.4347,330.8533,0.204,A
10,hotel2/memcached-reserve,212.52,7.24,79.25,0.0,0,5463,887.0428,1.4347,330.8533,0.272,A
10,hotel2/mongodb-geo,10.86,165.02,400.43,0.0195,2,790,326.4791,1.4347,330.8533,0.0227,A
10,hotel2/mongodb-profile,10.19,164.75,400.43,0.0195,2,3540,574.7998,1.4347,330.8533,0.034,A
10,hotel2/mongodb-rate,11.12,164.37,400.43,0.0273,4,2284,370.8595,1.4347,330.8533,0.0227,A
10,hotel2/mongodb-recommendation,9.85,163.07,400.43,0.0,0,2299,373.2951,1.4347,1.525,0.034,A
10,hotel2/mongodb-reservation,4017.3,283.83,400.43,0.0156,8,1320724,214449.6895,13.8306,330.8533,5.89,A
10,hotel2/mongodb-user,10.59,163.68,400.43,0.0195,2,2090,339.3592,1.4347,330.8533,0.0227,A
10,hotel2/profile,3593.54,43.38,1119.06,0.0,0,228809,37152.3642,12.3717,330.8533,4.7,A
10,hotel2/rate,1993.07,29.34,1119.14,0.0,0,14988,2433.6439,6.8617,330.8533,2.43,A
10,hotel2/recommendation,670.02,22.29,1119.06,0.0,0,9050,1469.4741,2.3067,330.8533,0.726,A
10,hotel2/reservation,3306.37,87.38,1119.06,0.0,0,138404,22473.0487,11.383,330.8533,5.76,A
10,hotel2/search,2897.7,35.04,1119.06,0.0,0,56499,9173.9024,9.9761,330.8533,3.66,A
10,hotel2/user,40.4,14.86,1119.06,0.0,0,8424,1367.8287,1.4347,330.8533,0.0567,A
10,sa1/customer-feedback,27489.28,3621.39,7135.73,0.0,0,537472,87270.8481,94.639,330.8533,27.9,A
10,sa2/customer-feedback,49494.3,3521.38,7042.56,0.0,0,274305,44539.6783,170.3969,330.8533,27.9,A
10,sa3/customer-feedback,34520.84,3444.0,6978.61,0.0,0,509167,82674.8852,118.8469,330.8533,35.1,A
11,hotel/consul,14.58,32.79,201.79,0.0,0,19731,3498.1559,1.4347,432.5012,0.0322,A
11,hotel/frontend,9335.43,119.34,1119.14,0.0,0,244685,43380.7853,28.7393,432.5012,19.9,A
11,hotel/geo,1410.07,25.1,1119.06,0.0,0,17455,3094.6384,4.3409,432.5012,3.33,A
11,hotel/jaeger,0.21,14.88,81.01,0.0,0,0,326.4791,1.4347,1.525,0.0,A
11,hotel/memcached-profile,267.92,8.02,79.25,0.0,0,11027,1955.003,1.4347,432.5012,0.579,A
11,hotel/memcached-rate,176.24,7.53,79.25,0.0,0,9783,1734.4513,1.4347,432.5012,0.386,A
11,hotel/memcached-reserve,243.04,7.21,79.25,0.0,0,7577,1343.3443,1.4347,432.5012,0.531,A
11,hotel/mongodb-geo,9.38,170.61,400.43,0.0156,2,2984,529.0405,1.4347,1.525,0.0322,A
11,hotel/mongodb-profile,9.26,172.25,400.43,0.0195,4,3967,703.3189,1.4347,1.525,0.0161,A
11,hotel/mongodb-rate,8.07,171.81,400.43,0.0,0,1009,326.4791,1.4347,1.525,0.0322,A
11,hotel/mongodb-recommendation,9.97,170.21,400.43,0.0156,2,2516,446.0676,1.4347,1.525,0.0161,A
11,hotel/mongodb-reservation,3998.6,294.72,400.43,0.0078,4,2372823,420683.4298,12.3098,432.5012,8.41,A
11,hotel/mongodb-user,8.8,170.84,400.43,0.0,0,4170,739.3092,1.4347,1.525,0.0161,A
11,hotel/profile,3948.75,42.69,1119.06,0.0,0,81798,14502.1619,12.1563,432.5012,8.66,A
11,hotel/rate,2083.81,28.53,1119.14,0.0,0,24773,4392.0641,6.415,432.5012,5.08,A
11,hotel/recommendation,857.67,23.24,1119.06,0.0,0,12054,2137.0823,2.6404,432.5012,2.2,A
11,hotel/reservation,2853.2,96.31,1119.06,0.0,0,63221,11208.6014,8.7836,432.5012,6.03,A
11,hotel/search,3280.06,34.07,1119.06,0.0,0,64326,11404.5094,10.0977,432.5012,7.57,A
11,hotel/user,57.41,17.51,1119.06,0.0,0,10147,1798.9857,1.4347,432.5012,0.129,A
11,hotel2/consul,15.3,29.33,201.79,0.0,0,14106,2500.8863,1.4347,432.5012,0.0482,A
11,hotel2/frontend,9401.67,111.21,1119.14,0.0,0,266291,47211.3644,28.9432,432.5012,20.3,A
11,hotel2/geo,1322.74,23.77,1119.06,0.0,0,19414,3441.9542,4.0721,432.5012,3.18,A
11,hotel2/jaeger,0.22,14.9,81.01,0.0,0,4620,819.0908,1.4347,1.525,0.0,A
11,hotel2/memcached-profile,257.39,7.82,79.25,0.0,0,10455,1853.5918,1.4347,432.5012,0.547,A
11,hotel2/memcached-rate,161.28,7.53,79.25,0.0,0,8061,1429.1539,1.4347,432.5012,0.338,A
11,hotel2/memcached-reserve,232.27,7.18,79.25,0.0,0,5604,993.5465,1.4347,432.5012,0.45,A
11,hotel2/mongodb-geo,9.12,165.02,400.43,0.0,0,3775,669.2787,1.4347,1.525,0.0161,A
11,hotel2/mongodb-profile,9.72,165.0,400.43,0.0469,12,1821,326.4791,1.4347,1.525,0.0161,A
11,hotel2/mongodb-rate,9.24,164.37,400.43,0.0,0,5158,914.4741,1.4347,1.525,0.0322,A
11,hotel2/mongodb-recommendation,10.26,163.07,400.43,0.0195,2,4006,710.2333,1.4347,432.5012,0.0322,A
11,hotel2/mongodb-reservation,3996.11,284.76,400.43,0.0234,4,2348610,416390.6495,12.3021,432.5012,8.25,A
11,hotel2/mongodb-user,8.48,163.68,400.43,0.0,0,1492,326.4791,1.4347,1.525,0.0322,A
11,hotel2/profile,3779.59,44.38,1119.06,0.0,0,120833,21422.7698,11.6355,432.5012,7.93,A
11,hotel2/rate,2067.92,30.36,1119.14,0.0,0,29562,5241.1172,6.3661,432.5012,4.76,A
11,hotel2/recommendation,774.57,21.34,1119.06,0.0,0,15446,2738.4581,2.3845,432.5012,1.66,A
11,hotel2/reservation,2694.97,96.05,1119.06,0.0,0,53001,9396.6733,8.2965,432.5012,5.18,A
11,hotel2/search,3236.28,33.1,1119.06,0.0,0,41892,7427.1323,9.9629,432.5012,7.64,A
11,hotel2/user,58.23,16.54,1119.06,0.0,0,6231,1104.7088,1.4347,432.5012,0.113,A
11,sa1/customer-feedback,29698.25,3622.34,7135.73,0.0,0,744327,131963.5031,91.4266,432.5012,43.3,A
11,sa2/customer-feedback,47296.77,3521.82,7042.56,0.0,0,667079,118268.0215,145.604,432.5012,141.0,A
11,sa3/customer-feedback,56330.13,3445.99,6978.61,0.0,0,729589,129350.568,173.4134,432.5012,110.0,A
12,hotel/consul,14.05,32.55,201.79,0.0,0,9501,1421.824,1.4347,461.7027,0.029,A
12,hotel/frontend,8944.94,117.62,1119.14,0.0,0,216353,32377.2128,32.6331,461.7027,17.2,A
12,hotel/geo,1198.65,24.25,1119.06,0.0,0,34815,5210.0625,4.3729,461.7027,2.32,A
12,hotel/jaeger,0.14,14.88,81.01,0.0,0,1089,326.4791,1.4347,1.525,0.0,A
12,hotel/memcached-profile,274.18,7.73,79.25,0.0,0,16245,2431.0632,1.4347,461.7027,0.551,A
12,hotel/memcached-rate,169.55,7.76,79.25,0.0,0,17298,2588.6446,1.4347,461.7027,0.319,A
12,hotel/memcached-reserve,246.85,7.2,79.25,0.0,0,8539,1277.8608,1.4347,461.7027,0.464,A
12,hotel/mongodb-geo,7.79,170.61,400.43,0.0,0,2230,333.7194,1.4347,1.525,0.029,A
12,hotel/mongodb-profile,6.79,172.43,400.43,0.0,0,3783,566.1257,1.4347,1.525,0.0,A
12,hotel/mongodb-rate,8.06,171.81,400.43,0.0195,2,3705,554.453,1.4347,1.525,0.0145,A
12,hotel/mongodb-recommendation,8.6,170.21,400.43,0.0,0,1263,326.4791,1.4347,1.525,0.029,A
12,hotel/mongodb-reservation,3984.75,294.58,400.43,0.0234,4,2720930,407187.0025,14.5372,461.7027,8.08,A
12,hotel/mongodb-user,9.11,170.84,400.43,0.0156,2,1643,326.4791,1.4347,1.525,0.029,A
12,hotel/profile,3301.65,40.45,1119.06,0.0,0,80401,12032.0046,12.0451,461.7027,6.33,A
12,hotel/rate,1903.96,31.86,1119.14,0.0,0,43808,6555.8644,6.9461,461.7027,3.95,A
12,hotel/recommendation,773.59,23.86,1119.06,0.0,0,24185,3619.2837,2.8222,461.7027,1.47,A
12,hotel/reservation,2396.29,102.47,1119.06,0.0,0,69727,10434.6411,8.7422,461.7027,5.6,A
12,hotel/search,2844.78,32.68,1119.06,0.0,0,46554,6966.8032,10.3784,461.7027,5.57,A
12,hotel/user,64.11,17.74,1119.06,0.0,0,7531,1127.0137,1.4347,461.7027,0.0871,A
12,hotel2/consul,15.05,29.33,201.79,0.0,0,12631,1890.2284,1.4347,461.7027,0.029,A
12,hotel2/frontend,8744.03,109.08,1119.14,0.0,0,193573,28968.1872,31.9001,461.7027,16.4,A
12,hotel2/geo,1222.81,25.28,1119.06,0.0,0,31335,4689.2808,4.4611,461.7027,2.71,A
12,hotel2/jaeger,0.2,14.9,81.01,0.0,0,0,326.4791,1.4347,1.525,0.0,A
12,hotel2/memcached-profile,272.42,8.25,79.25,0.0,0,16582,2481.4953,1.4347,461.7027,0.58,A
12,hotel2/memcached-rate,168.87,7.48,79.25,0.0,0,13257,1983.9092,1.4347,461.7027,0.348,A
12,hotel2/memcached-reserve,243.58,7.16,79.25,0.0,0,9084,1359.42,1.4347,461.7027,0.522,A
12,hotel2/mongodb-geo,9.83,165.02,400.43,0.0742,16,1225,326.4791,1.4347,1.525,0.029,A
12,hotel2/mongodb-profile,8.46,164.75,400.43,0.0195,2,1754,326.4791,1.4347,1.525,0.0145,A
12,hotel2/mongodb-rate,10.11,164.37,400.43,0.0703,16,3178,475.5875,1.4347,461.7027,0.0145,A
12,hotel2/mongodb-recommendation,8.97,163.07,400.43,0.0664,14,1053,326.4791,1.4347,1.525,0.029,A
12,hotel2/mongodb-reservation,4000.61,284.54,400.43,0.0195,10,3025080,452703.0308,14.5951,461.7027,7.55,A
12,hotel2/mongodb-user,8.05,163.68,400.43,0.0703,16,2481,371.2815,1.4347,1.525,0.0145,A
12,hotel2/profile,3205.96,41.8,1119.06,0.0,0,68842,10302.2009,11.696,461.7027,7.14,A
12,hotel2/rate,1832.5,30.06,1119.14,0.0,0,41371,6191.1675,6.6854,461.7027,3.79,A
12,hotel2/recommendation,764.23,22.77,1119.06,0.0,0,20055,3001.2295,2.7881,461.7027,1.58,A
12,hotel2/reservation,2197.45,120.73,1119.06,0.0,0,73008,10925.6426,8.0168,461.7027,5.09,A
12,hotel2/search,2740.81,32.1,1119.06,0.0,0,57225,8563.7176,9.9991,461.7027,5.96,A
12,hotel2/user,64.75,16.73,1119.06,0.0,0,10037,1502.0364,1.4347,461.7027,0.131,A
12,sa1/customer-feedback,47758.08,3622.01,7135.73,0.0,0,1094207,163748.0084,174.2319,461.7027,118.0,A
12,sa2/customer-feedback,51567.41,3521.76,7042.56,0.0,0,1138455,170369.7188,188.1292,461.7027,83.2,A
12,sa3/customer-feedback,46514.94,3446.68,6978.61,0.0,0,918885,137511.0822,169.6967,461.7027,73.1,A
13,hotel/consul,12.6,32.55,201.79,0.0,0,16786,3212.52,1.4347,424.4998,0.0345,A
13,hotel/frontend,7114.73,112.05,1119.14,0.0,0,149169,28548.0992,34.5094,424.4998,18.9,A
13,hotel/geo,1047.09,24.04,1119.06,0.0,0,24981,4780.8866,5.0788,424.4998,2.55,A
13,hotel/jaeger,0.24,14.88,81.01,0.0,0,0,326.4791,1.4347,1.525,0.0,A
13,hotel/memcached-profile,230.96,7.72,79.25,0.0,0,11510,2202.7943,1.4347,424.4998,0.534,A
13,hotel/memcached-rate,147.03,7.49,79.25,0.0,0,11854,2268.6293,1.4347,424.4998,0.345,A
13,hotel/memcached-reserve,218.76,7.45,79.25,0.0,0,9040,1730.0834,1.4347,424.4998,0.5,A
13,hotel/mongodb-geo,10.07,170.61,400.43,0.0156,2,2477,474.0505,1.4347,424.4998,0.0345,A
13,hotel/mongodb-profile,9.5,172.25,400.43,0.0156,2,534,326.4791,1.4347,1.525,0.0345,A
13,hotel/mongodb-rate,9.7,171.81,400.43,0.0,0,1708,326.8786,1.4347,1.525,0.0172,A
13,hotel/mongodb-recommendation,9.37,170.21,400.43,0.0156,2,2346,448.9796,1.4347,1.525,0.0517,A
13,hotel/mongodb-reservation,3997.06,294.75,400.43,0.0195,10,2158498,413095.3153,19.3874,424.4998,9.49,A
13,hotel/mongodb-user,9.05,170.84,400.43,0.0,0,1083,326.4791,1.4347,1.525,0.0517,A
13,hotel/profile,2716.99,46.9,1119.06,0.0,0,58621,11218.9404,13.1785,424.4998,6.65,A
13,hotel/rate,1541.72,30.76,1119.14,0.0,0,31148,5961.1326,7.478,424.4998,3.86,A
13,hotel/recommendation,704.81,23.18,1119.06,0.0,0,18033,3451.172,3.4186,424.4998,1.71,A
13,hotel/reservation,1950.68,128.88,1119.06,0.0,0,42889,8208.1359,9.4616,424.4998,4.62,A
13,hotel/search,2542.55,32.51,1119.06,0.0,0,40686,7786.5238,12.3324,424.4998,6.49,A
13,hotel/user,49.43,17.8,1119.06,0.0,0,13261,2537.9023,1.4347,424.4998,0.103,A
13,hotel2/consul,13.75,29.57,201.79,0.0,0,14796,2831.672,1.4347,424.4998,0.0172,A
13,hotel2/frontend,6193.71,101.77,1119.14,0.0,0,96465,18461.5597,30.042,424.4998,18.2,A
13,hotel2/geo,1017.05,26.79,1119.06,0.0,0,24794,4745.0983,4.9331,424.4998,2.41,A
13,hotel2/jaeger,0.21,14.9,81.01,0.0,0,1795,343.5287,1.4347,1.525,0.0,A
13,hotel2/memcached-profile,213.89,8.22,79.25,0.0,0,12198,2334.4644,1.4347,424.4998,0.517,A
13,hotel2/memcached-rate,144.07,7.46,79.25,0.0,0,14309,2738.4695,1.4347,424.4998,0.379,A
13,hotel2/memcached-reserve,195.61,7.13,79.25,0.0,0,8056,1541.7646,1.4347,424.4998,0.482,A
13,hotel2/mongodb-geo,9.81,165.02,400.43,0.0,0,2626,502.5663,1.4347,1.525,0.0345,A
13,hotel2/mongodb-profile,9.24,164.76,400.43,0.0,0,843,326.4791,1.4347,1.525,0.0172,A
13,hotel2/mongodb-rate,8.99,164.37,400.43,0.0,0,2069,395.9671,1.4347,1.525,0.0345,A
13,hotel2/mongodb-recommendation,9.71,163.07,400.43,0.0195,2,12401,2373.3147,1.4347,1.525,0.0345,A
13,hotel2/mongodb-reservation,3999.88,284.64,400.43,0.0391,10,2384320,456313.3356,19.4011,424.4998,8.94,A
13,hotel2/mongodb-user,9.98,163.68,400.43,0.0,0,2685,513.8577,1.4347,1.525,0.0172,A
13,hotel2/profile,2374.96,48.86,1119.06,0.0,0,46893,8974.4251,11.5195,424.4998,6.82,A
13,hotel2/rate,1379.42,33.32,1119.14,0.0,0,28418,5438.6628,6.6908,424.4998,3.57,A
13,hotel2/recommendation,683.15,21.71,1119.06,0.0,0,19723,3774.6057,3.3136,424.4998,1.69,A
13,hotel2/reservation,1552.0,129.91,1119.06,0.0,0,34623,6626.1813,7.5278,424.4998,4.03,A
13,hotel2/search,2310.36,31.66,1119.06,0.0,0,34912,6681.4904,11.2062,424.4998,6.42,A
13,hotel2/user,42.87,16.83,1119.06,0.0,0,9704,1857.1604,1.4347,424.4998,0.103,A
13,sa1/customer-feedback,57672.14,3622.13,7135.73,3.9492,40,622321,119100.3604,279.7336,424.4998,97.1,A
13,sa2/customer-feedback,43624.87,3520.98,7042.56,3.8633,36,539662,103281.0056,211.5986,424.4998,64.9,A
13,sa3/customer-feedback,52305.06,3448.05,6978.61,3.875,40,635370,121597.6899,253.701,424.4998,107.0,A
14,hotel/consul,10.46,32.55,201.79,0.0,0,17930,3491.4191,1.4347,361.8323,0.031,A
14,hotel/frontend,4685.54,113.32,1119.14,0.0,0,91410,17799.8116,13.8384,361.8323,11.3,A
14,hotel/geo,937.11,24.16,1119.06,0.0,0,24917,4851.9626,2.7677,361.8323,2.01,A
14,hotel/jaeger,0.18,14.88,81.01,0.0,0,0,326.4791,1.4347,1.525,0.0,A
14,hotel/memcached-profile,179.02,7.71,79.25,0.0,0,15065,2933.532,1.4347,361.8323,0.387,A
14,hotel/memcached-rate,112.73,7.48,79.25,0.0,0,14615,2845.9058,1.4347,361.8323,0.232,A
14,hotel/memcached-reserve,167.22,7.2,79.25,0.0,0,9830,1914.1467,1.4347,361.8323,0.372,A
14,hotel/mongodb-geo,8.19,170.61,400.43,0.0,0,1466,326.4791,1.4347,1.525,0.0155,A
14,hotel/mongodb-profile,6.28,172.25,400.43,0.0,0,2808,546.7878,1.4347,1.525,0.0155,A
14,hotel/mongodb-rate,9.16,171.81,400.43,0.0195,2,551,326.4791,1.4347,1.525,0.0155,A
14,hotel/mongodb-recommendation,6.57,170.41,400.43,0.0,0,5024,978.2984,1.4347,1.525,0.0155,A
14,hotel/mongodb-reservation,3996.23,294.4,400.43,0.0469,14,2195378,427494.9646,11.8026,361.8323,8.24,A
14,hotel/mongodb-user,6.73,170.84,400.43,0.0195,2,1132,326.4791,1.4347,1.525,0.031,A
14,hotel/profile,1958.75,52.72,1119.06,0.0,0,45589,8877.3177,5.785,361.8323,4.21,A
14,hotel/rate,1077.55,30.29,1119.14,0.0,0,33377,6499.3361,3.1825,361.8323,2.43,A
14,hotel/recommendation,584.4,21.95,1119.06,0.0,0,21822,4249.2888,1.726,361.8323,1.22,A
14,hotel/reservation,1381.43,133.55,1119.06,0.0,0,34339,6686.6615,4.08,361.8323,3.25,A
14,hotel/search,2010.05,32.9,1119.06,0.0,0,41324,8046.8156,5.9365,361.8323,4.27,A
14,hotel/user,42.01,17.89,1119.06,0.0,0,7582,1476.4049,1.4347,361.8323,0.124,A
14,hotel2/consul,9.78,29.33,201.79,0.0,0,14067,2739.1965,1.4347,1.525,0.031,A
14,hotel2/frontend,2769.99,101.09,1119.14,0.0,0,67186,13082.7933,8.181,361.8323,6.26,A
14,hotel2/geo,677.64,23.95,1119.06,0.0,0,30308,5901.7251,2.0014,361.8323,1.41,A
14,hotel2/jaeger,0.2,14.9,81.01,0.0,0,1792,348.9472,1.4347,1.525,0.0,A
14,hotel2/memcached-profile,113.0,7.7,79.25,0.0,0,12526,2439.1253,1.4347,361.8323,0.263,A
14,hotel2/memcached-rate,81.01,7.45,79.25,0.0,0,14900,2901.4024,1.4347,361.8323,0.186,A
14,hotel2/memcached-reserve,106.83,7.11,79.25,0.0,0,8315,1619.1383,1.4347,361.8323,0.263,A
14,hotel2/mongodb-geo,9.2,165.03,400.43,0.0195,2,1039,326.4791,1.4347,1.525,0.0464,A
14,hotel2/mongodb-profile,6.97,164.92,400.43,0.0195,2,6157,1198.9218,1.4347,1.525,0.0155,A
14,hotel2/mongodb-rate,7.9,164.37,400.43,0.0195,2,392,326.4791,1.4347,1.525,0.0155,A
14,hotel2/mongodb-recommendation,5.85,163.26,400.43,0.0,0,5016,976.7406,1.4347,1.525,0.0155,A
14,hotel2/mongodb-reservation,4002.87,284.91,400.43,0.0078,4,2516564,490037.906,11.8222,361.8323,8.05,A
14,hotel2/mongodb-user,9.29,163.69,400.43,0.0234,2,768,326.4791,1.4347,1.525,0.031,A
14,hotel2/profile,1202.05,40.87,1119.06,0.0,0,36210,7050.992,3.5502,361.8323,2.55,A
14,hotel2/rate,719.9,28.25,1119.14,0.0,0,27936,5439.8374,2.1262,361.8323,1.58,A
14,hotel2/recommendation,422.82,20.57,1119.06,0.0,0,23500,4576.0373,1.4347,361.8323,1.02,A
14,hotel2/reservation,916.76,131.84,1119.06,0.0,0,28798,5607.6903,2.7076,361.8323,2.0,A
14,hotel2/search,1424.1,28.62,1119.06,0.0,0,41023,7988.2034,4.206,361.8323,3.2,A
14,hotel2/user,23.1,17.14,1119.06,0.0,0,9600,1869.3599,1.4347,361.8323,0.0619,A
14,sa1/customer-feedback,57986.45,3622.13,7135.73,0.0,0,533071,103802.2465,171.259,361.8323,79.3,A
14,sa2/customer-feedback,60353.44,3522.96,7042.56,0.0,0,564510,109924.2055,178.2498,361.8323,140.0,A
14,sa3/customer-feedback,65220.79,3447.58,6978.61,0.0,0,536767,104521.95,192.6252,361.8323,153.0,A
15,hotel/consul,12.34,32.55,201.79,0.0,0,10691,1916.1781,1.4347,304.0326,0.0157,A
15,hotel/frontend,5277.21,114.52,1119.14,0.0,0,125968,22577.6003,23.8561,304.0326,8.13,A
15,hotel/geo,854.53,24.12,1119.06,0.0,0,20472,3669.2544,3.863,304.0326,1.54,A
15,hotel/jaeger,0.26,14.88,81.01,0.0,0,1030,326.4791,1.4347,1.525,0.0,A
15,hotel/memcached-profile,176.07,7.7,79.25,0.0,0,7795,1397.1199,1.4347,304.0326,0.315,A
15,hotel/memcached-rate,107.75,7.53,79.25,0.0,0,8916,1598.0399,1.4347,304.0326,0.189,A
15,hotel/memcached-reserve,163.59,7.18,79.25,0.0,0,5209,933.6238,1.4347,304.0326,0.283,A
15,hotel/mongodb-geo,9.33,170.62,400.43,0.0195,2,190,326.4791,1.4347,1.525,0.0315,A
15,hotel/mongodb-profile,8.9,172.25,400.43,0.0195,2,2020,362.0503,1.4347,1.525,0.0157,A
15,hotel/mongodb-rate,8.93,171.81,400.43,0.0,0,742,326.4791,1.4347,1.525,0.0157,A
15,hotel/mongodb-recommendation,8.56,170.22,400.43,0.0195,2,1696,326.4791,1.4347,1.525,0.0157,A
15,hotel/mongodb-reservation,4012.2,294.21,400.43,0.0234,12,2341744,419717.3889,18.1375,304.0326,8.51,A
15,hotel/mongodb-user,8.16,170.84,400.43,0.0,0,3923,703.1304,1.4347,1.525,0.0157,A
15,hotel/profile,2044.52,41.95,1119.06,0.0,0,30426,5453.3379,9.2424,304.0326,2.85,A
15,hotel/rate,1153.05,32.07,1119.14,0.0,0,18370,3292.507,5.2125,304.0326,1.76,A
15,hotel/recommendation,556.62,23.49,1119.06,0.0,0,14909,2672.1822,2.5163,304.0326,1.02,A
15,hotel/reservation,1308.06,135.22,1119.06,0.0,0,22928,4109.4502,5.9132,304.0326,2.27,A
15,hotel/search,2140.95,33.5,1119.06,0.0,0,26399,4731.5673,9.6784,304.0326,3.37,A
15,hotel/user,31.94,17.64,1119.06,0.0,0,6486,1162.5041,1.4347,304.0326,0.0629,A
15,hotel2/consul,12.18,29.33,201.79,0.0,0,8575,1536.9215,1.4347,304.0326,0.0157,A
15,hotel2/frontend,2711.52,101.12,1119.14,0.0,0,123596,22152.46,12.2577,304.0326,2.94,A
15,hotel2/geo,497.78,24.08,1119.06,0.0,0,13896,2490.6193,2.2503,304.0326,0.692,A
15,hotel2/jaeger,0.2,14.9,81.01,0.0,0,2680,480.344,1.4347,1.525,0.0,A
15,hotel2/memcached-profile,85.14,7.7,79.25,0.0,0,8684,1556.4578,1.4347,304.0326,0.11,A
15,hotel2/memcached-rate,67.21,7.45,79.25,0.0,0,9708,1739.9922,1.4347,304.0326,0.0787,A
15,hotel2/memcached-reserve,75.69,7.6,79.25,0.0,0,3874,694.348,1.4347,304.0326,0.0944,A
15,hotel2/mongodb-geo,8.63,165.02,400.43,0.0,0,1133,326.4791,1.4347,1.525,0.0157,A
15,hotel2/mongodb-profile,7.49,164.75,400.43,0.0,0,963,326.4791,1.4347,1.525,0.0,A
15,hotel2/mongodb-rate,8.77,164.37,400.43,0.0,0,1599,326.4791,1.4347,1.525,0.0315,A
15,hotel2/mongodb-recommendation,8.91,163.07,400.43,0.0352,4,3214,576.0543,1.4347,1.525,0.0157,A
15,hotel2/mongodb-reservation,4005.05,284.88,400.43,0.0352,8,2573920,461330.9489,18.1052,304.0326,8.18,A
15,hotel2/mongodb-user,8.15,163.69,400.43,0.0,0,2035,364.7388,1.4347,1.525,0.0157,A
15,hotel2/profile,1088.52,40.21,1119.06,0.0,0,28915,5182.5171,4.9208,304.0326,1.53,A
15,hotel2/rate,597.36,29.58,1119.14,0.0,0,16991,3045.3449,2.7004,304.0326,0.724,A
15,hotel2/recommendation,306.55,21.5,1119.06,0.0,0,11451,2052.3951,1.4347,304.0326,0.409,A
15,hotel2/reservation,625.4,132.2,1119.06,0.0,0,14850,2661.6074,2.8272,304.0326,0.944,A
15,hotel2/search,1167.82,30.29,1119.06,0.0,0,24408,4374.7148,5.2792,304.0326,1.64,A
15,hotel2/user,14.35,17.14,1119.06,0.0,0,5133,920.0021,1.4347,304.0326,0.0157,A
15,sa1/customer-feedback,48345.7,3623.5,7135.73,0.0,0,436334,78205.3748,218.5512,304.0326,134.0,A
15,sa2/customer-feedback,50732.62,3523.26,7042.56,0.0,0,404655,72527.4582,229.3415,304.0326,126.0,A
15,sa3/customer-feedback,43234.13,3447.37,6978.61,0.0,0,404803,72553.9846,195.4439,304.0326,137.0,A
16,hotel/consul,13.39,32.55,201.79,0.0,0,20512,3069.3262,1.4347,323.4023,0.0081,A
16,hotel/frontend,4347.28,117.17,1119.14,0.0,0,73547,11005.2522,15.0999,323.4023,5.88,A
16,hotel/geo,800.08,24.05,1119.06,0.0,0,37381,5593.5297,2.779,323.4023,1.2,A
16,hotel/jaeger,0.15,14.88,81.01,0.0,0,0,326.4791,1.4347,1.525,0.0,A
16,hotel/memcached-profile,170.09,7.95,79.25,0.0,0,16305,2439.8091,1.4347,323.4023,0.252,A
16,hotel/memcached-rate,104.51,7.47,79.25,0.0,0,16538,2474.6742,1.4347,323.4023,0.155,A
16,hotel/memcached-reserve,145.9,7.18,79.25,0.0,0,8050,1204.5669,1.4347,323.4023,0.211,A
16,hotel/mongodb-geo,6.22,170.8,400.43,0.0,0,955,326.4791,1.4347,1.525,0.0081,A
16,hotel/mongodb-profile,7.81,172.26,400.43,0.0,0,3566,533.6007,1.4347,1.525,0.0163,A
16,hotel/mongodb-rate,7.12,172.0,400.43,0.0195,2,4752,711.0685,1.4347,1.525,0.0,A
16,hotel/mongodb-recommendation,8.35,170.23,400.43,0.0,0,1168,326.4791,1.4347,1.525,0.0163,A
16,hotel/mongodb-reservation,4037.73,294.3,400.43,0.0547,12,2770623,414583.9362,14.0247,323.4023,5.56,A
16,hotel/mongodb-user,8.51,170.84,400.43,0.0195,2,821,326.4791,1.4347,1.525,0.0081,A
16,hotel/profile,1690.24,41.27,1119.06,0.0,0,51057,7639.9467,5.8709,323.4023,2.36,A
16,hotel/rate,1066.38,29.27,1119.14,0.0,0,37493,5610.2889,3.704,323.4023,1.53,A
16,hotel/recommendation,562.23,23.43,1119.06,0.0,0,25596,3830.0738,1.9529,323.4023,0.838,A
16,hotel/reservation,1264.13,137.38,1119.06,0.0,0,41412,6196.711,4.3908,323.4023,1.98,A
16,hotel/search,1838.99,31.27,1119.06,0.0,0,51884,7763.6954,6.3876,323.4023,2.72,A
16,hotel/user,35.09,17.82,1119.06,0.0,0,12717,1902.9164,1.4347,323.4023,0.0488,A
16,hotel2/consul,13.23,29.33,201.79,0.0,0,17425,2607.401,1.4347,323.4023,0.0244,A
16,hotel2/frontend,2678.47,103.76,1119.14,0.0,0,46899,7017.7617,9.3034,323.4023,3.38,A
16,hotel2/geo,563.03,23.87,1119.06,0.0,0,30276,4530.3685,1.9556,323.4023,0.74,A
16,hotel2/jaeger,0.21,14.9,81.01,0.0,0,1046,326.4791,1.4347,1.525,0.0,A
16,hotel2/memcached-profile,93.33,7.96,79.25,0.0,0,15919,2382.0497,1.4347,323.4023,0.122,A
16,hotel2/memcached-rate,72.3,7.45,79.25,0.0,0,15053,2252.4652,1.4347,323.4023,0.0895,A
16,hotel2/memcached-reserve,86.17,7.11,79.25,0.0,0,8637,1292.403,1.4347,323.4023,0.122,A
16,hotel2/mongodb-geo,6.49,165.21,400.43,0.0195,2,1970,326.4791,1.4347,1.525,0.0,A
16,hotel2/mongodb-profile,6.47,164.76,400.43,0.0195,2,3495,522.9765,1.4347,1.525,0.0081,A
16,hotel2/mongodb-rate,9.03,164.37,400.43,0.0234,2,796,326.4791,1.4347,1.525,0.0163,A
16,hotel2/mongodb-recommendation,8.04,163.07,400.43,0.0,0,1823,326.4791,1.4347,1.525,0.0081,A
16,hotel2/mongodb-reservation,3990.7,284.92,400.43,0.0234,12,2854138,427080.7564,13.8613,323.4023,5.84,A
16,hotel2/mongodb-user,7.01,163.69,400.43,0.0234,2,2643,395.487,1.4347,1.525,0.0163,A
16,hotel2/profile,1015.1,41.16,1119.06,0.0,0,34311,5134.1483,3.5259,323.4023,1.41,A
16,hotel2/rate,656.79,27.79,1119.14,0.0,0,29200,4369.3606,2.2813,323.4023,0.96,A
16,hotel2/recommendation,378.01,20.68,1119.06,0.0,0,21854,3270.1372,1.4347,323.4023,0.504,A
16,hotel2/reservation,724.27,135.11,1119.06,0.0,0,29827,4463.1821,2.5157,323.4023,0.968,A
16,hotel2/search,1287.37,28.99,1119.06,0.0,0,45231,6768.1695,4.4716,323.4023,1.68,A
16,hotel2/user,14.99,17.16,1119.06,0.0,0,11633,1740.7114,1.4347,323.4023,0.0244,A
16,sa1/customer-feedback,70643.61,3623.27,7135.73,0.0,0,446506,66813.2095,245.3738,323.4023,115.0,A
16,sa2/customer-feedback,51280.14,3524.03,7042.56,0.0,0,1020569,152713.4919,178.1166,323.4023,50.3,A
16,sa3/customer-feedback,59145.07,3448.74,6978.61,0.0,0,1151656,172328.7786,205.4347,323.4023,96.7,A
17,hotel/consul,12.1,32.55,201.79,0.0,0,11741,1815.0365,1.4347,325.8534,0.0153,A
17,hotel/frontend,4497.2,112.66,1119.14,0.0,0,71472,11048.8278,45.5089,325.8534,8.34,A
17,hotel/geo,843.08,23.84,1119.06,0.0,0,33031,5106.249,8.5314,325.8534,1.63,A
17,hotel/jaeger,0.17,14.88,81.01,0.0,0,2148,332.0585,1.4347,1.525,0.0,A
17,hotel/memcached-profile,164.16,7.95,79.25,0.0,0,16878,2609.1632,1.6612,325.8534,0.305,A
17,hotel/memcached-rate,102.75,7.48,79.25,0.0,0,15009,2320.2353,1.4347,325.8534,0.214,A
17,hotel/memcached-reserve,144.93,7.41,79.25,0.0,0,10126,1565.3743,1.4666,325.8534,0.305,A
17,hotel/mongodb-geo,7.74,170.62,400.43,0.0703,16,3141,485.5659,1.4347,1.525,0.0153,A
17,hotel/mongodb-profile,9.35,172.25,400.43,0.0664,14,4467,690.5517,1.4347,1.525,0.0305,A
17,hotel/mongodb-rate,8.08,171.82,400.43,0.0,0,5084,785.9335,1.4347,1.525,0.0153,A
17,hotel/mongodb-recommendation,9.45,170.22,400.43,0.0352,10,2135,330.0488,1.4347,1.525,0.0305,A
17,hotel/mongodb-reservation,3945.2,293.99,400.43,0.0078,4,2749738,425080.8936,39.923,325.8534,8.41,A
17,hotel/mongodb-user,7.75,170.85,400.43,0.0,0,6871,1062.1851,1.4347,1.525,0.0305,A
17,hotel/profile,1651.54,40.06,1119.06,0.0,0,43542,6731.1403,16.7126,325.8534,2.86,A
17,hotel/rate,953.68,29.73,1119.14,0.0,0,40243,6221.1492,9.6506,325.8534,1.8,A
17,hotel/recommendation,575.54,22.77,1119.06,0.0,0,22654,3502.0728,5.8241,325.8534,1.16,A
17,hotel/reservation,1169.63,138.26,1119.06,0.0,0,42309,6540.5313,11.8359,325.8534,2.24,A
17,hotel/search,1764.46,31.43,1119.06,0.0,0,50629,7826.7168,17.8552,325.8534,3.39,A
17,hotel/user,31.5,17.93,1119.06,0.0,0,9105,1407.5383,1.4347,325.8534,0.0611,A
17,hotel2/consul,12.9,29.33,201.79,0.0,0,11384,1759.848,1.4347,325.8534,0.0153,A
17,hotel2/frontend,2559.95,104.78,1119.14,0.0,0,49239,7611.8372,25.9051,325.8534,4.61,A
17,hotel2/geo,608.68,24.96,1119.06,0.0,0,29424,4548.6443,6.1595,325.8534,1.18,A
17,hotel2/jaeger,0.18,14.9,81.01,0.0,0,1831,326.4791,1.4347,1.525,0.0153,A
17,hotel2/memcached-profile,97.22,7.72,79.25,0.0,0,14112,2181.5684,1.4347,325.8534,0.183,A
17,hotel2/memcached-rate,72.85,7.46,79.25,0.0,0,16059,2482.5544,1.4347,325.8534,0.137,A
17,hotel2/memcached-reserve,91.12,7.12,79.25,0.0,0,5808,897.8564,1.4347,325.8534,0.153,A
17,hotel2/mongodb-geo,6.57,165.21,400.43,0.0,0,1166,326.4791,1.4347,1.525,0.0305,A
17,hotel2/mongodb-profile,8.27,164.75,400.43,0.0,0,1910,326.4791,1.4347,1.525,0.0305,A
17,hotel2/mongodb-rate,8.27,164.37,400.43,0.0,0,2220,343.1889,1.4347,1.525,0.0305,A
17,hotel2/mongodb-recommendation,9.25,163.07,400.43,0.0195,2,1988,326.4791,1.4347,1.525,0.0153,A
17,hotel2/mongodb-reservation,4001.05,284.61,400.43,0.1094,20,2996502,463228.0413,40.4881,325.8534,7.91,A
17,hotel2/mongodb-user,6.51,163.69,400.43,0.0,0,1026,326.4791,1.4347,1.525,0.0153,A
17,hotel2/profile,1000.61,40.82,1119.06,0.0,0,46976,7262.001,10.1256,325.8534,1.8,A
17,hotel2/rate,743.95,27.84,1119.14,0.0,0,37127,5739.448,7.5283,325.8534,1.3,A
17,hotel2/recommendation,396.56,22.21,1119.06,0.0,0,22184,3429.4157,4.0129,325.8534,0.718,A
17,hotel2/reservation,771.18,138.25,1119.06,0.0,0,33523,5182.3071,7.8039,325.8534,1.37,A
17,hotel2/search,1323.83,29.48,1119.06,0.0,0,42677,6597.4203,13.3963,325.8534,2.38,A
17,hotel2/user,17.65,17.66,1119.06,0.0,0,11584,1790.7659,1.4347,325.8534,0.0153,A
17,sa1/customer-feedback,67789.6,3624.41,7135.73,0.0,0,454913,70324.818,685.9886,325.8534,178.0,A
17,sa2/customer-feedback,60703.89,3521.72,7042.56,0.0,0,820124,126782.6399,614.2856,325.8534,138.0,A
17,sa3/customer-feedback,52497.95,3448.41,6978.61,0.0,0,940618,145409.759,531.2466,325.8534,59.0,A
18,hotel/consul,12.04,32.55,201.79,0.0,0,12674,1916.6912,1.4347,331.7784,0.0317,A
18,hotel/frontend,4296.63,114.99,1119.14,0.0,0,77807,11766.7659,15.9458,331.7784,10.1,A
18,hotel/geo,808.05,25.73,1119.06,0.0,0,40267,6089.5853,2.9989,331.7784,1.92,A
18,hotel/jaeger,0.2,14.88,81.01,0.0,0,1569,326.4791,1.4347,1.525,0.0,A
18,hotel/memcached-profile,164.83,7.69,79.25,0.0,0,16298,2464.7493,1.4347,331.7784,0.412,A
18,hotel/memcached-rate,103.2,7.47,79.25,0.0,0,17393,2630.3464,1.4347,331.7784,0.238,A
18,hotel/memcached-reserve,148.79,7.41,79.25,0.0,0,8739,1321.6005,1.4347,331.7784,0.349,A
18,hotel/mongodb-geo,6.11,170.8,400.43,0.0,0,1955,326.4791,1.4347,1.525,0.0317,A
18,hotel/mongodb-profile,8.27,172.25,400.43,0.0,0,994,326.4791,1.4347,1.525,0.0476,A
18,hotel/mongodb-rate,9.11,172.0,400.43,0.0195,2,1831,326.4791,1.4347,1.525,0.0317,A
18,hotel/mongodb-recommendation,8.39,170.41,400.43,0.0,0,1197,326.4791,1.4347,1.525,0.0159,A
18,hotel/mongodb-reservation,4003.36,294.06,400.43,0.0508,14,3140434,474928.3695,14.8574,331.7784,8.83,A
18,hotel/mongodb-user,9.11,171.34,400.43,0.0352,10,1334,326.4791,1.4347,1.525,0.0159,A
18,hotel/profile,1565.13,40.12,1119.06,0.0,0,54693,8271.2317,5.8086,331.7784,3.84,A
18,hotel/rate,960.68,31.08,1119.14,0.0,0,43660,6602.7092,3.5653,331.7784,2.01,A
18,hotel/recommendation,590.99,23.21,1119.06,0.0,0,27162,4107.7139,2.1933,331.7784,1.32,A
18,hotel/reservation,1107.04,137.91,1119.06,0.0,0,41438,6266.6758,4.1085,331.7784,2.68,A
18,hotel/search,1876.04,32.68,1119.06,0.0,0,49397,7470.3167,6.9624,331.7784,4.12,A
18,hotel/user,33.58,18.35,1119.06,0.0,0,8116,1227.3841,1.4347,331.7784,0.0634,A
18,hotel2/consul,15.41,29.33,201.79,0.0,0,15825,2393.2174,1.4347,331.7784,0.0317,A
18,hotel2/frontend,2509.67,103.71,1119.14,0.0,0,53472,8086.5797,9.314,331.7784,5.01,A
18,hotel2/geo,596.72,23.88,1119.06,0.0,0,40025,6052.9876,2.2146,331.7784,1.08,A
18,hotel2/jaeger,0.17,14.9,81.01,0.0,0,1087,326.4791,1.4347,1.525,0.0,A
18,hotel2/memcached-profile,98.63,8.43,79.25,0.0,0,17910,2708.5324,1.4347,331.7784,0.19,A
18,hotel2/memcached-rate,75.79,7.45,79.25,0.0,0,27118,4101.0598,1.4347,331.7784,0.143,A
18,hotel2/memcached-reserve,92.53,7.11,79.25,0.0,0,7368,1114.2639,1.4347,331.7784,0.174,A
18,hotel2/mongodb-geo,6.73,165.03,400.43,0.0234,2,4632,700.4982,1.4347,1.525,0.0317,A
18,hotel2/mongodb-profile,9.06,164.76,400.43,0.0234,2,2732,413.1608,1.4347,1.525,0.0317,A
18,hotel2/mongodb-rate,9.02,164.37,400.43,0.0234,2,5572,842.6545,1.4347,1.525,0.0317,A
18,hotel2/mongodb-recommendation,8.17,163.07,400.43,0.0,0,1801,326.4791,1.4347,1.525,0.0317,A
18,hotel2/mongodb-reservation,3996.61,284.07,400.43,0.0117,6,2881392,435753.4037,14.8323,331.7784,8.16,A
18,hotel2/mongodb-user,7.03,163.81,400.43,0.0234,2,674,326.4791,1.4347,1.525,0.0159,A
18,hotel2/profile,1015.93,39.92,1119.06,0.0,0,39448,5965.7278,3.7704,331.7784,1.97,A
18,hotel2/rate,683.83,28.13,1119.14,0.0,0,32535,4920.2736,2.5379,331.7784,1.33,A
18,hotel2/recommendation,393.83,21.12,1119.06,0.0,0,23576,3565.4025,1.4616,331.7784,0.793,A
18,hotel2/reservation,852.46,139.07,1119.06,0.0,0,33751,5104.1695,3.1637,331.7784,1.68,A
18,hotel2/search,1216.35,29.16,1119.06,0.0,0,48097,7273.7175,4.5142,331.7784,2.31,A
18,hotel2/user,21.31,17.17,1119.06,0.0,0,10938,1654.1556,1.4347,331.7784,0.0634,A
18,sa1/customer-feedback,55503.77,3623.42,7135.73,0.0,0,941062,142316.9668,205.9873,331.7784,112.0,A
18,sa2/customer-feedback,63695.23,3521.47,7042.56,0.0,0,824329,124663.4153,236.3877,331.7784,139.0,A
18,sa3/customer-feedback,57758.79,3446.29,6978.61,0.0,0,829816,125493.2152,214.3562,331.7784,118.0,A
19,hotel/consul,13.51,32.55,201.79,0.0,0,12553,2086.0666,1.4347,346.9792,0.0292,A
19,hotel/frontend,4443.18,112.56,1119.14,0.0,0,75376,12526.0381,19.1668,346.9792,7.67,A
19,hotel/geo,812.8,23.49,1119.06,0.0,0,29965,4979.6053,3.5062,346.9792,1.6,A
19,hotel/jaeger,0.15,14.88,81.01,0.0,0,0,326.4791,1.4347,1.525,0.0,A
19,hotel/memcached-profile,168.41,8.43,79.25,0.0,0,12463,2071.1103,1.4347,346.9792,0.306,A
19,hotel/memcached-rate,104.42,7.48,79.25,0.0,0,15088,2507.3347,1.4347,346.9792,0.19,A
19,hotel/memcached-reserve,152.56,7.16,79.25,0.0,0,10163,1688.8947,1.4347,346.9792,0.292,A
19,hotel/mongodb-geo,9.28,170.61,400.43,0.0195,2,1085,326.4791,1.4347,1.525,0.0292,A
19,hotel/mongodb-profile,8.55,172.26,400.43,0.0195,2,2713,450.8483,1.4347,1.525,0.0146,A
19,hotel/mongodb-rate,9.14,171.81,400.43,0.0508,12,1147,326.4791,1.4347,1.525,0.0438,A
19,hotel/mongodb-recommendation,8.77,170.47,400.43,0.0195,2,6166,1024.6703,1.4347,1.525,0.0438,A
19,hotel/mongodb-reservation,4024.85,294.19,400.43,0.0117,6,2831628,470561.9854,17.3622,346.9792,7.43,A
19,hotel/mongodb-user,8.72,170.84,400.43,0.0,0,1832,326.4791,1.4347,1.525,0.0438,A
19,hotel/profile,1706.81,42.41,1119.06,0.0,0,45041,7484.9459,7.3628,346.9792,2.85,A
19,hotel/rate,991.09,32.66,1119.14,0.0,0,39389,6545.6925,4.2753,346.9792,1.79,A
19,hotel/recommendation,560.69,22.84,1119.06,0.0,0,25013,4156.6784,2.4187,346.9792,1.05,A
19,hotel/reservation,1113.88,137.54,1119.06,0.0,0,39793,6612.8295,4.805,346.9792,2.06,A
19,hotel/search,1867.85,30.34,1119.06,0.0,0,55321,9193.2837,8.0575,346.9792,3.85,A
19,hotel/user,32.68,18.1,1119.06,0.0,0,8935,1484.8248,1.4347,346.9792,0.0584,A
19,hotel2/consul,12.83,29.33,201.79,0.0,0,10700,1778.1337,1.4347,346.9792,0.0292,A
19,hotel2/frontend,3005.02,101.36,1119.14,0.0,0,54083,8987.552,12.9629,346.9792,4.73,A
19,hotel2/geo,641.33,24.07,1119.06,0.0,0,27409,4554.8474,2.7665,346.9792,1.05,A
19,hotel2/jaeger,0.21,14.9,81.01,0.0,0,4025,668.8774,1.4347,1.525,0.0,A
19,hotel2/memcached-profile,116.62,8.21,79.25,0.0,0,14281,2373.2269,1.4347,346.9792,0.175,A
19,hotel2/memcached-rate,81.96,7.46,79.25,0.0,0,13235,2199.4019,1.4347,346.9792,0.146,A
19,hotel2/memcached-reserve,114.1,7.13,79.25,0.0,0,6945,1154.1251,1.4347,346.9792,0.175,A
19,hotel2/mongodb-geo,7.42,165.03,400.43,0.0,0,3419,568.1719,1.4347,1.525,0.0146,A
19,hotel2/mongodb-profile,8.33,164.76,400.43,0.0,0,4152,689.9824,1.4347,1.525,0.0146,A
19,hotel2/mongodb-rate,8.54,164.37,400.43,0.0,0,4595,763.6004,1.4347,1.525,0.0146,A
19,hotel2/mongodb-recommendation,9.45,163.07,400.43,0.0234,2,3539,588.1136,1.4347,1.525,0.0146,A
19,hotel2/mongodb-reservation,3998.42,284.01,400.43,0.0391,8,2740393,455400.4872,17.2482,346.9792,7.57,A
19,hotel2/mongodb-user,8.81,163.69,400.43,0.0,0,1694,326.4791,1.4347,1.525,0.0146,A
19,hotel2/profile,1380.7,41.17,1119.06,0.0,0,36442,6055.9579,5.956,346.9792,2.39,A
19,hotel2/rate,721.35,27.73,1119.14,0.0,0,35149,5841.0862,3.1117,346.9792,1.2,A
19,hotel2/recommendation,451.9,21.97,1119.06,0.0,0,19483,3237.699,1.9494,346.9792,0.671,A
19,hotel2/reservation,921.08,136.41,1119.06,0.0,0,34938,5806.0221,3.9733,346.9792,1.37,A
19,hotel2/search,1438.97,30.75,1119.06,0.0,0,40508,6731.6487,6.2074,346.9792,2.32,A
19,hotel2/user,29.5,17.74,1119.06,0.0,0,8719,1448.9297,1.4347,346.9792,0.0,A
19,sa1/customer-feedback,61833.82,3624.52,7135.73,0.0,0,747359,124196.6582,266.7364,346.9792,132.0,A
19,sa2/customer-feedback,52844.06,3521.05,7042.56,0.0,0,511321,84971.6929,227.9567,346.9792,129.0,A
19,sa3/customer-feedback,50106.19,3447.0,6978.61,0.0,0,627281,104242.0095,216.1462,346.9792,67.5,A
20,hotel/consul,12.22,32.55,201.79,0.0,0,16574,2782.3153,1.4347,272.3119,0.0327,A
20,hotel/frontend,4304.78,114.01,1119.14,0.0,0,73036,12260.7204,14.8004,272.3119,9.69,A
20,hotel/geo,777.95,23.53,1119.06,0.0,0,32732,5494.7957,2.6747,272.3119,1.59,A
20,hotel/jaeger,0.22,14.88,81.01,0.0,0,1123,326.4791,1.4347,1.525,0.0,A
20,hotel/memcached-profile,160.57,7.68,79.25,0.0,0,15219,2554.8483,1.4347,272.3119,0.343,A
20,hotel/memcached-rate,97.82,7.49,79.25,0.0,0,15034,2523.792,1.4347,272.3119,0.196,A
20,hotel/memcached-reserve,140.54,7.43,79.25,0.0,0,7244,1216.0668,1.4347,272.3119,0.278,A
20,hotel/mongodb-geo,9.13,170.62,400.43,0.0,0,5671,952.0037,1.4347,1.525,0.0163,A
20,hotel/mongodb-profile,9.44,172.25,400.43,0.0,0,502,326.4791,1.4347,1.525,0.0327,A
20,hotel/mongodb-rate,10.44,172.0,400.43,0.0234,2,4425,742.8349,1.4347,272.3119,0.0163,A
20,hotel/mongodb-recommendation,9.39,170.23,400.43,0.0,0,1725,326.4791,1.4347,1.525,0.0163,A
20,hotel/mongodb-reservation,4057.16,294.5,400.43,0.0391,8,2342352,393215.9878,13.9491,272.3119,8.48,A
20,hotel/mongodb-user,10.13,170.84,400.43,0.0195,2,1507,326.4791,1.4347,272.3119,0.0327,A
20,hotel/profile,1618.15,42.29,1119.06,0.0,0,36624,6148.1546,5.5634,272.3119,3.17,A
20,hotel/rate,933.76,31.68,1119.14,0.0,0,31022,5207.7341,3.2104,272.3119,1.91,A
20,hotel/recommendation,523.23,23.23,1119.06,0.0,0,20185,3388.5021,1.7989,272.3119,1.06,A
20,hotel/reservation,1118.19,138.98,1119.06,0.0,0,31325,5258.5994,3.8445,272.3119,2.6,A
20,hotel/search,1646.55,32.41,1119.06,0.0,0,33996,5706.9863,5.6611,272.3119,3.37,A
20,hotel/user,29.58,18.11,1119.06,0.0,0,13621,2286.5884,1.4347,272.3119,0.049,A
20,hotel2/consul,13.45,29.33,201.79,0.0,0,18602,3122.7603,1.4347,272.3119,0.0327,A
20,hotel2/frontend,3048.6,99.36,1119.14,0.0,0,54277,9111.6041,10.4815,272.3119,7.42,A
20,hotel2/geo,636.7,23.76,1119.06,0.0,0,24735,4152.321,2.1891,272.3119,1.52,A
20,hotel2/jaeger,0.26,14.9,81.01,0.0,0,0,326.4791,1.4347,1.525,0.0,A
20,hotel2/memcached-profile,120.76,7.71,79.25,0.0,0,15153,2543.7688,1.4347,272.3119,0.278,A
20,hotel2/memcached-rate,82.26,7.46,79.25,0.0,0,14211,2385.6331,1.4347,272.3119,0.18,A
20,hotel2/memcached-reserve,103.97,7.12,79.25,0.0,0,9773,1640.6159,1.4347,272.3119,0.245,A
20,hotel2/mongodb-geo,10.41,165.03,400.43,0.0234,2,962,326.4791,1.4347,272.3119,0.0327,A
20,hotel2/mongodb-profile,10.35,164.76,400.43,0.0391,4,1640,326.4791,1.4347,272.3119,0.0163,A
20,hotel2/mongodb-rate,10.2,164.56,400.43,0.0352,4,2929,491.6979,1.4347,272.3119,0.0327,A
20,hotel2/mongodb-recommendation,9.16,163.07,400.43,0.0,0,1529,326.4791,1.4347,1.525,0.0327,A
20,hotel2/mongodb-reservation,4000.72,283.86,400.43,0.0156,8,2751163,461844.0254,13.755,272.3119,8.52,A
20,hotel2/mongodb-user,9.61,163.69,400.43,0.0234,2,4238,711.4428,1.4347,1.525,0.0327,A
20,hotel2/profile,1205.5,39.62,1119.06,0.0,0,29860,5012.6665,4.1447,272.3119,2.84,A
20,hotel2/rate,790.05,27.99,1119.14,0.0,0,24528,4117.5715,2.7163,272.3119,2.08,A
20,hotel2/recommendation,429.57,21.2,1119.06,0.0,0,18561,3115.8775,1.4769,272.3119,0.981,A
20,hotel2/reservation,833.38,135.95,1119.06,0.0,0,24484,4110.1851,2.8653,272.3119,1.86,A
20,hotel2/search,1385.69,31.43,1119.06,0.0,0,38831,6518.6488,4.7642,272.3119,3.3,A
20,hotel2/user,23.65,17.95,1119.06,0.0,0,10207,1713.4724,1.4347,272.3119,0.049,A
20,sa1/customer-feedback,46175.06,3623.6,7135.73,3.9492,40,904175,151785.9253,158.756,272.3119,107.0,A
20,sa2/customer-feedback,61971.5,3521.74,7042.56,3.7656,38,433549,72780.8623,213.0662,272.3119,152.0,A
20,sa3/customer-feedback,59442.93,3448.0,6978.61,3.6602,36,678082,113831.1763,204.3727,272.3119,117.0,A
21,hotel/consul,15.22,32.55,201.79,0.0,0,9966,1817.4897,1.4347,294.1154,0.0137,A
21,hotel/frontend,4986.3,113.05,1119.14,0.0,0,98062,17883.4714,28.3505,294.1154,6.08,A
21,hotel/geo,848.64,25.06,1119.06,0.0,0,16370,2985.381,4.8251,294.1154,1.39,A
21,hotel/jaeger,1.87,14.88,81.01,0.0,0,1532,326.4791,1.4347,1.525,0.0,A
21,hotel/memcached-profile,175.28,7.7,79.25,0.0,0,8886,1620.5312,1.4347,294.1154,0.261,A
21,hotel/memcached-rate,102.84,7.48,79.25,0.0,0,8558,1560.7141,1.4347,294.1154,0.165,A
21,hotel/memcached-reserve,149.14,7.19,79.25,0.0,0,4894,892.514,1.4347,294.1154,0.22,A
21,hotel/mongodb-geo,10.42,170.61,400.43,0.0312,4,1057,326.4791,1.4347,294.1154,0.0275,A
21,hotel/mongodb-profile,10.05,172.26,400.43,0.0195,2,986,326.4791,1.4347,294.1154,0.0137,A
21,hotel/mongodb-rate,9.27,171.82,400.43,0.0,0,464,326.4791,1.4347,1.525,0.0275,A
21,hotel/mongodb-recommendation,10.89,170.22,400.43,0.0195,2,1779,326.4791,1.4347,294.1154,0.0275,A
21,hotel/mongodb-reservation,3919.86,294.3,400.43,0.0117,6,2472286,450868.3896,22.2871,294.1154,7.09,A
21,hotel/mongodb-user,9.65,171.03,400.43,0.0,0,651,326.4791,1.4347,1.525,0.0275,A
21,hotel/profile,2050.5,46.34,1119.06,0.0,0,48602,8863.4994,11.6585,294.1154,2.87,A
21,hotel/rate,1051.33,33.23,1119.14,0.0,0,17327,3159.9081,5.9775,294.1154,1.65,A
21,hotel/recommendation,571.33,24.45,1119.06,0.0,0,12952,2362.0436,3.2484,294.1154,0.811,A
21,hotel/reservation,1303.68,137.71,1119.06,0.0,0,37187,6781.757,7.4123,294.1154,1.91,A
21,hotel/search,2096.28,34.69,1119.06,0.0,0,32077,5849.8512,11.9188,294.1154,2.69,A
21,hotel/user,36.65,19.08,1119.06,0.0,0,11651,2124.7815,1.4347,294.1154,0.0412,A
21,hotel2/consul,14.7,29.33,201.79,0.0,0,10990,2004.2356,1.4347,294.1154,0.0137,A
21,hotel2/frontend,4265.59,101.34,1119.14,0.0,0,52399,9555.9546,24.2528,294.1154,4.7,A
21,hotel2/geo,771.25,23.81,1119.06,0.0,0,19211,3503.4914,4.3851,294.1154,1.1,A
21,hotel2/jaeger,0.25,14.9,81.01,0.0,0,0,326.4791,1.4347,1.525,0.0,A
21,hotel2/memcached-profile,144.41,7.7,79.25,0.0,0,8337,1520.4106,1.4347,294.1154,0.192,A
21,hotel2/memcached-rate,103.16,7.45,79.25,0.0,0,9270,1690.5609,1.4347,294.1154,0.137,A
21,hotel2/memcached-reserve,121.62,7.12,79.25,0.0,0,4089,745.7069,1.4347,294.1154,0.179,A
21,hotel2/mongodb-geo,10.35,165.03,400.43,0.0,0,5435,991.1757,1.4347,294.1154,0.0412,A
21,hotel2/mongodb-profile,9.67,164.76,400.43,0.0,0,1443,326.4791,1.4347,1.525,0.0275,A
21,hotel2/mongodb-rate,10.52,164.37,400.43,0.0,0,443,326.4791,1.4347,294.1154,0.0275,A
21,hotel2/mongodb-recommendation,10.28,163.07,400.43,0.0234,2,1180,326.4791,1.4347,294.1154,0.0275,A
21,hotel2/mongodb-reservation,4012.55,284.3,400.43,0.043,8,2450964,446979.9173,22.8141,294.1154,7.08,A
21,hotel2/mongodb-user,9.65,163.69,400.43,0.0,0,410,326.4791,1.4347,1.525,0.0137,A
21,hotel2/profile,1671.09,44.77,1119.06,0.0,0,25240,4602.9942,9.5013,294.1154,1.86,A
21,hotel2/rate,952.63,30.18,1119.14,0.0,0,22288,4064.6408,5.4163,294.1154,1.28,A
21,hotel2/recommendation,516.87,21.79,1119.06,0.0,0,13312,2427.6965,2.9388,294.1154,0.756,A
21,hotel2/reservation,1137.02,135.7,1119.06,0.0,0,19743,3600.5117,6.4647,294.1154,1.32,A
21,hotel2/search,1904.4,33.69,1119.06,0.0,0,23735,4328.5288,10.8278,294.1154,2.19,A
21,hotel2/user,21.55,17.96,1119.06,0.0,0,5542,1010.6891,1.4347,294.1154,0.0412,A
21,sa1/customer-feedback,47986.54,3626.43,7135.73,0.0,0,581328,106016.2211,272.836,294.1154,101.0,A
21,sa2/customer-feedback,50225.93,3523.24,7042.56,0.0,0,402926,73481.2221,285.5684,294.1154,120.0,A
21,sa3/customer-feedback,45126.46,3450.21,6978.61,0.0,0,349715,63777.1839,256.5745,294.1154,114.0,A
22,hotel/consul,14.16,32.55,201.79,0.0,0,15765,2694.379,1.4347,285.5974,0.0444,A
22,hotel/frontend,4669.5,113.77,1119.14,0.0,0,99584,17019.793,18.621,285.5974,13.5,A
22,hotel/geo,748.07,24.56,1119.06,0.0,0,18304,3128.3167,2.9832,285.5974,1.79,A
22,hotel/jaeger,0.28,14.88,81.01,0.0,0,2008,343.1851,1.4347,1.525,0.0,A
22,hotel/memcached-profile,165.41,7.95,79.25,0.0,0,13934,2381.4448,1.4347,285.5974,0.4,A
22,hotel/memcached-rate,100.39,7.48,79.25,0.0,0,13931,2380.932,1.4347,285.5974,0.252,A
22,hotel/memcached-reserve,145.28,7.45,79.25,0.0,0,5198,888.3845,1.4347,285.5974,0.34,A
22,hotel/mongodb-geo,8.32,170.61,400.43,0.0,0,334,326.4791,1.4347,1.525,0.0444,A
22,hotel/mongodb-profile,8.3,172.25,400.43,0.0,0,3500,598.1812,1.4347,1.525,0.0296,A
22,hotel/mongodb-rate,9.53,171.82,400.43,0.0234,2,452,326.4791,1.4347,1.525,0.0296,A
22,hotel/mongodb-recommendation,8.94,170.23,400.43,0.0,0,1206,326.4791,1.4347,1.525,0.0296,A
22,hotel/mongodb-reservation,4078.15,294.41,400.43,0.0859,24,2376267,406125.2064,16.2628,285.5974,7.71,A
22,hotel/mongodb-user,8.96,170.84,400.43,0.0195,2,4999,854.3736,1.4347,1.525,0.0296,A
22,hotel/profile,1755.91,39.21,1119.06,0.0,0,25653,4384.3263,7.0022,285.5974,5.14,A
22,hotel/rate,978.9,30.42,1119.14,0.0,0,24010,4103.523,3.9037,285.5974,2.6,A
22,hotel/recommendation,548.99,25.39,1119.06,0.0,0,15740,2690.1063,2.1893,285.5974,1.2,A
22,hotel/reservation,1272.87,138.54,1119.06,0.0,0,40975,7002.9926,5.076,285.5974,2.84,A
22,hotel/search,1826.44,31.76,1119.06,0.0,0,31145,5322.958,7.2835,285.5974,4.48,A
22,hotel/user,28.85,18.66,1119.06,0.0,0,9576,1636.6237,1.4347,285.5974,0.0592,A
22,hotel2/consul,13.14,29.97,201.79,0.0,0,9663,1651.4928,1.4347,285.5974,0.0296,A
22,hotel2/frontend,2800.3,98.9,1119.14,0.0,0,70121,11984.3038,11.167,285.5974,6.11,A
22,hotel2/geo,555.05,22.82,1119.06,0.0,0,17346,2964.586,2.2134,285.5974,1.12,A
22,hotel2/jaeger,0.25,14.9,81.01,0.0,0,0,326.4791,1.4347,1.525,0.0,A
22,hotel2/memcached-profile,105.06,8.2,79.25,0.0,0,12301,2102.3505,1.4347,285.5974,0.237,A
22,hotel2/memcached-rate,74.12,7.7,79.25,0.0,0,16619,2840.3352,1.4347,285.5974,0.148,A
22,hotel2/memcached-reserve,80.51,7.11,79.25,0.0,0,6116,1045.2789,1.4347,285.5974,0.163,A
22,hotel2/mongodb-geo,10.14,165.03,400.43,0.0234,2,836,326.4791,1.4347,285.5974,0.0444,A
22,hotel2/mongodb-profile,9.08,164.76,400.43,0.0234,2,3995,682.7811,1.4347,1.525,0.0296,A
22,hotel2/mongodb-rate,10.03,164.37,400.43,0.0234,2,1475,326.4791,1.4347,285.5974,0.0296,A
22,hotel2/mongodb-recommendation,9.24,163.07,400.43,0.0,0,1154,326.4791,1.4347,1.525,0.0296,A
22,hotel2/mongodb-reservation,3987.8,284.49,400.43,0.0195,10,2744203,469008.7477,15.9025,285.5974,7.67,A
22,hotel2/mongodb-user,9.7,163.88,400.43,0.0234,2,3587,613.0503,1.4347,1.525,0.0296,A
22,hotel2/profile,1143.27,40.45,1119.06,0.0,0,20973,3584.4726,4.5591,285.5974,2.18,A
22,hotel2/rate,714.65,26.7,1119.14,0.0,0,17580,3004.5787,2.8499,285.5974,1.35,A
22,hotel2/recommendation,359.86,20.76,1119.06,0.0,0,13686,2339.0594,1.435,285.5974,0.651,A
22,hotel2/reservation,758.69,133.0,1119.06,0.0,0,36785,6286.8843,3.0255,285.5974,1.84,A
22,hotel2/search,1331.1,29.8,1119.06,0.0,0,26465,4523.1043,5.3082,285.5974,2.86,A
22,hotel2/user,15.52,17.97,1119.06,0.0,0,4618,789.2574,1.4347,285.5974,0.0296,A
22,sa1/customer-feedback,53303.38,3627.0,7135.73,0.0,0,427398,73046.127,212.5632,285.5974,48.6,A
22,sa2/customer-feedback,50433.8,3524.46,7042.56,0.0,0,438569,74955.3504,201.1199,285.5974,70.3,A
22,sa3/customer-feedback,43314.83,3450.89,6978.61,0.0,0,544247,93016.6624,172.7309,285.5974,57.2,A
23,hotel/consul,19.11,32.55,201.79,0.0,0,3442,645.5983,1.4347,278.8046,0.0644,A
23,hotel/frontend,7425.11,114.74,1119.14,0.0,0,143852,26981.5808,74.0935,278.8046,20.2,A
23,hotel/geo,1099.87,24.96,1119.06,0.0,0,6635,1244.4929,10.9754,278.8046,2.98,A
23,hotel/jaeger,0.27,14.88,81.01,0.0,0,0,326.4791,1.4347,1.525,0.0,A
23,hotel/memcached-profile,228.51,7.69,79.25,0.0,0,3572,669.9817,2.2803,278.8046,0.622,A
23,hotel/memcached-rate,129.2,7.5,79.25,0.0,0,3133,587.6407,1.4347,278.8046,0.343,A
23,hotel/memcached-reserve,179.14,7.43,79.25,0.0,0,3750,703.3682,1.7876,278.8046,0.429,A
23,hotel/mongodb-geo,11.29,170.61,400.43,0.0195,2,115,326.4791,1.4347,278.8046,0.0215,A
23,hotel/mongodb-profile,11.24,172.25,400.43,0.0195,2,3763,705.8066,1.4347,278.8046,0.0644,A
23,hotel/mongodb-rate,10.63,171.82,400.43,0.0,0,173,326.4791,1.4347,278.8046,0.0429,A
23,hotel/mongodb-recommendation,11.76,170.22,400.43,0.0195,2,1664,326.4791,1.4347,278.8046,0.0429,A
23,hotel/mongodb-reservation,3995.68,294.45,400.43,0.0117,6,2343242,439509.8665,39.872,278.8046,11.2,A
23,hotel/mongodb-user,10.61,170.84,400.43,0.0,0,600,326.4791,1.4347,278.8046,0.0429,A
23,hotel/profile,2592.96,39.94,1119.06,0.0,0,15814,2966.1508,25.8746,278.8046,6.18,A
23,hotel/rate,1537.6,33.3,1119.14,0.0,0,7069,1325.896,15.3434,278.8046,4.14,A
23,hotel/recommendation,691.91,23.0,1119.06,0.0,0,5707,1070.4327,6.9044,278.8046,2.04,A
23,hotel/reservation,1566.5,137.8,1119.06,0.0,0,20613,3866.2745,15.6318,278.8046,4.38,A
23,hotel/search,2773.89,34.75,1119.06,0.0,0,15262,2862.615,27.68,278.8046,7.19,A
23,hotel/user,35.01,19.18,1119.06,0.0,0,3457,648.4117,1.4347,278.8046,0.0858,A
23,hotel2/consul,18.19,29.97,201.79,0.0,0,5056,948.328,1.4347,278.8046,0.0644,A
23,hotel2/frontend,4347.14,98.73,1119.14,0.0,0,46274,8679.3765,43.3791,278.8046,14.6,A
23,hotel2/geo,696.62,23.57,1119.06,0.0,0,7369,1382.1655,6.9514,278.8046,2.21,A
23,hotel2/jaeger,0.29,14.9,81.01,0.0,0,0,326.4791,1.4347,1.525,0.0,A
23,hotel2/memcached-profile,145.46,7.71,79.25,0.0,0,7980,1496.7676,1.4515,278.8046,0.45,A
23,hotel2/memcached-rate,102.56,7.71,79.25,0.0,0,5382,1009.4741,1.4347,278.8046,0.343,A
23,hotel2/memcached-reserve,105.82,7.36,79.25,0.0,0,1275,326.4791,1.4347,278.8046,0.343,A
23,hotel2/mongodb-geo,11.62,165.03,400.43,0.0,0,1438,326.4791,1.4347,278.8046,0.0429,A
23,hotel2/mongodb-profile,11.38,164.76,400.43,0.0547,14,315,326.4791,1.4347,278.8046,0.0429,A
23,hotel2/mongodb-rate,11.26,164.37,400.43,0.0,0,156,326.4791,1.4347,278.8046,0.0644,A
23,hotel2/mongodb-recommendation,12.17,163.07,400.43,0.0234,2,3485,653.6636,1.4347,278.8046,0.0429,A
23,hotel2/mongodb-reservation,4001.96,284.91,400.43,0.0469,10,2380011,446406.439,39.9347,278.8046,11.2,A
23,hotel2/mongodb-user,10.74,163.69,400.43,0.0,0,362,326.4791,1.4347,278.8046,0.0215,A
23,hotel2/profile,1670.37,41.71,1119.06,0.0,0,16424,3080.5653,16.6683,278.8046,5.66,A
23,hotel2/rate,890.06,28.51,1119.14,0.0,0,7811,1465.0692,8.8817,278.8046,2.55,A
23,hotel2/recommendation,468.23,21.23,1119.06,0.0,0,6875,1289.5084,4.6724,278.8046,1.37,A
23,hotel2/reservation,997.4,133.2,1119.06,0.0,0,7413,1390.4183,9.9528,278.8046,2.98,A
23,hotel2/search,1839.72,28.61,1119.06,0.0,0,12375,2321.1152,18.3582,278.8046,6.29,A
23,hotel2/user,28.49,17.78,1119.06,0.0,0,3225,604.8967,1.4347,278.8046,0.15,A
23,sa1/customer-feedback,28590.26,3627.43,7135.73,0.0,0,25167,4720.4449,285.2959,278.8046,70.6,A
23,sa2/customer-feedback,21695.76,3525.48,7042.56,0.0,0,32687,6130.9327,216.4972,278.8046,69.4,A
23,sa3/customer-feedback,31086.0,3453.18,6978.61,0.0,0,52436,9835.1512,310.2003,278.8046,75.7,A
24,hotel/consul,18.07,32.55,201.79,0.0,0,9949,1836.5433,1.4347,290.6388,0.0288,A
24,hotel/frontend,6826.2,112.01,1119.14,0.0,0,78937,14571.4362,49.8272,290.6388,13.3,A
24,hotel/geo,1071.8,28.04,1119.06,0.0,0,13964,2577.6953,7.8235,290.6388,2.1,A
24,hotel/jaeger,0.28,14.88,81.01,0.0,0,0,326.4791,1.4347,1.525,0.0,A
24,hotel/memcached-profile,220.82,7.68,79.25,0.0,0,7817,1442.9851,1.6119,290.6388,0.418,A
24,hotel/memcached-rate,129.77,7.47,79.25,0.0,0,9219,1701.7884,1.4347,290.6388,0.245,A
24,hotel/memcached-reserve,178.36,7.16,79.25,0.0,0,2734,504.6848,1.4347,290.6388,0.36,A
24,hotel/mongodb-geo,9.54,170.61,400.43,0.0,0,464,326.4791,1.4347,1.525,0.0144,A
24,hotel/mongodb-profile,9.56,172.25,400.43,0.0,0,212,326.4791,1.4347,1.525,0.0144,A
24,hotel/mongodb-rate,11.42,171.82,400.43,0.0234,2,188,326.4791,1.4347,290.6388,0.0288,A
24,hotel/mongodb-recommendation,10.58,170.22,400.43,0.0,0,713,326.4791,1.4347,290.6388,0.0288,A
24,hotel/mongodb-reservation,4011.6,293.74,400.43,0.0469,8,2332617,430591.2293,29.2823,290.6388,7.72,A
24,hotel/mongodb-user,10.28,170.84,400.43,0.0273,4,326,326.4791,1.4347,290.6388,0.0432,A
24,hotel/profile,2534.66,42.21,1119.06,0.0,0,18889,3486.8295,18.5015,290.6388,4.54,A
24,hotel/rate,1510.84,32.7,1119.14,0.0,0,11523,2127.097,11.0282,290.6388,3.02,A
24,hotel/recommendation,732.94,22.25,1119.06,0.0,0,9725,1795.1939,5.35,290.6388,1.3,A
24,hotel/reservation,1752.6,140.21,1119.06,0.0,0,22443,4142.8828,12.7929,290.6388,3.17,A
24,hotel/search,3006.51,35.03,1119.06,0.0,0,21292,3930.4131,21.9457,290.6388,5.24,A
24,hotel/user,37.92,18.6,1119.06,0.0,0,2328,429.739,1.4347,290.6388,0.0576,A
24,hotel2/consul,18.2,29.98,201.79,0.0,0,8808,1625.9195,1.4347,290.6388,0.0288,A
24,hotel2/frontend,4529.05,101.83,1119.14,0.0,0,90359,16679.8891,33.0593,290.6388,6.97,A
24,hotel2/geo,737.4,24.32,1119.06,0.0,0,11242,2075.2256,5.3826,290.6388,1.19,A
24,hotel2/jaeger,0.29,14.9,81.01,0.0,0,0,326.4791,1.4347,1.525,0.0,A
24,hotel2/memcached-profile,138.8,7.7,79.25,0.0,0,8147,1503.9017,1.4347,290.6388,0.23,A
24,hotel2/memcached-rate,99.08,7.45,79.25,0.0,0,9352,1726.3396,1.4347,290.6388,0.158,A
24,hotel2/memcached-reserve,102.48,7.11,79.25,0.0,0,2595,479.026,1.4347,290.6388,0.187,A
24,hotel2/mongodb-geo,11.83,165.03,400.43,0.082,16,2657,490.471,1.4347,290.6388,0.0288,A
24,hotel2/mongodb-profile,10.78,164.76,400.43,0.0234,2,715,326.4791,1.4347,290.6388,0.0288,A
24,hotel2/mongodb-rate,12.04,164.37,400.43,0.0703,12,405,326.4791,1.4347,290.6388,0.0144,A
24,hotel2/mongodb-recommendation,10.97,163.07,400.43,0.0508,12,298,326.4791,1.4347,290.6388,0.0288,A
24,hotel2/mongodb-reservation,4030.53,284.96,400.43,0.0156,8,2308892,426211.6947,29.4204,290.6388,7.52,A
24,hotel2/mongodb-user,11.7,163.69,400.43,0.0742,14,1285,326.4791,1.4347,290.6388,0.0432,A
24,hotel2/profile,1607.6,41.92,1119.06,0.0,0,10563,1949.8851,11.7345,290.6388,3.18,A
24,hotel2/rate,921.93,29.34,1119.14,0.0,0,7596,1402.1895,6.7295,290.6388,1.48,A
24,hotel2/recommendation,485.65,21.55,1119.06,0.0,0,6190,1142.6478,3.545,290.6388,0.878,A
24,hotel2/reservation,969.68,134.86,1119.06,0.0,0,13235,2443.125,7.0781,290.6388,1.45,A
24,hotel2/search,1792.48,32.69,1119.06,0.0,0,14603,2695.652,13.084,290.6388,3.1,A
24,hotel2/user,18.18,18.03,1119.06,0.0,0,8037,1483.5962,1.4347,290.6388,0.0288,A
24,sa1/customer-feedback,31590.13,3626.13,7135.73,0.0,0,62540,11544.6194,230.5889,290.6388,54.5,A
24,sa2/customer-feedback,35497.56,3525.4,7042.56,0.0,0,66487,12273.2189,259.1108,290.6388,48.3,A
24,sa3/customer-feedback,32401.6,3452.52,6978.61,0.0,0,76328,14089.8259,236.5122,290.6388,66.9,A
25,hotel/consul,18.03,32.55,201.79,0.0,0,6775,1187.7424,1.4347,319.4735,0.0263,A
25,hotel/frontend,6116.25,111.29,1119.14,0.0,0,141608,24825.6574,48.7901,319.4735,12.3,A
25,hotel/geo,968.65,24.21,1119.06,0.0,0,8453,1481.9169,7.727,319.4735,1.59,A
25,hotel/jaeger,0.27,14.88,81.01,0.0,0,0,326.4791,1.4347,1.525,0.0,A
25,hotel/memcached-profile,173.69,7.68,79.25,0.0,0,9416,1650.7428,1.4347,319.4735,0.315,A
25,hotel/memcached-rate,111.25,7.72,79.25,0.0,0,6074,1064.8483,1.4347,319.4735,0.21,A
25,hotel/memcached-reserve,148.13,7.15,79.25,0.0,0,4335,759.9798,1.4347,319.4735,0.263,A
25,hotel/mongodb-geo,10.52,170.62,400.43,0.0195,2,120,326.4791,1.4347,319.4735,0.0263,A
25,hotel/mongodb-profile,10.53,172.25,400.43,0.0195,2,801,326.4791,1.4347,319.4735,0.0394,A
25,hotel/mongodb-rate,9.63,171.82,400.43,0.0,0,205,326.4791,1.4347,1.525,0.0131,A
25,hotel/mongodb-recommendation,9.71,170.22,400.43,0.0195,2,134,326.4791,1.4347,1.525,0.0263,A
25,hotel/mongodb-reservation,4000.08,293.92,400.43,0.0156,8,2340104,410249.5641,31.9091,319.4735,6.82,A
25,hotel/mongodb-user,9.72,170.84,400.43,0.0,0,180,326.4791,1.4347,1.525,0.0263,A
25,hotel/profile,2389.29,41.27,1119.06,0.0,0,16941,2969.9697,19.0597,319.4735,4.53,A
25,hotel/rate,1252.49,29.52,1119.14,0.0,0,11477,2012.062,9.9913,319.4735,2.39,A
25,hotel/recommendation,631.29,23.43,1119.06,0.0,0,8155,1429.6737,5.0359,319.4735,1.14,A
25,hotel/reservation,1321.02,136.59,1119.06,0.0,0,66457,11650.7451,10.5379,319.4735,2.63,A
25,hotel/search,2472.92,34.48,1119.06,0.0,0,23202,4067.6014,19.7268,319.4735,4.95,A
25,hotel/user,30.97,18.33,1119.06,0.0,0,7546,1322.9084,1.4347,319.4735,0.0657,A
25,hotel2/consul,16.97,29.98,201.79,0.0,0,6148,1077.8215,1.4347,319.4735,0.0263,A
25,hotel2/frontend,4556.23,99.64,1119.14,0.0,0,77533,13592.5068,36.3456,319.4735,8.85,A
25,hotel2/geo,701.62,23.83,1119.06,0.0,0,6995,1226.3112,5.5969,319.4735,1.34,A
25,hotel2/jaeger,1.09,14.9,81.01,0.0,0,32,326.4791,1.4347,1.525,0.0,A
25,hotel2/memcached-profile,136.59,7.69,79.25,0.0,0,4894,857.9795,1.4347,319.4735,0.263,A
25,hotel2/memcached-rate,93.78,7.45,79.25,0.0,0,6223,1090.9699,1.4347,319.4735,0.184,A
25,hotel2/memcached-reserve,112.22,7.11,79.25,0.0,0,2571,450.7285,1.4347,319.4735,0.197,A
25,hotel2/mongodb-geo,9.42,165.22,400.43,0.0,0,282,326.4791,1.4347,1.525,0.0131,A
25,hotel2/mongodb-profile,9.77,165.2,400.43,0.0,0,124,326.4791,1.4347,1.525,0.0263,A
25,hotel2/mongodb-rate,9.6,164.56,400.43,0.0,0,680,326.4791,1.4347,1.525,0.0263,A
25,hotel2/mongodb-recommendation,10.45,163.07,400.43,0.0234,2,116,326.4791,1.4347,319.4735,0.0263,A
25,hotel2/mongodb-reservation,3969.86,284.91,400.43,0.0391,4,2675219,468999.4242,31.6681,319.4735,6.84,A
25,hotel2/mongodb-user,9.51,163.69,400.43,0.0,0,114,326.4791,1.4347,1.525,0.0263,A
25,hotel2/profile,1692.52,43.71,1119.06,0.0,0,10626,1862.871,13.5014,319.4735,3.18,A
25,hotel2/rate,996.79,28.08,1119.14,0.0,0,11522,2019.951,7.9515,319.4735,2.0,A
25,hotel2/recommendation,488.18,21.04,1119.06,0.0,0,8125,1424.4143,3.8943,319.4735,0.906,A
25,hotel2/reservation,917.46,134.04,1119.06,0.0,0,12538,2198.0686,7.3187,319.4735,1.64,A
25,hotel2/search,1971.01,29.15,1119.06,0.0,0,13349,2340.247,15.723,319.4735,3.74,A
25,hotel2/user,20.83,17.79,1119.06,0.0,0,2783,487.8948,1.4347,319.4735,0.0263,A
25,sa1/customer-feedback,36177.92,3628.52,7135.73,0.0,0,90185,15810.561,288.5958,319.4735,55.7,A
25,sa2/customer-feedback,36988.47,3527.95,7042.56,0.0,0,125734,22042.7463,295.0617,319.4735,40.1,A
25,sa3/customer-feedback,29386.61,3451.41,6978.61,0.0,0,60147,10544.523,234.4207,319.4735,39.4,A
26,hotel/consul,13.18,32.55,201.79,0.0,0,13015,2256.2406,1.4347,268.7499,0.0122,A
26,hotel/frontend,3225.1,113.59,1119.14,0.0,0,64279,11143.2107,8.5704,268.7499,4.59,A
26,hotel/geo,662.4,24.85,1119.06,0.0,0,28338,4912.589,1.7603,268.7499,0.94,A
26,hotel/jaeger,0.18,14.88,81.01,0.0,0,1099,326.4791,1.4347,1.525,0.0,A
26,hotel/memcached-profile,139.51,7.68,79.25,0.0,0,21263,3686.0886,1.4347,268.7499,0.208,A
26,hotel/memcached-rate,82.27,7.72,79.25,0.0,0,17523,3037.7337,1.4347,268.7499,0.122,A
26,hotel/memcached-reserve,108.66,7.16,79.25,0.0,0,8268,1433.3152,1.4347,268.7499,0.171,A
26,hotel/mongodb-geo,8.34,170.86,400.43,0.0,0,2182,378.2648,1.4347,1.525,0.0244,A
26,hotel/mongodb-profile,8.41,172.25,400.43,0.0,0,3395,588.5468,1.4347,1.525,0.0244,A
26,hotel/mongodb-rate,8.68,172.0,400.43,0.0234,2,2897,502.2151,1.4347,1.525,0.0122,A
26,hotel/mongodb-recommendation,7.98,170.22,400.43,0.0,0,1409,326.4791,1.4347,1.525,0.0122,A
26,hotel/mongodb-reservation,3912.25,294.13,400.43,0.0312,2,2398055,415719.4756,10.3964,268.7499,6.35,A
26,hotel/mongodb-user,9.68,170.84,400.43,0.0195,2,763,326.4791,1.4347,1.525,0.0122,A
26,hotel/profile,1280.38,38.53,1119.06,0.0,0,39384,6827.4897,3.4025,268.7499,1.86,A
26,hotel/rate,761.55,30.7,1119.14,0.0,0,34452,5972.4933,2.0237,268.7499,1.06,A
26,hotel/recommendation,465.99,22.45,1119.06,0.0,0,20980,3637.0286,1.4347,268.7499,0.623,A
26,hotel/reservation,954.22,138.68,1119.06,0.0,0,28351,4914.8426,2.5357,268.7499,1.37,A
26,hotel/search,1447.91,31.04,1119.06,0.0,0,39701,6882.4439,3.8477,268.7499,1.94,A
26,hotel/user,23.42,18.35,1119.06,0.0,0,9102,1577.8949,1.4347,268.7499,0.0366,A
26,hotel2/consul,11.2,29.98,201.79,0.0,0,12909,2237.8647,1.4347,268.7499,0.0244,A
26,hotel2/frontend,2205.37,98.51,1119.14,0.0,0,49244,8536.7891,5.8606,268.7499,3.31,A
26,hotel2/geo,510.8,25.08,1119.06,0.0,0,27504,4768.0093,1.4347,268.7499,0.745,A
26,hotel2/jaeger,0.25,14.9,81.01,0.0,0,0,326.4791,1.4347,1.525,0.0,A
26,hotel2/memcached-profile,88.97,7.96,79.25,0.0,0,25575,4433.6037,1.4347,268.7499,0.134,A
26,hotel2/memcached-rate,65.58,7.7,79.25,0.0,0,22853,3961.7261,1.4347,268.7499,0.0977,A
26,hotel2/memcached-reserve,73.53,7.36,79.25,0.0,0,7394,1281.8012,1.4347,268.7499,0.11,A
26,hotel2/mongodb-geo,8.47,165.03,400.43,0.0234,2,1909,330.9384,1.4347,1.525,0.0244,A
26,hotel2/mongodb-profile,9.54,165.17,400.43,0.0234,2,926,326.4791,1.4347,1.525,0.0122,A
26,hotel2/mongodb-rate,8.5,164.56,400.43,0.0312,4,3479,603.1088,1.4347,1.525,0.0244,A
26,hotel2/mongodb-recommendation,7.94,163.26,400.43,0.0,0,969,326.4791,1.4347,1.525,0.0122,A
26,hotel2/mongodb-reservation,4000.19,284.27,400.43,0.0156,8,2639334,457546.8646,10.6301,268.7499,6.36,A
26,hotel2/mongodb-user,10.02,163.88,400.43,0.0234,2,1586,326.4791,1.4347,268.7499,0.0122,A
26,hotel2/profile,1003.69,41.3,1119.06,0.0,0,32594,5650.3961,2.6672,268.7499,1.47,A
26,hotel2/rate,611.39,29.2,1119.14,0.0,0,24794,4298.212,1.6247,268.7499,0.892,A
26,hotel2/recommendation,336.06,20.92,1119.06,0.0,0,17905,3103.956,1.4347,268.7499,0.513,A
26,hotel2/reservation,675.88,137.09,1119.06,0.0,0,26244,4549.5795,1.7961,268.7499,0.953,A
26,hotel2/search,1159.42,29.98,1119.06,0.0,0,37794,6551.8522,3.081,268.7499,1.76,A
26,hotel2/user,16.57,17.79,1119.06,0.0,0,12449,2158.1205,1.4347,268.7499,0.0366,A
26,sa1/customer-feedback,60783.83,3627.89,7135.73,3.7656,38,494795,85776.1469,161.5271,268.7499,91.9,A
26,sa2/customer-feedback,63352.95,3528.79,7042.56,4.0234,40,611233,105961.4822,168.3543,268.7499,113.0,A
26,sa3/customer-feedback,59481.53,3450.66,6978.61,3.8359,40,970844,168302.5446,158.0663,268.7499,95.8,A
27,hotel/consul,12.91,32.55,201.79,0.0,0,14326,2267.6127,1.4347,319.4019,0.0314,A
27,hotel/frontend,3125.84,113.13,1119.14,0.0,0,61362,9712.7773,11.8706,319.4019,5.67,A
27,hotel/geo,668.73,22.93,1119.06,0.0,0,36637,5799.1432,2.5395,319.4019,1.26,A
27,hotel/jaeger,0.19,14.88,81.01,0.0,0,2100,332.4017,1.4347,1.525,0.0,A
27,hotel/memcached-profile,130.81,7.68,79.25,0.0,0,17468,2764.9489,1.4347,319.4019,0.236,A
27,hotel/memcached-rate,82.91,7.48,79.25,0.0,0,19709,3119.669,1.4347,319.4019,0.157,A
27,hotel/memcached-reserve,102.2,7.15,79.25,0.0,0,9442,1494.5413,1.4347,319.4019,0.188,A
27,hotel/mongodb-geo,9.07,170.62,400.43,0.0234,2,2966,469.4778,1.4347,1.525,0.0157,A
27,hotel/mongodb-profile,9.4,172.26,400.43,0.0234,2,726,326.4791,1.4347,1.525,0.0157,A
27,hotel/mongodb-rate,8.05,171.82,400.43,0.0,0,2494,394.7666,1.4347,1.525,0.0314,A
27,hotel/mongodb-recommendation,6.57,170.23,400.43,0.0234,2,736,326.4791,1.4347,1.525,0.0157,A
27,hotel/mongodb-reservation,4001.29,294.22,400.43,0.0078,4,2876604,455327.6319,15.1951,319.4019,8.18,A
27,hotel/mongodb-user,8.49,170.84,400.43,0.0,0,1667,326.4791,1.4347,1.525,0.0157,A
27,hotel/profile,1185.42,38.71,1119.06,0.0,0,44094,6979.4857,4.5017,319.4019,2.34,A
27,hotel/rate,765.13,29.57,1119.14,0.0,0,40146,6354.5706,2.9056,319.4019,1.48,A
27,hotel/recommendation,452.28,23.04,1119.06,0.0,0,24213,3832.5915,1.7176,319.4019,0.864,A
27,hotel/reservation,894.01,137.76,1119.06,0.0,0,47751,7558.3395,3.3951,319.4019,1.79,A
27,hotel/search,1428.04,30.76,1119.06,0.0,0,57568,9112.2383,5.4231,319.4019,2.83,A
27,hotel/user,23.83,18.19,1119.06,0.0,0,10146,1605.975,1.4347,319.4019,0.0314,A
27,hotel2/consul,11.73,29.98,201.79,0.0,0,14015,2218.3856,1.4347,319.4019,0.0314,A
27,hotel2/frontend,3132.45,101.77,1119.14,0.0,0,64075,10142.2087,11.8957,319.4019,6.3,A
27,hotel2/geo,671.65,24.38,1119.06,0.0,0,36769,5820.037,2.5506,319.4019,1.4,A
27,hotel2/jaeger,0.27,14.9,81.01,0.0,0,2130,337.1503,1.4347,1.525,0.0,A
27,hotel2/memcached-profile,122.57,7.96,79.25,0.0,0,15988,2530.6849,1.4347,319.4019,0.236,A
27,hotel2/memcached-rate,83.89,7.45,79.25,0.0,0,23455,3712.6103,1.4347,319.4019,0.173,A
27,hotel2/memcached-reserve,107.61,7.11,79.25,0.0,0,10138,1604.7087,1.4347,319.4019,0.22,A
27,hotel2/mongodb-geo,7.77,165.03,400.43,0.0,0,4353,689.0212,1.4347,1.525,0.0314,A
27,hotel2/mongodb-profile,8.54,164.76,400.43,0.0,0,3306,523.2952,1.4347,1.525,0.0314,A
27,hotel2/mongodb-rate,5.71,164.56,400.43,0.0,0,4440,702.7921,1.4347,1.525,0.0157,A
27,hotel2/mongodb-recommendation,7.1,163.07,400.43,0.0312,4,1126,326.4791,1.4347,1.525,0.0157,A
27,hotel2/mongodb-reservation,3994.03,284.33,400.43,0.043,6,2788918,441448.1203,15.1676,319.4019,8.15,A
27,hotel2/mongodb-user,8.3,163.69,400.43,0.0,0,1181,326.4791,1.4347,1.525,0.0314,A
27,hotel2/profile,1219.81,41.13,1119.06,0.0,0,52504,8310.6754,4.6323,319.4019,2.36,A
27,hotel2/rate,792.96,31.86,1119.14,0.0,0,41760,6610.045,3.0113,319.4019,1.49,A
27,hotel2/recommendation,462.25,20.66,1119.06,0.0,0,26773,4237.805,1.7554,319.4019,0.958,A
27,hotel2/reservation,870.01,135.42,1119.06,0.0,0,36824,5828.7428,3.3039,319.4019,1.7,A
27,hotel2/search,1451.94,32.5,1119.06,0.0,0,59499,9417.8896,5.5138,319.4019,2.83,A
27,hotel2/user,24.7,17.9,1119.06,0.0,0,9441,1494.383,1.4347,319.4019,0.0471,A
27,sa1/customer-feedback,71643.03,3627.44,7135.73,0.0,0,432953,68530.623,272.0685,319.4019,185.0,A
27,sa2/customer-feedback,64889.71,3529.61,7042.56,0.0,0,1063153,168282.7869,246.4224,319.4019,112.0,A
27,sa3/customer-feedback,49748.87,3451.55,6978.61,0.0,0,965452,152818.0357,188.9242,319.4019,92.7,A
28,hotel/consul,13.46,32.55,201.79,0.0,0,16188,2635.3234,1.4347,290.6227,0.0233,A
28,hotel/frontend,3121.15,116.15,1119.14,0.0,0,55821,9087.3727,10.6958,290.6227,6.02,A
28,hotel/geo,645.45,24.22,1119.06,0.0,0,25957,4225.6666,2.2119,290.6227,1.41,A
28,hotel/jaeger,0.17,14.88,81.01,0.0,0,0,326.4791,1.4347,1.525,0.0,A
28,hotel/memcached-profile,134.38,7.68,79.25,0.0,0,16788,2733.0004,1.4347,290.6227,0.279,A
28,hotel/memcached-rate,83.67,7.46,79.25,0.0,0,13472,2193.1726,1.4347,290.6227,0.186,A
28,hotel/memcached-reserve,105.25,7.15,79.25,0.0,0,5270,857.929,1.4347,290.6227,0.233,A
28,hotel/mongodb-geo,9.1,170.62,400.43,0.0,0,942,326.4791,1.4347,1.525,0.0233,A
28,hotel/mongodb-profile,9.14,172.45,400.43,0.0,0,957,326.4791,1.4347,1.525,0.0233,A
28,hotel/mongodb-rate,10.77,171.82,400.43,0.0234,2,674,326.4791,1.4347,290.6227,0.0233,A
28,hotel/mongodb-recommendation,8.83,170.41,400.43,0.0,0,1256,326.4791,1.4347,1.525,0.0233,A
28,hotel/mongodb-reservation,4076.13,294.55,400.43,0.0391,4,2619658,426466.8959,13.9684,290.6227,8.37,A
28,hotel/mongodb-user,9.32,171.01,400.43,0.0234,2,2053,334.2179,1.4347,1.525,0.0116,A
28,hotel/profile,1276.04,39.42,1119.06,0.0,0,38055,6195.159,4.3728,290.6227,2.75,A
28,hotel/rate,756.78,29.76,1119.14,0.0,0,32288,5256.3209,2.5934,290.6227,1.63,A
28,hotel/recommendation,446.16,22.81,1119.06,0.0,0,22662,3689.2575,1.5289,290.6227,0.978,A
28,hotel/reservation,900.04,139.59,1119.06,0.0,0,24910,4055.2203,3.0843,290.6227,1.79,A
28,hotel/search,1404.53,32.06,1119.06,0.0,0,37566,6115.5523,4.8132,290.6227,3.01,A
28,hotel/user,20.47,18.44,1119.06,0.0,0,5689,926.14,1.4347,290.6227,0.0466,A
28,hotel2/consul,12.38,29.98,201.79,0.0,0,13960,2272.6165,1.4347,290.6227,0.0349,A
28,hotel2/frontend,3588.94,101.64,1119.14,0.0,0,55185,8983.8352,12.2989,290.6227,6.4,A
28,hotel2/geo,693.84,24.41,1119.06,0.0,0,26633,4335.7159,2.3777,290.6227,1.36,A
28,hotel2/jaeger,0.28,14.9,81.01,0.0,0,0,326.4791,1.4347,1.525,0.0,A
28,hotel2/memcached-profile,137.34,7.7,79.25,0.0,0,14593,2375.6656,1.4347,290.6227,0.268,A
28,hotel2/memcached-rate,89.27,7.46,79.25,0.0,0,14536,2366.3863,1.4347,290.6227,0.175,A
28,hotel2/memcached-reserve,118.6,7.11,79.25,0.0,0,6996,1138.9129,1.4347,290.6227,0.221,A
28,hotel2/mongodb-geo,10.2,165.03,400.43,0.0312,4,1196,326.4791,1.4347,290.6227,0.0116,A
28,hotel2/mongodb-profile,9.8,164.76,400.43,0.0234,2,2773,451.4302,1.4347,1.525,0.0233,A
28,hotel2/mongodb-rate,9.66,164.37,400.43,0.0234,2,1110,326.4791,1.4347,1.525,0.0116,A
28,hotel2/mongodb-recommendation,8.47,163.07,400.43,0.0,0,1188,326.4791,1.4347,1.525,0.0233,A
28,hotel2/mongodb-reservation,4001.59,283.97,400.43,0.0039,2,2527292,411430.1846,13.713,290.6227,8.31,A
28,hotel2/mongodb-user,9.94,163.69,400.43,0.0273,2,2869,467.0585,1.4347,1.525,0.0349,A
28,hotel2/profile,1311.5,40.32,1119.06,0.0,0,33216,5407.3946,4.4944,290.6227,2.41,A
28,hotel2/rate,834.83,31.4,1119.14,0.0,0,28899,4704.6091,2.8609,290.6227,1.51,A
28,hotel2/recommendation,469.01,21.81,1119.06,0.0,0,21229,3455.9724,1.6072,290.6227,0.954,A
28,hotel2/reservation,927.33,135.18,1119.06,0.0,0,34151,5559.6078,3.1779,290.6227,1.82,A
28,hotel2/search,1571.8,31.95,1119.06,0.0,0,38677,6296.4174,5.3864,290.6227,2.91,A
28,hotel2/user,26.3,17.65,1119.06,0.0,0,12461,2028.5869,1.4347,290.6227,0.0466,A
28,sa1/customer-feedback,83551.22,3629.16,7135.73,0.0,0,475219,77363.2176,286.3206,290.6227,191.0,A
28,sa2/customer-feedback,39745.84,3526.01,7042.56,0.0,0,901013,146680.2985,136.2045,290.6227,74.9,A
28,sa3/customer-feedback,52383.15,3452.15,6978.61,0.0,0,1021488,166293.011,179.5111,290.6227,131.0,A
29,hotel/consul,18.97,32.55,201.79,0.0,0,6224,1063.9386,1.4347,306.0002,0.0376,A
29,hotel/frontend,5242.79,112.07,1119.14,0.0,0,117729,20124.747,38.7952,306.0002,13.5,A
29,hotel/geo,833.96,25.02,1119.06,0.0,0,10133,1732.1481,6.1711,306.0002,2.35,A
29,hotel/jaeger,0.28,14.88,81.01,0.0,0,935,326.4791,1.4347,1.525,0.0,A
29,hotel/memcached-profile,157.0,7.93,79.25,0.0,0,4113,703.0815,1.4347,306.0002,0.432,A
29,hotel/memcached-rate,100.02,7.47,79.25,0.0,0,5819,994.7074,1.4347,306.0002,0.263,A
29,hotel/memcached-reserve,118.14,7.16,79.25,0.0,0,4145,708.5516,1.4347,306.0002,0.301,A
29,hotel/mongodb-geo,11.12,170.62,400.43,0.0742,14,996,326.4791,1.4347,306.0002,0.0376,A
29,hotel/mongodb-profile,11.16,172.45,400.43,0.0781,16,583,326.4791,1.4347,306.0002,0.0376,A
29,hotel/mongodb-rate,9.47,171.85,400.43,0.0,0,221,326.4791,1.4347,1.525,0.0376,A
29,hotel/mongodb-recommendation,10.36,170.39,400.43,0.0391,10,4779,816.9284,1.4347,306.0002,0.0188,A
29,hotel/mongodb-reservation,4015.21,294.02,400.43,0.0078,4,2448469,418544.4467,29.7115,306.0002,10.6,A
29,hotel/mongodb-user,9.18,170.85,400.43,0.0,0,541,326.4791,1.4347,1.525,0.0376,A
29,hotel/profile,1998.93,40.76,1119.06,0.0,0,23849,4076.7788,14.7915,306.0002,5.56,A
29,hotel/rate,992.21,32.03,1119.14,0.0,0,9044,1545.993,7.3421,306.0002,2.67,A
29,hotel/recommendation,563.25,23.8,1119.06,0.0,0,5930,1013.6818,4.1679,306.0002,1.54,A
29,hotel/reservation,1023.46,140.85,1119.06,0.0,0,10610,1813.6871,7.5733,306.0002,2.82,A
29,hotel/search,1999.11,33.15,1119.06,0.0,0,14892,2545.6577,14.7929,306.0002,5.6,A
29,hotel/user,21.05,18.44,1119.06,0.0,0,4388,750.0904,1.4347,306.0002,0.094,A
29,hotel2/consul,17.66,29.98,201.79,0.0,0,5192,887.5272,1.4347,306.0002,0.0376,A
29,hotel2/frontend,5210.57,100.66,1119.14,0.0,0,41730,7133.38,38.5568,306.0002,13.7,A
29,hotel2/geo,837.25,24.2,1119.06,0.0,0,8635,1476.078,6.1954,306.0002,2.29,A
29,hotel2/jaeger,0.32,14.9,81.01,0.0,0,0,326.4791,1.4347,1.525,0.0,A
29,hotel2/memcached-profile,148.56,7.7,79.25,0.0,0,5151,880.5186,1.4347,306.0002,0.414,A
29,hotel2/memcached-rate,109.42,7.45,79.25,0.0,0,5062,865.3048,1.4347,306.0002,0.282,A
29,hotel2/memcached-reserve,133.67,7.11,79.25,0.0,0,2522,431.1139,1.4347,306.0002,0.357,A
29,hotel2/mongodb-geo,9.36,165.22,400.43,0.0,0,133,326.4791,1.4347,1.525,0.0188,A
29,hotel2/mongodb-profile,9.0,164.76,400.43,0.0,0,951,326.4791,1.4347,1.525,0.0376,A
29,hotel2/mongodb-rate,9.46,164.37,400.43,0.0,0,218,326.4791,1.4347,1.525,0.0188,A
29,hotel2/mongodb-recommendation,10.39,163.07,400.43,0.0234,2,1678,326.4791,1.4347,306.0002,0.0376,A
29,hotel2/mongodb-reservation,4009.19,283.98,400.43,0.1172,22,2678046,457788.635,29.6669,306.0002,9.85,A
29,hotel2/mongodb-user,9.25,163.69,400.43,0.0,0,8309,1420.3512,1.4347,1.525,0.0376,A
29,hotel2/profile,1986.18,42.41,1119.06,0.0,0,21022,3593.5278,14.6972,306.0002,6.13,A
29,hotel2/rate,1102.66,29.45,1119.14,0.0,0,10586,1809.5845,8.1594,306.0002,3.01,A
29,hotel2/recommendation,564.96,21.96,1119.06,0.0,0,7244,1238.2987,4.1806,306.0002,1.56,A
29,hotel2/reservation,1136.85,134.09,1119.06,0.0,0,9541,1630.9508,8.4124,306.0002,3.1,A
29,hotel2/search,2164.12,32.47,1119.06,0.0,0,18045,3084.6356,16.0139,306.0002,6.15,A
29,hotel2/user,23.7,17.65,1119.06,0.0,0,4466,763.4238,1.4347,306.0002,0.0564,A
29,sa1/customer-feedback,24933.6,3630.02,7135.73,0.0,0,171401,29299.5079,184.502,306.0002,58.7,A
29,sa2/customer-feedback,37198.96,3528.38,7042.56,0.0,0,122135,20877.9143,275.2624,306.0002,97.2,A
29,sa3/customer-feedback,36683.74,3453.21,6978.61,0.0,0,235814,40310.3491,271.4499,306.0002,118.0,A
30,hotel/consul,18.44,32.55,201.79,0.0,0,12585,2133.5964,1.4347,291.3661,0.0489,A
30,hotel/frontend,4705.95,113.75,1119.14,0.0,0,104608,17734.7041,37.8574,291.3661,8.23,A
30,hotel/geo,792.5,23.94,1119.06,0.0,0,14474,2453.8478,6.3753,291.3661,1.28,A
30,hotel/jaeger,0.3,14.88,81.01,0.0,0,0,326.4791,1.4347,1.525,0.0,A
30,hotel/memcached-profile,162.28,8.17,79.25,0.0,0,9780,1658.0511,1.4347,291.3661,0.257,A
30,hotel/memcached-rate,102.76,7.48,79.25,0.0,0,10248,1737.3934,1.4347,291.3661,0.171,A
30,hotel/memcached-reserve,118.43,7.16,79.25,0.0,0,2399,406.7142,1.4347,291.3661,0.208,A
30,hotel/mongodb-geo,9.93,170.8,400.43,0.0,0,1037,326.4791,1.4347,1.525,0.0245,A
30,hotel/mongodb-profile,9.71,172.26,400.43,0.0,0,229,326.4791,1.4347,1.525,0.0245,A
30,hotel/mongodb-rate,10.86,171.85,400.43,0.0234,2,525,326.4791,1.4347,291.3661,0.0245,A
30,hotel/mongodb-recommendation,10.25,170.22,400.43,0.0,0,223,326.4791,1.4347,291.3661,0.0245,A
30,hotel/mongodb-reservation,3915.96,294.33,400.43,0.0391,4,2605772,441769.2274,31.5022,291.3661,6.36,A
30,hotel/mongodb-user,11.01,171.01,400.43,0.0352,8,201,326.4791,1.4347,291.3661,0.0245,A
30,hotel/profile,1773.38,39.32,1119.06,0.0,0,21303,3611.6014,14.2661,291.3661,2.9,A
30,hotel/rate,998.98,28.99,1119.14,0.0,0,15859,2688.6536,8.0364,291.3661,1.84,A
30,hotel/recommendation,524.57,24.57,1119.06,0.0,0,11016,1867.5962,4.2199,291.3661,0.82,A
30,hotel/reservation,1104.13,140.36,1119.06,0.0,0,39253,6654.7524,8.8823,291.3661,1.85,A
30,hotel/search,1931.27,33.09,1119.06,0.0,0,16562,2807.8366,15.5363,291.3661,3.27,A
30,hotel/user,19.9,18.2,1119.06,0.0,0,3959,671.1886,1.4347,291.3661,0.0245,A
30,hotel2/consul,17.16,29.98,201.79,0.0,0,8898,1508.5213,1.4347,291.3661,0.0367,A
30,hotel2/frontend,5311.58,99.21,1119.14,0.0,0,120156,20370.6323,42.7294,291.3661,10.5,A
30,hotel2/geo,812.07,23.23,1119.06,0.0,0,13271,2249.8973,6.5328,291.3661,1.36,A
30,hotel2/jaeger,0.26,14.9,81.01,0.0,0,0,326.4791,1.4347,1.525,0.0,A
30,hotel2/memcached-profile,156.9,7.7,79.25,0.0,0,6833,1158.4318,1.4347,291.3661,0.281,A
30,hotel2/memcached-rate,113.49,7.45,79.25,0.0,0,8507,1442.2332,1.4347,291.3661,0.196,A
30,hotel2/memcached-reserve,141.89,7.13,79.25,0.0,0,3698,626.94,1.4347,291.3661,0.232,A
30,hotel2/mongodb-geo,11.11,165.03,400.43,0.0234,2,513,326.4791,1.4347,291.3661,0.0245,A
30,hotel2/mongodb-profile,10.8,164.77,400.43,0.0273,2,728,326.4791,1.4347,291.3661,0.0122,A
30,hotel2/mongodb-rate,10.5,164.38,400.43,0.0273,2,1350,326.4791,1.4347,291.3661,0.0122,A
30,hotel2/mongodb-recommendation,9.97,163.07,400.43,0.0,0,1506,326.4791,1.4347,1.525,0.0122,A
30,hotel2/mongodb-reservation,3988.67,284.11,400.43,0.0156,8,2441272,413880.7407,32.0872,291.3661,6.34,A
30,hotel2/mongodb-user,10.57,163.69,400.43,0.0391,4,5343,905.8248,1.4347,291.3661,0.0245,A
30,hotel2/profile,1973.6,39.88,1119.06,0.0,0,21563,3655.6805,15.8768,291.3661,3.99,A
30,hotel2/rate,1058.24,30.82,1119.14,0.0,0,13334,2260.578,8.5131,291.3661,1.66,A
30,hotel2/recommendation,576.05,20.53,1119.06,0.0,0,8253,1399.1713,4.6341,291.3661,1.0,A
30,hotel2/reservation,1237.84,134.07,1119.06,0.0,0,38272,6488.4387,9.9579,291.3661,2.42,A
30,hotel2/search,1987.05,29.05,1119.06,0.0,0,19143,3245.4061,15.985,291.3661,3.46,A
30,hotel2/user,24.48,17.65,1119.06,0.0,0,13681,2319.4066,1.4347,291.3661,0.0489,A
30,sa1/customer-feedback,38357.61,3630.02,7135.73,0.0,0,121069,20525.4176,308.5708,291.3661,42.3,A
30,sa2/customer-feedback,26837.92,3528.44,7042.56,0.0,0,160136,27148.6366,215.8997,291.3661,30.8,A
30,sa3/customer-feedback,34377.03,3452.78,6978.61,0.0,0,256012,43402.9621,276.5487,291.3661,46.0,A
31,hotel/consul,14.07,32.55,201.79,0.0,0,9997,1726.8458,1.4347,301.743,0.0247,A
31,hotel/frontend,3463.1,116.93,1119.14,0.0,0,79455,13724.771,12.1689,301.743,4.13,A
31,hotel/geo,647.53,24.17,1119.06,0.0,0,27265,4709.6581,2.2753,301.743,0.866,A
31,hotel/jaeger,0.19,14.88,81.01,0.0,0,0,326.4791,1.4347,1.525,0.0,A
31,hotel/memcached-profile,138.33,7.7,79.25,0.0,0,13510,2333.6688,1.4347,301.743,0.173,A
31,hotel/memcached-rate,83.44,7.49,79.25,0.0,0,16765,2895.9258,1.4347,301.743,0.111,A
31,hotel/memcached-reserve,110.52,7.17,79.25,0.0,0,7025,1213.4732,1.4347,301.743,0.148,A
31,hotel/mongodb-geo,8.97,170.62,400.43,0.0234,2,3262,563.4662,1.4347,1.525,0.0124,A
31,hotel/mongodb-profile,9.25,172.45,400.43,0.0234,2,2287,395.0482,1.4347,1.525,0.0124,A
31,hotel/mongodb-rate,8.36,171.85,400.43,0.0508,14,3588,619.7782,1.4347,1.525,0.0247,A
31,hotel/mongodb-recommendation,8.47,170.23,400.43,0.0234,2,1580,326.4791,1.4347,1.525,0.0124,A
31,hotel/mongodb-reservation,3995.34,293.88,400.43,0.0117,6,2602572,449558.9293,14.0391,301.743,6.83,A
31,hotel/mongodb-user,7.47,170.85,400.43,0.0,0,2485,429.25,1.4347,1.525,0.0,A
31,hotel/profile,1357.24,41.48,1119.06,0.0,0,31134,5377.9752,4.7692,301.743,1.64,A
31,hotel/rate,828.34,29.3,1119.14,0.0,0,30411,5253.0868,2.9107,301.743,1.08,A
31,hotel/recommendation,445.2,22.25,1119.06,0.0,0,18546,3203.5694,1.5644,301.743,0.656,A
31,hotel/reservation,897.97,140.52,1119.06,0.0,0,30729,5308.017,3.1554,301.743,1.16,A
31,hotel/search,1488.81,31.19,1119.06,0.0,0,45246,7815.6314,5.2315,301.743,1.98,A
31,hotel/user,26.73,18.37,1119.06,0.0,0,11057,1909.9464,1.4347,301.743,0.0371,A
31,hotel2/consul,13.08,29.98,201.79,0.0,0,13378,2310.8676,1.4347,301.743,0.0371,A
31,hotel2/frontend,2988.22,98.27,1119.14,0.0,0,51541,8903.007,10.5002,301.743,3.43,A
31,hotel2/geo,636.45,24.82,1119.06,0.0,0,24259,4190.4124,2.2364,301.743,0.977,A
31,hotel2/jaeger,0.33,14.9,81.01,0.0,0,0,326.4791,1.4347,1.525,0.0,A
31,hotel2/memcached-profile,111.39,7.7,79.25,0.0,0,12767,2205.3257,1.4347,301.743,0.136,A
31,hotel2/memcached-rate,79.75,7.45,79.25,0.0,0,11903,2056.0814,1.4347,301.743,0.0989,A
31,hotel2/memcached-reserve,99.32,7.11,79.25,0.0,0,6891,1190.3266,1.4347,301.743,0.124,A
31,hotel2/mongodb-geo,7.99,165.03,400.43,0.0,0,2680,462.9336,1.4347,1.525,0.0124,A
31,hotel2/mongodb-profile,8.32,164.76,400.43,0.0,0,4726,816.3522,1.4347,1.525,0.0124,A
31,hotel2/mongodb-rate,8.49,164.38,400.43,0.0,0,924,326.4791,1.4347,1.525,0.0124,A
31,hotel2/mongodb-recommendation,8.92,163.26,400.43,0.0234,2,390,326.4791,1.4347,1.525,0.0124,A
31,hotel2/mongodb-reservation,3992.77,284.64,400.43,0.0469,6,2476394,427763.3953,14.0301,301.743,6.42,A
31,hotel2/mongodb-user,8.01,163.69,400.43,0.0,0,3268,564.5026,1.4347,1.525,0.0124,A
31,hotel2/profile,1098.22,43.46,1119.06,0.0,0,32488,5611.8603,3.859,301.743,1.35,A
31,hotel2/rate,753.31,28.11,1119.14,0.0,0,27820,4805.5268,2.647,301.743,0.977,A
31,hotel2/recommendation,429.66,21.3,1119.06,0.0,0,17416,3008.3772,1.5098,301.743,0.581,A
31,hotel2/reservation,804.19,131.71,1119.06,0.0,0,31059,5365.02,2.8258,301.743,1.2,A
31,hotel2/search,1500.09,28.55,1119.06,0.0,0,35608,6150.7979,5.2711,301.743,1.88,A
31,hotel2/user,26.7,17.88,1119.06,0.0,0,9236,1595.3934,1.4347,301.743,0.0618,A
31,sa1/customer-feedback,56325.06,3630.5,7135.73,0.0,0,552402,95419.9352,197.9192,301.743,154.0,A
31,sa2/customer-feedback,63819.62,3529.78,7042.56,0.0,0,827184,142884.7899,224.2542,301.743,86.5,A
31,sa3/customer-feedback,51517.6,3451.06,6978.61,0.0,0,986742,170446.2651,181.0264,301.743,79.5,A
32,hotel/consul,13.06,32.55,201.79,0.0,0,17260,2907.2081,1.4347,279.3418,0.0145,A
32,hotel/frontend,4134.97,115.45,1119.14,0.0,0,65739,11072.8245,11.6349,279.3418,7.46,A
32,hotel/geo,748.34,23.04,1119.06,0.0,0,33002,5558.73,2.1057,279.3418,1.37,A
32,hotel/jaeger,0.2,14.88,81.01,0.0,0,0,326.4791,1.4347,1.525,0.0,A
32,hotel/memcached-profile,149.38,7.95,79.25,0.0,0,15135,2549.2812,1.4347,279.3418,0.231,A
32,hotel/memcached-rate,96.12,7.48,79.25,0.0,0,17198,2896.765,1.4347,279.3418,0.145,A
32,hotel/memcached-reserve,130.78,7.17,79.25,0.0,0,7393,1245.2485,1.4347,279.3418,0.217,A
32,hotel/mongodb-geo,7.97,170.81,400.43,0.0,0,2424,408.2892,1.4347,1.525,0.0145,A
32,hotel/mongodb-profile,8.69,172.26,400.43,0.0,0,1070,326.4791,1.4347,1.525,0.0289,A
32,hotel/mongodb-rate,9.4,171.86,400.43,0.0273,2,2039,343.4413,1.4347,1.525,0.0434,A
32,hotel/mongodb-recommendation,7.87,170.23,400.43,0.0,0,591,326.4791,1.4347,1.525,0.0145,A
32,hotel/mongodb-reservation,3983.67,293.99,400.43,0.0469,6,2310628,389193.2986,11.2092,279.3418,8.01,A
32,hotel/mongodb-user,9.21,170.85,400.43,0.0234,2,1513,326.4791,1.4347,1.525,0.0289,A
32,hotel/profile,1434.82,42.82,1119.06,0.0,0,34162,5754.116,4.0373,279.3418,2.24,A
32,hotel/rate,897.74,30.22,1119.14,0.0,0,31523,5309.6129,2.526,279.3418,1.42,A
32,hotel/recommendation,546.18,24.75,1119.06,0.0,0,18314,3084.7398,1.5368,279.3418,0.954,A
32,hotel/reservation,1157.76,142.38,1119.06,0.0,0,25195,4243.749,3.2577,279.3418,1.89,A
32,hotel/search,1686.91,30.73,1119.06,0.0,0,43765,7371.6084,4.7466,279.3418,2.66,A
32,hotel/user,29.48,18.13,1119.06,0.0,0,7705,1297.8006,1.4347,279.3418,0.0289,A
32,hotel2/consul,12.65,29.98,201.79,0.0,0,13566,2285.0049,1.4347,279.3418,0.0289,A
32,hotel2/frontend,1961.39,97.34,1119.14,0.0,0,43409,7311.6451,5.5189,279.3418,3.22,A
32,hotel2/geo,464.92,22.57,1119.06,0.0,0,24391,4108.3263,1.4347,279.3418,0.839,A
32,hotel2/jaeger,0.26,14.9,81.01,0.0,0,0,326.4791,1.4347,1.525,0.0,A
32,hotel2/memcached-profile,81.09,7.69,79.25,0.0,0,18150,3057.1162,1.4347,279.3418,0.145,A
32,hotel2/memcached-rate,58.82,7.44,79.25,0.0,0,27546,4639.7424,1.4347,279.3418,0.101,A
32,hotel2/memcached-reserve,61.96,7.1,79.25,0.0,0,5958,1003.5426,1.4347,279.3418,0.101,A
32,hotel2/mongodb-geo,8.59,165.04,400.43,0.0273,2,3338,562.2399,1.4347,1.525,0.0145,A
32,hotel2/mongodb-profile,9.45,165.01,400.43,0.0273,2,799,326.4791,1.4347,1.525,0.0145,A
32,hotel2/mongodb-rate,8.72,164.56,400.43,0.0273,2,1628,326.4791,1.4347,1.525,0.0145,A
32,hotel2/mongodb-recommendation,7.53,163.07,400.43,0.0,0,718,326.4791,1.4347,1.525,0.0289,A
32,hotel2/mongodb-reservation,3999.93,284.75,400.43,0.0117,6,2521120,424647.7619,11.2549,279.3418,7.52,A
32,hotel2/mongodb-user,9.26,163.69,400.43,0.0273,2,1648,326.4791,1.4347,1.525,0.0145,A
32,hotel2/profile,918.31,39.74,1119.06,0.0,0,22888,3855.1667,2.5839,279.3418,1.53,A
32,hotel2/rate,533.2,27.1,1119.14,0.0,0,20697,3486.1231,1.5003,279.3418,0.896,A
32,hotel2/recommendation,299.22,21.5,1119.06,0.0,0,14961,2519.9733,1.4347,279.3418,0.549,A
32,hotel2/reservation,618.13,133.87,1119.06,0.0,0,22633,3812.2155,1.7393,279.3418,1.13,A
32,hotel2/search,1050.61,27.83,1119.06,0.0,0,34542,5818.1217,2.9562,279.3418,1.72,A
32,hotel2/user,13.09,17.88,1119.06,0.0,0,6056,1020.0494,1.4347,279.3418,0.0289,A
32,sa1/customer-feedback,65244.23,3631.29,7135.73,3.8555,38,666282,112225.979,183.5827,279.3418,87.0,A
32,sa2/customer-feedback,58200.34,3530.57,7042.56,3.9414,38,547240,92175.0021,163.7627,279.3418,178.0,A
32,sa3/customer-feedback,52020.04,3452.13,6978.61,3.8047,42,943662,158946.8,146.3728,279.3418,104.0,A
33,hotel/consul,12.05,32.55,201.79,0.0,0,11015,1777.8989,1.4347,280.239,0.0305,A
33,hotel/frontend,3418.27,111.67,1119.14,0.0,0,58308,9411.3233,10.4447,280.239,7.75,A
33,hotel/geo,676.76,23.74,1119.06,0.0,0,29730,4798.6321,2.0679,280.239,1.45,A
33,hotel/jaeger,0.17,14.88,81.01,0.0,0,0,326.4791,1.4347,1.525,0.0,A
33,hotel/memcached-profile,144.56,7.93,79.25,0.0,0,17014,2746.1799,1.4347,280.239,0.336,A
33,hotel/memcached-rate,87.44,7.48,79.25,0.0,0,16289,2629.1597,1.4347,280.239,0.183,A
33,hotel/memcached-reserve,118.9,7.17,79.25,0.0,0,9947,1605.5161,1.4347,280.239,0.259,A
33,hotel/mongodb-geo,7.07,170.8,400.43,0.0234,2,5411,873.3736,1.4347,1.525,0.0153,A
33,hotel/mongodb-profile,9.03,172.7,400.43,0.0234,2,1179,326.4791,1.4347,1.525,0.0305,A
33,hotel/mongodb-rate,7.4,171.86,400.43,0.0,0,8681,1401.1748,1.4347,1.525,0.0153,A
33,hotel/mongodb-recommendation,6.63,170.57,400.43,0.0234,2,2326,375.4328,1.4347,1.525,0.0153,A
33,hotel/mongodb-reservation,3997.57,294.28,400.43,0.0195,10,2535507,409248.751,12.2148,280.239,7.89,A
33,hotel/mongodb-user,8.1,170.85,400.43,0.0,0,3972,641.1089,1.4347,1.525,0.0153,A
33,hotel/profile,1324.79,40.59,1119.06,0.0,0,46978,7582.5812,4.048,280.239,2.91,A
33,hotel/rate,808.13,30.55,1119.14,0.0,0,35564,5740.281,2.4693,280.239,1.85,A
33,hotel/recommendation,482.25,22.56,1119.06,0.0,0,26172,4224.3458,1.4735,280.239,1.05,A
33,hotel/reservation,989.88,140.34,1119.06,0.0,0,44157,7127.2519,3.0246,280.239,2.09,A
33,hotel/search,1606.62,31.78,1119.06,0.0,0,47142,7609.052,4.9091,280.239,3.54,A
33,hotel/user,28.54,18.83,1119.06,0.0,0,9168,1479.78,1.4347,280.239,0.061,A
33,hotel2/consul,11.11,29.98,201.79,0.0,0,14092,2274.5484,1.4347,280.239,0.0153,A
33,hotel2/frontend,2089.54,100.35,1119.14,0.0,0,51224,8267.9157,6.3847,280.239,3.54,A
33,hotel2/geo,501.69,23.94,1119.06,0.0,0,32897,5309.8083,1.5329,280.239,0.93,A
33,hotel2/jaeger,0.22,14.9,81.01,0.0,0,0,326.4791,1.4347,1.525,0.0,A
33,hotel2/memcached-profile,84.96,7.95,79.25,0.0,0,14596,2355.8976,1.4347,280.239,0.153,A
33,hotel2/memcached-rate,61.08,7.45,79.25,0.0,0,17711,2858.6806,1.4347,280.239,0.107,A
33,hotel2/memcached-reserve,69.2,7.36,79.25,0.0,0,8883,1433.779,1.4347,280.239,0.122,A
33,hotel2/mongodb-geo,5.71,165.04,400.43,0.0,0,3802,613.6697,1.4347,1.525,0.0153,A
33,hotel2/mongodb-profile,8.15,165.01,400.43,0.0,0,3405,549.5911,1.4347,1.525,0.0305,A
33,hotel2/mongodb-rate,6.02,164.56,400.43,0.0,0,4584,739.89,1.4347,1.525,0.0305,A
33,hotel2/mongodb-recommendation,7.05,163.08,400.43,0.0273,2,1646,326.4791,1.4347,1.525,0.0153,A
33,hotel2/mongodb-reservation,3998.53,284.3,400.43,0.0547,10,2736942,441761.7838,12.2177,280.239,7.96,A
33,hotel2/mongodb-user,7.63,163.69,400.43,0.0,0,2798,451.617,1.4347,1.525,0.0305,A
33,hotel2/profile,880.87,42.18,1119.06,0.0,0,36889,5954.1453,2.6916,280.239,1.66,A
33,hotel2/rate,612.16,27.43,1119.14,0.0,0,34019,5490.907,1.8705,280.239,1.19,A
33,hotel2/recommendation,337.28,20.72,1119.06,0.0,0,18331,2958.753,1.4347,280.239,0.564,A
33,hotel2/reservation,661.14,133.06,1119.06,0.0,0,30327,4894.9922,2.0202,280.239,1.16,A
33,hotel2/search,1127.6,28.75,1119.06,0.0,0,47057,7595.3324,3.4454,280.239,2.1,A
33,hotel2/user,14.0,18.13,1119.06,0.0,0,6335,1022.5138,1.4347,280.239,0.0153,A
33,sa1/customer-feedback,66601.76,3630.38,7135.73,0.0,0,474718,76622.8406,203.5057,280.239,97.1,A
33,sa2/customer-feedback,60999.43,3529.17,7042.56,0.0,0,840870,135722.3614,186.3874,280.239,143.0,A
33,sa3/customer-feedback,60520.85,3452.5,6978.61,0.0,0,724339,116913.4343,184.9251,280.239,132.0,A
34,hotel/consul,13.38,32.55,201.79,0.0,0,12901,2085.3168,1.4347,304.8149,0.0343,A
34,hotel/frontend,3624.39,114.54,1119.14,0.0,0,74408,12027.304,11.7127,304.8149,8.07,A
34,hotel/geo,738.21,27.23,1119.06,0.0,0,39995,6464.7891,2.3856,304.8149,1.66,A
34,hotel/jaeger,0.19,14.88,81.01,0.0,0,1766,326.4791,1.4347,1.525,0.0,A
34,hotel/memcached-profile,152.19,7.68,79.25,0.0,0,18960,3064.6931,1.4347,304.8149,0.378,A
34,hotel/memcached-rate,87.41,7.48,79.25,0.0,0,20772,3357.5847,1.4347,304.8149,0.206,A
34,hotel/memcached-reserve,128.84,7.16,79.25,0.0,0,7460,1205.8339,1.4347,304.8149,0.309,A
34,hotel/mongodb-geo,5.54,170.81,400.43,0.0,0,1302,326.4791,1.4347,1.525,0.0172,A
34,hotel/mongodb-profile,8.53,172.51,400.43,0.0,0,1099,326.4791,1.4347,1.525,0.0343,A
34,hotel/mongodb-rate,9.27,171.86,400.43,0.0273,2,2910,470.3722,1.4347,1.525,0.0343,A
34,hotel/mongodb-recommendation,6.06,170.23,400.43,0.0,0,5056,817.2515,1.4347,1.525,0.0172,A
34,hotel/mongodb-reservation,4004.36,294.53,400.43,0.1211,24,2843434,459612.4775,12.9406,304.8149,8.27,A
34,hotel/mongodb-user,9.4,170.85,400.43,0.0234,2,3994,645.5899,1.4347,1.525,0.0343,A
34,hotel/profile,1400.02,40.99,1119.06,0.0,0,45294,7321.3191,4.5244,304.8149,3.35,A
34,hotel/rate,816.67,30.55,1119.14,0.0,0,40122,6485.3173,2.6392,304.8149,1.84,A
34,hotel/recommendation,514.1,24.43,1119.06,0.0,0,26598,4299.2989,1.6614,304.8149,1.12,A
34,hotel/reservation,997.34,140.82,1119.06,0.0,0,36519,5902.9287,3.223,304.8149,2.35,A
34,hotel/search,1560.9,30.18,1119.06,0.0,0,47653,7702.6277,5.0443,304.8149,3.6,A
34,hotel/user,31.27,18.9,1119.06,0.0,0,8275,1337.5704,1.4347,304.8149,0.0858,A
34,hotel2/consul,11.73,29.98,201.79,0.0,0,17284,2793.7846,1.4347,304.8149,0.0343,A
34,hotel2/frontend,2397.65,99.16,1119.14,0.0,0,50885,8225.0479,7.7483,304.8149,5.37,A
34,hotel2/geo,549.38,23.61,1119.06,0.0,0,31707,5125.1173,1.7754,304.8149,0.978,A
34,hotel2/jaeger,0.24,14.9,81.01,0.0,0,1509,326.4791,1.4347,1.525,0.0,A
34,hotel2/memcached-profile,95.97,7.7,79.25,0.0,0,19055,3080.0489,1.4347,304.8149,0.172,A
34,hotel2/memcached-rate,68.68,7.44,79.25,0.0,0,17296,2795.7243,1.4347,304.8149,0.12,A
34,hotel2/memcached-reserve,77.15,7.1,79.25,0.0,0,8203,1325.9324,1.4347,304.8149,0.137,A
34,hotel2/mongodb-geo,6.47,165.04,400.43,0.0273,2,2977,481.2021,1.4347,1.525,0.0172,A
34,hotel2/mongodb-profile,6.26,164.92,400.43,0.0273,2,3289,531.6337,1.4347,1.525,0.0,A
34,hotel2/mongodb-rate,6.15,164.38,400.43,0.0273,2,2185,353.1833,1.4347,1.525,0.0172,A
34,hotel2/mongodb-recommendation,5.76,163.08,400.43,0.0,0,5728,925.8735,1.4347,1.525,0.0172,A
34,hotel2/mongodb-reservation,4002.99,284.75,400.43,0.0039,2,2808379,453946.1897,12.9362,304.8149,8.92,A
34,hotel2/mongodb-user,9.27,163.69,400.43,0.0273,2,8616,1392.6897,1.4347,1.525,0.0343,A
34,hotel2/profile,1013.79,42.28,1119.06,0.0,0,38237,6180.6261,3.2762,304.8149,1.96,A
34,hotel2/rate,614.76,27.66,1119.14,0.0,0,31595,5107.0136,1.9867,304.8149,1.12,A
34,hotel2/recommendation,376.38,21.29,1119.06,0.0,0,31516,5094.2441,1.4347,304.8149,0.652,A
34,hotel2/reservation,697.03,134.29,1119.06,0.0,0,37734,6099.3212,2.2525,304.8149,1.32,A
34,hotel2/search,1151.3,28.49,1119.06,0.0,0,51963,8399.2958,3.7206,304.8149,2.2,A
34,hotel2/user,16.61,17.9,1119.06,0.0,0,8898,1438.2721,1.4347,304.8149,0.0343,A
34,sa1/customer-feedback,60635.7,3631.48,7135.73,0.0,0,625526,101109.9799,195.9527,304.8149,124.0,A
34,sa2/customer-feedback,65574.54,3529.37,7042.56,0.0,0,737421,119196.6801,211.9133,304.8149,132.0,A
34,sa3/customer-feedback,57820.24,3454.11,6978.61,0.0,0,695990,112499.776,186.8542,304.8149,139.0,A
35,hotel/consul,11.88,32.55,201.79,0.0,0,11495,1831.8866,1.4347,300.8515,0.0338,A
35,hotel/frontend,3193.67,110.7,1119.14,0.0,0,63924,10187.1702,11.0248,300.8515,7.63,A
35,hotel/geo,679.31,23.59,1119.06,0.0,0,35154,5602.2743,2.345,300.8515,1.59,A
35,hotel/jaeger,0.13,14.88,81.01,0.0,0,1729,326.4791,1.4347,1.525,0.0,A
35,hotel/memcached-profile,135.87,8.17,79.25,0.0,0,14610,2328.3048,1.4347,300.8515,0.338,A
35,hotel/memcached-rate,80.92,7.47,79.25,0.0,0,13284,2116.9884,1.4347,300.8515,0.22,A
35,hotel/memcached-reserve,112.55,7.4,79.25,0.0,0,10226,1629.654,1.4347,300.8515,0.271,A
35,hotel/mongodb-geo,6.87,170.62,400.43,0.0234,2,1009,326.4791,1.4347,1.525,0.0338,A
35,hotel/mongodb-profile,8.54,172.26,400.43,0.0234,2,3578,570.2036,1.4347,1.525,0.0338,A
35,hotel/mongodb-rate,8.46,171.86,400.43,0.0,0,1414,326.4791,1.4347,1.525,0.0169,A
35,hotel/mongodb-recommendation,6.92,170.22,400.43,0.0234,2,1262,326.4791,1.4347,1.525,0.0338,A
35,hotel/mongodb-reservation,4002.22,294.3,400.43,0.0,0,2834361,451694.4805,13.8159,300.8515,8.74,A
35,hotel/mongodb-user,7.95,170.85,400.43,0.0,0,3557,566.857,1.4347,1.525,0.0169,A
35,hotel/profile,1208.55,42.61,1119.06,0.0,0,39841,6349.2123,4.172,300.8515,2.66,A
35,hotel/rate,811.65,34.23,1119.14,0.0,0,34032,5423.4681,2.8019,300.8515,1.86,A
35,hotel/recommendation,491.35,23.88,1119.06,0.0,0,21384,3407.8351,1.6962,300.8515,1.13,A
35,hotel/reservation,931.36,141.58,1119.06,0.0,0,37336,5950.0061,3.2151,300.8515,2.18,A
35,hotel/search,1502.4,32.73,1119.06,0.0,0,54862,8743.0157,5.1864,300.8515,3.37,A
35,hotel/user,25.15,18.41,1119.06,0.0,0,9347,1489.5732,1.4347,300.8515,0.0677,A
35,hotel2/consul,11.29,29.98,201.79,0.0,0,14038,2237.1487,1.4347,300.8515,0.0169,A
35,hotel2/frontend,2568.94,98.27,1119.14,0.0,0,57765,9205.6487,8.8681,300.8515,6.14,A
35,hotel2/geo,618.49,23.1,1119.06,0.0,0,38590,6149.8482,2.1351,300.8515,1.37,A
35,hotel2/jaeger,0.22,14.9,81.01,0.0,0,0,326.4791,1.4347,1.525,0.0,A
35,hotel2/memcached-profile,112.74,7.71,79.25,0.0,0,18441,2938.8275,1.4347,300.8515,0.254,A
35,hotel2/memcached-rate,75.65,7.45,79.25,0.0,0,16537,2635.3988,1.4347,300.8515,0.152,A
35,hotel2/memcached-reserve,96.22,7.11,79.25,0.0,0,7671,1222.4795,1.4347,300.8515,0.237,A
35,hotel2/mongodb-geo,6.65,165.04,400.43,0.0,0,1267,326.4791,1.4347,1.525,0.0169,A
35,hotel2/mongodb-profile,7.25,164.96,400.43,0.0508,14,1804,326.4791,1.4347,1.525,0.0,A
35,hotel2/mongodb-rate,6.6,164.38,400.43,0.0,0,3463,551.8768,1.4347,1.525,0.0338,A
35,hotel2/mongodb-recommendation,7.51,163.08,400.43,0.0273,2,1915,326.4791,1.4347,1.525,0.0169,A
35,hotel2/mongodb-reservation,4007.39,283.97,400.43,0.043,2,2811125,447991.5037,13.8338,300.8515,8.76,A
35,hotel2/mongodb-user,8.29,163.69,400.43,0.0,0,2914,464.3861,1.4347,1.525,0.0338,A
35,hotel2/profile,1138.85,42.9,1119.06,0.0,0,35478,5653.9082,3.9314,300.8515,2.49,A
35,hotel2/rate,722.11,28.99,1119.14,0.0,0,32697,5210.7175,2.4928,300.8515,1.56,A
35,hotel2/recommendation,407.72,23.55,1119.06,0.0,0,21334,3399.8669,1.4347,300.8515,0.896,A
35,hotel2/reservation,754.52,134.34,1119.06,0.0,0,30650,4884.4998,2.6047,300.8515,1.61,A
35,hotel2/search,1346.09,30.09,1119.06,0.0,0,43727,6968.5,4.6468,300.8515,3.18,A
35,hotel2/user,24.49,17.92,1119.06,0.0,0,9130,1454.9913,1.4347,300.8515,0.0507,A
35,sa1/customer-feedback,63157.73,3630.95,7135.73,0.0,0,898925,143256.0852,218.0246,300.8515,141.0,A
35,sa2/customer-feedback,68093.99,3529.27,7042.56,0.0,0,550763,87771.6731,235.0649,300.8515,122.0,A
35,sa3/customer-feedback,53286.45,3453.05,6978.61,0.0,0,818161,130385.2289,183.9483,300.8515,128.0,A
36,hotel/consul,10.68,32.55,201.79,0.0,0,18388,3257.5166,1.4347,331.4193,0.0307,A
36,hotel/frontend,3658.73,114.71,1119.14,0.0,0,64563,11437.6247,13.3305,331.4193,6.72,A
36,hotel/geo,750.21,24.2,1119.06,0.0,0,23866,4227.9688,2.7334,331.4193,1.43,A
36,hotel/jaeger,0.23,14.88,81.01,0.0,0,0,326.4791,1.4347,1.525,0.0,A
36,hotel/memcached-profile,154.31,7.7,79.25,0.0,0,15452,2737.391,1.4347,331.4193,0.307,A
36,hotel/memcached-rate,95.31,7.48,79.25,0.0,0,11453,2028.9503,1.4347,331.4193,0.184,A
36,hotel/memcached-reserve,134.41,7.16,79.25,0.0,0,6286,1113.5931,1.4347,331.4193,0.292,A
36,hotel/mongodb-geo,8.25,170.87,400.43,0.0,0,1958,346.8685,1.4347,1.525,0.0307,A
36,hotel/mongodb-profile,7.5,172.26,400.43,0.0,0,1912,338.7194,1.4347,1.525,0.0153,A
36,hotel/mongodb-rate,8.87,172.04,400.43,0.0352,4,2009,355.9034,1.4347,1.525,0.0153,A
36,hotel/mongodb-recommendation,8.99,170.41,400.43,0.0,0,2111,373.9731,1.4347,1.525,0.0307,A
36,hotel/mongodb-reservation,4003.62,294.36,400.43,0.0547,8,2495567,442100.8752,14.5871,331.4193,7.98,A
36,hotel/mongodb-user,8.18,170.85,400.43,0.0234,2,4684,829.7916,1.4347,1.525,0.046,A
36,hotel/profile,1501.6,40.37,1119.06,0.0,0,38095,6748.6999,5.4711,331.4193,3.28,A
36,hotel/rate,882.34,29.55,1119.14,0.0,0,30053,5324.0236,3.2148,331.4193,1.8,A
36,hotel/recommendation,522.16,21.98,1119.06,0.0,0,21961,3890.4895,1.9025,331.4193,0.967,A
36,hotel/reservation,1084.67,141.65,1119.06,0.0,0,25079,4442.8572,3.952,331.4193,2.33,A
36,hotel/search,1703.52,32.24,1119.06,0.0,0,35372,6266.3083,6.2068,331.4193,3.32,A
36,hotel/user,26.31,18.41,1119.06,0.0,0,8055,1426.9793,1.4347,331.4193,0.046,A
36,hotel2/consul,9.7,29.98,201.79,0.0,0,11561,2048.0829,1.4347,1.525,0.0153,A
36,hotel2/frontend,2880.41,100.57,1119.14,0.0,0,73341,12992.6867,10.4947,331.4193,5.36,A
36,hotel2/geo,644.43,23.93,1119.06,0.0,0,25464,4511.0617,2.348,331.4193,1.26,A
36,hotel2/jaeger,0.18,14.9,81.01,0.0,0,2048,362.8124,1.4347,1.525,0.0,A
36,hotel2/memcached-profile,123.84,8.19,79.25,0.0,0,12129,2148.7067,1.4347,331.4193,0.246,A
36,hotel2/memcached-rate,84.99,7.45,79.25,0.0,0,14639,2593.3644,1.4347,331.4193,0.184,A
36,hotel2/memcached-reserve,108.09,7.11,79.25,0.0,0,8070,1429.6367,1.4347,331.4193,0.215,A
36,hotel2/mongodb-geo,9.76,165.04,400.43,0.0781,16,7686,1361.6093,1.4347,1.525,0.0307,A
36,hotel2/mongodb-profile,9.73,164.77,400.43,0.0508,4,3410,604.0968,1.4347,1.525,0.0307,A
36,hotel2/mongodb-rate,10.25,164.38,400.43,0.1016,18,2697,477.7856,1.4347,331.4193,0.0153,A
36,hotel2/mongodb-recommendation,9.42,163.08,400.43,0.0664,14,679,326.4791,1.4347,1.525,0.0307,A
36,hotel2/mongodb-reservation,3991.18,284.23,400.43,0.0078,4,2655247,470388.9026,14.5418,331.4193,7.94,A
36,hotel2/mongodb-user,9.8,163.69,400.43,0.0781,16,1421,326.4791,1.4347,1.525,0.0307,A
36,hotel2/profile,1304.7,43.46,1119.06,0.0,0,33527,5939.4583,4.7537,331.4193,2.44,A
36,hotel2/rate,757.61,28.26,1119.14,0.0,0,25493,4516.1992,2.7603,331.4193,1.57,A
36,hotel2/recommendation,435.65,21.93,1119.06,0.0,0,19222,3405.2634,1.5873,331.4193,0.967,A
36,hotel2/reservation,808.53,134.68,1119.06,0.0,0,33469,5929.1833,2.9459,331.4193,1.81,A
36,hotel2/search,1453.63,28.4,1119.06,0.0,0,39037,6915.5795,5.2963,331.4193,2.95,A
36,hotel2/user,23.12,18.13,1119.06,0.0,0,10350,1833.5489,1.4347,331.4193,0.0614,A
36,sa1/customer-feedback,62966.4,3632.25,7135.73,0.0,0,513482,90965.6369,229.4173,331.4193,128.0,A
36,sa2/customer-feedback,50250.83,3531.6,7042.56,0.0,0,559516,99120.7663,183.0883,331.4193,114.0,A
36,sa3/customer-feedback,57954.62,3454.26,6978.61,0.0,0,612839,108567.1746,211.1569,331.4193,114.0,A
37,hotel/consul,11.39,32.55,201.79,0.0,0,11728,2126.1645,1.4347,318.3189,0.0,A
37,hotel/frontend,4140.7,114.38,1119.14,0.0,0,71647,12988.8566,16.0519,318.3189,7.73,A
37,hotel/geo,745.83,23.24,1119.06,0.0,0,25035,4538.5853,2.8913,318.3189,1.62,A
37,hotel/jaeger,0.23,14.88,81.01,0.0,0,0,326.4791,1.4347,1.525,0.0,A
37,hotel/memcached-profile,165.61,8.67,79.25,0.0,0,10435,1891.7571,1.4347,318.3189,0.352,A
37,hotel/memcached-rate,98.57,7.47,79.25,0.0,0,11603,2103.5033,1.4347,318.3189,0.184,A
37,hotel/memcached-reserve,139.49,7.16,79.25,0.0,0,7152,1296.5833,1.4347,318.3189,0.251,A
37,hotel/mongodb-geo,8.27,170.62,400.43,0.0234,2,4136,749.8138,1.4347,1.525,0.0167,A
37,hotel/mongodb-profile,8.98,172.26,400.43,0.0234,2,7521,1363.4791,1.4347,1.525,0.0167,A
37,hotel/mongodb-rate,7.99,171.86,400.43,0.0,0,1214,326.4791,1.4347,1.525,0.0335,A
37,hotel/mongodb-recommendation,8.12,170.23,400.43,0.0391,4,1695,326.4791,1.4347,1.525,0.0335,A
37,hotel/mongodb-reservation,3990.38,294.31,400.43,0.0117,6,2195465,398014.9902,15.4692,318.3189,8.64,A
37,hotel/mongodb-user,8.29,170.85,400.43,0.0,0,2046,370.9185,1.4347,1.525,0.0167,A
37,hotel/profile,1536.53,40.94,1119.06,0.0,0,32438,5880.6723,5.9566,318.3189,2.8,A
37,hotel/rate,940.73,30.54,1119.14,0.0,0,22893,4150.263,3.6469,318.3189,1.96,A
37,hotel/recommendation,538.4,23.26,1119.06,0.0,0,19903,3608.2071,2.0872,318.3189,1.0,A
37,hotel/reservation,1101.05,141.93,1119.06,0.0,0,30482,5526.0698,4.2684,318.3189,2.16,A
37,hotel/search,1729.47,31.2,1119.06,0.0,0,39967,7245.6018,6.7045,318.3189,3.2,A
37,hotel/user,34.31,17.48,1119.06,0.0,0,9762,1769.7492,1.4347,318.3189,0.0837,A
37,hotel2/consul,10.63,29.98,201.79,0.0,0,8592,1557.6403,1.4347,318.3189,0.0167,A
37,hotel2/frontend,2655.06,100.34,1119.14,0.0,0,42698,7740.7037,10.2927,318.3189,6.14,A
37,hotel2/geo,599.14,23.72,1119.06,0.0,0,21106,3826.2985,2.3226,318.3189,1.37,A
37,hotel2/jaeger,0.22,14.9,81.01,0.0,0,0,326.4791,1.4347,1.525,0.0,A
37,hotel2/memcached-profile,112.06,7.7,79.25,0.0,0,11225,2034.9759,1.4347,318.3189,0.251,A
37,hotel2/memcached-rate,73.81,7.45,79.25,0.0,0,10977,1990.016,1.4347,318.3189,0.184,A
37,hotel2/memcached-reserve,92.08,7.11,79.25,0.0,0,5853,1061.0881,1.4347,318.3189,0.234,A
37,hotel2/mongodb-geo,7.55,165.23,400.43,0.0,0,307,326.4791,1.4347,1.525,0.0167,A
37,hotel2/mongodb-profile,8.05,164.95,400.43,0.0,0,2204,399.5623,1.4347,1.525,0.0167,A
37,hotel2/mongodb-rate,7.81,164.38,400.43,0.0,0,1303,326.4791,1.4347,1.525,0.0167,A
37,hotel2/mongodb-recommendation,8.59,163.27,400.43,0.0273,2,2060,373.4566,1.4347,1.525,0.0167,A
37,hotel2/mongodb-reservation,3996.64,284.23,400.43,0.0508,6,2487155,450895.356,15.4935,318.3189,8.47,A
37,hotel2/mongodb-user,8.0,163.69,400.43,0.0,0,928,326.4791,1.4347,1.525,0.0167,A
37,hotel2/profile,1144.83,40.74,1119.06,0.0,0,33610,6093.1437,4.4381,318.3189,2.75,A
37,hotel2/rate,738.34,27.21,1119.14,0.0,0,25661,4652.0726,2.8623,318.3189,1.79,A
37,hotel2/recommendation,400.6,20.89,1119.06,0.0,0,19711,3573.3995,1.553,318.3189,1.04,A
37,hotel2/reservation,811.01,135.37,1119.06,0.0,0,22548,4087.7181,3.144,318.3189,1.82,A
37,hotel2/search,1374.91,31.17,1119.06,0.0,0,34596,6271.8953,5.33,318.3189,3.13,A
37,hotel2/user,19.59,17.89,1119.06,0.0,0,8687,1574.8628,1.4347,318.3189,0.0502,A
37,sa1/customer-feedback,56262.59,3631.09,7135.73,0.0,0,419357,76025.0663,218.109,318.3189,133.0,A
37,sa2/customer-feedback,61062.41,3531.75,7042.56,0.0,0,704294,127681.1835,236.7161,318.3189,145.0,A
37,sa3/customer-feedback,53360.58,3453.99,6978.61,0.0,0,599400,108664.9913,206.859,318.3189,126.0,A
38,hotel/consul,15.31,32.55,201.79,0.0,0,13644,2123.7927,1.4347,332.2641,0.0319,A
38,hotel/frontend,3807.63,110.55,1119.14,0.0,0,68609,10679.5145,14.0437,332.2641,8.02,A
38,hotel/geo,749.62,24.62,1119.06,0.0,0,46000,7160.2511,2.7648,332.2641,1.61,A
38,hotel/jaeger,0.18,14.88,81.01,0.0,0,0,326.4791,1.4347,1.525,0.0,A
38,hotel/memcached-profile,157.82,7.7,79.25,0.0,0,22473,3498.094,1.4347,332.2641,0.351,A
38,hotel/memcached-rate,94.71,7.48,79.25,0.0,0,20362,3169.5007,1.4347,332.2641,0.207,A
38,hotel/memcached-reserve,138.15,7.43,79.25,0.0,0,8316,1294.4489,1.4347,332.2641,0.287,A
38,hotel/mongodb-geo,5.92,170.8,400.43,0.0,0,920,326.4791,1.4347,1.525,0.0,A
38,hotel/mongodb-profile,7.53,172.26,400.43,0.0,0,3525,548.6932,1.4347,1.525,0.0319,A
38,hotel/mongodb-rate,9.53,172.04,400.43,0.0273,2,1099,326.4791,1.4347,1.525,0.0319,A
38,hotel/mongodb-recommendation,5.96,170.41,400.43,0.0,0,5056,787.005,1.4347,1.525,0.0159,A
38,hotel/mongodb-reservation,3995.01,294.47,400.43,0.0625,12,2789523,434210.5438,14.7348,332.2641,7.68,A
38,hotel/mongodb-user,9.01,170.85,400.43,0.0234,2,1272,326.4791,1.4347,1.525,0.0159,A
38,hotel/profile,1383.4,40.21,1119.06,0.0,0,45080,7017.046,5.1024,332.2641,2.85,A
38,hotel/rate,849.78,31.03,1119.14,0.0,0,45662,7107.6388,3.1342,332.2641,1.8,A
38,hotel/recommendation,553.7,22.48,1119.06,0.0,0,25712,4002.269,2.0422,332.2641,1.2,A
38,hotel/reservation,1103.22,140.77,1119.06,0.0,0,42543,6622.1426,4.069,332.2641,2.5,A
38,hotel/search,1630.22,31.72,1119.06,0.0,0,56597,8809.755,6.0127,332.2641,3.22,A
38,hotel/user,28.23,17.23,1119.06,0.0,0,6983,1086.9572,1.4347,332.2641,0.0637,A
38,hotel2/consul,11.4,29.98,201.79,0.0,0,15416,2399.6181,1.4347,332.2641,0.0159,A
38,hotel2/frontend,2782.65,100.72,1119.14,0.0,0,56093,8731.3035,10.2633,332.2641,5.45,A
38,hotel2/geo,626.09,23.56,1119.06,0.0,0,37063,5769.1388,2.3092,332.2641,1.37,A
38,hotel2/jaeger,0.23,14.9,81.01,0.0,0,1586,326.4791,1.4347,1.525,0.0159,A
38,hotel2/memcached-profile,115.55,7.7,79.25,0.0,0,18765,2920.9155,1.4347,332.2641,0.255,A
38,hotel2/memcached-rate,74.87,7.45,79.25,0.0,0,20628,3210.9056,1.4347,332.2641,0.143,A
38,hotel2/memcached-reserve,98.0,7.11,79.25,0.0,0,7537,1173.1916,1.4347,332.2641,0.223,A
38,hotel2/mongodb-geo,8.46,165.04,400.43,0.0273,2,1778,326.4791,1.4347,1.525,0.0,A
38,hotel2/mongodb-profile,6.99,164.92,400.43,0.0273,2,1525,326.4791,1.4347,1.525,0.0319,A
38,hotel2/mongodb-rate,6.31,164.56,400.43,0.0273,2,1202,326.4791,1.4347,1.525,0.0159,A
38,hotel2/mongodb-recommendation,5.56,163.27,400.43,0.0,0,607,326.4791,1.4347,1.525,0.0,A
38,hotel2/mongodb-reservation,4001.29,284.72,400.43,0.0039,2,2942841,458075.6606,14.758,332.2641,8.27,A
38,hotel2/mongodb-user,9.57,163.69,400.43,0.0273,2,2812,437.7093,1.4347,1.525,0.0478,A
38,hotel2/profile,1062.03,40.7,1119.06,0.0,0,47066,7326.1821,3.9171,332.2641,2.23,A
38,hotel2/rate,708.27,26.81,1119.14,0.0,0,36070,5614.5708,2.6123,332.2641,1.58,A
38,hotel2/recommendation,416.14,21.49,1119.06,0.0,0,26648,4147.9646,1.5348,332.2641,0.876,A
38,hotel2/reservation,800.04,135.68,1119.06,0.0,0,36972,5754.974,2.9508,332.2641,1.66,A
38,hotel2/search,1311.4,28.69,1119.06,0.0,0,54764,8524.4345,4.8368,332.2641,2.65,A
38,hotel2/user,19.38,17.89,1119.06,0.0,0,10982,1709.4321,1.4347,332.2641,0.0319,A
38,sa1/customer-feedback,71278.42,3630.66,7135.73,3.8711,40,451878,70338.2593,262.8963,332.2641,167.0,A
38,sa2/customer-feedback,55792.08,3529.0,7042.56,3.9727,40,1155407,179847.9173,205.778,332.2641,92.7,A
38,sa3/customer-feedback,53299.61,3455.67,6978.61,3.8672,36,1054000,164063.1438,196.585,332.2641,107.0,A
39,hotel/consul,11.83,32.62,201.79,0.0,0,15999,2649.5016,1.4347,286.7162,0.0339,A
39,hotel/frontend,3610.07,110.95,1119.14,0.0,0,65450,10838.7951,10.3635,286.7162,8.67,A
39,hotel/geo,716.15,24.56,1119.06,0.0,0,28715,4755.3247,2.0559,286.7162,1.51,A
39,hotel/jaeger,0.18,14.88,81.01,0.0,0,1540,326.4791,1.4347,1.525,0.0,A
39,hotel/memcached-profile,140.63,8.2,79.25,0.0,0,13668,2263.4782,1.4347,286.7162,0.322,A
39,hotel/memcached-rate,94.31,7.46,79.25,0.0,0,11535,1910.2445,1.4347,286.7162,0.187,A
39,hotel/memcached-reserve,131.53,7.41,79.25,0.0,0,11945,1978.1422,1.4347,286.7162,0.288,A
39,hotel/mongodb-geo,8.34,170.8,400.43,0.0234,2,2393,396.2909,1.4347,1.525,0.017,A
39,hotel/mongodb-profile,8.56,172.26,400.43,0.0234,2,4348,720.0471,1.4347,1.525,0.017,A
39,hotel/mongodb-rate,7.13,171.86,400.43,0.0,0,4631,766.9131,1.4347,1.525,0.017,A
39,hotel/mongodb-recommendation,8.06,170.23,400.43,0.0234,2,2891,478.7617,1.4347,1.525,0.0339,A
39,hotel/mongodb-reservation,4013.21,294.44,400.43,0.0078,4,2684804,444614.8252,11.5208,286.7162,8.16,A
39,hotel/mongodb-user,7.61,170.85,400.43,0.0,0,1711,326.4791,1.4347,1.525,0.017,A
39,hotel/profile,1490.36,41.35,1119.06,0.0,0,41155,6815.441,4.2784,286.7162,3.09,A
39,hotel/rate,878.99,29.78,1119.14,0.0,0,35534,5884.5797,2.5233,286.7162,1.81,A
39,hotel/recommendation,508.12,23.56,1119.06,0.0,0,23276,3854.6034,1.4587,286.7162,1.03,A
39,hotel/reservation,1009.96,140.35,1119.06,0.0,0,36565,6055.3177,2.8993,286.7162,2.07,A
39,hotel/search,1644.0,32.27,1119.06,0.0,0,48735,8070.7208,4.7195,286.7162,3.46,A
39,hotel/user,30.71,17.47,1119.06,0.0,0,10715,1774.449,1.4347,286.7162,0.0509,A
39,hotel2/consul,11.51,29.98,201.79,0.0,0,9978,1652.3987,1.4347,286.7162,0.0339,A
39,hotel2/frontend,2039.45,100.98,1119.14,0.0,0,50891,8427.7635,5.8547,286.7162,4.53,A
39,hotel2/geo,495.46,24.02,1119.06,0.0,0,36062,5972.0187,1.4347,286.7162,1.14,A
39,hotel2/jaeger,0.25,14.9,81.01,0.0,0,802,326.4791,1.4347,1.525,0.0,A
39,hotel2/memcached-profile,98.75,7.71,79.25,0.0,0,14345,2375.5923,1.4347,286.7162,0.237,A
39,hotel2/memcached-rate,61.0,7.45,79.25,0.0,0,22546,3733.7123,1.4347,286.7162,0.136,A
39,hotel2/memcached-reserve,68.86,7.11,79.25,0.0,0,7487,1239.8787,1.4347,286.7162,0.17,A
39,hotel2/mongodb-geo,7.81,165.04,400.43,0.0,0,1704,326.4791,1.4347,1.525,0.0339,A
39,hotel2/mongodb-profile,6.81,164.76,400.43,0.0,0,2585,428.0869,1.4347,1.525,0.0339,A
39,hotel2/mongodb-rate,6.94,164.38,400.43,0.0,0,4657,771.2188,1.4347,1.525,0.017,A
39,hotel2/mongodb-recommendation,8.08,163.08,400.43,0.0273,2,2596,429.9085,1.4347,1.525,0.017,A
39,hotel2/mongodb-reservation,3987.72,284.2,400.43,0.0508,4,2624777,434674.1018,11.4476,286.7162,8.8,A
39,hotel2/mongodb-user,7.19,163.88,400.43,0.0,0,2810,465.3478,1.4347,1.525,0.017,A
39,hotel2/profile,924.91,40.52,1119.06,0.0,0,31725,5253.7933,2.6552,286.7162,1.93,A
39,hotel2/rate,566.56,29.44,1119.14,0.0,0,35869,5940.0571,1.6264,286.7162,1.24,A
39,hotel2/recommendation,351.88,21.61,1119.06,0.0,0,18482,3060.6969,1.4347,286.7162,0.712,A
39,hotel2/reservation,629.55,132.82,1119.06,0.0,0,29009,4804.0123,1.8073,286.7162,1.56,A
39,hotel2/search,1078.84,27.79,1119.06,0.0,0,40187,6655.1361,3.097,286.7162,2.43,A
39,hotel2/user,19.14,17.37,1119.06,0.0,0,12095,2002.9828,1.4347,286.7162,0.0509,A
39,sa1/customer-feedback,67403.39,3631.02,7135.73,0.0,0,532149,88126.1107,193.4964,286.7162,128.0,A
39,sa2/customer-feedback,66467.02,3528.84,7042.56,0.0,0,523417,86680.0548,190.8083,286.7162,143.0,A
39,sa3/customer-feedback,54957.21,3456.5,6978.61,0.0,0,828854,137261.7056,157.7669,286.7162,132.0,A
40,hotel/consul,12.03,32.62,201.79,0.0,0,17060,3147.8179,1.4347,301.6624,0.0235,A
40,hotel/frontend,3477.14,112.2,1119.14,0.0,0,68389,12618.7642,11.1601,301.6624,7.22,A
40,hotel/geo,725.61,23.59,1119.06,0.0,0,29008,5352.3975,2.3289,301.6624,1.61,A
40,hotel/jaeger,0.29,14.88,81.01,0.0,0,2970,548.0082,1.4347,1.525,0.0,A
40,hotel/memcached-profile,131.85,9.18,79.25,0.0,0,12352,2279.1235,1.4347,301.6624,0.294,A
40,hotel/memcached-rate,90.6,7.48,79.25,0.0,0,15357,2833.5896,1.4347,301.6624,0.2,A
40,hotel/memcached-reserve,118.21,7.41,79.25,0.0,0,5395,995.4559,1.4347,301.6624,0.27,A
40,hotel/mongodb-geo,8.16,171.05,400.43,0.0,0,1744,326.4791,1.4347,1.525,0.0235,A
40,hotel/mongodb-profile,8.62,172.45,400.43,0.0,0,1007,326.4791,1.4347,1.525,0.0118,A
40,hotel/mongodb-rate,9.82,171.86,400.43,0.0273,2,1186,326.4791,1.4347,1.525,0.0118,A
40,hotel/mongodb-recommendation,8.6,170.23,400.43,0.0,0,1050,326.4791,1.4347,1.525,0.0118,A
40,hotel/mongodb-reservation,3992.15,294.21,400.43,0.0547,8,2485328,458579.127,12.813,301.6624,8.66,A
40,hotel/mongodb-user,9.51,170.85,400.43,0.0234,2,779,326.4791,1.4347,1.525,0.0235,A
40,hotel/profile,1306.3,41.34,1119.06,0.0,0,32399,5978.0862,4.1926,301.6624,2.8,A
40,hotel/rate,828.51,30.49,1119.14,0.0,0,30878,5697.4396,2.6591,301.6624,1.89,A
40,hotel/recommendation,469.93,23.59,1119.06,0.0,0,19007,3507.0677,1.5083,301.6624,0.999,A
40,hotel/reservation,976.71,141.26,1119.06,0.0,0,24543,4528.5401,3.1348,301.6624,2.08,A
40,hotel/search,1634.75,34.34,1119.06,0.0,0,32270,5954.2839,5.2468,301.6624,3.5,A
40,hotel/user,23.76,17.68,1119.06,0.0,0,6944,1281.2689,1.4347,301.6624,0.047,A
40,hotel2/consul,11.6,29.98,201.79,0.0,0,16706,3082.4997,1.4347,301.6624,0.0353,A
40,hotel2/frontend,2645.77,96.54,1119.14,0.0,0,50674,9350.0893,8.4917,301.6624,5.51,A
40,hotel2/geo,613.47,25.62,1119.06,0.0,0,23952,4419.492,1.969,301.6624,1.3,A
40,hotel2/jaeger,0.21,14.9,81.01,0.0,0,0,326.4791,1.4347,1.525,0.0,A
40,hotel2/memcached-profile,102.97,8.19,79.25,0.0,0,16901,3118.4801,1.4347,301.6624,0.223,A
40,hotel2/memcached-rate,75.15,7.45,79.25,0.0,0,15232,2810.5253,1.4347,301.6624,0.165,A
40,hotel2/memcached-reserve,90.74,7.11,79.25,0.0,0,8218,1516.3404,1.4347,301.6624,0.2,A
40,hotel2/mongodb-geo,9.59,165.04,400.43,0.0273,2,882,326.4791,1.4347,1.525,0.0235,A
40,hotel2/mongodb-profile,9.31,164.92,400.43,0.0273,2,1493,326.4791,1.4347,1.525,0.0235,A
40,hotel2/mongodb-rate,9.08,164.38,400.43,0.0273,2,3684,679.7515,1.4347,1.525,0.0235,A
40,hotel2/mongodb-recommendation,8.3,163.08,400.43,0.0,0,2384,439.8826,1.4347,1.525,0.0353,A
40,hotel2/mongodb-reservation,4011.87,284.3,400.43,0.0117,6,2543452,469303.8495,12.8763,301.6624,8.46,A
40,hotel2/mongodb-user,10.0,163.69,400.43,0.0273,2,1323,326.4791,1.4347,1.525,0.0235,A
40,hotel2/profile,1092.39,39.81,1119.06,0.0,0,28657,5287.6329,3.5061,301.6624,2.55,A
40,hotel2/rate,713.17,28.79,1119.14,0.0,0,22285,4111.9063,2.289,301.6624,1.47,A
40,hotel2/recommendation,401.58,21.72,1119.06,0.0,0,19635,3622.9428,1.4347,301.6624,0.87,A
40,hotel2/reservation,827.83,133.49,1119.06,0.0,0,26763,4938.1624,2.657,301.6624,1.65,A
40,hotel2/search,1414.03,29.48,1119.06,0.0,0,38823,7163.4076,4.5384,301.6624,3.09,A
40,hotel2/user,19.02,17.62,1119.06,0.0,0,6905,1274.0728,1.4347,301.6624,0.047,A
40,sa1/customer-feedback,58768.05,3630.62,7135.73,0.0,0,582704,107517.3545,188.619,301.6624,137.0,A
40,sa2/customer-feedback,54863.68,3530.52,7042.56,0.0,0,465625,85914.5779,176.0877,301.6624,115.0,A
40,sa3/customer-feedback,58593.35,3457.02,6978.61,0.0,0,691544,127599.9159,188.0583,301.6624,137.0,A
41,hotel/consul,11.24,32.62,201.79,0.0,0,10572,1827.0823,1.4347,263.6967,0.0303,A
41,hotel/frontend,3164.85,111.03,1119.14,0.0,0,80012,13827.8949,10.4941,263.6967,4.99,A
41,hotel/geo,634.26,23.98,1119.06,0.0,0,20063,3467.3431,2.1031,263.6967,1.18,A
41,hotel/jaeger,0.21,14.88,81.01,0.0,0,990,326.4791,1.4347,1.525,0.0,A
41,hotel/memcached-profile,119.82,7.69,79.25,0.0,0,13354,2307.8752,1.4347,263.6967,0.212,A
41,hotel/memcached-rate,81.81,7.71,79.25,0.0,0,13276,2294.395,1.4347,263.6967,0.166,A
41,hotel/memcached-reserve,101.72,7.16,79.25,0.0,0,6455,1115.5709,1.4347,263.6967,0.166,A
41,hotel/mongodb-geo,9.73,170.81,400.43,0.0898,18,1522,326.4791,1.4347,1.525,0.0303,A
41,hotel/mongodb-profile,9.02,172.26,400.43,0.0742,14,1160,326.4791,1.4347,1.525,0.0151,A
41,hotel/mongodb-rate,8.52,171.86,400.43,0.0,0,1214,326.4791,1.4347,1.525,0.0303,A
41,hotel/mongodb-recommendation,10.09,170.23,400.43,0.043,10,4509,779.2578,1.4347,263.6967,0.0151,A
41,hotel/mongodb-reservation,4006.7,294.41,400.43,0.0,0,2568995,443980.8151,13.2856,263.6967,8.53,A
41,hotel/mongodb-user,7.79,170.85,400.43,0.0,0,423,326.4791,1.4347,1.525,0.0151,A
41,hotel/profile,1255.84,40.95,1119.06,0.0,0,28499,4925.2759,4.1642,263.6967,2.22,A
41,hotel/rate,770.49,37.78,1119.14,0.0,0,26726,4618.8612,2.5548,263.6967,1.42,A
41,hotel/recommendation,468.28,23.7,1119.06,0.0,0,15455,2670.9758,1.5527,263.6967,0.908,A
41,hotel/reservation,898.45,140.89,1119.06,0.0,0,47641,8233.4493,2.9791,263.6967,1.59,A
41,hotel/search,1447.49,31.38,1119.06,0.0,0,38593,6669.7489,4.7996,263.6967,2.51,A
41,hotel/user,22.99,18.12,1119.06,0.0,0,10839,1873.2259,1.4347,263.6967,0.0303,A
41,hotel2/consul,10.32,29.98,201.79,0.0,0,17309,2991.3892,1.4347,263.6967,0.0303,A
41,hotel2/frontend,2211.31,98.34,1119.14,0.0,0,45886,7930.1453,7.3323,263.6967,4.45,A
41,hotel2/geo,558.82,25.3,1119.06,0.0,0,18467,3191.518,1.853,263.6967,1.21,A
41,hotel2/jaeger,0.21,14.9,81.01,0.0,0,1974,341.1521,1.4347,1.525,0.0,A
41,hotel2/memcached-profile,89.1,7.95,79.25,0.0,0,11102,1918.6783,1.4347,263.6967,0.197,A
41,hotel2/memcached-rate,65.52,7.45,79.25,0.0,0,14487,2503.6834,1.4347,263.6967,0.121,A
41,hotel2/memcached-reserve,76.06,7.11,79.25,0.0,0,5084,878.6309,1.4347,263.6967,0.166,A
41,hotel2/mongodb-geo,7.46,165.04,400.43,0.0,0,2489,430.1559,1.4347,1.525,0.0303,A
41,hotel2/mongodb-profile,7.57,164.76,400.43,0.0,0,2492,430.6743,1.4347,1.525,0.0303,A
41,hotel2/mongodb-rate,8.55,164.56,400.43,0.0,0,655,326.4791,1.4347,1.525,0.0151,A
41,hotel2/mongodb-recommendation,9.15,163.08,400.43,0.0273,2,1346,326.4791,1.4347,1.525,0.0303,A
41,hotel2/mongodb-reservation,3989.77,284.33,400.43,0.1406,20,2757705,476594.1988,13.2294,263.6967,7.84,A
41,hotel2/mongodb-user,7.67,163.69,400.43,0.0,0,1933,334.0664,1.4347,1.525,0.0303,A
41,hotel2/profile,1118.62,41.24,1119.06,0.0,0,27264,4711.8398,3.7092,263.6967,2.01,A
41,hotel2/rate,636.3,28.96,1119.14,0.0,0,23541,4068.4207,2.1099,263.6967,1.3,A
41,hotel2/recommendation,358.19,22.77,1119.06,0.0,0,16245,2807.5058,1.4347,263.6967,0.741,A
41,hotel2/reservation,664.73,135.41,1119.06,0.0,0,21422,3702.2092,2.2041,263.6967,1.39,A
41,hotel2/search,1252.89,31.63,1119.06,0.0,0,32157,5557.4616,4.1544,263.6967,2.36,A
41,hotel2/user,14.84,17.62,1119.06,0.0,0,8623,1490.2507,1.4347,263.6967,0.0303,A
41,sa1/customer-feedback,60799.48,3631.94,7135.73,0.0,0,471506,81486.9699,201.601,263.6967,153.0,A
41,sa2/customer-feedback,67543.82,3531.53,7042.56,0.0,0,588423,101692.8889,223.9641,263.6967,177.0,A
41,sa3/customer-feedback,47765.36,3456.7,6978.61,0.0,0,556872,96240.1579,158.382,263.6967,57.3,A
42,hotel/consul,12.54,32.62,201.79,0.0,0,14683,2364.7806,1.4347,312.1453,0.0151,A
42,hotel/frontend,4020.77,115.26,1119.14,0.0,0,69279,11157.7768,13.0934,312.1453,7.46,A
42,hotel/geo,777.77,24.82,1119.06,0.0,0,36217,5832.9538,2.5328,312.1453,1.48,A
42,hotel/jaeger,0.19,14.88,81.01,0.0,0,3105,500.0779,1.4347,1.525,0.0,A
42,hotel/memcached-profile,156.28,7.7,79.25,0.0,0,16024,2580.7563,1.4347,312.1453,0.288,A
42,hotel/memcached-rate,100.28,7.48,79.25,0.0,0,21121,3401.6571,1.4347,312.1453,0.197,A
42,hotel/memcached-reserve,139.23,7.19,79.25,0.0,0,7784,1253.6575,1.4347,312.1453,0.272,A
42,hotel/mongodb-geo,7.83,170.62,400.43,0.0,0,2784,448.379,1.4347,1.525,0.0151,A
42,hotel/mongodb-profile,8.68,172.27,400.43,0.0,0,1422,326.4791,1.4347,1.525,0.0303,A
42,hotel/mongodb-rate,7.91,172.04,400.43,0.043,4,5027,809.6269,1.4347,1.525,0.0303,A
42,hotel/mongodb-recommendation,6.97,170.24,400.43,0.0,0,2526,406.8267,1.4347,1.525,0.0303,A
42,hotel/mongodb-reservation,3983.82,294.36,400.43,0.0703,14,2543134,409586.1889,12.973,312.1453,8.29,A
42,hotel/mongodb-user,9.84,170.86,400.43,0.043,10,1427,326.4791,1.4347,1.525,0.0151,A
42,hotel/profile,1497.57,40.72,1119.06,0.0,0,48554,7819.8977,4.8767,312.1453,2.89,A
42,hotel/rate,931.13,29.59,1119.14,0.0,0,40558,6532.0965,3.0322,312.1453,1.66,A
42,hotel/recommendation,556.9,24.46,1119.06,0.0,0,24416,3932.3356,1.8135,312.1453,1.09,A
42,hotel/reservation,1139.25,142.11,1119.06,0.0,0,41877,6744.5289,3.7099,312.1453,2.1,A
42,hotel/search,1637.73,30.57,1119.06,0.0,0,49486,7970.0016,5.3332,312.1453,3.01,A
42,hotel/user,32.95,17.93,1119.06,0.0,0,8433,1358.1826,1.4347,312.1453,0.0757,A
42,hotel2/consul,15.08,29.98,201.79,0.0,0,13227,2130.2835,1.4347,312.1453,0.0151,A
42,hotel2/frontend,2293.85,98.41,1119.14,0.0,0,49716,8007.0444,7.4698,312.1453,4.65,A
42,hotel2/geo,547.35,23.12,1119.06,0.0,0,37818,6090.8039,1.7824,312.1453,1.07,A
42,hotel2/jaeger,0.28,14.9,81.01,0.0,0,0,326.4791,1.4347,1.525,0.0,A
42,hotel2/memcached-profile,89.65,7.7,79.25,0.0,0,20931,3371.0565,1.4347,312.1453,0.166,A
42,hotel2/memcached-rate,64.0,7.45,79.25,0.0,0,16339,2631.4888,1.4347,312.1453,0.121,A
42,hotel2/memcached-reserve,78.12,7.36,79.25,0.0,0,6819,1098.2387,1.4347,312.1453,0.136,A
42,hotel2/mongodb-geo,9.18,165.04,400.43,0.0273,2,1550,326.4791,1.4347,1.525,0.0151,A
42,hotel2/mongodb-profile,9.62,164.76,400.43,0.0273,2,1241,326.4791,1.4347,1.525,0.0454,A
42,hotel2/mongodb-rate,7.65,164.56,400.43,0.0273,2,376,326.4791,1.4347,1.525,0.0151,A
42,hotel2/mongodb-recommendation,6.95,163.08,400.43,0.0,0,3479,560.3127,1.4347,1.525,0.0303,A
42,hotel2/mongodb-reservation,4000.87,284.45,400.43,0.0039,2,2965266,477572.9474,13.0286,312.1453,7.84,A
42,hotel2/mongodb-user,9.98,163.7,400.43,0.0547,4,316,326.4791,1.4347,1.525,0.0303,A
42,hotel2/profile,938.53,40.72,1119.06,0.0,0,35324,5689.131,3.0563,312.1453,1.74,A
42,hotel2/rate,616.01,27.91,1119.14,0.0,0,38784,6246.3837,2.006,312.1453,1.14,A
42,hotel2/recommendation,365.16,20.34,1119.06,0.0,0,21735,3500.5453,1.4347,312.1453,0.772,A
42,hotel2/reservation,743.9,135.12,1119.06,0.0,0,31810,5123.1813,2.4225,312.1453,1.38,A
42,hotel2/search,1173.89,28.39,1119.06,0.0,0,46920,7556.7327,3.8227,312.1453,2.29,A
42,hotel2/user,17.41,17.38,1119.06,0.0,0,12104,1949.418,1.4347,312.1453,0.0303,A
42,sa1/customer-feedback,78074.22,3632.75,7135.73,0.0,0,467131,75234.1033,254.2432,312.1453,195.0,A
42,sa2/customer-feedback,50016.12,3531.95,7042.56,0.0,0,977548,157439.663,162.874,312.1453,53.3,A
42,sa3/customer-feedback,55367.23,3457.01,6978.61,0.0,0,1168162,188139.1313,180.2995,312.1453,124.0,A
43,hotel/consul,13.23,32.62,201.79,0.0,0,16315,2876.4145,1.4347,318.3708,0.0168,A
43,hotel/frontend,4143.35,113.84,1119.14,0.0,0,100276,17679.1508,15.2108,318.3708,8.34,A
43,hotel/geo,774.29,23.8,1119.06,0.0,0,29689,5234.3164,2.8425,318.3708,1.58,A
43,hotel/jaeger,0.25,14.88,81.01,0.0,0,2100,370.2403,1.4347,1.525,0.0,A
43,hotel/memcached-profile,163.31,7.69,79.25,0.0,0,15038,2651.2732,1.4347,318.3708,0.335,A
43,hotel/memcached-rate,101.86,7.48,79.25,0.0,0,12129,2138.4022,1.4347,318.3708,0.218,A
43,hotel/memcached-reserve,136.04,7.66,79.25,0.0,0,8260,1456.2785,1.4347,318.3708,0.285,A
43,hotel/mongodb-geo,9.94,170.63,400.43,0.0273,2,684,326.4791,1.4347,1.525,0.0168,A
43,hotel/mongodb-profile,10.01,172.26,400.43,0.0273,2,893,326.4791,1.4347,318.3708,0.0335,A
43,hotel/mongodb-rate,9.64,171.86,400.43,0.0508,12,569,326.4791,1.4347,1.525,0.0168,A
43,hotel/mongodb-recommendation,9.69,170.23,400.43,0.0273,2,342,326.4791,1.4347,1.525,0.0335,A
43,hotel/mongodb-reservation,3999.66,294.43,400.43,0.0195,10,2287824,403354.5954,14.6833,318.3708,8.55,A
43,hotel/mongodb-user,9.16,170.85,400.43,0.0,0,339,326.4791,1.4347,1.525,0.0335,A
43,hotel/profile,1620.46,40.98,1119.06,0.0,0,36075,6360.1995,5.9489,318.3708,2.85,A
43,hotel/rate,984.14,30.16,1119.14,0.0,0,30476,5373.0683,3.6129,318.3708,2.26,A
43,hotel/recommendation,545.12,23.88,1119.06,0.0,0,19092,3366.0133,2.0012,318.3708,1.11,A
43,hotel/reservation,1167.68,140.78,1119.06,0.0,0,36118,6367.7806,4.2867,318.3708,2.3,A
43,hotel/search,1794.67,31.61,1119.06,0.0,0,43727,7709.2846,6.5885,318.3708,3.84,A
43,hotel/user,28.46,17.93,1119.06,0.0,0,7748,1366.0104,1.4347,318.3708,0.0671,A
43,hotel2/consul,12.78,29.98,201.79,0.0,0,11086,1954.5162,1.4347,318.3708,0.0335,A
43,hotel2/frontend,3173.85,97.92,1119.14,0.0,0,52756,9301.1416,11.6516,318.3708,5.64,A
43,hotel2/geo,694.94,24.21,1119.06,0.0,0,20874,3680.1886,2.5512,318.3708,1.38,A
43,hotel2/jaeger,0.25,14.9,81.01,0.0,0,0,326.4791,1.4347,1.525,0.0,A
43,hotel2/memcached-profile,118.96,8.19,79.25,0.0,0,11446,2017.986,1.4347,318.3708,0.252,A
43,hotel2/memcached-rate,82.37,7.45,79.25,0.0,0,15465,2726.5554,1.4347,318.3708,0.168,A
43,hotel2/memcached-reserve,110.84,7.11,79.25,0.0,0,7230,1274.6845,1.4347,318.3708,0.218,A
43,hotel2/mongodb-geo,8.94,165.04,400.43,0.0,0,2490,438.9992,1.4347,1.525,0.0168,A
43,hotel2/mongodb-profile,9.31,164.76,400.43,0.0,0,999,326.4791,1.4347,1.525,0.0335,A
43,hotel2/mongodb-rate,8.88,164.56,400.43,0.0,0,1522,326.4791,1.4347,1.525,0.0335,A
43,hotel2/mongodb-recommendation,10.0,163.08,400.43,0.0273,2,3577,630.6426,1.4347,1.525,0.0503,A
43,hotel2/mongodb-reservation,4001.88,283.91,400.43,0.0664,10,2544458,448600.4286,14.6914,318.3708,8.75,A
43,hotel2/mongodb-user,9.1,163.7,400.43,0.0,0,4206,741.5384,1.4347,1.525,0.0168,A
43,hotel2/profile,1386.02,39.9,1119.06,0.0,0,35032,6176.3135,5.0883,318.3708,2.36,A
43,hotel2/rate,800.39,28.43,1119.14,0.0,0,29854,5263.4067,2.9383,318.3708,1.58,A
43,hotel2/recommendation,447.12,20.7,1119.06,0.0,0,17058,3007.4091,1.6414,318.3708,0.956,A
43,hotel2/reservation,875.43,136.7,1119.06,0.0,0,24686,4352.2629,3.2138,318.3708,1.83,A
43,hotel2/search,1496.8,27.04,1119.06,0.0,0,37026,6527.8655,5.495,318.3708,2.92,A
43,hotel2/user,19.89,17.62,1119.06,0.0,0,6257,1103.1398,1.4347,318.3708,0.0503,A
43,sa1/customer-feedback,80668.13,3634.03,7135.73,0.0,0,338728,59719.4082,296.1436,318.3708,208.0,A
43,sa2/customer-feedback,49837.29,3532.33,7042.56,0.0,0,594933,104889.6067,182.9594,318.3708,160.0,A
43,sa3/customer-feedback,43382.72,3458.37,6978.61,0.0,0,655943,115645.969,159.2638,318.3708,31.4,A
44,hotel/consul,13.75,32.62,201.79,0.0,0,11382,1879.4056,1.4347,344.518,0.0332,A
44,hotel/frontend,4409.0,112.98,1119.14,0.0,0,72243,11928.8259,17.3297,344.518,10.5,A
44,hotel/geo,848.75,24.91,1119.06,0.0,0,32052,5292.4536,3.336,344.518,1.98,A
44,hotel/jaeger,0.23,14.88,81.01,0.0,0,1211,326.4791,1.4347,1.525,0.0,A
44,hotel/memcached-profile,176.17,8.18,79.25,0.0,0,12516,2066.6526,1.4347,344.518,0.415,A
44,hotel/memcached-rate,105.73,7.48,79.25,0.0,0,16088,2656.4643,1.4347,344.518,0.249,A
44,hotel/memcached-reserve,149.91,7.16,79.25,0.0,0,6768,1117.5379,1.4347,344.518,0.365,A
44,hotel/mongodb-geo,8.5,170.62,400.43,0.0,0,1414,326.4791,1.4347,1.525,0.0332,A
44,hotel/mongodb-profile,8.39,172.26,400.43,0.0,0,1114,326.4791,1.4347,1.525,0.0332,A
44,hotel/mongodb-rate,8.58,172.04,400.43,0.0273,2,4775,788.4521,1.4347,1.525,0.0166,A
44,hotel/mongodb-recommendation,8.41,170.23,400.43,0.0,0,7468,1233.1225,1.4347,1.525,0.0166,A
44,hotel/mongodb-reservation,4069.98,294.39,400.43,0.0977,12,2504542,413552.1145,15.9971,344.518,8.0,A
44,hotel/mongodb-user,9.33,170.85,400.43,0.0273,2,1536,326.4791,1.4347,1.525,0.0166,A
44,hotel/profile,1710.93,41.79,1119.06,0.0,0,34578,5709.5489,6.7248,344.518,3.83,A
44,hotel/rate,1016.67,31.79,1119.14,0.0,0,30852,5094.3086,3.996,344.518,2.22,A
44,hotel/recommendation,561.11,23.25,1119.06,0.0,0,20601,3401.6547,2.2055,344.518,1.28,A
44,hotel/reservation,1182.3,140.41,1119.06,0.0,0,33059,5458.7303,4.6471,344.518,2.9,A
44,hotel/search,1913.95,35.66,1119.06,0.0,0,41099,6786.302,7.5228,344.518,4.55,A
44,hotel/user,32.79,17.93,1119.06,0.0,0,8675,1432.4234,1.4347,344.518,0.0664,A
44,hotel2/consul,12.83,29.98,201.79,0.0,0,12859,2123.2891,1.4347,344.518,0.0332,A
44,hotel2/frontend,3552.92,100.89,1119.14,0.0,0,55163,9108.5617,13.9648,344.518,7.07,A
44,hotel2/geo,678.77,23.85,1119.06,0.0,0,27312,4509.7808,2.6679,344.518,1.41,A
44,hotel2/jaeger,0.26,14.9,81.01,0.0,0,4305,710.8453,1.4347,1.525,0.0,A
44,hotel2/memcached-profile,126.33,7.94,79.25,0.0,0,18451,3046.6449,1.4347,344.518,0.249,A
44,hotel2/memcached-rate,89.49,7.45,79.25,0.0,0,12649,2088.6137,1.4347,344.518,0.149,A
44,hotel2/memcached-reserve,112.58,7.11,79.25,0.0,0,6059,1000.4673,1.4347,344.518,0.199,A
44,hotel2/mongodb-geo,9.4,165.04,400.43,0.0273,2,654,326.4791,1.4347,1.525,0.0166,A
44,hotel2/mongodb-profile,9.46,164.76,400.43,0.0273,2,4625,763.684,1.4347,1.525,0.0332,A
44,hotel2/mongodb-rate,8.35,164.38,400.43,0.0273,2,1803,326.4791,1.4347,1.525,0.0166,A
44,hotel2/mongodb-recommendation,8.32,163.08,400.43,0.0,0,791,326.4791,1.4347,1.525,0.0166,A
44,hotel2/mongodb-reservation,4011.33,283.92,400.43,0.0039,2,2697904,445480.2132,15.7666,344.518,8.66,A
44,hotel2/mongodb-user,9.51,163.7,400.43,0.0312,2,929,326.4791,1.4347,1.525,0.0332,A
44,hotel2/profile,1330.8,42.64,1119.06,0.0,0,33654,5556.9772,5.2307,344.518,2.62,A
44,hotel2/rate,842.53,28.29,1119.14,0.0,0,27588,4555.3541,3.3116,344.518,1.58,A
44,hotel2/recommendation,475.43,21.27,1119.06,0.0,0,17575,2901.999,1.8687,344.518,0.93,A
44,hotel2/reservation,860.92,136.95,1119.06,0.0,0,30509,5037.6721,3.3839,344.518,1.74,A
44,hotel2/search,1512.86,31.39,1119.06,0.0,0,37940,6264.6852,5.9463,344.518,2.95,A
44,hotel2/user,26.72,17.54,1119.06,0.0,0,7700,1271.4306,1.4347,344.518,0.083,A
44,sa1/customer-feedback,68068.51,3632.07,7135.73,3.8203,38,366534,60522.4072,267.5445,344.518,84.4,A
44,sa2/customer-feedback,42915.9,3531.22,7042.56,3.6797,36,929169,153425.179,168.6817,344.518,128.0,A
44,sa3/customer-feedback,56345.0,3458.52,6978.61,3.7695,36,905516,149519.5755,221.465,344.518,158.0,A
45,hotel/consul,14.03,32.62,201.79,0.0,0,11255,1733.2854,1.4347,354.602,0.0157,A
45,hotel/frontend,4888.75,113.43,1119.14,0.0,0,80651,12420.3641,21.3105,354.602,9.35,A
45,hotel/geo,819.31,23.31,1119.06,0.0,0,33288,5126.3975,3.5714,354.602,1.58,A
45,hotel/jaeger,1.38,14.88,81.01,0.0,0,35,326.4791,1.4347,1.525,0.0,A
45,hotel/memcached-profile,166.74,7.95,79.25,0.0,0,13705,2110.5887,1.4347,354.602,0.345,A
45,hotel/memcached-rate,109.19,7.49,79.25,0.0,0,15416,2374.0851,1.4347,354.602,0.219,A
45,hotel/memcached-reserve,153.89,7.17,79.25,0.0,0,9273,1428.0547,1.4347,354.602,0.282,A
45,hotel/mongodb-geo,8.89,170.63,400.43,0.043,4,7262,1118.3579,1.4347,1.525,0.0157,A
45,hotel/mongodb-profile,9.14,172.51,400.43,0.0273,2,2279,350.9691,1.4347,1.525,0.0313,A
45,hotel/mongodb-rate,6.38,172.04,400.43,0.0,0,912,326.4791,1.4347,1.525,0.0157,A
45,hotel/mongodb-recommendation,9.1,170.23,400.43,0.0273,2,3919,603.5314,1.4347,1.525,0.0157,A
45,hotel/mongodb-reservation,3928.26,294.05,400.43,0.0117,6,2957084,455394.974,17.1236,354.602,8.0,A
45,hotel/mongodb-user,8.28,170.85,400.43,0.0,0,1488,326.4791,1.4347,1.525,0.0157,A
45,hotel/profile,1709.92,40.84,1119.06,0.0,0,47200,7268.8645,7.4537,354.602,3.05,A
45,hotel/rate,991.77,31.73,1119.14,0.0,0,36585,5634.14,4.3232,354.602,1.97,A
45,hotel/recommendation,561.0,22.51,1119.06,0.0,0,27258,4197.7692,2.4454,354.602,1.19,A
45,hotel/reservation,1267.37,141.78,1119.06,0.0,0,38522,5932.4406,5.5246,354.602,2.22,A
45,hotel/search,1856.04,32.77,1119.06,0.0,0,48468,7464.1382,8.0906,354.602,3.65,A
45,hotel/user,33.32,17.97,1119.06,0.0,0,8398,1293.3035,1.4347,354.602,0.0627,A
45,hotel2/consul,13.5,29.98,201.79,0.0,0,14251,2194.6735,1.4347,354.602,0.047,A
45,hotel2/frontend,3359.33,100.86,1119.14,0.0,0,56359,8679.363,14.6436,354.602,6.5,A
45,hotel2/geo,674.3,23.6,1119.06,0.0,0,37397,5759.1891,2.9393,354.602,1.27,A
45,hotel2/jaeger,0.28,15.15,81.01,0.0,0,0,326.4791,1.4347,1.525,0.0,A
45,hotel2/memcached-profile,123.68,7.96,79.25,0.0,0,15983,2461.4038,1.4347,354.602,0.235,A
45,hotel2/memcached-rate,82.43,7.45,79.25,0.0,0,15327,2360.3789,1.4347,354.602,0.157,A
45,hotel2/memcached-reserve,110.64,7.12,79.25,0.0,0,6401,985.7627,1.4347,354.602,0.188,A
45,hotel2/mongodb-geo,8.01,165.04,400.43,0.0,0,5650,870.1077,1.4347,1.525,0.0313,A
45,hotel2/mongodb-profile,8.22,164.77,400.43,0.0,0,1241,326.4791,1.4347,1.525,0.0313,A
45,hotel2/mongodb-rate,6.83,164.38,400.43,0.0,0,954,326.4791,1.4347,1.525,0.0157,A
45,hotel2/mongodb-recommendation,9.35,163.08,400.43,0.0352,4,326,326.4791,1.4347,1.525,0.0313,A
45,hotel2/mongodb-reservation,3990.83,283.81,400.43,0.0586,6,3001489,462233.4047,17.3964,354.602,8.15,A
45,hotel2/mongodb-user,8.2,163.7,400.43,0.0,0,1931,326.4791,1.4347,1.525,0.0313,A
45,hotel2/profile,1313.0,40.03,1119.06,0.0,0,43944,6767.436,5.7235,354.602,2.38,A
45,hotel2/rate,774.78,28.53,1119.14,0.0,0,40846,6290.3398,3.3773,354.602,1.52,A
45,hotel2/recommendation,462.48,20.73,1119.06,0.0,0,23718,3652.6044,2.016,354.602,0.877,A
45,hotel2/reservation,892.44,135.83,1119.06,0.0,0,32562,5014.5925,3.8902,354.602,1.72,A
45,hotel2/search,1510.72,29.48,1119.06,0.0,0,46080,7096.3829,6.5854,354.602,2.9,A
45,hotel2/user,24.91,17.53,1119.06,0.0,0,11366,1750.3795,1.4347,354.602,0.047,A
45,sa1/customer-feedback,52495.54,3632.84,7135.73,0.0,0,784356,120791.8951,228.8326,354.602,97.0,A
45,sa2/customer-feedback,56784.61,3530.21,7042.56,0.0,0,803622,123758.8854,247.529,354.602,125.0,A
45,sa3/customer-feedback,59732.67,3458.26,6978.61,0.0,0,823146,126765.608,260.3799,354.602,134.0,A
46,hotel/consul,13.98,32.62,201.79,0.0,0,14070,2281.9834,1.4347,308.5041,0.0164,A
46,hotel/frontend,4097.85,109.83,1119.14,0.0,0,74642,12106.0274,16.9296,308.5041,8.35,A
46,hotel/geo,781.18,25.54,1119.06,0.0,0,28514,4624.6251,3.2273,308.5041,1.66,A
46,hotel/jaeger,0.24,14.88,81.01,0.0,0,624,326.4791,1.4347,1.525,0.0,A
46,hotel/memcached-profile,155.11,8.19,79.25,0.0,0,18502,3000.8001,1.4347,308.5041,0.329,A
46,hotel/memcached-rate,100.72,7.47,79.25,0.0,0,28343,4596.891,1.4347,308.5041,0.197,A
46,hotel/memcached-reserve,147.96,7.16,79.25,0.0,0,8638,1400.9789,1.4347,308.5041,0.312,A
46,hotel/mongodb-geo,9.23,170.63,400.43,0.0,0,884,326.4791,1.4347,1.525,0.0164,A
46,hotel/mongodb-profile,8.76,172.27,400.43,0.0,0,1907,326.4791,1.4347,1.525,0.0164,A
46,hotel/mongodb-rate,8.78,171.86,400.43,0.0273,2,661,326.4791,1.4347,1.525,0.0329,A
46,hotel/mongodb-recommendation,9.49,170.23,400.43,0.0,0,7254,1176.5108,1.4347,1.525,0.0164,A
46,hotel/mongodb-reservation,4064.95,295.19,400.43,0.1055,22,2575128,417654.5393,16.7937,308.5041,8.84,A
46,hotel/mongodb-user,9.61,171.01,400.43,0.0273,2,1979,326.4791,1.4347,1.525,0.0164,A
46,hotel/profile,1523.99,40.85,1119.06,0.0,0,44526,7221.5773,6.2961,308.5041,3.07,A
46,hotel/rate,932.16,30.54,1119.14,0.0,0,38987,6323.2187,3.8511,308.5041,1.76,A
46,hotel/recommendation,532.21,21.76,1119.06,0.0,0,20648,3348.8553,2.1987,308.5041,1.13,A
46,hotel/reservation,1141.77,140.83,1119.06,0.0,0,31676,5137.4631,4.717,308.5041,2.35,A
46,hotel/search,1851.91,32.98,1119.06,0.0,0,44748,7257.583,7.6509,308.5041,3.68,A
46,hotel/user,29.1,17.97,1119.06,0.0,0,10676,1731.5178,1.4347,308.5041,0.0657,A
46,hotel2/consul,12.44,29.98,201.79,0.0,0,21046,3413.406,1.4347,308.5041,0.0164,A
46,hotel2/frontend,2966.06,99.68,1119.14,0.0,0,55844,9057.2197,12.2538,308.5041,5.8,A
46,hotel2/geo,626.71,24.05,1119.06,0.0,0,31086,5041.7723,2.5891,308.5041,1.18,A
46,hotel2/jaeger,0.22,14.9,81.01,0.0,0,0,326.4791,1.4347,1.525,0.0164,A
46,hotel2/memcached-profile,106.86,7.71,79.25,0.0,0,13665,2216.2973,1.4347,308.5041,0.197,A
46,hotel2/memcached-rate,80.53,7.94,79.25,0.0,0,14883,2413.8422,1.4347,308.5041,0.148,A
46,hotel2/memcached-reserve,98.86,7.11,79.25,0.0,0,7014,1137.5858,1.4347,308.5041,0.164,A
46,hotel2/mongodb-geo,9.38,165.05,400.43,0.0391,4,2318,375.9515,1.4347,1.525,0.0329,A
46,hotel2/mongodb-profile,9.9,164.77,400.43,0.0352,4,3847,623.9368,1.4347,1.525,0.0164,A
46,hotel2/mongodb-rate,10.16,164.38,400.43,0.0312,2,1748,326.4791,1.4347,308.5041,0.0329,A
46,hotel2/mongodb-recommendation,9.11,163.08,400.43,0.0,0,1605,326.4791,1.4347,1.525,0.0329,A
46,hotel2/mongodb-reservation,3998.25,284.02,400.43,0.0039,2,2745394,445269.6201,16.5181,308.5041,8.56,A
46,hotel2/mongodb-user,10.27,163.7,400.43,0.0312,2,2042,331.1876,1.4347,308.5041,0.0329,A
46,hotel2/profile,1220.73,40.97,1119.06,0.0,0,33172,5380.0962,5.0432,308.5041,2.22,A
46,hotel2/rate,728.62,29.56,1119.14,0.0,0,28287,4587.8084,3.0102,308.5041,1.41,A
46,hotel2/recommendation,413.23,21.64,1119.06,0.0,0,23445,3802.4947,1.7072,308.5041,0.838,A
46,hotel2/reservation,855.96,135.36,1119.06,0.0,0,36910,5986.3545,3.5363,308.5041,1.56,A
46,hotel2/search,1430.36,28.55,1119.06,0.0,0,43479,7051.7666,5.9093,308.5041,2.61,A
46,hotel2/user,19.71,17.53,1119.06,0.0,0,8190,1328.3187,1.4347,308.5041,0.0657,A
46,sa1/customer-feedback,66998.0,3634.2,7135.73,0.0,0,606775,98411.5481,276.7909,308.5041,129.0,A
46,sa2/customer-feedback,53899.29,3531.25,7042.56,0.0,0,729874,118376.7134,222.6758,308.5041,127.0,A
46,sa3/customer-feedback,47075.67,3458.96,6978.61,0.0,0,643141,104309.6724,194.4852,308.5041,137.0,A
47,hotel/consul,13.22,32.62,201.79,0.0,0,11601,1861.5686,1.4347,305.738,0.0152,A
47,hotel/frontend,3797.62,111.12,1119.14,0.0,0,73911,11860.2189,13.1966,305.738,6.54,A
47,hotel/geo,720.57,23.31,1119.06,0.0,0,31038,4980.5506,2.504,305.738,1.35,A
47,hotel/jaeger,0.23,14.88,81.01,0.0,0,1623,326.4791,1.4347,1.525,0.0,A
47,hotel/memcached-profile,139.63,7.96,79.25,0.0,0,16880,2708.6698,1.4347,305.738,0.243,A
47,hotel/memcached-rate,90.83,7.5,79.25,0.0,0,17941,2878.9245,1.4347,305.738,0.167,A
47,hotel/memcached-reserve,123.04,7.42,79.25,0.0,0,7786,1249.39,1.4347,305.738,0.198,A
47,hotel/mongodb-geo,9.48,170.82,400.43,0.0273,2,2056,329.9186,1.4347,1.525,0.0304,A
47,hotel/mongodb-profile,7.47,172.26,400.43,0.0273,2,1718,326.4791,1.4347,1.525,0.0152,A
47,hotel/mongodb-rate,6.67,171.86,400.43,0.0,0,1944,326.4791,1.4347,1.525,0.0152,A
47,hotel/mongodb-recommendation,9.56,170.23,400.43,0.0273,2,3665,588.1087,1.4347,1.525,0.0152,A
47,hotel/mongodb-reservation,3929.34,294.15,400.43,0.0117,6,2791795,447988.7966,13.6544,305.738,8.0,A
47,hotel/mongodb-user,8.71,171.04,400.43,0.0,0,1146,326.4791,1.4347,1.525,0.0304,A
47,hotel/profile,1383.54,42.64,1119.06,0.0,0,43938,7050.5649,4.8078,305.738,2.51,A
47,hotel/rate,809.15,30.12,1119.14,0.0,0,33184,5324.9111,2.8118,305.738,1.4,A
47,hotel/recommendation,512.4,22.14,1119.06,0.0,0,27266,4375.272,1.7806,305.738,1.11,A
47,hotel/reservation,1007.81,141.57,1119.06,0.0,0,39838,6392.6534,3.5021,305.738,1.81,A
47,hotel/search,1472.09,31.24,1119.06,0.0,0,46872,7521.3728,5.1155,305.738,2.75,A
47,hotel/user,27.78,18.23,1119.06,0.0,0,8788,1410.1772,1.4347,305.738,0.0608,A
47,hotel2/consul,11.39,29.98,201.79,0.0,0,9235,1481.9056,1.4347,305.738,0.0304,A
47,hotel2/frontend,2596.56,99.91,1119.14,0.0,0,49141,7885.4706,9.023,305.738,5.24,A
47,hotel2/geo,593.35,24.85,1119.06,0.0,0,28572,4584.8409,2.0619,305.738,1.22,A
47,hotel2/jaeger,0.22,14.9,81.01,0.0,0,2202,353.3466,1.4347,1.525,0.0,A
47,hotel2/memcached-profile,94.99,7.94,79.25,0.0,0,17894,2871.3826,1.4347,305.738,0.198,A
47,hotel2/memcached-rate,68.79,7.44,79.25,0.0,0,15997,2566.9782,1.4347,305.738,0.122,A
47,hotel2/memcached-reserve,78.62,7.1,79.25,0.0,0,6552,1051.3747,1.4347,305.738,0.152,A
47,hotel2/mongodb-geo,6.77,165.05,400.43,0.0,0,2063,331.0418,1.4347,1.525,0.0304,A
47,hotel2/mongodb-profile,9.46,164.77,400.43,0.0547,14,10804,1733.6771,1.4347,1.525,0.0152,A
47,hotel2/mongodb-rate,9.05,164.38,400.43,0.0,0,782,326.4791,1.4347,1.525,0.0304,A
47,hotel2/mongodb-recommendation,9.95,163.27,400.43,0.0273,2,4212,675.8837,1.4347,1.525,0.0304,A
47,hotel2/mongodb-reservation,4002.12,284.95,400.43,0.1406,30,2869581,460470.8222,13.9073,305.738,7.87,A
47,hotel2/mongodb-user,9.58,163.69,400.43,0.0,0,1336,326.4791,1.4347,1.525,0.0152,A
47,hotel2/profile,1019.48,39.49,1119.06,0.0,0,38290,6144.2516,3.5427,305.738,2.08,A
47,hotel2/rate,651.22,28.46,1119.14,0.0,0,37591,6032.0858,2.263,305.738,1.37,A
47,hotel2/recommendation,399.58,21.13,1119.06,0.0,0,21034,3375.2465,1.4347,305.738,0.867,A
47,hotel2/reservation,723.42,134.94,1119.06,0.0,0,29166,4680.1578,2.5139,305.738,1.49,A
47,hotel2/search,1289.55,30.02,1119.06,0.0,0,48926,7850.9704,4.4812,305.738,2.61,A
47,hotel2/user,19.33,17.77,1119.06,0.0,0,6539,1049.2886,1.4347,305.738,0.0304,A
47,sa1/customer-feedback,71872.36,3634.57,7135.73,0.0,0,433858,69619.5542,249.7549,305.738,126.0,A
47,sa2/customer-feedback,44376.23,3531.36,7042.56,0.0,0,1076284,172707.2274,154.2064,305.738,110.0,A
47,sa3/customer-feedback,64211.86,3457.52,6978.61,0.0,0,986764,158342.2912,223.1348,305.738,133.0,A
48,hotel/consul,12.78,32.62,201.79,0.0,0,11633,2060.4131,1.4347,272.1863,0.0297,A
48,hotel/frontend,3909.81,113.79,1119.14,0.0,0,101203,17924.8674,13.3299,272.1863,6.17,A
48,hotel/geo,697.14,24.47,1119.06,0.0,0,18868,3341.8614,2.3768,272.1863,1.13,A
48,hotel/jaeger,0.26,14.88,81.01,0.0,0,0,326.4791,1.4347,1.525,0.0,A
48,hotel/memcached-profile,140.8,8.18,79.25,0.0,0,10822,1916.7704,1.4347,272.1863,0.237,A
48,hotel/memcached-rate,94.09,7.47,79.25,0.0,0,10311,1826.2631,1.4347,272.1863,0.148,A
48,hotel/memcached-reserve,130.83,7.15,79.25,0.0,0,5073,898.5193,1.4347,272.1863,0.208,A
48,hotel/mongodb-geo,7.58,170.62,400.43,0.0,0,3303,585.0206,1.4347,1.525,0.0148,A
48,hotel/mongodb-profile,9.34,172.26,400.43,0.0,0,1633,326.4791,1.4347,1.525,0.0297,A
48,hotel/mongodb-rate,10.38,171.86,400.43,0.0312,2,1566,326.4791,1.4347,272.1863,0.0297,A
48,hotel/mongodb-recommendation,8.01,170.42,400.43,0.0,0,3492,618.4959,1.4347,1.525,0.0148,A
48,hotel/mongodb-reservation,4009.51,294.53,400.43,0.0664,10,2353918,416921.1196,13.6698,272.1863,7.72,A
48,hotel/mongodb-user,9.6,170.85,400.43,0.0273,2,736,326.4791,1.4347,1.525,0.0148,A
48,hotel/profile,1479.86,38.79,1119.06,0.0,0,30101,5331.4273,5.0454,272.1863,2.54,A
48,hotel/rate,906.06,30.2,1119.14,0.0,0,26297,4657.6706,3.0891,272.1863,1.54,A
48,hotel/recommendation,487.68,23.16,1119.06,0.0,0,17916,3173.2451,1.6627,272.1863,0.845,A
48,hotel/reservation,1025.15,140.49,1119.06,0.0,0,24550,4348.2456,3.4951,272.1863,1.6,A
48,hotel/search,1634.39,30.96,1119.06,0.0,0,28516,5050.6953,5.5722,272.1863,2.65,A
48,hotel/user,26.19,17.99,1119.06,0.0,0,10119,1792.2565,1.4347,272.1863,0.0445,A
48,hotel2/consul,11.83,29.98,201.79,0.0,0,18003,3188.6544,1.4347,272.1863,0.0297,A
48,hotel2/frontend,2454.87,100.3,1119.14,0.0,0,41512,7352.5201,8.3695,272.1863,3.48,A
48,hotel2/geo,512.58,24.52,1119.06,0.0,0,19303,3418.9077,1.7476,272.1863,0.756,A
48,hotel2/jaeger,0.2,14.9,81.01,0.0,0,0,326.4791,1.4347,1.525,0.0,A
48,hotel2/memcached-profile,91.84,8.21,79.25,0.0,0,13405,2374.2661,1.4347,272.1863,0.104,A
48,hotel2/memcached-rate,71.36,7.45,79.25,0.0,0,16411,2906.6826,1.4347,272.1863,0.104,A
48,hotel2/memcached-reserve,76.68,7.12,79.25,0.0,0,4384,776.4851,1.4347,272.1863,0.104,A
48,hotel2/mongodb-geo,10.97,165.05,400.43,0.0938,18,783,326.4791,1.4347,272.1863,0.0297,A
48,hotel2/mongodb-profile,9.37,164.77,400.43,0.0312,2,2441,432.3449,1.4347,1.525,0.0297,A
48,hotel2/mongodb-rate,9.86,164.38,400.43,0.0781,12,643,326.4791,1.4347,1.525,0.0148,A
48,hotel2/mongodb-recommendation,8.25,163.08,400.43,0.0469,10,2705,479.104,1.4347,1.525,0.0297,A
48,hotel2/mongodb-reservation,3974.36,285.12,400.43,0.0508,16,2564446,454209.4064,13.55,272.1863,7.72,A
48,hotel2/mongodb-user,8.98,163.69,400.43,0.0508,12,440,326.4791,1.4347,1.525,0.0148,A
48,hotel2/profile,1120.93,42.26,1119.06,0.0,0,20936,3708.1413,3.8216,272.1863,1.45,A
48,hotel2/rate,657.79,29.21,1119.14,0.0,0,20286,3593.0146,2.2426,272.1863,0.949,A
48,hotel2/recommendation,346.59,22.25,1119.06,0.0,0,11462,2030.1259,1.4347,272.1863,0.519,A
48,hotel2/reservation,743.45,134.66,1119.06,0.0,0,16637,2946.7113,2.5347,272.1863,1.16,A
48,hotel2/search,1268.13,33.05,1119.06,0.0,0,22423,3971.5157,4.3235,272.1863,1.87,A
48,hotel2/user,16.49,17.22,1119.06,0.0,0,9061,1604.8657,1.4347,272.1863,0.0445,A
48,sa1/customer-feedback,54143.51,3633.77,7135.73,0.0,0,435387,77114.8509,184.5944,272.1863,154.0,A
48,sa2/customer-feedback,48553.32,3534.36,7042.56,0.0,0,396037,70145.2597,165.5354,272.1863,95.9,A
48,sa3/customer-feedback,59783.05,3457.9,6978.61,0.0,0,719667,127465.9403,203.8215,272.1863,118.0,A
49,hotel/consul,11.29,32.62,201.79,0.0,0,14210,2559.6581,1.4347,290.4148,0.0302,A
49,hotel/frontend,3163.53,113.71,1119.14,0.0,0,55145,9933.3107,8.9705,290.4148,5.83,A
49,hotel/geo,694.14,23.96,1119.06,0.0,0,26672,4804.4476,1.9683,290.4148,1.25,A
49,hotel/jaeger,0.22,14.88,81.01,0.0,0,1087,326.4791,1.4347,1.525,0.0,A
49,hotel/memcached-profile,131.98,7.94,79.25,0.0,0,12506,2252.7153,1.4347,290.4148,0.272,A
49,hotel/memcached-rate,87.73,7.5,79.25,0.0,0,14124,2544.1668,1.4347,290.4148,0.181,A
49,hotel/memcached-reserve,114.03,7.68,79.25,0.0,0,10151,1828.5073,1.4347,290.4148,0.211,A
49,hotel/mongodb-geo,9.47,170.62,400.43,0.0273,2,2013,362.6032,1.4347,1.525,0.0151,A
49,hotel/mongodb-profile,9.74,172.26,400.43,0.0391,4,981,326.4791,1.4347,1.525,0.0302,A
49,hotel/mongodb-rate,8.46,171.86,400.43,0.0,0,918,326.4791,1.4347,1.525,0.0302,A
49,hotel/mongodb-recommendation,8.81,170.23,400.43,0.0273,2,1895,341.3478,1.4347,1.525,0.0302,A
49,hotel/mongodb-reservation,3993.33,294.86,400.43,0.0117,6,2433601,438366.3949,11.3234,290.4148,7.86,A
49,hotel/mongodb-user,8.48,170.85,400.43,0.0,0,606,326.4791,1.4347,1.525,0.0151,A
49,hotel/profile,1318.65,42.06,1119.06,0.0,0,30327,5462.8255,3.7392,290.4148,2.66,A
49,hotel/rate,773.34,29.31,1119.14,0.0,0,26876,4841.1943,2.1929,290.4148,1.36,A
49,hotel/recommendation,475.92,26.11,1119.06,0.0,0,20939,3771.758,1.4347,290.4148,0.86,A
49,hotel/reservation,970.12,139.86,1119.06,0.0,0,28280,5094.0979,2.7509,290.4148,1.92,A
49,hotel/search,1603.05,36.56,1119.06,0.0,0,36254,6530.4605,4.5456,290.4148,2.99,A
49,hotel/user,23.83,17.99,1119.06,0.0,0,10688,1925.2376,1.4347,290.4148,0.0302,A
49,hotel2/consul,11.52,29.98,201.79,0.0,0,8650,1558.1311,1.4347,290.4148,0.0151,A
49,hotel2/frontend,2659.73,98.73,1119.14,0.0,0,48994,8825.3264,7.5419,290.4148,4.5,A
49,hotel2/geo,594.8,24.26,1119.06,0.0,0,25368,4569.5571,1.6866,290.4148,1.06,A
49,hotel2/jaeger,1.22,14.9,81.01,0.0,0,312,326.4791,1.4347,1.525,0.0,A
49,hotel2/memcached-profile,102.6,7.71,79.25,0.0,0,11549,2080.3301,1.4347,290.4148,0.166,A
49,hotel2/memcached-rate,76.3,7.46,79.25,0.0,0,12947,2332.1529,1.4347,290.4148,0.121,A
49,hotel2/memcached-reserve,94.84,7.12,79.25,0.0,0,5363,966.0413,1.4347,290.4148,0.151,A
49,hotel2/mongodb-geo,8.39,165.05,400.43,0.0,0,1497,326.4791,1.4347,1.525,0.0151,A
49,hotel2/mongodb-profile,8.55,164.77,400.43,0.0,0,2124,382.5977,1.4347,1.525,0.0302,A
49,hotel2/mongodb-rate,8.37,164.38,400.43,0.0,0,1739,326.4791,1.4347,1.525,0.0453,A
49,hotel2/mongodb-recommendation,9.7,163.08,400.43,0.0312,2,1100,326.4791,1.4347,1.525,0.0302,A
49,hotel2/mongodb-reservation,4027.66,284.9,400.43,0.0625,6,2473171,445494.169,11.4208,290.4148,7.83,A
49,hotel2/mongodb-user,8.31,163.69,400.43,0.0,0,1311,326.4791,1.4347,1.525,0.0151,A
49,hotel2/profile,1089.89,39.58,1119.06,0.0,0,28585,5149.0377,3.0905,290.4148,1.78,A
49,hotel2/rate,718.19,29.23,1119.14,0.0,0,26795,4826.6037,2.0365,290.4148,1.13,A
49,hotel2/recommendation,385.42,21.32,1119.06,0.0,0,16129,2905.329,1.4347,290.4148,0.634,A
49,hotel2/reservation,834.26,135.9,1119.06,0.0,0,25099,4521.1019,2.3656,290.4148,1.39,A
49,hotel2/search,1228.47,28.99,1119.06,0.0,0,36259,6531.3612,3.4834,290.4148,2.11,A
49,hotel2/user,17.93,17.52,1119.06,0.0,0,7705,1387.9075,1.4347,290.4148,0.0302,A
49,sa1/customer-feedback,65931.0,3634.11,7135.73,0.0,0,597230,107579.4931,186.9533,290.4148,123.0,A
49,sa2/customer-feedback,75334.52,3532.94,7042.56,0.0,0,614947,110770.8698,213.6178,290.4148,160.0,A
49,sa3/customer-feedback,43521.23,3460.47,6978.61,0.0,0,841466,151573.9091,123.4084,290.4148,88.4,A
50,hotel/consul,18.62,32.62,201.79,0.0,0,4476,799.4905,1.4347,280.8535,0.0648,A
50,hotel/frontend,6812.34,119.65,1119.14,0.0,0,138698,24773.8467,65.1426,280.8535,20.2,A
50,hotel/geo,1026.84,25.77,1119.06,0.0,0,6371,1137.9701,9.8191,280.8535,3.2,A
50,hotel/jaeger,0.35,14.88,81.01,0.0,0,0,326.4791,1.4347,1.525,0.0,A
50,hotel/memcached-profile,197.47,7.93,79.25,0.0,0,3392,605.8695,1.8883,280.8535,0.605,A
50,hotel/memcached-rate,128.25,7.47,79.25,0.0,0,4051,723.5782,1.4347,280.8535,0.367,A
50,hotel/memcached-reserve,171.41,7.17,79.25,0.0,0,1806,326.4791,1.6391,280.8535,0.519,A
50,hotel/mongodb-geo,10.92,170.81,400.43,0.0,0,523,326.4791,1.4347,280.8535,0.0216,A
50,hotel/mongodb-profile,11.34,172.45,400.43,0.0,0,228,326.4791,1.4347,280.8535,0.0432,A
50,hotel/mongodb-rate,12.37,171.86,400.43,0.0312,2,438,326.4791,1.4347,280.8535,0.0432,A
50,hotel/mongodb-recommendation,11.27,170.42,400.43,0.0,0,564,326.4791,1.4347,280.8535,0.0648,A
50,hotel/mongodb-reservation,4062.5,294.29,400.43,0.0547,2,2567778,458649.2844,38.8474,280.8535,11.3,A
50,hotel/mongodb-user,12.18,170.85,400.43,0.0273,2,3947,705.002,1.4347,280.8535,0.0432,A
50,hotel/profile,2338.51,42.72,1119.06,0.0,0,9076,1621.1296,22.3619,280.8535,7.67,A
50,hotel/rate,1301.19,30.72,1119.14,0.0,0,6565,1172.6218,12.4425,280.8535,3.89,A
50,hotel/recommendation,707.78,23.04,1119.06,0.0,0,5258,939.1692,6.7681,280.8535,1.92,A
50,hotel/reservation,1465.25,141.01,1119.06,0.0,0,45488,8124.9386,14.0114,280.8535,4.39,A
50,hotel/search,2638.39,34.26,1119.06,0.0,0,11143,1990.3313,25.2294,280.8535,7.52,A
50,hotel/user,30.1,18.24,1119.06,0.0,0,2655,474.2286,1.4347,280.8535,0.0865,A
50,hotel2/consul,18.79,29.98,201.79,0.0,0,6416,1146.0079,1.4347,280.8535,0.0648,A
50,hotel2/frontend,4698.14,97.71,1119.14,0.0,0,48792,8715.0898,44.9257,280.8535,15.0,A
50,hotel2/geo,751.23,24.75,1119.06,0.0,0,6546,1169.2281,7.1836,280.8535,2.29,A
50,hotel2/jaeger,0.27,14.9,81.01,0.0,0,0,326.4791,1.4347,1.525,0.0,A
50,hotel2/memcached-profile,135.04,8.43,79.25,0.0,0,7532,1345.3447,1.4347,280.8535,0.432,A
50,hotel2/memcached-rate,99.91,7.44,79.25,0.0,0,4150,741.2613,1.4347,280.8535,0.303,A
50,hotel2/memcached-reserve,119.61,7.11,79.25,0.0,0,2017,360.2709,1.4347,280.8535,0.389,A
50,hotel2/mongodb-geo,11.96,165.05,400.43,0.0312,2,240,326.4791,1.4347,280.8535,0.0216,A
50,hotel2/mongodb-profile,12.27,164.77,400.43,0.0469,4,274,326.4791,1.4347,280.8535,0.0648,A
50,hotel2/mongodb-rate,12.11,164.38,400.43,0.0391,4,393,326.4791,1.4347,280.8535,0.0648,A
50,hotel2/mongodb-recommendation,10.52,163.08,400.43,0.0,0,431,326.4791,1.4347,280.8535,0.0432,A
50,hotel2/mongodb-reservation,3996.96,284.8,400.43,0.0078,4,2407183,429964.2571,38.2207,280.8535,11.2,A
50,hotel2/mongodb-user,11.38,163.71,400.43,0.0,0,1123,326.4791,1.4347,280.8535,0.0432,A
50,hotel2/profile,1646.43,42.81,1119.06,0.0,0,7612,1359.634,15.7439,280.8535,6.27,A
50,hotel2/rate,1050.0,28.21,1119.14,0.0,0,5780,1032.4073,10.0406,280.8535,3.67,A
50,hotel2/recommendation,499.63,21.74,1119.06,0.0,0,5094,909.876,4.7777,280.8535,1.62,A
50,hotel2/reservation,1047.08,138.04,1119.06,0.0,0,24007,4288.0628,10.0126,280.8535,3.48,A
50,hotel2/search,1845.55,33.37,1119.06,0.0,0,9994,1785.1002,17.648,280.8535,6.12,A
50,hotel2/user,20.81,17.39,1119.06,0.0,0,3417,610.3349,1.4347,280.8535,0.0648,A
50,sa1/customer-feedback,24086.04,3637.95,7135.73,3.7422,38,9646,1722.9414,230.3213,280.8535,64.5,A
50,sa2/customer-feedback,24340.78,3533.32,7042.56,3.9297,40,9428,1684.0028,232.7572,280.8535,67.6,A
50,sa3/customer-feedback,25899.19,3461.37,6978.61,3.9805,40,17448,3116.5127,247.6594,280.8535,81.4,A
51,hotel/consul,17.68,32.62,201.79,0.0,0,7902,1382.6566,1.4347,305.8915,0.0415,A
51,hotel/frontend,4696.41,109.4,1119.14,0.0,0,125929,22034.4933,31.2133,305.8915,9.16,A
51,hotel/geo,764.25,24.3,1119.06,0.0,0,12443,2177.2205,5.0794,305.8915,1.73,A
51,hotel/jaeger,0.33,14.88,81.01,0.0,0,0,326.4791,1.4347,1.525,0.0,A
51,hotel/memcached-profile,153.84,8.18,79.25,0.0,0,8970,1569.5305,1.4347,305.8915,0.346,A
51,hotel/memcached-rate,102.74,7.47,79.25,0.0,0,5477,958.341,1.4347,305.8915,0.208,A
51,hotel/memcached-reserve,129.52,7.16,79.25,0.0,0,4246,742.9461,1.4347,305.8915,0.277,A
51,hotel/mongodb-geo,10.1,170.63,400.43,0.0273,2,2800,489.9315,1.4347,305.8915,0.0277,A
51,hotel/mongodb-profile,10.24,172.27,400.43,0.0273,2,819,326.4791,1.4347,305.8915,0.0138,A
51,hotel/mongodb-rate,8.92,171.86,400.43,0.0,0,1001,326.4791,1.4347,1.525,0.0138,A
51,hotel/mongodb-recommendation,9.72,170.23,400.43,0.0273,2,386,326.4791,1.4347,1.525,0.0138,A
51,hotel/mongodb-reservation,4008.47,294.78,400.43,0.0039,2,2496006,436739.9694,26.6411,305.8915,7.15,A
51,hotel/mongodb-user,9.02,170.85,400.43,0.0,0,5118,895.5248,1.4347,1.525,0.0277,A
51,hotel/profile,1890.22,39.12,1119.06,0.0,0,19306,3378.0776,12.5628,305.8915,4.08,A
51,hotel/rate,1022.77,31.29,1119.14,0.0,0,11102,1942.5783,6.7975,305.8915,2.53,A
51,hotel/recommendation,510.18,21.96,1119.06,0.0,0,9235,1615.899,3.3908,305.8915,1.15,A
51,hotel/reservation,1087.16,141.01,1119.06,0.0,0,13158,2302.328,7.2255,305.8915,1.95,A
51,hotel/search,1911.64,30.38,1119.06,0.0,0,17354,3036.5253,12.7051,305.8915,4.87,A
51,hotel/user,21.46,17.99,1119.06,0.0,0,4717,825.3596,1.4347,305.8915,0.0415,A
51,hotel2/consul,17.52,29.98,201.79,0.0,0,7070,1237.077,1.4347,305.8915,0.0415,A
51,hotel2/frontend,4469.01,98.77,1119.14,0.0,0,61214,10710.952,29.7019,305.8915,8.54,A
51,hotel2/geo,747.19,24.22,1119.06,0.0,0,10534,1843.1922,4.966,305.8915,1.3,A
51,hotel2/jaeger,0.24,14.9,81.01,0.0,0,0,326.4791,1.4347,1.525,0.0,A
51,hotel2/memcached-profile,140.48,7.95,79.25,0.0,0,6414,1122.293,1.4347,305.8915,0.249,A
51,hotel2/memcached-rate,99.07,7.45,79.25,0.0,0,9208,1611.1747,1.4347,305.8915,0.208,A
51,hotel2/memcached-reserve,126.03,7.11,79.25,0.0,0,2978,521.0771,1.4347,305.8915,0.249,A
51,hotel2/mongodb-geo,9.23,165.05,400.43,0.0,0,215,326.4791,1.4347,1.525,0.0138,A
51,hotel2/mongodb-profile,9.22,164.77,400.43,0.0,0,699,326.4791,1.4347,1.525,0.0138,A
51,hotel2/mongodb-rate,9.08,164.38,400.43,0.0,0,956,326.4791,1.4347,1.525,0.0277,A
51,hotel2/mongodb-recommendation,10.36,163.08,400.43,0.0352,4,232,326.4791,1.4347,305.8915,0.0415,A
51,hotel2/mongodb-reservation,3997.53,284.9,400.43,0.1211,12,2449988,428687.9455,26.5684,305.8915,7.17,A
51,hotel2/mongodb-user,8.41,163.71,400.43,0.0,0,3650,638.6607,1.4347,1.525,0.0415,A
51,hotel2/profile,1549.49,43.01,1119.06,0.0,0,16045,2807.4824,10.2982,305.8915,2.71,A
51,hotel2/rate,919.09,28.03,1119.14,0.0,0,14660,2565.1412,6.1085,305.8915,1.65,A
51,hotel2/recommendation,465.55,23.08,1119.06,0.0,0,8674,1517.7377,3.0941,305.8915,0.761,A
51,hotel2/reservation,1015.42,139.09,1119.06,0.0,0,11804,2065.4111,6.7487,305.8915,1.66,A
51,hotel2/search,1910.48,30.68,1119.06,0.0,0,15193,2658.4032,12.6974,305.8915,3.65,A
51,hotel2/user,22.24,17.4,1119.06,0.0,0,3653,639.1856,1.4347,305.8915,0.0277,A
51,sa1/customer-feedback,31584.57,3638.6,7135.73,0.0,0,325666,56983.5805,209.9172,305.8915,35.9,A
51,sa2/customer-feedback,32920.46,3534.8,7042.56,0.0,0,207473,36302.6979,218.7958,305.8915,34.7,A
51,sa3/customer-feedback,43582.64,3461.54,6978.61,0.0,0,251349,43979.9241,289.6587,305.8915,42.6,A
52,hotel/consul,12.79,32.62,201.79,0.0,0,16068,2673.3478,1.4347,308.5624,0.0196,A
52,hotel/frontend,3003.35,115.9,1119.14,0.0,0,60012,9984.6248,10.2948,308.5624,4.54,A
52,hotel/geo,622.74,24.51,1119.06,0.0,0,33897,5639.6858,2.1346,308.5624,1.0,A
52,hotel/jaeger,0.26,14.88,81.01,0.0,0,0,326.4791,1.4347,1.525,0.0,A
52,hotel/memcached-profile,117.79,7.7,79.25,0.0,0,22022,3663.9573,1.4347,308.5624,0.176,A
52,hotel/memcached-rate,81.01,7.48,79.25,0.0,0,22603,3760.6224,1.4347,308.5624,0.118,A
52,hotel/memcached-reserve,98.4,7.16,79.25,0.0,0,7486,1245.4993,1.4347,308.5624,0.157,A
52,hotel/mongodb-geo,5.13,170.81,400.43,0.0,0,1177,326.4791,1.4347,1.525,0.0196,A
52,hotel/mongodb-profile,5.62,172.45,400.43,0.0,0,538,326.4791,1.4347,1.525,0.0196,A
52,hotel/mongodb-rate,6.24,172.05,400.43,0.0312,2,2262,376.3451,1.4347,1.525,0.0098,A
52,hotel/mongodb-recommendation,5.49,170.43,400.43,0.0,0,1209,326.4791,1.4347,1.525,0.0,A
52,hotel/mongodb-reservation,3926.12,294.46,400.43,0.082,8,2760793,459332.8372,13.4579,308.5624,7.03,A
52,hotel/mongodb-user,9.08,171.01,400.43,0.0273,2,1202,326.4791,1.4347,1.525,0.0196,A
52,hotel/profile,1139.34,39.53,1119.06,0.0,0,41569,6916.1312,3.9054,308.5624,1.63,A
52,hotel/rate,721.22,28.74,1119.14,0.0,0,39477,6568.0703,2.4722,308.5624,1.19,A
52,hotel/recommendation,455.68,23.73,1119.06,0.0,0,22315,3712.7058,1.562,308.5624,0.676,A
52,hotel/reservation,857.04,140.64,1119.06,0.0,0,36789,6120.8485,2.9377,308.5624,1.27,A
52,hotel/search,1405.32,30.9,1119.06,0.0,0,53173,8846.7715,4.8171,308.5624,2.11,A
52,hotel/user,24.04,18.18,1119.06,0.0,0,10873,1809.0186,1.4347,308.5624,0.0294,A
52,hotel2/consul,11.5,29.98,201.79,0.0,0,15450,2570.5268,1.4347,308.5624,0.0196,A
52,hotel2/frontend,3069.55,99.52,1119.14,0.0,0,66505,11064.9115,10.5218,308.5624,5.16,A
52,hotel2/geo,669.82,24.17,1119.06,0.0,0,42112,7006.474,2.296,308.5624,1.15,A
52,hotel2/jaeger,0.21,14.9,81.01,0.0,0,1574,326.4791,1.4347,1.525,0.0,A
52,hotel2/memcached-profile,117.87,7.7,79.25,0.0,0,16461,2738.7341,1.4347,308.5624,0.186,A
52,hotel2/memcached-rate,83.7,7.45,79.25,0.0,0,22545,3750.9726,1.4347,308.5624,0.127,A
52,hotel2/memcached-reserve,109.5,7.11,79.25,0.0,0,8778,1460.4585,1.4347,308.5624,0.176,A
52,hotel2/mongodb-geo,9.43,165.04,400.43,0.0,0,1008,326.4791,1.4347,1.525,0.0098,A
52,hotel2/mongodb-profile,8.76,164.76,400.43,0.0,0,1713,326.4791,1.4347,1.525,0.0,A
52,hotel2/mongodb-rate,6.51,164.38,400.43,0.0,0,2258,375.6796,1.4347,1.525,0.0196,A
52,hotel2/mongodb-recommendation,9.54,163.08,400.43,0.0,0,1407,326.4791,1.4347,1.525,0.0098,A
52,hotel2/mongodb-reservation,3998.25,284.43,400.43,0.0039,2,2674105,444909.9359,13.7051,308.5624,7.05,A
52,hotel2/mongodb-user,8.67,163.71,400.43,0.0156,2,1079,326.4791,1.4347,1.525,0.0098,A
52,hotel2/profile,1175.56,41.91,1119.06,0.0,0,38731,6443.9529,4.0296,308.5624,1.85,A
52,hotel2/rate,755.12,27.34,1119.14,0.0,0,37011,6157.7842,2.5884,308.5624,1.26,A
52,hotel2/recommendation,431.41,21.84,1119.06,0.0,0,28788,4789.665,1.4788,308.5624,0.706,A
52,hotel2/reservation,889.38,138.8,1119.06,0.0,0,38295,6371.4125,3.0486,308.5624,1.56,A
52,hotel2/search,1469.41,30.68,1119.06,0.0,0,59949,9974.143,5.0368,308.5624,2.36,A
52,hotel2/user,25.08,16.91,1119.06,0.0,0,13509,2247.5888,1.4347,308.5624,0.0392,A
52,sa1/customer-feedback,66130.16,3638.98,7135.73,0.0,0,778544,129531.9223,226.6799,308.5624,124.0,A
52,sa2/customer-feedback,58304.14,3534.95,7042.56,0.0,0,747070,124295.3683,199.854,308.5624,132.0,A
52,sa3/customer-feedback,57258.2,3459.34,6978.61,0.0,0,642770,106942.2328,196.2687,308.5624,75.3,A
53,hotel/consul,13.53,32.62,201.79,0.0,0,14324,2447.7647,1.4347,310.136,0.0193,A
53,hotel/frontend,2960.4,111.95,1119.14,0.0,0,50278,8591.784,10.8154,310.136,6.99,A
53,hotel/geo,667.85,24.57,1119.06,0.0,0,22219,3796.9062,2.4399,310.136,1.64,A
53,hotel/jaeger,0.26,14.88,81.01,0.0,0,3055,522.0554,1.4347,1.525,0.0,A
53,hotel/memcached-profile,122.31,7.93,79.25,0.0,0,10529,1799.254,1.4347,310.136,0.327,A
53,hotel/memcached-rate,80.38,7.47,79.25,0.0,0,13401,2290.0373,1.4347,310.136,0.212,A
53,hotel/memcached-reserve,106.35,7.16,79.25,0.0,0,6601,1128.0156,1.4347,310.136,0.25,A
53,hotel/mongodb-geo,9.19,170.62,400.43,0.0781,14,2607,445.4986,1.4347,1.525,0.0385,A
53,hotel/mongodb-profile,8.72,172.45,400.43,0.0781,14,2502,427.5557,1.4347,1.525,0.0193,A
53,hotel/mongodb-rate,7.66,172.05,400.43,0.0,0,2264,386.8849,1.4347,1.525,0.0385,A
53,hotel/mongodb-recommendation,8.63,170.23,400.43,0.0391,8,4813,822.4722,1.4347,1.525,0.0193,A
53,hotel/mongodb-reservation,4004.41,294.71,400.43,0.0039,2,2824299,482631.9057,14.6296,310.136,10.0,A
53,hotel/mongodb-user,7.91,170.86,400.43,0.0,0,1880,326.4791,1.4347,1.525,0.0193,A
53,hotel/profile,1224.39,38.11,1119.06,0.0,0,33441,5714.5839,4.4731,310.136,3.24,A
53,hotel/rate,799.97,31.1,1119.14,0.0,0,26353,4503.3471,2.9226,310.136,2.16,A
53,hotel/recommendation,413.34,22.18,1119.06,0.0,0,19038,3253.3192,1.5101,310.136,1.08,A
53,hotel/reservation,869.49,141.23,1119.06,0.0,0,26686,4560.252,3.1766,310.136,1.91,A
53,hotel/search,1510.75,30.08,1119.06,0.0,0,37525,6412.4805,5.5193,310.136,3.51,A
53,hotel/user,22.04,18.28,1119.06,0.0,0,9388,1604.2736,1.4347,310.136,0.0578,A
53,hotel2/consul,13.03,29.98,201.79,0.0,0,15707,2684.0994,1.4347,310.136,0.0193,A
53,hotel2/frontend,3343.98,99.18,1119.14,0.0,0,50470,8624.594,12.2168,310.136,9.48,A
53,hotel2/geo,674.01,24.5,1119.06,0.0,0,23698,4049.6459,2.4624,310.136,1.52,A
53,hotel2/jaeger,0.2,14.9,81.01,0.0,0,0,326.4791,1.4347,1.525,0.0,A
53,hotel2/memcached-profile,121.24,7.7,79.25,0.0,0,13147,2246.6324,1.4347,310.136,0.289,A
53,hotel2/memcached-rate,88.35,7.45,79.25,0.0,0,13927,2379.9231,1.4347,310.136,0.231,A
53,hotel2/memcached-reserve,110.74,7.35,79.25,0.0,0,6835,1168.0028,1.4347,310.136,0.308,A
53,hotel2/mongodb-geo,8.32,165.04,400.43,0.0,0,1237,326.4791,1.4347,1.525,0.0193,A
53,hotel2/mongodb-profile,8.38,164.76,400.43,0.0,0,2795,477.6251,1.4347,1.525,0.0578,A
53,hotel2/mongodb-rate,8.0,164.57,400.43,0.0,0,10277,1756.1909,1.4347,1.525,0.0193,A
53,hotel2/mongodb-recommendation,8.52,163.27,400.43,0.0,0,1468,326.4791,1.4347,1.525,0.0193,A
53,hotel2/mongodb-reservation,4000.17,284.36,400.43,0.1172,34,2579616,440819.1151,14.6141,310.136,10.0,A
53,hotel2/mongodb-user,8.02,163.71,400.43,0.0,0,1204,326.4791,1.4347,1.525,0.0193,A
53,hotel2/profile,1346.79,41.24,1119.06,0.0,0,40888,6987.1686,4.9203,310.136,3.12,A
53,hotel2/rate,778.66,28.73,1119.14,0.0,0,28284,4833.3271,2.8447,310.136,1.87,A
53,hotel2/recommendation,476.08,22.25,1119.06,0.0,0,17680,3021.2566,1.7393,310.136,1.12,A
53,hotel2/reservation,880.75,136.32,1119.06,0.0,0,25862,4419.4423,3.2177,310.136,2.35,A
53,hotel2/search,1495.52,30.83,1119.06,0.0,0,33993,5808.9127,5.4637,310.136,3.51,A
53,hotel2/user,21.95,16.91,1119.06,0.0,0,7212,1232.4266,1.4347,310.136,0.0578,A
53,sa1/customer-feedback,50528.11,3639.3,7135.73,0.0,0,766694,131016.9307,184.5977,310.136,83.2,A
53,sa2/customer-feedback,66987.52,3536.23,7042.56,0.0,0,529147,90423.5794,244.73,310.136,177.0,A
53,sa3/customer-feedback,52892.45,3461.0,6978.61,0.0,0,498576,85199.4371,193.2355,310.136,112.0,A
54,hotel/consul,13.59,32.62,201.79,0.0,0,11638,2018.1359,1.4347,284.3415,0.0328,A
54,hotel/frontend,2985.38,108.08,1119.14,0.0,0,62747,10880.9052,9.8245,284.3415,5.66,A
54,hotel/geo,574.04,24.28,1119.06,0.0,0,28084,4870.0231,1.8891,284.3415,1.17,A
54,hotel/jaeger,0.22,14.88,81.01,0.0,0,0,326.4791,1.4347,1.525,0.0,A
54,hotel/memcached-profile,108.2,7.68,79.25,0.0,0,20104,3486.218,1.4347,284.3415,0.23,A
54,hotel/memcached-rate,73.2,7.47,79.25,0.0,0,19113,3314.3695,1.4347,284.3415,0.131,A
54,hotel/memcached-reserve,94.76,7.15,79.25,0.0,0,8415,1459.2382,1.4347,284.3415,0.181,A
54,hotel/mongodb-geo,7.29,170.64,400.43,0.0,0,9096,1577.3298,1.4347,1.525,0.0164,A
54,hotel/mongodb-profile,7.5,172.26,400.43,0.0,0,1229,326.4791,1.4347,1.525,0.0328,A
54,hotel/mongodb-rate,8.42,171.86,400.43,0.0,0,3403,590.1114,1.4347,1.525,0.0164,A
54,hotel/mongodb-recommendation,7.72,170.23,400.43,0.0,0,1773,326.4791,1.4347,1.525,0.0328,A
54,hotel/mongodb-reservation,4074.96,294.58,400.43,0.0547,2,2536507,439853.5743,13.4101,284.3415,8.55,A
54,hotel/mongodb-user,9.37,171.1,400.43,0.0391,8,815,326.4791,1.4347,1.525,0.0328,A
54,hotel/profile,1097.91,38.14,1119.06,0.0,0,33023,5726.491,3.6131,284.3415,2.02,A
54,hotel/rate,649.94,30.08,1119.14,0.0,0,29170,5058.3455,2.1389,284.3415,1.33,A
54,hotel/recommendation,416.84,22.62,1119.06,0.0,0,20229,3507.8941,1.4347,284.3415,0.886,A
54,hotel/reservation,799.24,140.14,1119.06,0.0,0,28721,4980.4848,2.6302,284.3415,1.62,A
54,hotel/search,1322.48,31.73,1119.06,0.0,0,37091,6431.9195,4.3521,284.3415,2.54,A
54,hotel/user,19.76,18.54,1119.06,0.0,0,6271,1087.4489,1.4347,284.3415,0.0492,A
54,hotel2/consul,13.49,29.98,201.79,0.0,0,12255,2125.1294,1.4347,284.3415,0.0328,A
54,hotel2/frontend,2872.34,98.84,1119.14,0.0,0,56201,9745.7688,9.4525,284.3415,4.81,A
54,hotel2/geo,615.1,24.08,1119.06,0.0,0,30760,5334.0661,2.0242,284.3415,1.17,A
54,hotel2/jaeger,0.19,14.9,81.01,0.0,0,0,326.4791,1.4347,1.525,0.0,A
54,hotel2/memcached-profile,110.25,7.94,79.25,0.0,0,17868,3098.4751,1.4347,284.3415,0.197,A
54,hotel2/memcached-rate,76.36,7.45,79.25,0.0,0,19366,3358.242,1.4347,284.3415,0.164,A
54,hotel2/memcached-reserve,94.52,7.12,79.25,0.0,0,9349,1621.2023,1.4347,284.3415,0.164,A
54,hotel2/mongodb-geo,8.57,165.25,400.43,0.0,0,344,326.4791,1.4347,1.525,0.0164,A
54,hotel2/mongodb-profile,8.4,164.95,400.43,0.0,0,2741,475.3145,1.4347,1.525,0.0164,A
54,hotel2/mongodb-rate,8.65,164.4,400.43,0.0,0,950,326.4791,1.4347,1.525,0.0164,A
54,hotel2/mongodb-recommendation,7.52,163.08,400.43,0.0,0,2252,390.5175,1.4347,1.525,0.0164,A
54,hotel2/mongodb-reservation,4000.34,284.46,400.43,0.0039,2,2679472,464645.0163,13.1646,284.3415,8.53,A
54,hotel2/mongodb-user,8.75,163.89,400.43,0.0664,8,662,326.4791,1.4347,1.525,0.0164,A
54,hotel2/profile,1178.14,40.65,1119.06,0.0,0,33673,5839.207,3.8771,284.3415,1.94,A
54,hotel2/rate,741.39,29.13,1119.14,0.0,0,29573,5128.2294,2.4398,284.3415,1.4,A
54,hotel2/recommendation,403.34,21.45,1119.06,0.0,0,20709,3591.1305,1.4347,284.3415,0.804,A
54,hotel2/reservation,846.22,137.32,1119.06,0.0,0,36992,6414.752,2.7848,284.3415,1.51,A
54,hotel2/search,1418.15,29.71,1119.06,0.0,0,45282,7852.314,4.6669,284.3415,2.56,A
54,hotel2/user,20.04,16.91,1119.06,0.0,0,13319,2309.6367,1.4347,284.3415,0.0328,A
54,sa1/customer-feedback,55018.56,3639.09,7135.73,0.0,0,627076,108740.7289,181.0587,284.3415,126.0,A
54,sa2/customer-feedback,55428.34,3536.55,7042.56,0.0,0,555549,96337.2911,182.4072,284.3415,130.0,A
54,sa3/customer-feedback,63380.95,3461.35,6978.61,0.0,0,680741,118046.732,208.5782,284.3415,140.0,A
55,hotel/consul,11.59,32.62,201.79,0.0,0,11242,2004.6686,1.4347,269.3732,0.0147,A
55,hotel/frontend,3501.61,119.25,1119.14,0.0,0,62965,11227.8918,10.645,269.3732,5.23,A
55,hotel/geo,654.88,27.71,1119.06,0.0,0,22471,4007.0191,1.9909,269.3732,1.12,A
55,hotel/jaeger,0.18,14.88,81.01,0.0,0,2387,425.6488,1.4347,1.525,0.0,A
55,hotel/memcached-profile,118.52,7.93,79.25,0.0,0,9461,1687.0815,1.4347,269.3732,0.206,A
55,hotel/memcached-rate,77.68,7.49,79.25,0.0,0,9874,1760.7274,1.4347,269.3732,0.147,A
55,hotel/memcached-reserve,107.67,8.43,79.25,0.0,0,6043,1077.5852,1.4347,269.3732,0.177,A
55,hotel/mongodb-geo,9.4,171.06,400.43,0.0273,2,2253,401.754,1.4347,1.525,0.0295,A
55,hotel/mongodb-profile,9.47,172.27,400.43,0.0273,2,2009,358.244,1.4347,1.525,0.0147,A
55,hotel/mongodb-rate,8.67,172.05,400.43,0.0508,14,4287,764.456,1.4347,1.525,0.0295,A
55,hotel/mongodb-recommendation,8.8,170.39,400.43,0.0312,2,2102,374.8277,1.4347,1.525,0.0295,A
55,hotel/mongodb-reservation,3916.31,294.55,400.43,0.0117,6,2369880,422595.9848,11.9057,269.3732,7.57,A
55,hotel/mongodb-user,7.68,170.85,400.43,0.0,0,1413,326.4791,1.4347,1.525,0.0147,A
55,hotel/profile,1360.37,42.89,1119.06,0.0,0,37182,6630.2783,4.1356,269.3732,2.24,A
55,hotel/rate,765.85,31.28,1119.14,0.0,0,21790,3885.5835,2.3282,269.3732,1.34,A
55,hotel/recommendation,439.25,23.45,1119.06,0.0,0,14910,2658.7448,1.4347,269.3732,0.766,A
55,hotel/reservation,856.23,140.79,1119.06,0.0,0,27483,4900.7568,2.603,269.3732,1.59,A
55,hotel/search,1496.4,36.12,1119.06,0.0,0,35518,6333.5545,4.5491,269.3732,2.46,A
55,hotel/user,23.6,18.29,1119.06,0.0,0,8667,1545.4957,1.4347,269.3732,0.0442,A
55,hotel2/consul,10.68,29.98,201.79,0.0,0,12029,2145.0061,1.4347,269.3732,0.0295,A
55,hotel2/frontend,2536.9,96.85,1119.14,0.0,0,44002,7846.4178,7.7122,269.3732,3.96,A
55,hotel2/geo,538.14,24.16,1119.06,0.0,0,17618,3141.6342,1.636,269.3732,0.928,A
55,hotel2/jaeger,0.21,14.9,81.01,0.0,0,2158,384.8136,1.4347,1.525,0.0,A
55,hotel2/memcached-profile,96.79,7.68,79.25,0.0,0,11343,2022.6789,1.4347,269.3732,0.162,A
55,hotel2/memcached-rate,67.65,7.44,79.25,0.0,0,11319,2018.3992,1.4347,269.3732,0.118,A
55,hotel2/memcached-reserve,78.33,7.11,79.25,0.0,0,4515,805.1129,1.4347,269.3732,0.147,A
55,hotel2/mongodb-geo,7.66,165.06,400.43,0.0,0,3096,552.0774,1.4347,1.525,0.0147,A
55,hotel2/mongodb-profile,7.47,164.78,400.43,0.0,0,1123,326.4791,1.4347,1.525,0.0147,A
55,hotel2/mongodb-rate,7.76,164.39,400.43,0.0,0,593,326.4791,1.4347,1.525,0.0147,A
55,hotel2/mongodb-recommendation,8.03,163.1,400.43,0.0,0,319,326.4791,1.4347,1.525,0.0295,A
55,hotel2/mongodb-reservation,4007.77,284.84,400.43,0.0078,4,2585481,461041.8626,12.1837,269.3732,7.69,A
55,hotel2/mongodb-user,7.38,163.71,400.43,0.0,0,3215,573.2974,1.4347,1.525,0.0147,A
55,hotel2/profile,1044.3,41.92,1119.06,0.0,0,22720,4051.4207,3.1747,269.3732,1.92,A
55,hotel2/rate,664.45,28.15,1119.14,0.0,0,23469,4184.982,2.0199,269.3732,1.18,A
55,hotel2/recommendation,358.2,21.66,1119.06,0.0,0,16254,2898.4063,1.4347,269.3732,0.678,A
55,hotel2/reservation,714.81,135.62,1119.06,0.0,0,20846,3717.2498,2.173,269.3732,1.33,A
55,hotel2/search,1206.67,29.5,1119.06,0.0,0,31451,5608.3288,3.6683,269.3732,2.11,A
55,hotel2/user,16.74,16.91,1119.06,0.0,0,5539,987.7121,1.4347,269.3732,0.0295,A
55,sa1/customer-feedback,56530.2,3639.41,7135.73,0.0,0,569117,101484.6993,171.8533,269.3732,134.0,A
55,sa2/customer-feedback,56966.92,3534.38,7042.56,0.0,0,621903,110897.4761,173.181,269.3732,115.0,A
55,sa3/customer-feedback,55879.61,3461.46,6978.61,0.0,0,745432,132925.1144,169.8755,269.3732,108.0,A
56,hotel/consul,20.54,32.62,201.79,0.0,0,4674,877.4879,1.4347,278.4258,0.0583,A
56,hotel/frontend,8137.23,110.08,1119.14,0.0,0,248212,46598.8512,78.1956,278.4258,20.0,A
56,hotel/geo,1076.87,24.16,1119.06,0.0,0,4771,895.6985,10.3483,278.4258,3.56,A
56,hotel/jaeger,0.33,14.88,81.01,0.0,0,0,326.4791,1.4347,1.525,0.0,A
56,hotel/memcached-profile,219.92,7.7,79.25,0.0,0,3992,749.4505,2.1133,278.4258,0.544,A
56,hotel/memcached-rate,143.58,7.49,79.25,0.0,0,2252,422.7862,1.4347,278.4258,0.389,A
56,hotel/memcached-reserve,197.26,7.18,79.25,0.0,0,1602,326.4791,1.8956,278.4258,0.505,A
56,hotel/mongodb-geo,11.11,170.81,400.43,0.0,0,143,326.4791,1.4347,278.4258,0.0389,A
56,hotel/mongodb-profile,11.17,172.26,400.43,0.0,0,148,326.4791,1.4347,278.4258,0.0389,A
56,hotel/mongodb-rate,10.97,171.88,400.43,0.0,0,628,326.4791,1.4347,278.4258,0.0389,A
56,hotel/mongodb-recommendation,11.41,170.24,400.43,0.0,0,1321,326.4791,1.4347,278.4258,0.0389,A
56,hotel/mongodb-reservation,4083.87,294.11,400.43,0.0586,2,2194001,411897.5964,39.2444,278.4258,9.87,A
56,hotel/mongodb-user,10.92,170.86,400.43,0.0312,2,428,326.4791,1.4347,278.4258,0.0194,A
56,hotel/profile,2966.49,47.46,1119.06,0.0,0,28724,5392.5894,28.5068,278.4258,7.97,A
56,hotel/rate,1622.83,32.27,1119.14,0.0,0,5702,1070.4827,15.5948,278.4258,4.41,A
56,hotel/recommendation,733.74,22.34,1119.06,0.0,0,3419,641.8766,7.051,278.4258,2.0,A
56,hotel/reservation,1732.56,140.84,1119.06,0.0,0,57312,10759.6464,16.6492,278.4258,4.47,A
56,hotel/search,3149.53,34.53,1119.06,0.0,0,29135,5469.7498,30.2658,278.4258,8.26,A
56,hotel/user,33.78,18.27,1119.06,0.0,0,1701,326.4791,1.4347,278.4258,0.0972,A
56,hotel2/consul,20.12,29.98,201.79,0.0,0,2985,560.3983,1.4347,278.4258,0.0583,A
56,hotel2/frontend,4749.78,103.32,1119.14,0.0,0,53889,10117.0189,45.6435,278.4258,10.4,A
56,hotel2/geo,755.51,24.11,1119.06,0.0,0,4371,820.6033,7.2602,278.4258,1.71,A
56,hotel2/jaeger,0.25,14.9,81.01,0.0,0,0,326.4791,1.4347,1.525,0.0,A
56,hotel2/memcached-profile,144.17,7.93,79.25,0.0,0,3244,609.0224,1.4347,278.4258,0.311,A
56,hotel2/memcached-rate,111.17,7.45,79.25,0.0,0,3879,728.2361,1.4347,278.4258,0.233,A
56,hotel2/memcached-reserve,126.49,7.1,79.25,0.0,0,2118,397.6293,1.4347,278.4258,0.253,A
56,hotel2/mongodb-geo,11.07,165.06,400.43,0.0156,2,283,326.4791,1.4347,278.4258,0.0389,A
56,hotel2/mongodb-profile,10.72,164.78,400.43,0.0156,2,136,326.4791,1.4347,278.4258,0.0389,A
56,hotel2/mongodb-rate,10.55,164.39,400.43,0.0156,2,89,326.4791,1.4347,278.4258,0.0389,A
56,hotel2/mongodb-recommendation,11.0,163.1,400.43,0.0,0,107,326.4791,1.4347,278.4258,0.0583,A
56,hotel2/mongodb-reservation,3993.49,284.91,400.43,0.0039,2,2448429,459663.4277,38.3759,278.4258,10.1,A
56,hotel2/mongodb-user,11.25,163.71,400.43,0.0156,2,190,326.4791,1.4347,278.4258,0.0194,A
56,hotel2/profile,1794.55,40.69,1119.06,0.0,0,7847,1473.1809,17.2449,278.4258,3.83,A
56,hotel2/rate,934.0,28.36,1119.14,0.0,0,4300,807.2739,8.9754,278.4258,2.0,A
56,hotel2/recommendation,475.23,22.32,1119.06,0.0,0,3104,582.7391,4.5668,278.4258,0.972,A
56,hotel2/reservation,975.48,136.58,1119.06,0.0,0,5900,1107.6548,9.374,278.4258,2.2,A
56,hotel2/search,1978.19,29.14,1119.06,0.0,0,7344,1378.7487,19.0096,278.4258,4.3,A
56,hotel2/user,22.51,17.27,1119.06,0.0,0,2179,409.0813,1.4347,278.4258,0.0194,A
56,sa1/customer-feedback,24018.55,3640.59,7135.73,3.7617,38,9378,1760.608,230.8089,278.4258,70.4,A
56,sa2/customer-feedback,23290.43,3536.79,7042.56,3.8477,38,7371,1383.8176,223.8119,278.4258,62.2,A
56,sa3/customer-feedback,26184.55,3462.75,6978.61,3.9727,40,15951,2994.6106,251.6233,278.4258,46.0,A
57,hotel/consul,18.21,32.62,201.79,0.0,0,6258,1116.298,1.4347,288.4317,0.0408,A
57,hotel/frontend,7480.0,116.77,1119.14,0.0,0,232832,41532.4226,49.8329,288.4317,15.5,A
57,hotel/geo,863.5,23.39,1119.06,0.0,0,11972,2135.5577,5.7528,288.4317,1.67,A
57,hotel/jaeger,0.33,14.88,81.01,0.0,0,0,326.4791,1.4347,1.525,0.0,A
57,hotel/memcached-profile,227.73,7.7,79.25,0.0,0,6557,1169.6334,1.5172,288.4317,0.462,A
57,hotel/memcached-rate,133.47,7.49,79.25,0.0,0,6009,1071.8816,1.4347,288.4317,0.272,A
57,hotel/memcached-reserve,194.2,7.2,79.25,0.0,0,4956,884.0481,1.4347,288.4317,0.381,A
57,hotel/mongodb-geo,11.48,170.63,400.43,0.0312,2,416,326.4791,1.4347,288.4317,0.0136,A
57,hotel/mongodb-profile,11.39,172.45,400.43,0.0312,2,1530,326.4791,1.4347,288.4317,0.0136,A
57,hotel/mongodb-rate,9.85,171.88,400.43,0.0,0,373,326.4791,1.4347,1.525,0.0272,A
57,hotel/mongodb-recommendation,11.15,170.23,400.43,0.0547,4,689,326.4791,1.4347,288.4317,0.0408,A
57,hotel/mongodb-reservation,3943.39,294.24,400.43,0.0117,6,2411962,430244.2326,26.2714,288.4317,7.07,A
57,hotel/mongodb-user,10.09,170.86,400.43,0.0,0,573,326.4791,1.4347,288.4317,0.0272,A
57,hotel/profile,2718.16,41.0,1119.06,0.0,0,23119,4123.9524,18.1088,288.4317,6.16,A
57,hotel/rate,1437.57,33.06,1119.14,0.0,0,14007,2498.5597,9.5773,288.4317,3.18,A
57,hotel/recommendation,706.96,22.85,1119.06,0.0,0,9384,1673.9119,4.7099,288.4317,1.54,A
57,hotel/reservation,1776.78,140.71,1119.06,0.0,0,76793,13698.286,11.8372,288.4317,3.66,A
57,hotel/search,2564.54,37.51,1119.06,0.0,0,20648,3683.177,17.0853,288.4317,5.79,A
57,hotel/user,35.63,18.52,1119.06,0.0,0,4265,760.788,1.4347,288.4317,0.0816,A
57,hotel2/consul,18.56,29.98,201.79,0.0,0,6395,1140.736,1.4347,288.4317,0.0408,A
57,hotel2/frontend,2974.73,97.25,1119.14,0.0,0,31717,5657.6581,19.8181,288.4317,5.07,A
57,hotel2/geo,563.07,23.53,1119.06,0.0,0,9224,1645.3712,3.7513,288.4317,0.911,A
57,hotel2/jaeger,0.23,14.9,81.01,0.0,0,0,326.4791,1.4347,1.525,0.0,A
57,hotel2/memcached-profile,116.2,7.94,79.25,0.0,0,6160,1098.8168,1.4347,288.4317,0.163,A
57,hotel2/memcached-rate,84.79,7.45,79.25,0.0,0,7094,1265.4232,1.4347,288.4317,0.15,A
57,hotel2/memcached-reserve,99.18,7.11,79.25,0.0,0,2924,521.5812,1.4347,288.4317,0.163,A
57,hotel2/mongodb-geo,9.99,165.06,400.43,0.0,0,844,326.4791,1.4347,1.525,0.0272,A
57,hotel2/mongodb-profile,10.03,164.78,400.43,0.0,0,728,326.4791,1.4347,288.4317,0.0272,A
57,hotel2/mongodb-rate,9.79,164.39,400.43,0.0,0,810,326.4791,1.4347,1.525,0.0272,A
57,hotel2/mongodb-recommendation,10.88,163.29,400.43,0.0156,2,1335,326.4791,1.4347,288.4317,0.0272,A
57,hotel2/mongodb-reservation,3992.7,284.68,400.43,0.0273,6,2416526,431058.356,26.6,288.4317,7.07,A
57,hotel2/mongodb-user,9.78,163.71,400.43,0.0,0,861,326.4791,1.4347,1.525,0.0408,A
57,hotel2/profile,1281.41,40.11,1119.06,0.0,0,21028,3750.9611,8.5369,288.4317,1.94,A
57,hotel2/rate,705.17,27.68,1119.14,0.0,0,11337,2022.2868,4.6979,288.4317,1.16,A
57,hotel2/recommendation,403.69,21.32,1119.06,0.0,0,6095,1087.2222,2.6894,288.4317,0.585,A
57,hotel2/reservation,808.57,136.29,1119.06,0.0,0,9724,1734.5609,5.3868,288.4317,1.4,A
57,hotel2/search,1471.98,31.07,1119.06,0.0,0,12129,2163.5632,9.8065,288.4317,2.27,A
57,hotel2/user,18.06,17.33,1119.06,0.0,0,7054,1258.288,1.4347,288.4317,0.0272,A
57,sa1/customer-feedback,31669.62,3641.03,7135.73,0.0,0,154502,27559.9675,210.9877,288.4317,43.0,A
57,sa2/customer-feedback,30557.27,3538.51,7042.56,0.0,0,136329,24318.2795,203.577,288.4317,39.4,A
57,sa3/customer-feedback,34134.0,3465.2,6978.61,0.0,0,300524,53607.2781,227.4057,288.4317,46.8,A
58,hotel/consul,15.79,32.62,201.79,0.0,0,9676,1903.9718,1.4347,277.7306,0.0127,A
58,hotel/frontend,6499.92,117.98,1119.14,0.0,0,164847,32437.3742,28.4435,277.7306,8.22,A
58,hotel/geo,983.98,24.64,1119.06,0.0,0,18964,3731.5957,4.3059,277.7306,1.42,A
58,hotel/jaeger,0.26,14.88,81.01,0.0,0,0,326.4791,1.4347,1.525,0.0,A
58,hotel/memcached-profile,205.64,7.69,79.25,0.0,0,10578,2081.4607,1.4347,277.7306,0.305,A
58,hotel/memcached-rate,131.01,7.73,79.25,0.0,0,11491,2261.114,1.4347,277.7306,0.191,A
58,hotel/memcached-reserve,185.41,7.65,79.25,0.0,0,5550,1092.088,1.4347,277.7306,0.28,A
58,hotel/mongodb-geo,11.02,170.63,400.43,0.0,0,726,326.4791,1.4347,277.7306,0.0127,A
58,hotel/mongodb-profile,9.93,172.27,400.43,0.0,0,591,326.4791,1.4347,1.525,0.0381,A
58,hotel/mongodb-rate,10.55,171.88,400.43,0.0156,2,224,326.4791,1.4347,277.7306,0.0254,A
58,hotel/mongodb-recommendation,9.91,170.23,400.43,0.0,0,464,326.4791,1.4347,1.525,0.0127,A
58,hotel/mongodb-reservation,4136.79,293.88,400.43,0.1406,22,2236049,439993.1943,18.1025,277.7306,6.7,A
58,hotel/mongodb-user,10.56,170.86,400.43,0.0312,2,701,326.4791,1.4347,277.7306,0.0127,A
58,hotel/profile,2502.63,42.38,1119.06,0.0,0,29683,5840.8013,10.9515,277.7306,2.99,A
58,hotel/rate,1310.3,32.24,1119.14,0.0,0,21591,4248.5174,5.7339,277.7306,1.72,A
58,hotel/recommendation,647.38,22.48,1119.06,0.0,0,13850,2725.3006,2.8329,277.7306,0.953,A
58,hotel/reservation,1686.0,138.95,1119.06,0.0,0,49177,9676.6866,7.3779,277.7306,2.2,A
58,hotel/search,2508.92,35.06,1119.06,0.0,0,29766,5857.1335,10.979,277.7306,3.43,A
58,hotel/user,39.13,18.27,1119.06,0.0,0,9781,1924.6329,1.4347,277.7306,0.0636,A
58,hotel2/consul,14.73,29.98,201.79,0.0,0,13476,2651.7077,1.4347,277.7306,0.0254,A
58,hotel2/frontend,2896.59,97.33,1119.14,0.0,0,40591,7987.1969,12.6754,277.7306,4.03,A
58,hotel2/geo,585.28,23.61,1119.06,0.0,0,15504,3050.7625,2.5612,277.7306,0.902,A
58,hotel2/jaeger,0.22,14.9,81.01,0.0,0,0,326.4791,1.4347,1.525,0.0,A
58,hotel2/memcached-profile,115.19,7.69,79.25,0.0,0,11704,2303.0266,1.4347,277.7306,0.153,A
58,hotel2/memcached-rate,80.1,7.44,79.25,0.0,0,11259,2215.4628,1.4347,277.7306,0.114,A
58,hotel2/memcached-reserve,92.17,7.1,79.25,0.0,0,4700,924.8313,1.4347,277.7306,0.153,A
58,hotel2/mongodb-geo,9.95,165.06,400.43,0.0781,8,2381,468.5156,1.4347,1.525,0.0127,A
58,hotel2/mongodb-profile,10.29,164.78,400.43,0.0156,2,2098,412.8289,1.4347,277.7306,0.0254,A
58,hotel2/mongodb-rate,10.24,164.39,400.43,0.0586,8,986,326.4791,1.4347,277.7306,0.0254,A
58,hotel2/mongodb-recommendation,10.95,163.1,400.43,0.0,0,555,326.4791,1.4347,277.7306,0.0254,A
58,hotel2/mongodb-reservation,4160.48,284.77,400.43,0.0078,4,2322356,456976.0478,18.2062,277.7306,6.64,A
58,hotel2/mongodb-user,10.41,163.71,400.43,0.0156,2,378,326.4791,1.4347,277.7306,0.0254,A
58,hotel2/profile,1157.9,39.38,1119.06,0.0,0,18872,3713.4927,5.067,277.7306,1.67,A
58,hotel2/rate,702.5,27.66,1119.14,0.0,0,13767,2708.9685,3.0741,277.7306,1.13,A
58,hotel2/recommendation,412.74,21.44,1119.06,0.0,0,14132,2780.7905,1.8061,277.7306,0.61,A
58,hotel2/reservation,807.76,138.18,1119.06,0.0,0,16376,3222.3482,3.5347,277.7306,1.21,A
58,hotel2/search,1469.15,30.66,1119.06,0.0,0,28288,5566.3035,6.429,277.7306,2.12,A
58,hotel2/user,18.1,17.43,1119.06,0.0,0,6749,1328.0183,1.4347,277.7306,0.0254,A
58,sa1/customer-feedback,48480.46,3638.66,7135.73,0.0,0,333621,65647.4744,212.1497,277.7306,121.0,A
58,sa2/customer-feedback,55831.86,3538.86,7042.56,0.0,0,341064,67112.0529,244.3193,277.7306,124.0,A
58,sa3/customer-feedback,40227.59,3466.99,6978.61,0.0,0,518284,101984.0946,176.0353,277.7306,53.6,A
59,hotel/consul,15.87,32.62,201.79,0.0,0,7565,1373.2283,1.4347,310.2586,0.0339,A
59,hotel/frontend,6473.48,115.15,1119.14,0.0,0,200795,36449.091,33.9315,310.2586,18.3,A
59,hotel/geo,954.33,24.54,1119.06,0.0,0,13177,2391.9404,5.0022,310.2586,2.41,A
59,hotel/jaeger,0.31,14.88,81.01,0.0,0,0,326.4791,1.4347,1.525,0.0,A
59,hotel/memcached-profile,200.64,7.96,79.25,0.0,0,7110,1290.6349,1.4347,310.2586,0.441,A
59,hotel/memcached-rate,125.4,7.48,79.25,0.0,0,7063,1282.1033,1.4347,310.2586,0.288,A
59,hotel/memcached-reserve,178.48,7.17,79.25,0.0,0,6455,1171.7368,1.4347,310.2586,0.39,A
59,hotel/mongodb-geo,10.28,170.63,400.43,0.0312,2,1223,326.4791,1.4347,310.2586,0.017,A
59,hotel/mongodb-profile,9.89,172.27,400.43,0.0312,2,1070,326.4791,1.4347,1.525,0.0509,A
59,hotel/mongodb-rate,8.7,171.88,400.43,0.0,0,1161,326.4791,1.4347,1.525,0.0339,A
59,hotel/mongodb-recommendation,10.13,170.24,400.43,0.0312,2,2048,371.7609,1.4347,310.2586,0.0339,A
59,hotel/mongodb-reservation,3895.76,294.5,400.43,0.0117,6,2074854,376635.5844,20.4201,310.2586,8.94,A
59,hotel/mongodb-user,8.92,170.86,400.43,0.0,0,1131,326.4791,1.4347,1.525,0.017,A
59,hotel/profile,2638.12,41.15,1119.06,0.0,0,32558,5910.055,13.828,310.2586,6.99,A
59,hotel/rate,1345.11,32.52,1119.14,0.0,0,18650,3385.4207,7.0505,310.2586,2.83,A
59,hotel/recommendation,656.97,22.52,1119.06,0.0,0,12243,2222.3971,3.4436,310.2586,1.37,A
59,hotel/reservation,1685.27,140.51,1119.06,0.0,0,52497,9529.46,8.8335,310.2586,4.43,A
59,hotel/search,2372.22,33.71,1119.06,0.0,0,24053,4366.1943,12.4343,310.2586,5.72,A
59,hotel/user,44.74,18.54,1119.06,0.0,0,7031,1276.2945,1.4347,310.2586,0.102,A
59,hotel2/consul,15.28,29.98,201.79,0.0,0,10599,1923.9718,1.4347,310.2586,0.0509,A
59,hotel2/frontend,3446.16,97.77,1119.14,0.0,0,82587,14991.5141,18.0634,310.2586,11.0,A
59,hotel2/geo,631.81,23.54,1119.06,0.0,0,11691,2122.1959,3.3117,310.2586,1.46,A
59,hotel2/jaeger,0.23,14.9,81.01,0.0,0,0,326.4791,1.4347,1.525,0.0,A
59,hotel2/memcached-profile,119.81,7.71,79.25,0.0,0,7809,1417.5201,1.4347,310.2586,0.305,A
59,hotel2/memcached-rate,84.47,7.45,79.25,0.0,0,8400,1524.8007,1.4347,310.2586,0.204,A
59,hotel2/memcached-reserve,103.2,7.11,79.25,0.0,0,2858,518.7953,1.4347,310.2586,0.288,A
59,hotel2/mongodb-geo,8.85,165.06,400.43,0.0,0,1439,326.4791,1.4347,1.525,0.017,A
59,hotel2/mongodb-profile,9.35,165.27,400.43,0.0898,20,2054,372.8501,1.4347,1.525,0.0339,A
59,hotel2/mongodb-rate,9.04,164.58,400.43,0.0,0,654,326.4791,1.4347,1.525,0.0339,A
59,hotel2/mongodb-recommendation,9.25,163.29,400.43,0.0664,8,3613,655.8458,1.4347,1.525,0.0339,A
59,hotel2/mongodb-reservation,3843.25,284.82,400.43,0.0234,4,2448862,444526.9741,20.1448,310.2586,8.8,A
59,hotel2/mongodb-user,8.84,163.71,400.43,0.0,0,1073,326.4791,1.4347,1.525,0.017,A
59,hotel2/profile,1381.53,41.66,1119.06,0.0,0,18530,3363.6378,7.2414,310.2586,3.94,A
59,hotel2/rate,804.65,29.31,1119.14,0.0,0,14002,2541.6976,4.2177,310.2586,2.22,A
59,hotel2/recommendation,428.39,21.34,1119.06,0.0,0,8553,1552.5739,2.2455,310.2586,0.916,A
59,hotel2/reservation,831.57,137.77,1119.06,0.0,0,14319,2599.2407,4.3588,310.2586,2.1,A
59,hotel2/search,1493.61,30.63,1119.06,0.0,0,17239,3129.2905,7.8289,310.2586,3.73,A
59,hotel2/user,17.4,17.82,1119.06,0.0,0,5048,916.3326,1.4347,310.2586,0.0509,A
59,sa1/customer-feedback,43720.03,3640.52,7135.73,0.0,0,273083,49571.0904,229.1635,310.2586,41.1,A
59,sa2/customer-feedback,40005.28,3537.95,7042.56,0.0,0,240200,43602.0401,209.6922,310.2586,49.1,A
59,sa3/customer-feedback,34892.82,3467.1,6978.61,0.0,0,302067,54832.3791,182.8946,310.2586,60.0,A
60,hotel/consul,8.44,32.62,201.79,0.0,0,16475,3004.699,1.4347,1.525,0.0157,A
60,hotel/frontend,3875.95,111.89,1119.14,0.0,0,82154,14983.1891,11.0364,336.8594,7.67,A
60,hotel/geo,798.7,23.31,1119.06,0.0,0,30190,5506.0311,2.2742,336.8594,1.7,A
60,hotel/jaeger,0.18,14.88,81.01,0.0,0,0,326.4791,1.4347,1.525,0.0,A
60,hotel/memcached-profile,158.92,8.2,79.25,0.0,0,19493,3555.1197,1.4347,336.8594,0.362,A
60,hotel/memcached-rate,95.19,7.73,79.25,0.0,0,13100,2389.1688,1.4347,336.8594,0.22,A
60,hotel/memcached-reserve,144.68,7.18,79.25,0.0,0,7162,1306.2006,1.4347,336.8594,0.331,A
60,hotel/mongodb-geo,7.65,170.63,400.43,0.0,0,3331,607.5055,1.4347,1.525,0.0157,A
60,hotel/mongodb-profile,7.92,172.27,400.43,0.0,0,2207,402.5111,1.4347,1.525,0.0157,A
60,hotel/mongodb-rate,6.79,171.88,400.43,0.0508,6,7647,1394.6545,1.4347,1.525,0.0157,A
60,hotel/mongodb-recommendation,8.03,170.24,400.43,0.0,0,3065,558.9926,1.4347,1.525,0.0315,A
60,hotel/mongodb-reservation,4001.79,294.52,400.43,0.0664,4,2300315,419529.8409,11.3947,336.8594,8.17,A
60,hotel/mongodb-user,7.43,171.01,400.43,0.0312,2,7837,1429.3066,1.4347,1.525,0.0315,A
60,hotel/profile,1646.32,40.19,1119.06,0.0,0,44312,8081.5916,4.6878,336.8594,3.68,A
60,hotel/rate,955.06,31.89,1119.14,0.0,0,32132,5860.2117,2.7194,336.8594,2.11,A
60,hotel/recommendation,547.45,23.98,1119.06,0.0,0,19929,3634.6371,1.5588,336.8594,1.24,A
60,hotel/reservation,1245.98,142.43,1119.06,0.0,0,30465,5556.1854,3.5478,336.8594,2.64,A
60,hotel/search,1816.39,33.02,1119.06,0.0,0,34110,6220.9579,5.172,336.8594,3.9,A
60,hotel/user,36.87,18.3,1119.06,0.0,0,6462,1178.535,1.4347,336.8594,0.0787,A
60,hotel2/consul,7.23,29.98,201.79,0.0,0,16411,2993.0267,1.4347,1.525,0.0157,A
60,hotel2/frontend,2407.91,99.55,1119.14,0.0,0,61044,11133.162,6.8563,336.8594,3.64,A
60,hotel2/geo,580.58,23.21,1119.06,0.0,0,24643,4494.3731,1.6532,336.8594,0.976,A
60,hotel2/jaeger,0.13,14.9,81.01,0.0,0,0,326.4791,1.4347,1.525,0.0,A
60,hotel2/memcached-profile,91.2,7.7,79.25,0.0,0,14825,2703.7731,1.4347,336.8594,0.173,A
60,hotel2/memcached-rate,64.82,7.7,79.25,0.0,0,17925,3269.149,1.4347,336.8594,0.11,A
60,hotel2/memcached-reserve,77.6,7.11,79.25,0.0,0,7016,1279.5732,1.4347,336.8594,0.126,A
60,hotel2/mongodb-geo,7.69,165.06,400.43,0.0664,16,1922,350.533,1.4347,1.525,0.0315,A
60,hotel2/mongodb-profile,7.13,164.78,400.43,0.0156,2,1413,326.4791,1.4347,1.525,0.0157,A
60,hotel2/mongodb-rate,7.89,164.39,400.43,0.0664,16,1077,326.4791,1.4347,1.525,0.0157,A
60,hotel2/mongodb-recommendation,8.42,163.1,400.43,0.0703,16,2428,442.8169,1.4347,1.525,0.0157,A
60,hotel2/mongodb-reservation,3994.95,284.27,400.43,0.0625,6,2709908,494231.1258,11.3753,336.8594,8.15,A
60,hotel2/mongodb-user,8.26,163.71,400.43,0.0703,16,1775,326.4791,1.4347,1.525,0.0315,A
60,hotel2/profile,1021.24,40.03,1119.06,0.0,0,29101,5307.42,2.9079,336.8594,1.7,A
60,hotel2/rate,666.98,28.72,1119.14,0.0,0,25935,4730.0072,1.8992,336.8594,1.1,A
60,hotel2/recommendation,399.44,21.58,1119.06,0.0,0,21732,3963.467,1.4347,336.8594,0.708,A
60,hotel2/reservation,734.57,137.57,1119.06,0.0,0,26463,4826.3034,2.0916,336.8594,1.37,A
60,hotel2/search,1361.42,30.8,1119.06,0.0,0,36284,6617.4505,3.8765,336.8594,2.42,A
60,hotel2/user,17.88,17.71,1119.06,0.0,0,8606,1569.5563,1.4347,336.8594,0.0315,A
60,sa1/customer-feedback,58556.95,3639.38,7135.73,0.0,0,548871,100102.7091,166.7358,336.8594,125.0,A
60,sa2/customer-feedback,58090.33,3537.57,7042.56,0.0,0,572536,104418.7153,165.4071,336.8594,128.0,A
60,sa3/customer-feedback,70584.96,3466.98,6978.61,0.0,0,654377,119344.8196,200.9845,336.8594,124.0,A
61,hotel/consul,16.95,32.62,201.79,0.0,0,9725,1774.4776,1.4347,305.8621,0.08,A
61,hotel/frontend,4742.74,113.1,1119.14,0.0,0,69296,12644.1335,26.6755,305.8621,21.4,A
61,hotel/geo,785.78,22.68,1119.06,0.0,0,14973,2732.0568,4.4196,305.8621,3.31,A
61,hotel/jaeger,0.24,14.88,81.01,0.0,0,2237,408.1755,1.4347,1.525,0.0,A
61,hotel/memcached-profile,161.39,7.68,79.25,0.0,0,8699,1587.2679,1.4347,305.8621,0.72,A
61,hotel/memcached-rate,102.89,7.48,79.25,0.0,0,12770,2330.0852,1.4347,305.8621,0.453,A
61,hotel/memcached-reserve,136.05,7.15,79.25,0.0,0,6025,1099.355,1.4347,305.8621,0.586,A
61,hotel/mongodb-geo,10.75,170.82,400.43,0.0312,2,155,326.4791,1.4347,305.8621,0.0267,A
61,hotel/mongodb-profile,10.86,172.45,400.43,0.043,4,212,326.4791,1.4347,305.8621,0.0267,A
61,hotel/mongodb-rate,9.59,172.06,400.43,0.0,0,2210,403.2489,1.4347,1.525,0.0533,A
61,hotel/mongodb-recommendation,10.36,170.64,400.43,0.0312,2,3543,646.4755,1.4347,305.8621,0.0533,A
61,hotel/mongodb-reservation,4001.7,294.84,400.43,0.0117,6,2213323,403855.2215,22.5075,305.8621,14.4,A
61,hotel/mongodb-user,9.7,170.86,400.43,0.0,0,413,326.4791,1.4347,1.525,0.0533,A
61,hotel/profile,1899.85,39.49,1119.06,0.0,0,24440,4459.4583,10.6857,305.8621,8.88,A
61,hotel/rate,1107.67,29.3,1119.14,0.0,0,16161,2948.8259,6.2301,305.8621,4.75,A
61,hotel/recommendation,575.56,23.68,1119.06,0.0,0,15561,2839.3466,3.2372,305.8621,2.21,A
61,hotel/reservation,1193.65,141.96,1119.06,0.0,0,40436,7378.1774,6.7137,305.8621,5.38,A
61,hotel/search,2100.78,31.91,1119.06,0.0,0,25257,4608.5327,11.8158,305.8621,9.65,A
61,hotel/user,33.32,18.34,1119.06,0.0,0,6506,1187.1209,1.4347,305.8621,0.107,A
61,hotel2/consul,15.36,29.98,201.79,0.0,0,9998,1824.2907,1.4347,305.8621,0.08,A
61,hotel2/frontend,4393.32,99.66,1119.14,0.0,0,57216,10439.9495,24.7102,305.8621,18.3,A
61,hotel2/geo,759.02,24.51,1119.06,0.0,0,15366,2803.7658,4.2691,305.8621,3.15,A
61,hotel2/jaeger,0.19,14.9,81.01,0.0,0,2703,493.2044,1.4347,1.525,0.0,A
61,hotel2/memcached-profile,146.91,7.95,79.25,0.0,0,9008,1643.6498,1.4347,305.8621,0.613,A
61,hotel2/memcached-rate,106.08,7.45,79.25,0.0,0,9827,1793.0891,1.4347,305.8621,0.48,A
61,hotel2/memcached-reserve,119.92,7.11,79.25,0.0,0,5616,1024.7266,1.4347,305.8621,0.506,A
61,hotel2/mongodb-geo,9.19,165.06,400.43,0.0,0,4271,779.3104,1.4347,1.525,0.08,A
61,hotel2/mongodb-profile,9.23,164.78,400.43,0.0,0,1877,342.4879,1.4347,1.525,0.08,A
61,hotel2/mongodb-rate,9.26,164.39,400.43,0.0,0,1047,326.4791,1.4347,1.525,0.0533,A
61,hotel2/mongodb-recommendation,10.09,163.29,400.43,0.0156,2,2902,529.5151,1.4347,305.8621,0.08,A
61,hotel2/mongodb-reservation,3997.91,284.6,400.43,0.0234,2,2535027,462555.1222,22.4862,305.8621,13.9,A
61,hotel2/mongodb-user,9.44,163.71,400.43,0.0,0,3164,577.321,1.4347,1.525,0.0267,A
61,hotel2/profile,1680.15,41.04,1119.06,0.0,0,25390,4632.8006,9.45,305.8621,8.32,A
61,hotel2/rate,1023.49,28.39,1119.14,0.0,0,17233,3144.429,5.7566,305.8621,4.32,A
61,hotel2/recommendation,538.48,20.48,1119.06,0.0,0,12159,2218.5987,3.0287,305.8621,1.95,A
61,hotel2/reservation,1022.11,137.54,1119.06,0.0,0,16046,2927.8424,5.7489,305.8621,4.37,A
61,hotel2/search,1934.83,28.5,1119.06,0.0,0,26379,4813.259,10.8824,305.8621,8.85,A
61,hotel2/user,27.26,17.95,1119.06,0.0,0,6224,1135.6656,1.4347,305.8621,0.08,A
61,sa1/customer-feedback,47763.15,3639.32,7135.73,0.0,0,301165,54952.2405,268.6437,305.8621,78.7,A
61,sa2/customer-feedback,46209.42,3538.89,7042.56,0.0,0,511694,93366.5325,259.9047,305.8621,78.3,A
61,sa3/customer-feedback,38010.94,3468.46,6978.61,0.0,0,275089,50194.2685,213.7924,305.8621,71.6,A
62,hotel/consul,16.55,32.62,201.79,0.0,0,12081,2054.2087,1.4347,312.6912,0.0283,A
62,hotel/frontend,3563.13,116.17,1119.14,0.0,0,57588,9792.0513,12.8337,312.6912,5.51,A
62,hotel/geo,707.71,23.55,1119.06,0.0,0,23708,4031.221,2.549,312.6912,1.09,A
62,hotel/jaeger,0.23,14.88,81.01,0.0,0,2754,468.28,1.4347,1.525,0.0,A
62,hotel/memcached-profile,148.23,7.68,79.25,0.0,0,19854,3375.901,1.4347,312.6912,0.227,A
62,hotel/memcached-rate,94.02,7.73,79.25,0.0,0,33238,5651.667,1.4347,312.6912,0.156,A
62,hotel/memcached-reserve,129.37,7.16,79.25,0.0,0,7304,1241.9452,1.4347,312.6912,0.212,A
62,hotel/mongodb-geo,8.22,170.63,400.43,0.0,0,1392,326.4791,1.4347,1.525,0.0283,A
62,hotel/mongodb-profile,8.51,172.27,400.43,0.0,0,591,326.4791,1.4347,1.525,0.0283,A
62,hotel/mongodb-rate,8.95,172.06,400.43,0.0156,2,2036,346.1939,1.4347,1.525,0.0142,A
62,hotel/mongodb-recommendation,8.39,170.24,400.43,0.0,0,599,326.4791,1.4347,1.525,0.0283,A
62,hotel/mongodb-reservation,3923.69,294.52,400.43,0.0664,4,2386977,405872.7731,14.1323,312.6912,7.83,A
62,hotel/mongodb-user,9.29,170.86,400.43,0.0312,2,3875,658.8907,1.4347,1.525,0.0283,A
62,hotel/profile,1590.93,41.26,1119.06,0.0,0,28961,4924.4217,5.7302,312.6912,2.41,A
62,hotel/rate,927.67,30.53,1119.14,0.0,0,28074,4773.5995,3.3413,312.6912,1.42,A
62,hotel/recommendation,502.56,23.69,1119.06,0.0,0,16557,2815.2913,1.8101,312.6912,0.765,A
62,hotel/reservation,1001.04,144.84,1119.06,0.0,0,28152,4786.8623,3.6055,312.6912,1.76,A
62,hotel/search,1735.41,33.4,1119.06,0.0,0,33498,5695.8765,6.2506,312.6912,2.63,A
62,hotel/user,25.45,18.85,1119.06,0.0,0,8713,1481.5264,1.4347,312.6912,0.0425,A
62,hotel2/consul,13.07,29.98,201.79,0.0,0,13283,2258.5924,1.4347,312.6912,0.0283,A
62,hotel2/frontend,3340.78,99.11,1119.14,0.0,0,71176,12102.5048,12.0328,312.6912,5.18,A
62,hotel2/geo,661.27,24.2,1119.06,0.0,0,28637,4869.33,2.3818,312.6912,1.02,A
62,hotel2/jaeger,0.18,14.9,81.01,0.0,0,3464,589.0058,1.4347,1.525,0.0,A
62,hotel2/memcached-profile,116.18,7.7,79.25,0.0,0,22079,3754.2318,1.4347,312.6912,0.184,A
62,hotel2/memcached-rate,87.5,7.45,79.25,0.0,0,16841,2863.5816,1.4347,312.6912,0.142,A
62,hotel2/memcached-reserve,111.67,7.36,79.25,0.0,0,6323,1075.1396,1.4347,312.6912,0.156,A
62,hotel2/mongodb-geo,8.76,165.06,400.43,0.0156,2,2674,454.6771,1.4347,1.525,0.0283,A
62,hotel2/mongodb-profile,8.52,164.95,400.43,0.0156,2,1328,326.4791,1.4347,1.525,0.0142,A
62,hotel2/mongodb-rate,8.86,164.39,400.43,0.0156,2,2089,355.2059,1.4347,1.525,0.0283,A
62,hotel2/mongodb-recommendation,8.16,163.1,400.43,0.0,0,928,326.4791,1.4347,1.525,0.0142,A
62,hotel2/mongodb-reservation,3999.04,284.3,400.43,0.0039,2,2537575,431479.9021,14.4037,312.6912,7.27,A
62,hotel2/mongodb-user,8.57,163.9,400.43,0.0352,4,1891,326.4791,1.4347,1.525,0.0142,A
62,hotel2/profile,1356.84,40.42,1119.06,0.0,0,27700,4710.0059,4.8871,312.6912,2.01,A
62,hotel2/rate,814.13,28.91,1119.14,0.0,0,26469,4500.6912,2.9323,312.6912,1.2,A
62,hotel2/recommendation,461.02,21.65,1119.06,0.0,0,23857,4056.5564,1.6605,312.6912,0.708,A
62,hotel2/reservation,932.69,136.42,1119.06,0.0,0,24591,4181.363,3.3594,312.6912,1.33,A
62,hotel2/search,1501.95,28.73,1119.06,0.0,0,36154,6147.4929,5.4097,312.6912,2.39,A
62,hotel2/user,25.7,18.06,1119.06,0.0,0,13923,2367.4156,1.4347,312.6912,0.0425,A
62,sa1/customer-feedback,60729.21,3639.89,7135.73,0.0,0,437950,74467.4042,218.7341,312.6912,116.0,A
62,sa2/customer-feedback,58830.72,3539.24,7042.56,0.0,0,890705,151452.196,211.8961,312.6912,96.6,A
62,sa3/customer-feedback,51262.69,3467.3,6978.61,0.0,0,490255,83361.1536,184.6376,312.6912,142.0,A
63,hotel/consul,12.91,32.62,201.79,0.0,0,15152,2454.7118,1.4347,305.9248,0.0319,A
63,hotel/frontend,3935.83,116.75,1119.14,0.0,0,65170,10557.9177,13.5838,305.9248,8.44,A
63,hotel/geo,752.84,24.29,1119.06,0.0,0,41401,6707.2019,2.5983,305.9248,1.58,A
63,hotel/jaeger,0.17,14.88,81.01,0.0,0,3099,502.056,1.4347,1.525,0.0,A
63,hotel/memcached-profile,151.43,7.69,79.25,0.0,0,14620,2368.5247,1.4347,305.9248,0.303,A
63,hotel/memcached-rate,94.14,7.48,79.25,0.0,0,21392,3465.628,1.4347,305.9248,0.207,A
63,hotel/memcached-reserve,130.91,7.17,79.25,0.0,0,9863,1597.8632,1.4347,305.9248,0.271,A
63,hotel/mongodb-geo,10.02,170.62,400.43,0.0,0,6986,1131.7725,1.4347,305.9248,0.0319,A
63,hotel/mongodb-profile,8.57,172.45,400.43,0.0,0,747,326.4791,1.4347,1.525,0.0159,A
63,hotel/mongodb-rate,8.29,171.88,400.43,0.0,0,321,326.4791,1.4347,1.525,0.0319,A
63,hotel/mongodb-recommendation,9.4,170.23,400.43,0.0,0,3337,540.6133,1.4347,1.525,0.0319,A
63,hotel/mongodb-reservation,3995.76,294.89,400.43,0.0625,12,2689286,435679.9177,13.7906,305.9248,8.27,A
63,hotel/mongodb-user,8.67,170.86,400.43,0.0,0,1800,326.4791,1.4347,1.525,0.0159,A
63,hotel/profile,1428.23,40.84,1119.06,0.0,0,44538,7215.4141,4.9293,305.9248,2.98,A
63,hotel/rate,914.22,31.33,1119.14,0.0,0,44891,7272.6022,3.1553,305.9248,1.85,A
63,hotel/recommendation,535.67,23.1,1119.06,0.0,0,23407,3792.0697,1.8488,305.9248,1.08,A
63,hotel/reservation,1052.88,143.86,1119.06,0.0,0,39270,6361.9676,3.6338,305.9248,1.99,A
63,hotel/search,1652.61,34.91,1119.06,0.0,0,47267,7657.5279,5.7037,305.9248,3.58,A
63,hotel/user,25.79,18.38,1119.06,0.0,0,10175,1648.409,1.4347,305.9248,0.0478,A
63,hotel2/consul,11.68,29.98,201.79,0.0,0,13090,2120.6559,1.4347,305.9248,0.0319,A
63,hotel2/frontend,2738.77,96.77,1119.14,0.0,0,55790,9038.3033,9.4523,305.9248,5.8,A
63,hotel2/geo,632.44,25.45,1119.06,0.0,0,28620,4636.6059,2.1827,305.9248,1.37,A
63,hotel2/jaeger,0.22,14.9,81.01,0.0,0,3952,640.2469,1.4347,1.525,0.0,A
63,hotel2/memcached-profile,105.47,7.71,79.25,0.0,0,15869,2570.87,1.4347,305.9248,0.255,A
63,hotel2/memcached-rate,80.83,7.45,79.25,0.0,0,15477,2507.3637,1.4347,305.9248,0.191,A
63,hotel2/memcached-reserve,99.79,7.11,79.25,0.0,0,6912,1119.7841,1.4347,305.9248,0.239,A
63,hotel2/mongodb-geo,8.53,165.06,400.43,0.0,0,908,326.4791,1.4347,1.525,0.0159,A
63,hotel2/mongodb-profile,6.63,164.96,400.43,0.0,0,3310,536.2392,1.4347,1.525,0.0319,A
63,hotel2/mongodb-rate,8.56,164.39,400.43,0.0,0,1130,326.4791,1.4347,1.525,0.0319,A
63,hotel2/mongodb-recommendation,7.27,163.29,400.43,0.0156,2,3853,624.2083,1.4347,1.525,0.0159,A
63,hotel2/mongodb-reservation,3996.29,284.86,400.43,0.0312,6,2653960,429956.9009,13.7924,305.9248,8.24,A
63,hotel2/mongodb-user,6.53,163.9,400.43,0.0,0,3180,515.1784,1.4347,1.525,0.0159,A
63,hotel2/profile,1061.41,39.69,1119.06,0.0,0,40884,6623.4449,3.6633,305.9248,2.41,A
63,hotel2/rate,731.51,28.09,1119.14,0.0,0,32505,5265.9984,2.5247,305.9248,1.8,A
63,hotel2/recommendation,436.43,22.08,1119.06,0.0,0,18619,3016.3859,1.5063,305.9248,0.972,A
63,hotel2/reservation,817.74,137.29,1119.06,0.0,0,33147,5370.0061,2.8223,305.9248,1.98,A
63,hotel2/search,1359.3,29.36,1119.06,0.0,0,39238,6356.7834,4.6914,305.9248,3.09,A
63,hotel2/user,19.2,18.07,1119.06,0.0,0,8157,1321.4813,1.4347,305.9248,0.0319,A
63,sa1/customer-feedback,77239.52,3640.59,7135.73,3.8008,42,428435,69408.953,266.5773,305.9248,136.0,A
63,sa2/customer-feedback,43401.59,3539.63,7042.56,3.8711,40,968604,156919.4615,149.7922,305.9248,100.0,A
63,sa3/customer-feedback,62188.57,3466.98,6978.61,3.9453,40,1074003,173994.7103,214.6319,305.9248,140.0,A
64,hotel/consul,13.87,32.62,201.79,0.0,0,14134,2319.3226,1.4347,324.1786,0.0244,A
64,hotel/frontend,4167.53,114.91,1119.14,0.0,0,71065,11661.4307,16.6993,324.1786,8.69,A
64,hotel/geo,751.55,24.07,1119.06,0.0,0,29845,4897.4235,3.0115,324.1786,1.67,A
64,hotel/jaeger,0.23,14.88,81.01,0.0,0,1972,326.4791,1.4347,1.525,0.0,A
64,hotel/memcached-profile,159.16,7.68,79.25,0.0,0,16829,2761.5594,1.4347,324.1786,0.33,A
64,hotel/memcached-rate,94.24,7.47,79.25,0.0,0,15490,2541.8358,1.4347,324.1786,0.208,A
64,hotel/memcached-reserve,134.97,7.42,79.25,0.0,0,6747,1107.1508,1.4347,324.1786,0.281,A
64,hotel/mongodb-geo,8.34,170.62,400.43,0.0,0,3018,495.2395,1.4347,1.525,0.0244,A
64,hotel/mongodb-profile,8.01,172.26,400.43,0.0,0,1821,326.4791,1.4347,1.525,0.0122,A
64,hotel/mongodb-rate,9.57,171.88,400.43,0.0234,4,3637,596.8145,1.4347,1.525,0.0244,A
64,hotel/mongodb-recommendation,8.91,170.48,400.43,0.0,0,2049,336.2312,1.4347,1.525,0.0244,A
64,hotel/mongodb-reservation,4003.31,294.66,400.43,0.0469,14,2558035,419761.4562,16.0412,324.1786,8.86,A
64,hotel/mongodb-user,10.0,170.86,400.43,0.0,0,4867,798.6517,1.4347,1.525,0.0122,A
64,hotel/profile,1436.98,40.48,1119.06,0.0,0,37141,6094.6626,5.758,324.1786,2.91,A
64,hotel/rate,980.62,30.74,1119.14,0.0,0,26486,4346.2274,3.9293,324.1786,2.21,A
64,hotel/recommendation,512.58,22.41,1119.06,0.0,0,19323,3170.813,2.0539,324.1786,1.11,A
64,hotel/reservation,1064.68,145.3,1119.06,0.0,0,29540,4847.3744,4.2662,324.1786,2.33,A
64,hotel/search,1743.29,32.02,1119.06,0.0,0,42441,6964.3676,6.9854,324.1786,3.63,A
64,hotel/user,28.41,17.64,1119.06,0.0,0,9270,1521.1632,1.4347,324.1786,0.061,A
64,hotel2/consul,12.58,29.98,201.79,0.0,0,13490,2213.6453,1.4347,324.1786,0.0244,A
64,hotel2/frontend,3354.78,100.57,1119.14,0.0,0,52498,8614.6737,13.4426,324.1786,7.95,A
64,hotel2/geo,619.01,23.33,1119.06,0.0,0,28913,4744.4867,2.4804,324.1786,1.47,A
64,hotel2/jaeger,0.23,14.9,81.01,0.0,0,0,326.4791,1.4347,1.525,0.0,A
64,hotel2/memcached-profile,109.92,7.93,79.25,0.0,0,21062,3456.1747,1.4347,324.1786,0.256,A
64,hotel2/memcached-rate,85.45,7.45,79.25,0.0,0,24211,3972.9107,1.4347,324.1786,0.183,A
64,hotel2/memcached-reserve,105.35,7.35,79.25,0.0,0,8843,1451.0945,1.4347,324.1786,0.244,A
64,hotel2/mongodb-geo,9.45,164.82,400.43,0.0195,2,4784,785.0318,1.4347,1.525,0.0244,A
64,hotel2/mongodb-profile,8.56,164.79,400.43,0.0195,2,1860,326.4791,1.4347,1.525,0.0244,A
64,hotel2/mongodb-rate,9.17,164.4,400.43,0.0195,2,2258,370.5271,1.4347,1.525,0.0122,A
64,hotel2/mongodb-recommendation,7.59,163.29,400.43,0.0,0,880,326.4791,1.4347,1.525,0.0122,A
64,hotel2/mongodb-reservation,4007.34,284.85,400.43,0.0078,4,2580389,423429.6419,16.0574,324.1786,8.79,A
64,hotel2/mongodb-user,8.62,163.71,400.43,0.0195,2,9876,1620.6049,1.4347,1.525,0.0122,A
64,hotel2/profile,1169.35,40.8,1119.06,0.0,0,30603,5021.8077,4.6856,324.1786,2.72,A
64,hotel2/rate,725.86,28.71,1119.14,0.0,0,24332,3992.7662,2.9085,324.1786,1.6,A
64,hotel2/recommendation,423.93,22.85,1119.06,0.0,0,19990,3280.2645,1.6987,324.1786,0.965,A
64,hotel2/reservation,910.82,135.99,1119.06,0.0,0,31654,5194.2718,3.6497,324.1786,2.23,A
64,hotel2/search,1436.32,29.41,1119.06,0.0,0,36591,6004.4102,5.7553,324.1786,3.35,A
64,hotel2/user,18.2,18.31,1119.06,0.0,0,7345,1205.2798,1.4347,324.1786,0.0366,A
64,sa1/customer-feedback,66191.52,3640.86,7135.73,0.0,0,423080,69425.4288,265.2291,324.1786,172.0,A
64,sa2/customer-feedback,47963.39,3540.61,7042.56,0.0,0,920560,151059.5461,192.189,324.1786,108.0,A
64,sa3/customer-feedback,52548.32,3467.36,6978.61,0.0,0,950397,155955.6568,210.5608,324.1786,114.0,A
65,hotel/consul,15.77,32.62,201.79,0.0,0,9982,1585.1466,1.4347,296.4421,0.0312,A
65,hotel/frontend,4393.86,112.54,1119.14,0.0,0,77423,12294.8114,22.0738,296.4421,5.02,A
65,hotel/geo,790.2,26.14,1119.06,0.0,0,21653,3438.5073,3.9698,296.4421,1.15,A
65,hotel/jaeger,0.3,14.88,81.01,0.0,0,0,326.4791,1.4347,1.525,0.0156,A
65,hotel/memcached-profile,173.46,7.93,79.25,0.0,0,10782,1712.187,1.4347,296.4421,0.218,A
65,hotel/memcached-rate,98.2,7.49,79.25,0.0,0,23710,3765.1599,1.4347,296.4421,0.125,A
65,hotel/memcached-reserve,138.96,7.17,79.25,0.0,0,6973,1107.3159,1.4347,296.4421,0.171,A
65,hotel/mongodb-geo,10.73,170.64,400.43,0.0508,14,1355,326.4791,1.4347,296.4421,0.0156,A
65,hotel/mongodb-profile,9.72,172.46,400.43,0.0508,14,661,326.4791,1.4347,1.525,0.0156,A
65,hotel/mongodb-rate,9.71,171.88,400.43,0.0,0,2462,390.9668,1.4347,1.525,0.0156,A
65,hotel/mongodb-recommendation,11.3,170.25,400.43,0.0156,8,1086,326.4791,1.4347,296.4421,0.0156,A
65,hotel/mongodb-reservation,4013.39,294.61,400.43,0.0117,6,2678668,425373.8278,20.1624,296.4421,7.48,A
65,hotel/mongodb-user,9.39,170.86,400.43,0.0,0,469,326.4791,1.4347,1.525,0.0156,A
65,hotel/profile,1782.08,40.57,1119.06,0.0,0,40777,6475.4081,8.9528,296.4421,2.23,A
65,hotel/rate,1034.59,33.09,1119.14,0.0,0,25436,4039.2496,5.1975,296.4421,1.2,A
65,hotel/recommendation,566.03,24.18,1119.06,0.0,0,18720,2972.7454,2.8436,296.4421,0.779,A
65,hotel/reservation,1157.5,144.34,1119.06,0.0,0,33285,5285.6748,5.815,296.4421,1.51,A
65,hotel/search,1930.03,35.71,1119.06,0.0,0,32231,5118.299,9.696,296.4421,2.52,A
65,hotel/user,28.98,17.64,1119.06,0.0,0,10332,1640.7268,1.4347,296.4421,0.0467,A
65,hotel2/consul,15.36,29.98,201.79,0.0,0,6090,967.0951,1.4347,296.4421,0.0312,A
65,hotel2/frontend,2761.58,101.0,1119.14,0.0,0,39373,6252.4522,13.8736,296.4421,4.18,A
65,hotel2/geo,570.09,23.68,1119.06,0.0,0,18316,2908.59,2.864,296.4421,1.04,A
65,hotel2/jaeger,0.27,14.9,81.01,0.0,0,0,326.4791,1.4347,1.525,0.0,A
65,hotel2/memcached-profile,103.05,7.69,79.25,0.0,0,10836,1720.7623,1.4347,296.4421,0.156,A
65,hotel2/memcached-rate,78.23,7.45,79.25,0.0,0,10440,1657.8773,1.4347,296.4421,0.125,A
65,hotel2/memcached-reserve,91.96,7.35,79.25,0.0,0,4279,679.5074,1.4347,296.4421,0.156,A
65,hotel2/mongodb-geo,9.31,164.82,400.43,0.0,0,1572,326.4791,1.4347,1.525,0.0156,A
65,hotel2/mongodb-profile,8.94,164.79,400.43,0.0,0,1965,326.4791,1.4347,1.525,0.0156,A
65,hotel2/mongodb-rate,9.29,164.4,400.43,0.0,0,2406,382.074,1.4347,1.525,0.0312,A
65,hotel2/mongodb-recommendation,9.31,163.1,400.43,0.0195,2,133,326.4791,1.4347,1.525,0.0312,A
65,hotel2/mongodb-reservation,4004.74,284.96,400.43,0.1289,26,2832473,449798.1393,20.1189,296.4421,8.1,A
65,hotel2/mongodb-user,9.28,163.71,400.43,0.0,0,3261,517.8484,1.4347,1.525,0.0312,A
65,hotel2/profile,1019.8,40.91,1119.06,0.0,0,25606,4066.2457,5.1232,296.4421,1.65,A
65,hotel2/rate,706.56,31.2,1119.14,0.0,0,20209,3209.1994,3.5496,296.4421,1.15,A
65,hotel2/recommendation,380.56,21.34,1119.06,0.0,0,13923,2210.9794,1.9118,296.4421,0.67,A
65,hotel2/reservation,784.08,139.29,1119.06,0.0,0,21320,3385.6267,3.939,296.4421,1.26,A
65,hotel2/search,1367.55,30.91,1119.06,0.0,0,34042,5405.8867,6.8703,296.4421,2.2,A
65,hotel2/user,20.23,17.99,1119.06,0.0,0,4957,787.1741,1.4347,296.4421,0.0312,A
65,sa1/customer-feedback,52011.42,3641.45,7135.73,0.0,0,274172,43538.6517,261.2937,296.4421,160.0,A
65,sa2/customer-feedback,44986.37,3539.8,7042.56,0.0,0,612887,97326.7643,226.0014,296.4421,115.0,A
65,sa3/customer-feedback,35859.56,3468.26,6978.61,0.0,0,591516,93933.0388,180.1504,296.4421,101.0,A
66,hotel/consul,13.4,32.62,201.79,0.0,0,11622,2006.4536,1.4347,294.605,0.0294,A
66,hotel/frontend,3869.35,113.62,1119.14,0.0,0,69213,11949.1203,13.3813,294.605,5.39,A
66,hotel/geo,681.65,23.63,1119.06,0.0,0,28552,4929.2948,2.3573,294.605,0.871,A
66,hotel/jaeger,0.26,14.88,81.01,0.0,0,0,326.4791,1.4347,1.525,0.0,A
66,hotel/memcached-profile,140.89,7.67,79.25,0.0,0,14312,2470.8625,1.4347,294.605,0.196,A
66,hotel/memcached-rate,81.85,7.47,79.25,0.0,0,15304,2642.1241,1.4347,294.605,0.108,A
66,hotel/memcached-reserve,116.66,7.16,79.25,0.0,0,5646,974.7408,1.4347,294.605,0.157,A
66,hotel/mongodb-geo,8.02,170.64,400.43,0.0,0,1657,326.4791,1.4347,1.525,0.0098,A
66,hotel/mongodb-profile,7.82,172.28,400.43,0.0,0,1003,326.4791,1.4347,1.525,0.0098,A
66,hotel/mongodb-rate,8.88,171.88,400.43,0.0195,2,1967,339.5882,1.4347,1.525,0.0196,A
66,hotel/mongodb-recommendation,8.7,170.25,400.43,0.0,0,744,326.4791,1.4347,1.525,0.0098,A
66,hotel/mongodb-reservation,3992.62,294.9,400.43,0.0117,6,2801588,483673.7604,13.8076,294.605,5.04,A
66,hotel/mongodb-user,8.54,170.87,400.43,0.0117,6,3771,651.0357,1.4347,1.525,0.0196,A
66,hotel/profile,1408.78,39.9,1119.06,0.0,0,29670,5122.3094,4.8719,294.605,1.8,A
66,hotel/rate,853.67,29.39,1119.14,0.0,0,29626,5114.7131,2.9522,294.605,1.14,A
66,hotel/recommendation,512.24,23.07,1119.06,0.0,0,17151,2960.9952,1.7715,294.605,0.665,A
66,hotel/reservation,1081.1,142.55,1119.06,0.0,0,31428,5425.8153,3.7387,294.605,1.21,A
66,hotel/search,1579.42,34.73,1119.06,0.0,0,40467,6986.3328,5.4621,294.605,2.05,A
66,hotel/user,23.07,17.87,1119.06,0.0,0,8124,1402.5494,1.4347,294.605,0.0391,A
66,hotel2/consul,15.47,29.29,201.79,0.0,0,24266,4189.3481,1.4347,294.605,0.0098,A
66,hotel2/frontend,2902.28,99.32,1119.14,0.0,0,42400,7320.0511,10.0369,294.605,3.52,A
66,hotel2/geo,560.08,24.21,1119.06,0.0,0,31311,5405.6161,1.9369,294.605,0.665,A
66,hotel2/jaeger,0.23,14.9,81.01,0.0,0,0,326.4791,1.4347,1.525,0.0,A
66,hotel2/memcached-profile,93.64,7.71,79.25,0.0,0,19833,3424.023,1.4347,294.605,0.108,A
66,hotel2/memcached-rate,70.72,7.45,79.25,0.0,0,15386,2656.2808,1.4347,294.605,0.0783,A
66,hotel2/memcached-reserve,82.21,7.11,79.25,0.0,0,6014,1038.2733,1.4347,294.605,0.0881,A
66,hotel2/mongodb-geo,9.02,164.99,400.43,0.0195,2,971,326.4791,1.4347,1.525,0.0196,A
66,hotel2/mongodb-profile,9.22,164.78,400.43,0.0273,4,1442,326.4791,1.4347,1.525,0.0294,A
66,hotel2/mongodb-rate,9.03,164.4,400.43,0.0195,2,1856,326.4791,1.4347,1.525,0.0196,A
66,hotel2/mongodb-recommendation,7.34,163.1,400.43,0.0,0,3201,552.6293,1.4347,1.525,0.0098,A
66,hotel2/mongodb-reservation,3992.03,284.36,400.43,0.0039,2,2477773,427769.4594,13.8055,294.605,5.04,A
66,hotel2/mongodb-user,9.22,163.71,400.43,0.0195,2,2676,461.9919,1.4347,1.525,0.0196,A
66,hotel2/profile,1037.07,42.21,1119.06,0.0,0,29115,5026.4927,3.5865,294.605,1.31,A
66,hotel2/rate,705.84,27.57,1119.14,0.0,0,26026,4493.1993,2.441,294.605,0.802,A
66,hotel2/recommendation,371.15,21.31,1119.06,0.0,0,21659,3739.2686,1.4347,294.605,0.47,A
66,hotel2/reservation,684.75,136.67,1119.06,0.0,0,27020,4664.8062,2.3681,294.605,0.802,A
66,hotel2/search,1285.56,28.46,1119.06,0.0,0,37298,6439.228,4.4458,294.605,1.48,A
66,hotel2/user,15.72,17.98,1119.06,0.0,0,7321,1263.9173,1.4347,294.605,0.0196,A
66,sa1/customer-feedback,49716.49,3641.91,7135.73,0.0,0,557775,96295.7907,171.9332,294.605,28.4,A
66,sa2/customer-feedback,52938.13,3539.93,7042.56,0.0,0,447517,77260.5502,183.0745,294.605,107.0,A
66,sa3/customer-feedback,63620.95,3467.27,6978.61,0.0,0,591518,102121.2739,220.0186,294.605,86.4,A
67,hotel/consul,12.43,32.62,201.79,0.0,0,11517,1854.3002,1.4347,310.2259,0.0335,A
67,hotel/frontend,3301.43,113.09,1119.14,0.0,0,55131,8876.3936,11.6171,310.2259,8.9,A
67,hotel/geo,677.85,26.19,1119.06,0.0,0,29524,4753.526,2.3852,310.2259,1.63,A
67,hotel/jaeger,0.21,14.88,81.01,0.0,0,0,326.4791,1.4347,1.525,0.0,A
67,hotel/memcached-profile,130.16,7.93,79.25,0.0,0,17146,2760.6001,1.4347,310.2259,0.335,A
67,hotel/memcached-rate,75.78,7.49,79.25,0.0,0,17579,2830.3155,1.4347,310.2259,0.201,A
67,hotel/memcached-reserve,104.18,7.17,79.25,0.0,0,8052,1296.4162,1.4347,310.2259,0.268,A
67,hotel/mongodb-geo,8.9,170.65,400.43,0.0156,2,3972,639.5138,1.4347,1.525,0.0168,A
67,hotel/mongodb-profile,6.83,172.46,400.43,0.0156,2,4041,650.6232,1.4347,1.525,0.0168,A
67,hotel/mongodb-rate,9.16,171.88,400.43,0.0508,12,837,326.4791,1.4347,1.525,0.0335,A
67,hotel/mongodb-recommendation,8.92,170.42,400.43,0.0156,2,1386,326.4791,1.4347,1.525,0.0335,A
67,hotel/mongodb-reservation,3994.8,294.91,400.43,0.0039,2,2742725,441593.7781,14.0569,310.2259,8.8,A
67,hotel/mongodb-user,6.63,171.06,400.43,0.0,0,1929,326.4791,1.4347,1.525,0.0168,A
67,hotel/profile,1253.85,41.1,1119.06,0.0,0,40702,6553.2454,4.412,310.2259,3.37,A
67,hotel/rate,765.54,30.71,1119.14,0.0,0,36116,5814.8742,2.6938,310.2259,1.86,A
67,hotel/recommendation,455.14,22.77,1119.06,0.0,0,28899,4652.8976,1.6015,310.2259,1.14,A
67,hotel/reservation,902.17,142.72,1119.06,0.0,0,35693,5746.7689,3.1746,310.2259,2.31,A
67,hotel/search,1491.79,31.21,1119.06,0.0,0,49667,7996.6596,5.2493,310.2259,3.89,A
67,hotel/user,21.13,18.14,1119.06,0.0,0,13359,2150.8723,1.4347,310.2259,0.0503,A
67,hotel2/consul,11.89,29.29,201.79,0.0,0,13050,2101.1216,1.4347,310.2259,0.0335,A
67,hotel2/frontend,3170.97,99.65,1119.14,0.0,0,58559,9428.3204,11.158,310.2259,8.24,A
67,hotel2/geo,667.52,24.02,1119.06,0.0,0,31936,5141.8713,2.3489,310.2259,1.66,A
67,hotel2/jaeger,0.17,14.9,81.01,0.0,0,1047,326.4791,1.4347,1.525,0.0,A
67,hotel2/memcached-profile,112.26,7.71,79.25,0.0,0,17777,2862.1946,1.4347,310.2259,0.268,A
67,hotel2/memcached-rate,81.95,7.45,79.25,0.0,0,14866,2393.5076,1.4347,310.2259,0.201,A
67,hotel2/memcached-reserve,106.17,7.11,79.25,0.0,0,8362,1346.3279,1.4347,310.2259,0.251,A
67,hotel2/mongodb-geo,8.56,164.99,400.43,0.0,0,1599,326.4791,1.4347,1.525,0.0168,A
67,hotel2/mongodb-profile,8.61,164.79,400.43,0.0,0,3172,510.7094,1.4347,1.525,0.0335,A
67,hotel2/mongodb-rate,8.31,164.4,400.43,0.0,0,1085,326.4791,1.4347,1.525,0.0168,A
67,hotel2/mongodb-recommendation,6.65,163.1,400.43,0.0195,2,1240,326.4791,1.4347,1.525,0.0168,A
67,hotel2/mongodb-reservation,3995.33,284.66,400.43,0.043,10,2791446,449438.1265,14.0587,310.2259,8.76,A
67,hotel2/mongodb-user,8.45,163.71,400.43,0.0,0,1322,326.4791,1.4347,1.525,0.0168,A
67,hotel2/profile,1189.72,41.92,1119.06,0.0,0,39432,6348.7684,4.1864,310.2259,3.03,A
67,hotel2/rate,745.22,28.04,1119.14,0.0,0,44714,7199.1994,2.6223,310.2259,1.89,A
67,hotel2/recommendation,459.09,22.71,1119.06,0.0,0,22120,3561.4414,1.6154,310.2259,1.26,A
67,hotel2/reservation,921.38,138.65,1119.06,0.0,0,38382,6179.7127,3.2421,310.2259,2.13,A
67,hotel2/search,1418.32,28.73,1119.06,0.0,0,48836,7862.864,4.9908,310.2259,3.72,A
67,hotel2/user,19.02,17.98,1119.06,0.0,0,5864,944.1362,1.4347,310.2259,0.0503,A
67,sa1/customer-feedback,56788.13,3642.23,7135.73,0.0,0,668433,107621.3816,199.8257,310.2259,146.0,A
67,sa2/customer-feedback,59828.78,3540.27,7042.56,0.0,0,702166,113052.5797,210.5251,310.2259,168.0,A
67,sa3/customer-feedback,66700.89,3465.9,6978.61,0.0,0,631583,101688.3294,234.7067,310.2259,80.9,A
68,hotel/consul,12.37,32.62,201.79,0.0,0,10991,1837.0626,1.4347,278.323,0.0329,A
68,hotel/frontend,2354.49,111.5,1119.14,0.0,0,50928,8512.2303,7.3028,278.323,4.64,A
68,hotel/geo,519.51,26.68,1119.06,0.0,0,28826,4818.048,1.6113,278.323,0.986,A
68,hotel/jaeger,0.17,14.88,81.01,0.0,0,1240,326.4791,1.4347,1.525,0.0,A
68,hotel/memcached-profile,101.29,7.92,79.25,0.0,0,15578,2603.745,1.4347,278.323,0.181,A
68,hotel/memcached-rate,61.47,7.46,79.25,0.0,0,24782,4142.124,1.4347,278.323,0.0986,A
68,hotel/memcached-reserve,75.68,7.15,79.25,0.0,0,7067,1181.1956,1.4347,278.323,0.115,A
68,hotel/mongodb-geo,7.97,170.64,400.43,0.0,0,893,326.4791,1.4347,1.525,0.0164,A
68,hotel/mongodb-profile,7.2,172.28,400.43,0.0,0,1994,333.282,1.4347,1.525,0.0164,A
68,hotel/mongodb-rate,8.8,172.07,400.43,0.0195,2,962,326.4791,1.4347,1.525,0.0164,A
68,hotel/mongodb-recommendation,8.18,170.25,400.43,0.0,0,2273,379.9148,1.4347,1.525,0.0164,A
68,hotel/mongodb-reservation,4005.58,295.14,400.43,0.0195,2,2697392,450848.6842,12.4238,278.323,9.04,A
68,hotel/mongodb-user,8.5,170.88,400.43,0.0156,2,816,326.4791,1.4347,1.525,0.0329,A
68,hotel/profile,1066.78,38.36,1119.06,0.0,0,35802,5984.0337,3.3088,278.323,2.1,A
68,hotel/rate,623.3,28.8,1119.14,0.0,0,36207,6051.7264,1.9332,278.323,1.1,A
68,hotel/recommendation,377.3,22.48,1119.06,0.0,0,17236,2880.8671,1.4347,278.323,0.707,A
68,hotel/reservation,698.77,143.21,1119.06,0.0,0,25886,4326.6492,2.1673,278.323,1.38,A
68,hotel/search,1183.03,29.75,1119.06,0.0,0,45347,7579.4083,3.6693,278.323,2.24,A
68,hotel/user,19.8,17.87,1119.06,0.0,0,8725,1458.3178,1.4347,278.323,0.0493,A
68,hotel2/consul,12.54,29.29,201.79,0.0,0,16366,2735.4532,1.4347,278.323,0.0164,A
68,hotel2/frontend,3211.81,100.92,1119.14,0.0,0,74440,12442.0833,9.9619,278.323,5.23,A
68,hotel2/geo,636.03,23.15,1119.06,0.0,0,38523,6438.8283,1.9727,278.323,1.18,A
68,hotel2/jaeger,0.23,14.9,81.01,0.0,0,890,326.4791,1.4347,1.525,0.0,A
68,hotel2/memcached-profile,109.67,7.71,79.25,0.0,0,18623,3112.6937,1.4347,278.323,0.197,A
68,hotel2/memcached-rate,84.12,7.45,79.25,0.0,0,19683,3289.8647,1.4347,278.323,0.132,A
68,hotel2/memcached-reserve,106.43,7.12,79.25,0.0,0,9073,1516.4834,1.4347,278.323,0.164,A
68,hotel2/mongodb-geo,8.82,165.24,400.43,0.0195,2,330,326.4791,1.4347,1.525,0.0164,A
68,hotel2/mongodb-profile,8.27,164.79,400.43,0.0352,4,2268,379.0791,1.4347,1.525,0.0329,A
68,hotel2/mongodb-rate,8.59,164.59,400.43,0.0195,2,3176,530.8444,1.4347,1.525,0.0164,A
68,hotel2/mongodb-recommendation,7.49,163.1,400.43,0.0,0,968,326.4791,1.4347,1.525,0.0329,A
68,hotel2/mongodb-reservation,3984.02,284.36,400.43,0.0,0,2672467,446682.6589,12.357,278.323,8.43,A
68,hotel2/mongodb-user,8.65,163.71,400.43,0.0195,2,1466,326.4791,1.4347,1.525,0.0164,A
68,hotel2/profile,1229.68,41.8,1119.06,0.0,0,32241,5388.8395,3.814,278.323,2.01,A
68,hotel2/rate,778.75,29.23,1119.14,0.0,0,27708,4631.1828,2.4154,278.323,1.32,A
68,hotel2/recommendation,464.47,24.26,1119.06,0.0,0,22746,3801.822,1.4406,278.323,0.773,A
68,hotel2/reservation,825.93,139.76,1119.06,0.0,0,33145,5539.9362,2.5617,278.323,1.48,A
68,hotel2/search,1428.89,31.05,1119.06,0.0,0,46390,7753.7379,4.4319,278.323,2.38,A
68,hotel2/user,24.18,18.24,1119.06,0.0,0,7063,1180.5271,1.4347,278.323,0.0329,A
68,sa1/customer-feedback,66534.24,3643.57,7135.73,0.0,0,637845,106610.9705,206.3648,278.323,119.0,A
68,sa2/customer-feedback,59500.11,3540.65,7042.56,0.0,0,726691,121460.9079,184.5475,278.323,148.0,A
68,sa3/customer-feedback,50193.6,3465.8,6978.61,0.0,0,589056,98456.2579,155.6822,278.323,150.0,A
69,hotel/consul,14.51,32.62,201.79,0.0,0,7499,1300.2212,1.4347,313.6927,0.0287,A
69,hotel/frontend,3465.89,110.96,1119.14,0.0,0,48952,8487.589,14.3105,313.6927,7.5,A
69,hotel/geo,680.0,25.31,1119.06,0.0,0,21959,3807.3821,2.8077,313.6927,1.48,A
69,hotel/jaeger,0.98,14.88,81.01,0.0,0,21,326.4791,1.4347,1.525,0.0,A
69,hotel/memcached-profile,138.08,7.93,79.25,0.0,0,11530,1999.14,1.4347,313.6927,0.272,A
69,hotel/memcached-rate,85.27,7.48,79.25,0.0,0,10090,1749.4642,1.4347,313.6927,0.172,A
69,hotel/memcached-reserve,112.5,7.15,79.25,0.0,0,6671,1156.6577,1.4347,313.6927,0.215,A
69,hotel/mongodb-geo,9.57,170.65,400.43,0.0156,2,992,326.4791,1.4347,1.525,0.0143,A
69,hotel/mongodb-profile,9.76,172.28,400.43,0.0156,2,2836,491.7226,1.4347,1.525,0.0287,A
69,hotel/mongodb-rate,8.47,171.88,400.43,0.0,0,4205,729.0879,1.4347,1.525,0.043,A
69,hotel/mongodb-recommendation,9.57,170.67,400.43,0.0273,4,314,326.4791,1.4347,1.525,0.0287,A
69,hotel/mongodb-reservation,4040.24,295.0,400.43,0.0,0,2695954,467440.5427,16.6819,313.6927,7.61,A
69,hotel/mongodb-user,9.28,170.87,400.43,0.0,0,464,326.4791,1.4347,1.525,0.0143,A
69,hotel/profile,1478.7,38.6,1119.06,0.0,0,50024,8673.4587,6.1055,313.6927,2.77,A
69,hotel/rate,894.4,29.89,1119.14,0.0,0,21799,3779.6403,3.6929,313.6927,1.72,A
69,hotel/recommendation,473.41,23.68,1119.06,0.0,0,15012,2602.8699,1.9547,313.6927,0.932,A
69,hotel/reservation,958.82,144.21,1119.06,0.0,0,26528,4599.5825,3.9589,313.6927,1.69,A
69,hotel/search,1732.8,32.5,1119.06,0.0,0,26706,4630.4452,7.1546,313.6927,3.18,A
69,hotel/user,15.55,17.62,1119.06,0.0,0,8022,1390.9021,1.4347,313.6927,0.0287,A
69,hotel2/consul,12.93,29.29,201.79,0.0,0,9773,1694.5009,1.4347,313.6927,0.0143,A
69,hotel2/frontend,4028.13,101.17,1119.14,0.0,0,84743,14693.2455,16.6319,313.6927,6.55,A
69,hotel2/geo,757.22,24.02,1119.06,0.0,0,19238,3335.5989,3.1265,313.6927,1.28,A
69,hotel2/jaeger,0.2,14.9,81.01,0.0,0,1926,333.9413,1.4347,1.525,0.0,A
69,hotel2/memcached-profile,135.16,7.71,79.25,0.0,0,10554,1829.9153,1.4347,313.6927,0.215,A
69,hotel2/memcached-rate,101.5,7.46,79.25,0.0,0,11363,1970.1845,1.4347,313.6927,0.158,A
69,hotel2/memcached-reserve,134.84,7.12,79.25,0.0,0,5167,895.8852,1.4347,313.6927,0.215,A
69,hotel2/mongodb-geo,9.0,165.05,400.43,0.0,0,1155,326.4791,1.4347,1.525,0.0287,A
69,hotel2/mongodb-profile,8.72,164.97,400.43,0.0,0,2590,449.0696,1.4347,1.525,0.0143,A
69,hotel2/mongodb-rate,8.92,164.59,400.43,0.0,0,1320,326.4791,1.4347,1.525,0.0143,A
69,hotel2/mongodb-recommendation,9.76,163.1,400.43,0.0195,2,2827,490.1621,1.4347,1.525,0.043,A
69,hotel2/mongodb-reservation,4013.73,284.29,400.43,0.0312,4,2327198,403503.4337,16.5725,313.6927,7.3,A
69,hotel2/mongodb-user,8.66,163.71,400.43,0.0,0,7230,1253.5804,1.4347,1.525,0.0143,A
69,hotel2/profile,1453.72,40.61,1119.06,0.0,0,29421,5101.188,6.0023,313.6927,2.28,A
69,hotel2/rate,904.66,28.45,1119.14,0.0,0,24829,4304.9997,3.7353,313.6927,1.38,A
69,hotel2/recommendation,487.9,21.93,1119.06,0.0,0,16709,2897.1058,2.0145,313.6927,0.774,A
69,hotel2/reservation,995.37,137.8,1119.06,0.0,0,20513,3556.666,4.1098,313.6927,1.41,A
69,hotel2/search,1585.22,29.25,1119.06,0.0,0,33265,5767.6836,6.5453,313.6927,2.41,A
69,hotel2/user,23.06,18.25,1119.06,0.0,0,7794,1351.3701,1.4347,313.6927,0.043,A
69,sa1/customer-feedback,47167.84,3642.37,7135.73,3.9297,38,377448,65444.1797,194.7532,313.6927,106.0,A
69,sa2/customer-feedback,54566.48,3541.97,7042.56,3.6602,36,458812,79551.554,225.3018,313.6927,115.0,A
69,sa3/customer-feedback,53829.37,3466.17,6978.61,3.7109,36,726527,125969.5734,222.2583,313.6927,88.8,A
70,hotel/consul,11.88,32.62,201.79,0.0,0,11288,1967.2233,1.4347,286.0793,0.015,A
70,hotel/frontend,2930.18,113.54,1119.14,0.0,0,61992,10803.6947,8.0143,286.0793,6.03,A
70,hotel/geo,620.55,23.51,1119.06,0.0,0,27184,4737.5086,1.6973,286.0793,1.37,A
70,hotel/jaeger,0.2,14.88,81.01,0.0,0,0,326.4791,1.4347,1.525,0.0,A
70,hotel/memcached-profile,132.03,7.94,79.25,0.0,0,15249,2657.529,1.4347,286.0793,0.286,A
70,hotel/memcached-rate,79.94,7.73,79.25,0.0,0,14222,2478.548,1.4347,286.0793,0.18,A
70,hotel/memcached-reserve,112.45,7.18,79.25,0.0,0,7106,1238.4026,1.4347,286.0793,0.211,A
70,hotel/mongodb-geo,8.04,170.64,400.43,0.0312,4,2082,362.8419,1.4347,1.525,0.015,A
70,hotel/mongodb-profile,8.47,172.28,400.43,0.0312,4,1528,326.4791,1.4347,1.525,0.0301,A
70,hotel/mongodb-rate,9.18,172.07,400.43,0.0195,2,1091,326.4791,1.4347,1.525,0.015,A
70,hotel/mongodb-recommendation,8.36,170.5,400.43,0.0312,4,1975,344.1944,1.4347,1.525,0.015,A
70,hotel/mongodb-reservation,3954.01,294.58,400.43,0.1719,40,2424235,422485.0741,10.8145,286.0793,8.47,A
70,hotel/mongodb-user,8.86,170.87,400.43,0.0156,2,1440,326.4791,1.4347,1.525,0.015,A
70,hotel/profile,1199.23,40.11,1119.06,0.0,0,33470,5833.0052,3.28,286.0793,2.35,A
70,hotel/rate,787.17,30.54,1119.14,0.0,0,30995,5401.6731,2.153,286.0793,1.74,A
70,hotel/recommendation,432.69,22.37,1119.06,0.0,0,17635,3073.3507,1.4347,286.0793,0.963,A
70,hotel/reservation,884.88,145.56,1119.06,0.0,0,28230,4919.8009,2.4202,286.0793,1.8,A
70,hotel/search,1458.35,33.7,1119.06,0.0,0,38360,6685.213,3.9887,286.0793,2.92,A
70,hotel/user,20.52,17.61,1119.06,0.0,0,9813,1710.1667,1.4347,286.0793,0.0301,A
70,hotel2/consul,10.7,29.29,201.79,0.0,0,16201,2823.4394,1.4347,286.0793,0.0301,A
70,hotel2/frontend,2586.25,98.61,1119.14,0.0,0,53069,9248.6332,7.0736,286.0793,4.81,A
70,hotel2/geo,590.09,24.38,1119.06,0.0,0,28998,5053.6446,1.6139,286.0793,1.17,A
70,hotel2/jaeger,0.21,14.9,81.01,0.0,0,1618,326.4791,1.4347,1.525,0.0,A
70,hotel2/memcached-profile,105.53,7.73,79.25,0.0,0,19753,3442.4665,1.4347,286.0793,0.196,A
70,hotel2/memcached-rate,76.79,7.47,79.25,0.0,0,17921,3123.1935,1.4347,286.0793,0.15,A
70,hotel2/memcached-reserve,97.51,7.12,79.25,0.0,0,8627,1503.4758,1.4347,286.0793,0.18,A
70,hotel2/mongodb-geo,9.03,165.06,400.43,0.0195,2,5388,938.9971,1.4347,1.525,0.0301,A
70,hotel2/mongodb-profile,9.12,164.95,400.43,0.0195,2,349,326.4791,1.4347,1.525,0.0301,A
70,hotel2/mongodb-rate,9.04,164.4,400.43,0.0195,2,1532,326.4791,1.4347,1.525,0.015,A
70,hotel2/mongodb-recommendation,8.17,163.1,400.43,0.0,0,1499,326.4791,1.4347,1.525,0.0301,A
70,hotel2/mongodb-reservation,3999.61,284.78,400.43,0.0039,2,2737476,477075.3457,10.9392,286.0793,7.85,A
70,hotel2/mongodb-user,9.19,163.9,400.43,0.0195,2,1298,326.4791,1.4347,1.525,0.0301,A
70,hotel2/profile,1081.33,42.18,1119.06,0.0,0,29690,5174.2434,2.9575,286.0793,1.93,A
70,hotel2/rate,714.39,27.79,1119.14,0.0,0,25790,4494.5684,1.9539,286.0793,1.46,A
70,hotel2/recommendation,396.3,20.8,1119.06,0.0,0,22716,3958.8451,1.4347,286.0793,0.782,A
70,hotel2/reservation,826.55,137.63,1119.06,0.0,0,29811,5195.3307,2.2607,286.0793,1.59,A
70,hotel2/search,1350.55,29.12,1119.06,0.0,0,41109,7164.2967,3.6939,286.0793,2.35,A
70,hotel2/user,19.71,17.33,1119.06,0.0,0,10767,1876.4257,1.4347,286.0793,0.0451,A
70,sa1/customer-feedback,65576.6,3641.73,7135.73,0.0,0,619862,108026.8386,179.3572,286.0793,121.0,A
70,sa2/customer-feedback,67172.7,3539.73,7042.56,0.0,0,722850,125975.1368,183.7226,286.0793,156.0,A
70,sa3/customer-feedback,52698.78,3466.51,6978.61,0.0,0,963932,167989.8535,144.1353,286.0793,102.0,A
71,hotel/consul,13.67,32.62,201.79,0.0,0,14255,2327.1409,1.4347,324.2041,0.0,A
71,hotel/frontend,3551.94,110.32,1119.14,0.0,0,68341,11156.7263,14.4859,324.2041,5.75,A
71,hotel/geo,698.98,23.83,1119.06,0.0,0,21843,3565.8883,2.8507,324.2041,1.13,A
71,hotel/jaeger,0.16,14.88,81.01,0.0,0,1253,326.4791,1.4347,1.525,0.0,A
71,hotel/memcached-profile,144.81,7.93,79.25,0.0,0,14315,2336.9359,1.4347,324.2041,0.26,A
71,hotel/memcached-rate,89.89,7.46,79.25,0.0,0,12877,2102.1812,1.4347,324.2041,0.164,A
71,hotel/memcached-reserve,126.02,7.16,79.25,0.0,0,9337,1524.2732,1.4347,324.2041,0.205,A
71,hotel/mongodb-geo,8.15,170.65,400.43,0.0156,2,1759,326.4791,1.4347,1.525,0.0137,A
71,hotel/mongodb-profile,7.71,172.28,400.43,0.0156,2,2798,456.7759,1.4347,1.525,0.0273,A
71,hotel/mongodb-rate,8.81,171.88,400.43,0.0,0,1704,326.4791,1.4347,1.525,0.041,A
71,hotel/mongodb-recommendation,7.58,170.42,400.43,0.0156,2,2298,375.1505,1.4347,1.525,0.0273,A
71,hotel/mongodb-reservation,3994.41,294.52,400.43,0.0078,4,2762879,451042.345,16.2905,324.2041,7.07,A
71,hotel/mongodb-user,9.08,170.87,400.43,0.0352,4,5377,877.7998,1.4347,1.525,0.0273,A
71,hotel/profile,1444.28,39.29,1119.06,0.0,0,31259,5103.0583,5.8902,324.2041,2.51,A
71,hotel/rate,925.29,29.73,1119.14,0.0,0,27270,4451.8507,3.7736,324.2041,1.83,A
71,hotel/recommendation,477.31,23.39,1119.06,0.0,0,22249,3632.1682,1.9466,324.2041,0.806,A
71,hotel/reservation,989.12,144.34,1119.06,0.0,0,33914,5536.4893,4.0339,324.2041,1.83,A
71,hotel/search,1656.6,31.81,1119.06,0.0,0,42080,6869.5958,6.7561,324.2041,2.71,A
71,hotel/user,24.15,17.61,1119.06,0.0,0,11717,1912.8102,1.4347,324.2041,0.0547,A
71,hotel2/consul,12.73,29.29,201.79,0.0,0,7740,1263.5616,1.4347,324.2041,0.0273,A
71,hotel2/frontend,3221.05,98.95,1119.14,0.0,0,55257,9020.7522,13.1365,324.2041,4.96,A
71,hotel2/geo,657.08,24.07,1119.06,0.0,0,25788,4209.9129,2.6798,324.2041,1.09,A
71,hotel2/jaeger,0.23,14.9,81.01,0.0,0,0,326.4791,1.4347,1.525,0.0,A
71,hotel2/memcached-profile,114.26,8.2,79.25,0.0,0,12263,2001.9452,1.4347,324.2041,0.205,A
71,hotel2/memcached-rate,91.61,7.45,79.25,0.0,0,18096,2954.1874,1.4347,324.2041,0.164,A
71,hotel2/memcached-reserve,113.77,7.11,79.25,0.0,0,6532,1066.3546,1.4347,324.2041,0.205,A
71,hotel2/mongodb-geo,9.22,165.06,400.43,0.0,0,2268,370.2529,1.4347,1.525,0.0137,A
71,hotel2/mongodb-profile,9.37,164.79,400.43,0.0547,14,2463,402.0868,1.4347,1.525,0.0137,A
71,hotel2/mongodb-rate,7.38,164.4,400.43,0.0,0,798,326.4791,1.4347,1.525,0.0273,A
71,hotel2/mongodb-recommendation,8.13,163.29,400.43,0.0195,2,1013,326.4791,1.4347,1.525,0.0273,A
71,hotel2/mongodb-reservation,4001.91,284.5,400.43,0.0547,10,2543295,415195.0704,16.3211,324.2041,7.04,A
71,hotel2/mongodb-user,8.66,163.71,400.43,0.0,0,2533,413.5144,1.4347,1.525,0.0273,A
71,hotel2/profile,1302.38,42.86,1119.06,0.0,0,30572,4990.905,5.3115,324.2041,2.47,A
71,hotel2/rate,829.88,30.06,1119.14,0.0,0,23266,3798.1943,3.3845,324.2041,1.5,A
71,hotel2/recommendation,472.99,21.52,1119.06,0.0,0,18904,3086.0941,1.929,324.2041,0.902,A
71,hotel2/reservation,907.6,138.26,1119.06,0.0,0,24259,3960.3024,3.7015,324.2041,1.49,A
71,hotel2/search,1537.51,30.38,1119.06,0.0,0,38853,6342.7853,6.2705,324.2041,2.9,A
71,hotel2/user,23.8,17.33,1119.06,0.0,0,10853,1771.7615,1.4347,324.2041,0.0273,A
71,sa1/customer-feedback,52137.43,3642.4,7135.73,0.0,0,623143,101728.6244,212.633,324.2041,44.3,A
71,sa2/customer-feedback,58299.42,3539.84,7042.56,0.0,0,502791,82081.0581,237.7636,324.2041,185.0,A
71,sa3/customer-feedback,55844.1,3467.32,6978.61,0.0,0,722033,117872.5009,227.75,324.2041,107.0,A
72,hotel/consul,14.12,32.62,201.79,0.0,0,13045,2258.0812,1.4347,292.1209,0.0392,A
72,hotel/frontend,3239.11,110.51,1119.14,0.0,0,70369,12180.8289,11.026,292.1209,9.65,A
72,hotel/geo,639.39,23.87,1119.06,0.0,0,31063,5376.9854,2.1765,292.1209,1.75,A
72,hotel/jaeger,0.2,14.88,81.01,0.0,0,0,326.4791,1.4347,1.525,0.0,A
72,hotel/memcached-profile,121.92,7.68,79.25,0.0,0,16246,2812.1722,1.4347,292.1209,0.353,A
72,hotel/memcached-rate,81.03,7.47,79.25,0.0,0,17786,3078.7452,1.4347,292.1209,0.216,A
72,hotel/memcached-reserve,101.89,7.15,79.25,0.0,0,5808,1005.3611,1.4347,292.1209,0.294,A
72,hotel/mongodb-geo,8.44,170.64,400.43,0.0,0,278,326.4791,1.4347,1.525,0.0392,A
72,hotel/mongodb-profile,7.41,172.28,400.43,0.0,0,948,326.4791,1.4347,1.525,0.0196,A
72,hotel/mongodb-rate,9.34,171.88,400.43,0.0195,2,3154,545.9554,1.4347,1.525,0.0392,A
72,hotel/mongodb-recommendation,7.7,170.5,400.43,0.0,0,1058,326.4791,1.4347,1.525,0.0196,A
72,hotel/mongodb-reservation,4002.64,294.75,400.43,0.0234,2,2682416,464324.4949,13.6251,292.1209,10.9,A
72,hotel/mongodb-user,9.01,170.87,400.43,0.0156,2,956,326.4791,1.4347,1.525,0.0392,A
72,hotel/profile,1177.49,40.5,1119.06,0.0,0,36640,6342.3606,4.0082,292.1209,3.22,A
72,hotel/rate,787.47,29.7,1119.14,0.0,0,27218,4711.4184,2.6806,292.1209,2.14,A
72,hotel/recommendation,433.48,21.74,1119.06,0.0,0,20098,3478.951,1.4756,292.1209,1.16,A
72,hotel/reservation,859.89,143.64,1119.06,0.0,0,24036,4160.6162,2.9271,292.1209,2.65,A
72,hotel/search,1497.64,31.96,1119.06,0.0,0,35647,6170.4729,5.098,292.1209,3.94,A
72,hotel/user,25.45,17.96,1119.06,0.0,0,8057,1394.6615,1.4347,292.1209,0.0785,A
72,hotel2/consul,14.15,29.29,201.79,0.0,0,15140,2620.7243,1.4347,292.1209,0.0392,A
72,hotel2/frontend,2953.47,100.08,1119.14,0.0,0,46468,8043.5811,10.0537,292.1209,8.77,A
72,hotel2/geo,603.61,24.5,1119.06,0.0,0,23251,4024.7332,2.0547,292.1209,1.71,A
72,hotel2/jaeger,0.29,14.9,81.01,0.0,0,0,326.4791,1.4347,1.525,0.0,A
72,hotel2/memcached-profile,104.32,7.98,79.25,0.0,0,15614,2702.7734,1.4347,292.1209,0.294,A
72,hotel2/memcached-rate,83.98,7.46,79.25,0.0,0,15159,2624.0132,1.4347,292.1209,0.235,A
72,hotel2/memcached-reserve,96.34,7.11,79.25,0.0,0,7017,1214.6382,1.4347,292.1209,0.294,A
72,hotel2/mongodb-geo,9.57,165.06,400.43,0.0938,18,1684,326.4791,1.4347,1.525,0.0392,A
72,hotel2/mongodb-profile,8.99,164.79,400.43,0.0195,2,1390,326.4791,1.4347,1.525,0.0392,A
72,hotel2/mongodb-rate,8.57,164.4,400.43,0.0664,12,1141,326.4791,1.4347,1.525,0.0196,A
72,hotel2/mongodb-recommendation,7.76,163.1,400.43,0.0469,10,1833,326.4791,1.4347,1.525,0.0392,A
72,hotel2/mongodb-reservation,3993.3,284.79,400.43,0.0039,2,2587900,447963.8357,13.5933,292.1209,10.2,A
72,hotel2/mongodb-user,9.44,163.71,400.43,0.0703,14,1554,326.4791,1.4347,1.525,0.0392,A
72,hotel2/profile,1195.11,41.75,1119.06,0.0,0,31170,5395.5071,4.0682,292.1209,3.55,A
72,hotel2/rate,706.95,29.61,1119.14,0.0,0,26846,4647.0254,2.4065,292.1209,2.08,A
72,hotel2/recommendation,411.03,23.96,1119.06,0.0,0,20453,3540.4012,1.4347,292.1209,1.18,A
72,hotel2/reservation,874.68,137.05,1119.06,0.0,0,31270,5412.817,2.9774,292.1209,2.94,A
72,hotel2/search,1394.99,31.47,1119.06,0.0,0,37911,6562.3699,4.7486,292.1209,3.9,A
72,hotel2/user,20.62,17.33,1119.06,0.0,0,8508,1472.7294,1.4347,292.1209,0.0589,A
72,sa1/customer-feedback,58544.04,3642.91,7135.73,0.0,0,582824,100886.4618,199.2858,292.1209,129.0,A
72,sa2/customer-feedback,63647.14,3539.66,7042.56,0.0,0,610124,105612.0744,216.6569,292.1209,126.0,A
72,sa3/customer-feedback,50106.67,3466.93,6978.61,0.0,0,798689,138252.5553,170.5647,292.1209,103.0,A
73,hotel/consul,11.34,32.87,201.79,0.0,0,11848,2147.2874,1.4347,300.0074,0.0,A
73,hotel/frontend,3405.42,112.59,1119.14,0.0,0,65487,11868.6202,10.8784,300.0074,5.99,A
73,hotel/geo,665.16,23.82,1119.06,0.0,0,21671,3927.5714,2.1248,300.0074,1.23,A
73,hotel/jaeger,0.26,14.88,81.01,0.0,0,0,326.4791,1.4347,1.525,0.0,A
73,hotel/memcached-profile,129.47,7.93,79.25,0.0,0,13190,2390.5065,1.4347,300.0074,0.244,A
73,hotel/memcached-rate,87.96,7.48,79.25,0.0,0,8895,1612.0967,1.4347,300.0074,0.146,A
73,hotel/memcached-reserve,112.97,7.16,79.25,0.0,0,8797,1594.3355,1.4347,300.0074,0.195,A
73,hotel/mongodb-geo,8.38,171.08,400.43,0.0156,2,1310,326.4791,1.4347,1.525,0.0325,A
73,hotel/mongodb-profile,8.99,172.28,400.43,0.0156,2,1575,326.4791,1.4347,1.525,0.0487,A
73,hotel/mongodb-rate,7.75,172.07,400.43,0.0,0,7791,1412.0119,1.4347,1.525,0.0325,A
73,hotel/mongodb-recommendation,8.88,170.5,400.43,0.0156,2,577,326.4791,1.4347,1.525,0.0162,A
73,hotel/mongodb-reservation,4079.17,295.28,400.43,0.0117,6,2459506,445751.7165,13.0307,300.0074,7.81,A
73,hotel/mongodb-user,8.36,170.87,400.43,0.0,0,977,326.4791,1.4347,1.525,0.0325,A
73,hotel/profile,1442.94,42.07,1119.06,0.0,0,33135,6005.2641,4.6094,300.0074,2.39,A
73,hotel/rate,834.56,31.7,1119.14,0.0,0,27185,4926.9083,2.666,300.0074,1.62,A
73,hotel/recommendation,460.15,24.59,1119.06,0.0,0,20138,3649.7362,1.4699,300.0074,0.877,A
73,hotel/reservation,922.33,145.37,1119.06,0.0,0,30816,5584.9772,2.9463,300.0074,1.72,A
73,hotel/search,1632.23,33.34,1119.06,0.0,0,35619,6455.455,5.2141,300.0074,2.86,A
73,hotel/user,21.12,17.96,1119.06,0.0,0,13220,2395.9436,1.4347,300.0074,0.0487,A
73,hotel2/consul,10.64,29.54,201.79,0.0,0,13343,2418.2357,1.4347,300.0074,0.0162,A
73,hotel2/frontend,2734.61,98.25,1119.14,0.0,0,60817,11022.2468,8.7356,300.0074,4.45,A
73,hotel2/geo,592.49,24.26,1119.06,0.0,0,19902,3606.9644,1.8927,300.0074,1.04,A
73,hotel2/jaeger,0.82,14.9,81.01,0.0,0,13,326.4791,1.4347,1.525,0.0,A
73,hotel2/memcached-profile,103.2,7.7,79.25,0.0,0,10589,1919.111,1.4347,300.0074,0.179,A
73,hotel2/memcached-rate,78.55,7.45,79.25,0.0,0,11614,2104.8781,1.4347,300.0074,0.13,A
73,hotel2/memcached-reserve,100.26,7.11,79.25,0.0,0,5668,1027.2472,1.4347,300.0074,0.179,A
73,hotel2/mongodb-geo,7.74,165.06,400.43,0.0,0,2033,368.4534,1.4347,1.525,0.0325,A
73,hotel2/mongodb-profile,7.9,164.97,400.43,0.0,0,1010,326.4791,1.4347,1.525,0.0325,A
73,hotel2/mongodb-rate,8.21,164.4,400.43,0.0,0,2473,448.1973,1.4347,1.525,0.0325,A
73,hotel2/mongodb-recommendation,9.08,163.1,400.43,0.0195,2,2636,477.7388,1.4347,1.525,0.0162,A
73,hotel2/mongodb-reservation,3985.99,284.78,400.43,0.0547,6,2622230,475243.2088,12.733,300.0074,8.45,A
73,hotel2/mongodb-user,7.66,163.9,400.43,0.0,0,2755,499.3059,1.4347,1.525,0.0325,A
73,hotel2/profile,1209.39,41.41,1119.06,0.0,0,36936,6694.1432,3.8633,300.0074,2.05,A
73,hotel2/rate,731.06,28.23,1119.14,0.0,0,25955,4703.9876,2.3353,300.0074,1.15,A
73,hotel2/recommendation,402.1,20.48,1119.06,0.0,0,19259,3490.4295,1.4347,300.0074,0.764,A
73,hotel2/reservation,858.48,136.36,1119.06,0.0,0,24543,4448.082,2.7424,300.0074,1.4,A
73,hotel2/search,1402.1,29.89,1119.06,0.0,0,29833,5406.8219,4.4789,300.0074,2.29,A
73,hotel2/user,18.16,17.33,1119.06,0.0,0,8680,1573.1309,1.4347,300.0074,0.0162,A
73,sa1/customer-feedback,65249.96,3643.79,7135.73,0.0,0,511776,92752.3781,208.4374,300.0074,155.0,A
73,sa2/customer-feedback,55605.52,3539.89,7042.56,0.0,0,490467,88890.4142,177.6287,300.0074,112.0,A
73,sa3/customer-feedback,52670.24,3467.75,6978.61,0.0,0,647682,117383.4759,168.2522,300.0074,133.0,A
74,hotel/consul,14.02,32.62,201.79,0.0,0,9182,1650.7081,1.4347,307.3106,0.0309,A
74,hotel/frontend,3685.85,117.02,1119.14,0.0,0,55352,9950.9903,15.2928,307.3106,6.99,A
74,hotel/geo,686.35,25.12,1119.06,0.0,0,19432,3493.4174,2.8477,307.3106,1.31,A
74,hotel/jaeger,0.2,14.88,81.01,0.0,0,0,326.4791,1.4347,1.525,0.0,A
74,hotel/memcached-profile,134.41,8.17,79.25,0.0,0,12898,2318.7576,1.4347,307.3106,0.262,A
74,hotel/memcached-rate,81.45,7.47,79.25,0.0,0,11572,2080.374,1.4347,307.3106,0.139,A
74,hotel/memcached-reserve,107.76,7.16,79.25,0.0,0,4755,854.8374,1.4347,307.3106,0.231,A
74,hotel/mongodb-geo,8.75,170.64,400.43,0.0,0,1251,326.4791,1.4347,1.525,0.0309,A
74,hotel/mongodb-profile,8.9,172.28,400.43,0.0,0,1186,326.4791,1.4347,1.525,0.0154,A
74,hotel/mongodb-rate,9.51,171.88,400.43,0.0195,2,1115,326.4791,1.4347,1.525,0.0154,A
74,hotel/mongodb-recommendation,8.76,170.5,400.43,0.0,0,5350,961.8044,1.4347,1.525,0.0154,A
74,hotel/mongodb-reservation,3931.19,294.61,400.43,0.043,8,2489897,447625.0322,16.3107,307.3106,7.56,A
74,hotel/mongodb-user,9.45,170.87,400.43,0.0156,2,4480,805.3988,1.4347,1.525,0.0154,A
74,hotel/profile,1380.71,42.39,1119.06,0.0,0,25057,4504.6604,5.7286,307.3106,2.67,A
74,hotel/rate,794.95,32.04,1119.14,0.0,0,19128,3438.7654,3.2983,307.3106,1.54,A
74,hotel/recommendation,490.26,23.05,1119.06,0.0,0,18077,3249.8203,2.0341,307.3106,0.957,A
74,hotel/reservation,950.66,145.15,1119.06,0.0,0,24873,4471.5815,3.9443,307.3106,1.79,A
74,hotel/search,1632.39,32.46,1119.06,0.0,0,26028,4679.2234,6.7729,307.3106,3.09,A
74,hotel/user,23.09,17.72,1119.06,0.0,0,8784,1579.157,1.4347,307.3106,0.0463,A
74,hotel2/consul,13.04,29.29,201.79,0.0,0,14261,2563.793,1.4347,307.3106,0.0,A
74,hotel2/frontend,3459.64,100.17,1119.14,0.0,0,39632,7124.9033,14.3542,307.3106,4.29,A
74,hotel2/geo,638.26,23.67,1119.06,0.0,0,21396,3846.4985,2.6482,307.3106,0.941,A
74,hotel2/jaeger,0.27,14.9,81.01,0.0,0,942,326.4791,1.4347,1.525,0.0,A
74,hotel2/memcached-profile,109.86,7.71,79.25,0.0,0,11178,2009.542,1.4347,307.3106,0.154,A
74,hotel2/memcached-rate,87.54,7.45,79.25,0.0,0,11753,2112.9135,1.4347,307.3106,0.108,A
74,hotel2/memcached-reserve,107.34,7.11,79.25,0.0,0,5028,903.9164,1.4347,307.3106,0.123,A
74,hotel2/mongodb-geo,9.22,165.06,400.43,0.0195,2,2807,504.6327,1.4347,1.525,0.0309,A
74,hotel2/mongodb-profile,9.57,164.78,400.43,0.0312,4,3129,562.5207,1.4347,1.525,0.0309,A
74,hotel2/mongodb-rate,9.8,164.4,400.43,0.0195,2,3167,569.3523,1.4347,1.525,0.0309,A
74,hotel2/mongodb-recommendation,8.61,163.1,400.43,0.0,0,2349,422.2951,1.4347,1.525,0.0309,A
74,hotel2/mongodb-reservation,4022.47,284.48,400.43,0.0156,8,2486645,447040.3989,16.6894,307.3106,7.99,A
74,hotel2/mongodb-user,8.99,163.71,400.43,0.0234,2,2836,509.8462,1.4347,1.525,0.0309,A
74,hotel2/profile,1417.66,46.57,1119.06,0.0,0,23879,4292.8837,5.8819,307.3106,1.76,A
74,hotel2/rate,822.11,29.32,1119.14,0.0,0,15638,2811.3453,3.411,307.3106,1.16,A
74,hotel2/recommendation,427.83,21.76,1119.06,0.0,0,13199,2372.8704,1.7751,307.3106,0.602,A
74,hotel2/reservation,891.72,137.75,1119.06,0.0,0,20166,3625.3734,3.6998,307.3106,1.19,A
74,hotel2/search,1588.87,31.67,1119.06,0.0,0,28483,5120.5748,6.5923,307.3106,2.08,A
74,hotel2/user,20.69,17.37,1119.06,0.0,0,6002,1079.0187,1.4347,307.3106,0.0309,A
74,sa1/customer-feedback,53174.6,3644.97,7135.73,0.0,0,348211,62600.1638,220.624,307.3106,164.0,A
74,sa2/customer-feedback,52907.13,3542.46,7042.56,0.0,0,352353,63344.7982,219.5142,307.3106,85.2,A
74,sa3/customer-feedback,41990.28,3469.15,6978.61,0.0,0,623547,112099.1133,174.2197,307.3106,130.0,A
75,hotel/consul,11.96,32.62,201.79,0.0,0,10578,1694.5143,1.4347,244.3458,0.024,A
75,hotel/frontend,2316.11,110.33,1119.14,0.0,0,48281,7734.2451,5.6768,244.3458,3.29,A
75,hotel/geo,522.21,23.5,1119.06,0.0,0,35420,5674.0117,1.4347,244.3458,0.793,A
75,hotel/jaeger,0.16,14.88,81.01,0.0,0,1873,326.4791,1.4347,1.525,0.0,A
75,hotel/memcached-profile,92.69,8.19,79.25,0.0,0,11925,1910.2933,1.4347,244.3458,0.144,A
75,hotel/memcached-rate,59.89,7.47,79.25,0.0,0,17673,2831.0788,1.4347,244.3458,0.0962,A
75,hotel/memcached-reserve,73.39,7.15,79.25,0.0,0,5209,834.4418,1.4347,244.3458,0.108,A
75,hotel/mongodb-geo,8.94,170.84,400.43,0.0195,2,2011,326.4791,1.4347,1.525,0.024,A
75,hotel/mongodb-profile,8.3,172.47,400.43,0.0195,2,1971,326.4791,1.4347,1.525,0.012,A
75,hotel/mongodb-rate,8.28,172.07,400.43,0.0,0,820,326.4791,1.4347,1.525,0.012,A
75,hotel/mongodb-recommendation,6.61,170.25,400.43,0.0195,2,6521,1044.6141,1.4347,1.525,0.012,A
75,hotel/mongodb-reservation,3986.4,294.56,400.43,0.0117,6,2707116,433659.1746,9.7708,244.3458,5.93,A
75,hotel/mongodb-user,7.48,170.87,400.43,0.0,0,2221,355.7871,1.4347,1.525,0.024,A
75,hotel/profile,999.34,39.44,1119.06,0.0,0,27981,4482.3411,2.4494,244.3458,1.71,A
75,hotel/rate,622.02,28.95,1119.14,0.0,0,29549,4733.5227,1.5246,244.3458,0.938,A
75,hotel/recommendation,342.98,21.89,1119.06,0.0,0,16597,2658.7118,1.4347,244.3458,0.577,A
75,hotel/reservation,723.38,144.43,1119.06,0.0,0,24490,3923.1098,1.773,244.3458,0.986,A
75,hotel/search,1140.35,32.23,1119.06,0.0,0,44643,7151.4654,2.795,244.3458,1.73,A
75,hotel/user,17.92,17.97,1119.06,0.0,0,8702,1393.9935,1.4347,244.3458,0.0361,A
75,hotel2/consul,11.01,29.29,201.79,0.0,0,11912,1908.2108,1.4347,244.3458,0.012,A
75,hotel2/frontend,2752.54,98.95,1119.14,0.0,0,55657,8915.8236,6.7465,244.3458,4.07,A
75,hotel2/geo,551.42,23.46,1119.06,0.0,0,23149,3708.2919,1.4347,244.3458,0.817,A
75,hotel2/jaeger,0.22,14.9,81.01,0.0,0,3027,484.9021,1.4347,1.525,0.012,A
75,hotel2/memcached-profile,89.06,7.95,79.25,0.0,0,17054,2731.9197,1.4347,244.3458,0.144,A
75,hotel2/memcached-rate,67.9,7.45,79.25,0.0,0,14327,2295.0753,1.4347,244.3458,0.108,A
75,hotel2/memcached-reserve,76.08,7.11,79.25,0.0,0,6012,963.0762,1.4347,244.3458,0.12,A
75,hotel2/mongodb-geo,8.2,165.07,400.43,0.0,0,1151,326.4791,1.4347,1.525,0.012,A
75,hotel2/mongodb-profile,7.77,164.79,400.43,0.0,0,3063,490.6691,1.4347,1.525,0.024,A
75,hotel2/mongodb-rate,7.02,164.59,400.43,0.0,0,4009,642.211,1.4347,1.525,0.012,A
75,hotel2/mongodb-recommendation,9.01,163.1,400.43,0.0195,2,2632,421.6262,1.4347,1.525,0.024,A
75,hotel2/mongodb-reservation,3987.69,284.61,400.43,0.0391,4,2817257,451302.9162,9.7739,244.3458,6.3,A
75,hotel2/mongodb-user,7.36,163.9,400.43,0.0,0,3742,599.4396,1.4347,1.525,0.024,A
75,hotel2/profile,962.42,39.63,1119.06,0.0,0,28223,4521.1077,2.3589,244.3458,1.54,A
75,hotel2/rate,600.93,28.21,1119.14,0.0,0,26486,4242.8536,1.4729,244.3458,0.914,A
75,hotel2/recommendation,353.94,21.0,1119.06,0.0,0,15935,2552.6645,1.4347,244.3458,0.577,A
75,hotel2/reservation,693.78,139.23,1119.06,0.0,0,23126,3704.6074,1.7005,244.3458,1.03,A
75,hotel2/search,1201.44,31.92,1119.06,0.0,0,38676,6195.5979,2.9448,244.3458,1.72,A
75,hotel2/user,16.05,17.86,1119.06,0.0,0,7262,1163.3166,1.4347,244.3458,0.024,A
75,sa1/customer-feedback,56897.57,3644.62,7135.73,3.8633,38,910872,145914.6929,139.4572,244.3458,111.0,A
75,sa2/customer-feedback,74616.88,3543.46,7042.56,3.8008,40,385429,61742.7631,182.8876,244.3458,145.0,A
75,sa3/customer-feedback,54798.15,3470.03,6978.61,3.8633,40,706797,113223.4465,134.3114,244.3458,44.5,A
76,hotel/consul,17.96,32.62,201.79,0.0,0,8998,1555.3029,1.4347,262.1566,0.044,A
76,hotel/frontend,4130.64,112.29,1119.14,0.0,0,63124,10910.9738,28.7732,262.1566,9.44,A
76,hotel/geo,702.63,26.61,1119.06,0.0,0,11901,2057.086,4.8944,262.1566,1.61,A
76,hotel/jaeger,0.3,14.88,81.01,0.0,0,0,326.4791,1.4347,1.525,0.0,A
76,hotel/memcached-profile,136.25,8.41,79.25,0.0,0,6075,1050.0628,1.4347,262.1566,0.308,A
76,hotel/memcached-rate,92.22,7.46,79.25,0.0,0,9529,1647.0862,1.4347,262.1566,0.191,A
76,hotel/memcached-reserve,107.34,7.14,79.25,0.0,0,3392,586.3067,1.4347,262.1566,0.249,A
76,hotel/mongodb-geo,9.54,170.64,400.43,0.0,0,822,326.4791,1.4347,1.525,0.0147,A
76,hotel/mongodb-profile,9.99,172.29,400.43,0.0,0,704,326.4791,1.4347,1.525,0.044,A
76,hotel/mongodb-rate,11.63,171.88,400.43,0.0195,2,157,326.4791,1.4347,262.1566,0.0147,A
76,hotel/mongodb-recommendation,10.2,170.25,400.43,0.0,0,739,326.4791,1.4347,262.1566,0.0147,A
76,hotel/mongodb-reservation,4094.74,295.46,400.43,0.0312,4,2617703,452469.5642,28.5231,262.1566,10.7,A
76,hotel/mongodb-user,10.44,170.88,400.43,0.0195,2,1629,326.4791,1.4347,262.1566,0.044,A
76,hotel/profile,1600.59,39.06,1119.06,0.0,0,18599,3214.8343,11.1494,262.1566,3.97,A
76,hotel/rate,864.79,29.54,1119.14,0.0,0,11458,1980.5136,6.024,262.1566,2.2,A
76,hotel/recommendation,450.13,22.97,1119.06,0.0,0,8722,1507.5964,3.1355,262.1566,1.06,A
76,hotel/reservation,896.37,144.64,1119.06,0.0,0,34236,5917.6874,6.2439,262.1566,2.08,A
76,hotel/search,1768.57,33.12,1119.06,0.0,0,14742,2548.1525,12.3195,262.1566,4.05,A
76,hotel/user,20.11,17.76,1119.06,0.0,0,4669,807.0359,1.4347,262.1566,0.0733,A
76,hotel2/consul,17.31,29.29,201.79,0.0,0,9656,1669.0381,1.4347,262.1566,0.0293,A
76,hotel2/frontend,4606.48,99.44,1119.14,0.0,0,40085,6928.6861,32.0878,262.1566,12.9,A
76,hotel2/geo,706.78,24.1,1119.06,0.0,0,12554,2169.957,4.9233,262.1566,2.01,A
76,hotel2/jaeger,0.26,14.9,81.01,0.0,0,2251,389.085,1.4347,1.525,0.0,A
76,hotel2/memcached-profile,134.2,7.94,79.25,0.0,0,8744,1511.3991,1.4347,262.1566,0.367,A
76,hotel2/memcached-rate,100.35,7.45,79.25,0.0,0,9904,1711.9049,1.4347,262.1566,0.279,A
76,hotel2/memcached-reserve,121.19,7.11,79.25,0.0,0,3598,621.9138,1.4347,262.1566,0.352,A
76,hotel2/mongodb-geo,10.48,165.06,400.43,0.0195,2,170,326.4791,1.4347,262.1566,0.0293,A
76,hotel2/mongodb-profile,10.34,164.78,400.43,0.0195,2,2071,357.972,1.4347,262.1566,0.0147,A
76,hotel2/mongodb-rate,10.77,164.4,400.43,0.0312,4,456,326.4791,1.4347,262.1566,0.0147,A
76,hotel2/mongodb-recommendation,9.79,163.1,400.43,0.0,0,868,326.4791,1.4347,1.525,0.0293,A
76,hotel2/mongodb-reservation,4011.18,284.65,400.43,0.0078,4,2488268,430096.7442,27.9411,262.1566,10.7,A
76,hotel2/mongodb-user,10.57,163.71,400.43,0.0234,2,658,326.4791,1.4347,262.1566,0.0147,A
76,hotel2/profile,1610.29,44.25,1119.06,0.0,0,17975,3106.976,11.217,262.1566,4.11,A
76,hotel2/rate,1004.97,30.33,1119.14,0.0,0,9621,1662.9884,7.0004,262.1566,2.8,A
76,hotel2/recommendation,507.24,20.89,1119.06,0.0,0,11714,2024.7631,3.5333,262.1566,1.51,A
76,hotel2/reservation,1020.64,137.57,1119.06,0.0,0,15117,2612.9711,7.1096,262.1566,2.89,A
76,hotel2/search,1899.61,29.89,1119.06,0.0,0,19957,3449.5644,13.2323,262.1566,5.46,A
76,hotel2/user,22.75,17.37,1119.06,0.0,0,8161,1410.6276,1.4347,262.1566,0.0733,A
76,sa1/customer-feedback,31593.2,3647.22,7135.73,0.0,0,149812,25894.9813,220.0719,262.1566,106.0,A
76,sa2/customer-feedback,28630.11,3544.07,7042.56,0.0,0,112373,19423.6559,199.4316,262.1566,105.0,A
76,sa3/customer-feedback,36038.04,3470.27,6978.61,0.0,0,145508,25151.0356,251.0337,262.1566,148.0,A
77,hotel/consul,10.38,32.62,201.79,0.0,0,11331,1997.54,1.4347,302.4889,0.008,A
77,hotel/frontend,3339.14,109.71,1119.14,0.0,0,51198,9025.6864,11.8179,302.4889,4.13,A
77,hotel/geo,664.15,24.51,1119.06,0.0,0,17137,3021.0787,2.3506,302.4889,0.683,A
77,hotel/jaeger,0.21,14.88,81.01,0.0,0,0,326.4791,1.4347,1.525,0.0,A
77,hotel/memcached-profile,117.01,8.18,79.25,0.0,0,9508,1676.1636,1.4347,302.4889,0.137,A
77,hotel/memcached-rate,77.38,7.48,79.25,0.0,0,9575,1687.9751,1.4347,302.4889,0.0803,A
77,hotel/memcached-reserve,98.12,7.16,79.25,0.0,0,5163,910.1844,1.4347,302.4889,0.112,A
77,hotel/mongodb-geo,8.59,170.64,400.43,0.082,16,2766,487.6177,1.4347,1.525,0.008,A
77,hotel/mongodb-profile,8.01,172.29,400.43,0.0703,14,2412,425.2111,1.4347,1.525,0.0161,A
77,hotel/mongodb-rate,7.67,171.88,400.43,0.0,0,343,326.4791,1.4347,1.525,0.008,A
77,hotel/mongodb-recommendation,9.72,170.25,400.43,0.0312,8,3291,580.1698,1.4347,1.525,0.008,A
77,hotel/mongodb-reservation,3981.81,295.02,400.43,0.0078,4,2514907,443352.5116,14.0924,302.4889,3.93,A
77,hotel/mongodb-user,7.6,170.88,400.43,0.0,0,226,326.4791,1.4347,1.525,0.0161,A
77,hotel/profile,1282.49,40.27,1119.06,0.0,0,24065,4242.4146,4.539,302.4889,1.56,A
77,hotel/rate,859.94,30.16,1119.14,0.0,0,18681,3293.2702,3.0435,302.4889,0.9,A
77,hotel/recommendation,460.1,23.65,1119.06,0.0,0,14981,2640.9978,1.6284,302.4889,0.554,A
77,hotel/reservation,969.86,144.4,1119.06,0.0,0,25120,4428.4004,3.4325,302.4889,1.15,A
77,hotel/search,1644.8,33.3,1119.06,0.0,0,29222,5151.5412,5.8213,302.4889,1.7,A
77,hotel/user,18.88,17.76,1119.06,0.0,0,8258,1455.8014,1.4347,302.4889,0.0161,A
77,hotel2/consul,10.46,29.29,201.79,0.0,0,8784,1548.5298,1.4347,302.4889,0.0161,A
77,hotel2/frontend,3167.69,99.14,1119.14,0.0,0,48373,8527.6676,11.2111,302.4889,4.04,A
77,hotel2/geo,654.01,24.69,1119.06,0.0,0,18017,3176.2138,2.3147,302.4889,0.747,A
77,hotel2/jaeger,0.26,14.9,81.01,0.0,0,0,326.4791,1.4347,1.525,0.0,A
77,hotel2/memcached-profile,118.97,7.96,79.25,0.0,0,9031,1592.0734,1.4347,302.4889,0.129,A
77,hotel2/memcached-rate,83.02,7.45,79.25,0.0,0,10300,1815.7852,1.4347,302.4889,0.0884,A
77,hotel2/memcached-reserve,105.9,7.11,79.25,0.0,0,4779,842.4891,1.4347,302.4889,0.112,A
77,hotel2/mongodb-geo,7.4,165.06,400.43,0.0,0,2082,367.0354,1.4347,1.525,0.008,A
77,hotel2/mongodb-profile,7.23,164.78,400.43,0.0,0,6039,1064.6142,1.4347,1.525,0.0161,A
77,hotel2/mongodb-rate,8.97,164.4,400.43,0.0,0,557,326.4791,1.4347,1.525,0.0161,A
77,hotel2/mongodb-recommendation,8.13,163.1,400.43,0.0195,2,892,326.4791,1.4347,1.525,0.0161,A
77,hotel2/mongodb-reservation,3992.35,284.1,400.43,0.1094,20,2568029,452717.3796,14.1297,302.4889,4.15,A
77,hotel2/mongodb-user,8.29,163.72,400.43,0.0,0,2900,511.2405,1.4347,1.525,0.0161,A
77,hotel2/profile,1321.14,41.45,1119.06,0.0,0,26595,4688.4279,4.6758,302.4889,1.42,A
77,hotel2/rate,815.62,30.29,1119.14,0.0,0,21904,3861.4523,2.8866,302.4889,0.868,A
77,hotel2/recommendation,457.44,20.33,1119.06,0.0,0,14886,2624.2503,1.619,302.4889,0.482,A
77,hotel2/reservation,937.86,137.62,1119.06,0.0,0,74282,13095.1607,3.3193,302.4889,0.852,A
77,hotel2/search,1523.72,29.38,1119.06,0.0,0,33768,5952.9548,5.3927,302.4889,1.9,A
77,hotel2/user,20.0,17.39,1119.06,0.0,0,9755,1719.7072,1.4347,302.4889,0.0161,A
77,sa1/customer-feedback,58887.07,3647.28,7135.73,0.0,0,428978,75624.456,208.4127,302.4889,55.3,A
77,sa2/customer-feedback,57005.83,3544.51,7042.56,0.0,0,527125,92926.7733,201.7546,302.4889,70.2,A
77,sa3/customer-feedback,46499.78,3470.93,6978.61,0.0,0,574019,101193.7083,164.5717,302.4889,34.4,A
78,hotel/consul,15.72,32.62,201.79,0.0,0,9867,1707.2912,1.4347,319.6787,0.0391,A
78,hotel/frontend,5522.52,114.82,1119.14,0.0,0,103377,17887.3658,43.7155,319.6787,10.6,A
78,hotel/geo,877.77,23.47,1119.06,0.0,0,19239,3328.9323,6.9483,319.6787,2.11,A
78,hotel/jaeger,0.24,14.88,81.01,0.0,0,0,326.4791,1.4347,1.525,0.0,A
78,hotel/memcached-profile,183.55,7.7,79.25,0.0,0,9259,1602.0887,1.453,319.6787,0.411,A
78,hotel/memcached-rate,116.72,7.49,79.25,0.0,0,11827,2046.4308,1.4347,319.6787,0.254,A
78,hotel/memcached-reserve,153.81,7.41,79.25,0.0,0,3223,557.677,1.4347,319.6787,0.332,A
78,hotel/mongodb-geo,9.02,170.64,400.43,0.0,0,2572,445.0342,1.4347,1.525,0.0391,A
78,hotel/mongodb-profile,9.5,172.28,400.43,0.0,0,822,326.4791,1.4347,1.525,0.0196,A
78,hotel/mongodb-rate,10.23,171.88,400.43,0.0273,4,1018,326.4791,1.4347,319.6787,0.0587,A
78,hotel/mongodb-recommendation,10.66,170.44,400.43,0.0,0,1523,326.4791,1.4347,319.6787,0.0196,A
78,hotel/mongodb-reservation,4007.73,294.45,400.43,0.0312,4,2368173,409765.9697,31.7247,319.6787,10.5,A
78,hotel/mongodb-user,10.69,170.88,400.43,0.0312,8,2319,401.2575,1.4347,319.6787,0.0196,A
78,hotel/profile,2101.66,41.27,1119.06,0.0,0,23746,4108.7804,16.6365,319.6787,4.13,A
78,hotel/rate,1365.7,34.01,1119.14,0.0,0,15328,2652.2103,10.8107,319.6787,2.62,A
78,hotel/recommendation,596.92,22.47,1119.06,0.0,0,9859,1705.9069,4.7251,319.6787,1.33,A
78,hotel/reservation,1327.53,145.0,1119.06,0.0,0,20483,3544.1821,10.5086,319.6787,2.97,A
78,hotel/search,2395.39,37.68,1119.06,0.0,0,21820,3775.5238,18.9616,319.6787,4.54,A
78,hotel/user,27.05,17.76,1119.06,0.0,0,4566,790.0569,1.4347,319.6787,0.0587,A
78,hotel2/consul,15.34,29.29,201.79,0.0,0,9182,1588.7653,1.4347,319.6787,0.0391,A
78,hotel2/frontend,4955.32,98.95,1119.14,0.0,0,73273,12678.458,39.2257,319.6787,8.88,A
78,hotel2/geo,853.65,26.8,1119.06,0.0,0,14247,2465.1644,6.7574,319.6787,1.8,A
78,hotel2/jaeger,0.27,14.9,81.01,0.0,0,2851,493.3097,1.4347,1.525,0.0,A
78,hotel2/memcached-profile,158.79,7.7,79.25,0.0,0,6838,1183.182,1.4347,319.6787,0.352,A
78,hotel2/memcached-rate,113.66,7.71,79.25,0.0,0,9004,1557.9659,1.4347,319.6787,0.215,A
78,hotel2/memcached-reserve,152.14,7.11,79.25,0.0,0,5102,882.8012,1.4347,319.6787,0.332,A
78,hotel2/mongodb-geo,10.1,165.07,400.43,0.0352,4,1800,326.4791,1.4347,319.6787,0.0196,A
78,hotel2/mongodb-profile,9.84,164.77,400.43,0.0234,2,1031,326.4791,1.4347,1.525,0.0391,A
78,hotel2/mongodb-rate,9.6,164.4,400.43,0.0234,2,2571,444.8612,1.4347,1.525,0.0196,A
78,hotel2/mongodb-recommendation,9.03,163.1,400.43,0.0,0,1031,326.4791,1.4347,1.525,0.0587,A
78,hotel2/mongodb-reservation,4002.96,284.0,400.43,0.0078,4,2481952,429453.1979,31.6869,319.6787,10.2,A
78,hotel2/mongodb-user,11.21,163.9,400.43,0.0234,2,950,326.4791,1.4347,319.6787,0.0587,A
78,hotel2/profile,1852.35,44.53,1119.06,0.0,0,16592,2870.9207,14.663,319.6787,3.4,A
78,hotel2/rate,1191.78,30.29,1119.14,0.0,0,11040,1910.2558,9.434,319.6787,2.84,A
78,hotel2/recommendation,555.47,24.26,1119.06,0.0,0,11635,2013.2089,4.397,319.6787,1.19,A
78,hotel2/reservation,1117.1,137.21,1119.06,0.0,0,14790,2559.1199,8.8428,319.6787,2.19,A
78,hotel2/search,2135.54,32.58,1119.06,0.0,0,18697,3235.1498,16.9047,319.6787,4.26,A
78,hotel2/user,27.63,17.45,1119.06,0.0,0,5567,963.2604,1.4347,319.6787,0.0587,A
78,sa1/customer-feedback,34032.59,3647.98,7135.73,0.0,0,145090,25104.9837,269.3975,319.6787,118.0,A
78,sa2/customer-feedback,32909.1,3545.28,7042.56,0.0,0,212961,36848.7314,260.5041,319.6787,87.8,A
78,sa3/customer-feedback,41705.1,3470.44,6978.61,0.0,0,200967,34773.4045,330.1321,319.6787,142.0,A
79,hotel/consul,12.92,32.62,201.79,0.0,0,11679,1836.7681,1.4347,307.0263,0.011,A
79,hotel/frontend,3774.05,112.61,1119.14,0.0,0,58306,9169.8433,12.631,307.0263,4.63,A
79,hotel/geo,710.89,23.25,1119.06,0.0,0,29148,4584.1353,2.3792,307.0263,0.971,A
79,hotel/jaeger,0.16,14.88,81.01,0.0,0,1862,326.4791,1.4347,1.525,0.0,A
79,hotel/memcached-profile,140.58,7.71,79.25,0.0,0,14674,2307.7947,1.4347,307.0263,0.199,A
79,hotel/memcached-rate,88.82,7.48,79.25,0.0,0,12297,1933.9616,1.4347,307.0263,0.121,A
79,hotel/memcached-reserve,120.94,7.17,79.25,0.0,0,7398,1163.4909,1.4347,307.0263,0.166,A
79,hotel/mongodb-geo,9.36,170.83,400.43,0.0195,2,9593,1508.7008,1.4347,1.525,0.0221,A
79,hotel/mongodb-profile,9.57,172.28,400.43,0.0195,2,1294,326.4791,1.4347,1.525,0.0331,A
79,hotel/mongodb-rate,8.54,172.13,400.43,0.0508,14,1204,326.4791,1.4347,1.525,0.011,A
79,hotel/mongodb-recommendation,8.4,170.25,400.43,0.0195,2,966,326.4791,1.4347,1.525,0.011,A
79,hotel/mongodb-reservation,3911.57,294.39,400.43,0.0078,4,2648693,416562.6139,13.0912,307.0263,5.7,A
79,hotel/mongodb-user,8.61,170.88,400.43,0.0,0,7596,1194.6306,1.4347,1.525,0.0221,A
79,hotel/profile,1353.0,42.42,1119.06,0.0,0,42067,6615.9194,4.5282,307.0263,1.82,A
79,hotel/rate,912.3,29.57,1119.14,0.0,0,34316,5396.9119,3.0533,307.0263,1.19,A
79,hotel/recommendation,513.94,21.72,1119.06,0.0,0,23683,3724.6492,1.72,307.0263,0.706,A
79,hotel/reservation,978.74,145.81,1119.06,0.0,0,35893,5644.9282,3.2756,307.0263,1.31,A
79,hotel/search,1754.42,32.26,1119.06,0.0,0,53962,8486.6581,5.8717,307.0263,2.26,A
79,hotel/user,25.43,18.02,1119.06,0.0,0,8842,1390.5902,1.4347,307.0263,0.0331,A
79,hotel2/consul,12.23,29.29,201.79,0.0,0,13131,2065.1256,1.4347,307.0263,0.0221,A
79,hotel2/frontend,2766.05,98.04,1119.14,0.0,0,44894,7060.5246,9.2574,307.0263,3.97,A
79,hotel2/geo,589.35,23.76,1119.06,0.0,0,34815,5475.3901,1.9724,307.0263,0.861,A
79,hotel2/jaeger,0.27,14.9,81.01,0.0,0,960,326.4791,1.4347,1.525,0.0,A
79,hotel2/memcached-profile,100.41,7.7,79.25,0.0,0,16575,2606.7669,1.4347,307.0263,0.143,A
79,hotel2/memcached-rate,75.17,7.45,79.25,0.0,0,19428,3055.4611,1.4347,307.0263,0.121,A
79,hotel2/memcached-reserve,91.02,7.11,79.25,0.0,0,6810,1071.0156,1.4347,307.0263,0.143,A
79,hotel2/mongodb-geo,8.16,165.07,400.43,0.0,0,1230,326.4791,1.4347,1.525,0.0221,A
79,hotel2/mongodb-profile,8.51,164.77,400.43,0.0,0,2078,326.8092,1.4347,1.525,0.0221,A
79,hotel2/mongodb-rate,7.48,164.41,400.43,0.0,0,1183,326.4791,1.4347,1.525,0.011,A
79,hotel2/mongodb-recommendation,9.37,163.11,400.43,0.0234,2,4901,770.7852,1.4347,1.525,0.0221,A
79,hotel2/mongodb-reservation,3991.87,284.36,400.43,0.0742,8,2569586,404121.3764,13.36,307.0263,5.7,A
79,hotel2/mongodb-user,7.21,163.72,400.43,0.0,0,1552,326.4791,1.4347,1.525,0.0221,A
79,hotel2/profile,1027.62,40.21,1119.06,0.0,0,37088,5832.8671,3.4392,307.0263,1.49,A
79,hotel2/rate,674.66,28.51,1119.14,0.0,0,35031,5509.3606,2.2579,307.0263,0.971,A
79,hotel2/recommendation,380.83,21.27,1119.06,0.0,0,18125,2850.537,1.4347,307.0263,0.607,A
79,hotel2/reservation,760.38,135.84,1119.06,0.0,0,28744,4520.5978,2.5448,307.0263,1.18,A
79,hotel2/search,1315.27,29.04,1119.06,0.0,0,40320,6341.167,4.4019,307.0263,1.89,A
79,hotel2/user,19.77,17.45,1119.06,0.0,0,8410,1322.6492,1.4347,307.0263,0.0221,A
79,sa1/customer-feedback,81629.05,3648.86,7135.73,0.0,0,451344,70983.3251,273.1953,307.0263,122.0,A
79,sa2/customer-feedback,51902.56,3545.46,7042.56,0.0,0,1207663,189930.3755,173.707,307.0263,65.1,A
79,sa3/customer-feedback,48586.99,3471.03,6978.61,0.0,0,1085298,170685.9088,162.6104,307.0263,76.9,A
80,hotel/consul,13.66,32.62,201.79,0.0,0,15101,2562.8816,1.4347,282.1277,0.0322,A
80,hotel/frontend,4301.87,109.88,1119.14,0.0,0,70406,11949.0262,14.3295,282.1277,7.21,A
80,hotel/geo,726.61,24.94,1119.06,0.0,0,31765,5391.0294,2.4203,282.1277,1.45,A
80,hotel/jaeger,0.26,14.88,81.01,0.0,0,1553,326.4791,1.4347,1.525,0.0,A
80,hotel/memcached-profile,149.87,7.95,79.25,0.0,0,17208,2920.4733,1.4347,282.1277,0.29,A
80,hotel/memcached-rate,96.98,7.48,79.25,0.0,0,14052,2384.8495,1.4347,282.1277,0.177,A
80,hotel/memcached-reserve,133.85,7.16,79.25,0.0,0,8218,1394.7263,1.4347,282.1277,0.274,A
80,hotel/mongodb-geo,8.91,170.65,400.43,0.0,0,5609,951.9372,1.4347,1.525,0.0161,A
80,hotel/mongodb-profile,8.85,172.29,400.43,0.0,0,1650,326.4791,1.4347,1.525,0.0322,A
80,hotel/mongodb-rate,10.55,171.88,400.43,0.0234,2,3360,570.2458,1.4347,282.1277,0.0322,A
80,hotel/mongodb-recommendation,9.11,170.5,400.43,0.0,0,3988,676.8275,1.4347,1.525,0.0322,A
80,hotel/mongodb-reservation,4001.22,294.66,400.43,0.0312,4,2773812,470760.3365,13.328,282.1277,9.04,A
80,hotel/mongodb-user,9.82,171.04,400.43,0.0195,2,1931,327.7216,1.4347,1.525,0.0322,A
80,hotel/profile,1552.47,40.08,1119.06,0.0,0,37505,6365.1994,5.1713,282.1277,2.89,A
80,hotel/rate,971.53,30.85,1119.14,0.0,0,29610,5025.2914,3.2361,282.1277,1.81,A
80,hotel/recommendation,529.22,22.61,1119.06,0.0,0,20219,3431.4882,1.7628,282.1277,0.967,A
80,hotel/reservation,1076.32,145.39,1119.06,0.0,0,27322,4636.9811,3.5852,282.1277,2.34,A
80,hotel/search,1699.67,35.71,1119.06,0.0,0,34038,5776.7939,5.6616,282.1277,3.21,A
80,hotel/user,31.09,17.77,1119.06,0.0,0,8813,1495.7073,1.4347,282.1277,0.0645,A
80,hotel2/consul,13.29,29.29,201.79,0.0,0,18202,3089.171,1.4347,282.1277,0.0322,A
80,hotel2/frontend,2783.07,98.46,1119.14,0.0,0,52761,8954.387,9.2704,282.1277,4.8,A
80,hotel2/geo,587.5,23.38,1119.06,0.0,0,22439,3808.2578,1.957,282.1277,1.19,A
80,hotel2/jaeger,0.3,14.9,81.01,0.0,0,0,326.4791,1.4347,1.525,0.0,A
80,hotel2/memcached-profile,105.81,8.19,79.25,0.0,0,17065,2896.2039,1.4347,282.1277,0.226,A
80,hotel2/memcached-rate,77.69,7.45,79.25,0.0,0,16634,2823.0563,1.4347,282.1277,0.145,A
80,hotel2/memcached-reserve,97.18,7.11,79.25,0.0,0,6830,1159.1604,1.4347,282.1277,0.193,A
80,hotel2/mongodb-geo,9.69,165.07,400.43,0.0352,4,4100,695.8357,1.4347,1.525,0.0161,A
80,hotel2/mongodb-profile,10.26,164.77,400.43,0.0234,2,3020,512.5424,1.4347,282.1277,0.0161,A
80,hotel2/mongodb-rate,9.94,164.59,400.43,0.0234,2,4493,762.5341,1.4347,1.525,0.0161,A
80,hotel2/mongodb-recommendation,8.72,163.11,400.43,0.0,0,4090,694.1385,1.4347,1.525,0.0322,A
80,hotel2/mongodb-reservation,3995.05,284.36,400.43,0.0156,8,2555801,433760.377,13.3074,282.1277,8.38,A
80,hotel2/mongodb-user,10.47,163.71,400.43,0.0234,2,2214,375.7513,1.4347,282.1277,0.0484,A
80,hotel2/profile,1101.27,40.78,1119.06,0.0,0,25931,4400.9061,3.6683,282.1277,2.18,A
80,hotel2/rate,699.54,28.21,1119.14,0.0,0,22956,3896.001,2.3302,282.1277,1.37,A
80,hotel2/recommendation,425.58,21.95,1119.06,0.0,0,24112,4092.1927,1.4347,282.1277,0.919,A
80,hotel2/reservation,845.38,136.82,1119.06,0.0,0,30095,5107.6037,2.8159,282.1277,1.66,A
80,hotel2/search,1370.85,29.76,1119.06,0.0,0,40480,6870.1045,4.5663,282.1277,2.56,A
80,hotel2/user,18.33,17.7,1119.06,0.0,0,9311,1580.2259,1.4347,282.1277,0.0322,A
80,sa1/customer-feedback,60968.73,3647.88,7135.73,0.0,0,359669,61041.5917,203.0858,282.1277,207.0,A
80,sa2/customer-feedback,50885.97,3546.48,7042.56,0.0,0,573058,97257.1237,169.5003,282.1277,54.5,A
80,sa3/customer-feedback,60928.26,3471.38,6978.61,0.0,0,744441,126343.5646,202.951,282.1277,147.0,A
81,hotel/consul,8.68,32.62,201.79,0.0,0,17798,3039.0905,1.4347,1.525,0.016,A
81,hotel/frontend,3019.01,113.29,1119.14,0.0,0,61294,10466.233,6.8058,283.9987,6.13,A
81,hotel/geo,660.77,23.46,1119.06,0.0,0,30126,5144.1534,1.4896,283.9987,1.39,A
81,hotel/jaeger,0.17,14.88,81.01,0.0,0,1007,326.4791,1.4347,1.525,0.0,A
81,hotel/memcached-profile,130.36,7.7,79.25,0.0,0,12779,2182.0732,1.4347,283.9987,0.272,A
81,hotel/memcached-rate,79.5,7.48,79.25,0.0,0,14090,2405.9324,1.4347,283.9987,0.16,A
81,hotel/memcached-reserve,118.23,7.17,79.25,0.0,0,8717,1488.4679,1.4347,283.9987,0.256,A
81,hotel/mongodb-geo,7.85,170.9,400.43,0.0195,2,924,326.4791,1.4347,1.525,0.032,A
81,hotel/mongodb-profile,7.79,172.28,400.43,0.0195,2,4221,720.7552,1.4347,1.525,0.032,A
81,hotel/mongodb-rate,7.57,171.88,400.43,0.0,0,513,326.4791,1.4347,1.525,0.016,A
81,hotel/mongodb-recommendation,7.51,170.42,400.43,0.0195,2,1212,326.4791,1.4347,1.525,0.016,A
81,hotel/mongodb-reservation,3997.08,294.47,400.43,0.0078,4,2501609,427161.2681,9.0107,283.9987,7.98,A
81,hotel/mongodb-user,7.12,170.88,400.43,0.0,0,1553,326.4791,1.4347,1.525,0.016,A
81,hotel/profile,1296.23,39.96,1119.06,0.0,0,36925,6305.114,2.9221,283.9987,2.85,A
81,hotel/rate,762.86,30.5,1119.14,0.0,0,26884,4590.5669,1.7197,283.9987,1.52,A
81,hotel/recommendation,455.92,23.84,1119.06,0.0,0,21244,3627.5109,1.4347,283.9987,0.896,A
81,hotel/reservation,899.57,143.0,1119.06,0.0,0,31821,5433.5824,2.0279,283.9987,1.9,A
81,hotel/search,1414.28,32.7,1119.06,0.0,0,41547,7094.3418,3.1882,283.9987,2.69,A
81,hotel/user,21.74,17.77,1119.06,0.0,0,13990,2388.857,1.4347,283.9987,0.048,A
81,hotel2/consul,8.18,29.29,201.79,0.0,0,16221,2769.8105,1.4347,1.525,0.016,A
81,hotel2/frontend,1916.53,98.41,1119.14,0.0,0,57784,9866.8844,4.3205,283.9987,3.18,A
81,hotel2/geo,504.74,23.92,1119.06,0.0,0,21056,3595.4091,1.4347,283.9987,0.896,A
81,hotel2/jaeger,0.17,14.9,81.01,0.0,0,0,326.4791,1.4347,1.525,0.0,A
81,hotel2/memcached-profile,84.9,7.7,79.25,0.0,0,15993,2730.8785,1.4347,283.9987,0.16,A
81,hotel2/memcached-rate,61.36,7.45,79.25,0.0,0,19768,3375.4771,1.4347,283.9987,0.112,A
81,hotel2/memcached-reserve,73.34,7.1,79.25,0.0,0,7191,1227.8964,1.4347,283.9987,0.112,A
81,hotel2/mongodb-geo,7.6,165.07,400.43,0.0,0,1337,326.4791,1.4347,1.525,0.016,A
81,hotel2/mongodb-profile,7.75,164.77,400.43,0.0,0,657,326.4791,1.4347,1.525,0.016,A
81,hotel2/mongodb-rate,6.91,164.4,400.43,0.0,0,2096,357.9017,1.4347,1.525,0.016,A
81,hotel2/mongodb-recommendation,7.9,163.11,400.43,0.0234,2,382,326.4791,1.4347,1.525,0.032,A
81,hotel2/mongodb-reservation,3999.32,284.46,400.43,0.043,4,2697484,460607.8272,9.0157,283.9987,8.3,A
81,hotel2/mongodb-user,6.71,163.71,400.43,0.0,0,1838,326.4791,1.4347,1.525,0.032,A
81,hotel2/profile,864.02,41.3,1119.06,0.0,0,35444,6052.2264,1.9478,283.9987,1.38,A
81,hotel2/rate,562.98,28.17,1119.14,0.0,0,24339,4155.9964,1.4347,283.9987,0.944,A
81,hotel2/recommendation,336.24,21.86,1119.06,0.0,0,18331,3130.1027,1.4347,283.9987,0.512,A
81,hotel2/reservation,618.58,136.34,1119.06,0.0,0,24295,4148.4832,1.4347,283.9987,1.01,A
81,hotel2/search,1059.71,30.31,1119.06,0.0,0,35065,5987.5104,2.3889,283.9987,1.74,A
81,hotel2/user,16.21,17.7,1119.06,0.0,0,8707,1486.7604,1.4347,283.9987,0.032,A
81,sa1/customer-feedback,65155.34,3648.57,7135.73,3.9297,40,524312,89528.6908,146.8804,283.9987,129.0,A
81,sa2/customer-feedback,65736.28,3543.78,7042.56,3.7656,36,615802,105151.0301,148.19,283.9987,150.0,A
81,sa3/customer-feedback,63953.99,3472.54,6978.61,3.8477,40,743781,127004.0343,144.1722,283.9987,122.0,A
82,hotel/consul,9.61,32.62,201.79,0.0,0,14113,2530.9998,1.4347,1.525,0.0174,A
82,hotel/frontend,3260.74,114.9,1119.14,0.0,0,98319,17632.3508,9.9181,320.2244,6.42,A
82,hotel/geo,663.39,24.77,1119.06,0.0,0,23948,4294.7908,2.0178,320.2244,1.52,A
82,hotel/jaeger,0.28,14.88,81.01,0.0,0,0,326.4791,1.4347,1.525,0.0,A
82,hotel/memcached-profile,136.06,7.95,79.25,0.0,0,12957,2323.6848,1.4347,320.2244,0.279,A
82,hotel/memcached-rate,83.8,7.47,79.25,0.0,0,12505,2242.624,1.4347,320.2244,0.174,A
82,hotel/memcached-reserve,121.86,7.16,79.25,0.0,0,5833,1046.0796,1.4347,320.2244,0.262,A
82,hotel/mongodb-geo,7.16,170.89,400.43,0.0,0,1113,326.4791,1.4347,1.525,0.0174,A
82,hotel/mongodb-profile,7.3,172.28,400.43,0.0,0,4421,792.8541,1.4347,1.525,0.0174,A
82,hotel/mongodb-rate,9.83,171.88,400.43,0.0234,2,2729,489.4139,1.4347,1.525,0.0174,A
82,hotel/mongodb-recommendation,7.26,170.69,400.43,0.0,0,4009,718.9668,1.4347,1.525,0.0174,A
82,hotel/mongodb-reservation,4084.7,294.99,400.43,0.082,22,2587258,463994.147,12.4244,320.2244,9.01,A
82,hotel/mongodb-user,9.29,170.88,400.43,0.0195,2,5902,1058.454,1.4347,1.525,0.0,A
82,hotel/profile,1414.53,44.11,1119.06,0.0,0,28118,5042.631,4.3026,320.2244,2.55,A
82,hotel/rate,833.5,32.28,1119.14,0.0,0,25530,4578.5038,2.5352,320.2244,1.78,A
82,hotel/recommendation,455.51,23.61,1119.06,0.0,0,17327,3107.3927,1.4347,320.2244,1.01,A
82,hotel/reservation,946.03,142.76,1119.06,0.0,0,23302,4178.9383,2.8775,320.2244,2.06,A
82,hotel/search,1630.55,36.21,1119.06,0.0,0,32621,5850.1908,4.9596,320.2244,3.68,A
82,hotel/user,22.39,17.78,1119.06,0.0,0,7597,1362.4322,1.4347,320.2244,0.0523,A
82,hotel2/consul,9.31,29.34,201.79,0.0,0,12491,2240.1132,1.4347,1.525,0.0349,A
82,hotel2/frontend,2408.66,98.9,1119.14,0.0,0,57485,10309.2554,7.3264,320.2244,5.27,A
82,hotel2/geo,560.35,25.62,1119.06,0.0,0,27121,4863.8308,1.7044,320.2244,1.29,A
82,hotel2/jaeger,0.19,14.9,81.01,0.0,0,0,326.4791,1.4347,1.525,0.0,A
82,hotel2/memcached-profile,99.77,7.7,79.25,0.0,0,13409,2404.7457,1.4347,320.2244,0.227,A
82,hotel2/memcached-rate,73.37,7.45,79.25,0.0,0,12998,2331.0377,1.4347,320.2244,0.174,A
82,hotel2/memcached-reserve,90.01,7.11,79.25,0.0,0,7071,1268.1003,1.4347,320.2244,0.209,A
82,hotel2/mongodb-geo,9.87,165.07,400.43,0.0234,2,662,326.4791,1.4347,1.525,0.0349,A
82,hotel2/mongodb-profile,7.69,164.77,400.43,0.0234,2,1244,326.4791,1.4347,1.525,0.0174,A
82,hotel2/mongodb-rate,9.89,164.4,400.43,0.0234,2,2583,463.2305,1.4347,1.525,0.0174,A
82,hotel2/mongodb-recommendation,7.25,163.11,400.43,0.0,0,6540,1172.8717,1.4347,1.525,0.0174,A
82,hotel2/mongodb-reservation,4010.42,284.7,400.43,0.0039,2,2889101,518126.122,12.1984,320.2244,9.08,A
82,hotel2/mongodb-user,7.87,163.71,400.43,0.0234,2,2214,397.0547,1.4347,1.525,0.0349,A
82,hotel2/profile,1096.76,40.39,1119.06,0.0,0,27496,4931.0827,3.336,320.2244,2.65,A
82,hotel2/rate,663.08,30.37,1119.14,0.0,0,28119,5042.8103,2.0169,320.2244,1.59,A
82,hotel2/recommendation,380.34,21.21,1119.06,0.0,0,18849,3380.3454,1.4347,320.2244,0.907,A
82,hotel2/reservation,819.15,137.01,1119.06,0.0,0,26062,4673.9117,2.4916,320.2244,1.94,A
82,hotel2/search,1309.93,28.61,1119.06,0.0,0,34279,6147.5336,3.9844,320.2244,3.1,A
82,hotel2/user,20.86,17.12,1119.06,0.0,0,5179,928.7924,1.4347,320.2244,0.0349,A
82,sa1/customer-feedback,60089.69,3648.93,7135.73,0.0,0,549551,98555.4774,182.7739,320.2244,153.0,A
82,sa2/customer-feedback,61473.28,3544.62,7042.56,0.0,0,618835,110980.7441,186.9824,320.2244,150.0,A
82,sa3/customer-feedback,51408.95,3472.73,6978.61,0.0,0,567673,101805.444,156.3699,320.2244,123.0,A
83,hotel/consul,11.3,32.62,201.79,0.0,0,17097,2912.9579,1.4347,271.1184,0.0,A
83,hotel/frontend,3481.55,112.01,1119.14,0.0,0,59052,10061.1796,8.4502,271.1184,6.26,A
83,hotel/geo,662.78,24.5,1119.06,0.0,0,30027,5115.9494,1.6087,271.1184,1.28,A
83,hotel/jaeger,0.17,14.88,81.01,0.0,0,3899,664.305,1.4347,1.525,0.0,A
83,hotel/memcached-profile,133.56,8.16,79.25,0.0,0,15504,2641.5452,1.4347,271.1184,0.273,A
83,hotel/memcached-rate,83.95,7.48,79.25,0.0,0,12452,2121.5506,1.4347,271.1184,0.167,A
83,hotel/memcached-reserve,117.89,7.15,79.25,0.0,0,9005,1534.2566,1.4347,271.1184,0.243,A
83,hotel/mongodb-geo,8.98,170.83,400.43,0.0195,2,1711,326.4791,1.4347,1.525,0.0152,A
83,hotel/mongodb-profile,9.02,172.54,400.43,0.0195,2,2385,406.3523,1.4347,1.525,0.0152,A
83,hotel/mongodb-rate,7.61,171.88,400.43,0.0,0,406,326.4791,1.4347,1.525,0.0152,A
83,hotel/mongodb-recommendation,8.72,170.5,400.43,0.0195,2,3464,590.1904,1.4347,1.525,0.0152,A
83,hotel/mongodb-reservation,4000.56,294.64,400.43,0.0078,4,2791091,475541.3526,9.71,271.1184,7.87,A
83,hotel/mongodb-user,7.65,170.88,400.43,0.0,0,2372,404.1373,1.4347,1.525,0.0152,A
83,hotel/profile,1308.54,38.75,1119.06,0.0,0,37962,6467.9012,3.176,271.1184,2.43,A
83,hotel/rate,832.59,30.41,1119.14,0.0,0,28927,4928.5332,2.0208,271.1184,1.58,A
83,hotel/recommendation,466.26,23.47,1119.06,0.0,0,21457,3655.8073,1.4347,271.1184,0.881,A
83,hotel/reservation,928.0,143.5,1119.06,0.0,0,35739,6089.1502,2.2524,271.1184,1.84,A
83,hotel/search,1483.54,32.74,1119.06,0.0,0,41089,7000.6742,3.6008,271.1184,3.02,A
83,hotel/user,25.32,18.05,1119.06,0.0,0,11678,1989.6778,1.4347,271.1184,0.0608,A
83,hotel2/consul,10.85,29.34,201.79,0.0,0,14344,2443.9064,1.4347,271.1184,0.0152,A
83,hotel2/frontend,1993.89,99.56,1119.14,0.0,0,56339,9598.9433,4.8395,271.1184,3.25,A
83,hotel2/geo,493.25,26.03,1119.06,0.0,0,21337,3635.3619,1.4347,271.1184,0.805,A
83,hotel2/jaeger,0.25,14.9,81.01,0.0,0,989,326.4791,1.4347,1.525,0.0,A
83,hotel2/memcached-profile,82.03,7.71,79.25,0.0,0,14037,2391.6003,1.4347,271.1184,0.122,A
83,hotel2/memcached-rate,61.6,7.45,79.25,0.0,0,20400,3475.7174,1.4347,271.1184,0.0912,A
83,hotel2/memcached-reserve,69.68,7.11,79.25,0.0,0,6165,1050.3822,1.4347,271.1184,0.122,A
83,hotel2/mongodb-geo,7.7,165.07,400.43,0.0,0,411,326.4791,1.4347,1.525,0.0152,A
83,hotel2/mongodb-profile,7.73,164.78,400.43,0.0508,14,3484,593.598,1.4347,1.525,0.0152,A
83,hotel2/mongodb-rate,7.86,164.4,400.43,0.0,0,884,326.4791,1.4347,1.525,0.0152,A
83,hotel2/mongodb-recommendation,8.72,163.11,400.43,0.0234,2,829,326.4791,1.4347,1.525,0.0304,A
83,hotel2/mongodb-reservation,3991.55,284.8,400.43,0.0469,6,2747308,468081.6793,9.6881,271.1184,7.87,A
83,hotel2/mongodb-user,8.35,163.71,400.43,0.0,0,215,326.4791,1.4347,1.525,0.0152,A
83,hotel2/profile,880.72,40.59,1119.06,0.0,0,26727,4553.7009,2.1376,271.1184,1.46,A
83,hotel2/rate,560.4,28.87,1119.14,0.0,0,25599,4361.5142,1.4347,271.1184,0.927,A
83,hotel2/recommendation,318.74,22.5,1119.06,0.0,0,19610,3341.1186,1.4347,271.1184,0.501,A
83,hotel2/reservation,640.83,138.32,1119.06,0.0,0,25501,4344.8171,1.5554,271.1184,1.11,A
83,hotel2/search,1063.18,32.11,1119.06,0.0,0,34549,5886.4,2.5805,271.1184,1.78,A
83,hotel2/user,16.56,17.11,1119.06,0.0,0,6586,1122.1115,1.4347,271.1184,0.0304,A
83,sa1/customer-feedback,66269.94,3648.39,7135.73,0.0,0,592450,100940.6266,160.8469,271.1184,128.0,A
83,sa2/customer-feedback,71414.36,3544.25,7042.56,0.0,0,618799,105429.9245,173.3332,271.1184,157.0,A
83,sa3/customer-feedback,51646.69,3470.5,6978.61,0.0,0,940345,160214.3868,125.3542,271.1184,95.3,A
84,hotel/consul,13.89,32.62,201.79,0.0,0,11111,1960.8737,1.4347,297.3135,0.0392,A
84,hotel/frontend,3955.17,110.43,1119.14,0.0,0,65978,11643.8236,17.5311,297.3135,15.2,A
84,hotel/geo,687.62,23.44,1119.06,0.0,0,28177,4972.6881,3.0478,297.3135,2.31,A
84,hotel/jaeger,0.21,14.88,81.01,0.0,0,1006,326.4791,1.4347,1.525,0.0,A
84,hotel/memcached-profile,138.44,7.92,79.25,0.0,0,14553,2568.3192,1.4347,297.3135,0.431,A
84,hotel/memcached-rate,85.76,7.46,79.25,0.0,0,12477,2201.9459,1.4347,297.3135,0.314,A
84,hotel/memcached-reserve,112.72,7.16,79.25,0.0,0,4517,797.1619,1.4347,297.3135,0.372,A
84,hotel/mongodb-geo,8.96,170.64,400.43,0.0,0,2138,377.3151,1.4347,1.525,0.0392,A
84,hotel/mongodb-profile,8.93,172.28,400.43,0.0,0,1401,326.4791,1.4347,1.525,0.0196,A
84,hotel/mongodb-rate,9.01,172.07,400.43,0.0234,2,1002,326.4791,1.4347,1.525,0.0196,A
84,hotel/mongodb-recommendation,9.34,170.25,400.43,0.0,0,5343,942.9348,1.4347,1.525,0.0196,A
84,hotel/mongodb-reservation,3913.21,294.98,400.43,0.0391,6,2327979,410842.656,17.3451,297.3135,10.2,A
84,hotel/mongodb-user,8.51,171.04,400.43,0.0195,2,3478,613.7988,1.4347,1.525,0.0196,A
84,hotel/profile,1399.4,40.54,1119.06,0.0,0,28391,5010.4549,6.2028,297.3135,4.59,A
84,hotel/rate,855.31,29.67,1119.14,0.0,0,33264,5870.4439,3.7911,297.3135,3.06,A
84,hotel/recommendation,453.49,23.62,1119.06,0.0,0,14411,2543.259,2.0101,297.3135,1.35,A
84,hotel/reservation,898.72,145.32,1119.06,0.0,0,21987,3880.2745,3.9835,297.3135,2.63,A
84,hotel/search,1594.7,29.93,1119.06,0.0,0,37634,6641.6632,7.0684,297.3135,5.49,A
84,hotel/user,22.46,18.13,1119.06,0.0,0,8168,1441.4919,1.4347,297.3135,0.0588,A
84,hotel2/consul,14.24,29.34,201.79,0.0,0,9779,1725.8018,1.4347,297.3135,0.0196,A
84,hotel2/frontend,3474.47,100.7,1119.14,0.0,0,46983,8291.5784,15.4004,297.3135,14.0,A
84,hotel2/geo,629.41,23.79,1119.06,0.0,0,28389,5010.102,2.7898,297.3135,2.02,A
84,hotel2/jaeger,0.24,14.9,81.01,0.0,0,983,326.4791,1.4347,1.525,0.0,A
84,hotel2/memcached-profile,114.23,7.7,79.25,0.0,0,15218,2685.6787,1.4347,297.3135,0.333,A
84,hotel2/memcached-rate,81.14,7.45,79.25,0.0,0,16076,2837.0988,1.4347,297.3135,0.255,A
84,hotel2/memcached-reserve,107.03,7.11,79.25,0.0,0,7268,1282.6595,1.4347,297.3135,0.353,A
84,hotel2/mongodb-geo,9.28,165.26,400.43,0.0781,18,3921,691.9796,1.4347,1.525,0.0392,A
84,hotel2/mongodb-profile,8.63,164.77,400.43,0.0234,2,933,326.4791,1.4347,1.525,0.0196,A
84,hotel2/mongodb-rate,9.38,164.4,400.43,0.0703,14,2390,421.7881,1.4347,1.525,0.0196,A
84,hotel2/mongodb-recommendation,8.25,163.11,400.43,0.0703,16,956,326.4791,1.4347,1.525,0.0392,A
84,hotel2/mongodb-reservation,3998.4,284.38,400.43,0.0039,2,2579137,455167.1193,17.7227,297.3135,10.2,A
84,hotel2/mongodb-user,10.74,163.71,400.43,0.0742,16,862,326.4791,1.4347,297.3135,0.0588,A
84,hotel2/profile,1285.12,39.58,1119.06,0.0,0,28968,5112.2841,5.6962,297.3135,4.9,A
84,hotel2/rate,786.27,29.14,1119.14,0.0,0,28320,4997.9248,3.4851,297.3135,3.0,A
84,hotel2/recommendation,430.79,20.85,1119.06,0.0,0,17224,3039.6983,1.9095,297.3135,1.29,A
84,hotel2/reservation,914.9,139.05,1119.06,0.0,0,61511,10855.4856,4.0552,297.3135,3.12,A
84,hotel2/search,1493.16,29.49,1119.06,0.0,0,38925,6869.4994,6.6183,297.3135,5.23,A
84,hotel2/user,20.12,17.11,1119.06,0.0,0,6420,1133.0041,1.4347,297.3135,0.0392,A
84,sa1/customer-feedback,50590.12,3649.95,7135.73,0.0,0,428275,75582.1416,224.2378,297.3135,52.9,A
84,sa2/customer-feedback,51039.14,3546.36,7042.56,0.0,0,461037,81363.9924,226.2281,297.3135,64.7,A
84,sa3/customer-feedback,51060.42,3470.2,6978.61,0.0,0,429956,75878.8052,226.3224,297.3135,130.0,A
85,hotel/consul,13.81,32.62,201.79,0.0,0,10444,1745.0258,1.4347,295.0595,0.0168,A
85,hotel/frontend,3686.49,114.1,1119.14,0.0,0,55499,9272.9975,15.1295,295.0595,6.36,A
85,hotel/geo,721.34,26.98,1119.06,0.0,0,25790,4309.0976,2.9604,295.0595,1.41,A
85,hotel/jaeger,0.21,14.88,81.01,0.0,0,0,326.4791,1.4347,1.525,0.0,A
85,hotel/memcached-profile,139.32,8.17,79.25,0.0,0,17787,2971.9239,1.4347,295.0595,0.252,A
85,hotel/memcached-rate,85.57,7.49,79.25,0.0,0,10087,1685.3768,1.4347,295.0595,0.151,A
85,hotel/memcached-reserve,112.14,7.18,79.25,0.0,0,7987,1334.5003,1.4347,295.0595,0.185,A
85,hotel/mongodb-geo,9.03,170.64,400.43,0.0195,2,3950,659.982,1.4347,1.525,0.0504,A
85,hotel/mongodb-profile,8.92,172.28,400.43,0.0195,2,2714,453.4661,1.4347,1.525,0.0168,A
85,hotel/mongodb-rate,7.33,171.88,400.43,0.0,0,2068,345.5298,1.4347,1.525,0.0168,A
85,hotel/mongodb-recommendation,9.14,170.5,400.43,0.0195,2,973,326.4791,1.4347,1.525,0.0336,A
85,hotel/mongodb-reservation,3991.06,294.5,400.43,0.0117,6,2530266,422767.0813,16.3795,295.0595,9.36,A
85,hotel/mongodb-user,7.18,170.88,400.43,0.0,0,2435,406.8497,1.4347,1.525,0.0168,A
85,hotel/profile,1437.96,39.73,1119.06,0.0,0,33583,5611.1835,5.9015,295.0595,2.45,A
85,hotel/rate,924.66,29.08,1119.14,0.0,0,28883,4825.8885,3.7948,295.0595,1.77,A
85,hotel/recommendation,516.22,23.89,1119.06,0.0,0,20106,3359.3918,2.1186,295.0595,1.16,A
85,hotel/reservation,1003.6,144.62,1119.06,0.0,0,70688,11810.8371,4.1188,295.0595,1.7,A
85,hotel/search,1664.17,31.82,1119.06,0.0,0,44824,7489.3753,6.8298,295.0595,3.24,A
85,hotel/user,23.44,18.39,1119.06,0.0,0,10101,1687.716,1.4347,295.0595,0.0504,A
85,hotel2/consul,14.3,29.34,201.79,0.0,0,8941,1493.8985,1.4347,295.0595,0.0168,A
85,hotel2/frontend,2880.06,97.89,1119.14,0.0,0,51888,8669.657,11.8199,295.0595,6.66,A
85,hotel2/geo,588.15,23.39,1119.06,0.0,0,24061,4020.2092,2.4138,295.0595,1.29,A
85,hotel2/jaeger,0.27,14.9,81.01,0.0,0,978,326.4791,1.4347,1.525,0.0,A
85,hotel2/memcached-profile,102.33,7.71,79.25,0.0,0,13226,2209.8536,1.4347,295.0595,0.219,A
85,hotel2/memcached-rate,73.43,7.45,79.25,0.0,0,16052,2682.0331,1.4347,295.0595,0.151,A
85,hotel2/memcached-reserve,91.41,7.11,79.25,0.0,0,8100,1353.3808,1.4347,295.0595,0.202,A
85,hotel2/mongodb-geo,7.22,165.26,400.43,0.0,0,2126,355.2207,1.4347,1.525,0.0336,A
85,hotel2/mongodb-profile,7.53,164.77,400.43,0.0,0,4087,682.8725,1.4347,1.525,0.0168,A
85,hotel2/mongodb-rate,7.08,164.4,400.43,0.0,0,833,326.4791,1.4347,1.525,0.0336,A
85,hotel2/mongodb-recommendation,7.93,163.11,400.43,0.0234,2,3999,668.1691,1.4347,1.525,0.0336,A
85,hotel2/mongodb-reservation,4003.35,284.07,400.43,0.0508,6,2761188,461350.4634,16.4299,295.0595,9.05,A
85,hotel2/mongodb-user,8.55,163.71,400.43,0.0,0,2746,458.8128,1.4347,1.525,0.0336,A
85,hotel2/profile,1023.44,40.63,1119.06,0.0,0,32716,5466.3217,4.2002,295.0595,2.35,A
85,hotel2/rate,679.33,28.03,1119.14,0.0,0,28409,4746.6907,2.788,295.0595,1.56,A
85,hotel2/recommendation,389.52,21.79,1119.06,0.0,0,16507,2758.0564,1.5986,295.0595,0.942,A
85,hotel2/reservation,788.03,139.19,1119.06,0.0,0,28577,4774.7608,3.2341,295.0595,1.75,A
85,hotel2/search,1273.59,29.85,1119.06,0.0,0,35649,5956.3792,5.2269,295.0595,2.84,A
85,hotel2/user,18.22,17.35,1119.06,0.0,0,8642,1443.9403,1.4347,295.0595,0.0504,A
85,sa1/customer-feedback,57005.06,3648.26,7135.73,0.0,0,474285,79245.4569,233.9515,295.0595,109.0,A
85,sa2/customer-feedback,59920.44,3545.37,7042.56,0.0,0,742447,124051.0489,245.9164,295.0595,136.0,A
85,sa3/customer-feedback,53338.73,3471.46,6978.61,0.0,0,591496,98829.545,218.9047,295.0595,162.0,A
86,hotel/consul,15.95,32.62,201.79,0.0,0,12365,2055.9033,1.4347,316.9097,0.0317,A
86,hotel/frontend,3684.27,112.98,1119.14,0.0,0,66231,11012.093,14.8017,316.9097,7.03,A
86,hotel/geo,721.54,25.56,1119.06,0.0,0,29328,4876.3066,2.8988,316.9097,1.59,A
86,hotel/jaeger,0.24,14.88,81.01,0.0,0,0,326.4791,1.4347,1.525,0.0,A
86,hotel/memcached-profile,147.42,7.95,79.25,0.0,0,16601,2760.2143,1.4347,316.9097,0.301,A
86,hotel/memcached-rate,90.67,7.48,79.25,0.0,0,18339,3049.188,1.4347,316.9097,0.19,A
86,hotel/memcached-reserve,132.74,7.43,79.25,0.0,0,7548,1254.9905,1.4347,316.9097,0.286,A
86,hotel/mongodb-geo,8.05,170.65,400.43,0.0,0,963,326.4791,1.4347,1.525,0.0317,A
86,hotel/mongodb-profile,7.94,172.29,400.43,0.0,0,2471,410.8481,1.4347,1.525,0.0159,A
86,hotel/mongodb-rate,7.73,171.88,400.43,0.0234,2,2250,374.1029,1.4347,1.525,0.0159,A
86,hotel/mongodb-recommendation,7.77,170.26,400.43,0.0,0,4494,747.2082,1.4347,1.525,0.0159,A
86,hotel/mongodb-reservation,4002.53,294.64,400.43,0.043,6,2497677,415283.6492,16.0803,316.9097,8.2,A
86,hotel/mongodb-user,7.53,170.88,400.43,0.0195,2,1312,326.4791,1.4347,1.525,0.0,A
86,hotel/profile,1487.41,41.86,1119.06,0.0,0,33951,5644.9634,5.9757,316.9097,2.98,A
86,hotel/rate,883.98,31.05,1119.14,0.0,0,39460,6560.9335,3.5514,316.9097,1.89,A
86,hotel/recommendation,487.42,22.34,1119.06,0.0,0,21259,3534.6905,1.9582,316.9097,1.02,A
86,hotel/reservation,1096.41,143.87,1119.06,0.0,0,35929,5973.8414,4.4049,316.9097,2.27,A
86,hotel/search,1689.48,31.65,1119.06,0.0,0,40566,6744.8259,6.7876,316.9097,3.28,A
86,hotel/user,32.85,17.94,1119.06,0.0,0,8282,1377.0312,1.4347,316.9097,0.0476,A
86,hotel2/consul,12.48,29.34,201.79,0.0,0,15792,2625.7036,1.4347,316.9097,0.0159,A
86,hotel2/frontend,3038.33,98.89,1119.14,0.0,0,59103,9826.935,12.2066,316.9097,5.3,A
86,hotel2/geo,621.28,24.75,1119.06,0.0,0,31757,5280.1715,2.496,316.9097,1.24,A
86,hotel2/jaeger,0.23,14.9,81.01,0.0,0,0,326.4791,1.4347,1.525,0.0,A
86,hotel2/memcached-profile,116.23,7.71,79.25,0.0,0,13760,2287.8471,1.4347,316.9097,0.222,A
86,hotel2/memcached-rate,80.9,7.45,79.25,0.0,0,19757,3284.956,1.4347,316.9097,0.143,A
86,hotel2/memcached-reserve,107.26,7.12,79.25,0.0,0,8050,1338.457,1.4347,316.9097,0.206,A
86,hotel2/mongodb-geo,7.04,165.07,400.43,0.0234,2,1137,326.4791,1.4347,1.525,0.0159,A
86,hotel2/mongodb-profile,8.83,164.77,400.43,0.0234,2,4658,774.4761,1.4347,1.525,0.0159,A
86,hotel2/mongodb-rate,7.58,164.4,400.43,0.0234,2,1355,326.4791,1.4347,1.525,0.0317,A
86,hotel2/mongodb-recommendation,6.68,163.11,400.43,0.0,0,1649,326.4791,1.4347,1.525,0.0159,A
86,hotel2/mongodb-reservation,3994.06,283.83,400.43,0.0039,2,2616541,435046.9236,16.0463,316.9097,8.27,A
86,hotel2/mongodb-user,9.17,163.71,400.43,0.0234,2,523,326.4791,1.4347,1.525,0.0317,A
86,hotel2/profile,1194.12,40.58,1119.06,0.0,0,38034,6323.8354,4.7974,316.9097,2.08,A
86,hotel2/rate,759.31,28.01,1119.14,0.0,0,28204,4689.4214,3.0506,316.9097,1.55,A
86,hotel2/recommendation,431.35,20.77,1119.06,0.0,0,26928,4477.2635,1.733,316.9097,0.841,A
86,hotel2/reservation,843.07,137.76,1119.06,0.0,0,31172,5182.9047,3.3871,316.9097,1.78,A
86,hotel2/search,1419.87,32.14,1119.06,0.0,0,45897,7631.2004,5.7044,316.9097,2.73,A
86,hotel2/user,23.16,17.11,1119.06,0.0,0,10744,1786.3829,1.4347,316.9097,0.0476,A
86,sa1/customer-feedback,61228.0,3648.78,7135.73,0.0,0,391469,65088.7504,245.9863,316.9097,169.0,A
86,sa2/customer-feedback,50257.39,3545.32,7042.56,0.0,0,737697,122655.3723,201.9113,316.9097,86.1,A
86,sa3/customer-feedback,61150.71,3471.43,6978.61,0.0,0,945352,157181.7446,245.6758,316.9097,117.0,A
87,hotel/consul,13.71,32.62,201.79,0.0,0,12157,2238.6569,1.4347,303.2925,0.0297,A
87,hotel/frontend,4732.96,115.34,1119.14,0.0,0,86253,15883.1021,17.5986,303.2925,7.67,A
87,hotel/geo,852.36,24.37,1119.06,0.0,0,27414,5048.1648,3.1693,303.2925,1.48,A
87,hotel/jaeger,0.23,14.88,81.01,0.0,0,0,326.4791,1.4347,1.525,0.0,A
87,hotel/memcached-profile,182.02,8.2,79.25,0.0,0,14784,2722.4071,1.4347,303.2925,0.326,A
87,hotel/memcached-rate,112.12,7.76,79.25,0.0,0,15866,2921.6526,1.4347,303.2925,0.208,A
87,hotel/memcached-reserve,166.65,7.18,79.25,0.0,0,7800,1436.3349,1.4347,303.2925,0.297,A
87,hotel/mongodb-geo,10.1,170.65,400.43,0.0234,2,6920,1274.2869,1.4347,303.2925,0.0297,A
87,hotel/mongodb-profile,10.32,172.29,400.43,0.0234,2,2116,389.6519,1.4347,303.2925,0.0148,A
87,hotel/mongodb-rate,9.09,171.88,400.43,0.0,0,2630,484.3027,1.4347,1.525,0.0148,A
87,hotel/mongodb-recommendation,9.89,170.26,400.43,0.0312,4,3468,638.6166,1.4347,1.525,0.0148,A
87,hotel/mongodb-reservation,4050.33,294.04,400.43,0.0078,4,2374674,437285.5401,15.0604,303.2925,7.92,A
87,hotel/mongodb-user,9.13,170.88,400.43,0.0,0,2521,464.2308,1.4347,1.525,0.0148,A
87,hotel/profile,1974.9,40.12,1119.06,0.0,0,38036,7004.1584,7.3433,303.2925,3.5,A
87,hotel/rate,1094.73,33.85,1119.14,0.0,0,27703,5101.3829,4.0705,303.2925,1.81,A
87,hotel/recommendation,590.76,22.64,1119.06,0.0,0,20733,3817.8887,2.1966,303.2925,1.02,A
87,hotel/reservation,1284.28,142.11,1119.06,0.0,0,34635,6377.8795,4.7753,303.2925,2.28,A
87,hotel/search,2019.74,36.37,1119.06,0.0,0,43472,8005.1733,7.51,303.2925,3.4,A
87,hotel/user,31.31,17.95,1119.06,0.0,0,13211,2432.7463,1.4347,303.2925,0.0742,A
87,hotel2/consul,13.51,29.34,201.79,0.0,0,18658,3435.7868,1.4347,303.2925,0.0297,A
87,hotel2/frontend,3053.69,98.65,1119.14,0.0,0,72316,13316.6663,11.3546,303.2925,5.13,A
87,hotel2/geo,596.56,23.89,1119.06,0.0,0,21342,3930.0333,2.2182,303.2925,1.25,A
87,hotel2/jaeger,0.23,14.9,81.01,0.0,0,1081,326.4791,1.4347,1.525,0.0,A
87,hotel2/memcached-profile,113.04,7.94,79.25,0.0,0,10634,1958.2033,1.4347,303.2925,0.208,A
87,hotel2/memcached-rate,84.91,7.45,79.25,0.0,0,13800,2541.208,1.4347,303.2925,0.163,A
87,hotel2/memcached-reserve,107.66,7.12,79.25,0.0,0,7496,1380.3547,1.4347,303.2925,0.208,A
87,hotel2/mongodb-geo,8.64,165.07,400.43,0.0,0,3581,659.425,1.4347,1.525,0.0148,A
87,hotel2/mongodb-profile,9.53,164.77,400.43,0.0,0,6575,1210.7567,1.4347,1.525,0.0297,A
87,hotel2/mongodb-rate,9.53,164.4,400.43,0.0,0,1578,326.4791,1.4347,1.525,0.0148,A
87,hotel2/mongodb-recommendation,10.15,163.11,400.43,0.0391,4,4877,898.0776,1.4347,303.2925,0.0148,A
87,hotel2/mongodb-reservation,4002.44,284.44,400.43,0.0469,4,2423360,446250.8481,14.8823,303.2925,7.7,A
87,hotel2/mongodb-user,9.04,163.71,400.43,0.0,0,1843,339.3802,1.4347,1.525,0.0297,A
87,hotel2/profile,1190.76,40.0,1119.06,0.0,0,36826,6781.3423,4.4276,303.2925,2.24,A
87,hotel2/rate,737.92,27.96,1119.14,0.0,0,26998,4971.5603,2.7438,303.2925,1.45,A
87,hotel2/recommendation,421.94,22.44,1119.06,0.0,0,16526,3043.1886,1.5689,303.2925,0.816,A
87,hotel2/reservation,826.84,136.7,1119.06,0.0,0,23293,4289.3012,3.0744,303.2925,1.78,A
87,hotel2/search,1411.15,27.25,1119.06,0.0,0,31472,5795.4273,5.2471,303.2925,2.77,A
87,hotel2/user,24.33,17.89,1119.06,0.0,0,11436,2105.888,1.4347,303.2925,0.0445,A
87,sa1/customer-feedback,68155.56,3648.34,7135.73,3.8906,38,527034,97050.9415,253.4232,303.2925,149.0,A
87,sa2/customer-feedback,52982.31,3547.52,7042.56,3.8438,36,529679,97538.0063,197.0045,303.2925,78.2,A
87,sa3/customer-feedback,48510.52,3471.55,6978.61,3.832,40,842871,155210.905,180.377,303.2925,128.0,A
88,hotel/consul,18.68,32.62,201.79,0.0,0,8071,1423.4641,1.4347,294.3814,0.0218,A
88,hotel/frontend,7221.88,114.96,1119.14,0.0,0,220719,38927.7136,45.2032,294.3814,10.7,A
88,hotel/geo,1036.33,24.33,1119.06,0.0,0,17326,3055.7477,6.4866,294.3814,1.65,A
88,hotel/jaeger,0.31,14.88,81.01,0.0,0,0,326.4791,1.4347,1.525,0.0,A
88,hotel/memcached-profile,198.58,7.71,79.25,0.0,0,9529,1680.6083,1.4347,294.3814,0.349,A
88,hotel/memcached-rate,146.72,7.75,79.25,0.0,0,10211,1800.8911,1.4347,294.3814,0.251,A
88,hotel/memcached-reserve,200.15,7.44,79.25,0.0,0,6141,1083.0744,1.4347,294.3814,0.36,A
88,hotel/mongodb-geo,9.79,170.65,400.43,0.0,0,1806,326.4791,1.4347,1.525,0.0218,A
88,hotel/mongodb-profile,9.9,172.29,400.43,0.0,0,467,326.4791,1.4347,1.525,0.0218,A
88,hotel/mongodb-rate,11.21,171.88,400.43,0.0234,2,1901,335.2751,1.4347,294.3814,0.0109,A
88,hotel/mongodb-recommendation,10.43,170.26,400.43,0.0,0,377,326.4791,1.4347,294.3814,0.0327,A
88,hotel/mongodb-reservation,4029.25,295.0,400.43,0.0508,10,2342203,413089.0751,25.2199,294.3814,7.9,A
88,hotel/mongodb-user,10.75,170.88,400.43,0.0234,2,530,326.4791,1.4347,294.3814,0.0109,A
88,hotel/profile,2693.69,42.66,1119.06,0.0,0,31405,5538.8292,16.8604,294.3814,4.11,A
88,hotel/rate,1482.53,34.09,1119.14,0.0,0,19037,3357.5129,9.2795,294.3814,2.6,A
88,hotel/recommendation,695.67,23.02,1119.06,0.0,0,13310,2347.4548,4.3543,294.3814,1.18,A
88,hotel/reservation,1810.08,143.22,1119.06,0.0,0,37383,6593.1556,11.3297,294.3814,2.59,A
88,hotel/search,2757.24,35.23,1119.06,0.0,0,28109,4957.5211,17.2581,294.3814,4.48,A
88,hotel/user,37.76,18.68,1119.06,0.0,0,8117,1431.577,1.4347,294.3814,0.0546,A
88,hotel2/consul,16.84,29.34,201.79,0.0,0,8167,1440.3954,1.4347,294.3814,0.0218,A
88,hotel2/frontend,4173.09,97.79,1119.14,0.0,0,113108,19948.6036,26.1202,294.3814,5.25,A
88,hotel2/geo,668.25,23.3,1119.06,0.0,0,13172,2323.116,4.1827,294.3814,1.05,A
88,hotel2/jaeger,0.28,14.9,81.01,0.0,0,0,326.4791,1.4347,1.525,0.0,A
88,hotel2/memcached-profile,130.6,7.68,79.25,0.0,0,11767,2075.3193,1.4347,294.3814,0.196,A
88,hotel2/memcached-rate,97.64,7.44,79.25,0.0,0,8841,1559.2673,1.4347,294.3814,0.142,A
88,hotel2/memcached-reserve,118.23,7.09,79.25,0.0,0,4500,793.6549,1.4347,294.3814,0.175,A
88,hotel2/mongodb-geo,10.74,165.07,400.43,0.0234,2,847,326.4791,1.4347,294.3814,0.0109,A
88,hotel2/mongodb-profile,10.9,164.93,400.43,0.0234,2,1728,326.4791,1.4347,294.3814,0.0218,A
88,hotel2/mongodb-rate,10.36,164.4,400.43,0.0234,2,4016,708.2929,1.4347,294.3814,0.0218,A
88,hotel2/mongodb-recommendation,10.07,163.11,400.43,0.0,0,241,326.4791,1.4347,294.3814,0.0109,A
88,hotel2/mongodb-reservation,3998.75,284.5,400.43,0.0,0,2470136,435652.3305,25.029,294.3814,7.86,A
88,hotel2/mongodb-user,10.82,163.72,400.43,0.0273,2,1966,346.739,1.4347,294.3814,0.0218,A
88,hotel2/profile,1588.25,40.93,1119.06,0.0,0,28140,4962.9885,9.9412,294.3814,2.01,A
88,hotel2/rate,873.8,27.25,1119.14,0.0,0,14566,2568.9727,5.4693,294.3814,1.3,A
88,hotel2/recommendation,462.71,22.47,1119.06,0.0,0,11146,1965.795,2.8962,294.3814,0.731,A
88,hotel2/reservation,942.61,136.8,1119.06,0.0,0,16154,2849.0446,5.9,294.3814,1.4,A
88,hotel2/search,1610.52,28.1,1119.06,0.0,0,20135,3551.1647,10.0806,294.3814,2.55,A
88,hotel2/user,18.82,17.42,1119.06,0.0,0,6749,1190.306,1.4347,294.3814,0.0327,A
88,sa1/customer-feedback,32659.57,3649.61,7135.73,0.0,0,197853,34894.8886,204.4229,294.3814,87.9,A
88,sa2/customer-feedback,45163.57,3548.38,7042.56,0.0,0,242205,42717.1511,282.688,294.3814,143.0,A
88,sa3/customer-feedback,33483.22,3472.98,6978.61,0.0,0,364894,64355.5341,209.5783,294.3814,104.0,A
89,hotel/consul,14.08,32.62,201.79,0.0,0,17685,3099.5304,1.4347,318.247,0.0186,A
89,hotel/frontend,5238.1,113.3,1119.14,0.0,0,81373,14261.6958,20.5973,318.247,6.18,A
89,hotel/geo,889.81,25.0,1119.06,0.0,0,22300,3908.3703,3.4989,318.247,1.21,A
89,hotel/jaeger,0.21,14.88,81.01,0.0,0,0,326.4791,1.4347,1.525,0.0,A
89,hotel/memcached-profile,179.03,7.7,79.25,0.0,0,10865,1904.2351,1.4347,318.247,0.223,A
89,hotel/memcached-rate,122.58,7.52,79.25,0.0,0,11343,1988.011,1.4347,318.247,0.158,A
89,hotel/memcached-reserve,177.86,7.21,79.25,0.0,0,7680,1346.0217,1.4347,318.247,0.223,A
89,hotel/mongodb-geo,10.31,170.65,400.43,0.0742,16,4941,865.9757,1.4347,318.247,0.0186,A
89,hotel/mongodb-profile,10.1,172.29,400.43,0.0742,16,1900,333.0002,1.4347,318.247,0.0186,A
89,hotel/mongodb-rate,9.16,171.88,400.43,0.0,0,2652,464.7981,1.4347,1.525,0.0186,A
89,hotel/mongodb-recommendation,9.63,170.25,400.43,0.0391,10,1827,326.4791,1.4347,1.525,0.0186,A
89,hotel/mongodb-reservation,3924.9,294.29,400.43,0.0117,6,2447995,429043.5412,15.4335,318.247,4.81,A
89,hotel/mongodb-user,9.42,170.88,400.43,0.0,0,257,326.4791,1.4347,1.525,0.0186,A
89,hotel/profile,2179.72,42.16,1119.06,0.0,0,46174,8092.605,8.5711,318.247,2.91,A
89,hotel/rate,1243.58,32.7,1119.14,0.0,0,27252,4776.2739,4.89,318.247,1.6,A
89,hotel/recommendation,578.4,23.83,1119.06,0.0,0,18926,3317.0321,2.2744,318.247,0.707,A
89,hotel/reservation,1484.64,140.98,1119.06,0.0,0,64938,11381.2444,5.8379,318.247,1.78,A
89,hotel/search,2192.16,32.56,1119.06,0.0,0,37024,6488.9463,8.62,318.247,2.81,A
89,hotel/user,36.28,18.69,1119.06,0.0,0,10068,1764.5503,1.4347,318.247,0.0372,A
89,hotel2/consul,13.18,29.59,201.79,0.0,0,11117,1948.4015,1.4347,318.247,0.0186,A
89,hotel2/frontend,3388.23,98.93,1119.14,0.0,0,92559,16222.1905,13.3232,318.247,3.85,A
89,hotel2/geo,665.23,23.98,1119.06,0.0,0,20864,3656.6923,2.6158,318.247,0.772,A
89,hotel2/jaeger,0.22,14.9,81.01,0.0,0,1149,326.4791,1.4347,1.525,0.0,A
89,hotel2/memcached-profile,117.25,7.96,79.25,0.0,0,14301,2506.4396,1.4347,318.247,0.13,A
89,hotel2/memcached-rate,91.78,7.46,79.25,0.0,0,15585,2731.4776,1.4347,318.247,0.102,A
89,hotel2/memcached-reserve,117.7,7.11,79.25,0.0,0,5961,1044.7442,1.4347,318.247,0.121,A
89,hotel2/mongodb-geo,8.45,165.26,400.43,0.0,0,3814,668.454,1.4347,1.525,0.0093,A
89,hotel2/mongodb-profile,8.71,164.77,400.43,0.0,0,1506,326.4791,1.4347,1.525,0.0093,A
89,hotel2/mongodb-rate,9.19,164.41,400.43,0.0,0,1008,326.4791,1.4347,1.525,0.0279,A
89,hotel2/mongodb-recommendation,10.14,163.11,400.43,0.0234,2,811,326.4791,1.4347,318.247,0.0186,A
89,hotel2/mongodb-reservation,3995.68,284.62,400.43,0.1562,28,2438751,427423.4078,15.7118,318.247,4.7,A
89,hotel2/mongodb-user,8.32,163.72,400.43,0.0,0,2468,432.5497,1.4347,1.525,0.0093,A
89,hotel2/profile,1372.33,40.56,1119.06,0.0,0,33832,5929.506,5.3963,318.247,1.65,A
89,hotel2/rate,855.28,28.14,1119.14,0.0,0,22620,3964.4545,3.3631,318.247,1.01,A
89,hotel2/recommendation,453.92,21.45,1119.06,0.0,0,15267,2675.7439,1.7849,318.247,0.493,A
89,hotel2/reservation,899.35,137.23,1119.06,0.0,0,21552,3777.2734,3.5364,318.247,1.12,A
89,hotel2/search,1585.0,29.0,1119.06,0.0,0,29415,5155.3683,6.2325,318.247,1.82,A
89,hotel2/user,20.22,17.91,1119.06,0.0,0,8471,1484.6549,1.4347,318.247,0.0186,A
89,sa1/customer-feedback,59233.05,3650.21,7135.73,0.0,0,445803,78132.8793,232.9166,318.247,65.4,A
89,sa2/customer-feedback,55519.79,3549.08,7042.56,0.0,0,550002,96395.1339,218.3153,318.247,47.7,A
89,sa3/customer-feedback,48136.12,3473.02,6978.61,0.0,0,612905,107419.7176,189.2812,318.247,94.2,A
90,hotel/consul,14.89,32.62,201.79,0.0,0,14800,2578.0885,1.4347,301.68,0.0327,A
90,hotel/frontend,4241.1,113.86,1119.14,0.0,0,78298,13639.1331,32.3877,301.68,8.66,A
90,hotel/geo,804.83,24.54,1119.06,0.0,0,33316,5803.4862,6.1462,301.68,1.72,A
90,hotel/jaeger,0.16,14.88,81.01,0.0,0,2134,371.7325,1.4347,1.525,0.0,A
90,hotel/memcached-profile,157.45,8.18,79.25,0.0,0,20500,3571.0009,1.4347,301.68,0.311,A
90,hotel/memcached-rate,103.0,7.73,79.25,0.0,0,16370,2851.5749,1.4347,301.68,0.229,A
90,hotel/memcached-reserve,153.85,7.17,79.25,0.0,0,7082,1233.6502,1.4347,301.68,0.311,A
90,hotel/mongodb-geo,8.54,170.84,400.43,0.0,0,3734,650.4448,1.4347,1.525,0.0164,A
90,hotel/mongodb-profile,8.71,172.47,400.43,0.0,0,3277,570.8376,1.4347,1.525,0.0327,A
90,hotel/mongodb-rate,9.71,171.88,400.43,0.0234,2,1251,326.4791,1.4347,1.525,0.0164,A
90,hotel/mongodb-recommendation,9.22,170.51,400.43,0.0,0,1384,326.4791,1.4347,1.525,0.0164,A
90,hotel/mongodb-reservation,3987.98,294.66,400.43,0.0586,12,2411409,420055.7914,30.4547,301.68,8.52,A
90,hotel/mongodb-user,9.8,171.04,400.43,0.0352,8,2719,473.6367,1.4347,1.525,0.0164,A
90,hotel/profile,1607.43,39.63,1119.06,0.0,0,39754,6924.9546,12.2753,301.68,3.24,A
90,hotel/rate,1054.84,30.08,1119.14,0.0,0,30833,5370.9596,8.0554,301.68,2.47,A
90,hotel/recommendation,521.55,22.3,1119.06,0.0,0,21701,3780.2093,3.9829,301.68,1.11,A
90,hotel/reservation,1207.24,142.01,1119.06,0.0,0,32472,5656.4654,9.2192,301.68,2.6,A
90,hotel/search,1848.58,34.76,1119.06,0.0,0,38945,6784.0307,14.1169,301.68,4.07,A
90,hotel/user,31.69,18.2,1119.06,0.0,0,10816,1884.0949,1.4347,301.68,0.0818,A
90,hotel2/consul,16.72,29.37,201.79,0.0,0,16172,2817.0842,1.4347,301.68,0.0164,A
90,hotel2/frontend,2710.37,99.91,1119.14,0.0,0,50218,8747.7329,20.6981,301.68,5.96,A
90,hotel2/geo,566.24,23.99,1119.06,0.0,0,30353,5287.3459,4.3242,301.68,1.29,A
90,hotel2/jaeger,0.26,14.9,81.01,0.0,0,2525,439.8428,1.4347,1.525,0.0,A
90,hotel2/memcached-profile,104.64,7.71,79.25,0.0,0,13998,2438.3839,1.4347,301.68,0.229,A
90,hotel2/memcached-rate,81.78,7.45,79.25,0.0,0,16175,2817.6068,1.4347,301.68,0.18,A
90,hotel2/memcached-reserve,97.7,7.12,79.25,0.0,0,10613,1848.7333,1.4347,301.68,0.229,A
90,hotel2/mongodb-geo,10.08,165.07,400.43,0.0273,2,2986,520.1468,1.4347,301.68,0.0164,A
90,hotel2/mongodb-profile,9.31,164.77,400.43,0.0273,2,1944,338.6354,1.4347,1.525,0.0327,A
90,hotel2/mongodb-rate,9.12,164.41,400.43,0.0352,4,1397,326.4791,1.4347,1.525,0.0491,A
90,hotel2/mongodb-recommendation,8.44,163.29,400.43,0.0,0,1471,326.4791,1.4347,1.525,0.0327,A
90,hotel2/mongodb-reservation,4003.31,284.55,400.43,0.0078,4,2662257,463752.3005,30.5717,301.68,8.52,A
90,hotel2/mongodb-user,10.27,163.91,400.43,0.0273,2,1366,326.4791,1.4347,301.68,0.0164,A
90,hotel2/profile,1183.32,40.65,1119.06,0.0,0,32435,5650.0202,9.0366,301.68,2.52,A
90,hotel2/rate,730.43,27.73,1119.14,0.0,0,31604,5505.264,5.578,301.68,1.7,A
90,hotel2/recommendation,389.97,21.7,1119.06,0.0,0,22548,3927.7526,2.9781,301.68,0.851,A
90,hotel2/reservation,820.64,137.81,1119.06,0.0,0,25989,4527.1582,6.2669,301.68,1.88,A
90,hotel2/search,1332.57,28.7,1119.06,0.0,0,41657,7256.448,10.1763,301.68,3.3,A
90,hotel2/user,18.74,17.91,1119.06,0.0,0,9528,1659.7315,1.4347,301.68,0.0491,A
90,sa1/customer-feedback,54341.81,3649.88,7135.73,0.0,0,535821,93337.4281,414.9875,301.68,122.0,A
90,sa2/customer-feedback,60081.57,3550.01,7042.56,0.0,0,698042,121595.5422,458.8198,301.68,136.0,A
90,sa3/customer-feedback,49050.34,3474.24,6978.61,0.0,0,850659,148180.6859,374.5786,301.68,119.0,A
91,hotel/consul,11.63,32.62,201.79,0.0,0,11951,2074.6093,1.4347,275.0437,0.0146,A
91,hotel/frontend,3080.08,110.82,1119.14,0.0,0,58684,10187.1284,8.2478,275.0437,5.59,A
91,hotel/geo,635.79,23.68,1119.06,0.0,0,22843,3965.3836,1.7025,275.0437,1.18,A
91,hotel/jaeger,0.18,14.88,81.01,0.0,0,0,326.4791,1.4347,1.525,0.0146,A
91,hotel/memcached-profile,117.1,7.72,79.25,0.0,0,12228,2122.6945,1.4347,275.0437,0.204,A
91,hotel/memcached-rate,80.92,7.48,79.25,0.0,0,12854,2231.3637,1.4347,275.0437,0.146,A
91,hotel/memcached-reserve,110.18,7.16,79.25,0.0,0,8553,1484.7405,1.4347,275.0437,0.19,A
91,hotel/mongodb-geo,8.65,170.9,400.43,0.0234,2,8412,1460.2639,1.4347,1.525,0.0292,A
91,hotel/mongodb-profile,8.3,172.29,400.43,0.0234,2,6625,1150.0533,1.4347,1.525,0.0292,A
91,hotel/mongodb-rate,7.95,171.88,400.43,0.0469,10,1217,326.4791,1.4347,1.525,0.0146,A
91,hotel/mongodb-recommendation,8.42,170.25,400.43,0.0234,2,1295,326.4791,1.4347,1.525,0.0146,A
91,hotel/mongodb-reservation,3999.23,294.2,400.43,0.0,0,2397028,416107.1495,10.7091,275.0437,7.08,A
91,hotel/mongodb-user,8.16,170.88,400.43,0.0,0,3060,531.1944,1.4347,1.525,0.0146,A
91,hotel/profile,1340.31,40.54,1119.06,0.0,0,32472,5636.9101,3.5891,275.0437,2.54,A
91,hotel/rate,793.29,29.79,1119.14,0.0,0,25697,4460.8179,2.1243,275.0437,1.59,A
91,hotel/recommendation,436.35,22.16,1119.06,0.0,0,21239,3686.9406,1.4347,275.0437,0.803,A
91,hotel/reservation,895.84,142.25,1119.06,0.0,0,32335,5613.1279,2.3989,275.0437,1.56,A
91,hotel/search,1488.52,33.05,1119.06,0.0,0,38281,6645.3115,3.986,275.0437,2.61,A
91,hotel/user,23.53,18.44,1119.06,0.0,0,10168,1765.0931,1.4347,275.0437,0.0292,A
91,hotel2/consul,11.71,29.37,201.79,0.0,0,13553,2352.7052,1.4347,275.0437,0.0292,A
91,hotel2/frontend,2218.83,98.92,1119.14,0.0,0,50674,8796.6489,5.9416,275.0437,3.98,A
91,hotel2/geo,543.24,25.91,1119.06,0.0,0,26616,4620.3498,1.4547,275.0437,0.978,A
91,hotel2/jaeger,0.19,14.9,81.01,0.0,0,2208,383.2932,1.4347,1.525,0.0,A
91,hotel2/memcached-profile,91.52,7.95,79.25,0.0,0,12393,2151.3374,1.4347,275.0437,0.161,A
91,hotel2/memcached-rate,69.22,7.45,79.25,0.0,0,12781,2218.6914,1.4347,275.0437,0.102,A
91,hotel2/memcached-reserve,80.91,7.11,79.25,0.0,0,6149,1067.423,1.4347,275.0437,0.161,A
91,hotel2/mongodb-geo,7.82,165.07,400.43,0.0,0,3443,597.6805,1.4347,1.525,0.0292,A
91,hotel2/mongodb-profile,8.08,164.77,400.43,0.0,0,3263,566.4338,1.4347,1.525,0.0146,A
91,hotel2/mongodb-rate,7.98,164.41,400.43,0.0,0,662,326.4791,1.4347,1.525,0.0146,A
91,hotel2/mongodb-recommendation,8.21,163.11,400.43,0.0273,2,5041,875.082,1.4347,1.525,0.0292,A
91,hotel2/mongodb-reservation,3986.54,284.76,400.43,0.0977,8,2640698,458406.5424,10.6751,275.0437,7.6,A
91,hotel2/mongodb-user,7.62,163.72,400.43,0.0,0,2778,482.2412,1.4347,1.525,0.0146,A
91,hotel2/profile,1036.71,41.14,1119.06,0.0,0,35991,6247.7837,2.7761,275.0437,1.69,A
91,hotel2/rate,621.8,31.37,1119.14,0.0,0,25193,4373.3271,1.6651,275.0437,1.02,A
91,hotel2/recommendation,370.0,21.5,1119.06,0.0,0,17923,3111.3064,1.4347,275.0437,0.657,A
91,hotel2/reservation,693.25,136.66,1119.06,0.0,0,29635,5144.4269,1.8564,275.0437,1.37,A
91,hotel2/search,1178.28,30.39,1119.06,0.0,0,33897,5884.2801,3.1552,275.0437,2.15,A
91,hotel2/user,21.84,17.43,1119.06,0.0,0,7184,1247.0917,1.4347,275.0437,0.0146,A
91,sa1/customer-feedback,68799.34,3649.8,7135.73,0.0,0,544174,94464.7672,184.2306,275.0437,106.0,A
91,sa2/customer-feedback,49372.49,3549.76,7042.56,0.0,0,868709,150801.7536,132.2095,275.0437,101.0,A
91,sa3/customer-feedback,70360.49,3475.18,6978.61,0.0,0,655920,113863.0844,188.4111,275.0437,147.0,A
92,hotel/consul,15.41,33.25,201.79,0.0,0,13951,2429.1758,1.4347,294.814,0.0347,A
92,hotel/frontend,4444.16,111.68,1119.14,0.0,0,48743,8487.2278,19.0338,294.814,13.2,A
92,hotel/geo,781.05,23.74,1119.06,0.0,0,22678,3948.7383,3.3451,294.814,2.29,A
92,hotel/jaeger,0.21,14.88,81.01,0.0,0,0,326.4791,1.4347,1.525,0.0,A
92,hotel/memcached-profile,139.22,7.93,79.25,0.0,0,14583,2539.2209,1.4347,294.814,0.382,A
92,hotel/memcached-rate,102.98,7.48,79.25,0.0,0,12226,2128.8154,1.4347,294.814,0.295,A
92,hotel/memcached-reserve,119.04,7.15,79.25,0.0,0,4155,723.4768,1.4347,294.814,0.364,A
92,hotel/mongodb-geo,9.02,170.84,400.43,0.0,0,159,326.4791,1.4347,1.525,0.0174,A
92,hotel/mongodb-profile,9.61,172.29,400.43,0.0,0,638,326.4791,1.4347,1.525,0.0347,A
92,hotel/mongodb-rate,9.97,171.88,400.43,0.0273,2,5637,981.5256,1.4347,1.525,0.0347,A
92,hotel/mongodb-recommendation,9.45,170.5,400.43,0.0,0,1952,339.8861,1.4347,1.525,0.0521,A
92,hotel/mongodb-reservation,3992.24,294.5,400.43,0.0664,14,2274802,396093.0363,17.0983,294.814,9.23,A
92,hotel/mongodb-user,10.1,170.88,400.43,0.0234,2,2178,379.2377,1.4347,294.814,0.0347,A
92,hotel/profile,1684.87,39.22,1119.06,0.0,0,21502,3743.9709,7.2161,294.814,4.77,A
92,hotel/rate,1057.5,29.92,1119.14,0.0,0,21390,3724.4692,4.5291,294.814,2.65,A
92,hotel/recommendation,516.25,23.52,1119.06,0.0,0,12536,2182.7932,2.211,294.814,1.41,A
92,hotel/reservation,1045.93,140.81,1119.06,0.0,0,26281,4576.0998,4.4796,294.814,2.83,A
92,hotel/search,1780.35,32.48,1119.06,0.0,0,26344,4587.0695,7.625,294.814,4.89,A
92,hotel/user,30.22,18.36,1119.06,0.0,0,5611,976.9984,1.4347,294.814,0.0694,A
92,hotel2/consul,14.53,29.37,201.79,0.0,0,13155,2290.5747,1.4347,294.814,0.0521,A
92,hotel2/frontend,3636.45,97.57,1119.14,0.0,0,36381,6334.7319,15.5745,294.814,10.1,A
92,hotel2/geo,683.03,23.31,1119.06,0.0,0,18113,3153.8715,2.9253,294.814,1.53,A
92,hotel2/jaeger,0.25,14.9,81.01,0.0,0,1636,326.4791,1.4347,1.525,0.0,A
92,hotel2/memcached-profile,116.08,7.95,79.25,0.0,0,12143,2114.3632,1.4347,294.814,0.278,A
92,hotel2/memcached-rate,90.51,7.46,79.25,0.0,0,12268,2136.1285,1.4347,294.814,0.226,A
92,hotel2/memcached-reserve,103.67,7.12,79.25,0.0,0,6578,1145.3744,1.4347,294.814,0.226,A
92,hotel2/mongodb-geo,9.44,165.07,400.43,0.0352,4,955,326.4791,1.4347,1.525,0.0347,A
92,hotel2/mongodb-profile,10.35,164.77,400.43,0.0273,2,1060,326.4791,1.4347,294.814,0.0174,A
92,hotel2/mongodb-rate,9.81,164.41,400.43,0.0273,2,559,326.4791,1.4347,1.525,0.0174,A
92,hotel2/mongodb-recommendation,8.99,163.3,400.43,0.0,0,2647,460.9009,1.4347,1.525,0.0347,A
92,hotel2/mongodb-reservation,4011.44,284.8,400.43,0.0,0,2545238,443181.889,17.1805,294.814,9.01,A
92,hotel2/mongodb-user,9.5,163.72,400.43,0.0273,2,3281,571.2942,1.4347,1.525,0.0347,A
92,hotel2/profile,1548.9,39.68,1119.06,0.0,0,22314,3885.3579,6.6337,294.814,3.87,A
92,hotel2/rate,857.47,28.07,1119.14,0.0,0,21508,3745.0156,3.6724,294.814,2.05,A
92,hotel2/recommendation,453.99,22.7,1119.06,0.0,0,14454,2516.7591,1.9444,294.814,0.972,A
92,hotel2/reservation,892.26,136.62,1119.06,0.0,0,18039,3140.9865,3.8214,294.814,1.86,A
92,hotel2/search,1728.86,32.18,1119.06,0.0,0,28330,4932.8758,7.4045,294.814,4.08,A
92,hotel2/user,25.15,17.7,1119.06,0.0,0,10303,1793.9788,1.4347,294.814,0.0347,A
92,sa1/customer-feedback,48388.15,3650.36,7135.73,0.0,0,302484,52669.1141,207.2403,294.814,64.7,A
92,sa2/customer-feedback,48959.11,3551.04,7042.56,0.0,0,395884,68932.1073,209.6856,294.814,96.3,A
92,sa3/customer-feedback,48344.17,3476.44,6978.61,0.0,0,519397,90438.4359,207.0519,294.814,129.0,A
93,hotel/consul,15.78,33.25,201.79,0.0,0,8522,1467.4666,1.4347,285.5957,0.0442,A
93,hotel/frontend,4998.33,113.09,1119.14,0.0,0,56149,9668.7139,28.3116,285.5957,21.1,A
93,hotel/geo,872.04,23.02,1119.06,0.0,0,13280,2286.782,4.9394,285.5957,2.79,A
93,hotel/jaeger,1.28,14.88,81.01,0.0,0,2740,471.821,1.4347,1.525,0.0,A
93,hotel/memcached-profile,152.24,8.67,79.25,0.0,0,8453,1455.5849,1.4347,285.5957,0.486,A
93,hotel/memcached-rate,109.19,7.73,79.25,0.0,0,12185,2098.2258,1.4347,285.5957,0.332,A
93,hotel/memcached-reserve,142.2,7.16,79.25,0.0,0,5357,922.4617,1.4347,285.5957,0.486,A
93,hotel/mongodb-geo,10.56,170.91,400.43,0.0234,2,757,326.4791,1.4347,285.5957,0.0442,A
93,hotel/mongodb-profile,10.74,172.29,400.43,0.0234,2,476,326.4791,1.4347,285.5957,0.0442,A
93,hotel/mongodb-rate,9.54,172.07,400.43,0.0,0,261,326.4791,1.4347,1.525,0.0221,A
93,hotel/mongodb-recommendation,10.46,170.5,400.43,0.0234,2,191,326.4791,1.4347,285.5957,0.0442,A
93,hotel/mongodb-reservation,4006.45,294.55,400.43,0.0117,6,2484105,427756.5164,22.6934,285.5957,11.6,A
93,hotel/mongodb-user,10.43,171.07,400.43,0.0,0,790,326.4791,1.4347,285.5957,0.0442,A
93,hotel/profile,1901.14,40.75,1119.06,0.0,0,25900,4459.9136,10.7685,285.5957,6.96,A
93,hotel/rate,1060.68,30.63,1119.14,0.0,0,15569,2680.9419,6.0079,285.5957,3.18,A
93,hotel/recommendation,555.34,24.46,1119.06,0.0,0,15176,2613.2683,3.1456,285.5957,1.77,A
93,hotel/reservation,1231.99,140.11,1119.06,0.0,0,24304,4185.0865,6.9783,285.5957,4.24,A
93,hotel/search,2142.53,34.12,1119.06,0.0,0,24310,4186.1197,12.1357,285.5957,7.6,A
93,hotel/user,24.48,18.11,1119.06,0.0,0,8375,1442.1535,1.4347,285.5957,0.0884,A
93,hotel2/consul,15.17,29.37,201.79,0.0,0,8837,1521.7088,1.4347,285.5957,0.0442,A
93,hotel2/frontend,4064.24,97.17,1119.14,0.0,0,73167,12599.1699,23.0207,285.5957,13.7,A
93,hotel2/geo,678.64,22.97,1119.06,0.0,0,19579,3371.4536,3.844,285.5957,1.88,A
93,hotel2/jaeger,0.24,14.9,81.01,0.0,0,0,326.4791,1.4347,1.525,0.0,A
93,hotel2/memcached-profile,116.35,7.7,79.25,0.0,0,9659,1663.2551,1.4347,285.5957,0.332,A
93,hotel2/memcached-rate,90.11,7.45,79.25,0.0,0,9340,1608.3241,1.4347,285.5957,0.265,A
93,hotel2/memcached-reserve,100.76,7.1,79.25,0.0,0,4044,696.3664,1.4347,285.5957,0.265,A
93,hotel2/mongodb-geo,9.77,165.07,400.43,0.0,0,233,326.4791,1.4347,1.525,0.0221,A
93,hotel2/mongodb-profile,9.77,164.77,400.43,0.0,0,772,326.4791,1.4347,1.525,0.0221,A
93,hotel2/mongodb-rate,9.59,164.41,400.43,0.0,0,1352,326.4791,1.4347,1.525,0.0442,A
93,hotel2/mongodb-recommendation,10.14,163.11,400.43,0.0273,2,3254,560.3305,1.4347,285.5957,0.0442,A
93,hotel2/mongodb-reservation,3990.59,285.12,400.43,0.0586,6,2476208,426396.6732,22.6036,285.5957,12.3,A
93,hotel2/mongodb-user,9.42,163.72,400.43,0.0,0,2017,347.3222,1.4347,1.525,0.0221,A
93,hotel2/profile,1412.19,41.35,1119.06,0.0,0,17444,3003.8121,7.9989,285.5957,3.96,A
93,hotel2/rate,864.2,28.4,1119.14,0.0,0,17410,2997.9574,4.895,285.5957,2.25,A
93,hotel2/recommendation,456.53,20.8,1119.06,0.0,0,11402,1963.3952,2.5859,285.5957,1.28,A
93,hotel2/reservation,994.03,137.12,1119.06,0.0,0,12209,2102.3585,5.6304,285.5957,2.7,A
93,hotel2/search,1719.33,28.91,1119.06,0.0,0,21604,3720.1534,9.7387,285.5957,4.84,A
93,hotel2/user,21.11,17.45,1119.06,0.0,0,4069,700.6714,1.4347,285.5957,0.0442,A
93,sa1/customer-feedback,48521.9,3654.11,7135.73,3.9297,40,184281,31732.716,274.8384,285.5957,96.9,A
93,sa2/customer-feedback,39552.25,3551.86,7042.56,3.7891,36,273222,47048.1284,224.0324,285.5957,58.4,A
93,sa3/customer-feedback,40788.41,3476.75,6978.61,3.6719,36,365223,62890.4648,231.0343,285.5957,85.5,A
94,hotel/consul,12.48,33.25,201.79,0.0,0,22094,3500.47,1.4347,280.296,0.0267,A
94,hotel/frontend,3231.79,112.91,1119.14,0.0,0,62140,9845.1709,9.5118,280.296,5.62,A
94,hotel/geo,655.0,24.0,1119.06,0.0,0,43930,6960.0637,1.9278,280.296,1.21,A
94,hotel/jaeger,0.23,14.88,81.01,0.0,0,0,326.4791,1.4347,1.525,0.0,A
94,hotel/memcached-profile,121.36,7.68,79.25,0.0,0,18746,2970.0286,1.4347,280.296,0.227,A
94,hotel/memcached-rate,79.9,7.47,79.25,0.0,0,16453,2606.7364,1.4347,280.296,0.147,A
94,hotel/memcached-reserve,107.19,7.16,79.25,0.0,0,7872,1247.2029,1.4347,280.296,0.2,A
94,hotel/mongodb-geo,6.41,170.84,400.43,0.0,0,759,326.4791,1.4347,1.525,0.0134,A
94,hotel/mongodb-profile,7.84,172.54,400.43,0.0,0,1561,326.4791,1.4347,1.525,0.0134,A
94,hotel/mongodb-rate,7.31,172.07,400.43,0.0273,2,2802,443.9358,1.4347,1.525,0.0134,A
94,hotel/mongodb-recommendation,8.29,170.25,400.43,0.0,0,1044,326.4791,1.4347,1.525,0.0134,A
94,hotel/mongodb-reservation,3993.14,294.8,400.43,0.0859,20,2818565,446560.255,11.7526,280.296,7.48,A
94,hotel/mongodb-user,8.94,170.88,400.43,0.0234,2,1179,326.4791,1.4347,1.525,0.0134,A
94,hotel/profile,1195.78,41.39,1119.06,0.0,0,36572,5794.2966,3.5194,280.296,2.44,A
94,hotel/rate,754.08,29.68,1119.14,0.0,0,39053,6187.3747,2.2194,280.296,1.46,A
94,hotel/recommendation,457.75,22.95,1119.06,0.0,0,22484,3562.2598,1.4347,280.296,0.921,A
94,hotel/reservation,913.34,141.18,1119.06,0.0,0,34581,5478.8519,2.6881,280.296,1.86,A
94,hotel/search,1461.09,32.12,1119.06,0.0,0,45618,7227.5025,4.3003,280.296,2.94,A
94,hotel/user,24.39,18.62,1119.06,0.0,0,8224,1302.9721,1.4347,280.296,0.0401,A
94,hotel2/consul,12.32,29.37,201.79,0.0,0,17178,2721.602,1.4347,280.296,0.0267,A
94,hotel2/frontend,2202.49,99.74,1119.14,0.0,0,49340,7817.1988,6.4824,280.296,3.22,A
94,hotel2/geo,531.56,24.62,1119.06,0.0,0,31909,5055.5127,1.5645,280.296,0.814,A
94,hotel2/jaeger,0.24,14.9,81.01,0.0,0,0,326.4791,1.4347,1.525,0.0,A
94,hotel2/memcached-profile,84.2,7.95,79.25,0.0,0,22330,3537.8608,1.4347,280.296,0.134,A
94,hotel2/memcached-rate,64.14,7.45,79.25,0.0,0,16448,2605.9442,1.4347,280.296,0.0801,A
94,hotel2/memcached-reserve,73.4,7.1,79.25,0.0,0,6935,1098.749,1.4347,280.296,0.107,A
94,hotel2/mongodb-geo,9.02,165.07,400.43,0.0273,2,2323,368.0453,1.4347,1.525,0.0267,A
94,hotel2/mongodb-profile,9.28,164.77,400.43,0.0273,2,1393,326.4791,1.4347,1.525,0.0134,A
94,hotel2/mongodb-rate,6.99,164.41,400.43,0.0273,2,3691,584.7848,1.4347,1.525,0.0134,A
94,hotel2/mongodb-recommendation,6.48,163.3,400.43,0.0,0,478,326.4791,1.4347,1.525,0.0267,A
94,hotel2/mongodb-reservation,4005.42,284.31,400.43,0.0078,4,2842139,450295.2093,11.7887,280.296,6.94,A
94,hotel2/mongodb-user,7.37,163.72,400.43,0.0273,2,2344,371.3724,1.4347,1.525,0.0134,A
94,hotel2/profile,926.26,40.78,1119.06,0.0,0,40620,6435.6428,2.7262,280.296,1.38,A
94,hotel2/rate,581.58,27.19,1119.14,0.0,0,29651,4697.7658,1.7117,280.296,0.908,A
94,hotel2/recommendation,359.62,21.09,1119.06,0.0,0,24880,3941.8708,1.4347,280.296,0.521,A
94,hotel2/reservation,667.91,137.07,1119.06,0.0,0,39614,6276.2569,1.9658,280.296,0.975,A
94,hotel2/search,1093.06,28.81,1119.06,0.0,0,53072,8408.4794,3.2171,280.296,1.71,A
94,hotel2/user,16.45,17.45,1119.06,0.0,0,10968,1737.7186,1.4347,280.296,0.0267,A
94,sa1/customer-feedback,74342.55,3654.74,7135.73,0.0,0,449707,71249.4736,218.8047,280.296,133.0,A
94,sa2/customer-feedback,53993.2,3551.34,7042.56,0.0,0,1211735,191981.6256,158.9125,280.296,95.4,A
94,sa3/customer-feedback,58692.67,3476.28,6978.61,0.0,0,1014198,160684.7873,172.744,280.296,109.0,A
95,hotel/consul,13.97,33.25,201.79,0.0,0,10115,1710.7287,1.4347,302.8313,0.0334,A
95,hotel/frontend,3528.24,111.24,1119.14,0.0,0,64368,10886.4245,14.2793,302.8313,7.53,A
95,hotel/geo,671.32,25.88,1119.06,0.0,0,25710,4348.2783,2.7169,302.8313,1.69,A
95,hotel/jaeger,0.27,14.88,81.01,0.0,0,0,326.4791,1.4347,1.525,0.0,A
95,hotel/memcached-profile,133.47,8.2,79.25,0.0,0,13234,2238.2386,1.4347,302.8313,0.284,A
95,hotel/memcached-rate,87.62,7.47,79.25,0.0,0,11985,2026.9979,1.4347,302.8313,0.2,A
95,hotel/memcached-reserve,114.18,7.17,79.25,0.0,0,9009,1523.6732,1.4347,302.8313,0.234,A
95,hotel/mongodb-geo,9.03,170.65,400.43,0.0234,2,819,326.4791,1.4347,1.525,0.0167,A
95,hotel/mongodb-profile,9.43,172.47,400.43,0.0234,2,881,326.4791,1.4347,1.525,0.0167,A
95,hotel/mongodb-rate,7.14,171.88,400.43,0.0,0,2208,373.4344,1.4347,1.525,0.0167,A
95,hotel/mongodb-recommendation,9.47,170.51,400.43,0.0234,2,1572,326.4791,1.4347,1.525,0.0501,A
95,hotel/mongodb-reservation,3997.18,294.58,400.43,0.0039,2,2487909,420774.8193,16.1771,302.8313,9.34,A
95,hotel/mongodb-user,8.57,170.88,400.43,0.0,0,3024,511.4428,1.4347,1.525,0.0334,A
95,hotel/profile,1332.11,39.86,1119.06,0.0,0,34525,5839.1407,5.3912,302.8313,3.07,A
95,hotel/rate,864.63,32.32,1119.14,0.0,0,29639,5012.7818,3.4993,302.8313,1.95,A
95,hotel/recommendation,487.11,24.71,1119.06,0.0,0,24725,4181.6873,1.9714,302.8313,1.14,A
95,hotel/reservation,921.37,141.13,1119.06,0.0,0,31991,5410.5706,3.7289,302.8313,2.04,A
95,hotel/search,1527.71,31.4,1119.06,0.0,0,42875,7251.3586,6.1829,302.8313,3.37,A
95,hotel/user,24.56,17.57,1119.06,0.0,0,9508,1608.0681,1.4347,302.8313,0.0501,A
95,hotel2/consul,13.44,29.37,201.79,0.0,0,12762,2158.4102,1.4347,302.8313,0.0167,A
95,hotel2/frontend,2867.76,98.85,1119.14,0.0,0,46183,7810.8337,11.6062,302.8313,5.6,A
95,hotel2/geo,615.52,23.02,1119.06,0.0,0,25426,4300.2459,2.4911,302.8313,1.19,A
95,hotel2/jaeger,0.18,14.9,81.01,0.0,0,5696,963.3525,1.4347,1.525,0.0,A
95,hotel2/memcached-profile,104.32,7.7,79.25,0.0,0,12420,2100.5685,1.4347,302.8313,0.2,A
95,hotel2/memcached-rate,76.43,7.45,79.25,0.0,0,13263,2243.1433,1.4347,302.8313,0.134,A
95,hotel2/memcached-reserve,97.46,7.12,79.25,0.0,0,6362,1075.9917,1.4347,302.8313,0.167,A
95,hotel2/mongodb-geo,9.19,165.07,400.43,0.0,0,1235,326.4791,1.4347,1.525,0.0501,A
95,hotel2/mongodb-profile,9.52,165.52,400.43,0.0547,14,1486,326.4791,1.4347,1.525,0.0334,A
95,hotel2/mongodb-rate,7.38,164.59,400.43,0.0,0,354,326.4791,1.4347,1.525,0.0167,A
95,hotel2/mongodb-recommendation,8.57,163.11,400.43,0.0273,2,1031,326.4791,1.4347,1.525,0.0167,A
95,hotel2/mongodb-reservation,4001.96,284.8,400.43,0.0703,4,2541849,429897.5782,16.1965,302.8313,8.69,A
95,hotel2/mongodb-user,7.69,163.91,400.43,0.0,0,810,326.4791,1.4347,1.525,0.0,A
95,hotel2/profile,1079.65,40.16,1119.06,0.0,0,31652,5353.2362,4.3695,302.8313,2.22,A
95,hotel2/rate,694.9,28.54,1119.14,0.0,0,25666,4340.8366,2.8124,302.8313,1.44,A
95,hotel2/recommendation,402.55,21.08,1119.06,0.0,0,18341,3101.9748,1.6292,302.8313,0.768,A
95,hotel2/reservation,807.53,136.11,1119.06,0.0,0,26123,4418.1281,3.2682,302.8313,1.49,A
95,hotel2/search,1400.74,27.64,1119.06,0.0,0,34789,5883.7904,5.669,302.8313,2.82,A
95,hotel2/user,20.0,17.45,1119.06,0.0,0,8053,1361.987,1.4347,302.8313,0.0334,A
95,sa1/customer-feedback,67533.87,3655.37,7135.73,0.0,0,384595,65045.7439,273.3188,302.8313,85.0,A
95,sa2/customer-feedback,51673.44,3551.92,7042.56,0.0,0,976916,165223.7495,209.1295,302.8313,143.0,A
95,sa3/customer-feedback,52005.33,3476.1,6978.61,0.0,0,925665,156555.7756,210.4727,302.8313,166.0,A
96,hotel/consul,12.83,33.25,201.79,0.0,0,14327,2316.0902,1.4347,306.3222,0.0464,A
96,hotel/frontend,4073.26,113.55,1119.14,0.0,0,68055,11001.7114,13.9313,306.3222,7.83,A
96,hotel/geo,728.78,23.48,1119.06,0.0,0,35700,5771.2306,2.4926,306.3222,1.45,A
96,hotel/jaeger,0.2,14.88,81.01,0.0,0,3929,635.1587,1.4347,1.525,0.0,A
96,hotel/memcached-profile,144.68,7.72,79.25,0.0,0,19819,3203.9221,1.4347,306.3222,0.263,A
96,hotel/memcached-rate,95.13,7.49,79.25,0.0,0,20575,3326.1364,1.4347,306.3222,0.155,A
96,hotel/memcached-reserve,132.27,7.19,79.25,0.0,0,7588,1226.6694,1.4347,306.3222,0.232,A
96,hotel/mongodb-geo,8.4,170.65,400.43,0.0,0,763,326.4791,1.4347,1.525,0.0155,A
96,hotel/mongodb-profile,7.03,172.29,400.43,0.0,0,1107,326.4791,1.4347,1.525,0.0155,A
96,hotel/mongodb-rate,7.5,171.89,400.43,0.0273,2,818,326.4791,1.4347,1.525,0.031,A
96,hotel/mongodb-recommendation,8.21,170.51,400.43,0.0,0,496,326.4791,1.4347,1.525,0.031,A
96,hotel/mongodb-reservation,4000.98,294.41,400.43,0.0469,4,2553931,412866.2361,13.684,306.3222,8.0,A
96,hotel/mongodb-user,8.85,170.88,400.43,0.0234,2,3943,637.4219,1.4347,1.525,0.0155,A
96,hotel/profile,1503.9,41.6,1119.06,0.0,0,46235,7474.3094,5.1436,306.3222,2.77,A
96,hotel/rate,914.41,32.54,1119.14,0.0,0,42134,6811.3453,3.1274,306.3222,1.78,A
96,hotel/recommendation,545.24,23.99,1119.06,0.0,0,23400,3782.8234,1.8648,306.3222,1.07,A
96,hotel/reservation,1110.91,140.83,1119.06,0.0,0,34688,5607.6315,3.7995,306.3222,1.97,A
96,hotel/search,1718.86,34.81,1119.06,0.0,0,42095,6805.0406,5.8788,306.3222,3.22,A
96,hotel/user,30.45,17.57,1119.06,0.0,0,8462,1367.9595,1.4347,306.3222,0.0619,A
96,hotel2/consul,12.56,29.4,201.79,0.0,0,18762,3033.0484,1.4347,306.3222,0.031,A
96,hotel2/frontend,2679.15,98.86,1119.14,0.0,0,52405,8471.7461,9.1632,306.3222,5.87,A
96,hotel2/geo,589.73,23.61,1119.06,0.0,0,29626,4789.3131,2.017,306.3222,1.24,A
96,hotel2/jaeger,0.21,14.9,81.01,0.0,0,1160,326.4791,1.4347,1.525,0.0,A
96,hotel2/memcached-profile,95.08,7.7,79.25,0.0,0,18789,3037.4132,1.4347,306.3222,0.186,A
96,hotel2/memcached-rate,68.95,7.45,79.25,0.0,0,20140,3255.8147,1.4347,306.3222,0.139,A
96,hotel2/memcached-reserve,83.86,7.11,79.25,0.0,0,9303,1503.9148,1.4347,306.3222,0.17,A
96,hotel2/mongodb-geo,9.61,165.07,400.43,0.0859,16,3881,627.399,1.4347,1.525,0.0155,A
96,hotel2/mongodb-profile,9.1,164.77,400.43,0.0273,2,2904,469.4581,1.4347,1.525,0.031,A
96,hotel2/mongodb-rate,7.78,164.41,400.43,0.0742,12,1456,326.4791,1.4347,1.525,0.0155,A
96,hotel2/mongodb-recommendation,7.04,163.11,400.43,0.0508,12,468,326.4791,1.4347,1.525,0.031,A
96,hotel2/mongodb-reservation,3998.73,284.36,400.43,0.0078,4,2829042,457340.438,13.6763,306.3222,8.09,A
96,hotel2/mongodb-user,8.41,163.91,400.43,0.1016,16,1929,326.4791,1.4347,1.525,0.031,A
96,hotel2/profile,980.82,41.36,1119.06,0.0,0,32263,5215.6082,3.3546,306.3222,1.97,A
96,hotel2/rate,667.24,27.9,1119.14,0.0,0,29621,4788.5048,2.2821,306.3222,1.33,A
96,hotel2/recommendation,384.63,21.76,1119.06,0.0,0,24626,3981.0175,1.4347,306.3222,0.836,A
96,hotel2/reservation,775.77,136.37,1119.06,0.0,0,31076,5023.7188,2.6533,306.3222,1.69,A
96,hotel2/search,1223.1,28.5,1119.06,0.0,0,46424,7504.863,4.1832,306.3222,2.57,A
96,hotel2/user,16.03,17.45,1119.06,0.0,0,9008,1456.2253,1.4347,306.3222,0.031,A
96,sa1/customer-feedback,77903.89,3653.11,7135.73,0.0,0,412524,66688.2665,266.4448,306.3222,99.8,A
96,sa2/customer-feedback,59138.9,3550.89,7042.56,0.0,0,1088242,175924.2432,202.2653,306.3222,141.0,A
96,sa3/customer-feedback,47732.66,3475.82,6978.61,0.0,0,1004996,162466.7682,163.254,306.3222,128.0,A
97,hotel/consul,13.75,33.25,201.79,0.0,0,11990,2171.8229,1.4347,323.6374,0.036,A
97,hotel/frontend,4589.04,118.02,1119.14,0.0,0,59213,10725.617,21.7624,323.6374,11.2,A
97,hotel/geo,808.93,24.37,1119.06,0.0,0,23982,4344.008,3.8361,323.6374,1.77,A
97,hotel/jaeger,0.24,14.88,81.01,0.0,0,0,326.4791,1.4347,1.525,0.0,A
97,hotel/memcached-profile,160.94,7.94,79.25,0.0,0,12287,2225.6203,1.4347,323.6374,0.378,A
97,hotel/memcached-rate,101.88,7.5,79.25,0.0,0,13846,2508.0116,1.4347,323.6374,0.234,A
97,hotel/memcached-reserve,151.62,7.43,79.25,0.0,0,9096,1647.6147,1.4347,323.6374,0.378,A
97,hotel/mongodb-geo,9.66,170.65,400.43,0.043,4,8085,1464.4861,1.4347,1.525,0.054,A
97,hotel/mongodb-profile,10.23,172.29,400.43,0.0234,2,1472,326.4791,1.4347,323.6374,0.018,A
97,hotel/mongodb-rate,7.53,172.07,400.43,0.0,0,1549,326.4791,1.4347,1.525,0.036,A
97,hotel/mongodb-recommendation,9.37,170.25,400.43,0.0352,4,3868,700.6348,1.4347,1.525,0.036,A
97,hotel/mongodb-reservation,3995.44,294.46,400.43,0.0234,12,2361182,427695.5023,18.9474,323.6374,9.56,A
97,hotel/mongodb-user,9.64,170.88,400.43,0.0,0,3286,595.2135,1.4347,1.525,0.054,A
97,hotel/profile,1689.33,44.16,1119.06,0.0,0,36948,6692.6198,8.0112,323.6374,4.05,A
97,hotel/rate,1044.65,32.63,1119.14,0.0,0,26939,4879.6277,4.954,323.6374,2.27,A
97,hotel/recommendation,534.02,22.47,1119.06,0.0,0,21102,3822.3358,2.5325,323.6374,1.19,A
97,hotel/reservation,1312.48,142.78,1119.06,0.0,0,30104,5452.9237,6.2241,323.6374,3.06,A
97,hotel/search,1990.89,31.21,1119.06,0.0,0,39871,7222.0809,9.4413,323.6374,4.86,A
97,hotel/user,33.79,17.83,1119.06,0.0,0,12793,2317.2752,1.4347,323.6374,0.072,A
97,hotel2/consul,13.51,29.4,201.79,0.0,0,15525,2812.1393,1.4347,323.6374,0.054,A
97,hotel2/frontend,2877.58,98.99,1119.14,0.0,0,46689,8457.0674,13.6462,323.6374,8.36,A
97,hotel2/geo,623.73,24.34,1119.06,0.0,0,25199,4564.4508,2.9579,323.6374,1.57,A
97,hotel2/jaeger,1.16,14.9,81.01,0.0,0,41,326.4791,1.4347,1.525,0.0,A
97,hotel2/memcached-profile,110.0,7.95,79.25,0.0,0,13310,2410.9226,1.4347,323.6374,0.288,A
97,hotel2/memcached-rate,80.96,7.45,79.25,0.0,0,12341,2235.4017,1.4347,323.6374,0.216,A
97,hotel2/memcached-reserve,103.25,7.11,79.25,0.0,0,5040,912.9264,1.4347,323.6374,0.288,A
97,hotel2/mongodb-geo,8.74,165.07,400.43,0.0,0,485,326.4791,1.4347,1.525,0.036,A
97,hotel2/mongodb-profile,8.5,164.77,400.43,0.0,0,2244,406.4696,1.4347,1.525,0.018,A
97,hotel2/mongodb-rate,7.75,164.59,400.43,0.0,0,5955,1078.666,1.4347,1.525,0.018,A
97,hotel2/mongodb-recommendation,8.68,163.11,400.43,0.0273,2,650,326.4791,1.4347,1.525,0.036,A
97,hotel2/mongodb-reservation,3994.15,284.81,400.43,0.0625,8,2517242,455963.6155,18.9413,323.6374,9.37,A
97,hotel2/mongodb-user,7.44,163.72,400.43,0.0,0,1596,326.4791,1.4347,1.525,0.036,A
97,hotel2/profile,1165.91,40.3,1119.06,0.0,0,29974,5429.376,5.529,323.6374,2.92,A
97,hotel2/rate,716.37,27.55,1119.14,0.0,0,27299,4944.8367,3.3972,323.6374,1.8,A
97,hotel2/recommendation,429.2,20.76,1119.06,0.0,0,16118,2919.553,2.0354,323.6374,1.03,A
97,hotel2/reservation,890.07,135.04,1119.06,0.0,0,29010,5254.7608,4.2209,323.6374,2.7,A
97,hotel2/search,1439.64,29.68,1119.06,0.0,0,38065,6894.9489,6.8271,323.6374,3.62,A
97,hotel2/user,18.15,17.45,1119.06,0.0,0,6119,1108.3723,1.4347,323.6374,0.036,A
97,sa1/customer-feedback,56879.88,3655.53,7135.73,0.0,0,743635,134699.2078,269.7385,323.6374,110.0,A
97,sa2/customer-feedback,60564.61,3550.19,7042.56,0.0,0,499706,90514.839,287.2124,323.6374,137.0,A
97,sa3/customer-feedback,48439.71,3477.39,6978.61,0.0,0,705459,127784.1528,229.7131,323.6374,64.0,A
98,hotel/consul,14.18,33.25,201.79,0.0,0,13268,2275.9971,1.4347,339.7742,0.033,A
98,hotel/frontend,4909.14,116.19,1119.14,0.0,0,105703,18132.3272,22.2953,339.7742,9.4,A
98,hotel/geo,851.18,23.89,1119.06,0.0,0,31875,5467.8479,3.8657,339.7742,1.7,A
98,hotel/jaeger,0.25,14.88,81.01,0.0,0,4146,711.2062,1.4347,1.525,0.0,A
98,hotel/memcached-profile,163.89,7.68,79.25,0.0,0,12489,2142.3671,1.4347,339.7742,0.346,A
98,hotel/memcached-rate,112.43,7.47,79.25,0.0,0,11697,2006.5072,1.4347,339.7742,0.231,A
98,hotel/memcached-reserve,157.01,7.18,79.25,0.0,0,8149,1397.8821,1.4347,339.7742,0.346,A
98,hotel/mongodb-geo,7.09,170.65,400.43,0.0,0,2102,360.5778,1.4347,1.525,0.033,A
98,hotel/mongodb-profile,8.31,172.29,400.43,0.0,0,1692,326.4791,1.4347,1.525,0.033,A
98,hotel/mongodb-rate,7.77,171.88,400.43,0.0273,2,1468,326.4791,1.4347,1.525,0.0165,A
98,hotel/mongodb-recommendation,8.64,170.25,400.43,0.0,0,2282,391.455,1.4347,1.525,0.033,A
98,hotel/mongodb-reservation,4079.81,294.76,400.43,0.0898,12,2522478,432706.7019,18.5288,339.7742,8.89,A
98,hotel/mongodb-user,9.5,170.88,400.43,0.0352,4,1130,326.4791,1.4347,1.525,0.033,A
98,hotel/profile,1762.56,46.09,1119.06,0.0,0,49291,8455.3943,8.0048,339.7742,3.1,A
98,hotel/rate,1100.79,33.03,1119.14,0.0,0,32947,5651.7392,4.9993,339.7742,2.14,A
98,hotel/recommendation,607.98,25.04,1119.06,0.0,0,20350,3490.8457,2.7612,339.7742,1.37,A
98,hotel/reservation,1202.14,141.64,1119.06,0.0,0,40670,6976.5451,5.4596,339.7742,2.65,A
98,hotel/search,1984.27,36.05,1119.06,0.0,0,42060,7214.9862,9.0117,339.7742,3.71,A
98,hotel/user,39.65,17.64,1119.06,0.0,0,5008,859.074,1.4347,339.7742,0.0824,A
98,hotel2/consul,13.88,29.41,201.79,0.0,0,13185,2261.7592,1.4347,339.7742,0.0495,A
98,hotel2/frontend,3408.74,98.98,1119.14,0.0,0,48422,8306.3257,15.4811,339.7742,5.01,A
98,hotel2/geo,646.86,23.45,1119.06,0.0,0,24924,4275.4711,2.9378,339.7742,1.19,A
98,hotel2/jaeger,0.19,14.9,81.01,0.0,0,1061,326.4791,1.4347,1.525,0.0,A
98,hotel2/memcached-profile,107.49,7.69,79.25,0.0,0,14599,2504.3172,1.4347,339.7742,0.181,A
98,hotel2/memcached-rate,81.8,7.69,79.25,0.0,0,12851,2204.4647,1.4347,339.7742,0.148,A
98,hotel2/memcached-reserve,103.05,7.09,79.25,0.0,0,5597,960.1112,1.4347,339.7742,0.165,A
98,hotel2/mongodb-geo,9.47,165.07,400.43,0.0273,2,5218,895.0974,1.4347,1.525,0.0165,A
98,hotel2/mongodb-profile,9.29,164.77,400.43,0.0273,2,1266,326.4791,1.4347,1.525,0.0165,A
98,hotel2/mongodb-rate,7.52,164.41,400.43,0.0508,4,1687,326.4791,1.4347,1.525,0.0165,A
98,hotel2/mongodb-recommendation,6.88,163.11,400.43,0.0,0,1366,326.4791,1.4347,1.525,0.0165,A
98,hotel2/mongodb-reservation,4008.78,284.71,400.43,0.0039,2,2802439,480731.3034,18.2063,339.7742,8.61,A
98,hotel2/mongodb-user,8.1,163.72,400.43,0.0273,2,565,326.4791,1.4347,1.525,0.0165,A
98,hotel2/profile,1237.44,44.49,1119.06,0.0,0,41134,7056.1398,5.6199,339.7742,2.08,A
98,hotel2/rate,810.49,28.89,1119.14,0.0,0,28113,4822.5132,3.6809,339.7742,1.34,A
98,hotel2/recommendation,425.0,21.02,1119.06,0.0,0,18504,3174.1822,1.9302,339.7742,0.808,A
98,hotel2/reservation,888.14,136.35,1119.06,0.0,0,25416,4359.869,4.0336,339.7742,1.52,A
98,hotel2/search,1435.99,31.86,1119.06,0.0,0,40521,6950.9856,6.5217,339.7742,2.47,A
98,hotel2/user,20.15,17.45,1119.06,0.0,0,12242,2099.9967,1.4347,339.7742,0.0495,A
98,sa1/customer-feedback,48277.76,3654.92,7135.73,0.0,0,524882,90038.4301,219.258,339.7742,138.0,A
98,sa2/customer-feedback,59190.09,3551.03,7042.56,0.0,0,616117,105688.9119,268.8173,339.7742,132.0,A
98,sa3/customer-feedback,53898.24,3478.55,6978.61,0.0,0,535387,91840.4612,244.7839,339.7742,123.0,A
99,hotel/consul,18.3,33.25,201.79,0.0,0,6127,1078.3107,1.4347,307.23,0.0577,A
99,hotel/frontend,6757.23,111.45,1119.14,0.0,0,185783,32696.556,44.9008,307.23,20.4,A
99,hotel/geo,888.03,24.53,1119.06,0.0,0,12416,2185.1323,5.9008,307.23,2.5,A
99,hotel/jaeger,0.33,14.88,81.01,0.0,0,0,326.4791,1.4347,1.525,0.0,A
99,hotel/memcached-profile,185.85,7.98,79.25,0.0,0,9071,1596.4349,1.4347,307.23,0.5,A
99,hotel/memcached-rate,130.81,7.48,79.25,0.0,0,11664,2052.7854,1.4347,307.23,0.366,A
99,hotel/memcached-reserve,167.31,7.17,79.25,0.0,0,3830,674.0542,1.4347,307.23,0.5,A
99,hotel/mongodb-geo,10.47,170.84,400.43,0.0234,2,1508,326.4791,1.4347,307.23,0.0385,A
99,hotel/mongodb-profile,10.39,172.29,400.43,0.0273,4,1728,326.4791,1.4347,307.23,0.0385,A
99,hotel/mongodb-rate,9.41,171.88,400.43,0.0,0,1042,326.4791,1.4347,1.525,0.0577,A
99,hotel/mongodb-recommendation,10.39,170.26,400.43,0.0234,2,801,326.4791,1.4347,307.23,0.0577,A
99,hotel/mongodb-reservation,3990.42,294.78,400.43,0.0117,6,2407123,423637.426,26.5157,307.23,10.1,A
99,hotel/mongodb-user,9.8,170.88,400.43,0.0,0,360,326.4791,1.4347,1.525,0.0192,A
99,hotel/profile,2347.73,39.61,1119.06,0.0,0,29873,5257.4467,15.6003,307.23,6.47,A
99,hotel/rate,1311.63,30.6,1119.14,0.0,0,13628,2398.4362,8.7156,307.23,4.02,A
99,hotel/recommendation,696.15,22.03,1119.06,0.0,0,13243,2330.6788,4.6258,307.23,1.83,A
99,hotel/reservation,1446.83,140.12,1119.06,0.0,0,20472,3602.934,9.614,307.23,4.58,A
99,hotel/search,2309.38,36.17,1119.06,0.0,0,26646,4689.5164,15.3455,307.23,5.98,A
99,hotel/user,29.78,17.9,1119.06,0.0,0,7410,1304.1101,1.4347,307.23,0.0385,A
99,hotel2/consul,17.05,29.41,201.79,0.0,0,9208,1620.5459,1.4347,307.23,0.0385,A
99,hotel2/frontend,4163.74,98.43,1119.14,0.0,0,78107,13746.3056,27.6674,307.23,12.2,A
99,hotel2/geo,668.85,23.16,1119.06,0.0,0,12893,2269.0811,4.4444,307.23,1.79,A
99,hotel2/jaeger,0.23,14.9,81.01,0.0,0,2376,418.16,1.4347,1.525,0.0,A
99,hotel2/memcached-profile,120.73,7.97,79.25,0.0,0,7647,1345.8205,1.4347,307.23,0.366,A
99,hotel2/memcached-rate,91.71,7.45,79.25,0.0,0,8593,1512.3101,1.4347,307.23,0.25,A
99,hotel2/memcached-reserve,107.76,7.11,79.25,0.0,0,3654,643.0794,1.4347,307.23,0.308,A
99,hotel2/mongodb-geo,9.82,165.07,400.43,0.0,0,696,326.4791,1.4347,1.525,0.0385,A
99,hotel2/mongodb-profile,9.88,164.77,400.43,0.0,0,232,326.4791,1.4347,1.525,0.0385,A
99,hotel2/mongodb-rate,9.27,164.41,400.43,0.0,0,412,326.4791,1.4347,1.525,0.0192,A
99,hotel2/mongodb-recommendation,10.8,163.11,400.43,0.0273,2,248,326.4791,1.4347,307.23,0.0385,A
99,hotel2/mongodb-reservation,3993.55,284.82,400.43,0.082,10,2436983,428892.5847,26.5365,307.23,10.0,A
99,hotel2/mongodb-user,9.42,163.72,400.43,0.0,0,640,326.4791,1.4347,1.525,0.0577,A
99,hotel2/profile,1700.87,41.0,1119.06,0.0,0,19399,3414.0933,11.302,307.23,5.04,A
99,hotel2/rate,831.08,29.66,1119.14,0.0,0,13843,2436.2747,5.5224,307.23,2.62,A
99,hotel2/recommendation,452.35,22.39,1119.06,0.0,0,7574,1332.973,3.0058,307.23,1.19,A
99,hotel2/reservation,982.31,137.7,1119.06,0.0,0,60262,10605.7059,6.5273,307.23,3.0,A
99,hotel2/search,1642.81,30.27,1119.06,0.0,0,15276,2688.4731,10.9162,307.23,4.77,A
99,hotel2/user,19.18,17.45,1119.06,0.0,0,7995,1407.0661,1.4347,307.23,0.0577,A
99,sa1/customer-feedback,38330.49,3654.98,7135.73,3.7109,38,297083,52284.6059,254.7003,307.23,52.5,A
99,sa2/customer-feedback,34701.22,3553.55,7042.56,3.9297,38,157098,27648.1893,230.5844,307.23,65.3,A
99,sa3/customer-feedback,36639.21,3478.04,6978.61,3.7852,40,167590,29494.7106,243.462,307.23,62.7,A
100,hotel/consul,10.8,33.25,201.79,0.0,0,19999,3582.9741,1.4347,313.59,0.0094,A
100,hotel/frontend,4040.3,115.08,1119.14,0.0,0,69255,12407.5638,15.1361,313.59,5.84,A
100,hotel/geo,774.64,24.45,1119.06,0.0,0,20251,3628.1218,2.902,313.59,1.2,A
100,hotel/jaeger,0.22,14.88,81.01,0.0,0,1950,349.3574,1.4347,1.525,0.0,A
100,hotel/memcached-profile,145.64,7.96,79.25,0.0,0,10393,1861.9856,1.4347,313.59,0.225,A
100,hotel/memcached-rate,95.48,7.48,79.25,0.0,0,13775,2467.8968,1.4347,313.59,0.141,A
100,hotel/memcached-reserve,136.33,7.15,79.25,0.0,0,5673,1016.3614,1.4347,313.59,0.197,A
100,hotel/mongodb-geo,8.17,170.84,400.43,0.0,0,1749,326.4791,1.4347,1.525,0.0094,A
100,hotel/mongodb-profile,7.86,172.29,400.43,0.0,0,1614,326.4791,1.4347,1.525,0.0188,A
100,hotel/mongodb-rate,10.01,171.86,400.43,0.0273,2,449,326.4791,1.4347,313.59,0.0188,A
100,hotel/mongodb-recommendation,7.54,170.26,400.43,0.0,0,5001,895.9675,1.4347,1.525,0.0188,A
100,hotel/mongodb-reservation,3930.86,294.75,400.43,0.0586,8,2200305,394201.4968,14.7261,313.59,6.85,A
100,hotel/mongodb-user,8.17,170.88,400.43,0.0234,2,4181,749.0582,1.4347,1.525,0.0094,A
100,hotel/profile,1583.9,42.86,1119.06,0.0,0,28532,5111.7264,5.9337,313.59,2.11,A
100,hotel/rate,975.96,30.66,1119.14,0.0,0,21769,3900.0831,3.6562,313.59,1.38,A
100,hotel/recommendation,563.87,25.65,1119.06,0.0,0,16513,2958.4305,2.1124,313.59,0.872,A
100,hotel/reservation,1100.25,140.52,1119.06,0.0,0,24263,4346.9023,4.1218,313.59,1.58,A
100,hotel/search,1797.79,33.31,1119.06,0.0,0,31437,5632.1794,6.735,313.59,2.55,A
100,hotel/user,37.36,18.88,1119.06,0.0,0,6574,1177.7825,1.4347,313.59,0.0563,A
100,hotel2/consul,10.28,29.41,201.79,0.0,0,15051,2696.502,1.4347,313.59,0.0094,A
100,hotel2/frontend,2977.82,100.18,1119.14,0.0,0,54741,9807.2695,11.1557,313.59,3.98,A
100,hotel2/geo,621.42,24.06,1119.06,0.0,0,20413,3657.1453,2.328,313.59,0.909,A
100,hotel2/jaeger,0.21,14.9,81.01,0.0,0,969,326.4791,1.4347,1.525,0.0,A
100,hotel2/memcached-profile,108.22,8.2,79.25,0.0,0,15183,2720.1508,1.4347,313.59,0.159,A
100,hotel2/memcached-rate,81.77,7.45,79.25,0.0,0,14318,2565.1794,1.4347,313.59,0.113,A
100,hotel2/memcached-reserve,107.22,7.11,79.25,0.0,0,5893,1055.7761,1.4347,313.59,0.15,A
100,hotel2/mongodb-geo,8.74,165.26,400.43,0.0273,2,731,326.4791,1.4347,1.525,0.0094,A
100,hotel2/mongodb-profile,8.88,164.77,400.43,0.0273,2,433,326.4791,1.4347,1.525,0.0094,A
100,hotel2/mongodb-rate,9.14,164.41,400.43,0.0273,2,579,326.4791,1.4347,1.525,0.0094,A
100,hotel2/mongodb-recommendation,8.69,163.11,400.43,0.0,0,1373,326.4791,1.4347,1.525,0.0094,A
100,hotel2/mongodb-reservation,4010.25,284.38,400.43,0.0,0,2656588,475948.0917,15.0235,313.59,6.76,A
100,hotel2/mongodb-user,9.62,163.72,400.43,0.0312,2,3920,702.298,1.4347,1.525,0.0188,A
100,hotel2/profile,1208.81,41.79,1119.06,0.0,0,24592,4405.8452,4.5285,313.59,1.7,A
100,hotel2/rate,788.15,29.73,1119.14,0.0,0,17787,3186.6773,2.9526,313.59,1.08,A
100,hotel2/recommendation,432.61,20.92,1119.06,0.0,0,19028,3409.012,1.6207,313.59,0.647,A
100,hotel2/reservation,889.37,137.18,1119.06,0.0,0,26627,4770.431,3.3318,313.59,1.18,A
100,hotel2/search,1487.86,30.63,1119.06,0.0,0,30687,5497.8111,5.5739,313.59,1.92,A
100,hotel2/user,18.82,17.64,1119.06,0.0,0,9215,1650.9378,1.4347,313.59,0.0188,A
100,sa1/customer-feedback,46919.88,3655.83,7135.73,0.0,0,702113,125788.9227,175.775,313.59,91.5,A
100,sa2/customer-feedback,62915.41,3554.08,7042.56,0.0,0,722554,129451.0844,235.6988,313.59,127.0,A
100,sa3/customer-feedback,55871.17,3478.2,6978.61,0.0,0,454877,81494.6993,209.3091,313.59,101.0,A
101,hotel/consul,20.31,33.25,201.79,0.0,0,4557,794.0199,1.4347,278.1524,0.0604,A
101,hotel/frontend,5979.11,113.79,1119.14,0.0,0,175419,30565.3217,72.3179,278.1524,15.2,A
101,hotel/geo,854.94,23.42,1119.06,0.0,0,4716,821.7243,10.3406,278.1524,2.17,A
101,hotel/jaeger,0.4,14.88,81.01,0.0,0,0,326.4791,1.4347,1.525,0.0,A
101,hotel/memcached-profile,179.12,7.66,79.25,0.0,0,2753,479.6877,2.1665,278.1524,0.382,A
101,hotel/memcached-rate,113.12,7.46,79.25,0.0,0,3478,606.013,1.4347,278.1524,0.262,A
101,hotel/memcached-reserve,149.22,7.14,79.25,0.0,0,2215,385.9456,1.8048,278.1524,0.362,A
101,hotel/mongodb-geo,12.57,170.65,400.43,0.0781,14,138,326.4791,1.4347,278.1524,0.0402,A
101,hotel/mongodb-profile,11.56,172.29,400.43,0.0781,14,81,326.4791,1.4347,278.1524,0.0201,A
101,hotel/mongodb-rate,10.53,171.86,400.43,0.0,0,445,326.4791,1.4347,278.1524,0.0604,A
101,hotel/mongodb-recommendation,12.26,170.26,400.43,0.0391,8,101,326.4791,1.4347,278.1524,0.0201,A
101,hotel/mongodb-reservation,4070.36,294.74,400.43,0.0078,4,2531727,441132.661,49.2314,278.1524,10.5,A
101,hotel/mongodb-user,10.31,170.88,400.43,0.0,0,61,326.4791,1.4347,278.1524,0.0201,A
101,hotel/profile,2142.94,42.57,1119.06,0.0,0,9155,1595.1836,25.9191,278.1524,5.74,A
101,hotel/rate,1137.45,28.69,1119.14,0.0,0,5062,882.012,13.7576,278.1524,2.86,A
101,hotel/recommendation,566.21,25.27,1119.06,0.0,0,4469,778.6866,6.8484,278.1524,1.39,A
101,hotel/reservation,1290.4,139.5,1119.06,0.0,0,71104,12389.2887,15.6075,278.1524,3.06,A
101,hotel/search,2432.7,32.71,1119.06,0.0,0,8397,1463.1084,29.4237,278.1524,5.39,A
101,hotel/user,28.13,18.3,1119.06,0.0,0,1780,326.4791,1.4347,278.1524,0.0604,A
101,hotel2/consul,19.82,29.41,201.79,0.0,0,4024,701.149,1.4347,278.1524,0.0402,A
101,hotel2/frontend,6152.6,101.98,1119.14,0.0,0,129843,22624.0776,74.4163,278.1524,14.4,A
101,hotel2/geo,887.43,24.0,1119.06,0.0,0,4251,740.7019,10.7336,278.1524,2.19,A
101,hotel2/jaeger,0.26,14.9,81.01,0.0,0,0,326.4791,1.4347,1.525,0.0,A
101,hotel2/memcached-profile,157.77,7.96,79.25,0.0,0,2523,439.6121,1.9082,278.1524,0.402,A
101,hotel2/memcached-rate,129.69,7.45,79.25,0.0,0,2976,518.5436,1.5686,278.1524,0.322,A
101,hotel2/memcached-reserve,164.9,7.11,79.25,0.0,0,1513,326.4791,1.9945,278.1524,0.423,A
101,hotel2/mongodb-geo,10.23,165.07,400.43,0.0,0,178,326.4791,1.4347,278.1524,0.0604,A
101,hotel2/mongodb-profile,10.53,164.77,400.43,0.0,0,242,326.4791,1.4347,278.1524,0.0402,A
101,hotel2/mongodb-rate,10.2,164.41,400.43,0.0,0,684,326.4791,1.4347,278.1524,0.0402,A
101,hotel2/mongodb-recommendation,11.47,163.3,400.43,0.0352,4,859,326.4791,1.4347,278.1524,0.0402,A
101,hotel2/mongodb-reservation,3999.37,284.52,400.43,0.1719,22,2438979,424972.0828,48.3728,278.1524,10.5,A
101,hotel2/mongodb-user,10.03,163.72,400.43,0.0,0,168,326.4791,1.4347,278.1524,0.0201,A
101,hotel2/profile,2479.29,48.28,1119.06,0.0,0,18219,3174.5113,29.9872,278.1524,6.02,A
101,hotel2/rate,1241.04,29.74,1119.14,0.0,0,6287,1095.4582,15.0105,278.1524,3.04,A
101,hotel2/recommendation,610.62,21.9,1119.06,0.0,0,3445,600.263,7.3855,278.1524,1.53,A
101,hotel2/reservation,1262.33,137.23,1119.06,0.0,0,4832,841.9364,15.268,278.1524,2.76,A
101,hotel2/search,2288.67,35.18,1119.06,0.0,0,6633,1155.7458,27.6817,278.1524,5.9,A
101,hotel2/user,26.41,17.8,1119.06,0.0,0,2339,407.5516,1.4347,278.1524,0.0805,A
101,sa1/customer-feedback,22156.96,3656.84,7135.73,0.0,0,9342,1627.7669,267.9905,278.1524,53.1,A
101,sa2/customer-feedback,21512.12,3553.69,7042.56,0.0,0,10039,1749.2134,260.1911,278.1524,61.0,A
101,sa3/customer-feedback,23128.72,3480.56,6978.61,0.0,0,14541,2533.65,279.7441,278.1524,68.4,A
102,hotel/consul,15.96,33.25,201.79,0.0,0,8413,1403.5351,1.4347,347.8959,0.0339,A
102,hotel/frontend,5216.47,111.46,1119.14,0.0,0,58855,9818.7397,31.2026,347.8959,10.1,A
102,hotel/geo,822.26,25.8,1119.06,0.0,0,17525,2923.6838,4.9184,347.8959,1.31,A
102,hotel/jaeger,0.31,14.88,81.01,0.0,0,1134,326.4791,1.4347,1.525,0.0,A
102,hotel/memcached-profile,176.94,8.18,79.25,0.0,0,12779,2131.9119,1.4347,347.8959,0.327,A
102,hotel/memcached-rate,107.57,7.73,79.25,0.0,0,13378,2231.8427,1.4347,347.8959,0.192,A
102,hotel/memcached-reserve,154.18,7.16,79.25,0.0,0,4608,768.7495,1.4347,347.8959,0.282,A
102,hotel/mongodb-geo,8.59,170.84,400.43,0.0,0,647,326.4791,1.4347,1.525,0.0113,A
102,hotel/mongodb-profile,8.89,172.54,400.43,0.0,0,111,326.4791,1.4347,1.525,0.0226,A
102,hotel/mongodb-rate,10.09,171.86,400.43,0.0273,2,2416,403.0596,1.4347,347.8959,0.0339,A
102,hotel/mongodb-recommendation,9.17,170.51,400.43,0.0,0,526,326.4791,1.4347,1.525,0.0339,A
102,hotel/mongodb-reservation,3920.66,294.62,400.43,0.0586,8,2387310,398273.3057,23.4517,347.8959,5.9,A
102,hotel/mongodb-user,9.81,170.88,400.43,0.043,10,545,326.4791,1.4347,1.525,0.0226,A
102,hotel/profile,1959.88,43.06,1119.06,0.0,0,30946,5162.7002,11.7231,347.8959,3.88,A
102,hotel/rate,1139.18,35.09,1119.14,0.0,0,18757,3129.2176,6.8141,347.8959,2.0,A
102,hotel/recommendation,623.15,21.72,1119.06,0.0,0,9827,1639.4317,3.7274,347.8959,1.06,A
102,hotel/reservation,1378.19,139.76,1119.06,0.0,0,67401,11244.463,8.2437,347.8959,2.32,A
102,hotel/search,2164.89,32.12,1119.06,0.0,0,24240,4043.9427,12.9494,347.8959,3.71,A
102,hotel/user,30.34,18.29,1119.06,0.0,0,5190,865.8442,1.4347,347.8959,0.0564,A
102,hotel2/consul,16.15,29.41,201.79,0.0,0,8294,1383.6824,1.4347,347.8959,0.0339,A
102,hotel2/frontend,4745.94,97.9,1119.14,0.0,0,80313,13398.5632,28.3881,347.8959,9.2,A
102,hotel2/geo,782.5,24.46,1119.06,0.0,0,17475,2915.3424,4.6806,347.8959,1.4,A
102,hotel2/jaeger,0.24,14.9,81.01,0.0,0,0,326.4791,1.4347,1.525,0.0,A
102,hotel2/memcached-profile,132.01,8.45,79.25,0.0,0,10686,1782.7381,1.4347,347.8959,0.248,A
102,hotel2/memcached-rate,103.93,7.45,79.25,0.0,0,9812,1636.9293,1.4347,347.8959,0.203,A
102,hotel2/memcached-reserve,131.05,7.11,79.25,0.0,0,4474,746.3944,1.4347,347.8959,0.26,A
102,hotel2/mongodb-geo,9.64,165.07,400.43,0.0273,2,1725,326.4791,1.4347,1.525,0.0226,A
102,hotel2/mongodb-profile,9.37,164.77,400.43,0.0273,2,2748,458.447,1.4347,1.525,0.0226,A
102,hotel2/mongodb-rate,9.65,164.41,400.43,0.0352,4,3038,506.8275,1.4347,1.525,0.0226,A
102,hotel2/mongodb-recommendation,8.69,163.11,400.43,0.0,0,4745,791.6051,1.4347,1.525,0.0226,A
102,hotel2/mongodb-reservation,3983.89,284.25,400.43,0.0078,4,2468305,411785.6465,23.8299,347.8959,5.85,A
102,hotel2/mongodb-user,9.8,163.91,400.43,0.0312,2,743,326.4791,1.4347,1.525,0.0226,A
102,hotel2/profile,1641.28,40.46,1119.06,0.0,0,22781,3800.5388,9.8174,347.8959,3.5,A
102,hotel2/rate,1025.81,28.71,1119.14,0.0,0,16092,2684.6174,6.1359,347.8959,1.99,A
102,hotel2/recommendation,521.09,21.89,1119.06,0.0,0,13135,2191.3031,3.1169,347.8959,1.02,A
102,hotel2/reservation,1060.61,136.55,1119.06,0.0,0,16281,2716.1482,6.3441,347.8959,1.81,A
102,hotel2/search,1814.13,29.85,1119.06,0.0,0,22651,3778.8509,10.8513,347.8959,3.76,A
102,hotel2/user,25.5,17.86,1119.06,0.0,0,4114,686.3358,1.4347,347.8959,0.0451,A
102,sa1/customer-feedback,42407.94,3657.48,7135.73,0.0,0,166516,27779.7512,253.6655,347.8959,34.7,A
102,sa2/customer-feedback,37660.65,3554.48,7042.56,0.0,0,275336,45934.1179,225.2693,347.8959,37.6,A
102,sa3/customer-feedback,45671.97,3481.44,6978.61,0.0,0,482640,80518.5034,273.1895,347.8959,35.8,A
103,hotel/consul,12.46,33.25,201.79,0.0,0,11837,2066.7953,1.4347,286.288,0.0245,A
103,hotel/frontend,3472.83,112.13,1119.14,0.0,0,52692,9200.2684,16.0286,286.288,5.79,A
103,hotel/geo,690.18,24.1,1119.06,0.0,0,24341,4250.0519,3.1855,286.288,0.994,A
103,hotel/jaeger,0.24,14.88,81.01,0.0,0,578,326.4791,1.4347,1.525,0.0,A
103,hotel/memcached-profile,134.1,7.94,79.25,0.0,0,9341,1630.9821,1.4347,286.288,0.196,A
103,hotel/memcached-rate,87.98,7.47,79.25,0.0,0,16485,2878.3577,1.4347,286.288,0.135,A
103,hotel/memcached-reserve,118.48,7.15,79.25,0.0,0,7117,1242.6613,1.4347,286.288,0.172,A
103,hotel/mongodb-geo,9.73,170.65,400.43,0.0273,2,173,326.4791,1.4347,1.525,0.0368,A
103,hotel/mongodb-profile,10.01,172.3,400.43,0.0273,2,1925,336.114,1.4347,286.288,0.0245,A
103,hotel/mongodb-rate,9.37,171.86,400.43,0.0508,14,1789,326.4791,1.4347,1.525,0.0245,A
103,hotel/mongodb-recommendation,9.26,170.26,400.43,0.0273,2,532,326.4791,1.4347,1.525,0.0245,A
103,hotel/mongodb-reservation,3992.51,294.65,400.43,0.0078,4,2473611,431903.9929,18.4272,286.288,6.36,A
103,hotel/mongodb-user,9.32,170.88,400.43,0.0,0,878,326.4791,1.4347,1.525,0.0123,A
103,hotel/profile,1350.13,39.12,1119.06,0.0,0,33058,5772.0807,6.2314,286.288,1.8,A
103,hotel/rate,865.43,30.8,1119.14,0.0,0,24917,4350.6242,3.9943,286.288,1.41,A
103,hotel/recommendation,478.75,23.2,1119.06,0.0,0,18236,3184.0905,2.2096,286.288,0.773,A
103,hotel/reservation,946.35,139.85,1119.06,0.0,0,26038,4546.356,4.3678,286.288,1.67,A
103,hotel/search,1667.38,31.49,1119.06,0.0,0,34904,6094.4008,7.6957,286.288,2.64,A
103,hotel/user,26.69,18.65,1119.06,0.0,0,10485,1830.7298,1.4347,286.288,0.0491,A
103,hotel2/consul,13.57,29.41,201.79,0.0,0,10770,1880.4921,1.4347,286.288,0.0245,A
103,hotel2/frontend,2687.46,100.43,1119.14,0.0,0,43401,7578.0166,12.4038,286.288,4.05,A
103,hotel2/geo,606.73,24.05,1119.06,0.0,0,21730,3794.1591,2.8003,286.288,0.945,A
103,hotel2/jaeger,0.23,14.9,81.01,0.0,0,1558,326.4791,1.4347,1.525,0.0,A
103,hotel2/memcached-profile,104.63,8.2,79.25,0.0,0,12064,2106.4305,1.4347,286.288,0.172,A
103,hotel2/memcached-rate,80.02,7.46,79.25,0.0,0,12815,2237.5586,1.4347,286.288,0.123,A
103,hotel2/memcached-reserve,98.2,7.12,79.25,0.0,0,5224,912.1347,1.4347,286.288,0.16,A
103,hotel2/mongodb-geo,9.18,165.08,400.43,0.0,0,381,326.4791,1.4347,1.525,0.0245,A
103,hotel2/mongodb-profile,9.07,164.77,400.43,0.0,0,774,326.4791,1.4347,1.525,0.0368,A
103,hotel2/mongodb-rate,8.92,164.41,400.43,0.0,0,2811,490.8137,1.4347,1.525,0.0245,A
103,hotel2/mongodb-recommendation,9.87,163.11,400.43,0.0273,2,3206,559.7825,1.4347,1.525,0.0245,A
103,hotel2/mongodb-reservation,4005.7,284.57,400.43,0.0898,8,2697574,471008.975,18.4881,286.288,6.36,A
103,hotel2/mongodb-user,8.02,163.72,400.43,0.0,0,1514,326.4791,1.4347,1.525,0.0368,A
103,hotel2/profile,1129.33,42.16,1119.06,0.0,0,26723,4665.9602,5.2124,286.288,1.87,A
103,hotel2/rate,728.73,27.54,1119.14,0.0,0,25883,4519.2923,3.3634,286.288,1.26,A
103,hotel2/recommendation,402.36,21.33,1119.06,0.0,0,15639,2730.6422,1.8571,286.288,0.675,A
103,hotel2/reservation,807.29,135.67,1119.06,0.0,0,23357,4078.2409,3.726,286.288,1.57,A
103,hotel2/search,1320.64,29.63,1119.06,0.0,0,38495,6721.4062,6.0953,286.288,2.02,A
103,hotel2/user,17.86,18.25,1119.06,0.0,0,10786,1883.2858,1.4347,286.288,0.0368,A
103,sa1/customer-feedback,63470.01,3658.1,7135.73,0.0,0,505795,88314.161,292.942,286.288,141.0,A
103,sa2/customer-feedback,51288.39,3553.36,7042.56,0.0,0,447160,78076.2171,236.7185,286.288,58.8,A
103,sa3/customer-feedback,55869.57,3481.07,6978.61,0.0,0,913970,159583.4157,257.8626,286.288,101.0,A
104,hotel/consul,9.14,33.25,201.79,0.0,0,15795,2647.059,1.4347,1.525,0.0154,A
104,hotel/frontend,2728.87,111.55,1119.14,0.0,0,71234,11937.9929,7.6702,313.4672,5.27,A
104,hotel/geo,599.39,24.43,1119.06,0.0,0,27613,4627.6188,1.6847,313.4672,1.25,A
104,hotel/jaeger,0.19,14.88,81.01,0.0,0,1033,326.4791,1.4347,1.525,0.0,A
104,hotel/memcached-profile,113.84,7.93,79.25,0.0,0,18132,3038.7131,1.4347,313.4672,0.247,A
104,hotel/memcached-rate,71.72,7.48,79.25,0.0,0,10920,1830.0654,1.4347,313.4672,0.139,A
104,hotel/memcached-reserve,98.78,7.41,79.25,0.0,0,7419,1243.3384,1.4347,313.4672,0.185,A
104,hotel/mongodb-geo,7.41,170.65,400.43,0.0,0,3800,636.836,1.4347,1.525,0.0154,A
104,hotel/mongodb-profile,7.6,172.54,400.43,0.0,0,1401,326.4791,1.4347,1.525,0.0309,A
104,hotel/mongodb-rate,8.5,172.05,400.43,0.0273,2,3255,545.5003,1.4347,1.525,0.0309,A
104,hotel/mongodb-recommendation,9.14,170.26,400.43,0.0,0,2015,337.6906,1.4347,1.525,0.0154,A
104,hotel/mongodb-reservation,4001.53,294.78,400.43,0.0508,2,2691283,451027.8413,11.2473,313.4672,8.16,A
104,hotel/mongodb-user,7.8,171.07,400.43,0.0273,2,1407,326.4791,1.4347,1.525,0.0154,A
104,hotel/profile,1195.28,41.0,1119.06,0.0,0,32634,5469.0802,3.3596,313.4672,2.7,A
104,hotel/rate,766.25,30.03,1119.14,0.0,0,26067,4368.5271,2.1537,313.4672,1.75,A
104,hotel/recommendation,465.19,23.21,1119.06,0.0,0,19014,3186.526,1.4347,313.4672,1.11,A
104,hotel/reservation,849.53,140.25,1119.06,0.0,0,26498,4440.7577,2.3878,313.4672,1.84,A
104,hotel/search,1359.57,30.91,1119.06,0.0,0,36259,6076.5882,3.8214,313.4672,3.12,A
104,hotel/user,23.25,17.8,1119.06,0.0,0,7063,1183.6769,1.4347,313.4672,0.0463,A
104,hotel2/consul,8.96,29.41,201.79,0.0,0,18373,3079.1019,1.4347,1.525,0.0154,A
104,hotel2/frontend,2803.43,100.19,1119.14,0.0,0,60490,10137.423,7.8797,313.4672,5.82,A
104,hotel2/geo,623.32,24.94,1119.06,0.0,0,26212,4392.8274,1.752,313.4672,1.31,A
104,hotel2/jaeger,0.2,14.9,81.01,0.0,0,1947,326.4791,1.4347,1.525,0.0,A
104,hotel2/memcached-profile,103.27,7.7,79.25,0.0,0,14879,2493.548,1.4347,313.4672,0.232,A
104,hotel2/memcached-rate,78.48,7.7,79.25,0.0,0,20744,3476.454,1.4347,313.4672,0.17,A
104,hotel2/memcached-reserve,104.52,7.11,79.25,0.0,0,9151,1533.6015,1.4347,313.4672,0.247,A
104,hotel2/mongodb-geo,8.2,165.08,400.43,0.0586,4,3309,554.5501,1.4347,1.525,0.0309,A
104,hotel2/mongodb-profile,8.25,164.78,400.43,0.0312,2,3676,616.055,1.4347,1.525,0.0309,A
104,hotel2/mongodb-rate,8.3,164.41,400.43,0.0312,2,9860,1652.4217,1.4347,1.525,0.0309,A
104,hotel2/mongodb-recommendation,8.95,163.11,400.43,0.0,0,2364,396.179,1.4347,1.525,0.0309,A
104,hotel2/mongodb-reservation,3996.14,284.74,400.43,0.0117,6,2589839,434027.0025,11.2322,313.4672,8.26,A
104,hotel2/mongodb-user,9.89,163.72,400.43,0.0312,2,1077,326.4791,1.4347,1.525,0.0309,A
104,hotel2/profile,1141.69,40.38,1119.06,0.0,0,36414,6102.5644,3.209,313.4672,2.81,A
104,hotel2/rate,742.58,28.21,1119.14,0.0,0,28103,4709.7371,2.0872,313.4672,1.53,A
104,hotel2/recommendation,421.84,22.16,1119.06,0.0,0,24283,4069.5494,1.4347,313.4672,0.958,A
104,hotel2/reservation,880.89,134.6,1119.06,0.0,0,32806,5497.9054,2.476,313.4672,2.09,A
104,hotel2/search,1415.08,31.14,1119.06,0.0,0,40355,6763.0303,3.9774,313.4672,3.2,A
104,hotel2/user,21.91,18.52,1119.06,0.0,0,7304,1224.0658,1.4347,313.4672,0.0463,A
104,sa1/customer-feedback,64884.14,3658.73,7135.73,0.0,0,550193,92205.9706,182.3733,313.4672,149.0,A
104,sa2/customer-feedback,59702.34,3552.85,7042.56,0.0,0,635427,106490.2012,167.8085,313.4672,143.0,A
104,sa3/customer-feedback,64432.06,3480.7,6978.61,0.0,0,652329,109322.7805,181.1026,313.4672,84.3,A
105,hotel/consul,12.97,33.25,201.79,0.0,0,12399,2049.1181,1.4347,307.2367,0.015,A
105,hotel/frontend,3895.85,112.54,1119.14,0.0,0,51130,8449.9887,14.0569,307.2367,7.24,A
105,hotel/geo,709.15,23.55,1119.06,0.0,0,25972,4292.2571,2.5587,307.2367,1.37,A
105,hotel/jaeger,0.18,14.88,81.01,0.0,0,0,326.4791,1.4347,1.525,0.0,A
105,hotel/memcached-profile,133.07,7.67,79.25,0.0,0,14752,2437.9862,1.4347,307.2367,0.241,A
105,hotel/memcached-rate,90.62,7.48,79.25,0.0,0,17052,2818.0952,1.4347,307.2367,0.165,A
105,hotel/memcached-reserve,130.23,7.16,79.25,0.0,0,8120,1341.9501,1.4347,307.2367,0.241,A
105,hotel/mongodb-geo,9.43,170.84,400.43,0.0273,2,775,326.4791,1.4347,1.525,0.0301,A
105,hotel/mongodb-profile,9.37,172.29,400.43,0.0273,2,3316,548.018,1.4347,1.525,0.015,A
105,hotel/mongodb-rate,8.23,172.05,400.43,0.0,0,5375,888.2982,1.4347,1.525,0.0451,A
105,hotel/mongodb-recommendation,7.97,170.51,400.43,0.0273,2,759,326.4791,1.4347,1.525,0.0301,A
105,hotel/mongodb-reservation,4009.29,294.59,400.43,0.0078,4,2527222,417660.8103,14.4662,307.2367,7.67,A
105,hotel/mongodb-user,8.63,170.88,400.43,0.0,0,18629,3078.7178,1.4347,1.525,0.0301,A
105,hotel/profile,1511.37,38.37,1119.06,0.0,0,33511,5538.1883,5.4533,307.2367,2.65,A
105,hotel/rate,878.95,29.94,1119.14,0.0,0,30174,4986.6997,3.1714,307.2367,1.55,A
105,hotel/recommendation,525.63,22.24,1119.06,0.0,0,23327,3855.1317,1.8966,307.2367,1.13,A
105,hotel/reservation,1048.53,141.81,1119.06,0.0,0,26421,4366.461,3.7833,307.2367,1.9,A
105,hotel/search,1701.54,32.58,1119.06,0.0,0,42153,6966.4066,6.1394,307.2367,3.11,A
105,hotel/user,25.17,18.28,1119.06,0.0,0,8095,1337.8185,1.4347,307.2367,0.0451,A
105,hotel2/consul,12.66,29.41,201.79,0.0,0,15021,2482.4424,1.4347,307.2367,0.015,A
105,hotel2/frontend,2827.13,99.09,1119.14,0.0,0,45407,7504.1783,10.2008,307.2367,5.48,A
105,hotel2/geo,594.97,23.43,1119.06,0.0,0,27424,4532.2216,2.1468,307.2367,1.17,A
105,hotel2/jaeger,0.21,14.9,81.01,0.0,0,0,326.4791,1.4347,1.525,0.0,A
105,hotel2/memcached-profile,101.59,8.2,79.25,0.0,0,16130,2665.721,1.4347,307.2367,0.181,A
105,hotel2/memcached-rate,78.69,7.45,79.25,0.0,0,16292,2692.4939,1.4347,307.2367,0.165,A
105,hotel2/memcached-reserve,93.32,7.36,79.25,0.0,0,4596,759.557,1.4347,307.2367,0.181,A
105,hotel2/mongodb-geo,7.87,165.08,400.43,0.0,0,203,326.4791,1.4347,1.525,0.015,A
105,hotel2/mongodb-profile,8.51,164.78,400.43,0.0,0,1767,326.4791,1.4347,1.525,0.015,A
105,hotel2/mongodb-rate,7.49,164.41,400.43,0.0,0,914,326.4791,1.4347,1.525,0.015,A
105,hotel2/mongodb-recommendation,8.38,163.3,400.43,0.0312,2,600,326.4791,1.4347,1.525,0.015,A
105,hotel2/mongodb-reservation,3998.97,284.81,400.43,0.0938,6,2572019,425064.1771,14.429,307.2367,7.7,A
105,hotel2/mongodb-user,7.25,163.72,400.43,0.0,0,68,326.4791,1.4347,1.525,0.015,A
105,hotel2/profile,1232.57,43.52,1119.06,0.0,0,25247,4172.4401,4.4473,307.2367,2.48,A
105,hotel2/rate,733.36,27.38,1119.14,0.0,0,25048,4139.5524,2.6461,307.2367,1.62,A
105,hotel2/recommendation,423.16,22.15,1119.06,0.0,0,14915,2464.9243,1.5268,307.2367,0.767,A
105,hotel2/reservation,808.69,137.68,1119.06,0.0,0,24565,4059.7295,2.9179,307.2367,1.43,A
105,hotel2/search,1317.56,30.23,1119.06,0.0,0,32993,5452.5812,4.754,307.2367,2.59,A
105,hotel2/user,19.76,18.33,1119.06,0.0,0,5929,979.8549,1.4347,307.2367,0.0451,A
105,sa1/customer-feedback,64669.4,3660.17,7135.73,0.0,0,340707,56306.8704,233.3382,307.2367,112.0,A
105,sa2/customer-feedback,49343.32,3553.98,7042.56,0.0,0,863601,142722.837,178.0391,307.2367,103.0,A
105,sa3/customer-feedback,57318.89,3480.49,6978.61,0.0,0,815474,134769.1385,206.8163,307.2367,142.0,A
106,hotel/consul,10.49,33.25,201.79,0.0,0,17380,2877.9706,1.4347,261.5651,0.016,A
106,hotel/frontend,2673.89,112.0,1119.14,0.0,0,57001,9438.8494,6.6233,261.5651,5.49,A
106,hotel/geo,582.55,23.91,1119.06,0.0,0,40480,6703.1214,1.443,261.5651,1.17,A
106,hotel/jaeger,0.23,14.88,81.01,0.0,0,0,326.4791,1.4347,1.525,0.016,A
106,hotel/memcached-profile,113.91,7.68,79.25,0.0,0,14462,2394.7762,1.4347,261.5651,0.241,A
106,hotel/memcached-rate,69.53,7.72,79.25,0.0,0,30846,5107.8183,1.4347,261.5651,0.128,A
106,hotel/memcached-reserve,94.91,7.16,79.25,0.0,0,9155,1515.9851,1.4347,261.5651,0.193,A
106,hotel/mongodb-geo,8.14,170.84,400.43,0.0,0,2214,366.6184,1.4347,1.525,0.016,A
106,hotel/mongodb-profile,8.44,172.29,400.43,0.0,0,947,326.4791,1.4347,1.525,0.0481,A
106,hotel/mongodb-rate,9.01,171.87,400.43,0.0312,2,1837,326.4791,1.4347,1.525,0.0321,A
106,hotel/mongodb-recommendation,7.07,170.26,400.43,0.0,0,2721,450.573,1.4347,1.525,0.016,A
106,hotel/mongodb-reservation,4002.83,295.09,400.43,0.0859,14,2888554,478318.3843,9.9151,261.5651,8.34,A
106,hotel/mongodb-user,8.98,170.89,400.43,0.0273,2,6110,1011.7607,1.4347,1.525,0.016,A
106,hotel/profile,1047.36,38.44,1119.06,0.0,0,34727,5750.4767,2.5943,261.5651,2.04,A
106,hotel/rate,715.67,31.8,1119.14,0.0,0,37559,6219.4303,1.7727,261.5651,1.36,A
106,hotel/recommendation,397.55,23.23,1119.06,0.0,0,21031,3482.5431,1.4347,261.5651,0.85,A
106,hotel/reservation,828.16,140.86,1119.06,0.0,0,33311,5515.9999,2.0514,261.5651,1.49,A
106,hotel/search,1351.09,34.08,1119.06,0.0,0,53753,8901.01,3.3467,261.5651,2.65,A
106,hotel/user,19.6,18.03,1119.06,0.0,0,8352,1383.0156,1.4347,261.5651,0.0321,A
106,hotel2/consul,11.4,29.41,201.79,0.0,0,13704,2269.2583,1.4347,261.5651,0.0321,A
106,hotel2/frontend,2209.0,98.77,1119.14,0.0,0,59936,9924.8588,5.4717,261.5651,4.22,A
106,hotel2/geo,521.26,25.07,1119.06,0.0,0,31476,5212.1406,1.4347,261.5651,1.03,A
106,hotel2/jaeger,0.21,14.9,81.01,0.0,0,1009,326.4791,1.4347,1.525,0.0,A
106,hotel2/memcached-profile,87.78,7.93,79.25,0.0,0,17143,2838.7256,1.4347,261.5651,0.177,A
106,hotel2/memcached-rate,67.81,7.45,79.25,0.0,0,19168,3174.0472,1.4347,261.5651,0.128,A
106,hotel2/memcached-reserve,76.66,7.11,79.25,0.0,0,8860,1467.1358,1.4347,261.5651,0.144,A
106,hotel2/mongodb-geo,7.71,165.08,400.43,0.0547,4,3681,609.5403,1.4347,1.525,0.0,A
106,hotel2/mongodb-profile,9.16,164.78,400.43,0.0312,2,1822,326.4791,1.4347,1.525,0.0321,A
106,hotel2/mongodb-rate,7.78,164.41,400.43,0.0547,4,2501,414.143,1.4347,1.525,0.016,A
106,hotel2/mongodb-recommendation,6.52,163.11,400.43,0.0,0,3304,547.1125,1.4347,1.525,0.016,A
106,hotel2/mongodb-reservation,3999.04,284.89,400.43,0.0078,4,2666002,441465.7885,9.9057,261.5651,7.96,A
106,hotel2/mongodb-user,7.96,163.91,400.43,0.043,4,1193,326.4791,1.4347,1.525,0.016,A
106,hotel2/profile,982.5,41.4,1119.06,0.0,0,38587,6389.6578,2.4337,261.5651,1.86,A
106,hotel2/rate,607.12,28.54,1119.14,0.0,0,28691,4750.9698,1.5038,261.5651,1.17,A
106,hotel2/recommendation,353.72,22.2,1119.06,0.0,0,21990,3641.3449,1.4347,261.5651,0.706,A
106,hotel2/reservation,699.05,136.55,1119.06,0.0,0,27600,4570.3101,1.7316,261.5651,1.3,A
106,hotel2/search,1146.44,28.16,1119.06,0.0,0,47328,7837.0882,2.8398,261.5651,2.25,A
106,hotel2/user,17.89,18.0,1119.06,0.0,0,12002,1987.4225,1.4347,261.5651,0.0481,A
106,sa1/customer-feedback,76973.06,3658.12,7135.73,3.9062,40,608613,100780.8013,190.6635,261.5651,191.0,A
106,sa2/customer-feedback,57565.24,3554.18,7042.56,3.9688,40,619052,102509.4052,142.59,261.5651,97.6,A
106,sa3/customer-feedback,57625.66,3480.43,6978.61,3.7812,42,978833,162085.8807,142.7397,261.5651,123.0,A
107,hotel/consul,11.35,33.25,201.79,0.0,0,18442,3112.9008,1.4347,300.1372,0.0174,A
107,hotel/frontend,3012.93,111.46,1119.14,0.0,0,61355,10356.362,10.819,300.1372,7.15,A
107,hotel/geo,660.47,22.91,1119.06,0.0,0,29632,5001.7067,2.3717,300.1372,1.45,A
107,hotel/jaeger,0.25,14.88,81.01,0.0,0,0,326.4791,1.4347,1.525,0.0,A
107,hotel/memcached-profile,128.38,7.94,79.25,0.0,0,14129,2384.8918,1.4347,300.1372,0.279,A
107,hotel/memcached-rate,83.82,7.72,79.25,0.0,0,14325,2417.9755,1.4347,300.1372,0.174,A
107,hotel/memcached-reserve,111.29,7.17,79.25,0.0,0,8054,1359.4677,1.4347,300.1372,0.227,A
107,hotel/mongodb-geo,8.49,170.66,400.43,0.0273,2,1972,332.862,1.4347,1.525,0.0174,A
107,hotel/mongodb-profile,8.81,172.29,400.43,0.0312,4,2911,491.3596,1.4347,1.525,0.0174,A
107,hotel/mongodb-rate,7.55,171.87,400.43,0.0,0,1152,326.4791,1.4347,1.525,0.0174,A
107,hotel/mongodb-recommendation,7.63,170.26,400.43,0.0391,4,2017,340.4577,1.4347,1.525,0.0174,A
107,hotel/mongodb-reservation,4000.42,294.36,400.43,0.0039,2,2668933,450500.1415,14.365,300.1372,8.42,A
107,hotel/mongodb-user,7.86,170.88,400.43,0.0,0,1378,326.4791,1.4347,1.525,0.0349,A
107,hotel/profile,1199.89,40.86,1119.06,0.0,0,39638,6690.6605,4.3086,300.1372,2.51,A
107,hotel/rate,804.62,29.41,1119.14,0.0,0,32933,5558.8961,2.8893,300.1372,1.88,A
107,hotel/recommendation,444.51,23.02,1119.06,0.0,0,23059,3892.2231,1.5962,300.1372,1.01,A
107,hotel/reservation,907.76,142.15,1119.06,0.0,0,32261,5445.4664,3.2596,300.1372,2.02,A
107,hotel/search,1497.92,35.62,1119.06,0.0,0,42518,7176.7875,5.3788,300.1372,3.24,A
107,hotel/user,21.56,17.79,1119.06,0.0,0,16058,2710.4956,1.4347,300.1372,0.0349,A
107,hotel2/consul,10.94,29.41,201.79,0.0,0,10616,1791.9182,1.4347,300.1372,0.0174,A
107,hotel2/frontend,2875.28,99.05,1119.14,0.0,0,54768,9244.5152,10.3247,300.1372,6.96,A
107,hotel2/geo,628.57,23.59,1119.06,0.0,0,29305,4946.5111,2.2571,300.1372,1.57,A
107,hotel2/jaeger,0.22,14.9,81.01,0.0,0,1033,326.4791,1.4347,1.525,0.0,A
107,hotel2/memcached-profile,107.06,7.7,79.25,0.0,0,17030,2874.5635,1.4347,300.1372,0.279,A
107,hotel2/memcached-rate,80.83,7.45,79.25,0.0,0,15901,2683.995,1.4347,300.1372,0.209,A
107,hotel2/memcached-reserve,102.09,7.35,79.25,0.0,0,6820,1151.1758,1.4347,300.1372,0.262,A
107,hotel2/mongodb-geo,7.37,165.27,400.43,0.0,0,1219,326.4791,1.4347,1.525,0.0174,A
107,hotel2/mongodb-profile,8.05,164.78,400.43,0.0,0,2295,387.3825,1.4347,1.525,0.0,A
107,hotel2/mongodb-rate,7.26,164.41,400.43,0.0,0,2746,463.5086,1.4347,1.525,0.0174,A
107,hotel2/mongodb-recommendation,8.14,163.11,400.43,0.0312,2,1776,326.4791,1.4347,1.525,0.0174,A
107,hotel2/mongodb-reservation,3997.77,285.23,400.43,0.1797,32,2838283,479085.4222,14.3555,300.1372,9.07,A
107,hotel2/mongodb-user,8.22,163.88,400.43,0.0,0,3184,537.4404,1.4347,1.525,0.0174,A
107,hotel2/profile,1199.22,40.09,1119.06,0.0,0,41171,6949.4219,4.3062,300.1372,3.0,A
107,hotel2/rate,702.93,27.64,1119.14,0.0,0,34454,5815.6319,2.5241,300.1372,1.78,A
107,hotel2/recommendation,451.36,21.65,1119.06,0.0,0,21528,3633.7994,1.6208,300.1372,1.26,A
107,hotel2/reservation,801.62,135.3,1119.06,0.0,0,28958,4887.9395,2.8785,300.1372,2.08,A
107,hotel2/search,1358.76,28.45,1119.06,0.0,0,42787,7222.1931,4.8791,300.1372,3.68,A
107,hotel2/user,21.57,18.16,1119.06,0.0,0,6820,1151.1758,1.4347,300.1372,0.0523,A
107,sa1/customer-feedback,56127.32,3658.58,7135.73,0.0,0,727529,122802.6022,201.5458,300.1372,119.0,A
107,sa2/customer-feedback,59647.4,3553.39,7042.56,0.0,0,583074,98419.4506,214.1859,300.1372,114.0,A
107,sa3/customer-feedback,68585.79,3482.08,6978.61,0.0,0,597899,100921.8231,246.2825,300.1372,169.0,A
108,hotel/consul,12.47,33.25,201.79,0.0,0,20725,3396.7731,1.4347,289.9739,0.0159,A
108,hotel/frontend,3716.09,113.1,1119.14,0.0,0,90319,14803.047,12.9253,289.9739,6.73,A
108,hotel/geo,702.51,23.57,1119.06,0.0,0,34069,5583.8197,2.4435,289.9739,1.37,A
108,hotel/jaeger,0.22,14.88,81.01,0.0,0,1129,326.4791,1.4347,1.525,0.0,A
108,hotel/memcached-profile,130.43,7.93,79.25,0.0,0,16658,2730.2025,1.4347,289.9739,0.238,A
108,hotel/memcached-rate,86.94,7.47,79.25,0.0,0,17703,2901.4752,1.4347,289.9739,0.175,A
108,hotel/memcached-reserve,122.44,7.42,79.25,0.0,0,6617,1084.5089,1.4347,289.9739,0.238,A
108,hotel/mongodb-geo,8.25,170.65,400.43,0.0,0,875,326.4791,1.4347,1.525,0.0318,A
108,hotel/mongodb-profile,8.48,172.29,400.43,0.0,0,1123,326.4791,1.4347,1.525,0.0318,A
108,hotel/mongodb-rate,9.35,171.87,400.43,0.043,4,4580,750.65,1.4347,1.525,0.0318,A
108,hotel/mongodb-recommendation,7.14,170.26,400.43,0.0,0,876,326.4791,1.4347,1.525,0.0318,A
108,hotel/mongodb-reservation,4002.71,294.84,400.43,0.0586,4,2470276,404871.7511,13.9223,289.9739,8.96,A
108,hotel/mongodb-user,9.45,170.88,400.43,0.0273,2,1717,326.4791,1.4347,1.525,0.0159,A
108,hotel/profile,1442.02,42.36,1119.06,0.0,0,34940,5726.5743,5.0156,289.9739,2.89,A
108,hotel/rate,886.61,32.07,1119.14,0.0,0,28882,4733.684,3.0838,289.9739,1.64,A
108,hotel/recommendation,485.21,22.98,1119.06,0.0,0,17461,2861.8121,1.6877,289.9739,1.0,A
108,hotel/reservation,989.44,140.84,1119.06,0.0,0,25024,4101.3679,3.4415,289.9739,2.08,A
108,hotel/search,1633.98,32.36,1119.06,0.0,0,38072,6239.9008,5.6833,289.9739,3.14,A
108,hotel/user,26.46,18.14,1119.06,0.0,0,7530,1234.1472,1.4347,289.9739,0.0794,A
108,hotel2/consul,13.75,29.41,201.79,0.0,0,14875,2437.9734,1.4347,289.9739,0.0159,A
108,hotel2/frontend,2570.07,98.15,1119.14,0.0,0,49778,8158.4835,8.9392,289.9739,5.16,A
108,hotel2/geo,520.89,24.2,1119.06,0.0,0,34483,5651.6732,1.8118,289.9739,1.03,A
108,hotel2/jaeger,0.23,14.9,81.01,0.0,0,0,326.4791,1.4347,1.525,0.0,A
108,hotel2/memcached-profile,91.9,7.69,79.25,0.0,0,18966,3108.4776,1.4347,289.9739,0.175,A
108,hotel2/memcached-rate,71.23,7.46,79.25,0.0,0,17982,2947.2026,1.4347,289.9739,0.143,A
108,hotel2/memcached-reserve,81.18,7.36,79.25,0.0,0,9940,1629.1399,1.4347,289.9739,0.159,A
108,hotel2/mongodb-geo,8.27,165.08,400.43,0.0781,14,2326,381.2253,1.4347,1.525,0.0159,A
108,hotel2/mongodb-profile,9.48,164.78,400.43,0.0781,14,2296,376.3084,1.4347,1.525,0.0159,A
108,hotel2/mongodb-rate,8.0,164.41,400.43,0.0781,14,1893,326.4791,1.4347,1.525,0.0159,A
108,hotel2/mongodb-recommendation,7.14,163.11,400.43,0.0703,16,2005,328.6142,1.4347,1.525,0.0318,A
108,hotel2/mongodb-reservation,4002.12,284.38,400.43,0.0,0,2748563,450482.2598,13.9202,289.9739,8.26,A
108,hotel2/mongodb-user,7.69,163.72,400.43,0.0469,12,2591,424.6581,1.4347,1.525,0.0159,A
108,hotel2/profile,986.14,41.31,1119.06,0.0,0,30809,5049.5142,3.43,289.9739,1.92,A
108,hotel2/rate,651.07,29.91,1119.14,0.0,0,28232,4627.1507,2.2646,289.9739,1.18,A
108,hotel2/recommendation,370.62,21.41,1119.06,0.0,0,22621,3707.5225,1.4347,289.9739,0.794,A
108,hotel2/reservation,733.84,136.38,1119.06,0.0,0,27452,4499.3107,2.5524,289.9739,1.72,A
108,hotel2/search,1243.37,28.68,1119.06,0.0,0,44424,7280.977,4.3247,289.9739,2.52,A
108,hotel2/user,16.87,18.22,1119.06,0.0,0,8062,1321.3406,1.4347,289.9739,0.0476,A
108,sa1/customer-feedback,49726.72,3658.11,7135.73,0.0,0,725512,118909.5121,172.96,289.9739,109.0,A
108,sa2/customer-feedback,56933.48,3553.84,7042.56,0.0,0,778435,127583.4529,198.0266,289.9739,94.6,A
108,sa3/customer-feedback,66396.42,3482.73,6978.61,0.0,0,483167,79189.8028,230.9407,289.9739,196.0,A
109,hotel/consul,13.12,33.25,201.79,0.0,0,7548,1259.521,1.4347,276.3498,0.0292,A
109,hotel/frontend,2909.19,114.25,1119.14,0.0,0,49234,8215.588,8.6193,276.3498,5.56,A
109,hotel/geo,630.16,25.82,1119.06,0.0,0,23867,3982.6429,1.867,276.3498,1.12,A
109,hotel/jaeger,0.22,14.88,81.01,0.0,0,1095,326.4791,1.4347,1.525,0.0,A
109,hotel/memcached-profile,113.76,7.93,79.25,0.0,0,13815,2305.2839,1.4347,276.3498,0.204,A
109,hotel/memcached-rate,74.02,7.47,79.25,0.0,0,15251,2544.9066,1.4347,276.3498,0.146,A
109,hotel/memcached-reserve,99.63,7.16,79.25,0.0,0,7470,1246.5053,1.4347,276.3498,0.175,A
109,hotel/mongodb-geo,7.61,170.91,400.43,0.0273,2,2075,346.2515,1.4347,1.525,0.0292,A
109,hotel/mongodb-profile,8.69,172.3,400.43,0.0273,2,3476,580.0338,1.4347,1.525,0.0146,A
109,hotel/mongodb-rate,8.74,171.87,400.43,0.0,0,742,326.4791,1.4347,1.525,0.0146,A
109,hotel/mongodb-recommendation,7.28,170.42,400.43,0.0273,2,3345,558.1741,1.4347,1.525,0.0146,A
109,hotel/mongodb-reservation,3998.94,294.66,400.43,0.0078,4,2580581,430616.856,11.848,276.3498,7.59,A
109,hotel/mongodb-user,8.73,170.88,400.43,0.0,0,1185,326.4791,1.4347,1.525,0.0292,A
109,hotel/profile,1246.98,38.32,1119.06,0.0,0,29892,4988.0237,3.6945,276.3498,2.22,A
109,hotel/rate,744.12,29.35,1119.14,0.0,0,35264,5884.4395,2.2047,276.3498,1.28,A
109,hotel/recommendation,439.44,23.44,1119.06,0.0,0,25035,4177.5449,1.4347,276.3498,0.817,A
109,hotel/reservation,885.7,141.05,1119.06,0.0,0,31527,5260.8531,2.6241,276.3498,1.98,A
109,hotel/search,1439.8,30.47,1119.06,0.0,0,47738,7965.9532,4.2658,276.3498,2.58,A
109,hotel/user,23.68,17.9,1119.06,0.0,0,8055,1344.1232,1.4347,276.3498,0.0584,A
109,hotel2/consul,12.52,29.41,201.79,0.0,0,16878,2816.4012,1.4347,276.3498,0.0292,A
109,hotel2/frontend,2592.31,99.18,1119.14,0.0,0,43392,7240.7441,7.6804,276.3498,3.5,A
109,hotel2/geo,546.89,23.72,1119.06,0.0,0,26777,4468.2293,1.6203,276.3498,0.89,A
109,hotel2/jaeger,0.24,14.9,81.01,0.0,0,3364,561.3446,1.4347,1.525,0.0,A
109,hotel2/memcached-profile,93.18,8.45,79.25,0.0,0,16809,2804.8872,1.4347,276.3498,0.131,A
109,hotel2/memcached-rate,71.11,7.45,79.25,0.0,0,11738,1958.6987,1.4347,276.3498,0.117,A
109,hotel2/memcached-reserve,84.36,7.37,79.25,0.0,0,5743,958.324,1.4347,276.3498,0.117,A
109,hotel2/mongodb-geo,6.94,165.27,400.43,0.0,0,1291,326.4791,1.4347,1.525,0.0292,A
109,hotel2/mongodb-profile,8.41,164.78,400.43,0.0,0,1290,326.4791,1.4347,1.525,0.0146,A
109,hotel2/mongodb-rate,6.6,164.6,400.43,0.0,0,503,326.4791,1.4347,1.525,0.0146,A
109,hotel2/mongodb-recommendation,7.54,163.3,400.43,0.0312,2,1336,326.4791,1.4347,1.525,0.0292,A
109,hotel2/mongodb-reservation,3999.82,285.12,400.43,0.1055,4,2750044,458894.8385,11.8506,276.3498,7.57,A
109,hotel2/mongodb-user,6.39,163.72,400.43,0.0,0,3367,561.8452,1.4347,1.525,0.0146,A
109,hotel2/profile,1102.34,40.65,1119.06,0.0,0,34180,5703.5544,3.266,276.3498,1.49,A
109,hotel2/rate,657.82,28.16,1119.14,0.0,0,24725,4125.8158,1.949,276.3498,1.08,A
109,hotel2/recommendation,380.83,20.9,1119.06,0.0,0,14818,2472.6527,1.4347,276.3498,0.598,A
109,hotel2/reservation,759.52,136.85,1119.06,0.0,0,21599,3604.1858,2.2503,276.3498,1.15,A
109,hotel2/search,1243.73,28.41,1119.06,0.0,0,39276,6553.9147,3.6849,276.3498,1.84,A
109,hotel2/user,24.32,17.3,1119.06,0.0,0,10249,1710.232,1.4347,276.3498,0.0729,A
109,sa1/customer-feedback,84161.17,3658.23,7135.73,0.0,0,417082,69597.7144,249.3506,276.3498,178.0,A
109,sa2/customer-feedback,38599.26,3555.21,7042.56,0.0,0,885240,147718.3881,114.3609,276.3498,95.2,A
109,sa3/customer-feedback,55914.68,3483.2,6978.61,0.0,0,977861,163173.8858,165.6626,276.3498,96.7,A
110,hotel/consul,15.81,33.25,201.79,0.0,0,15541,2589.7971,1.4347,307.4465,0.0308,A
110,hotel/frontend,3321.54,112.08,1119.14,0.0,0,54271,9043.876,10.5875,307.4465,7.36,A
110,hotel/geo,701.58,24.34,1119.06,0.0,0,31618,5268.9148,2.2363,307.4465,1.45,A
110,hotel/jaeger,0.26,14.88,81.01,0.0,0,0,326.4791,1.4347,1.525,0.0,A
110,hotel/memcached-profile,131.28,8.19,79.25,0.0,0,15149,2524.4731,1.4347,307.4465,0.262,A
110,hotel/memcached-rate,81.38,7.48,79.25,0.0,0,17448,2907.5851,1.4347,307.4465,0.139,A
110,hotel/memcached-reserve,117.21,7.16,79.25,0.0,0,6806,1134.1715,1.4347,307.4465,0.231,A
110,hotel/mongodb-geo,6.63,170.84,400.43,0.0,0,841,326.4791,1.4347,1.525,0.0,A
110,hotel/mongodb-profile,6.65,172.29,400.43,0.0,0,1223,326.4791,1.4347,1.525,0.0154,A
110,hotel/mongodb-rate,7.83,171.87,400.43,0.0312,2,5122,853.5449,1.4347,1.525,0.0154,A
110,hotel/mongodb-recommendation,6.5,170.26,400.43,0.0,0,2282,380.2791,1.4347,1.525,0.0308,A
110,hotel/mongodb-reservation,3992.55,295.23,400.43,0.0898,8,2614255,435646.9969,12.7263,307.4465,8.05,A
110,hotel/mongodb-user,9.37,170.88,400.43,0.0273,2,1404,326.4791,1.4347,1.525,0.0308,A
110,hotel/profile,1339.65,41.57,1119.06,0.0,0,31960,5325.9066,4.2702,307.4465,3.0,A
110,hotel/rate,806.78,31.47,1119.14,0.0,0,31820,5302.5766,2.5716,307.4465,1.62,A
110,hotel/recommendation,476.79,23.21,1119.06,0.0,0,18880,3146.2177,1.5198,307.4465,1.0,A
110,hotel/reservation,987.43,141.4,1119.06,0.0,0,26262,4376.3755,3.1474,307.4465,2.19,A
110,hotel/search,1575.69,33.0,1119.06,0.0,0,40060,6675.714,5.0225,307.4465,3.25,A
110,hotel/user,26.79,17.91,1119.06,0.0,0,7379,1229.6579,1.4347,307.4465,0.0462,A
110,hotel2/consul,12.13,29.41,201.79,0.0,0,12423,2070.2046,1.4347,307.4465,0.0462,A
110,hotel2/frontend,2901.35,99.45,1119.14,0.0,0,52742,8789.0791,9.2481,307.4465,6.84,A
110,hotel2/geo,625.72,23.02,1119.06,0.0,0,31283,5213.0894,1.9945,307.4465,1.42,A
110,hotel2/jaeger,0.24,14.9,81.01,0.0,0,0,326.4791,1.4347,1.525,0.0,A
110,hotel2/memcached-profile,106.61,7.95,79.25,0.0,0,15369,2561.1345,1.4347,307.4465,0.246,A
110,hotel2/memcached-rate,81.63,7.46,79.25,0.0,0,16480,2746.2748,1.4347,307.4465,0.185,A
110,hotel2/memcached-reserve,101.65,7.38,79.25,0.0,0,11314,1885.3976,1.4347,307.4465,0.216,A
110,hotel2/mongodb-geo,8.97,165.27,400.43,0.0312,2,1193,326.4791,1.4347,1.525,0.0,A
110,hotel2/mongodb-profile,9.59,164.78,400.43,0.043,4,1784,326.4791,1.4347,1.525,0.0154,A
110,hotel2/mongodb-rate,7.63,164.41,400.43,0.0312,2,1019,326.4791,1.4347,1.525,0.0154,A
110,hotel2/mongodb-recommendation,6.39,163.3,400.43,0.0,0,1006,326.4791,1.4347,1.525,0.0308,A
110,hotel2/mongodb-reservation,3995.36,284.93,400.43,0.0039,2,2612988,435435.8603,12.7353,307.4465,8.11,A
110,hotel2/mongodb-user,7.17,163.74,400.43,0.0,0,2357,392.7773,1.4347,1.525,0.0308,A
110,hotel2/profile,1229.8,40.57,1119.06,0.0,0,34941,5822.6691,3.92,307.4465,2.56,A
110,hotel2/rate,694.46,29.08,1119.14,0.0,0,36066,6010.1423,2.2136,307.4465,1.54,A
110,hotel2/recommendation,430.87,21.62,1119.06,0.0,0,25199,4199.2341,1.4347,307.4465,0.985,A
110,hotel2/reservation,853.05,137.39,1119.06,0.0,0,30523,5086.4408,2.7191,307.4465,2.08,A
110,hotel2/search,1424.48,29.88,1119.06,0.0,0,44231,7370.7815,4.5406,307.4465,3.4,A
110,hotel2/user,18.16,17.03,1119.06,0.0,0,11332,1888.3972,1.4347,307.4465,0.0308,A
110,sa1/customer-feedback,77425.11,3657.75,7135.73,0.0,0,438687,73104.0676,246.7939,307.4465,96.2,A
110,sa2/customer-feedback,52029.27,3555.79,7042.56,0.0,0,1062613,177076.8966,165.8442,307.4465,131.0,A
110,sa3/customer-feedback,54924.5,3481.79,6978.61,0.0,0,1087658,181250.4677,175.0728,307.4465,136.0,A
111,hotel/consul,13.22,33.25,201.79,0.0,0,14096,2409.9595,1.4347,295.422,0.0356,A
111,hotel/frontend,3611.77,110.66,1119.14,0.0,0,85307,14584.7345,12.0274,295.422,10.8,A
111,hotel/geo,682.66,26.07,1119.06,0.0,0,25332,4330.9517,2.2733,295.422,1.67,A
111,hotel/jaeger,0.21,14.88,81.01,0.0,0,1359,326.4791,1.4347,1.525,0.0,A
111,hotel/memcached-profile,134.4,7.68,79.25,0.0,0,10574,1807.8116,1.4347,295.422,0.374,A
111,hotel/memcached-rate,86.7,7.48,79.25,0.0,0,14545,2486.724,1.4347,295.422,0.213,A
111,hotel/memcached-reserve,120.27,7.17,79.25,0.0,0,8086,1382.4442,1.4347,295.422,0.302,A
111,hotel/mongodb-geo,8.81,170.66,400.43,0.0273,2,2988,510.8512,1.4347,1.525,0.0178,A
111,hotel/mongodb-profile,9.08,172.48,400.43,0.0312,4,2068,353.561,1.4347,1.525,0.0178,A
111,hotel/mongodb-rate,8.07,172.05,400.43,0.0,0,4035,689.8543,1.4347,1.525,0.0356,A
111,hotel/mongodb-recommendation,8.86,170.26,400.43,0.0273,2,431,326.4791,1.4347,1.525,0.0178,A
111,hotel/mongodb-reservation,4001.9,295.07,400.43,0.0039,2,2776285,474654.8318,13.3266,295.422,9.25,A
111,hotel/mongodb-user,8.81,171.07,400.43,0.0,0,2714,464.0061,1.4347,1.525,0.0534,A
111,hotel/profile,1353.68,39.2,1119.06,0.0,0,36354,6215.3568,4.5078,295.422,3.65,A
111,hotel/rate,855.12,31.68,1119.14,0.0,0,25503,4360.1871,2.8476,295.422,2.13,A
111,hotel/recommendation,481.65,24.35,1119.06,0.0,0,19617,3353.8718,1.6039,295.422,1.21,A
111,hotel/reservation,989.56,142.68,1119.06,0.0,0,26899,4598.8579,3.2953,295.422,2.79,A
111,hotel/search,1551.74,32.66,1119.06,0.0,0,37346,6384.9566,5.1674,295.422,3.95,A
111,hotel/user,28.13,18.13,1119.06,0.0,0,8769,1499.215,1.4347,295.422,0.0712,A
111,hotel2/consul,14.68,29.65,201.79,0.0,0,15563,2660.769,1.4347,295.422,0.0534,A
111,hotel2/frontend,3024.02,98.54,1119.14,0.0,0,52091,8905.8742,10.0702,295.422,11.0,A
111,hotel2/geo,606.2,24.34,1119.06,0.0,0,23565,4028.8519,2.0187,295.422,1.74,A
111,hotel2/jaeger,0.24,14.9,81.01,0.0,0,0,326.4791,1.4347,1.525,0.0,A
111,hotel2/memcached-profile,105.11,7.69,79.25,0.0,0,12570,2149.063,1.4347,295.422,0.32,A
111,hotel2/memcached-rate,82.36,7.45,79.25,0.0,0,14413,2464.1563,1.4347,295.422,0.249,A
111,hotel2/memcached-reserve,98.24,7.11,79.25,0.0,0,5164,882.8768,1.4347,295.422,0.32,A
111,hotel2/mongodb-geo,8.83,165.08,400.43,0.0,0,469,326.4791,1.4347,1.525,0.0178,A
111,hotel2/mongodb-profile,8.85,164.78,400.43,0.0,0,579,326.4791,1.4347,1.525,0.0356,A
111,hotel2/mongodb-rate,7.67,164.6,400.43,0.0,0,2103,359.5449,1.4347,1.525,0.0356,A
111,hotel2/mongodb-recommendation,8.92,163.11,400.43,0.0312,2,612,326.4791,1.4347,1.525,0.0356,A
111,hotel2/mongodb-reservation,3996.67,284.93,400.43,0.0977,6,2578742,440881.3757,13.3092,295.422,9.25,A
111,hotel2/mongodb-user,7.75,163.74,400.43,0.0,0,1339,326.4791,1.4347,1.525,0.0178,A
111,hotel2/profile,1198.36,40.65,1119.06,0.0,0,28719,4910.019,3.9906,295.422,3.34,A
111,hotel2/rate,735.89,27.31,1119.14,0.0,0,21880,3740.7715,2.4506,295.422,2.24,A
111,hotel2/recommendation,417.42,20.85,1119.06,0.0,0,15104,2582.2949,1.4347,295.422,1.3,A
111,hotel2/reservation,817.88,136.91,1119.06,0.0,0,24237,4143.7421,2.7236,295.422,2.47,A
111,hotel2/search,1437.34,29.79,1119.06,0.0,0,29398,5026.106,4.7864,295.422,4.79,A
111,hotel2/user,21.49,17.52,1119.06,0.0,0,9845,1683.1762,1.4347,295.422,0.0712,A
111,sa1/customer-feedback,48302.63,3658.62,7135.73,0.0,0,440504,75311.9193,160.851,295.422,48.7,A
111,sa2/customer-feedback,71985.46,3554.96,7042.56,0.0,0,604348,103323.9377,239.7165,295.422,130.0,A
111,sa3/customer-feedback,48870.68,3483.19,6978.61,0.0,0,824227,140916.1264,162.7427,295.422,125.0,A
112,hotel/consul,14.69,33.25,201.79,0.0,0,10105,1703.1612,1.4347,267.7037,0.0228,A
112,hotel/frontend,3776.07,109.6,1119.14,0.0,0,84337,14214.6959,16.369,267.7037,6.41,A
112,hotel/geo,649.66,23.27,1119.06,0.0,0,21912,3693.1882,2.8162,267.7037,1.33,A
112,hotel/jaeger,0.29,14.88,81.01,0.0,0,0,326.4791,1.4347,1.525,0.0,A
112,hotel/memcached-profile,138.95,7.93,79.25,0.0,0,16580,2794.499,1.4347,267.7037,0.251,A
112,hotel/memcached-rate,82.49,7.47,79.25,0.0,0,19135,3225.135,1.4347,267.7037,0.171,A
112,hotel/memcached-reserve,103.08,7.16,79.25,0.0,0,5021,846.2714,1.4347,267.7037,0.228,A
112,hotel/mongodb-geo,8.13,170.66,400.43,0.0,0,2544,428.782,1.4347,1.525,0.0114,A
112,hotel/mongodb-profile,8.11,172.29,400.43,0.0,0,1266,326.4791,1.4347,1.525,0.0114,A
112,hotel/mongodb-rate,9.32,172.05,400.43,0.0312,2,4331,729.9744,1.4347,1.525,0.0228,A
112,hotel/mongodb-recommendation,8.32,170.45,400.43,0.0,0,1247,326.4791,1.4347,1.525,0.0114,A
112,hotel/mongodb-reservation,4079.87,295.05,400.43,0.1094,8,2552194,430163.0557,17.686,267.7037,8.43,A
112,hotel/mongodb-user,10.21,170.88,400.43,0.0352,4,1397,326.4791,1.4347,267.7037,0.0228,A
112,hotel/profile,1436.27,39.35,1119.06,0.0,0,25003,4214.1651,6.2261,267.7037,2.82,A
112,hotel/rate,888.2,30.16,1119.14,0.0,0,29304,4939.0831,3.8503,267.7037,1.63,A
112,hotel/recommendation,464.5,26.1,1119.06,0.0,0,18885,3182.9984,2.0136,267.7037,0.924,A
112,hotel/reservation,912.83,140.96,1119.06,0.0,0,17753,2992.2039,3.9571,267.7037,1.85,A
112,hotel/search,1667.03,35.91,1119.06,0.0,0,29726,5010.2096,7.2265,267.7037,3.18,A
112,hotel/user,21.1,18.24,1119.06,0.0,0,6298,1061.5051,1.4347,267.7037,0.057,A
112,hotel2/consul,15.45,29.41,201.79,0.0,0,11738,1978.3974,1.4347,267.7037,0.0228,A
112,hotel2/frontend,3337.57,97.4,1119.14,0.0,0,84049,14166.1546,14.4681,267.7037,4.84,A
112,hotel2/geo,599.96,23.52,1119.06,0.0,0,24594,4145.2296,2.6008,267.7037,1.08,A
112,hotel2/jaeger,0.25,14.9,81.01,0.0,0,0,326.4791,1.4347,1.525,0.0,A
112,hotel2/memcached-profile,105.03,8.19,79.25,0.0,0,15806,2664.0441,1.4347,267.7037,0.194,A
112,hotel2/memcached-rate,78.76,7.45,79.25,0.0,0,15075,2540.8367,1.4347,267.7037,0.137,A
112,hotel2/memcached-reserve,91.81,7.1,79.25,0.0,0,6416,1081.3936,1.4347,267.7037,0.16,A
112,hotel2/mongodb-geo,10.06,165.26,400.43,0.0,0,3428,577.777,1.4347,267.7037,0.0228,A
112,hotel2/mongodb-profile,10.43,164.78,400.43,0.0,0,799,326.4791,1.4347,267.7037,0.0228,A
112,hotel2/mongodb-rate,9.09,164.6,400.43,0.0,0,1281,326.4791,1.4347,1.525,0.0228,A
112,hotel2/mongodb-recommendation,9.27,163.11,400.43,0.0,0,405,326.4791,1.4347,1.525,0.0,A
112,hotel2/mongodb-reservation,4003.93,284.48,400.43,0.0078,4,2564011,432154.7682,17.3568,267.7037,8.22,A
112,hotel2/mongodb-user,8.39,163.74,400.43,0.0156,2,2151,362.5433,1.4347,1.525,0.0114,A
112,hotel2/profile,1239.79,40.25,1119.06,0.0,0,19004,3203.0554,5.3744,267.7037,2.16,A
112,hotel2/rate,747.75,27.66,1119.14,0.0,0,22524,3796.3386,3.2414,267.7037,1.23,A
112,hotel2/recommendation,399.99,21.89,1119.06,0.0,0,18279,3080.8593,1.7339,267.7037,0.753,A
112,hotel2/reservation,802.09,137.14,1119.06,0.0,0,18693,3150.6375,3.477,267.7037,1.43,A
112,hotel2/search,1427.59,27.69,1119.06,0.0,0,38751,6531.3407,6.1885,267.7037,2.43,A
112,hotel2/user,19.06,17.28,1119.06,0.0,0,6005,1012.121,1.4347,267.7037,0.0456,A
112,sa1/customer-feedback,54563.82,3659.68,7135.73,3.8008,38,249217,42004.6228,236.5304,267.7037,181.0,A
112,sa2/customer-feedback,38356.13,3555.19,7042.56,3.8828,38,255171,43008.1479,166.2712,267.7037,74.8,A
112,sa3/customer-feedback,46918.43,3484.2,6978.61,3.9766,38,499225,84142.5658,203.3882,267.7037,133.0,A
113,hotel/consul,12.04,33.25,201.79,0.0,0,10006,1760.1196,1.4347,255.9976,0.0219,A
113,hotel/frontend,2599.32,109.92,1119.14,0.0,0,59319,10434.5927,7.8625,255.9976,4.75,A
113,hotel/geo,558.61,24.2,1119.06,0.0,0,22039,3876.8015,1.6897,255.9976,0.929,A
113,hotel/jaeger,0.26,14.88,81.01,0.0,0,0,326.4791,1.4347,1.525,0.0,A
113,hotel/memcached-profile,111.15,7.68,79.25,0.0,0,13062,2297.6896,1.4347,255.9976,0.175,A
113,hotel/memcached-rate,68.47,7.71,79.25,0.0,0,17788,3129.0233,1.4347,255.9976,0.109,A
113,hotel/memcached-reserve,94.83,7.15,79.25,0.0,0,9200,1618.339,1.4347,255.9976,0.175,A
113,hotel/mongodb-geo,10.47,170.65,400.43,0.0742,14,1812,326.4791,1.4347,255.9976,0.0219,A
113,hotel/mongodb-profile,10.52,172.29,400.43,0.0781,16,4088,719.1054,1.4347,255.9976,0.0109,A
113,hotel/mongodb-rate,9.16,171.87,400.43,0.0,0,1431,326.4791,1.4347,1.525,0.0109,A
113,hotel/mongodb-recommendation,9.99,170.26,400.43,0.0391,8,2087,367.1167,1.4347,1.525,0.0109,A
113,hotel/mongodb-reservation,3975.09,294.9,400.43,0.0117,6,2645522,465364.2942,12.024,255.9976,6.09,A
113,hotel/mongodb-user,9.1,171.07,400.43,0.0,0,1581,326.4791,1.4347,1.525,0.0109,A
113,hotel/profile,1102.07,41.82,1119.06,0.0,0,28317,4981.142,3.3336,255.9976,1.72,A
113,hotel/rate,666.86,29.63,1119.14,0.0,0,26770,4709.0148,2.0171,255.9976,1.13,A
113,hotel/recommendation,419.97,23.62,1119.06,0.0,0,21427,3769.1468,1.4347,255.9976,0.721,A
113,hotel/reservation,764.72,141.64,1119.06,0.0,0,33715,5930.6848,2.3132,255.9976,1.25,A
113,hotel/search,1274.95,31.74,1119.06,0.0,0,38718,6810.7446,3.8565,255.9976,2.2,A
113,hotel/user,22.51,18.36,1119.06,0.0,0,14145,2488.1963,1.4347,255.9976,0.0328,A
113,hotel2/consul,12.14,29.41,201.79,0.0,0,14156,2490.1312,1.4347,255.9976,0.0219,A
113,hotel2/frontend,2496.45,100.33,1119.14,0.0,0,60171,10584.465,7.5514,255.9976,3.6,A
113,hotel2/geo,577.78,24.83,1119.06,0.0,0,26356,4636.1895,1.7477,255.9976,0.776,A
113,hotel2/jaeger,0.21,14.9,81.01,0.0,0,2334,410.5656,1.4347,1.525,0.0,A
113,hotel2/memcached-profile,98.46,7.95,79.25,0.0,0,11817,2078.6861,1.4347,255.9976,0.142,A
113,hotel2/memcached-rate,76.2,7.45,79.25,0.0,0,14466,2544.6622,1.4347,255.9976,0.109,A
113,hotel2/memcached-reserve,94.42,7.11,79.25,0.0,0,7065,1242.7788,1.4347,255.9976,0.12,A
113,hotel2/mongodb-geo,9.34,165.07,400.43,0.0,0,1970,346.5356,1.4347,1.525,0.0109,A
113,hotel2/mongodb-profile,9.61,164.78,400.43,0.0,0,1229,326.4791,1.4347,1.525,0.0109,A
113,hotel2/mongodb-rate,9.07,164.41,400.43,0.0,0,1166,326.4791,1.4347,1.525,0.0219,A
113,hotel2/mongodb-recommendation,9.0,163.11,400.43,0.0,0,1024,326.4791,1.4347,1.525,0.0219,A
113,hotel2/mongodb-reservation,3998.11,284.93,400.43,0.1445,38,2655206,467067.772,12.0936,255.9976,5.74,A
113,hotel2/mongodb-user,8.62,163.74,400.43,0.0,0,2925,514.5263,1.4347,1.525,0.0109,A
113,hotel2/profile,1081.55,40.85,1119.06,0.0,0,36859,6483.7346,3.2715,255.9976,1.6,A
113,hotel2/rate,695.6,29.72,1119.14,0.0,0,29692,5223.0133,2.1041,255.9976,0.918,A
113,hotel2/recommendation,389.73,21.29,1119.06,0.0,0,18298,3218.7356,1.4347,255.9976,0.536,A
113,hotel2/reservation,744.34,138.3,1119.06,0.0,0,25892,4554.5689,2.2515,255.9976,1.07,A
113,hotel2/search,1256.76,29.77,1119.06,0.0,0,33802,5945.9887,3.8015,255.9976,1.85,A
113,hotel2/user,24.9,17.12,1119.06,0.0,0,6298,1107.8586,1.4347,255.9976,0.0328,A
113,sa1/customer-feedback,66077.65,3660.12,7135.73,0.0,0,653001,114867.0657,199.8744,255.9976,95.9,A
113,sa2/customer-feedback,61384.22,3555.87,7042.56,0.0,0,662693,116571.9507,185.6775,255.9976,95.5,A
113,sa3/customer-feedback,60674.22,3484.32,6978.61,0.0,0,1065084,187355.1095,183.5299,255.9976,79.4,A
114,hotel/consul,12.26,33.25,201.79,0.0,0,19114,3275.6203,1.4347,273.5199,0.0384,A
114,hotel/frontend,2604.72,108.85,1119.14,0.0,0,52113,8930.7523,8.7876,273.5199,7.7,A
114,hotel/geo,543.25,24.7,1119.06,0.0,0,25905,4439.4132,1.8328,273.5199,1.44,A
114,hotel/jaeger,0.23,14.88,81.01,0.0,0,0,326.4791,1.4347,1.525,0.0,A
114,hotel/memcached-profile,103.14,8.17,79.25,0.0,0,16053,2751.048,1.4347,273.5199,0.307,A
114,hotel/memcached-rate,66.39,7.48,79.25,0.0,0,31698,5432.176,1.4347,273.5199,0.192,A
114,hotel/memcached-reserve,83.55,7.16,79.25,0.0,0,4811,824.4747,1.4347,273.5199,0.25,A
114,hotel/mongodb-geo,8.06,170.65,400.43,0.0,0,774,326.4791,1.4347,1.525,0.0384,A
114,hotel/mongodb-profile,8.09,172.29,400.43,0.0,0,752,326.4791,1.4347,1.525,0.0384,A
114,hotel/mongodb-rate,8.97,171.86,400.43,0.0,0,2788,477.7875,1.4347,1.525,0.0384,A
114,hotel/mongodb-recommendation,8.19,170.26,400.43,0.0,0,2042,349.9433,1.4347,1.525,0.0576,A
114,hotel/mongodb-reservation,4009.55,294.95,400.43,0.0781,6,2383128,408403.3906,13.5271,273.5199,10.2,A
114,hotel/mongodb-user,8.97,171.05,400.43,0.0391,8,3251,557.1331,1.4347,1.525,0.0192,A
114,hotel/profile,1016.46,41.42,1119.06,0.0,0,35777,6131.2058,3.4293,273.5199,3.02,A
114,hotel/rate,627.07,30.8,1119.14,0.0,0,22848,3915.5264,2.1156,273.5199,1.94,A
114,hotel/recommendation,364.61,22.16,1119.06,0.0,0,18551,3179.1374,1.4347,273.5199,0.961,A
114,hotel/reservation,711.05,141.65,1119.06,0.0,0,21061,3609.2832,2.3989,273.5199,1.94,A
114,hotel/search,1224.66,33.66,1119.06,0.0,0,35567,6095.2175,4.1317,273.5199,3.3,A
114,hotel/user,19.2,18.61,1119.06,0.0,0,13017,2230.7601,1.4347,273.5199,0.0384,A
114,hotel2/consul,16.08,29.41,201.79,0.0,0,12341,2114.9121,1.4347,273.5199,0.0192,A
114,hotel2/frontend,2980.9,97.6,1119.14,0.0,0,57039,9774.9349,10.0567,273.5199,11.0,A
114,hotel2/geo,602.39,25.8,1119.06,0.0,0,23056,3951.172,2.0323,273.5199,1.71,A
114,hotel2/jaeger,0.18,14.9,81.01,0.0,0,0,326.4791,1.4347,1.525,0.0,A
114,hotel2/memcached-profile,112.89,7.7,79.25,0.0,0,16263,2787.0363,1.4347,273.5199,0.346,A
114,hotel2/memcached-rate,81.77,7.45,79.25,0.0,0,17530,3004.1657,1.4347,273.5199,0.25,A
114,hotel2/memcached-reserve,109.63,7.11,79.25,0.0,0,7186,1231.4852,1.4347,273.5199,0.346,A
114,hotel2/mongodb-geo,7.73,165.09,400.43,0.0,0,3850,659.7854,1.4347,1.525,0.0384,A
114,hotel2/mongodb-profile,8.16,164.8,400.43,0.0,0,2127,364.51,1.4347,1.525,0.0192,A
114,hotel2/mongodb-rate,7.89,164.42,400.43,0.0,0,1637,326.4791,1.4347,1.525,0.0192,A
114,hotel2/mongodb-recommendation,8.06,163.11,400.43,0.0,0,214,326.4791,1.4347,1.525,0.0384,A
114,hotel2/mongodb-reservation,4000.65,284.96,400.43,0.0156,8,2602489,445995.906,13.4971,273.5199,9.99,A
114,hotel2/mongodb-user,8.34,163.74,400.43,0.0625,8,2344,401.6979,1.4347,1.525,0.0192,A
114,hotel2/profile,1241.2,40.86,1119.06,0.0,0,27760,4757.3098,4.1875,273.5199,4.11,A
114,hotel2/rate,739.62,27.71,1119.14,0.0,0,25319,4338.9887,2.4953,273.5199,2.29,A
114,hotel2/recommendation,405.31,20.9,1119.06,0.0,0,26721,4579.2534,1.4347,273.5199,1.27,A
114,hotel2/reservation,857.62,138.13,1119.06,0.0,0,30834,5284.1099,2.8934,273.5199,2.86,A
114,hotel2/search,1392.29,30.46,1119.06,0.0,0,40433,6929.1177,4.6972,273.5199,4.53,A
114,hotel2/user,21.74,17.13,1119.06,0.0,0,5971,1023.2672,1.4347,273.5199,0.0576,A
114,sa1/customer-feedback,60475.54,3660.46,7135.73,0.0,0,567254,97211.9235,204.0278,273.5199,124.0,A
114,sa2/customer-feedback,58842.79,3555.41,7042.56,0.0,0,581779,99701.1139,198.5194,273.5199,137.0,A
114,sa3/customer-feedback,53187.58,3484.72,6978.61,0.0,0,787576,134969.1283,179.4403,273.5199,49.7,A
115,hotel/consul,12.74,33.25,201.79,0.0,0,10324,1712.9955,1.4347,307.8747,0.0353,A
115,hotel/frontend,3819.61,112.41,1119.14,0.0,0,57743,9580.9278,13.9246,307.8747,10.4,A
115,hotel/geo,716.48,24.61,1119.06,0.0,0,30129,4999.1128,2.612,307.8747,1.55,A
115,hotel/jaeger,0.2,14.88,81.01,0.0,0,2185,362.5431,1.4347,1.525,0.0,A
115,hotel/memcached-profile,142.52,8.2,79.25,0.0,0,13406,2224.3721,1.4347,307.8747,0.317,A
115,hotel/memcached-rate,94.28,7.47,79.25,0.0,0,11717,1944.1271,1.4347,307.8747,0.229,A
115,hotel/memcached-reserve,128.39,7.41,79.25,0.0,0,8269,1372.0224,1.4347,307.8747,0.3,A
115,hotel/mongodb-geo,8.15,170.66,400.43,0.0312,2,1148,326.4791,1.4347,1.525,0.0353,A
115,hotel/mongodb-profile,8.13,172.3,400.43,0.0312,2,2186,362.709,1.4347,1.525,0.0353,A
115,hotel/mongodb-rate,9.17,171.86,400.43,0.0469,10,1378,326.4791,1.4347,1.525,0.0353,A
115,hotel/mongodb-recommendation,9.13,170.27,400.43,0.0586,4,1782,326.4791,1.4347,1.525,0.0176,A
115,hotel/mongodb-reservation,3926.5,294.95,400.43,0.0078,4,2794518,463676.5511,14.3143,307.8747,8.48,A
115,hotel/mongodb-user,8.26,170.89,400.43,0.0,0,2727,452.4737,1.4347,1.525,0.0176,A
115,hotel/profile,1401.72,41.71,1119.06,0.0,0,36748,6097.3613,5.11,307.8747,3.38,A
115,hotel/rate,855.53,31.23,1119.14,0.0,0,38424,6375.4493,3.1189,307.8747,1.89,A
115,hotel/recommendation,494.09,23.89,1119.06,0.0,0,22644,3757.1745,1.8012,307.8747,1.11,A
115,hotel/reservation,1053.91,142.03,1119.06,0.0,0,37884,6285.8505,3.8421,307.8747,2.29,A
115,hotel/search,1577.9,31.37,1119.06,0.0,0,40762,6763.3787,5.7523,307.8747,3.54,A
115,hotel/user,28.74,17.92,1119.06,0.0,0,10018,1662.2229,1.4347,307.8747,0.0529,A
115,hotel2/consul,12.25,29.41,201.79,0.0,0,13090,2171.9402,1.4347,307.8747,0.0353,A
115,hotel2/frontend,2615.33,98.65,1119.14,0.0,0,41335,6858.453,9.5343,307.8747,7.49,A
115,hotel2/geo,570.95,25.45,1119.06,0.0,0,23322,3869.6707,2.0814,307.8747,1.37,A
115,hotel2/jaeger,0.24,14.9,81.01,0.0,0,0,326.4791,1.4347,1.525,0.0,A
115,hotel2/memcached-profile,96.24,7.97,79.25,0.0,0,15336,2544.6047,1.4347,307.8747,0.229,A
115,hotel2/memcached-rate,70.43,7.45,79.25,0.0,0,31377,5206.1855,1.4347,307.8747,0.194,A
115,hotel2/memcached-reserve,91.43,7.12,79.25,0.0,0,6993,1160.3039,1.4347,307.8747,0.247,A
115,hotel2/mongodb-geo,8.23,165.09,400.43,0.0,0,1654,326.4791,1.4347,1.525,0.0529,A
115,hotel2/mongodb-profile,8.2,164.8,400.43,0.0,0,2070,343.4619,1.4347,1.525,0.0176,A
115,hotel2/mongodb-rate,8.26,164.43,400.43,0.0,0,3651,605.7871,1.4347,1.525,0.0176,A
115,hotel2/mongodb-recommendation,7.63,163.12,400.43,0.0,0,2230,370.0097,1.4347,1.525,0.0529,A
115,hotel2/mongodb-reservation,3982.01,284.97,400.43,0.0078,4,2750859,456432.4916,14.5166,307.8747,9.13,A
115,hotel2/mongodb-user,8.18,163.74,400.43,0.0,0,1420,326.4791,1.4347,1.525,0.0176,A
115,hotel2/profile,1015.56,40.75,1119.06,0.0,0,32753,5434.4964,3.7023,307.8747,2.84,A
115,hotel2/rate,662.62,28.0,1119.14,0.0,0,30210,5012.5527,2.4156,307.8747,1.67,A
115,hotel2/recommendation,364.45,21.0,1119.06,0.0,0,17665,2931.0408,1.4347,307.8747,0.864,A
115,hotel2/reservation,780.89,138.25,1119.06,0.0,0,25750,4272.5333,2.8468,307.8747,2.38,A
115,hotel2/search,1294.39,28.52,1119.06,0.0,0,36977,6135.3578,4.7188,307.8747,3.1,A
115,hotel2/user,19.14,17.38,1119.06,0.0,0,9280,1539.7712,1.4347,307.8747,0.0529,A
115,sa1/customer-feedback,50353.8,3660.82,7135.73,0.0,0,635832,105499.5491,183.5674,307.8747,78.2,A
115,sa2/customer-feedback,58448.84,3559.0,7042.56,0.0,0,532808,88405.4337,213.0783,307.8747,133.0,A
115,sa3/customer-feedback,62096.57,3483.06,6978.61,0.0,0,667720,110790.5216,226.3763,307.8747,116.0,A
116,hotel/consul,11.23,33.25,201.79,0.0,0,24701,4118.2427,1.4347,298.3773,0.0329,A
116,hotel/frontend,3390.44,115.07,1119.14,0.0,0,56908,9487.9137,10.4128,298.3773,7.96,A
116,hotel/geo,708.39,23.7,1119.06,0.0,0,34894,5817.6577,2.1756,298.3773,1.51,A
116,hotel/jaeger,0.25,14.88,81.01,0.0,0,0,326.4791,1.4347,1.525,0.0,A
116,hotel/memcached-profile,130.45,7.95,79.25,0.0,0,14797,2467.011,1.4347,298.3773,0.296,A
116,hotel/memcached-rate,86.96,7.47,79.25,0.0,0,16914,2819.9651,1.4347,298.3773,0.164,A
116,hotel/memcached-reserve,122.47,7.41,79.25,0.0,0,9977,1663.4026,1.4347,298.3773,0.28,A
116,hotel/mongodb-geo,6.76,170.66,400.43,0.0,0,1223,326.4791,1.4347,1.525,0.0164,A
116,hotel/mongodb-profile,6.55,172.29,400.43,0.0,0,2232,372.1274,1.4347,1.525,0.0164,A
116,hotel/mongodb-rate,8.62,171.88,400.43,0.0,0,2669,444.9856,1.4347,1.525,0.0164,A
116,hotel/mongodb-recommendation,6.8,170.51,400.43,0.0,0,943,326.4791,1.4347,1.525,0.0329,A
116,hotel/mongodb-reservation,3994.82,294.61,400.43,0.0625,4,2636660,439593.776,12.2689,298.3773,8.62,A
116,hotel/mongodb-user,8.53,170.89,400.43,0.0312,2,7542,1257.4303,1.4347,1.525,0.0164,A
116,hotel/profile,1338.36,40.08,1119.06,0.0,0,42313,7054.581,4.1104,298.3773,3.01,A
116,hotel/rate,797.66,30.87,1119.14,0.0,0,36326,6056.406,2.4498,298.3773,1.69,A
116,hotel/recommendation,469.84,24.12,1119.06,0.0,0,23900,3984.697,1.443,298.3773,1.09,A
116,hotel/reservation,967.92,144.18,1119.06,0.0,0,31895,5317.6532,2.9727,298.3773,2.22,A
116,hotel/search,1443.07,32.0,1119.06,0.0,0,47699,7952.5549,4.432,298.3773,3.21,A
116,hotel/user,26.35,18.16,1119.06,0.0,0,6993,1165.899,1.4347,298.3773,0.0658,A
116,hotel2/consul,11.47,29.41,201.79,0.0,0,11884,1981.3447,1.4347,298.3773,0.0164,A
116,hotel2/frontend,2535.64,98.02,1119.14,0.0,0,50616,8438.8881,7.7875,298.3773,5.92,A
116,hotel2/geo,574.46,23.49,1119.06,0.0,0,35919,5988.5495,1.7643,298.3773,1.18,A
116,hotel2/jaeger,0.23,14.9,81.01,0.0,0,1323,326.4791,1.4347,1.525,0.0,A
116,hotel2/memcached-profile,96.75,7.96,79.25,0.0,0,18934,3156.747,1.4347,298.3773,0.197,A
116,hotel2/memcached-rate,70.77,7.7,79.25,0.0,0,16769,2795.7901,1.4347,298.3773,0.148,A
116,hotel2/memcached-reserve,85.22,7.11,79.25,0.0,0,8373,1395.9777,1.4347,298.3773,0.181,A
116,hotel2/mongodb-geo,8.2,165.09,400.43,0.0156,2,2130,355.1215,1.4347,1.525,0.0164,A
116,hotel2/mongodb-profile,8.4,164.8,400.43,0.0156,2,1215,326.4791,1.4347,1.525,0.0493,A
116,hotel2/mongodb-rate,8.47,164.42,400.43,0.0156,2,1567,326.4791,1.4347,1.525,0.0493,A
116,hotel2/mongodb-recommendation,6.58,163.12,400.43,0.0,0,925,326.4791,1.4347,1.525,0.0329,A
116,hotel2/mongodb-reservation,4016.98,284.62,400.43,0.0078,4,2655011,442653.3231,12.337,298.3773,8.54,A
116,hotel2/mongodb-user,8.63,163.74,400.43,0.0156,2,5854,976.0007,1.4347,1.525,0.0329,A
116,hotel2/profile,1048.18,40.05,1119.06,0.0,0,38830,6473.8822,3.2192,298.3773,2.14,A
116,hotel2/rate,677.8,28.67,1119.14,0.0,0,27788,4632.9189,2.0817,298.3773,1.53,A
116,hotel2/recommendation,395.84,21.51,1119.06,0.0,0,26765,4462.3605,1.4347,298.3773,0.872,A
116,hotel2/reservation,724.0,138.52,1119.06,0.0,0,31460,5245.1284,2.2236,298.3773,1.55,A
116,hotel2/search,1207.84,28.25,1119.06,0.0,0,44265,7380.0257,3.7095,298.3773,2.6,A
116,hotel2/user,18.59,17.13,1119.06,0.0,0,8148,1358.4649,1.4347,298.3773,0.0329,A
116,sa1/customer-feedback,58699.88,3661.2,7135.73,0.0,0,702361,117100.242,180.2799,298.3773,116.0,A
116,sa2/customer-feedback,72177.46,3559.28,7042.56,0.0,0,693033,115545.0431,221.6725,298.3773,119.0,A
116,sa3/customer-feedback,56070.51,3482.59,6978.61,0.0,0,681401,113605.7127,172.2046,298.3773,159.0,A
117,hotel/consul,12.9,33.25,201.79,0.0,0,12383,2063.6465,1.4347,316.7439,0.0321,A
117,hotel/frontend,3803.79,110.5,1119.14,0.0,0,57472,9577.7993,13.9416,316.7439,6.52,A
117,hotel/geo,758.04,23.94,1119.06,0.0,0,21003,3500.183,2.7784,316.7439,1.45,A
117,hotel/jaeger,0.89,14.88,81.01,0.0,0,2093,348.8017,1.4347,1.525,0.0,A
117,hotel/memcached-profile,143.89,7.72,79.25,0.0,0,14401,2399.9493,1.4347,316.7439,0.257,A
117,hotel/memcached-rate,100.79,7.47,79.25,0.0,0,11985,1997.3191,1.4347,316.7439,0.161,A
117,hotel/memcached-reserve,135.93,7.19,79.25,0.0,0,6692,1115.2323,1.4347,316.7439,0.225,A
117,hotel/mongodb-geo,9.04,170.66,400.43,0.0312,2,190,326.4791,1.4347,1.525,0.0161,A
117,hotel/mongodb-profile,8.87,172.29,400.43,0.0391,4,2352,391.9645,1.4347,1.525,0.0161,A
117,hotel/mongodb-rate,8.48,171.88,400.43,0.0,0,900,326.4791,1.4347,1.525,0.0161,A
117,hotel/mongodb-recommendation,9.09,170.27,400.43,0.0312,2,1918,326.4791,1.4347,1.525,0.0161,A
117,hotel/mongodb-reservation,4079.74,294.68,400.43,0.0039,2,2505260,417505.5246,14.9531,316.7439,8.48,A
117,hotel/mongodb-user,8.2,170.9,400.43,0.0,0,3323,553.7832,1.4347,1.525,0.0161,A
117,hotel/profile,1521.17,39.9,1119.06,0.0,0,28975,4828.7294,5.5754,316.7439,3.01,A
117,hotel/rate,998.16,32.25,1119.14,0.0,0,22894,3815.3212,3.6585,316.7439,1.62,A
117,hotel/recommendation,516.36,22.34,1119.06,0.0,0,18830,3138.0492,1.8926,316.7439,0.948,A
117,hotel/reservation,1086.66,142.56,1119.06,0.0,0,27259,4542.7553,3.9828,316.7439,1.77,A
117,hotel/search,1819.25,32.54,1119.06,0.0,0,41080,6846.0467,6.6679,316.7439,3.21,A
117,hotel/user,27.95,17.93,1119.06,0.0,0,12527,2087.6443,1.4347,316.7439,0.0643,A
117,hotel2/consul,12.06,29.41,201.79,0.0,0,8541,1423.3711,1.4347,316.7439,0.0161,A
117,hotel2/frontend,3091.24,98.27,1119.14,0.0,0,53883,8979.6868,11.33,316.7439,6.32,A
117,hotel2/geo,628.95,24.0,1119.06,0.0,0,19908,3317.6996,2.3052,316.7439,1.43,A
117,hotel2/jaeger,0.24,14.9,81.01,0.0,0,0,326.4791,1.4347,1.525,0.0,A
117,hotel2/memcached-profile,112.0,7.7,79.25,0.0,0,15666,2610.7636,1.4347,316.7439,0.241,A
117,hotel2/memcached-rate,83.63,7.45,79.25,0.0,0,15018,2502.7734,1.4347,316.7439,0.177,A
117,hotel2/memcached-reserve,107.36,7.11,79.25,0.0,0,5011,835.091,1.4347,316.7439,0.241,A
117,hotel2/mongodb-geo,8.02,165.09,400.43,0.0,0,3123,520.4529,1.4347,1.525,0.0161,A
117,hotel2/mongodb-profile,8.23,164.8,400.43,0.0,0,6797,1132.7308,1.4347,1.525,0.0321,A
117,hotel2/mongodb-rate,8.35,164.43,400.43,0.0,0,2312,385.2984,1.4347,1.525,0.0161,A
117,hotel2/mongodb-recommendation,8.61,163.12,400.43,0.0156,2,4619,769.7636,1.4347,1.525,0.0321,A
117,hotel2/mongodb-reservation,4000.89,284.6,400.43,0.0273,6,2549430,424866.5247,14.6641,316.7439,8.36,A
117,hotel2/mongodb-user,8.72,163.74,400.43,0.0,0,1288,326.4791,1.4347,1.525,0.0321,A
117,hotel2/profile,1275.08,40.63,1119.06,0.0,0,28701,4783.0669,4.6734,316.7439,2.68,A
117,hotel2/rate,757.49,29.95,1119.14,0.0,0,24069,4011.1368,2.7764,316.7439,1.62,A
117,hotel2/recommendation,441.21,22.22,1119.06,0.0,0,16322,2720.087,1.6171,316.7439,1.04,A
117,hotel2/reservation,906.65,139.5,1119.06,0.0,0,29548,4924.2207,3.3231,316.7439,1.99,A
117,hotel2/search,1441.01,30.63,1119.06,0.0,0,35633,5938.2956,5.2816,316.7439,3.13,A
117,hotel2/user,26.15,17.27,1119.06,0.0,0,8095,1349.0445,1.4347,316.7439,0.0482,A
117,sa1/customer-feedback,70225.44,3660.89,7135.73,0.0,0,409149,68185.3252,257.3901,316.7439,188.0,A
117,sa2/customer-feedback,49255.85,3557.28,7042.56,0.0,0,825218,137523.8794,180.5324,316.7439,107.0,A
117,sa3/customer-feedback,55460.38,3483.86,6978.61,0.0,0,869827,144958.0395,203.2732,316.7439,107.0,A
118,hotel/consul,12.85,33.25,201.79,0.0,0,16220,3065.5737,1.4347,319.3585,0.0295,A
118,hotel/frontend,4245.19,112.81,1119.14,0.0,0,72718,13743.6736,12.6075,319.3585,8.19,A
118,hotel/geo,843.26,23.15,1119.06,0.0,0,29772,5626.8964,2.5043,319.3585,1.55,A
118,hotel/jaeger,0.21,14.88,81.01,0.0,0,0,326.4791,1.4347,1.525,0.0,A
118,hotel/memcached-profile,167.92,7.95,79.25,0.0,0,16336,3087.4976,1.4347,319.3585,0.324,A
118,hotel/memcached-rate,111.62,7.48,79.25,0.0,0,19572,3699.1004,1.4347,319.3585,0.206,A
118,hotel/memcached-reserve,157.56,7.17,79.25,0.0,0,7436,1405.4011,1.4347,319.3585,0.295,A
118,hotel/mongodb-geo,9.55,170.66,400.43,0.0,0,975,326.4791,1.4347,1.525,0.0147,A
118,hotel/mongodb-profile,9.55,172.29,400.43,0.0,0,2334,441.1251,1.4347,1.525,0.0295,A
118,hotel/mongodb-rate,9.83,171.88,400.43,0.0156,2,5682,1073.8958,1.4347,1.525,0.0147,A
118,hotel/mongodb-recommendation,9.06,170.26,400.43,0.0,0,3474,656.5846,1.4347,1.525,0.0295,A
118,hotel/mongodb-reservation,4156.15,295.34,400.43,0.1328,18,2205351,416810.4774,12.3431,319.3585,7.65,A
118,hotel/mongodb-user,10.26,170.89,400.43,0.0312,2,4334,819.1243,1.4347,319.3585,0.0295,A
118,hotel/profile,1707.48,40.07,1119.06,0.0,0,42777,8084.8363,5.0709,319.3585,3.13,A
118,hotel/rate,1006.37,31.75,1119.14,0.0,0,37193,7029.4625,2.9888,319.3585,1.77,A
118,hotel/recommendation,597.01,22.21,1119.06,0.0,0,22105,4177.8364,1.773,319.3585,1.05,A
118,hotel/reservation,1326.33,143.02,1119.06,0.0,0,30968,5852.9399,3.939,319.3585,2.85,A
118,hotel/search,1845.79,31.43,1119.06,0.0,0,39323,7432.0316,5.4817,319.3585,3.45,A
118,hotel/user,37.43,18.1,1119.06,0.0,0,10127,1913.999,1.4347,319.3585,0.0885,A
118,hotel2/consul,13.15,29.41,201.79,0.0,0,18877,3567.7456,1.4347,319.3585,0.0295,A
118,hotel2/frontend,2918.28,97.84,1119.14,0.0,0,59102,11170.2549,8.6668,319.3585,4.76,A
118,hotel2/geo,607.03,24.02,1119.06,0.0,0,33384,6309.563,1.8028,319.3585,1.0,A
118,hotel2/jaeger,0.24,14.9,81.01,0.0,0,2266,428.2731,1.4347,1.525,0.0,A
118,hotel2/memcached-profile,111.26,7.72,79.25,0.0,0,18721,3538.2617,1.4347,319.3585,0.192,A
118,hotel2/memcached-rate,85.61,7.46,79.25,0.0,0,16475,3113.7686,1.4347,319.3585,0.147,A
118,hotel2/memcached-reserve,112.22,7.4,79.25,0.0,0,9823,1856.5432,1.4347,319.3585,0.192,A
118,hotel2/mongodb-geo,9.74,165.09,400.43,0.0156,2,1512,326.4791,1.4347,1.525,0.0147,A
118,hotel2/mongodb-profile,10.03,164.8,400.43,0.0156,2,804,326.4791,1.4347,319.3585,0.0147,A
118,hotel2/mongodb-rate,9.9,164.86,400.43,0.0156,2,1203,326.4791,1.4347,1.525,0.0147,A
118,hotel2/mongodb-recommendation,9.13,163.12,400.43,0.0,0,1156,326.4791,1.4347,1.525,0.0295,A
118,hotel2/mongodb-reservation,4223.0,284.75,400.43,0.0039,2,2721261,514317.2658,12.5416,319.3585,7.64,A
118,hotel2/mongodb-user,9.67,163.74,400.43,0.0156,2,4025,760.7234,1.4347,1.525,0.0295,A
118,hotel2/profile,1204.35,42.12,1119.06,0.0,0,41179,7782.8149,3.5767,319.3585,2.23,A
118,hotel2/rate,751.71,28.01,1119.14,0.0,0,31294,5914.5538,2.2325,319.3585,1.34,A
118,hotel2/recommendation,413.28,20.78,1119.06,0.0,0,20844,3939.5079,1.4347,319.3585,0.708,A
118,hotel2/reservation,894.46,138.05,1119.06,0.0,0,30572,5778.0961,2.6564,319.3585,1.5,A
118,hotel2/search,1460.84,31.41,1119.06,0.0,0,40733,7698.5211,4.3385,319.3585,2.63,A
118,hotel2/user,20.56,17.54,1119.06,0.0,0,13899,2626.9056,1.4347,319.3585,0.0442,A
118,sa1/customer-feedback,74447.34,3661.31,7135.73,3.8555,42,702195,132714.5807,221.0962,319.3585,132.0,A
118,sa2/customer-feedback,47431.11,3557.91,7042.56,3.7227,36,1008074,190525.5922,140.8625,319.3585,95.4,A
118,sa3/customer-feedback,66677.61,3485.38,6978.61,3.7695,36,588161,111162.1992,198.0214,319.3585,119.0,A
119,hotel/consul,12.82,33.25,201.79,0.0,0,13429,2375.7897,1.4347,307.5943,0.0387,A
119,hotel/frontend,4260.95,109.8,1119.14,0.0,0,60224,10654.5207,18.1625,307.5943,14.0,A
119,hotel/geo,807.81,23.84,1119.06,0.0,0,20002,3538.6511,3.4433,307.5943,2.3,A
119,hotel/jaeger,0.21,14.88,81.01,0.0,0,1118,326.4791,1.4347,1.525,0.0,A
119,hotel/memcached-profile,152.1,7.7,79.25,0.0,0,14167,2506.3529,1.4347,307.5943,0.445,A
119,hotel/memcached-rate,104.15,7.49,79.25,0.0,0,8822,1560.7429,1.4347,307.5943,0.309,A
119,hotel/memcached-reserve,145.64,7.2,79.25,0.0,0,7279,1287.7633,1.4347,307.5943,0.426,A
119,hotel/mongodb-geo,9.02,170.84,400.43,0.0312,2,1379,326.4791,1.4347,1.525,0.0387,A
119,hotel/mongodb-profile,10.29,172.29,400.43,0.0312,2,956,326.4791,1.4347,307.5943,0.0387,A
119,hotel/mongodb-rate,8.75,171.84,400.43,0.0,0,512,326.4791,1.4347,1.525,0.0193,A
119,hotel/mongodb-recommendation,9.0,170.51,400.43,0.0312,2,1034,326.4791,1.4347,1.525,0.0193,A
119,hotel/mongodb-reservation,3843.32,294.67,400.43,0.0273,14,2196799,388646.3928,16.3823,307.5943,9.94,A
119,hotel/mongodb-user,7.68,170.89,400.43,0.0,0,1372,326.4791,1.4347,1.525,0.0193,A
119,hotel/profile,1556.58,40.66,1119.06,0.0,0,33414,5911.4332,6.635,307.5943,4.99,A
119,hotel/rate,977.87,31.5,1119.14,0.0,0,24688,4367.6741,4.1682,307.5943,2.59,A
119,hotel/recommendation,535.65,23.9,1119.06,0.0,0,20442,3616.4936,2.2832,307.5943,1.45,A
119,hotel/reservation,1212.47,142.43,1119.06,0.0,0,31664,5601.8322,5.1682,307.5943,3.13,A
119,hotel/search,1727.04,34.41,1119.06,0.0,0,36042,6376.3655,7.3616,307.5943,5.34,A
119,hotel/user,29.14,17.85,1119.06,0.0,0,8852,1566.0504,1.4347,307.5943,0.0774,A
119,hotel2/consul,12.96,29.41,201.79,0.0,0,13792,2440.0098,1.4347,307.5943,0.0387,A
119,hotel2/frontend,3276.66,99.83,1119.14,0.0,0,44586,7887.9261,13.9669,307.5943,10.8,A
119,hotel2/geo,648.92,23.29,1119.06,0.0,0,23937,4234.8111,2.7661,307.5943,2.07,A
119,hotel2/jaeger,0.21,14.9,81.01,0.0,0,1377,326.4791,1.4347,1.525,0.0,A
119,hotel2/memcached-profile,116.83,7.71,79.25,0.0,0,10233,1810.3698,1.4347,307.5943,0.367,A
119,hotel2/memcached-rate,89.56,7.45,79.25,0.0,0,14181,2508.8297,1.4347,307.5943,0.309,A
119,hotel2/memcached-reserve,118.72,7.11,79.25,0.0,0,5852,1035.3058,1.4347,307.5943,0.406,A
119,hotel2/mongodb-geo,8.76,165.09,400.43,0.0312,4,2542,449.7176,1.4347,1.525,0.0387,A
119,hotel2/mongodb-profile,8.86,165.05,400.43,0.0938,20,1618,326.4791,1.4347,1.525,0.0387,A
119,hotel2/mongodb-rate,8.73,164.42,400.43,0.0312,4,7948,1406.1193,1.4347,1.525,0.0387,A
119,hotel2/mongodb-recommendation,8.43,163.12,400.43,0.0586,8,1598,326.4791,1.4347,1.525,0.0387,A
119,hotel2/mongodb-reservation,3765.1,284.64,400.43,0.1484,12,2343653,414627.048,16.0489,307.5943,10.1,A
119,hotel2/mongodb-user,7.84,163.93,400.43,0.0,0,793,326.4791,1.4347,1.525,0.0193,A
119,hotel2/profile,1381.71,40.07,1119.06,0.0,0,28803,5095.6788,5.8896,307.5943,4.47,A
119,hotel2/rate,808.76,27.52,1119.14,0.0,0,25977,4595.7174,3.4474,307.5943,2.51,A
119,hotel2/recommendation,444.64,21.1,1119.06,0.0,0,15871,2807.8158,1.8953,307.5943,1.53,A
119,hotel2/reservation,949.41,136.93,1119.06,0.0,0,23081,4083.3719,4.0469,307.5943,3.06,A
119,hotel2/search,1508.73,31.12,1119.06,0.0,0,33490,5924.8787,6.431,307.5943,5.14,A
119,hotel2/user,20.89,17.8,1119.06,0.0,0,8740,1546.2359,1.4347,307.5943,0.0774,A
119,sa1/customer-feedback,60871.23,3660.45,7135.73,0.0,0,453188,80175.6927,259.4665,307.5943,126.0,A
119,sa2/customer-feedback,42157.38,3558.38,7042.56,0.0,0,610163,107946.9032,179.6978,307.5943,71.0,A
119,sa3/customer-feedback,55515.18,3485.93,6978.61,0.0,0,663897,117453.2464,236.6361,307.5943,116.0,A
120,hotel/consul,13.5,33.25,201.79,0.0,0,10779,1823.211,1.4347,339.0456,0.034,A
120,hotel/frontend,4805.28,111.7,1119.14,0.0,0,69632,11777.8854,18.4553,339.0456,9.86,A
120,hotel/geo,858.74,23.31,1119.06,0.0,0,35157,5946.6211,3.2981,339.0456,1.79,A
120,hotel/jaeger,0.18,14.88,81.01,0.0,0,2495,422.0161,1.4347,1.525,0.0,A
120,hotel/memcached-profile,172.83,8.2,79.25,0.0,0,15639,2645.2543,1.4347,339.0456,0.357,A
120,hotel/memcached-rate,117.5,7.48,79.25,0.0,0,15365,2598.9087,1.4347,339.0456,0.255,A
120,hotel/memcached-reserve,161.98,7.43,79.25,0.0,0,10273,1737.6238,1.4347,339.0456,0.357,A
120,hotel/mongodb-geo,6.8,170.84,400.43,0.0,0,2158,365.0143,1.4347,1.525,0.017,A
120,hotel/mongodb-profile,8.2,172.29,400.43,0.0,0,1672,326.4791,1.4347,1.525,0.034,A
120,hotel/mongodb-rate,7.46,171.84,400.43,0.0156,2,5054,854.8574,1.4347,1.525,0.017,A
120,hotel/mongodb-recommendation,8.12,170.27,400.43,0.0,0,2727,461.2577,1.4347,1.525,0.034,A
120,hotel/mongodb-reservation,3915.28,295.17,400.43,0.0859,14,2458852,415901.8435,15.0371,339.0456,8.36,A
120,hotel/mongodb-user,7.43,170.89,400.43,0.0312,2,892,326.4791,1.4347,1.525,0.017,A
120,hotel/profile,1804.38,40.54,1119.06,0.0,0,51641,8734.8027,6.93,339.0456,3.83,A
120,hotel/rate,1081.55,30.31,1119.14,0.0,0,35104,5937.6564,4.1538,339.0456,2.43,A
120,hotel/recommendation,609.16,24.95,1119.06,0.0,0,20348,3441.7568,2.3396,339.0456,1.21,A
120,hotel/reservation,1298.78,140.71,1119.06,0.0,0,36651,6199.3233,4.9881,339.0456,3.01,A
120,hotel/search,1879.6,32.56,1119.06,0.0,0,48289,8167.8296,7.2188,339.0456,4.03,A
120,hotel/user,40.79,18.57,1119.06,0.0,0,8126,1374.47,1.4347,339.0456,0.068,A
120,hotel2/consul,12.67,29.41,201.79,0.0,0,13571,2295.4631,1.4347,339.0456,0.034,A
120,hotel2/frontend,2793.78,98.29,1119.14,0.0,0,55464,9381.443,10.7299,339.0456,5.73,A
120,hotel2/geo,606.08,23.56,1119.06,0.0,0,32295,5462.5289,2.3277,339.0456,1.29,A
120,hotel2/jaeger,0.26,14.9,81.01,0.0,0,0,326.4791,1.4347,1.525,0.0,A
120,hotel2/memcached-profile,108.18,7.7,79.25,0.0,0,24590,4159.2688,1.4347,339.0456,0.238,A
120,hotel2/memcached-rate,81.61,7.45,79.25,0.0,0,19825,3353.2942,1.4347,339.0456,0.187,A
120,hotel2/memcached-reserve,101.04,7.11,79.25,0.0,0,10486,1773.6516,1.4347,339.0456,0.204,A
120,hotel2/mongodb-geo,8.98,165.09,400.43,0.0742,16,3808,644.1031,1.4347,1.525,0.034,A
120,hotel2/mongodb-profile,7.03,164.8,400.43,0.0156,2,3326,562.5754,1.4347,1.525,0.034,A
120,hotel2/mongodb-rate,9.52,164.42,400.43,0.0664,14,1489,326.4791,1.4347,1.525,0.017,A
120,hotel2/mongodb-recommendation,6.61,163.12,400.43,0.0469,10,3347,566.1274,1.4347,1.525,0.034,A
120,hotel2/mongodb-reservation,4003.19,284.61,400.43,0.0039,2,2801013,473776.5715,15.3748,339.0456,8.89,A
120,hotel2/mongodb-user,7.61,163.75,400.43,0.0859,18,1509,326.4791,1.4347,1.525,0.034,A
120,hotel2/profile,1118.85,40.14,1119.06,0.0,0,37399,6325.8435,4.2971,339.0456,2.3,A
120,hotel2/rate,756.77,27.46,1119.14,0.0,0,28974,4900.7992,2.9065,339.0456,1.58,A
120,hotel2/recommendation,430.99,22.01,1119.06,0.0,0,23721,4012.282,1.6553,339.0456,0.85,A
120,hotel2/reservation,816.67,136.43,1119.06,0.0,0,33634,5689.0137,3.1365,339.0456,1.7,A
120,hotel2/search,1366.99,30.55,1119.06,0.0,0,46337,7837.6591,5.2501,339.0456,2.98,A
120,hotel2/user,20.54,17.55,1119.06,0.0,0,6985,1181.4759,1.4347,339.0456,0.068,A
120,sa1/customer-feedback,73397.77,3661.96,7135.73,0.0,0,419998,71040.4459,281.8936,339.0456,172.0,A
120,sa2/customer-feedback,55548.72,3559.01,7042.56,0.0,0,949868,160665.1609,213.342,339.0456,112.0,A
120,sa3/customer-feedback,47276.15,3486.3,6978.61,0.0,0,906087,153259.8358,181.5702,339.0456,105.0,A
121,hotel/consul,11.95,33.25,201.79,0.0,0,21285,3400.9321,1.4347,308.8361,0.0321,A
121,hotel/frontend,3618.88,112.22,1119.14,0.0,0,68493,10943.8591,12.0752,308.8361,8.71,A
121,hotel/geo,721.47,24.22,1119.06,0.0,0,27125,4334.0513,2.4074,308.8361,1.72,A
121,hotel/jaeger,0.14,14.88,81.01,0.0,0,0,326.4791,1.4347,1.525,0.0,A
121,hotel/memcached-profile,137.72,7.93,79.25,0.0,0,13291,2123.6452,1.4347,308.8361,0.337,A
121,hotel/memcached-rate,94.53,7.47,79.25,0.0,0,14535,2322.4124,1.4347,308.8361,0.225,A
121,hotel/memcached-reserve,130.43,7.4,79.25,0.0,0,8674,1385.9377,1.4347,308.8361,0.337,A
121,hotel/mongodb-geo,7.49,170.66,400.43,0.0312,2,5016,801.46,1.4347,1.525,0.0161,A
121,hotel/mongodb-profile,8.45,172.48,400.43,0.0312,2,2066,330.1069,1.4347,1.525,0.0321,A
121,hotel/mongodb-rate,6.2,171.84,400.43,0.0312,4,3706,592.1473,1.4347,1.525,0.0321,A
121,hotel/mongodb-recommendation,9.34,170.27,400.43,0.0312,2,754,326.4791,1.4347,1.525,0.0321,A
121,hotel/mongodb-reservation,4065.54,294.75,400.43,0.0,0,2748201,439109.4624,13.5656,308.8361,8.96,A
121,hotel/mongodb-user,6.57,170.89,400.43,0.0,0,1108,326.4791,1.4347,1.525,0.0321,A
121,hotel/profile,1369.38,38.88,1119.06,0.0,0,44319,7081.3206,4.5693,308.8361,3.13,A
121,hotel/rate,865.36,30.44,1119.14,0.0,0,33881,5413.5297,2.8875,308.8361,2.06,A
121,hotel/recommendation,512.95,21.72,1119.06,0.0,0,22419,3582.1234,1.7116,308.8361,1.22,A
121,hotel/reservation,1042.7,140.53,1119.06,0.0,0,35835,5725.7412,3.4792,308.8361,2.51,A
121,hotel/search,1650.95,31.47,1119.06,0.0,0,46650,7453.7694,5.5088,308.8361,3.52,A
121,hotel/user,30.03,18.06,1119.06,0.0,0,12357,1974.41,1.4347,308.8361,0.0803,A
121,hotel2/consul,11.85,29.41,201.79,0.0,0,13496,2156.4002,1.4347,308.8361,0.0321,A
121,hotel2/frontend,2661.69,98.36,1119.14,0.0,0,51595,8243.8849,8.8814,308.8361,5.67,A
121,hotel2/geo,615.86,23.24,1119.06,0.0,0,34994,5591.3656,2.055,308.8361,1.3,A
121,hotel2/jaeger,1.05,14.9,81.01,0.0,0,311,326.4791,1.4347,1.525,0.0,A
121,hotel2/memcached-profile,106.78,7.69,79.25,0.0,0,16356,2613.373,1.4347,308.8361,0.241,A
121,hotel2/memcached-rate,76.09,7.44,79.25,0.0,0,16009,2557.9291,1.4347,308.8361,0.177,A
121,hotel2/memcached-reserve,92.61,7.11,79.25,0.0,0,6589,1052.795,1.4347,308.8361,0.193,A
121,hotel2/mongodb-geo,8.25,165.09,400.43,0.0,0,658,326.4791,1.4347,1.525,0.0161,A
121,hotel2/mongodb-profile,6.5,164.8,400.43,0.0,0,854,326.4791,1.4347,1.525,0.0161,A
121,hotel2/mongodb-rate,8.38,164.42,400.43,0.0,0,630,326.4791,1.4347,1.525,0.0321,A
121,hotel2/mongodb-recommendation,7.11,163.32,400.43,0.0156,2,773,326.4791,1.4347,1.525,0.0161,A
121,hotel2/mongodb-reservation,3993.81,284.9,400.43,0.0273,4,2650954,423571.2693,13.3263,308.8361,8.35,A
121,hotel2/mongodb-user,6.24,163.75,400.43,0.0,0,2501,399.6115,1.4347,1.525,0.0321,A
121,hotel2/profile,1146.65,40.62,1119.06,0.0,0,39065,6241.8328,3.8261,308.8361,2.54,A
121,hotel2/rate,669.24,28.12,1119.14,0.0,0,34642,5535.1228,2.2331,308.8361,1.46,A
121,hotel2/recommendation,427.96,23.61,1119.06,0.0,0,17464,2790.41,1.4347,308.8361,0.932,A
121,hotel2/reservation,796.22,136.16,1119.06,0.0,0,28323,4525.4686,2.6568,308.8361,1.82,A
121,hotel2/search,1322.34,28.39,1119.06,0.0,0,40014,6393.4647,4.4123,308.8361,2.71,A
121,hotel2/user,20.92,17.3,1119.06,0.0,0,11955,1910.1782,1.4347,308.8361,0.0643,A
121,sa1/customer-feedback,83223.43,3662.1,7135.73,0.0,0,386372,61734.7862,277.6945,308.8361,188.0,A
121,sa2/customer-feedback,45266.42,3559.44,7042.56,0.0,0,974158,155651.6411,151.042,308.8361,76.9,A
121,sa3/customer-feedback,58121.11,3485.14,6978.61,0.0,0,1151006,183908.5372,193.9347,308.8361,125.0,A
122,hotel/consul,14.12,33.25,201.79,0.0,0,11874,2063.5946,1.4347,305.102,0.0417,A
122,hotel/frontend,3828.33,112.53,1119.14,0.0,0,52915,9196.1519,12.573,305.102,10.6,A
122,hotel/geo,752.33,24.32,1119.06,0.0,0,27407,4763.0905,2.4708,305.102,2.34,A
122,hotel/jaeger,0.2,14.88,81.01,0.0,0,2122,368.7845,1.4347,1.525,0.0,A
122,hotel/memcached-profile,132.89,7.95,79.25,0.0,0,16136,2804.2919,1.4347,305.102,0.375,A
122,hotel/memcached-rate,93.31,7.48,79.25,0.0,0,16970,2949.2336,1.4347,305.102,0.271,A
122,hotel/memcached-reserve,119.35,7.16,79.25,0.0,0,6230,1082.7181,1.4347,305.102,0.334,A
122,hotel/mongodb-geo,8.64,170.66,400.43,0.0,0,2120,368.437,1.4347,1.525,0.0209,A
122,hotel/mongodb-profile,8.7,172.3,400.43,0.0,0,2484,431.6969,1.4347,1.525,0.0417,A
122,hotel/mongodb-rate,9.39,171.84,400.43,0.0156,2,2058,357.6619,1.4347,1.525,0.0209,A
122,hotel/mongodb-recommendation,9.72,170.26,400.43,0.0,0,559,326.4791,1.4347,1.525,0.0417,A
122,hotel/mongodb-reservation,4015.5,295.21,400.43,0.0781,8,2464051,428229.9415,13.1877,305.102,10.6,A
122,hotel/mongodb-user,9.83,170.89,400.43,0.0312,2,1219,326.4791,1.4347,1.525,0.0417,A
122,hotel/profile,1533.06,42.18,1119.06,0.0,0,33815,5876.7434,5.0349,305.102,4.67,A
122,hotel/rate,832.5,31.68,1119.14,0.0,0,29634,5150.1231,2.7341,305.102,2.27,A
122,hotel/recommendation,498.42,22.23,1119.06,0.0,0,18464,3208.8774,1.6369,305.102,1.59,A
122,hotel/reservation,1019.4,140.04,1119.06,0.0,0,28106,4884.5705,3.3479,305.102,3.13,A
122,hotel/search,1630.6,33.52,1119.06,0.0,0,38937,6766.901,5.3552,305.102,4.96,A
122,hotel/user,24.44,18.06,1119.06,0.0,0,11362,1974.6136,1.4347,305.102,0.0626,A
122,hotel2/consul,13.56,29.41,201.79,0.0,0,13066,2270.7535,1.4347,305.102,0.0417,A
122,hotel2/frontend,2853.35,97.39,1119.14,0.0,0,46816,8136.2005,9.371,305.102,8.53,A
122,hotel2/geo,606.87,25.09,1119.06,0.0,0,23923,4157.6026,1.9931,305.102,1.96,A
122,hotel2/jaeger,0.26,14.9,81.01,0.0,0,0,326.4791,1.4347,1.525,0.0,A
122,hotel2/memcached-profile,104.36,8.2,79.25,0.0,0,15493,2692.5443,1.4347,305.102,0.334,A
122,hotel2/memcached-rate,80.89,7.45,79.25,0.0,0,15201,2641.7973,1.4347,305.102,0.292,A
122,hotel2/memcached-reserve,100.11,7.11,79.25,0.0,0,8331,1447.853,1.4347,305.102,0.355,A
122,hotel2/mongodb-geo,9.88,165.09,400.43,0.0195,2,1399,326.4791,1.4347,1.525,0.0209,A
122,hotel2/mongodb-profile,9.07,164.8,400.43,0.0195,2,1459,326.4791,1.4347,1.525,0.0417,A
122,hotel2/mongodb-rate,9.94,164.43,400.43,0.0195,2,857,326.4791,1.4347,1.525,0.0417,A
122,hotel2/mongodb-recommendation,8.74,163.12,400.43,0.0,0,408,326.4791,1.4347,1.525,0.0209,A
122,hotel2/mongodb-reservation,4003.68,284.79,400.43,0.0,0,2686590,466905.2217,13.1489,305.102,10.9,A
122,hotel2/mongodb-user,9.06,163.75,400.43,0.0195,2,2067,359.226,1.4347,1.525,0.0417,A
122,hotel2/profile,1166.44,42.59,1119.06,0.0,0,24919,4330.6985,3.8308,305.102,4.07,A
122,hotel2/rate,753.42,28.42,1119.14,0.0,0,21420,3722.6037,2.4744,305.102,2.63,A
122,hotel2/recommendation,401.48,22.48,1119.06,0.0,0,20287,3525.6985,1.4347,305.102,1.29,A
122,hotel2/reservation,764.24,136.82,1119.06,0.0,0,25668,4460.868,2.5099,305.102,2.57,A
122,hotel2/search,1348.13,30.12,1119.06,0.0,0,39788,6914.7972,4.4275,305.102,4.4,A
122,hotel2/user,16.59,17.3,1119.06,0.0,0,9116,1584.279,1.4347,305.102,0.0626,A
122,sa1/customer-feedback,57524.27,3662.43,7135.73,0.0,0,462381,80357.6665,188.921,305.102,96.8,A
122,sa2/customer-feedback,58633.58,3559.48,7042.56,0.0,0,739548,128526.8027,192.5642,305.102,115.0,A
122,sa3/customer-feedback,53177.33,3486.28,6978.61,0.0,0,802086,139395.3456,174.6448,305.102,128.0,A
123,hotel/consul,13.54,33.25,201.79,0.0,0,8960,1656.0382,1.4347,281.1952,0.0302,A
123,hotel/frontend,3913.78,112.23,1119.14,0.0,0,76310,14104.0489,17.8927,281.1952,5.43,A
123,hotel/geo,704.73,26.03,1119.06,0.0,0,18132,3351.2595,3.2218,281.1952,1.16,A
123,hotel/jaeger,0.21,14.88,81.01,0.0,0,0,326.4791,1.4347,1.525,0.0151,A
123,hotel/memcached-profile,131.25,7.7,79.25,0.0,0,9957,1840.3095,1.4347,281.1952,0.241,A
123,hotel/memcached-rate,100.34,7.73,79.25,0.0,0,12364,2285.1849,1.4347,281.1952,0.181,A
123,hotel/memcached-reserve,125.57,7.41,79.25,0.0,0,6448,1191.7561,1.4347,281.1952,0.211,A
123,hotel/mongodb-geo,10.34,170.84,400.43,0.0,0,793,326.4791,1.4347,281.1952,0.0302,A
123,hotel/mongodb-profile,10.23,172.29,400.43,0.0,0,4809,888.8268,1.4347,281.1952,0.0151,A
123,hotel/mongodb-rate,9.15,171.84,400.43,0.0,0,874,326.4791,1.4347,1.525,0.0151,A
123,hotel/mongodb-recommendation,10.89,170.26,400.43,0.0,0,636,326.4791,1.4347,281.1952,0.0302,A
123,hotel/mongodb-reservation,3981.47,295.53,400.43,0.0469,12,2502703,462563.8255,18.2021,281.1952,7.8,A
123,hotel/mongodb-user,9.32,170.89,400.43,0.0,0,1100,326.4791,1.4347,1.525,0.0151,A
123,hotel/profile,1632.2,39.27,1119.06,0.0,0,27891,5154.9735,7.4619,281.1952,2.34,A
123,hotel/rate,954.28,29.09,1119.14,0.0,0,19692,3639.5876,4.3627,281.1952,1.51,A
123,hotel/recommendation,527.85,22.39,1119.06,0.0,0,17756,3281.7651,2.4132,281.1952,0.995,A
123,hotel/reservation,1064.92,142.53,1119.06,0.0,0,28063,5186.7635,4.8685,281.1952,1.64,A
123,hotel/search,1818.01,33.41,1119.06,0.0,0,31704,5859.7139,8.3114,281.1952,2.5,A
123,hotel/user,30.19,18.06,1119.06,0.0,0,13204,2440.4385,1.4347,281.1952,0.0603,A
123,hotel2/consul,12.97,29.41,201.79,0.0,0,10754,1987.6155,1.4347,281.1952,0.0151,A
123,hotel2/frontend,3145.72,99.26,1119.14,0.0,0,48740,9008.4045,14.3813,281.1952,5.99,A
123,hotel2/geo,664.47,23.75,1119.06,0.0,0,18070,3339.8003,3.0378,281.1952,1.13,A
123,hotel2/jaeger,0.23,14.9,81.01,0.0,0,0,326.4791,1.4347,1.525,0.0,A
123,hotel2/memcached-profile,109.77,7.71,79.25,0.0,0,11347,2097.2172,1.4347,281.1952,0.211,A
123,hotel2/memcached-rate,85.46,7.7,79.25,0.0,0,14326,2647.8129,1.4347,281.1952,0.151,A
123,hotel2/memcached-reserve,103.57,7.12,79.25,0.0,0,5712,1055.7244,1.4347,281.1952,0.211,A
123,hotel2/mongodb-geo,9.56,165.09,400.43,0.0,0,1155,326.4791,1.4347,1.525,0.0302,A
123,hotel2/mongodb-profile,9.06,164.8,400.43,0.0,0,1077,326.4791,1.4347,1.525,0.0151,A
123,hotel2/mongodb-rate,9.17,164.43,400.43,0.0,0,2274,420.2936,1.4347,1.525,0.0452,A
123,hotel2/mongodb-recommendation,9.99,163.13,400.43,0.0195,2,1298,326.4791,1.4347,1.525,0.0302,A
123,hotel2/mongodb-reservation,4003.24,284.79,400.43,0.0312,6,2321653,429101.1331,18.3017,281.1952,7.86,A
123,hotel2/mongodb-user,8.89,163.75,400.43,0.0,0,1397,326.4791,1.4347,1.525,0.0452,A
123,hotel2/profile,1307.0,40.11,1119.06,0.0,0,24592,4545.2335,5.9752,281.1952,2.32,A
123,hotel2/rate,776.56,27.49,1119.14,0.0,0,24118,4457.6262,3.5502,281.1952,1.52,A
123,hotel2/recommendation,422.1,22.79,1119.06,0.0,0,14340,2650.4005,1.9297,281.1952,0.829,A
123,hotel2/reservation,856.99,137.2,1119.06,0.0,0,21312,3939.0052,3.9179,281.1952,1.6,A
123,hotel2/search,1489.54,31.34,1119.06,0.0,0,28163,5205.2461,6.8097,281.1952,2.56,A
123,hotel2/user,19.31,17.3,1119.06,0.0,0,6753,1248.1279,1.4347,281.1952,0.0452,A
123,sa1/customer-feedback,53553.8,3663.34,7135.73,0.0,0,479144,88558.1236,244.8325,281.1952,127.0,A
123,sa2/customer-feedback,56044.75,3560.73,7042.56,0.0,0,527399,97476.8876,256.2204,281.1952,121.0,A
123,sa3/customer-feedback,51248.27,3488.43,6978.61,0.0,0,663577,122646.0813,234.2923,281.1952,117.0,A
124,hotel/consul,16.4,33.25,201.79,0.0,0,10183,1790.155,1.4347,298.4301,0.0199,A
124,hotel/frontend,3955.26,111.46,1119.14,0.0,0,117672,20686.5484,23.1155,298.4301,4.91,A
124,hotel/geo,648.15,24.07,1119.06,0.0,0,19230,3380.6031,3.7879,298.4301,1.09,A
124,hotel/jaeger,0.28,14.88,81.01,0.0,0,0,326.4791,1.4347,1.525,0.0,A
124,hotel/memcached-profile,133.09,8.18,79.25,0.0,0,10248,1801.5819,1.4347,298.4301,0.209,A
124,hotel/memcached-rate,91.66,7.46,79.25,0.0,0,11428,2009.024,1.4347,298.4301,0.139,A
124,hotel/memcached-reserve,113.84,7.17,79.25,0.0,0,4125,725.1684,1.4347,298.4301,0.169,A
124,hotel/mongodb-geo,9.02,170.66,400.43,0.0,0,1771,326.4791,1.4347,1.525,0.0099,A
124,hotel/mongodb-profile,9.41,172.29,400.43,0.0,0,310,326.4791,1.4347,1.525,0.0298,A
124,hotel/mongodb-rate,9.86,171.85,400.43,0.0195,2,358,326.4791,1.4347,1.525,0.0199,A
124,hotel/mongodb-recommendation,9.51,170.27,400.43,0.0,0,311,326.4791,1.4347,1.525,0.0199,A
124,hotel/mongodb-reservation,4016.32,295.2,400.43,0.0742,22,2353385,413721.2988,23.4724,298.4301,7.32,A
124,hotel/mongodb-user,10.33,170.89,400.43,0.0,0,1890,332.259,1.4347,298.4301,0.0099,A
124,hotel/profile,1591.37,47.06,1119.06,0.0,0,22711,3992.5573,9.3004,298.4301,1.8,A
124,hotel/rate,855.36,31.5,1119.14,0.0,0,18959,3332.9617,4.9989,298.4301,1.32,A
124,hotel/recommendation,487.43,22.43,1119.06,0.0,0,11688,2054.7316,2.8487,298.4301,0.765,A
124,hotel/reservation,1051.46,142.21,1119.06,0.0,0,39917,7017.3444,6.145,298.4301,1.51,A
124,hotel/search,1731.53,32.1,1119.06,0.0,0,21987,3865.2792,10.1195,298.4301,2.56,A
124,hotel/user,22.22,18.31,1119.06,0.0,0,4276,751.7139,1.4347,298.4301,0.0298,A
124,hotel2/consul,14.65,29.41,201.79,0.0,0,10228,1798.066,1.4347,298.4301,0.0199,A
124,hotel2/frontend,4207.56,105.96,1119.14,0.0,0,48938,8603.2217,24.59,298.4301,3.94,A
124,hotel2/geo,733.41,24.03,1119.06,0.0,0,15165,2665.9826,4.2862,298.4301,0.974,A
124,hotel2/jaeger,0.26,14.9,81.01,0.0,0,0,326.4791,1.4347,1.525,0.0,A
124,hotel2/memcached-profile,134.64,7.69,79.25,0.0,0,9029,1587.2837,1.4347,298.4301,0.159,A
124,hotel2/memcached-rate,97.71,7.45,79.25,0.0,0,9713,1707.5298,1.4347,298.4301,0.129,A
124,hotel2/memcached-reserve,118.31,7.11,79.25,0.0,0,4833,849.6336,1.4347,298.4301,0.159,A
124,hotel2/mongodb-geo,9.94,165.09,400.43,0.0195,2,354,326.4791,1.4347,1.525,0.0199,A
124,hotel2/mongodb-profile,9.79,165.05,400.43,0.0195,2,1334,326.4791,1.4347,1.525,0.0199,A
124,hotel2/mongodb-rate,9.61,164.43,400.43,0.0195,2,1253,326.4791,1.4347,1.525,0.0199,A
124,hotel2/mongodb-recommendation,9.27,163.13,400.43,0.0,0,605,326.4791,1.4347,1.525,0.0099,A
124,hotel2/mongodb-reservation,3983.14,284.8,400.43,0.0117,6,2499314,439375.3823,23.2785,298.4301,7.13,A
124,hotel2/mongodb-user,10.07,163.75,400.43,0.0195,2,1227,326.4791,1.4347,298.4301,0.0199,A
124,hotel2/profile,1645.79,39.69,1119.06,0.0,0,20883,3671.1978,9.6184,298.4301,1.81,A
124,hotel2/rate,909.96,30.5,1119.14,0.0,0,14197,2495.8098,5.318,298.4301,1.06,A
124,hotel2/recommendation,534.71,20.4,1119.06,0.0,0,12295,2161.4412,3.125,298.4301,0.666,A
124,hotel2/reservation,1041.02,136.95,1119.06,0.0,0,18488,3250.1607,6.084,298.4301,1.36,A
124,hotel2/search,1775.05,29.22,1119.06,0.0,0,25996,4570.055,10.3738,298.4301,2.1,A
124,hotel2/user,19.89,17.3,1119.06,0.0,0,4574,804.1018,1.4347,298.4301,0.0298,A
124,sa1/customer-feedback,43924.44,3665.91,7135.73,3.8594,38,186361,32761.9641,256.7053,298.4301,109.0,A
124,sa2/customer-feedback,37301.21,3562.1,7042.56,3.8555,40,214182,37652.8512,217.9975,298.4301,115.0,A
124,sa3/customer-feedback,45160.69,3489.12,6978.61,3.9414,38,463897,81552.3467,263.9303,298.4301,119.0,A
125,hotel/consul,14.33,33.25,201.79,0.0,0,12757,2116.1034,1.4347,312.8917,0.0171,A
125,hotel/frontend,3740.81,112.73,1119.14,0.0,0,71368,11838.3685,15.9258,312.8917,4.23,A
125,hotel/geo,684.76,26.88,1119.06,0.0,0,25645,4253.9368,2.9152,312.8917,0.727,A
125,hotel/jaeger,0.19,14.88,81.01,0.0,0,0,326.4791,1.4347,1.525,0.0,A
125,hotel/memcached-profile,134.34,7.95,79.25,0.0,0,10412,1727.1199,1.4347,312.8917,0.145,A
125,hotel/memcached-rate,94.57,7.48,79.25,0.0,0,16562,2747.2685,1.4347,312.8917,0.111,A
125,hotel/memcached-reserve,121.3,7.43,79.25,0.0,0,7296,1210.2446,1.4347,312.8917,0.128,A
125,hotel/mongodb-geo,9.66,170.67,400.43,0.0547,14,1541,326.4791,1.4347,1.525,0.0086,A
125,hotel/mongodb-profile,9.49,172.31,400.43,0.0508,12,2920,484.3632,1.4347,1.525,0.0086,A
125,hotel/mongodb-rate,9.08,171.86,400.43,0.0,0,3868,641.6154,1.4347,1.525,0.0086,A
125,hotel/mongodb-recommendation,9.61,170.45,400.43,0.0156,8,2264,375.5474,1.4347,1.525,0.0171,A
125,hotel/mongodb-reservation,3973.51,295.19,400.43,0.0078,4,2575680,427248.191,16.9165,312.8917,4.09,A
125,hotel/mongodb-user,8.46,170.89,400.43,0.0,0,2457,407.5618,1.4347,1.525,0.0171,A
125,hotel/profile,1508.4,41.02,1119.06,0.0,0,44122,7318.8613,6.4217,312.8917,1.56,A
125,hotel/rate,906.22,30.14,1119.14,0.0,0,26632,4417.6582,3.8581,312.8917,1.13,A
125,hotel/recommendation,486.64,23.07,1119.06,0.0,0,18805,3119.3325,2.0718,312.8917,0.598,A
125,hotel/reservation,998.07,143.37,1119.06,0.0,0,25270,4191.7326,4.2491,312.8917,1.21,A
125,hotel/search,1692.04,36.18,1119.06,0.0,0,33827,5611.1491,7.2035,312.8917,1.75,A
125,hotel/user,22.03,18.18,1119.06,0.0,0,7960,1320.3875,1.4347,312.8917,0.0256,A
125,hotel2/consul,12.86,29.65,201.79,0.0,0,16234,2692.8606,1.4347,312.8917,0.0171,A
125,hotel2/frontend,3213.53,97.66,1119.14,0.0,0,50980,8456.4514,13.681,312.8917,3.72,A
125,hotel2/geo,649.16,23.43,1119.06,0.0,0,23459,3891.3278,2.7637,312.8917,0.692,A
125,hotel2/jaeger,0.22,14.9,81.01,0.0,0,927,326.4791,1.4347,1.525,0.0,A
125,hotel2/memcached-profile,120.46,7.71,79.25,0.0,0,14712,2440.3945,1.4347,312.8917,0.137,A
125,hotel2/memcached-rate,89.33,7.45,79.25,0.0,0,13508,2240.6776,1.4347,312.8917,0.103,A
125,hotel2/memcached-reserve,109.86,7.12,79.25,0.0,0,5657,938.3708,1.4347,312.8917,0.111,A
125,hotel2/mongodb-geo,8.76,165.09,400.43,0.0,0,1524,326.4791,1.4347,1.525,0.0256,A
125,hotel2/mongodb-profile,8.49,164.8,400.43,0.0,0,1589,326.4791,1.4347,1.525,0.0086,A
125,hotel2/mongodb-rate,8.7,164.43,400.43,0.0,0,2773,459.9792,1.4347,1.525,0.0171,A
125,hotel2/mongodb-recommendation,9.41,163.13,400.43,0.0195,2,585,326.4791,1.4347,1.525,0.0086,A
125,hotel2/mongodb-reservation,4007.7,285.34,400.43,0.1094,24,2719297,451071.0663,17.062,312.8917,4.39,A
125,hotel2/mongodb-user,8.18,163.75,400.43,0.0,0,2789,462.6332,1.4347,1.525,0.0086,A
125,hotel2/profile,1391.7,42.82,1119.06,0.0,0,29131,4832.1869,5.9249,312.8917,1.62,A
125,hotel2/rate,822.07,28.46,1119.14,0.0,0,23273,3860.4746,3.4998,312.8917,0.949,A
125,hotel2/recommendation,456.47,21.82,1119.06,0.0,0,15277,2534.1155,1.9433,312.8917,0.513,A
125,hotel2/reservation,907.63,135.62,1119.06,0.0,0,24622,4084.2438,3.8641,312.8917,0.932,A
125,hotel2/search,1518.76,29.07,1119.06,0.0,0,31941,5298.3035,6.4658,312.8917,1.51,A
125,hotel2/user,21.49,17.31,1119.06,0.0,0,8254,1369.1556,1.4347,312.8917,0.0171,A
125,sa1/customer-feedback,54750.95,3666.27,7135.73,0.0,0,428111,71014.1207,233.0917,312.8917,40.3,A
125,sa2/customer-feedback,54653.98,3561.95,7042.56,0.0,0,429884,71308.222,232.6788,312.8917,79.5,A
125,sa3/customer-feedback,52436.23,3489.73,6978.61,0.0,0,740461,122826.0587,223.2372,312.8917,59.8,A
126,hotel/consul,12.85,33.25,201.79,0.0,0,18336,3398.0427,1.4347,298.2794,0.0282,A
126,hotel/frontend,3847.9,112.71,1119.14,0.0,0,73612,13641.8367,12.1006,298.2794,7.23,A
126,hotel/geo,730.11,26.72,1119.06,0.0,0,25348,4697.5123,2.296,298.2794,1.18,A
126,hotel/jaeger,0.28,14.88,81.01,0.0,0,0,326.4791,1.4347,1.525,0.0,A
126,hotel/memcached-profile,138.72,7.94,79.25,0.0,0,10820,2005.1714,1.4347,298.2794,0.211,A
126,hotel/memcached-rate,98.47,7.48,79.25,0.0,0,13178,2442.1579,1.4347,298.2794,0.169,A
126,hotel/memcached-reserve,137.22,7.16,79.25,0.0,0,6223,1153.2515,1.4347,298.2794,0.225,A
126,hotel/mongodb-geo,8.93,171.11,400.43,0.0,0,2701,500.5516,1.4347,1.525,0.0423,A
126,hotel/mongodb-profile,8.9,172.31,400.43,0.0,0,1505,326.4791,1.4347,1.525,0.0282,A
126,hotel/mongodb-rate,9.66,171.86,400.43,0.0195,2,5434,1007.0334,1.4347,1.525,0.0141,A
126,hotel/mongodb-recommendation,9.33,170.29,400.43,0.0,0,1636,326.4791,1.4347,1.525,0.0423,A
126,hotel/mongodb-reservation,3944.85,294.79,400.43,0.0117,6,2345081,434592.3509,12.4055,298.2794,7.3,A
126,hotel/mongodb-user,10.27,171.08,400.43,0.0156,8,2131,394.9187,1.4347,298.2794,0.0282,A
126,hotel/profile,1618.61,39.95,1119.06,0.0,0,33729,6250.6862,5.0901,298.2794,2.65,A
126,hotel/rate,910.29,29.58,1119.14,0.0,0,23102,4281.2818,2.8626,298.2794,1.63,A
126,hotel/recommendation,542.43,24.64,1119.06,0.0,0,18316,3394.3363,1.7058,298.2794,1.0,A
126,hotel/reservation,1035.59,142.71,1119.06,0.0,0,26817,4969.7486,3.2566,298.2794,1.73,A
126,hotel/search,1738.54,31.39,1119.06,0.0,0,40735,7549.0439,5.4672,298.2794,2.83,A
126,hotel/user,26.91,18.31,1119.06,0.0,0,7222,1338.387,1.4347,298.2794,0.0564,A
126,hotel2/consul,12.41,29.41,201.79,0.0,0,12212,2263.1379,1.4347,298.2794,0.0141,A
126,hotel2/frontend,2513.81,99.8,1119.14,0.0,0,51800,9599.6189,7.9052,298.2794,3.99,A
126,hotel2/geo,577.7,25.28,1119.06,0.0,0,21858,4050.7426,1.8167,298.2794,0.902,A
126,hotel2/jaeger,0.21,14.9,81.01,0.0,0,0,326.4791,1.4347,1.525,0.0,A
126,hotel2/memcached-profile,101.08,7.72,79.25,0.0,0,17610,3263.4998,1.4347,298.2794,0.155,A
126,hotel2/memcached-rate,77.1,7.71,79.25,0.0,0,15601,2891.1902,1.4347,298.2794,0.113,A
126,hotel2/memcached-reserve,94.05,7.11,79.25,0.0,0,7790,1443.6492,1.4347,298.2794,0.127,A
126,hotel2/mongodb-geo,9.83,165.09,400.43,0.0352,4,3265,605.0725,1.4347,1.525,0.0423,A
126,hotel2/mongodb-profile,9.29,164.8,400.43,0.0195,2,2819,522.4194,1.4347,1.525,0.0141,A
126,hotel2/mongodb-rate,9.1,164.43,400.43,0.0195,2,2971,550.5882,1.4347,1.525,0.0282,A
126,hotel2/mongodb-recommendation,9.02,163.13,400.43,0.0,0,2668,494.436,1.4347,1.525,0.0282,A
126,hotel2/mongodb-reservation,3997.61,284.34,400.43,0.0039,2,2540949,470890.7707,12.5714,298.2794,7.29,A
126,hotel2/mongodb-user,9.91,163.75,400.43,0.0195,2,1093,326.4791,1.4347,1.525,0.0141,A
126,hotel2/profile,1248.5,41.44,1119.06,0.0,0,28493,5280.3463,3.9262,298.2794,1.82,A
126,hotel2/rate,700.82,28.46,1119.14,0.0,0,25332,4694.5472,2.2039,298.2794,1.07,A
126,hotel2/recommendation,388.89,21.22,1119.06,0.0,0,22643,4196.2195,1.4347,298.2794,0.634,A
126,hotel2/reservation,797.24,137.86,1119.06,0.0,0,24824,4600.4042,2.5071,298.2794,1.18,A
126,hotel2/search,1283.89,29.13,1119.06,0.0,0,32711,6062.0296,4.0375,298.2794,2.25,A
126,hotel2/user,23.62,17.36,1119.06,0.0,0,8192,1518.1482,1.4347,298.2794,0.0564,A
126,sa1/customer-feedback,54075.24,3666.96,7135.73,0.0,0,541830,100412.3838,170.0518,298.2794,77.7,A
126,sa2/customer-feedback,63118.65,3563.39,7042.56,0.0,0,580603,107597.8283,198.4908,298.2794,129.0,A
126,sa3/customer-feedback,53777.47,3489.09,6978.61,0.0,0,782709,145052.2794,169.1154,298.2794,126.0,A
127,hotel/consul,14.25,33.5,201.79,0.0,0,14576,2592.6668,1.4347,314.5497,0.0306,A
127,hotel/frontend,3624.4,111.2,1119.14,0.0,0,59778,10632.8511,12.9421,314.5497,7.34,A
127,hotel/geo,678.77,23.06,1119.06,0.0,0,30553,5434.5328,2.4238,314.5497,1.53,A
127,hotel/jaeger,0.21,14.88,81.01,0.0,0,2995,532.7276,1.4347,1.525,0.0,A
127,hotel/memcached-profile,128.32,7.68,79.25,0.0,0,14071,2502.8413,1.4347,314.5497,0.26,A
127,hotel/memcached-rate,88.37,7.49,79.25,0.0,0,16103,2864.2778,1.4347,314.5497,0.214,A
127,hotel/memcached-reserve,118.73,7.16,79.25,0.0,0,9390,1670.221,1.4347,314.5497,0.229,A
127,hotel/mongodb-geo,8.94,170.67,400.43,0.0156,2,5354,952.3284,1.4347,1.525,0.0306,A
127,hotel/mongodb-profile,8.85,172.5,400.43,0.0156,2,2785,495.3744,1.4347,1.525,0.0153,A
127,hotel/mongodb-rate,8.83,171.87,400.43,0.0547,16,2627,467.2706,1.4347,1.525,0.0459,A
127,hotel/mongodb-recommendation,8.97,170.46,400.43,0.0156,2,720,326.4791,1.4347,1.525,0.0459,A
127,hotel/mongodb-reservation,4004.25,294.85,400.43,0.0039,2,2601032,462651.5762,14.2985,314.5497,7.94,A
127,hotel/mongodb-user,8.08,171.09,400.43,0.0,0,3064,545.0008,1.4347,1.525,0.0153,A
127,hotel/profile,1359.73,39.0,1119.06,0.0,0,33864,6023.468,4.8554,314.5497,3.27,A
127,hotel/rate,847.97,29.89,1119.14,0.0,0,32084,5706.8553,3.028,314.5497,1.8,A
127,hotel/recommendation,483.52,22.56,1119.06,0.0,0,23681,4212.1942,1.7266,314.5497,1.02,A
127,hotel/reservation,948.48,141.51,1119.06,0.0,0,28807,5123.9677,3.3869,314.5497,1.91,A
127,hotel/search,1540.38,30.03,1119.06,0.0,0,41369,7358.3997,5.5004,314.5497,3.03,A
127,hotel/user,30.92,18.42,1119.06,0.0,0,8980,1597.2934,1.4347,314.5497,0.0612,A
127,hotel2/consul,13.21,29.41,201.79,0.0,0,18234,3243.3237,1.4347,314.5497,0.0306,A
127,hotel2/frontend,3233.82,102.46,1119.14,0.0,0,67235,11959.2449,11.5474,314.5497,6.12,A
127,hotel2/geo,670.25,23.07,1119.06,0.0,0,30802,5478.823,2.3933,314.5497,1.3,A
127,hotel2/jaeger,0.22,14.9,81.01,0.0,0,0,326.4791,1.4347,1.525,0.0,A
127,hotel2/memcached-profile,114.59,7.96,79.25,0.0,0,15827,2815.1851,1.4347,314.5497,0.229,A
127,hotel2/memcached-rate,89.71,7.7,79.25,0.0,0,19064,3390.9578,1.4347,314.5497,0.199,A
127,hotel2/memcached-reserve,109.44,7.11,79.25,0.0,0,10922,1942.7214,1.4347,314.5497,0.229,A
127,hotel2/mongodb-geo,8.76,165.09,400.43,0.0,0,2088,371.3974,1.4347,1.525,0.0459,A
127,hotel2/mongodb-profile,7.96,164.8,400.43,0.0,0,647,326.4791,1.4347,1.525,0.0306,A
127,hotel2/mongodb-rate,8.04,164.43,400.43,0.0,0,1921,341.6927,1.4347,1.525,0.0306,A
127,hotel2/mongodb-recommendation,9.04,163.13,400.43,0.0195,2,145,326.4791,1.4347,1.525,0.0306,A
127,hotel2/mongodb-reservation,4005.37,284.97,400.43,0.0273,2,2452877,436298.9038,14.3025,314.5497,7.97,A
127,hotel2/mongodb-user,8.61,163.75,400.43,0.0,0,1164,326.4791,1.4347,1.525,0.0306,A
127,hotel2/profile,1279.95,40.94,1119.06,0.0,0,35595,6331.365,4.5705,314.5497,2.57,A
127,hotel2/rate,780.35,29.15,1119.14,0.0,0,26851,4776.0495,2.7865,314.5497,1.58,A
127,hotel2/recommendation,448.09,21.75,1119.06,0.0,0,17138,3048.3757,1.6001,314.5497,0.918,A
127,hotel2/reservation,939.75,137.16,1119.06,0.0,0,23081,4105.4708,3.3557,314.5497,1.77,A
127,hotel2/search,1488.94,30.28,1119.06,0.0,0,37455,6662.2075,5.3167,314.5497,2.84,A
127,hotel2/user,25.2,17.74,1119.06,0.0,0,7374,1311.6304,1.4347,314.5497,0.0612,A
127,sa1/customer-feedback,68834.54,3664.47,7135.73,0.0,0,484455,86171.1311,245.7961,314.5497,129.0,A
127,sa2/customer-feedback,53037.46,3562.42,7042.56,0.0,0,473476,84218.2709,189.3875,314.5497,136.0,A
127,sa3/customer-feedback,47767.03,3487.89,6978.61,0.0,0,661080,117587.8282,170.5677,314.5497,96.8,A
128,hotel/consul,13.91,33.25,201.79,0.0,0,14295,2418.0272,1.4347,293.2192,0.0298,A
128,hotel/frontend,2697.25,112.68,1119.14,0.0,0,51985,8793.3644,8.5511,293.2192,4.56,A
128,hotel/geo,549.65,24.26,1119.06,0.0,0,33002,5582.3528,1.7426,293.2192,1.07,A
128,hotel/jaeger,0.19,14.88,81.01,0.0,0,0,326.4791,1.4347,1.525,0.0,A
128,hotel/memcached-profile,104.61,8.43,79.25,0.0,0,15889,2687.6554,1.4347,293.2192,0.209,A
128,hotel/memcached-rate,72.35,7.47,79.25,0.0,0,23249,3932.6138,1.4347,293.2192,0.149,A
128,hotel/memcached-reserve,87.41,7.16,79.25,0.0,0,6163,1042.4835,1.4347,293.2192,0.164,A
128,hotel/mongodb-geo,8.72,170.93,400.43,0.0,0,4630,783.1736,1.4347,1.525,0.0149,A
128,hotel/mongodb-profile,7.44,172.31,400.43,0.0,0,1904,326.4791,1.4347,1.525,0.0149,A
128,hotel/mongodb-rate,8.01,171.86,400.43,0.0195,2,699,326.4791,1.4347,1.525,0.0149,A
128,hotel/mongodb-recommendation,8.18,170.29,400.43,0.0,0,2966,501.7047,1.4347,1.525,0.0298,A
128,hotel/mongodb-reservation,3997.06,295.14,400.43,0.0273,6,2768028,468217.3482,12.672,293.2192,7.76,A
128,hotel/mongodb-user,7.96,170.91,400.43,0.0156,2,3194,540.2713,1.4347,1.525,0.0149,A
128,hotel/profile,1084.34,39.17,1119.06,0.0,0,34376,5814.7676,3.4377,293.2192,2.04,A
128,hotel/rate,643.08,29.3,1119.14,0.0,0,26649,4507.7305,2.0388,293.2192,1.15,A
128,hotel/recommendation,384.59,22.5,1119.06,0.0,0,19273,3260.0656,1.4347,293.2192,0.791,A
128,hotel/reservation,761.59,141.5,1119.06,0.0,0,28139,4759.7669,2.4145,293.2192,1.43,A
128,hotel/search,1260.29,29.97,1119.06,0.0,0,40307,6818.0079,3.9955,293.2192,2.45,A
128,hotel/user,18.49,18.18,1119.06,0.0,0,7915,1338.8377,1.4347,293.2192,0.0448,A
128,hotel2/consul,13.89,29.41,201.79,0.0,0,13693,2316.1977,1.4347,293.2192,0.0149,A
128,hotel2/frontend,3028.19,103.42,1119.14,0.0,0,53421,9036.2666,9.6003,293.2192,5.73,A
128,hotel2/geo,681.76,23.08,1119.06,0.0,0,30685,5190.4277,2.1614,293.2192,1.21,A
128,hotel2/jaeger,0.22,14.9,81.01,0.0,0,0,326.4791,1.4347,1.525,0.0149,A
128,hotel2/memcached-profile,126.05,7.71,79.25,0.0,0,12912,2184.09,1.4347,293.2192,0.239,A
128,hotel2/memcached-rate,94.83,7.46,79.25,0.0,0,16406,2775.107,1.4347,293.2192,0.179,A
128,hotel2/memcached-reserve,120.12,7.12,79.25,0.0,0,7482,1265.5949,1.4347,293.2192,0.224,A
128,hotel2/mongodb-geo,9.37,165.09,400.43,0.0195,2,2357,398.6912,1.4347,1.525,0.0298,A
128,hotel2/mongodb-profile,7.75,164.8,400.43,0.0195,2,219,326.4791,1.4347,1.525,0.0149,A
128,hotel2/mongodb-rate,8.31,164.43,400.43,0.0195,2,2235,378.0546,1.4347,1.525,0.0298,A
128,hotel2/mongodb-recommendation,8.31,163.13,400.43,0.0,0,647,326.4791,1.4347,1.525,0.0298,A
128,hotel2/mongodb-reservation,3993.95,285.0,400.43,0.0156,8,2710387,458467.2604,12.6621,293.2192,7.74,A
128,hotel2/mongodb-user,9.38,163.75,400.43,0.0195,2,2058,348.1147,1.4347,1.525,0.0298,A
128,hotel2/profile,1253.69,42.23,1119.06,0.0,0,39094,6612.8265,3.9746,293.2192,2.34,A
128,hotel2/rate,810.55,30.98,1119.14,0.0,0,30375,5137.9906,2.5697,293.2192,1.55,A
128,hotel2/recommendation,471.74,23.81,1119.06,0.0,0,25301,4279.7136,1.4956,293.2192,0.91,A
128,hotel2/reservation,985.53,137.51,1119.06,0.0,0,30630,5181.1244,3.1244,293.2192,1.67,A
128,hotel2/search,1519.55,29.76,1119.06,0.0,0,47352,8009.6834,4.8175,293.2192,2.83,A
128,hotel2/user,19.85,17.86,1119.06,0.0,0,5764,974.9919,1.4347,293.2192,0.0448,A
128,sa1/customer-feedback,50718.9,3665.38,7135.73,0.0,0,514888,87094.3119,160.7951,293.2192,131.0,A
128,sa2/customer-feedback,58673.32,3562.33,7042.56,0.0,0,863213,146014.1667,186.0132,293.2192,92.1,A
128,sa3/customer-feedback,60959.16,3489.94,6978.61,0.0,0,643912,108918.9738,193.26,293.2192,137.0,A
129,hotel/consul,16.99,33.26,201.79,0.0,0,9450,1539.5525,1.4347,148.4093,0.0145,A
129,hotel/frontend,1117.07,98.42,1119.14,0.0,0,21928,3572.4134,2.3048,148.4093,5.19,A
129,hotel/geo,221.53,23.2,1119.06,0.0,0,13388,2181.1141,1.4347,148.4093,1.04,A
129,hotel/jaeger,0.25,14.88,81.01,0.0,0,0,326.4791,1.4347,1.525,0.0,A
129,hotel/memcached-profile,35.84,7.66,79.25,0.0,0,9662,1574.0906,1.4347,148.4093,0.174,A
129,hotel/memcached-rate,27.93,7.45,79.25,0.0,0,9713,1582.3993,1.4347,148.4093,0.116,A
129,hotel/memcached-reserve,36.1,7.38,79.25,0.0,0,5024,818.488,1.4347,148.4093,0.16,A
129,hotel/mongodb-geo,8.76,170.79,400.43,0.0508,8,1559,326.4791,1.4347,1.525,0.029,A
129,hotel/mongodb-profile,8.18,172.75,400.43,0.0508,6,2166,352.8752,1.4347,1.525,0.0,A
129,hotel/mongodb-rate,7.08,171.99,400.43,0.0,0,1640,326.4791,1.4347,1.525,0.029,A
129,hotel/mongodb-recommendation,8.4,170.46,400.43,0.0156,2,4827,786.3936,1.4347,1.525,0.029,A
129,hotel/mongodb-reservation,4013.69,295.92,400.43,0.0117,6,2781848,453206.4457,8.2811,148.4093,7.66,A
129,hotel/mongodb-user,7.52,171.53,400.43,0.0,0,1630,326.4791,1.4347,1.525,0.0145,A
129,hotel/profile,364.61,37.86,1119.06,0.0,0,16219,2642.3282,1.4347,148.4093,1.65,A
129,hotel/rate,240.4,28.73,1119.14,0.0,0,20714,3374.6338,1.4347,148.4093,1.07,A
129,hotel/recommendation,144.34,22.31,1119.06,0.0,0,12192,1986.267,1.4347,148.4093,0.653,A
129,hotel/reservation,312.04,142.98,1119.06,0.0,0,19967,3252.9359,1.4347,148.4093,1.33,A
129,hotel/search,446.11,28.43,1119.06,0.0,0,20172,3286.3336,1.4347,148.4093,1.96,A
129,hotel/user,7.95,18.17,1119.06,0.0,0,6039,983.8473,1.4347,1.525,0.0435,A
129,hotel2/consul,15.64,29.91,201.79,0.0,0,12549,2044.4279,1.4347,148.4093,0.0145,A
129,hotel2/frontend,1775.04,102.76,1119.14,0.0,0,33034,5381.754,3.6623,148.4093,4.58,A
129,hotel2/geo,336.8,23.44,1119.06,0.0,0,16278,2651.9402,1.4347,148.4093,1.02,A
129,hotel2/jaeger,0.25,14.9,81.01,0.0,0,0,326.4791,1.4347,1.525,0.0,A
129,hotel2/memcached-profile,58.51,7.68,79.25,0.0,0,12304,2004.5136,1.4347,148.4093,0.174,A
129,hotel2/memcached-rate,46.51,7.43,79.25,0.0,0,7365,1199.8734,1.4347,148.4093,0.145,A
129,hotel2/memcached-reserve,54.12,7.36,79.25,0.0,0,4184,681.6389,1.4347,148.4093,0.145,A
129,hotel2/mongodb-geo,8.55,165.1,400.43,0.0,0,949,326.4791,1.4347,1.525,0.0145,A
129,hotel2/mongodb-profile,7.58,164.99,400.43,0.0,0,1208,326.4791,1.4347,1.525,0.0145,A
129,hotel2/mongodb-rate,6.92,164.55,400.43,0.0,0,3140,511.555,1.4347,1.525,0.0145,A
129,hotel2/mongodb-recommendation,9.18,163.25,400.43,0.0195,2,2162,352.2235,1.4347,1.525,0.029,A
129,hotel2/mongodb-reservation,4018.55,284.95,400.43,0.043,4,2919494,475631.1268,8.2911,148.4093,7.59,A
129,hotel2/mongodb-user,7.94,164.18,400.43,0.0,0,2233,363.7905,1.4347,1.525,0.029,A
129,hotel2/profile,628.85,39.51,1119.06,0.0,0,23304,3796.5852,1.4347,148.4093,1.75,A
129,hotel2/rate,378.18,27.48,1119.14,0.0,0,22552,3674.0727,1.4347,148.4093,1.15,A
129,hotel2/recommendation,218.92,20.64,1119.06,0.0,0,16463,2682.0796,1.4347,148.4093,0.667,A
129,hotel2/reservation,452.32,138.0,1119.06,0.0,0,25091,4087.7154,1.4347,148.4093,1.28,A
129,hotel2/search,748.74,28.81,1119.06,0.0,0,28103,4578.4172,1.5448,148.4093,2.12,A
129,hotel2/user,12.77,18.0,1119.06,0.0,0,7344,1196.4522,1.4347,148.4093,0.029,A
129,sa1/customer-feedback,50705.82,3670.02,7135.73,0.0,0,444320,72386.6609,104.617,148.4093,112.0,A
129,sa2/customer-feedback,42696.79,3566.27,7042.56,0.0,0,410204,66828.6322,88.0927,148.4093,123.0,A
129,sa3/customer-feedback,45805.44,3492.7,6978.61,0.0,0,448049,72994.1732,94.5065,148.4093,123.0,A
130,hotel/consul,17.09,33.25,201.79,0.0,0,8915,1347.5984,1.4347,13.4562,0.0082,A
130,hotel/frontend,0.28,98.32,1119.14,0.0,0,0,326.4791,1.4347,1.525,0.0,A
130,hotel/geo,0.93,22.88,1119.06,0.0,0,2496,377.2973,1.4347,1.525,0.0,A
130,hotel/jaeger,0.23,14.88,81.01,0.0,0,0,326.4791,1.4347,1.525,0.0,A
130,hotel/memcached-profile,0.26,7.66,79.25,0.0,0,2137,326.4791,1.4347,1.525,0.0,A
130,hotel/memcached-rate,0.28,7.45,79.25,0.0,0,0,326.4791,1.4347,1.525,0.0,A
130,hotel/memcached-reserve,1.63,7.39,79.25,0.0,0,3275,495.0516,1.4347,1.525,0.0,A
130,hotel/mongodb-geo,7.9,171.11,400.43,0.0,0,890,326.4791,1.4347,1.525,0.0082,A
130,hotel/mongodb-profile,8.92,172.56,400.43,0.0,0,726,326.4791,1.4347,1.525,0.0165,A
130,hotel/mongodb-rate,10.04,172.31,400.43,0.0195,2,1106,326.4791,1.4347,13.4562,0.0165,A
130,hotel/mongodb-recommendation,8.37,170.72,400.43,0.0352,4,805,326.4791,1.4347,1.525,0.0082,A
130,hotel/mongodb-reservation,3998.62,295.42,400.43,0.2461,50,2944542,445099.2931,2.5408,13.4562,4.29,A
130,hotel/mongodb-user,9.17,171.08,400.43,0.0156,2,2548,385.1577,1.4347,1.525,0.0082,A
130,hotel/profile,0.92,37.77,1119.06,0.0,0,1416,326.4791,1.4347,1.525,0.0,A
130,hotel/rate,0.88,28.71,1119.14,0.0,0,414,326.4791,1.4347,1.525,0.0,A
130,hotel/recommendation,0.82,21.72,1119.06,0.0,0,3018,456.2033,1.4347,1.525,0.0,A
130,hotel/reservation,22.56,145.81,1119.06,0.0,0,4097,619.3058,1.4347,13.4562,0.0248,A
130,hotel/search,0.35,28.24,1119.06,0.0,0,4245,641.6776,1.4347,1.525,0.0,A
130,hotel/user,1.11,18.66,1119.06,0.0,0,3481,526.1907,1.4347,1.525,0.0,A
130,hotel2/consul,16.08,29.41,201.79,0.0,0,8128,1228.6349,1.4347,13.4562,0.0082,A
130,hotel2/frontend,0.33,97.09,1119.14,0.0,0,0,326.4791,1.4347,1.525,0.0,A
130,hotel2/geo,1.67,23.34,1119.06,0.0,0,1363,326.4791,1.4347,1.525,0.0,A
130,hotel2/jaeger,0.25,14.9,81.01,0.0,0,0,326.4791,1.4347,1.525,0.0,A
130,hotel2/memcached-profile,0.4,7.68,79.25,0.0,0,1356,326.4791,1.4347,1.525,0.0,A
130,hotel2/memcached-rate,0.31,7.43,79.25,0.0,0,0,326.4791,1.4347,1.525,0.0,A
130,hotel2/memcached-reserve,1.9,7.83,79.25,0.0,0,1331,326.4791,1.4347,1.525,0.0,A
130,hotel2/mongodb-geo,9.69,165.28,400.43,0.0195,2,480,326.4791,1.4347,1.525,0.0082,A
130,hotel2/mongodb-profile,8.62,164.98,400.43,0.0195,2,342,326.4791,1.4347,1.525,0.0165,A
130,hotel2/mongodb-rate,9.24,164.61,400.43,0.0234,4,480,326.4791,1.4347,1.525,0.0082,A
130,hotel2/mongodb-recommendation,8.11,163.26,400.43,0.0,0,760,326.4791,1.4347,1.525,0.0082,A
130,hotel2/mongodb-reservation,3917.97,285.87,400.43,0.0078,4,3078852,465401.6987,2.4896,13.4562,4.28,A
130,hotel2/mongodb-user,8.41,163.94,400.43,0.0195,2,125,326.4791,1.4347,1.525,0.0165,A
130,hotel2/profile,1.69,39.86,1119.06,0.0,0,1715,326.4791,1.4347,1.525,0.0,A
130,hotel2/rate,1.41,27.43,1119.14,0.0,0,3454,522.1094,1.4347,1.525,0.0,A
130,hotel2/recommendation,0.79,20.34,1119.06,0.0,0,2501,378.0531,1.4347,1.525,0.0,A
130,hotel2/reservation,32.31,138.79,1119.06,0.0,0,4960,749.7575,1.4347,13.4562,0.0165,A
130,hotel2/search,0.5,28.19,1119.06,0.0,0,0,326.4791,1.4347,1.525,0.0,A
130,hotel2/user,1.03,18.01,1119.06,0.0,0,4858,734.3391,1.4347,1.525,0.0,A
130,sa1/customer-feedback,53240.5,3669.3,7135.73,3.9961,38,167328,25293.4326,33.8306,13.4562,108.0,A
130,sa2/customer-feedback,35868.39,3567.62,7042.56,3.8398,40,328286,49623.9709,22.7919,13.4562,81.1,A
130,sa3/customer-feedback,33381.27,3496.54,6978.61,3.957,40,385907,58334.0068,21.2115,13.4562,39.0,A
131,hotel/consul,25.01,33.26,201.79,0.0,0,5574,927.6052,1.4347,9.1167,0.0545,A
131,hotel/frontend,0.89,98.28,1119.14,0.0,0,0,326.4791,1.4347,1.525,0.0,A
131,hotel/geo,1.29,22.88,1119.06,0.0,0,758,326.4791,1.4347,1.525,0.0136,A
131,hotel/jaeger,0.35,14.88,81.01,0.0,0,0,326.4791,1.4347,1.525,0.0,A
131,hotel/memcached-profile,0.38,7.66,79.25,0.0,0,0,326.4791,1.4347,1.525,0.0,A
131,hotel/memcached-rate,0.37,7.45,79.25,0.0,0,1399,326.4791,1.4347,1.525,0.0,A
131,hotel/memcached-reserve,2.52,7.88,79.25,0.0,0,0,326.4791,1.4347,1.525,0.0,A
131,hotel/mongodb-geo,12.97,171.11,400.43,0.0156,2,340,326.4791,1.4347,9.1167,0.0136,A
131,hotel/mongodb-profile,10.94,172.5,400.43,0.0195,4,3154,524.8774,1.4347,9.1167,0.0136,A
131,hotel/mongodb-rate,10.83,172.18,400.43,0.0,0,1865,326.4791,1.4347,9.1167,0.0409,A
131,hotel/mongodb-recommendation,12.79,170.64,400.43,0.0156,2,167,326.4791,1.4347,9.1167,0.0273,A
131,hotel/mongodb-reservation,3991.72,295.63,400.43,0.0,0,2788553,464061.0295,11.9621,9.1167,7.1,A
131,hotel/mongodb-user,10.46,171.34,400.43,0.0312,4,3098,515.5581,1.4347,9.1167,0.0136,A
131,hotel/profile,1.08,37.77,1119.06,0.0,0,2437,405.5568,1.4347,1.525,0.0,A
131,hotel/rate,0.88,28.71,1119.14,0.0,0,465,326.4791,1.4347,1.525,0.0,A
131,hotel/recommendation,1.46,21.72,1119.06,0.0,0,143,326.4791,1.4347,1.525,0.0,A
131,hotel/reservation,86.2,145.07,1119.06,0.0,0,8120,1351.3014,1.4347,9.1167,0.436,A
131,hotel/search,0.49,28.22,1119.06,0.0,0,0,326.4791,1.4347,1.525,0.0,A
131,hotel/user,1.72,18.17,1119.06,0.0,0,549,326.4791,1.4347,1.525,0.0,A
131,hotel2/consul,23.76,29.91,201.79,0.0,0,5114,851.0536,1.4347,9.1167,0.0409,A
131,hotel2/frontend,1.4,97.0,1119.14,0.0,0,291,326.4791,1.4347,1.525,0.0,A
131,hotel2/geo,1.3,23.34,1119.06,0.0,0,1365,326.4791,1.4347,1.525,0.0,A
131,hotel2/jaeger,0.36,14.9,81.01,0.0,0,0,326.4791,1.4347,1.525,0.0,A
131,hotel2/memcached-profile,0.45,7.68,79.25,0.0,0,0,326.4791,1.4347,1.525,0.0,A
131,hotel2/memcached-rate,0.32,7.43,79.25,0.0,0,0,326.4791,1.4347,1.525,0.0,A
131,hotel2/memcached-reserve,1.97,7.09,79.25,0.0,0,0,326.4791,1.4347,1.525,0.0,A
131,hotel2/mongodb-geo,11.11,165.09,400.43,0.0,0,776,326.4791,1.4347,9.1167,0.0273,A
131,hotel2/mongodb-profile,11.76,165.3,400.43,0.0469,12,581,326.4791,1.4347,9.1167,0.0136,A
131,hotel2/mongodb-rate,11.01,164.61,400.43,0.0,0,482,326.4791,1.4347,9.1167,0.0273,A
131,hotel2/mongodb-recommendation,13.69,163.32,400.43,0.0195,2,390,326.4791,1.4347,9.1167,0.0409,A
131,hotel2/mongodb-reservation,4077.42,285.42,400.43,0.0352,4,2861679,476230.3972,12.2189,9.1167,7.07,A
131,hotel2/mongodb-user,11.33,163.93,400.43,0.0,0,587,326.4791,1.4347,9.1167,0.0136,A
131,hotel2/profile,1.31,39.36,1119.06,0.0,0,559,326.4791,1.4347,1.525,0.0,A
131,hotel2/rate,1.33,27.43,1119.14,0.0,0,629,326.4791,1.4347,1.525,0.0,A
131,hotel2/recommendation,1.98,20.34,1119.06,0.0,0,4068,676.982,1.4347,1.525,0.0,A
131,hotel2/reservation,27.21,139.58,1119.06,0.0,0,2861,476.1174,1.4347,9.1167,0.0545,A
131,hotel2/search,0.52,28.19,1119.06,0.0,0,0,326.4791,1.4347,1.525,0.0,A
131,hotel2/user,1.02,18.0,1119.06,0.0,0,505,326.4791,1.4347,1.525,0.0,A
131,sa1/customer-feedback,21338.07,3670.6,7135.73,0.0,0,11604,1931.0962,63.9442,9.1167,30.7,A
131,sa2/customer-feedback,13801.68,3568.41,7042.56,0.0,0,3251,541.0198,41.3598,9.1167,24.3,A
131,sa3/customer-feedback,20637.14,3493.04,6978.61,0.0,0,20256,3370.9312,61.8437,9.1167,34.6,A
132,hotel/consul,23.6,33.25,201.79,0.0,0,5959,988.5297,1.4347,9.7198,0.0392,A
132,hotel/frontend,0.41,98.28,1119.14,0.0,0,4476,742.517,1.4347,1.525,0.0,A
132,hotel/geo,1.13,22.88,1119.06,0.0,0,322,326.4791,1.4347,1.525,0.0,A
132,hotel/jaeger,0.36,14.88,81.01,0.0,0,0,326.4791,1.4347,1.525,0.0,A
132,hotel/memcached-profile,0.39,7.66,79.25,0.0,0,0,326.4791,1.4347,1.525,0.0,A
132,hotel/memcached-rate,0.4,7.45,79.25,0.0,0,0,326.4791,1.4347,1.525,0.0,A
132,hotel/memcached-reserve,2.2,7.41,79.25,0.0,0,312,326.4791,1.4347,1.525,0.0,A
132,hotel/mongodb-geo,10.64,170.73,400.43,0.0,0,224,326.4791,1.4347,9.7198,0.0131,A
132,hotel/mongodb-profile,10.19,172.5,400.43,0.0,0,428,326.4791,1.4347,9.7198,0.0261,A
132,hotel/mongodb-rate,11.83,172.05,400.43,0.0195,2,334,326.4791,1.4347,9.7198,0.0261,A
132,hotel/mongodb-recommendation,11.69,170.3,400.43,0.0,0,223,326.4791,1.4347,9.7198,0.0261,A
132,hotel/mongodb-reservation,4008.06,295.54,400.43,0.0312,6,2746080,455543.1549,7.7578,9.7198,6.8,A
132,hotel/mongodb-user,10.86,171.09,400.43,0.0156,2,185,326.4791,1.4347,9.7198,0.0261,A
132,hotel/profile,1.27,37.76,1119.06,0.0,0,1047,326.4791,1.4347,1.525,0.0131,A
132,hotel/rate,1.92,28.71,1119.14,0.0,0,1259,326.4791,1.4347,1.525,0.0,A
132,hotel/recommendation,1.09,21.72,1119.06,0.0,0,0,326.4791,1.4347,1.525,0.0,A
132,hotel/reservation,25.07,145.75,1119.06,0.0,0,2274,377.2305,1.4347,9.7198,0.0392,A
132,hotel/search,0.44,28.22,1119.06,0.0,0,0,326.4791,1.4347,1.525,0.0,A
132,hotel/user,0.93,18.17,1119.06,0.0,0,1219,326.4791,1.4347,1.525,0.0,A
132,hotel2/consul,23.55,29.66,201.79,0.0,0,11356,1883.8301,1.4347,9.7198,0.0522,A
132,hotel2/frontend,1.04,97.27,1119.14,0.0,0,80,326.4791,1.4347,1.525,0.0,A
132,hotel2/geo,1.4,23.34,1119.06,0.0,0,2021,335.2607,1.4347,1.525,0.0131,A
132,hotel2/jaeger,0.36,15.15,81.01,0.0,0,0,326.4791,1.4347,1.525,0.0,A
132,hotel2/memcached-profile,0.46,7.68,79.25,0.0,0,0,326.4791,1.4347,1.525,0.0,A
132,hotel2/memcached-rate,0.38,7.43,79.25,0.0,0,0,326.4791,1.4347,1.525,0.0,A
132,hotel2/memcached-reserve,2.76,7.35,79.25,0.0,0,193,326.4791,1.4347,1.525,0.0,A
132,hotel2/mongodb-geo,12.96,165.09,400.43,0.0664,14,363,326.4791,1.4347,9.7198,0.0261,A
132,hotel2/mongodb-profile,10.9,164.97,400.43,0.0195,2,254,326.4791,1.4347,9.7198,0.0131,A
132,hotel2/mongodb-rate,12.3,164.43,400.43,0.0664,14,280,326.4791,1.4347,9.7198,0.0261,A
132,hotel2/mongodb-recommendation,11.82,163.57,400.43,0.0664,14,252,326.4791,1.4347,9.7198,0.0261,A
132,hotel2/mongodb-reservation,3923.99,285.2,400.43,0.0,0,2765237,458721.0813,7.5951,9.7198,6.77,A
132,hotel2/mongodb-user,11.98,163.94,400.43,0.0703,14,400,326.4791,1.4347,9.7198,0.0261,A
132,hotel2/profile,1.13,39.36,1119.06,0.0,0,1090,326.4791,1.4347,1.525,0.0,A
132,hotel2/rate,1.25,27.43,1119.14,0.0,0,225,326.4791,1.4347,1.525,0.0,A
132,hotel2/recommendation,1.06,20.34,1119.06,0.0,0,546,326.4791,1.4347,1.525,0.0,A
132,hotel2/reservation,92.48,141.54,1119.06,0.0,0,2554,423.6793,1.4347,9.7198,0.0522,A
132,hotel2/search,0.45,28.19,1119.06,0.0,0,2875,476.9295,1.4347,1.525,0.0,A
132,hotel2/user,1.69,18.02,1119.06,0.0,0,217,326.4791,1.4347,1.525,0.0131,A
132,sa1/customer-feedback,13720.12,3672.25,7135.73,0.0,0,1431,326.4791,26.556,9.7198,22.6,A
132,sa2/customer-feedback,19615.18,3568.75,7042.56,0.0,0,10197,1691.5653,37.9662,9.7198,22.2,A
132,sa3/customer-feedback,17082.77,3496.07,6978.61,0.0,0,11993,1989.5011,33.0646,9.7198,24.9,A
133,hotel/consul,23.29,33.5,201.79,0.0,0,4296,752.1807,1.4347,9.8966,0.0299,A
133,hotel/frontend,0.38,98.28,1119.14,0.0,0,0,326.4791,1.4347,1.525,0.0,A
133,hotel/geo,1.39,22.88,1119.06,0.0,0,491,326.4791,1.4347,1.525,0.0,A
133,hotel/jaeger,0.31,14.88,81.01,0.0,0,0,326.4791,1.4347,1.525,0.0,A
133,hotel/memcached-profile,0.46,7.66,79.25,0.0,0,0,326.4791,1.4347,1.525,0.0,A
133,hotel/memcached-rate,0.45,7.45,79.25,0.0,0,1552,326.4791,1.4347,1.525,0.0,A
133,hotel/memcached-reserve,2.28,7.39,79.25,0.0,0,289,326.4791,1.4347,1.525,0.01,A
133,hotel/mongodb-geo,11.38,170.86,400.43,0.0195,2,284,326.4791,1.4347,9.8966,0.0199,A
133,hotel/mongodb-profile,11.31,172.75,400.43,0.0195,2,1272,326.4791,1.4347,9.8966,0.0199,A
133,hotel/mongodb-rate,9.96,172.05,400.43,0.0,0,213,326.4791,1.4347,1.525,0.0199,A
133,hotel/mongodb-recommendation,11.18,170.49,400.43,0.0195,2,987,326.4791,1.4347,9.8966,0.0199,A
133,hotel/mongodb-reservation,3994.26,295.36,400.43,0.0117,6,2662203,466121.419,7.4845,9.8966,5.17,A
133,hotel/mongodb-user,11.08,171.1,400.43,0.0,0,258,326.4791,1.4347,9.8966,0.0299,A
133,hotel/profile,1.01,37.76,1119.06,0.0,0,0,326.4791,1.4347,1.525,0.0,A
133,hotel/rate,1.17,28.71,1119.14,0.0,0,291,326.4791,1.4347,1.525,0.0,A
133,hotel/recommendation,1.34,21.72,1119.06,0.0,0,0,326.4791,1.4347,1.525,0.0,A
133,hotel/reservation,65.75,144.23,1119.06,0.0,0,2308,404.1045,1.4347,9.8966,0.0299,A
133,hotel/search,0.81,28.22,1119.06,0.0,0,0,326.4791,1.4347,1.525,0.0,A
133,hotel/user,1.66,18.17,1119.06,0.0,0,553,326.4791,1.4347,1.525,0.0,A
133,hotel2/consul,22.85,29.66,201.79,0.0,0,4585,802.7813,1.4347,9.8966,0.0199,A
133,hotel2/frontend,0.6,97.01,1119.14,0.0,0,0,326.4791,1.4347,1.525,0.0,A
133,hotel2/geo,1.31,23.34,1119.06,0.0,0,350,326.4791,1.4347,1.525,0.0,A
133,hotel2/jaeger,0.67,14.9,81.01,0.0,0,1901,332.8434,1.4347,1.525,0.0,A
133,hotel2/memcached-profile,0.41,7.68,79.25,0.0,0,0,326.4791,1.4347,1.525,0.0,A
133,hotel2/memcached-rate,0.37,7.43,79.25,0.0,0,0,326.4791,1.4347,1.525,0.0,A
133,hotel2/memcached-reserve,2.48,7.6,79.25,0.0,0,184,326.4791,1.4347,1.525,0.0,A
133,hotel2/mongodb-geo,10.36,165.28,400.43,0.0,0,185,326.4791,1.4347,9.8966,0.01,A
133,hotel2/mongodb-profile,10.45,164.99,400.43,0.0,0,266,326.4791,1.4347,9.8966,0.01,A
133,hotel2/mongodb-rate,10.3,164.61,400.43,0.0,0,216,326.4791,1.4347,9.8966,0.0199,A
133,hotel2/mongodb-recommendation,11.45,163.32,400.43,0.0195,2,244,326.4791,1.4347,9.8966,0.0199,A
133,hotel2/mongodb-reservation,4080.38,285.57,400.43,0.0352,4,2611093,457172.6402,7.6459,9.8966,5.18,A
133,hotel2/mongodb-user,10.65,163.75,400.43,0.0,0,231,326.4791,1.4347,9.8966,0.0199,A
133,hotel2/profile,1.4,39.36,1119.06,0.0,0,0,326.4791,1.4347,1.525,0.0,A
133,hotel2/rate,1.11,27.43,1119.14,0.0,0,958,326.4791,1.4347,1.525,0.0,A
133,hotel2/recommendation,1.45,20.34,1119.06,0.0,0,548,326.4791,1.4347,1.525,0.0,A
133,hotel2/reservation,28.77,140.05,1119.06,0.0,0,1052,326.4791,1.4347,9.8966,0.0299,A
133,hotel2/search,0.59,28.19,1119.06,0.0,0,0,326.4791,1.4347,1.525,0.0,A
133,hotel2/user,1.16,18.02,1119.06,0.0,0,387,326.4791,1.4347,1.525,0.0,A
133,sa1/customer-feedback,16401.35,3671.77,7135.73,0.0,0,783,326.4791,30.733,9.8966,18.7,A
133,sa2/customer-feedback,14986.29,3567.96,7042.56,0.0,0,3701,648.0029,28.0815,9.8966,19.2,A
133,sa3/customer-feedback,15337.29,3496.21,6978.61,0.0,0,763,326.4791,28.7392,9.8966,16.4,A
134,hotel/consul,32.62,31.25,201.79,0.0,0,7933,1030.0977,1.4347,8.869,0.0487,A
134,hotel/frontend,0.49,98.28,1119.14,0.0,0,0,326.4791,1.4347,1.525,0.0,A
134,hotel/geo,1.23,22.88,1119.06,0.0,0,343,326.4791,1.4347,1.525,0.0122,A
134,hotel/jaeger,0.36,14.88,81.01,0.0,0,0,326.4791,1.4347,1.525,0.0,A
134,hotel/memcached-profile,0.46,7.66,79.25,0.0,0,0,326.4791,1.4347,1.525,0.0,A
134,hotel/memcached-rate,0.49,7.45,79.25,0.0,0,0,326.4791,1.4347,1.525,0.0,A
134,hotel/memcached-reserve,2.72,8.18,79.25,0.0,0,403,326.4791,1.4347,1.525,0.0122,A
134,hotel/mongodb-geo,10.32,170.87,400.43,0.0,0,454,326.4791,1.4347,8.869,0.0122,A
134,hotel/mongodb-profile,10.83,172.45,400.43,0.0,0,399,326.4791,1.4347,8.869,0.0365,A
134,hotel/mongodb-rate,12.37,172.05,400.43,0.0195,2,238,326.4791,1.4347,8.869,0.0122,A
134,hotel/mongodb-recommendation,9.99,170.42,400.43,0.0,0,309,326.4791,1.4347,1.525,0.0122,A
134,hotel/mongodb-reservation,4002.27,295.24,400.43,0.0234,2,3438749,446520.5575,6.5485,8.869,5.88,A
134,hotel/mongodb-user,10.75,171.02,400.43,0.0195,2,262,326.4791,1.4347,8.869,0.0365,A
134,hotel/profile,1.62,37.76,1119.06,0.0,0,782,326.4791,1.4347,1.525,0.0,A
134,hotel/rate,1.48,28.96,1119.14,0.0,0,231,326.4791,1.4347,1.525,0.0,A
134,hotel/recommendation,1.29,21.72,1119.06,0.0,0,313,326.4791,1.4347,1.525,0.0,A
134,hotel/reservation,23.65,143.68,1119.06,0.0,0,1223,326.4791,1.4347,8.869,0.0487,A
134,hotel/search,0.43,28.22,1119.06,0.0,0,0,326.4791,1.4347,1.525,0.0,A
134,hotel/user,1.21,18.17,1119.06,0.0,0,651,326.4791,1.4347,1.525,0.0,A
134,hotel2/consul,27.98,29.41,201.79,0.0,0,6333,822.3382,1.4347,8.869,0.0487,A
134,hotel2/frontend,0.45,97.01,1119.14,0.0,0,0,326.4791,1.4347,1.525,0.0,A
134,hotel2/geo,1.45,23.34,1119.06,0.0,0,515,326.4791,1.4347,1.525,0.0,A
134,hotel2/jaeger,0.32,14.9,81.01,0.0,0,0,326.4791,1.4347,1.525,0.0,A
134,hotel2/memcached-profile,0.41,7.68,79.25,0.0,0,0,326.4791,1.4347,1.525,0.0,A
134,hotel2/memcached-rate,0.38,7.43,79.25,0.0,0,0,326.4791,1.4347,1.525,0.0,A
134,hotel2/memcached-reserve,2.04,7.64,79.25,0.0,0,268,326.4791,1.4347,1.525,0.0,A
134,hotel2/mongodb-geo,12.29,165.54,400.43,0.0234,2,320,326.4791,1.4347,8.869,0.0122,A
134,hotel2/mongodb-profile,11.61,164.91,400.43,0.0234,2,280,326.4791,1.4347,8.869,0.0365,A
134,hotel2/mongodb-rate,11.84,164.59,400.43,0.0234,2,284,326.4791,1.4347,8.869,0.0244,A
134,hotel2/mongodb-recommendation,9.85,163.26,400.43,0.0,0,222,326.4791,1.4347,1.525,0.0244,A
134,hotel2/mongodb-reservation,3915.9,285.32,400.43,0.0039,2,3497185,454108.4551,6.4072,8.869,6.34,A
134,hotel2/mongodb-user,11.3,164.19,400.43,0.0352,4,296,326.4791,1.4347,8.869,0.0244,A
134,hotel2/profile,1.43,39.37,1119.06,0.0,0,371,326.4791,1.4347,1.525,0.0,A
134,hotel2/rate,1.46,27.43,1119.14,0.0,0,249,326.4791,1.4347,1.525,0.0,A
134,hotel2/recommendation,1.09,20.34,1119.06,0.0,0,652,326.4791,1.4347,1.525,0.0,A
134,hotel2/reservation,24.81,141.87,1119.06,0.0,0,1164,326.4791,1.4347,8.869,0.0487,A
134,hotel2/search,0.96,28.19,1119.06,0.0,0,133,326.4791,1.4347,1.525,0.0,A
134,hotel2/user,1.43,18.02,1119.06,0.0,0,540,326.4791,1.4347,1.525,0.0122,A
134,sa1/customer-feedback,104.5,3670.22,7135.73,0.0,0,494,326.4791,1.4347,8.869,0.146,A
134,sa2/customer-feedback,7856.43,3568.76,7042.56,0.0,0,550,326.4791,12.8546,8.869,27.2,A
134,sa3/customer-feedback,9736.31,3495.73,6978.61,0.0,0,400,326.4791,15.9305,8.869,19.8,A
135,hotel/consul,29.03,32.14,201.79,0.0,0,11760,1318.6832,1.4347,7.1679,0.0527,A
135,hotel/frontend,1.22,98.28,1119.14,0.0,0,106,326.4791,1.4347,1.525,0.0,A
135,hotel/geo,1.79,22.89,1119.06,0.0,0,517,326.4791,1.4347,1.525,0.0,A
135,hotel/jaeger,0.33,14.88,81.01,0.0,0,0,326.4791,1.4347,1.525,0.0,A
135,hotel/memcached-profile,0.5,7.66,79.25,0.0,0,0,326.4791,1.4347,1.525,0.0,A
135,hotel/memcached-rate,0.42,7.45,79.25,0.0,0,0,326.4791,1.4347,1.525,0.0,A
135,hotel/memcached-reserve,2.99,7.44,79.25,0.0,0,517,326.4791,1.4347,1.525,0.0,A
135,hotel/mongodb-geo,12.03,171.12,400.43,0.0195,2,331,326.4791,1.4347,7.1679,0.0132,A
135,hotel/mongodb-profile,12.27,172.75,400.43,0.0195,2,443,326.4791,1.4347,7.1679,0.0263,A
135,hotel/mongodb-rate,10.58,172.3,400.43,0.0,0,413,326.4791,1.4347,7.1679,0.0132,A
135,hotel/mongodb-recommendation,11.72,170.46,400.43,0.0195,2,312,326.4791,1.4347,7.1679,0.0263,A
135,hotel/mongodb-reservation,3996.07,295.12,400.43,0.0,0,4170005,467594.8731,25.2738,7.1679,6.83,A
135,hotel/mongodb-user,10.49,171.28,400.43,0.0,0,416,326.4791,1.4347,7.1679,0.0263,A
135,hotel/profile,1.53,37.77,1119.06,0.0,0,510,326.4791,1.4347,1.525,0.0,A
135,hotel/rate,1.14,28.71,1119.14,0.0,0,648,326.4791,1.4347,1.525,0.0,A
135,hotel/recommendation,1.79,22.46,1119.06,0.0,0,669,326.4791,1.4347,1.525,0.0,A
135,hotel/reservation,22.75,144.09,1119.06,0.0,0,2104,326.4791,1.4347,7.1679,0.0395,A
135,hotel/search,0.41,28.22,1119.06,0.0,0,0,326.4791,1.4347,1.525,0.0,A
135,hotel/user,1.69,18.17,1119.06,0.0,0,537,326.4791,1.4347,1.525,0.0263,A
135,hotel2/consul,28.26,29.91,201.79,0.0,0,7912,887.1957,1.4347,7.1679,0.0395,A
135,hotel2/frontend,0.59,97.01,1119.14,0.0,0,0,326.4791,1.4347,1.525,0.0,A
135,hotel2/geo,1.36,23.34,1119.06,0.0,0,324,326.4791,1.4347,1.525,0.0,A
135,hotel2/jaeger,0.32,14.9,81.01,0.0,0,0,326.4791,1.4347,1.525,0.0,A
135,hotel2/memcached-profile,0.35,7.68,79.25,0.0,0,0,326.4791,1.4347,1.525,0.0,A
135,hotel2/memcached-rate,0.35,7.43,79.25,0.0,0,0,326.4791,1.4347,1.525,0.0,A
135,hotel2/memcached-reserve,1.77,7.84,79.25,0.0,0,133,326.4791,1.4347,1.525,0.0,A
135,hotel2/mongodb-geo,11.06,165.54,400.43,0.0,0,410,326.4791,1.4347,7.1679,0.0263,A
135,hotel2/mongodb-profile,10.94,164.87,400.43,0.0,0,414,326.4791,1.4347,7.1679,0.0132,A
135,hotel2/mongodb-rate,10.9,164.5,400.43,0.0,0,341,326.4791,1.4347,7.1679,0.0263,A
135,hotel2/mongodb-recommendation,12.4,163.45,400.43,0.0234,2,308,326.4791,1.4347,7.1679,0.0395,A
135,hotel2/mongodb-reservation,3995.53,285.04,400.43,0.043,4,3986869,447059.2971,25.2704,7.1679,6.82,A
135,hotel2/mongodb-user,10.21,163.94,400.43,0.0,0,384,326.4791,1.4347,7.1679,0.0263,A
135,hotel2/profile,1.37,39.36,1119.06,0.0,0,596,326.4791,1.4347,1.525,0.0,A
135,hotel2/rate,1.42,27.43,1119.14,0.0,0,651,326.4791,1.4347,1.525,0.0,A
135,hotel2/recommendation,1.54,20.34,1119.06,0.0,0,554,326.4791,1.4347,1.525,0.0,A
135,hotel2/reservation,88.6,141.88,1119.06,0.0,0,952,326.4791,1.4347,7.1679,0.0395,A
135,hotel2/search,0.46,28.18,1119.06,0.0,0,0,326.4791,1.4347,1.525,0.0132,A
135,hotel2/user,0.96,18.02,1119.06,0.0,0,0,326.4791,1.4347,1.525,0.0,A
135,sa1/customer-feedback,114.29,3671.19,7135.73,0.0,0,578,326.4791,1.4347,7.1679,0.145,A
135,sa2/customer-feedback,117.24,3566.68,7042.56,0.0,0,512,326.4791,1.4347,7.1679,0.158,A
135,sa3/customer-feedback,113.37,3493.44,6978.61,0.0,0,469,326.4791,1.4347,7.1679,0.158,A
136,hotel/consul,25.42,31.89,201.79,0.0,0,10139,1125.6616,1.4347,10.2591,0.0283,A
136,hotel/frontend,0.49,98.28,1119.14,0.0,0,0,326.4791,1.4347,1.525,0.0057,A
136,hotel/geo,1.41,22.88,1119.06,0.0,0,723,326.4791,1.4347,1.525,0.0,A
136,hotel/jaeger,0.36,14.88,81.01,0.0,0,0,326.4791,1.4347,1.525,0.0057,A
136,hotel/memcached-profile,0.45,7.66,79.25,0.0,0,0,326.4791,1.4347,1.525,0.0,A
136,hotel/memcached-rate,0.4,7.45,79.25,0.0,0,0,326.4791,1.4347,1.525,0.0,A
136,hotel/memcached-reserve,3.56,7.45,79.25,0.0,0,474,326.4791,1.4347,1.525,0.0,A
136,hotel/mongodb-geo,9.56,171.11,400.43,0.0,0,422,326.4791,1.4347,1.525,0.0113,A
136,hotel/mongodb-profile,9.95,172.75,400.43,0.0,0,577,326.4791,1.4347,1.525,0.017,A
136,hotel/mongodb-rate,12.42,172.4,400.43,0.0234,2,284,326.4791,1.4347,10.2591,0.0057,A
136,hotel/mongodb-recommendation,10.38,170.48,400.43,0.0,0,404,326.4791,1.4347,10.2591,0.017,A
136,hotel/mongodb-reservation,3998.52,294.89,400.43,0.0312,4,4086762,453724.319,145.927,10.2591,4.04,A
136,hotel/mongodb-user,11.52,171.08,400.43,0.0195,2,304,326.4791,1.4347,10.2591,0.0113,A
136,hotel/profile,1.85,37.76,1119.06,0.0,0,619,326.4791,1.4347,1.525,0.0,A
136,hotel/rate,1.66,28.72,1119.14,0.0,0,298,326.4791,1.4347,1.525,0.0057,A
136,hotel/recommendation,1.14,21.72,1119.06,0.0,0,378,326.4791,1.4347,1.525,0.0,A
136,hotel/reservation,88.99,132.41,1119.06,0.0,0,1555,326.4791,3.2477,10.2591,0.034,A
136,hotel/search,0.45,28.22,1119.06,0.0,0,0,326.4791,1.4347,1.525,0.0,A
136,hotel/user,1.4,18.43,1119.06,0.0,0,720,326.4791,1.4347,1.525,0.0,A
136,hotel2/consul,26.42,29.42,201.79,0.0,0,9625,1068.5958,1.4347,10.2591,0.0283,A
136,hotel2/frontend,0.56,97.01,1119.14,0.0,0,0,326.4791,1.4347,1.525,0.0,A
136,hotel2/geo,1.68,23.34,1119.06,0.0,0,154,326.4791,1.4347,1.525,0.0,A
136,hotel2/jaeger,0.3,14.9,81.01,0.0,0,0,326.4791,1.4347,1.525,0.0,A
136,hotel2/memcached-profile,0.43,7.68,79.25,0.0,0,0,326.4791,1.4347,1.525,0.0,A
136,hotel2/memcached-rate,0.4,7.43,79.25,0.0,0,0,326.4791,1.4347,1.525,0.0,A
136,hotel2/memcached-reserve,2.86,7.36,79.25,0.0,0,407,326.4791,1.4347,1.525,0.0,A
136,hotel2/mongodb-geo,11.87,165.53,400.43,0.0234,2,326,326.4791,1.4347,10.2591,0.0113,A
136,hotel2/mongodb-profile,10.98,164.97,400.43,0.0234,2,348,326.4791,1.4347,10.2591,0.0113,A
136,hotel2/mongodb-rate,11.98,164.61,400.43,0.0234,2,346,326.4791,1.4347,10.2591,0.0057,A
136,hotel2/mongodb-recommendation,10.33,163.32,400.43,0.0,0,370,326.4791,1.4347,10.2591,0.017,A
136,hotel2/mongodb-reservation,3996.64,284.32,400.43,0.0,0,4307239,478202.323,145.8584,10.2591,4.32,A
136,hotel2/mongodb-user,12.03,164.12,400.43,0.0234,2,271,326.4791,1.4347,10.2591,0.0113,A
136,hotel2/profile,1.72,39.36,1119.06,0.0,0,512,326.4791,1.4347,1.525,0.0,A
136,hotel2/rate,1.58,27.43,1119.14,0.0,0,356,326.4791,1.4347,1.525,0.0057,A
136,hotel2/recommendation,1.14,20.34,1119.06,0.0,0,353,326.4791,1.4347,1.525,0.0,A
136,hotel2/reservation,25.17,140.6,1119.06,0.0,0,1768,326.4791,1.4347,10.2591,0.017,A
136,hotel2/search,0.43,28.18,1119.06,0.0,0,0,326.4791,1.4347,1.525,0.0,A
136,hotel2/user,1.53,18.02,1119.06,0.0,0,441,326.4791,1.4347,1.525,0.0057,A
136,sa1/customer-feedback,111.64,3671.38,7135.73,4.0156,40,476,326.4791,4.0743,10.2591,0.136,A
136,sa2/customer-feedback,112.07,3567.98,7042.56,3.8281,40,416,326.4791,4.09,10.2591,0.108,A
136,sa3/customer-feedback,108.61,3492.8,6978.61,3.9297,40,373,326.4791,3.9637,10.2591,0.108,A
137,hotel/consul,28.69,32.38,201.79,0.0,0,10725,1161.2711,1.4347,8.3533,0.0276,A
137,hotel/frontend,0.86,98.28,1119.14,0.0,0,0,326.4791,1.4347,1.525,0.0,A
137,hotel/geo,1.4,22.88,1119.06,0.0,0,321,326.4791,1.4347,1.525,0.0,A
137,hotel/jaeger,0.36,14.88,81.01,0.0,0,0,326.4791,1.4347,1.525,0.0,A
137,hotel/memcached-profile,0.49,7.66,79.25,0.0,0,0,326.4791,1.4347,1.525,0.0,A
137,hotel/memcached-rate,0.41,7.45,79.25,0.0,0,0,326.4791,1.4347,1.525,0.0,A
137,hotel/memcached-reserve,2.77,7.91,79.25,0.0,0,365,326.4791,1.4347,1.525,0.0069,A
137,hotel/mongodb-geo,12.53,170.79,400.43,0.0781,16,288,326.4791,1.4347,8.3533,0.0069,A
137,hotel/mongodb-profile,11.96,172.82,400.43,0.0781,16,484,326.4791,1.4347,8.3533,0.0138,A
137,hotel/mongodb-rate,9.6,171.93,400.43,0.0,0,425,326.4791,1.4347,1.525,0.0069,A
137,hotel/mongodb-recommendation,12.05,170.34,400.43,0.0352,10,343,326.4791,1.4347,8.3533,0.0069,A
137,hotel/mongodb-reservation,3994.83,294.77,400.43,0.0,0,4266768,461992.9533,108.3442,8.3533,3.58,A
137,hotel/mongodb-user,10.75,171.29,400.43,0.0,0,404,326.4791,1.4347,8.3533,0.0069,A
137,hotel/profile,1.07,37.76,1119.06,0.0,0,256,326.4791,1.4347,1.525,0.0,A
137,hotel/rate,1.24,28.72,1119.14,0.0,0,663,326.4791,1.4347,1.525,0.0,A
137,hotel/recommendation,1.65,21.72,1119.06,0.0,0,673,326.4791,1.4347,1.525,0.0,A
137,hotel/reservation,21.9,133.85,1119.06,0.0,0,1815,326.4791,1.4347,8.3533,0.0138,A
137,hotel/search,0.44,28.22,1119.06,0.0,0,0,326.4791,1.4347,1.525,0.0,A
137,hotel/user,1.74,18.17,1119.06,0.0,0,676,326.4791,1.4347,1.525,0.0,A
137,hotel2/consul,27.43,29.66,201.79,0.0,0,11605,1256.5549,1.4347,8.3533,0.0276,A
137,hotel2/frontend,0.56,97.01,1119.14,0.0,0,0,326.4791,1.4347,1.525,0.0,A
137,hotel2/geo,1.3,23.34,1119.06,0.0,0,634,326.4791,1.4347,1.525,0.0,A
137,hotel2/jaeger,0.37,14.9,81.01,0.0,0,0,326.4791,1.4347,1.525,0.0,A
137,hotel2/memcached-profile,0.43,7.68,79.25,0.0,0,0,326.4791,1.4347,1.525,0.0,A
137,hotel2/memcached-rate,0.37,7.43,79.25,0.0,0,0,326.4791,1.4347,1.525,0.0,A
137,hotel2/memcached-reserve,2.99,8.39,79.25,0.0,0,415,326.4791,1.4347,1.525,0.0069,A
137,hotel2/mongodb-geo,11.01,165.16,400.43,0.0,0,435,326.4791,1.4347,8.3533,0.0138,A
137,hotel2/mongodb-profile,10.48,164.93,400.43,0.0,0,347,326.4791,1.4347,8.3533,0.0069,A
137,hotel2/mongodb-rate,10.53,164.49,400.43,0.0,0,354,326.4791,1.4347,8.3533,0.0138,A
137,hotel2/mongodb-recommendation,10.44,163.58,400.43,0.0234,2,423,326.4791,1.4347,8.3533,0.0138,A
137,hotel2/mongodb-reservation,4002.83,284.89,400.43,0.1289,20,4206279,455443.3842,108.5612,8.3533,3.59,A
137,hotel2/mongodb-user,10.14,164.12,400.43,0.0,0,370,326.4791,1.4347,8.3533,0.0138,A
137,hotel2/profile,1.46,39.36,1119.06,0.0,0,800,326.4791,1.4347,1.525,0.0,A
137,hotel2/rate,1.28,27.43,1119.14,0.0,0,309,326.4791,1.4347,1.525,0.0,A
137,hotel2/recommendation,1.79,20.34,1119.06,0.0,0,947,326.4791,1.4347,1.525,0.0,A
137,hotel2/reservation,25.72,139.41,1119.06,0.0,0,1809,326.4791,1.4347,8.3533,0.0276,A
137,hotel2/search,0.49,28.18,1119.06,0.0,0,0,326.4791,1.4347,1.525,0.0069,A
137,hotel2/user,1.16,18.02,1119.06,0.0,0,619,326.4791,1.4347,1.525,0.0069,A
137,sa1/customer-feedback,110.63,3669.9,7135.73,0.0,0,463,326.4791,3.0004,8.3533,0.11,A
137,sa2/customer-feedback,111.49,3566.66,7042.56,0.0,0,389,326.4791,3.0237,8.3533,0.0965,A
137,sa3/customer-feedback,121.03,3492.01,6978.61,0.0,0,421,326.4791,3.2825,8.3533,0.0965,A
138,hotel/consul,28.01,32.38,201.79,0.0,0,11662,1129.1293,1.5263,9.029,0.0187,A
138,hotel/frontend,0.51,98.28,1119.14,0.0,0,0,326.4791,1.4347,1.525,0.0,A
138,hotel/geo,1.35,22.88,1119.06,0.0,0,515,326.4791,1.4347,1.525,0.0,A
138,hotel/jaeger,0.39,14.88,81.01,0.0,0,0,326.4791,1.4347,1.525,0.0,A
138,hotel/memcached-profile,0.44,7.66,79.25,0.0,0,0,326.4791,1.4347,1.525,0.0,A
138,hotel/memcached-rate,0.44,7.45,79.25,0.0,0,0,326.4791,1.4347,1.525,0.0,A
138,hotel/memcached-reserve,4.92,7.95,79.25,0.0,0,604,326.4791,1.4347,1.525,0.0,A
138,hotel/mongodb-geo,10.25,171.11,400.43,0.0,0,470,326.4791,1.4347,9.029,0.0062,A
138,hotel/mongodb-profile,11.39,172.31,400.43,0.0,0,440,326.4791,1.4347,9.029,0.0187,A
138,hotel/mongodb-rate,12.21,172.0,400.43,0.0234,2,350,326.4791,1.4347,9.029,0.0187,A
138,hotel/mongodb-recommendation,10.29,170.6,400.43,0.0,0,341,326.4791,1.4347,9.029,0.0062,A
138,hotel/mongodb-reservation,2988.5,294.43,400.43,0.0273,2,2619431,253616.5484,162.8431,9.029,3.47,A
138,hotel/mongodb-user,12.09,171.32,400.43,0.0312,8,340,326.4791,1.4347,9.029,0.0187,A
138,hotel/profile,1.87,37.76,1119.06,0.0,0,557,326.4791,1.4347,1.525,0.0,A
138,hotel/rate,2.12,28.73,1119.14,0.0,0,720,326.4791,1.4347,1.525,0.0,A
138,hotel/recommendation,1.17,21.72,1119.06,0.0,0,253,326.4791,1.4347,1.525,0.0,A
138,hotel/reservation,92.78,119.0,1119.06,0.0,0,1883,326.4791,5.0556,9.029,0.0312,A
138,hotel/search,0.49,28.22,1119.06,0.0,0,0,326.4791,1.4347,1.525,0.0,A
138,hotel/user,0.95,18.17,1119.06,0.0,0,459,326.4791,1.4347,1.525,0.0,A
138,hotel2/consul,32.61,30.54,201.79,0.0,0,10099,977.7977,1.7769,9.029,0.0312,A
138,hotel2/frontend,1.84,97.08,1119.14,0.0,0,246,326.4791,1.4347,1.525,0.0,A
138,hotel2/geo,1.4,23.34,1119.06,0.0,0,598,326.4791,1.4347,1.525,0.0,A
138,hotel2/jaeger,0.3,14.9,81.01,0.0,0,0,326.4791,1.4347,1.525,0.0,A
138,hotel2/memcached-profile,0.44,7.68,79.25,0.0,0,0,326.4791,1.4347,1.525,0.0,A
138,hotel2/memcached-rate,0.39,7.43,79.25,0.0,0,0,326.4791,1.4347,1.525,0.0,A
138,hotel2/memcached-reserve,3.16,7.36,79.25,0.0,0,414,326.4791,1.4347,1.525,0.0,A
138,hotel2/mongodb-geo,11.88,165.1,400.43,0.0234,2,380,326.4791,1.4347,9.029,0.0125,A
138,hotel2/mongodb-profile,11.85,165.05,400.43,0.0234,2,314,326.4791,1.4347,9.029,0.0187,A
138,hotel2/mongodb-rate,12.28,164.6,400.43,0.0273,4,338,326.4791,1.4347,9.029,0.0062,A
138,hotel2/mongodb-recommendation,11.3,163.13,400.43,0.0,0,423,326.4791,1.4347,9.029,0.0125,A
138,hotel2/mongodb-reservation,4010.26,284.86,400.43,0.0039,2,4397441,425765.6752,218.5187,9.029,3.25,A
138,hotel2/mongodb-user,11.96,164.19,400.43,0.0234,2,286,326.4791,1.4347,9.029,0.0125,A
138,hotel2/profile,1.46,39.37,1119.06,0.0,0,560,326.4791,1.4347,1.525,0.0,A
138,hotel2/rate,1.45,27.43,1119.14,0.0,0,447,326.4791,1.4347,1.525,0.0,A
138,hotel2/recommendation,1.04,20.34,1119.06,0.0,0,274,326.4791,1.4347,1.525,0.0,A
138,hotel2/reservation,66.49,126.55,1119.06,0.0,0,1187,326.4791,3.623,9.029,0.0187,A
138,hotel2/search,0.54,28.18,1119.06,0.0,0,0,326.4791,1.4347,1.525,0.0,A
138,hotel2/user,2.18,18.02,1119.06,0.0,0,864,326.4791,1.4347,1.525,0.0062,A
138,sa1/customer-feedback,110.26,3669.05,7135.73,0.7773,10,517,326.4791,6.0081,9.029,0.0873,A
138,sa2/customer-feedback,110.15,3566.27,7042.56,0.8203,12,511,326.4791,6.0021,9.029,0.0998,A
138,sa3/customer-feedback,121.21,3491.61,6978.61,0.7422,10,413,326.4791,6.6047,9.029,0.0811,A
139,hotel/consul,29.79,32.14,201.79,0.0,0,10881,1212.8521,1.4347,8.9248,0.0362,A
139,hotel/frontend,0.45,98.28,1119.14,0.0,0,0,326.4791,1.4347,1.525,0.0,A
139,hotel/geo,1.41,22.88,1119.06,0.0,0,263,326.4791,1.4347,1.525,0.0,A
139,hotel/jaeger,0.38,14.88,81.01,0.0,0,0,326.4791,1.4347,1.525,0.0,A
139,hotel/memcached-profile,0.4,7.66,79.25,0.0,0,0,326.4791,1.4347,1.525,0.0,A
139,hotel/memcached-rate,0.45,7.45,79.25,0.0,0,0,326.4791,1.4347,1.525,0.0,A
139,hotel/memcached-reserve,0.44,7.13,79.25,0.0,0,0,326.4791,1.4347,1.525,0.0091,A
139,hotel/mongodb-geo,10.08,171.12,400.43,0.0195,2,329,326.4791,1.4347,8.9248,0.0091,A
139,hotel/mongodb-profile,11.45,172.75,400.43,0.0195,2,353,326.4791,1.4347,8.9248,0.0181,A
139,hotel/mongodb-rate,11.43,172.05,400.43,0.0469,10,478,326.4791,1.4347,8.9248,0.0181,A
139,hotel/mongodb-recommendation,10.57,170.46,400.43,0.0195,2,326,326.4791,1.4347,8.9248,0.0091,A
139,hotel/mongodb-reservation,10.56,294.55,400.43,0.0,0,368,326.4791,1.4347,8.9248,0.0181,A
139,hotel/mongodb-user,10.36,171.28,400.43,0.0,0,499,326.4791,1.4347,8.9248,0.0181,A
139,hotel/profile,1.16,37.76,1119.06,0.0,0,0,326.4791,1.4347,1.525,0.0,A
139,hotel/rate,1.18,28.72,1119.14,0.0,0,643,326.4791,1.4347,1.525,0.0,A
139,hotel/recommendation,1.42,21.72,1119.06,0.0,0,534,326.4791,1.4347,1.525,0.0091,A
139,hotel/reservation,1.83,111.74,1119.06,0.0,0,1099,326.4791,1.4347,1.525,0.0,A
139,hotel/search,0.73,28.22,1119.06,0.0,0,0,326.4791,1.4347,1.525,0.0,A
139,hotel/user,1.65,18.17,1119.06,0.0,0,516,326.4791,1.4347,1.525,0.0,A
139,hotel2/consul,28.15,30.3,201.79,0.0,0,8519,949.5715,1.4347,8.9248,0.0453,A
139,hotel2/frontend,0.53,97.07,1119.14,0.0,0,0,326.4791,1.4347,1.525,0.0091,A
139,hotel2/geo,1.24,23.33,1119.06,0.0,0,602,326.4791,1.4347,1.525,0.0091,A
139,hotel2/jaeger,0.32,14.9,81.01,0.0,0,0,326.4791,1.4347,1.525,0.0,A
139,hotel2/memcached-profile,0.44,7.68,79.25,0.0,0,0,326.4791,1.4347,1.525,0.0,A
139,hotel2/memcached-rate,0.4,7.43,79.25,0.0,0,0,326.4791,1.4347,1.525,0.0,A
139,hotel2/memcached-reserve,3.73,7.62,79.25,0.0,0,775,326.4791,1.4347,1.525,0.0091,A
139,hotel2/mongodb-geo,9.83,165.22,400.43,0.0,0,404,326.4791,1.4347,1.525,0.0181,A
139,hotel2/mongodb-profile,10.42,165.24,400.43,0.0,0,441,326.4791,1.4347,8.9248,0.0181,A
139,hotel2/mongodb-rate,10.53,164.61,400.43,0.0,0,423,326.4791,1.4347,8.9248,0.0181,A
139,hotel2/mongodb-recommendation,12.08,163.57,400.43,0.0234,2,370,326.4791,1.4347,8.9248,0.0181,A
139,hotel2/mongodb-reservation,3980.12,284.62,400.43,0.0391,2,3857593,429987.125,96.9858,8.9248,4.73,A
139,hotel2/mongodb-user,10.44,163.94,400.43,0.0,0,414,326.4791,1.4347,8.9248,0.0091,A
139,hotel2/profile,1.49,39.37,1119.06,0.0,0,725,326.4791,1.4347,1.525,0.0,A
139,hotel2/rate,1.27,27.43,1119.14,0.0,0,487,326.4791,1.4347,1.525,0.0,A
139,hotel2/recommendation,1.65,20.34,1119.06,0.0,0,937,326.4791,1.4347,1.525,0.0,A
139,hotel2/reservation,27.69,129.21,1119.06,0.0,0,2115,326.4791,1.4347,8.9248,0.0272,A
139,hotel2/search,0.45,28.18,1119.06,0.0,0,0,326.4791,1.4347,1.525,0.0,A
139,hotel2/user,1.16,18.02,1119.06,0.0,0,579,326.4791,1.4347,1.525,0.0,A
139,sa1/customer-feedback,111.04,3668.91,7135.73,0.0,0,548,326.4791,2.7058,8.9248,0.181,A
139,sa2/customer-feedback,114.81,3565.91,7042.56,0.0,0,590,326.4791,2.7976,8.9248,0.172,A
139,sa3/customer-feedback,116.66,3491.8,6978.61,0.0,0,430,326.4791,2.8427,8.9248,0.127,A
140,hotel/consul,29.38,32.14,201.79,0.0,0,12058,686.0886,1.4347,6.3572,0.0345,A
140,hotel/frontend,0.52,98.28,1119.14,0.0,0,0,326.4791,1.4347,1.525,0.0,A
140,hotel/geo,1.41,22.88,1119.06,0.0,0,687,326.4791,1.4347,1.525,0.0,A
140,hotel/jaeger,0.32,14.88,81.01,0.0,0,0,326.4791,1.4347,1.525,0.0,A
140,hotel/memcached-profile,0.42,7.66,79.25,0.0,0,0,326.4791,1.4347,1.525,0.0,A
140,hotel/memcached-rate,0.42,7.45,79.25,0.0,0,0,326.4791,1.4347,1.525,0.0,A
140,hotel/memcached-reserve,0.4,7.13,79.25,0.0,0,0,326.4791,1.4347,1.525,0.0,A
140,hotel/mongodb-geo,11.14,171.12,400.43,0.0,0,424,326.4791,1.4347,6.3572,0.023,A
140,hotel/mongodb-profile,10.72,172.75,400.43,0.0,0,574,326.4791,1.4347,6.3572,0.023,A
140,hotel/mongodb-rate,11.95,172.05,400.43,0.0352,4,292,326.4791,1.4347,6.3572,0.0115,A
140,hotel/mongodb-recommendation,11.15,170.64,400.43,0.0,0,364,326.4791,1.4347,6.3572,0.023,A
140,hotel/mongodb-reservation,11.77,294.58,400.43,0.0273,2,485,326.4791,1.4347,6.3572,0.023,A
140,hotel/mongodb-user,11.8,170.91,400.43,0.0195,2,382,326.4791,1.4347,6.3572,0.023,A
140,hotel/profile,1.85,37.77,1119.06,0.0,0,635,326.4791,1.4347,1.525,0.0115,A
140,hotel/rate,1.63,28.73,1119.14,0.0,0,569,326.4791,1.4347,1.525,0.0,A
140,hotel/recommendation,1.26,21.72,1119.06,0.0,0,391,326.4791,1.4347,1.525,0.0115,A
140,hotel/reservation,1.45,111.25,1119.06,0.0,0,945,326.4791,1.4347,1.525,0.0,A
140,hotel/search,0.48,28.22,1119.06,0.0,0,0,326.4791,1.4347,1.525,0.0115,A
140,hotel/user,0.96,18.17,1119.06,0.0,0,269,326.4791,1.4347,1.525,0.0,A
140,hotel2/consul,28.91,30.54,201.79,0.0,0,11539,656.558,1.4347,6.3572,0.0461,A
140,hotel2/frontend,0.55,97.07,1119.14,0.0,0,0,326.4791,1.4347,1.525,0.0,A
140,hotel2/geo,1.22,23.34,1119.06,0.0,0,602,326.4791,1.4347,1.525,0.0,A
140,hotel2/jaeger,0.32,14.9,81.01,0.0,0,0,326.4791,1.4347,1.525,0.0,A
140,hotel2/memcached-profile,0.39,7.68,79.25,0.0,0,0,326.4791,1.4347,1.525,0.0115,A
140,hotel2/memcached-rate,0.37,7.43,79.25,0.0,0,0,326.4791,1.4347,1.525,0.0,A
140,hotel2/memcached-reserve,3.25,7.1,79.25,0.0,0,378,326.4791,1.4347,1.525,0.0115,A
140,hotel2/mongodb-geo,11.04,165.29,400.43,0.0234,2,355,326.4791,1.4347,6.3572,0.0115,A
140,hotel2/mongodb-profile,11.54,165.16,400.43,0.0234,2,367,326.4791,1.4347,6.3572,0.0115,A
140,hotel2/mongodb-rate,11.16,164.61,400.43,0.0234,2,372,326.4791,1.4347,6.3572,0.023,A
140,hotel2/mongodb-recommendation,10.89,163.2,400.43,0.0,0,370,326.4791,1.4347,6.3572,0.023,A
140,hotel2/mongodb-reservation,1191.22,284.19,400.43,0.0,0,1067626,60746.8937,37.6923,6.3572,3.18,A
140,hotel2/mongodb-user,12.76,163.82,400.43,0.0391,4,342,326.4791,1.4347,6.3572,0.0345,A
140,hotel2/profile,1.43,39.37,1119.06,0.0,0,302,326.4791,1.4347,1.525,0.0,A
140,hotel2/rate,1.49,27.43,1119.14,0.0,0,616,326.4791,1.4347,1.525,0.0,A
140,hotel2/recommendation,1.2,20.34,1119.06,0.0,0,497,326.4791,1.4347,1.525,0.0,A
140,hotel2/reservation,82.53,106.93,1119.06,0.0,0,1164,326.4791,2.6114,6.3572,0.438,A
140,hotel2/search,0.92,28.67,1119.06,0.0,0,104,326.4791,1.4347,1.525,0.0,A
140,hotel2/user,1.52,18.02,1119.06,0.0,0,564,326.4791,1.4347,1.525,0.0,A
140,sa1/customer-feedback,118.12,3668.14,7135.73,0.0,0,384,326.4791,3.7375,6.3572,0.23,A
140,sa2/customer-feedback,117.06,3566.42,7042.56,0.0,0,567,326.4791,3.704,6.3572,0.196,A
140,sa3/customer-feedback,123.15,3492.52,6978.61,0.0,0,443,326.4791,3.8967,6.3572,0.207,A
