window_index,pod_name,cpu_usage_mcores,ram_usage_mi,disk_space_mb,disk_usage_mb,disk_ios,cpu_psi_some_us,sched_total_ms,dstate_total_ms,softirq_total_ms,pod_cpu_watts,tier
0,hotel/consul,34.75,31.06,201.48,0.0,0,9024,2704.3092,12.9192,8.0494,0.05,A
0,hotel/frontend,0.46,140.8,1119.14,0.0,0,0,352.2537,1.5479,1.6454,0.0036,A
0,hotel/geo,1.15,20.01,1119.06,0.0,0,228,352.2537,1.5479,1.6454,0.0,A
0,hotel/jaeger,0.32,14.78,81.01,0.0,0,0,352.2537,1.5479,1.6454,0.0,A
0,hotel/memcached-profile,0.41,7.76,79.25,0.0,0,0,352.2537,1.5479,1.6454,0.0,A
0,hotel/memcached-rate,0.45,7.7,79.25,0.0,0,0,352.2537,1.5479,1.6454,0.0036,A
0,hotel/memcached-reserve,0.4,7.42,79.25,0.0,0,0,352.2537,1.5479,1.6454,0.0,A
0,hotel/mongodb-geo,11.66,69.05,400.43,0.0195,2,383,352.2537,4.3349,8.0494,0.0071,A
0,hotel/mongodb-profile,12.52,69.82,400.43,0.0195,2,603,352.2537,4.6546,8.0494,0.0107,A
0,hotel/mongodb-rate,10.55,71.45,400.43,0.0,0,667,352.2537,3.9222,8.0494,0.0179,A
0,hotel/mongodb-recommendation,12.2,69.44,400.43,0.0195,2,447,352.2537,4.5357,8.0494,0.0071,A
0,hotel/mongodb-reservation,12.15,267.22,400.43,0.0195,2,497,352.2537,4.5171,8.0494,0.0107,A
0,hotel/mongodb-user,12.04,69.26,400.43,0.0195,2,346,352.2537,4.4762,8.0494,0.0143,A
0,hotel/profile,1.86,41.94,1119.06,0.0,0,491,352.2537,1.5479,1.6454,0.0036,A
0,hotel/rate,1.35,37.46,1119.14,0.0,0,383,352.2537,1.5479,1.6454,0.0,A
0,hotel/recommendation,1.69,19.41,1119.06,0.0,0,491,352.2537,1.5479,1.6454,0.0,A
0,hotel/reservation,1.4,108.72,1119.06,0.0,0,662,352.2537,1.5479,1.6454,0.0,A
0,hotel/search,0.44,35.41,1119.06,0.0,0,0,352.2537,1.5479,1.6454,0.0036,A
0,hotel/user,1.48,15.51,1119.06,0.0,0,643,352.2537,1.5479,1.6454,0.0,A
0,hotel2/consul,29.88,31.03,201.48,0.0,0,11121,3332.7375,11.1087,8.0494,0.0357,A
0,hotel2/frontend,0.42,77.82,1119.14,0.0,0,0,352.2537,1.5479,1.6454,0.0,A
0,hotel2/geo,1.33,19.4,1119.06,0.0,0,580,352.2537,1.5479,1.6454,0.0,A
0,hotel2/jaeger,0.28,14.73,81.01,0.0,0,0,352.2537,1.5479,1.6454,0.0036,A
0,hotel2/memcached-profile,0.44,7.65,79.25,0.0,0,0,352.2537,1.5479,1.6454,0.0,A
0,hotel2/memcached-rate,0.36,7.67,79.25,0.0,0,0,352.2537,1.5479,1.6454,0.0,A
0,hotel2/memcached-reserve,0.36,7.37,79.25,0.0,0,0,352.2537,1.5479,1.6454,0.0,A
0,hotel2/mongodb-geo,10.48,69.0,400.43,0.0,0,393,352.2537,3.8962,8.0494,0.0143,A
0,hotel2/mongodb-profile,9.82,70.48,400.43,0.0,0,396,352.2537,3.6508,1.6454,0.0179,A
0,hotel2/mongodb-rate,10.24,69.89,400.43,0.0,0,470,352.2537,3.807,8.0494,0.0107,A
0,hotel2/mongodb-recommendation,10.33,69.23,400.43,0.0,0,322,352.2537,3.8404,8.0494,0.0179,A
0,hotel2/mongodb-reservation,10.78,262.22,400.43,0.0,0,465,352.2537,4.0077,8.0494,0.0143,A
0,hotel2/mongodb-user,12.11,68.75,400.43,0.0273,2,340,352.2537,4.5022,8.0494,0.0143,A
0,hotel2/profile,1.41,38.48,1119.06,0.0,0,660,352.2537,1.5479,1.6454,0.0,A
0,hotel2/rate,1.24,35.23,1119.14,0.0,0,318,352.2537,1.5479,1.6454,0.0,A
0,hotel2/recommendation,1.17,18.67,1119.06,0.0,0,649,352.2537,1.5479,1.6454,0.0,A
0,hotel2/reservation,1.34,75.48,1119.06,0.0,0,648,352.2537,1.5479,1.6454,0.0036,A
0,hotel2/search,0.74,26.69,1119.06,0.0,0,115,352.2537,1.5479,1.6454,0.0,A
0,hotel2/user,1.82,14.52,1119.06,0.0,0,677,352.2537,1.5479,1.6454,0.0036,A
1,hotel/consul,29.68,31.32,201.48,0.0,0,10509,5123.0661,9.4124,8.8537,0.0126,A
1,hotel/frontend,0.45,140.8,1119.14,0.0,0,0,352.2537,1.5479,1.6454,0.0,A
1,hotel/geo,1.63,20.01,1119.06,0.0,0,773,376.8323,1.5479,1.6454,0.0012,A
1,hotel/jaeger,0.32,14.78,81.01,0.0,0,0,352.2537,1.5479,1.6454,0.0,A
1,hotel/memcached-profile,0.42,7.76,79.25,0.0,0,0,352.2537,1.5479,1.6454,0.0,A
1,hotel/memcached-rate,0.41,7.7,79.25,0.0,0,0,352.2537,1.5479,1.6454,0.0012,A
1,hotel/memcached-reserve,0.38,7.42,79.25,0.0,0,0,352.2537,1.5479,1.6454,0.0,A
1,hotel/mongodb-geo,10.57,69.07,400.43,0.0,0,355,352.2537,3.352,8.8537,0.0057,A
1,hotel/mongodb-profile,11.2,69.87,400.43,0.0508,10,451,352.2537,3.5518,8.8537,0.0046,A
1,hotel/mongodb-rate,12.54,71.45,400.43,0.0234,2,510,352.2537,3.9768,8.8537,0.0046,A
1,hotel/mongodb-recommendation,11.53,69.68,400.43,0.0469,8,410,352.2537,3.6565,8.8537,0.0034,A
1,hotel/mongodb-reservation,10.68,267.53,400.43,0.0469,6,432,352.2537,3.3869,8.8537,0.0034,A
1,hotel/mongodb-user,11.72,69.01,400.43,0.0781,12,464,352.2537,3.7167,8.8537,0.0046,A
1,hotel/profile,1.27,41.94,1119.06,0.0,0,640,352.2537,1.5479,1.6454,0.0012,A
1,hotel/rate,1.35,37.46,1119.14,0.0,0,267,352.2537,1.5479,1.6454,0.0012,A
1,hotel/recommendation,1.36,19.16,1119.06,0.0,0,731,356.3575,1.5479,1.6454,0.0023,A
1,hotel/reservation,1.88,108.96,1119.06,0.0,0,380,352.2537,1.5479,1.6454,0.0012,A
1,hotel/search,0.84,35.43,1119.06,0.0,0,108,352.2537,1.5479,1.6454,0.0,A
1,hotel/user,1.69,16.0,1119.06,0.0,0,548,352.2537,1.5479,1.6454,0.0,A
1,hotel2/consul,28.87,31.52,201.48,0.0,0,9595,4677.4973,9.1555,8.8537,0.0126,A
1,hotel2/frontend,0.46,77.82,1119.14,0.0,0,0,352.2537,1.5479,1.6454,0.0,A
1,hotel2/geo,1.71,19.66,1119.06,0.0,0,684,352.2537,1.5479,1.6454,0.0,A
1,hotel2/jaeger,0.3,14.73,81.01,0.0,0,0,352.2537,1.5479,1.6454,0.0012,A
1,hotel2/memcached-profile,0.42,7.65,79.25,0.0,0,0,352.2537,1.5479,1.6454,0.0,A
1,hotel2/memcached-rate,0.41,7.67,79.25,0.0,0,0,352.2537,1.5479,1.6454,0.0012,A
1,hotel2/memcached-reserve,0.39,7.37,79.25,0.0,0,0,352.2537,1.5479,1.6454,0.0,A
1,hotel2/mongodb-geo,11.86,69.0,400.43,0.0273,2,297,352.2537,3.7611,8.8537,0.0046,A
1,hotel2/mongodb-profile,12.66,70.73,400.43,0.0273,2,330,352.2537,4.0148,8.8537,0.0046,A
1,hotel2/mongodb-rate,11.69,69.74,400.43,0.0273,2,338,352.2537,3.7072,8.8537,0.0023,A
1,hotel2/mongodb-recommendation,12.4,69.15,400.43,0.043,4,429,352.2537,3.9324,8.8537,0.0046,A
1,hotel2/mongodb-reservation,12.23,262.45,400.43,0.0508,4,412,352.2537,3.8785,8.8537,0.0046,A
1,hotel2/mongodb-user,10.46,68.69,400.43,0.0,0,399,352.2537,3.3172,8.8537,0.0034,A
1,hotel2/profile,1.37,38.48,1119.06,0.0,0,506,352.2537,1.5479,1.6454,0.0,A
1,hotel2/rate,1.57,35.23,1119.14,0.0,0,572,352.2537,1.5479,1.6454,0.0012,A
1,hotel2/recommendation,1.54,18.67,1119.06,0.0,0,766,373.4198,1.5479,1.6454,0.0,A
1,hotel2/reservation,1.52,75.48,1119.06,0.0,0,876,427.0441,1.5479,1.6454,0.0,A
1,hotel2/search,0.61,26.44,1119.06,0.0,0,0,352.2537,1.5479,1.6454,0.0,A
1,hotel2/user,1.12,14.52,1119.06,0.0,0,612,352.2537,1.5479,1.6454,0.0,A
2,hotel/consul,29.12,31.31,201.48,0.0,0,11593,6336.5939,18.6303,8.1218,0.153,A
2,hotel/frontend,1.0,140.8,1119.14,0.0,0,24,352.2537,1.5479,1.6454,0.0,A
2,hotel/geo,1.16,20.01,1119.06,0.0,0,318,352.2537,1.5479,1.6454,0.0139,A
2,hotel/jaeger,0.32,14.78,81.01,0.0,0,0,352.2537,1.5479,1.6454,0.0,A
2,hotel/memcached-profile,0.48,7.76,79.25,0.0,0,0,352.2537,1.5479,1.6454,0.0,A
2,hotel/memcached-rate,0.46,7.7,79.25,0.0,0,0,352.2537,1.5479,1.6454,0.0,A
2,hotel/memcached-reserve,0.39,7.42,79.25,0.0,0,0,352.2537,1.5479,1.6454,0.0139,A
2,hotel/mongodb-geo,11.48,68.95,400.43,0.0195,2,548,352.2537,7.3446,8.1218,0.0556,A
2,hotel/mongodb-profile,11.44,69.82,400.43,0.0234,2,604,352.2537,7.319,8.1218,0.0278,A
2,hotel/mongodb-rate,11.64,71.7,400.43,0.0508,12,515,352.2537,7.447,8.1218,0.0556,A
2,hotel/mongodb-recommendation,11.96,69.45,400.43,0.0391,4,480,352.2537,7.6517,8.1218,0.0417,A
2,hotel/mongodb-reservation,11.61,267.35,400.43,0.0273,4,369,352.2537,7.4278,8.1218,0.0695,A
2,hotel/mongodb-user,11.94,69.05,400.43,0.0312,4,534,352.2537,7.6389,8.1218,0.0417,A
2,hotel/profile,1.7,41.7,1119.06,0.0,0,892,487.5564,1.5479,1.6454,0.0,A
2,hotel/rate,1.42,37.46,1119.14,0.0,0,586,352.2537,1.5479,1.6454,0.0139,A
2,hotel/recommendation,1.26,19.16,1119.06,0.0,0,443,352.2537,1.5479,1.6454,0.0,A
2,hotel/reservation,1.4,108.71,1119.06,0.0,0,710,388.0774,1.5479,1.6454,0.0,A
2,hotel/search,0.46,35.41,1119.06,0.0,0,0,352.2537,1.5479,1.6454,0.0,A
2,hotel/user,1.36,15.51,1119.06,0.0,0,759,414.8602,1.5479,1.6454,0.0139,A
2,hotel2/consul,29.12,31.52,201.48,0.0,0,10864,5938.1313,18.6303,8.1218,0.153,A
2,hotel2/frontend,0.91,77.82,1119.14,0.0,0,0,352.2537,1.5479,1.6454,0.0,A
2,hotel2/geo,1.32,19.41,1119.06,0.0,0,601,352.2537,1.5479,1.6454,0.0278,A
2,hotel2/jaeger,0.3,14.73,81.01,0.0,0,0,352.2537,1.5479,1.6454,0.0,A
2,hotel2/memcached-profile,0.44,7.65,79.25,0.0,0,0,352.2537,1.5479,1.6454,0.0,A
2,hotel2/memcached-rate,0.38,7.67,79.25,0.0,0,0,352.2537,1.5479,1.6454,0.0,A
2,hotel2/memcached-reserve,0.4,7.37,79.25,0.0,0,0,352.2537,1.5479,1.6454,0.0139,A
2,hotel2/mongodb-geo,11.03,69.24,400.43,0.082,12,513,352.2537,7.0567,8.1218,0.0695,A
2,hotel2/mongodb-profile,11.79,70.36,400.43,0.0742,10,392,352.2537,7.543,8.1218,0.0556,A
2,hotel2/mongodb-rate,10.39,69.82,400.43,0.0,0,470,352.2537,6.6473,8.1218,0.0556,A
2,hotel2/mongodb-recommendation,11.29,69.41,400.43,0.0664,10,424,352.2537,7.2231,8.1218,0.0695,A
2,hotel2/mongodb-reservation,10.97,262.16,400.43,0.0,0,421,352.2537,7.0183,8.1218,0.0695,A
2,hotel2/mongodb-user,11.41,68.93,400.43,0.0273,2,454,352.2537,7.2998,8.1218,0.0556,A
2,hotel2/profile,1.74,38.74,1119.06,0.0,0,700,382.6116,1.5479,1.6454,0.0139,A
2,hotel2/rate,1.16,35.23,1119.14,0.0,0,671,366.7605,1.5479,1.6454,0.0,A
2,hotel2/recommendation,1.17,18.67,1119.06,0.0,0,451,352.2537,1.5479,1.6454,0.0139,A
2,hotel2/reservation,1.23,75.48,1119.06,0.0,0,624,352.2537,1.5479,1.6454,0.0278,A
2,hotel2/search,0.51,26.44,1119.06,0.0,0,0,352.2537,1.5479,1.6454,0.0,A
2,hotel2/user,1.46,14.52,1119.06,0.0,0,641,352.2537,1.5479,1.6454,0.0,A
3,hotel/consul,29.38,31.29,201.48,0.0,0,10715,3904.0115,8.9878,8.7068,0.0468,A
3,hotel/frontend,1.08,140.8,1119.14,0.0,0,0,352.2537,1.5479,1.6454,0.0039,A
3,hotel/geo,1.62,20.01,1119.06,0.0,0,1073,390.9477,1.5479,1.6454,0.0,A
3,hotel/jaeger,0.32,14.78,81.01,0.0,0,0,352.2537,1.5479,1.6454,0.0,A
3,hotel/memcached-profile,0.45,7.76,79.25,0.0,0,0,352.2537,1.5479,1.6454,0.0039,A
3,hotel/memcached-rate,0.46,7.7,79.25,0.0,0,0,352.2537,1.5479,1.6454,0.0,A
3,hotel/memcached-reserve,0.4,7.42,79.25,0.0,0,0,352.2537,1.5479,1.6454,0.0,A
3,hotel/mongodb-geo,11.32,69.2,400.43,0.0508,10,1229,447.7863,3.463,8.7068,0.0117,A
3,hotel/mongodb-profile,10.31,70.12,400.43,0.0,0,478,352.2537,3.154,8.7068,0.0156,A
3,hotel/mongodb-rate,12.71,71.45,400.43,0.0234,2,466,352.2537,3.8882,8.7068,0.0117,A
3,hotel/mongodb-recommendation,11.02,69.7,400.43,0.0,0,487,352.2537,3.3712,8.7068,0.0117,A
3,hotel/mongodb-reservation,10.37,266.97,400.43,0.0,0,356,352.2537,3.1723,8.7068,0.0117,A
3,hotel/mongodb-user,10.83,68.96,400.43,0.0,0,448,352.2537,3.3131,8.7068,0.0117,A
3,hotel/profile,1.24,41.69,1119.06,0.0,0,335,352.2537,1.5479,1.6454,0.0,A
3,hotel/rate,1.54,37.46,1119.14,0.0,0,635,352.2537,1.5479,1.6454,0.0039,A
3,hotel/recommendation,1.38,19.15,1119.06,0.0,0,736,352.2537,1.5479,1.6454,0.0039,A
3,hotel/reservation,1.45,108.71,1119.06,0.0,0,557,352.2537,1.5479,1.6454,0.0,A
3,hotel/search,0.44,35.41,1119.06,0.0,0,0,352.2537,1.5479,1.6454,0.0,A
3,hotel/user,1.42,15.51,1119.06,0.0,0,508,352.2537,1.5479,1.6454,0.0039,A
3,hotel2/consul,29.65,31.26,201.48,0.0,0,9607,3500.3116,9.0704,8.7068,0.0429,A
3,hotel2/frontend,0.91,77.82,1119.14,0.0,0,23,352.2537,1.5479,1.6454,0.0039,A
3,hotel2/geo,1.4,19.41,1119.06,0.0,0,726,352.2537,1.5479,1.6454,0.0,A
3,hotel2/jaeger,0.33,14.73,81.01,0.0,0,0,352.2537,1.5479,1.6454,0.0,A
3,hotel2/memcached-profile,0.42,7.65,79.25,0.0,0,0,352.2537,1.5479,1.6454,0.0039,A
3,hotel2/memcached-rate,0.39,7.67,79.25,0.0,0,0,352.2537,1.5479,1.6454,0.0,A
3,hotel2/memcached-reserve,0.37,7.37,79.25,0.0,0,0,352.2537,1.5479,1.6454,0.0,A
3,hotel2/mongodb-geo,11.67,69.1,400.43,0.0352,4,350,352.2537,3.57,8.7068,0.0117,A
3,hotel2/mongodb-profile,12.48,70.57,400.43,0.0273,2,404,352.2537,3.8178,8.7068,0.0156,A
3,hotel2/mongodb-rate,12.8,69.73,400.43,0.0742,10,389,352.2537,3.9157,8.7068,0.0156,A
3,hotel2/mongodb-recommendation,12.25,69.15,400.43,0.0273,2,412,352.2537,3.7475,8.7068,0.0117,A
3,hotel2/mongodb-reservation,12.37,262.13,400.43,0.1016,10,457,352.2537,3.7842,8.7068,0.0117,A
3,hotel2/mongodb-user,11.39,68.8,400.43,0.0469,8,396,352.2537,3.4844,8.7068,0.0156,A
3,hotel2/profile,1.32,38.48,1119.06,0.0,0,342,352.2537,1.5479,1.6454,0.0,A
3,hotel2/rate,2.07,35.23,1119.14,0.0,0,681,352.2537,1.5479,1.6454,0.0,A
3,hotel2/recommendation,2.01,18.93,1119.06,0.0,0,554,352.2537,1.5479,1.6454,0.0,A
3,hotel2/reservation,1.82,76.47,1119.06,0.0,0,798,352.2537,1.5479,1.6454,0.0,A
3,hotel2/search,0.49,26.44,1119.06,0.0,0,0,352.2537,1.5479,1.6454,0.0,A
3,hotel2/user,1.24,14.52,1119.06,0.0,0,821,352.2537,1.5479,1.6454,0.0039,A
4,hotel/consul,29.62,31.06,201.48,0.0,0,11357,1165.626,8.3818,7.0443,0.0142,A
4,hotel/frontend,0.51,140.8,1119.14,0.0,0,0,352.2537,1.5479,1.6454,0.0,A
4,hotel/geo,1.23,20.01,1119.06,0.0,0,679,352.2537,1.5479,1.6454,0.0026,A
4,hotel/jaeger,0.33,15.03,81.01,0.0,0,0,352.2537,1.5479,1.6454,0.0,A
4,hotel/memcached-profile,0.47,7.76,79.25,0.0,0,0,352.2537,1.5479,1.6454,0.0,A
4,hotel/memcached-rate,0.43,7.7,79.25,0.0,0,0,352.2537,1.5479,1.6454,0.0,A
4,hotel/memcached-reserve,0.38,7.42,79.25,0.0,0,0,352.2537,1.5479,1.6454,0.0,A
4,hotel/mongodb-geo,11.62,69.06,400.43,0.0195,2,1513,352.2537,3.2882,7.0443,0.0052,A
4,hotel/mongodb-profile,11.57,70.01,400.43,0.0234,2,590,352.2537,3.2741,7.0443,0.0052,A
4,hotel/mongodb-rate,10.69,71.45,400.43,0.0,0,498,352.2537,3.025,7.0443,0.0039,A
4,hotel/mongodb-recommendation,12.21,69.45,400.43,0.0234,2,477,352.2537,3.4552,7.0443,0.0039,A
4,hotel/mongodb-reservation,12.11,267.35,400.43,0.0234,2,378,352.2537,3.4269,7.0443,0.0039,A
4,hotel/mongodb-user,12.06,69.08,400.43,0.0234,2,617,352.2537,3.4127,7.0443,0.0026,A
4,hotel/profile,1.5,41.7,1119.06,0.0,0,572,352.2537,1.5479,1.6454,0.0,A
4,hotel/rate,1.69,37.47,1119.14,0.0,0,334,352.2537,1.5479,1.6454,0.0,A
4,hotel/recommendation,1.45,19.15,1119.06,0.0,0,845,352.2537,1.5479,1.6454,0.0,A
4,hotel/reservation,1.35,108.71,1119.06,0.0,0,649,352.2537,1.5479,1.6454,0.0013,A
4,hotel/search,0.47,35.41,1119.06,0.0,0,0,352.2537,1.5479,1.6454,0.0,A
4,hotel/user,1.28,15.52,1119.06,0.0,0,706,352.2537,1.5479,1.6454,0.0,A
4,hotel2/consul,28.47,31.27,201.48,0.0,0,11173,1146.7411,8.0564,7.0443,0.0142,A
4,hotel2/frontend,0.46,77.82,1119.14,0.0,0,0,352.2537,1.5479,1.6454,0.0,A
4,hotel2/geo,1.25,19.41,1119.06,0.0,0,606,352.2537,1.5479,1.6454,0.0013,A
4,hotel2/jaeger,0.32,14.73,81.01,0.0,0,0,352.2537,1.5479,1.6454,0.0,A
4,hotel2/memcached-profile,0.43,7.65,79.25,0.0,0,0,352.2537,1.5479,1.6454,0.0,A
4,hotel2/memcached-rate,0.4,7.67,79.25,0.0,0,0,352.2537,1.5479,1.6454,0.0,A
4,hotel2/memcached-reserve,0.38,7.37,79.25,0.0,0,0,352.2537,1.5479,1.6454,0.0,A
4,hotel2/mongodb-geo,10.23,69.0,400.43,0.0,0,339,352.2537,2.8949,7.0443,0.0052,A
4,hotel2/mongodb-profile,10.66,70.98,400.43,0.0,0,416,352.2537,3.0165,7.0443,0.0064,A
4,hotel2/mongodb-rate,10.19,69.76,400.43,0.0,0,564,352.2537,2.8835,7.0443,0.0052,A
4,hotel2/mongodb-recommendation,10.48,69.23,400.43,0.0,0,390,352.2537,2.9656,7.0443,0.0039,A
4,hotel2/mongodb-reservation,10.79,262.29,400.43,0.0,0,668,352.2537,3.0533,7.0443,0.0064,A
4,hotel2/mongodb-user,12.5,68.71,400.43,0.0273,2,442,352.2537,3.5372,7.0443,0.0052,A
4,hotel2/profile,1.45,38.48,1119.06,0.0,0,692,352.2537,1.5479,1.6454,0.0,A
4,hotel2/rate,1.19,35.23,1119.14,0.0,0,304,352.2537,1.5479,1.6454,0.0,A
4,hotel2/recommendation,1.19,18.67,1119.06,0.0,0,484,352.2537,1.5479,1.6454,0.0013,A
4,hotel2/reservation,1.27,75.97,1119.06,0.0,0,679,352.2537,1.5479,1.6454,0.0013,A
4,hotel2/search,0.81,26.44,1119.06,0.0,0,69,352.2537,1.5479,1.6454,0.0,A
4,hotel2/user,1.87,14.52,1119.06,0.0,0,556,352.2537,1.5479,1.6454,0.0,A
5,hotel/consul,28.89,31.81,201.48,0.0,0,10836,4394.9803,6.9748,7.1602,0.028,A
5,hotel/frontend,0.52,140.8,1119.14,0.0,0,0,352.2537,1.5479,1.6454,0.0,A
5,hotel/geo,1.83,20.01,1119.06,0.0,0,651,352.2537,1.5479,1.6454,0.0,A
5,hotel/jaeger,0.32,14.78,81.01,0.0,0,0,352.2537,1.5479,1.6454,0.0031,A
5,hotel/memcached-profile,0.43,7.76,79.25,0.0,0,0,352.2537,1.5479,1.6454,0.0,A
5,hotel/memcached-rate,0.43,7.7,79.25,0.0,0,0,352.2537,1.5479,1.6454,0.0,A
5,hotel/memcached-reserve,0.42,7.42,79.25,0.0,0,0,352.2537,1.5479,1.6454,0.0,A
5,hotel/mongodb-geo,10.73,69.08,400.43,0.0,0,1610,653.001,2.5905,7.1602,0.0125,A
5,hotel/mongodb-profile,10.69,70.12,400.43,0.0,0,435,352.2537,2.5809,7.1602,0.0093,A
5,hotel/mongodb-rate,12.65,71.45,400.43,0.0234,2,507,352.2537,3.054,7.1602,0.0093,A
5,hotel/mongodb-recommendation,10.96,69.51,400.43,0.0,0,476,352.2537,2.646,7.1602,0.0093,A
5,hotel/mongodb-reservation,10.68,267.29,400.43,0.0,0,470,352.2537,2.5784,7.1602,0.0125,A
5,hotel/mongodb-user,10.67,69.33,400.43,0.0,0,408,352.2537,2.576,7.1602,0.0156,A
5,hotel/profile,1.32,41.69,1119.06,0.0,0,641,352.2537,1.5479,1.6454,0.0,A
5,hotel/rate,1.42,37.46,1119.14,0.0,0,750,352.2537,1.5479,1.6454,0.0031,A
5,hotel/recommendation,1.42,19.15,1119.06,0.0,0,742,352.2537,1.5479,1.6454,0.0,A
5,hotel/reservation,1.38,108.71,1119.06,0.0,0,535,352.2537,1.5479,1.6454,0.0,A
5,hotel/search,0.35,35.41,1119.06,0.0,0,0,352.2537,1.5479,1.6454,0.0031,A
5,hotel/user,1.42,15.51,1119.06,0.0,0,559,352.2537,1.5479,1.6454,0.0,A
5,hotel2/consul,28.73,31.02,201.48,0.0,0,11694,4742.9771,6.9362,7.1602,0.028,A
5,hotel2/frontend,0.52,77.82,1119.14,0.0,0,0,352.2537,1.5479,1.6454,0.0,A
5,hotel2/geo,1.35,19.4,1119.06,0.0,0,447,352.2537,1.5479,1.6454,0.0,A
5,hotel2/jaeger,0.31,14.73,81.01,0.0,0,0,352.2537,1.5479,1.6454,0.0,A
5,hotel2/memcached-profile,0.43,7.65,79.25,0.0,0,0,352.2537,1.5479,1.6454,0.0,A
5,hotel2/memcached-rate,0.37,7.67,79.25,0.0,0,0,352.2537,1.5479,1.6454,0.0031,A
5,hotel2/memcached-reserve,0.32,7.37,79.25,0.0,0,0,352.2537,1.5479,1.6454,0.0,A
5,hotel2/mongodb-geo,12.3,69.04,400.43,0.0273,2,308,352.2537,2.9695,7.1602,0.0093,A
5,hotel2/mongodb-profile,12.54,71.16,400.43,0.043,4,390,352.2537,3.0275,7.1602,0.0093,A
5,hotel2/mongodb-rate,12.31,69.98,400.43,0.0273,2,387,352.2537,2.972,7.1602,0.0093,A
5,hotel2/mongodb-recommendation,12.71,69.15,400.43,0.0273,2,423,352.2537,3.0685,7.1602,0.0062,A
5,hotel2/mongodb-reservation,12.61,262.5,400.43,0.0312,2,440,352.2537,3.0444,7.1602,0.0093,A
5,hotel2/mongodb-user,10.62,68.86,400.43,0.0,0,322,352.2537,2.564,7.1602,0.0093,A
5,hotel2/profile,1.39,38.48,1119.06,0.0,0,811,352.2537,1.5479,1.6454,0.0,A
5,hotel2/rate,1.58,35.23,1119.14,0.0,0,767,352.2537,1.5479,1.6454,0.0,A
5,hotel2/recommendation,1.54,18.68,1119.06,0.0,0,388,352.2537,1.5479,1.6454,0.0,A
5,hotel2/reservation,1.44,75.73,1119.06,0.0,0,827,352.2537,1.5479,1.6454,0.0,A
5,hotel2/search,0.47,26.44,1119.06,0.0,0,0,352.2537,1.5479,1.6454,0.0,A
5,hotel2/user,1.04,14.52,1119.06,0.0,0,346,352.2537,1.5479,1.6454,0.0,A
6,hotel/consul,27.38,31.3,201.48,0.0,0,9511,12685.8348,7.3475,9.0586,0.0772,A
6,hotel/frontend,0.53,140.8,1119.14,0.0,0,0,352.2537,1.5479,1.6454,0.0,A
6,hotel/geo,1.2,20.01,1119.06,0.0,0,606,808.2868,1.5479,1.6454,0.0,A
6,hotel/jaeger,0.36,14.78,81.01,0.0,0,0,352.2537,1.5479,1.6454,0.0,A
6,hotel/memcached-profile,0.48,7.76,79.25,0.0,0,0,352.2537,1.5479,1.6454,0.0,A
6,hotel/memcached-rate,0.43,7.7,79.25,0.0,0,0,352.2537,1.5479,1.6454,0.0,A
6,hotel/memcached-reserve,0.39,7.42,79.25,0.0,0,0,352.2537,1.5479,1.6454,0.0,A
6,hotel/mongodb-geo,11.02,69.06,400.43,0.0234,2,473,630.8905,2.9572,9.0586,0.0193,A
6,hotel/mongodb-profile,12.41,70.07,400.43,0.0234,2,519,692.2456,3.3303,9.0586,0.0129,A
6,hotel/mongodb-rate,10.77,71.45,400.43,0.0,0,459,612.2172,2.8902,9.0586,0.0257,A
6,hotel/mongodb-recommendation,12.07,69.45,400.43,0.0234,2,563,750.9331,3.239,9.0586,0.0257,A
6,hotel/mongodb-reservation,11.91,267.29,400.43,0.0234,2,357,476.169,3.1961,9.0586,0.0257,A
6,hotel/mongodb-user,12.3,69.02,400.43,0.0234,2,506,674.9061,3.3007,9.0586,0.0257,A
6,hotel/profile,1.89,41.7,1119.06,0.0,0,732,976.3464,1.5479,1.6454,0.0064,A
6,hotel/rate,1.49,37.46,1119.14,0.0,0,805,1073.7143,1.5479,1.6454,0.0064,A
6,hotel/recommendation,1.8,19.41,1119.06,0.0,0,494,658.9005,1.5479,1.6454,0.0,A
6,hotel/reservation,1.34,108.71,1119.06,0.0,0,821,1095.0552,1.5479,1.6454,0.0064,A
6,hotel/search,0.49,35.41,1119.06,0.0,0,0,352.2537,1.5479,1.6454,0.0,A
6,hotel/user,1.38,15.51,1119.06,0.0,0,489,652.2314,1.5479,1.6454,0.0064,A
6,hotel2/consul,28.05,31.27,201.48,0.0,0,9030,12044.2738,7.5273,9.0586,0.0708,A
6,hotel2/frontend,0.44,77.82,1119.14,0.0,0,0,352.2537,1.5479,1.6454,0.0,A
6,hotel2/geo,1.54,19.4,1119.06,0.0,0,688,917.659,1.5479,1.6454,0.0129,A
6,hotel2/jaeger,0.31,14.73,81.01,0.0,0,0,352.2537,1.5479,1.6454,0.0,A
6,hotel2/memcached-profile,0.42,7.65,79.25,0.0,0,0,352.2537,1.5479,1.6454,0.0,A
6,hotel2/memcached-rate,0.39,7.67,79.25,0.0,0,0,352.2537,1.5479,1.6454,0.0,A
6,hotel2/memcached-reserve,0.34,7.37,79.25,0.0,0,0,352.2537,1.5479,1.6454,0.0,A
6,hotel2/mongodb-geo,10.47,69.0,400.43,0.0,0,577,769.6064,2.8096,9.0586,0.0322,A
6,hotel2/mongodb-profile,10.42,70.73,400.43,0.0,0,344,458.8295,2.7962,9.0586,0.0257,A
6,hotel2/mongodb-rate,9.74,69.77,400.43,0.0,0,428,570.8692,2.6138,1.6454,0.0322,A
6,hotel2/mongodb-recommendation,10.65,69.23,400.43,0.0,0,428,570.8692,2.858,9.0586,0.0322,A
6,hotel2/mongodb-reservation,10.56,262.29,400.43,0.0,0,390,520.1846,2.8338,9.0586,0.0257,A
6,hotel2/mongodb-user,12.25,68.78,400.43,0.0273,2,392,522.8522,3.2873,9.0586,0.0193,A
6,hotel2/profile,1.42,38.48,1119.06,0.0,0,684,912.3237,1.5479,1.6454,0.0064,A
6,hotel2/rate,1.19,35.23,1119.14,0.0,0,688,917.659,1.5479,1.6454,0.0064,A
6,hotel2/recommendation,1.22,18.67,1119.06,0.0,0,398,530.855,1.5479,1.6454,0.0,A
6,hotel2/reservation,1.43,75.47,1119.06,0.0,0,720,960.3408,1.5479,1.6454,0.0064,A
6,hotel2/search,0.52,26.44,1119.06,0.0,0,0,352.2537,1.5479,1.6454,0.0,A
6,hotel2/user,1.59,14.52,1119.06,0.0,0,680,906.9885,1.5479,1.6454,0.0,A
7,hotel/consul,29.12,31.56,201.48,0.0,0,12254,8957.9164,7.0591,9.8536,0.0119,A
7,hotel/frontend,0.54,140.8,1119.14,0.0,0,0,352.2537,1.5479,1.6454,0.0,A
7,hotel/geo,1.46,20.01,1119.06,0.0,0,649,474.4318,1.5479,1.6454,0.0024,A
7,hotel/jaeger,0.32,14.78,81.01,0.0,0,0,352.2537,1.5479,1.6454,0.0,A
7,hotel/memcached-profile,0.48,7.76,79.25,0.0,0,0,352.2537,1.5479,1.6454,0.0,A
7,hotel/memcached-rate,0.44,7.7,79.25,0.0,0,0,352.2537,1.5479,1.6454,0.0,A
7,hotel/memcached-reserve,0.38,7.42,79.25,0.0,0,0,352.2537,1.5479,1.6454,0.0,A
7,hotel/mongodb-geo,9.98,69.08,400.43,0.0,0,556,406.447,2.4193,1.6454,0.0048,A
7,hotel/mongodb-profile,10.04,70.06,400.43,0.0,0,430,352.2537,2.4338,9.8536,0.0036,A
7,hotel/mongodb-rate,11.91,71.45,400.43,0.0234,2,500,365.5099,2.8872,9.8536,0.0036,A
7,hotel/mongodb-recommendation,10.66,69.45,400.43,0.0,0,388,352.2537,2.5841,9.8536,0.0048,A
7,hotel/mongodb-reservation,9.93,267.35,400.43,0.0,0,432,352.2537,2.4072,1.6454,0.0036,A
7,hotel/mongodb-user,10.56,68.95,400.43,0.0,0,481,352.2537,2.5599,9.8536,0.006,A
7,hotel/profile,1.19,41.69,1119.06,0.0,0,644,470.7767,1.5479,1.6454,0.0012,A
7,hotel/rate,1.4,37.46,1119.14,0.0,0,903,660.1109,1.5479,1.6454,0.0,A
7,hotel/recommendation,1.39,19.16,1119.06,0.0,0,737,538.7616,1.5479,1.6454,0.0012,A
7,hotel/reservation,1.9,109.21,1119.06,0.0,0,657,480.28,1.5479,1.6454,0.0012,A
7,hotel/search,0.79,35.67,1119.06,0.0,0,116,352.2537,1.5479,1.6454,0.0012,A
7,hotel/user,1.68,15.52,1119.06,0.0,0,566,413.7572,1.5479,1.6454,0.0,A
7,hotel2/consul,28.74,31.51,201.48,0.0,0,12091,8838.7602,6.967,9.8536,0.0119,A
7,hotel2/frontend,0.41,77.82,1119.14,0.0,0,0,352.2537,1.5479,1.6454,0.0,A
7,hotel2/geo,1.8,20.65,1119.06,0.0,0,536,391.8266,1.5479,1.6454,0.0,A
7,hotel2/jaeger,0.3,14.73,81.01,0.0,0,0,352.2537,1.5479,1.6454,0.0,A
7,hotel2/memcached-profile,0.41,7.65,79.25,0.0,0,0,352.2537,1.5479,1.6454,0.0,A
7,hotel2/memcached-rate,0.37,7.67,79.25,0.0,0,0,352.2537,1.5479,1.6454,0.0,A
7,hotel2/memcached-reserve,0.34,7.37,79.25,0.0,0,0,352.2537,1.5479,1.6454,0.0,A
7,hotel2/mongodb-geo,11.66,68.86,400.43,0.0273,2,406,352.2537,2.8266,9.8536,0.0048,A
7,hotel2/mongodb-profile,11.62,70.57,400.43,0.0273,2,389,352.2537,2.8169,9.8536,0.0036,A
7,hotel2/mongodb-rate,11.99,69.93,400.43,0.0312,4,390,352.2537,2.9065,9.8536,0.0036,A
7,hotel2/mongodb-recommendation,12.01,69.15,400.43,0.0273,2,395,352.2537,2.9114,9.8536,0.0048,A
7,hotel2/mongodb-reservation,12.33,262.5,400.43,0.0312,2,456,352.2537,2.989,9.8536,0.0048,A
7,hotel2/mongodb-user,10.44,68.8,400.43,0.0,0,442,352.2537,2.5308,9.8536,0.0048,A
7,hotel2/profile,1.4,38.48,1119.06,0.0,0,746,545.3408,1.5479,1.6454,0.0,A
7,hotel2/rate,1.57,35.23,1119.14,0.0,0,710,519.024,1.5479,1.6454,0.0,A
7,hotel2/recommendation,1.5,18.68,1119.06,0.0,0,721,527.0653,1.5479,1.6454,0.0012,A
7,hotel2/reservation,1.43,75.47,1119.06,0.0,0,259,352.2537,1.5479,1.6454,0.0,A
7,hotel2/search,0.44,26.44,1119.06,0.0,0,0,352.2537,1.5479,1.6454,0.0012,A
7,hotel2/user,1.03,14.52,1119.06,0.0,0,0,352.2537,1.5479,1.6454,0.0012,A
8,hotel/consul,26.24,31.55,201.48,0.0,0,9470,4612.7229,7.6527,8.225,0.0797,A
8,hotel/frontend,0.7,140.8,1119.14,0.0,0,0,352.2537,1.5479,1.6454,0.0,A
8,hotel/geo,1.29,20.01,1119.06,0.0,0,588,352.2537,1.5479,1.6454,0.0,A
8,hotel/jaeger,0.33,14.78,81.01,0.0,0,0,352.2537,1.5479,1.6454,0.0,A
8,hotel/memcached-profile,0.46,7.76,79.25,0.0,0,0,352.2537,1.5479,1.6454,0.0072,A
8,hotel/memcached-rate,0.45,7.7,79.25,0.0,0,0,352.2537,1.5479,1.6454,0.0,A
8,hotel/memcached-reserve,0.4,7.42,79.25,0.0,0,0,352.2537,1.5479,1.6454,0.0,A
8,hotel/mongodb-geo,11.87,69.05,400.43,0.0234,2,398,352.2537,3.4618,8.225,0.0217,A
8,hotel/mongodb-profile,12.52,69.7,400.43,0.0234,2,732,356.5484,3.6514,8.225,0.0217,A
8,hotel/mongodb-rate,10.54,71.46,400.43,0.0,0,563,352.2537,3.0739,8.225,0.029,A
8,hotel/mongodb-recommendation,11.11,69.45,400.43,0.0234,2,430,352.2537,3.2401,8.225,0.029,A
8,hotel/mongodb-reservation,12.41,267.32,400.43,0.0234,2,373,352.2537,3.6193,8.225,0.029,A
8,hotel/mongodb-user,12.44,69.02,400.43,0.0234,2,520,352.2537,3.628,8.225,0.0217,A
8,hotel/profile,1.58,41.7,1119.06,0.0,0,693,352.2537,1.5479,1.6454,0.0,A
8,hotel/rate,1.42,37.46,1119.14,0.0,0,584,352.2537,1.5479,1.6454,0.0072,A
8,hotel/recommendation,1.45,19.16,1119.06,0.0,0,735,358.0096,1.5479,1.6454,0.0072,A
8,hotel/reservation,1.37,108.71,1119.06,0.0,0,675,352.2537,1.5479,1.6454,0.0072,A
8,hotel/search,0.41,35.41,1119.06,0.0,0,0,352.2537,1.5479,1.6454,0.0,A
8,hotel/user,1.29,15.52,1119.06,0.0,0,680,352.2537,1.5479,1.6454,0.0072,A
8,hotel2/consul,26.16,31.27,201.48,0.0,0,8645,4210.8753,7.6293,8.225,0.0797,A
8,hotel2/frontend,1.08,77.82,1119.14,0.0,0,0,352.2537,1.5479,1.6454,0.0,A
8,hotel2/geo,1.46,19.65,1119.06,0.0,0,700,352.2537,1.5479,1.6454,0.0072,A
8,hotel2/jaeger,0.31,14.73,81.01,0.0,0,0,352.2537,1.5479,1.6454,0.0,A
8,hotel2/memcached-profile,0.4,7.65,79.25,0.0,0,0,352.2537,1.5479,1.6454,0.0,A
8,hotel2/memcached-rate,0.37,7.67,79.25,0.0,0,0,352.2537,1.5479,1.6454,0.0072,A
8,hotel2/memcached-reserve,0.33,7.37,79.25,0.0,0,0,352.2537,1.5479,1.6454,0.0,A
8,hotel2/mongodb-geo,10.45,69.0,400.43,0.0,0,453,352.2537,3.0477,8.225,0.0217,A
8,hotel2/mongodb-profile,10.97,70.42,400.43,0.0,0,442,352.2537,3.1993,8.225,0.029,A
8,hotel2/mongodb-rate,10.09,70.14,400.43,0.0,0,521,352.2537,2.9427,8.225,0.029,A
8,hotel2/mongodb-recommendation,10.76,69.23,400.43,0.0,0,411,352.2537,3.1381,8.225,0.0362,A
8,hotel2/mongodb-reservation,10.31,262.23,400.43,0.0,0,386,352.2537,3.0068,8.225,0.0362,A
8,hotel2/mongodb-user,12.5,68.81,400.43,0.0273,2,377,352.2537,3.6455,8.225,0.0217,A
8,hotel2/profile,1.68,38.49,1119.06,0.0,0,596,352.2537,1.5479,1.6454,0.0,A
8,hotel2/rate,1.14,35.23,1119.14,0.0,0,331,352.2537,1.5479,1.6454,0.0072,A
8,hotel2/recommendation,1.15,18.67,1119.06,0.0,0,656,352.2537,1.5479,1.6454,0.0,A
8,hotel2/reservation,1.32,75.47,1119.06,0.0,0,578,352.2537,1.5479,1.6454,0.0072,A
8,hotel2/search,0.59,26.44,1119.06,0.0,0,0,352.2537,1.5479,1.6454,0.0,A
8,hotel2/user,1.7,14.52,1119.06,0.0,0,470,352.2537,1.5479,1.6454,0.0072,A
9,hotel/consul,27.28,31.06,201.48,0.0,0,8989,1443.9543,1.5479,59.4965,0.0511,A
9,hotel/frontend,1910.18,176.42,1119.14,0.0,0,254985,40959.6939,52.3457,59.4965,0.0,A
9,hotel/geo,208.61,24.57,1119.06,0.0,0,1267,352.2537,5.7166,59.4965,0.0,A
9,hotel/jaeger,0.35,14.78,81.01,0.0,0,0,352.2537,1.5479,1.6454,0.0,A
9,hotel/memcached-profile,27.88,8.54,79.25,0.0,0,545,352.2537,1.5479,59.4965,0.0,A
9,hotel/memcached-rate,28.81,8.0,79.25,0.0,0,670,352.2537,1.5479,59.4965,0.0,A
9,hotel/memcached-reserve,42.71,7.51,79.25,0.0,0,717,352.2537,1.5479,59.4965,0.0,A
9,hotel/mongodb-geo,10.26,68.77,400.43,0.0,0,409,352.2537,1.5479,59.4965,0.0227,A
9,hotel/mongodb-profile,10.36,69.81,400.43,0.0,0,451,352.2537,1.5479,59.4965,0.0227,A
9,hotel/mongodb-rate,11.66,71.02,400.43,0.0352,4,480,352.2537,1.5479,59.4965,0.0227,A
9,hotel/mongodb-recommendation,10.29,69.26,400.43,0.0,0,345,352.2537,1.5479,59.4965,0.017,A
9,hotel/mongodb-reservation,11.09,266.91,400.43,0.0117,6,332,352.2537,1.5479,59.4965,0.0227,A
9,hotel/mongodb-user,10.09,69.14,400.43,0.0,0,404,352.2537,1.5479,59.4965,0.0227,A
9,hotel/profile,612.22,52.04,1119.06,0.0,0,51552,8281.0916,16.777,59.4965,0.0,A
9,hotel/rate,331.62,47.25,1119.14,0.0,0,1569,352.2537,9.0876,59.4965,0.0,A
9,hotel/recommendation,111.37,22.03,1119.06,0.0,0,1479,352.2537,3.0519,59.4965,0.0,A
9,hotel/reservation,624.09,119.75,1119.06,0.0,0,139704,22441.4498,17.1023,59.4965,0.0,A
9,hotel/search,581.19,45.26,1119.06,0.0,0,788,352.2537,15.9267,59.4965,0.0,A
9,hotel/user,15.04,15.34,1119.06,0.0,0,964,352.2537,1.5479,59.4965,0.0057,A
9,hotel2/consul,27.88,31.02,201.48,0.0,0,9265,1488.2898,1.5479,59.4965,0.0568,A
9,hotel2/frontend,0.4,77.82,1119.14,0.0,0,0,352.2537,1.5479,1.6454,0.0,A
9,hotel2/geo,1.28,19.4,1119.06,0.0,0,657,352.2537,1.5479,1.6454,0.0,A
9,hotel2/jaeger,0.28,14.73,81.01,0.0,0,0,352.2537,1.5479,1.6454,0.0,A
9,hotel2/memcached-profile,0.46,7.65,79.25,0.0,0,0,352.2537,1.5479,1.6454,0.0057,A
9,hotel2/memcached-rate,0.38,7.67,79.25,0.0,0,0,352.2537,1.5479,1.6454,0.0,A
9,hotel2/memcached-reserve,0.32,7.37,79.25,0.0,0,0,352.2537,1.5479,1.6454,0.0057,A
9,hotel2/mongodb-geo,11.84,68.56,400.43,0.0273,2,345,352.2537,1.5479,59.4965,0.017,A
9,hotel2/mongodb-profile,12.03,70.29,400.43,0.0273,2,342,352.2537,1.5479,59.4965,0.0227,A
9,hotel2/mongodb-rate,12.41,69.7,400.43,0.0273,2,348,352.2537,1.5479,59.4965,0.0227,A
9,hotel2/mongodb-recommendation,10.56,68.86,400.43,0.0273,2,409,352.2537,1.5479,59.4965,0.0227,A
9,hotel2/mongodb-reservation,13.32,262.26,400.43,0.0508,4,446,352.2537,1.5479,59.4965,0.0227,A
9,hotel2/mongodb-user,10.14,68.68,400.43,0.0,0,395,352.2537,1.5479,59.4965,0.017,A
9,hotel2/profile,1.3,38.48,1119.06,0.0,0,715,352.2537,1.5479,1.6454,0.0057,A
9,hotel2/rate,1.9,35.23,1119.14,0.0,0,265,352.2537,1.5479,1.6454,0.0057,A
9,hotel2/recommendation,1.85,18.67,1119.06,0.0,0,337,352.2537,1.5479,1.6454,0.0,A
9,hotel2/reservation,1.78,75.47,1119.06,0.0,0,909,352.2537,1.5479,1.6454,0.0,A
9,hotel2/search,0.53,26.44,1119.06,0.0,0,0,352.2537,1.5479,1.6454,0.0,A
9,hotel2/user,1.22,14.51,1119.06,0.0,0,636,352.2537,1.5479,1.6454,0.0,A
10,hotel/consul,26.15,31.06,201.48,0.0,0,2666,430.2681,1.5479,317.2632,0.0034,A
10,hotel/frontend,9647.63,165.72,1119.14,0.0,0,1025196,165457.2848,216.9253,317.2632,0.572,A
10,hotel/geo,936.73,24.23,1119.06,0.0,0,1788,352.2537,21.0622,317.2632,0.0612,A
10,hotel/jaeger,0.39,14.78,81.01,0.0,0,0,352.2537,1.5479,1.6454,0.0,A
10,hotel/memcached-profile,159.0,8.29,79.25,0.0,0,1843,352.2537,3.5751,317.2632,0.0082,A
10,hotel/memcached-rate,148.64,8.02,79.25,0.0,0,1226,352.2537,3.3421,317.2632,0.0086,A
10,hotel/memcached-reserve,190.33,7.55,79.25,0.0,0,1218,352.2537,4.2795,317.2632,0.0123,A
10,hotel/mongodb-geo,10.14,68.77,400.43,0.0234,2,169,352.2537,1.5479,317.2632,0.001,A
10,hotel/mongodb-profile,10.82,69.81,400.43,0.0234,2,133,352.2537,1.5479,317.2632,0.001,A
10,hotel/mongodb-rate,9.23,71.02,400.43,0.0,0,221,352.2537,1.5479,1.6454,0.0014,A
10,hotel/mongodb-recommendation,10.25,69.25,400.43,0.0234,2,224,352.2537,1.5479,317.2632,0.001,A
10,hotel/mongodb-reservation,12.51,266.92,400.43,0.0508,16,288,352.2537,1.5479,317.2632,0.0017,A
10,hotel/mongodb-user,10.68,68.89,400.43,0.0234,2,379,352.2537,1.5479,317.2632,0.001,A
10,hotel/profile,3022.31,47.37,1119.06,0.0,0,164801,26597.3784,67.9561,317.2632,0.188,A
10,hotel/rate,1679.1,40.6,1119.14,0.0,0,7502,1210.7544,37.7543,317.2632,0.0903,A
10,hotel/recommendation,565.65,20.89,1119.06,0.0,0,1534,352.2537,12.7185,317.2632,0.0342,A
10,hotel/reservation,3798.36,124.45,1119.06,0.0,0,809871,130705.7935,85.4055,317.2632,0.221,A
10,hotel/search,2881.67,48.07,1119.06,0.0,0,76262,12307.9913,64.7939,317.2632,0.177,A
10,hotel/user,48.58,15.08,1119.06,0.0,0,898,352.2537,1.5479,317.2632,0.0041,A
10,hotel2/consul,24.21,31.02,201.48,0.0,0,2586,417.3568,1.5479,317.2632,0.0038,A
10,hotel2/frontend,6475.58,91.23,1119.14,0.0,0,93793,15137.3348,145.6023,317.2632,0.0003,A
10,hotel2/geo,695.17,22.03,1119.06,0.0,0,1913,352.2537,15.6308,317.2632,0.0003,A
10,hotel2/jaeger,0.35,14.73,81.01,0.0,0,0,352.2537,1.5479,1.6454,0.0,A
10,hotel2/memcached-profile,148.33,7.68,79.25,0.0,0,881,352.2537,3.3352,317.2632,0.0,A
10,hotel2/memcached-rate,123.48,8.24,79.25,0.0,0,2141,352.2537,2.7764,317.2632,0.0,A
10,hotel2/memcached-reserve,174.56,7.66,79.25,0.0,0,1152,352.2537,3.925,317.2632,0.0,A
10,hotel2/mongodb-geo,9.49,68.56,400.43,0.0,0,135,352.2537,1.5479,1.6454,0.0017,A
10,hotel2/mongodb-profile,9.27,70.29,400.43,0.0,0,201,352.2537,1.5479,1.6454,0.001,A
10,hotel2/mongodb-rate,9.6,69.7,400.43,0.0,0,188,352.2537,1.5479,1.6454,0.0014,A
10,hotel2/mongodb-recommendation,9.4,68.86,400.43,0.0,0,170,352.2537,1.5479,1.6454,0.0014,A
10,hotel2/mongodb-reservation,10.94,262.1,400.43,0.0156,8,222,352.2537,1.5479,317.2632,0.002,A
10,hotel2/mongodb-user,11.34,68.68,400.43,0.0273,2,202,352.2537,1.5479,317.2632,0.001,A
10,hotel2/profile,1882.92,43.96,1119.06,0.0,0,2295,370.3921,42.3371,317.2632,0.0,A
10,hotel2/rate,1057.55,39.02,1119.14,0.0,0,2273,366.8415,23.7788,317.2632,0.0,A
10,hotel2/recommendation,458.84,20.46,1119.06,0.0,0,2061,352.2537,10.3169,317.2632,0.0007,A
10,hotel2/reservation,2026.04,81.69,1119.06,0.0,0,242742,39176.345,45.5552,317.2632,0.0007,A
10,hotel2/search,1768.03,32.76,1119.06,0.0,0,2888,466.0969,39.7539,317.2632,0.0,A
10,hotel2/user,30.81,14.53,1119.06,0.0,0,999,352.2537,1.5479,317.2632,0.0003,A
11,hotel/consul,24.3,31.06,201.48,0.0,0,2464,418.4962,1.5479,326.8227,0.0249,A
11,hotel/frontend,9253.63,169.91,1119.14,0.0,0,898998,152689.635,202.6442,326.8227,9.64,A
11,hotel/geo,809.51,21.94,1119.06,0.0,0,1681,352.2537,17.7274,326.8227,0.964,A
11,hotel/jaeger,0.3,14.78,81.01,0.0,0,0,352.2537,1.5479,1.6454,0.0,A
11,hotel/memcached-profile,162.21,7.76,79.25,0.0,0,1306,352.2537,3.5522,326.8227,0.166,A
11,hotel/memcached-rate,143.39,7.7,79.25,0.0,0,1727,352.2537,3.1401,326.8227,0.15,A
11,hotel/memcached-reserve,179.93,9.17,79.25,0.0,0,997,352.2537,3.9403,326.8227,0.18,A
11,hotel/mongodb-geo,9.32,68.77,400.43,0.0,0,171,352.2537,1.5479,1.6454,0.0083,A
11,hotel/mongodb-profile,9.92,69.62,400.43,0.0,0,242,352.2537,1.5479,1.6454,0.0083,A
11,hotel/mongodb-rate,12.38,70.96,400.43,0.0273,2,237,352.2537,1.5479,326.8227,0.0055,A
11,hotel/mongodb-recommendation,10.89,69.25,400.43,0.0,0,236,352.2537,1.5479,326.8227,0.0083,A
11,hotel/mongodb-reservation,11.03,266.92,400.43,0.0234,12,164,352.2537,1.5479,326.8227,0.0083,A
11,hotel/mongodb-user,10.51,68.89,400.43,0.0,0,608,352.2537,1.5479,326.8227,0.0139,A
11,hotel/profile,2873.67,47.16,1119.06,0.0,0,117279,19919.163,62.9302,326.8227,2.77,A
11,hotel/rate,1519.79,41.11,1119.14,0.0,0,2441,414.5898,33.2817,326.8227,1.73,A
11,hotel/recommendation,563.47,20.64,1119.06,0.0,0,1692,352.2537,12.3394,326.8227,0.582,A
11,hotel/reservation,3718.42,120.04,1119.06,0.0,0,662444,112512.2999,81.4293,326.8227,3.99,A
11,hotel/search,2582.91,44.2,1119.06,0.0,0,38825,6594.2027,56.5629,326.8227,2.87,A
11,hotel/user,47.97,15.57,1119.06,0.0,0,699,352.2537,1.5479,326.8227,0.0499,A
11,hotel2/consul,22.6,31.02,201.48,0.0,0,2049,352.2537,1.5479,326.8227,0.0222,A
11,hotel2/frontend,8226.09,88.89,1119.14,0.0,0,85843,14579.9394,180.1423,326.8227,8.49,A
11,hotel2/geo,919.48,24.01,1119.06,0.0,0,3097,526.0076,20.1356,326.8227,0.898,A
11,hotel2/jaeger,0.37,14.73,81.01,0.0,0,3384,574.7529,1.5479,1.6454,0.0028,A
11,hotel2/memcached-profile,204.85,7.69,79.25,0.0,0,1736,352.2537,4.486,326.8227,0.2,A
11,hotel2/memcached-rate,175.89,7.72,79.25,0.0,0,2140,363.4667,3.8518,326.8227,0.169,A
11,hotel2/memcached-reserve,225.42,7.43,79.25,0.0,0,1266,352.2537,4.9364,326.8227,0.227,A
11,hotel2/mongodb-geo,10.58,68.56,400.43,0.0508,4,168,352.2537,1.5479,326.8227,0.0083,A
11,hotel2/mongodb-profile,10.74,70.29,400.43,0.0391,4,164,352.2537,1.5479,326.8227,0.0055,A
11,hotel2/mongodb-rate,10.77,69.86,400.43,0.0273,2,177,352.2537,1.5479,326.8227,0.0111,A
11,hotel2/mongodb-recommendation,10.81,69.05,400.43,0.0312,4,211,352.2537,1.5479,326.8227,0.0111,A
11,hotel2/mongodb-reservation,13.14,262.27,400.43,0.0547,14,367,352.2537,1.5479,326.8227,0.0083,A
11,hotel2/mongodb-user,10.37,68.68,400.43,0.0,0,315,352.2537,1.5479,326.8227,0.0083,A
11,hotel2/profile,2503.92,46.52,1119.06,0.0,0,6642,1128.1055,54.8331,326.8227,2.52,A
11,hotel2/rate,1423.93,38.9,1119.14,0.0,0,2996,508.8534,31.1825,326.8227,1.42,A
11,hotel2/recommendation,623.04,21.68,1119.06,0.0,0,2833,481.1687,13.6439,326.8227,0.607,A
11,hotel2/reservation,2680.91,85.47,1119.06,0.0,0,248004,42122.0517,58.709,326.8227,2.83,A
11,hotel2/search,2309.27,37.5,1119.06,0.0,0,3520,597.8517,50.5705,326.8227,2.28,A
11,hotel2/user,33.35,14.52,1119.06,0.0,0,1432,352.2537,1.5479,326.8227,0.036,A
12,hotel/consul,24.22,31.06,201.48,0.0,0,1983,352.2537,1.5479,360.6883,0.0306,A
12,hotel/frontend,9392.68,170.44,1119.14,0.0,0,945267,164565.4113,259.6806,360.6883,11.3,A
12,hotel/geo,804.69,22.87,1119.06,0.0,0,1714,352.2537,22.2474,360.6883,0.915,A
12,hotel/jaeger,0.44,14.78,81.01,0.0,0,0,352.2537,1.5479,1.6454,0.0,A
12,hotel/memcached-profile,150.6,7.81,79.25,0.0,0,1404,352.2537,4.1637,360.6883,0.197,A
12,hotel/memcached-rate,145.07,7.73,79.25,0.0,0,1388,352.2537,4.0108,360.6883,0.173,A
12,hotel/memcached-reserve,173.85,7.75,79.25,0.0,0,1348,352.2537,4.8065,360.6883,0.214,A
12,hotel/mongodb-geo,9.67,68.77,400.43,0.0234,2,155,352.2537,1.5479,1.6454,0.0068,A
12,hotel/mongodb-profile,10.17,69.62,400.43,0.0234,2,142,352.2537,1.5479,360.6883,0.0102,A
12,hotel/mongodb-rate,9.4,70.96,400.43,0.0,0,252,352.2537,1.5479,1.6454,0.0136,A
12,hotel/mongodb-recommendation,10.82,69.25,400.43,0.0234,2,242,352.2537,1.5479,360.6883,0.0136,A
12,hotel/mongodb-reservation,12.44,266.92,400.43,0.0391,10,211,352.2537,1.5479,360.6883,0.0102,A
12,hotel/mongodb-user,11.37,69.14,400.43,0.0391,4,206,352.2537,1.5479,360.6883,0.0102,A
12,hotel/profile,2859.82,50.25,1119.06,0.0,0,171901,29926.9506,79.0658,360.6883,3.58,A
12,hotel/rate,1470.0,42.86,1119.14,0.0,0,1829,352.2537,40.6413,360.6883,1.74,A
12,hotel/recommendation,497.11,22.09,1119.06,0.0,0,1433,352.2537,13.7437,360.6883,0.673,A
12,hotel/reservation,3927.2,116.68,1119.06,0.0,0,813080,141552.434,108.5758,360.6883,5.25,A
12,hotel/search,2506.11,42.67,1119.06,0.0,0,27230,4740.5824,69.2867,360.6883,3.03,A
12,hotel/user,46.69,16.63,1119.06,0.0,0,1059,352.2537,1.5479,360.6883,0.0578,A
12,hotel2/consul,24.31,31.02,201.48,0.0,0,1677,352.2537,1.5479,360.6883,0.0272,A
12,hotel2/frontend,8599.14,93.11,1119.14,0.0,0,105764,18412.8888,237.7415,360.6883,10.3,A
12,hotel2/geo,952.31,24.45,1119.06,0.0,0,2607,453.8633,26.3286,360.6883,1.19,A
12,hotel2/jaeger,0.55,14.73,81.01,0.0,0,0,352.2537,1.5479,1.6454,0.0,A
12,hotel2/memcached-profile,206.02,7.94,79.25,0.0,0,2007,352.2537,5.6959,360.6883,0.258,A
12,hotel2/memcached-rate,182.38,7.71,79.25,0.0,0,1584,352.2537,5.0423,360.6883,0.231,A
12,hotel2/memcached-reserve,224.86,7.45,79.25,0.0,0,1706,352.2537,6.2167,360.6883,0.289,A
12,hotel2/mongodb-geo,9.47,68.56,400.43,0.0,0,141,352.2537,1.5479,1.6454,0.0136,A
12,hotel2/mongodb-profile,9.0,70.29,400.43,0.0,0,213,352.2537,1.5479,1.6454,0.0136,A
12,hotel2/mongodb-rate,9.95,69.7,400.43,0.0,0,147,352.2537,1.5479,1.6454,0.0136,A
12,hotel2/mongodb-recommendation,9.73,68.86,400.43,0.0,0,143,352.2537,1.5479,1.6454,0.017,A
12,hotel2/mongodb-reservation,10.74,262.11,400.43,0.0195,10,242,352.2537,1.5479,360.6883,0.0136,A
12,hotel2/mongodb-user,10.76,68.68,400.43,0.0273,2,162,352.2537,1.5479,360.6883,0.0102,A
12,hotel2/profile,2416.26,43.89,1119.06,0.0,0,4450,774.7188,66.8026,360.6883,3.16,A
12,hotel2/rate,1468.67,38.86,1119.14,0.0,0,2570,447.4218,40.6045,360.6883,1.84,A
12,hotel2/recommendation,618.55,21.44,1119.06,0.0,0,3653,635.9658,17.1011,360.6883,0.799,A
12,hotel2/reservation,2721.51,82.5,1119.06,0.0,0,262622,45720.9418,75.2419,360.6883,3.49,A
12,hotel2/search,2364.66,32.18,1119.06,0.0,0,3613,629.002,65.376,360.6883,3.02,A
12,hotel2/user,39.2,14.74,1119.06,0.0,0,911,352.2537,1.5479,360.6883,0.0476,A
13,hotel/consul,25.06,31.06,201.48,0.0,0,1812,352.2537,1.5479,317.9524,0.0317,A
13,hotel/frontend,9651.41,165.57,1119.14,0.0,0,932922,164711.3883,258.9773,317.9524,11.3,A
13,hotel/geo,836.19,26.45,1119.06,0.0,0,1359,352.2537,22.4376,317.9524,0.997,A
13,hotel/jaeger,0.33,14.78,81.01,0.0,0,0,352.2537,1.5479,1.6454,0.0,A
13,hotel/memcached-profile,157.94,8.04,79.25,0.0,0,1879,352.2537,4.238,317.9524,0.184,A
13,hotel/memcached-rate,149.07,7.78,79.25,0.0,0,1158,352.2537,4.0,317.9524,0.177,A
13,hotel/memcached-reserve,179.4,7.94,79.25,0.0,0,1100,352.2537,4.8139,317.9524,0.196,A
13,hotel/mongodb-geo,9.09,68.77,400.43,0.0,0,130,352.2537,1.5479,1.6454,0.0127,A
13,hotel/mongodb-profile,10.1,69.63,400.43,0.0469,10,210,352.2537,1.5479,317.9524,0.0095,A
13,hotel/mongodb-rate,10.93,71.15,400.43,0.0273,2,189,352.2537,1.5479,317.9524,0.0095,A
13,hotel/mongodb-recommendation,10.98,69.25,400.43,0.0469,10,127,352.2537,1.5479,317.9524,0.0095,A
13,hotel/mongodb-reservation,12.87,266.92,400.43,0.6445,80,215,352.2537,1.5479,317.9524,0.0127,A
13,hotel/mongodb-user,10.28,68.89,400.43,0.0469,10,429,352.2537,1.5479,317.9524,0.0127,A
13,hotel/profile,2848.72,53.01,1119.06,0.0,0,181915,32117.875,76.44,317.9524,3.63,A
13,hotel/rate,1495.65,42.22,1119.14,0.0,0,2163,381.8869,40.1329,317.9524,1.73,A
13,hotel/recommendation,503.09,20.7,1119.06,0.0,0,1435,352.2537,13.4995,317.9524,0.592,A
13,hotel/reservation,3788.2,113.11,1119.06,0.0,0,801550,141517.0972,101.6492,317.9524,4.16,A
13,hotel/search,2663.75,47.01,1119.06,0.0,0,4315,761.8318,71.4767,317.9524,3.1,A
13,hotel/user,46.9,16.83,1119.06,0.0,0,730,352.2537,1.5479,317.9524,0.057,A
13,hotel2/consul,24.91,31.02,201.48,0.0,0,2839,501.2377,1.5479,317.9524,0.0285,A
13,hotel2/frontend,8422.44,88.43,1119.14,0.0,0,83811,14797.1922,226.0002,317.9524,10.2,A
13,hotel2/geo,945.81,22.46,1119.06,0.0,0,2486,438.914,25.379,317.9524,1.15,A
13,hotel2/jaeger,0.33,14.73,81.01,0.0,0,0,352.2537,1.5479,1.6454,0.0,A
13,hotel2/memcached-profile,203.78,7.69,79.25,0.0,0,1632,352.2537,5.4681,317.9524,0.241,A
13,hotel2/memcached-rate,184.03,7.69,79.25,0.0,0,2435,429.9097,4.9381,317.9524,0.215,A
13,hotel2/memcached-reserve,235.91,7.41,79.25,0.0,0,1194,352.2537,6.3302,317.9524,0.269,A
13,hotel2/mongodb-geo,11.17,68.56,400.43,0.0,0,551,352.2537,1.5479,317.9524,0.0127,A
13,hotel2/mongodb-profile,11.99,70.29,400.43,0.0,0,146,352.2537,1.5479,317.9524,0.0127,A
13,hotel2/mongodb-rate,11.0,69.7,400.43,0.0,0,233,352.2537,1.5479,317.9524,0.0127,A
13,hotel2/mongodb-recommendation,10.89,68.86,400.43,0.0,0,111,352.2537,1.5479,317.9524,0.0095,A
13,hotel2/mongodb-reservation,12.55,262.11,400.43,0.0195,10,210,352.2537,1.5479,317.9524,0.0127,A
13,hotel2/mongodb-user,10.18,68.68,400.43,0.0,0,144,352.2537,1.5479,317.9524,0.0095,A
13,hotel2/profile,2473.48,45.73,1119.06,0.0,0,3052,538.8437,66.3712,317.9524,2.97,A
13,hotel2/rate,1533.75,37.82,1119.14,0.0,0,3070,542.0217,41.1553,317.9524,1.75,A
13,hotel2/recommendation,628.67,20.79,1119.06,0.0,0,2342,413.4902,16.8692,317.9524,0.728,A
13,hotel2/reservation,2825.88,79.31,1119.06,0.0,0,292370,51619.18,75.8271,317.9524,3.15,A
13,hotel2/search,2404.51,36.09,1119.06,0.0,0,4018,709.3952,64.5205,317.9524,2.83,A
13,hotel2/user,42.68,16.01,1119.06,0.0,0,1240,352.2537,1.5479,317.9524,0.0412,A
14,hotel/consul,24.69,31.06,201.48,0.0,0,2278,388.4315,1.5479,313.2163,0.0325,A
14,hotel/frontend,8921.56,172.21,1119.14,0.0,0,979372,166996.9099,243.913,313.2163,12.8,A
14,hotel/geo,818.8,25.16,1119.06,0.0,0,1690,352.2537,22.3858,313.2163,1.07,A
14,hotel/jaeger,0.4,14.78,81.01,0.0,0,0,352.2537,1.5479,1.6454,0.0,A
14,hotel/memcached-profile,156.14,10.07,79.25,0.0,0,1290,352.2537,4.2688,313.2163,0.21,A
14,hotel/memcached-rate,143.39,7.71,79.25,0.0,0,1988,352.2537,3.9202,313.2163,0.191,A
14,hotel/memcached-reserve,176.5,7.5,79.25,0.0,0,1071,352.2537,4.8255,313.2163,0.238,A
14,hotel/mongodb-geo,11.39,68.77,400.43,0.0234,2,198,352.2537,1.5479,313.2163,0.0108,A
14,hotel/mongodb-profile,10.62,69.81,400.43,0.0234,2,118,352.2537,1.5479,313.2163,0.0108,A
14,hotel/mongodb-rate,10.09,70.96,400.43,0.0664,10,194,352.2537,1.5479,313.2163,0.0145,A
14,hotel/mongodb-recommendation,10.39,69.25,400.43,0.0234,2,191,352.2537,1.5479,313.2163,0.0145,A
14,hotel/mongodb-reservation,12.32,266.93,400.43,0.0586,18,220,352.2537,1.5479,313.2163,0.0181,A
14,hotel/mongodb-user,10.7,68.89,400.43,0.0234,2,614,352.2537,1.5479,313.2163,0.0145,A
14,hotel/profile,2945.25,52.93,1119.06,0.0,0,164607,28067.8438,80.5223,313.2163,3.68,A
14,hotel/rate,1393.65,41.42,1119.14,0.0,0,2043,352.2537,38.102,313.2163,2.06,A
14,hotel/recommendation,516.63,20.42,1119.06,0.0,0,1551,352.2537,14.1245,313.2163,0.672,A
14,hotel/reservation,3798.12,129.66,1119.06,0.0,0,860526,146731.97,103.8396,313.2163,5.28,A
14,hotel/search,2534.61,44.7,1119.06,0.0,0,14629,2494.4534,69.2955,313.2163,3.48,A
14,hotel/user,43.31,17.58,1119.06,0.0,0,971,352.2537,1.5479,313.2163,0.0686,A
14,hotel2/consul,22.56,31.02,201.48,0.0,0,2342,399.3444,1.5479,313.2163,0.0325,A
14,hotel2/frontend,8600.86,87.72,1119.14,0.0,0,80922,13798.3564,235.1451,313.2163,11.0,A
14,hotel2/geo,950.33,23.46,1119.06,0.0,0,3266,556.8996,25.9818,313.2163,1.24,A
14,hotel2/jaeger,0.45,14.73,81.01,0.0,0,140,352.2537,1.5479,1.6454,0.0,A
14,hotel2/memcached-profile,213.66,7.93,79.25,0.0,0,1576,352.2537,5.8414,313.2163,0.264,A
14,hotel2/memcached-rate,179.23,7.7,79.25,0.0,0,1658,352.2537,4.9001,313.2163,0.242,A
14,hotel2/memcached-reserve,225.23,7.41,79.25,0.0,0,1446,352.2537,6.1577,313.2163,0.307,A
14,hotel2/mongodb-geo,10.9,68.56,400.43,0.0508,12,239,352.2537,1.5479,313.2163,0.0108,A
14,hotel2/mongodb-profile,11.73,70.29,400.43,0.0664,12,217,352.2537,1.5479,313.2163,0.0145,A
14,hotel2/mongodb-rate,9.82,69.7,400.43,0.0,0,274,352.2537,1.5479,1.6454,0.0108,A
14,hotel2/mongodb-recommendation,10.14,68.86,400.43,0.0508,12,180,352.2537,1.5479,313.2163,0.0108,A
14,hotel2/mongodb-reservation,12.03,262.11,400.43,0.0078,4,233,352.2537,1.5479,313.2163,0.0181,A
14,hotel2/mongodb-user,10.48,68.68,400.43,0.0,0,197,352.2537,1.5479,313.2163,0.0108,A
14,hotel2/profile,2566.68,43.04,1119.06,0.0,0,3607,615.045,70.1723,313.2163,3.13,A
14,hotel2/rate,1427.94,40.14,1119.14,0.0,0,2691,458.8539,39.0395,313.2163,1.96,A
14,hotel2/recommendation,624.32,21.62,1119.06,0.0,0,3012,513.589,17.0687,313.2163,0.791,A
14,hotel2/reservation,2792.47,83.39,1119.06,0.0,0,313378,53435.4236,76.3454,313.2163,3.84,A
14,hotel2/search,2349.74,34.68,1119.06,0.0,0,3869,659.7197,64.2412,313.2163,3.06,A
14,hotel2/user,41.79,16.38,1119.06,0.0,0,1003,352.2537,1.5479,313.2163,0.0578,A
15,hotel/consul,24.8,31.06,201.48,0.0,0,2510,455.3058,1.5479,390.4976,0.0247,A
15,hotel/frontend,9102.76,178.08,1119.14,0.0,0,906436,164424.5142,255.626,390.4976,10.1,A
15,hotel/geo,826.52,22.89,1119.06,0.0,0,1711,352.2537,23.2105,390.4976,0.971,A
15,hotel/jaeger,0.38,14.78,81.01,0.0,0,0,352.2537,1.5479,1.6454,0.0,A
15,hotel/memcached-profile,156.49,7.82,79.25,0.0,0,1494,352.2537,4.3946,390.4976,0.189,A
15,hotel/memcached-rate,148.97,7.75,79.25,0.0,0,1320,352.2537,4.1834,390.4976,0.176,A
15,hotel/memcached-reserve,185.94,7.48,79.25,0.0,0,1051,352.2537,5.2216,390.4976,0.207,A
15,hotel/mongodb-geo,9.49,68.77,400.43,0.0469,10,185,352.2537,1.5479,1.6454,0.0124,A
15,hotel/mongodb-profile,8.65,69.62,400.43,0.0,0,181,352.2537,1.5479,1.6454,0.0093,A
15,hotel/mongodb-rate,10.29,70.96,400.43,0.0273,2,134,352.2537,1.5479,390.4976,0.0124,A
15,hotel/mongodb-recommendation,9.17,69.25,400.43,0.0,0,133,352.2537,1.5479,1.6454,0.0093,A
15,hotel/mongodb-reservation,10.62,266.93,400.43,0.0234,12,278,352.2537,1.5479,390.4976,0.0124,A
15,hotel/mongodb-user,9.39,68.9,400.43,0.0,0,415,352.2537,1.5479,1.6454,0.0124,A
15,hotel/profile,2785.05,52.42,1119.06,0.0,0,75987,13783.7923,78.2105,390.4976,3.5,A
15,hotel/rate,1502.84,42.28,1119.14,0.0,0,2980,540.5622,42.2031,390.4976,1.62,A
15,hotel/recommendation,520.55,22.11,1119.06,0.0,0,1407,352.2537,14.6182,390.4976,0.628,A
15,hotel/reservation,3540.04,117.38,1119.06,0.0,0,722288,131020.6716,99.4123,390.4976,4.34,A
15,hotel/search,2612.25,44.86,1119.06,0.0,0,16762,3040.5718,73.3579,390.4976,2.94,A
15,hotel/user,43.71,17.67,1119.06,0.0,0,741,352.2537,1.5479,390.4976,0.0464,A
15,hotel2/consul,23.93,31.02,201.48,0.0,0,1994,361.7051,1.5479,390.4976,0.0278,A
15,hotel2/frontend,8391.64,90.07,1119.14,0.0,0,85253,15464.6143,235.6561,390.4976,9.99,A
15,hotel2/geo,864.07,23.31,1119.06,0.0,0,2461,446.4173,24.265,390.4976,1.07,A
15,hotel2/jaeger,1.28,14.73,81.01,0.0,0,9,352.2537,1.5479,1.6454,0.0,A
15,hotel2/memcached-profile,198.6,7.94,79.25,0.0,0,1865,352.2537,5.5771,390.4976,0.244,A
15,hotel2/memcached-rate,175.6,8.2,79.25,0.0,0,2467,447.5057,4.9312,390.4976,0.201,A
15,hotel2/memcached-reserve,229.6,7.45,79.25,0.0,0,1533,352.2537,6.4477,390.4976,0.26,A
15,hotel2/mongodb-geo,9.5,68.58,400.43,0.0,0,175,352.2537,1.5479,1.6454,0.0124,A
15,hotel2/mongodb-profile,9.88,70.31,400.43,0.0,0,290,352.2537,1.5479,1.6454,0.0124,A
15,hotel2/mongodb-rate,10.51,69.71,400.43,0.0469,10,165,352.2537,1.5479,390.4976,0.0155,A
15,hotel2/mongodb-recommendation,9.35,68.89,400.43,0.0,0,136,352.2537,1.5479,1.6454,0.0093,A
15,hotel2/mongodb-reservation,13.11,262.27,400.43,0.7461,108,290,352.2537,1.5479,390.4976,0.0155,A
15,hotel2/mongodb-user,9.88,68.68,400.43,0.0508,12,155,352.2537,1.5479,1.6454,0.0124,A
15,hotel2/profile,2395.09,42.01,1119.06,0.0,0,6051,1097.6315,67.2595,390.4976,2.83,A
15,hotel2/rate,1347.69,38.93,1119.14,0.0,0,2896,525.3249,37.8462,390.4976,1.56,A
15,hotel2/recommendation,577.74,20.9,1119.06,0.0,0,2698,489.4083,16.2242,390.4976,0.715,A
15,hotel2/reservation,2711.96,80.64,1119.06,0.0,0,209573,38015.8541,76.1579,390.4976,3.27,A
15,hotel2/search,2260.91,32.43,1119.06,0.0,0,3946,715.7914,63.4914,390.4976,2.7,A
15,hotel2/user,38.62,16.74,1119.06,0.0,0,1243,352.2537,1.5479,390.4976,0.0433,A
16,hotel/consul,24.2,31.06,201.48,0.0,0,2250,368.2709,1.5479,326.5028,0.0334,A
16,hotel/frontend,9103.33,166.66,1119.14,0.0,0,990891,162185.0157,213.6622,326.5028,12.0,A
16,hotel/geo,825.51,23.18,1119.06,0.0,0,1679,352.2537,19.3754,326.5028,0.992,A
16,hotel/jaeger,0.39,14.78,81.01,0.0,0,0,352.2537,1.5479,1.6454,0.0,A
16,hotel/memcached-profile,154.69,7.79,79.25,0.0,0,1564,352.2537,3.6307,326.5028,0.187,A
16,hotel/memcached-rate,148.03,7.73,79.25,0.0,0,1266,352.2537,3.4744,326.5028,0.184,A
16,hotel/memcached-reserve,180.0,9.37,79.25,0.0,0,1092,352.2537,4.2247,326.5028,0.217,A
16,hotel/mongodb-geo,10.93,68.77,400.43,0.0312,4,153,352.2537,1.5479,326.5028,0.0134,A
16,hotel/mongodb-profile,10.97,69.62,400.43,0.0234,2,87,352.2537,1.5479,326.5028,0.0067,A
16,hotel/mongodb-rate,10.01,70.96,400.43,0.0,0,399,352.2537,1.5479,326.5028,0.01,A
16,hotel/mongodb-recommendation,13.14,69.25,400.43,0.0391,4,191,352.2537,1.5479,326.5028,0.01,A
16,hotel/mongodb-reservation,14.32,266.93,400.43,0.0508,14,257,352.2537,1.5479,326.5028,0.0134,A
16,hotel/mongodb-user,10.88,69.14,400.43,0.0234,2,99,352.2537,1.5479,326.5028,0.01,A
16,hotel/profile,2796.68,48.4,1119.06,0.0,0,126010,20624.8052,65.6402,326.5028,3.37,A
16,hotel/rate,1565.97,43.83,1119.14,0.0,0,57123,9349.6607,36.7545,326.5028,1.69,A
16,hotel/recommendation,537.57,21.6,1119.06,0.0,0,1306,352.2537,12.6172,326.5028,0.635,A
16,hotel/reservation,3719.07,140.83,1119.06,0.0,0,848534,138884.5999,87.2894,326.5028,4.21,A
16,hotel/search,2582.97,44.89,1119.06,0.0,0,23455,3839.0192,60.6243,326.5028,3.08,A
16,hotel/user,41.77,17.18,1119.06,0.0,0,996,352.2537,1.5479,326.5028,0.0668,A
16,hotel2/consul,23.98,31.02,201.48,0.0,0,1983,352.2537,1.5479,326.5028,0.0301,A
16,hotel2/frontend,8611.58,90.23,1119.14,0.0,0,102549,16784.804,202.1204,326.5028,10.5,A
16,hotel2/geo,928.11,22.63,1119.06,0.0,0,2341,383.1654,21.7835,326.5028,1.14,A
16,hotel2/jaeger,0.41,14.73,81.01,0.0,0,0,352.2537,1.5479,1.6454,0.0033,A
16,hotel2/memcached-profile,212.3,7.67,79.25,0.0,0,1830,352.2537,4.9828,326.5028,0.261,A
16,hotel2/memcached-rate,182.66,7.68,79.25,0.0,0,1659,352.2537,4.2872,326.5028,0.231,A
16,hotel2/memcached-reserve,232.16,7.94,79.25,0.0,0,1336,352.2537,5.449,326.5028,0.294,A
16,hotel2/mongodb-geo,9.49,68.58,400.43,0.0,0,111,352.2537,1.5479,1.6454,0.01,A
16,hotel2/mongodb-profile,10.59,70.31,400.43,0.0,0,195,352.2537,1.5479,326.5028,0.01,A
16,hotel2/mongodb-rate,10.62,69.71,400.43,0.0,0,233,352.2537,1.5479,326.5028,0.0134,A
16,hotel2/mongodb-recommendation,9.9,68.88,400.43,0.0,0,138,352.2537,1.5479,1.6454,0.0134,A
16,hotel2/mongodb-reservation,10.89,262.28,400.43,0.0234,12,90,352.2537,1.5479,326.5028,0.01,A
16,hotel2/mongodb-user,10.79,68.7,400.43,0.0,0,133,352.2537,1.5479,326.5028,0.0067,A
16,hotel2/profile,2505.26,43.15,1119.06,0.0,0,4293,702.6608,58.8004,326.5028,3.17,A
16,hotel2/rate,1433.27,39.11,1119.14,0.0,0,3005,491.8462,33.64,326.5028,1.76,A
16,hotel2/recommendation,621.62,20.96,1119.06,0.0,0,3471,568.1192,14.5899,326.5028,0.752,A
16,hotel2/reservation,2718.63,83.05,1119.06,0.0,0,343436,56212.2101,63.8083,326.5028,3.5,A
16,hotel2/search,2442.57,32.43,1119.06,0.0,0,3621,592.6706,57.329,326.5028,2.94,A
16,hotel2/user,36.85,16.83,1119.06,0.0,0,1467,352.2537,1.5479,326.5028,0.0501,A
17,hotel/consul,25.4,31.06,201.48,0.0,0,1865,352.2537,1.5479,400.284,0.0327,A
17,hotel/frontend,9554.95,174.73,1119.14,0.0,0,909938,164797.7762,230.9367,400.284,13.7,A
17,hotel/geo,885.82,25.07,1119.06,0.0,0,1753,352.2537,21.4097,400.284,1.3,A
17,hotel/jaeger,0.27,14.78,81.01,0.0,0,0,352.2537,1.5479,1.6454,0.0,A
17,hotel/memcached-profile,159.39,8.26,79.25,0.0,0,1134,352.2537,3.8523,400.284,0.238,A
17,hotel/memcached-rate,150.02,7.75,79.25,0.0,0,1772,352.2537,3.6259,400.284,0.224,A
17,hotel/memcached-reserve,188.32,7.75,79.25,0.0,0,993,352.2537,4.5516,400.284,0.29,A
17,hotel/mongodb-geo,9.16,68.77,400.43,0.0,0,197,352.2537,1.5479,1.6454,0.0187,A
17,hotel/mongodb-profile,9.25,69.62,400.43,0.0,0,197,352.2537,1.5479,1.6454,0.014,A
17,hotel/mongodb-rate,10.75,71.15,400.43,0.0352,4,207,352.2537,1.5479,400.284,0.014,A
17,hotel/mongodb-recommendation,8.92,69.25,400.43,0.0,0,104,352.2537,1.5479,1.6454,0.014,A
17,hotel/mongodb-reservation,10.36,266.93,400.43,0.0156,8,152,352.2537,1.5479,400.284,0.014,A
17,hotel/mongodb-user,9.06,69.08,400.43,0.0,0,153,352.2537,1.5479,1.6454,0.014,A
17,hotel/profile,2983.12,50.45,1119.06,0.0,0,129465,23447.2504,72.1,400.284,4.62,A
17,hotel/rate,1460.77,40.32,1119.14,0.0,0,2313,418.9046,35.3058,400.284,2.28,A
17,hotel/recommendation,509.75,22.41,1119.06,0.0,0,1677,352.2537,12.3203,400.284,0.836,A
17,hotel/reservation,3628.51,121.97,1119.06,0.0,0,781295,141499.3973,87.6986,400.284,6.16,A
17,hotel/search,2607.69,39.22,1119.06,0.0,0,3979,720.6319,63.0261,400.284,3.95,A
17,hotel/user,42.78,17.18,1119.06,0.0,0,726,352.2537,1.5479,400.284,0.0607,A
17,hotel2/consul,22.75,31.02,201.48,0.0,0,2268,410.7548,1.5479,400.284,0.0374,A
17,hotel2/frontend,8423.44,85.56,1119.14,0.0,0,109963,19915.2666,203.5889,400.284,12.6,A
17,hotel2/geo,911.98,24.62,1119.06,0.0,0,3097,560.8939,22.0419,400.284,1.31,A
17,hotel2/jaeger,0.35,14.73,81.01,0.0,0,54,352.2537,1.5479,1.6454,0.0047,A
17,hotel2/memcached-profile,206.23,7.68,79.25,0.0,0,1669,352.2537,4.9844,400.284,0.299,A
17,hotel2/memcached-rate,167.08,7.68,79.25,0.0,0,2255,408.4003,4.0382,400.284,0.262,A
17,hotel2/memcached-reserve,240.22,7.67,79.25,0.0,0,1283,352.2537,5.806,400.284,0.332,A
17,hotel2/mongodb-geo,9.96,68.58,400.43,0.0234,4,274,352.2537,1.5479,1.6454,0.014,A
17,hotel2/mongodb-profile,9.94,70.31,400.43,0.0156,2,128,352.2537,1.5479,1.6454,0.0187,A
17,hotel2/mongodb-rate,9.99,69.71,400.43,0.0156,2,135,352.2537,1.5479,1.6454,0.0187,A
17,hotel2/mongodb-recommendation,10.26,68.88,400.43,0.0156,2,220,352.2537,1.5479,400.284,0.0187,A
17,hotel2/mongodb-reservation,11.25,262.28,400.43,0.0352,12,225,352.2537,1.5479,400.284,0.014,A
17,hotel2/mongodb-user,9.32,68.7,400.43,0.0,0,183,352.2537,1.5479,1.6454,0.0187,A
17,hotel2/profile,2420.16,44.11,1119.06,0.0,0,3277,593.4935,58.4936,400.284,3.56,A
17,hotel2/rate,1473.48,38.91,1119.14,0.0,0,2934,531.3732,35.613,400.284,2.17,A
17,hotel2/recommendation,618.18,20.1,1119.06,0.0,0,2368,428.8656,14.941,400.284,0.883,A
17,hotel2/reservation,2674.63,81.13,1119.06,0.0,0,239505,43376.4623,64.644,400.284,4.01,A
17,hotel2/search,2384.71,32.36,1119.06,0.0,0,3916,709.222,57.6368,400.284,3.55,A
17,hotel2/user,43.03,17.14,1119.06,0.0,0,1179,352.2537,1.5479,400.284,0.0514,A
18,hotel/consul,24.84,31.06,201.48,0.0,0,2220,387.7218,1.5479,329.1766,0.0312,A
18,hotel/frontend,9010.06,169.61,1119.14,0.0,0,1016076,177457.1232,207.8272,329.1766,12.1,A
18,hotel/geo,847.36,24.8,1119.06,0.0,0,1687,352.2537,19.5453,329.1766,1.14,A
18,hotel/jaeger,0.3,14.78,81.01,0.0,0,0,352.2537,1.5479,1.6454,0.0,A
18,hotel/memcached-profile,156.06,7.77,79.25,0.0,0,2004,352.2537,3.5997,329.1766,0.218,A
18,hotel/memcached-rate,140.89,7.74,79.25,0.0,0,1165,352.2537,3.2498,329.1766,0.187,A
18,hotel/memcached-reserve,180.58,7.53,79.25,0.0,0,856,352.2537,4.1653,329.1766,0.239,A
18,hotel/mongodb-geo,10.57,68.95,400.43,0.0234,2,278,352.2537,1.5479,329.1766,0.0104,A
18,hotel/mongodb-profile,10.89,69.63,400.43,0.0273,2,343,352.2537,1.5479,329.1766,0.0139,A
18,hotel/mongodb-rate,9.82,70.96,400.43,0.0,0,203,352.2537,1.5479,1.6454,0.0104,A
18,hotel/mongodb-recommendation,10.89,69.26,400.43,0.0273,2,109,352.2537,1.5479,329.1766,0.0104,A
18,hotel/mongodb-reservation,12.11,267.12,400.43,0.0469,12,195,352.2537,1.5479,329.1766,0.0139,A
18,hotel/mongodb-user,11.28,68.89,400.43,0.0312,4,151,352.2537,1.5479,329.1766,0.0104,A
18,hotel/profile,2850.38,51.3,1119.06,0.0,0,162392,28361.6749,65.7472,329.1766,4.11,A
18,hotel/rate,1419.48,41.95,1119.14,0.0,0,42872,7487.5716,32.7419,329.1766,1.97,A
18,hotel/recommendation,525.65,21.34,1119.06,0.0,0,1719,352.2537,12.1247,329.1766,0.71,A
18,hotel/reservation,3750.1,119.0,1119.06,0.0,0,703759,122911.1283,86.5003,329.1766,4.7,A
18,hotel/search,2644.56,45.23,1119.06,0.0,0,15304,2672.8353,60.9998,329.1766,3.42,A
18,hotel/user,44.08,17.45,1119.06,0.0,0,965,352.2537,1.5479,329.1766,0.0589,A
18,hotel2/consul,26.18,31.02,201.48,0.0,0,2221,387.8964,1.5479,329.1766,0.0346,A
18,hotel2/frontend,8404.86,94.2,1119.14,0.0,0,121252,21176.5961,193.8676,329.1766,10.6,A
18,hotel2/geo,935.67,23.03,1119.06,0.0,0,2533,442.3871,21.5823,329.1766,1.16,A
18,hotel2/jaeger,0.35,14.73,81.01,0.0,0,0,352.2537,1.5479,1.6454,0.0,A
18,hotel2/memcached-profile,203.63,7.94,79.25,0.0,0,2512,438.7194,4.697,329.1766,0.26,A
18,hotel2/memcached-rate,158.27,7.71,79.25,0.0,0,2454,428.5898,3.6507,329.1766,0.211,A
18,hotel2/memcached-reserve,225.87,7.93,79.25,0.0,0,1705,352.2537,5.2099,329.1766,0.308,A
18,hotel2/mongodb-geo,10.01,68.58,400.43,0.0,0,328,352.2537,1.5479,329.1766,0.0139,A
18,hotel2/mongodb-profile,9.82,70.31,400.43,0.0,0,273,352.2537,1.5479,1.6454,0.0104,A
18,hotel2/mongodb-rate,9.81,69.71,400.43,0.0,0,318,352.2537,1.5479,1.6454,0.0139,A
18,hotel2/mongodb-recommendation,10.02,68.88,400.43,0.0,0,136,352.2537,1.5479,329.1766,0.0139,A
18,hotel2/mongodb-reservation,11.26,262.28,400.43,0.0156,8,308,352.2537,1.5479,329.1766,0.0139,A
18,hotel2/mongodb-user,11.37,68.7,400.43,0.0156,2,216,352.2537,1.5479,329.1766,0.0069,A
18,hotel2/profile,2441.9,44.65,1119.06,0.0,0,5350,934.3746,56.3252,329.1766,3.27,A
18,hotel2/rate,1449.26,39.54,1119.14,0.0,0,2935,512.5962,33.4288,329.1766,1.92,A
18,hotel2/recommendation,588.75,22.18,1119.06,0.0,0,3473,606.5576,13.5802,329.1766,0.8,A
18,hotel2/reservation,2752.35,83.48,1119.06,0.0,0,308244,53834.6477,63.4861,329.1766,3.5,A
18,hotel2/search,2304.22,34.41,1119.06,0.0,0,3597,628.2141,53.1494,329.1766,3.05,A
18,hotel2/user,36.9,17.18,1119.06,0.0,0,1302,352.2537,1.5479,329.1766,0.052,A
19,hotel/consul,25.61,31.06,201.48,0.0,0,2065,360.4436,1.5479,335.4592,0.0352,A
19,hotel/frontend,9278.2,181.46,1119.14,0.0,0,996061,173861.4159,206.0733,335.4592,13.3,A
19,hotel/geo,871.77,26.53,1119.06,0.0,0,1662,352.2537,19.3624,335.4592,1.2,A
19,hotel/jaeger,0.47,14.78,81.01,0.0,0,0,352.2537,1.5479,1.6454,0.0039,A
19,hotel/memcached-profile,169.54,8.78,79.25,0.0,0,1213,352.2537,3.7656,335.4592,0.223,A
19,hotel/memcached-rate,153.08,7.75,79.25,0.0,0,1716,352.2537,3.4,335.4592,0.204,A
19,hotel/memcached-reserve,188.1,7.99,79.25,0.0,0,1108,352.2537,4.1778,335.4592,0.258,A
19,hotel/mongodb-geo,9.56,68.77,400.43,0.0,0,135,352.2537,1.5479,1.6454,0.0157,A
19,hotel/mongodb-profile,9.97,69.82,400.43,0.0,0,169,352.2537,1.5479,1.6454,0.0117,A
19,hotel/mongodb-rate,11.91,70.96,400.43,0.0273,2,371,352.2537,1.5479,335.4592,0.0157,A
19,hotel/mongodb-recommendation,10.33,69.26,400.43,0.0,0,175,352.2537,1.5479,335.4592,0.0117,A
19,hotel/mongodb-reservation,12.7,266.94,400.43,0.0273,14,193,352.2537,1.5479,335.4592,0.0157,A
19,hotel/mongodb-user,9.86,68.89,400.43,0.0,0,123,352.2537,1.5479,1.6454,0.0157,A
19,hotel/profile,3138.35,55.05,1119.06,0.0,0,217690,37997.564,69.7043,335.4592,4.1,A
19,hotel/rate,1471.98,41.62,1119.14,0.0,0,2010,352.2537,32.6934,335.4592,1.87,A
19,hotel/recommendation,563.24,22.22,1119.06,0.0,0,1598,352.2537,12.5098,335.4592,0.751,A
19,hotel/reservation,4000.17,123.68,1119.06,0.0,0,944771,164908.7995,88.8457,335.4592,5.32,A
19,hotel/search,2820.73,46.0,1119.06,0.0,0,21473,3748.0899,62.6498,335.4592,3.85,A
19,hotel/user,46.31,17.29,1119.06,0.0,0,848,352.2537,1.5479,335.4592,0.0587,A
19,hotel2/consul,24.59,31.02,201.48,0.0,0,2014,352.2537,1.5479,335.4592,0.043,A
19,hotel2/frontend,8371.66,87.88,1119.14,0.0,0,109248,19069.1252,185.9386,335.4592,12.2,A
19,hotel2/geo,928.88,25.73,1119.06,0.0,0,2326,406.0009,20.6309,335.4592,1.35,A
19,hotel2/jaeger,0.46,14.73,81.01,0.0,0,0,352.2537,1.5479,1.6454,0.0,A
19,hotel2/memcached-profile,200.68,7.92,79.25,0.0,0,1684,352.2537,4.4572,335.4592,0.297,A
19,hotel2/memcached-rate,167.4,7.71,79.25,0.0,0,1910,352.2537,3.718,335.4592,0.235,A
19,hotel2/memcached-reserve,229.29,7.43,79.25,0.0,0,1203,352.2537,5.0926,335.4592,0.329,A
19,hotel2/mongodb-geo,11.03,68.58,400.43,0.0156,2,184,352.2537,1.5479,335.4592,0.0117,A
19,hotel2/mongodb-profile,10.19,70.31,400.43,0.0156,2,120,352.2537,1.5479,335.4592,0.0117,A
19,hotel2/mongodb-rate,10.96,69.71,400.43,0.0156,2,161,352.2537,1.5479,335.4592,0.0078,A
19,hotel2/mongodb-recommendation,10.65,68.88,400.43,0.0156,2,110,352.2537,1.5479,335.4592,0.0117,A
19,hotel2/mongodb-reservation,12.18,262.28,400.43,0.0352,12,363,352.2537,1.5479,335.4592,0.0157,A
19,hotel2/mongodb-user,10.3,68.7,400.43,0.0,0,139,352.2537,1.5479,335.4592,0.0117,A
19,hotel2/profile,2465.13,50.57,1119.06,0.0,0,6917,1207.3552,54.7517,335.4592,3.61,A
19,hotel2/rate,1383.6,39.42,1119.14,0.0,0,3036,529.9307,30.7304,335.4592,2.05,A
19,hotel2/recommendation,568.54,20.76,1119.06,0.0,0,2558,446.4963,12.6275,335.4592,0.845,A
19,hotel2/reservation,2673.59,83.19,1119.06,0.0,0,280104,48891.8631,59.3817,335.4592,3.89,A
19,hotel2/search,2341.75,33.77,1119.06,0.0,0,4040,705.1778,52.0114,335.4592,3.46,A
19,hotel2/user,38.23,17.18,1119.06,0.0,0,1541,352.2537,1.5479,335.4592,0.0509,A
20,hotel/consul,24.16,31.06,201.48,0.0,0,2360,399.4406,1.5479,360.5417,0.0374,A
20,hotel/frontend,9310.69,166.07,1119.14,0.0,0,996567,168673.4293,206.2695,360.5417,14.2,A
20,hotel/geo,819.69,24.44,1119.06,0.0,0,1972,352.2537,18.1595,360.5417,1.18,A
20,hotel/jaeger,1.54,14.78,81.01,0.0,0,39,352.2537,1.5479,1.6454,0.0,A
20,hotel/memcached-profile,164.39,8.31,79.25,0.0,0,1538,352.2537,3.6419,360.5417,0.245,A
20,hotel/memcached-rate,136.42,8.54,79.25,0.0,0,1467,352.2537,3.0223,360.5417,0.216,A
20,hotel/memcached-reserve,184.5,7.48,79.25,0.0,0,866,352.2537,4.0874,360.5417,0.279,A
20,hotel/mongodb-geo,11.22,68.77,400.43,0.0273,2,193,352.2537,1.5479,360.5417,0.0083,A
20,hotel/mongodb-profile,10.87,69.63,400.43,0.0273,2,209,352.2537,1.5479,360.5417,0.0083,A
20,hotel/mongodb-rate,9.2,70.96,400.43,0.0,0,178,352.2537,1.5479,1.6454,0.0125,A
20,hotel/mongodb-recommendation,10.11,69.26,400.43,0.0273,2,333,352.2537,1.5479,360.5417,0.0166,A
20,hotel/mongodb-reservation,11.89,266.94,400.43,0.0547,16,158,352.2537,1.5479,360.5417,0.0166,A
20,hotel/mongodb-user,10.25,69.14,400.43,0.0352,4,182,352.2537,1.5479,360.5417,0.0166,A
20,hotel/profile,3015.55,49.1,1119.06,0.0,0,138297,23407.3868,66.8067,360.5417,4.55,A
20,hotel/rate,1476.59,48.84,1119.14,0.0,0,2203,372.8676,32.7125,360.5417,2.1,A
20,hotel/recommendation,528.31,20.94,1119.06,0.0,0,1366,352.2537,11.7042,360.5417,0.828,A
20,hotel/reservation,3566.06,117.93,1119.06,0.0,0,760804,128769.4853,79.0027,360.5417,6.18,A
20,hotel/search,2670.07,45.99,1119.06,0.0,0,19597,3316.88,59.1529,360.5417,4.12,A
20,hotel/user,43.22,17.29,1119.06,0.0,0,1008,352.2537,1.5479,360.5417,0.0666,A
20,hotel2/consul,22.6,31.02,201.48,0.0,0,2647,448.0166,1.5479,360.5417,0.0374,A
20,hotel2/frontend,8330.65,84.59,1119.14,0.0,0,95595,16179.882,184.5577,360.5417,12.8,A
20,hotel2/geo,925.07,22.59,1119.06,0.0,0,3042,514.8721,20.4941,360.5417,1.41,A
20,hotel2/jaeger,0.37,14.73,81.01,0.0,0,0,352.2537,1.5479,1.6454,0.0,A
20,hotel2/memcached-profile,203.68,7.93,79.25,0.0,0,1800,352.2537,4.5123,360.5417,0.308,A
20,hotel2/memcached-rate,173.48,7.7,79.25,0.0,0,1745,352.2537,3.8433,360.5417,0.266,A
20,hotel2/memcached-reserve,230.02,7.42,79.25,0.0,0,1700,352.2537,5.0959,360.5417,0.354,A
20,hotel2/mongodb-geo,9.44,68.58,400.43,0.0312,4,147,352.2537,1.5479,1.6454,0.0125,A
20,hotel2/mongodb-profile,8.96,70.31,400.43,0.0312,4,136,352.2537,1.5479,1.6454,0.0125,A
20,hotel2/mongodb-rate,9.54,69.71,400.43,0.0312,4,177,352.2537,1.5479,1.6454,0.0166,A
20,hotel2/mongodb-recommendation,9.26,68.88,400.43,0.0312,4,369,352.2537,1.5479,1.6454,0.0125,A
20,hotel2/mongodb-reservation,11.54,262.28,400.43,0.0508,12,352,352.2537,1.5479,360.5417,0.0166,A
20,hotel2/mongodb-user,10.18,68.7,400.43,0.0469,6,169,352.2537,1.5479,360.5417,0.0125,A
20,hotel2/profile,2574.56,51.19,1119.06,0.0,0,4797,811.9137,57.0369,360.5417,3.81,A
20,hotel2/rate,1486.38,37.5,1119.14,0.0,0,2779,470.3582,32.9293,360.5417,2.12,A
20,hotel2/recommendation,586.97,20.89,1119.06,0.0,0,2852,482.7138,13.0038,360.5417,0.874,A
20,hotel2/reservation,2714.01,83.12,1119.06,0.0,0,304716,51574.5481,60.1263,360.5417,4.15,A
20,hotel2/search,2351.83,32.08,1119.06,0.0,0,3476,588.3286,52.1026,360.5417,3.56,A
20,hotel2/user,40.29,17.1,1119.06,0.0,0,1407,352.2537,1.5479,360.5417,0.0541,A
21,hotel/consul,25.25,31.06,201.48,0.0,0,2084,389.3437,1.5479,358.1573,0.0304,A
21,hotel/frontend,9472.8,170.05,1119.14,0.0,0,939833,175584.4793,212.0364,358.1573,11.7,A
21,hotel/geo,829.05,22.89,1119.06,0.0,0,1763,352.2537,18.5572,358.1573,1.06,A
21,hotel/jaeger,0.39,14.78,81.01,0.0,0,0,352.2537,1.5479,1.6454,0.0,A
21,hotel/memcached-profile,146.1,8.03,79.25,0.0,0,1640,352.2537,3.2703,358.1573,0.199,A
21,hotel/memcached-rate,139.88,7.96,79.25,0.0,0,2806,524.2315,3.131,358.1573,0.175,A
21,hotel/memcached-reserve,178.19,7.7,79.25,0.0,0,967,352.2537,3.9886,358.1573,0.24,A
21,hotel/mongodb-geo,9.14,68.77,400.43,0.0,0,140,352.2537,1.5479,1.6454,0.0101,A
21,hotel/mongodb-profile,10.42,69.63,400.43,0.0,0,271,352.2537,1.5479,358.1573,0.0101,A
21,hotel/mongodb-rate,10.85,71.15,400.43,0.0273,2,210,352.2537,1.5479,358.1573,0.0101,A
21,hotel/mongodb-recommendation,9.06,69.26,400.43,0.0,0,141,352.2537,1.5479,1.6454,0.0068,A
21,hotel/mongodb-reservation,10.26,266.94,400.43,0.0117,6,169,352.2537,1.5479,358.1573,0.0135,A
21,hotel/mongodb-user,9.9,68.9,400.43,0.0,0,229,352.2537,1.5479,1.6454,0.0135,A
21,hotel/profile,2952.59,52.5,1119.06,0.0,0,149427,27916.7277,66.0899,358.1573,3.92,A
21,hotel/rate,1514.48,43.25,1119.14,0.0,0,3267,610.3579,33.8997,358.1573,1.89,A
21,hotel/recommendation,500.6,23.56,1119.06,0.0,0,1832,352.2537,11.2053,358.1573,0.648,A
21,hotel/reservation,3690.34,121.08,1119.06,0.0,0,710523,132743.5949,82.6035,358.1573,4.59,A
21,hotel/search,2589.54,37.47,1119.06,0.0,0,10141,1894.5943,57.9635,358.1573,3.36,A
21,hotel/user,46.28,17.3,1119.06,0.0,0,872,352.2537,1.5479,358.1573,0.0574,A
21,hotel2/consul,22.66,31.02,201.48,0.0,0,2288,427.456,1.5479,358.1573,0.0304,A
21,hotel2/frontend,8644.16,92.88,1119.14,0.0,0,85193,15916.1985,193.4884,358.1573,10.4,A
21,hotel2/geo,939.61,22.59,1119.06,0.0,0,2697,503.8675,21.032,358.1573,1.18,A
21,hotel2/jaeger,0.35,14.73,81.01,0.0,0,0,352.2537,1.5479,1.6454,0.0,A
21,hotel2/memcached-profile,208.4,7.69,79.25,0.0,0,2139,399.6191,4.6648,358.1573,0.26,A
21,hotel2/memcached-rate,175.58,7.7,79.25,0.0,0,2460,459.59,3.9301,358.1573,0.216,A
21,hotel2/memcached-reserve,238.39,7.4,79.25,0.0,0,1207,352.2537,5.3361,358.1573,0.287,A
21,hotel2/mongodb-geo,10.88,68.58,400.43,0.0195,4,125,352.2537,1.5479,358.1573,0.0068,A
21,hotel2/mongodb-profile,9.62,70.31,400.43,0.0156,2,126,352.2537,1.5479,1.6454,0.0101,A
21,hotel2/mongodb-rate,10.58,69.71,400.43,0.0156,2,79,352.2537,1.5479,358.1573,0.0101,A
21,hotel2/mongodb-recommendation,10.01,68.88,400.43,0.0156,2,251,352.2537,1.5479,358.1573,0.0101,A
21,hotel2/mongodb-reservation,10.94,262.29,400.43,0.0273,6,204,352.2537,1.5479,358.1573,0.0101,A
21,hotel2/mongodb-user,9.98,68.7,400.43,0.0,0,188,352.2537,1.5479,1.6454,0.0101,A
21,hotel2/profile,2583.03,47.22,1119.06,0.0,0,3497,653.3277,57.8178,358.1573,3.27,A
21,hotel2/rate,1498.48,38.78,1119.14,0.0,0,3006,561.5965,33.5415,358.1573,1.83,A
21,hotel2/recommendation,633.83,20.73,1119.06,0.0,0,2508,468.5576,14.1875,358.1573,0.763,A
21,hotel2/reservation,2687.82,83.15,1119.06,0.0,0,241343,45088.952,60.1634,358.1573,3.21,A
21,hotel2/search,2382.33,34.19,1119.06,0.0,0,4026,752.1582,53.3254,358.1573,2.92,A
21,hotel2/user,42.85,17.39,1119.06,0.0,0,1315,352.2537,1.5479,358.1573,0.054,A
22,hotel/consul,23.81,31.06,201.48,0.0,0,2700,431.1445,1.5479,301.751,0.0334,A
22,hotel/frontend,8836.18,170.04,1119.14,0.0,0,930388,148567.2855,220.8041,301.751,13.3,A
22,hotel/geo,801.06,26.54,1119.06,0.0,0,1713,352.2537,20.0174,301.751,1.18,A
22,hotel/jaeger,0.27,14.78,81.01,0.0,0,0,352.2537,1.5479,1.6454,0.0,A
22,hotel/memcached-profile,156.11,8.06,79.25,0.0,0,1483,352.2537,3.901,301.751,0.201,A
22,hotel/memcached-rate,135.97,7.75,79.25,0.0,0,1331,352.2537,3.3977,301.751,0.197,A
22,hotel/memcached-reserve,167.12,8.52,79.25,0.0,0,843,352.2537,4.1761,301.751,0.253,A
22,hotel/mongodb-geo,10.63,68.77,400.43,0.0508,4,250,352.2537,1.5479,301.751,0.0111,A
22,hotel/mongodb-profile,11.68,69.63,400.43,0.043,4,393,352.2537,1.5479,301.751,0.0149,A
22,hotel/mongodb-rate,11.71,71.15,400.43,0.0,0,189,352.2537,1.5479,301.751,0.0186,A
22,hotel/mongodb-recommendation,10.66,69.26,400.43,0.0273,2,142,352.2537,1.5479,301.751,0.0074,A
22,hotel/mongodb-reservation,13.83,266.95,400.43,0.0664,22,224,352.2537,1.5479,301.751,0.0186,A
22,hotel/mongodb-user,11.58,69.33,400.43,0.0273,2,192,352.2537,1.5479,301.751,0.0111,A
22,hotel/profile,2713.57,49.33,1119.06,0.0,0,152463,24345.7719,67.8084,301.751,4.04,A
22,hotel/rate,1439.29,47.67,1119.14,0.0,0,1763,352.2537,35.9659,301.751,2.15,A
22,hotel/recommendation,504.79,20.95,1119.06,0.0,0,1330,352.2537,12.614,301.751,0.694,A
22,hotel/reservation,3613.36,122.79,1119.06,0.0,0,788491,125908.7257,90.2929,301.751,5.25,A
22,hotel/search,2565.42,42.54,1119.06,0.0,0,42856,6843.381,64.1064,301.751,3.72,A
22,hotel/user,46.37,17.41,1119.06,0.0,0,1001,352.2537,1.5479,301.751,0.0706,A
22,hotel2/consul,24.33,31.02,201.48,0.0,0,2314,369.5068,1.5479,301.751,0.0297,A
22,hotel2/frontend,8271.16,91.51,1119.14,0.0,0,108012,17247.6963,206.685,301.751,11.3,A
22,hotel2/geo,903.86,22.79,1119.06,0.0,0,3455,551.7053,22.5862,301.751,1.27,A
22,hotel2/jaeger,0.29,14.73,81.01,0.0,0,0,352.2537,1.5479,1.6454,0.0,A
22,hotel2/memcached-profile,192.91,7.94,79.25,0.0,0,1740,352.2537,4.8206,301.751,0.279,A
22,hotel2/memcached-rate,163.56,7.7,79.25,0.0,0,1809,352.2537,4.0871,301.751,0.241,A
22,hotel2/memcached-reserve,223.19,7.44,79.25,0.0,0,1640,352.2537,5.5772,301.751,0.323,A
22,hotel2/mongodb-geo,10.18,68.58,400.43,0.0,0,165,352.2537,1.5479,301.751,0.0111,A
22,hotel2/mongodb-profile,11.0,70.31,400.43,0.0,0,249,352.2537,1.5479,301.751,0.0111,A
22,hotel2/mongodb-rate,11.79,69.71,400.43,0.0,0,270,352.2537,1.5479,301.751,0.0111,A
22,hotel2/mongodb-recommendation,10.07,68.88,400.43,0.0,0,149,352.2537,1.5479,301.751,0.0149,A
22,hotel2/mongodb-reservation,10.64,262.29,400.43,0.0117,6,177,352.2537,1.5479,301.751,0.0149,A
22,hotel2/mongodb-user,11.17,68.7,400.43,0.0156,2,255,352.2537,1.5479,301.751,0.0074,A
22,hotel2/profile,2409.47,46.12,1119.06,0.0,0,3658,584.121,60.2094,301.751,3.42,A
22,hotel2/rate,1448.14,38.89,1119.14,0.0,0,2925,467.0732,36.187,301.751,2.07,A
22,hotel2/recommendation,592.88,20.78,1119.06,0.0,0,3047,486.5546,14.8153,301.751,0.839,A
22,hotel2/reservation,2781.61,81.73,1119.06,0.0,0,314051,50148.6526,69.5086,301.751,3.79,A
22,hotel2/search,2318.86,30.61,1119.06,0.0,0,3972,634.2615,57.9452,301.751,3.22,A
22,hotel2/user,40.61,17.16,1119.06,0.0,0,1599,352.2537,1.5479,301.751,0.052,A
23,hotel/consul,23.34,31.06,201.48,0.0,0,2037,371.1303,1.5479,381.2382,0.0339,A
23,hotel/frontend,9415.51,162.89,1119.14,0.0,0,1022761,186341.4724,219.2747,381.2382,11.1,A
23,hotel/geo,861.15,22.76,1119.06,0.0,0,1427,352.2537,20.055,381.2382,1.0,A
23,hotel/jaeger,0.38,14.78,81.01,0.0,0,0,352.2537,1.5479,1.6454,0.0,A
23,hotel/memcached-profile,156.02,7.76,79.25,0.0,0,1234,352.2537,3.6335,381.2382,0.193,A
23,hotel/memcached-rate,146.44,7.7,79.25,0.0,0,1825,352.2537,3.4104,381.2382,0.169,A
23,hotel/memcached-reserve,169.99,9.21,79.25,0.0,0,951,352.2537,3.9588,381.2382,0.21,A
23,hotel/mongodb-geo,9.08,68.77,400.43,0.0,0,153,352.2537,1.5479,1.6454,0.0136,A
23,hotel/mongodb-profile,9.58,69.82,400.43,0.0,0,142,352.2537,1.5479,1.6454,0.0136,A
23,hotel/mongodb-rate,10.23,70.96,400.43,0.0273,2,158,352.2537,1.5479,381.2382,0.0102,A
23,hotel/mongodb-recommendation,9.87,69.7,400.43,0.0,0,173,352.2537,1.5479,1.6454,0.0068,A
23,hotel/mongodb-reservation,10.52,266.95,400.43,0.0117,6,130,352.2537,1.5479,381.2382,0.0136,A
23,hotel/mongodb-user,9.17,69.15,400.43,0.0,0,242,352.2537,1.5479,1.6454,0.0102,A
23,hotel/profile,2855.04,47.51,1119.06,0.0,0,149353,27211.3015,66.4901,381.2382,3.37,A
23,hotel/rate,1428.01,41.45,1119.14,0.0,0,2150,391.7183,33.2565,381.2382,1.74,A
23,hotel/recommendation,510.15,21.77,1119.06,0.0,0,1663,352.2537,11.8807,381.2382,0.62,A
23,hotel/reservation,3935.95,125.55,1119.06,0.0,0,774803,141164.878,91.663,381.2382,4.48,A
23,hotel/search,2629.51,45.88,1119.06,0.0,0,61004,11114.5959,61.2378,381.2382,3.04,A
23,hotel/user,48.24,17.46,1119.06,0.0,0,1173,352.2537,1.5479,381.2382,0.0576,A
23,hotel2/consul,22.97,31.02,201.48,0.0,0,2707,493.2006,1.5479,381.2382,0.0305,A
23,hotel2/frontend,8634.61,89.26,1119.14,0.0,0,92236,16804.8958,201.0886,381.2382,10.6,A
23,hotel2/geo,949.88,24.58,1119.06,0.0,0,2499,455.3042,22.1214,381.2382,1.18,A
23,hotel2/jaeger,0.3,14.73,81.01,0.0,0,0,352.2537,1.5479,1.6454,0.0,A
23,hotel2/memcached-profile,202.3,7.93,79.25,0.0,0,2010,366.211,4.7113,381.2382,0.244,A
23,hotel2/memcached-rate,182.25,7.7,79.25,0.0,0,1904,352.2537,4.2444,381.2382,0.207,A
23,hotel2/memcached-reserve,240.39,7.43,79.25,0.0,0,1495,352.2537,5.5984,381.2382,0.285,A
23,hotel2/mongodb-geo,10.37,68.58,400.43,0.0156,2,258,352.2537,1.5479,381.2382,0.0102,A
23,hotel2/mongodb-profile,10.06,70.31,400.43,0.0156,2,125,352.2537,1.5479,381.2382,0.0169,A
23,hotel2/mongodb-rate,9.89,69.89,400.43,0.0156,2,203,352.2537,1.5479,1.6454,0.0136,A
23,hotel2/mongodb-recommendation,9.93,68.88,400.43,0.0156,2,155,352.2537,1.5479,1.6454,0.0136,A
23,hotel2/mongodb-reservation,11.53,262.29,400.43,0.0391,12,184,352.2537,1.5479,381.2382,0.0136,A
23,hotel2/mongodb-user,9.45,68.7,400.43,0.0,0,191,352.2537,1.5479,1.6454,0.0102,A
23,hotel2/profile,2619.42,44.7,1119.06,0.0,0,3103,565.3497,61.0028,381.2382,3.21,A
23,hotel2/rate,1497.84,39.17,1119.14,0.0,0,3173,578.1033,34.8827,381.2382,1.84,A
23,hotel2/recommendation,635.85,20.03,1119.06,0.0,0,2433,443.2793,14.8081,381.2382,0.735,A
23,hotel2/reservation,2713.93,84.26,1119.06,0.0,0,302135,55047.3481,63.2038,381.2382,3.42,A
23,hotel2/search,2432.0,37.75,1119.06,0.0,0,3880,706.9148,56.638,381.2382,2.96,A
23,hotel2/user,41.52,16.77,1119.06,0.0,0,1300,352.2537,1.5479,381.2382,0.0474,A
24,hotel/consul,28.42,31.06,201.48,0.0,0,4088,753.8773,1.5479,312.6179,0.0344,A
24,hotel/frontend,9300.98,178.39,1119.14,0.0,0,979639,180657.4481,211.2422,312.6179,11.6,A
24,hotel/geo,782.28,24.89,1119.06,0.0,0,2077,383.0243,17.767,312.6179,1.07,A
24,hotel/jaeger,0.35,14.78,81.01,0.0,0,0,352.2537,1.5479,1.6454,0.0,A
24,hotel/memcached-profile,158.42,7.76,79.25,0.0,0,1716,352.2537,3.598,312.6179,0.196,A
24,hotel/memcached-rate,144.37,7.96,79.25,0.0,0,1347,352.2537,3.2789,312.6179,0.183,A
24,hotel/memcached-reserve,187.87,8.31,79.25,0.0,0,1031,352.2537,4.2669,312.6179,0.224,A
24,hotel/mongodb-geo,11.42,68.96,400.43,0.0273,2,101,352.2537,1.5479,312.6179,0.0103,A
24,hotel/mongodb-profile,11.39,69.63,400.43,0.0273,2,357,352.2537,1.5479,312.6179,0.0103,A
24,hotel/mongodb-rate,10.51,70.96,400.43,0.0,0,123,352.2537,1.5479,312.6179,0.0138,A
24,hotel/mongodb-recommendation,11.28,69.26,400.43,0.0273,2,212,352.2537,1.5479,312.6179,0.0069,A
24,hotel/mongodb-reservation,13.21,266.95,400.43,0.0547,14,155,352.2537,1.5479,312.6179,0.0103,A
24,hotel/mongodb-user,12.53,69.14,400.43,0.0273,2,156,352.2537,1.5479,312.6179,0.0103,A
24,hotel/profile,2953.25,49.7,1119.06,0.0,0,182037,33569.8557,67.0737,312.6179,3.53,A
24,hotel/rate,1455.53,43.32,1119.14,0.0,0,1816,352.2537,33.0577,312.6179,1.69,A
24,hotel/recommendation,528.56,20.88,1119.06,0.0,0,1540,352.2537,12.0046,312.6179,0.61,A
24,hotel/reservation,3716.3,126.51,1119.06,0.0,0,882993,162834.7402,84.4039,312.6179,4.77,A
24,hotel/search,2562.76,48.98,1119.06,0.0,0,4332,798.8739,58.2049,312.6179,3.21,A
24,hotel/user,44.13,17.49,1119.06,0.0,0,841,352.2537,1.5479,312.6179,0.0586,A
24,hotel2/consul,23.64,31.02,201.48,0.0,0,2067,381.1802,1.5479,312.6179,0.031,A
24,hotel2/frontend,8417.44,88.7,1119.14,0.0,0,95848,17675.5469,191.1754,312.6179,10.8,A
24,hotel2/geo,920.6,24.02,1119.06,0.0,0,3109,573.3377,20.9085,312.6179,1.2,A
24,hotel2/jaeger,0.46,14.73,81.01,0.0,0,0,352.2537,1.5479,1.6454,0.0034,A
24,hotel2/memcached-profile,199.58,7.68,79.25,0.0,0,1950,359.6039,4.5328,312.6179,0.258,A
24,hotel2/memcached-rate,183.95,7.72,79.25,0.0,0,1401,352.2537,4.1778,312.6179,0.238,A
24,hotel2/memcached-reserve,232.93,7.43,79.25,0.0,0,1506,352.2537,5.2903,312.6179,0.303,A
24,hotel2/mongodb-geo,11.09,68.77,400.43,0.0,0,171,352.2537,1.5479,312.6179,0.0103,A
24,hotel2/mongodb-profile,9.87,70.31,400.43,0.0,0,141,352.2537,1.5479,1.6454,0.0103,A
24,hotel2/mongodb-rate,10.32,69.71,400.43,0.0,0,158,352.2537,1.5479,312.6179,0.0138,A
24,hotel2/mongodb-recommendation,10.02,68.88,400.43,0.0,0,160,352.2537,1.5479,312.6179,0.0138,A
24,hotel2/mongodb-reservation,12.54,262.48,400.43,0.0273,14,208,352.2537,1.5479,312.6179,0.0138,A
24,hotel2/mongodb-user,11.3,68.82,400.43,0.0156,2,226,352.2537,1.5479,312.6179,0.0103,A
24,hotel2/profile,2589.23,46.94,1119.06,0.0,0,5872,1082.8688,58.8061,312.6179,3.39,A
24,hotel2/rate,1465.71,40.36,1119.14,0.0,0,2674,493.1184,33.2889,312.6179,1.95,A
24,hotel2/recommendation,617.82,21.64,1119.06,0.0,0,3089,569.6495,14.0318,312.6179,0.806,A
24,hotel2/reservation,2838.26,82.32,1119.06,0.0,0,290771,53621.7391,64.4621,312.6179,3.54,A
24,hotel2/search,2425.27,34.08,1119.06,0.0,0,3578,659.8271,55.0823,312.6179,3.1,A
24,hotel2/user,38.0,16.52,1119.06,0.0,0,1190,352.2537,1.5479,312.6179,0.0517,A
25,hotel/consul,25.59,31.06,201.48,0.0,0,2024,364.8569,1.5479,320.3642,0.0362,A
25,hotel/frontend,9192.49,163.64,1119.14,0.0,0,1024962,184765.0408,219.2679,320.3642,12.2,A
25,hotel/geo,784.34,24.02,1119.06,0.0,0,1248,352.2537,18.7088,320.3642,0.981,A
25,hotel/jaeger,0.4,14.78,81.01,0.0,0,0,352.2537,1.5479,1.6454,0.0,A
25,hotel/memcached-profile,146.1,8.08,79.25,0.0,0,1411,352.2537,3.4849,320.3642,0.203,A
25,hotel/memcached-rate,131.88,7.72,79.25,0.0,0,1089,352.2537,3.1457,320.3642,0.192,A
25,hotel/memcached-reserve,173.15,8.71,79.25,0.0,0,1054,352.2537,4.1301,320.3642,0.239,A
25,hotel/mongodb-geo,8.83,68.77,400.43,0.0,0,154,352.2537,1.5479,1.6454,0.0145,A
25,hotel/mongodb-profile,10.72,69.63,400.43,0.0508,10,174,352.2537,1.5479,320.3642,0.0109,A
25,hotel/mongodb-rate,11.24,70.96,400.43,0.0,0,140,352.2537,1.5479,320.3642,0.0109,A
25,hotel/mongodb-recommendation,10.08,69.26,400.43,0.0508,10,168,352.2537,1.5479,320.3642,0.0109,A
25,hotel/mongodb-reservation,13.44,266.96,400.43,0.6992,96,215,352.2537,1.5479,320.3642,0.0145,A
25,hotel/mongodb-user,10.88,68.9,400.43,0.0781,12,276,352.2537,1.5479,320.3642,0.0181,A
25,hotel/profile,2893.7,49.87,1119.06,0.0,0,225780,40700.2903,69.0232,320.3642,3.81,A
25,hotel/rate,1339.43,45.56,1119.14,0.0,0,1928,352.2537,31.9493,320.3642,1.86,A
25,hotel/recommendation,485.5,22.85,1119.06,0.0,0,1587,352.2537,11.5806,320.3642,0.677,A
25,hotel/reservation,3469.56,127.03,1119.06,0.0,0,694563,125205.5794,82.7592,320.3642,5.1,A
25,hotel/search,2478.4,44.21,1119.06,0.0,0,21689,3909.7732,59.1171,320.3642,3.32,A
25,hotel/user,41.47,17.48,1119.06,0.0,0,746,352.2537,1.5479,320.3642,0.0579,A
25,hotel2/consul,22.42,31.02,201.48,0.0,0,1811,352.2537,1.5479,320.3642,0.0326,A
25,hotel2/frontend,8481.58,89.11,1119.14,0.0,0,96478,17391.6317,202.3106,320.3642,11.4,A
25,hotel2/geo,935.22,22.36,1119.06,0.0,0,2816,507.627,22.3077,320.3642,1.21,A
25,hotel2/jaeger,0.47,14.73,81.01,0.0,0,0,352.2537,1.5479,1.6454,0.0,A
25,hotel2/memcached-profile,200.05,7.68,79.25,0.0,0,1773,352.2537,4.7718,320.3642,0.264,A
25,hotel2/memcached-rate,174.82,7.7,79.25,0.0,0,2527,455.5303,4.17,320.3642,0.239,A
25,hotel2/memcached-reserve,221.56,7.43,79.25,0.0,0,1259,352.2537,5.2849,320.3642,0.308,A
25,hotel2/mongodb-geo,10.34,68.59,400.43,0.0195,2,361,352.2537,1.5479,320.3642,0.0145,A
25,hotel2/mongodb-profile,10.04,70.32,400.43,0.0195,2,122,352.2537,1.5479,320.3642,0.0109,A
25,hotel2/mongodb-rate,11.15,69.72,400.43,0.0195,2,217,352.2537,1.5479,320.3642,0.0145,A
25,hotel2/mongodb-recommendation,9.89,68.88,400.43,0.0195,2,129,352.2537,1.5479,1.6454,0.0109,A
25,hotel2/mongodb-reservation,12.75,262.29,400.43,0.0312,8,269,352.2537,1.5479,320.3642,0.0145,A
25,hotel2/mongodb-user,9.38,68.64,400.43,0.0,0,186,352.2537,1.5479,1.6454,0.0109,A
25,hotel2/profile,2532.38,44.87,1119.06,0.0,0,9035,1628.6966,60.4047,320.3642,3.44,A
25,hotel2/rate,1376.09,38.6,1119.14,0.0,0,3186,574.3251,32.8238,320.3642,1.87,A
25,hotel2/recommendation,608.53,20.36,1119.06,0.0,0,2477,446.517,14.5152,320.3642,0.811,A
25,hotel2/reservation,2687.36,79.8,1119.06,0.0,0,334657,60327.0309,64.1014,320.3642,3.7,A
25,hotel2/search,2257.15,35.86,1119.06,0.0,0,3751,676.175,53.8397,320.3642,3.24,A
25,hotel2/user,40.09,16.76,1119.06,0.0,0,1480,352.2537,1.5479,320.3642,0.0543,A
26,hotel/consul,23.93,31.06,201.48,0.0,0,2332,393.485,1.5479,335.4826,0.0282,A
26,hotel/frontend,9285.09,169.01,1119.14,0.0,0,1026076,173132.7083,244.1137,335.4826,11.1,A
26,hotel/geo,856.39,23.95,1119.06,0.0,0,1940,352.2537,22.5153,335.4826,0.963,A
26,hotel/jaeger,0.28,14.78,81.01,0.0,0,0,352.2537,1.5479,1.6454,0.0,A
26,hotel/memcached-profile,158.21,7.76,79.25,0.0,0,1491,352.2537,4.1595,335.4826,0.182,A
26,hotel/memcached-rate,150.81,7.73,79.25,0.0,0,1441,352.2537,3.9649,335.4826,0.169,A
26,hotel/memcached-reserve,192.78,9.23,79.25,0.0,0,1010,352.2537,5.0684,335.4826,0.219,A
26,hotel/mongodb-geo,10.68,68.77,400.43,0.043,4,300,352.2537,1.5479,335.4826,0.0094,A
26,hotel/mongodb-profile,10.19,69.64,400.43,0.0273,2,110,352.2537,1.5479,335.4826,0.0094,A
26,hotel/mongodb-rate,9.96,70.96,400.43,0.0508,12,225,352.2537,1.5479,1.6454,0.0125,A
26,hotel/mongodb-recommendation,10.43,69.26,400.43,0.0273,2,167,352.2537,1.5479,335.4826,0.0094,A
26,hotel/mongodb-reservation,14.77,266.96,400.43,0.0703,22,193,352.2537,1.5479,335.4826,0.0125,A
26,hotel/mongodb-user,10.26,69.15,400.43,0.0273,2,153,352.2537,1.5479,335.4826,0.0125,A
26,hotel/profile,2992.39,43.66,1119.06,0.0,0,150551,25402.8964,78.6727,335.4826,3.53,A
26,hotel/rate,1437.45,41.6,1119.14,0.0,0,2269,382.8548,37.7919,335.4826,1.7,A
26,hotel/recommendation,539.53,21.16,1119.06,0.0,0,1484,352.2537,14.1847,335.4826,0.561,A
26,hotel/reservation,4005.77,132.74,1119.06,0.0,0,952558,160727.808,105.3154,335.4826,4.2,A
26,hotel/search,2575.57,48.03,1119.06,0.0,0,9149,1543.7367,67.7142,335.4826,3.17,A
26,hotel/user,48.56,17.91,1119.06,0.0,0,924,352.2537,1.5479,335.4826,0.0564,A
26,hotel2/consul,23.09,31.02,201.48,0.0,0,1849,352.2537,1.5479,335.4826,0.0282,A
26,hotel2/frontend,8521.99,87.14,1119.14,0.0,0,79990,13496.9391,224.0511,335.4826,9.83,A
26,hotel2/geo,964.25,23.87,1119.06,0.0,0,2691,454.06,25.351,335.4826,1.11,A
26,hotel2/jaeger,0.34,14.73,81.01,0.0,0,0,352.2537,1.5479,1.6454,0.0,A
26,hotel2/memcached-profile,205.4,8.68,79.25,0.0,0,2030,352.2537,5.4002,335.4826,0.235,A
26,hotel2/memcached-rate,189.37,8.22,79.25,0.0,0,1680,352.2537,4.9787,335.4826,0.207,A
26,hotel2/memcached-reserve,229.62,7.43,79.25,0.0,0,1620,352.2537,6.0369,335.4826,0.257,A
26,hotel2/mongodb-geo,10.37,68.59,400.43,0.0781,10,332,352.2537,1.5479,335.4826,0.0094,A
26,hotel2/mongodb-profile,10.08,70.32,400.43,0.0742,10,149,352.2537,1.5479,335.4826,0.0125,A
26,hotel2/mongodb-rate,9.21,69.72,400.43,0.0,0,211,352.2537,1.5479,1.6454,0.0125,A
26,hotel2/mongodb-recommendation,10.34,68.88,400.43,0.0664,10,125,352.2537,1.5479,335.4826,0.0094,A
26,hotel2/mongodb-reservation,11.33,262.29,400.43,0.0156,8,193,352.2537,1.5479,335.4826,0.0125,A
26,hotel2/mongodb-user,10.58,68.71,400.43,0.0195,2,308,352.2537,1.5479,335.4826,0.0094,A
26,hotel2/profile,2457.81,44.25,1119.06,0.0,0,3715,626.8425,64.6181,335.4826,3.03,A
26,hotel2/rate,1562.62,38.14,1119.14,0.0,0,2640,445.4547,41.0827,335.4826,1.66,A
26,hotel2/recommendation,641.71,20.98,1119.06,0.0,0,2837,478.695,16.8712,335.4826,0.718,A
26,hotel2/reservation,2858.37,81.93,1119.06,0.0,0,283035,47757.2968,75.1492,335.4826,3.24,A
26,hotel2/search,2455.22,35.61,1119.06,0.0,0,3795,640.3411,64.55,335.4826,2.59,A
26,hotel2/user,38.16,17.29,1119.06,0.0,0,916,352.2537,1.5479,335.4826,0.0502,A
27,hotel/consul,24.73,31.06,201.48,0.0,0,2039,362.7569,1.5479,366.5713,0.0271,A
27,hotel/frontend,9175.12,160.55,1119.14,0.0,0,831764,147978.4895,239.9134,366.5713,11.9,A
27,hotel/geo,857.9,26.58,1119.06,0.0,0,1756,352.2537,22.4326,366.5713,1.1,A
27,hotel/jaeger,0.4,14.78,81.01,0.0,0,0,352.2537,1.5479,1.6454,0.0034,A
27,hotel/memcached-profile,151.68,8.54,79.25,0.0,0,1892,352.2537,3.9662,366.5713,0.203,A
27,hotel/memcached-rate,153.59,7.75,79.25,0.0,0,1746,352.2537,4.0161,366.5713,0.197,A
27,hotel/memcached-reserve,194.02,8.05,79.25,0.0,0,1570,352.2537,5.0733,366.5713,0.234,A
27,hotel/mongodb-geo,9.99,68.77,400.43,0.0508,10,188,352.2537,1.5479,1.6454,0.0136,A
27,hotel/mongodb-profile,9.49,69.64,400.43,0.0,0,200,352.2537,1.5479,1.6454,0.0136,A
27,hotel/mongodb-rate,10.56,70.98,400.43,0.0,0,234,352.2537,1.5479,366.5713,0.0136,A
27,hotel/mongodb-recommendation,9.58,69.26,400.43,0.0,0,1215,352.2537,1.5479,1.6454,0.0102,A
27,hotel/mongodb-reservation,11.85,266.96,400.43,0.0156,8,3111,553.4756,1.5479,366.5713,0.017,A
27,hotel/mongodb-user,9.27,68.9,400.43,0.0,0,88,352.2537,1.5479,1.6454,0.0102,A
27,hotel/profile,2940.83,62.69,1119.06,0.0,0,227504,40475.0606,76.8976,366.5713,3.81,A
27,hotel/rate,1456.66,44.4,1119.14,0.0,0,2352,418.4425,38.0891,366.5713,1.8,A
27,hotel/recommendation,523.0,22.3,1119.06,0.0,0,1936,352.2537,13.6755,366.5713,0.695,A
27,hotel/reservation,3843.61,122.56,1119.06,0.0,0,797498,141882.252,100.5037,366.5713,5.17,A
27,hotel/search,2626.1,43.48,1119.06,0.0,0,48932,8705.4542,68.668,366.5713,3.18,A
27,hotel/user,48.43,17.64,1119.06,0.0,0,984,352.2537,1.5479,366.5713,0.0542,A
27,hotel2/consul,23.45,31.02,201.48,0.0,0,2590,460.7849,1.5479,366.5713,0.0271,A
27,hotel2/frontend,8476.67,88.29,1119.14,0.0,0,97468,17340.4564,221.6502,366.5713,10.8,A
27,hotel2/geo,937.56,22.77,1119.06,0.0,0,3098,551.1628,24.5156,366.5713,1.2,A
27,hotel2/jaeger,0.4,14.73,81.01,0.0,0,0,352.2537,1.5479,1.6454,0.0034,A
27,hotel2/memcached-profile,200.74,7.68,79.25,0.0,0,2048,364.3581,5.249,366.5713,0.258,A
27,hotel2/memcached-rate,184.02,7.7,79.25,0.0,0,2142,381.0816,4.8118,366.5713,0.234,A
27,hotel2/memcached-reserve,225.13,7.94,79.25,0.0,0,1216,352.2537,5.8868,366.5713,0.285,A
27,hotel2/mongodb-geo,9.93,68.59,400.43,0.0195,2,155,352.2537,1.5479,1.6454,0.0136,A
27,hotel2/mongodb-profile,10.21,70.32,400.43,0.0195,2,197,352.2537,1.5479,366.5713,0.0102,A
27,hotel2/mongodb-rate,10.98,69.72,400.43,0.0703,12,163,352.2537,1.5479,366.5713,0.0136,A
27,hotel2/mongodb-recommendation,10.31,68.88,400.43,0.0234,4,84,352.2537,1.5479,366.5713,0.0102,A
27,hotel2/mongodb-reservation,14.85,262.45,400.43,0.7656,102,1407,352.2537,1.5479,366.5713,0.017,A
27,hotel2/mongodb-user,10.11,68.71,400.43,0.0469,8,175,352.2537,1.5479,366.5713,0.0102,A
27,hotel2/profile,2564.97,43.67,1119.06,0.0,0,4177,743.1268,67.0695,366.5713,3.11,A
27,hotel2/rate,1428.86,38.97,1119.14,0.0,0,3016,536.5742,37.3622,366.5713,1.83,A
27,hotel2/recommendation,609.74,20.58,1119.06,0.0,0,2725,484.8026,15.9436,366.5713,0.814,A
27,hotel2/reservation,2752.85,81.7,1119.06,0.0,0,287559,51159.3991,71.9822,366.5713,3.52,A
27,hotel2/search,2412.11,35.38,1119.06,0.0,0,4256,757.1817,63.0725,366.5713,3.09,A
27,hotel2/user,38.31,16.69,1119.06,0.0,0,1457,352.2537,1.5479,366.5713,0.0407,A
28,hotel/consul,24.75,31.06,201.48,0.0,0,2147,370.1277,1.5479,348.169,0.031,A
28,hotel/frontend,9439.37,171.51,1119.14,0.0,0,1134371,195557.6008,241.6061,348.169,11.5,A
28,hotel/geo,798.74,25.66,1119.06,0.0,0,1574,352.2537,20.4442,348.169,1.12,A
28,hotel/jaeger,0.35,14.78,81.01,0.0,0,0,352.2537,1.5479,1.6454,0.0034,A
28,hotel/memcached-profile,145.4,8.57,79.25,0.0,0,1333,352.2537,3.7216,348.169,0.197,A
28,hotel/memcached-rate,136.04,7.77,79.25,0.0,0,1269,352.2537,3.482,348.169,0.19,A
28,hotel/memcached-reserve,175.46,7.74,79.25,0.0,0,892,352.2537,4.491,348.169,0.234,A
28,hotel/mongodb-geo,10.62,68.77,400.43,0.0273,2,146,352.2537,1.5479,348.169,0.0103,A
28,hotel/mongodb-profile,10.86,69.63,400.43,0.0273,2,136,352.2537,1.5479,348.169,0.0103,A
28,hotel/mongodb-rate,9.87,70.91,400.43,0.0,0,185,352.2537,1.5479,1.6454,0.0103,A
28,hotel/mongodb-recommendation,10.2,69.26,400.43,0.0273,2,381,352.2537,1.5479,348.169,0.0103,A
28,hotel/mongodb-reservation,11.65,266.96,400.43,0.0469,10,149,352.2537,1.5479,348.169,0.0103,A
28,hotel/mongodb-user,10.75,69.15,400.43,0.0273,2,162,352.2537,1.5479,348.169,0.0138,A
28,hotel/profile,2759.44,51.55,1119.06,0.0,0,200555,34574.2748,70.6294,348.169,3.64,A
28,hotel/rate,1331.83,45.65,1119.14,0.0,0,1775,352.2537,34.0889,348.169,1.96,A
28,hotel/recommendation,480.78,21.6,1119.06,0.0,0,1352,352.2537,12.3058,348.169,0.665,A
28,hotel/reservation,3614.09,116.29,1119.06,0.0,0,636697,109762.0953,92.5047,348.169,4.78,A
28,hotel/search,2394.85,43.78,1119.06,0.0,0,37002,6378.8852,61.2976,348.169,3.45,A
28,hotel/user,40.73,17.64,1119.06,0.0,0,694,352.2537,1.5479,348.169,0.0621,A
28,hotel2/consul,22.7,31.02,201.48,0.0,0,1955,352.2537,1.5479,348.169,0.0345,A
28,hotel2/frontend,8637.88,90.58,1119.14,0.0,0,84678,14597.893,221.0915,348.169,10.9,A
28,hotel2/geo,932.38,23.36,1119.06,0.0,0,2805,483.5623,23.8648,348.169,1.18,A
28,hotel2/jaeger,0.35,14.73,81.01,0.0,0,0,352.2537,1.5479,1.6454,0.0,A
28,hotel2/memcached-profile,209.04,8.18,79.25,0.0,0,1659,352.2537,5.3505,348.169,0.252,A
28,hotel2/memcached-rate,185.59,7.71,79.25,0.0,0,1712,352.2537,4.7503,348.169,0.228,A
28,hotel2/memcached-reserve,233.25,7.44,79.25,0.0,0,1371,352.2537,5.9702,348.169,0.283,A
28,hotel2/mongodb-geo,9.93,68.59,400.43,0.0,0,114,352.2537,1.5479,1.6454,0.0138,A
28,hotel2/mongodb-profile,9.5,70.32,400.43,0.0,0,150,352.2537,1.5479,1.6454,0.0103,A
28,hotel2/mongodb-rate,9.6,69.72,400.43,0.0,0,129,352.2537,1.5479,1.6454,0.0103,A
28,hotel2/mongodb-recommendation,9.28,68.88,400.43,0.0,0,106,352.2537,1.5479,1.6454,0.0138,A
28,hotel2/mongodb-reservation,11.77,262.45,400.43,0.0312,16,252,352.2537,1.5479,348.169,0.0172,A
28,hotel2/mongodb-user,10.74,68.71,400.43,0.0195,2,157,352.2537,1.5479,348.169,0.0103,A
28,hotel2/profile,2571.11,44.92,1119.06,0.0,0,4839,834.2096,65.809,348.169,3.16,A
28,hotel2/rate,1478.73,40.67,1119.14,0.0,0,2752,474.4255,37.8489,348.169,1.84,A
28,hotel2/recommendation,606.88,20.69,1119.06,0.0,0,2749,473.9083,15.5334,348.169,0.752,A
28,hotel2/reservation,2778.21,80.99,1119.06,0.0,0,296797,51165.7202,71.1099,348.169,3.59,A
28,hotel2/search,2349.23,31.79,1119.06,0.0,0,3585,618.0288,60.1299,348.169,3.02,A
28,hotel2/user,38.71,16.96,1119.06,0.0,0,1158,352.2537,1.5479,348.169,0.0483,A
29,hotel/consul,23.88,31.06,201.48,0.0,0,1763,352.2537,1.5479,329.2845,0.0322,A
29,hotel/frontend,9155.14,171.45,1119.14,0.0,0,1033935,183026.5181,224.4512,329.2845,11.7,A
29,hotel/geo,795.38,22.73,1119.06,0.0,0,1546,352.2537,19.4999,329.2845,1.07,A
29,hotel/jaeger,0.43,14.78,81.01,0.0,0,0,352.2537,1.5479,1.6454,0.0,A
29,hotel/memcached-profile,153.51,8.02,79.25,0.0,0,1517,352.2537,3.7635,329.2845,0.181,A
29,hotel/memcached-rate,143.68,7.81,79.25,0.0,0,1490,352.2537,3.5225,329.2845,0.169,A
29,hotel/memcached-reserve,174.75,7.46,79.25,0.0,0,881,352.2537,4.2842,329.2845,0.217,A
29,hotel/mongodb-geo,9.99,68.78,400.43,0.0,0,204,352.2537,1.5479,1.6454,0.0121,A
29,hotel/mongodb-profile,10.0,69.64,400.43,0.0,0,328,352.2537,1.5479,1.6454,0.0121,A
29,hotel/mongodb-rate,16.13,70.96,400.43,0.0156,2,332,352.2537,1.5479,329.2845,0.0121,A
29,hotel/mongodb-recommendation,9.97,69.27,400.43,0.0,0,247,352.2537,1.5479,1.6454,0.0121,A
29,hotel/mongodb-reservation,11.31,266.96,400.43,0.0078,4,273,352.2537,1.5479,329.2845,0.0161,A
29,hotel/mongodb-user,10.15,69.15,400.43,0.0,0,151,352.2537,1.5479,329.2845,0.0121,A
29,hotel/profile,2791.89,46.01,1119.06,0.0,0,77723,13758.4762,68.4471,329.2845,3.43,A
29,hotel/rate,1459.47,46.17,1119.14,0.0,0,39467,6986.4233,35.781,329.2845,1.71,A
29,hotel/recommendation,467.6,20.64,1119.06,0.0,0,1624,352.2537,11.4639,329.2845,0.591,A
29,hotel/reservation,3432.76,119.23,1119.06,0.0,0,690889,122300.7327,84.1589,329.2845,4.58,A
29,hotel/search,2430.75,46.51,1119.06,0.0,0,10350,1832.1504,59.5933,329.2845,3.0,A
29,hotel/user,45.88,17.64,1119.06,0.0,0,856,352.2537,1.5479,329.2845,0.0483,A
29,hotel2/consul,23.77,31.02,201.48,0.0,0,1700,352.2537,1.5479,329.2845,0.0282,A
29,hotel2/frontend,8235.81,93.14,1119.14,0.0,0,81183,14370.9632,201.9125,329.2845,11.2,A
29,hotel2/geo,925.13,23.52,1119.06,0.0,0,2714,480.4306,22.6809,329.2845,1.18,A
29,hotel2/jaeger,0.36,14.73,81.01,0.0,0,0,352.2537,1.5479,1.6454,0.0,A
29,hotel2/memcached-profile,200.45,7.71,79.25,0.0,0,2181,386.0792,4.9143,329.2845,0.265,A
29,hotel2/memcached-rate,180.78,7.73,79.25,0.0,0,1591,352.2537,4.4321,329.2845,0.237,A
29,hotel2/memcached-reserve,229.31,7.42,79.25,0.0,0,1410,352.2537,5.6219,329.2845,0.298,A
29,hotel2/mongodb-geo,10.9,68.59,400.43,0.0195,2,667,352.2537,1.5479,329.2845,0.0121,A
29,hotel2/mongodb-profile,13.71,70.32,400.43,0.0195,2,1073,352.2537,1.5479,329.2845,0.008,A
29,hotel2/mongodb-rate,15.11,69.73,400.43,0.0195,2,278,352.2537,1.5479,329.2845,0.008,A
29,hotel2/mongodb-recommendation,11.21,69.07,400.43,0.0195,2,195,352.2537,1.5479,329.2845,0.0121,A
29,hotel2/mongodb-reservation,16.49,262.62,400.43,0.0469,16,232,352.2537,1.5479,329.2845,0.0161,A
29,hotel2/mongodb-user,13.85,68.71,400.43,0.0,0,273,352.2537,1.5479,329.2845,0.008,A
29,hotel2/profile,2478.84,46.3,1119.06,0.0,0,5188,918.3765,60.7723,329.2845,3.32,A
29,hotel2/rate,1334.66,40.39,1119.14,0.0,0,2941,520.614,32.7211,329.2845,1.8,A
29,hotel2/recommendation,600.59,22.29,1119.06,0.0,0,2849,504.3282,14.7243,329.2845,0.788,A
29,hotel2/reservation,2863.71,79.91,1119.06,0.0,0,316426,56013.5299,70.2079,329.2845,3.43,A
29,hotel2/search,2407.36,35.29,1119.06,0.0,0,4516,799.4195,59.0198,329.2845,3.09,A
29,hotel2/user,37.39,17.21,1119.06,0.0,0,1109,352.2537,1.5479,329.2845,0.0483,A
30,hotel/consul,24.12,31.06,201.48,0.0,0,1945,352.2537,1.5479,330.3796,0.0305,A
30,hotel/frontend,9043.72,177.52,1119.14,0.0,0,1053421,177003.2482,205.8331,330.3796,10.5,A
30,hotel/geo,738.31,24.09,1119.06,0.0,0,1818,352.2537,16.8038,330.3796,0.894,A
30,hotel/jaeger,0.57,14.78,81.01,0.0,0,99,352.2537,1.5479,1.6454,0.0,A
30,hotel/memcached-profile,138.98,7.8,79.25,0.0,0,1592,352.2537,3.1632,330.3796,0.174,A
30,hotel/memcached-rate,136.46,7.73,79.25,0.0,0,1684,352.2537,3.1058,330.3796,0.168,A
30,hotel/memcached-reserve,173.22,8.21,79.25,0.0,0,1520,352.2537,3.9424,330.3796,0.198,A
30,hotel/mongodb-geo,11.05,68.77,400.43,0.0273,2,161,352.2537,1.5479,330.3796,0.0122,A
30,hotel/mongodb-profile,10.88,69.63,400.43,0.0273,2,339,352.2537,1.5479,330.3796,0.0092,A
30,hotel/mongodb-rate,10.02,70.96,400.43,0.0,0,260,352.2537,1.5479,330.3796,0.0153,A
30,hotel/mongodb-recommendation,10.73,69.27,400.43,0.0273,2,148,352.2537,1.5479,330.3796,0.0092,A
30,hotel/mongodb-reservation,12.65,266.96,400.43,0.0508,12,201,352.2537,1.5479,330.3796,0.0153,A
30,hotel/mongodb-user,10.8,69.15,400.43,0.0273,2,260,352.2537,1.5479,330.3796,0.0092,A
30,hotel/profile,2549.38,47.53,1119.06,0.0,0,138115,23207.0593,58.0233,330.3796,2.98,A
30,hotel/rate,1370.11,41.29,1119.14,0.0,0,1918,352.2537,31.1834,330.3796,1.7,A
30,hotel/recommendation,472.97,20.84,1119.06,0.0,0,1627,352.2537,10.7647,330.3796,0.522,A
30,hotel/reservation,3608.53,124.83,1119.06,0.0,0,916407,153981.1867,82.1294,330.3796,4.16,A
30,hotel/search,2461.65,44.74,1119.06,0.0,0,29484,4954.1102,56.0266,330.3796,2.81,A
30,hotel/user,44.57,18.15,1119.06,0.0,0,1449,352.2537,1.5479,330.3796,0.0519,A
30,hotel2/consul,23.61,31.02,201.48,0.0,0,2419,406.4575,1.5479,330.3796,0.0275,A
30,hotel2/frontend,8602.69,88.82,1119.14,0.0,0,108239,18187.0824,195.7954,330.3796,9.42,A
30,hotel2/geo,949.38,22.62,1119.06,0.0,0,2803,470.9799,21.6077,330.3796,1.1,A
30,hotel2/jaeger,0.34,14.73,81.01,0.0,0,0,352.2537,1.5479,1.6454,0.0,A
30,hotel2/memcached-profile,200.26,7.67,79.25,0.0,0,2123,356.7215,4.5579,330.3796,0.235,A
30,hotel2/memcached-rate,184.91,7.71,79.25,0.0,0,1828,352.2537,4.2085,330.3796,0.208,A
30,hotel2/memcached-reserve,228.88,7.42,79.25,0.0,0,1398,352.2537,5.2093,330.3796,0.262,A
30,hotel2/mongodb-geo,9.68,68.59,400.43,0.0,0,195,352.2537,1.5479,1.6454,0.0122,A
30,hotel2/mongodb-profile,9.6,70.32,400.43,0.0,0,195,352.2537,1.5479,1.6454,0.0122,A
30,hotel2/mongodb-rate,10.12,69.72,400.43,0.0,0,191,352.2537,1.5479,330.3796,0.0183,A
30,hotel2/mongodb-recommendation,9.57,68.88,400.43,0.0,0,236,352.2537,1.5479,1.6454,0.0092,A
30,hotel2/mongodb-reservation,10.87,262.46,400.43,0.0117,6,173,352.2537,1.5479,330.3796,0.0153,A
30,hotel2/mongodb-user,10.09,68.71,400.43,0.0195,2,99,352.2537,1.5479,330.3796,0.0183,A
30,hotel2/profile,2458.21,43.1,1119.06,0.0,0,5277,886.6789,55.9483,330.3796,2.87,A
30,hotel2/rate,1470.68,39.98,1119.14,0.0,0,3020,507.4418,33.4724,330.3796,1.57,A
30,hotel2/recommendation,606.94,20.57,1119.06,0.0,0,2995,503.2411,13.8138,330.3796,0.702,A
30,hotel2/reservation,2719.7,81.3,1119.06,0.0,0,281466,47293.9084,61.8998,330.3796,3.41,A
30,hotel2/search,2345.97,35.03,1119.06,0.0,0,3743,628.9253,53.3938,330.3796,2.83,A
30,hotel2/user,39.15,16.97,1119.06,0.0,0,1417,352.2537,1.5479,330.3796,0.0397,A
31,hotel/consul,25.08,31.06,201.48,0.0,0,1806,352.2537,1.5479,351.0137,0.039,A
31,hotel/frontend,9008.6,168.46,1119.14,0.0,0,1083047,194512.4434,253.1688,351.0137,14.5,A
31,hotel/geo,862.32,25.97,1119.06,0.0,0,1437,352.2537,24.2338,351.0137,1.32,A
31,hotel/jaeger,0.29,14.78,81.01,0.0,0,0,352.2537,1.5479,1.6454,0.0,A
31,hotel/memcached-profile,152.23,7.79,79.25,0.0,0,1319,352.2537,4.2781,351.0137,0.226,A
31,hotel/memcached-rate,141.61,8.01,79.25,0.0,0,1382,352.2537,3.9797,351.0137,0.23,A
31,hotel/memcached-reserve,174.19,7.48,79.25,0.0,0,942,352.2537,4.8953,351.0137,0.282,A
31,hotel/mongodb-geo,9.23,68.77,400.43,0.0,0,128,352.2537,1.5479,1.6454,0.0174,A
31,hotel/mongodb-profile,10.1,69.63,400.43,0.0,0,183,352.2537,1.5479,351.0137,0.0174,A
31,hotel/mongodb-rate,9.92,70.96,400.43,0.0469,6,132,352.2537,1.5479,1.6454,0.013,A
31,hotel/mongodb-recommendation,9.39,69.26,400.43,0.0,0,187,352.2537,1.5479,1.6454,0.0174,A
31,hotel/mongodb-reservation,10.22,266.96,400.43,0.0156,8,177,352.2537,1.5479,351.0137,0.013,A
31,hotel/mongodb-user,9.89,68.9,400.43,0.0,0,267,352.2537,1.5479,1.6454,0.013,A
31,hotel/profile,2735.23,48.18,1119.06,0.0,0,222138,39895.411,76.8682,351.0137,4.33,A
31,hotel/rate,1437.55,42.16,1119.14,0.0,0,2830,508.2607,40.3995,351.0137,2.35,A
31,hotel/recommendation,519.41,21.45,1119.06,0.0,0,1646,352.2537,14.597,351.0137,0.828,A
31,hotel/reservation,3666.42,121.26,1119.06,0.0,0,708028,127159.9998,103.0374,351.0137,5.47,A
31,hotel/search,2655.53,49.81,1119.06,0.0,0,20699,3717.4869,74.6284,351.0137,4.12,A
31,hotel/user,41.35,17.65,1119.06,0.0,0,1022,352.2537,1.5479,351.0137,0.0781,A
31,hotel2/consul,23.55,31.02,201.48,0.0,0,2284,410.2005,1.5479,351.0137,0.0347,A
31,hotel2/frontend,8515.66,87.48,1119.14,0.0,0,87641,15740.0972,239.3157,351.0137,13.5,A
31,hotel2/geo,919.84,24.11,1119.06,0.0,0,3004,539.5106,25.8503,351.0137,1.5,A
31,hotel2/jaeger,0.44,14.73,81.01,0.0,0,0,352.2537,1.5479,1.6454,0.0,A
31,hotel2/memcached-profile,202.93,7.69,79.25,0.0,0,1833,352.2537,5.7029,351.0137,0.325,A
31,hotel2/memcached-rate,186.01,7.95,79.25,0.0,0,2052,368.5339,5.2274,351.0137,0.299,A
31,hotel2/memcached-reserve,235.74,7.41,79.25,0.0,0,1395,352.2537,6.625,351.0137,0.369,A
31,hotel2/mongodb-geo,10.05,68.59,400.43,0.0195,2,160,352.2537,1.5479,351.0137,0.0087,A
31,hotel2/mongodb-profile,11.34,70.32,400.43,0.0195,2,280,352.2537,1.5479,351.0137,0.0087,A
31,hotel2/mongodb-rate,10.96,69.72,400.43,0.0195,2,117,352.2537,1.5479,351.0137,0.013,A
31,hotel2/mongodb-recommendation,10.59,68.89,400.43,0.0195,2,172,352.2537,1.5479,351.0137,0.013,A
31,hotel2/mongodb-reservation,12.12,262.46,400.43,0.043,12,212,352.2537,1.5479,351.0137,0.013,A
31,hotel2/mongodb-user,9.84,68.71,400.43,0.0,0,191,352.2537,1.5479,1.6454,0.0174,A
31,hotel2/profile,2562.34,44.34,1119.06,0.0,0,3829,687.6785,72.0095,351.0137,4.12,A
31,hotel2/rate,1396.18,40.35,1119.14,0.0,0,2825,507.3627,39.2369,351.0137,2.34,A
31,hotel2/recommendation,598.69,22.68,1119.06,0.0,0,2487,446.6588,16.825,351.0137,0.95,A
31,hotel2/reservation,2769.77,83.39,1119.06,0.0,0,330899,59428.6056,77.8389,351.0137,4.52,A
31,hotel2/search,2304.07,34.08,1119.06,0.0,0,3978,714.4385,64.7513,351.0137,3.75,A
31,hotel2/user,35.58,16.98,1119.06,0.0,0,1409,352.2537,1.5479,351.0137,0.0607,A
32,hotel/consul,24.55,31.06,201.48,0.0,0,2371,413.6362,1.5479,345.4956,0.0388,A
32,hotel/frontend,8932.72,173.91,1119.14,0.0,0,1013429,176799.2014,265.1155,345.4956,13.1,A
32,hotel/geo,797.79,23.59,1119.06,0.0,0,2161,377.0003,23.6777,345.4956,1.23,A
32,hotel/jaeger,0.33,14.78,81.01,0.0,0,0,352.2537,1.5479,1.6454,0.0,A
32,hotel/memcached-profile,141.48,7.76,79.25,0.0,0,1656,352.2537,4.199,345.4956,0.225,A
32,hotel/memcached-rate,137.09,7.77,79.25,0.0,0,1247,352.2537,4.0687,345.4956,0.213,A
32,hotel/memcached-reserve,163.28,7.45,79.25,0.0,0,965,352.2537,4.846,345.4956,0.26,A
32,hotel/mongodb-geo,10.75,68.96,400.43,0.0273,2,188,352.2537,1.5479,345.4956,0.0116,A
32,hotel/mongodb-profile,10.89,69.64,400.43,0.0273,2,148,352.2537,1.5479,345.4956,0.0116,A
32,hotel/mongodb-rate,9.55,70.96,400.43,0.0,0,128,352.2537,1.5479,1.6454,0.0155,A
32,hotel/mongodb-recommendation,10.48,69.27,400.43,0.0273,2,184,352.2537,1.5479,345.4956,0.0078,A
32,hotel/mongodb-reservation,12.06,266.98,400.43,0.0469,10,213,352.2537,1.5479,345.4956,0.0116,A
32,hotel/mongodb-user,10.93,69.09,400.43,0.0273,2,181,352.2537,1.5479,345.4956,0.0116,A
32,hotel/profile,2776.04,49.97,1119.06,0.0,0,156134,27238.5796,82.3905,345.4956,4.11,A
32,hotel/rate,1351.26,40.7,1119.14,0.0,0,1919,352.2537,40.1042,345.4956,2.12,A
32,hotel/recommendation,467.07,22.41,1119.06,0.0,0,1347,352.2537,13.8622,345.4956,0.744,A
32,hotel/reservation,3451.75,117.94,1119.06,0.0,0,740136,129121.4814,102.445,345.4956,5.07,A
32,hotel/search,2271.16,41.52,1119.06,0.0,0,7814,1363.2025,67.4061,345.4956,3.79,A
32,hotel/user,37.15,17.65,1119.06,0.0,0,1239,352.2537,1.5479,345.4956,0.0581,A
32,hotel2/consul,22.87,31.02,201.48,0.0,0,2171,378.7449,1.5479,345.4956,0.0349,A
32,hotel2/frontend,8531.46,87.06,1119.14,0.0,0,85084,14843.4506,253.2064,345.4956,11.9,A
32,hotel2/geo,953.5,23.67,1119.06,0.0,0,2705,471.9046,28.2991,345.4956,1.33,A
32,hotel2/jaeger,0.26,14.73,81.01,0.0,0,0,352.2537,1.5479,1.6454,0.0,A
32,hotel2/memcached-profile,209.03,7.68,79.25,0.0,0,1725,352.2537,6.2038,345.4956,0.271,A
32,hotel2/memcached-rate,187.0,7.7,79.25,0.0,0,1650,352.2537,5.55,345.4956,0.271,A
32,hotel2/memcached-reserve,233.93,7.45,79.25,0.0,0,1428,352.2537,6.9428,345.4956,0.326,A
32,hotel2/mongodb-geo,9.2,68.59,400.43,0.0,0,173,352.2537,1.5479,1.6454,0.0116,A
32,hotel2/mongodb-profile,9.65,70.32,400.43,0.0,0,162,352.2537,1.5479,1.6454,0.0116,A
32,hotel2/mongodb-rate,9.45,69.91,400.43,0.0,0,291,352.2537,1.5479,1.6454,0.0116,A
32,hotel2/mongodb-recommendation,9.32,68.88,400.43,0.0,0,156,352.2537,1.5479,1.6454,0.0155,A
32,hotel2/mongodb-reservation,10.88,262.46,400.43,0.0234,12,348,352.2537,1.5479,345.4956,0.0194,A
32,hotel2/mongodb-user,10.51,68.71,400.43,0.0195,2,170,352.2537,1.5479,345.4956,0.0116,A
32,hotel2/profile,2625.47,47.77,1119.06,0.0,0,2942,513.2508,77.9217,345.4956,3.5,A
32,hotel2/rate,1454.27,40.35,1119.14,0.0,0,2944,513.5997,43.1615,345.4956,2.05,A
32,hotel2/recommendation,609.04,21.23,1119.06,0.0,0,3066,534.8834,18.0758,345.4956,0.849,A
32,hotel2/reservation,2757.64,85.68,1119.06,0.0,0,258603,45114.9552,81.8444,345.4956,3.98,A
32,hotel2/search,2391.08,32.9,1119.06,0.0,0,3885,677.7632,70.9652,345.4956,3.29,A
32,hotel2/user,42.0,16.98,1119.06,0.0,0,991,352.2537,1.5479,345.4956,0.0581,A
33,hotel/consul,24.29,31.06,201.48,0.0,0,2193,394.5445,1.5479,362.8594,0.0311,A
33,hotel/frontend,9239.24,178.31,1119.14,0.0,0,1228692,221055.0392,208.0827,362.8594,10.6,A
33,hotel/geo,806.12,24.09,1119.06,0.0,0,1425,352.2537,18.1551,362.8594,0.988,A
33,hotel/jaeger,0.31,14.78,81.01,0.0,0,0,352.2537,1.5479,1.6454,0.0,A
33,hotel/memcached-profile,148.11,11.05,79.25,0.0,0,1174,352.2537,3.3357,362.8594,0.174,A
33,hotel/memcached-rate,139.31,7.76,79.25,0.0,0,1516,352.2537,3.1375,362.8594,0.162,A
33,hotel/memcached-reserve,176.7,7.52,79.25,0.0,0,1300,352.2537,3.9796,362.8594,0.186,A
33,hotel/mongodb-geo,9.44,68.77,400.43,0.0,0,173,352.2537,1.5479,1.6454,0.0124,A
33,hotel/mongodb-profile,9.76,69.63,400.43,0.0,0,263,352.2537,1.5479,1.6454,0.0124,A
33,hotel/mongodb-rate,9.95,70.97,400.43,0.0156,2,162,352.2537,1.5479,1.6454,0.0124,A
33,hotel/mongodb-recommendation,9.23,69.26,400.43,0.0,0,117,352.2537,1.5479,1.6454,0.0093,A
33,hotel/mongodb-reservation,10.87,266.98,400.43,0.0195,10,223,352.2537,1.5479,362.8594,0.0093,A
33,hotel/mongodb-user,9.19,68.9,400.43,0.0,0,210,352.2537,1.5479,1.6454,0.0124,A
33,hotel/profile,2675.57,60.76,1119.06,0.0,0,148968,26800.9616,60.2582,362.8594,3.25,A
33,hotel/rate,1459.35,46.09,1119.14,0.0,0,1943,352.2537,32.8669,362.8594,1.6,A
33,hotel/recommendation,456.02,20.59,1119.06,0.0,0,1461,352.2537,10.2703,362.8594,0.535,A
33,hotel/reservation,3438.6,119.81,1119.06,0.0,0,635613,114353.6839,77.4429,362.8594,3.9,A
33,hotel/search,2655.33,50.1,1119.06,0.0,0,5315,956.2262,59.8024,362.8594,2.81,A
33,hotel/user,48.42,18.05,1119.06,0.0,0,944,352.2537,1.5479,362.8594,0.0435,A
33,hotel2/consul,24.05,31.02,201.48,0.0,0,1840,352.2537,1.5479,362.8594,0.0249,A
33,hotel2/frontend,8509.26,84.92,1119.14,0.0,0,71486,12861.108,191.6424,362.8594,9.87,A
33,hotel2/geo,957.78,24.66,1119.06,0.0,0,2808,505.1897,21.5708,362.8594,1.14,A
33,hotel2/jaeger,0.42,14.73,81.01,0.0,0,0,352.2537,1.5479,1.6454,0.0,A
33,hotel2/memcached-profile,205.77,7.67,79.25,0.0,0,2076,373.495,4.6343,362.8594,0.239,A
33,hotel2/memcached-rate,187.87,7.7,79.25,0.0,0,1842,352.2537,4.2311,362.8594,0.224,A
33,hotel2/memcached-reserve,229.22,7.65,79.25,0.0,0,1288,352.2537,5.1624,362.8594,0.27,A
33,hotel2/mongodb-geo,10.43,68.59,400.43,0.0195,2,162,352.2537,1.5479,362.8594,0.0062,A
33,hotel2/mongodb-profile,11.23,70.32,400.43,0.0195,2,142,352.2537,1.5479,362.8594,0.0093,A
33,hotel2/mongodb-rate,10.9,69.72,400.43,0.0195,2,178,352.2537,1.5479,362.8594,0.0093,A
33,hotel2/mongodb-recommendation,10.35,68.88,400.43,0.0195,2,154,352.2537,1.5479,362.8594,0.0093,A
33,hotel2/mongodb-reservation,12.26,262.46,400.43,0.043,12,286,352.2537,1.5479,362.8594,0.0093,A
33,hotel2/mongodb-user,9.35,68.71,400.43,0.0,0,155,352.2537,1.5479,1.6454,0.0124,A
33,hotel2/profile,2489.97,43.93,1119.06,0.0,0,5494,988.4303,56.0782,362.8594,3.13,A
33,hotel2/rate,1430.64,38.27,1119.14,0.0,0,3277,589.5679,32.2203,362.8594,1.69,A
33,hotel2/recommendation,595.33,21.57,1119.06,0.0,0,2992,538.2933,13.4078,362.8594,0.706,A
33,hotel2/reservation,2824.47,81.54,1119.06,0.0,0,275759,49612.0399,63.6117,362.8594,3.06,A
33,hotel2/search,2391.14,33.67,1119.06,0.0,0,3874,696.9747,53.8524,362.8594,2.78,A
33,hotel2/user,40.65,17.2,1119.06,0.0,0,1185,352.2537,1.5479,362.8594,0.0435,A
34,hotel/consul,23.99,31.06,201.48,0.0,0,2262,384.7034,1.5479,330.6084,0.0361,A
34,hotel/frontend,8994.03,176.33,1119.14,0.0,0,963434,163853.3745,217.0648,330.6084,11.9,A
34,hotel/geo,815.25,23.36,1119.06,0.0,0,1676,352.2537,19.6755,330.6084,0.947,A
34,hotel/jaeger,0.31,14.78,81.01,0.0,0,0,352.2537,1.5479,1.6454,0.0,A
34,hotel/memcached-profile,144.51,7.8,79.25,0.0,0,1650,352.2537,3.4877,330.6084,0.181,A
34,hotel/memcached-rate,134.34,7.71,79.25,0.0,0,1251,352.2537,3.2422,330.6084,0.173,A
34,hotel/memcached-reserve,165.31,7.5,79.25,0.0,0,880,352.2537,3.9896,330.6084,0.213,A
34,hotel/mongodb-geo,12.17,68.77,400.43,0.0273,2,185,352.2537,1.5479,330.6084,0.0145,A
34,hotel/mongodb-profile,10.77,69.64,400.43,0.043,4,215,352.2537,1.5479,330.6084,0.0108,A
34,hotel/mongodb-rate,9.43,70.97,400.43,0.0,0,172,352.2537,1.5479,1.6454,0.0108,A
34,hotel/mongodb-recommendation,11.64,69.26,400.43,0.0273,2,184,352.2537,1.5479,330.6084,0.0108,A
34,hotel/mongodb-reservation,13.35,266.98,400.43,0.0664,18,239,352.2537,1.5479,330.6084,0.0145,A
34,hotel/mongodb-user,12.07,68.9,400.43,0.0273,2,204,352.2537,1.5479,330.6084,0.0145,A
34,hotel/profile,2754.73,50.96,1119.06,0.0,0,76592,13026.1727,66.4835,330.6084,3.26,A
34,hotel/rate,1405.12,43.07,1119.14,0.0,0,1782,352.2537,33.9116,330.6084,1.7,A
34,hotel/recommendation,482.9,21.99,1119.06,0.0,0,1554,352.2537,11.6545,330.6084,0.567,A
34,hotel/reservation,3726.2,121.75,1119.06,0.0,0,828405,140888.6906,89.9293,330.6084,4.46,A
34,hotel/search,2552.52,46.96,1119.06,0.0,0,21872,3719.8199,61.6033,330.6084,3.22,A
34,hotel/user,43.14,17.81,1119.06,0.0,0,1029,352.2537,1.5479,330.6084,0.0578,A
34,hotel2/consul,23.16,31.02,201.48,0.0,0,2179,370.5874,1.5479,330.6084,0.0289,A
34,hotel2/frontend,8355.62,87.62,1119.14,0.0,0,118510,20155.2607,201.6572,330.6084,11.2,A
34,hotel2/geo,889.05,23.22,1119.06,0.0,0,2885,490.6584,21.4566,330.6084,1.25,A
34,hotel2/jaeger,0.33,14.73,81.01,0.0,0,0,352.2537,1.5479,1.6454,0.0036,A
34,hotel2/memcached-profile,199.4,8.17,79.25,0.0,0,1622,352.2537,4.8124,330.6084,0.271,A
34,hotel2/memcached-rate,175.2,7.71,79.25,0.0,0,2024,352.2537,4.2283,330.6084,0.238,A
34,hotel2/memcached-reserve,230.51,7.43,79.25,0.0,0,1449,352.2537,5.5632,330.6084,0.304,A
34,hotel2/mongodb-geo,9.76,68.59,400.43,0.0,0,293,352.2537,1.5479,1.6454,0.0108,A
34,hotel2/mongodb-profile,10.84,70.51,400.43,0.0,0,265,352.2537,1.5479,330.6084,0.0145,A
34,hotel2/mongodb-rate,11.7,69.72,400.43,0.0,0,226,352.2537,1.5479,330.6084,0.0108,A
34,hotel2/mongodb-recommendation,9.31,68.88,400.43,0.0,0,171,352.2537,1.5479,1.6454,0.0108,A
34,hotel2/mongodb-reservation,11.28,262.47,400.43,0.0234,12,218,352.2537,1.5479,330.6084,0.0181,A
34,hotel2/mongodb-user,11.66,68.71,400.43,0.0273,4,204,352.2537,1.5479,330.6084,0.0072,A
34,hotel2/profile,2579.26,44.31,1119.06,0.0,0,3327,565.8303,62.2487,330.6084,3.35,A
34,hotel2/rate,1372.09,39.14,1119.14,0.0,0,2809,477.7329,33.1145,330.6084,1.79,A
34,hotel2/recommendation,616.48,22.42,1119.06,0.0,0,3237,550.5238,14.8783,330.6084,0.806,A
34,hotel2/reservation,2734.51,84.26,1119.06,0.0,0,227880,38756.0611,65.9955,330.6084,3.58,A
34,hotel2/search,2352.39,32.8,1119.06,0.0,0,3525,599.5046,56.7733,330.6084,3.1,A
34,hotel2/user,37.86,17.36,1119.06,0.0,0,1107,352.2537,1.5479,330.6084,0.0506,A
35,hotel/consul,24.85,31.06,201.48,0.0,0,1934,352.2537,1.5479,313.9946,0.0322,A
35,hotel/frontend,8789.61,162.3,1119.14,0.0,0,874864,150805.7078,254.0857,313.9946,11.4,A
35,hotel/geo,858.38,24.44,1119.06,0.0,0,1489,352.2537,24.8136,313.9946,1.07,A
35,hotel/jaeger,0.37,14.78,81.01,0.0,0,0,352.2537,1.5479,1.6454,0.0,A
35,hotel/memcached-profile,145.06,8.82,79.25,0.0,0,1189,352.2537,4.1933,313.9946,0.186,A
35,hotel/memcached-rate,137.42,7.98,79.25,0.0,0,1079,352.2537,3.9725,313.9946,0.168,A
35,hotel/memcached-reserve,177.09,7.5,79.25,0.0,0,1396,352.2537,5.1192,313.9946,0.215,A
35,hotel/mongodb-geo,9.69,68.77,400.43,0.0,0,282,352.2537,1.5479,1.6454,0.0143,A
35,hotel/mongodb-profile,12.59,69.63,400.43,0.0,0,299,352.2537,1.5479,313.9946,0.0107,A
35,hotel/mongodb-rate,10.41,70.97,400.43,0.0156,2,501,352.2537,1.5479,313.9946,0.0107,A
35,hotel/mongodb-recommendation,10.12,69.26,400.43,0.0,0,129,352.2537,1.5479,313.9946,0.0143,A
35,hotel/mongodb-reservation,11.45,266.98,400.43,0.0195,10,184,352.2537,1.5479,313.9946,0.0107,A
35,hotel/mongodb-user,10.09,69.15,400.43,0.0,0,231,352.2537,1.5479,313.9946,0.0179,A
35,hotel/profile,2771.35,53.36,1119.06,0.0,0,139060,23970.6306,80.1128,313.9946,3.43,A
35,hotel/rate,1438.49,44.27,1119.14,0.0,0,2501,431.1128,41.5832,313.9946,1.83,A
35,hotel/recommendation,500.07,21.65,1119.06,0.0,0,1564,352.2537,14.4558,313.9946,0.622,A
35,hotel/reservation,3703.86,119.68,1119.06,0.0,0,832217,143454.3812,107.0694,313.9946,4.67,A
35,hotel/search,2512.22,43.65,1119.06,0.0,0,4052,698.4683,72.622,313.9946,3.29,A
35,hotel/user,42.71,17.81,1119.06,0.0,0,936,352.2537,1.5479,313.9946,0.0536,A
35,hotel2/consul,22.85,31.02,201.48,0.0,0,2050,353.3712,1.5479,313.9946,0.0322,A
35,hotel2/frontend,8303.87,88.83,1119.14,0.0,0,112444,19382.6663,240.0442,313.9946,10.9,A
35,hotel2/geo,872.98,24.39,1119.06,0.0,0,2585,445.5924,25.2357,313.9946,1.17,A
35,hotel2/jaeger,0.34,14.73,81.01,0.0,0,0,352.2537,1.5479,1.6454,0.0,A
35,hotel2/memcached-profile,188.71,7.95,79.25,0.0,0,1738,352.2537,5.4551,313.9946,0.257,A
35,hotel2/memcached-rate,176.4,7.7,79.25,0.0,0,1950,352.2537,5.0993,313.9946,0.236,A
35,hotel2/memcached-reserve,220.1,7.42,79.25,0.0,0,1512,352.2537,6.3625,313.9946,0.311,A
35,hotel2/mongodb-geo,10.52,68.59,400.43,0.0195,2,145,352.2537,1.5479,313.9946,0.0143,A
35,hotel2/mongodb-profile,10.7,70.32,400.43,0.0195,2,347,352.2537,1.5479,313.9946,0.0107,A
35,hotel2/mongodb-rate,10.64,69.72,400.43,0.0273,4,205,352.2537,1.5479,313.9946,0.0107,A
35,hotel2/mongodb-recommendation,10.26,68.88,400.43,0.0195,2,188,352.2537,1.5479,313.9946,0.0072,A
35,hotel2/mongodb-reservation,12.64,262.47,400.43,0.0352,8,276,352.2537,1.5479,313.9946,0.0143,A
35,hotel2/mongodb-user,9.31,68.71,400.43,0.0,0,226,352.2537,1.5479,1.6454,0.0107,A
35,hotel2/profile,2491.03,45.2,1119.06,0.0,0,31153,5370.0349,72.0095,313.9946,3.46,A
35,hotel2/rate,1343.53,39.21,1119.14,0.0,0,2808,484.0323,38.8381,313.9946,1.85,A
35,hotel2/recommendation,576.71,20.82,1119.06,0.0,0,2904,500.5804,16.6712,313.9946,0.819,A
35,hotel2/reservation,2606.38,83.86,1119.06,0.0,0,272373,46950.6152,75.3439,313.9946,3.72,A
35,hotel2/search,2234.51,33.46,1119.06,0.0,0,4395,757.5933,64.5941,313.9946,3.09,A
35,hotel2/user,37.1,17.53,1119.06,0.0,0,1365,352.2537,1.5479,313.9946,0.0501,A
36,hotel/consul,25.38,31.06,201.48,0.0,0,2185,377.8357,1.5479,352.653,0.0277,A
36,hotel/frontend,9567.81,163.38,1119.14,0.0,0,1019928,176368.5261,246.6727,352.653,10.7,A
36,hotel/geo,893.92,23.1,1119.06,0.0,0,1720,352.2537,23.0466,352.653,0.996,A
36,hotel/jaeger,0.54,14.78,81.01,0.0,0,1651,352.2537,1.5479,1.6454,0.0,A
36,hotel/memcached-profile,168.54,8.03,79.25,0.0,0,1677,352.2537,4.3452,352.653,0.172,A
36,hotel/memcached-rate,149.13,7.7,79.25,0.0,0,1428,352.2537,3.8448,352.653,0.163,A
36,hotel/memcached-reserve,187.3,9.58,79.25,0.0,0,932,352.2537,4.8289,352.653,0.203,A
36,hotel/mongodb-geo,11.68,68.77,400.43,0.0273,2,350,352.2537,1.5479,352.653,0.0092,A
36,hotel/mongodb-profile,12.15,69.64,400.43,0.0,0,321,352.2537,1.5479,352.653,0.0092,A
36,hotel/mongodb-rate,9.92,70.97,400.43,0.0,0,223,352.2537,1.5479,1.6454,0.0092,A
36,hotel/mongodb-recommendation,10.97,69.26,400.43,0.0,0,128,352.2537,1.5479,352.653,0.0092,A
36,hotel/mongodb-reservation,12.93,266.98,400.43,0.0156,8,179,352.2537,1.5479,352.653,0.0123,A
36,hotel/mongodb-user,11.85,69.15,400.43,0.0,0,253,352.2537,1.5479,352.653,0.0092,A
36,hotel/profile,3084.84,50.89,1119.06,0.0,0,181400,31368.1462,79.5319,352.653,3.07,A
36,hotel/rate,1580.71,45.87,1119.14,0.0,0,1841,352.2537,40.7531,352.653,1.75,A
36,hotel/recommendation,542.84,21.27,1119.06,0.0,0,1277,352.2537,13.9952,352.653,0.578,A
36,hotel/reservation,3744.89,123.87,1119.06,0.0,0,824108,142506.837,96.549,352.653,4.19,A
36,hotel/search,2884.48,43.94,1119.06,0.0,0,36390,6292.6507,74.3663,352.653,2.9,A
36,hotel/user,48.11,17.44,1119.06,0.0,0,746,352.2537,1.5479,352.653,0.0492,A
36,hotel2/consul,25.42,31.02,201.48,0.0,0,2056,355.5287,1.5479,352.653,0.0246,A
36,hotel2/frontend,8425.13,88.56,1119.14,0.0,0,96679,16717.9769,217.2127,352.653,9.65,A
36,hotel2/geo,949.96,23.03,1119.06,0.0,0,2990,517.0384,24.4914,352.653,1.03,A
36,hotel2/jaeger,0.38,14.73,81.01,0.0,0,0,352.2537,1.5479,1.6454,0.0,A
36,hotel2/memcached-profile,197.12,8.19,79.25,0.0,0,1873,352.2537,5.0821,352.653,0.215,A
36,hotel2/memcached-rate,184.96,7.7,79.25,0.0,0,1557,352.2537,4.7686,352.653,0.206,A
36,hotel2/memcached-reserve,240.94,7.41,79.25,0.0,0,1463,352.2537,6.2118,352.653,0.258,A
36,hotel2/mongodb-geo,9.87,68.59,400.43,0.0,0,164,352.2537,1.5479,1.6454,0.0123,A
36,hotel2/mongodb-profile,10.45,70.32,400.43,0.0,0,219,352.2537,1.5479,352.653,0.0092,A
36,hotel2/mongodb-rate,9.39,69.72,400.43,0.0,0,166,352.2537,1.5479,1.6454,0.0092,A
36,hotel2/mongodb-recommendation,9.16,68.88,400.43,0.0,0,140,352.2537,1.5479,1.6454,0.0123,A
36,hotel2/mongodb-reservation,11.54,262.47,400.43,0.0273,14,312,352.2537,1.5479,352.653,0.0154,A
36,hotel2/mongodb-user,10.88,68.71,400.43,0.0195,2,174,352.2537,1.5479,352.653,0.0092,A
36,hotel2/profile,2698.33,45.46,1119.06,0.0,0,3436,594.1618,69.5671,352.653,2.9,A
36,hotel2/rate,1433.35,37.35,1119.14,0.0,0,3004,519.4593,36.9539,352.653,1.55,A
36,hotel2/recommendation,609.43,21.56,1119.06,0.0,0,3084,533.2931,15.712,352.653,0.673,A
36,hotel2/reservation,2746.41,81.88,1119.06,0.0,0,299636,51813.814,70.8066,352.653,3.05,A
36,hotel2/search,2416.4,34.96,1119.06,0.0,0,3530,610.4165,62.2985,352.653,2.62,A
36,hotel2/user,48.13,16.93,1119.06,0.0,0,1050,352.2537,1.5479,352.653,0.04,A
37,hotel/consul,25.95,31.06,201.48,0.0,0,1433,352.2537,1.5479,331.0328,0.0407,A
37,hotel/frontend,9365.57,170.47,1119.14,0.0,0,952641,174473.0599,260.4206,331.0328,14.0,A
37,hotel/geo,850.96,22.62,1119.06,0.0,0,1671,352.2537,23.6619,331.0328,1.25,A
37,hotel/jaeger,0.33,14.78,81.01,0.0,0,0,352.2537,1.5479,1.6454,0.0,A
37,hotel/memcached-profile,148.6,8.07,79.25,0.0,0,1272,352.2537,4.132,331.0328,0.253,A
37,hotel/memcached-rate,148.13,7.77,79.25,0.0,0,1497,352.2537,4.1189,331.0328,0.22,A
37,hotel/memcached-reserve,185.75,7.48,79.25,0.0,0,1274,352.2537,5.165,331.0328,0.281,A
37,hotel/mongodb-geo,9.38,68.77,400.43,0.0,0,140,352.2537,1.5479,1.6454,0.0122,A
37,hotel/mongodb-profile,9.83,69.63,400.43,0.0469,10,359,352.2537,1.5479,1.6454,0.0163,A
37,hotel/mongodb-rate,10.77,70.98,400.43,0.0195,2,145,352.2537,1.5479,331.0328,0.0122,A
37,hotel/mongodb-recommendation,10.48,69.26,400.43,0.0469,10,228,352.2537,1.5479,331.0328,0.0122,A
37,hotel/mongodb-reservation,13.84,267.02,400.43,0.6953,92,195,352.2537,1.5479,331.0328,0.0163,A
37,hotel/mongodb-user,10.4,68.9,400.43,0.0469,10,249,352.2537,1.5479,331.0328,0.0122,A
37,hotel/profile,3068.85,51.75,1119.06,0.0,0,208415,38170.5205,85.3329,331.0328,4.66,A
37,hotel/rate,1619.06,43.9,1119.14,0.0,0,13026,2385.669,45.0198,331.0328,2.24,A
37,hotel/recommendation,542.19,20.72,1119.06,0.0,0,1940,355.3046,15.0762,331.0328,0.823,A
37,hotel/reservation,3709.04,114.94,1119.06,0.0,0,751931,137713.6848,103.1342,331.0328,5.65,A
37,hotel/search,2679.93,47.65,1119.06,0.0,0,16315,2988.0385,74.5186,331.0328,4.3,A
37,hotel/user,46.11,17.69,1119.06,0.0,0,912,352.2537,1.5479,331.0328,0.057,A
37,hotel2/consul,25.86,31.02,201.48,0.0,0,1974,361.5316,1.5479,331.0328,0.0367,A
37,hotel2/frontend,8476.87,91.07,1119.14,0.0,0,87100,15952.078,235.7092,331.0328,12.8,A
37,hotel2/geo,954.33,23.27,1119.06,0.0,0,2246,411.3475,26.5363,331.0328,1.46,A
37,hotel2/jaeger,0.33,14.73,81.01,0.0,0,0,352.2537,1.5479,1.6454,0.0,A
37,hotel2/memcached-profile,203.98,7.68,79.25,0.0,0,2122,388.6373,5.6719,331.0328,0.306,A
37,hotel2/memcached-rate,171.49,7.72,79.25,0.0,0,1727,352.2537,4.7685,331.0328,0.277,A
37,hotel2/memcached-reserve,219.19,7.43,79.25,0.0,0,1251,352.2537,6.0948,331.0328,0.358,A
37,hotel2/mongodb-geo,10.98,68.59,400.43,0.0195,2,136,352.2537,1.5479,331.0328,0.0163,A
37,hotel2/mongodb-profile,10.55,70.32,400.43,0.0195,2,162,352.2537,1.5479,331.0328,0.0163,A
37,hotel2/mongodb-rate,10.65,69.72,400.43,0.0195,2,119,352.2537,1.5479,331.0328,0.0163,A
37,hotel2/mongodb-recommendation,11.0,68.88,400.43,0.0195,2,126,352.2537,1.5479,331.0328,0.0081,A
37,hotel2/mongodb-reservation,11.8,262.47,400.43,0.0352,8,315,352.2537,1.5479,331.0328,0.0204,A
37,hotel2/mongodb-user,9.26,68.71,400.43,0.0,0,185,352.2537,1.5479,1.6454,0.0163,A
37,hotel2/profile,2581.33,44.73,1119.06,0.0,0,5444,997.0507,71.7769,331.0328,4.16,A
37,hotel2/rate,1457.39,39.75,1119.14,0.0,0,2472,452.7387,40.5244,331.0328,2.14,A
37,hotel2/recommendation,603.16,20.51,1119.06,0.0,0,2292,419.7722,16.7716,331.0328,0.933,A
37,hotel2/reservation,2688.17,82.3,1119.06,0.0,0,294607,53956.3012,74.7477,331.0328,4.21,A
37,hotel2/search,2359.73,37.65,1119.06,0.0,0,4162,762.2566,65.615,331.0328,3.63,A
37,hotel2/user,35.14,16.93,1119.06,0.0,0,1518,352.2537,1.5479,331.0328,0.0652,A
38,hotel/consul,24.97,31.06,201.48,0.0,0,1921,352.2537,1.5479,364.1552,0.0406,A
38,hotel/frontend,8815.32,172.92,1119.14,0.0,0,967649,161821.9911,229.9239,364.1552,15.5,A
38,hotel/geo,766.3,21.08,1119.06,0.0,0,1579,352.2537,19.9869,364.1552,1.35,A
38,hotel/jaeger,0.38,14.78,81.01,0.0,0,0,352.2537,1.5479,1.6454,0.0,A
38,hotel/memcached-profile,141.71,8.02,79.25,0.0,0,1606,352.2537,3.6961,364.1552,0.216,A
38,hotel/memcached-rate,142.77,7.97,79.25,0.0,0,1771,352.2537,3.7238,364.1552,0.239,A
38,hotel/memcached-reserve,189.61,7.95,79.25,0.0,0,1041,352.2537,4.9455,364.1552,0.32,A
38,hotel/mongodb-geo,11.29,68.78,400.43,0.0,0,172,352.2537,1.5479,364.1552,0.018,A
38,hotel/mongodb-profile,9.77,69.65,400.43,0.0,0,109,352.2537,1.5479,1.6454,0.0135,A
38,hotel/mongodb-rate,9.86,70.98,400.43,0.0664,10,194,352.2537,1.5479,1.6454,0.0135,A
38,hotel/mongodb-recommendation,10.14,69.28,400.43,0.0,0,266,352.2537,1.5479,364.1552,0.018,A
38,hotel/mongodb-reservation,12.31,267.05,400.43,0.043,22,165,352.2537,1.5479,364.1552,0.0225,A
38,hotel/mongodb-user,9.25,69.16,400.43,0.0,0,147,352.2537,1.5479,1.6454,0.0135,A
38,hotel/profile,2854.76,47.9,1119.06,0.0,0,147835,24722.7601,74.4587,364.1552,4.58,A
38,hotel/rate,1517.23,43.55,1119.14,0.0,0,2022,352.2537,39.5729,364.1552,2.62,A
38,hotel/recommendation,493.57,21.29,1119.06,0.0,0,1259,352.2537,12.8734,364.1552,0.834,A
38,hotel/reservation,3480.32,119.54,1119.06,0.0,0,775237,129644.525,90.7748,364.1552,5.89,A
38,hotel/search,2441.72,47.04,1119.06,0.0,0,50939,8518.6368,63.6857,364.1552,3.96,A
38,hotel/user,44.39,17.69,1119.06,0.0,0,1059,352.2537,1.5479,364.1552,0.0767,A
38,hotel2/consul,23.19,31.02,201.48,0.0,0,2452,410.0532,1.5479,364.1552,0.0451,A
38,hotel2/frontend,8364.46,87.14,1119.14,0.0,0,74423,12445.9159,218.1644,364.1552,13.8,A
38,hotel2/geo,912.23,22.46,1119.06,0.0,0,3004,502.3653,23.7931,364.1552,1.47,A
38,hotel2/jaeger,0.4,14.73,81.01,0.0,0,0,352.2537,1.5479,1.6454,0.0,A
38,hotel2/memcached-profile,209.52,7.93,79.25,0.0,0,1730,352.2537,5.4648,364.1552,0.338,A
38,hotel2/memcached-rate,174.31,7.7,79.25,0.0,0,1784,352.2537,4.5464,364.1552,0.271,A
38,hotel2/memcached-reserve,230.29,7.92,79.25,0.0,0,1435,352.2537,6.0065,364.1552,0.356,A
38,hotel2/mongodb-geo,10.97,68.59,400.43,0.0508,12,225,352.2537,1.5479,364.1552,0.0135,A
38,hotel2/mongodb-profile,9.74,70.32,400.43,0.0664,12,233,352.2537,1.5479,1.6454,0.0135,A
38,hotel2/mongodb-rate,8.96,69.72,400.43,0.0,0,216,352.2537,1.5479,1.6454,0.018,A
38,hotel2/mongodb-recommendation,10.36,68.89,400.43,0.0508,12,203,352.2537,1.5479,364.1552,0.018,A
38,hotel2/mongodb-reservation,10.77,262.48,400.43,0.0195,10,249,352.2537,1.5479,364.1552,0.018,A
38,hotel2/mongodb-user,9.97,68.71,400.43,0.0195,2,176,352.2537,1.5479,1.6454,0.018,A
38,hotel2/profile,2535.11,44.73,1119.06,0.0,0,5182,866.5968,66.1215,364.1552,4.21,A
38,hotel2/rate,1422.3,39.53,1119.14,0.0,0,2641,441.66,37.0969,364.1552,2.38,A
38,hotel2/recommendation,605.85,21.12,1119.06,0.0,0,3026,506.0444,15.802,364.1552,0.97,A
38,hotel2/reservation,2797.87,86.46,1119.06,0.0,0,322161,53875.6662,72.9749,364.1552,4.55,A
38,hotel2/search,2359.97,36.32,1119.06,0.0,0,3726,623.1069,61.5535,364.1552,3.83,A
38,hotel2/user,43.86,16.93,1119.06,0.0,0,1330,352.2537,1.5479,364.1552,0.0586,A
39,hotel/consul,26.06,31.06,201.48,0.0,0,1804,352.2537,1.5479,344.3347,0.0319,A
39,hotel/frontend,9508.05,187.56,1119.14,0.0,0,1030821,191851.2544,234.7747,344.3347,10.8,A
39,hotel/geo,857.27,23.9,1119.06,0.0,0,1434,352.2537,21.1679,344.3347,0.95,A
39,hotel/jaeger,0.28,14.78,81.01,0.0,0,0,352.2537,1.5479,1.6454,0.0,A
39,hotel/memcached-profile,163.92,8.51,79.25,0.0,0,1219,352.2537,4.0475,344.3347,0.182,A
39,hotel/memcached-rate,154.5,8.02,79.25,0.0,0,1814,352.2537,3.8149,344.3347,0.175,A
39,hotel/memcached-reserve,189.72,7.43,79.25,0.0,0,958,352.2537,4.6846,344.3347,0.226,A
39,hotel/mongodb-geo,10.02,68.77,400.43,0.0469,10,191,352.2537,1.5479,344.3347,0.0128,A
39,hotel/mongodb-profile,10.14,69.65,400.43,0.0,0,199,352.2537,1.5479,344.3347,0.0064,A
39,hotel/mongodb-rate,10.71,70.98,400.43,0.0234,4,216,352.2537,1.5479,344.3347,0.0128,A
39,hotel/mongodb-recommendation,9.82,69.28,400.43,0.0,0,146,352.2537,1.5479,1.6454,0.0128,A
39,hotel/mongodb-reservation,10.18,267.23,400.43,0.0117,6,170,352.2537,1.5479,344.3347,0.0128,A
39,hotel/mongodb-user,9.75,69.16,400.43,0.0,0,590,352.2537,1.5479,1.6454,0.0096,A
39,hotel/profile,3124.62,49.81,1119.06,0.0,0,181656,33808.9071,77.1537,344.3347,3.56,A
39,hotel/rate,1564.61,42.53,1119.14,0.0,0,2095,389.9109,38.6337,344.3347,1.87,A
39,hotel/recommendation,540.98,21.59,1119.06,0.0,0,1844,352.2537,13.358,344.3347,0.615,A
39,hotel/reservation,3684.07,125.43,1119.06,0.0,0,721185,134223.3491,90.9678,344.3347,4.19,A
39,hotel/search,2768.16,43.38,1119.06,0.0,0,40903,7612.662,68.352,344.3347,3.1,A
39,hotel/user,48.72,17.14,1119.06,0.0,0,752,352.2537,1.5479,344.3347,0.0574,A
39,hotel2/consul,24.71,31.02,201.48,0.0,0,1524,352.2537,1.5479,344.3347,0.0255,A
39,hotel2/frontend,8719.37,89.05,1119.14,0.0,0,104269,19406.0253,215.3004,344.3347,10.2,A
39,hotel2/geo,976.76,22.96,1119.06,0.0,0,2649,493.0186,24.1184,344.3347,1.13,A
39,hotel2/jaeger,1.88,14.73,81.01,0.0,0,14,352.2537,1.5479,1.6454,0.0,A
39,hotel2/memcached-profile,198.85,7.69,79.25,0.0,0,2130,396.425,4.91,344.3347,0.255,A
39,hotel2/memcached-rate,185.01,7.69,79.25,0.0,0,1705,352.2537,4.5683,344.3347,0.214,A
39,hotel2/memcached-reserve,236.37,7.43,79.25,0.0,0,1375,352.2537,5.8365,344.3347,0.29,A
39,hotel2/mongodb-geo,10.3,68.6,400.43,0.0234,2,237,352.2537,1.5479,344.3347,0.0128,A
39,hotel2/mongodb-profile,10.49,70.32,400.43,0.0234,2,230,352.2537,1.5479,344.3347,0.0096,A
39,hotel2/mongodb-rate,11.61,69.73,400.43,0.0703,12,158,352.2537,1.5479,344.3347,0.0096,A
39,hotel2/mongodb-recommendation,10.81,68.89,400.43,0.0234,2,123,352.2537,1.5479,344.3347,0.0096,A
39,hotel2/mongodb-reservation,14.47,262.48,400.43,0.7578,110,243,352.2537,1.5479,344.3347,0.0128,A
39,hotel2/mongodb-user,9.95,68.71,400.43,0.0508,12,423,352.2537,1.5479,1.6454,0.0096,A
39,hotel2/profile,2497.74,44.75,1119.06,0.0,0,3329,619.5768,61.6747,344.3347,3.16,A
39,hotel2/rate,1509.56,40.16,1119.14,0.0,0,2898,539.3613,37.2744,344.3347,1.69,A
39,hotel2/recommendation,627.65,21.3,1119.06,0.0,0,2850,530.4278,15.4981,344.3347,0.74,A
39,hotel2/reservation,2736.49,85.05,1119.06,0.0,0,212914,39626.4899,67.57,344.3347,3.39,A
39,hotel2/search,2364.74,35.24,1119.06,0.0,0,3992,742.9711,58.3906,344.3347,2.89,A
39,hotel2/user,41.31,17.19,1119.06,0.0,0,1305,352.2537,1.5479,344.3347,0.051,A
40,hotel/consul,24.26,31.06,201.48,0.0,0,2414,411.5398,1.5479,362.9316,0.0409,A
40,hotel/frontend,9570.9,176.11,1119.14,0.0,0,1016768,173339.0618,211.8536,362.9316,14.6,A
40,hotel/geo,830.7,25.5,1119.06,0.0,0,1729,352.2537,18.3877,362.9316,1.31,A
40,hotel/jaeger,0.31,14.78,81.01,0.0,0,0,352.2537,1.5479,1.6454,0.0041,A
40,hotel/memcached-profile,159.65,8.79,79.25,0.0,0,1403,352.2537,3.5339,362.9316,0.242,A
40,hotel/memcached-rate,143.85,7.75,79.25,0.0,0,1384,352.2537,3.1841,362.9316,0.229,A
40,hotel/memcached-reserve,195.21,7.49,79.25,0.0,0,997,352.2537,4.321,362.9316,0.291,A
40,hotel/mongodb-geo,9.75,68.79,400.43,0.0,0,186,352.2537,1.5479,1.6454,0.0164,A
40,hotel/mongodb-profile,10.22,69.65,400.43,0.0156,2,128,352.2537,1.5479,362.9316,0.0123,A
40,hotel/mongodb-rate,9.87,70.98,400.43,0.0,0,153,352.2537,1.5479,1.6454,0.0123,A
40,hotel/mongodb-recommendation,10.56,69.28,400.43,0.0156,2,183,352.2537,1.5479,362.9316,0.0082,A
40,hotel/mongodb-reservation,12.3,267.04,400.43,0.0391,14,378,352.2537,1.5479,362.9316,0.0123,A
40,hotel/mongodb-user,10.21,68.92,400.43,0.0156,2,118,352.2537,1.5479,362.9316,0.0082,A
40,hotel/profile,2815.6,54.96,1119.06,0.0,0,176388,30070.7049,62.3238,362.9316,4.5,A
40,hotel/rate,1475.53,44.22,1119.14,0.0,0,2084,355.2812,32.6611,362.9316,2.27,A
40,hotel/recommendation,519.75,20.2,1119.06,0.0,0,1370,352.2537,11.5048,362.9316,0.831,A
40,hotel/reservation,4019.45,122.58,1119.06,0.0,0,886431,151119.1519,88.9713,362.9316,5.61,A
40,hotel/search,2542.24,48.71,1119.06,0.0,0,5323,907.4674,56.2729,362.9316,3.98,A
40,hotel/user,50.22,17.64,1119.06,0.0,0,755,352.2537,1.5479,362.9316,0.0696,A
40,hotel2/consul,24.51,31.02,201.48,0.0,0,1894,352.2537,1.5479,362.9316,0.0409,A
40,hotel2/frontend,8458.17,83.75,1119.14,0.0,0,112164,19121.7687,187.2231,362.9316,13.1,A
40,hotel2/geo,949.54,23.52,1119.06,0.0,0,3185,542.9802,21.0182,362.9316,1.45,A
40,hotel2/jaeger,0.47,14.73,81.01,0.0,0,0,352.2537,1.5479,1.6454,0.0041,A
40,hotel2/memcached-profile,207.06,8.2,79.25,0.0,0,1559,352.2537,4.5833,362.9316,0.291,A
40,hotel2/memcached-rate,171.27,7.71,79.25,0.0,0,1650,352.2537,3.7911,362.9316,0.27,A
40,hotel2/memcached-reserve,235.27,8.19,79.25,0.0,0,1771,352.2537,5.2077,362.9316,0.352,A
40,hotel2/mongodb-geo,9.65,68.6,400.43,0.0,0,185,352.2537,1.5479,1.6454,0.0164,A
40,hotel2/mongodb-profile,10.87,70.32,400.43,0.0,0,309,352.2537,1.5479,362.9316,0.0123,A
40,hotel2/mongodb-rate,9.7,69.73,400.43,0.0,0,165,352.2537,1.5479,1.6454,0.0123,A
40,hotel2/mongodb-recommendation,9.95,68.89,400.43,0.0,0,183,352.2537,1.5479,1.6454,0.0123,A
40,hotel2/mongodb-reservation,11.69,262.48,400.43,0.0312,16,248,352.2537,1.5479,362.9316,0.0123,A
40,hotel2/mongodb-user,11.13,68.71,400.43,0.0234,2,201,352.2537,1.5479,362.9316,0.0123,A
40,hotel2/profile,2677.46,49.84,1119.06,0.0,0,3158,538.3772,59.2661,362.9316,3.76,A
40,hotel2/rate,1472.74,39.73,1119.14,0.0,0,3072,523.7159,32.5994,362.9316,2.18,A
40,hotel2/recommendation,616.85,20.83,1119.06,0.0,0,2898,494.0523,13.6541,362.9316,0.925,A
40,hotel2/reservation,2758.05,81.2,1119.06,0.0,0,178526,30435.192,61.0499,362.9316,3.94,A
40,hotel2/search,2400.23,34.55,1119.06,0.0,0,3722,634.5282,53.1295,362.9316,3.5,A
40,hotel2/user,37.54,16.94,1119.06,0.0,0,1499,352.2537,1.5479,362.9316,0.0614,A
41,hotel/consul,24.14,31.06,201.48,0.0,0,1790,352.2537,1.5479,359.436,0.0332,A
41,hotel/frontend,8932.73,173.97,1119.14,0.0,0,798627,137773.4357,217.317,359.436,12.7,A
41,hotel/geo,829.57,25.43,1119.06,0.0,0,1707,352.2537,20.1819,359.436,1.12,A
41,hotel/jaeger,0.4,14.78,81.01,0.0,0,0,352.2537,1.5479,1.6454,0.0,A
41,hotel/memcached-profile,159.71,8.04,79.25,0.0,0,1458,352.2537,3.8855,359.436,0.22,A
41,hotel/memcached-rate,145.75,7.74,79.25,0.0,0,1677,352.2537,3.5458,359.436,0.187,A
41,hotel/memcached-reserve,177.97,8.97,79.25,0.0,0,915,352.2537,4.3297,359.436,0.258,A
41,hotel/mongodb-geo,9.14,68.79,400.43,0.0,0,155,352.2537,1.5479,1.6454,0.0125,A
41,hotel/mongodb-profile,9.75,69.65,400.43,0.0,0,278,352.2537,1.5479,1.6454,0.0125,A
41,hotel/mongodb-rate,9.93,70.98,400.43,0.0195,2,238,352.2537,1.5479,1.6454,0.0166,A
41,hotel/mongodb-recommendation,9.27,69.28,400.43,0.0,0,171,352.2537,1.5479,1.6454,0.0083,A
41,hotel/mongodb-reservation,10.8,267.04,400.43,0.0234,12,122,352.2537,1.5479,359.436,0.0166,A
41,hotel/mongodb-user,10.34,68.92,400.43,0.0,0,297,352.2537,1.5479,359.436,0.0125,A
41,hotel/profile,2988.98,54.92,1119.06,0.0,0,154679,26684.1182,72.7164,359.436,3.59,A
41,hotel/rate,1547.86,42.56,1119.14,0.0,0,2044,352.6163,37.6566,359.436,1.91,A
41,hotel/recommendation,522.93,20.48,1119.06,0.0,0,1640,352.2537,12.7219,359.436,0.723,A
41,hotel/reservation,3535.13,124.07,1119.06,0.0,0,746507,128782.0649,86.0032,359.436,5.66,A
41,hotel/search,2566.86,45.93,1119.06,0.0,0,12429,2144.1625,62.447,359.436,3.28,A
41,hotel/user,44.44,17.63,1119.06,0.0,0,901,352.2537,1.5479,359.436,0.0665,A
41,hotel2/consul,22.71,31.02,201.48,0.0,0,1643,352.2537,1.5479,359.436,0.0332,A
41,hotel2/frontend,8491.56,90.24,1119.14,0.0,0,104009,17942.8911,206.5841,359.436,11.4,A
41,hotel2/geo,919.09,23.0,1119.06,0.0,0,2550,439.9078,22.3598,359.436,1.3,A
41,hotel2/jaeger,0.29,14.73,81.01,0.0,0,0,352.2537,1.5479,1.6454,0.0,A
41,hotel2/memcached-profile,212.57,7.95,79.25,0.0,0,1820,352.2537,5.1714,359.436,0.291,A
41,hotel2/memcached-rate,182.1,7.71,79.25,0.0,0,2621,452.1562,4.4302,359.436,0.233,A
41,hotel2/memcached-reserve,232.1,7.45,79.25,0.0,0,1145,352.2537,5.6466,359.436,0.32,A
41,hotel2/mongodb-geo,11.04,68.6,400.43,0.0234,2,126,352.2537,1.5479,359.436,0.0125,A
41,hotel2/mongodb-profile,10.33,70.32,400.43,0.0234,2,196,352.2537,1.5479,359.436,0.0125,A
41,hotel2/mongodb-rate,10.23,69.73,400.43,0.0234,2,216,352.2537,1.5479,359.436,0.0125,A
41,hotel2/mongodb-recommendation,10.1,68.89,400.43,0.0234,2,187,352.2537,1.5479,359.436,0.0166,A
41,hotel2/mongodb-reservation,12.05,262.49,400.43,0.0547,16,330,352.2537,1.5479,359.436,0.0166,A
41,hotel2/mongodb-user,9.65,68.71,400.43,0.0,0,286,352.2537,1.5479,1.6454,0.0125,A
41,hotel2/profile,2613.9,46.09,1119.06,0.0,0,3812,657.6191,63.5914,359.436,3.6,A
41,hotel2/rate,1481.86,39.6,1119.14,0.0,0,2774,478.5507,36.0509,359.436,1.97,A
41,hotel2/recommendation,624.74,23.89,1119.06,0.0,0,3164,545.8307,15.1988,359.436,0.852,A
41,hotel2/reservation,2826.33,80.64,1119.06,0.0,0,269143,46430.6313,68.7594,359.436,3.81,A
41,hotel2/search,2414.68,35.21,1119.06,0.0,0,3858,665.5547,58.7447,359.436,3.27,A
41,hotel2/user,42.48,16.94,1119.06,0.0,0,1219,352.2537,1.5479,359.436,0.0499,A
42,hotel/consul,24.59,31.06,201.48,0.0,0,2362,393.744,1.5479,335.7674,0.0341,A
42,hotel/frontend,9514.57,172.82,1119.14,0.0,0,1061053,176876.9211,263.8478,335.7674,12.5,A
42,hotel/geo,891.72,25.83,1119.06,0.0,0,1743,352.2537,24.7282,335.7674,1.16,A
42,hotel/jaeger,0.32,14.78,81.01,0.0,0,0,352.2537,1.5479,1.6454,0.0,A
42,hotel/memcached-profile,173.97,9.8,79.25,0.0,0,1411,352.2537,4.8243,335.7674,0.227,A
42,hotel/memcached-rate,161.48,7.71,79.25,0.0,0,1258,352.2537,4.478,335.7674,0.212,A
42,hotel/memcached-reserve,193.68,8.31,79.25,0.0,0,1387,352.2537,5.3709,335.7674,0.258,A
42,hotel/mongodb-geo,10.52,68.79,400.43,0.0156,2,192,352.2537,1.5479,335.7674,0.0114,A
42,hotel/mongodb-profile,10.79,69.65,400.43,0.0469,6,149,352.2537,1.5479,335.7674,0.0114,A
42,hotel/mongodb-rate,9.76,70.98,400.43,0.0,0,149,352.2537,1.5479,1.6454,0.0114,A
42,hotel/mongodb-recommendation,10.63,69.28,400.43,0.0508,8,130,352.2537,1.5479,335.7674,0.0114,A
42,hotel/mongodb-reservation,11.8,267.05,400.43,0.0625,12,151,352.2537,1.5479,335.7674,0.0152,A
42,hotel/mongodb-user,10.33,68.91,400.43,0.0469,6,146,352.2537,1.5479,335.7674,0.0114,A
42,hotel/profile,3133.42,53.33,1119.06,0.0,0,158264,26382.5172,86.8926,335.7674,4.22,A
42,hotel/rate,1745.28,44.46,1119.14,0.0,0,17548,2925.2414,48.3982,335.7674,2.33,A
42,hotel/recommendation,521.44,22.76,1119.06,0.0,0,1421,352.2537,14.46,335.7674,0.728,A
42,hotel/reservation,4101.48,120.63,1119.06,0.0,0,876385,146092.8724,113.7378,335.7674,5.55,A
42,hotel/search,2785.67,43.59,1119.06,0.0,0,22988,3832.0863,77.2492,335.7674,3.72,A
42,hotel/user,49.08,17.15,1119.06,0.0,0,945,352.2537,1.5479,335.7674,0.0606,A
42,hotel2/consul,26.28,31.02,201.48,0.0,0,2103,352.2537,1.5479,335.7674,0.0303,A
42,hotel2/frontend,8238.45,88.38,1119.14,0.0,0,100567,16764.4607,228.4598,335.7674,11.6,A
42,hotel2/geo,856.76,22.77,1119.06,0.0,0,2985,497.5978,23.7587,335.7674,1.26,A
42,hotel2/jaeger,0.32,14.73,81.01,0.0,0,0,352.2537,1.5479,1.6454,0.0038,A
42,hotel2/memcached-profile,204.73,7.68,79.25,0.0,0,1859,352.2537,5.6774,335.7674,0.296,A
42,hotel2/memcached-rate,171.33,7.69,79.25,0.0,0,1689,352.2537,4.7511,335.7674,0.25,A
42,hotel2/memcached-reserve,217.25,7.41,79.25,0.0,0,1341,352.2537,6.0245,335.7674,0.318,A
42,hotel2/mongodb-geo,10.19,68.6,400.43,0.0,0,144,352.2537,1.5479,335.7674,0.0114,A
42,hotel2/mongodb-profile,10.28,70.32,400.43,0.0,0,189,352.2537,1.5479,335.7674,0.0152,A
42,hotel2/mongodb-rate,9.65,69.73,400.43,0.0,0,197,352.2537,1.5479,1.6454,0.0114,A
42,hotel2/mongodb-recommendation,9.59,68.89,400.43,0.0,0,145,352.2537,1.5479,1.6454,0.0114,A
42,hotel2/mongodb-reservation,10.25,262.49,400.43,0.0039,2,170,352.2537,1.5479,335.7674,0.0152,A
42,hotel2/mongodb-user,11.26,68.71,400.43,0.0352,4,226,352.2537,1.5479,335.7674,0.0114,A
42,hotel2/profile,2360.93,45.08,1119.06,0.0,0,3566,594.4501,65.4708,335.7674,3.41,A
42,hotel2/rate,1402.07,38.15,1119.14,0.0,0,2523,420.5826,38.8807,335.7674,1.94,A
42,hotel2/recommendation,598.71,21.13,1119.06,0.0,0,3302,550.4415,16.6028,335.7674,0.856,A
42,hotel2/reservation,2717.82,82.08,1119.06,0.0,0,331959,55337.3732,75.3676,335.7674,3.94,A
42,hotel2/search,2348.45,32.05,1119.06,0.0,0,3374,562.4438,65.1247,335.7674,3.29,A
42,hotel2/user,35.54,16.95,1119.06,0.0,0,808,352.2537,1.5479,335.7674,0.0568,A
43,hotel/consul,23.71,31.06,201.48,0.0,0,2017,352.2537,1.5479,329.8516,0.0318,A
43,hotel/frontend,9157.92,165.89,1119.14,0.0,0,1047970,182470.2726,215.8357,329.8516,12.5,A
43,hotel/geo,813.57,23.4,1119.06,0.0,0,1571,352.2537,19.1744,329.8516,1.13,A
43,hotel/jaeger,0.32,14.78,81.01,0.0,0,0,352.2537,1.5479,1.6454,0.0,A
43,hotel/memcached-profile,153.16,8.0,79.25,0.0,0,1293,352.2537,3.6097,329.8516,0.222,A
43,hotel/memcached-rate,138.75,7.95,79.25,0.0,0,1396,352.2537,3.2701,329.8516,0.208,A
43,hotel/memcached-reserve,179.14,7.81,79.25,0.0,0,1256,352.2537,4.222,329.8516,0.251,A
43,hotel/mongodb-geo,10.18,68.98,400.43,0.0,0,105,352.2537,1.5479,329.8516,0.0106,A
43,hotel/mongodb-profile,9.32,69.65,400.43,0.0,0,201,352.2537,1.5479,1.6454,0.0106,A
43,hotel/mongodb-rate,10.61,70.98,400.43,0.0195,2,168,352.2537,1.5479,329.8516,0.0141,A
43,hotel/mongodb-recommendation,9.37,69.28,400.43,0.0,0,103,352.2537,1.5479,1.6454,0.0141,A
43,hotel/mongodb-reservation,10.84,267.05,400.43,0.0273,14,207,352.2537,1.5479,329.8516,0.0106,A
43,hotel/mongodb-user,9.51,69.1,400.43,0.0,0,189,352.2537,1.5479,1.6454,0.0106,A
43,hotel/profile,2734.25,50.4,1119.06,0.0,0,138119,24048.9819,64.4413,329.8516,4.16,A
43,hotel/rate,1391.02,41.77,1119.14,0.0,0,12319,2144.9577,32.7838,329.8516,2.1,A
43,hotel/recommendation,482.96,21.97,1119.06,0.0,0,1846,352.2537,11.3825,329.8516,0.632,A
43,hotel/reservation,3606.27,123.55,1119.06,0.0,0,711171,123827.5583,84.9933,329.8516,4.8,A
43,hotel/search,2468.52,45.74,1119.06,0.0,0,22188,3863.3266,58.1786,329.8516,3.45,A
43,hotel/user,45.12,17.22,1119.06,0.0,0,808,352.2537,1.5479,329.8516,0.06,A
43,hotel2/consul,24.25,31.02,201.48,0.0,0,1904,352.2537,1.5479,329.8516,0.0353,A
43,hotel2/frontend,8172.83,89.08,1119.14,0.0,0,100728,17538.5418,192.6189,329.8516,10.7,A
43,hotel2/geo,903.89,23.99,1119.06,0.0,0,2489,433.3793,21.3031,329.8516,1.13,A
43,hotel2/jaeger,0.37,14.73,81.01,0.0,0,0,352.2537,1.5479,1.6454,0.0,A
43,hotel2/memcached-profile,189.99,7.67,79.25,0.0,0,2204,383.7557,4.4777,329.8516,0.265,A
43,hotel2/memcached-rate,165.07,7.7,79.25,0.0,0,1847,352.2537,3.8904,329.8516,0.226,A
43,hotel2/memcached-reserve,212.72,7.68,79.25,0.0,0,1442,352.2537,5.0134,329.8516,0.293,A
43,hotel2/mongodb-geo,10.45,68.6,400.43,0.0234,2,437,352.2537,1.5479,329.8516,0.0106,A
43,hotel2/mongodb-profile,10.82,70.51,400.43,0.0234,2,157,352.2537,1.5479,329.8516,0.0106,A
43,hotel2/mongodb-rate,10.61,69.73,400.43,0.0312,4,178,352.2537,1.5479,329.8516,0.0141,A
43,hotel2/mongodb-recommendation,10.61,68.89,400.43,0.0234,2,130,352.2537,1.5479,329.8516,0.0141,A
43,hotel2/mongodb-reservation,11.24,262.74,400.43,0.043,10,232,352.2537,1.5479,329.8516,0.0106,A
43,hotel2/mongodb-user,9.49,68.71,400.43,0.0,0,226,352.2537,1.5479,1.6454,0.0106,A
43,hotel2/profile,2417.72,46.18,1119.06,0.0,0,3070,534.5418,56.9813,329.8516,3.25,A
43,hotel2/rate,1341.15,39.96,1119.14,0.0,0,2903,505.4641,31.6085,329.8516,1.82,A
43,hotel2/recommendation,576.58,20.86,1119.06,0.0,0,2501,435.4687,13.589,329.8516,0.791,A
43,hotel2/reservation,2699.0,83.61,1119.06,0.0,0,307221,53492.6569,63.6106,329.8516,3.67,A
43,hotel2/search,2253.21,35.48,1119.06,0.0,0,4353,757.935,53.1041,329.8516,3.09,A
43,hotel2/user,38.68,17.02,1119.06,0.0,0,1243,352.2537,1.5479,329.8516,0.0459,A
44,hotel/consul,24.96,31.06,201.48,0.0,0,1887,352.2537,1.5479,330.5518,0.0334,A
44,hotel/frontend,9488.23,176.35,1119.14,0.0,0,1014628,167277.5699,222.8408,330.5518,12.2,A
44,hotel/geo,852.62,24.65,1119.06,0.0,0,1800,352.2537,20.0247,330.5518,1.1,A
44,hotel/jaeger,1.54,14.78,81.01,0.0,0,52,352.2537,1.5479,1.6454,0.0,A
44,hotel/memcached-profile,157.3,8.54,79.25,0.0,0,1889,352.2537,3.6944,330.5518,0.204,A
44,hotel/memcached-rate,152.07,7.75,79.25,0.0,0,1259,352.2537,3.5715,330.5518,0.185,A
44,hotel/memcached-reserve,182.83,8.02,79.25,0.0,0,1303,352.2537,4.2939,330.5518,0.234,A
44,hotel/mongodb-geo,10.71,68.79,400.43,0.0508,8,184,352.2537,1.5479,330.5518,0.0111,A
44,hotel/mongodb-profile,10.65,69.84,400.43,0.0156,2,395,352.2537,1.5479,330.5518,0.0111,A
44,hotel/mongodb-rate,10.18,70.98,400.43,0.0,0,211,352.2537,1.5479,330.5518,0.0148,A
44,hotel/mongodb-recommendation,10.65,69.28,400.43,0.0156,2,162,352.2537,1.5479,330.5518,0.0111,A
44,hotel/mongodb-reservation,11.79,267.24,400.43,0.0352,10,193,352.2537,1.5479,330.5518,0.0148,A
44,hotel/mongodb-user,10.46,69.16,400.43,0.0156,2,147,352.2537,1.5479,330.5518,0.0148,A
44,hotel/profile,2852.18,55.95,1119.06,0.0,0,190484,31404.3183,66.9864,330.5518,3.68,A
44,hotel/rate,1434.42,44.56,1119.14,0.0,0,1852,352.2537,33.6888,330.5518,1.8,A
44,hotel/recommendation,522.64,21.21,1119.06,0.0,0,1494,352.2537,12.2747,330.5518,0.645,A
44,hotel/reservation,3932.29,123.71,1119.06,0.0,0,766691,126401.2104,92.3539,330.5518,4.77,A
44,hotel/search,2590.1,46.76,1119.06,0.0,0,33073,5452.6103,60.8312,330.5518,3.14,A
44,hotel/user,45.24,17.24,1119.06,0.0,0,1058,352.2537,1.5479,330.5518,0.063,A
44,hotel2/consul,23.95,31.02,201.48,0.0,0,2341,385.9511,1.5479,330.5518,0.0334,A
44,hotel2/frontend,8245.02,86.35,1119.14,0.0,0,99481,16401.0257,193.6427,330.5518,11.6,A
44,hotel2/geo,862.13,23.54,1119.06,0.0,0,3263,537.9575,20.248,330.5518,1.27,A
44,hotel2/jaeger,0.29,14.73,81.01,0.0,0,0,352.2537,1.5479,1.6454,0.0037,A
44,hotel2/memcached-profile,203.08,7.7,79.25,0.0,0,1635,352.2537,4.7695,330.5518,0.267,A
44,hotel2/memcached-rate,169.76,7.71,79.25,0.0,0,2282,376.224,3.987,330.5518,0.234,A
44,hotel2/memcached-reserve,225.27,7.43,79.25,0.0,0,1538,352.2537,5.2907,330.5518,0.297,A
44,hotel2/mongodb-geo,9.78,68.6,400.43,0.0,0,102,352.2537,1.5479,1.6454,0.0111,A
44,hotel2/mongodb-profile,9.97,70.32,400.43,0.0,0,198,352.2537,1.5479,1.6454,0.0148,A
44,hotel2/mongodb-rate,9.85,69.73,400.43,0.0,0,202,352.2537,1.5479,1.6454,0.0111,A
44,hotel2/mongodb-recommendation,10.15,68.89,400.43,0.0,0,134,352.2537,1.5479,330.5518,0.0111,A
44,hotel2/mongodb-reservation,11.1,262.49,400.43,0.0273,14,203,352.2537,1.5479,330.5518,0.0111,A
44,hotel2/mongodb-user,10.84,68.71,400.43,0.0234,2,183,352.2537,1.5479,330.5518,0.0111,A
44,hotel2/profile,2361.98,46.15,1119.06,0.0,0,2989,492.7842,55.4735,330.5518,3.27,A
44,hotel2/rate,1372.9,39.57,1119.14,0.0,0,3021,498.0599,32.244,330.5518,1.87,A
44,hotel2/recommendation,582.46,20.87,1119.06,0.0,0,2859,471.3516,13.6797,330.5518,0.804,A
44,hotel2/reservation,2697.15,83.93,1119.06,0.0,0,371902,61313.9622,63.3453,330.5518,3.7,A
44,hotel2/search,2261.43,32.02,1119.06,0.0,0,3511,578.8442,53.112,330.5518,3.09,A
44,hotel2/user,39.89,17.0,1119.06,0.0,0,1595,352.2537,1.5479,330.5518,0.0556,A
45,hotel/consul,25.32,31.06,201.48,0.0,0,2360,420.0825,1.5479,360.7967,0.0411,A
45,hotel/frontend,9227.17,175.3,1119.14,0.0,0,1017355,181090.2618,225.1383,360.7967,13.0,A
45,hotel/geo,837.34,24.88,1119.06,0.0,0,1592,352.2537,20.4307,360.7967,1.27,A
45,hotel/jaeger,0.38,14.78,81.01,0.0,0,0,352.2537,1.5479,1.6454,0.0037,A
45,hotel/memcached-profile,163.37,8.01,79.25,0.0,0,1379,352.2537,3.9861,360.7967,0.239,A
45,hotel/memcached-rate,147.94,7.7,79.25,0.0,0,1456,352.2537,3.6097,360.7967,0.213,A
45,hotel/memcached-reserve,184.52,8.76,79.25,0.0,0,924,352.2537,4.5022,360.7967,0.277,A
45,hotel/mongodb-geo,9.08,68.79,400.43,0.0,0,210,352.2537,1.5479,1.6454,0.015,A
45,hotel/mongodb-profile,9.38,69.65,400.43,0.0,0,192,352.2537,1.5479,1.6454,0.0112,A
45,hotel/mongodb-rate,10.04,70.98,400.43,0.0195,2,132,352.2537,1.5479,360.7967,0.015,A
45,hotel/mongodb-recommendation,9.3,69.28,400.43,0.0,0,187,352.2537,1.5479,1.6454,0.0112,A
45,hotel/mongodb-reservation,10.56,267.05,400.43,0.0195,10,264,352.2537,1.5479,360.7967,0.0112,A
45,hotel/mongodb-user,10.19,69.16,400.43,0.0,0,217,352.2537,1.5479,360.7967,0.015,A
45,hotel/profile,2971.78,47.49,1119.06,0.0,0,98291,17495.9016,72.5099,360.7967,4.18,A
45,hotel/rate,1376.53,40.86,1119.14,0.0,0,2336,415.8105,33.5866,360.7967,2.09,A
45,hotel/recommendation,519.78,22.54,1119.06,0.0,0,1967,352.2537,12.6824,360.7967,0.774,A
45,hotel/reservation,4199.42,132.12,1119.06,0.0,0,1005717,179018.6856,102.4637,360.7967,5.63,A
45,hotel/search,2549.29,47.56,1119.06,0.0,0,50067,8911.9787,62.2014,360.7967,3.74,A
45,hotel/user,53.72,17.41,1119.06,0.0,0,882,352.2537,1.5479,360.7967,0.0711,A
45,hotel2/consul,23.07,31.02,201.48,0.0,0,2052,365.2582,1.5479,360.7967,0.0374,A
45,hotel2/frontend,8580.1,87.39,1119.14,0.0,0,102929,18321.4704,209.3501,360.7967,11.5,A
45,hotel2/geo,931.54,22.56,1119.06,0.0,0,2621,466.5408,22.7291,360.7967,1.19,A
45,hotel2/jaeger,0.28,14.73,81.01,0.0,0,0,352.2537,1.5479,1.6454,0.0,A
45,hotel2/memcached-profile,214.34,7.91,79.25,0.0,0,2033,361.8761,5.2298,360.7967,0.288,A
45,hotel2/memcached-rate,172.55,7.68,79.25,0.0,0,1944,352.2537,4.2101,360.7967,0.232,A
45,hotel2/memcached-reserve,234.37,7.41,79.25,0.0,0,1664,352.2537,5.7185,360.7967,0.322,A
45,hotel2/mongodb-geo,10.0,68.79,400.43,0.0234,2,181,352.2537,1.5479,1.6454,0.0075,A
45,hotel2/mongodb-profile,10.19,70.51,400.43,0.0234,2,161,352.2537,1.5479,360.7967,0.0112,A
45,hotel2/mongodb-rate,10.26,69.73,400.43,0.043,4,169,352.2537,1.5479,360.7967,0.015,A
45,hotel2/mongodb-recommendation,11.08,68.89,400.43,0.0234,2,218,352.2537,1.5479,360.7967,0.0075,A
45,hotel2/mongodb-reservation,11.31,262.74,400.43,0.0508,10,186,352.2537,1.5479,360.7967,0.0112,A
45,hotel2/mongodb-user,9.74,68.71,400.43,0.0,0,187,352.2537,1.5479,1.6454,0.0112,A
45,hotel2/profile,2535.78,45.6,1119.06,0.0,0,3608,642.2278,61.8717,360.7967,3.42,A
45,hotel2/rate,1489.63,38.78,1119.14,0.0,0,2886,513.711,36.3462,360.7967,1.88,A
45,hotel2/recommendation,625.45,21.36,1119.06,0.0,0,2757,490.7489,15.2607,360.7967,0.808,A
45,hotel2/reservation,2657.08,84.55,1119.06,0.0,0,246479,43873.5217,64.8314,360.7967,3.66,A
45,hotel2/search,2341.44,34.36,1119.06,0.0,0,4013,714.3182,57.1299,360.7967,3.2,A
45,hotel2/user,40.02,17.49,1119.06,0.0,0,1276,352.2537,1.5479,360.7967,0.0524,A
46,hotel/consul,23.45,31.06,201.48,0.0,0,2445,419.8807,1.5479,334.9141,0.0305,A
46,hotel/frontend,8632.94,169.85,1119.14,0.0,0,1005340,172647.3826,197.8477,334.9141,11.1,A
46,hotel/geo,765.35,24.61,1119.06,0.0,0,1592,352.2537,17.5401,334.9141,1.02,A
46,hotel/jaeger,0.27,14.78,81.01,0.0,0,0,352.2537,1.5479,1.6454,0.0,A
46,hotel/memcached-profile,138.36,7.78,79.25,0.0,0,2027,352.2537,3.1709,334.9141,0.197,A
46,hotel/memcached-rate,134.99,8.99,79.25,0.0,0,1168,352.2537,3.0937,334.9141,0.183,A
46,hotel/memcached-reserve,168.24,7.48,79.25,0.0,0,1031,352.2537,3.8557,334.9141,0.21,A
46,hotel/mongodb-geo,10.05,68.98,400.43,0.0156,2,281,352.2537,1.5479,334.9141,0.0102,A
46,hotel/mongodb-profile,10.26,69.65,400.43,0.0156,2,368,352.2537,1.5479,334.9141,0.0102,A
46,hotel/mongodb-rate,9.59,71.17,400.43,0.0,0,175,352.2537,1.5479,1.6454,0.0136,A
46,hotel/mongodb-recommendation,10.3,69.28,400.43,0.0156,2,186,352.2537,1.5479,334.9141,0.0068,A
46,hotel/mongodb-reservation,10.13,267.05,400.43,0.0234,4,107,352.2537,1.5479,334.9141,0.0102,A
46,hotel/mongodb-user,9.95,69.1,400.43,0.0156,2,160,352.2537,1.5479,1.6454,0.0136,A
46,hotel/profile,2679.25,50.91,1119.06,0.0,0,140986,24211.5741,61.4024,334.9141,3.6,A
46,hotel/rate,1324.11,41.61,1119.14,0.0,0,1830,352.2537,30.3456,334.9141,1.69,A
46,hotel/recommendation,446.7,20.94,1119.06,0.0,0,1525,352.2537,10.2374,334.9141,0.638,A
46,hotel/reservation,3579.38,116.91,1119.06,0.0,0,776757,133392.7457,82.0314,334.9141,5.14,A
46,hotel/search,2321.12,48.04,1119.06,0.0,0,5404,928.0308,53.1949,334.9141,3.11,A
46,hotel/user,39.5,17.41,1119.06,0.0,0,707,352.2537,1.5479,334.9141,0.0611,A
46,hotel2/consul,24.76,31.02,201.48,0.0,0,2754,472.9454,1.5479,334.9141,0.0305,A
46,hotel2/frontend,8284.61,87.38,1119.14,0.0,0,87645,15051.3059,189.8648,334.9141,10.6,A
46,hotel2/geo,925.68,24.25,1119.06,0.0,0,3058,525.1514,21.2145,334.9141,1.14,A
46,hotel2/jaeger,0.35,14.73,81.01,0.0,0,0,352.2537,1.5479,1.6454,0.0,A
46,hotel2/memcached-profile,202.5,7.68,79.25,0.0,0,2184,375.0591,4.6408,334.9141,0.254,A
46,hotel2/memcached-rate,172.46,7.7,79.25,0.0,0,2454,421.4263,3.9524,334.9141,0.207,A
46,hotel2/memcached-reserve,230.68,7.42,79.25,0.0,0,1746,352.2537,5.2867,334.9141,0.282,A
46,hotel2/mongodb-geo,10.52,68.6,400.43,0.0,0,105,352.2537,1.5479,334.9141,0.0136,A
46,hotel2/mongodb-profile,9.58,70.07,400.43,0.0,0,192,352.2537,1.5479,1.6454,0.0136,A
46,hotel2/mongodb-rate,10.19,69.73,400.43,0.0,0,313,352.2537,1.5479,334.9141,0.0136,A
46,hotel2/mongodb-recommendation,9.65,68.89,400.43,0.0,0,305,352.2537,1.5479,1.6454,0.0136,A
46,hotel2/mongodb-reservation,10.7,262.49,400.43,0.0156,8,441,352.2537,1.5479,334.9141,0.0136,A
46,hotel2/mongodb-user,10.63,68.56,400.43,0.0234,2,246,352.2537,1.5479,334.9141,0.0102,A
46,hotel2/profile,2436.4,45.05,1119.06,0.0,0,2924,502.1395,55.8369,334.9141,3.05,A
46,hotel2/rate,1394.49,38.93,1119.14,0.0,0,2622,450.277,31.9586,334.9141,1.78,A
46,hotel2/recommendation,571.38,22.27,1119.06,0.0,0,3192,548.1633,13.0948,334.9141,0.713,A
46,hotel2/reservation,2611.38,85.17,1119.06,0.0,0,286683,49232.1698,59.847,334.9141,3.39,A
46,hotel2/search,2323.05,37.09,1119.06,0.0,0,3880,666.3137,53.2391,334.9141,2.84,A
46,hotel2/user,38.73,17.07,1119.06,0.0,0,1412,352.2537,1.5479,334.9141,0.0509,A
47,hotel/consul,25.18,31.06,201.48,0.0,0,1634,352.2537,1.5479,352.1822,0.0284,A
47,hotel/frontend,8908.87,173.77,1119.14,0.0,0,968252,179669.4379,214.252,352.1822,10.2,A
47,hotel/geo,814.32,23.62,1119.06,0.0,0,1573,352.2537,19.5838,352.1822,0.99,A
47,hotel/jaeger,0.3,14.78,81.01,0.0,0,0,352.2537,1.5479,1.6454,0.0,A
47,hotel/memcached-profile,161.59,7.76,79.25,0.0,0,1575,352.2537,3.8861,352.1822,0.177,A
47,hotel/memcached-rate,145.51,7.7,79.25,0.0,0,1972,365.9255,3.4994,352.1822,0.164,A
47,hotel/memcached-reserve,179.81,9.19,79.25,0.0,0,1109,352.2537,4.3243,352.1822,0.208,A
47,hotel/mongodb-geo,9.32,68.79,400.43,0.0,0,187,352.2537,1.5479,1.6454,0.0095,A
47,hotel/mongodb-profile,9.76,69.65,400.43,0.0,0,254,352.2537,1.5479,1.6454,0.0126,A
47,hotel/mongodb-rate,10.37,70.98,400.43,0.0195,2,165,352.2537,1.5479,352.1822,0.0095,A
47,hotel/mongodb-recommendation,9.63,69.28,400.43,0.0,0,139,352.2537,1.5479,1.6454,0.0095,A
47,hotel/mongodb-reservation,11.7,267.24,400.43,0.0156,8,141,352.2537,1.5479,352.1822,0.0095,A
47,hotel/mongodb-user,9.53,69.1,400.43,0.0,0,222,352.2537,1.5479,1.6454,0.0095,A
47,hotel/profile,2894.79,46.46,1119.06,0.0,0,110356,20477.7274,69.6176,352.1822,3.33,A
47,hotel/rate,1510.57,42.32,1119.14,0.0,0,5797,1075.6949,36.3281,352.1822,1.72,A
47,hotel/recommendation,505.27,21.07,1119.06,0.0,0,1573,352.2537,12.1514,352.1822,0.567,A
47,hotel/reservation,3686.05,123.63,1119.06,0.0,0,785145,145691.9901,88.6469,352.1822,4.19,A
47,hotel/search,2449.53,45.45,1119.06,0.0,0,3400,630.9061,58.9095,352.1822,2.81,A
47,hotel/user,41.05,17.41,1119.06,0.0,0,1229,352.2537,1.5479,352.1822,0.0504,A
47,hotel2/consul,23.36,31.02,201.48,0.0,0,2309,428.4595,1.5479,352.1822,0.0284,A
47,hotel2/frontend,8217.61,93.82,1119.14,0.0,0,77391,14360.7217,197.6277,352.1822,9.61,A
47,hotel2/geo,901.97,23.29,1119.06,0.0,0,2790,517.7141,21.6917,352.1822,1.08,A
47,hotel2/jaeger,0.32,14.73,81.01,0.0,0,0,352.2537,1.5479,1.6454,0.0,A
47,hotel2/memcached-profile,208.21,7.94,79.25,0.0,0,1954,362.5854,5.0073,352.1822,0.236,A
47,hotel2/memcached-rate,165.36,7.7,79.25,0.0,0,1797,352.2537,3.9768,352.1822,0.205,A
47,hotel2/memcached-reserve,216.54,7.73,79.25,0.0,0,1352,352.2537,5.2076,352.1822,0.271,A
47,hotel2/mongodb-geo,11.3,68.6,400.43,0.0391,4,85,352.2537,1.5479,352.1822,0.0126,A
47,hotel2/mongodb-profile,10.18,70.07,400.43,0.0234,2,186,352.2537,1.5479,352.1822,0.0095,A
47,hotel2/mongodb-rate,10.63,69.73,400.43,0.0234,2,112,352.2537,1.5479,352.1822,0.0126,A
47,hotel2/mongodb-recommendation,10.89,68.89,400.43,0.0234,2,164,352.2537,1.5479,352.1822,0.0095,A
47,hotel2/mongodb-reservation,11.29,262.49,400.43,0.0352,6,307,352.2537,1.5479,352.1822,0.0095,A
47,hotel2/mongodb-user,9.39,68.56,400.43,0.0,0,136,352.2537,1.5479,1.6454,0.0095,A
47,hotel2/profile,2591.54,46.2,1119.06,0.0,0,3385,628.1227,62.3247,352.1822,2.87,A
47,hotel2/rate,1427.12,41.93,1119.14,0.0,0,3035,563.1765,34.3212,352.1822,1.61,A
47,hotel2/recommendation,611.15,22.47,1119.06,0.0,0,2441,452.9535,14.6977,352.1822,0.678,A
47,hotel2/reservation,2765.22,83.74,1119.06,0.0,0,306537,56881.1946,66.5016,352.1822,3.09,A
47,hotel2/search,2330.27,35.4,1119.06,0.0,0,3860,716.264,56.0413,352.1822,2.67,A
47,hotel2/user,37.04,17.31,1119.06,0.0,0,1167,352.2537,1.5479,352.1822,0.041,A
48,hotel/consul,28.05,31.07,201.48,0.0,0,1776,352.2537,1.5479,316.9666,0.0321,A
48,hotel/frontend,9376.28,168.95,1119.14,0.0,0,1002911,189675.3395,228.9704,316.9666,11.7,A
48,hotel/geo,821.08,25.18,1119.06,0.0,0,1796,352.2537,20.0509,316.9666,1.07,A
48,hotel/jaeger,0.36,14.78,81.01,0.0,0,0,352.2537,1.5479,1.6454,0.0,A
48,hotel/memcached-profile,165.62,8.3,79.25,0.0,0,1586,352.2537,4.0445,316.9666,0.207,A
48,hotel/memcached-rate,146.03,7.73,79.25,0.0,0,1186,352.2537,3.5661,316.9666,0.189,A
48,hotel/memcached-reserve,188.06,7.45,79.25,0.0,0,775,352.2537,4.5925,316.9666,0.232,A
48,hotel/mongodb-geo,10.46,68.79,400.43,0.0156,2,227,352.2537,1.5479,316.9666,0.0143,A
48,hotel/mongodb-profile,11.12,69.66,400.43,0.0195,2,297,352.2537,1.5479,316.9666,0.0107,A
48,hotel/mongodb-rate,10.33,70.98,400.43,0.0,0,206,352.2537,1.5479,316.9666,0.0107,A
48,hotel/mongodb-recommendation,11.77,69.28,400.43,0.0273,4,251,352.2537,1.5479,316.9666,0.0107,A
48,hotel/mongodb-reservation,12.58,267.06,400.43,0.0391,12,157,352.2537,1.5479,316.9666,0.0107,A
48,hotel/mongodb-user,11.27,68.92,400.43,0.0195,2,374,352.2537,1.5479,316.9666,0.0107,A
48,hotel/profile,3090.97,50.81,1119.06,0.0,0,144610,27349.3369,75.482,316.9666,4.05,A
48,hotel/rate,1499.63,47.7,1119.14,0.0,0,2198,415.6963,36.6212,316.9666,1.99,A
48,hotel/recommendation,519.57,21.95,1119.06,0.0,0,1606,352.2537,12.688,316.9666,0.693,A
48,hotel/reservation,3810.62,124.54,1119.06,0.0,0,690838,130654.5966,93.056,316.9666,4.89,A
48,hotel/search,2828.22,43.04,1119.06,0.0,0,31084,5878.7552,69.0656,316.9666,3.33,A
48,hotel/user,59.94,17.55,1119.06,0.0,0,724,352.2537,1.5479,316.9666,0.0536,A
48,hotel2/consul,23.45,31.02,201.48,0.0,0,2416,456.9255,1.5479,316.9666,0.0321,A
48,hotel2/frontend,8445.64,91.49,1119.14,0.0,0,118098,22335.2603,206.244,316.9666,11.0,A
48,hotel2/geo,927.28,24.37,1119.06,0.0,0,2764,522.7409,22.6443,316.9666,1.2,A
48,hotel2/jaeger,0.35,14.73,81.01,0.0,0,0,352.2537,1.5479,1.6454,0.0,A
48,hotel2/memcached-profile,213.77,7.68,79.25,0.0,0,1401,352.2537,5.2203,316.9666,0.279,A
48,hotel2/memcached-rate,174.08,7.71,79.25,0.0,0,1751,352.2537,4.2511,316.9666,0.221,A
48,hotel2/memcached-reserve,233.25,7.98,79.25,0.0,0,1741,352.2537,5.696,316.9666,0.286,A
48,hotel2/mongodb-geo,10.11,68.6,400.43,0.0,0,138,352.2537,1.5479,316.9666,0.0107,A
48,hotel2/mongodb-profile,9.82,70.07,400.43,0.0,0,155,352.2537,1.5479,1.6454,0.0107,A
48,hotel2/mongodb-rate,10.3,69.73,400.43,0.0,0,345,352.2537,1.5479,316.9666,0.0107,A
48,hotel2/mongodb-recommendation,11.3,69.08,400.43,0.0,0,140,352.2537,1.5479,316.9666,0.0179,A
48,hotel2/mongodb-reservation,11.02,262.5,400.43,0.0156,8,172,352.2537,1.5479,316.9666,0.0143,A
48,hotel2/mongodb-user,10.91,68.68,400.43,0.0234,2,149,352.2537,1.5479,316.9666,0.0107,A
48,hotel2/profile,2538.53,48.95,1119.06,0.0,0,7519,1422.0294,61.9914,316.9666,3.38,A
48,hotel2/rate,1439.53,38.97,1119.14,0.0,0,2530,478.4857,35.1536,316.9666,1.86,A
48,hotel2/recommendation,616.28,22.3,1119.06,0.0,0,3152,596.1214,15.0497,316.9666,0.836,A
48,hotel2/reservation,2718.85,82.7,1119.06,0.0,0,217660,41164.9034,66.3948,316.9666,3.73,A
48,hotel2/search,2412.92,34.3,1119.06,0.0,0,4064,768.6032,58.9239,316.9666,3.11,A
48,hotel2/user,45.09,17.08,1119.06,0.0,0,1130,352.2537,1.5479,316.9666,0.0536,A
49,hotel/consul,24.01,31.07,201.48,0.0,0,2339,401.7599,1.5479,321.6915,0.0396,A
49,hotel/frontend,8884.47,171.51,1119.14,0.0,0,987132,169555.4066,233.8843,321.6915,13.7,A
49,hotel/geo,827.86,25.02,1119.06,0.0,0,1615,352.2537,21.7935,321.6915,1.16,A
49,hotel/jaeger,0.4,14.78,81.01,0.0,0,0,352.2537,1.5479,1.6454,0.0,A
49,hotel/memcached-profile,158.08,7.8,79.25,0.0,0,1251,352.2537,4.1615,321.6915,0.238,A
49,hotel/memcached-rate,146.61,8.32,79.25,0.0,0,1401,352.2537,3.8595,321.6915,0.21,A
49,hotel/memcached-reserve,187.6,7.52,79.25,0.0,0,1149,352.2537,4.9386,321.6915,0.289,A
49,hotel/mongodb-geo,9.45,68.79,400.43,0.0,0,163,352.2537,1.5479,1.6454,0.0158,A
49,hotel/mongodb-profile,10.61,69.66,400.43,0.0508,10,188,352.2537,1.5479,321.6915,0.0158,A
49,hotel/mongodb-rate,10.6,71.02,400.43,0.0195,2,157,352.2537,1.5479,321.6915,0.0158,A
49,hotel/mongodb-recommendation,10.66,69.29,400.43,0.0508,10,220,352.2537,1.5479,321.6915,0.0119,A
49,hotel/mongodb-reservation,12.34,267.06,400.43,0.7031,96,179,352.2537,1.5479,321.6915,0.0119,A
49,hotel/mongodb-user,10.8,68.92,400.43,0.0742,10,177,352.2537,1.5479,321.6915,0.0119,A
49,hotel/profile,2980.27,50.05,1119.06,0.0,0,177651,30514.3461,78.4558,321.6915,4.48,A
49,hotel/rate,1561.08,50.5,1119.14,0.0,0,12641,2171.2901,41.0955,321.6915,2.1,A
49,hotel/recommendation,519.2,21.37,1119.06,0.0,0,1833,352.2537,13.668,321.6915,0.72,A
49,hotel/reservation,3719.78,113.74,1119.06,0.0,0,736952,126583.0669,97.9235,321.6915,5.45,A
49,hotel/search,2616.67,47.43,1119.06,0.0,0,22322,3834.1537,68.884,321.6915,3.93,A
49,hotel/user,44.74,17.55,1119.06,0.0,0,891,352.2537,1.5479,321.6915,0.0713,A
49,hotel2/consul,24.11,31.02,201.48,0.0,0,2005,352.2537,1.5479,321.6915,0.0317,A
49,hotel2/frontend,8202.94,91.53,1119.14,0.0,0,88968,15281.6497,215.9429,321.6915,12.3,A
49,hotel2/geo,904.71,25.79,1119.06,0.0,0,2531,434.739,23.8165,321.6915,1.3,A
49,hotel2/jaeger,0.35,14.73,81.01,0.0,0,0,352.2537,1.5479,1.6454,0.0,A
49,hotel2/memcached-profile,200.86,7.68,79.25,0.0,0,2266,389.221,5.2877,321.6915,0.309,A
49,hotel2/memcached-rate,179.36,7.96,79.25,0.0,0,2599,446.419,4.7217,321.6915,0.234,A
49,hotel2/memcached-reserve,234.86,7.42,79.25,0.0,0,1386,352.2537,6.1827,321.6915,0.336,A
49,hotel2/mongodb-geo,11.14,68.6,400.43,0.0234,2,159,352.2537,1.5479,321.6915,0.0079,A
49,hotel2/mongodb-profile,11.03,70.07,400.43,0.0234,2,170,352.2537,1.5479,321.6915,0.0119,A
49,hotel2/mongodb-rate,10.85,69.73,400.43,0.0234,2,327,352.2537,1.5479,321.6915,0.0119,A
49,hotel2/mongodb-recommendation,10.85,68.89,400.43,0.0234,2,156,352.2537,1.5479,321.6915,0.0158,A
49,hotel2/mongodb-reservation,12.64,262.5,400.43,0.0391,8,186,352.2537,1.5479,321.6915,0.0119,A
49,hotel2/mongodb-user,9.94,68.68,400.43,0.0,0,229,352.2537,1.5479,1.6454,0.0119,A
49,hotel2/profile,2443.18,45.32,1119.06,0.0,0,3315,569.4033,64.3169,321.6915,3.62,A
49,hotel2/rate,1454.64,40.05,1119.14,0.0,0,2932,503.617,38.2935,321.6915,2.05,A
49,hotel2/recommendation,597.69,20.91,1119.06,0.0,0,2775,476.6498,15.7342,321.6915,0.883,A
49,hotel2/reservation,2829.81,82.3,1119.06,0.0,0,271473,46629.7465,74.4949,321.6915,3.86,A
49,hotel2/search,2321.93,32.2,1119.06,0.0,0,4366,749.929,61.125,321.6915,3.44,A
49,hotel2/user,36.94,17.08,1119.06,0.0,0,1618,352.2537,1.5479,321.6915,0.0554,A
50,hotel/consul,24.37,31.08,201.48,0.0,0,2520,434.8354,1.5479,317.8639,0.0327,A
50,hotel/frontend,9202.66,175.85,1119.14,0.0,0,1006835,173733.1161,227.568,317.8639,12.9,A
50,hotel/geo,795.97,24.17,1119.06,0.0,0,1645,352.2537,19.6831,317.8639,1.16,A
50,hotel/jaeger,0.43,14.78,81.01,0.0,0,0,352.2537,1.5479,1.6454,0.0,A
50,hotel/memcached-profile,150.2,8.02,79.25,0.0,0,2136,368.5747,3.7142,317.8639,0.221,A
50,hotel/memcached-rate,137.27,7.72,79.25,0.0,0,1787,352.2537,3.3945,317.8639,0.2,A
50,hotel/memcached-reserve,172.32,7.45,79.25,0.0,0,853,352.2537,4.2612,317.8639,0.253,A
50,hotel/mongodb-geo,11.75,68.79,400.43,0.0156,2,283,352.2537,1.5479,317.8639,0.0123,A
50,hotel/mongodb-profile,10.34,69.84,400.43,0.0195,2,171,352.2537,1.5479,317.8639,0.0123,A
50,hotel/mongodb-rate,10.75,71.02,400.43,0.0469,10,133,352.2537,1.5479,317.8639,0.0123,A
50,hotel/mongodb-recommendation,10.5,69.47,400.43,0.0195,2,212,352.2537,1.5479,317.8639,0.0123,A
50,hotel/mongodb-reservation,12.59,267.06,400.43,0.0391,12,263,352.2537,1.5479,317.8639,0.0204,A
50,hotel/mongodb-user,10.64,68.93,400.43,0.0273,4,238,352.2537,1.5479,317.8639,0.0123,A
50,hotel/profile,2709.01,49.28,1119.06,0.0,0,124967,21563.5197,66.9898,317.8639,4.11,A
50,hotel/rate,1330.67,45.2,1119.14,0.0,0,30954,5341.2276,32.9055,317.8639,2.07,A
50,hotel/recommendation,499.93,22.01,1119.06,0.0,0,1408,352.2537,12.3625,317.8639,0.732,A
50,hotel/reservation,3636.57,117.4,1119.06,0.0,0,849299,146549.6946,89.9269,317.8639,5.41,A
50,hotel/search,2493.64,44.76,1119.06,0.0,0,12067,2082.2056,61.664,317.8639,3.49,A
50,hotel/user,47.44,17.8,1119.06,0.0,0,947,352.2537,1.5479,317.8639,0.0654,A
50,hotel2/consul,24.7,31.02,201.48,0.0,0,2458,424.137,1.5479,317.8639,0.0368,A
50,hotel2/frontend,8269.01,88.96,1119.14,0.0,0,81956,14141.812,204.4802,317.8639,12.4,A
50,hotel2/geo,941.69,24.49,1119.06,0.0,0,3274,564.9409,23.2866,317.8639,1.42,A
50,hotel2/jaeger,0.36,14.73,81.01,0.0,0,0,352.2537,1.5479,1.6454,0.0,A
50,hotel2/memcached-profile,199.77,7.93,79.25,0.0,0,1918,352.2537,4.94,317.8639,0.307,A
50,hotel2/memcached-rate,173.37,7.72,79.25,0.0,0,1683,352.2537,4.2872,317.8639,0.274,A
50,hotel2/memcached-reserve,237.73,7.43,79.25,0.0,0,1637,352.2537,5.8787,317.8639,0.36,A
50,hotel2/mongodb-geo,10.62,68.6,400.43,0.0781,10,255,352.2537,1.5479,317.8639,0.0123,A
50,hotel2/mongodb-profile,9.97,70.07,400.43,0.0781,12,169,352.2537,1.5479,1.6454,0.0164,A
50,hotel2/mongodb-rate,9.53,69.73,400.43,0.0,0,168,352.2537,1.5479,1.6454,0.0123,A
50,hotel2/mongodb-recommendation,10.1,68.89,400.43,0.0664,10,202,352.2537,1.5479,317.8639,0.0164,A
50,hotel2/mongodb-reservation,11.54,262.5,400.43,0.0234,12,231,352.2537,1.5479,317.8639,0.0204,A
50,hotel2/mongodb-user,11.18,68.71,400.43,0.0234,2,165,352.2537,1.5479,317.8639,0.0123,A
50,hotel2/profile,2528.86,47.3,1119.06,0.0,0,3391,585.1296,62.5349,317.8639,3.79,A
50,hotel2/rate,1468.85,40.94,1119.14,0.0,0,2637,455.0241,36.3225,317.8639,2.18,A
50,hotel2/recommendation,591.48,21.95,1119.06,0.0,0,2812,485.221,14.6264,317.8639,0.92,A
50,hotel2/reservation,2770.62,83.28,1119.06,0.0,0,288695,49815.3937,68.5133,317.8639,4.44,A
50,hotel2/search,2333.71,34.31,1119.06,0.0,0,3635,627.2327,57.7092,317.8639,3.58,A
50,hotel2/user,42.61,17.2,1119.06,0.0,0,1088,352.2537,1.5479,317.8639,0.0613,A
51,hotel/consul,25.9,31.09,201.48,0.0,0,2044,370.4814,1.5479,357.6061,0.0252,A
51,hotel/frontend,9076.34,170.83,1119.14,0.0,0,945419,171360.1355,218.2316,357.6061,11.0,A
51,hotel/geo,808.19,26.14,1119.06,0.0,0,1878,352.2537,19.4321,357.6061,0.923,A
51,hotel/jaeger,0.32,14.78,81.01,0.0,0,0,352.2537,1.5479,1.6454,0.0,A
51,hotel/memcached-profile,149.86,8.03,79.25,0.0,0,1331,352.2537,3.6032,357.6061,0.176,A
51,hotel/memcached-rate,142.08,7.73,79.25,0.0,0,1658,352.2537,3.4162,357.6061,0.164,A
51,hotel/memcached-reserve,174.98,8.0,79.25,0.0,0,1033,352.2537,4.2072,357.6061,0.208,A
51,hotel/mongodb-geo,9.54,68.79,400.43,0.0469,8,245,352.2537,1.5479,1.6454,0.0126,A
51,hotel/mongodb-profile,9.18,69.66,400.43,0.0,0,121,352.2537,1.5479,1.6454,0.0094,A
51,hotel/mongodb-rate,10.49,71.21,400.43,0.0234,2,145,352.2537,1.5479,357.6061,0.0126,A
51,hotel/mongodb-recommendation,9.17,69.29,400.43,0.0,0,185,352.2537,1.5479,1.6454,0.0094,A
51,hotel/mongodb-reservation,9.63,267.06,400.43,0.0078,4,161,352.2537,1.5479,1.6454,0.0126,A
51,hotel/mongodb-user,9.42,68.92,400.43,0.0,0,210,352.2537,1.5479,1.6454,0.0126,A
51,hotel/profile,2973.37,45.23,1119.06,0.0,0,104919,19016.8952,71.4917,357.6061,3.32,A
51,hotel/rate,1414.27,41.19,1119.14,0.0,0,2494,452.0453,34.0047,357.6061,1.6,A
51,hotel/recommendation,504.83,21.76,1119.06,0.0,0,1669,352.2537,12.1381,357.6061,0.586,A
51,hotel/reservation,3766.77,123.78,1119.06,0.0,0,746288,135267.0221,90.5682,357.6061,4.52,A
51,hotel/search,2519.32,44.21,1119.06,0.0,0,5367,972.7854,60.5745,357.6061,2.97,A
51,hotel/user,47.37,17.96,1119.06,0.0,0,671,352.2537,1.5479,357.6061,0.0473,A
51,hotel2/consul,23.5,31.02,201.48,0.0,0,1704,352.2537,1.5479,357.6061,0.0284,A
51,hotel2/frontend,8254.12,87.12,1119.14,0.0,0,67530,12240.0226,198.4621,357.6061,9.99,A
51,hotel2/geo,937.03,25.36,1119.06,0.0,0,2488,450.9577,22.53,357.6061,1.14,A
51,hotel2/jaeger,0.49,14.73,81.01,0.0,0,0,352.2537,1.5479,1.6454,0.0,A
51,hotel2/memcached-profile,208.9,7.93,79.25,0.0,0,2013,364.8625,5.0228,357.6061,0.233,A
51,hotel2/memcached-rate,177.65,7.71,79.25,0.0,0,1795,352.2537,4.2714,357.6061,0.202,A
51,hotel2/memcached-reserve,230.05,7.69,79.25,0.0,0,1239,352.2537,5.5313,357.6061,0.284,A
51,hotel2/mongodb-geo,10.34,68.79,400.43,0.0234,2,150,352.2537,1.5479,357.6061,0.0094,A
51,hotel2/mongodb-profile,10.4,70.08,400.43,0.0234,2,168,352.2537,1.5479,357.6061,0.0094,A
51,hotel2/mongodb-rate,11.07,69.73,400.43,0.0742,12,184,352.2537,1.5479,357.6061,0.0126,A
51,hotel2/mongodb-recommendation,10.19,68.89,400.43,0.0234,2,162,352.2537,1.5479,357.6061,0.0126,A
51,hotel2/mongodb-reservation,13.17,262.52,400.43,0.7617,94,236,352.2537,1.5479,357.6061,0.0126,A
51,hotel2/mongodb-user,11.04,68.71,400.43,0.0469,8,166,352.2537,1.5479,357.6061,0.0126,A
51,hotel2/profile,2520.86,50.51,1119.06,0.0,0,3084,558.9846,60.6116,357.6061,2.93,A
51,hotel2/rate,1421.08,45.15,1119.14,0.0,0,2921,529.4403,34.1685,357.6061,1.73,A
51,hotel2/recommendation,592.78,21.56,1119.06,0.0,0,3134,568.0473,14.2528,357.6061,0.693,A
51,hotel2/reservation,2819.93,85.11,1119.06,0.0,0,249697,45258.3582,67.8024,357.6061,3.23,A
51,hotel2/search,2358.81,31.77,1119.06,0.0,0,4356,789.5386,56.7152,357.6061,2.8,A
51,hotel2/user,34.49,17.19,1119.06,0.0,0,1353,352.2537,1.5479,357.6061,0.0473,A
52,hotel/consul,23.91,31.1,201.48,0.0,0,2522,410.9736,1.5479,336.6498,0.0365,A
52,hotel/frontend,8936.74,171.27,1119.14,0.0,0,1001399,163183.4053,228.8376,336.6498,11.8,A
52,hotel/geo,891.93,22.26,1119.06,0.0,0,1714,352.2537,22.8391,336.6498,1.15,A
52,hotel/jaeger,0.35,14.78,81.01,0.0,0,0,352.2537,1.5479,1.6454,0.0,A
52,hotel/memcached-profile,166.51,8.01,79.25,0.0,0,1613,352.2537,4.2637,336.6498,0.201,A
52,hotel/memcached-rate,155.97,7.73,79.25,0.0,0,1222,352.2537,3.9938,336.6498,0.193,A
52,hotel/memcached-reserve,190.43,8.25,79.25,0.0,0,940,352.2537,4.8762,336.6498,0.237,A
52,hotel/mongodb-geo,10.4,68.8,400.43,0.0195,2,274,352.2537,1.5479,336.6498,0.0146,A
52,hotel/mongodb-profile,10.62,69.66,400.43,0.0195,2,160,352.2537,1.5479,336.6498,0.0073,A
52,hotel/mongodb-rate,10.18,71.02,400.43,0.0,0,177,352.2537,1.5479,336.6498,0.0146,A
52,hotel/mongodb-recommendation,10.3,69.29,400.43,0.0312,4,132,352.2537,1.5479,336.6498,0.0109,A
52,hotel/mongodb-reservation,11.89,267.07,400.43,0.0508,12,171,352.2537,1.5479,336.6498,0.0073,A
52,hotel/mongodb-user,10.6,69.17,400.43,0.0195,2,191,352.2537,1.5479,336.6498,0.0073,A
52,hotel/profile,3039.77,53.06,1119.06,0.0,0,241907,39420.0594,77.8375,336.6498,3.93,A
52,hotel/rate,1606.33,43.02,1119.14,0.0,0,1983,352.2537,41.1323,336.6498,2.05,A
52,hotel/recommendation,554.23,20.59,1119.06,0.0,0,1506,352.2537,14.1918,336.6498,0.682,A
52,hotel/reservation,3975.15,125.25,1119.06,0.0,0,959978,156433.6284,101.7892,336.6498,5.0,A
52,hotel/search,2711.58,40.05,1119.06,0.0,0,36666,5974.9238,69.4338,336.6498,3.58,A
52,hotel/user,51.79,18.25,1119.06,0.0,0,882,352.2537,1.5479,336.6498,0.073,A
52,hotel2/consul,23.13,31.02,201.48,0.0,0,1923,352.2537,1.5479,336.6498,0.0292,A
52,hotel2/frontend,8318.36,91.78,1119.14,0.0,0,116592,18999.2996,213.0032,336.6498,11.1,A
52,hotel2/geo,889.63,22.55,1119.06,0.0,0,2903,473.0596,22.7802,336.6498,1.17,A
52,hotel2/jaeger,0.34,14.73,81.01,0.0,0,0,352.2537,1.5479,1.6454,0.0,A
52,hotel2/memcached-profile,205.33,8.71,79.25,0.0,0,1666,352.2537,5.2578,336.6498,0.281,A
52,hotel2/memcached-rate,173.33,7.7,79.25,0.0,0,1810,352.2537,4.4384,336.6498,0.226,A
52,hotel2/memcached-reserve,234.8,7.42,79.25,0.0,0,1915,352.2537,6.0124,336.6498,0.299,A
52,hotel2/mongodb-geo,9.94,68.6,400.43,0.0,0,165,352.2537,1.5479,1.6454,0.0146,A
52,hotel2/mongodb-profile,9.88,70.07,400.43,0.0,0,172,352.2537,1.5479,1.6454,0.0146,A
52,hotel2/mongodb-rate,10.03,69.73,400.43,0.0,0,205,352.2537,1.5479,336.6498,0.0109,A
52,hotel2/mongodb-recommendation,9.89,68.89,400.43,0.0,0,164,352.2537,1.5479,1.6454,0.0109,A
52,hotel2/mongodb-reservation,11.02,262.52,400.43,0.0156,8,313,352.2537,1.5479,336.6498,0.0146,A
52,hotel2/mongodb-user,11.45,68.71,400.43,0.0234,2,261,352.2537,1.5479,336.6498,0.0109,A
52,hotel2/profile,2438.45,46.87,1119.06,0.0,0,3783,616.4604,62.4399,336.6498,3.31,A
52,hotel2/rate,1432.12,38.55,1119.14,0.0,0,2880,469.3116,36.6714,336.6498,1.85,A
52,hotel2/recommendation,598.4,20.68,1119.06,0.0,0,3103,505.6507,15.3229,336.6498,0.814,A
52,hotel2/reservation,2665.74,83.98,1119.06,0.0,0,255000,41553.6348,68.26,336.6498,3.54,A
52,hotel2/search,2330.57,36.86,1119.06,0.0,0,3724,606.846,59.6775,336.6498,3.03,A
52,hotel2/user,34.93,17.2,1119.06,0.0,0,1560,352.2537,1.5479,336.6498,0.0438,A
53,hotel/consul,23.95,31.12,201.48,0.0,0,2152,368.8084,1.5479,338.6636,0.033,A
53,hotel/frontend,9243.03,169.07,1119.14,0.0,0,973713,166874.3311,240.1204,338.6636,11.8,A
53,hotel/geo,736.19,23.28,1119.06,0.0,0,1492,352.2537,19.1251,338.6636,1.07,A
53,hotel/jaeger,0.28,14.78,81.01,0.0,0,0,352.2537,1.5479,1.6454,0.0,A
53,hotel/memcached-profile,151.59,7.79,79.25,0.0,0,1378,352.2537,3.9381,338.6636,0.21,A
53,hotel/memcached-rate,130.83,7.7,79.25,0.0,0,1902,352.2537,3.3988,338.6636,0.206,A
53,hotel/memcached-reserve,166.65,7.48,79.25,0.0,0,877,352.2537,4.3293,338.6636,0.247,A
53,hotel/mongodb-geo,9.42,68.98,400.43,0.0,0,198,352.2537,1.5479,1.6454,0.0165,A
53,hotel/mongodb-profile,9.81,69.66,400.43,0.0,0,201,352.2537,1.5479,1.6454,0.0124,A
53,hotel/mongodb-rate,11.1,71.02,400.43,0.0234,2,174,352.2537,1.5479,338.6636,0.0124,A
53,hotel/mongodb-recommendation,9.7,69.29,400.43,0.0,0,160,352.2537,1.5479,1.6454,0.0082,A
53,hotel/mongodb-reservation,10.19,267.07,400.43,0.0078,4,326,352.2537,1.5479,338.6636,0.0124,A
53,hotel/mongodb-user,9.66,69.11,400.43,0.0,0,256,352.2537,1.5479,1.6454,0.0124,A
53,hotel/profile,2622.4,46.58,1119.06,0.0,0,115426,19781.6364,68.1261,338.6636,3.79,A
53,hotel/rate,1421.18,43.64,1119.14,0.0,0,2225,381.3191,36.9202,338.6636,1.96,A
53,hotel/recommendation,465.48,21.27,1119.06,0.0,0,1569,352.2537,12.0925,338.6636,0.714,A
53,hotel/reservation,3408.54,120.3,1119.06,0.0,0,736157,126162.1309,88.5489,338.6636,4.95,A
53,hotel/search,2400.35,43.36,1119.06,0.0,0,3543,607.1971,62.3576,338.6636,3.26,A
53,hotel/user,42.17,18.45,1119.06,0.0,0,859,352.2537,1.5479,338.6636,0.066,A
53,hotel2/consul,23.11,31.02,201.48,0.0,0,1870,352.2537,1.5479,338.6636,0.033,A
53,hotel2/frontend,8202.12,88.72,1119.14,0.0,0,118943,20384.3777,213.0791,338.6636,10.7,A
53,hotel2/geo,890.39,23.91,1119.06,0.0,0,2904,497.6857,23.131,338.6636,1.17,A
53,hotel2/jaeger,0.35,14.73,81.01,0.0,0,0,352.2537,1.5479,1.6454,0.0,A
53,hotel2/memcached-profile,195.59,7.93,79.25,0.0,0,2570,440.445,5.0811,338.6636,0.272,A
53,hotel2/memcached-rate,155.23,7.7,79.25,0.0,0,2573,440.9591,4.0326,338.6636,0.227,A
53,hotel2/memcached-reserve,221.47,7.42,79.25,0.0,0,1236,352.2537,5.7535,338.6636,0.305,A
53,hotel2/mongodb-geo,10.32,68.6,400.43,0.0234,2,147,352.2537,1.5479,338.6636,0.0165,A
53,hotel2/mongodb-profile,11.15,70.07,400.43,0.0234,2,192,352.2537,1.5479,338.6636,0.0165,A
53,hotel2/mongodb-rate,10.39,69.73,400.43,0.0352,4,203,352.2537,1.5479,338.6636,0.0082,A
53,hotel2/mongodb-recommendation,10.36,68.89,400.43,0.0234,2,193,352.2537,1.5479,338.6636,0.0082,A
53,hotel2/mongodb-reservation,11.72,262.52,400.43,0.0469,10,169,352.2537,1.5479,338.6636,0.0124,A
53,hotel2/mongodb-user,9.08,68.71,400.43,0.0,0,159,352.2537,1.5479,1.6454,0.0082,A
53,hotel2/profile,2461.33,48.51,1119.06,0.0,0,14682,2516.1921,63.9418,338.6636,3.15,A
53,hotel2/rate,1334.67,39.81,1119.14,0.0,0,3186,546.0147,34.6728,338.6636,1.86,A
53,hotel2/recommendation,578.63,21.34,1119.06,0.0,0,2478,424.6781,15.032,338.6636,0.784,A
53,hotel2/reservation,2673.59,84.37,1119.06,0.0,0,331555,56821.6906,69.456,338.6636,3.54,A
53,hotel2/search,2281.43,35.71,1119.06,0.0,0,3661,627.4199,59.2682,338.6636,2.99,A
53,hotel2/user,49.15,17.27,1119.06,0.0,0,1110,352.2537,1.5479,338.6636,0.0454,A
54,hotel/consul,25.22,31.13,201.48,0.0,0,2459,423.7026,1.5479,371.9491,0.0329,A
54,hotel/frontend,9585.37,170.52,1119.14,0.0,0,1031171,177677.8559,271.7535,371.9491,11.0,A
54,hotel/geo,864.82,22.91,1119.06,0.0,0,2026,352.2537,24.5184,371.9491,0.924,A
54,hotel/jaeger,0.34,14.78,81.01,0.0,0,0,352.2537,1.5479,1.6454,0.0,A
54,hotel/memcached-profile,166.58,8.52,79.25,0.0,0,1874,352.2537,4.7227,371.9491,0.201,A
54,hotel/memcached-rate,150.9,7.71,79.25,0.0,0,1251,352.2537,4.2781,371.9491,0.168,A
54,hotel/memcached-reserve,189.65,7.75,79.25,0.0,0,1275,352.2537,5.3767,371.9491,0.217,A
54,hotel/mongodb-geo,10.67,68.8,400.43,0.0195,2,203,352.2537,1.5479,371.9491,0.0066,A
54,hotel/mongodb-profile,10.19,69.66,400.43,0.0195,2,155,352.2537,1.5479,371.9491,0.0132,A
54,hotel/mongodb-rate,9.59,71.02,400.43,0.0,0,149,352.2537,1.5479,1.6454,0.0099,A
54,hotel/mongodb-recommendation,10.13,69.29,400.43,0.0195,2,146,352.2537,1.5479,371.9491,0.0099,A
54,hotel/mongodb-reservation,11.9,267.07,400.43,0.0469,14,193,352.2537,1.5479,371.9491,0.0099,A
54,hotel/mongodb-user,9.62,69.17,400.43,0.0195,2,167,352.2537,1.5479,1.6454,0.0099,A
54,hotel/profile,3014.6,60.12,1119.06,0.0,0,153167,26391.7276,85.4665,371.9491,3.43,A
54,hotel/rate,1566.1,41.73,1119.14,0.0,0,7754,1336.0675,44.4003,371.9491,1.96,A
54,hotel/recommendation,528.83,22.29,1119.06,0.0,0,1744,352.2537,14.9928,371.9491,0.599,A
54,hotel/reservation,3848.22,127.29,1119.06,0.0,0,696830,120068.6019,109.1004,371.9491,4.39,A
54,hotel/search,2761.79,47.91,1119.06,0.0,0,7570,1304.3631,78.2991,371.9491,3.2,A
54,hotel/user,47.73,16.95,1119.06,0.0,0,963,352.2537,1.5479,371.9491,0.046,A
54,hotel2/consul,23.71,31.02,201.48,0.0,0,2406,414.5703,1.5479,371.9491,0.0296,A
54,hotel2/frontend,8434.9,88.21,1119.14,0.0,0,92703,15973.3645,239.1367,371.9491,9.84,A
54,hotel2/geo,905.05,21.48,1119.06,0.0,0,2791,480.9085,25.6589,371.9491,1.06,A
54,hotel2/jaeger,0.42,14.73,81.01,0.0,0,0,352.2537,1.5479,1.6454,0.0,A
54,hotel2/memcached-profile,197.71,7.69,79.25,0.0,0,1579,352.2537,5.6052,371.9491,0.234,A
54,hotel2/memcached-rate,174.28,7.7,79.25,0.0,0,1712,352.2537,4.941,371.9491,0.181,A
54,hotel2/memcached-reserve,233.3,7.44,79.25,0.0,0,1640,352.2537,6.6143,371.9491,0.263,A
54,hotel2/mongodb-geo,9.49,68.6,400.43,0.0,0,152,352.2537,1.5479,1.6454,0.0132,A
54,hotel2/mongodb-profile,9.79,70.07,400.43,0.0,0,214,352.2537,1.5479,1.6454,0.0164,A
54,hotel2/mongodb-rate,9.33,69.73,400.43,0.0,0,178,352.2537,1.5479,1.6454,0.0099,A
54,hotel2/mongodb-recommendation,9.09,68.89,400.43,0.0,0,168,352.2537,1.5479,1.6454,0.0132,A
54,hotel2/mongodb-reservation,11.49,262.53,400.43,0.0312,16,275,352.2537,1.5479,371.9491,0.0164,A
54,hotel2/mongodb-user,10.16,68.71,400.43,0.0234,2,205,352.2537,1.5479,371.9491,0.0099,A
54,hotel2/profile,2402.36,43.86,1119.06,0.0,0,3603,620.8217,68.109,371.9491,3.05,A
54,hotel2/rate,1484.21,38.89,1119.14,0.0,0,2632,453.5117,42.0786,371.9491,1.62,A
54,hotel2/recommendation,593.87,21.45,1119.06,0.0,0,3113,536.3913,16.8367,371.9491,0.704,A
54,hotel2/reservation,2718.5,85.99,1119.06,0.0,0,278675,48017.6193,77.0718,371.9491,3.33,A
54,hotel2/search,2298.57,37.22,1119.06,0.0,0,3814,657.1784,65.1664,371.9491,2.7,A
54,hotel2/user,39.24,17.28,1119.06,0.0,0,1313,352.2537,1.5479,371.9491,0.0625,A
55,hotel/consul,24.7,31.15,201.48,0.0,0,1677,352.2537,1.5479,387.0169,0.034,A
55,hotel/frontend,9424.83,168.93,1119.14,0.0,0,867452,149097.8591,229.327,387.0169,12.1,A
55,hotel/geo,882.34,25.53,1119.06,0.0,0,1580,352.2537,21.4693,387.0169,1.12,A
55,hotel/jaeger,0.3,14.78,81.01,0.0,0,0,352.2537,1.5479,1.6454,0.0,A
55,hotel/memcached-profile,168.91,8.12,79.25,0.0,0,1198,352.2537,4.11,387.0169,0.218,A
55,hotel/memcached-rate,150.02,8.0,79.25,0.0,0,1817,352.2537,3.6503,387.0169,0.194,A
55,hotel/memcached-reserve,183.82,7.45,79.25,0.0,0,969,352.2537,4.4727,387.0169,0.242,A
55,hotel/mongodb-geo,8.77,68.8,400.43,0.0,0,172,352.2537,1.5479,1.6454,0.0136,A
55,hotel/mongodb-profile,9.62,69.66,400.43,0.0,0,266,352.2537,1.5479,1.6454,0.0102,A
55,hotel/mongodb-rate,9.82,71.02,400.43,0.0234,2,140,352.2537,1.5479,1.6454,0.0136,A
55,hotel/mongodb-recommendation,8.98,69.47,400.43,0.0,0,112,352.2537,1.5479,1.6454,0.0136,A
55,hotel/mongodb-reservation,10.86,267.07,400.43,0.0312,16,252,352.2537,1.5479,387.0169,0.0136,A
55,hotel/mongodb-user,8.53,68.92,400.43,0.0,0,165,352.2537,1.5479,1.6454,0.0102,A
55,hotel/profile,3173.72,54.69,1119.06,0.0,0,203333,34948.9251,77.2236,387.0169,4.0,A
55,hotel/rate,1564.41,47.43,1119.14,0.0,0,2416,415.2627,38.0656,387.0169,2.05,A
55,hotel/recommendation,544.09,20.9,1119.06,0.0,0,1722,352.2537,13.2389,387.0169,0.684,A
55,hotel/reservation,3708.73,115.41,1119.06,0.0,0,677069,116374.7831,90.2416,387.0169,4.83,A
55,hotel/search,2913.97,47.29,1119.06,0.0,0,15039,2584.9069,70.9034,387.0169,3.68,A
55,hotel/user,52.98,16.96,1119.06,0.0,0,1162,352.2537,1.5479,387.0169,0.0681,A
55,hotel2/consul,23.29,31.02,201.48,0.0,0,2129,365.933,1.5479,387.0169,0.0272,A
55,hotel2/frontend,7949.99,87.64,1119.14,0.0,0,82226,14133.0247,193.4409,387.0169,10.5,A
55,hotel2/geo,897.87,24.49,1119.06,0.0,0,2398,412.1688,21.8472,387.0169,1.18,A
55,hotel2/jaeger,0.36,14.73,81.01,0.0,0,0,352.2537,1.5479,1.6454,0.0,A
55,hotel2/memcached-profile,199.71,7.68,79.25,0.0,0,2160,371.2613,4.8594,387.0169,0.259,A
55,hotel2/memcached-rate,157.97,7.71,79.25,0.0,0,2241,385.1836,3.8438,387.0169,0.221,A
55,hotel2/memcached-reserve,216.13,7.44,79.25,0.0,0,1169,352.2537,5.2589,387.0169,0.289,A
55,hotel2/mongodb-geo,9.73,68.6,400.43,0.0234,2,165,352.2537,1.5479,1.6454,0.0102,A
55,hotel2/mongodb-profile,10.17,70.08,400.43,0.0273,2,91,352.2537,1.5479,387.0169,0.0102,A
55,hotel2/mongodb-rate,11.1,69.73,400.43,0.0273,2,107,352.2537,1.5479,387.0169,0.0102,A
55,hotel2/mongodb-recommendation,9.57,68.89,400.43,0.0273,2,133,352.2537,1.5479,1.6454,0.0102,A
55,hotel2/mongodb-reservation,11.07,262.53,400.43,0.043,8,185,352.2537,1.5479,387.0169,0.0136,A
55,hotel2/mongodb-user,8.34,68.71,400.43,0.0,0,214,352.2537,1.5479,1.6454,0.0102,A
55,hotel2/profile,2404.77,43.89,1119.06,0.0,0,4088,702.6464,58.5134,387.0169,3.07,A
55,hotel2/rate,1399.62,38.66,1119.14,0.0,0,2603,447.4043,34.0559,387.0169,1.82,A
55,hotel2/recommendation,598.77,20.48,1119.06,0.0,0,2368,407.0124,14.5694,387.0169,0.749,A
55,hotel2/reservation,2763.79,83.71,1119.06,0.0,0,319021,54833.4065,67.2491,387.0169,3.61,A
55,hotel2/search,2282.64,31.03,1119.06,0.0,0,3829,658.1294,55.5417,387.0169,2.92,A
55,hotel2/user,37.97,17.3,1119.06,0.0,0,1287,352.2537,1.5479,387.0169,0.0511,A
56,hotel/consul,23.6,31.17,201.48,0.0,0,2599,420.3966,1.5479,345.0561,0.0323,A
56,hotel/frontend,9140.42,165.46,1119.14,0.0,0,851212,137686.2752,208.4859,345.0561,13.6,A
56,hotel/geo,866.05,24.57,1119.06,0.0,0,1672,352.2537,19.7539,345.0561,1.25,A
56,hotel/jaeger,0.41,14.78,81.01,0.0,0,0,352.2537,1.5479,1.6454,0.0,A
56,hotel/memcached-profile,166.4,8.07,79.25,0.0,0,1596,352.2537,3.7955,345.0561,0.234,A
56,hotel/memcached-rate,145.74,7.75,79.25,0.0,0,1531,352.2537,3.3242,345.0561,0.214,A
56,hotel/memcached-reserve,166.64,7.44,79.25,0.0,0,1201,352.2537,3.8009,345.0561,0.25,A
56,hotel/mongodb-geo,9.98,68.8,400.43,0.0195,2,167,352.2537,1.5479,1.6454,0.0121,A
56,hotel/mongodb-profile,10.36,69.66,400.43,0.0195,2,95,352.2537,1.5479,345.0561,0.0121,A
56,hotel/mongodb-rate,9.7,71.02,400.43,0.0,0,161,352.2537,1.5479,1.6454,0.0121,A
56,hotel/mongodb-recommendation,11.11,69.29,400.43,0.0195,2,218,352.2537,1.5479,345.0561,0.0081,A
56,hotel/mongodb-reservation,11.83,267.07,400.43,0.0352,8,218,352.2537,1.5479,345.0561,0.0121,A
56,hotel/mongodb-user,10.21,68.92,400.43,0.0195,2,257,352.2537,1.5479,345.0561,0.0121,A
56,hotel/profile,2855.84,52.55,1119.06,0.0,0,184131,29783.7807,65.1395,345.0561,4.4,A
56,hotel/rate,1513.72,43.1,1119.14,0.0,0,29916,4839.0091,34.5268,345.0561,2.25,A
56,hotel/recommendation,527.7,21.1,1119.06,0.0,0,1442,352.2537,12.0364,345.0561,0.75,A
56,hotel/reservation,3626.02,120.45,1119.06,0.0,0,797765,129041.0513,82.7067,345.0561,5.31,A
56,hotel/search,2762.62,43.7,1119.06,0.0,0,7324,1184.6805,63.0132,345.0561,4.06,A
56,hotel/user,43.97,16.96,1119.06,0.0,0,767,352.2537,1.5479,345.0561,0.0685,A
56,hotel2/consul,24.52,31.02,201.48,0.0,0,2003,352.2537,1.5479,345.0561,0.0363,A
56,hotel2/frontend,8590.92,85.8,1119.14,0.0,0,73494,11887.8906,195.9522,345.0561,12.3,A
56,hotel2/geo,940.49,23.84,1119.06,0.0,0,2776,449.0269,21.4518,345.0561,1.32,A
56,hotel2/jaeger,0.37,14.73,81.01,0.0,0,0,352.2537,1.5479,1.6454,0.0,A
56,hotel2/memcached-profile,214.54,7.68,79.25,0.0,0,1663,352.2537,4.8935,345.0561,0.298,A
56,hotel2/memcached-rate,168.89,7.96,79.25,0.0,0,1792,352.2537,3.8522,345.0561,0.242,A
56,hotel2/memcached-reserve,240.0,7.45,79.25,0.0,0,1717,352.2537,5.4742,345.0561,0.323,A
56,hotel2/mongodb-geo,9.42,68.6,400.43,0.0,0,141,352.2537,1.5479,1.6454,0.0121,A
56,hotel2/mongodb-profile,9.5,70.08,400.43,0.0,0,141,352.2537,1.5479,1.6454,0.0121,A
56,hotel2/mongodb-rate,10.81,69.73,400.43,0.0,0,266,352.2537,1.5479,345.0561,0.0161,A
56,hotel2/mongodb-recommendation,10.89,68.89,400.43,0.0,0,121,352.2537,1.5479,345.0561,0.0121,A
56,hotel2/mongodb-reservation,10.34,262.54,400.43,0.0156,8,128,352.2537,1.5479,345.0561,0.0161,A
56,hotel2/mongodb-user,10.45,68.71,400.43,0.0508,4,412,352.2537,1.5479,345.0561,0.0081,A
56,hotel2/profile,2513.24,45.29,1119.06,0.0,0,4958,801.9724,57.3251,345.0561,3.59,A
56,hotel2/rate,1425.66,41.0,1119.14,0.0,0,3486,563.8717,32.5182,345.0561,2.02,A
56,hotel2/recommendation,615.53,21.34,1119.06,0.0,0,3525,570.1801,14.0398,345.0561,0.879,A
56,hotel2/reservation,2797.33,83.58,1119.06,0.0,0,342405,55385.1086,63.8049,345.0561,3.89,A
56,hotel2/search,2336.99,32.36,1119.06,0.0,0,3445,557.2398,53.3049,345.0561,3.35,A
56,hotel2/user,48.17,16.55,1119.06,0.0,0,1374,352.2537,1.5479,345.0561,0.0564,A
57,hotel/consul,25.64,31.2,201.48,0.0,0,2202,384.1233,1.5479,342.0347,0.0365,A
57,hotel/frontend,9508.34,171.56,1119.14,0.0,0,1136915,198326.784,233.1812,342.0347,12.0,A
57,hotel/geo,814.67,23.85,1119.06,0.0,0,1448,352.2537,19.9789,342.0347,1.15,A
57,hotel/jaeger,0.48,14.78,81.01,0.0,0,0,352.2537,1.5479,1.6454,0.0,A
57,hotel/memcached-profile,156.76,8.29,79.25,0.0,0,1545,352.2537,3.8444,342.0347,0.23,A
57,hotel/memcached-rate,153.1,7.99,79.25,0.0,0,1464,352.2537,3.7546,342.0347,0.197,A
57,hotel/memcached-reserve,177.86,7.78,79.25,0.0,0,851,352.2537,4.3618,342.0347,0.226,A
57,hotel/mongodb-geo,9.32,68.98,400.43,0.0,0,140,352.2537,1.5479,1.6454,0.0109,A
57,hotel/mongodb-profile,10.01,69.66,400.43,0.0,0,221,352.2537,1.5479,342.0347,0.0109,A
57,hotel/mongodb-rate,10.83,71.02,400.43,0.0234,2,173,352.2537,1.5479,342.0347,0.0073,A
57,hotel/mongodb-recommendation,9.29,69.29,400.43,0.0,0,161,352.2537,1.5479,1.6454,0.0109,A
57,hotel/mongodb-reservation,11.13,267.08,400.43,0.0273,14,230,352.2537,1.5479,342.0347,0.0109,A
57,hotel/mongodb-user,9.35,68.92,400.43,0.0,0,139,352.2537,1.5479,1.6454,0.0146,A
57,hotel/profile,2798.36,52.53,1119.06,0.0,0,128604,22434.0586,68.6266,342.0347,3.74,A
57,hotel/rate,1470.34,44.29,1119.14,0.0,0,2204,384.4722,36.0584,342.0347,1.96,A
57,hotel/recommendation,523.09,23.09,1119.06,0.0,0,1922,352.2537,12.8282,342.0347,0.689,A
57,hotel/reservation,3816.1,126.46,1119.06,0.0,0,712954,124369.7849,93.5855,342.0347,5.04,A
57,hotel/search,2591.64,41.3,1119.06,0.0,0,29668,5175.3729,63.557,342.0347,3.62,A
57,hotel/user,53.63,17.09,1119.06,0.0,0,1090,352.2537,1.5479,342.0347,0.0693,A
57,hotel2/consul,23.99,31.02,201.48,0.0,0,2075,361.9691,1.5479,342.0347,0.0292,A
57,hotel2/frontend,8549.45,90.71,1119.14,0.0,0,74024,12912.9635,209.6655,342.0347,11.5,A
57,hotel2/geo,920.88,24.04,1119.06,0.0,0,2946,513.9089,22.5835,342.0347,1.24,A
57,hotel2/jaeger,0.34,14.73,81.01,0.0,0,0,352.2537,1.5479,1.6454,0.0,A
57,hotel2/memcached-profile,209.65,7.69,79.25,0.0,0,2240,390.7522,5.1414,342.0347,0.285,A
57,hotel2/memcached-rate,174.39,7.69,79.25,0.0,0,1947,352.2537,4.2767,342.0347,0.233,A
57,hotel2/memcached-reserve,227.12,7.91,79.25,0.0,0,1246,352.2537,5.5699,342.0347,0.321,A
57,hotel2/mongodb-geo,10.52,68.6,400.43,0.0273,2,197,352.2537,1.5479,342.0347,0.0109,A
57,hotel2/mongodb-profile,10.33,70.08,400.43,0.0273,2,120,352.2537,1.5479,342.0347,0.0109,A
57,hotel2/mongodb-rate,10.61,69.73,400.43,0.0273,2,157,352.2537,1.5479,342.0347,0.0146,A
57,hotel2/mongodb-recommendation,10.44,68.89,400.43,0.043,4,195,352.2537,1.5479,342.0347,0.0109,A
57,hotel2/mongodb-reservation,10.88,262.53,400.43,0.0352,4,187,352.2537,1.5479,342.0347,0.0146,A
57,hotel2/mongodb-user,9.64,68.71,400.43,0.0,0,120,352.2537,1.5479,1.6454,0.0109,A
57,hotel2/profile,2578.05,47.09,1119.06,0.0,0,4166,726.7292,63.2237,342.0347,3.36,A
57,hotel2/rate,1496.54,38.73,1119.14,0.0,0,3135,546.8786,36.7009,342.0347,1.93,A
57,hotel2/recommendation,591.78,20.88,1119.06,0.0,0,2245,391.6244,14.5127,342.0347,0.832,A
57,hotel2/reservation,2674.49,81.69,1119.06,0.0,0,273052,47631.991,65.5888,342.0347,3.75,A
57,hotel2/search,2349.27,34.5,1119.06,0.0,0,4083,712.2505,57.6132,342.0347,3.07,A
57,hotel2/user,39.39,16.55,1119.06,0.0,0,1370,352.2537,1.5479,342.0347,0.0657,A
58,hotel/consul,25.36,31.22,201.48,0.0,0,2275,397.024,1.5479,329.694,0.0328,A
58,hotel/frontend,9820.82,171.74,1119.14,0.0,0,985429,171973.1905,245.2612,329.694,12.5,A
58,hotel/geo,812.46,26.87,1119.06,0.0,0,1640,352.2537,20.29,329.694,0.98,A
58,hotel/jaeger,0.4,14.78,81.01,0.0,0,0,352.2537,1.5479,1.6454,0.0,A
58,hotel/memcached-profile,156.77,8.85,79.25,0.0,0,1386,352.2537,3.9151,329.694,0.193,A
58,hotel/memcached-rate,145.59,8.0,79.25,0.0,0,1432,352.2537,3.6359,329.694,0.193,A
58,hotel/memcached-reserve,195.15,7.78,79.25,0.0,0,939,352.2537,4.8736,329.694,0.23,A
58,hotel/mongodb-geo,10.2,68.8,400.43,0.0195,2,121,352.2537,1.5479,329.694,0.0109,A
58,hotel/mongodb-profile,11.96,69.66,400.43,0.0195,2,268,352.2537,1.5479,329.694,0.0109,A
58,hotel/mongodb-rate,9.64,71.02,400.43,0.0,0,228,352.2537,1.5479,1.6454,0.0109,A
58,hotel/mongodb-recommendation,10.31,69.29,400.43,0.0195,2,178,352.2537,1.5479,329.694,0.0109,A
58,hotel/mongodb-reservation,11.38,267.08,400.43,0.043,12,150,352.2537,1.5479,329.694,0.0146,A
58,hotel/mongodb-user,10.24,68.92,400.43,0.0195,2,170,352.2537,1.5479,329.694,0.0109,A
58,hotel/profile,3013.32,46.36,1119.06,0.0,0,140271,24479.5428,75.2534,329.694,3.51,A
58,hotel/rate,1538.35,42.41,1119.14,0.0,0,2043,356.5363,38.4181,329.694,1.74,A
58,hotel/recommendation,508.17,21.16,1119.06,0.0,0,1424,352.2537,12.6908,329.694,0.627,A
58,hotel/reservation,4001.09,129.5,1119.06,0.0,0,855301,149263.7641,99.9216,329.694,5.07,A
58,hotel/search,2536.36,44.95,1119.06,0.0,0,37525,6548.7153,63.342,329.694,3.04,A
58,hotel/user,45.09,17.09,1119.06,0.0,0,1121,352.2537,1.5479,329.694,0.0619,A
58,hotel2/consul,23.0,31.02,201.48,0.0,0,2259,394.2318,1.5479,329.694,0.0291,A
58,hotel2/frontend,8491.69,87.75,1119.14,0.0,0,78729,13739.4752,212.068,329.694,11.2,A
58,hotel2/geo,899.64,23.57,1119.06,0.0,0,3146,549.0275,22.4672,329.694,1.2,A
58,hotel2/jaeger,0.34,14.73,81.01,0.0,0,0,352.2537,1.5479,1.6454,0.0,A
58,hotel2/memcached-profile,207.9,7.68,79.25,0.0,0,1843,352.2537,5.192,329.694,0.277,A
58,hotel2/memcached-rate,178.0,7.7,79.25,0.0,0,1482,352.2537,4.4453,329.694,0.222,A
58,hotel2/memcached-reserve,225.54,7.45,79.25,0.0,0,1609,352.2537,5.6325,329.694,0.302,A
58,hotel2/mongodb-geo,9.73,68.6,400.43,0.0,0,219,352.2537,1.5479,1.6454,0.0146,A
58,hotel2/mongodb-profile,10.25,70.08,400.43,0.0,0,447,352.2537,1.5479,329.694,0.0109,A
58,hotel2/mongodb-rate,10.19,69.73,400.43,0.0,0,300,352.2537,1.5479,329.694,0.0109,A
58,hotel2/mongodb-recommendation,10.49,68.89,400.43,0.0,0,224,352.2537,1.5479,329.694,0.0109,A
58,hotel2/mongodb-reservation,10.75,262.53,400.43,0.0039,2,570,352.2537,1.5479,329.694,0.0146,A
58,hotel2/mongodb-user,11.44,68.71,400.43,0.0273,2,225,352.2537,1.5479,329.694,0.0109,A
58,hotel2/profile,2547.97,48.95,1119.06,0.0,0,4437,774.3278,63.632,329.694,3.3,A
58,hotel2/rate,1516.26,38.37,1119.14,0.0,0,2956,515.8695,37.8665,329.694,1.98,A
58,hotel2/recommendation,598.23,21.32,1119.06,0.0,0,2697,470.6698,14.94,329.694,0.78,A
58,hotel2/reservation,2788.57,80.4,1119.06,0.0,0,279959,48857.3428,69.6406,329.694,3.5,A
58,hotel2/search,2389.6,33.32,1119.06,0.0,0,3631,633.6678,59.6769,329.694,3.16,A
58,hotel2/user,35.71,16.55,1119.06,0.0,0,1533,352.2537,1.5479,329.694,0.051,A
59,hotel/consul,24.35,31.25,201.48,0.0,0,1734,352.2537,1.5479,346.4951,0.0343,A
59,hotel/frontend,9187.16,172.51,1119.14,0.0,0,964009,174400.6626,231.3578,346.4951,12.8,A
59,hotel/geo,880.94,24.05,1119.06,0.0,0,1810,352.2537,22.1845,346.4951,1.15,A
59,hotel/jaeger,0.46,14.78,81.01,0.0,0,0,352.2537,1.5479,1.6454,0.0038,A
59,hotel/memcached-profile,156.91,8.31,79.25,0.0,0,1246,352.2537,3.9514,346.4951,0.213,A
59,hotel/memcached-rate,150.8,7.75,79.25,0.0,0,1009,352.2537,3.7976,346.4951,0.206,A
59,hotel/memcached-reserve,191.02,7.52,79.25,0.0,0,1506,352.2537,4.8104,346.4951,0.263,A
59,hotel/mongodb-geo,9.6,68.8,400.43,0.0,0,158,352.2537,1.5479,1.6454,0.0114,A
59,hotel/mongodb-profile,9.68,69.66,400.43,0.0,0,362,352.2537,1.5479,1.6454,0.0152,A
59,hotel/mongodb-rate,10.52,71.02,400.43,0.0234,2,173,352.2537,1.5479,346.4951,0.0076,A
59,hotel/mongodb-recommendation,10.13,69.29,400.43,0.0,0,163,352.2537,1.5479,346.4951,0.0114,A
59,hotel/mongodb-reservation,10.32,267.09,400.43,0.0195,10,176,352.2537,1.5479,346.4951,0.0114,A
59,hotel/mongodb-user,9.35,69.17,400.43,0.0,0,191,352.2537,1.5479,1.6454,0.0152,A
59,hotel/profile,3000.75,50.84,1119.06,0.0,0,167152,30239.7794,75.5671,346.4951,4.04,A
59,hotel/rate,1610.46,45.55,1119.14,0.0,0,1992,360.3764,40.5558,346.4951,2.2,A
59,hotel/recommendation,532.85,21.54,1119.06,0.0,0,1629,352.2537,13.4186,346.4951,0.667,A
59,hotel/reservation,4102.89,128.34,1119.06,0.0,0,732733,132560.0909,103.322,346.4951,5.08,A
59,hotel/search,2781.24,52.03,1119.06,0.0,0,11494,2079.4009,70.0392,346.4951,3.61,A
59,hotel/user,51.67,17.25,1119.06,0.0,0,721,352.2537,1.5479,346.4951,0.0496,A
59,hotel2/consul,23.03,31.02,201.48,0.0,0,2296,415.3736,1.5479,346.4951,0.0343,A
59,hotel2/frontend,8183.43,89.23,1119.14,0.0,0,99057,17920.5863,206.0811,346.4951,11.6,A
59,hotel2/geo,934.61,23.59,1119.06,0.0,0,2430,439.6158,23.536,346.4951,1.25,A
59,hotel2/jaeger,0.38,14.73,81.01,0.0,0,0,352.2537,1.5479,1.6454,0.0,A
59,hotel2/memcached-profile,206.34,8.17,79.25,0.0,0,1560,352.2537,5.1962,346.4951,0.282,A
59,hotel2/memcached-rate,177.04,7.69,79.25,0.0,0,2814,509.086,4.4584,346.4951,0.24,A
59,hotel2/memcached-reserve,229.8,7.44,79.25,0.0,0,1407,352.2537,5.787,346.4951,0.301,A
59,hotel2/mongodb-geo,11.21,68.6,400.43,0.0273,2,180,352.2537,1.5479,346.4951,0.0114,A
59,hotel2/mongodb-profile,10.43,70.08,400.43,0.0312,4,167,352.2537,1.5479,346.4951,0.0114,A
59,hotel2/mongodb-rate,10.65,69.73,400.43,0.0273,2,146,352.2537,1.5479,346.4951,0.0114,A
59,hotel2/mongodb-recommendation,10.36,68.89,400.43,0.0469,4,137,352.2537,1.5479,346.4951,0.0152,A
59,hotel2/mongodb-reservation,12.2,262.53,400.43,0.0547,12,203,352.2537,1.5479,346.4951,0.0152,A
59,hotel2/mongodb-user,9.41,68.71,400.43,0.0,0,136,352.2537,1.5479,1.6454,0.0152,A
59,hotel2/profile,2507.52,41.76,1119.06,0.0,0,3205,579.8225,63.1462,346.4951,3.5,A
59,hotel2/rate,1448.12,39.61,1119.14,0.0,0,2961,535.68,36.4676,346.4951,2.0,A
59,hotel2/recommendation,623.56,21.59,1119.06,0.0,0,2740,495.6985,15.7029,346.4951,0.842,A
59,hotel2/reservation,2621.66,83.88,1119.06,0.0,0,211705,38299.9456,66.0206,346.4951,3.8,A
59,hotel2/search,2316.15,35.92,1119.06,0.0,0,4260,770.6845,58.327,346.4951,3.13,A
59,hotel2/user,41.94,16.8,1119.06,0.0,0,1412,352.2537,1.5479,346.4951,0.0457,A
60,hotel/consul,24.48,31.28,201.48,0.0,0,2237,375.8596,1.5479,351.2229,0.0314,A
60,hotel/frontend,8764.31,168.61,1119.14,0.0,0,931964,156588.132,247.0892,351.2229,13.5,A
60,hotel/geo,802.79,29.51,1119.06,0.0,0,1689,352.2537,22.6328,351.2229,1.29,A
60,hotel/jaeger,0.37,14.78,81.01,0.0,0,0,352.2537,1.5479,1.6454,0.0,A
60,hotel/memcached-profile,149.73,7.78,79.25,0.0,0,1688,352.2537,4.2213,351.2229,0.231,A
60,hotel/memcached-rate,135.54,7.76,79.25,0.0,0,1403,352.2537,3.8212,351.2229,0.216,A
60,hotel/memcached-reserve,166.37,7.76,79.25,0.0,0,966,352.2537,4.6904,351.2229,0.263,A
60,hotel/mongodb-geo,10.78,68.8,400.43,0.0195,2,178,352.2537,1.5479,351.2229,0.0118,A
60,hotel/mongodb-profile,10.43,69.66,400.43,0.0195,2,167,352.2537,1.5479,351.2229,0.0118,A
60,hotel/mongodb-rate,9.04,71.02,400.43,0.0,0,201,352.2537,1.5479,1.6454,0.0118,A
60,hotel/mongodb-recommendation,10.81,69.29,400.43,0.0195,2,200,352.2537,1.5479,351.2229,0.0078,A
60,hotel/mongodb-reservation,12.7,267.09,400.43,0.0469,14,204,352.2537,1.5479,351.2229,0.0157,A
60,hotel/mongodb-user,10.18,68.92,400.43,0.0195,2,282,352.2537,1.5479,351.2229,0.0078,A
60,hotel/profile,2718.88,53.95,1119.06,0.0,0,112253,18860.6937,76.6525,351.2229,4.36,A
60,hotel/rate,1314.68,41.71,1119.14,0.0,0,1804,352.2537,37.0643,351.2229,2.29,A
60,hotel/recommendation,496.81,24.57,1119.06,0.0,0,1343,352.2537,14.0064,351.2229,0.733,A
60,hotel/reservation,3808.63,119.62,1119.06,0.0,0,850353,142875.892,107.3754,351.2229,5.96,A
60,hotel/search,2402.2,46.71,1119.06,0.0,0,22002,3696.7652,67.7244,351.2229,3.95,A
60,hotel/user,44.04,17.49,1119.06,0.0,0,1178,352.2537,1.5479,351.2229,0.0784,A
60,hotel2/consul,24.18,31.02,201.48,0.0,0,1647,352.2537,1.5479,351.2229,0.0314,A
60,hotel2/frontend,8501.7,84.02,1119.14,0.0,0,81920,13764.158,239.6856,351.2229,11.9,A
60,hotel2/geo,919.5,22.53,1119.06,0.0,0,3008,505.4027,25.9232,351.2229,1.29,A
60,hotel2/jaeger,0.23,14.73,81.01,0.0,0,0,352.2537,1.5479,1.6454,0.0039,A
60,hotel2/memcached-profile,205.43,7.69,79.25,0.0,0,1830,352.2537,5.7916,351.2229,0.302,A
60,hotel2/memcached-rate,180.46,7.7,79.25,0.0,0,1738,352.2537,5.0876,351.2229,0.259,A
60,hotel2/memcached-reserve,232.27,7.69,79.25,0.0,0,1478,352.2537,6.5483,351.2229,0.333,A
60,hotel2/mongodb-geo,9.52,68.6,400.43,0.0,0,152,352.2537,1.5479,1.6454,0.0157,A
60,hotel2/mongodb-profile,8.99,70.08,400.43,0.0,0,168,352.2537,1.5479,1.6454,0.0157,A
60,hotel2/mongodb-rate,9.2,69.73,400.43,0.0,0,194,352.2537,1.5479,1.6454,0.0196,A
60,hotel2/mongodb-recommendation,9.24,68.89,400.43,0.0,0,168,352.2537,1.5479,1.6454,0.0118,A
60,hotel2/mongodb-reservation,10.31,262.53,400.43,0.0078,4,144,352.2537,1.5479,351.2229,0.0157,A
60,hotel2/mongodb-user,11.22,68.71,400.43,0.0273,2,187,352.2537,1.5479,351.2229,0.0118,A
60,hotel2/profile,2587.6,46.45,1119.06,0.0,0,14619,2456.2772,72.9513,351.2229,3.49,A
60,hotel2/rate,1408.46,38.14,1119.14,0.0,0,2885,484.7363,39.7082,351.2229,2.08,A
60,hotel2/recommendation,608.66,20.9,1119.06,0.0,0,3205,538.5025,17.1597,351.2229,0.902,A
60,hotel2/reservation,2827.37,79.94,1119.06,0.0,0,269635,45303.9398,79.7111,351.2229,3.95,A
60,hotel2/search,2369.35,34.18,1119.06,0.0,0,3656,614.2793,66.7983,351.2229,3.44,A
60,hotel2/user,40.8,16.55,1119.06,0.0,0,917,352.2537,1.5479,351.2229,0.0588,A
61,hotel/consul,24.56,31.3,201.48,0.0,0,2051,367.4937,1.5479,312.8172,0.0302,A
61,hotel/frontend,9396.59,177.23,1119.14,0.0,0,1142230,204662.2718,267.8388,312.8172,10.9,A
61,hotel/geo,827.5,23.83,1119.06,0.0,0,1805,352.2537,23.5869,312.8172,1.01,A
61,hotel/jaeger,0.35,14.78,81.01,0.0,0,0,352.2537,1.5479,1.6454,0.0,A
61,hotel/memcached-profile,154.8,8.57,79.25,0.0,0,1285,352.2537,4.4124,312.8172,0.185,A
61,hotel/memcached-rate,142.36,8.0,79.25,0.0,0,1814,352.2537,4.0578,312.8172,0.168,A
61,hotel/memcached-reserve,166.18,7.5,79.25,0.0,0,835,352.2537,4.7368,312.8172,0.208,A
61,hotel/mongodb-geo,10.28,68.8,400.43,0.0,0,175,352.2537,1.5479,312.8172,0.0168,A
61,hotel/mongodb-profile,10.75,69.66,400.43,0.0469,10,305,352.2537,1.5479,312.8172,0.0101,A
61,hotel/mongodb-rate,11.69,71.02,400.43,0.0234,2,203,352.2537,1.5479,312.8172,0.0134,A
61,hotel/mongodb-recommendation,10.56,69.29,400.43,0.0469,10,186,352.2537,1.5479,312.8172,0.0134,A
61,hotel/mongodb-reservation,13.6,267.11,400.43,0.6875,94,245,352.2537,1.5479,312.8172,0.0134,A
61,hotel/mongodb-user,10.49,68.93,400.43,0.0508,12,134,352.2537,1.5479,312.8172,0.0101,A
61,hotel/profile,2684.71,50.6,1119.06,0.0,0,120521,21594.689,76.5245,312.8172,3.28,A
61,hotel/rate,1459.83,44.02,1119.14,0.0,0,2363,423.3972,41.6108,312.8172,1.69,A
61,hotel/recommendation,468.81,21.78,1119.06,0.0,0,1484,352.2537,13.3629,312.8172,0.621,A
61,hotel/reservation,3414.55,116.29,1119.06,0.0,0,648610,116216.5204,97.3278,312.8172,4.85,A
61,hotel/search,2453.88,44.43,1119.06,0.0,0,7773,1392.7491,69.945,312.8172,3.04,A
61,hotel/user,39.97,17.25,1119.06,0.0,0,896,352.2537,1.5479,312.8172,0.0571,A
61,hotel2/consul,23.34,31.02,201.48,0.0,0,1810,352.2537,1.5479,312.8172,0.0302,A
61,hotel2/frontend,8476.41,88.25,1119.14,0.0,0,70054,12552.1224,241.6102,312.8172,10.6,A
61,hotel2/geo,913.97,23.79,1119.06,0.0,0,2394,428.9517,26.0516,312.8172,1.18,A
61,hotel2/jaeger,0.31,14.73,81.01,0.0,0,0,352.2537,1.5479,1.6454,0.0,A
61,hotel2/memcached-profile,207.64,7.69,79.25,0.0,0,1672,352.2537,5.9185,312.8172,0.252,A
61,hotel2/memcached-rate,179.52,7.71,79.25,0.0,0,1730,352.2537,5.117,312.8172,0.215,A
61,hotel2/memcached-reserve,228.45,7.42,79.25,0.0,0,1299,352.2537,6.5117,312.8172,0.292,A
61,hotel2/mongodb-geo,11.11,68.6,400.43,0.0273,2,126,352.2537,1.5479,312.8172,0.0101,A
61,hotel2/mongodb-profile,11.55,70.08,400.43,0.0391,4,181,352.2537,1.5479,312.8172,0.0101,A
61,hotel2/mongodb-rate,11.25,69.73,400.43,0.0273,2,260,352.2537,1.5479,312.8172,0.0101,A
61,hotel2/mongodb-recommendation,10.74,68.89,400.43,0.0508,4,139,352.2537,1.5479,312.8172,0.0101,A
61,hotel2/mongodb-reservation,12.89,262.55,400.43,0.0586,14,289,352.2537,1.5479,312.8172,0.0134,A
61,hotel2/mongodb-user,9.35,68.71,400.43,0.0,0,260,352.2537,1.5479,1.6454,0.0101,A
61,hotel2/profile,2624.44,42.57,1119.06,0.0,0,3358,601.6791,74.8066,312.8172,3.27,A
61,hotel2/rate,1462.7,44.04,1119.14,0.0,0,2974,532.8748,41.6926,312.8172,1.77,A
61,hotel2/recommendation,614.94,21.52,1119.06,0.0,0,3004,538.2501,17.5281,312.8172,0.762,A
61,hotel2/reservation,2782.21,79.25,1119.06,0.0,0,266400,47732.969,79.3037,312.8172,3.4,A
61,hotel2/search,2402.89,30.59,1119.06,0.0,0,3997,716.1737,68.4916,312.8172,2.91,A
61,hotel2/user,37.13,16.56,1119.06,0.0,0,1386,352.2537,1.5479,312.8172,0.0504,A
62,hotel/consul,23.69,31.32,201.48,0.0,0,1923,352.2537,1.5479,312.6405,0.0288,A
62,hotel/frontend,9322.26,181.72,1119.14,0.0,0,962941,165576.9411,221.5204,312.6405,12.6,A
62,hotel/geo,806.74,25.64,1119.06,0.0,0,1679,352.2537,19.1702,312.6405,1.18,A
62,hotel/jaeger,0.29,14.78,81.01,0.0,0,0,352.2537,1.5479,1.6454,0.0,A
62,hotel/memcached-profile,147.59,8.03,79.25,0.0,0,1431,352.2537,3.5071,312.6405,0.212,A
62,hotel/memcached-rate,140.32,7.72,79.25,0.0,0,1495,352.2537,3.3344,312.6405,0.191,A
62,hotel/memcached-reserve,173.84,7.75,79.25,0.0,0,996,352.2537,4.1309,312.6405,0.223,A
62,hotel/mongodb-geo,10.68,68.8,400.43,0.0195,2,220,352.2537,1.5479,312.6405,0.0144,A
62,hotel/mongodb-profile,10.22,69.66,400.43,0.0234,2,140,352.2537,1.5479,312.6405,0.0108,A
62,hotel/mongodb-rate,10.84,71.03,400.43,0.0703,12,197,352.2537,1.5479,312.6405,0.0144,A
62,hotel/mongodb-recommendation,10.53,69.29,400.43,0.0352,4,236,352.2537,1.5479,312.6405,0.0144,A
62,hotel/mongodb-reservation,12.94,267.12,400.43,0.043,10,201,352.2537,1.5479,312.6405,0.0144,A
62,hotel/mongodb-user,11.36,68.93,400.43,0.0234,2,240,352.2537,1.5479,312.6405,0.0072,A
62,hotel/profile,2702.74,49.6,1119.06,0.0,0,182319,31349.6074,64.2239,312.6405,3.82,A
62,hotel/rate,1535.85,42.46,1119.14,0.0,0,22849,3928.8674,36.4957,312.6405,1.96,A
62,hotel/recommendation,508.93,20.86,1119.06,0.0,0,1492,352.2537,12.0935,312.6405,0.648,A
62,hotel/reservation,3580.16,117.7,1119.06,0.0,0,738029,126903.5011,85.0736,312.6405,4.43,A
62,hotel/search,2502.92,44.37,1119.06,0.0,0,15593,2681.204,59.4757,312.6405,3.42,A
62,hotel/user,39.11,17.24,1119.06,0.0,0,758,352.2537,1.5479,312.6405,0.054,A
62,hotel2/consul,22.97,31.02,201.48,0.0,0,2109,362.6409,1.5479,312.6405,0.0324,A
62,hotel2/frontend,8505.46,86.9,1119.14,0.0,0,99030,17028.1299,202.1112,312.6405,10.9,A
62,hotel2/geo,928.93,24.71,1119.06,0.0,0,2850,490.0552,22.0737,312.6405,1.18,A
62,hotel2/jaeger,0.35,14.73,81.01,0.0,0,0,352.2537,1.5479,1.6454,0.0,A
62,hotel2/memcached-profile,198.57,7.93,79.25,0.0,0,1551,352.2537,4.7185,312.6405,0.263,A
62,hotel2/memcached-rate,168.03,7.7,79.25,0.0,0,1913,352.2537,3.9928,312.6405,0.223,A
62,hotel2/memcached-reserve,235.0,7.45,79.25,0.0,0,1846,352.2537,5.5842,312.6405,0.291,A
62,hotel2/mongodb-geo,10.44,68.6,400.43,0.0469,10,141,352.2537,1.5479,312.6405,0.0144,A
62,hotel2/mongodb-profile,10.83,70.08,400.43,0.0664,12,201,352.2537,1.5479,312.6405,0.018,A
62,hotel2/mongodb-rate,9.76,69.73,400.43,0.0,0,307,352.2537,1.5479,1.6454,0.0108,A
62,hotel2/mongodb-recommendation,10.43,68.89,400.43,0.0469,10,187,352.2537,1.5479,312.6405,0.018,A
62,hotel2/mongodb-reservation,10.21,262.55,400.43,0.0117,6,235,352.2537,1.5479,312.6405,0.018,A
62,hotel2/mongodb-user,12.12,68.71,400.43,0.0273,2,145,352.2537,1.5479,312.6405,0.0108,A
62,hotel2/profile,2441.54,43.83,1119.06,0.0,0,3389,582.7359,58.0172,312.6405,3.3,A
62,hotel2/rate,1369.44,39.2,1119.14,0.0,0,3081,529.7755,32.5414,312.6405,1.86,A
62,hotel2/recommendation,598.25,21.26,1119.06,0.0,0,2724,468.3896,14.2159,312.6405,0.806,A
62,hotel2/reservation,2780.82,82.84,1119.06,0.0,0,217935,37473.7504,66.0793,312.6405,3.7,A
62,hotel2/search,2425.78,34.14,1119.06,0.0,0,4217,725.1098,57.6427,312.6405,3.04,A
62,hotel2/user,39.59,17.32,1119.06,0.0,0,1036,352.2537,1.5479,312.6405,0.0504,A
63,hotel/consul,23.79,31.32,201.48,0.0,0,2381,409.2663,1.5479,351.6199,0.0306,A
63,hotel/frontend,8801.66,170.21,1119.14,0.0,0,863153,148365.989,222.0185,351.6199,11.9,A
63,hotel/geo,801.45,25.47,1119.06,0.0,0,1509,352.2537,20.2163,351.6199,1.03,A
63,hotel/jaeger,0.38,14.78,81.01,0.0,0,0,352.2537,1.5479,1.6454,0.0,A
63,hotel/memcached-profile,151.68,7.77,79.25,0.0,0,1131,352.2537,3.8261,351.6199,0.187,A
63,hotel/memcached-rate,147.31,7.74,79.25,0.0,0,1916,352.2537,3.7158,351.6199,0.19,A
63,hotel/memcached-reserve,176.34,7.49,79.25,0.0,0,986,352.2537,4.4481,351.6199,0.218,A
63,hotel/mongodb-geo,9.77,68.8,400.43,0.0508,12,170,352.2537,1.5479,1.6454,0.0102,A
63,hotel/mongodb-profile,9.79,69.66,400.43,0.0,0,154,352.2537,1.5479,1.6454,0.0102,A
63,hotel/mongodb-rate,11.51,71.03,400.43,0.0234,2,211,352.2537,1.5479,351.6199,0.0136,A
63,hotel/mongodb-recommendation,9.36,69.29,400.43,0.0,0,190,352.2537,1.5479,1.6454,0.0136,A
63,hotel/mongodb-reservation,10.13,267.12,400.43,0.0039,2,241,352.2537,1.5479,351.6199,0.0102,A
63,hotel/mongodb-user,9.3,68.93,400.43,0.0,0,160,352.2537,1.5479,1.6454,0.0102,A
63,hotel/profile,2887.94,52.12,1119.06,0.0,0,123785,21277.2057,72.8472,351.6199,3.58,A
63,hotel/rate,1547.89,43.71,1119.14,0.0,0,11479,1973.107,39.0449,351.6199,1.9,A
63,hotel/recommendation,510.32,20.59,1119.06,0.0,0,1712,352.2537,12.8726,351.6199,0.687,A
63,hotel/reservation,3747.73,118.32,1119.06,0.0,0,738846,126999.0576,94.5351,351.6199,4.82,A
63,hotel/search,2634.22,45.04,1119.06,0.0,0,45192,7767.9806,66.4472,351.6199,3.21,A
63,hotel/user,45.3,17.46,1119.06,0.0,0,701,352.2537,1.5479,351.6199,0.0578,A
63,hotel2/consul,23.84,31.02,201.48,0.0,0,2160,371.2789,1.5479,351.6199,0.034,A
63,hotel2/frontend,8338.3,91.02,1119.14,0.0,0,87125,14975.7769,210.3304,351.6199,10.9,A
63,hotel2/geo,899.06,23.01,1119.06,0.0,0,2933,504.1487,22.6784,351.6199,1.15,A
63,hotel2/jaeger,1.4,14.73,81.01,0.0,0,19,352.2537,1.5479,1.6454,0.0,A
63,hotel2/memcached-profile,201.54,7.93,79.25,0.0,0,1883,352.2537,5.0838,351.6199,0.258,A
63,hotel2/memcached-rate,178.65,7.7,79.25,0.0,0,2036,352.2537,4.5064,351.6199,0.218,A
63,hotel2/memcached-reserve,237.34,7.68,79.25,0.0,0,1209,352.2537,5.9868,351.6199,0.303,A
63,hotel2/mongodb-geo,10.32,68.6,400.43,0.0273,2,191,352.2537,1.5479,351.6199,0.0102,A
63,hotel2/mongodb-profile,11.71,70.32,400.43,0.0273,2,173,352.2537,1.5479,351.6199,0.0102,A
63,hotel2/mongodb-rate,11.53,69.9,400.43,0.0742,12,167,352.2537,1.5479,351.6199,0.0102,A
63,hotel2/mongodb-recommendation,10.96,69.08,400.43,0.0273,2,151,352.2537,1.5479,351.6199,0.0102,A
63,hotel2/mongodb-reservation,14.02,262.56,400.43,0.7539,106,255,352.2537,1.5479,351.6199,0.0102,A
63,hotel2/mongodb-user,9.9,68.71,400.43,0.0469,10,143,352.2537,1.5479,1.6454,0.0102,A
63,hotel2/profile,2436.86,44.84,1119.06,0.0,0,3165,544.0268,61.4689,351.6199,3.08,A
63,hotel2/rate,1464.15,37.52,1119.14,0.0,0,2743,471.4899,36.9326,351.6199,1.78,A
63,hotel2/recommendation,565.97,21.02,1119.06,0.0,0,2424,416.6575,14.2764,351.6199,0.744,A
63,hotel2/reservation,2798.49,82.25,1119.06,0.0,0,297900,51205.5547,70.5908,351.6199,3.48,A
63,hotel2/search,2289.64,33.27,1119.06,0.0,0,3565,612.7821,57.7553,351.6199,3.05,A
63,hotel2/user,35.52,16.59,1119.06,0.0,0,1213,352.2537,1.5479,351.6199,0.051,A
64,hotel/consul,25.98,31.32,201.48,0.0,0,2485,418.3294,1.5479,356.9543,0.0309,A
64,hotel/frontend,9619.59,172.31,1119.14,0.0,0,1187707,199940.7468,224.3893,356.9543,11.0,A
64,hotel/geo,855.38,27.86,1119.06,0.0,0,1795,352.2537,19.9528,356.9543,0.955,A
64,hotel/jaeger,0.39,14.78,81.01,0.0,0,0,352.2537,1.5479,1.6454,0.0,A
64,hotel/memcached-profile,164.23,8.82,79.25,0.0,0,1832,352.2537,3.8309,356.9543,0.186,A
64,hotel/memcached-rate,161.63,7.77,79.25,0.0,0,1062,352.2537,3.7702,356.9543,0.182,A
64,hotel/memcached-reserve,184.81,9.48,79.25,0.0,0,1018,352.2537,4.3109,356.9543,0.213,A
64,hotel/mongodb-geo,10.82,68.8,400.43,0.0352,4,167,352.2537,1.5479,356.9543,0.0103,A
64,hotel/mongodb-profile,10.76,69.66,400.43,0.0234,2,153,352.2537,1.5479,356.9543,0.0103,A
64,hotel/mongodb-rate,9.84,71.03,400.43,0.0,0,195,352.2537,1.5479,1.6454,0.0137,A
64,hotel/mongodb-recommendation,10.39,69.29,400.43,0.0234,2,219,352.2537,1.5479,356.9543,0.0103,A
64,hotel/mongodb-reservation,11.5,267.12,400.43,0.0391,8,335,352.2537,1.5479,356.9543,0.0103,A
64,hotel/mongodb-user,10.29,68.93,400.43,0.0312,4,261,352.2537,1.5479,356.9543,0.0103,A
64,hotel/profile,3100.07,52.84,1119.06,0.0,0,167740,28237.6553,72.3131,356.9543,3.49,A
64,hotel/rate,1586.01,48.36,1119.14,0.0,0,10031,1688.6367,36.9957,356.9543,1.92,A
64,hotel/recommendation,527.98,23.48,1119.06,0.0,0,1401,352.2537,12.3158,356.9543,0.598,A
64,hotel/reservation,3964.7,122.18,1119.06,0.0,0,735505,123816.2434,92.4817,356.9543,4.3,A
64,hotel/search,2717.29,47.09,1119.06,0.0,0,8211,1382.2546,63.3843,356.9543,3.05,A
64,hotel/user,48.11,17.46,1119.06,0.0,0,1126,352.2537,1.5479,356.9543,0.0481,A
64,hotel2/consul,24.22,31.02,201.48,0.0,0,1919,352.2537,1.5479,356.9543,0.0275,A
64,hotel2/frontend,8425.64,90.53,1119.14,0.0,0,75085,12639.9448,196.5389,356.9543,10.8,A
64,hotel2/geo,919.95,24.04,1119.06,0.0,0,2296,386.5128,21.459,356.9543,1.17,A
64,hotel2/jaeger,0.36,14.73,81.01,0.0,0,0,352.2537,1.5479,1.6454,0.0034,A
64,hotel2/memcached-profile,203.23,7.93,79.25,0.0,0,1897,352.2537,4.7406,356.9543,0.265,A
64,hotel2/memcached-rate,162.91,7.7,79.25,0.0,0,1707,352.2537,3.8001,356.9543,0.23,A
64,hotel2/memcached-reserve,229.47,7.44,79.25,0.0,0,1804,352.2537,5.3527,356.9543,0.299,A
64,hotel2/mongodb-geo,9.93,68.6,400.43,0.0,0,360,352.2537,1.5479,1.6454,0.0103,A
64,hotel2/mongodb-profile,9.48,70.14,400.43,0.0,0,157,352.2537,1.5479,1.6454,0.0137,A
64,hotel2/mongodb-rate,9.88,69.74,400.43,0.0,0,212,352.2537,1.5479,1.6454,0.0103,A
64,hotel2/mongodb-recommendation,9.82,68.89,400.43,0.0,0,158,352.2537,1.5479,1.6454,0.0137,A
64,hotel2/mongodb-reservation,10.44,262.56,400.43,0.0117,6,252,352.2537,1.5479,356.9543,0.0103,A
64,hotel2/mongodb-user,11.42,68.71,400.43,0.0469,4,213,352.2537,1.5479,356.9543,0.0103,A
64,hotel2/profile,2589.09,45.2,1119.06,0.0,0,2964,498.9651,60.3939,356.9543,3.21,A
64,hotel2/rate,1408.83,41.06,1119.14,0.0,0,2873,483.646,32.8628,356.9543,1.77,A
64,hotel2/recommendation,630.04,20.87,1119.06,0.0,0,2855,480.6159,14.6965,356.9543,0.756,A
64,hotel2/reservation,2768.07,81.1,1119.06,0.0,0,283157,47667.1621,64.5688,356.9543,3.49,A
64,hotel2/search,2369.92,34.58,1119.06,0.0,0,3869,651.3145,55.2814,356.9543,2.94,A
64,hotel2/user,38.24,16.58,1119.06,0.0,0,1047,352.2537,1.5479,356.9543,0.0447,A
65,hotel/consul,23.93,31.32,201.48,0.0,0,1821,352.2537,1.5479,354.3343,0.0329,A
65,hotel/frontend,9114.72,171.4,1119.14,0.0,0,1045854,189082.2042,210.0086,354.3343,12.9,A
65,hotel/geo,796.51,25.52,1119.06,0.0,0,1624,352.2537,18.3521,354.3343,1.11,A
65,hotel/jaeger,0.39,14.78,81.01,0.0,0,0,352.2537,1.5479,1.6454,0.0,A
65,hotel/memcached-profile,157.95,7.77,79.25,0.0,0,1291,352.2537,3.6393,354.3343,0.222,A
65,hotel/memcached-rate,145.03,7.7,79.25,0.0,0,1582,352.2537,3.3416,354.3343,0.222,A
65,hotel/memcached-reserve,173.83,8.35,79.25,0.0,0,855,352.2537,4.0051,354.3343,0.247,A
65,hotel/mongodb-geo,8.97,68.8,400.43,0.0,0,254,352.2537,1.5479,1.6454,0.0164,A
65,hotel/mongodb-profile,9.11,69.85,400.43,0.0,0,183,352.2537,1.5479,1.6454,0.0123,A
65,hotel/mongodb-rate,10.28,71.21,400.43,0.0234,2,168,352.2537,1.5479,354.3343,0.0123,A
65,hotel/mongodb-recommendation,9.02,69.29,400.43,0.0,0,140,352.2537,1.5479,1.6454,0.0082,A
65,hotel/mongodb-reservation,11.12,267.31,400.43,0.0312,16,177,352.2537,1.5479,354.3343,0.0123,A
65,hotel/mongodb-user,9.56,68.93,400.43,0.0,0,178,352.2537,1.5479,1.6454,0.0123,A
65,hotel/profile,2522.62,47.98,1119.06,0.0,0,167292,30245.0821,58.1227,354.3343,4.11,A
65,hotel/rate,1460.53,42.69,1119.14,0.0,0,2072,374.6014,33.6515,354.3343,2.21,A
65,hotel/recommendation,496.37,21.08,1119.06,0.0,0,1953,353.0871,11.4367,354.3343,0.711,A
65,hotel/reservation,3738.1,117.25,1119.06,0.0,0,819285,148120.3052,86.1281,354.3343,5.14,A
65,hotel/search,2355.74,45.25,1119.06,0.0,0,45876,8294.0212,54.2777,354.3343,3.71,A
65,hotel/user,46.22,17.46,1119.06,0.0,0,1047,352.2537,1.5479,354.3343,0.0576,A
65,hotel2/consul,22.66,31.02,201.48,0.0,0,2453,443.4832,1.5479,354.3343,0.0329,A
65,hotel2/frontend,8549.96,87.43,1119.14,0.0,0,91821,16600.517,196.9962,354.3343,11.2,A
65,hotel2/geo,911.9,23.8,1119.06,0.0,0,2726,492.8394,21.0107,354.3343,1.19,A
65,hotel2/jaeger,0.32,14.73,81.01,0.0,0,0,352.2537,1.5479,1.6454,0.0,A
65,hotel2/memcached-profile,201.67,8.22,79.25,0.0,0,1947,352.2537,4.6466,354.3343,0.267,A
65,hotel2/memcached-rate,167.46,7.72,79.25,0.0,0,2212,399.9123,3.8584,354.3343,0.206,A
65,hotel2/memcached-reserve,230.84,7.43,79.25,0.0,0,1378,352.2537,5.3187,354.3343,0.304,A
65,hotel2/mongodb-geo,10.37,68.6,400.43,0.0273,2,89,352.2537,1.5479,354.3343,0.0123,A
65,hotel2/mongodb-profile,10.18,70.32,400.43,0.0391,4,224,352.2537,1.5479,354.3343,0.0082,A
65,hotel2/mongodb-rate,10.48,69.74,400.43,0.0273,2,163,352.2537,1.5479,354.3343,0.0123,A
65,hotel2/mongodb-recommendation,10.14,68.89,400.43,0.0273,2,171,352.2537,1.5479,354.3343,0.0123,A
65,hotel2/mongodb-reservation,11.81,262.57,400.43,0.0664,14,235,352.2537,1.5479,354.3343,0.0123,A
65,hotel2/mongodb-user,8.85,68.71,400.43,0.0,0,176,352.2537,1.5479,1.6454,0.0164,A
65,hotel2/profile,2505.42,45.45,1119.06,0.0,0,3838,693.8803,57.7264,354.3343,3.46,A
65,hotel2/rate,1435.42,39.7,1119.14,0.0,0,2794,505.1333,33.0729,354.3343,1.92,A
65,hotel2/recommendation,613.36,21.71,1119.06,0.0,0,3123,564.6139,14.1322,354.3343,0.843,A
65,hotel2/reservation,2860.74,79.08,1119.06,0.0,0,304034,54966.9637,65.9132,354.3343,3.55,A
65,hotel2/search,2378.76,36.01,1119.06,0.0,0,4896,885.1584,54.8081,354.3343,3.09,A
65,hotel2/user,34.43,16.57,1119.06,0.0,0,1408,352.2537,1.5479,354.3343,0.0452,A
66,hotel/consul,25.3,31.32,201.48,0.0,0,2345,385.9602,1.5479,344.7192,0.0344,A
66,hotel/frontend,9220.05,176.86,1119.14,0.0,0,1025334,168758.2541,219.2236,344.7192,12.2,A
66,hotel/geo,901.42,24.0,1119.06,0.0,0,1769,352.2537,21.4329,344.7192,1.07,A
66,hotel/jaeger,0.37,14.78,81.01,0.0,0,0,352.2537,1.5479,1.6454,0.0,A
66,hotel/memcached-profile,159.93,8.05,79.25,0.0,0,1367,352.2537,3.8026,344.7192,0.206,A
66,hotel/memcached-rate,150.82,7.75,79.25,0.0,0,1698,352.2537,3.586,344.7192,0.195,A
66,hotel/memcached-reserve,196.04,7.98,79.25,0.0,0,1377,352.2537,4.6612,344.7192,0.241,A
66,hotel/mongodb-geo,10.68,68.8,400.43,0.0234,2,176,352.2537,1.5479,344.7192,0.0076,A
66,hotel/mongodb-profile,10.22,69.66,400.43,0.0234,2,182,352.2537,1.5479,344.7192,0.0115,A
66,hotel/mongodb-rate,10.29,71.03,400.43,0.0,0,146,352.2537,1.5479,344.7192,0.0191,A
66,hotel/mongodb-recommendation,10.07,69.29,400.43,0.0234,2,198,352.2537,1.5479,344.7192,0.0115,A
66,hotel/mongodb-reservation,11.71,267.12,400.43,0.0469,12,246,352.2537,1.5479,344.7192,0.0153,A
66,hotel/mongodb-user,10.48,68.93,400.43,0.0234,2,142,352.2537,1.5479,344.7192,0.0115,A
66,hotel/profile,2973.25,48.93,1119.06,0.0,0,195573,32189.0799,70.6945,344.7192,3.44,A
66,hotel/rate,1595.63,47.64,1119.14,0.0,0,3995,657.5313,37.939,344.7192,1.93,A
66,hotel/recommendation,543.56,22.24,1119.06,0.0,0,1256,352.2537,12.9241,344.7192,0.665,A
66,hotel/reservation,3464.49,116.47,1119.06,0.0,0,599592,98685.9883,82.3746,344.7192,4.84,A
66,hotel/search,2797.78,48.29,1119.06,0.0,0,20063,3302.1404,66.5224,344.7192,3.4,A
66,hotel/user,52.51,16.86,1119.06,0.0,0,935,352.2537,1.5479,344.7192,0.0611,A
66,hotel2/consul,25.69,31.02,201.48,0.0,0,2192,360.7781,1.5479,344.7192,0.0306,A
66,hotel2/frontend,8392.24,93.91,1119.14,0.0,0,91216,15013.1108,199.5409,344.7192,12.2,A
66,hotel2/geo,921.5,23.58,1119.06,0.0,0,2449,403.0774,21.9104,344.7192,1.33,A
66,hotel2/jaeger,0.46,14.73,81.01,0.0,0,0,352.2537,1.5479,1.6454,0.0,A
66,hotel2/memcached-profile,201.22,8.43,79.25,0.0,0,1757,352.2537,4.7844,344.7192,0.29,A
66,hotel2/memcached-rate,162.79,7.71,79.25,0.0,0,1880,352.2537,3.8706,344.7192,0.245,A
66,hotel2/memcached-reserve,228.31,7.68,79.25,0.0,0,1595,352.2537,5.4285,344.7192,0.329,A
66,hotel2/mongodb-geo,9.89,68.6,400.43,0.0,0,177,352.2537,1.5479,1.6454,0.0153,A
66,hotel2/mongodb-profile,9.75,70.14,400.43,0.0,0,468,352.2537,1.5479,1.6454,0.0115,A
66,hotel2/mongodb-rate,9.52,69.74,400.43,0.0,0,174,352.2537,1.5479,1.6454,0.0115,A
66,hotel2/mongodb-recommendation,9.51,69.08,400.43,0.0,0,242,352.2537,1.5479,1.6454,0.0153,A
66,hotel2/mongodb-reservation,10.4,262.57,400.43,0.0156,8,163,352.2537,1.5479,344.7192,0.0153,A
66,hotel2/mongodb-user,10.49,68.71,400.43,0.0273,2,290,352.2537,1.5479,344.7192,0.0115,A
66,hotel2/profile,2453.38,44.73,1119.06,0.0,0,3054,502.6535,58.3336,344.7192,3.73,A
66,hotel2/rate,1485.93,36.63,1119.14,0.0,0,2660,437.8056,35.3307,344.7192,2.11,A
66,hotel2/recommendation,576.77,21.88,1119.06,0.0,0,2874,473.0275,13.7138,344.7192,0.879,A
66,hotel2/reservation,2717.38,80.26,1119.06,0.0,0,253828,41777.1869,64.6107,344.7192,4.13,A
66,hotel2/search,2312.77,30.8,1119.06,0.0,0,3518,579.0226,54.9904,344.7192,3.44,A
66,hotel2/user,42.29,16.62,1119.06,0.0,0,1295,352.2537,1.5479,344.7192,0.0458,A
67,hotel/consul,24.9,31.32,201.48,0.0,0,2021,354.6313,1.5479,321.9,0.0366,A
67,hotel/frontend,8804.16,170.56,1119.14,0.0,0,876415,153787.3271,235.8371,321.9,12.1,A
67,hotel/geo,794.33,22.89,1119.06,0.0,0,1859,352.2537,21.2777,321.9,1.13,A
67,hotel/jaeger,0.41,14.78,81.01,0.0,0,0,352.2537,1.5479,1.6454,0.0,A
67,hotel/memcached-profile,140.59,7.8,79.25,0.0,0,1540,352.2537,3.766,321.9,0.202,A
67,hotel/memcached-rate,130.77,7.75,79.25,0.0,0,1812,352.2537,3.5029,321.9,0.187,A
67,hotel/memcached-reserve,160.92,7.74,79.25,0.0,0,839,352.2537,4.3106,321.9,0.26,A
67,hotel/mongodb-geo,10.61,68.99,400.43,0.0,0,262,352.2537,1.5479,321.9,0.011,A
67,hotel/mongodb-profile,9.41,69.66,400.43,0.0,0,366,352.2537,1.5479,1.6454,0.0073,A
67,hotel/mongodb-rate,10.26,71.03,400.43,0.0273,2,143,352.2537,1.5479,321.9,0.011,A
67,hotel/mongodb-recommendation,9.26,69.48,400.43,0.0,0,156,352.2537,1.5479,1.6454,0.011,A
67,hotel/mongodb-reservation,11.6,267.13,400.43,0.0195,10,216,352.2537,1.5479,321.9,0.0147,A
67,hotel/mongodb-user,9.56,69.12,400.43,0.0,0,223,352.2537,1.5479,1.6454,0.011,A
67,hotel/profile,2498.6,51.19,1119.06,0.0,0,104671,18366.9532,66.93,321.9,3.75,A
67,hotel/rate,1358.59,49.95,1119.14,0.0,0,4594,806.1238,36.3926,321.9,2.03,A
67,hotel/recommendation,496.36,21.86,1119.06,0.0,0,1620,352.2537,13.296,321.9,0.689,A
67,hotel/reservation,3514.01,120.54,1119.06,0.0,0,784008,137572.3769,94.1298,321.9,4.81,A
67,hotel/search,2362.0,45.07,1119.06,0.0,0,20600,3614.7475,63.2709,321.9,3.44,A
67,hotel/user,43.78,16.86,1119.06,0.0,0,679,352.2537,1.5479,321.9,0.0586,A
67,hotel2/consul,22.92,31.02,201.48,0.0,0,1876,352.2537,1.5479,321.9,0.0366,A
67,hotel2/frontend,8144.89,88.44,1119.14,0.0,0,98687,17316.9217,218.1773,321.9,11.5,A
67,hotel2/geo,879.34,23.62,1119.06,0.0,0,2977,522.3837,23.5549,321.9,1.29,A
67,hotel2/jaeger,0.27,14.73,81.01,0.0,0,0,352.2537,1.5479,1.6454,0.0,A
67,hotel2/memcached-profile,201.58,7.68,79.25,0.0,0,2336,409.9053,5.3997,321.9,0.278,A
67,hotel2/memcached-rate,154.16,7.96,79.25,0.0,0,1830,352.2537,4.1295,321.9,0.22,A
67,hotel2/memcached-reserve,233.04,7.69,79.25,0.0,0,1438,352.2537,6.2424,321.9,0.322,A
67,hotel2/mongodb-geo,12.29,68.6,400.43,0.0352,4,167,352.2537,1.5479,321.9,0.0147,A
67,hotel2/mongodb-profile,10.44,70.32,400.43,0.0273,2,114,352.2537,1.5479,321.9,0.0147,A
67,hotel2/mongodb-rate,11.96,69.9,400.43,0.0273,2,123,352.2537,1.5479,321.9,0.011,A
67,hotel2/mongodb-recommendation,10.21,68.89,400.43,0.0273,2,191,352.2537,1.5479,321.9,0.0147,A
67,hotel2/mongodb-reservation,12.08,262.72,400.43,0.0508,10,273,352.2537,1.5479,321.9,0.0147,A
67,hotel2/mongodb-user,10.44,68.71,400.43,0.0,0,206,352.2537,1.5479,321.9,0.0147,A
67,hotel2/profile,2445.62,44.14,1119.06,0.0,0,4604,807.8785,65.5109,321.9,3.37,A
67,hotel2/rate,1384.49,41.72,1119.14,0.0,0,2505,439.5603,37.0863,321.9,1.98,A
67,hotel2/recommendation,578.38,22.43,1119.06,0.0,0,3138,550.6348,15.4931,321.9,0.799,A
67,hotel2/reservation,2706.4,84.87,1119.06,0.0,0,281060,49318.492,72.4964,321.9,3.84,A
67,hotel2/search,2271.89,32.8,1119.06,0.0,0,4077,715.4042,60.8571,321.9,3.2,A
67,hotel2/user,33.78,16.62,1119.06,0.0,0,1383,352.2537,1.5479,321.9,0.0586,A
68,hotel/consul,24.52,31.32,201.48,0.0,0,3036,524.1689,1.5479,359.4728,0.0298,A
68,hotel/frontend,8949.52,166.76,1119.14,0.0,0,1069032,184569.5958,210.7055,359.4728,10.4,A
68,hotel/geo,827.06,25.77,1119.06,0.0,0,1591,352.2537,19.4721,359.4728,0.987,A
68,hotel/jaeger,1.29,14.78,81.01,0.0,0,64,352.2537,1.5479,1.6454,0.0,A
68,hotel/memcached-profile,139.67,8.07,79.25,0.0,0,1283,352.2537,3.2884,359.4728,0.176,A
68,hotel/memcached-rate,138.83,8.0,79.25,0.0,0,1121,352.2537,3.2686,359.4728,0.159,A
68,hotel/memcached-reserve,184.58,8.2,79.25,0.0,0,953,352.2537,4.3457,359.4728,0.192,A
68,hotel/mongodb-geo,10.0,68.8,400.43,0.0234,2,172,352.2537,1.5479,1.6454,0.0166,A
68,hotel/mongodb-profile,10.06,69.66,400.43,0.043,4,136,352.2537,1.5479,359.4728,0.0099,A
68,hotel/mongodb-rate,9.28,71.03,400.43,0.0,0,143,352.2537,1.5479,1.6454,0.0099,A
68,hotel/mongodb-recommendation,10.42,69.29,400.43,0.0234,2,212,352.2537,1.5479,359.4728,0.0133,A
68,hotel/mongodb-reservation,11.57,267.13,400.43,0.0508,14,200,352.2537,1.5479,359.4728,0.0133,A
68,hotel/mongodb-user,10.39,68.93,400.43,0.0234,2,155,352.2537,1.5479,359.4728,0.0099,A
68,hotel/profile,2874.97,49.95,1119.06,0.0,0,195837,33811.4817,67.6877,359.4728,3.22,A
68,hotel/rate,1470.8,49.73,1119.14,0.0,0,1937,352.2537,34.6282,359.4728,1.76,A
68,hotel/recommendation,513.43,21.43,1119.06,0.0,0,1271,352.2537,12.0881,359.4728,0.61,A
68,hotel/reservation,3653.61,117.96,1119.06,0.0,0,849845,146726.7099,86.0198,359.4728,4.35,A
68,hotel/search,2551.94,44.0,1119.06,0.0,0,5613,969.0909,60.0823,359.4728,2.98,A
68,hotel/user,39.44,16.86,1119.06,0.0,0,816,352.2537,1.5479,359.4728,0.0497,A
68,hotel2/consul,23.09,31.02,201.48,0.0,0,2478,427.8295,1.5479,359.4728,0.0298,A
68,hotel2/frontend,8447.86,87.59,1119.14,0.0,0,111820,19305.8507,198.8945,359.4728,10.0,A
68,hotel2/geo,908.67,23.09,1119.06,0.0,0,2654,458.2161,21.3935,359.4728,1.07,A
68,hotel2/jaeger,0.45,14.73,81.01,0.0,0,0,352.2537,1.5479,1.6454,0.0,A
68,hotel2/memcached-profile,202.26,7.67,79.25,0.0,0,1505,352.2537,4.762,359.4728,0.239,A
68,hotel2/memcached-rate,171.64,7.96,79.25,0.0,0,1970,352.2537,4.0411,359.4728,0.192,A
68,hotel2/memcached-reserve,226.94,7.41,79.25,0.0,0,1524,352.2537,5.343,359.4728,0.282,A
68,hotel2/mongodb-geo,9.85,68.6,400.43,0.0,0,114,352.2537,1.5479,1.6454,0.0166,A
68,hotel2/mongodb-profile,9.45,70.14,400.43,0.0,0,141,352.2537,1.5479,1.6454,0.0133,A
68,hotel2/mongodb-rate,9.61,69.74,400.43,0.0,0,168,352.2537,1.5479,1.6454,0.0099,A
68,hotel2/mongodb-recommendation,9.39,68.89,400.43,0.0,0,105,352.2537,1.5479,1.6454,0.0133,A
68,hotel2/mongodb-reservation,10.08,262.57,400.43,0.0156,8,362,352.2537,1.5479,359.4728,0.0133,A
68,hotel2/mongodb-user,10.2,68.71,400.43,0.0273,2,134,352.2537,1.5479,359.4728,0.0133,A
68,hotel2/profile,2562.16,45.91,1119.06,0.0,0,11181,1930.4124,60.3229,359.4728,2.98,A
68,hotel2/rate,1377.24,42.09,1119.14,0.0,0,3187,550.2392,32.4254,359.4728,1.66,A
68,hotel2/recommendation,596.57,21.39,1119.06,0.0,0,2735,472.2009,14.0455,359.4728,0.683,A
68,hotel2/reservation,2684.32,83.5,1119.06,0.0,0,244545,42220.9736,63.199,359.4728,3.2,A
68,hotel2/search,2353.57,31.37,1119.06,0.0,0,3812,658.1462,55.4119,359.4728,2.82,A
68,hotel2/user,40.52,16.62,1119.06,0.0,0,1130,352.2537,1.5479,359.4728,0.0431,A
69,hotel/consul,23.4,31.32,201.48,0.0,0,1771,352.2537,1.5479,344.5753,0.0297,A
69,hotel/frontend,8938.43,170.76,1119.14,0.0,0,1056133,182801.9069,245.4337,344.5753,11.4,A
69,hotel/geo,833.75,24.95,1119.06,0.0,0,1403,352.2537,22.8933,344.5753,1.04,A
69,hotel/jaeger,0.45,14.78,81.01,0.0,0,0,352.2537,1.5479,1.6454,0.0,A
69,hotel/memcached-profile,146.6,9.29,79.25,0.0,0,1060,352.2537,4.0254,344.5753,0.171,A
69,hotel/memcached-rate,143.74,7.75,79.25,0.0,0,1646,352.2537,3.9468,344.5753,0.175,A
69,hotel/memcached-reserve,168.57,7.51,79.25,0.0,0,1148,352.2537,4.6286,344.5753,0.231,A
69,hotel/mongodb-geo,9.25,68.8,400.43,0.0,0,226,352.2537,1.5479,1.6454,0.0099,A
69,hotel/mongodb-profile,9.87,69.66,400.43,0.0,0,126,352.2537,1.5479,1.6454,0.0132,A
69,hotel/mongodb-rate,10.6,71.22,400.43,0.0312,4,133,352.2537,1.5479,344.5753,0.0099,A
69,hotel/mongodb-recommendation,9.13,69.29,400.43,0.0,0,317,352.2537,1.5479,1.6454,0.0099,A
69,hotel/mongodb-reservation,11.38,267.13,400.43,0.0273,14,226,352.2537,1.5479,344.5753,0.0099,A
69,hotel/mongodb-user,9.46,68.93,400.43,0.0,0,108,352.2537,1.5479,1.6454,0.0099,A
69,hotel/profile,2726.25,52.84,1119.06,0.0,0,117289,20301.0917,74.8581,344.5753,3.62,A
69,hotel/rate,1350.51,41.81,1119.14,0.0,0,6873,1189.6205,37.0826,344.5753,1.79,A
69,hotel/recommendation,491.36,22.31,1119.06,0.0,0,1664,352.2537,13.4919,344.5753,0.633,A
69,hotel/reservation,3663.84,123.03,1119.06,0.0,0,624718,108129.9814,100.6027,344.5753,4.72,A
69,hotel/search,2451.56,41.3,1119.06,0.0,0,6825,1181.3124,67.3156,344.5753,3.18,A
69,hotel/user,47.17,17.1,1119.06,0.0,0,876,352.2537,1.5479,344.5753,0.0527,A
69,hotel2/consul,23.06,31.02,201.48,0.0,0,1649,352.2537,1.5479,344.5753,0.0264,A
69,hotel2/frontend,8395.31,84.93,1119.14,0.0,0,96524,16706.9595,230.5206,344.5753,10.1,A
69,hotel2/geo,904.71,22.67,1119.06,0.0,0,2725,471.6595,24.8418,344.5753,1.1,A
69,hotel2/jaeger,0.4,14.73,81.01,0.0,0,0,352.2537,1.5479,1.6454,0.0,A
69,hotel2/memcached-profile,206.78,7.68,79.25,0.0,0,1998,352.2537,5.6778,344.5753,0.244,A
69,hotel2/memcached-rate,180.75,7.71,79.25,0.0,0,1786,352.2537,4.9631,344.5753,0.211,A
69,hotel2/memcached-reserve,234.03,7.42,79.25,0.0,0,1341,352.2537,6.4261,344.5753,0.277,A
69,hotel2/mongodb-geo,10.74,68.6,400.43,0.0273,2,147,352.2537,1.5479,344.5753,0.0099,A
69,hotel2/mongodb-profile,11.26,70.14,400.43,0.0273,2,214,352.2537,1.5479,344.5753,0.0099,A
69,hotel2/mongodb-rate,12.42,69.74,400.43,0.0273,2,258,352.2537,1.5479,344.5753,0.0099,A
69,hotel2/mongodb-recommendation,11.01,68.89,400.43,0.0273,2,155,352.2537,1.5479,344.5753,0.0066,A
69,hotel2/mongodb-reservation,12.33,262.57,400.43,0.0742,14,295,352.2537,1.5479,344.5753,0.0099,A
69,hotel2/mongodb-user,9.79,68.71,400.43,0.0,0,173,352.2537,1.5479,1.6454,0.0099,A
69,hotel2/profile,2436.31,45.67,1119.06,0.0,0,4961,858.68,66.8968,344.5753,2.96,A
69,hotel2/rate,1364.7,39.11,1119.14,0.0,0,2649,458.505,37.4723,344.5753,1.64,A
69,hotel2/recommendation,615.86,20.94,1119.06,0.0,0,2727,472.0057,16.9104,344.5753,0.705,A
69,hotel2/reservation,2715.13,83.26,1119.06,0.0,0,296471,51314.9993,74.5527,344.5753,3.31,A
69,hotel2/search,2264.51,33.78,1119.06,0.0,0,3976,688.1902,62.1795,344.5753,2.8,A
69,hotel2/user,42.69,16.65,1119.06,0.0,0,1123,352.2537,1.5479,344.5753,0.0527,A
70,hotel/consul,25.39,31.32,201.48,0.0,0,2240,377.4598,1.5479,354.9273,0.0303,A
70,hotel/frontend,9252.04,167.66,1119.14,0.0,0,937563,157987.6495,232.2264,354.9273,11.1,A
70,hotel/geo,822.45,23.93,1119.06,0.0,0,1660,352.2537,20.6435,354.9273,0.99,A
70,hotel/jaeger,0.31,14.78,81.01,0.0,0,0,352.2537,1.5479,1.6454,0.0034,A
70,hotel/memcached-profile,162.93,7.8,79.25,0.0,0,1945,352.2537,4.0895,354.9273,0.178,A
70,hotel/memcached-rate,143.34,7.73,79.25,0.0,0,1190,352.2537,3.5978,354.9273,0.182,A
70,hotel/memcached-reserve,178.92,8.18,79.25,0.0,0,1109,352.2537,4.4909,354.9273,0.212,A
70,hotel/mongodb-geo,10.09,68.8,400.43,0.0234,2,107,352.2537,1.5479,354.9273,0.0101,A
70,hotel/mongodb-profile,10.17,69.85,400.43,0.0312,4,190,352.2537,1.5479,354.9273,0.0067,A
70,hotel/mongodb-rate,8.97,71.03,400.43,0.0,0,188,352.2537,1.5479,1.6454,0.0135,A
70,hotel/mongodb-recommendation,10.03,69.29,400.43,0.0352,4,256,352.2537,1.5479,354.9273,0.0101,A
70,hotel/mongodb-reservation,11.31,267.14,400.43,0.043,10,219,352.2537,1.5479,354.9273,0.0168,A
70,hotel/mongodb-user,10.13,68.93,400.43,0.0234,2,150,352.2537,1.5479,354.9273,0.0101,A
70,hotel/profile,2909.11,46.97,1119.06,0.0,0,142452,24004.4207,73.0187,354.9273,3.37,A
70,hotel/rate,1440.39,43.78,1119.14,0.0,0,2154,362.968,36.1538,354.9273,1.72,A
70,hotel/recommendation,560.66,20.59,1119.06,0.0,0,1406,352.2537,14.0726,354.9273,0.606,A
70,hotel/reservation,3854.87,120.92,1119.06,0.0,0,830012,139864.3557,96.7573,354.9273,4.23,A
70,hotel/search,2677.37,41.83,1119.06,0.0,0,71923,12119.661,67.202,354.9273,3.04,A
70,hotel/user,44.74,17.11,1119.06,0.0,0,801,352.2537,1.5479,354.9273,0.0539,A
70,hotel2/consul,25.12,31.02,201.48,0.0,0,2248,378.8079,1.5479,354.9273,0.0303,A
70,hotel2/frontend,8284.62,93.87,1119.14,0.0,0,85150,14348.5274,207.9441,354.9273,10.4,A
70,hotel2/geo,926.01,24.9,1119.06,0.0,0,2606,439.134,23.2429,354.9273,1.16,A
70,hotel2/jaeger,0.37,14.73,81.01,0.0,0,0,352.2537,1.5479,1.6454,0.0,A
70,hotel2/memcached-profile,207.84,8.43,79.25,0.0,0,1788,352.2537,5.2168,354.9273,0.249,A
70,hotel2/memcached-rate,171.67,7.73,79.25,0.0,0,1409,352.2537,4.3089,354.9273,0.226,A
70,hotel2/memcached-reserve,230.04,8.7,79.25,0.0,0,1451,352.2537,5.774,354.9273,0.286,A
70,hotel2/mongodb-geo,9.88,68.79,400.43,0.0,0,186,352.2537,1.5479,1.6454,0.0135,A
70,hotel2/mongodb-profile,9.31,70.14,400.43,0.0,0,189,352.2537,1.5479,1.6454,0.0168,A
70,hotel2/mongodb-rate,9.8,69.74,400.43,0.0,0,281,352.2537,1.5479,1.6454,0.0135,A
70,hotel2/mongodb-recommendation,10.0,68.89,400.43,0.0,0,232,352.2537,1.5479,1.6454,0.0135,A
70,hotel2/mongodb-reservation,11.72,262.58,400.43,0.0273,14,265,352.2537,1.5479,354.9273,0.0135,A
70,hotel2/mongodb-user,10.86,68.71,400.43,0.0273,2,298,352.2537,1.5479,354.9273,0.0101,A
70,hotel2/profile,2494.7,46.51,1119.06,0.0,0,3478,586.0737,62.617,354.9273,3.03,A
70,hotel2/rate,1359.74,38.64,1119.14,0.0,0,2750,463.3993,34.1295,354.9273,1.67,A
70,hotel2/recommendation,605.05,23.27,1119.06,0.0,0,3249,547.4852,15.1868,354.9273,0.764,A
70,hotel2/reservation,2821.0,89.11,1119.06,0.0,0,276921,46663.6353,70.8072,354.9273,3.47,A
70,hotel2/search,2397.18,34.17,1119.06,0.0,0,3534,595.5102,60.1693,354.9273,2.85,A
70,hotel2/user,43.63,16.79,1119.06,0.0,0,1759,352.2537,1.5479,354.9273,0.0573,A
71,hotel/consul,25.25,31.32,201.48,0.0,0,2463,419.6547,1.5479,347.3966,0.0339,A
71,hotel/frontend,9191.2,177.14,1119.14,0.0,0,970086,165286.7163,243.1972,347.3966,11.4,A
71,hotel/geo,799.86,22.65,1119.06,0.0,0,1710,352.2537,21.1641,347.3966,0.999,A
71,hotel/jaeger,0.36,14.78,81.01,0.0,0,0,352.2537,1.5479,1.6454,0.0,A
71,hotel/memcached-profile,155.55,8.01,79.25,0.0,0,1353,352.2537,4.1158,347.3966,0.196,A
71,hotel/memcached-rate,135.96,7.71,79.25,0.0,0,1612,352.2537,3.5975,347.3966,0.176,A
71,hotel/memcached-reserve,190.89,7.48,79.25,0.0,0,815,352.2537,5.0509,347.3966,0.22,A
71,hotel/mongodb-geo,9.73,68.8,400.43,0.0,0,177,352.2537,1.5479,1.6454,0.0135,A
71,hotel/mongodb-profile,9.7,69.66,400.43,0.0,0,306,352.2537,1.5479,1.6454,0.0102,A
71,hotel/mongodb-rate,10.69,71.03,400.43,0.0391,4,178,352.2537,1.5479,347.3966,0.0102,A
71,hotel/mongodb-recommendation,9.68,69.29,400.43,0.0,0,238,352.2537,1.5479,1.6454,0.0068,A
71,hotel/mongodb-reservation,10.57,267.39,400.43,0.0156,8,185,352.2537,1.5479,347.3966,0.0102,A
71,hotel/mongodb-user,9.77,69.12,400.43,0.0,0,132,352.2537,1.5479,1.6454,0.0102,A
71,hotel/profile,2691.39,45.86,1119.06,0.0,0,138889,23664.4037,71.2136,347.3966,3.59,A
71,hotel/rate,1425.99,42.07,1119.14,0.0,0,2095,356.9536,37.7314,347.3966,1.69,A
71,hotel/recommendation,509.92,20.97,1119.06,0.0,0,1795,352.2537,13.4924,347.3966,0.684,A
71,hotel/reservation,3770.51,121.45,1119.06,0.0,0,826172,140766.1351,99.7669,347.3966,4.88,A
71,hotel/search,2449.23,44.5,1119.06,0.0,0,65414,11145.4709,64.8061,347.3966,3.25,A
71,hotel/user,42.03,17.12,1119.06,0.0,0,789,352.2537,1.5479,347.3966,0.0609,A
71,hotel2/consul,23.36,31.02,201.48,0.0,0,2060,352.2537,1.5479,347.3966,0.0339,A
71,hotel2/frontend,8096.0,87.45,1119.14,0.0,0,87950,14985.235,214.2184,347.3966,10.6,A
71,hotel2/geo,889.22,23.3,1119.06,0.0,0,3740,637.2346,23.5286,347.3966,1.2,A
71,hotel2/jaeger,0.34,14.73,81.01,0.0,0,0,352.2537,1.5479,1.6454,0.0,A
71,hotel2/memcached-profile,201.66,7.7,79.25,0.0,0,2099,357.6351,5.3359,347.3966,0.264,A
71,hotel2/memcached-rate,161.0,7.71,79.25,0.0,0,2287,389.6672,4.26,347.3966,0.223,A
71,hotel2/memcached-reserve,229.61,7.4,79.25,0.0,0,1579,352.2537,6.0754,347.3966,0.301,A
71,hotel2/mongodb-geo,10.81,68.79,400.43,0.0273,2,221,352.2537,1.5479,347.3966,0.0102,A
71,hotel2/mongodb-profile,11.46,70.14,400.43,0.0312,2,176,352.2537,1.5479,347.3966,0.0102,A
71,hotel2/mongodb-rate,11.66,69.75,400.43,0.0312,2,272,352.2537,1.5479,347.3966,0.0102,A
71,hotel2/mongodb-recommendation,11.25,68.89,400.43,0.0273,2,181,352.2537,1.5479,347.3966,0.0102,A
71,hotel2/mongodb-reservation,11.89,262.73,400.43,0.0469,8,203,352.2537,1.5479,347.3966,0.0102,A
71,hotel2/mongodb-user,9.99,68.71,400.43,0.0,0,161,352.2537,1.5479,1.6454,0.0102,A
71,hotel2/profile,2486.5,46.44,1119.06,0.0,0,6011,1024.1756,65.7923,347.3966,3.18,A
71,hotel2/rate,1379.87,39.48,1119.14,0.0,0,3130,533.3006,36.5111,347.3966,1.71,A
71,hotel2/recommendation,582.63,21.11,1119.06,0.0,0,2561,436.3523,15.4163,347.3966,0.789,A
71,hotel2/reservation,2738.75,85.23,1119.06,0.0,0,296491,50517.1952,72.4667,347.3966,3.51,A
71,hotel2/search,2255.1,34.06,1119.06,0.0,0,4098,698.2319,59.6695,347.3966,3.07,A
71,hotel2/user,39.89,17.04,1119.06,0.0,0,1075,352.2537,1.5479,347.3966,0.0576,A
72,hotel/consul,26.63,31.32,201.48,0.0,0,2329,404.8026,1.5479,333.7559,0.0337,A
72,hotel/frontend,9531.55,173.77,1119.14,0.0,0,1029457,178929.5425,246.8614,333.7559,12.6,A
72,hotel/geo,817.71,22.92,1119.06,0.0,0,1512,352.2537,21.1782,333.7559,1.06,A
72,hotel/jaeger,0.31,14.78,81.01,0.0,0,0,352.2537,1.5479,1.6454,0.0,A
72,hotel/memcached-profile,149.9,8.01,79.25,0.0,0,1441,352.2537,3.8823,333.7559,0.217,A
72,hotel/memcached-rate,143.32,8.5,79.25,0.0,0,1429,352.2537,3.7119,333.7559,0.191,A
72,hotel/memcached-reserve,172.3,7.84,79.25,0.0,0,1153,352.2537,4.4625,333.7559,0.258,A
72,hotel/mongodb-geo,11.76,68.8,400.43,0.0234,2,112,352.2537,1.5479,333.7559,0.015,A
72,hotel/mongodb-profile,11.0,69.66,400.43,0.0234,2,146,352.2537,1.5479,333.7559,0.0112,A
72,hotel/mongodb-rate,9.75,71.03,400.43,0.0,0,137,352.2537,1.5479,1.6454,0.015,A
72,hotel/mongodb-recommendation,10.71,69.29,400.43,0.0234,2,488,352.2537,1.5479,333.7559,0.0075,A
72,hotel/mongodb-reservation,12.21,267.14,400.43,0.043,10,151,352.2537,1.5479,333.7559,0.015,A
72,hotel/mongodb-user,11.62,68.93,400.43,0.0234,2,127,352.2537,1.5479,333.7559,0.0112,A
72,hotel/profile,2912.94,48.51,1119.06,0.0,0,162728,28283.6938,75.4434,333.7559,3.71,A
72,hotel/rate,1437.54,41.69,1119.14,0.0,0,2114,367.4336,37.2314,333.7559,1.89,A
72,hotel/recommendation,501.21,21.74,1119.06,0.0,0,1404,352.2537,12.981,333.7559,0.704,A
72,hotel/reservation,3559.81,117.14,1119.06,0.0,0,821938,142860.7414,92.1969,333.7559,5.0,A
72,hotel/search,2672.38,44.12,1119.06,0.0,0,5550,964.6435,69.213,333.7559,3.47,A
72,hotel/user,49.84,17.3,1119.06,0.0,0,854,352.2537,1.5479,333.7559,0.0599,A
72,hotel2/consul,22.86,31.02,201.48,0.0,0,2002,352.2537,1.5479,333.7559,0.0337,A
72,hotel2/frontend,8335.88,86.4,1119.14,0.0,0,70659,12281.2148,215.8943,333.7559,11.4,A
72,hotel2/geo,929.79,22.39,1119.06,0.0,0,2826,491.186,24.081,333.7559,1.28,A
72,hotel2/jaeger,0.39,14.73,81.01,0.0,0,0,352.2537,1.5479,1.6454,0.0037,A
72,hotel2/memcached-profile,213.05,8.17,79.25,0.0,0,1841,352.2537,5.5179,333.7559,0.292,A
72,hotel2/memcached-rate,180.73,7.69,79.25,0.0,0,1873,352.2537,4.6808,333.7559,0.225,A
72,hotel2/memcached-reserve,232.69,7.68,79.25,0.0,0,1411,352.2537,6.0265,333.7559,0.326,A
72,hotel2/mongodb-geo,10.24,68.6,400.43,0.0,0,182,352.2537,1.5479,333.7559,0.0112,A
72,hotel2/mongodb-profile,9.3,70.14,400.43,0.0,0,116,352.2537,1.5479,1.6454,0.015,A
72,hotel2/mongodb-rate,12.03,69.75,400.43,0.0,0,130,352.2537,1.5479,333.7559,0.015,A
72,hotel2/mongodb-recommendation,9.67,68.89,400.43,0.0,0,174,352.2537,1.5479,1.6454,0.0112,A
72,hotel2/mongodb-reservation,10.67,262.58,400.43,0.0078,4,130,352.2537,1.5479,333.7559,0.0112,A
72,hotel2/mongodb-user,11.28,68.72,400.43,0.0312,2,159,352.2537,1.5479,333.7559,0.015,A
72,hotel2/profile,2484.0,44.33,1119.06,0.0,0,4209,731.5647,64.3341,333.7559,3.62,A
72,hotel2/rate,1429.67,38.2,1119.14,0.0,0,2904,504.7432,37.0276,333.7559,2.03,A
72,hotel2/recommendation,608.61,21.14,1119.06,0.0,0,2947,512.217,15.7626,333.7559,0.816,A
72,hotel2/reservation,2705.51,83.06,1119.06,0.0,0,249330,43335.9556,70.0711,333.7559,3.89,A
72,hotel2/search,2377.64,35.18,1119.06,0.0,0,3961,688.46,61.5794,333.7559,3.24,A
72,hotel2/user,41.61,16.99,1119.06,0.0,0,1196,352.2537,1.5479,333.7559,0.0562,A
73,hotel/consul,24.65,31.32,201.48,0.0,0,2015,352.2537,1.5479,314.4026,0.0352,A
73,hotel/frontend,9411.95,162.67,1119.14,0.0,0,1033332,177787.7227,233.4437,314.4026,14.1,A
73,hotel/geo,875.77,23.76,1119.06,0.0,0,1747,352.2537,21.7216,314.4026,1.16,A
73,hotel/jaeger,0.36,14.78,81.01,0.0,0,0,352.2537,1.5479,1.6454,0.0039,A
73,hotel/memcached-profile,166.32,8.07,79.25,0.0,0,1286,352.2537,4.1252,314.4026,0.219,A
73,hotel/memcached-rate,145.6,7.73,79.25,0.0,0,1348,352.2537,3.6113,314.4026,0.2,A
73,hotel/memcached-reserve,178.79,7.67,79.25,0.0,0,820,352.2537,4.4345,314.4026,0.243,A
73,hotel/mongodb-geo,9.24,68.99,400.43,0.0,0,170,352.2537,1.5479,1.6454,0.0117,A
73,hotel/mongodb-profile,10.35,69.66,400.43,0.0469,8,230,352.2537,1.5479,314.4026,0.0078,A
73,hotel/mongodb-rate,10.39,71.03,400.43,0.0273,2,130,352.2537,1.5479,314.4026,0.0117,A
73,hotel/mongodb-recommendation,10.41,69.29,400.43,0.0469,8,139,352.2537,1.5479,314.4026,0.0157,A
73,hotel/mongodb-reservation,12.64,267.35,400.43,0.7109,100,252,352.2537,1.5479,314.4026,0.0157,A
73,hotel/mongodb-user,10.19,69.12,400.43,0.0742,10,134,352.2537,1.5479,314.4026,0.0157,A
73,hotel/profile,2926.67,49.16,1119.06,0.0,0,86039,14803.2557,72.5899,314.4026,4.21,A
73,hotel/rate,1493.68,41.38,1119.14,0.0,0,2086,358.9023,37.0476,314.4026,2.1,A
73,hotel/recommendation,549.64,21.96,1119.06,0.0,0,1690,352.2537,13.6327,314.4026,0.689,A
73,hotel/reservation,3726.36,119.55,1119.06,0.0,0,709890,122138.6025,92.4246,314.4026,5.37,A
73,hotel/search,2820.61,40.38,1119.06,0.0,0,50072,8615.0306,69.9593,314.4026,3.83,A
73,hotel/user,43.8,17.29,1119.06,0.0,0,894,352.2537,1.5479,314.4026,0.0705,A
73,hotel2/consul,25.07,31.02,201.48,0.0,0,1803,352.2537,1.5479,314.4026,0.0352,A
73,hotel2/frontend,7956.49,90.88,1119.14,0.0,0,76144,13100.7927,197.3441,314.4026,11.7,A
73,hotel2/geo,920.19,25.57,1119.06,0.0,0,2492,428.7557,22.8234,314.4026,1.29,A
73,hotel2/jaeger,0.35,14.73,81.01,0.0,0,0,352.2537,1.5479,1.6454,0.0,A
73,hotel2/memcached-profile,203.26,8.45,79.25,0.0,0,1810,352.2537,5.0414,314.4026,0.286,A
73,hotel2/memcached-rate,155.82,7.7,79.25,0.0,0,1769,352.2537,3.8648,314.4026,0.243,A
73,hotel2/memcached-reserve,227.82,7.42,79.25,0.0,0,1258,352.2537,5.6506,314.4026,0.329,A
73,hotel2/mongodb-geo,11.12,68.6,400.43,0.0,0,116,352.2537,1.5479,314.4026,0.0117,A
73,hotel2/mongodb-profile,10.91,70.14,400.43,0.0,0,385,352.2537,1.5479,314.4026,0.0157,A
73,hotel2/mongodb-rate,11.34,69.74,400.43,0.0,0,302,352.2537,1.5479,314.4026,0.0157,A
73,hotel2/mongodb-recommendation,10.7,69.08,400.43,0.0,0,172,352.2537,1.5479,314.4026,0.0117,A
73,hotel2/mongodb-reservation,12.83,262.77,400.43,0.0195,10,256,352.2537,1.5479,314.4026,0.0117,A
73,hotel2/mongodb-user,10.42,68.88,400.43,0.0,0,177,352.2537,1.5479,314.4026,0.0117,A
73,hotel2/profile,2374.03,49.39,1119.06,0.0,0,3061,526.6538,58.8828,314.4026,3.39,A
73,hotel2/rate,1431.5,40.04,1119.14,0.0,0,2865,492.9314,35.5054,314.4026,2.06,A
73,hotel2/recommendation,604.45,21.14,1119.06,0.0,0,2505,430.9924,14.9921,314.4026,0.826,A
73,hotel2/reservation,2631.26,86.55,1119.06,0.0,0,322530,55492.2079,65.2629,314.4026,3.92,A
73,hotel2/search,2306.96,31.71,1119.06,0.0,0,3644,626.9606,57.2193,314.4026,3.3,A
73,hotel2/user,39.62,16.75,1119.06,0.0,0,1407,352.2537,1.5479,314.4026,0.0666,A
74,hotel/consul,24.59,31.32,201.48,0.0,0,2221,386.8824,1.5479,326.9276,0.0348,A
74,hotel/frontend,9084.71,166.84,1119.14,0.0,0,1004300,174941.9151,245.1506,326.9276,12.4,A
74,hotel/geo,829.88,25.08,1119.06,0.0,0,1640,352.2537,22.3943,326.9276,1.17,A
74,hotel/jaeger,0.31,14.78,81.01,0.0,0,0,352.2537,1.5479,1.6454,0.0,A
74,hotel/memcached-profile,152.05,8.55,79.25,0.0,0,1590,352.2537,4.1031,326.9276,0.224,A
74,hotel/memcached-rate,140.57,7.75,79.25,0.0,0,1360,352.2537,3.7933,326.9276,0.189,A
74,hotel/memcached-reserve,180.27,8.98,79.25,0.0,0,924,352.2537,4.8646,326.9276,0.247,A
74,hotel/mongodb-geo,10.58,68.8,400.43,0.043,4,290,352.2537,1.5479,326.9276,0.0116,A
74,hotel/mongodb-profile,11.05,69.66,400.43,0.0234,2,204,352.2537,1.5479,326.9276,0.0116,A
74,hotel/mongodb-rate,10.81,71.03,400.43,0.0469,10,276,352.2537,1.5479,326.9276,0.0116,A
74,hotel/mongodb-recommendation,10.62,69.29,400.43,0.0234,2,127,352.2537,1.5479,326.9276,0.0155,A
74,hotel/mongodb-reservation,11.67,267.17,400.43,0.043,8,113,352.2537,1.5479,326.9276,0.0155,A
74,hotel/mongodb-user,11.34,68.93,400.43,0.0234,2,286,352.2537,1.5479,326.9276,0.0155,A
74,hotel/profile,2852.67,47.82,1119.06,0.0,0,152602,26582.1827,76.9792,326.9276,3.99,A
74,hotel/rate,1446.59,44.91,1119.14,0.0,0,2214,385.663,39.0362,326.9276,1.94,A
74,hotel/recommendation,508.79,22.73,1119.06,0.0,0,1390,352.2537,13.7297,326.9276,0.723,A
74,hotel/reservation,3612.83,125.41,1119.06,0.0,0,746885,130102.0534,97.4921,326.9276,5.18,A
74,hotel/search,2476.44,49.32,1119.06,0.0,0,40392,7035.999,66.8267,326.9276,3.87,A
74,hotel/user,47.12,17.29,1119.06,0.0,0,713,352.2537,1.5479,326.9276,0.0503,A
74,hotel2/consul,24.15,31.02,201.48,0.0,0,2340,407.6114,1.5479,326.9276,0.0309,A
74,hotel2/frontend,8639.03,84.69,1119.14,0.0,0,82690,14404.0097,233.1239,326.9276,11.0,A
74,hotel2/geo,981.39,22.12,1119.06,0.0,0,3112,542.0883,26.4828,326.9276,1.29,A
74,hotel2/jaeger,0.4,14.73,81.01,0.0,0,0,352.2537,1.5479,1.6454,0.0,A
74,hotel2/memcached-profile,204.13,7.67,79.25,0.0,0,1522,352.2537,5.5084,326.9276,0.278,A
74,hotel2/memcached-rate,182.91,7.68,79.25,0.0,0,1762,352.2537,4.9358,326.9276,0.224,A
74,hotel2/memcached-reserve,238.54,7.7,79.25,0.0,0,1565,352.2537,6.437,326.9276,0.309,A
74,hotel2/mongodb-geo,10.19,68.61,400.43,0.082,12,140,352.2537,1.5479,326.9276,0.0155,A
74,hotel2/mongodb-profile,10.11,70.15,400.43,0.0781,12,335,352.2537,1.5479,326.9276,0.0155,A
74,hotel2/mongodb-rate,9.58,69.74,400.43,0.0,0,133,352.2537,1.5479,1.6454,0.0193,A
74,hotel2/mongodb-recommendation,9.87,68.91,400.43,0.0664,10,252,352.2537,1.5479,1.6454,0.0116,A
74,hotel2/mongodb-reservation,11.41,262.58,400.43,0.0273,14,381,352.2537,1.5479,326.9276,0.0193,A
74,hotel2/mongodb-user,10.31,68.71,400.43,0.0,0,183,352.2537,1.5479,326.9276,0.0116,A
74,hotel2/profile,2543.25,41.49,1119.06,0.0,0,3425,596.6106,68.6295,326.9276,3.39,A
74,hotel2/rate,1572.53,40.25,1119.14,0.0,0,2706,471.3659,42.4347,326.9276,2.0,A
74,hotel2/recommendation,623.75,21.32,1119.06,0.0,0,3376,588.0752,16.8319,326.9276,0.858,A
74,hotel2/reservation,2868.94,90.84,1119.06,0.0,0,284711,49594.6307,77.4183,326.9276,3.8,A
74,hotel2/search,2509.93,35.46,1119.06,0.0,0,3770,656.7072,67.7304,326.9276,3.29,A
74,hotel2/user,37.84,16.75,1119.06,0.0,0,1255,352.2537,1.5479,326.9276,0.0541,A
75,hotel/consul,23.93,31.32,201.48,0.0,0,2410,430.1729,1.5479,360.3865,0.0304,A
75,hotel/frontend,9584.44,164.01,1119.14,0.0,0,940481,167871.1277,215.079,360.3865,12.0,A
75,hotel/geo,840.83,25.34,1119.06,0.0,0,1502,352.2537,18.8686,360.3865,1.08,A
75,hotel/jaeger,0.38,14.78,81.01,0.0,0,0,352.2537,1.5479,1.6454,0.0,A
75,hotel/memcached-profile,161.76,8.28,79.25,0.0,0,1176,352.2537,3.63,360.3865,0.199,A
75,hotel/memcached-rate,151.31,7.73,79.25,0.0,0,2332,416.2503,3.3955,360.3865,0.182,A
75,hotel/memcached-reserve,179.91,7.45,79.25,0.0,0,1183,352.2537,4.0373,360.3865,0.226,A
75,hotel/mongodb-geo,10.23,68.8,400.43,0.0469,8,157,352.2537,1.5479,360.3865,0.0101,A
75,hotel/mongodb-profile,9.33,69.66,400.43,0.0,0,213,352.2537,1.5479,1.6454,0.0135,A
75,hotel/mongodb-rate,10.85,71.03,400.43,0.0273,2,138,352.2537,1.5479,360.3865,0.0101,A
75,hotel/mongodb-recommendation,9.56,69.29,400.43,0.0,0,144,352.2537,1.5479,1.6454,0.0101,A
75,hotel/mongodb-reservation,11.71,267.17,400.43,0.0391,20,262,352.2537,1.5479,360.3865,0.0101,A
75,hotel/mongodb-user,9.89,68.93,400.43,0.0,0,144,352.2537,1.5479,1.6454,0.0135,A
75,hotel/profile,3118.45,49.23,1119.06,0.0,0,161571,28839.6108,69.9794,360.3865,3.7,A
75,hotel/rate,1649.69,44.17,1119.14,0.0,0,2514,448.7364,37.0198,360.3865,1.95,A
75,hotel/recommendation,541.7,20.97,1119.06,0.0,0,1721,352.2537,12.156,360.3865,0.658,A
75,hotel/reservation,3775.7,121.92,1119.06,0.0,0,738185,131762.3093,84.7284,360.3865,4.42,A
75,hotel/search,2621.22,44.38,1119.06,0.0,0,3155,563.1516,58.8213,360.3865,3.09,A
75,hotel/user,46.44,17.65,1119.06,0.0,0,905,352.2537,1.5479,360.3865,0.0574,A
75,hotel2/consul,22.83,31.02,201.48,0.0,0,1771,352.2537,1.5479,360.3865,0.0337,A
75,hotel2/frontend,8407.0,93.47,1119.14,0.0,0,84359,15057.6572,188.6567,360.3865,10.8,A
75,hotel2/geo,956.69,26.78,1119.06,0.0,0,2497,445.7019,21.4685,360.3865,1.2,A
75,hotel2/jaeger,0.36,14.73,81.01,0.0,0,0,352.2537,1.5479,1.6454,0.0,A
75,hotel2/memcached-profile,190.55,7.95,79.25,0.0,0,2377,424.2825,4.276,360.3865,0.246,A
75,hotel2/memcached-rate,167.22,7.96,79.25,0.0,0,2275,406.0761,3.7525,360.3865,0.219,A
75,hotel2/memcached-reserve,231.06,7.43,79.25,0.0,0,1305,352.2537,5.1851,360.3865,0.297,A
75,hotel2/mongodb-geo,13.32,68.62,400.43,0.0,0,144,352.2537,1.5479,360.3865,0.0135,A
75,hotel2/mongodb-profile,9.76,70.34,400.43,0.0,0,225,352.2537,1.5479,1.6454,0.0135,A
75,hotel2/mongodb-rate,11.0,69.77,400.43,0.0469,8,190,352.2537,1.5479,360.3865,0.0101,A
75,hotel2/mongodb-recommendation,9.89,68.93,400.43,0.0,0,194,352.2537,1.5479,1.6454,0.0101,A
75,hotel2/mongodb-reservation,12.92,262.6,400.43,0.7734,102,342,352.2537,1.5479,360.3865,0.0135,A
75,hotel2/mongodb-user,10.08,68.71,400.43,0.0508,10,246,352.2537,1.5479,360.3865,0.0135,A
75,hotel2/profile,2471.43,45.22,1119.06,0.0,0,4514,805.7263,55.46,360.3865,3.15,A
75,hotel2/rate,1501.96,39.2,1119.14,0.0,0,2830,505.1408,33.7046,360.3865,1.9,A
75,hotel2/recommendation,604.61,21.52,1119.06,0.0,0,2485,443.56,13.5677,360.3865,0.749,A
75,hotel2/reservation,2621.08,83.21,1119.06,0.0,0,226481,40425.7193,58.8182,360.3865,3.42,A
75,hotel2/search,2324.75,36.79,1119.06,0.0,0,3931,701.6637,52.1684,360.3865,3.08,A
75,hotel2/user,37.86,16.76,1119.06,0.0,0,1270,352.2537,1.5479,360.3865,0.0439,A
76,hotel/consul,24.25,31.32,201.48,0.0,0,2217,373.6273,1.5479,346.9631,0.0315,A
76,hotel/frontend,8663.13,173.75,1119.14,0.0,0,942208,158788.7543,204.3933,346.9631,12.0,A
76,hotel/geo,745.81,23.94,1119.06,0.0,0,1844,352.2537,17.5962,346.9631,1.07,A
76,hotel/jaeger,0.31,14.78,81.01,0.0,0,0,352.2537,1.5479,1.6454,0.0,A
76,hotel/memcached-profile,142.89,7.78,79.25,0.0,0,1895,352.2537,3.3713,346.9631,0.2,A
76,hotel/memcached-rate,135.95,7.75,79.25,0.0,0,1211,352.2537,3.2075,346.9631,0.189,A
76,hotel/memcached-reserve,175.61,7.47,79.25,0.0,0,1260,352.2537,4.1432,346.9631,0.221,A
76,hotel/mongodb-geo,10.46,68.8,400.43,0.0234,2,191,352.2537,1.5479,346.9631,0.014,A
76,hotel/mongodb-profile,10.32,69.66,400.43,0.0234,2,173,352.2537,1.5479,346.9631,0.0105,A
76,hotel/mongodb-rate,9.54,71.03,400.43,0.0,0,154,352.2537,1.5479,1.6454,0.0105,A
76,hotel/mongodb-recommendation,10.51,69.29,400.43,0.0352,4,132,352.2537,1.5479,346.9631,0.0105,A
76,hotel/mongodb-reservation,13.47,267.18,400.43,0.0547,14,259,352.2537,1.5479,346.9631,0.0175,A
76,hotel/mongodb-user,11.37,68.93,400.43,0.0234,2,115,352.2537,1.5479,346.9631,0.007,A
76,hotel/profile,2492.61,48.41,1119.06,0.0,0,104366,17588.6292,58.8093,346.9631,3.78,A
76,hotel/rate,1414.56,46.86,1119.14,0.0,0,1743,352.2537,33.3744,346.9631,2.14,A
76,hotel/recommendation,477.21,21.05,1119.06,0.0,0,1373,352.2537,11.259,346.9631,0.641,A
76,hotel/reservation,3689.31,116.11,1119.06,0.0,0,850267,143294.0897,87.0436,346.9631,4.8,A
76,hotel/search,2363.23,44.42,1119.06,0.0,0,42547,7170.3755,55.7568,346.9631,3.34,A
76,hotel/user,39.71,17.42,1119.06,0.0,0,1117,352.2537,1.5479,346.9631,0.056,A
76,hotel2/consul,24.34,31.02,201.48,0.0,0,2680,451.656,1.5479,346.9631,0.035,A
76,hotel2/frontend,8634.19,88.03,1119.14,0.0,0,100068,16864.2944,203.7105,346.9631,11.0,A
76,hotel2/geo,974.44,23.98,1119.06,0.0,0,2826,476.2611,22.9904,346.9631,1.26,A
76,hotel2/jaeger,0.36,14.73,81.01,0.0,0,0,352.2537,1.5479,1.6454,0.0,A
76,hotel2/memcached-profile,202.59,7.69,79.25,0.0,0,1546,352.2537,4.7798,346.9631,0.252,A
76,hotel2/memcached-rate,167.42,7.95,79.25,0.0,0,1570,352.2537,3.95,346.9631,0.221,A
76,hotel2/memcached-reserve,239.34,7.42,79.25,0.0,0,1549,352.2537,5.6469,346.9631,0.305,A
76,hotel2/mongodb-geo,9.63,68.62,400.43,0.0,0,138,352.2537,1.5479,1.6454,0.0175,A
76,hotel2/mongodb-profile,9.38,70.34,400.43,0.0,0,176,352.2537,1.5479,1.6454,0.0105,A
76,hotel2/mongodb-rate,9.95,69.77,400.43,0.0,0,173,352.2537,1.5479,1.6454,0.0105,A
76,hotel2/mongodb-recommendation,9.39,68.93,400.43,0.0,0,185,352.2537,1.5479,1.6454,0.0105,A
76,hotel2/mongodb-reservation,10.08,262.6,400.43,0.0,0,182,352.2537,1.5479,346.9631,0.014,A
76,hotel2/mongodb-user,10.35,68.73,400.43,0.0,0,265,352.2537,1.5479,346.9631,0.0105,A
76,hotel2/profile,2609.69,43.72,1119.06,0.0,0,2963,499.3495,61.5717,346.9631,3.28,A
76,hotel2/rate,1419.68,39.78,1119.14,0.0,0,3436,579.0634,33.4952,346.9631,2.01,A
76,hotel2/recommendation,619.99,22.49,1119.06,0.0,0,2771,466.992,14.6277,346.9631,0.791,A
76,hotel2/reservation,2798.66,83.32,1119.06,0.0,0,242000,40783.8593,66.0301,346.9631,3.6,A
76,hotel2/search,2424.18,33.91,1119.06,0.0,0,4307,725.8516,57.1948,346.9631,3.06,A
76,hotel2/user,48.01,16.93,1119.06,0.0,0,1210,352.2537,1.5479,346.9631,0.0525,A
77,hotel/consul,25.79,31.32,201.48,0.0,0,2103,386.7215,1.5479,352.7636,0.0294,A
77,hotel/frontend,9449.35,171.94,1119.14,0.0,0,1025823,188638.9747,284.2006,352.7636,11.5,A
77,hotel/geo,830.33,25.87,1119.06,0.0,0,1469,352.2537,24.9732,352.7636,0.92,A
77,hotel/jaeger,0.43,14.78,81.01,0.0,0,0,352.2537,1.5479,1.6454,0.0,A
77,hotel/memcached-profile,152.42,8.06,79.25,0.0,0,1408,352.2537,4.5842,352.7636,0.189,A
77,hotel/memcached-rate,136.3,7.77,79.25,0.0,0,1974,362.9996,4.0994,352.7636,0.168,A
77,hotel/memcached-reserve,181.29,7.43,79.25,0.0,0,1241,352.2537,5.4525,352.7636,0.227,A
77,hotel/mongodb-geo,9.49,68.8,400.43,0.0,0,209,352.2537,1.5479,1.6454,0.0168,A
77,hotel/mongodb-profile,9.54,69.66,400.43,0.0,0,164,352.2537,1.5479,1.6454,0.0084,A
77,hotel/mongodb-rate,11.02,71.03,400.43,0.0273,2,193,352.2537,1.5479,352.7636,0.0126,A
77,hotel/mongodb-recommendation,9.66,69.29,400.43,0.0,0,243,352.2537,1.5479,1.6454,0.0126,A
77,hotel/mongodb-reservation,10.02,267.18,400.43,0.0039,2,172,352.2537,1.5479,352.7636,0.0168,A
77,hotel/mongodb-user,9.62,68.93,400.43,0.0,0,160,352.2537,1.5479,1.6454,0.0168,A
77,hotel/profile,2631.3,52.22,1119.06,0.0,0,129274,23772.2442,79.1395,352.7636,3.44,A
77,hotel/rate,1530.13,49.31,1119.14,0.0,0,33928,6239.0326,46.0205,352.7636,1.76,A
77,hotel/recommendation,481.46,21.49,1119.06,0.0,0,1527,352.2537,14.4805,352.7636,0.634,A
77,hotel/reservation,3574.68,113.91,1119.06,0.0,0,710987,130743.665,107.5128,352.7636,4.47,A
77,hotel/search,2540.33,47.37,1119.06,0.0,0,16239,2986.1958,76.4035,352.7636,2.93,A
77,hotel/user,44.76,17.42,1119.06,0.0,0,960,352.2537,1.5479,352.7636,0.0504,A
77,hotel2/consul,23.99,31.02,201.48,0.0,0,2085,383.4114,1.5479,352.7636,0.0336,A
77,hotel2/frontend,8379.63,90.68,1119.14,0.0,0,76730,14109.9084,252.0275,352.7636,11.6,A
77,hotel2/geo,952.42,23.15,1119.06,0.0,0,2702,496.8718,28.6452,352.7636,1.31,A
77,hotel2/jaeger,0.37,14.73,81.01,0.0,0,0,352.2537,1.5479,1.6454,0.0,A
77,hotel2/memcached-profile,199.2,7.68,79.25,0.0,0,1897,352.2537,5.9912,352.7636,0.273,A
77,hotel2/memcached-rate,166.79,7.7,79.25,0.0,0,2023,372.0102,5.0164,352.7636,0.218,A
77,hotel2/memcached-reserve,228.71,7.68,79.25,0.0,0,1654,352.2537,6.8787,352.7636,0.315,A
77,hotel2/mongodb-geo,10.61,68.62,400.43,0.0156,2,150,352.2537,1.5479,352.7636,0.0168,A
77,hotel2/mongodb-profile,10.25,70.37,400.43,0.0156,2,142,352.2537,1.5479,352.7636,0.0084,A
77,hotel2/mongodb-rate,10.3,69.77,400.43,0.0156,2,185,352.2537,1.5479,352.7636,0.0126,A
77,hotel2/mongodb-recommendation,10.17,68.93,400.43,0.0156,2,190,352.2537,1.5479,352.7636,0.0084,A
77,hotel2/mongodb-reservation,12.11,262.61,400.43,0.0391,14,322,352.2537,1.5479,352.7636,0.0126,A
77,hotel2/mongodb-user,9.42,68.73,400.43,0.0,0,346,352.2537,1.5479,1.6454,0.0126,A
77,hotel2/profile,2524.8,44.06,1119.06,0.0,0,3809,700.4384,75.9364,352.7636,3.53,A
77,hotel2/rate,1367.01,38.46,1119.14,0.0,0,2596,477.3794,41.1145,352.7636,1.74,A
77,hotel2/recommendation,601.56,22.09,1119.06,0.0,0,2917,536.4082,18.0926,352.7636,0.831,A
77,hotel2/reservation,2823.65,83.25,1119.06,0.0,0,276300,50808.9102,84.9247,352.7636,3.7,A
77,hotel2/search,2379.54,32.43,1119.06,0.0,0,3842,706.5068,71.5675,352.7636,3.23,A
77,hotel2/user,40.11,16.93,1119.06,0.0,0,1472,352.2537,1.5479,352.7636,0.0546,A
78,hotel/consul,24.55,31.32,201.48,0.0,0,2895,524.9618,1.5479,329.5046,0.0294,A
78,hotel/frontend,9131.39,177.89,1119.14,0.0,0,1160338,210408.6812,213.6331,329.5046,11.5,A
78,hotel/geo,840.01,23.38,1119.06,0.0,0,1656,352.2537,19.6524,329.5046,0.999,A
78,hotel/jaeger,0.39,14.78,81.01,0.0,0,0,352.2537,1.5479,1.6454,0.0,A
78,hotel/memcached-profile,141.8,8.29,79.25,0.0,0,1492,352.2537,3.3175,329.5046,0.179,A
78,hotel/memcached-rate,139.07,7.78,79.25,0.0,0,1515,352.2537,3.2536,329.5046,0.17,A
78,hotel/memcached-reserve,163.42,8.95,79.25,0.0,0,1388,352.2537,3.8233,329.5046,0.225,A
78,hotel/mongodb-geo,11.17,68.8,400.43,0.0234,2,276,352.2537,1.5479,329.5046,0.0098,A
78,hotel/mongodb-profile,10.94,69.67,400.43,0.0312,4,198,352.2537,1.5479,329.5046,0.0098,A
78,hotel/mongodb-rate,10.29,71.03,400.43,0.0,0,123,352.2537,1.5479,329.5046,0.0098,A
78,hotel/mongodb-recommendation,10.55,69.29,400.43,0.0234,2,134,352.2537,1.5479,329.5046,0.0098,A
78,hotel/mongodb-reservation,11.74,267.18,400.43,0.043,8,253,352.2537,1.5479,329.5046,0.0098,A
78,hotel/mongodb-user,10.9,68.93,400.43,0.0273,2,172,352.2537,1.5479,329.5046,0.0131,A
78,hotel/profile,2744.55,48.62,1119.06,0.0,0,104243,18902.7957,64.21,329.5046,3.19,A
78,hotel/rate,1335.8,49.38,1119.14,0.0,0,2543,461.1323,31.2517,329.5046,1.79,A
78,hotel/recommendation,490.02,21.19,1119.06,0.0,0,1747,352.2537,11.4642,329.5046,0.591,A
78,hotel/reservation,3639.58,124.3,1119.06,0.0,0,887565,160945.6737,85.1497,329.5046,4.34,A
78,hotel/search,2410.12,44.51,1119.06,0.0,0,11726,2126.322,56.3859,329.5046,3.06,A
78,hotel/user,35.52,17.67,1119.06,0.0,0,885,352.2537,1.5479,329.5046,0.0522,A
78,hotel2/consul,23.56,31.02,201.48,0.0,0,1742,352.2537,1.5479,329.5046,0.0261,A
78,hotel2/frontend,8541.12,89.25,1119.14,0.0,0,85988,15592.5443,199.8235,329.5046,10.5,A
78,hotel2/geo,932.73,23.27,1119.06,0.0,0,2462,446.4442,21.8217,329.5046,1.16,A
78,hotel2/jaeger,0.31,14.73,81.01,0.0,0,0,352.2537,1.5479,1.6454,0.0,A
78,hotel2/memcached-profile,199.67,8.16,79.25,0.0,0,1896,352.2537,4.6714,329.5046,0.245,A
78,hotel2/memcached-rate,175.63,7.72,79.25,0.0,0,2246,407.2761,4.1089,329.5046,0.209,A
78,hotel2/memcached-reserve,226.74,7.43,79.25,0.0,0,1583,352.2537,5.3047,329.5046,0.284,A
78,hotel2/mongodb-geo,10.38,68.62,400.43,0.0,0,161,352.2537,1.5479,329.5046,0.0131,A
78,hotel2/mongodb-profile,9.71,70.37,400.43,0.0,0,147,352.2537,1.5479,1.6454,0.0098,A
78,hotel2/mongodb-rate,9.58,69.77,400.43,0.0,0,204,352.2537,1.5479,1.6454,0.0098,A
78,hotel2/mongodb-recommendation,9.99,68.93,400.43,0.0,0,243,352.2537,1.5479,1.6454,0.0131,A
78,hotel2/mongodb-reservation,10.83,262.61,400.43,0.0156,8,334,352.2537,1.5479,329.5046,0.0098,A
78,hotel2/mongodb-user,10.87,68.73,400.43,0.0156,2,171,352.2537,1.5479,329.5046,0.0098,A
78,hotel2/profile,2666.55,44.87,1119.06,0.0,0,5267,955.086,62.3852,329.5046,3.29,A
78,hotel2/rate,1430.62,41.8,1119.14,0.0,0,3279,594.594,33.47,329.5046,1.68,A
78,hotel2/recommendation,611.32,20.96,1119.06,0.0,0,3229,585.5273,14.3021,329.5046,0.744,A
78,hotel2/reservation,2802.24,82.27,1119.06,0.0,0,265422,48130.0216,65.5597,329.5046,3.4,A
78,hotel2/search,2365.78,33.89,1119.06,0.0,0,4077,739.2985,55.3485,329.5046,2.96,A
78,hotel2/user,41.59,17.17,1119.06,0.0,0,1225,352.2537,1.5479,329.5046,0.049,A
79,hotel/consul,24.79,31.32,201.48,0.0,0,2000,352.2537,1.5479,385.1411,0.0322,A
79,hotel/frontend,9800.5,174.44,1119.14,0.0,0,1021467,176299.3976,259.6859,385.1411,12.4,A
79,hotel/geo,816.39,25.46,1119.06,0.0,0,1545,352.2537,21.6321,385.1411,1.09,A
79,hotel/jaeger,0.38,14.78,81.01,0.0,0,0,352.2537,1.5479,1.6454,0.0,A
79,hotel/memcached-profile,155.61,7.76,79.25,0.0,0,1610,352.2537,4.1232,385.1411,0.193,A
79,hotel/memcached-rate,142.69,7.75,79.25,0.0,0,1470,352.2537,3.7809,385.1411,0.19,A
79,hotel/memcached-reserve,181.27,8.0,79.25,0.0,0,842,352.2537,4.8031,385.1411,0.211,A
79,hotel/mongodb-geo,9.11,68.99,400.43,0.0,0,175,352.2537,1.5479,1.6454,0.0107,A
79,hotel/mongodb-profile,9.84,69.86,400.43,0.0,0,141,352.2537,1.5479,1.6454,0.0107,A
79,hotel/mongodb-rate,11.03,71.22,400.43,0.0273,2,147,352.2537,1.5479,385.1411,0.0107,A
79,hotel/mongodb-recommendation,9.73,69.73,400.43,0.0,0,185,352.2537,1.5479,1.6454,0.0107,A
79,hotel/mongodb-reservation,10.44,267.36,400.43,0.0156,8,256,352.2537,1.5479,385.1411,0.0143,A
79,hotel/mongodb-user,9.3,69.12,400.43,0.0,0,211,352.2537,1.5479,1.6454,0.0107,A
79,hotel/profile,2779.42,48.41,1119.06,0.0,0,108230,18679.8828,73.6469,385.1411,3.55,A
79,hotel/rate,1463.36,41.0,1119.14,0.0,0,2204,380.3979,38.775,385.1411,1.66,A
79,hotel/recommendation,520.45,20.25,1119.06,0.0,0,1378,352.2537,13.7905,385.1411,0.658,A
79,hotel/reservation,3700.85,115.24,1119.06,0.0,0,833502,143857.7071,98.0622,385.1411,4.64,A
79,hotel/search,2674.0,40.76,1119.06,0.0,0,6805,1174.5043,70.8535,385.1411,3.2,A
79,hotel/user,47.68,17.29,1119.06,0.0,0,1127,352.2537,1.5479,385.1411,0.0429,A
79,hotel2/consul,24.32,31.02,201.48,0.0,0,1744,352.2537,1.5479,385.1411,0.0322,A
79,hotel2/frontend,8469.96,93.56,1119.14,0.0,0,94126,16245.6125,224.4303,385.1411,11.2,A
79,hotel2/geo,936.42,24.23,1119.06,0.0,0,2948,508.808,24.8125,385.1411,1.24,A
79,hotel2/jaeger,0.39,14.73,81.01,0.0,0,0,352.2537,1.5479,1.6454,0.0,A
79,hotel2/memcached-profile,215.88,7.93,79.25,0.0,0,1969,352.2537,5.7202,385.1411,0.272,A
79,hotel2/memcached-rate,169.56,7.97,79.25,0.0,0,1660,352.2537,4.4929,385.1411,0.225,A
79,hotel2/memcached-reserve,234.02,7.7,79.25,0.0,0,1380,352.2537,6.2009,385.1411,0.297,A
79,hotel2/mongodb-geo,10.8,68.62,400.43,0.0547,8,170,352.2537,1.5479,385.1411,0.0107,A
79,hotel2/mongodb-profile,10.51,70.37,400.43,0.0586,8,177,352.2537,1.5479,385.1411,0.0107,A
79,hotel2/mongodb-rate,9.97,69.94,400.43,0.0156,2,184,352.2537,1.5479,1.6454,0.0107,A
79,hotel2/mongodb-recommendation,10.0,68.93,400.43,0.0547,8,230,352.2537,1.5479,1.6454,0.0143,A
79,hotel2/mongodb-reservation,10.96,262.78,400.43,0.0664,12,193,352.2537,1.5479,385.1411,0.0107,A
79,hotel2/mongodb-user,9.71,68.73,400.43,0.0,0,140,352.2537,1.5479,1.6454,0.0143,A
79,hotel2/profile,2467.41,45.99,1119.06,0.0,0,3411,588.7192,65.3795,385.1411,3.54,A
79,hotel2/rate,1478.92,38.93,1119.14,0.0,0,2733,471.7003,39.1873,385.1411,1.94,A
79,hotel2/recommendation,616.41,21.39,1119.06,0.0,0,2504,432.1762,16.3331,385.1411,0.819,A
79,hotel2/reservation,2774.08,83.38,1119.06,0.0,0,223093,38504.5836,73.5054,385.1411,3.75,A
79,hotel2/search,2372.39,32.49,1119.06,0.0,0,3922,676.9149,62.8617,385.1411,3.26,A
79,hotel2/user,45.18,16.68,1119.06,0.0,0,1282,352.2537,1.5479,385.1411,0.0537,A
80,hotel/consul,24.84,31.32,201.48,0.0,0,2025,352.2537,1.5479,372.6283,0.0358,A
80,hotel/frontend,9437.51,180.0,1119.14,0.0,0,980336,167703.2999,260.2167,372.6283,14.2,A
80,hotel/geo,823.87,24.5,1119.06,0.0,0,1572,352.2537,22.7162,372.6283,1.19,A
80,hotel/jaeger,0.38,14.78,81.01,0.0,0,0,352.2537,1.5479,1.6454,0.0,A
80,hotel/memcached-profile,152.14,7.77,79.25,0.0,0,1411,352.2537,4.1949,372.6283,0.219,A
80,hotel/memcached-rate,143.66,7.71,79.25,0.0,0,1200,352.2537,3.9611,372.6283,0.207,A
80,hotel/memcached-reserve,182.67,7.43,79.25,0.0,0,1183,352.2537,5.0367,372.6283,0.254,A
80,hotel/mongodb-geo,10.8,68.99,400.43,0.0234,2,164,352.2537,1.5479,372.6283,0.008,A
80,hotel/mongodb-profile,10.13,69.67,400.43,0.0273,2,166,352.2537,1.5479,372.6283,0.0119,A
80,hotel/mongodb-rate,9.43,71.22,400.43,0.0,0,153,352.2537,1.5479,1.6454,0.0159,A
80,hotel/mongodb-recommendation,9.84,69.48,400.43,0.0273,2,209,352.2537,1.5479,1.6454,0.0119,A
80,hotel/mongodb-reservation,11.65,267.37,400.43,0.043,8,142,352.2537,1.5479,372.6283,0.0119,A
80,hotel/mongodb-user,11.0,69.12,400.43,0.0273,2,212,352.2537,1.5479,372.6283,0.0119,A
80,hotel/profile,2929.65,46.06,1119.06,0.0,0,164547,28148.5887,80.7781,372.6283,3.89,A
80,hotel/rate,1527.96,44.68,1119.14,0.0,0,2117,362.1492,42.1298,372.6283,2.13,A
80,hotel/recommendation,528.82,21.77,1119.06,0.0,0,1403,352.2537,14.5809,372.6283,0.759,A
80,hotel/reservation,3552.02,118.68,1119.06,0.0,0,758159,129696.1104,97.9384,372.6283,5.27,A
80,hotel/search,2657.9,39.59,1119.06,0.0,0,65185,11151.0131,73.2852,372.6283,3.91,A
80,hotel/user,47.86,17.29,1119.06,0.0,0,890,352.2537,1.5479,372.6283,0.0675,A
80,hotel2/consul,23.52,31.02,201.48,0.0,0,2014,352.2537,1.5479,372.6283,0.0358,A
80,hotel2/frontend,8868.45,87.44,1119.14,0.0,0,75693,12948.5869,244.5262,372.6283,12.4,A
80,hotel2/geo,962.61,23.96,1119.06,0.0,0,3062,523.8077,26.5417,372.6283,1.37,A
80,hotel2/jaeger,0.29,14.73,81.01,0.0,0,0,352.2537,1.5479,1.6454,0.0,A
80,hotel2/memcached-profile,215.48,7.68,79.25,0.0,0,1990,352.2537,5.9413,372.6283,0.314,A
80,hotel2/memcached-rate,154.37,7.7,79.25,0.0,0,1943,352.2537,4.2564,372.6283,0.242,A
80,hotel2/memcached-reserve,239.23,7.43,79.25,0.0,0,1520,352.2537,6.5962,372.6283,0.342,A
80,hotel2/mongodb-geo,10.0,68.62,400.43,0.0,0,113,352.2537,1.5479,1.6454,0.0119,A
80,hotel2/mongodb-profile,9.73,70.37,400.43,0.0,0,144,352.2537,1.5479,1.6454,0.0159,A
80,hotel2/mongodb-rate,9.56,69.77,400.43,0.0312,4,181,352.2537,1.5479,1.6454,0.0159,A
80,hotel2/mongodb-recommendation,9.41,68.93,400.43,0.0,0,165,352.2537,1.5479,1.6454,0.0119,A
80,hotel2/mongodb-reservation,11.21,262.61,400.43,0.0312,16,325,352.2537,1.5479,372.6283,0.0159,A
80,hotel2/mongodb-user,10.15,68.73,400.43,0.0547,8,258,352.2537,1.5479,372.6283,0.0119,A
80,hotel2/profile,2679.09,47.06,1119.06,0.0,0,6729,1151.111,73.8695,372.6283,3.73,A
80,hotel2/rate,1413.74,39.81,1119.14,0.0,0,2890,494.3841,38.9805,372.6283,2.01,A
80,hotel2/recommendation,643.24,20.77,1119.06,0.0,0,3356,574.1014,17.7358,372.6283,0.906,A
80,hotel2/reservation,2872.67,89.43,1119.06,0.0,0,265071,45344.9444,79.207,372.6283,3.88,A
80,hotel2/search,2412.35,34.72,1119.06,0.0,0,3403,582.1416,66.5148,372.6283,3.46,A
80,hotel2/user,40.45,16.68,1119.06,0.0,0,1159,352.2537,1.5479,372.6283,0.0596,A
81,hotel/consul,23.77,31.32,201.48,0.0,0,2420,437.3419,1.5479,402.4002,0.0313,A
81,hotel/frontend,9277.36,181.38,1119.14,0.0,0,1102082,199168.0512,254.7202,402.4002,12.0,A
81,hotel/geo,789.9,23.35,1119.06,0.0,0,1621,352.2537,21.6876,402.4002,1.04,A
81,hotel/jaeger,0.32,14.78,81.01,0.0,0,0,352.2537,1.5479,1.6454,0.0,A
81,hotel/memcached-profile,153.26,7.77,79.25,0.0,0,1251,352.2537,4.2079,402.4002,0.184,A
81,hotel/memcached-rate,144.26,7.97,79.25,0.0,0,1708,352.2537,3.9608,402.4002,0.181,A
81,hotel/memcached-reserve,179.07,7.43,79.25,0.0,0,936,352.2537,4.9166,402.4002,0.229,A
81,hotel/mongodb-geo,8.8,68.99,400.43,0.0,0,143,352.2537,1.5479,1.6454,0.0104,A
81,hotel/mongodb-profile,8.97,69.86,400.43,0.0,0,164,352.2537,1.5479,1.6454,0.0139,A
81,hotel/mongodb-rate,10.01,71.22,400.43,0.0273,2,119,352.2537,1.5479,402.4002,0.0104,A
81,hotel/mongodb-recommendation,9.61,69.48,400.43,0.0,0,231,352.2537,1.5479,1.6454,0.0104,A
81,hotel/mongodb-reservation,9.38,267.18,400.43,0.0117,6,190,352.2537,1.5479,1.6454,0.0104,A
81,hotel/mongodb-user,9.28,69.12,400.43,0.0,0,191,352.2537,1.5479,1.6454,0.0104,A
81,hotel/profile,2624.36,48.09,1119.06,0.0,0,150185,27141.4049,72.0547,402.4002,3.61,A
81,hotel/rate,1559.16,42.68,1119.14,0.0,0,11943,2158.3367,42.8085,402.4002,1.92,A
81,hotel/recommendation,473.6,21.43,1119.06,0.0,0,1815,352.2537,13.0032,402.4002,0.622,A
81,hotel/reservation,3652.12,116.51,1119.06,0.0,0,741605,134022.7157,100.273,402.4002,4.68,A
81,hotel/search,2590.84,39.74,1119.06,0.0,0,54832,9909.2287,71.1344,402.4002,3.34,A
81,hotel/user,44.14,17.28,1119.06,0.0,0,929,352.2537,1.5479,402.4002,0.0625,A
81,hotel2/consul,23.98,31.02,201.48,0.0,0,2115,382.2224,1.5479,402.4002,0.0313,A
81,hotel2/frontend,8429.52,87.34,1119.14,0.0,0,97811,17676.3855,231.4418,402.4002,11.1,A
81,hotel2/geo,919.23,22.77,1119.06,0.0,0,2553,461.3777,25.2385,402.4002,1.22,A
81,hotel2/jaeger,0.35,14.73,81.01,0.0,0,0,352.2537,1.5479,1.6454,0.0,A
81,hotel2/memcached-profile,202.18,8.44,79.25,0.0,0,1976,357.1023,5.5511,402.4002,0.267,A
81,hotel2/memcached-rate,154.75,8.2,79.25,0.0,0,3128,565.2916,4.2488,402.4002,0.195,A
81,hotel2/memcached-reserve,236.74,7.43,79.25,0.0,0,1267,352.2537,6.5,402.4002,0.299,A
81,hotel2/mongodb-geo,9.82,68.81,400.43,0.0156,2,149,352.2537,1.5479,1.6454,0.0139,A
81,hotel2/mongodb-profile,9.77,70.37,400.43,0.0156,2,199,352.2537,1.5479,1.6454,0.0139,A
81,hotel2/mongodb-rate,10.41,69.77,400.43,0.0156,2,301,352.2537,1.5479,402.4002,0.0104,A
81,hotel2/mongodb-recommendation,9.7,68.93,400.43,0.0156,2,129,352.2537,1.5479,1.6454,0.0104,A
81,hotel2/mongodb-reservation,11.0,262.62,400.43,0.0469,16,260,352.2537,1.5479,402.4002,0.0139,A
81,hotel2/mongodb-user,8.8,68.73,400.43,0.0,0,172,352.2537,1.5479,1.6454,0.007,A
81,hotel2/profile,2531.64,45.28,1119.06,0.0,0,3274,591.6767,69.509,402.4002,3.3,A
81,hotel2/rate,1444.79,40.14,1119.14,0.0,0,3094,559.1471,39.6683,402.4002,1.91,A
81,hotel2/recommendation,609.68,21.03,1119.06,0.0,0,2897,523.5453,16.7394,402.4002,0.813,A
81,hotel2/reservation,2691.25,83.61,1119.06,0.0,0,288697,52173.2674,73.8912,402.4002,3.67,A
81,hotel2/search,2323.7,34.9,1119.06,0.0,0,4186,756.4931,63.7998,402.4002,3.09,A
81,hotel2/user,36.11,16.68,1119.06,0.0,0,1399,352.2537,1.5479,402.4002,0.0486,A
82,hotel/consul,23.68,31.32,201.48,0.0,0,1812,352.2537,1.5479,349.5476,0.0299,A
82,hotel/frontend,9306.07,171.02,1119.14,0.0,0,934186,154966.6314,200.9881,349.5476,11.8,A
82,hotel/geo,899.07,24.17,1119.06,0.0,0,1624,352.2537,19.4177,349.5476,0.991,A
82,hotel/jaeger,0.37,14.78,81.01,0.0,0,0,352.2537,1.5479,1.6454,0.0,A
82,hotel/memcached-profile,165.97,7.76,79.25,0.0,0,2199,364.7792,3.5845,349.5476,0.206,A
82,hotel/memcached-rate,143.43,7.71,79.25,0.0,0,1191,352.2537,3.0977,349.5476,0.18,A
82,hotel/memcached-reserve,185.93,7.42,79.25,0.0,0,936,352.2537,4.0156,349.5476,0.226,A
82,hotel/mongodb-geo,10.24,68.81,400.43,0.0273,2,152,352.2537,1.5479,349.5476,0.0066,A
82,hotel/mongodb-profile,10.81,69.67,400.43,0.0469,4,165,352.2537,1.5479,349.5476,0.01,A
82,hotel/mongodb-rate,9.25,71.22,400.43,0.0,0,226,352.2537,1.5479,1.6454,0.01,A
82,hotel/mongodb-recommendation,10.6,69.48,400.43,0.0391,4,191,352.2537,1.5479,349.5476,0.01,A
82,hotel/mongodb-reservation,12.08,267.18,400.43,0.0547,12,189,352.2537,1.5479,349.5476,0.01,A
82,hotel/mongodb-user,10.61,68.93,400.43,0.0273,2,206,352.2537,1.5479,349.5476,0.01,A
82,hotel/profile,3200.12,47.66,1119.06,0.0,0,227366,37716.411,69.1147,349.5476,3.39,A
82,hotel/rate,1582.83,43.72,1119.14,0.0,0,2492,413.3833,34.1852,349.5476,1.94,A
82,hotel/recommendation,534.12,22.7,1119.06,0.0,0,1375,352.2537,11.5357,349.5476,0.628,A
82,hotel/reservation,3736.99,119.27,1119.06,0.0,0,756355,125467.2908,80.7098,349.5476,4.43,A
82,hotel/search,2736.11,39.92,1119.06,0.0,0,28102,4661.6758,59.0932,349.5476,3.26,A
82,hotel/user,48.73,17.33,1119.06,0.0,0,976,352.2537,1.5479,349.5476,0.0598,A
82,hotel2/consul,24.39,31.02,201.48,0.0,0,2240,371.5805,1.5479,349.5476,0.0299,A
82,hotel2/frontend,8238.88,88.82,1119.14,0.0,0,80833,13408.9118,177.9395,349.5476,10.4,A
82,hotel2/geo,902.34,22.88,1119.06,0.0,0,2564,425.3269,19.4883,349.5476,1.11,A
82,hotel2/jaeger,0.38,14.73,81.01,0.0,0,0,352.2537,1.5479,1.6454,0.0033,A
82,hotel2/memcached-profile,200.72,7.7,79.25,0.0,0,1542,352.2537,4.3351,349.5476,0.243,A
82,hotel2/memcached-rate,167.38,7.7,79.25,0.0,0,1732,352.2537,3.615,349.5476,0.189,A
82,hotel2/memcached-reserve,221.06,7.42,79.25,0.0,0,1845,352.2537,4.7744,349.5476,0.289,A
82,hotel2/mongodb-geo,10.81,68.81,400.43,0.0,0,250,352.2537,1.5479,349.5476,0.0133,A
82,hotel2/mongodb-profile,9.96,70.37,400.43,0.0,0,209,352.2537,1.5479,1.6454,0.0133,A
82,hotel2/mongodb-rate,9.75,69.95,400.43,0.0,0,193,352.2537,1.5479,1.6454,0.0133,A
82,hotel2/mongodb-recommendation,9.22,68.93,400.43,0.0,0,152,352.2537,1.5479,1.6454,0.01,A
82,hotel2/mongodb-reservation,10.96,262.62,400.43,0.0312,16,420,352.2537,1.5479,349.5476,0.0133,A
82,hotel2/mongodb-user,10.17,68.73,400.43,0.0156,2,238,352.2537,1.5479,349.5476,0.0066,A
82,hotel2/profile,2623.55,46.91,1119.06,0.0,0,11320,1877.8083,56.6622,349.5476,3.04,A
82,hotel2/rate,1410.75,38.88,1119.14,0.0,0,2801,464.6414,30.4687,349.5476,1.76,A
82,hotel2/recommendation,592.37,21.8,1119.06,0.0,0,3421,567.4896,12.7937,349.5476,0.725,A
82,hotel2/reservation,2694.02,93.51,1119.06,0.0,0,210272,34880.7877,58.1842,349.5476,3.3,A
82,hotel2/search,2314.47,35.69,1119.06,0.0,0,3943,654.0811,49.9868,349.5476,2.86,A
82,hotel2/user,43.2,17.09,1119.06,0.0,0,1411,352.2537,1.5479,349.5476,0.0465,A
83,hotel/consul,23.97,31.32,201.48,0.0,0,2124,389.5239,1.5479,366.6888,0.0327,A
83,hotel/frontend,9083.92,166.31,1119.14,0.0,0,924112,169474.4265,245.6699,366.6888,12.0,A
83,hotel/geo,799.95,21.79,1119.06,0.0,0,1630,352.2537,21.6342,366.6888,1.15,A
83,hotel/jaeger,0.31,14.78,81.01,0.0,0,0,352.2537,1.5479,1.6454,0.0036,A
83,hotel/memcached-profile,150.41,8.28,79.25,0.0,0,1444,352.2537,4.0678,366.6888,0.211,A
83,hotel/memcached-rate,127.98,7.74,79.25,0.0,0,1942,356.1466,3.4612,366.6888,0.175,A
83,hotel/memcached-reserve,166.76,9.52,79.25,0.0,0,1000,352.2537,4.5099,366.6888,0.247,A
83,hotel/mongodb-geo,9.26,68.81,400.43,0.0,0,151,352.2537,1.5479,1.6454,0.0109,A
83,hotel/mongodb-profile,9.9,69.67,400.43,0.0,0,176,352.2537,1.5479,1.6454,0.0182,A
83,hotel/mongodb-rate,10.97,71.03,400.43,0.0273,2,257,352.2537,1.5479,366.6888,0.0073,A
83,hotel/mongodb-recommendation,9.85,69.29,400.43,0.0,0,197,352.2537,1.5479,1.6454,0.0109,A
83,hotel/mongodb-reservation,10.55,267.18,400.43,0.0156,8,123,352.2537,1.5479,366.6888,0.0146,A
83,hotel/mongodb-user,9.4,68.93,400.43,0.0,0,194,352.2537,1.5479,1.6454,0.0146,A
83,hotel/profile,2998.07,48.04,1119.06,0.0,0,110754,20311.359,81.0812,366.6888,4.09,A
83,hotel/rate,1383.43,45.77,1119.14,0.0,0,2217,406.5793,37.4141,366.6888,2.02,A
83,hotel/recommendation,496.36,24.35,1119.06,0.0,0,1762,352.2537,13.4238,366.6888,0.695,A
83,hotel/reservation,3812.97,117.2,1119.06,0.0,0,825858,151455.4631,103.1198,366.6888,4.87,A
83,hotel/search,2533.54,44.13,1119.06,0.0,0,3632,666.0785,68.5183,366.6888,3.51,A
83,hotel/user,42.07,17.58,1119.06,0.0,0,801,352.2537,1.5479,366.6888,0.0546,A
83,hotel2/consul,24.66,31.02,201.48,0.0,0,1894,352.2537,1.5479,366.6888,0.0327,A
83,hotel2/frontend,8170.31,87.05,1119.14,0.0,0,71591,13129.1918,220.9618,366.6888,10.8,A
83,hotel2/geo,923.51,24.54,1119.06,0.0,0,3271,599.8741,24.9758,366.6888,1.17,A
83,hotel2/jaeger,0.29,14.73,81.01,0.0,0,0,352.2537,1.5479,1.6454,0.0,A
83,hotel2/memcached-profile,201.09,7.7,79.25,0.0,0,2155,395.209,5.4384,366.6888,0.269,A
83,hotel2/memcached-rate,173.16,7.71,79.25,0.0,0,2205,404.3786,4.683,366.6888,0.226,A
83,hotel2/memcached-reserve,236.26,7.41,79.25,0.0,0,1355,352.2537,6.3895,366.6888,0.291,A
83,hotel2/mongodb-geo,10.41,68.62,400.43,0.0156,2,123,352.2537,1.5479,366.6888,0.0146,A
83,hotel2/mongodb-profile,10.04,70.37,400.43,0.0156,2,170,352.2537,1.5479,366.6888,0.0109,A
83,hotel2/mongodb-rate,10.01,69.94,400.43,0.0156,2,172,352.2537,1.5479,366.6888,0.0146,A
83,hotel2/mongodb-recommendation,9.98,68.93,400.43,0.0156,2,239,352.2537,1.5479,1.6454,0.0109,A
83,hotel2/mongodb-reservation,11.98,262.8,400.43,0.0508,18,225,352.2537,1.5479,366.6888,0.0146,A
83,hotel2/mongodb-user,9.83,68.73,400.43,0.0,0,502,352.2537,1.5479,1.6454,0.0109,A
83,hotel2/profile,2578.2,46.34,1119.06,0.0,0,16245,2979.1974,69.7261,366.6888,3.43,A
83,hotel2/rate,1488.44,39.53,1119.14,0.0,0,2766,507.2613,40.2541,366.6888,1.77,A
83,hotel2/recommendation,616.69,20.73,1119.06,0.0,0,2434,446.3753,16.6781,366.6888,0.778,A
83,hotel2/reservation,2757.37,81.09,1119.06,0.0,0,260857,47838.9962,74.5716,366.6888,3.6,A
83,hotel2/search,2357.8,33.68,1119.06,0.0,0,3942,722.9299,63.7655,366.6888,2.97,A
83,hotel2/user,38.4,16.84,1119.06,0.0,0,1249,352.2537,1.5479,366.6888,0.0509,A
84,hotel/consul,24.76,31.32,201.48,0.0,0,2290,402.2936,1.5479,316.8281,0.0276,A
84,hotel/frontend,8764.2,163.5,1119.14,0.0,0,988803,173707.027,231.068,316.8281,11.7,A
84,hotel/geo,764.86,23.48,1119.06,0.0,0,1675,352.2537,20.1655,316.8281,1.03,A
84,hotel/jaeger,0.31,14.78,81.01,0.0,0,0,352.2537,1.5479,1.6454,0.0,A
84,hotel/memcached-profile,143.52,8.27,79.25,0.0,0,1348,352.2537,3.7839,316.8281,0.186,A
84,hotel/memcached-rate,142.68,8.5,79.25,0.0,0,1231,352.2537,3.7618,316.8281,0.172,A
84,hotel/memcached-reserve,169.72,7.79,79.25,0.0,0,1085,352.2537,4.4747,316.8281,0.207,A
84,hotel/mongodb-geo,10.76,68.81,400.43,0.0273,2,152,352.2537,1.5479,316.8281,0.0103,A
84,hotel/mongodb-profile,11.39,69.67,400.43,0.0273,2,216,352.2537,1.5479,316.8281,0.0103,A
84,hotel/mongodb-rate,9.1,71.03,400.43,0.0,0,141,352.2537,1.5479,1.6454,0.0103,A
84,hotel/mongodb-recommendation,10.97,69.3,400.43,0.0273,2,174,352.2537,1.5479,316.8281,0.0138,A
84,hotel/mongodb-reservation,12.52,267.19,400.43,0.0508,10,206,352.2537,1.5479,316.8281,0.0172,A
84,hotel/mongodb-user,11.22,68.93,400.43,0.0273,2,133,352.2537,1.5479,316.8281,0.0103,A
84,hotel/profile,2702.99,50.27,1119.06,0.0,0,152027,26707.1987,71.2643,316.8281,3.69,A
84,hotel/rate,1474.55,48.77,1119.14,0.0,0,10596,1861.4422,38.8765,316.8281,1.74,A
84,hotel/recommendation,514.88,23.12,1119.06,0.0,0,1751,352.2537,13.5748,316.8281,0.651,A
84,hotel/reservation,3600.44,127.89,1119.06,0.0,0,782131,137400.1199,94.9255,316.8281,4.69,A
84,hotel/search,2651.66,43.27,1119.06,0.0,0,21088,3704.6144,69.911,316.8281,3.24,A
84,hotel/user,43.92,17.34,1119.06,0.0,0,1070,352.2537,1.5479,316.8281,0.0517,A
84,hotel2/consul,23.08,31.02,201.48,0.0,0,2046,359.4291,1.5479,316.8281,0.0345,A
84,hotel2/frontend,8704.08,90.09,1119.14,0.0,0,76730,13479.4698,229.4829,316.8281,10.4,A
84,hotel2/geo,943.15,22.45,1119.06,0.0,0,2728,479.2388,24.8661,316.8281,1.2,A
84,hotel2/jaeger,0.27,14.73,81.01,0.0,0,0,352.2537,1.5479,1.6454,0.0,A
84,hotel2/memcached-profile,210.43,7.93,79.25,0.0,0,1970,352.2537,5.548,316.8281,0.255,A
84,hotel2/memcached-rate,169.06,7.7,79.25,0.0,0,1660,352.2537,4.4573,316.8281,0.221,A
84,hotel2/memcached-reserve,239.42,7.43,79.25,0.0,0,1498,352.2537,6.3123,316.8281,0.3,A
84,hotel2/mongodb-geo,10.72,68.62,400.43,0.0,0,145,352.2537,1.5479,316.8281,0.0138,A
84,hotel2/mongodb-profile,10.03,70.37,400.43,0.0,0,170,352.2537,1.5479,316.8281,0.0103,A
84,hotel2/mongodb-rate,10.43,69.77,400.43,0.0,0,243,352.2537,1.5479,316.8281,0.0103,A
84,hotel2/mongodb-recommendation,10.5,68.93,400.43,0.0,0,374,352.2537,1.5479,316.8281,0.0138,A
84,hotel2/mongodb-reservation,10.46,262.62,400.43,0.0156,8,196,352.2537,1.5479,316.8281,0.0138,A
84,hotel2/mongodb-user,11.04,68.73,400.43,0.0195,4,166,352.2537,1.5479,316.8281,0.0069,A
84,hotel2/profile,2485.28,44.69,1119.06,0.0,0,3263,573.2244,65.5244,316.8281,3.33,A
84,hotel2/rate,1428.03,40.39,1119.14,0.0,0,3415,599.9269,37.65,316.8281,1.89,A
84,hotel2/recommendation,620.28,21.85,1119.06,0.0,0,2772,486.9685,16.3537,316.8281,0.782,A
84,hotel2/reservation,2811.16,88.2,1119.06,0.0,0,236491,41545.3316,74.1162,316.8281,3.6,A
84,hotel2/search,2481.26,36.2,1119.06,0.0,0,3659,642.7913,65.4184,316.8281,3.06,A
84,hotel2/user,40.72,16.84,1119.06,0.0,0,1813,352.2537,1.5479,316.8281,0.0414,A
85,hotel/consul,25.8,31.32,201.48,0.0,0,2299,400.2209,1.5479,322.7005,0.0307,A
85,hotel/frontend,9524.78,168.5,1119.14,0.0,0,872459,151881.8418,221.9176,322.7005,11.3,A
85,hotel/geo,792.0,22.94,1119.06,0.0,0,1820,352.2537,18.4528,322.7005,0.902,A
85,hotel/jaeger,0.34,14.78,81.01,0.0,0,0,352.2537,1.5479,1.6454,0.0,A
85,hotel/memcached-profile,158.58,7.79,79.25,0.0,0,1243,352.2537,3.6948,322.7005,0.178,A
85,hotel/memcached-rate,152.3,7.73,79.25,0.0,0,2078,361.7482,3.5484,322.7005,0.178,A
85,hotel/memcached-reserve,189.21,8.47,79.25,0.0,0,1044,352.2537,4.4084,322.7005,0.215,A
85,hotel/mongodb-geo,9.83,68.81,400.43,0.0,0,171,352.2537,1.5479,1.6454,0.0102,A
85,hotel/mongodb-profile,10.76,69.67,400.43,0.0508,12,157,352.2537,1.5479,322.7005,0.0102,A
85,hotel/mongodb-rate,11.76,71.03,400.43,0.0,0,219,352.2537,1.5479,322.7005,0.0102,A
85,hotel/mongodb-recommendation,10.53,69.49,400.43,0.0508,12,135,352.2537,1.5479,322.7005,0.0068,A
85,hotel/mongodb-reservation,14.69,267.2,400.43,0.6875,90,297,352.2537,1.5479,322.7005,0.0102,A
85,hotel/mongodb-user,10.6,69.12,400.43,0.0508,12,191,352.2537,1.5479,322.7005,0.0137,A
85,hotel/profile,3054.34,48.44,1119.06,0.0,0,159932,27841.7286,71.163,322.7005,3.24,A
85,hotel/rate,1524.88,43.23,1119.14,0.0,0,10537,1834.3314,35.5281,322.7005,1.85,A
85,hotel/recommendation,525.44,22.39,1119.06,0.0,0,1725,352.2537,12.2422,322.7005,0.635,A
85,hotel/reservation,3861.72,125.65,1119.06,0.0,0,846948,147440.7648,89.9741,322.7005,4.21,A
85,hotel/search,2553.99,46.0,1119.06,0.0,0,5941,1034.2377,59.5054,322.7005,3.18,A
85,hotel/user,41.93,17.69,1119.06,0.0,0,981,352.2537,1.5479,322.7005,0.0546,A
85,hotel2/consul,23.36,31.02,201.48,0.0,0,1982,352.2537,1.5479,322.7005,0.0307,A
85,hotel2/frontend,8506.88,89.08,1119.14,0.0,0,106148,18478.7523,198.2016,322.7005,11.2,A
85,hotel2/geo,863.13,22.7,1119.06,0.0,0,2421,421.4593,20.11,322.7005,1.18,A
85,hotel2/jaeger,0.34,14.73,81.01,0.0,0,0,352.2537,1.5479,1.6454,0.0,A
85,hotel2/memcached-profile,205.13,7.93,79.25,0.0,0,1744,352.2537,4.7793,322.7005,0.273,A
85,hotel2/memcached-rate,164.85,7.71,79.25,0.0,0,2350,409.0993,3.8408,322.7005,0.222,A
85,hotel2/memcached-reserve,215.29,7.44,79.25,0.0,0,1083,352.2537,5.016,322.7005,0.304,A
85,hotel2/mongodb-geo,10.84,68.81,400.43,0.0195,2,116,352.2537,1.5479,322.7005,0.0102,A
85,hotel2/mongodb-profile,10.87,70.37,400.43,0.0195,2,211,352.2537,1.5479,322.7005,0.0068,A
85,hotel2/mongodb-rate,11.13,69.77,400.43,0.0195,2,258,352.2537,1.5479,322.7005,0.0102,A
85,hotel2/mongodb-recommendation,10.97,69.12,400.43,0.0273,4,275,352.2537,1.5479,322.7005,0.0137,A
85,hotel2/mongodb-reservation,12.54,262.63,400.43,0.043,14,262,352.2537,1.5479,322.7005,0.0137,A
85,hotel2/mongodb-user,9.75,68.73,400.43,0.0,0,173,352.2537,1.5479,1.6454,0.0137,A
85,hotel2/profile,2507.13,43.36,1119.06,0.0,0,5258,915.3378,58.4136,322.7005,3.31,A
85,hotel2/rate,1376.49,38.86,1119.14,0.0,0,2712,472.118,32.0708,322.7005,1.83,A
85,hotel2/recommendation,601.24,20.33,1119.06,0.0,0,3092,538.2702,14.0083,322.7005,0.772,A
85,hotel2/reservation,2695.78,83.27,1119.06,0.0,0,310993,54139.1511,62.8089,322.7005,3.52,A
85,hotel2/search,2199.06,33.98,1119.06,0.0,0,4270,743.3421,51.2359,322.7005,3.1,A
85,hotel2/user,40.06,16.93,1119.06,0.0,0,1310,352.2537,1.5479,322.7005,0.0512,A
86,hotel/consul,23.44,31.32,201.48,0.0,0,2190,364.7537,1.5479,303.8041,0.0407,A
86,hotel/frontend,9044.2,173.09,1119.14,0.0,0,1038033,172888.7346,210.9851,303.8041,14.5,A
86,hotel/geo,878.85,24.18,1119.06,0.0,0,1889,352.2537,20.502,303.8041,1.3,A
86,hotel/jaeger,0.34,14.78,81.01,0.0,0,0,352.2537,1.5479,1.6454,0.0,A
86,hotel/memcached-profile,152.03,7.76,79.25,0.0,0,1943,352.2537,3.5466,303.8041,0.253,A
86,hotel/memcached-rate,141.12,7.72,79.25,0.0,0,1511,352.2537,3.2921,303.8041,0.231,A
86,hotel/memcached-reserve,184.6,8.71,79.25,0.0,0,1067,352.2537,4.3064,303.8041,0.303,A
86,hotel/mongodb-geo,10.74,68.81,400.43,0.0508,4,155,352.2537,1.5479,303.8041,0.0091,A
86,hotel/mongodb-profile,12.78,69.86,400.43,0.0273,2,338,352.2537,1.5479,303.8041,0.0136,A
86,hotel/mongodb-rate,10.73,71.04,400.43,0.0703,12,291,352.2537,1.5479,303.8041,0.0136,A
86,hotel/mongodb-recommendation,12.17,69.3,400.43,0.0273,2,212,352.2537,1.5479,303.8041,0.0091,A
86,hotel/mongodb-reservation,11.07,267.19,400.43,0.0352,2,142,352.2537,1.5479,303.8041,0.0226,A
86,hotel/mongodb-user,10.62,68.94,400.43,0.0273,2,306,352.2537,1.5479,303.8041,0.0136,A
86,hotel/profile,2870.54,50.45,1119.06,0.0,0,126258,21028.7976,66.9646,303.8041,4.78,A
86,hotel/rate,1559.06,40.95,1119.14,0.0,0,2798,466.0186,36.3701,303.8041,2.35,A
86,hotel/recommendation,492.08,21.15,1119.06,0.0,0,1249,352.2537,11.4794,303.8041,0.837,A
86,hotel/reservation,3867.36,128.41,1119.06,0.0,0,931787,155193.0193,90.2186,303.8041,5.99,A
86,hotel/search,2682.75,41.52,1119.06,0.0,0,31784,5293.758,62.5838,303.8041,4.2,A
86,hotel/user,44.09,17.44,1119.06,0.0,0,1135,352.2537,1.5479,303.8041,0.0679,A
86,hotel2/consul,23.95,31.02,201.48,0.0,0,2252,375.08,1.5479,303.8041,0.0407,A
86,hotel2/frontend,8419.93,89.01,1119.14,0.0,0,77918,12977.5686,196.422,303.8041,13.8,A
86,hotel2/geo,956.33,23.82,1119.06,0.0,0,3055,508.823,22.3095,303.8041,1.43,A
86,hotel2/jaeger,0.28,14.73,81.01,0.0,0,0,352.2537,1.5479,1.6454,0.0,A
86,hotel2/memcached-profile,209.54,7.68,79.25,0.0,0,1521,352.2537,4.8882,303.8041,0.344,A
86,hotel2/memcached-rate,168.77,7.95,79.25,0.0,0,1539,352.2537,3.9371,303.8041,0.262,A
86,hotel2/memcached-reserve,231.86,7.96,79.25,0.0,0,1775,352.2537,5.4089,303.8041,0.362,A
86,hotel2/mongodb-geo,10.92,68.62,400.43,0.0469,10,182,352.2537,1.5479,303.8041,0.0136,A
86,hotel2/mongodb-profile,10.81,70.37,400.43,0.0664,12,236,352.2537,1.5479,303.8041,0.0136,A
86,hotel2/mongodb-rate,11.29,69.77,400.43,0.0,0,180,352.2537,1.5479,303.8041,0.0136,A
86,hotel2/mongodb-recommendation,10.2,68.93,400.43,0.0469,10,145,352.2537,1.5479,303.8041,0.0226,A
86,hotel2/mongodb-reservation,11.49,262.63,400.43,0.0156,8,460,352.2537,1.5479,303.8041,0.0181,A
86,hotel2/mongodb-user,12.09,68.74,400.43,0.0195,2,258,352.2537,1.5479,303.8041,0.0136,A
86,hotel2/profile,2530.25,45.65,1119.06,0.0,0,5903,983.1693,59.0262,303.8041,3.96,A
86,hotel2/rate,1466.36,39.32,1119.14,0.0,0,2906,484.0064,34.2076,303.8041,2.24,A
86,hotel2/recommendation,595.71,21.34,1119.06,0.0,0,2836,472.3477,13.8969,303.8041,0.991,A
86,hotel2/reservation,2778.29,80.38,1119.06,0.0,0,308160,51325.336,64.8126,303.8041,4.67,A
86,hotel2/search,2325.19,33.04,1119.06,0.0,0,3502,583.2727,54.2425,303.8041,3.67,A
86,hotel2/user,36.23,17.07,1119.06,0.0,0,1019,352.2537,1.5479,303.8041,0.0679,A
87,hotel/consul,25.75,31.32,201.48,0.0,0,2207,408.825,1.5479,312.3932,0.0262,A
87,hotel/frontend,9138.04,175.16,1119.14,0.0,0,1003719,185929.0534,232.2737,312.3932,11.4,A
87,hotel/geo,828.72,25.27,1119.06,0.0,0,1483,352.2537,21.0647,312.3932,1.16,A
87,hotel/jaeger,0.38,14.78,81.01,0.0,0,0,352.2537,1.5479,1.6454,0.0,A
87,hotel/memcached-profile,157.97,8.05,79.25,0.0,0,1312,352.2537,4.0153,312.3932,0.203,A
87,hotel/memcached-rate,139.42,7.71,79.25,0.0,0,1894,352.2537,3.5438,312.3932,0.18,A
87,hotel/memcached-reserve,183.53,7.45,79.25,0.0,0,890,352.2537,4.665,312.3932,0.235,A
87,hotel/mongodb-geo,9.73,68.81,400.43,0.0508,12,75,352.2537,1.5479,1.6454,0.0131,A
87,hotel/mongodb-profile,9.78,69.67,400.43,0.0,0,213,352.2537,1.5479,1.6454,0.0098,A
87,hotel/mongodb-rate,12.3,71.05,400.43,0.0,0,114,352.2537,1.5479,312.3932,0.0131,A
87,hotel/mongodb-recommendation,10.07,69.3,400.43,0.0,0,126,352.2537,1.5479,312.3932,0.0131,A
87,hotel/mongodb-reservation,10.93,267.45,400.43,0.0039,2,136,352.2537,1.5479,312.3932,0.0098,A
87,hotel/mongodb-user,11.84,68.94,400.43,0.0,0,142,352.2537,1.5479,312.3932,0.0098,A
87,hotel/profile,2761.11,46.99,1119.06,0.0,0,147582,27338.1111,70.1828,312.3932,3.7,A
87,hotel/rate,1454.74,42.15,1119.14,0.0,0,1982,367.146,36.9771,312.3932,1.93,A
87,hotel/recommendation,490.0,20.93,1119.06,0.0,0,1404,352.2537,12.455,312.3932,0.631,A
87,hotel/reservation,3380.68,122.33,1119.06,0.0,0,807117,149510.4704,85.9312,312.3932,4.66,A
87,hotel/search,2553.45,40.97,1119.06,0.0,0,4589,850.067,64.9044,312.3932,3.43,A
87,hotel/user,38.32,17.44,1119.06,0.0,0,939,352.2537,1.5479,312.3932,0.0523,A
87,hotel2/consul,23.08,31.02,201.48,0.0,0,2248,416.4198,1.5479,312.3932,0.0262,A
87,hotel2/frontend,8191.98,88.57,1119.14,0.0,0,87500,16208.5127,208.2265,312.3932,10.3,A
87,hotel2/geo,863.68,24.26,1119.06,0.0,0,2451,454.0236,21.9533,312.3932,1.18,A
87,hotel2/jaeger,1.38,14.73,81.01,0.0,0,147,352.2537,1.5479,1.6454,0.0,A
87,hotel2/memcached-profile,188.71,7.67,79.25,0.0,0,2751,509.5956,4.7967,312.3932,0.255,A
87,hotel2/memcached-rate,170.2,7.71,79.25,0.0,0,1796,352.2537,4.3262,312.3932,0.209,A
87,hotel2/memcached-reserve,227.18,8.19,79.25,0.0,0,1220,352.2537,5.7745,312.3932,0.288,A
87,hotel2/mongodb-geo,10.66,68.62,400.43,0.0195,2,136,352.2537,1.5479,312.3932,0.0131,A
87,hotel2/mongodb-profile,11.79,70.37,400.43,0.0234,4,161,352.2537,1.5479,312.3932,0.0098,A
87,hotel2/mongodb-rate,11.08,69.77,400.43,0.0742,14,116,352.2537,1.5479,312.3932,0.0131,A
87,hotel2/mongodb-recommendation,11.27,68.93,400.43,0.0195,2,198,352.2537,1.5479,312.3932,0.0131,A
87,hotel2/mongodb-reservation,13.22,262.68,400.43,0.7461,102,324,352.2537,1.5479,312.3932,0.0098,A
87,hotel2/mongodb-user,10.28,68.74,400.43,0.0469,10,110,352.2537,1.5479,312.3932,0.0098,A
87,hotel2/profile,2394.18,45.19,1119.06,0.0,0,3522,652.4158,60.8561,312.3932,3.17,A
87,hotel2/rate,1390.55,38.95,1119.14,0.0,0,2954,547.1994,35.3455,312.3932,1.76,A
87,hotel2/recommendation,573.15,21.98,1119.06,0.0,0,2535,469.5838,14.5685,312.3932,0.729,A
87,hotel2/reservation,2636.42,83.9,1119.06,0.0,0,307660,56990.9831,67.0134,312.3932,3.53,A
87,hotel2/search,2266.55,34.56,1119.06,0.0,0,3891,720.7694,57.6119,312.3932,2.82,A
87,hotel2/user,37.81,17.14,1119.06,0.0,0,1567,352.2537,1.5479,312.3932,0.0458,A
88,hotel/consul,25.35,31.32,201.48,0.0,0,2198,378.7661,1.5479,356.8764,0.0307,A
88,hotel/frontend,9427.56,173.51,1119.14,0.0,0,973319,167725.3208,263.6031,356.8764,10.5,A
88,hotel/geo,827.47,23.21,1119.06,0.0,0,1545,352.2537,23.1368,356.8764,0.941,A
88,hotel/jaeger,0.34,14.78,81.01,0.0,0,0,352.2537,1.5479,1.6454,0.0,A
88,hotel/memcached-profile,153.64,7.79,79.25,0.0,0,1630,352.2537,4.2959,356.8764,0.184,A
88,hotel/memcached-rate,142.99,7.72,79.25,0.0,0,1401,352.2537,3.9981,356.8764,0.166,A
88,hotel/memcached-reserve,182.08,7.44,79.25,0.0,0,1345,352.2537,5.0911,356.8764,0.202,A
88,hotel/mongodb-geo,9.96,68.81,400.43,0.0273,2,170,352.2537,1.5479,1.6454,0.0092,A
88,hotel/mongodb-profile,10.56,69.67,400.43,0.0273,2,245,352.2537,1.5479,356.8764,0.0123,A
88,hotel/mongodb-rate,9.52,71.05,400.43,0.0,0,167,352.2537,1.5479,1.6454,0.0123,A
88,hotel/mongodb-recommendation,10.51,69.49,400.43,0.0273,2,204,352.2537,1.5479,356.8764,0.0092,A
88,hotel/mongodb-reservation,11.72,267.2,400.43,0.0547,12,166,352.2537,1.5479,356.8764,0.0092,A
88,hotel/mongodb-user,11.19,68.94,400.43,0.0273,2,377,352.2537,1.5479,356.8764,0.0123,A
88,hotel/profile,2808.07,48.11,1119.06,0.0,0,96357,16604.5343,78.5162,356.8764,3.26,A
88,hotel/rate,1534.67,42.88,1119.14,0.0,0,2567,442.3533,42.9108,356.8764,1.73,A
88,hotel/recommendation,511.68,23.08,1119.06,0.0,0,1542,352.2537,14.307,356.8764,0.598,A
88,hotel/reservation,3722.57,117.46,1119.06,0.0,0,645725,111273.3161,104.0864,356.8764,4.06,A
88,hotel/search,2718.58,42.46,1119.06,0.0,0,33060,5697.0008,76.014,356.8764,2.99,A
88,hotel/user,54.24,17.1,1119.06,0.0,0,873,352.2537,1.5479,356.8764,0.046,A
88,hotel2/consul,23.4,31.02,201.48,0.0,0,2116,364.6356,1.5479,356.8764,0.0245,A
88,hotel2/frontend,8558.57,90.8,1119.14,0.0,0,108454,18689.1265,239.3054,356.8764,9.57,A
88,hotel2/geo,975.17,24.31,1119.06,0.0,0,2525,435.1158,27.2666,356.8764,1.02,A
88,hotel2/jaeger,0.29,14.73,81.01,0.0,0,0,352.2537,1.5479,1.6454,0.0,A
88,hotel2/memcached-profile,199.76,7.68,79.25,0.0,0,1546,352.2537,5.5855,356.8764,0.224,A
88,hotel2/memcached-rate,176.18,7.7,79.25,0.0,0,1603,352.2537,4.9262,356.8764,0.196,A
88,hotel2/memcached-reserve,228.91,7.41,79.25,0.0,0,1400,352.2537,6.4005,356.8764,0.264,A
88,hotel2/mongodb-geo,9.74,68.62,400.43,0.0,0,134,352.2537,1.5479,1.6454,0.0092,A
88,hotel2/mongodb-profile,9.41,70.37,400.43,0.0,0,279,352.2537,1.5479,1.6454,0.0123,A
88,hotel2/mongodb-rate,9.15,69.96,400.43,0.0,0,219,352.2537,1.5479,1.6454,0.0092,A
88,hotel2/mongodb-recommendation,10.14,68.93,400.43,0.0,0,171,352.2537,1.5479,356.8764,0.0092,A
88,hotel2/mongodb-reservation,10.32,262.68,400.43,0.0078,4,198,352.2537,1.5479,356.8764,0.0092,A
88,hotel2/mongodb-user,10.21,68.74,400.43,0.0234,4,186,352.2537,1.5479,356.8764,0.0061,A
88,hotel2/profile,2652.84,45.53,1119.06,0.0,0,5167,890.3933,74.1758,356.8764,2.84,A
88,hotel2/rate,1422.42,37.89,1119.14,0.0,0,3074,529.7211,39.7722,356.8764,1.67,A
88,hotel2/recommendation,600.76,21.87,1119.06,0.0,0,3523,607.0942,16.7978,356.8764,0.677,A
88,hotel2/reservation,2750.34,83.36,1119.06,0.0,0,225929,38932.7795,76.902,356.8764,2.97,A
88,hotel2/search,2460.62,36.2,1119.06,0.0,0,4178,719.9658,68.8012,356.8764,2.68,A
88,hotel2/user,38.05,17.13,1119.06,0.0,0,1096,352.2537,1.5479,356.8764,0.0429,A
89,hotel/consul,24.16,31.32,201.48,0.0,0,1963,352.2537,1.5479,326.2819,0.03,A
89,hotel/frontend,8766.96,174.62,1119.14,0.0,0,1048015,184832.8046,240.2992,326.2819,10.9,A
89,hotel/geo,765.59,24.03,1119.06,0.0,0,1643,352.2537,20.9845,326.2819,0.884,A
89,hotel/jaeger,0.26,14.78,81.01,0.0,0,0,352.2537,1.5479,1.6454,0.0,A
89,hotel/memcached-profile,136.85,7.78,79.25,0.0,0,1154,352.2537,3.751,326.2819,0.168,A
89,hotel/memcached-rate,130.81,7.72,79.25,0.0,0,2134,376.3622,3.5855,326.2819,0.168,A
89,hotel/memcached-reserve,160.51,7.48,79.25,0.0,0,830,352.2537,4.3995,326.2819,0.206,A
89,hotel/mongodb-geo,11.08,68.81,400.43,0.0,0,130,352.2537,1.5479,326.2819,0.015,A
89,hotel/mongodb-profile,9.61,69.67,400.43,0.0,0,322,352.2537,1.5479,1.6454,0.0112,A
89,hotel/mongodb-rate,10.51,71.05,400.43,0.0156,2,127,352.2537,1.5479,326.2819,0.0112,A
89,hotel/mongodb-recommendation,10.31,69.3,400.43,0.0,0,162,352.2537,1.5479,326.2819,0.0112,A
89,hotel/mongodb-reservation,10.72,267.2,400.43,0.0078,4,179,352.2537,1.5479,326.2819,0.015,A
89,hotel/mongodb-user,9.85,68.94,400.43,0.0,0,174,352.2537,1.5479,1.6454,0.015,A
89,hotel/profile,2612.49,44.48,1119.06,0.0,0,128792,22714.3567,71.6074,326.2819,3.08,A
89,hotel/rate,1467.33,42.08,1119.14,0.0,0,1969,352.2537,40.219,326.2819,1.74,A
89,hotel/recommendation,494.6,21.36,1119.06,0.0,0,1538,352.2537,13.5568,326.2819,0.569,A
89,hotel/reservation,3480.82,119.08,1119.06,0.0,0,738755,130290.2712,95.408,326.2819,4.3,A
89,hotel/search,2382.92,47.13,1119.06,0.0,0,33384,5887.7577,65.315,326.2819,2.99,A
89,hotel/user,39.86,17.09,1119.06,0.0,0,1002,352.2537,1.5479,326.2819,0.0711,A
89,hotel2/consul,23.48,31.02,201.48,0.0,0,2321,409.3424,1.5479,326.2819,0.0262,A
89,hotel2/frontend,8542.74,91.37,1119.14,0.0,0,87764,15478.4676,234.1534,326.2819,10.4,A
89,hotel2/geo,949.22,23.78,1119.06,0.0,0,3255,574.067,26.0178,326.2819,1.21,A
89,hotel2/jaeger,0.35,14.73,81.01,0.0,0,0,352.2537,1.5479,1.6454,0.0075,A
89,hotel2/memcached-profile,195.81,7.68,79.25,0.0,0,1918,352.2537,5.3671,326.2819,0.236,A
89,hotel2/memcached-rate,180.24,7.71,79.25,0.0,0,2473,436.1498,4.9403,326.2819,0.221,A
89,hotel2/memcached-reserve,239.11,7.46,79.25,0.0,0,1621,352.2537,6.5539,326.2819,0.277,A
89,hotel2/mongodb-geo,10.93,68.62,400.43,0.0195,2,152,352.2537,1.5479,326.2819,0.0075,A
89,hotel2/mongodb-profile,10.69,70.37,400.43,0.0195,2,166,352.2537,1.5479,326.2819,0.0112,A
89,hotel2/mongodb-rate,10.54,69.77,400.43,0.0195,2,122,352.2537,1.5479,326.2819,0.0112,A
89,hotel2/mongodb-recommendation,10.67,68.93,400.43,0.0195,2,211,352.2537,1.5479,326.2819,0.0112,A
89,hotel2/mongodb-reservation,11.52,262.68,400.43,0.0352,10,177,352.2537,1.5479,326.2819,0.0112,A
89,hotel2/mongodb-user,9.5,68.74,400.43,0.0,0,149,352.2537,1.5479,1.6454,0.0112,A
89,hotel2/profile,2570.45,43.03,1119.06,0.0,0,3368,593.9962,70.4551,326.2819,3.18,A
89,hotel2/rate,1502.04,38.12,1119.14,0.0,0,2691,474.5973,41.1704,326.2819,1.73,A
89,hotel2/recommendation,616.82,20.91,1119.06,0.0,0,2556,450.7881,16.9068,326.2819,0.723,A
89,hotel2/reservation,2727.22,84.34,1119.06,0.0,0,241158,42531.7476,74.7521,326.2819,3.41,A
89,hotel2/search,2392.99,34.84,1119.06,0.0,0,3794,669.1275,65.591,326.2819,3.05,A
89,hotel2/user,43.28,16.77,1119.06,0.0,0,1486,352.2537,1.5479,326.2819,0.0449,A
90,hotel/consul,25.36,31.32,201.48,0.0,0,2113,354.3318,1.5479,364.0738,0.0276,A
90,hotel/frontend,9302.46,167.15,1119.14,0.0,0,985967,165338.1081,234.7251,364.0738,10.7,A
90,hotel/geo,792.97,27.68,1119.06,0.0,0,1497,352.2537,20.0087,364.0738,0.873,A
90,hotel/jaeger,0.34,14.78,81.01,0.0,0,0,352.2537,1.5479,1.6454,0.0,A
90,hotel/memcached-profile,149.92,7.78,79.25,0.0,0,1535,352.2537,3.7829,364.0738,0.166,A
90,hotel/memcached-rate,141.07,7.72,79.25,0.0,0,2002,352.2537,3.5596,364.0738,0.155,A
90,hotel/memcached-reserve,168.61,7.75,79.25,0.0,0,1298,352.2537,4.2545,364.0738,0.197,A
90,hotel/mongodb-geo,10.26,69.0,400.43,0.0273,2,136,352.2537,1.5479,364.0738,0.0138,A
90,hotel/mongodb-profile,10.39,69.67,400.43,0.0273,2,333,352.2537,1.5479,364.0738,0.0104,A
90,hotel/mongodb-rate,9.69,71.24,400.43,0.0,0,173,352.2537,1.5479,1.6454,0.0104,A
90,hotel/mongodb-recommendation,10.44,69.49,400.43,0.0273,2,221,352.2537,1.5479,364.0738,0.0138,A
90,hotel/mongodb-reservation,11.58,267.2,400.43,0.0508,10,202,352.2537,1.5479,364.0738,0.0138,A
90,hotel/mongodb-user,10.31,69.12,400.43,0.0273,2,199,352.2537,1.5479,364.0738,0.0104,A
90,hotel/profile,2783.05,53.47,1119.06,0.0,0,151628,25426.6995,70.2235,364.0738,3.09,A
90,hotel/rate,1462.75,42.88,1119.14,0.0,0,2307,386.8639,36.909,364.0738,1.83,A
90,hotel/recommendation,497.02,21.5,1119.06,0.0,0,1637,352.2537,12.5411,364.0738,0.556,A
90,hotel/reservation,3525.53,129.06,1119.06,0.0,0,889160,149104.4144,88.9582,364.0738,4.1,A
90,hotel/search,2454.25,42.53,1119.06,0.0,0,5204,872.6656,61.9271,364.0738,2.81,A
90,hotel/user,43.78,17.1,1119.06,0.0,0,1011,352.2537,1.5479,364.0738,0.0483,A
90,hotel2/consul,25.97,31.02,201.48,0.0,0,2188,366.9086,1.5479,364.0738,0.0276,A
90,hotel2/frontend,8579.9,91.39,1119.14,0.0,0,120295,20172.4274,216.493,364.0738,11.0,A
90,hotel2/geo,946.83,24.14,1119.06,0.0,0,2449,410.676,23.891,364.0738,1.2,A
90,hotel2/jaeger,0.36,14.73,81.01,0.0,0,0,352.2537,1.5479,1.6454,0.0,A
90,hotel2/memcached-profile,199.84,7.68,79.25,0.0,0,2043,352.2537,5.0425,364.0738,0.245,A
90,hotel2/memcached-rate,174.27,7.71,79.25,0.0,0,1762,352.2537,4.3973,364.0738,0.231,A
90,hotel2/memcached-reserve,232.59,7.43,79.25,0.0,0,1584,352.2537,5.8688,364.0738,0.304,A
90,hotel2/mongodb-geo,9.74,68.62,400.43,0.0,0,158,352.2537,1.5479,1.6454,0.0104,A
90,hotel2/mongodb-profile,9.13,70.37,400.43,0.0,0,237,352.2537,1.5479,1.6454,0.0104,A
90,hotel2/mongodb-rate,9.45,69.77,400.43,0.0,0,212,352.2537,1.5479,1.6454,0.0173,A
90,hotel2/mongodb-recommendation,9.2,69.12,400.43,0.0,0,258,352.2537,1.5479,1.6454,0.0104,A
90,hotel2/mongodb-reservation,9.91,262.68,400.43,0.0078,4,168,352.2537,1.5479,1.6454,0.0138,A
90,hotel2/mongodb-user,10.18,68.74,400.43,0.0195,2,154,352.2537,1.5479,364.0738,0.0104,A
90,hotel2/profile,2566.57,43.23,1119.06,0.0,0,3387,567.9705,64.7612,364.0738,3.28,A
90,hotel2/rate,1485.68,38.95,1119.14,0.0,0,3297,552.8783,37.4875,364.0738,1.89,A
90,hotel2/recommendation,612.91,22.25,1119.06,0.0,0,3617,606.5395,15.4653,364.0738,0.783,A
90,hotel2/reservation,2782.59,84.78,1119.06,0.0,0,284290,47672.9655,70.2119,364.0738,3.47,A
90,hotel2/search,2410.34,33.12,1119.06,0.0,0,3531,592.1181,60.8191,364.0738,3.06,A
90,hotel2/user,36.83,16.77,1119.06,0.0,0,982,352.2537,1.5479,364.0738,0.0518,A
91,hotel/consul,26.46,31.73,201.48,0.0,0,1872,352.2537,1.5479,347.8709,0.0417,A
91,hotel/frontend,8884.64,174.43,1119.14,0.0,0,897684,160765.7643,213.9088,347.8709,13.2,A
91,hotel/geo,835.41,25.13,1119.06,0.0,0,1554,352.2537,20.1135,347.8709,1.17,A
91,hotel/jaeger,0.33,14.78,81.01,0.0,0,0,352.2537,1.5479,1.6454,0.0,A
91,hotel/memcached-profile,157.06,7.77,79.25,0.0,0,1465,352.2537,3.7814,347.8709,0.212,A
91,hotel/memcached-rate,148.68,8.94,79.25,0.0,0,1611,352.2537,3.5797,347.8709,0.201,A
91,hotel/memcached-reserve,184.5,9.93,79.25,0.0,0,865,352.2537,4.4421,347.8709,0.235,A
91,hotel/mongodb-geo,9.34,69.0,400.43,0.0,0,109,352.2537,1.5479,1.6454,0.0114,A
91,hotel/mongodb-profile,10.06,69.86,400.43,0.0,0,189,352.2537,1.5479,347.8709,0.0076,A
91,hotel/mongodb-rate,11.11,71.05,400.43,0.0156,2,273,352.2537,1.5479,347.8709,0.0152,A
91,hotel/mongodb-recommendation,9.51,69.3,400.43,0.0,0,155,352.2537,1.5479,1.6454,0.0152,A
91,hotel/mongodb-reservation,10.31,267.2,400.43,0.0117,6,151,352.2537,1.5479,347.8709,0.0152,A
91,hotel/mongodb-user,9.78,68.94,400.43,0.0,0,255,352.2537,1.5479,1.6454,0.0114,A
91,hotel/profile,2815.24,57.79,1119.06,0.0,0,183561,32873.8448,67.7804,347.8709,3.86,A
91,hotel/rate,1576.67,44.61,1119.14,0.0,0,2216,396.8623,37.9603,347.8709,2.05,A
91,hotel/recommendation,530.0,21.27,1119.06,0.0,0,1494,352.2537,12.7604,347.8709,0.739,A
91,hotel/reservation,3534.4,133.22,1119.06,0.0,0,680205,121817.5624,85.0951,347.8709,4.85,A
91,hotel/search,2765.82,46.21,1119.06,0.0,0,44148,7906.4425,66.5906,347.8709,3.61,A
91,hotel/user,42.95,17.09,1119.06,0.0,0,1121,352.2537,1.5479,347.8709,0.0568,A
91,hotel2/consul,23.68,31.02,201.48,0.0,0,2418,433.0384,1.5479,347.8709,0.0379,A
91,hotel2/frontend,8413.25,90.73,1119.14,0.0,0,71328,12774.0947,202.5595,347.8709,11.7,A
91,hotel2/geo,909.58,23.97,1119.06,0.0,0,2735,489.8097,21.8993,347.8709,1.31,A
91,hotel2/jaeger,0.31,14.73,81.01,0.0,0,0,352.2537,1.5479,1.6454,0.0,A
91,hotel2/memcached-profile,198.37,7.69,79.25,0.0,0,2033,364.0889,4.776,347.8709,0.28,A
91,hotel2/memcached-rate,175.55,7.72,79.25,0.0,0,2560,458.4691,4.2266,347.8709,0.246,A
91,hotel2/memcached-reserve,229.4,7.43,79.25,0.0,0,1417,352.2537,5.5231,347.8709,0.326,A
91,hotel2/mongodb-geo,10.71,68.63,400.43,0.0234,4,215,352.2537,1.5479,347.8709,0.0152,A
91,hotel2/mongodb-profile,10.72,70.56,400.43,0.0195,2,134,352.2537,1.5479,347.8709,0.0114,A
91,hotel2/mongodb-rate,10.52,69.77,400.43,0.0195,2,115,352.2537,1.5479,347.8709,0.0114,A
91,hotel2/mongodb-recommendation,9.89,68.93,400.43,0.0195,2,96,352.2537,1.5479,1.6454,0.0152,A
91,hotel2/mongodb-reservation,11.22,262.69,400.43,0.0352,8,169,352.2537,1.5479,347.8709,0.0152,A
91,hotel2/mongodb-user,10.59,68.74,400.43,0.0,0,151,352.2537,1.5479,347.8709,0.0152,A
91,hotel2/profile,2554.34,44.01,1119.06,0.0,0,9078,1625.7743,61.4989,347.8709,3.42,A
91,hotel2/rate,1406.02,39.34,1119.14,0.0,0,2725,488.0188,33.8517,347.8709,1.99,A
91,hotel2/recommendation,603.33,20.82,1119.06,0.0,0,2467,441.8138,14.5259,347.8709,0.849,A
91,hotel2/reservation,2687.28,83.21,1119.06,0.0,0,256986,46023.4901,64.6996,347.8709,4.0,A
91,hotel2/search,2328.14,35.35,1119.06,0.0,0,4431,793.5455,56.0529,347.8709,3.42,A
91,hotel2/user,38.83,16.77,1119.06,0.0,0,1377,352.2537,1.5479,347.8709,0.0493,A
92,hotel/consul,24.92,31.73,201.48,0.0,0,4249,729.5594,1.5479,361.1065,0.0378,A
92,hotel/frontend,9583.47,165.26,1119.14,0.0,0,1036633,177991.3727,227.6492,361.1065,12.6,A
92,hotel/geo,897.39,23.2,1119.06,0.0,0,1846,352.2537,21.3169,361.1065,1.18,A
92,hotel/jaeger,1.21,14.78,81.01,0.0,0,3340,573.4828,1.5479,1.6454,0.0,A
92,hotel/memcached-profile,165.82,7.76,79.25,0.0,0,2162,371.2185,3.9389,361.1065,0.215,A
92,hotel/memcached-rate,156.35,8.45,79.25,0.0,0,1522,352.2537,3.714,361.1065,0.212,A
92,hotel/memcached-reserve,190.76,8.02,79.25,0.0,0,1737,352.2537,4.5314,361.1065,0.268,A
92,hotel/mongodb-geo,10.09,68.81,400.43,0.0273,2,167,352.2537,1.5479,361.1065,0.0076,A
92,hotel/mongodb-profile,10.25,69.67,400.43,0.0273,2,177,352.2537,1.5479,361.1065,0.0113,A
92,hotel/mongodb-rate,9.56,71.24,400.43,0.0312,4,214,352.2537,1.5479,1.6454,0.0151,A
92,hotel/mongodb-recommendation,10.44,69.3,400.43,0.0273,2,169,352.2537,1.5479,361.1065,0.0113,A
92,hotel/mongodb-reservation,10.71,267.2,400.43,0.0469,8,120,352.2537,1.5479,361.1065,0.0113,A
92,hotel/mongodb-user,10.49,68.94,400.43,0.0273,2,188,352.2537,1.5479,361.1065,0.0113,A
92,hotel/profile,2875.75,48.89,1119.06,0.0,0,133975,23003.6996,68.3116,361.1065,3.95,A
92,hotel/rate,1621.48,41.23,1119.14,0.0,0,2391,410.5381,38.5172,361.1065,2.18,A
92,hotel/recommendation,569.88,22.19,1119.06,0.0,0,1489,352.2537,13.5371,361.1065,0.76,A
92,hotel/reservation,3925.37,124.17,1119.06,0.0,0,919176,157823.8374,93.2446,361.1065,5.01,A
92,hotel/search,2755.14,42.91,1119.06,0.0,0,132126,22686.2237,65.4466,361.1065,3.94,A
92,hotel/user,45.24,17.34,1119.06,0.0,0,934,352.2537,1.5479,361.1065,0.0718,A
92,hotel2/consul,23.76,31.02,201.48,0.0,0,4315,740.8917,1.5479,361.1065,0.0302,A
92,hotel2/frontend,8479.51,90.11,1119.14,0.0,0,93853,16114.6947,201.4253,361.1065,11.9,A
92,hotel2/geo,923.11,25.07,1119.06,0.0,0,3233,555.1107,21.9279,361.1065,1.28,A
92,hotel2/jaeger,0.43,14.73,81.01,0.0,0,0,352.2537,1.5479,1.6454,0.0,A
92,hotel2/memcached-profile,206.53,7.94,79.25,0.0,0,2081,357.3107,4.906,361.1065,0.283,A
92,hotel2/memcached-rate,175.31,7.71,79.25,0.0,0,2499,429.0819,4.1644,361.1065,0.246,A
92,hotel2/memcached-reserve,228.42,7.7,79.25,0.0,0,2027,352.2537,5.426,361.1065,0.317,A
92,hotel2/mongodb-geo,9.84,68.62,400.43,0.0,0,218,352.2537,1.5479,1.6454,0.0151,A
92,hotel2/mongodb-profile,9.19,70.37,400.43,0.0,0,204,352.2537,1.5479,1.6454,0.0189,A
92,hotel2/mongodb-rate,9.57,69.77,400.43,0.0,0,213,352.2537,1.5479,1.6454,0.0113,A
92,hotel2/mongodb-recommendation,9.01,68.93,400.43,0.0,0,182,352.2537,1.5479,1.6454,0.0113,A
92,hotel2/mongodb-reservation,11.13,262.69,400.43,0.0117,6,226,352.2537,1.5479,361.1065,0.0151,A
92,hotel2/mongodb-user,11.24,68.74,400.43,0.0195,2,253,352.2537,1.5479,361.1065,0.0151,A
92,hotel2/profile,2475.31,43.19,1119.06,0.0,0,4435,761.4959,58.7994,361.1065,3.56,A
92,hotel2/rate,1487.67,39.36,1119.14,0.0,0,2947,506.0041,35.3386,361.1065,1.98,A
92,hotel2/recommendation,610.46,20.37,1119.06,0.0,0,3059,525.2347,14.5011,361.1065,0.843,A
92,hotel2/reservation,2698.85,84.19,1119.06,0.0,0,234980,40346.403,64.1094,361.1065,3.87,A
92,hotel2/search,2330.07,35.78,1119.06,0.0,0,4044,694.3606,55.3493,361.1065,3.23,A
92,hotel2/user,38.41,17.17,1119.06,0.0,0,889,352.2537,1.5479,361.1065,0.0529,A
93,hotel/consul,24.93,31.73,201.48,0.0,0,2557,429.5489,1.5479,333.9638,0.036,A
93,hotel/frontend,9293.54,166.42,1119.14,0.0,0,927922,155881.0453,207.978,333.9638,12.5,A
93,hotel/geo,818.36,26.8,1119.06,0.0,0,1517,352.2537,18.3139,333.9638,1.07,A
93,hotel/jaeger,0.3,14.78,81.01,0.0,0,0,352.2537,1.5479,1.6454,0.0,A
93,hotel/memcached-profile,155.97,7.77,79.25,0.0,0,1239,352.2537,3.4904,333.9638,0.216,A
93,hotel/memcached-rate,154.26,8.01,79.25,0.0,0,1914,352.2537,3.4521,333.9638,0.201,A
93,hotel/memcached-reserve,191.49,7.46,79.25,0.0,0,937,352.2537,4.2853,333.9638,0.248,A
93,hotel/mongodb-geo,9.54,68.81,400.43,0.0,0,99,352.2537,1.5479,1.6454,0.0144,A
93,hotel/mongodb-profile,10.26,69.67,400.43,0.0,0,216,352.2537,1.5479,333.9638,0.0072,A
93,hotel/mongodb-rate,10.01,71.05,400.43,0.0156,2,338,352.2537,1.5479,333.9638,0.0144,A
93,hotel/mongodb-recommendation,9.57,69.3,400.43,0.0,0,159,352.2537,1.5479,1.6454,0.0072,A
93,hotel/mongodb-reservation,10.32,267.2,400.43,0.0117,6,144,352.2537,1.5479,333.9638,0.0144,A
93,hotel/mongodb-user,9.9,68.94,400.43,0.0,0,254,352.2537,1.5479,1.6454,0.0108,A
93,hotel/profile,2957.69,50.61,1119.06,0.0,0,162488,27296.259,66.1895,333.9638,3.76,A
93,hotel/rate,1459.9,44.96,1119.14,0.0,0,2241,376.4642,32.6708,333.9638,1.97,A
93,hotel/recommendation,529.18,21.63,1119.06,0.0,0,1709,352.2537,11.8424,333.9638,0.73,A
93,hotel/reservation,3906.89,123.07,1119.06,0.0,0,761829,127979.1845,87.4314,333.9638,5.31,A
93,hotel/search,2566.92,47.37,1119.06,0.0,0,7240,1216.2431,57.4445,333.9638,3.24,A
93,hotel/user,46.94,17.76,1119.06,0.0,0,791,352.2537,1.5479,333.9638,0.0576,A
93,hotel2/consul,24.26,31.02,201.48,0.0,0,1976,352.2537,1.5479,333.9638,0.0324,A
93,hotel2/frontend,8480.23,91.59,1119.14,0.0,0,59770,10040.7255,189.7771,333.9638,11.4,A
93,hotel2/geo,927.23,24.29,1119.06,0.0,0,2836,476.4179,20.7503,333.9638,1.22,A
93,hotel2/jaeger,0.33,14.73,81.01,0.0,0,0,352.2537,1.5479,1.6454,0.0,A
93,hotel2/memcached-profile,196.82,7.68,79.25,0.0,0,1966,352.2537,4.4046,333.9638,0.273,A
93,hotel2/memcached-rate,171.6,7.96,79.25,0.0,0,1762,352.2537,3.8402,333.9638,0.227,A
93,hotel2/memcached-reserve,230.77,7.42,79.25,0.0,0,1330,352.2537,5.1643,333.9638,0.309,A
93,hotel2/mongodb-geo,11.9,68.62,400.43,0.0195,2,149,352.2537,1.5479,333.9638,0.0108,A
93,hotel2/mongodb-profile,10.6,70.37,400.43,0.0195,2,393,352.2537,1.5479,333.9638,0.0108,A
93,hotel2/mongodb-rate,11.71,69.77,400.43,0.0195,2,244,352.2537,1.5479,333.9638,0.0108,A
93,hotel2/mongodb-recommendation,10.16,68.93,400.43,0.0195,2,164,352.2537,1.5479,333.9638,0.0108,A
93,hotel2/mongodb-reservation,12.63,262.69,400.43,0.0469,14,204,352.2537,1.5479,333.9638,0.0144,A
93,hotel2/mongodb-user,10.12,68.74,400.43,0.0,0,144,352.2537,1.5479,333.9638,0.0108,A
93,hotel2/profile,2519.51,42.75,1119.06,0.0,0,3364,565.1163,56.3835,333.9638,3.46,A
93,hotel2/rate,1436.27,38.1,1119.14,0.0,0,2697,453.0674,32.142,333.9638,2.0,A
93,hotel2/recommendation,627.79,22.64,1119.06,0.0,0,2794,469.3623,14.0492,333.9638,0.842,A
93,hotel2/reservation,2771.14,82.64,1119.06,0.0,0,279733,46992.1744,62.0147,333.9638,3.62,A
93,hotel2/search,2429.96,35.22,1119.06,0.0,0,4091,687.2446,54.3795,333.9638,3.13,A
93,hotel2/user,39.69,17.24,1119.06,0.0,0,1318,352.2537,1.5479,333.9638,0.054,A
94,hotel/consul,25.75,31.73,201.48,0.0,0,2533,442.0501,1.5479,346.1627,0.0352,A
94,hotel/frontend,9191.2,173.12,1119.14,0.0,0,1013474,176867.8379,234.1285,346.1627,11.5,A
94,hotel/geo,833.03,24.01,1119.06,0.0,0,1568,352.2537,21.2199,346.1627,1.03,A
94,hotel/jaeger,0.35,14.78,81.01,0.0,0,0,352.2537,1.5479,1.6454,0.0,A
94,hotel/memcached-profile,152.99,7.78,79.25,0.0,0,1402,352.2537,3.8971,346.1627,0.2,A
94,hotel/memcached-rate,143.98,7.72,79.25,0.0,0,1273,352.2537,3.6676,346.1627,0.2,A
94,hotel/memcached-reserve,192.9,7.74,79.25,0.0,0,953,352.2537,4.9138,346.1627,0.243,A
94,hotel/mongodb-geo,11.81,68.81,400.43,0.0273,2,129,352.2537,1.5479,346.1627,0.0106,A
94,hotel/mongodb-profile,10.42,69.67,400.43,0.0273,2,200,352.2537,1.5479,346.1627,0.0106,A
94,hotel/mongodb-rate,9.17,71.05,400.43,0.0,0,173,352.2537,1.5479,1.6454,0.0106,A
94,hotel/mongodb-recommendation,11.44,69.49,400.43,0.0273,2,96,352.2537,1.5479,346.1627,0.0106,A
94,hotel/mongodb-reservation,12.33,267.39,400.43,0.0586,12,198,352.2537,1.5479,346.1627,0.0106,A
94,hotel/mongodb-user,10.95,69.12,400.43,0.0273,2,136,352.2537,1.5479,346.1627,0.0106,A
94,hotel/profile,2976.52,56.57,1119.06,0.0,0,167087,29159.4224,75.8213,346.1627,3.9,A
94,hotel/rate,1607.89,43.1,1119.14,0.0,0,1968,352.2537,40.958,346.1627,1.9,A
94,hotel/recommendation,481.85,21.83,1119.06,0.0,0,1271,352.2537,12.2742,346.1627,0.63,A
94,hotel/reservation,3742.46,120.03,1119.06,0.0,0,753263,131456.7499,95.3321,346.1627,5.09,A
94,hotel/search,2740.13,44.16,1119.06,0.0,0,10826,1889.3146,69.7997,346.1627,3.38,A
94,hotel/user,48.21,17.77,1119.06,0.0,0,995,352.2537,1.5479,346.1627,0.0598,A
94,hotel2/consul,23.82,31.02,201.48,0.0,0,2065,360.3764,1.5479,346.1627,0.0317,A
94,hotel2/frontend,8584.14,91.47,1119.14,0.0,0,96843,16900.6921,218.6648,346.1627,11.1,A
94,hotel2/geo,962.63,22.78,1119.06,0.0,0,2502,436.64,24.5212,346.1627,1.24,A
94,hotel2/jaeger,0.25,14.73,81.01,0.0,0,0,352.2537,1.5479,1.6454,0.0,A
94,hotel2/memcached-profile,208.48,8.43,79.25,0.0,0,1784,352.2537,5.3106,346.1627,0.26,A
94,hotel2/memcached-rate,172.08,7.71,79.25,0.0,0,1957,352.2537,4.3834,346.1627,0.229,A
94,hotel2/memcached-reserve,235.95,7.42,79.25,0.0,0,1456,352.2537,6.0104,346.1627,0.302,A
94,hotel2/mongodb-geo,10.38,68.62,400.43,0.0,0,234,352.2537,1.5479,346.1627,0.0141,A
94,hotel2/mongodb-profile,9.05,70.37,400.43,0.0,0,240,352.2537,1.5479,1.6454,0.0141,A
94,hotel2/mongodb-rate,9.42,69.77,400.43,0.0,0,215,352.2537,1.5479,1.6454,0.0106,A
94,hotel2/mongodb-recommendation,9.22,68.93,400.43,0.0,0,146,352.2537,1.5479,1.6454,0.0141,A
94,hotel2/mongodb-reservation,10.2,262.69,400.43,0.0117,6,160,352.2537,1.5479,346.1627,0.0106,A
94,hotel2/mongodb-user,10.31,68.74,400.43,0.0195,2,197,352.2537,1.5479,346.1627,0.0141,A
94,hotel2/profile,2453.66,46.13,1119.06,0.0,0,3196,557.7544,62.5024,346.1627,3.22,A
94,hotel2/rate,1474.52,37.63,1119.14,0.0,0,3175,554.0896,37.5606,346.1627,1.94,A
94,hotel2/recommendation,657.0,21.52,1119.06,0.0,0,2922,509.9369,16.7358,346.1627,0.834,A
94,hotel2/reservation,2724.63,81.34,1119.06,0.0,0,233500,40749.5803,69.4048,346.1627,3.58,A
94,hotel2/search,2404.99,36.3,1119.06,0.0,0,3662,639.0791,61.2626,346.1627,3.19,A
94,hotel2/user,44.46,17.21,1119.06,0.0,0,1251,352.2537,1.5479,346.1627,0.0528,A
95,hotel/consul,24.78,31.73,201.48,0.0,0,1805,352.2537,1.5479,344.1659,0.03,A
95,hotel/frontend,9388.28,169.19,1119.14,0.0,0,822256,148349.7697,220.9718,344.1659,11.4,A
95,hotel/geo,855.98,24.94,1119.06,0.0,0,1570,352.2537,20.1472,344.1659,1.04,A
95,hotel/jaeger,0.51,14.78,81.01,0.0,0,145,352.2537,1.5479,1.6454,0.0,A
95,hotel/memcached-profile,165.71,7.78,79.25,0.0,0,1465,352.2537,3.9003,344.1659,0.19,A
95,hotel/memcached-rate,152.68,7.73,79.25,0.0,0,1850,352.2537,3.5936,344.1659,0.17,A
95,hotel/memcached-reserve,194.99,8.19,79.25,0.0,0,831,352.2537,4.5895,344.1659,0.227,A
95,hotel/mongodb-geo,9.64,68.81,400.43,0.0,0,125,352.2537,1.5479,1.6454,0.0167,A
95,hotel/mongodb-profile,11.47,69.67,400.43,0.0,0,200,352.2537,1.5479,344.1659,0.01,A
95,hotel/mongodb-rate,10.38,71.05,400.43,0.0156,2,172,352.2537,1.5479,344.1659,0.0133,A
95,hotel/mongodb-recommendation,9.87,69.3,400.43,0.0,0,133,352.2537,1.5479,1.6454,0.0133,A
95,hotel/mongodb-reservation,11.14,267.39,400.43,0.0312,16,194,352.2537,1.5479,344.1659,0.0133,A
95,hotel/mongodb-user,10.88,68.94,400.43,0.0,0,166,352.2537,1.5479,344.1659,0.0133,A
95,hotel/profile,2904.45,46.88,1119.06,0.0,0,128008,23094.9453,68.362,344.1659,3.48,A
95,hotel/rate,1681.34,42.93,1119.14,0.0,0,12661,2284.2721,39.5737,344.1659,1.99,A
95,hotel/recommendation,538.35,21.19,1119.06,0.0,0,1493,352.2537,12.6711,344.1659,0.59,A
95,hotel/reservation,4063.5,121.87,1119.06,0.0,0,748869,135109.4351,95.6425,344.1659,4.85,A
95,hotel/search,2800.5,46.27,1119.06,0.0,0,23007,4150.8766,65.9153,344.1659,3.43,A
95,hotel/user,46.71,17.64,1119.06,0.0,0,1171,352.2537,1.5479,344.1659,0.06,A
95,hotel2/consul,21.81,31.02,201.48,0.0,0,2217,399.9867,1.5479,344.1659,0.03,A
95,hotel2/frontend,8631.32,90.02,1119.14,0.0,0,96075,17333.6578,203.1552,344.1659,10.6,A
95,hotel2/geo,946.19,25.05,1119.06,0.0,0,2671,481.8964,22.2705,344.1659,1.18,A
95,hotel2/jaeger,0.38,14.73,81.01,0.0,0,0,352.2537,1.5479,1.6454,0.0,A
95,hotel2/memcached-profile,205.11,8.66,79.25,0.0,0,2074,374.1869,4.8277,344.1659,0.26,A
95,hotel2/memcached-rate,178.42,7.95,79.25,0.0,0,1695,352.2537,4.1995,344.1659,0.217,A
95,hotel2/memcached-reserve,236.89,7.43,79.25,0.0,0,1369,352.2537,5.5757,344.1659,0.293,A
95,hotel2/mongodb-geo,10.68,68.81,400.43,0.0195,2,184,352.2537,1.5479,344.1659,0.0133,A
95,hotel2/mongodb-profile,10.29,70.37,400.43,0.0195,2,167,352.2537,1.5479,344.1659,0.0067,A
95,hotel2/mongodb-rate,10.5,69.77,400.43,0.0312,4,128,352.2537,1.5479,344.1659,0.01,A
95,hotel2/mongodb-recommendation,10.21,68.93,400.43,0.0195,2,180,352.2537,1.5479,344.1659,0.01,A
95,hotel2/mongodb-reservation,11.5,262.69,400.43,0.0312,6,172,352.2537,1.5479,344.1659,0.01,A
95,hotel2/mongodb-user,9.53,68.74,400.43,0.0,0,197,352.2537,1.5479,1.6454,0.01,A
95,hotel2/profile,2514.58,45.18,1119.06,0.0,0,5019,905.5179,59.1856,344.1659,2.95,A
95,hotel2/rate,1524.6,39.04,1119.14,0.0,0,2783,502.1032,35.8845,344.1659,1.82,A
95,hotel2/recommendation,637.31,20.45,1119.06,0.0,0,2584,466.2001,15.0004,344.1659,0.79,A
95,hotel2/reservation,2746.63,80.64,1119.06,0.0,0,166825,30098.2301,64.6474,344.1659,3.37,A
95,hotel2/search,2423.48,33.71,1119.06,0.0,0,3853,695.1505,57.0414,344.1659,2.93,A
95,hotel2/user,44.12,17.67,1119.06,0.0,0,1234,352.2537,1.5479,344.1659,0.0567,A
96,hotel/consul,27.23,31.98,201.48,0.0,0,2345,417.8075,1.5479,350.5114,0.0301,A
96,hotel/frontend,8841.93,172.65,1119.14,0.0,0,1041634,185587.3989,246.3785,350.5114,11.8,A
96,hotel/geo,800.71,24.58,1119.06,0.0,0,1750,352.2537,22.3116,350.5114,1.08,A
96,hotel/jaeger,0.38,14.78,81.01,0.0,0,0,352.2537,1.5479,1.6454,0.0,A
96,hotel/memcached-profile,150.97,7.77,79.25,0.0,0,1412,352.2537,4.2067,350.5114,0.22,A
96,hotel/memcached-rate,131.68,7.71,79.25,0.0,0,1192,352.2537,3.6692,350.5114,0.194,A
96,hotel/memcached-reserve,171.81,7.97,79.25,0.0,0,1399,352.2537,4.7874,350.5114,0.25,A
96,hotel/mongodb-geo,10.49,68.81,400.43,0.0508,4,139,352.2537,1.5479,350.5114,0.01,A
96,hotel/mongodb-profile,10.55,69.67,400.43,0.0,0,167,352.2537,1.5479,350.5114,0.0134,A
96,hotel/mongodb-rate,9.35,71.05,400.43,0.0,0,174,352.2537,1.5479,1.6454,0.01,A
96,hotel/mongodb-recommendation,10.98,69.3,400.43,0.0,0,125,352.2537,1.5479,350.5114,0.01,A
96,hotel/mongodb-reservation,12.17,267.21,400.43,0.0156,8,176,352.2537,1.5479,350.5114,0.0134,A
96,hotel/mongodb-user,10.47,68.93,400.43,0.0,0,168,352.2537,1.5479,350.5114,0.0134,A
96,hotel/profile,2803.93,48.41,1119.06,0.0,0,136073,24244.0571,78.1309,350.5114,3.88,A
96,hotel/rate,1479.73,41.16,1119.14,0.0,0,3254,579.7635,41.2324,350.5114,2.16,A
96,hotel/recommendation,508.12,22.93,1119.06,0.0,0,1449,352.2537,14.1587,350.5114,0.715,A
96,hotel/reservation,3475.82,116.47,1119.06,0.0,0,810943,144485.301,96.853,350.5114,4.81,A
96,hotel/search,2504.74,47.31,1119.06,0.0,0,47490,8461.2691,69.7941,350.5114,3.36,A
96,hotel/user,40.8,17.64,1119.06,0.0,0,1092,352.2537,1.5479,350.5114,0.0568,A
96,hotel2/consul,23.02,31.02,201.48,0.0,0,1818,352.2537,1.5479,350.5114,0.0267,A
96,hotel2/frontend,8568.81,85.64,1119.14,0.0,0,88492,15766.5745,238.7681,350.5114,10.3,A
96,hotel2/geo,957.82,23.39,1119.06,0.0,0,2695,480.1668,26.6895,350.5114,1.14,A
96,hotel2/jaeger,0.32,14.73,81.01,0.0,0,0,352.2537,1.5479,1.6454,0.0,A
96,hotel2/memcached-profile,202.29,8.17,79.25,0.0,0,1804,352.2537,5.6368,350.5114,0.244,A
96,hotel2/memcached-rate,175.68,7.7,79.25,0.0,0,1696,352.2537,4.8953,350.5114,0.214,A
96,hotel2/memcached-reserve,228.3,7.44,79.25,0.0,0,1429,352.2537,6.3615,350.5114,0.284,A
96,hotel2/mongodb-geo,9.56,68.63,400.43,0.0,0,201,352.2537,1.5479,1.6454,0.01,A
96,hotel2/mongodb-profile,8.86,70.37,400.43,0.0,0,302,352.2537,1.5479,1.6454,0.01,A
96,hotel2/mongodb-rate,9.14,69.77,400.43,0.0,0,223,352.2537,1.5479,1.6454,0.01,A
96,hotel2/mongodb-recommendation,8.75,68.94,400.43,0.0,0,251,352.2537,1.5479,1.6454,0.01,A
96,hotel2/mongodb-reservation,11.24,262.7,400.43,0.0117,6,560,352.2537,1.5479,350.5114,0.0167,A
96,hotel2/mongodb-user,10.57,68.74,400.43,0.0195,2,216,352.2537,1.5479,350.5114,0.01,A
96,hotel2/profile,2644.84,45.33,1119.06,0.0,0,3452,615.0411,73.6979,350.5114,3.01,A
96,hotel2/rate,1485.08,39.83,1119.14,0.0,0,2853,508.3176,41.3814,350.5114,1.74,A
96,hotel2/recommendation,616.26,21.24,1119.06,0.0,0,2733,486.9372,17.172,350.5114,0.771,A
96,hotel2/reservation,2827.63,89.96,1119.06,0.0,0,235701,41994.727,78.7913,350.5114,3.52,A
96,hotel2/search,2347.52,34.69,1119.06,0.0,0,3577,637.3123,65.4132,350.5114,2.92,A
96,hotel2/user,43.02,16.68,1119.06,0.0,0,1016,352.2537,1.5479,350.5114,0.0534,A
97,hotel/consul,26.76,31.73,201.48,0.0,0,1975,352.2537,1.5479,318.9151,0.0339,A
97,hotel/frontend,9146.82,174.64,1119.14,0.0,0,833004,136587.4413,241.1077,318.9151,11.3,A
97,hotel/geo,855.85,23.0,1119.06,0.0,0,1687,352.2537,22.56,318.9151,1.04,A
97,hotel/jaeger,0.28,14.78,81.01,0.0,0,0,352.2537,1.5479,1.6454,0.0,A
97,hotel/memcached-profile,149.14,8.03,79.25,0.0,0,1239,352.2537,3.9313,318.9151,0.186,A
97,hotel/memcached-rate,145.05,7.98,79.25,0.0,0,1298,352.2537,3.8235,318.9151,0.173,A
97,hotel/memcached-reserve,178.06,7.99,79.25,0.0,0,833,352.2537,4.6936,318.9151,0.237,A
97,hotel/mongodb-geo,10.11,69.0,400.43,0.0,0,163,352.2537,1.5479,318.9151,0.0135,A
97,hotel/mongodb-profile,10.79,69.86,400.43,0.0469,8,261,352.2537,1.5479,318.9151,0.0102,A
97,hotel/mongodb-rate,10.13,71.05,400.43,0.0195,2,104,352.2537,1.5479,318.9151,0.0068,A
97,hotel/mongodb-recommendation,9.86,69.48,400.43,0.0469,8,157,352.2537,1.5479,1.6454,0.0068,A
97,hotel/mongodb-reservation,13.85,267.2,400.43,0.7539,114,297,352.2537,1.5479,318.9151,0.0135,A
97,hotel/mongodb-user,10.29,68.93,400.43,0.0781,12,264,352.2537,1.5479,318.9151,0.0102,A
97,hotel/profile,2903.39,49.57,1119.06,0.0,0,142158,23309.6089,76.5326,318.9151,3.58,A
97,hotel/rate,1562.78,40.4,1119.14,0.0,0,3858,632.5952,41.1945,318.9151,1.94,A
97,hotel/recommendation,526.32,21.52,1119.06,0.0,0,1577,352.2537,13.8737,318.9151,0.664,A
97,hotel/reservation,3988.17,126.39,1119.06,0.0,0,785544,128805.4379,105.1271,318.9151,4.45,A
97,hotel/search,2718.41,46.62,1119.06,0.0,0,29138,4777.75,71.6566,318.9151,3.09,A
97,hotel/user,46.7,17.9,1119.06,0.0,0,1052,352.2537,1.5479,318.9151,0.0576,A
97,hotel2/consul,23.26,31.02,201.48,0.0,0,2170,355.8143,1.5479,318.9151,0.0305,A
97,hotel2/frontend,8223.89,86.92,1119.14,0.0,0,101913,16710.6471,216.7795,318.9151,10.8,A
97,hotel2/geo,907.68,23.76,1119.06,0.0,0,2511,411.728,23.9262,318.9151,1.18,A
97,hotel2/jaeger,0.28,14.73,81.01,0.0,0,0,352.2537,1.5479,1.6454,0.0034,A
97,hotel2/memcached-profile,192.89,7.68,79.25,0.0,0,1942,352.2537,5.0845,318.9151,0.251,A
97,hotel2/memcached-rate,176.69,7.96,79.25,0.0,0,1869,352.2537,4.6575,318.9151,0.22,A
97,hotel2/memcached-reserve,223.58,7.41,79.25,0.0,0,1418,352.2537,5.8935,318.9151,0.291,A
97,hotel2/mongodb-geo,11.45,68.62,400.43,0.0195,2,159,352.2537,1.5479,318.9151,0.0102,A
97,hotel2/mongodb-profile,10.89,70.37,400.43,0.0273,4,177,352.2537,1.5479,318.9151,0.0102,A
97,hotel2/mongodb-rate,10.9,69.77,400.43,0.0195,2,128,352.2537,1.5479,318.9151,0.0068,A
97,hotel2/mongodb-recommendation,10.83,68.93,400.43,0.0195,2,112,352.2537,1.5479,318.9151,0.0068,A
97,hotel2/mongodb-reservation,12.33,262.71,400.43,0.043,12,176,352.2537,1.5479,318.9151,0.0135,A
97,hotel2/mongodb-user,9.38,68.74,400.43,0.0,0,195,352.2537,1.5479,1.6454,0.0135,A
97,hotel2/profile,2476.65,44.08,1119.06,0.0,0,3054,500.7636,65.2838,318.9151,3.33,A
97,hotel2/rate,1410.0,40.0,1119.14,0.0,0,2608,427.6331,37.1672,318.9151,1.9,A
97,hotel2/recommendation,616.57,21.76,1119.06,0.0,0,2626,430.5845,16.2526,318.9151,0.752,A
97,hotel2/reservation,2670.85,83.02,1119.06,0.0,0,290605,47650.4235,70.4029,318.9151,3.49,A
97,hotel2/search,2247.8,33.11,1119.06,0.0,0,3572,585.6999,59.2514,318.9151,2.92,A
97,hotel2/user,37.1,16.93,1119.06,0.0,0,1100,352.2537,1.5479,318.9151,0.0508,A
98,hotel/consul,24.27,31.73,201.48,0.0,0,2446,404.6419,1.5479,360.6596,0.0408,A
98,hotel/frontend,9217.73,166.68,1119.14,0.0,0,1086227,179694.5926,245.1551,360.6596,13.5,A
98,hotel/geo,844.35,24.24,1119.06,0.0,0,1783,352.2537,22.4564,360.6596,1.24,A
98,hotel/jaeger,0.48,14.78,81.01,0.0,0,0,352.2537,1.5479,1.6454,0.0,A
98,hotel/memcached-profile,154.54,8.29,79.25,0.0,0,1728,352.2537,4.1102,360.6596,0.208,A
98,hotel/memcached-rate,146.47,7.71,79.25,0.0,0,1473,352.2537,3.8955,360.6596,0.208,A
98,hotel/memcached-reserve,176.88,7.48,79.25,0.0,0,1171,352.2537,4.7043,360.6596,0.261,A
98,hotel/mongodb-geo,11.37,68.81,400.43,0.0,0,182,352.2537,1.5479,360.6596,0.0122,A
98,hotel/mongodb-profile,9.78,69.69,400.43,0.0,0,195,352.2537,1.5479,1.6454,0.0122,A
98,hotel/mongodb-rate,9.92,71.05,400.43,0.0469,10,136,352.2537,1.5479,1.6454,0.0122,A
98,hotel/mongodb-recommendation,9.45,69.32,400.43,0.0,0,220,352.2537,1.5479,1.6454,0.0163,A
98,hotel/mongodb-reservation,11.16,267.22,400.43,0.0117,6,231,352.2537,1.5479,360.6596,0.0163,A
98,hotel/mongodb-user,9.87,68.95,400.43,0.0,0,110,352.2537,1.5479,1.6454,0.0122,A
98,hotel/profile,2868.65,45.99,1119.06,0.0,0,129425,21410.7849,76.2947,360.6596,4.41,A
98,hotel/rate,1521.37,41.11,1119.14,0.0,0,1820,352.2537,40.4624,360.6596,2.06,A
98,hotel/recommendation,539.77,21.2,1119.06,0.0,0,1483,352.2537,14.3557,360.6596,0.735,A
98,hotel/reservation,3745.13,118.45,1119.06,0.0,0,722070,119452.08,99.6056,360.6596,5.61,A
98,hotel/search,2731.87,48.4,1119.06,0.0,0,38332,6341.2649,72.6569,360.6596,3.95,A
98,hotel/user,43.8,17.03,1119.06,0.0,0,764,352.2537,1.5479,360.6596,0.0571,A
98,hotel2/consul,21.82,31.02,201.48,0.0,0,1999,352.2537,1.5479,360.6596,0.0327,A
98,hotel2/frontend,8299.25,86.96,1119.14,0.0,0,98840,16351.1067,220.7271,360.6596,12.2,A
98,hotel2/geo,902.74,23.61,1119.06,0.0,0,2380,393.7235,24.0093,360.6596,1.37,A
98,hotel2/jaeger,0.41,14.73,81.01,0.0,0,0,352.2537,1.5479,1.6454,0.0,A
98,hotel2/memcached-profile,197.76,7.68,79.25,0.0,0,1682,352.2537,5.2596,360.6596,0.29,A
98,hotel2/memcached-rate,156.07,7.7,79.25,0.0,0,1670,352.2537,4.1508,360.6596,0.257,A
98,hotel2/memcached-reserve,213.13,7.41,79.25,0.0,0,1488,352.2537,5.6684,360.6596,0.331,A
98,hotel2/mongodb-geo,11.97,68.63,400.43,0.082,12,241,352.2537,1.5479,360.6596,0.0163,A
98,hotel2/mongodb-profile,9.74,70.37,400.43,0.0742,10,291,352.2537,1.5479,1.6454,0.0163,A
98,hotel2/mongodb-rate,9.97,69.77,400.43,0.0,0,101,352.2537,1.5479,1.6454,0.0163,A
98,hotel2/mongodb-recommendation,10.11,68.94,400.43,0.0703,12,190,352.2537,1.5479,360.6596,0.0122,A
98,hotel2/mongodb-reservation,10.9,262.71,400.43,0.0195,10,263,352.2537,1.5479,360.6596,0.0163,A
98,hotel2/mongodb-user,10.71,68.74,400.43,0.0195,2,174,352.2537,1.5479,360.6596,0.0122,A
98,hotel2/profile,2486.41,48.5,1119.06,0.0,0,12004,1985.8224,66.1286,360.6596,3.64,A
98,hotel2/rate,1441.64,39.18,1119.14,0.0,0,3456,571.7263,38.3419,360.6596,2.1,A
98,hotel2/recommendation,610.3,21.63,1119.06,0.0,0,3891,643.6883,16.2316,360.6596,0.902,A
98,hotel2/reservation,2698.77,84.66,1119.06,0.0,0,321725,53222.9845,71.7766,360.6596,3.97,A
98,hotel2/search,2222.83,34.75,1119.06,0.0,0,4250,703.0777,59.1185,360.6596,3.42,A
98,hotel2/user,45.05,16.68,1119.06,0.0,0,1089,352.2537,1.5479,360.6596,0.0612,A
99,hotel/consul,23.45,31.73,201.48,0.0,0,1822,352.2537,1.5479,339.5934,0.0374,A
99,hotel/frontend,8853.74,169.58,1119.14,0.0,0,949563,165440.811,210.8122,339.5934,13.9,A
99,hotel/geo,770.74,23.86,1119.06,0.0,0,1719,352.2537,18.3517,339.5934,1.18,A
99,hotel/jaeger,0.33,14.78,81.01,0.0,0,205,352.2537,1.5479,1.6454,0.0,A
99,hotel/memcached-profile,150.23,8.05,79.25,0.0,0,1365,352.2537,3.5771,339.5934,0.229,A
99,hotel/memcached-rate,146.44,7.75,79.25,0.0,0,1385,352.2537,3.4868,339.5934,0.22,A
99,hotel/memcached-reserve,173.57,7.8,79.25,0.0,0,862,352.2537,4.1328,339.5934,0.254,A
99,hotel/mongodb-geo,10.71,68.81,400.43,0.0469,8,191,352.2537,1.5479,339.5934,0.0125,A
99,hotel/mongodb-profile,9.7,69.69,400.43,0.0,0,247,352.2537,1.5479,1.6454,0.0166,A
99,hotel/mongodb-rate,10.46,71.05,400.43,0.0195,2,187,352.2537,1.5479,339.5934,0.0166,A
99,hotel/mongodb-recommendation,9.75,69.32,400.43,0.0,0,154,352.2537,1.5479,1.6454,0.0125,A
99,hotel/mongodb-reservation,10.79,267.22,400.43,0.0156,8,229,352.2537,1.5479,339.5934,0.0166,A
99,hotel/mongodb-user,10.13,68.95,400.43,0.0,0,290,352.2537,1.5479,339.5934,0.0166,A
99,hotel/profile,2777.57,51.8,1119.06,0.0,0,175812,30631.4377,66.1354,339.5934,4.38,A
99,hotel/rate,1596.26,47.0,1119.14,0.0,0,2503,436.0936,38.0078,339.5934,2.44,A
99,hotel/recommendation,495.24,22.32,1119.06,0.0,0,1905,352.2537,11.7919,339.5934,0.811,A
99,hotel/reservation,3637.29,123.75,1119.06,0.0,0,850443,148171.2952,86.6058,339.5934,5.39,A
99,hotel/search,2418.37,46.76,1119.06,0.0,0,40302,7021.7517,57.5827,339.5934,4.18,A
99,hotel/user,43.22,17.27,1119.06,0.0,0,794,352.2537,1.5479,339.5934,0.0665,A
99,hotel2/consul,23.34,31.02,201.48,0.0,0,2339,407.5202,1.5479,339.5934,0.0333,A
99,hotel2/frontend,8722.14,87.8,1119.14,0.0,0,68448,11925.5833,207.6788,339.5934,12.9,A
99,hotel2/geo,980.3,23.91,1119.06,0.0,0,2659,463.2732,23.3415,339.5934,1.44,A
99,hotel2/jaeger,0.39,14.73,81.01,0.0,0,0,352.2537,1.5479,1.6454,0.0,A
99,hotel2/memcached-profile,211.37,7.67,79.25,0.0,0,2354,410.1336,5.0328,339.5934,0.303,A
99,hotel2/memcached-rate,181.45,7.7,79.25,0.0,0,1827,352.2537,4.3204,339.5934,0.241,A
99,hotel2/memcached-reserve,233.87,7.44,79.25,0.0,0,1419,352.2537,5.5686,339.5934,0.337,A
99,hotel2/mongodb-geo,11.25,68.63,400.43,0.0234,2,210,352.2537,1.5479,339.5934,0.0208,A
99,hotel2/mongodb-profile,10.24,70.37,400.43,0.0195,2,136,352.2537,1.5479,339.5934,0.0125,A
99,hotel2/mongodb-rate,11.13,69.78,400.43,0.082,12,179,352.2537,1.5479,339.5934,0.0125,A
99,hotel2/mongodb-recommendation,10.47,68.94,400.43,0.0195,2,176,352.2537,1.5479,339.5934,0.0166,A
99,hotel2/mongodb-reservation,15.1,262.75,400.43,0.7734,98,338,352.2537,1.5479,339.5934,0.0125,A
99,hotel2/mongodb-user,9.78,68.74,400.43,0.0508,10,264,352.2537,1.5479,1.6454,0.0125,A
99,hotel2/profile,2568.34,44.93,1119.06,0.0,0,3809,663.6359,61.1535,339.5934,3.82,A
99,hotel2/rate,1513.97,37.68,1119.14,0.0,0,2680,466.932,36.0484,339.5934,2.18,A
99,hotel2/recommendation,637.68,21.1,1119.06,0.0,0,2490,433.8286,15.1835,339.5934,0.944,A
99,hotel2/reservation,2758.23,85.01,1119.06,0.0,0,225300,39253.6511,65.6749,339.5934,4.07,A
99,hotel2/search,2476.88,31.01,1119.06,0.0,0,4052,705.9733,58.9758,339.5934,3.48,A
99,hotel2/user,40.97,16.68,1119.06,0.0,0,1247,352.2537,1.5479,339.5934,0.0748,A
100,hotel/consul,25.78,31.73,201.48,0.0,0,2123,369.2882,1.5479,313.8729,0.0299,A
100,hotel/frontend,9130.25,164.15,1119.14,0.0,0,1027629,178752.3486,267.833,313.8729,11.1,A
100,hotel/geo,840.86,26.31,1119.06,0.0,0,1668,352.2537,24.6664,313.8729,0.937,A
100,hotel/jaeger,0.38,14.78,81.01,0.0,0,0,352.2537,1.5479,1.6454,0.0,A
100,hotel/memcached-profile,151.59,8.33,79.25,0.0,0,1289,352.2537,4.4468,313.8729,0.179,A
100,hotel/memcached-rate,150.7,7.76,79.25,0.0,0,1165,352.2537,4.4207,313.8729,0.179,A
100,hotel/memcached-reserve,174.9,7.51,79.25,0.0,0,940,352.2537,5.1306,313.8729,0.203,A
100,hotel/mongodb-geo,11.65,68.83,400.43,0.0,0,118,352.2537,1.5479,313.8729,0.01,A
100,hotel/mongodb-profile,10.6,69.69,400.43,0.0156,2,203,352.2537,1.5479,313.8729,0.01,A
100,hotel/mongodb-rate,10.05,71.05,400.43,0.0,0,279,352.2537,1.5479,313.8729,0.01,A
100,hotel/mongodb-recommendation,9.96,69.32,400.43,0.0156,2,203,352.2537,1.5479,1.6454,0.01,A
100,hotel/mongodb-reservation,12.38,267.22,400.43,0.043,16,192,352.2537,1.5479,313.8729,0.0133,A
100,hotel/mongodb-user,10.83,68.95,400.43,0.0156,2,462,352.2537,1.5479,313.8729,0.0133,A
100,hotel/profile,2866.57,51.37,1119.06,0.0,0,150842,26238.4204,84.0899,313.8729,3.21,A
100,hotel/rate,1593.24,43.6,1119.14,0.0,0,13814,2402.8953,46.7372,313.8729,1.82,A
100,hotel/recommendation,516.37,22.37,1119.06,0.0,0,1467,352.2537,15.1475,313.8729,0.605,A
100,hotel/reservation,3694.72,123.18,1119.06,0.0,0,701898,122092.619,108.3834,313.8729,4.44,A
100,hotel/search,2566.92,41.39,1119.06,0.0,0,28078,4884.0666,75.2998,313.8729,3.01,A
100,hotel/user,39.75,17.02,1119.06,0.0,0,829,352.2537,1.5479,313.8729,0.0498,A
100,hotel2/consul,24.24,31.02,201.48,0.0,0,2146,373.2889,1.5479,313.8729,0.0299,A
100,hotel2/frontend,8362.9,89.96,1119.14,0.0,0,102165,17771.2323,245.323,313.8729,10.7,A
100,hotel2/geo,897.55,22.99,1119.06,0.0,0,2572,447.3901,26.3293,313.8729,1.23,A
100,hotel2/jaeger,0.42,14.73,81.01,0.0,0,0,352.2537,1.5479,1.6454,0.0,A
100,hotel2/memcached-profile,200.91,7.93,79.25,0.0,0,1629,352.2537,5.8936,313.8729,0.259,A
100,hotel2/memcached-rate,177.28,7.71,79.25,0.0,0,2371,412.4269,5.2005,313.8729,0.226,A
100,hotel2/memcached-reserve,231.58,7.66,79.25,0.0,0,1378,352.2537,6.7933,313.8729,0.289,A
100,hotel2/mongodb-geo,10.51,68.63,400.43,0.0,0,182,352.2537,1.5479,313.8729,0.0133,A
100,hotel2/mongodb-profile,10.51,70.37,400.43,0.0,0,205,352.2537,1.5479,313.8729,0.0066,A
100,hotel2/mongodb-rate,11.35,69.78,400.43,0.0,0,321,352.2537,1.5479,313.8729,0.01,A
100,hotel2/mongodb-recommendation,11.51,68.94,400.43,0.0,0,162,352.2537,1.5479,313.8729,0.01,A
100,hotel2/mongodb-reservation,10.7,262.75,400.43,0.0078,4,223,352.2537,1.5479,313.8729,0.0166,A
100,hotel2/mongodb-user,10.9,68.74,400.43,0.0195,2,148,352.2537,1.5479,313.8729,0.0066,A
100,hotel2/profile,2482.16,44.3,1119.06,0.0,0,3093,538.0162,72.8134,313.8729,3.28,A
100,hotel2/rate,1430.57,39.89,1119.14,0.0,0,2971,516.7947,41.9653,313.8729,1.93,A
100,hotel2/recommendation,582.67,22.09,1119.06,0.0,0,2750,478.3526,17.0924,313.8729,0.771,A
100,hotel2/reservation,2724.22,83.41,1119.06,0.0,0,210069,36540.7429,79.9141,313.8729,3.33,A
100,hotel2/search,2333.39,35.03,1119.06,0.0,0,3731,648.994,68.4492,313.8729,3.08,A
100,hotel2/user,38.56,16.92,1119.06,0.0,0,1311,352.2537,1.5479,313.8729,0.0432,A
101,hotel/consul,25.52,31.73,201.48,0.0,0,2223,390.091,1.5479,366.935,0.0336,A
101,hotel/frontend,9479.44,171.46,1119.14,0.0,0,1051227,184468.8433,227.7501,366.935,12.3,A
101,hotel/geo,877.07,26.31,1119.06,0.0,0,1637,352.2537,21.0722,366.935,1.11,A
101,hotel/jaeger,0.43,14.78,81.01,0.0,0,0,352.2537,1.5479,1.6454,0.0,A
101,hotel/memcached-profile,153.8,8.54,79.25,0.0,0,1285,352.2537,3.6952,366.935,0.202,A
101,hotel/memcached-rate,163.91,7.97,79.25,0.0,0,1872,352.2537,3.9381,366.935,0.202,A
101,hotel/memcached-reserve,189.29,7.48,79.25,0.0,0,1114,352.2537,4.5478,366.935,0.24,A
101,hotel/mongodb-geo,9.68,68.83,400.43,0.0,0,143,352.2537,1.5479,1.6454,0.021,A
101,hotel/mongodb-profile,9.78,69.69,400.43,0.0,0,167,352.2537,1.5479,1.6454,0.0126,A
101,hotel/mongodb-rate,10.57,71.05,400.43,0.0195,2,153,352.2537,1.5479,366.935,0.0126,A
101,hotel/mongodb-recommendation,9.77,69.32,400.43,0.0,0,248,352.2537,1.5479,1.6454,0.0126,A
101,hotel/mongodb-reservation,11.1,267.41,400.43,0.0156,8,192,352.2537,1.5479,366.935,0.0168,A
101,hotel/mongodb-user,9.97,69.14,400.43,0.0,0,188,352.2537,1.5479,1.6454,0.0168,A
101,hotel/profile,3104.89,54.21,1119.06,0.0,0,139799,24531.8659,74.5971,366.935,3.65,A
101,hotel/rate,1647.62,45.15,1119.14,0.0,0,2038,357.6273,39.5852,366.935,2.16,A
101,hotel/recommendation,551.43,21.09,1119.06,0.0,0,1667,352.2537,13.2485,366.935,0.698,A
101,hotel/reservation,4021.43,123.57,1119.06,0.0,0,836340,146760.5687,96.6176,366.935,4.83,A
101,hotel/search,2832.06,44.23,1119.06,0.0,0,6612,1160.2708,68.0422,366.935,3.53,A
101,hotel/user,47.1,17.13,1119.06,0.0,0,911,352.2537,1.5479,366.935,0.0504,A
101,hotel2/consul,23.01,31.02,201.48,0.0,0,2616,459.0545,1.5479,366.935,0.0336,A
101,hotel2/frontend,8414.62,97.63,1119.14,0.0,0,92776,16280.2909,202.1671,366.935,11.3,A
101,hotel2/geo,920.87,24.17,1119.06,0.0,0,2568,450.6315,22.1245,366.935,1.21,A
101,hotel2/jaeger,0.35,14.73,81.01,0.0,0,0,352.2537,1.5479,1.6454,0.0,A
101,hotel2/memcached-profile,204.11,8.16,79.25,0.0,0,2023,354.9951,4.9039,366.935,0.273,A
101,hotel2/memcached-rate,179.31,7.69,79.25,0.0,0,1526,352.2537,4.308,366.935,0.248,A
101,hotel2/memcached-reserve,233.92,7.44,79.25,0.0,0,1149,352.2537,5.6201,366.935,0.311,A
101,hotel2/mongodb-geo,10.97,68.63,400.43,0.0234,2,203,352.2537,1.5479,366.935,0.0168,A
101,hotel2/mongodb-profile,10.39,70.38,400.43,0.0234,2,134,352.2537,1.5479,366.935,0.0126,A
101,hotel2/mongodb-rate,10.69,69.78,400.43,0.0273,4,133,352.2537,1.5479,366.935,0.0168,A
101,hotel2/mongodb-recommendation,10.32,68.94,400.43,0.0234,2,188,352.2537,1.5479,366.935,0.0126,A
101,hotel2/mongodb-reservation,12.3,262.75,400.43,0.0391,8,200,352.2537,1.5479,366.935,0.0168,A
101,hotel2/mongodb-user,9.48,68.74,400.43,0.0,0,135,352.2537,1.5479,1.6454,0.0126,A
101,hotel2/profile,2611.24,45.03,1119.06,0.0,0,7666,1345.2262,62.7369,366.935,3.4,A
101,hotel2/rate,1443.62,37.98,1119.14,0.0,0,2661,466.9511,34.684,366.935,1.94,A
101,hotel2/recommendation,613.0,22.81,1119.06,0.0,0,2324,407.8145,14.7278,366.935,0.782,A
101,hotel2/reservation,2773.12,82.67,1119.06,0.0,0,221282,38830.4663,66.6261,366.935,3.7,A
101,hotel2/search,2358.71,30.8,1119.06,0.0,0,3972,697.0048,56.6696,366.935,3.18,A
101,hotel2/user,37.0,16.67,1119.06,0.0,0,1060,352.2537,1.5479,366.935,0.0504,A
102,hotel/consul,25.04,31.73,201.48,0.0,0,2092,357.7224,1.5479,332.6511,0.0335,A
102,hotel/frontend,9262.95,176.77,1119.14,0.0,0,988068,168955.1083,262.0108,332.6511,11.9,A
102,hotel/geo,840.19,23.4,1119.06,0.0,0,1929,352.2537,23.7655,332.6511,1.07,A
102,hotel/jaeger,0.33,14.78,81.01,0.0,0,0,352.2537,1.5479,1.6454,0.0,A
102,hotel/memcached-profile,141.18,10.9,79.25,0.0,0,1694,352.2537,3.9934,332.6511,0.184,A
102,hotel/memcached-rate,143.0,7.71,79.25,0.0,0,1134,352.2537,4.0449,332.6511,0.201,A
102,hotel/memcached-reserve,185.51,7.43,79.25,0.0,0,1082,352.2537,5.2473,332.6511,0.241,A
102,hotel/mongodb-geo,9.95,68.83,400.43,0.0234,4,152,352.2537,1.5479,1.6454,0.01,A
102,hotel/mongodb-profile,10.37,69.69,400.43,0.0469,6,151,352.2537,1.5479,332.6511,0.0134,A
102,hotel/mongodb-rate,10.05,71.05,400.43,0.0,0,213,352.2537,1.5479,332.6511,0.0134,A
102,hotel/mongodb-recommendation,10.11,69.32,400.43,0.0469,6,273,352.2537,1.5479,332.6511,0.0134,A
102,hotel/mongodb-reservation,12.39,267.23,400.43,0.0938,24,190,352.2537,1.5479,332.6511,0.01,A
102,hotel/mongodb-user,10.33,68.95,400.43,0.0156,2,212,352.2537,1.5479,332.6511,0.01,A
102,hotel/profile,2772.51,55.39,1119.06,0.0,0,111048,18988.7,78.4229,332.6511,3.72,A
102,hotel/rate,1541.48,41.85,1119.14,0.0,0,28484,4870.6337,43.6021,332.6511,1.94,A
102,hotel/recommendation,514.71,22.14,1119.06,0.0,0,1487,352.2537,14.559,332.6511,0.706,A
102,hotel/reservation,3653.57,122.08,1119.06,0.0,0,843195,144182.488,103.3445,332.6511,4.81,A
102,hotel/search,2557.55,42.95,1119.06,0.0,0,11808,2019.114,72.3426,332.6511,3.43,A
102,hotel/user,46.85,17.21,1119.06,0.0,0,965,352.2537,1.5479,332.6511,0.0602,A
102,hotel2/consul,23.71,31.02,201.48,0.0,0,2058,352.2537,1.5479,332.6511,0.0234,A
102,hotel2/frontend,8033.21,85.99,1119.14,0.0,0,102289,17490.9511,227.2265,332.6511,10.3,A
102,hotel2/geo,868.98,22.63,1119.06,0.0,0,3163,540.8585,24.5799,332.6511,1.17,A
102,hotel2/jaeger,0.28,14.73,81.01,0.0,0,0,352.2537,1.5479,1.6454,0.0,A
102,hotel2/memcached-profile,193.02,7.68,79.25,0.0,0,1860,352.2537,5.4597,332.6511,0.248,A
102,hotel2/memcached-rate,162.43,7.71,79.25,0.0,0,2183,373.283,4.5945,332.6511,0.224,A
102,hotel2/memcached-reserve,217.64,7.66,79.25,0.0,0,1597,352.2537,6.1561,332.6511,0.301,A
102,hotel2/mongodb-geo,10.14,68.63,400.43,0.0,0,154,352.2537,1.5479,332.6511,0.0134,A
102,hotel2/mongodb-profile,9.22,70.38,400.43,0.0,0,123,352.2537,1.5479,1.6454,0.0134,A
102,hotel2/mongodb-rate,9.78,69.78,400.43,0.0,0,160,352.2537,1.5479,1.6454,0.0134,A
102,hotel2/mongodb-recommendation,9.51,68.94,400.43,0.0,0,136,352.2537,1.5479,1.6454,0.01,A
102,hotel2/mongodb-reservation,11.11,262.75,400.43,0.0195,10,201,352.2537,1.5479,332.6511,0.0167,A
102,hotel2/mongodb-user,10.72,68.75,400.43,0.0234,2,135,352.2537,1.5479,332.6511,0.0067,A
102,hotel2/profile,2431.35,45.34,1119.06,0.0,0,43632,7460.8724,68.7729,332.6511,2.9,A
102,hotel2/rate,1344.76,38.05,1119.14,0.0,0,3217,550.0923,38.0377,332.6511,1.78,A
102,hotel2/recommendation,563.49,21.16,1119.06,0.0,0,3525,602.7589,15.9388,332.6511,0.75,A
102,hotel2/reservation,2632.3,82.63,1119.06,0.0,0,258012,44118.8718,74.457,332.6511,3.47,A
102,hotel2/search,2183.89,34.26,1119.06,0.0,0,3818,652.8605,61.7733,332.6511,2.87,A
102,hotel2/user,37.53,16.68,1119.06,0.0,0,1375,352.2537,1.5479,332.6511,0.0502,A
103,hotel/consul,24.77,31.73,201.48,0.0,0,1590,352.2537,1.5479,341.9438,0.0329,A
103,hotel/frontend,8918.22,178.37,1119.14,0.0,0,879633,160853.2538,244.0229,341.9438,11.1,A
103,hotel/geo,787.65,22.76,1119.06,0.0,0,1519,352.2537,21.5519,341.9438,0.959,A
103,hotel/jaeger,0.32,14.78,81.01,0.0,0,0,352.2537,1.5479,1.6454,0.0,A
103,hotel/memcached-profile,161.07,7.79,79.25,0.0,0,1273,352.2537,4.4072,341.9438,0.168,A
103,hotel/memcached-rate,137.86,7.72,79.25,0.0,0,1753,352.2537,3.7722,341.9438,0.171,A
103,hotel/memcached-reserve,189.41,7.53,79.25,0.0,0,914,352.2537,5.1827,341.9438,0.227,A
103,hotel/mongodb-geo,9.31,69.02,400.43,0.0,0,154,352.2537,1.5479,1.6454,0.0099,A
103,hotel/mongodb-profile,9.29,69.69,400.43,0.0,0,273,352.2537,1.5479,1.6454,0.0066,A
103,hotel/mongodb-rate,9.8,71.24,400.43,0.0195,2,119,352.2537,1.5479,1.6454,0.0099,A
103,hotel/mongodb-recommendation,8.96,69.5,400.43,0.0,0,119,352.2537,1.5479,1.6454,0.0099,A
103,hotel/mongodb-reservation,11.78,267.23,400.43,0.0352,18,193,352.2537,1.5479,341.9438,0.0132,A
103,hotel/mongodb-user,10.37,68.95,400.43,0.0312,4,206,352.2537,1.5479,341.9438,0.0132,A
103,hotel/profile,2807.33,49.16,1119.06,0.0,0,134911,24670.372,76.815,341.9438,3.36,A
103,hotel/rate,1445.18,43.73,1119.14,0.0,0,2788,509.825,39.5434,341.9438,1.79,A
103,hotel/recommendation,534.44,21.18,1119.06,0.0,0,1531,352.2537,14.6235,341.9438,0.596,A
103,hotel/reservation,3841.32,120.39,1119.06,0.0,0,817506,149492.4589,105.1073,341.9438,4.58,A
103,hotel/search,2543.64,51.71,1119.06,0.0,0,8544,1562.3905,69.5998,341.9438,3.15,A
103,hotel/user,50.3,17.27,1119.06,0.0,0,1152,352.2537,1.5479,341.9438,0.056,A
103,hotel2/consul,24.2,31.02,201.48,0.0,0,2069,378.3457,1.5479,341.9438,0.0264,A
103,hotel2/frontend,8106.63,85.88,1119.14,0.0,0,73830,13500.8529,221.816,341.9438,9.84,A
103,hotel2/geo,886.63,22.44,1119.06,0.0,0,2630,480.9325,24.2602,341.9438,1.05,A
103,hotel2/jaeger,0.33,14.73,81.01,0.0,0,0,352.2537,1.5479,1.6454,0.0,A
103,hotel2/memcached-profile,193.56,7.68,79.25,0.0,0,2074,379.26,5.2962,341.9438,0.247,A
103,hotel2/memcached-rate,170.74,7.71,79.25,0.0,0,2058,376.3342,4.6718,341.9438,0.198,A
103,hotel2/memcached-reserve,212.61,7.43,79.25,0.0,0,1274,352.2537,5.8175,341.9438,0.26,A
103,hotel2/mongodb-geo,10.59,68.63,400.43,0.0234,2,95,352.2537,1.5479,341.9438,0.0099,A
103,hotel2/mongodb-profile,10.47,70.38,400.43,0.0234,2,181,352.2537,1.5479,341.9438,0.0099,A
103,hotel2/mongodb-rate,10.54,69.78,400.43,0.0234,2,174,352.2537,1.5479,341.9438,0.0132,A
103,hotel2/mongodb-recommendation,10.54,68.94,400.43,0.0234,2,150,352.2537,1.5479,341.9438,0.0099,A
103,hotel2/mongodb-reservation,12.45,262.75,400.43,0.0625,18,201,352.2537,1.5479,341.9438,0.0132,A
103,hotel2/mongodb-user,9.45,68.75,400.43,0.0,0,151,352.2537,1.5479,1.6454,0.0099,A
103,hotel2/profile,2419.34,46.76,1119.06,0.0,0,3725,681.1686,66.1987,341.9438,3.02,A
103,hotel2/rate,1357.92,39.62,1119.14,0.0,0,2640,482.7611,37.1558,341.9438,1.65,A
103,hotel2/recommendation,581.58,21.34,1119.06,0.0,0,2739,500.8646,15.9134,341.9438,0.692,A
103,hotel2/reservation,2738.29,81.89,1119.06,0.0,0,263576,48198.5751,74.9259,341.9438,3.32,A
103,hotel2/search,2200.74,34.51,1119.06,0.0,0,3906,714.267,60.2173,341.9438,2.7,A
103,hotel2/user,34.63,16.68,1119.06,0.0,0,1055,352.2537,1.5479,341.9438,0.0428,A
104,hotel/consul,25.72,31.73,201.48,0.0,0,2314,393.4503,157.3351,346.8315,0.0304,A
104,hotel/frontend,9028.38,175.88,1119.14,0.0,0,1020294,173480.9583,55228.6401,346.8315,11.5,A
104,hotel/geo,876.68,22.95,1119.06,0.0,0,1645,352.2537,5362.8496,346.8315,0.971,A
104,hotel/jaeger,0.32,14.78,81.01,0.0,0,0,352.2537,1.9575,1.6454,0.0,A
104,hotel/memcached-profile,157.21,8.02,79.25,0.0,0,1311,352.2537,961.6891,346.8315,0.202,A
104,hotel/memcached-rate,146.56,7.7,79.25,0.0,0,1148,352.2537,896.5406,346.8315,0.172,A
104,hotel/memcached-reserve,193.15,7.79,79.25,0.0,0,1435,352.2537,1181.5422,346.8315,0.239,A
104,hotel/mongodb-geo,10.07,68.83,400.43,0.0156,2,143,352.2537,61.6005,346.8315,0.0101,A
104,hotel/mongodb-profile,10.35,69.69,400.43,0.0156,2,254,352.2537,63.3133,346.8315,0.0067,A
104,hotel/mongodb-rate,9.75,71.05,400.43,0.0,0,225,352.2537,59.643,1.6454,0.0101,A
104,hotel/mongodb-recommendation,10.27,69.32,400.43,0.0156,2,193,352.2537,62.8239,346.8315,0.0067,A
104,hotel/mongodb-reservation,12.85,267.23,400.43,0.0391,12,195,352.2537,78.6064,346.8315,0.0135,A
104,hotel/mongodb-user,10.37,68.95,400.43,0.0156,2,198,352.2537,63.4356,346.8315,0.0101,A
104,hotel/profile,2921.58,49.12,1119.06,0.0,0,184677,31400.6972,17871.9649,346.8315,3.66,A
104,hotel/rate,1644.29,41.9,1119.14,0.0,0,4646,789.9611,10058.4934,346.8315,1.83,A
104,hotel/recommendation,519.94,20.62,1119.06,0.0,0,1435,352.2537,3180.5904,346.8315,0.641,A
104,hotel/reservation,4015.76,118.34,1119.06,0.0,0,738351,125542.0879,24565.3111,346.8315,4.56,A
104,hotel/search,2631.83,42.43,1119.06,0.0,0,15243,2591.7728,16099.4987,346.8315,3.14,A
104,hotel/user,50.23,18.29,1119.06,0.0,0,772,352.2537,307.2683,346.8315,0.0607,A
104,hotel2/consul,24.48,31.02,201.48,0.0,0,1880,352.2537,149.7497,346.8315,0.0304,A
104,hotel2/frontend,8296.89,88.07,1119.14,0.0,0,81500,13857.4745,50753.9505,346.8315,9.94,A
104,hotel2/geo,872.26,24.25,1119.06,0.0,0,2568,436.638,5335.8115,346.8315,1.1,A
104,hotel2/jaeger,0.29,14.73,81.01,0.0,0,0,352.2537,1.774,1.6454,0.0,A
104,hotel2/memcached-profile,201.74,8.42,79.25,0.0,0,1729,352.2537,1234.0892,346.8315,0.236,A
104,hotel2/memcached-rate,179.96,7.71,79.25,0.0,0,1796,352.2537,1100.856,346.8315,0.216,A
104,hotel2/memcached-reserve,237.9,8.18,79.25,0.0,0,1798,352.2537,1455.288,346.8315,0.27,A
104,hotel2/mongodb-geo,9.84,68.63,400.43,0.0,0,168,352.2537,60.1935,1.6454,0.0135,A
104,hotel2/mongodb-profile,9.72,70.38,400.43,0.0,0,180,352.2537,59.4594,1.6454,0.0135,A
104,hotel2/mongodb-rate,10.66,69.78,400.43,0.0,0,137,352.2537,65.2096,346.8315,0.0101,A
104,hotel2/mongodb-recommendation,9.53,68.94,400.43,0.0,0,127,352.2537,58.2972,1.6454,0.0135,A
104,hotel2/mongodb-reservation,11.43,262.76,400.43,0.0195,10,187,352.2537,69.9199,346.8315,0.0135,A
104,hotel2/mongodb-user,11.62,68.75,400.43,0.0234,2,136,352.2537,71.0822,346.8315,0.0101,A
104,hotel2/profile,2503.95,45.52,1119.06,0.0,0,7693,1308.0436,15317.2278,346.8315,3.03,A
104,hotel2/rate,1423.17,37.41,1119.14,0.0,0,3457,587.795,8705.8524,346.8315,1.68,A
104,hotel2/recommendation,594.99,21.12,1119.06,0.0,0,2841,483.0563,3639.6882,346.8315,0.722,A
104,hotel2/reservation,2664.09,82.04,1119.06,0.0,0,299000,50839.0783,16296.8404,346.8315,3.24,A
104,hotel2/search,2332.94,34.2,1119.06,0.0,0,3492,593.746,14271.121,346.8315,2.74,A
104,hotel2/user,35.99,16.68,1119.06,0.0,0,1449,352.2537,220.159,346.8315,0.0472,A
105,hotel/consul,23.81,31.73,201.48,0.0,0,2177,385.5773,1.5479,343.3343,0.0351,A
105,hotel/frontend,9009.95,170.08,1119.14,0.0,0,966970,171263.9764,215.506,343.3343,11.5,A
105,hotel/geo,883.62,24.54,1119.06,0.0,0,1662,352.2537,21.135,343.3343,1.13,A
105,hotel/jaeger,0.38,14.78,81.01,0.0,0,0,352.2537,1.5479,1.6454,0.0,A
105,hotel/memcached-profile,163.03,8.79,79.25,0.0,0,1159,352.2537,3.8995,343.3343,0.197,A
105,hotel/memcached-rate,151.91,8.23,79.25,0.0,0,1862,352.2537,3.6335,343.3343,0.183,A
105,hotel/memcached-reserve,192.39,8.95,79.25,0.0,0,996,352.2537,4.6017,343.3343,0.249,A
105,hotel/mongodb-geo,9.4,69.02,400.43,0.0312,4,194,352.2537,1.5479,1.6454,0.0105,A
105,hotel/mongodb-profile,9.39,69.69,400.43,0.0,0,290,352.2537,1.5479,1.6454,0.0141,A
105,hotel/mongodb-rate,11.09,71.24,400.43,0.0195,2,100,352.2537,1.5479,343.3343,0.0105,A
105,hotel/mongodb-recommendation,9.63,69.32,400.43,0.0,0,153,352.2537,1.5479,1.6454,0.0105,A
105,hotel/mongodb-reservation,11.81,267.24,400.43,0.0312,16,244,352.2537,1.5479,343.3343,0.0141,A
105,hotel/mongodb-user,10.23,68.95,400.43,0.0,0,139,352.2537,1.5479,343.3343,0.0105,A
105,hotel/profile,2956.82,51.9,1119.06,0.0,0,140799,24937.4816,70.7232,343.3343,3.66,A
105,hotel/rate,1596.22,44.55,1119.14,0.0,0,2301,407.5394,38.1795,343.3343,2.11,A
105,hotel/recommendation,522.48,22.76,1119.06,0.0,0,1807,352.2537,12.497,343.3343,0.661,A
105,hotel/reservation,3697.49,127.79,1119.06,0.0,0,766186,135702.3082,88.439,343.3343,5.16,A
105,hotel/search,2754.25,47.18,1119.06,0.0,0,12833,2272.9046,65.878,343.3343,3.46,A
105,hotel/user,47.03,17.91,1119.06,0.0,0,1364,352.2537,1.5479,343.3343,0.0668,A
105,hotel2/consul,24.8,31.02,201.48,0.0,0,1985,352.2537,1.5479,343.3343,0.0316,A
105,hotel2/frontend,8595.57,87.17,1119.14,0.0,0,88541,15681.8554,205.5946,343.3343,10.7,A
105,hotel2/geo,927.67,24.45,1119.06,0.0,0,2680,474.6657,22.1886,343.3343,1.12,A
105,hotel2/jaeger,0.3,14.73,81.01,0.0,0,0,352.2537,1.5479,1.6454,0.0,A
105,hotel2/memcached-profile,202.29,7.7,79.25,0.0,0,2277,403.2887,4.8385,343.3343,0.26,A
105,hotel2/memcached-rate,169.19,7.7,79.25,0.0,0,1922,352.2537,4.0468,343.3343,0.225,A
105,hotel2/memcached-reserve,234.52,7.42,79.25,0.0,0,1392,352.2537,5.6094,343.3343,0.299,A
105,hotel2/mongodb-geo,11.74,68.63,400.43,0.0234,2,185,352.2537,1.5479,343.3343,0.0141,A
105,hotel2/mongodb-profile,13.31,70.38,400.43,0.0234,2,167,352.2537,1.5479,343.3343,0.007,A
105,hotel2/mongodb-rate,11.63,69.78,400.43,0.0234,2,213,352.2537,1.5479,343.3343,0.0105,A
105,hotel2/mongodb-recommendation,13.6,68.94,400.43,0.0234,2,268,352.2537,1.5479,343.3343,0.0105,A
105,hotel2/mongodb-reservation,11.9,262.76,400.43,0.0352,6,165,352.2537,1.5479,343.3343,0.0105,A
105,hotel2/mongodb-user,9.13,68.75,400.43,0.0,0,179,352.2537,1.5479,1.6454,0.0141,A
105,hotel2/profile,2610.58,45.25,1119.06,0.0,0,6048,1071.1858,62.4416,343.3343,3.32,A
105,hotel2/rate,1395.63,37.63,1119.14,0.0,0,2830,501.2328,33.3816,343.3343,1.76,A
105,hotel2/recommendation,604.41,20.14,1119.06,0.0,0,2267,401.5176,14.4567,343.3343,0.766,A
105,hotel2/reservation,2734.27,80.54,1119.06,0.0,0,231807,41056.2774,65.4001,343.3343,3.54,A
105,hotel2/search,2343.47,33.27,1119.06,0.0,0,3944,698.5378,56.0527,343.3343,3.0,A
105,hotel2/user,38.73,16.43,1119.06,0.0,0,995,352.2537,1.5479,343.3343,0.0457,A
106,hotel/consul,24.0,31.73,201.48,0.0,0,1992,352.2537,1.5479,310.6418,0.0347,A
106,hotel/frontend,9204.41,168.24,1119.14,0.0,0,980073,171597.2324,254.6795,310.6418,13.0,A
106,hotel/geo,796.54,23.23,1119.06,0.0,0,1581,352.2537,22.0397,310.6418,1.26,A
106,hotel/jaeger,0.42,14.78,81.01,0.0,0,0,352.2537,1.5479,1.6454,0.0038,A
106,hotel/memcached-profile,146.66,8.02,79.25,0.0,0,1299,352.2537,4.058,310.6418,0.231,A
106,hotel/memcached-rate,138.45,7.81,79.25,0.0,0,1319,352.2537,3.8308,310.6418,0.22,A
106,hotel/memcached-reserve,183.83,7.48,79.25,0.0,0,950,352.2537,5.0864,310.6418,0.289,A
106,hotel/mongodb-geo,10.57,68.83,400.43,0.0156,2,220,352.2537,1.5479,310.6418,0.0116,A
106,hotel/mongodb-profile,11.48,69.69,400.43,0.0156,2,231,352.2537,1.5479,310.6418,0.0116,A
106,hotel/mongodb-rate,10.02,71.05,400.43,0.0,0,148,352.2537,1.5479,310.6418,0.0116,A
106,hotel/mongodb-recommendation,10.51,69.32,400.43,0.0156,2,213,352.2537,1.5479,310.6418,0.0077,A
106,hotel/mongodb-reservation,13.58,267.24,400.43,0.0391,12,345,352.2537,1.5479,310.6418,0.0154,A
106,hotel/mongodb-user,11.68,68.95,400.43,0.0156,2,255,352.2537,1.5479,310.6418,0.0154,A
106,hotel/profile,2979.53,49.51,1119.06,0.0,0,173097,30306.8916,82.4415,310.6418,4.31,A
106,hotel/rate,1444.59,42.45,1119.14,0.0,0,1992,352.2537,39.9708,310.6418,2.24,A
106,hotel/recommendation,507.77,22.41,1119.06,0.0,0,1490,352.2537,14.0496,310.6418,0.752,A
106,hotel/reservation,3545.43,127.53,1119.06,0.0,0,792684,138788.0092,98.0995,310.6418,5.07,A
106,hotel/search,2472.76,42.97,1119.06,0.0,0,8738,1529.903,68.4195,310.6418,4.04,A
106,hotel/user,41.73,17.93,1119.06,0.0,0,1186,352.2537,1.5479,310.6418,0.0617,A
106,hotel2/consul,24.07,31.02,201.48,0.0,0,1596,352.2537,1.5479,310.6418,0.0385,A
106,hotel2/frontend,8434.28,88.74,1119.14,0.0,0,82220,14395.5853,233.3705,310.6418,12.6,A
106,hotel2/geo,933.86,23.16,1119.06,0.0,0,2726,477.2849,25.8392,310.6418,1.36,A
106,hotel2/jaeger,0.35,14.73,81.01,0.0,0,0,352.2537,1.5479,1.6454,0.0,A
106,hotel2/memcached-profile,189.39,7.7,79.25,0.0,0,1529,352.2537,5.2403,310.6418,0.293,A
106,hotel2/memcached-rate,175.19,7.7,79.25,0.0,0,1906,352.2537,4.8474,310.6418,0.235,A
106,hotel2/memcached-reserve,220.73,7.91,79.25,0.0,0,1764,352.2537,6.1074,310.6418,0.343,A
106,hotel2/mongodb-geo,11.18,68.82,400.43,0.0,0,176,352.2537,1.5479,310.6418,0.0116,A
106,hotel2/mongodb-profile,11.11,70.38,400.43,0.0,0,211,352.2537,1.5479,310.6418,0.0154,A
106,hotel2/mongodb-rate,10.56,69.78,400.43,0.0,0,316,352.2537,1.5479,310.6418,0.0116,A
106,hotel2/mongodb-recommendation,9.74,68.94,400.43,0.0,0,174,352.2537,1.5479,1.6454,0.0231,A
106,hotel2/mongodb-reservation,11.57,262.76,400.43,0.0117,6,523,352.2537,1.5479,310.6418,0.0154,A
106,hotel2/mongodb-user,12.72,68.75,400.43,0.0234,2,121,352.2537,1.5479,310.6418,0.0077,A
106,hotel2/profile,2374.6,44.02,1119.06,0.0,0,2943,515.2786,65.7035,310.6418,3.65,A
106,hotel2/rate,1347.9,37.56,1119.14,0.0,0,3423,599.32,37.2954,310.6418,2.04,A
106,hotel2/recommendation,600.02,21.6,1119.06,0.0,0,2683,469.7562,16.6021,310.6418,0.875,A
106,hotel2/reservation,2843.09,88.27,1119.06,0.0,0,243944,42711.2218,78.6663,310.6418,3.98,A
106,hotel2/search,2307.88,37.45,1119.06,0.0,0,3725,652.196,63.8574,310.6418,3.39,A
106,hotel2/user,35.87,16.68,1119.06,0.0,0,1034,352.2537,1.5479,310.6418,0.054,A
107,hotel/consul,24.46,31.73,201.48,0.0,0,1706,352.2537,1.5479,312.7056,0.0323,A
107,hotel/frontend,9030.35,175.23,1119.14,0.0,0,914974,166585.7354,252.0699,312.7056,12.2,A
107,hotel/geo,793.64,24.71,1119.06,0.0,0,1621,352.2537,22.1534,312.7056,1.02,A
107,hotel/jaeger,0.37,14.78,81.01,0.0,0,0,352.2537,1.5479,1.6454,0.0,A
107,hotel/memcached-profile,148.29,7.76,79.25,0.0,0,1497,352.2537,4.1393,312.7056,0.197,A
107,hotel/memcached-rate,146.39,7.75,79.25,0.0,0,1615,352.2537,4.0863,312.7056,0.183,A
107,hotel/memcached-reserve,181.43,7.45,79.25,0.0,0,1062,352.2537,5.0644,312.7056,0.248,A
107,hotel/mongodb-geo,9.41,68.83,400.43,0.0,0,134,352.2537,1.5479,1.6454,0.0108,A
107,hotel/mongodb-profile,11.15,69.69,400.43,0.0,0,256,352.2537,1.5479,312.7056,0.0144,A
107,hotel/mongodb-rate,11.15,71.05,400.43,0.0195,2,178,352.2537,1.5479,312.7056,0.0108,A
107,hotel/mongodb-recommendation,9.25,69.32,400.43,0.0,0,413,352.2537,1.5479,1.6454,0.0108,A
107,hotel/mongodb-reservation,10.76,267.24,400.43,0.0117,6,179,352.2537,1.5479,312.7056,0.0179,A
107,hotel/mongodb-user,10.7,68.95,400.43,0.0,0,210,352.2537,1.5479,312.7056,0.0179,A
107,hotel/profile,2647.77,50.48,1119.06,0.0,0,117382,21371.2814,73.9089,312.7056,3.87,A
107,hotel/rate,1554.45,40.97,1119.14,0.0,0,2258,411.1052,43.3904,312.7056,1.99,A
107,hotel/recommendation,472.15,22.41,1119.06,0.0,0,1375,352.2537,13.1794,312.7056,0.7,A
107,hotel/reservation,3924.39,121.04,1119.06,0.0,0,783219,142597.6182,109.544,312.7056,4.81,A
107,hotel/search,2570.82,50.88,1119.06,0.0,0,5952,1083.6573,71.7609,312.7056,3.2,A
107,hotel/user,49.46,17.11,1119.06,0.0,0,878,352.2537,1.5479,312.7056,0.061,A
107,hotel2/consul,23.14,31.02,201.48,0.0,0,2170,395.0834,1.5479,312.7056,0.0323,A
107,hotel2/frontend,8415.82,86.25,1119.14,0.0,0,102961,18745.7063,234.9162,312.7056,10.9,A
107,hotel2/geo,937.71,24.11,1119.06,0.0,0,2747,500.1355,26.1749,312.7056,1.18,A
107,hotel2/jaeger,0.31,14.73,81.01,0.0,0,0,352.2537,1.5479,1.6454,0.0036,A
107,hotel2/memcached-profile,198.54,7.68,79.25,0.0,0,2344,426.7629,5.542,312.7056,0.248,A
107,hotel2/memcached-rate,168.22,7.7,79.25,0.0,0,1797,352.2537,4.6956,312.7056,0.226,A
107,hotel2/memcached-reserve,226.14,7.41,79.25,0.0,0,1264,352.2537,6.3124,312.7056,0.291,A
107,hotel2/mongodb-geo,11.47,68.63,400.43,0.0234,2,550,352.2537,1.5479,312.7056,0.0108,A
107,hotel2/mongodb-profile,10.18,70.38,400.43,0.0234,2,142,352.2537,1.5479,312.7056,0.0108,A
107,hotel2/mongodb-rate,11.67,69.78,400.43,0.0234,2,205,352.2537,1.5479,312.7056,0.0108,A
107,hotel2/mongodb-recommendation,11.02,68.94,400.43,0.0234,2,170,352.2537,1.5479,312.7056,0.0108,A
107,hotel2/mongodb-reservation,12.66,262.76,400.43,0.0508,14,206,352.2537,1.5479,312.7056,0.0144,A
107,hotel2/mongodb-user,10.07,68.75,400.43,0.0,0,138,352.2537,1.5479,312.7056,0.0144,A
107,hotel2/profile,2430.1,45.95,1119.06,0.0,0,3103,564.9511,67.8329,312.7056,3.12,A
107,hotel2/rate,1324.57,39.61,1119.14,0.0,0,2839,516.8856,36.9736,312.7056,1.68,A
107,hotel2/recommendation,594.45,21.18,1119.06,0.0,0,2619,476.8311,16.5933,312.7056,0.764,A
107,hotel2/reservation,2612.34,86.02,1119.06,0.0,0,240674,43818.5733,72.9199,312.7056,3.6,A
107,hotel2/search,2335.76,33.46,1119.06,0.0,0,3936,716.6121,65.1996,312.7056,2.96,A
107,hotel2/user,40.77,16.43,1119.06,0.0,0,1324,352.2537,1.5479,312.7056,0.0466,A
108,hotel/consul,25.02,31.73,201.48,0.0,0,2041,352.2537,1.5479,343.2382,0.0315,A
108,hotel/frontend,9687.65,183.77,1119.14,0.0,0,1001891,172837.0822,228.191,343.2382,11.8,A
108,hotel/geo,827.35,22.89,1119.06,0.0,0,2229,384.5267,19.4881,343.2382,1.0,A
108,hotel/jaeger,0.34,14.78,81.01,0.0,0,0,352.2537,1.5479,1.6454,0.0,A
108,hotel/memcached-profile,162.69,8.33,79.25,0.0,0,1433,352.2537,3.8321,343.2382,0.182,A
108,hotel/memcached-rate,145.58,7.75,79.25,0.0,0,1125,352.2537,3.4291,343.2382,0.182,A
108,hotel/memcached-reserve,187.08,8.02,79.25,0.0,0,1088,352.2537,4.4066,343.2382,0.231,A
108,hotel/mongodb-geo,12.1,68.83,400.43,0.0273,4,122,352.2537,1.5479,343.2382,0.0105,A
108,hotel/mongodb-profile,11.24,69.69,400.43,0.0156,2,210,352.2537,1.5479,343.2382,0.014,A
108,hotel/mongodb-rate,9.63,71.05,400.43,0.0,0,127,352.2537,1.5479,1.6454,0.014,A
108,hotel/mongodb-recommendation,11.06,69.32,400.43,0.0273,4,156,352.2537,1.5479,343.2382,0.0105,A
108,hotel/mongodb-reservation,12.13,267.25,400.43,0.0352,10,158,352.2537,1.5479,343.2382,0.014,A
108,hotel/mongodb-user,10.73,68.95,400.43,0.0156,2,190,352.2537,1.5479,343.2382,0.0105,A
108,hotel/profile,2992.15,49.98,1119.06,0.0,0,121202,20908.6618,70.4796,343.2382,3.39,A
108,hotel/rate,1592.65,46.33,1119.14,0.0,0,1943,352.2537,37.5146,343.2382,1.92,A
108,hotel/recommendation,554.82,21.55,1119.06,0.0,0,1415,352.2537,13.0687,343.2382,0.598,A
108,hotel/reservation,3980.54,127.68,1119.06,0.0,0,859418,148258.9419,93.761,343.2382,5.12,A
108,hotel/search,2681.57,47.68,1119.06,0.0,0,15061,2598.1861,63.1639,343.2382,3.24,A
108,hotel/user,40.77,17.11,1119.06,0.0,0,877,352.2537,1.5479,343.2382,0.0594,A
108,hotel2/consul,23.69,31.02,201.48,0.0,0,2186,377.1087,1.5479,343.2382,0.0315,A
108,hotel2/frontend,8407.66,86.36,1119.14,0.0,0,98969,17073.2277,198.0411,343.2382,10.4,A
108,hotel2/geo,908.1,22.73,1119.06,0.0,0,2533,436.97,21.3901,343.2382,1.19,A
108,hotel2/jaeger,0.37,14.73,81.01,0.0,0,132,352.2537,1.5479,1.6454,0.0,A
108,hotel2/memcached-profile,202.83,8.19,79.25,0.0,0,1589,352.2537,4.7776,343.2382,0.241,A
108,hotel2/memcached-rate,174.17,7.71,79.25,0.0,0,1468,352.2537,4.1025,343.2382,0.21,A
108,hotel2/memcached-reserve,225.19,7.65,79.25,0.0,0,1389,352.2537,5.3043,343.2382,0.28,A
108,hotel2/mongodb-geo,10.45,68.63,400.43,0.0,0,188,352.2537,1.5479,343.2382,0.014,A
108,hotel2/mongodb-profile,9.94,70.38,400.43,0.0,0,185,352.2537,1.5479,1.6454,0.0105,A
108,hotel2/mongodb-rate,9.88,69.78,400.43,0.0,0,208,352.2537,1.5479,1.6454,0.014,A
108,hotel2/mongodb-recommendation,9.77,68.94,400.43,0.0,0,209,352.2537,1.5479,1.6454,0.0105,A
108,hotel2/mongodb-reservation,11.3,262.76,400.43,0.0156,8,108,352.2537,1.5479,343.2382,0.0175,A
108,hotel2/mongodb-user,11.35,68.75,400.43,0.0234,2,161,352.2537,1.5479,343.2382,0.0105,A
108,hotel2/profile,2458.75,44.54,1119.06,0.0,0,3078,530.9884,57.9155,343.2382,3.07,A
108,hotel2/rate,1433.08,38.02,1119.14,0.0,0,3340,576.1863,33.756,343.2382,1.65,A
108,hotel2/recommendation,609.64,21.04,1119.06,0.0,0,3056,527.1932,14.36,343.2382,0.741,A
108,hotel2/reservation,2808.19,85.27,1119.06,0.0,0,289648,49967.4268,66.1465,343.2382,3.43,A
108,hotel2/search,2454.72,34.86,1119.06,0.0,0,3459,596.7151,57.8205,343.2382,3.02,A
108,hotel2/user,45.4,16.52,1119.06,0.0,0,1199,352.2537,1.5479,343.2382,0.0524,A
109,hotel/consul,24.96,31.73,201.48,0.0,0,1851,352.2537,1.5479,314.2491,0.0346,A
109,hotel/frontend,9176.82,169.2,1119.14,0.0,0,946708,174333.0745,224.1891,314.2491,12.2,A
109,hotel/geo,809.34,24.85,1119.06,0.0,0,1440,352.2537,19.7721,314.2491,1.07,A
109,hotel/jaeger,0.4,14.78,81.01,0.0,0,0,352.2537,1.5479,1.6454,0.0,A
109,hotel/memcached-profile,158.32,7.77,79.25,0.0,0,1502,352.2537,3.8677,314.2491,0.218,A
109,hotel/memcached-rate,141.84,8.0,79.25,0.0,0,1425,352.2537,3.4651,314.2491,0.194,A
109,hotel/memcached-reserve,176.85,8.0,79.25,0.0,0,1178,352.2537,4.3204,314.2491,0.239,A
109,hotel/mongodb-geo,9.27,68.83,400.43,0.0,0,153,352.2537,1.5479,1.6454,0.0139,A
109,hotel/mongodb-profile,10.71,69.88,400.43,0.0508,12,170,352.2537,1.5479,314.2491,0.0104,A
109,hotel/mongodb-rate,10.58,71.05,400.43,0.0195,2,144,352.2537,1.5479,314.2491,0.0104,A
109,hotel/mongodb-recommendation,10.21,69.32,400.43,0.0508,12,141,352.2537,1.5479,314.2491,0.0104,A
109,hotel/mongodb-reservation,14.05,267.26,400.43,0.6836,88,238,352.2537,1.5479,314.2491,0.0139,A
109,hotel/mongodb-user,10.24,68.95,400.43,0.0469,10,394,352.2537,1.5479,314.2491,0.0139,A
109,hotel/profile,2978.89,46.73,1119.06,0.0,0,164518,30295.433,72.7741,314.2491,3.87,A
109,hotel/rate,1504.03,41.81,1119.14,0.0,0,2566,472.5202,36.7433,314.2491,2.14,A
109,hotel/recommendation,482.28,21.09,1119.06,0.0,0,1385,352.2537,11.7821,314.2491,0.721,A
109,hotel/reservation,3677.5,117.07,1119.06,0.0,0,787951,145098.5102,89.8411,314.2491,4.78,A
109,hotel/search,2723.42,42.92,1119.06,0.0,0,24168,4450.4554,66.533,314.2491,3.57,A
109,hotel/user,43.63,17.35,1119.06,0.0,0,1156,352.2537,1.5479,314.2491,0.0624,A
109,hotel2/consul,26.49,31.02,201.48,0.0,0,2010,370.1347,1.5479,314.2491,0.0277,A
109,hotel2/frontend,8324.79,91.48,1119.14,0.0,0,120577,22203.8465,203.374,314.2491,11.4,A
109,hotel2/geo,918.1,22.5,1119.06,0.0,0,2806,516.7154,22.4291,314.2491,1.26,A
109,hotel2/jaeger,0.29,14.73,81.01,0.0,0,0,352.2537,1.5479,1.6454,0.0,A
109,hotel2/memcached-profile,212.65,7.94,79.25,0.0,0,2253,414.8823,5.195,314.2491,0.284,A
109,hotel2/memcached-rate,165.55,7.73,79.25,0.0,0,2467,454.2897,4.0444,314.2491,0.236,A
109,hotel2/memcached-reserve,237.45,7.42,79.25,0.0,0,1531,352.2537,5.8009,314.2491,0.312,A
109,hotel2/mongodb-geo,10.91,68.63,400.43,0.0234,2,218,352.2537,1.5479,314.2491,0.0104,A
109,hotel2/mongodb-profile,10.53,70.38,400.43,0.0234,2,122,352.2537,1.5479,314.2491,0.0104,A
109,hotel2/mongodb-rate,10.4,69.78,400.43,0.0234,2,131,352.2537,1.5479,314.2491,0.0104,A
109,hotel2/mongodb-recommendation,10.46,68.94,400.43,0.0234,2,86,352.2537,1.5479,314.2491,0.0104,A
109,hotel2/mongodb-reservation,13.19,262.77,400.43,0.0547,16,167,352.2537,1.5479,314.2491,0.0139,A
109,hotel2/mongodb-user,10.04,68.75,400.43,0.0,0,317,352.2537,1.5479,314.2491,0.0139,A
109,hotel2/profile,2550.12,45.73,1119.06,0.0,0,4380,806.5622,62.2993,314.2491,3.41,A
109,hotel2/rate,1377.64,42.02,1119.14,0.0,0,2864,527.3959,33.6556,314.2491,1.91,A
109,hotel2/recommendation,626.57,20.44,1119.06,0.0,0,2459,452.8165,15.3071,314.2491,0.842,A
109,hotel2/reservation,2746.37,84.45,1119.06,0.0,0,241067,44391.6723,67.0936,314.2491,3.82,A
109,hotel2/search,2358.49,33.18,1119.06,0.0,0,4293,790.5414,57.6177,314.2491,3.27,A
109,hotel2/user,41.19,16.52,1119.06,0.0,0,1132,352.2537,1.5479,314.2491,0.0624,A
110,hotel/consul,25.04,31.73,201.48,0.0,0,2144,374.554,1.5479,393.5167,0.0377,A
110,hotel/frontend,9390.91,173.85,1119.14,0.0,0,1046860,182885.0562,232.5308,393.5167,14.2,A
110,hotel/geo,868.71,23.36,1119.06,0.0,0,1868,352.2537,21.5104,393.5167,1.25,A
110,hotel/jaeger,0.28,14.78,81.01,0.0,0,0,352.2537,1.5479,1.6454,0.0,A
110,hotel/memcached-profile,157.49,8.01,79.25,0.0,0,1354,352.2537,3.8997,393.5167,0.231,A
110,hotel/memcached-rate,142.2,7.7,79.25,0.0,0,1164,352.2537,3.5211,393.5167,0.21,A
110,hotel/memcached-reserve,191.0,9.82,79.25,0.0,0,1089,352.2537,4.7294,393.5167,0.26,A
110,hotel/mongodb-geo,10.32,68.83,400.43,0.0156,2,155,352.2537,1.5479,393.5167,0.0126,A
110,hotel/mongodb-profile,9.66,69.7,400.43,0.0195,2,232,352.2537,1.5479,1.6454,0.0126,A
110,hotel/mongodb-rate,9.92,71.05,400.43,0.0664,10,162,352.2537,1.5479,1.6454,0.0126,A
110,hotel/mongodb-recommendation,9.47,69.32,400.43,0.0195,2,194,352.2537,1.5479,1.6454,0.0126,A
110,hotel/mongodb-reservation,11.62,267.26,400.43,0.0312,8,174,352.2537,1.5479,393.5167,0.0252,A
110,hotel/mongodb-user,9.95,68.96,400.43,0.0195,2,370,352.2537,1.5479,1.6454,0.0126,A
110,hotel/profile,2875.48,57.43,1119.06,0.0,0,146190,25539.1995,71.2005,393.5167,4.43,A
110,hotel/rate,1551.11,42.4,1119.14,0.0,0,2415,421.8973,38.4075,393.5167,2.28,A
110,hotel/recommendation,527.93,21.11,1119.06,0.0,0,1529,352.2537,13.0722,393.5167,0.704,A
110,hotel/reservation,3936.64,130.2,1119.06,0.0,0,831784,145311.5637,97.4762,393.5167,5.34,A
110,hotel/search,2673.34,45.42,1119.06,0.0,0,4454,778.1079,66.1953,393.5167,3.94,A
110,hotel/user,49.75,17.36,1119.06,0.0,0,874,352.2537,1.5479,393.5167,0.0629,A
110,hotel2/consul,25.64,31.02,201.48,0.0,0,1721,352.2537,1.5479,393.5167,0.0419,A
110,hotel2/frontend,8297.27,85.17,1119.14,0.0,0,75439,13179.0934,205.4509,393.5167,12.9,A
110,hotel2/geo,911.36,24.14,1119.06,0.0,0,2709,473.2587,22.5664,393.5167,1.4,A
110,hotel2/jaeger,0.38,14.73,81.01,0.0,0,0,352.2537,1.5479,1.6454,0.0,A
110,hotel2/memcached-profile,201.61,7.93,79.25,0.0,0,1613,352.2537,4.9921,393.5167,0.327,A
110,hotel2/memcached-rate,172.88,7.7,79.25,0.0,0,1849,352.2537,4.2807,393.5167,0.256,A
110,hotel2/memcached-reserve,227.34,8.7,79.25,0.0,0,1362,352.2537,5.6292,393.5167,0.365,A
110,hotel2/mongodb-geo,9.95,68.63,400.43,0.0469,10,318,352.2537,1.5479,1.6454,0.021,A
110,hotel2/mongodb-profile,9.76,70.38,400.43,0.0703,14,227,352.2537,1.5479,1.6454,0.0168,A
110,hotel2/mongodb-rate,9.37,69.78,400.43,0.0,0,251,352.2537,1.5479,1.6454,0.0168,A
110,hotel2/mongodb-recommendation,9.91,68.94,400.43,0.0469,10,182,352.2537,1.5479,1.6454,0.0126,A
110,hotel2/mongodb-reservation,10.79,262.77,400.43,0.0078,4,305,352.2537,1.5479,393.5167,0.021,A
110,hotel2/mongodb-user,10.47,68.75,400.43,0.0234,2,249,352.2537,1.5479,393.5167,0.0168,A
110,hotel2/profile,2488.33,48.05,1119.06,0.0,0,3103,542.09,61.6142,393.5167,3.96,A
110,hotel2/rate,1389.59,39.08,1119.14,0.0,0,2969,518.6804,34.408,393.5167,2.11,A
110,hotel2/recommendation,605.84,20.68,1119.06,0.0,0,3181,555.7165,15.0014,393.5167,0.985,A
110,hotel2/reservation,2792.51,87.36,1119.06,0.0,0,335614,58631.3215,69.1461,393.5167,4.25,A
110,hotel2/search,2373.93,37.11,1119.06,0.0,0,3655,638.5237,58.7815,393.5167,3.85,A
110,hotel2/user,35.76,16.53,1119.06,0.0,0,1289,352.2537,1.5479,393.5167,0.0629,A
111,hotel/consul,24.81,31.73,201.48,0.0,0,2039,357.4046,1.5479,319.9748,0.0298,A
111,hotel/frontend,9075.8,168.99,1119.14,0.0,0,930842,163161.9538,223.9674,319.9748,11.2,A
111,hotel/geo,760.17,22.72,1119.06,0.0,0,1665,352.2537,18.759,319.9748,1.08,A
111,hotel/jaeger,0.39,14.78,81.01,0.0,0,0,352.2537,1.5479,1.6454,0.0,A
111,hotel/memcached-profile,146.87,8.27,79.25,0.0,0,1140,352.2537,3.6244,319.9748,0.195,A
111,hotel/memcached-rate,132.3,7.72,79.25,0.0,0,1996,352.2537,3.2648,319.9748,0.185,A
111,hotel/memcached-reserve,173.28,7.8,79.25,0.0,0,971,352.2537,4.2761,319.9748,0.241,A
111,hotel/mongodb-geo,11.67,68.83,400.43,0.0469,10,169,352.2537,1.5479,319.9748,0.0132,A
111,hotel/mongodb-profile,9.54,69.7,400.43,0.0,0,114,352.2537,1.5479,1.6454,0.0099,A
111,hotel/mongodb-rate,11.07,71.05,400.43,0.0195,2,149,352.2537,1.5479,319.9748,0.0132,A
111,hotel/mongodb-recommendation,9.72,69.32,400.43,0.0,0,149,352.2537,1.5479,1.6454,0.0066,A
111,hotel/mongodb-reservation,11.25,267.26,400.43,0.0039,2,200,352.2537,1.5479,319.9748,0.0132,A
111,hotel/mongodb-user,9.74,68.96,400.43,0.0,0,227,352.2537,1.5479,1.6454,0.0165,A
111,hotel/profile,2649.57,51.08,1119.06,0.0,0,173426,30398.8486,65.3846,319.9748,3.61,A
111,hotel/rate,1371.39,44.04,1119.14,0.0,0,1871,352.2537,33.8424,319.9748,1.94,A
111,hotel/recommendation,487.57,21.94,1119.06,0.0,0,1433,352.2537,12.032,319.9748,0.678,A
111,hotel/reservation,3608.47,122.76,1119.06,0.0,0,713708,125101.7807,89.0477,319.9748,5.09,A
111,hotel/search,2537.5,41.24,1119.06,0.0,0,18116,3175.4497,62.619,319.9748,3.52,A
111,hotel/user,40.62,17.48,1119.06,0.0,0,1150,352.2537,1.5479,319.9748,0.0662,A
111,hotel2/consul,23.02,31.02,201.48,0.0,0,2063,361.6114,1.5479,319.9748,0.0331,A
111,hotel2/frontend,8237.91,90.5,1119.14,0.0,0,97149,17028.6909,203.2904,319.9748,10.4,A
111,hotel2/geo,881.17,24.52,1119.06,0.0,0,2619,459.0695,21.745,319.9748,1.13,A
111,hotel2/jaeger,1.96,14.73,81.01,0.0,0,73,352.2537,1.5479,1.6454,0.0,A
111,hotel2/memcached-profile,186.61,7.94,79.25,0.0,0,2180,382.1197,4.6051,319.9748,0.238,A
111,hotel2/memcached-rate,169.0,7.71,79.25,0.0,0,1665,352.2537,4.1705,319.9748,0.215,A
111,hotel2/memcached-reserve,221.8,7.41,79.25,0.0,0,1209,352.2537,5.4735,319.9748,0.284,A
111,hotel2/mongodb-geo,11.81,68.82,400.43,0.0234,2,165,352.2537,1.5479,319.9748,0.0132,A
111,hotel2/mongodb-profile,11.39,70.38,400.43,0.0234,2,227,352.2537,1.5479,319.9748,0.0099,A
111,hotel2/mongodb-rate,13.89,69.79,400.43,0.0742,14,297,352.2537,1.5479,319.9748,0.0099,A
111,hotel2/mongodb-recommendation,11.54,69.13,400.43,0.0234,2,211,352.2537,1.5479,319.9748,0.0099,A
111,hotel2/mongodb-reservation,14.42,262.95,400.43,0.7617,102,186,352.2537,1.5479,319.9748,0.0132,A
111,hotel2/mongodb-user,10.34,68.75,400.43,0.0469,10,182,352.2537,1.5479,319.9748,0.0132,A
111,hotel2/profile,2461.33,46.86,1119.06,0.0,0,3713,650.8305,60.7393,319.9748,3.04,A
111,hotel2/rate,1393.25,36.64,1119.14,0.0,0,3110,545.1341,34.3818,319.9748,1.71,A
111,hotel2/recommendation,602.03,21.81,1119.06,0.0,0,2418,423.8373,14.8565,319.9748,0.741,A
111,hotel2/reservation,2760.49,81.85,1119.06,0.0,0,322232,56482.1986,68.1218,319.9748,3.52,A
111,hotel2/search,2350.64,34.68,1119.06,0.0,0,4145,726.5533,58.0077,319.9748,2.89,A
111,hotel2/user,40.68,16.63,1119.06,0.0,0,1083,352.2537,1.5479,319.9748,0.043,A
112,hotel/consul,23.38,31.73,201.48,0.0,0,2368,396.2504,1.5479,372.1158,0.029,A
112,hotel/frontend,9449.2,162.4,1119.14,0.0,0,999729,167290.1308,208.4414,372.1158,10.7,A
112,hotel/geo,924.81,23.92,1119.06,0.0,0,1786,352.2537,20.4005,372.1158,0.999,A
112,hotel/jaeger,0.42,14.78,81.01,0.0,0,0,352.2537,1.5479,1.6454,0.0032,A
112,hotel/memcached-profile,168.43,7.77,79.25,0.0,0,1434,352.2537,3.7154,372.1158,0.184,A
112,hotel/memcached-rate,163.39,7.99,79.25,0.0,0,1240,352.2537,3.6042,372.1158,0.174,A
112,hotel/memcached-reserve,200.44,8.52,79.25,0.0,0,1482,352.2537,4.4215,372.1158,0.21,A
112,hotel/mongodb-geo,10.56,68.83,400.43,0.0195,2,146,352.2537,1.5479,372.1158,0.0129,A
112,hotel/mongodb-profile,9.75,69.7,400.43,0.0195,2,211,352.2537,1.5479,1.6454,0.0097,A
112,hotel/mongodb-rate,9.71,71.05,400.43,0.0,0,214,352.2537,1.5479,1.6454,0.0097,A
112,hotel/mongodb-recommendation,9.7,69.32,400.43,0.0195,2,171,352.2537,1.5479,1.6454,0.0064,A
112,hotel/mongodb-reservation,13.03,267.27,400.43,0.0469,16,197,352.2537,1.5479,372.1158,0.0129,A
112,hotel/mongodb-user,11.0,68.96,400.43,0.0195,2,460,352.2537,1.5479,372.1158,0.0097,A
112,hotel/profile,3203.94,47.8,1119.06,0.0,0,162055,27117.551,70.6762,372.1158,3.31,A
112,hotel/rate,1723.14,42.23,1119.14,0.0,0,3224,539.4896,38.011,372.1158,1.88,A
112,hotel/recommendation,547.84,22.05,1119.06,0.0,0,1374,352.2537,12.0849,372.1158,0.596,A
112,hotel/reservation,3842.4,127.62,1119.06,0.0,0,753122,126024.0304,84.7601,372.1158,4.64,A
112,hotel/search,2883.42,44.88,1119.06,0.0,0,8269,1383.6971,63.6058,372.1158,3.22,A
112,hotel/user,45.83,17.49,1119.06,0.0,0,775,352.2537,1.5479,372.1158,0.0516,A
112,hotel2/consul,23.88,31.02,201.48,0.0,0,1986,352.2537,1.5479,372.1158,0.029,A
112,hotel2/frontend,8478.35,89.01,1119.14,0.0,0,97963,16392.6855,187.0253,372.1158,9.9,A
112,hotel2/geo,950.91,24.7,1119.06,0.0,0,3111,520.5807,20.9763,372.1158,1.06,A
112,hotel2/jaeger,0.31,14.73,81.01,0.0,0,0,352.2537,1.5479,1.6454,0.0,A
112,hotel2/memcached-profile,208.67,7.69,79.25,0.0,0,1736,352.2537,4.6031,372.1158,0.226,A
112,hotel2/memcached-rate,189.22,7.74,79.25,0.0,0,2293,383.7003,4.174,372.1158,0.2,A
112,hotel2/memcached-reserve,233.15,7.45,79.25,0.0,0,1599,352.2537,5.1431,372.1158,0.258,A
112,hotel2/mongodb-geo,12.2,68.63,400.43,0.0,0,142,352.2537,1.5479,372.1158,0.0129,A
112,hotel2/mongodb-profile,9.56,70.38,400.43,0.0,0,339,352.2537,1.5479,1.6454,0.0161,A
112,hotel2/mongodb-rate,9.61,69.78,400.43,0.0,0,498,352.2537,1.5479,1.6454,0.0161,A
112,hotel2/mongodb-recommendation,10.71,68.94,400.43,0.0,0,158,352.2537,1.5479,372.1158,0.0129,A
112,hotel2/mongodb-reservation,10.89,262.79,400.43,0.0156,8,159,352.2537,1.5479,372.1158,0.0129,A
112,hotel2/mongodb-user,10.21,68.75,400.43,0.0234,2,122,352.2537,1.5479,372.1158,0.0129,A
112,hotel2/profile,2580.92,44.82,1119.06,0.0,0,3771,631.0221,56.9329,372.1158,3.04,A
112,hotel2/rate,1514.55,44.42,1119.14,0.0,0,2905,486.1096,33.4097,372.1158,1.79,A
112,hotel2/recommendation,645.81,21.38,1119.06,0.0,0,2905,486.1096,14.246,372.1158,0.716,A
112,hotel2/reservation,2734.06,79.56,1119.06,0.0,0,170947,28605.4981,60.3111,372.1158,3.22,A
112,hotel2/search,2419.04,36.6,1119.06,0.0,0,3619,605.5871,53.362,372.1158,2.77,A
112,hotel2/user,43.92,16.63,1119.06,0.0,0,1122,352.2537,1.5479,372.1158,0.0548,A
113,hotel/consul,24.06,31.73,201.48,0.0,0,1899,352.2537,1.5479,349.4355,0.027,A
113,hotel/frontend,9086.15,175.57,1119.14,0.0,0,954766,168473.1446,208.5552,349.4355,11.1,A
113,hotel/geo,801.98,26.11,1119.06,0.0,0,1462,352.2537,18.4079,349.4355,1.16,A
113,hotel/jaeger,0.36,14.78,81.01,0.0,0,0,352.2537,1.5479,1.6454,0.0,A
113,hotel/memcached-profile,148.42,7.79,79.25,0.0,0,1417,352.2537,3.4067,349.4355,0.205,A
113,hotel/memcached-rate,148.62,7.72,79.25,0.0,0,2117,373.555,3.4113,349.4355,0.201,A
113,hotel/memcached-reserve,172.63,8.42,79.25,0.0,0,853,352.2537,3.9624,349.4355,0.243,A
113,hotel/mongodb-geo,9.57,68.83,400.43,0.0,0,182,352.2537,1.5479,1.6454,0.0116,A
113,hotel/mongodb-profile,9.31,69.88,400.43,0.0,0,150,352.2537,1.5479,1.6454,0.0039,A
113,hotel/mongodb-rate,10.59,71.06,400.43,0.0234,2,139,352.2537,1.5479,349.4355,0.0077,A
113,hotel/mongodb-recommendation,9.63,69.51,400.43,0.0,0,200,352.2537,1.5479,1.6454,0.0116,A
113,hotel/mongodb-reservation,10.21,267.27,400.43,0.0078,4,187,352.2537,1.5479,349.4355,0.0193,A
113,hotel/mongodb-user,9.86,68.96,400.43,0.0,0,190,352.2537,1.5479,1.6454,0.0116,A
113,hotel/profile,2838.81,48.87,1119.06,0.0,0,122057,21537.5564,65.1594,349.4355,3.77,A
113,hotel/rate,1465.71,42.96,1119.14,0.0,0,2425,427.9031,33.6426,349.4355,2.13,A
113,hotel/recommendation,477.52,20.67,1119.06,0.0,0,1260,352.2537,10.9606,349.4355,0.668,A
113,hotel/reservation,3411.38,116.73,1119.06,0.0,0,695462,122717.6817,78.3017,349.4355,4.49,A
113,hotel/search,2512.63,42.24,1119.06,0.0,0,23708,4183.3929,57.6726,349.4355,3.5,A
113,hotel/user,38.66,17.49,1119.06,0.0,0,875,352.2537,1.5479,349.4355,0.0502,A
113,hotel2/consul,23.56,31.02,201.48,0.0,0,1645,352.2537,1.5479,349.4355,0.027,A
113,hotel2/frontend,8365.47,91.09,1119.14,0.0,0,91512,16147.7413,192.0133,349.4355,10.4,A
113,hotel2/geo,881.04,23.8,1119.06,0.0,0,2456,433.3732,20.2226,349.4355,1.17,A
113,hotel2/jaeger,0.28,14.73,81.01,0.0,0,0,352.2537,1.5479,1.6454,0.0039,A
113,hotel2/memcached-profile,202.07,7.69,79.25,0.0,0,1916,352.2537,4.6381,349.4355,0.266,A
113,hotel2/memcached-rate,171.21,7.71,79.25,0.0,0,1541,352.2537,3.9298,349.4355,0.228,A
113,hotel2/memcached-reserve,223.22,7.43,79.25,0.0,0,1174,352.2537,5.1236,349.4355,0.293,A
113,hotel2/mongodb-geo,11.11,68.82,400.43,0.0234,2,274,352.2537,1.5479,349.4355,0.0116,A
113,hotel2/mongodb-profile,10.27,70.57,400.43,0.0312,4,728,352.2537,1.5479,349.4355,0.0116,A
113,hotel2/mongodb-rate,11.37,69.78,400.43,0.0312,4,157,352.2537,1.5479,349.4355,0.0116,A
113,hotel2/mongodb-recommendation,10.61,68.94,400.43,0.043,4,158,352.2537,1.5479,349.4355,0.0154,A
113,hotel2/mongodb-reservation,11.35,262.95,400.43,0.0586,12,261,352.2537,1.5479,349.4355,0.0154,A
113,hotel2/mongodb-user,9.32,68.75,400.43,0.0,0,152,352.2537,1.5479,1.6454,0.0077,A
113,hotel2/profile,2542.03,46.19,1119.06,0.0,0,4444,784.1656,58.3474,349.4355,3.06,A
113,hotel2/rate,1345.95,39.61,1119.14,0.0,0,2634,464.7822,30.8937,349.4355,1.74,A
113,hotel2/recommendation,589.64,21.33,1119.06,0.0,0,2421,427.1973,13.5341,349.4355,0.803,A
113,hotel2/reservation,2811.08,88.31,1119.06,0.0,0,258285,45575.6553,64.523,349.4355,3.29,A
113,hotel2/search,2271.7,35.27,1119.06,0.0,0,4091,721.877,52.1425,349.4355,2.99,A
113,hotel2/user,40.2,16.39,1119.06,0.0,0,1063,352.2537,1.5479,349.4355,0.0502,A
114,hotel/consul,24.63,31.73,201.48,0.0,0,1993,352.2537,1.5479,393.8037,0.0283,A
114,hotel/frontend,9206.41,184.24,1119.14,0.0,0,1044522,178666.4896,236.9175,393.8037,11.9,A
114,hotel/geo,779.51,26.08,1119.06,0.0,0,1803,352.2537,20.0599,393.8037,0.998,A
114,hotel/jaeger,0.35,14.78,81.01,0.0,0,0,352.2537,1.5479,1.6454,0.0,A
114,hotel/memcached-profile,139.34,7.78,79.25,0.0,0,1555,352.2537,3.5858,393.8037,0.184,A
114,hotel/memcached-rate,143.18,7.73,79.25,0.0,0,1232,352.2537,3.6846,393.8037,0.188,A
114,hotel/memcached-reserve,177.14,7.7,79.25,0.0,0,1072,352.2537,4.5585,393.8037,0.223,A
114,hotel/mongodb-geo,10.02,68.83,400.43,0.0273,4,309,352.2537,1.5479,393.8037,0.0106,A
114,hotel/mongodb-profile,9.62,69.7,400.43,0.0195,2,202,352.2537,1.5479,1.6454,0.0071,A
114,hotel/mongodb-rate,8.82,71.06,400.43,0.0,0,143,352.2537,1.5479,1.6454,0.0106,A
114,hotel/mongodb-recommendation,9.78,69.32,400.43,0.0195,2,187,352.2537,1.5479,1.6454,0.0106,A
114,hotel/mongodb-reservation,11.64,267.27,400.43,0.0391,10,227,352.2537,1.5479,393.8037,0.0106,A
114,hotel/mongodb-user,10.37,68.96,400.43,0.0195,2,156,352.2537,1.5479,393.8037,0.0142,A
114,hotel/profile,2712.18,46.05,1119.06,0.0,0,121843,20841.362,69.7952,393.8037,3.63,A
114,hotel/rate,1480.44,41.09,1119.14,0.0,0,2050,352.2537,38.0976,393.8037,1.91,A
114,hotel/recommendation,472.0,21.17,1119.06,0.0,0,1498,352.2537,12.1464,393.8037,0.623,A
114,hotel/reservation,3653.71,120.37,1119.06,0.0,0,862830,147587.8988,94.0245,393.8037,4.63,A
114,hotel/search,2607.34,49.59,1119.06,0.0,0,76005,13000.7281,67.0972,393.8037,3.29,A
114,hotel/user,53.87,17.15,1119.06,0.0,0,775,352.2537,1.5479,393.8037,0.046,A
114,hotel2/consul,26.88,31.52,201.48,0.0,0,1461,352.2537,1.5479,393.8037,0.0319,A
114,hotel2/frontend,8666.02,84.6,1119.14,0.0,0,79654,13624.8931,223.0111,393.8037,11.0,A
114,hotel2/geo,973.34,21.79,1119.06,0.0,0,2618,447.8114,25.0479,393.8037,1.12,A
114,hotel2/jaeger,0.43,14.73,81.01,0.0,0,0,352.2537,1.5479,1.6454,0.0,A
114,hotel2/memcached-profile,210.86,7.92,79.25,0.0,0,1519,352.2537,5.4263,393.8037,0.262,A
114,hotel2/memcached-rate,184.48,7.7,79.25,0.0,0,2197,375.799,4.7474,393.8037,0.223,A
114,hotel2/memcached-reserve,238.48,7.42,79.25,0.0,0,1833,352.2537,6.137,393.8037,0.297,A
114,hotel2/mongodb-geo,9.8,68.63,400.43,0.0,0,176,352.2537,1.5479,1.6454,0.0106,A
114,hotel2/mongodb-profile,8.86,70.38,400.43,0.0,0,475,352.2537,1.5479,1.6454,0.0106,A
114,hotel2/mongodb-rate,9.27,69.78,400.43,0.0,0,210,352.2537,1.5479,1.6454,0.0142,A
114,hotel2/mongodb-recommendation,9.13,68.94,400.43,0.0,0,190,352.2537,1.5479,1.6454,0.0142,A
114,hotel2/mongodb-reservation,10.96,262.98,400.43,0.0195,10,350,352.2537,1.5479,393.8037,0.0142,A
114,hotel2/mongodb-user,9.85,68.75,400.43,0.0234,2,247,352.2537,1.5479,1.6454,0.0071,A
114,hotel2/profile,2587.01,43.68,1119.06,0.0,0,3432,587.0469,66.574,393.8037,3.21,A
114,hotel2/rate,1496.81,39.12,1119.14,0.0,0,3300,564.4682,38.5189,393.8037,1.73,A
114,hotel2/recommendation,648.76,21.49,1119.06,0.0,0,3187,545.1394,16.6952,393.8037,0.775,A
114,hotel2/reservation,2812.22,92.66,1119.06,0.0,0,262671,44930.1264,72.3696,393.8037,3.53,A
114,hotel2/search,2429.14,35.57,1119.06,0.0,0,3966,678.3881,62.5114,393.8037,2.98,A
114,hotel2/user,44.79,16.46,1119.06,0.0,0,1475,352.2537,1.5479,393.8037,0.0567,A
115,hotel/consul,24.81,31.73,201.48,0.0,0,1911,357.1236,1.5479,310.1125,0.0309,A
115,hotel/frontend,9172.83,172.93,1119.14,0.0,0,1008793,188521.0946,221.4124,310.1125,11.7,A
115,hotel/geo,769.83,23.44,1119.06,0.0,0,1394,352.2537,18.582,310.1125,1.02,A
115,hotel/jaeger,0.37,14.78,81.01,0.0,0,0,352.2537,1.5479,1.6454,0.0,A
115,hotel/memcached-profile,144.05,7.83,79.25,0.0,0,1575,352.2537,3.4771,310.1125,0.193,A
115,hotel/memcached-rate,139.03,7.75,79.25,0.0,0,1851,352.2537,3.3559,310.1125,0.193,A
115,hotel/memcached-reserve,176.01,7.54,79.25,0.0,0,830,352.2537,4.2485,310.1125,0.237,A
115,hotel/mongodb-geo,8.98,68.83,400.43,0.0,0,215,352.2537,1.5479,1.6454,0.0103,A
115,hotel/mongodb-profile,10.88,69.7,400.43,0.0,0,130,352.2537,1.5479,310.1125,0.0069,A
115,hotel/mongodb-rate,12.15,71.06,400.43,0.0391,4,327,352.2537,1.5479,310.1125,0.0103,A
115,hotel/mongodb-recommendation,10.83,69.32,400.43,0.0,0,212,352.2537,1.5479,310.1125,0.0069,A
115,hotel/mongodb-reservation,11.33,267.27,400.43,0.0312,16,208,352.2537,1.5479,310.1125,0.0138,A
115,hotel/mongodb-user,10.76,68.96,400.43,0.0,0,270,352.2537,1.5479,310.1125,0.0103,A
115,hotel/profile,2728.49,47.43,1119.06,0.0,0,104282,19487.9988,65.8599,310.1125,3.82,A
115,hotel/rate,1466.21,42.59,1119.14,0.0,0,2135,398.9843,35.3912,310.1125,1.94,A
115,hotel/recommendation,489.31,20.83,1119.06,0.0,0,1502,352.2537,11.8109,310.1125,0.633,A
115,hotel/reservation,3562.13,127.81,1119.06,0.0,0,679098,126908.3928,85.9822,310.1125,4.47,A
115,hotel/search,2473.77,42.93,1119.06,0.0,0,6852,1280.4872,59.7115,310.1125,3.42,A
115,hotel/user,37.79,17.15,1119.06,0.0,0,1152,352.2537,1.5479,310.1125,0.0688,A
115,hotel2/consul,24.61,31.52,201.48,0.0,0,2009,375.4377,1.5479,310.1125,0.0344,A
115,hotel2/frontend,8426.71,91.42,1119.14,0.0,0,68392,12780.9518,203.4027,310.1125,11.0,A
115,hotel2/geo,932.76,22.6,1119.06,0.0,0,2512,469.4372,22.5148,310.1125,1.21,A
115,hotel2/jaeger,0.31,14.73,81.01,0.0,0,0,352.2537,1.5479,1.6454,0.0034,A
115,hotel2/memcached-profile,208.4,7.68,79.25,0.0,0,2490,465.3259,5.0303,310.1125,0.258,A
115,hotel2/memcached-rate,177.24,7.7,79.25,0.0,0,1807,352.2537,4.2782,310.1125,0.23,A
115,hotel2/memcached-reserve,230.64,7.67,79.25,0.0,0,1150,352.2537,5.5672,310.1125,0.292,A
115,hotel2/mongodb-geo,11.67,68.63,400.43,0.0234,2,208,352.2537,1.5479,310.1125,0.0103,A
115,hotel2/mongodb-profile,11.19,70.38,400.43,0.0234,2,172,352.2537,1.5479,310.1125,0.0069,A
115,hotel2/mongodb-rate,10.18,69.78,400.43,0.0234,2,272,352.2537,1.5479,310.1125,0.0069,A
115,hotel2/mongodb-recommendation,11.31,68.95,400.43,0.0312,4,129,352.2537,1.5479,310.1125,0.0069,A
115,hotel2/mongodb-reservation,12.72,262.8,400.43,0.0352,4,413,352.2537,1.5479,310.1125,0.0103,A
115,hotel2/mongodb-user,10.69,68.75,400.43,0.0,0,205,352.2537,1.5479,310.1125,0.0069,A
115,hotel2/profile,2464.68,42.91,1119.06,0.0,0,4369,816.4694,59.4921,310.1125,3.25,A
115,hotel2/rate,1461.27,39.22,1119.14,0.0,0,2859,534.2839,35.2719,310.1125,1.77,A
115,hotel2/recommendation,614.44,21.01,1119.06,0.0,0,2691,502.8884,14.8313,310.1125,0.777,A
115,hotel2/reservation,2763.26,79.06,1119.06,0.0,0,261426,48854.736,66.6992,310.1125,3.47,A
115,hotel2/search,2398.32,36.12,1119.06,0.0,0,3900,728.8237,57.8903,310.1125,3.02,A
115,hotel2/user,37.38,16.75,1119.06,0.0,0,1588,352.2537,1.5479,310.1125,0.055,A
116,hotel/consul,25.06,31.73,201.48,0.0,0,2104,365.3876,1.5479,367.623,0.0365,A
116,hotel/frontend,9381.02,172.16,1119.14,0.0,0,1068321,185528.174,212.3448,367.623,13.4,A
116,hotel/geo,780.4,23.93,1119.06,0.0,0,1651,352.2537,17.6648,367.623,1.13,A
116,hotel/jaeger,1.28,14.78,81.01,0.0,0,92,352.2537,1.5479,1.6454,0.0,A
116,hotel/memcached-profile,147.91,7.76,79.25,0.0,0,1089,352.2537,3.348,367.623,0.211,A
116,hotel/memcached-rate,136.13,8.25,79.25,0.0,0,1775,352.2537,3.0814,367.623,0.199,A
116,hotel/memcached-reserve,180.73,8.75,79.25,0.0,0,1145,352.2537,4.0909,367.623,0.256,A
116,hotel/mongodb-geo,10.14,68.83,400.43,0.0195,2,165,352.2537,1.5479,367.623,0.0122,A
116,hotel/mongodb-profile,9.65,69.7,400.43,0.0195,2,192,352.2537,1.5479,1.6454,0.0081,A
116,hotel/mongodb-rate,9.66,71.06,400.43,0.0,0,123,352.2537,1.5479,1.6454,0.0122,A
116,hotel/mongodb-recommendation,9.57,69.32,400.43,0.0195,2,295,352.2537,1.5479,1.6454,0.0122,A
116,hotel/mongodb-reservation,12.02,267.27,400.43,0.043,12,172,352.2537,1.5479,367.623,0.0122,A
116,hotel/mongodb-user,10.09,68.96,400.43,0.0195,2,198,352.2537,1.5479,367.623,0.0122,A
116,hotel/profile,2702.0,48.84,1119.06,0.0,0,189783,32958.3463,61.1613,367.623,4.19,A
116,hotel/rate,1375.59,41.05,1119.14,0.0,0,1849,352.2537,31.1373,367.623,2.16,A
116,hotel/recommendation,481.89,22.04,1119.06,0.0,0,1435,352.2537,10.9079,367.623,0.694,A
116,hotel/reservation,3657.49,121.1,1119.06,0.0,0,778212,135146.8812,82.7894,367.623,5.39,A
116,hotel/search,2407.98,42.8,1119.06,0.0,0,79117,13739.7211,54.506,367.623,3.52,A
116,hotel/user,53.18,18.52,1119.06,0.0,0,987,352.2537,1.5479,367.623,0.0528,A
116,hotel2/consul,26.53,31.52,201.48,0.0,0,2113,366.9506,1.5479,367.623,0.0365,A
116,hotel2/frontend,8464.69,85.95,1119.14,0.0,0,86189,14967.8681,191.6031,367.623,12.5,A
116,hotel2/geo,905.97,24.36,1119.06,0.0,0,2882,500.4977,20.5071,367.623,1.38,A
116,hotel2/jaeger,0.29,14.73,81.01,0.0,0,0,352.2537,1.5479,1.6454,0.0,A
116,hotel2/memcached-profile,206.96,7.67,79.25,0.0,0,1598,352.2537,4.6847,367.623,0.313,A
116,hotel2/memcached-rate,177.53,7.7,79.25,0.0,0,1742,352.2537,4.0185,367.623,0.26,A
116,hotel2/memcached-reserve,228.87,7.39,79.25,0.0,0,1407,352.2537,5.1806,367.623,0.353,A
116,hotel2/mongodb-geo,10.05,68.63,400.43,0.0,0,309,352.2537,1.5479,367.623,0.0162,A
116,hotel2/mongodb-profile,9.91,70.38,400.43,0.0,0,215,352.2537,1.5479,1.6454,0.0162,A
116,hotel2/mongodb-rate,9.3,69.78,400.43,0.0,0,167,352.2537,1.5479,1.6454,0.0162,A
116,hotel2/mongodb-recommendation,9.38,68.94,400.43,0.0,0,111,352.2537,1.5479,1.6454,0.0122,A
116,hotel2/mongodb-reservation,10.53,262.8,400.43,0.0156,8,436,352.2537,1.5479,367.623,0.0162,A
116,hotel2/mongodb-user,10.06,68.75,400.43,0.0234,2,180,352.2537,1.5479,367.623,0.0122,A
116,hotel2/profile,2558.64,45.07,1119.06,0.0,0,4151,720.8765,57.9163,367.623,3.72,A
116,hotel2/rate,1419.42,37.86,1119.14,0.0,0,2918,506.7496,32.1294,367.623,2.15,A
116,hotel2/recommendation,609.72,19.92,1119.06,0.0,0,3497,607.3006,13.8014,367.623,0.918,A
116,hotel2/reservation,2669.15,81.94,1119.06,0.0,0,234144,40662.2249,60.4177,367.623,4.3,A
116,hotel2/search,2329.57,34.76,1119.06,0.0,0,3708,643.9436,52.7311,367.623,3.54,A
116,hotel2/user,36.31,16.54,1119.06,0.0,0,1010,352.2537,1.5479,367.623,0.0569,A
117,hotel/consul,27.35,31.73,201.48,0.0,0,2478,417.3376,1.5479,326.8545,0.0354,A
117,hotel/frontend,9520.41,170.7,1119.14,0.0,0,958576,161440.5866,231.8826,326.8545,11.5,A
117,hotel/geo,871.73,24.73,1119.06,0.0,0,1576,352.2537,21.2322,326.8545,0.985,A
117,hotel/jaeger,0.37,14.78,81.01,0.0,0,0,352.2537,1.5479,1.6454,0.0032,A
117,hotel/memcached-profile,165.9,7.76,79.25,0.0,0,1586,352.2537,4.0407,326.8545,0.187,A
117,hotel/memcached-rate,152.86,7.71,79.25,0.0,0,1905,352.2537,3.7231,326.8545,0.174,A
117,hotel/memcached-reserve,199.1,7.54,79.25,0.0,0,1024,352.2537,4.8494,326.8545,0.229,A
117,hotel/mongodb-geo,9.58,68.83,400.43,0.0,0,81,352.2537,1.5479,1.6454,0.0129,A
117,hotel/mongodb-profile,10.25,69.7,400.43,0.0,0,199,352.2537,1.5479,326.8545,0.0097,A
117,hotel/mongodb-rate,11.4,71.06,400.43,0.0234,2,141,352.2537,1.5479,326.8545,0.0129,A
117,hotel/mongodb-recommendation,10.3,69.32,400.43,0.0,0,175,352.2537,1.5479,326.8545,0.0064,A
117,hotel/mongodb-reservation,11.83,267.28,400.43,0.0195,10,152,352.2537,1.5479,326.8545,0.0161,A
117,hotel/mongodb-user,10.25,68.96,400.43,0.0,0,218,352.2537,1.5479,326.8545,0.0129,A
117,hotel/profile,2992.3,48.44,1119.06,0.0,0,161081,27128.7943,72.8816,326.8545,3.32,A
117,hotel/rate,1663.28,43.18,1119.14,0.0,0,2375,399.9906,40.5115,326.8545,1.73,A
117,hotel/recommendation,531.56,20.91,1119.06,0.0,0,1409,352.2537,12.9469,326.8545,0.628,A
117,hotel/reservation,3918.92,130.9,1119.06,0.0,0,828350,139508.3018,95.4507,326.8545,4.63,A
117,hotel/search,2754.22,43.61,1119.06,0.0,0,37629,6337.3669,67.0828,326.8545,3.02,A
117,hotel/user,51.38,17.7,1119.06,0.0,0,1218,352.2537,1.5479,326.8545,0.0708,A
117,hotel2/consul,25.57,31.52,201.48,0.0,0,2388,402.18,1.5479,326.8545,0.0322,A
117,hotel2/frontend,8426.75,87.93,1119.14,0.0,0,96439,16241.9764,205.245,326.8545,10.2,A
117,hotel2/geo,920.31,23.53,1119.06,0.0,0,2499,420.8743,22.4154,326.8545,1.12,A
117,hotel2/jaeger,0.37,14.73,81.01,0.0,0,0,352.2537,1.5479,1.6454,0.0,A
117,hotel2/memcached-profile,207.53,7.67,79.25,0.0,0,2002,352.2537,5.0547,326.8545,0.251,A
117,hotel2/memcached-rate,175.46,7.7,79.25,0.0,0,1698,352.2537,4.2736,326.8545,0.209,A
117,hotel2/memcached-reserve,231.17,7.43,79.25,0.0,0,1187,352.2537,5.6305,326.8545,0.274,A
117,hotel2/mongodb-geo,11.72,68.82,400.43,0.0273,2,121,352.2537,1.5479,326.8545,0.0097,A
117,hotel2/mongodb-profile,11.12,70.38,400.43,0.0273,2,142,352.2537,1.5479,326.8545,0.0129,A
117,hotel2/mongodb-rate,11.1,69.79,400.43,0.0273,2,141,352.2537,1.5479,326.8545,0.0097,A
117,hotel2/mongodb-recommendation,10.77,68.95,400.43,0.0273,2,141,352.2537,1.5479,326.8545,0.0129,A
117,hotel2/mongodb-reservation,12.79,262.8,400.43,0.043,8,254,352.2537,1.5479,326.8545,0.0097,A
117,hotel2/mongodb-user,10.62,68.75,400.43,0.0,0,247,352.2537,1.5479,326.8545,0.0097,A
117,hotel2/profile,2563.02,45.3,1119.06,0.0,0,4365,735.1406,62.4259,326.8545,3.06,A
117,hotel2/rate,1412.08,37.3,1119.14,0.0,0,3078,518.3878,34.3931,326.8545,1.69,A
117,hotel2/recommendation,609.99,21.82,1119.06,0.0,0,2705,455.5682,14.8571,326.8545,0.731,A
117,hotel2/reservation,2757.42,83.19,1119.06,0.0,0,259647,43728.9938,67.1607,326.8545,3.23,A
117,hotel2/search,2334.23,35.08,1119.06,0.0,0,3693,621.9643,56.8534,326.8545,2.86,A
117,hotel2/user,34.59,16.68,1119.06,0.0,0,1316,352.2537,1.5479,326.8545,0.0418,A
118,hotel/consul,25.56,31.73,201.48,0.0,0,2601,453.3531,1.5479,364.3332,0.035,A
118,hotel/frontend,9178.77,175.44,1119.14,0.0,0,1092686,190454.6506,230.7009,364.3332,12.3,A
118,hotel/geo,796.72,27.64,1119.06,0.0,0,1626,352.2537,20.0249,364.3332,1.13,A
118,hotel/jaeger,0.32,14.78,81.01,0.0,0,0,352.2537,1.5479,1.6454,0.0,A
118,hotel/memcached-profile,156.86,8.09,79.25,0.0,0,1441,352.2537,3.9425,364.3332,0.22,A
118,hotel/memcached-rate,141.69,8.27,79.25,0.0,0,1382,352.2537,3.5613,364.3332,0.196,A
118,hotel/memcached-reserve,178.42,7.76,79.25,0.0,0,1175,352.2537,4.4844,364.3332,0.259,A
118,hotel/mongodb-geo,10.9,68.83,400.43,0.0195,2,242,352.2537,1.5479,364.3332,0.0105,A
118,hotel/mongodb-profile,11.05,69.7,400.43,0.0195,2,240,352.2537,1.5479,364.3332,0.0105,A
118,hotel/mongodb-rate,9.55,71.06,400.43,0.0,0,249,352.2537,1.5479,1.6454,0.014,A
118,hotel/mongodb-recommendation,10.67,69.32,400.43,0.0195,2,215,352.2537,1.5479,364.3332,0.0105,A
118,hotel/mongodb-reservation,12.64,267.28,400.43,0.0469,14,270,352.2537,1.5479,364.3332,0.014,A
118,hotel/mongodb-user,11.5,68.96,400.43,0.0195,2,484,352.2537,1.5479,364.3332,0.0105,A
118,hotel/profile,2827.09,50.25,1119.06,0.0,0,151174,26349.5564,71.0566,364.3332,3.71,A
118,hotel/rate,1541.73,45.27,1119.14,0.0,0,1819,352.2537,38.7501,364.3332,1.99,A
118,hotel/recommendation,523.09,22.87,1119.06,0.0,0,1512,352.2537,13.1474,364.3332,0.689,A
118,hotel/reservation,3689.06,119.9,1119.06,0.0,0,867368,151181.8302,92.7215,364.3332,5.21,A
118,hotel/search,2611.17,49.74,1119.06,0.0,0,46034,8023.7043,65.6296,364.3332,3.66,A
118,hotel/user,44.46,17.48,1119.06,0.0,0,758,352.2537,1.5479,364.3332,0.0664,A
118,hotel2/consul,23.08,31.52,201.48,0.0,0,2836,494.3135,1.5479,364.3332,0.035,A
118,hotel2/frontend,8930.86,88.91,1119.14,0.0,0,118892,20722.8191,224.4699,364.3332,11.1,A
118,hotel2/geo,979.73,23.7,1119.06,0.0,0,2999,522.7243,24.6247,364.3332,1.19,A
118,hotel2/jaeger,0.49,14.73,81.01,0.0,0,0,352.2537,1.5479,1.6454,0.0,A
118,hotel2/memcached-profile,205.96,7.95,79.25,0.0,0,1823,352.2537,5.1766,364.3332,0.269,A
118,hotel2/memcached-rate,188.25,7.7,79.25,0.0,0,2412,420.4105,4.7315,364.3332,0.231,A
118,hotel2/memcached-reserve,236.11,7.42,79.25,0.0,0,1705,352.2537,5.9344,364.3332,0.29,A
118,hotel2/mongodb-geo,9.98,68.64,400.43,0.0,0,159,352.2537,1.5479,1.6454,0.014,A
118,hotel2/mongodb-profile,9.83,70.38,400.43,0.0,0,268,352.2537,1.5479,1.6454,0.014,A
118,hotel2/mongodb-rate,9.68,69.79,400.43,0.0,0,205,352.2537,1.5479,1.6454,0.014,A
118,hotel2/mongodb-recommendation,9.77,68.95,400.43,0.0,0,256,352.2537,1.5479,1.6454,0.014,A
118,hotel2/mongodb-reservation,11.58,262.81,400.43,0.0078,4,168,352.2537,1.5479,364.3332,0.0175,A
118,hotel2/mongodb-user,10.84,68.75,400.43,0.043,4,255,352.2537,1.5479,364.3332,0.0105,A
118,hotel2/profile,2566.4,44.74,1119.06,0.0,0,3518,613.1857,64.5044,364.3332,3.22,A
118,hotel2/rate,1419.92,40.4,1119.14,0.0,0,3142,547.6491,35.6885,364.3332,1.72,A
118,hotel2/recommendation,633.31,21.43,1119.06,0.0,0,2924,509.6518,15.9177,364.3332,0.787,A
118,hotel2/reservation,2802.74,82.77,1119.06,0.0,0,210232,36643.3377,70.4446,364.3332,3.47,A
118,hotel2/search,2382.03,32.91,1119.06,0.0,0,4117,717.5911,59.8704,364.3332,2.89,A
118,hotel2/user,46.37,16.68,1119.06,0.0,0,1308,352.2537,1.5479,364.3332,0.049,A
119,hotel/consul,22.84,31.73,201.48,0.0,0,1840,352.2537,1.5479,354.8982,0.0324,A
119,hotel/frontend,9039.03,177.65,1119.14,0.0,0,1007274,182140.4912,192.9266,354.8982,10.9,A
119,hotel/geo,756.76,25.61,1119.06,0.0,0,1540,352.2537,16.1521,354.8982,0.989,A
119,hotel/jaeger,0.42,14.78,81.01,0.0,0,0,352.2537,1.5479,1.6454,0.0,A
119,hotel/memcached-profile,143.17,8.25,79.25,0.0,0,1370,352.2537,3.0558,354.8982,0.187,A
119,hotel/memcached-rate,143.4,7.71,79.25,0.0,0,1636,352.2537,3.0607,354.8982,0.184,A
119,hotel/memcached-reserve,178.13,12.75,79.25,0.0,0,935,352.2537,3.802,354.8982,0.223,A
119,hotel/mongodb-geo,9.87,68.83,400.43,0.0,0,348,352.2537,1.5479,1.6454,0.0144,A
119,hotel/mongodb-profile,9.58,69.7,400.43,0.0,0,157,352.2537,1.5479,1.6454,0.0144,A
119,hotel/mongodb-rate,10.57,71.25,400.43,0.0234,2,99,352.2537,1.5479,354.8982,0.0108,A
119,hotel/mongodb-recommendation,9.48,69.32,400.43,0.0,0,114,352.2537,1.5479,1.6454,0.0108,A
119,hotel/mongodb-reservation,11.51,267.47,400.43,0.0352,18,233,352.2537,1.5479,354.8982,0.0144,A
119,hotel/mongodb-user,9.14,69.14,400.43,0.0,0,100,352.2537,1.5479,1.6454,0.0144,A
119,hotel/profile,2740.98,52.59,1119.06,0.0,0,148105,26781.1116,58.5027,354.8982,3.4,A
119,hotel/rate,1573.85,42.57,1119.14,0.0,0,2105,380.637,33.5918,354.8982,2.0,A
119,hotel/recommendation,452.74,22.62,1119.06,0.0,0,1261,352.2537,9.6632,354.8982,0.64,A
119,hotel/reservation,3826.87,121.24,1119.06,0.0,0,734381,132794.5684,81.6797,354.8982,5.0,A
119,hotel/search,2437.88,46.98,1119.06,0.0,0,17769,3213.0824,52.0335,354.8982,3.23,A
119,hotel/user,42.06,17.26,1119.06,0.0,0,1083,352.2537,1.5479,354.8982,0.0576,A
119,hotel2/consul,22.44,31.52,201.48,0.0,0,1737,352.2537,1.5479,354.8982,0.0288,A
119,hotel2/frontend,8363.56,87.52,1119.14,0.0,0,118700,21463.9475,178.5096,354.8982,11.6,A
119,hotel2/geo,878.53,22.26,1119.06,0.0,0,2765,499.9816,18.7511,354.8982,1.26,A
119,hotel2/jaeger,0.31,14.73,81.01,0.0,0,0,352.2537,1.5479,1.6454,0.0,A
119,hotel2/memcached-profile,201.41,7.68,79.25,0.0,0,1920,352.2537,4.2988,354.8982,0.263,A
119,hotel2/memcached-rate,177.67,7.98,79.25,0.0,0,1773,352.2537,3.7921,354.8982,0.245,A
119,hotel2/memcached-reserve,229.4,7.43,79.25,0.0,0,1247,352.2537,4.8963,354.8982,0.309,A
119,hotel2/mongodb-geo,10.59,68.64,400.43,0.0273,2,125,352.2537,1.5479,354.8982,0.0072,A
119,hotel2/mongodb-profile,10.52,70.38,400.43,0.0273,2,263,352.2537,1.5479,354.8982,0.0108,A
119,hotel2/mongodb-rate,10.0,69.79,400.43,0.0273,2,154,352.2537,1.5479,1.6454,0.0144,A
119,hotel2/mongodb-recommendation,10.23,68.95,400.43,0.0273,2,157,352.2537,1.5479,354.8982,0.0144,A
119,hotel2/mongodb-reservation,11.72,263.05,400.43,0.0469,10,153,352.2537,1.5479,354.8982,0.018,A
119,hotel2/mongodb-user,9.61,68.75,400.43,0.0,0,120,352.2537,1.5479,1.6454,0.0108,A
119,hotel2/profile,2485.8,44.61,1119.06,0.0,0,9123,1649.668,53.0562,354.8982,3.43,A
119,hotel2/rate,1408.86,37.34,1119.14,0.0,0,2666,482.0799,30.0703,354.8982,1.83,A
119,hotel2/recommendation,606.1,21.42,1119.06,0.0,0,2992,541.0289,12.9364,354.8982,0.828,A
119,hotel2/reservation,2710.77,81.07,1119.06,0.0,0,218466,39504.1513,57.8579,354.8982,3.66,A
119,hotel2/search,2340.39,36.17,1119.06,0.0,0,3905,706.1223,49.9527,354.8982,3.18,A
119,hotel2/user,36.28,16.68,1119.06,0.0,0,1072,352.2537,1.5479,354.8982,0.054,A
120,hotel/consul,30.76,31.73,201.48,0.0,0,2259,391.7306,1.5479,324.3882,0.0319,A
120,hotel/frontend,9085.56,168.58,1119.14,0.0,0,1146024,198730.713,208.7154,324.3882,11.4,A
120,hotel/geo,762.19,25.07,1119.06,0.0,0,1728,352.2537,17.5092,324.3882,1.04,A
120,hotel/jaeger,0.26,14.78,81.01,0.0,0,0,352.2537,1.5479,1.6454,0.0,A
120,hotel/memcached-profile,137.36,7.79,79.25,0.0,0,1054,352.2537,3.1555,324.3882,0.191,A
120,hotel/memcached-rate,136.07,7.98,79.25,0.0,0,1240,352.2537,3.1258,324.3882,0.181,A
120,hotel/memcached-reserve,168.97,7.7,79.25,0.0,0,1382,352.2537,3.8816,324.3882,0.23,A
120,hotel/mongodb-geo,10.46,68.83,400.43,0.0195,2,171,352.2537,1.5479,324.3882,0.0071,A
120,hotel/mongodb-profile,10.64,69.7,400.43,0.0195,2,191,352.2537,1.5479,324.3882,0.0106,A
120,hotel/mongodb-rate,9.19,71.06,400.43,0.0,0,190,352.2537,1.5479,1.6454,0.0142,A
120,hotel/mongodb-recommendation,10.71,69.51,400.43,0.0195,2,206,352.2537,1.5479,324.3882,0.0106,A
120,hotel/mongodb-reservation,11.45,267.28,400.43,0.0312,6,271,352.2537,1.5479,324.3882,0.0177,A
120,hotel/mongodb-user,10.67,69.14,400.43,0.0195,2,173,352.2537,1.5479,324.3882,0.0106,A
120,hotel/profile,2649.3,50.51,1119.06,0.0,0,137117,23777.3024,60.8603,324.3882,3.55,A
120,hotel/rate,1442.46,45.68,1119.14,0.0,0,3753,650.8034,33.1365,324.3882,2.04,A
120,hotel/recommendation,456.89,19.82,1119.06,0.0,0,1523,352.2537,10.4958,324.3882,0.616,A
120,hotel/reservation,3515.94,112.11,1119.06,0.0,0,837181,145174.6011,80.7689,324.3882,5.42,A
120,hotel/search,2424.93,43.64,1119.06,0.0,0,6182,1072.0136,55.706,324.3882,3.19,A
120,hotel/user,43.72,17.25,1119.06,0.0,0,862,352.2537,1.5479,324.3882,0.0602,A
120,hotel2/consul,23.79,31.52,201.48,0.0,0,1728,352.2537,1.5479,324.3882,0.0319,A
120,hotel2/frontend,8336.69,90.23,1119.14,0.0,0,75250,13049.0166,191.5122,324.3882,11.2,A
120,hotel2/geo,920.59,24.99,1119.06,0.0,0,2497,433.0019,21.148,324.3882,1.2,A
120,hotel2/jaeger,0.37,14.73,81.01,0.0,0,0,352.2537,1.5479,1.6454,0.0,A
120,hotel2/memcached-profile,195.37,7.93,79.25,0.0,0,1657,352.2537,4.4881,324.3882,0.265,A
120,hotel2/memcached-rate,172.63,7.7,79.25,0.0,0,1798,352.2537,3.9657,324.3882,0.237,A
120,hotel2/memcached-reserve,225.39,7.42,79.25,0.0,0,1533,352.2537,5.1777,324.3882,0.311,A
120,hotel2/mongodb-geo,10.39,68.82,400.43,0.0,0,320,352.2537,1.5479,324.3882,0.0106,A
120,hotel2/mongodb-profile,9.66,70.57,400.43,0.0,0,199,352.2537,1.5479,1.6454,0.0142,A
120,hotel2/mongodb-rate,10.04,69.79,400.43,0.0,0,200,352.2537,1.5479,324.3882,0.0106,A
120,hotel2/mongodb-recommendation,9.92,68.95,400.43,0.0,0,208,352.2537,1.5479,1.6454,0.0106,A
120,hotel2/mongodb-reservation,10.74,262.8,400.43,0.0117,6,147,352.2537,1.5479,324.3882,0.0177,A
120,hotel2/mongodb-user,11.29,68.94,400.43,0.0273,2,195,352.2537,1.5479,324.3882,0.0106,A
120,hotel2/profile,2401.0,45.66,1119.06,0.0,0,3176,550.7465,55.1563,324.3882,3.2,A
120,hotel2/rate,1369.44,38.11,1119.14,0.0,0,2988,518.1457,31.4591,324.3882,1.9,A
120,hotel2/recommendation,602.46,20.46,1119.06,0.0,0,3342,579.5324,13.8398,324.3882,0.803,A
120,hotel2/reservation,2867.49,80.05,1119.06,0.0,0,290720,50413.4232,65.8726,324.3882,3.78,A
120,hotel2/search,2327.65,35.78,1119.06,0.0,0,3462,600.3415,53.4713,324.3882,3.1,A
120,hotel2/user,40.02,16.68,1119.06,0.0,0,1417,352.2537,1.5479,324.3882,0.0531,A
121,hotel/consul,25.17,31.73,201.48,0.0,0,1626,352.2537,1.5479,323.872,0.0367,A
121,hotel/frontend,9318.25,174.5,1119.14,0.0,0,920630,163407.369,234.5154,323.872,11.3,A
121,hotel/geo,822.21,22.7,1119.06,0.0,0,1621,352.2537,20.6928,323.872,0.986,A
121,hotel/jaeger,0.44,14.78,81.01,0.0,0,0,352.2537,1.5479,1.6454,0.0,A
121,hotel/memcached-profile,162.32,7.8,79.25,0.0,0,1516,352.2537,4.0852,323.872,0.18,A
121,hotel/memcached-rate,141.83,7.74,79.25,0.0,0,1927,352.2537,3.5695,323.872,0.18,A
121,hotel/memcached-reserve,185.46,7.49,79.25,0.0,0,897,352.2537,4.6675,323.872,0.213,A
121,hotel/mongodb-geo,9.75,68.83,400.43,0.0,0,129,352.2537,1.5479,1.6454,0.0133,A
121,hotel/mongodb-profile,10.97,69.7,400.43,0.0469,8,212,352.2537,1.5479,323.872,0.0067,A
121,hotel/mongodb-rate,10.88,71.06,400.43,0.0234,2,434,352.2537,1.5479,323.872,0.01,A
121,hotel/mongodb-recommendation,10.31,69.32,400.43,0.0469,8,135,352.2537,1.5479,323.872,0.01,A
121,hotel/mongodb-reservation,14.09,267.42,400.43,0.7344,102,331,352.2537,1.5479,323.872,0.0133,A
121,hotel/mongodb-user,10.65,68.96,400.43,0.0781,12,207,352.2537,1.5479,323.872,0.0133,A
121,hotel/profile,3010.82,53.81,1119.06,0.0,0,183927,32646.1523,75.7743,323.872,3.46,A
121,hotel/rate,1595.71,44.25,1119.14,0.0,0,2230,395.8142,40.1598,323.872,1.88,A
121,hotel/recommendation,548.72,23.22,1119.06,0.0,0,1530,352.2537,13.8098,323.872,0.61,A
121,hotel/reservation,3931.29,129.19,1119.06,0.0,0,734545,130378.1821,98.9401,323.872,4.58,A
121,hotel/search,2748.28,43.6,1119.06,0.0,0,43452,7712.5197,69.1669,323.872,3.35,A
121,hotel/user,49.51,17.25,1119.06,0.0,0,993,352.2537,1.5479,323.872,0.0567,A
121,hotel2/consul,23.74,31.52,201.48,0.0,0,2833,502.8438,1.5479,323.872,0.03,A
121,hotel2/frontend,8422.0,86.82,1119.14,0.0,0,88326,15677.4375,211.9592,323.872,10.1,A
121,hotel2/geo,923.44,24.33,1119.06,0.0,0,2889,512.7835,23.2405,323.872,1.13,A
121,hotel2/jaeger,0.35,14.73,81.01,0.0,0,0,352.2537,1.5479,1.6454,0.0,A
121,hotel2/memcached-profile,199.47,7.66,79.25,0.0,0,2269,402.7365,5.0201,323.872,0.247,A
121,hotel2/memcached-rate,177.41,7.68,79.25,0.0,0,1979,352.2537,4.4649,323.872,0.217,A
121,hotel2/memcached-reserve,224.48,9.43,79.25,0.0,0,1414,352.2537,5.6496,323.872,0.28,A
121,hotel2/mongodb-geo,11.45,68.64,400.43,0.0273,2,137,352.2537,1.5479,323.872,0.0133,A
121,hotel2/mongodb-profile,11.3,70.38,400.43,0.0273,2,145,352.2537,1.5479,323.872,0.01,A
121,hotel2/mongodb-rate,11.18,69.79,400.43,0.0273,2,158,352.2537,1.5479,323.872,0.01,A
121,hotel2/mongodb-recommendation,11.17,68.95,400.43,0.0273,2,144,352.2537,1.5479,323.872,0.01,A
121,hotel2/mongodb-reservation,13.16,262.8,400.43,0.0586,16,212,352.2537,1.5479,323.872,0.0133,A
121,hotel2/mongodb-user,9.91,68.75,400.43,0.0,0,96,352.2537,1.5479,1.6454,0.0133,A
121,hotel2/profile,2464.37,43.34,1119.06,0.0,0,3698,656.3771,62.0216,323.872,3.03,A
121,hotel2/rate,1395.31,37.92,1119.14,0.0,0,2956,524.6757,35.1162,323.872,1.67,A
121,hotel2/recommendation,590.45,21.97,1119.06,0.0,0,2640,468.5872,14.86,323.872,0.76,A
121,hotel2/reservation,2797.01,90.77,1119.06,0.0,0,314814,55877.9612,70.3933,323.872,3.6,A
121,hotel2/search,2371.22,33.9,1119.06,0.0,0,4437,787.546,59.6773,323.872,2.91,A
121,hotel2/user,42.2,16.8,1119.06,0.0,0,1267,352.2537,1.5479,323.872,0.0467,A
122,hotel/consul,23.83,31.73,201.48,0.0,0,2468,421.6106,1.5479,337.9568,0.0279,A
122,hotel/frontend,9645.52,164.74,1119.14,0.0,0,1008000,172197.542,216.7922,337.9568,12.0,A
122,hotel/geo,847.13,23.36,1119.06,0.0,0,1652,352.2537,19.04,337.9568,1.06,A
122,hotel/jaeger,0.37,14.78,81.01,0.0,0,0,352.2537,1.5479,1.6454,0.0,A
122,hotel/memcached-profile,165.79,7.8,79.25,0.0,0,1617,352.2537,3.7263,337.9568,0.209,A
122,hotel/memcached-rate,145.6,8.23,79.25,0.0,0,1230,352.2537,3.2725,337.9568,0.175,A
122,hotel/memcached-reserve,195.01,8.05,79.25,0.0,0,1375,352.2537,4.383,337.9568,0.244,A
122,hotel/mongodb-geo,10.55,68.83,400.43,0.0195,2,158,352.2537,1.5479,337.9568,0.007,A
122,hotel/mongodb-profile,10.1,69.88,400.43,0.0273,4,232,352.2537,1.5479,337.9568,0.0105,A
122,hotel/mongodb-rate,9.88,71.06,400.43,0.0469,10,179,352.2537,1.5479,1.6454,0.014,A
122,hotel/mongodb-recommendation,10.38,69.32,400.43,0.0273,4,154,352.2537,1.5479,337.9568,0.0105,A
122,hotel/mongodb-reservation,12.18,267.42,400.43,0.0508,16,192,352.2537,1.5479,337.9568,0.0209,A
122,hotel/mongodb-user,10.27,68.96,400.43,0.0195,2,194,352.2537,1.5479,337.9568,0.0105,A
122,hotel/profile,3070.05,53.47,1119.06,0.0,0,184855,31578.9451,69.0023,337.9568,3.99,A
122,hotel/rate,1628.67,44.15,1119.14,0.0,0,2017,352.2537,36.6059,337.9568,2.15,A
122,hotel/recommendation,537.46,21.47,1119.06,0.0,0,1493,352.2537,12.0799,337.9568,0.719,A
122,hotel/reservation,3771.88,123.99,1119.06,0.0,0,790561,135052.2431,84.7766,337.9568,5.05,A
122,hotel/search,2751.09,49.8,1119.06,0.0,0,11034,1884.9481,61.8334,337.9568,3.54,A
122,hotel/user,51.1,17.95,1119.06,0.0,0,767,352.2537,1.5479,337.9568,0.0663,A
122,hotel2/consul,23.69,31.52,201.48,0.0,0,1988,352.2537,1.5479,337.9568,0.0314,A
122,hotel2/frontend,8531.98,86.88,1119.14,0.0,0,111085,18976.75,191.7643,337.9568,10.5,A
122,hotel2/geo,934.52,24.26,1119.06,0.0,0,2437,416.3149,21.0042,337.9568,1.14,A
122,hotel2/jaeger,0.36,14.73,81.01,0.0,0,0,352.2537,1.5479,1.6454,0.0,A
122,hotel2/memcached-profile,195.96,7.71,79.25,0.0,0,1511,352.2537,4.4044,337.9568,0.237,A
122,hotel2/memcached-rate,177.21,7.73,79.25,0.0,0,1685,352.2537,3.983,337.9568,0.22,A
122,hotel2/memcached-reserve,231.27,7.42,79.25,0.0,0,1380,352.2537,5.198,337.9568,0.279,A
122,hotel2/mongodb-geo,10.67,68.64,400.43,0.0781,10,196,352.2537,1.5479,337.9568,0.014,A
122,hotel2/mongodb-profile,10.01,70.38,400.43,0.0742,10,241,352.2537,1.5479,337.9568,0.014,A
122,hotel2/mongodb-rate,9.55,69.79,400.43,0.0,0,163,352.2537,1.5479,1.6454,0.0105,A
122,hotel2/mongodb-recommendation,9.77,68.95,400.43,0.0703,12,194,352.2537,1.5479,1.6454,0.0105,A
122,hotel2/mongodb-reservation,10.66,262.8,400.43,0.0,0,151,352.2537,1.5479,337.9568,0.014,A
122,hotel2/mongodb-user,11.69,68.75,400.43,0.043,4,222,352.2537,1.5479,337.9568,0.014,A
122,hotel2/profile,2522.42,43.38,1119.06,0.0,0,2804,479.0098,56.6938,337.9568,3.07,A
122,hotel2/rate,1500.52,40.64,1119.14,0.0,0,2672,456.4602,33.7256,337.9568,1.66,A
122,hotel2/recommendation,610.63,22.03,1119.06,0.0,0,3867,660.6031,13.7245,337.9568,0.726,A
122,hotel2/reservation,2692.76,82.61,1119.06,0.0,0,258643,44184.2151,60.5223,337.9568,3.45,A
122,hotel2/search,2374.23,36.12,1119.06,0.0,0,3526,602.3497,53.3631,337.9568,2.86,A
122,hotel2/user,37.12,16.81,1119.06,0.0,0,1190,352.2537,1.5479,337.9568,0.0594,A
123,hotel/consul,24.97,31.73,201.48,0.0,0,1742,352.2537,1.5479,355.1566,0.0313,A
123,hotel/frontend,9012.58,169.5,1119.14,0.0,0,936851,161614.916,226.5329,355.1566,12.3,A
123,hotel/geo,775.01,25.51,1119.06,0.0,0,1912,352.2537,19.48,355.1566,1.07,A
123,hotel/jaeger,0.35,14.78,81.01,0.0,0,0,352.2537,1.5479,1.6454,0.0,A
123,hotel/memcached-profile,148.0,8.01,79.25,0.0,0,1212,352.2537,3.72,355.1566,0.209,A
123,hotel/memcached-rate,135.14,8.04,79.25,0.0,0,1620,352.2537,3.3968,355.1566,0.188,A
123,hotel/memcached-reserve,182.24,7.46,79.25,0.0,0,982,352.2537,4.5806,355.1566,0.24,A
123,hotel/mongodb-geo,10.15,69.02,400.43,0.0508,10,154,352.2537,1.5479,355.1566,0.0104,A
123,hotel/mongodb-profile,9.38,69.7,400.43,0.0,0,203,352.2537,1.5479,1.6454,0.0104,A
123,hotel/mongodb-rate,10.26,71.06,400.43,0.0273,4,140,352.2537,1.5479,355.1566,0.0104,A
123,hotel/mongodb-recommendation,9.37,69.32,400.43,0.0,0,153,352.2537,1.5479,1.6454,0.0139,A
123,hotel/mongodb-reservation,10.67,267.61,400.43,0.0117,6,176,352.2537,1.5479,355.1566,0.0139,A
123,hotel/mongodb-user,9.19,69.15,400.43,0.0,0,233,352.2537,1.5479,1.6454,0.0104,A
123,hotel/profile,2643.61,50.64,1119.06,0.0,0,94057,16225.6476,66.4476,355.1566,3.79,A
123,hotel/rate,1397.8,42.64,1119.14,0.0,0,2289,394.8723,35.134,355.1566,2.02,A
123,hotel/recommendation,508.91,21.34,1119.06,0.0,0,1738,352.2537,12.7915,355.1566,0.682,A
123,hotel/reservation,3746.45,117.61,1119.06,0.0,0,885849,152816.629,94.1677,355.1566,4.64,A
123,hotel/search,2601.18,43.04,1119.06,0.0,0,60663,10464.8932,65.3811,355.1566,3.53,A
123,hotel/user,46.71,17.77,1119.06,0.0,0,1351,352.2537,1.5479,355.1566,0.0661,A
123,hotel2/consul,24.17,31.52,201.48,0.0,0,2143,369.6861,1.5479,355.1566,0.0313,A
123,hotel2/frontend,8253.41,89.4,1119.14,0.0,0,92535,15963.0894,207.451,355.1566,11.0,A
123,hotel2/geo,882.48,25.48,1119.06,0.0,0,2686,463.3583,22.1813,355.1566,1.18,A
123,hotel2/jaeger,0.38,14.73,81.01,0.0,0,0,352.2537,1.5479,1.6454,0.0,A
123,hotel2/memcached-profile,198.85,7.93,79.25,0.0,0,2226,384.0043,4.9981,355.1566,0.25,A
123,hotel2/memcached-rate,166.22,7.7,79.25,0.0,0,1900,352.2537,4.178,355.1566,0.226,A
123,hotel2/memcached-reserve,229.5,7.42,79.25,0.0,0,1116,352.2537,5.7685,355.1566,0.296,A
123,hotel2/mongodb-geo,10.62,68.64,400.43,0.0273,2,94,352.2537,1.5479,355.1566,0.0104,A
123,hotel2/mongodb-profile,9.88,70.38,400.43,0.0273,2,256,352.2537,1.5479,1.6454,0.0104,A
123,hotel2/mongodb-rate,11.12,69.79,400.43,0.0742,10,133,352.2537,1.5479,355.1566,0.0104,A
123,hotel2/mongodb-recommendation,9.91,68.95,400.43,0.0273,2,153,352.2537,1.5479,1.6454,0.0104,A
123,hotel2/mongodb-reservation,15.3,262.81,400.43,0.7812,94,238,352.2537,1.5479,355.1566,0.0104,A
123,hotel2/mongodb-user,10.0,68.75,400.43,0.0469,8,227,352.2537,1.5479,1.6454,0.007,A
123,hotel2/profile,2489.08,44.98,1119.06,0.0,0,3724,642.4223,62.5635,355.1566,3.22,A
123,hotel2/rate,1383.74,42.76,1119.14,0.0,0,2569,443.1748,34.7806,355.1566,1.91,A
123,hotel2/recommendation,578.31,20.16,1119.06,0.0,0,2367,408.328,14.5359,355.1566,0.772,A
123,hotel2/reservation,2624.8,86.09,1119.06,0.0,0,234440,40442.9316,65.9748,355.1566,3.61,A
123,hotel2/search,2264.11,33.16,1119.06,0.0,0,3925,677.0965,56.9088,355.1566,3.1,A
123,hotel2/user,41.79,16.81,1119.06,0.0,0,1150,352.2537,1.5479,355.1566,0.0487,A
124,hotel/consul,24.57,31.73,201.48,0.0,0,1981,352.2537,1.5479,323.6227,0.032,A
124,hotel/frontend,9113.99,172.11,1119.14,0.0,0,1048932,172937.2855,231.3035,323.6227,11.0,A
124,hotel/geo,894.89,26.19,1119.06,0.0,0,1656,352.2537,22.7114,323.6227,0.949,A
124,hotel/jaeger,0.37,14.78,81.01,0.0,0,0,352.2537,1.5479,1.6454,0.0,A
124,hotel/memcached-profile,157.13,7.79,79.25,0.0,0,1528,352.2537,3.9878,323.6227,0.183,A
124,hotel/memcached-rate,154.4,7.73,79.25,0.0,0,1261,352.2537,3.9185,323.6227,0.167,A
124,hotel/memcached-reserve,186.94,7.71,79.25,0.0,0,1054,352.2537,4.7443,323.6227,0.231,A
124,hotel/mongodb-geo,10.55,68.84,400.43,0.0312,4,125,352.2537,1.5479,323.6227,0.0096,A
124,hotel/mongodb-profile,10.43,69.7,400.43,0.0234,2,201,352.2537,1.5479,323.6227,0.0096,A
124,hotel/mongodb-rate,10.22,71.25,400.43,0.0,0,185,352.2537,1.5479,323.6227,0.0128,A
124,hotel/mongodb-recommendation,10.78,69.52,400.43,0.0234,2,262,352.2537,1.5479,323.6227,0.0096,A
124,hotel/mongodb-reservation,12.29,267.62,400.43,0.0391,8,145,352.2537,1.5479,323.6227,0.0096,A
124,hotel/mongodb-user,11.2,68.96,400.43,0.0234,2,264,352.2537,1.5479,323.6227,0.0128,A
124,hotel/profile,2869.83,47.56,1119.06,0.0,0,144210,23775.8844,72.8333,323.6227,3.3,A
124,hotel/rate,1659.03,42.46,1119.14,0.0,0,2173,358.2622,42.1044,323.6227,1.73,A
124,hotel/recommendation,535.94,21.24,1119.06,0.0,0,1439,352.2537,13.6016,323.6227,0.602,A
124,hotel/reservation,3588.82,116.6,1119.06,0.0,0,682812,112575.1277,91.0805,323.6227,4.45,A
124,hotel/search,2577.67,43.77,1119.06,0.0,0,22410,3694.7339,65.4186,323.6227,3.21,A
124,hotel/user,49.11,17.8,1119.06,0.0,0,727,352.2537,1.5479,323.6227,0.0577,A
124,hotel2/consul,24.09,31.52,201.48,0.0,0,1901,352.2537,1.5479,323.6227,0.032,A
124,hotel2/frontend,8876.92,93.64,1119.14,0.0,0,101010,16653.5059,225.287,323.6227,9.95,A
124,hotel2/geo,963.27,23.52,1119.06,0.0,0,2894,477.1334,24.4468,323.6227,1.08,A
124,hotel2/jaeger,0.33,14.73,81.01,0.0,0,0,352.2537,1.5479,1.6454,0.0032,A
124,hotel2/memcached-profile,219.75,7.68,79.25,0.0,0,1806,352.2537,5.577,323.6227,0.25,A
124,hotel2/memcached-rate,176.52,7.71,79.25,0.0,0,1877,352.2537,4.4799,323.6227,0.202,A
124,hotel2/memcached-reserve,244.75,7.41,79.25,0.0,0,1792,352.2537,6.2115,323.6227,0.285,A
124,hotel2/mongodb-geo,11.08,68.64,400.43,0.0,0,183,352.2537,1.5479,323.6227,0.0128,A
124,hotel2/mongodb-profile,9.83,70.38,400.43,0.0,0,206,352.2537,1.5479,1.6454,0.0128,A
124,hotel2/mongodb-rate,10.13,69.79,400.43,0.0,0,202,352.2537,1.5479,323.6227,0.0096,A
124,hotel2/mongodb-recommendation,10.04,68.95,400.43,0.0,0,181,352.2537,1.5479,323.6227,0.0096,A
124,hotel2/mongodb-reservation,11.83,262.81,400.43,0.0195,10,353,352.2537,1.5479,323.6227,0.0192,A
124,hotel2/mongodb-user,11.46,68.75,400.43,0.0469,4,218,352.2537,1.5479,323.6227,0.0096,A
124,hotel2/profile,2708.12,46.11,1119.06,0.0,0,4116,678.6044,68.7293,323.6227,2.96,A
124,hotel2/rate,1461.94,39.1,1119.14,0.0,0,3466,571.439,37.1025,323.6227,1.71,A
124,hotel2/recommendation,658.2,21.62,1119.06,0.0,0,3182,524.6159,16.7044,323.6227,0.705,A
124,hotel2/reservation,2804.53,83.65,1119.06,0.0,0,202305,33353.9996,71.176,323.6227,3.21,A
124,hotel2/search,2389.29,33.21,1119.06,0.0,0,3993,658.3254,60.6377,323.6227,2.8,A
124,hotel2/user,42.07,16.89,1119.06,0.0,0,1335,352.2537,1.5479,323.6227,0.0449,A
125,hotel/consul,25.32,31.73,201.48,0.0,0,2002,365.4172,1.5479,356.0591,0.0288,A
125,hotel/frontend,9590.41,164.68,1119.14,0.0,0,951062,173593.6367,223.7539,356.0591,12.3,A
125,hotel/geo,906.46,24.63,1119.06,0.0,0,1441,352.2537,21.1486,356.0591,1.23,A
125,hotel/jaeger,0.37,14.78,81.01,0.0,0,0,352.2537,1.5479,1.6454,0.0,A
125,hotel/memcached-profile,166.56,8.79,79.25,0.0,0,1061,352.2537,3.886,356.0591,0.21,A
125,hotel/memcached-rate,157.49,7.76,79.25,0.0,0,1748,352.2537,3.6744,356.0591,0.206,A
125,hotel/memcached-reserve,189.28,7.73,79.25,0.0,0,884,352.2537,4.4161,356.0591,0.243,A
125,hotel/mongodb-geo,9.43,68.84,400.43,0.0,0,127,352.2537,1.5479,1.6454,0.0123,A
125,hotel/mongodb-profile,10.23,69.89,400.43,0.0,0,155,352.2537,1.5479,356.0591,0.0123,A
125,hotel/mongodb-rate,10.48,71.25,400.43,0.0234,2,149,352.2537,1.5479,356.0591,0.0123,A
125,hotel/mongodb-recommendation,9.69,69.33,400.43,0.0,0,128,352.2537,1.5479,1.6454,0.0123,A
125,hotel/mongodb-reservation,13.0,267.43,400.43,0.0273,14,226,352.2537,1.5479,356.0591,0.0123,A
125,hotel/mongodb-user,9.66,68.96,400.43,0.0,0,213,352.2537,1.5479,1.6454,0.0123,A
125,hotel/profile,3137.26,51.2,1119.06,0.0,0,183797,33547.7494,73.1954,356.0591,3.89,A
125,hotel/rate,1701.6,45.38,1119.14,0.0,0,1977,360.8541,39.7,356.0591,2.17,A
125,hotel/recommendation,549.94,21.78,1119.06,0.0,0,1576,352.2537,12.8307,356.0591,0.728,A
125,hotel/reservation,3891.36,119.3,1119.06,0.0,0,716300,130743.4446,90.7893,356.0591,4.49,A
125,hotel/search,2819.23,45.88,1119.06,0.0,0,18311,3342.2354,65.7755,356.0591,3.36,A
125,hotel/user,51.36,17.32,1119.06,0.0,0,1114,352.2537,1.5479,356.0591,0.0617,A
125,hotel2/consul,23.48,31.52,201.48,0.0,0,2071,378.0116,1.5479,356.0591,0.0288,A
125,hotel2/frontend,8634.03,91.27,1119.14,0.0,0,109863,20052.8648,201.4406,356.0591,11.4,A
125,hotel2/geo,967.83,23.07,1119.06,0.0,0,2754,502.6769,22.5804,356.0591,1.22,A
125,hotel2/jaeger,0.29,14.73,81.01,0.0,0,0,352.2537,1.5479,1.6454,0.0,A
125,hotel2/memcached-profile,206.61,7.67,79.25,0.0,0,1865,352.2537,4.8204,356.0591,0.284,A
125,hotel2/memcached-rate,184.12,7.7,79.25,0.0,0,1581,352.2537,4.2957,356.0591,0.23,A
125,hotel2/memcached-reserve,236.34,7.45,79.25,0.0,0,1172,352.2537,5.5141,356.0591,0.312,A
125,hotel2/mongodb-geo,11.44,68.64,400.43,0.0273,2,177,352.2537,1.5479,356.0591,0.0164,A
125,hotel2/mongodb-profile,10.69,70.38,400.43,0.0273,2,182,352.2537,1.5479,356.0591,0.0123,A
125,hotel2/mongodb-rate,11.05,69.79,400.43,0.0273,2,207,352.2537,1.5479,356.0591,0.0123,A
125,hotel2/mongodb-recommendation,10.57,68.95,400.43,0.0352,4,179,352.2537,1.5479,356.0591,0.0082,A
125,hotel2/mongodb-reservation,13.9,262.81,400.43,0.0508,10,329,352.2537,1.5479,356.0591,0.0164,A
125,hotel2/mongodb-user,9.12,68.75,400.43,0.0,0,130,352.2537,1.5479,1.6454,0.0123,A
125,hotel2/profile,2588.29,42.07,1119.06,0.0,0,4059,740.8734,60.3874,356.0591,3.58,A
125,hotel2/rate,1480.52,40.2,1119.14,0.0,0,2826,515.8188,34.542,356.0591,1.89,A
125,hotel2/recommendation,598.59,21.47,1119.06,0.0,0,2863,522.5722,13.9657,356.0591,0.859,A
125,hotel2/reservation,2764.47,84.68,1119.06,0.0,0,248656,45386.2096,64.4979,356.0591,3.62,A
125,hotel2/search,2428.26,33.88,1119.06,0.0,0,4186,764.0542,56.6538,356.0591,3.01,A
125,hotel2/user,39.69,16.88,1119.06,0.0,0,1125,352.2537,1.5479,356.0591,0.0576,A
126,hotel/consul,25.21,31.73,201.48,0.0,0,2449,411.3695,1.5479,364.6702,0.0306,A
126,hotel/frontend,9036.95,172.19,1119.14,0.0,0,1003786,168610.4374,251.2987,364.6702,11.5,A
126,hotel/geo,774.08,23.52,1119.06,0.0,0,1737,352.2537,21.5255,364.6702,1.04,A
126,hotel/jaeger,0.35,14.78,81.01,0.0,0,0,352.2537,1.5479,1.6454,0.0034,A
126,hotel/memcached-profile,149.52,8.02,79.25,0.0,0,1607,352.2537,4.1578,364.6702,0.2,A
126,hotel/memcached-rate,133.01,8.46,79.25,0.0,0,1235,352.2537,3.6987,364.6702,0.187,A
126,hotel/memcached-reserve,171.74,8.58,79.25,0.0,0,1054,352.2537,4.7757,364.6702,0.228,A
126,hotel/mongodb-geo,10.16,68.84,400.43,0.0234,2,164,352.2537,1.5479,364.6702,0.0136,A
126,hotel/mongodb-profile,9.95,69.7,400.43,0.0234,2,168,352.2537,1.5479,1.6454,0.0102,A
126,hotel/mongodb-rate,9.21,71.06,400.43,0.0,0,182,352.2537,1.5479,1.6454,0.0102,A
126,hotel/mongodb-recommendation,11.48,69.52,400.43,0.0234,2,186,352.2537,1.5479,364.6702,0.0136,A
126,hotel/mongodb-reservation,11.94,267.62,400.43,0.0547,16,192,352.2537,1.5479,364.6702,0.0136,A
126,hotel/mongodb-user,10.25,68.96,400.43,0.0234,2,221,352.2537,1.5479,364.6702,0.0102,A
126,hotel/profile,2748.95,49.62,1119.06,0.0,0,180316,30288.4874,76.4425,364.6702,3.7,A
126,hotel/rate,1460.35,42.68,1119.14,0.0,0,1943,352.2537,40.6093,364.6702,2.02,A
126,hotel/recommendation,471.2,22.32,1119.06,0.0,0,1470,352.2537,13.1031,364.6702,0.604,A
126,hotel/reservation,3839.48,118.05,1119.06,0.0,0,965343,162152.9942,106.7679,364.6702,4.98,A
126,hotel/search,2425.98,42.14,1119.06,0.0,0,8970,1506.7311,67.4614,364.6702,3.23,A
126,hotel/user,46.39,17.82,1119.06,0.0,0,1144,352.2537,1.5479,364.6702,0.0645,A
126,hotel2/consul,23.42,31.52,201.48,0.0,0,2643,443.9566,1.5479,364.6702,0.0272,A
126,hotel2/frontend,8419.3,89.98,1119.14,0.0,0,112387,18878.1486,234.1231,364.6702,10.8,A
126,hotel2/geo,935.95,25.57,1119.06,0.0,0,2462,413.5532,26.0268,364.6702,1.2,A
126,hotel2/jaeger,0.34,14.73,81.01,0.0,0,0,352.2537,1.5479,1.6454,0.0034,A
126,hotel2/memcached-profile,204.26,7.93,79.25,0.0,0,1833,352.2537,5.68,364.6702,0.251,A
126,hotel2/memcached-rate,174.52,7.7,79.25,0.0,0,1692,352.2537,4.853,364.6702,0.228,A
126,hotel2/memcached-reserve,232.47,7.43,79.25,0.0,0,1392,352.2537,6.4645,364.6702,0.285,A
126,hotel2/mongodb-geo,9.83,68.64,400.43,0.0,0,138,352.2537,1.5479,1.6454,0.0136,A
126,hotel2/mongodb-profile,9.09,70.38,400.43,0.0,0,122,352.2537,1.5479,1.6454,0.0136,A
126,hotel2/mongodb-rate,9.16,69.79,400.43,0.0,0,240,352.2537,1.5479,1.6454,0.0136,A
126,hotel2/mongodb-recommendation,8.97,68.95,400.43,0.0,0,130,352.2537,1.5479,1.6454,0.0136,A
126,hotel2/mongodb-reservation,12.61,262.82,400.43,0.0273,14,257,352.2537,1.5479,364.6702,0.017,A
126,hotel2/mongodb-user,10.6,68.75,400.43,0.0273,2,259,352.2537,1.5479,364.6702,0.0068,A
126,hotel2/profile,2641.09,46.12,1119.06,0.0,0,4869,817.8678,73.4432,364.6702,3.24,A
126,hotel2/rate,1382.14,41.45,1119.14,0.0,0,3091,519.2091,38.4344,364.6702,1.83,A
126,hotel2/recommendation,620.79,21.57,1119.06,0.0,0,2881,483.9345,17.2629,364.6702,0.744,A
126,hotel2/reservation,2758.69,81.25,1119.06,0.0,0,315036,52918.0102,76.7134,364.6702,3.48,A
126,hotel2/search,2431.35,35.64,1119.06,0.0,0,3514,590.2623,67.6108,364.6702,3.04,A
126,hotel2/user,36.26,16.89,1119.06,0.0,0,1440,352.2537,1.5479,364.6702,0.0475,A
127,hotel/consul,24.21,31.73,201.48,0.0,0,2143,390.3367,1.5479,329.884,0.0312,A
127,hotel/frontend,8741.23,171.9,1119.14,0.0,0,824334,150148.2876,204.9059,329.884,12.6,A
127,hotel/geo,839.31,25.75,1119.06,0.0,0,1606,352.2537,19.6745,329.884,1.05,A
127,hotel/jaeger,0.35,14.78,81.01,0.0,0,0,352.2537,1.5479,1.6454,0.0,A
127,hotel/memcached-profile,163.61,8.01,79.25,0.0,0,1280,352.2537,3.8352,329.884,0.204,A
127,hotel/memcached-rate,147.76,7.96,79.25,0.0,0,1608,352.2537,3.4637,329.884,0.183,A
127,hotel/memcached-reserve,167.83,8.48,79.25,0.0,0,1061,352.2537,3.9342,329.884,0.222,A
127,hotel/mongodb-geo,9.68,68.84,400.43,0.0,0,105,352.2537,1.5479,1.6454,0.0104,A
127,hotel/mongodb-profile,11.02,69.7,400.43,0.0,0,161,352.2537,1.5479,329.884,0.0138,A
127,hotel/mongodb-rate,11.75,70.8,400.43,0.0234,2,260,352.2537,1.5479,329.884,0.0104,A
127,hotel/mongodb-recommendation,10.25,69.33,400.43,0.0,0,332,352.2537,1.5479,329.884,0.0138,A
127,hotel/mongodb-reservation,11.79,267.44,400.43,0.0273,14,211,352.2537,1.5479,329.884,0.0104,A
127,hotel/mongodb-user,9.66,68.96,400.43,0.0,0,156,352.2537,1.5479,1.6454,0.0104,A
127,hotel/profile,2886.77,49.34,1119.06,0.0,0,83158,15146.811,67.6697,329.884,3.76,A
127,hotel/rate,1538.89,44.55,1119.14,0.0,0,2219,404.1797,36.0736,329.884,1.94,A
127,hotel/recommendation,503.89,21.64,1119.06,0.0,0,1642,352.2537,11.8118,329.884,0.64,A
127,hotel/reservation,3770.32,122.54,1119.06,0.0,0,781203,142292.1932,88.3813,329.884,4.51,A
127,hotel/search,2752.25,47.91,1119.06,0.0,0,2984,543.5206,64.5164,329.884,3.33,A
127,hotel/user,44.96,17.57,1119.06,0.0,0,981,352.2537,1.5479,329.884,0.0588,A
127,hotel2/consul,23.4,31.52,201.48,0.0,0,1633,352.2537,1.5479,329.884,0.0312,A
127,hotel2/frontend,8473.34,88.14,1119.14,0.0,0,113296,20636.296,198.6262,329.884,10.7,A
127,hotel2/geo,898.24,24.09,1119.06,0.0,0,2987,544.067,21.0559,329.884,1.23,A
127,hotel2/jaeger,0.28,14.73,81.01,0.0,0,0,352.2537,1.5479,1.6454,0.0,A
127,hotel2/memcached-profile,207.47,8.18,79.25,0.0,0,2344,426.9478,4.8634,329.884,0.263,A
127,hotel2/memcached-rate,168.45,7.74,79.25,0.0,0,1670,352.2537,3.9487,329.884,0.225,A
127,hotel2/memcached-reserve,229.77,7.42,79.25,0.0,0,1346,352.2537,5.3861,329.884,0.305,A
127,hotel2/mongodb-geo,11.36,68.64,400.43,0.0273,2,139,352.2537,1.5479,329.884,0.0138,A
127,hotel2/mongodb-profile,10.63,70.38,400.43,0.0273,2,110,352.2537,1.5479,329.884,0.0069,A
127,hotel2/mongodb-rate,10.92,69.79,400.43,0.0273,2,232,352.2537,1.5479,329.884,0.0138,A
127,hotel2/mongodb-recommendation,11.01,68.95,400.43,0.0273,2,202,352.2537,1.5479,329.884,0.0104,A
127,hotel2/mongodb-reservation,13.25,262.82,400.43,0.0625,16,221,352.2537,1.5479,329.884,0.0138,A
127,hotel2/mongodb-user,9.69,68.75,400.43,0.0,0,164,352.2537,1.5479,1.6454,0.0138,A
127,hotel2/profile,2433.61,49.7,1119.06,0.0,0,4618,841.1454,57.047,329.884,3.37,A
127,hotel2/rate,1361.65,38.98,1119.14,0.0,0,3049,555.36,31.9189,329.884,1.77,A
127,hotel2/recommendation,612.45,22.91,1119.06,0.0,0,2651,482.8663,14.3566,329.884,0.8,A
127,hotel2/reservation,2618.12,84.67,1119.06,0.0,0,229430,41789.5193,61.3722,329.884,3.53,A
127,hotel2/search,2300.37,34.61,1119.06,0.0,0,4044,736.5942,53.9237,329.884,3.02,A
127,hotel2/user,42.33,16.6,1119.06,0.0,0,1368,352.2537,1.5479,329.884,0.0519,A
128,hotel/consul,23.93,31.73,201.48,0.0,0,2453,453.7852,1.5479,382.6128,0.0311,A
128,hotel/frontend,9412.6,181.97,1119.14,0.0,0,1171720,216758.7307,273.5124,382.6128,11.3,A
128,hotel/geo,782.8,23.08,1119.06,0.0,0,1575,352.2537,22.7467,382.6128,1.09,A
128,hotel/jaeger,0.44,14.78,81.01,0.0,0,0,352.2537,1.5479,1.6454,0.0,A
128,hotel/memcached-profile,154.07,7.79,79.25,0.0,0,1269,352.2537,4.477,382.6128,0.208,A
128,hotel/memcached-rate,131.28,7.96,79.25,0.0,0,1046,352.2537,3.8147,382.6128,0.183,A
128,hotel/memcached-reserve,187.34,7.48,79.25,0.0,0,1139,352.2537,5.4437,382.6128,0.218,A
128,hotel/mongodb-geo,9.98,68.84,400.43,0.0273,4,158,352.2537,1.5479,1.6454,0.0138,A
128,hotel/mongodb-profile,9.91,69.7,400.43,0.0234,2,129,352.2537,1.5479,1.6454,0.0104,A
128,hotel/mongodb-rate,9.38,70.98,400.43,0.0,0,200,352.2537,1.5479,1.6454,0.0138,A
128,hotel/mongodb-recommendation,11.15,69.33,400.43,0.0234,2,356,352.2537,1.5479,382.6128,0.0104,A
128,hotel/mongodb-reservation,11.42,267.44,400.43,0.043,10,361,352.2537,1.5479,382.6128,0.0138,A
128,hotel/mongodb-user,10.42,68.96,400.43,0.0234,2,207,352.2537,1.5479,382.6128,0.0104,A
128,hotel/profile,2735.85,50.68,1119.06,0.0,0,94364,17456.5774,79.4986,382.6128,3.55,A
128,hotel/rate,1484.74,43.34,1119.14,0.0,0,2128,393.6628,43.1437,382.6128,2.0,A
128,hotel/recommendation,511.79,21.54,1119.06,0.0,0,1701,352.2537,14.8717,382.6128,0.661,A
128,hotel/reservation,3749.88,118.8,1119.06,0.0,0,825606,152730.4378,108.9644,382.6128,5.14,A
128,hotel/search,2643.93,43.19,1119.06,0.0,0,11243,2079.8641,76.8276,382.6128,3.49,A
128,hotel/user,55.13,17.91,1119.06,0.0,0,833,352.2537,1.602,382.6128,0.0588,A
128,hotel2/consul,22.69,31.52,201.48,0.0,0,2432,449.9003,1.5479,382.6128,0.0277,A
128,hotel2/frontend,8344.26,88.09,1119.14,0.0,0,82742,15306.6013,242.4685,382.6128,10.9,A
128,hotel2/geo,917.03,24.26,1119.06,0.0,0,2752,509.0978,26.6472,382.6128,1.15,A
128,hotel2/jaeger,0.38,14.73,81.01,0.0,0,0,352.2537,1.5479,1.6454,0.0,A
128,hotel2/memcached-profile,205.44,7.68,79.25,0.0,0,1571,352.2537,5.9697,382.6128,0.266,A
128,hotel2/memcached-rate,181.09,7.7,79.25,0.0,0,1453,352.2537,5.2621,382.6128,0.218,A
128,hotel2/memcached-reserve,244.39,7.67,79.25,0.0,0,1417,352.2537,7.1015,382.6128,0.301,A
128,hotel2/mongodb-geo,9.79,68.64,400.43,0.0,0,141,352.2537,1.5479,1.6454,0.0104,A
128,hotel2/mongodb-profile,9.21,70.04,400.43,0.0,0,140,352.2537,1.5479,1.6454,0.0104,A
128,hotel2/mongodb-rate,9.21,69.79,400.43,0.0,0,159,352.2537,1.5479,1.6454,0.0138,A
128,hotel2/mongodb-recommendation,9.15,68.95,400.43,0.0,0,136,352.2537,1.5479,1.6454,0.0138,A
128,hotel2/mongodb-reservation,11.56,262.82,400.43,0.0273,14,287,352.2537,1.5479,382.6128,0.0173,A
128,hotel2/mongodb-user,11.02,68.75,400.43,0.0508,4,149,352.2537,1.5479,382.6128,0.0104,A
128,hotel2/profile,2655.45,43.84,1119.06,0.0,0,3751,693.9047,77.1624,382.6128,3.09,A
128,hotel2/rate,1462.29,38.84,1119.14,0.0,0,2993,553.6808,42.4914,382.6128,1.74,A
128,hotel2/recommendation,613.26,21.71,1119.06,0.0,0,2857,528.5219,17.8202,382.6128,0.789,A
128,hotel2/reservation,2697.37,83.18,1119.06,0.0,0,264661,48960.1461,78.3805,382.6128,3.32,A
128,hotel2/search,2385.27,34.24,1119.06,0.0,0,3752,694.0897,69.3114,382.6128,2.99,A
128,hotel2/user,37.86,16.59,1119.06,0.0,0,1118,352.2537,1.5479,382.6128,0.0554,A
129,hotel/consul,24.23,31.73,201.48,0.0,0,2288,385.3544,1.5479,342.5444,0.0285,A
129,hotel/frontend,8107.23,163.71,1119.14,0.0,0,721658,121544.6039,205.5478,342.5444,11.1,A
129,hotel/geo,760.28,25.41,1119.06,0.0,0,1549,352.2537,19.2759,342.5444,0.948,A
129,hotel/jaeger,0.48,14.78,81.01,0.0,0,0,352.2537,1.5479,1.6454,0.0,A
129,hotel/memcached-profile,135.39,7.76,79.25,0.0,0,1201,352.2537,3.4326,342.5444,0.187,A
129,hotel/memcached-rate,125.17,7.7,79.25,0.0,0,1888,352.2537,3.1735,342.5444,0.159,A
129,hotel/memcached-reserve,160.94,7.42,79.25,0.0,0,1273,352.2537,4.0804,342.5444,0.228,A
129,hotel/mongodb-geo,9.68,69.09,400.43,0.0,0,153,352.2537,1.5479,1.6454,0.0095,A
129,hotel/mongodb-profile,9.24,69.7,400.43,0.0,0,116,352.2537,1.5479,1.6454,0.0095,A
129,hotel/mongodb-rate,11.45,70.8,400.43,0.0273,2,136,352.2537,1.5479,342.5444,0.0095,A
129,hotel/mongodb-recommendation,9.42,69.34,400.43,0.0,0,150,352.2537,1.5479,1.6454,0.0127,A
129,hotel/mongodb-reservation,10.47,267.69,400.43,0.0117,6,169,352.2537,1.5479,342.5444,0.0127,A
129,hotel/mongodb-user,9.74,68.96,400.43,0.0,0,187,352.2537,1.5479,1.6454,0.0127,A
129,hotel/profile,2646.07,49.05,1119.06,0.0,0,204284,34406.3502,67.0875,342.5444,3.38,A
129,hotel/rate,1439.69,41.94,1119.14,0.0,0,46858,7892.0168,36.5014,342.5444,1.87,A
129,hotel/recommendation,447.66,21.04,1119.06,0.0,0,1346,352.2537,11.3498,342.5444,0.64,A
129,hotel/reservation,3514.23,116.97,1119.06,0.0,0,748250,126023.3377,89.0985,342.5444,4.63,A
129,hotel/search,2376.1,37.19,1119.06,0.0,0,24589,4141.3804,60.2428,342.5444,3.2,A
129,hotel/user,38.7,17.7,1119.06,0.0,0,1072,352.2537,1.5479,342.5444,0.0666,A
129,hotel2/consul,22.36,31.52,201.48,0.0,0,2014,352.2537,1.5479,342.5444,0.0285,A
129,hotel2/frontend,8165.36,91.57,1119.14,0.0,0,97816,16474.5724,207.0217,342.5444,9.93,A
129,hotel2/geo,883.96,23.84,1119.06,0.0,0,2969,500.0512,22.4116,342.5444,1.07,A
129,hotel2/jaeger,0.35,14.73,81.01,0.0,0,0,352.2537,1.5479,1.6454,0.0,A
129,hotel2/memcached-profile,193.54,7.93,79.25,0.0,0,2543,428.3025,4.9069,342.5444,0.241,A
129,hotel2/memcached-rate,179.37,7.72,79.25,0.0,0,1960,352.2537,4.5477,342.5444,0.212,A
129,hotel2/memcached-reserve,219.43,7.67,79.25,0.0,0,1318,352.2537,5.5634,342.5444,0.279,A
129,hotel2/mongodb-geo,11.27,68.64,400.43,0.0273,2,351,352.2537,1.5479,342.5444,0.0095,A
129,hotel2/mongodb-profile,10.34,70.22,400.43,0.0273,2,193,352.2537,1.5479,342.5444,0.0127,A
129,hotel2/mongodb-rate,12.38,69.79,400.43,0.0273,2,203,352.2537,1.5479,342.5444,0.0095,A
129,hotel2/mongodb-recommendation,10.89,69.14,400.43,0.043,4,140,352.2537,1.5479,342.5444,0.0095,A
129,hotel2/mongodb-reservation,11.94,262.97,400.43,0.0742,10,168,352.2537,1.5479,342.5444,0.0095,A
129,hotel2/mongodb-user,9.44,68.75,400.43,0.0,0,230,352.2537,1.5479,1.6454,0.0095,A
129,hotel2/profile,2491.85,44.75,1119.06,0.0,0,3599,606.1584,63.1775,342.5444,3.13,A
129,hotel2/rate,1404.83,41.67,1119.14,0.0,0,3188,536.9361,35.6176,342.5444,1.78,A
129,hotel2/recommendation,584.78,21.15,1119.06,0.0,0,3287,553.61,14.8263,342.5444,0.742,A
129,hotel2/reservation,2812.44,88.54,1119.06,0.0,0,246511,41518.3949,71.3056,342.5444,3.17,A
129,hotel2/search,2301.59,35.33,1119.06,0.0,0,4267,718.6657,58.3537,342.5444,2.75,A
129,hotel2/user,35.7,16.59,1119.06,0.0,0,1298,352.2537,1.5479,342.5444,0.0412,A
130,hotel/consul,29.03,31.98,201.48,0.0,0,8323,661.0539,1.5479,93.2482,0.0358,A
130,hotel/frontend,0.9,163.67,1119.14,0.0,0,95,352.2537,1.5479,1.6454,8.6,A
130,hotel/geo,1.62,25.39,1119.06,0.0,0,825,352.2537,1.5479,1.6454,0.79,A
130,hotel/jaeger,0.35,14.78,81.01,0.0,0,0,352.2537,1.5479,1.6454,0.0,A
130,hotel/memcached-profile,0.76,7.76,79.25,0.0,0,694,352.2537,1.5479,1.6454,0.135,A
130,hotel/memcached-rate,0.7,7.7,79.25,0.0,0,303,352.2537,1.5479,1.6454,0.143,A
130,hotel/memcached-reserve,0.55,7.42,79.25,0.0,0,0,352.2537,1.5479,1.6454,0.187,A
130,hotel/mongodb-geo,11.63,69.03,400.43,0.0234,2,300,352.2537,1.5479,93.2482,0.0159,A
130,hotel/mongodb-profile,11.02,69.7,400.43,0.0234,2,356,352.2537,1.5479,93.2482,0.0119,A
130,hotel/mongodb-rate,9.7,71.24,400.43,0.0,0,337,352.2537,1.5479,1.6454,0.0159,A
130,hotel/mongodb-recommendation,10.47,70.05,400.43,0.0352,4,471,352.2537,1.5479,93.2482,0.0119,A
130,hotel/mongodb-reservation,11.73,267.88,400.43,0.0273,2,314,352.2537,1.5479,93.2482,0.0119,A
130,hotel/mongodb-user,11.68,69.01,400.43,0.0234,2,372,352.2537,1.5479,93.2482,0.0119,A
130,hotel/profile,1.92,48.81,1119.06,0.0,0,1090,352.2537,1.5479,1.6454,2.82,A
130,hotel/rate,3.09,41.92,1119.14,0.0,0,810,352.2537,1.5479,1.6454,1.5,A
130,hotel/recommendation,1.88,21.04,1119.06,0.0,0,348,352.2537,1.5479,1.6454,0.465,A
130,hotel/reservation,1.95,116.97,1119.06,0.0,0,1086,352.2537,1.5479,1.6454,3.91,A
130,hotel/search,0.54,37.19,1119.06,0.0,0,0,352.2537,1.5479,1.6454,2.45,A
130,hotel/user,1.47,17.7,1119.06,0.0,0,733,352.2537,1.5479,1.6454,0.0397,A
130,hotel2/consul,27.28,31.77,201.48,0.0,0,10860,862.5551,1.5479,93.2482,0.0358,A
130,hotel2/frontend,2144.12,86.33,1119.14,0.0,0,66369,5271.3552,110.7016,93.2482,11.7,A
130,hotel2/geo,259.51,24.17,1119.06,0.0,0,1926,352.2537,13.3986,93.2482,1.3,A
130,hotel2/jaeger,0.27,14.73,81.01,0.0,0,0,352.2537,1.5479,1.6454,0.0,A
130,hotel2/memcached-profile,52.47,7.66,79.25,0.0,0,3773,352.2537,2.709,93.2482,0.278,A
130,hotel2/memcached-rate,46.34,7.67,79.25,0.0,0,1412,352.2537,2.3925,93.2482,0.262,A
130,hotel2/memcached-reserve,69.18,7.88,79.25,0.0,0,1454,352.2537,3.5718,93.2482,0.322,A
130,hotel2/mongodb-geo,9.63,69.01,400.43,0.0,0,471,352.2537,1.5479,1.6454,0.0159,A
130,hotel2/mongodb-profile,9.98,70.16,400.43,0.0,0,474,352.2537,1.5479,1.6454,0.0159,A
130,hotel2/mongodb-rate,10.29,69.97,400.43,0.0,0,476,352.2537,1.5479,93.2482,0.0159,A
130,hotel2/mongodb-recommendation,10.36,69.14,400.43,0.0,0,448,352.2537,1.5479,93.2482,0.0159,A
130,hotel2/mongodb-reservation,10.77,262.88,400.43,0.0,0,356,352.2537,1.5479,93.2482,0.0199,A
130,hotel2/mongodb-user,10.88,69.01,400.43,0.0273,2,358,352.2537,1.5479,93.2482,0.0119,A
130,hotel2/profile,683.44,44.81,1119.06,0.0,0,2419,352.2537,35.2862,93.2482,3.62,A
130,hotel2/rate,407.53,37.23,1119.14,0.0,0,2723,352.2537,21.0409,93.2482,1.91,A
130,hotel2/recommendation,161.25,20.43,1119.06,0.0,0,2234,352.2537,8.3254,93.2482,0.834,A
130,hotel2/reservation,699.62,82.04,1119.06,0.0,0,152676,12126.2852,36.1216,93.2482,4.01,A
130,hotel2/search,598.31,31.2,1119.06,0.0,0,1736,352.2537,30.8909,93.2482,3.21,A
130,hotel2/user,13.21,16.84,1119.06,0.0,0,1001,352.2537,1.5479,93.2482,0.0556,A
131,hotel/consul,31.09,32.23,201.48,0.0,0,10409,2520.0372,6.9082,8.3408,0.265,A
131,hotel/frontend,0.51,163.67,1119.14,0.0,0,0,352.2537,1.5479,1.6454,0.0,A
131,hotel/geo,1.86,25.39,1119.06,0.0,0,767,352.2537,1.5479,1.6454,0.0,A
131,hotel/jaeger,0.34,14.78,81.01,0.0,0,0,352.2537,1.5479,1.6454,0.0,A
131,hotel/memcached-profile,0.45,7.76,79.25,0.0,0,0,352.2537,1.5479,1.6454,0.0,A
131,hotel/memcached-rate,0.49,7.7,79.25,0.0,0,0,352.2537,1.5479,1.6454,0.0,A
131,hotel/memcached-reserve,0.41,7.42,79.25,0.0,0,0,352.2537,1.5479,1.6454,0.0,A
131,hotel/mongodb-geo,10.7,69.03,400.43,0.0,0,471,352.2537,2.3775,8.3408,0.11,A
131,hotel/mongodb-profile,10.56,69.7,400.43,0.0,0,379,352.2537,2.3464,8.3408,0.0883,A
131,hotel/mongodb-rate,12.27,71.24,400.43,0.0273,2,332,352.2537,2.7264,8.3408,0.0662,A
131,hotel/mongodb-recommendation,9.59,69.74,400.43,0.0,0,726,352.2537,2.1309,1.6454,0.0662,A
131,hotel/mongodb-reservation,10.77,267.57,400.43,0.0,0,454,352.2537,2.3931,8.3408,0.0441,A
131,hotel/mongodb-user,10.88,69.15,400.43,0.0,0,416,352.2537,2.4175,8.3408,0.0883,A
131,hotel/profile,1.52,48.81,1119.06,0.0,0,667,352.2537,1.5479,1.6454,0.0221,A
131,hotel/rate,1.44,41.91,1119.14,0.0,0,756,352.2537,1.5479,1.6454,0.0221,A
131,hotel/recommendation,1.29,21.04,1119.06,0.0,0,168,352.2537,1.5479,1.6454,0.0,A
131,hotel/reservation,1.55,116.97,1119.06,0.0,0,846,352.2537,1.5479,1.6454,0.0221,A
131,hotel/search,0.5,37.19,1119.06,0.0,0,0,352.2537,1.5479,1.6454,0.0,A
131,hotel/user,1.39,17.7,1119.06,0.0,0,549,352.2537,1.5479,1.6454,0.0221,A
131,hotel2/consul,29.1,31.76,201.48,0.0,0,10936,2647.6248,6.466,8.3408,0.221,A
131,hotel2/frontend,0.49,83.05,1119.14,0.0,0,0,352.2537,1.5479,1.6454,0.0221,A
131,hotel2/geo,1.29,23.64,1119.06,0.0,0,705,352.2537,1.5479,1.6454,0.0,A
131,hotel2/jaeger,0.31,14.73,81.01,0.0,0,0,352.2537,1.5479,1.6454,0.0,A
131,hotel2/memcached-profile,0.49,7.65,79.25,0.0,0,0,352.2537,1.5479,1.6454,0.0221,A
131,hotel2/memcached-rate,0.56,7.67,79.25,0.0,0,0,352.2537,1.5479,1.6454,0.0221,A
131,hotel2/memcached-reserve,0.41,7.37,79.25,0.0,0,0,352.2537,1.5479,1.6454,0.0,A
131,hotel2/mongodb-geo,11.8,69.01,400.43,0.0273,2,349,352.2537,2.6219,8.3408,0.0662,A
131,hotel2/mongodb-profile,11.94,70.08,400.43,0.0273,2,411,352.2537,2.6531,8.3408,0.0883,A
131,hotel2/mongodb-rate,12.63,70.45,400.43,0.043,4,398,352.2537,2.8064,8.3408,0.0883,A
131,hotel2/mongodb-recommendation,12.02,69.05,400.43,0.0273,2,486,352.2537,2.6708,8.3408,0.0883,A
131,hotel2/mongodb-reservation,12.57,263.22,400.43,0.0352,2,468,352.2537,2.793,8.3408,0.0883,A
131,hotel2/mongodb-user,9.88,69.0,400.43,0.0,0,623,352.2537,2.1953,1.6454,0.0883,A
131,hotel2/profile,1.34,43.66,1119.06,0.0,0,736,352.2537,1.5479,1.6454,0.0441,A
131,hotel2/rate,1.68,36.23,1119.14,0.0,0,785,352.2537,1.5479,1.6454,0.0,A
131,hotel2/recommendation,1.42,20.07,1119.06,0.0,0,438,352.2537,1.5479,1.6454,0.0221,A
131,hotel2/reservation,1.55,81.84,1119.06,0.0,0,794,352.2537,1.5479,1.6454,0.0,A
131,hotel2/search,0.53,29.84,1119.06,0.0,0,0,352.2537,1.5479,1.6454,0.0,A
131,hotel2/user,1.13,16.59,1119.06,0.0,0,514,352.2537,1.5479,1.6454,0.0,A
132,hotel/consul,30.19,32.24,201.48,0.0,0,11182,7577.9433,14.9018,9.1771,0.0142,A
132,hotel/frontend,0.54,163.67,1119.14,0.0,0,0,352.2537,1.5479,1.6454,0.0,A
132,hotel/geo,1.31,25.39,1119.06,0.0,0,666,451.3424,1.5479,1.6454,0.0013,A
132,hotel/jaeger,0.31,14.78,81.01,0.0,0,0,352.2537,1.5479,1.6454,0.0,A
132,hotel/memcached-profile,0.42,7.76,79.25,0.0,0,0,352.2537,1.5479,1.6454,0.0026,A
132,hotel/memcached-rate,0.49,7.7,79.25,0.0,0,0,352.2537,1.5479,1.6454,0.0,A
132,hotel/memcached-reserve,0.38,7.42,79.25,0.0,0,0,352.2537,1.5479,1.6454,0.0,A
132,hotel/mongodb-geo,12.28,69.2,400.43,0.0234,2,319,352.2537,6.0614,9.1771,0.0052,A
132,hotel/mongodb-profile,12.78,70.01,400.43,0.0234,2,438,352.2537,6.3082,9.1771,0.0039,A
132,hotel/mongodb-rate,10.92,71.48,400.43,0.0,0,423,352.2537,5.3901,9.1771,0.0064,A
132,hotel/mongodb-recommendation,10.44,69.75,400.43,0.0234,2,445,352.2537,5.1532,9.1771,0.0039,A
132,hotel/mongodb-reservation,12.73,267.5,400.43,0.0273,2,337,352.2537,6.2835,9.1771,0.0039,A
132,hotel/mongodb-user,12.38,69.15,400.43,0.043,4,725,491.3261,6.1108,9.1771,0.0052,A
132,hotel/profile,1.84,48.8,1119.06,0.0,0,853,578.0706,1.5479,1.6454,0.0,A
132,hotel/rate,1.49,41.91,1119.14,0.0,0,720,487.9377,1.5479,1.6454,0.0,A
132,hotel/recommendation,1.87,21.79,1119.06,0.0,0,791,536.0538,1.5479,1.6454,0.0026,A
132,hotel/reservation,1.29,116.97,1119.06,0.0,0,744,504.2023,1.5479,1.6454,0.0,A
132,hotel/search,0.48,37.19,1119.06,0.0,0,0,352.2537,1.5479,1.6454,0.0,A
132,hotel/user,1.42,17.7,1119.06,0.0,0,612,414.747,1.5479,1.6454,0.0,A
132,hotel2/consul,28.72,31.76,201.48,0.0,0,8298,5623.4818,14.1762,9.1771,0.0142,A
132,hotel2/frontend,0.48,82.54,1119.14,0.0,0,0,352.2537,1.5479,1.6454,0.0,A
132,hotel2/geo,1.19,23.64,1119.06,0.0,0,540,365.9533,1.5479,1.6454,0.0013,A
132,hotel2/jaeger,0.29,14.73,81.01,0.0,0,0,352.2537,1.5479,1.6454,0.0,A
132,hotel2/memcached-profile,0.4,7.65,79.25,0.0,0,0,352.2537,1.5479,1.6454,0.0,A
132,hotel2/memcached-rate,0.45,7.67,79.25,0.0,0,0,352.2537,1.5479,1.6454,0.0,A
132,hotel2/memcached-reserve,0.4,7.37,79.25,0.0,0,0,352.2537,1.5479,1.6454,0.0,A
132,hotel2/mongodb-geo,10.32,68.77,400.43,0.0,0,542,367.3086,5.0939,9.1771,0.0052,A
132,hotel2/mongodb-profile,10.45,70.66,400.43,0.0,0,502,352.2537,5.1581,9.1771,0.0064,A
132,hotel2/mongodb-rate,11.0,70.22,400.43,0.0,0,429,352.2537,5.4296,9.1771,0.0052,A
132,hotel2/mongodb-recommendation,10.45,69.14,400.43,0.0,0,361,352.2537,5.1581,9.1771,0.0052,A
132,hotel2/mongodb-reservation,10.75,263.26,400.43,0.0,0,469,352.2537,5.3062,9.1771,0.0064,A
132,hotel2/mongodb-user,11.99,69.41,400.43,0.0273,2,426,352.2537,5.9183,9.1771,0.0052,A
132,hotel2/profile,1.49,43.42,1119.06,0.0,0,708,479.8054,1.5479,1.6454,0.0,A
132,hotel2/rate,1.32,35.98,1119.14,0.0,0,732,496.07,1.5479,1.6454,0.0026,A
132,hotel2/recommendation,1.25,20.07,1119.06,0.0,0,539,365.2756,1.5479,1.6454,0.0013,A
132,hotel2/reservation,1.45,81.58,1119.06,0.0,0,591,400.5155,1.5479,1.6454,0.0,A
132,hotel2/search,0.6,29.59,1119.06,0.0,0,0,352.2537,1.5479,1.6454,0.0,A
132,hotel2/user,1.69,16.59,1119.06,0.0,0,639,433.0447,1.5479,1.6454,0.0013,A
133,hotel/consul,30.77,32.23,201.48,0.0,0,11099,4698.1556,11.3448,9.4938,0.0517,A
133,hotel/frontend,0.55,163.67,1119.14,0.0,0,0,352.2537,1.5479,1.6454,0.0,A
133,hotel/geo,1.49,25.4,1119.06,0.0,0,725,352.2537,1.5479,1.6454,0.0047,A
133,hotel/jaeger,0.34,14.78,81.01,0.0,0,0,352.2537,1.5479,1.6454,0.0047,A
133,hotel/memcached-profile,0.43,7.76,79.25,0.0,0,0,352.2537,1.5479,1.6454,0.0,A
133,hotel/memcached-rate,0.43,7.7,79.25,0.0,0,0,352.2537,1.5479,1.6454,0.0,A
133,hotel/memcached-reserve,0.41,7.42,79.25,0.0,0,0,352.2537,1.5479,1.6454,0.0,A
133,hotel/mongodb-geo,9.49,69.16,400.43,0.0,0,407,352.2537,3.4989,1.6454,0.0188,A
133,hotel/mongodb-profile,11.44,70.2,400.43,0.0469,10,448,352.2537,4.2179,9.4938,0.0188,A
133,hotel/mongodb-rate,12.45,71.24,400.43,0.0273,2,406,352.2537,4.5903,9.4938,0.0188,A
133,hotel/mongodb-recommendation,9.43,69.68,400.43,0.0469,10,742,352.2537,3.4768,1.6454,0.0141,A
133,hotel/mongodb-reservation,12.94,267.86,400.43,0.6758,84,539,352.2537,4.7709,9.4938,0.0141,A
133,hotel/mongodb-user,11.49,69.03,400.43,0.0469,10,629,352.2537,4.2363,9.4938,0.0188,A
133,hotel/profile,1.58,48.8,1119.06,0.0,0,746,352.2537,1.5479,1.6454,0.0047,A
133,hotel/rate,1.55,41.91,1119.14,0.0,0,753,352.2537,1.5479,1.6454,0.0,A
133,hotel/recommendation,1.34,21.29,1119.06,0.0,0,577,352.2537,1.5479,1.6454,0.0,A
133,hotel/reservation,1.67,116.88,1119.06,0.0,0,292,352.2537,1.5479,1.6454,0.0,A
133,hotel/search,0.91,37.16,1119.06,0.0,0,0,352.2537,1.5479,1.6454,0.0,A
133,hotel/user,1.83,18.21,1119.06,0.0,0,550,352.2537,1.5479,1.6454,0.0047,A
133,hotel2/consul,29.58,32.01,201.48,0.0,0,11497,4866.6272,10.906,9.4938,0.0423,A
133,hotel2/frontend,0.59,82.54,1119.14,0.0,0,0,352.2537,1.5479,1.6454,0.0,A
133,hotel2/geo,1.43,24.15,1119.06,0.0,0,546,352.2537,1.5479,1.6454,0.0047,A
133,hotel2/jaeger,0.31,14.73,81.01,0.0,0,0,352.2537,1.5479,1.6454,0.0047,A
133,hotel2/memcached-profile,0.46,7.65,79.25,0.0,0,0,352.2537,1.5479,1.6454,0.0,A
133,hotel2/memcached-rate,0.48,7.67,79.25,0.0,0,0,352.2537,1.5479,1.6454,0.0,A
133,hotel2/memcached-reserve,0.38,7.37,79.25,0.0,0,0,352.2537,1.5479,1.6454,0.0,A
133,hotel2/mongodb-geo,12.72,68.78,400.43,0.0,0,457,352.2537,4.6898,9.4938,0.0188,A
133,hotel2/mongodb-profile,12.52,70.27,400.43,0.0,0,300,352.2537,4.6161,9.4938,0.0188,A
133,hotel2/mongodb-rate,12.74,69.98,400.43,0.0,0,370,352.2537,4.6972,9.4938,0.0188,A
133,hotel2/mongodb-recommendation,12.91,69.32,400.43,0.0,0,586,352.2537,4.7599,9.4938,0.0188,A
133,hotel2/mongodb-reservation,13.29,263.5,400.43,0.0039,2,450,352.2537,4.9,9.4938,0.0141,A
133,hotel2/mongodb-user,11.5,69.22,400.43,0.0,0,652,352.2537,4.24,9.4938,0.0141,A
133,hotel2/profile,1.28,43.42,1119.06,0.0,0,659,352.2537,1.5479,1.6454,0.0,A
133,hotel2/rate,1.53,35.99,1119.14,0.0,0,682,352.2537,1.5479,1.6454,0.0,A
133,hotel2/recommendation,1.5,20.07,1119.06,0.0,0,410,352.2537,1.5479,1.6454,0.0,A
133,hotel2/reservation,1.55,81.34,1119.06,0.0,0,663,352.2537,1.5479,1.6454,0.0094,A
133,hotel2/search,0.48,29.59,1119.06,0.0,0,0,352.2537,1.5479,1.6454,0.0,A
133,hotel2/user,1.14,16.59,1119.06,0.0,0,543,352.2537,1.5479,1.6454,0.0,A
134,hotel/consul,30.37,31.96,201.48,0.0,0,11505,13244.9342,45.9111,11.0904,0.0876,A
134,hotel/frontend,0.54,163.67,1119.14,0.0,0,0,352.2537,1.5479,1.6454,0.0073,A
134,hotel/geo,1.39,25.4,1119.06,0.0,0,809,931.3474,2.1013,1.6454,0.0,A
134,hotel/jaeger,0.32,14.78,81.01,0.0,0,0,352.2537,1.5479,1.6454,0.0,A
134,hotel/memcached-profile,0.42,7.76,79.25,0.0,0,0,352.2537,1.5479,1.6454,0.0,A
134,hotel/memcached-rate,0.42,7.7,79.25,0.0,0,0,352.2537,1.5479,1.6454,0.0,A
134,hotel/memcached-reserve,0.36,7.42,79.25,0.0,0,0,352.2537,1.5479,1.6454,0.0146,A
134,hotel/mongodb-geo,10.79,69.2,400.43,0.0273,4,343,394.8729,16.3115,11.0904,0.0219,A
134,hotel/mongodb-profile,9.2,69.86,400.43,0.0352,4,388,446.6784,13.9079,1.6454,0.0292,A
134,hotel/mongodb-rate,10.7,71.48,400.43,0.0664,10,500,575.6164,16.1755,11.0904,0.0292,A
134,hotel/mongodb-recommendation,8.95,69.96,400.43,0.0234,2,450,518.0548,13.5299,1.6454,0.0292,A
134,hotel/mongodb-reservation,10.87,267.9,400.43,0.0273,2,455,523.811,16.4325,11.0904,0.0438,A
134,hotel/mongodb-user,11.6,69.16,400.43,0.0234,2,434,499.6351,17.536,11.0904,0.0292,A
134,hotel/profile,1.5,48.81,1119.06,0.0,0,701,807.0142,2.2676,1.6454,0.0073,A
134,hotel/rate,1.53,41.92,1119.14,0.0,0,547,629.7244,2.3129,1.6454,0.0,A
134,hotel/recommendation,1.45,21.04,1119.06,0.0,0,729,839.2488,2.192,1.6454,0.0,A
134,hotel/reservation,1.37,116.88,1119.06,0.0,0,596,686.1348,2.0711,1.6454,0.0073,A
134,hotel/search,0.42,37.16,1119.06,0.0,0,0,352.2537,1.5479,1.6454,0.0073,A
134,hotel/user,1.39,17.7,1119.06,0.0,0,687,790.897,2.1013,1.6454,0.0073,A
134,hotel2/consul,29.26,31.76,201.48,0.0,0,10614,12219.1857,44.2331,11.0904,0.0876,A
134,hotel2/frontend,0.86,82.75,1119.14,0.0,0,0,352.2537,1.5479,1.6454,0.0,A
134,hotel2/geo,1.13,23.39,1119.06,0.0,0,641,737.9403,1.7082,1.6454,0.0,A
134,hotel2/jaeger,0.28,14.73,81.01,0.0,0,0,352.2537,1.5479,1.6454,0.0,A
134,hotel2/memcached-profile,0.4,7.65,79.25,0.0,0,0,352.2537,1.5479,1.6454,0.0,A
134,hotel2/memcached-rate,0.43,7.67,79.25,0.0,0,0,352.2537,1.5479,1.6454,0.0,A
134,hotel2/memcached-reserve,0.36,7.37,79.25,0.0,0,0,352.2537,1.5479,1.6454,0.0,A
134,hotel2/mongodb-geo,10.04,69.02,400.43,0.0469,10,506,582.5238,15.1777,11.0904,0.0219,A
134,hotel2/mongodb-profile,10.06,70.54,400.43,0.0703,14,556,640.0855,15.208,11.0904,0.0365,A
134,hotel2/mongodb-rate,10.15,70.23,400.43,0.0,0,439,505.3912,15.344,11.0904,0.0365,A
134,hotel2/mongodb-recommendation,10.5,69.62,400.43,0.0469,10,489,562.9529,15.8731,11.0904,0.0365,A
134,hotel2/mongodb-reservation,9.82,263.26,400.43,0.0,0,498,573.314,14.8451,1.6454,0.0292,A
134,hotel2/mongodb-user,9.92,69.18,400.43,0.0,0,411,473.1567,14.9963,1.6454,0.0292,A
134,hotel2/profile,1.93,43.68,1119.06,0.0,0,774,891.0542,2.9176,1.6454,0.0146,A
134,hotel2/rate,1.15,35.98,1119.14,0.0,0,453,521.5085,1.7385,1.6454,0.0073,A
134,hotel2/recommendation,1.28,20.07,1119.06,0.0,0,605,696.4959,1.935,1.6454,0.0073,A
134,hotel2/reservation,1.31,81.33,1119.06,0.0,0,585,673.4712,1.9804,1.6454,0.0,A
134,hotel2/search,0.47,29.59,1119.06,0.0,0,0,352.2537,1.5479,1.6454,0.0,A
134,hotel2/user,1.57,16.59,1119.06,0.0,0,600,690.7397,2.3734,1.6454,0.0,A
135,hotel/consul,29.69,32.21,201.48,0.0,0,11481,4193.8247,8.7004,10.6527,0.0791,A
135,hotel/frontend,0.9,163.68,1119.14,0.0,0,41,352.2537,1.5479,1.6454,0.0,A
135,hotel/geo,1.27,25.4,1119.06,0.0,0,638,352.2537,1.5479,1.6454,0.0072,A
135,hotel/jaeger,0.31,14.78,81.01,0.0,0,0,352.2537,1.5479,1.6454,0.0,A
135,hotel/memcached-profile,0.45,7.76,79.25,0.0,0,0,352.2537,1.5479,1.6454,0.0,A
135,hotel/memcached-rate,0.46,7.7,79.25,0.0,0,0,352.2537,1.5479,1.6454,0.0072,A
135,hotel/memcached-reserve,0.39,7.42,79.25,0.0,0,0,352.2537,1.5479,1.6454,0.0,A
135,hotel/mongodb-geo,10.35,69.04,400.43,0.0469,10,528,352.2537,3.033,10.6527,0.036,A
135,hotel/mongodb-profile,9.65,69.89,400.43,0.0,0,527,352.2537,2.8279,1.6454,0.0144,A
135,hotel/mongodb-rate,11.66,71.24,400.43,0.0273,2,442,352.2537,3.4169,10.6527,0.0288,A
135,hotel/mongodb-recommendation,8.94,69.83,400.43,0.0,0,802,352.2537,2.6198,1.6454,0.0216,A
135,hotel/mongodb-reservation,9.88,267.96,400.43,0.0,0,484,352.2537,2.8953,1.6454,0.0288,A
135,hotel/mongodb-user,10.58,69.59,400.43,0.0,0,474,352.2537,3.1004,10.6527,0.0216,A
135,hotel/profile,65.12,44.04,1119.06,0.0,0,308,352.2537,19.0829,10.6527,0.23,A
135,hotel/rate,1.5,41.92,1119.14,0.0,0,769,352.2537,1.5479,1.6454,0.0072,A
135,hotel/recommendation,1.38,21.04,1119.06,0.0,0,336,352.2537,1.5479,1.6454,0.0072,A
135,hotel/reservation,1.35,116.87,1119.06,0.0,0,473,352.2537,1.5479,1.6454,0.0,A
135,hotel/search,0.41,37.16,1119.06,0.0,0,0,352.2537,1.5479,1.6454,0.0072,A
135,hotel/user,1.47,17.7,1119.06,0.0,0,213,352.2537,1.5479,1.6454,0.0072,A
135,hotel2/consul,28.21,31.77,201.48,0.0,0,11969,4372.0832,8.2667,10.6527,0.0791,A
135,hotel2/frontend,0.51,82.75,1119.14,0.0,0,0,352.2537,1.5479,1.6454,0.0,A
135,hotel2/geo,1.39,23.39,1119.06,0.0,0,550,352.2537,1.5479,1.6454,0.0072,A
135,hotel2/jaeger,1.93,14.73,81.01,0.0,0,59,352.2537,1.5479,1.6454,0.0,A
135,hotel2/memcached-profile,0.44,7.65,79.25,0.0,0,0,352.2537,1.5479,1.6454,0.0,A
135,hotel2/memcached-rate,0.43,7.67,79.25,0.0,0,0,352.2537,1.5479,1.6454,0.0,A
135,hotel2/memcached-reserve,0.39,7.37,79.25,0.0,0,0,352.2537,1.5479,1.6454,0.0,A
135,hotel2/mongodb-geo,10.33,69.15,400.43,0.0,0,413,352.2537,3.0271,10.6527,0.0288,A
135,hotel2/mongodb-profile,10.53,70.48,400.43,0.0,0,273,352.2537,3.0857,10.6527,0.0216,A
135,hotel2/mongodb-rate,11.75,69.99,400.43,0.0508,12,480,352.2537,3.4432,10.6527,0.0288,A
135,hotel2/mongodb-recommendation,11.27,69.14,400.43,0.0,0,526,352.2537,3.3026,10.6527,0.0288,A
135,hotel2/mongodb-reservation,14.78,263.06,400.43,0.7852,106,482,352.2537,4.3312,10.6527,0.0288,A
135,hotel2/mongodb-user,9.88,69.25,400.43,0.0508,12,573,352.2537,2.8953,1.6454,0.0288,A
135,hotel2/profile,1.28,43.43,1119.06,0.0,0,439,352.2537,1.5479,1.6454,0.0,A
135,hotel2/rate,1.92,35.96,1119.14,0.0,0,680,352.2537,1.5479,1.6454,0.0072,A
135,hotel2/recommendation,1.65,20.3,1119.06,0.0,0,512,352.2537,1.5479,1.6454,0.0072,A
135,hotel2/reservation,1.84,81.82,1119.06,0.0,0,758,352.2537,1.5479,1.6454,0.0072,A
135,hotel2/search,0.49,29.59,1119.06,0.0,0,0,352.2537,1.5479,1.6454,0.0,A
135,hotel2/user,1.16,16.59,1119.06,0.0,0,333,352.2537,1.5479,1.6454,0.0,A
136,hotel/consul,29.27,32.22,201.48,0.0,0,10707,1257.457,8.2179,7.3591,0.0967,A
136,hotel/frontend,0.5,163.67,1119.14,0.0,0,0,352.2537,1.5479,1.6454,0.0,A
136,hotel/geo,1.43,25.4,1119.06,0.0,0,764,352.2537,1.5479,1.6454,0.0088,A
136,hotel/jaeger,0.3,14.78,81.01,0.0,0,0,352.2537,1.5479,1.6454,0.0,A
136,hotel/memcached-profile,0.46,7.76,79.25,0.0,0,0,352.2537,1.5479,1.6454,0.0,A
136,hotel/memcached-rate,0.45,7.7,79.25,0.0,0,0,352.2537,1.5479,1.6454,0.0,A
136,hotel/memcached-reserve,0.48,7.42,79.25,0.0,0,0,352.2537,1.5479,1.6454,0.0,A
136,hotel/mongodb-geo,12.5,69.03,400.43,0.0234,2,385,352.2537,3.5095,7.3591,0.0352,A
136,hotel/mongodb-profile,11.94,69.89,400.43,0.0234,2,412,352.2537,3.3523,7.3591,0.0264,A
136,hotel/mongodb-rate,12.55,70.87,400.43,0.0,0,702,352.2537,3.5235,7.3591,0.0352,A
136,hotel/mongodb-recommendation,11.21,69.99,400.43,0.0234,2,501,352.2537,3.1473,7.3591,0.0264,A
136,hotel/mongodb-reservation,12.17,267.9,400.43,0.0391,4,376,352.2537,3.4169,7.3591,0.0264,A
136,hotel/mongodb-user,12.01,69.41,400.43,0.0234,2,417,352.2537,3.3719,7.3591,0.0352,A
136,hotel/profile,1.47,43.72,1119.06,0.0,0,913,352.2537,1.5479,1.6454,0.0088,A
136,hotel/rate,1.85,41.92,1119.14,0.0,0,619,352.2537,1.5479,1.6454,0.0088,A
136,hotel/recommendation,1.46,21.04,1119.06,0.0,0,572,352.2537,1.5479,1.6454,0.0088,A
136,hotel/reservation,1.48,116.87,1119.06,0.0,0,662,352.2537,1.5479,1.6454,0.0,A
136,hotel/search,0.44,37.16,1119.06,0.0,0,0,352.2537,1.5479,1.6454,0.0,A
136,hotel/user,1.47,17.7,1119.06,0.0,0,707,352.2537,1.5479,1.6454,0.0,A
136,hotel2/consul,28.99,32.02,201.48,0.0,0,9825,1153.8727,8.1392,7.3591,0.0879,A
136,hotel2/frontend,0.49,82.5,1119.14,0.0,0,0,352.2537,1.5479,1.6454,0.0088,A
136,hotel2/geo,1.31,23.39,1119.06,0.0,0,632,352.2537,1.5479,1.6454,0.0088,A
136,hotel2/jaeger,0.32,14.73,81.01,0.0,0,0,352.2537,1.5479,1.6454,0.0088,A
136,hotel2/memcached-profile,0.47,7.65,79.25,0.0,0,0,352.2537,1.5479,1.6454,0.0,A
136,hotel2/memcached-rate,0.46,7.67,79.25,0.0,0,0,352.2537,1.5479,1.6454,0.0088,A
136,hotel2/memcached-reserve,0.39,7.37,79.25,0.0,0,0,352.2537,1.5479,1.6454,0.0,A
136,hotel2/mongodb-geo,13.9,68.89,400.43,0.0,0,480,352.2537,3.9026,7.3591,0.0352,A
136,hotel2/mongodb-profile,13.94,70.66,400.43,0.0,0,756,352.2537,3.9138,7.3591,0.0439,A
136,hotel2/mongodb-rate,12.48,70.0,400.43,0.0,0,399,352.2537,3.5039,7.3591,0.0264,A
136,hotel2/mongodb-recommendation,14.28,69.22,400.43,0.0,0,459,352.2537,4.0093,7.3591,0.0352,A
136,hotel2/mongodb-reservation,10.98,263.02,400.43,0.0,0,509,352.2537,3.0828,7.3591,0.0439,A
136,hotel2/mongodb-user,11.61,69.44,400.43,0.0,0,393,352.2537,3.2596,7.3591,0.0352,A
136,hotel2/profile,1.45,43.43,1119.06,0.0,0,698,352.2537,1.5479,1.6454,0.0,A
136,hotel2/rate,1.18,35.95,1119.14,0.0,0,334,352.2537,1.5479,1.6454,0.0,A
136,hotel2/recommendation,1.01,20.3,1119.06,0.0,0,466,352.2537,1.5479,1.6454,0.0088,A
136,hotel2/reservation,1.41,81.33,1119.06,0.0,0,648,352.2537,1.5479,1.6454,0.0,A
136,hotel2/search,0.79,29.57,1119.06,0.0,0,0,352.2537,1.5479,1.6454,0.0,A
136,hotel2/user,1.72,16.59,1119.06,0.0,0,742,352.2537,1.5479,1.6454,0.0,A
137,hotel/consul,30.27,31.98,201.48,0.0,0,10538,3616.2903,8.579,6.9231,0.0289,A
137,hotel/frontend,0.52,163.67,1119.14,0.0,0,0,352.2537,1.5479,1.6454,0.0,A
137,hotel/geo,1.86,25.4,1119.06,0.0,0,779,352.2537,1.5479,1.6454,0.0,A
137,hotel/jaeger,0.36,14.78,81.01,0.0,0,0,352.2537,1.5479,1.6454,0.0,A
137,hotel/memcached-profile,0.39,7.76,79.25,0.0,0,0,352.2537,1.5479,1.6454,0.0029,A
137,hotel/memcached-rate,0.4,7.7,79.25,0.0,0,0,352.2537,1.5479,1.6454,0.0,A
137,hotel/memcached-reserve,0.38,7.42,79.25,0.0,0,0,352.2537,1.5479,1.6454,0.0,A
137,hotel/mongodb-geo,10.86,69.03,400.43,0.0,0,392,352.2537,3.0779,6.9231,0.0145,A
137,hotel/mongodb-profile,10.64,70.01,400.43,0.0,0,454,352.2537,3.0155,6.9231,0.0087,A
137,hotel/mongodb-rate,12.24,70.99,400.43,0.0391,4,354,352.2537,3.469,6.9231,0.0116,A
137,hotel/mongodb-recommendation,10.18,69.77,400.43,0.0,0,644,352.2537,2.8852,6.9231,0.0087,A
137,hotel/mongodb-reservation,10.65,267.9,400.43,0.0,0,458,352.2537,3.0184,6.9231,0.0116,A
137,hotel/mongodb-user,10.29,69.41,400.43,0.0,0,475,352.2537,2.9163,6.9231,0.0087,A
137,hotel/profile,1.35,43.47,1119.06,0.0,0,422,352.2537,1.5479,1.6454,0.0,A
137,hotel/rate,1.49,41.92,1119.14,0.0,0,674,352.2537,1.5479,1.6454,0.0,A
137,hotel/recommendation,1.4,21.04,1119.06,0.0,0,691,352.2537,1.5479,1.6454,0.0,A
137,hotel/reservation,1.44,116.87,1119.06,0.0,0,644,352.2537,1.5479,1.6454,0.0029,A
137,hotel/search,0.45,37.16,1119.06,0.0,0,0,352.2537,1.5479,1.6454,0.0,A
137,hotel/user,1.23,17.7,1119.06,0.0,0,214,352.2537,1.5479,1.6454,0.0029,A
137,hotel2/consul,28.6,32.02,201.48,0.0,0,10155,3484.8574,8.1057,6.9231,0.0289,A
137,hotel2/frontend,0.48,82.5,1119.14,0.0,0,0,352.2537,1.5479,1.6454,0.0,A
137,hotel2/geo,1.22,23.39,1119.06,0.0,0,489,352.2537,1.5479,1.6454,0.0,A
137,hotel2/jaeger,0.3,14.73,81.01,0.0,0,0,352.2537,1.5479,1.6454,0.0,A
137,hotel2/memcached-profile,0.45,7.65,79.25,0.0,0,0,352.2537,1.5479,1.6454,0.0,A
137,hotel2/memcached-rate,0.45,7.67,79.25,0.0,0,0,352.2537,1.5479,1.6454,0.0,A
137,hotel2/memcached-reserve,0.37,7.37,79.25,0.0,0,0,352.2537,1.5479,1.6454,0.0,A
137,hotel2/mongodb-geo,11.38,68.85,400.43,0.0234,4,434,352.2537,3.2253,6.9231,0.0145,A
137,hotel2/mongodb-profile,11.54,70.1,400.43,0.0156,2,427,352.2537,3.2706,6.9231,0.0145,A
137,hotel2/mongodb-rate,12.22,70.23,400.43,0.0156,2,369,352.2537,3.4633,6.9231,0.0087,A
137,hotel2/mongodb-recommendation,11.8,69.41,400.43,0.0156,2,511,352.2537,3.3443,6.9231,0.0145,A
137,hotel2/mongodb-reservation,11.85,263.25,400.43,0.0156,2,436,352.2537,3.3585,6.9231,0.0116,A
137,hotel2/mongodb-user,10.08,69.14,400.43,0.0,0,674,352.2537,2.8568,6.9231,0.0087,A
137,hotel2/profile,1.32,43.43,1119.06,0.0,0,645,352.2537,1.5479,1.6454,0.0,A
137,hotel2/rate,1.58,35.95,1119.14,0.0,0,833,352.2537,1.5479,1.6454,0.0029,A
137,hotel2/recommendation,1.26,20.06,1119.06,0.0,0,196,352.2537,1.5479,1.6454,0.0,A
137,hotel2/reservation,1.57,81.33,1119.06,0.0,0,569,352.2537,1.5479,1.6454,0.0029,A
137,hotel2/search,0.53,29.57,1119.06,0.0,0,0,352.2537,1.5479,1.6454,0.0,A
137,hotel2/user,0.84,16.59,1119.06,0.0,0,362,352.2537,1.5479,1.6454,0.0,A
138,hotel/consul,30.44,31.73,201.48,0.0,0,11412,2418.4838,11.462,7.9269,0.022,A
138,hotel/frontend,0.49,163.67,1119.14,0.0,0,0,352.2537,1.5479,1.6454,0.0,A
138,hotel/geo,1.26,25.4,1119.06,0.0,0,632,352.2537,1.5479,1.6454,0.0018,A
138,hotel/jaeger,0.31,14.78,81.01,0.0,0,0,352.2537,1.5479,1.6454,0.0,A
138,hotel/memcached-profile,0.41,7.76,79.25,0.0,0,0,352.2537,1.5479,1.6454,0.0,A
138,hotel/memcached-rate,0.47,7.7,79.25,0.0,0,0,352.2537,1.5479,1.6454,0.0,A
138,hotel/memcached-reserve,0.39,7.42,79.25,0.0,0,0,352.2537,1.5479,1.6454,0.0,A
138,hotel/mongodb-geo,11.49,69.03,400.43,0.0234,2,361,352.2537,4.3265,7.9269,0.0055,A
138,hotel/mongodb-profile,11.58,69.77,400.43,0.0234,2,362,352.2537,4.3604,7.9269,0.0073,A
138,hotel/mongodb-rate,10.27,70.93,400.43,0.0,0,533,352.2537,3.8671,7.9269,0.0092,A
138,hotel/mongodb-recommendation,11.53,69.68,400.43,0.0234,2,443,352.2537,4.3416,7.9269,0.0073,A
138,hotel/mongodb-reservation,11.87,267.72,400.43,0.0312,2,444,352.2537,4.4696,7.9269,0.0073,A
138,hotel/mongodb-user,11.93,69.14,400.43,0.0234,2,434,352.2537,4.4922,7.9269,0.0055,A
138,hotel/profile,1.62,43.41,1119.06,0.0,0,922,352.2537,1.5479,1.6454,0.0018,A
138,hotel/rate,1.46,41.92,1119.14,0.0,0,797,352.2537,1.5479,1.6454,0.0037,A
138,hotel/recommendation,1.67,21.54,1119.06,0.0,0,550,352.2537,1.5479,1.6454,0.0018,A
138,hotel/reservation,1.47,116.87,1119.06,0.0,0,655,352.2537,1.5479,1.6454,0.0,A
138,hotel/search,0.43,37.16,1119.06,0.0,0,0,352.2537,1.5479,1.6454,0.0,A
138,hotel/user,1.41,17.7,1119.06,0.0,0,776,352.2537,1.5479,1.6454,0.0,A
138,hotel2/consul,32.74,31.64,201.48,0.0,0,12136,2571.9172,12.3281,7.9269,0.0202,A
138,hotel2/frontend,0.51,82.5,1119.14,0.0,0,0,352.2537,1.5479,1.6454,0.0,A
138,hotel2/geo,1.25,23.39,1119.06,0.0,0,255,352.2537,1.5479,1.6454,0.0018,A
138,hotel2/jaeger,0.34,14.73,81.01,0.0,0,0,352.2537,1.5479,1.6454,0.0,A
138,hotel2/memcached-profile,0.45,7.65,79.25,0.0,0,0,352.2537,1.5479,1.6454,0.0,A
138,hotel2/memcached-rate,0.44,7.67,79.25,0.0,0,0,352.2537,1.5479,1.6454,0.0018,A
138,hotel2/memcached-reserve,0.36,7.37,79.25,0.0,0,0,352.2537,1.5479,1.6454,0.0018,A
138,hotel2/mongodb-geo,10.31,68.85,400.43,0.0,0,474,352.2537,3.8822,7.9269,0.0073,A
138,hotel2/mongodb-profile,10.14,70.55,400.43,0.0,0,717,352.2537,3.8182,7.9269,0.0055,A
138,hotel2/mongodb-rate,10.35,70.25,400.43,0.0,0,459,352.2537,3.8972,7.9269,0.0073,A
138,hotel2/mongodb-recommendation,10.24,69.16,400.43,0.0,0,552,352.2537,3.8558,7.9269,0.0073,A
138,hotel2/mongodb-reservation,10.24,263.27,400.43,0.0,0,504,352.2537,3.8558,7.9269,0.0073,A
138,hotel2/mongodb-user,11.45,69.15,400.43,0.0156,2,469,352.2537,4.3114,7.9269,0.0055,A
138,hotel2/profile,1.39,43.43,1119.06,0.0,0,277,352.2537,1.5479,1.6454,0.0,A
138,hotel2/rate,1.25,35.95,1119.14,0.0,0,615,352.2537,1.5479,1.6454,0.0,A
138,hotel2/recommendation,1.29,20.06,1119.06,0.0,0,621,352.2537,1.5479,1.6454,0.0018,A
138,hotel2/reservation,1.47,81.32,1119.06,0.0,0,812,352.2537,1.5479,1.6454,0.0018,A
138,hotel2/search,0.5,29.57,1119.06,0.0,0,0,352.2537,1.5479,1.6454,0.0037,A
138,hotel2/user,1.37,16.59,1119.06,0.0,0,986,352.2537,1.5479,1.6454,0.0,A
139,hotel/consul,30.12,32.0,201.48,0.0,0,10364,6382.3495,6.92,8.8845,0.0224,A
139,hotel/frontend,0.54,163.67,1119.14,0.0,0,0,352.2537,1.5479,1.6454,0.0,A
139,hotel/geo,1.46,25.4,1119.06,0.0,0,324,352.2537,1.5479,1.6454,0.002,A
139,hotel/jaeger,0.31,14.78,81.01,0.0,0,0,352.2537,1.5479,1.6454,0.0,A
139,hotel/memcached-profile,0.42,7.76,79.25,0.0,0,0,352.2537,1.5479,1.6454,0.0,A
139,hotel/memcached-rate,0.41,7.7,79.25,0.0,0,0,352.2537,1.5479,1.6454,0.0,A
139,hotel/memcached-reserve,0.38,7.42,79.25,0.0,0,0,352.2537,1.5479,1.6454,0.0,A
139,hotel/mongodb-geo,10.79,68.84,400.43,0.0,0,353,352.2537,2.479,8.8845,0.0082,A
139,hotel/mongodb-profile,10.63,70.14,400.43,0.0,0,465,352.2537,2.4422,8.8845,0.0082,A
139,hotel/mongodb-rate,12.42,71.15,400.43,0.0273,2,380,352.2537,2.8535,8.8845,0.0082,A
139,hotel/mongodb-recommendation,10.64,69.71,400.43,0.0,0,821,505.5875,2.4445,8.8845,0.0082,A
139,hotel/mongodb-reservation,10.8,267.91,400.43,0.0,0,496,352.2537,2.4813,8.8845,0.0082,A
139,hotel/mongodb-user,10.81,69.16,400.43,0.0,0,509,352.2537,2.4836,8.8845,0.0082,A
139,hotel/profile,1.44,43.41,1119.06,0.0,0,745,458.7853,1.5479,1.6454,0.0,A
139,hotel/rate,1.53,41.92,1119.14,0.0,0,640,394.1242,1.5479,1.6454,0.0,A
139,hotel/recommendation,1.39,21.04,1119.06,0.0,0,388,352.2537,1.5479,1.6454,0.0,A
139,hotel/reservation,1.91,116.87,1119.06,0.0,0,489,352.2537,1.5479,1.6454,0.0,A
139,hotel/search,0.86,37.41,1119.06,0.0,0,0,352.2537,1.5479,1.6454,0.0,A
139,hotel/user,1.77,17.96,1119.06,0.0,0,507,352.2537,1.5479,1.6454,0.0,A
139,hotel2/consul,29.13,31.64,201.48,0.0,0,11239,6921.1912,6.6926,8.8845,0.0265,A
139,hotel2/frontend,0.49,82.5,1119.14,0.0,0,0,352.2537,1.5479,1.6454,0.002,A
139,hotel2/geo,1.48,23.63,1119.06,0.0,0,435,352.2537,1.5479,1.6454,0.0,A
139,hotel2/jaeger,0.29,14.73,81.01,0.0,0,0,352.2537,1.5479,1.6454,0.0,A
139,hotel2/memcached-profile,0.44,7.65,79.25,0.0,0,0,352.2537,1.5479,1.6454,0.002,A
139,hotel2/memcached-rate,0.49,7.67,79.25,0.0,0,0,352.2537,1.5479,1.6454,0.0,A
139,hotel2/memcached-reserve,0.41,7.37,79.25,0.0,0,0,352.2537,1.5479,1.6454,0.0,A
139,hotel2/mongodb-geo,11.74,69.09,400.43,0.0156,2,357,352.2537,2.6973,8.8845,0.0061,A
139,hotel2/mongodb-profile,11.72,70.47,400.43,0.0156,2,340,352.2537,2.6927,8.8845,0.0041,A
139,hotel2/mongodb-rate,11.95,70.23,400.43,0.0156,2,297,352.2537,2.7455,8.8845,0.0082,A
139,hotel2/mongodb-recommendation,11.56,69.16,400.43,0.0156,2,475,352.2537,2.6559,8.8845,0.0041,A
139,hotel2/mongodb-reservation,11.67,263.2,400.43,0.0156,2,387,352.2537,2.6812,8.8845,0.0061,A
139,hotel2/mongodb-user,10.14,69.14,400.43,0.0,0,649,399.6666,2.3297,8.8845,0.0061,A
139,hotel2/profile,1.37,43.43,1119.06,0.0,0,873,537.6101,1.5479,1.6454,0.002,A
139,hotel2/rate,1.68,35.95,1119.14,0.0,0,512,352.2537,1.5479,1.6454,0.0,A
139,hotel2/recommendation,1.4,20.06,1119.06,0.0,0,536,352.2537,1.5479,1.6454,0.0,A
139,hotel2/reservation,1.48,81.32,1119.06,0.0,0,804,495.1186,1.5479,1.6454,0.002,A
139,hotel2/search,0.5,29.57,1119.06,0.0,0,0,352.2537,1.5479,1.6454,0.0,A
139,hotel2/user,1.15,16.59,1119.06,0.0,0,618,380.5762,1.5479,1.6454,0.002,A
140,hotel/consul,30.28,31.73,201.48,0.0,0,12459,12065.1096,8.4583,7.9123,0.0523,A
140,hotel/frontend,0.48,163.67,1119.14,0.0,0,0,352.2537,1.5479,1.6454,0.0,A
140,hotel/geo,1.38,25.4,1119.06,0.0,0,881,853.1472,1.5479,1.6454,0.0048,A
140,hotel/jaeger,2.01,14.78,81.01,0.0,0,60,352.2537,1.5479,1.6454,0.0,A
140,hotel/memcached-profile,0.39,7.76,79.25,0.0,0,0,352.2537,1.5479,1.6454,0.0,A
140,hotel/memcached-rate,0.45,7.7,79.25,0.0,0,0,352.2537,1.5479,1.6454,0.0,A
140,hotel/memcached-reserve,0.4,7.42,79.25,0.0,0,0,352.2537,1.5479,1.6454,0.0,A
140,hotel/mongodb-geo,12.22,69.03,400.43,0.0234,2,353,352.2537,3.4135,7.9123,0.019,A
140,hotel/mongodb-profile,12.15,70.01,400.43,0.0234,2,461,446.4255,3.3939,7.9123,0.019,A
140,hotel/mongodb-rate,10.79,71.09,400.43,0.0,0,477,461.9197,3.014,7.9123,0.0238,A
140,hotel/mongodb-recommendation,11.54,69.7,400.43,0.043,4,479,463.8564,3.2235,7.9123,0.0143,A
140,hotel/mongodb-reservation,12.16,267.91,400.43,0.0312,2,346,352.2537,3.3967,7.9123,0.019,A
140,hotel/mongodb-user,11.81,69.09,400.43,0.0234,2,340,352.2537,3.299,7.9123,0.0143,A
140,hotel/profile,1.52,43.41,1119.06,0.0,0,769,744.6881,1.5479,1.6454,0.0048,A
140,hotel/rate,1.51,41.92,1119.14,0.0,0,553,535.5169,1.5479,1.6454,0.0048,A
140,hotel/recommendation,1.45,21.04,1119.06,0.0,0,740,716.605,1.5479,1.6454,0.0,A
140,hotel/reservation,1.44,116.87,1119.06,0.0,0,812,786.3287,1.5479,1.6454,0.0048,A
140,hotel/search,0.44,37.16,1119.06,0.0,0,0,352.2537,1.5479,1.6454,0.0,A
140,hotel/user,1.21,17.71,1119.06,0.0,0,333,352.2537,1.5479,1.6454,0.0095,A
140,hotel2/consul,28.41,31.64,201.48,0.0,0,10664,10326.8584,7.9359,7.9123,0.0571,A
140,hotel2/frontend,0.83,82.5,1119.14,0.0,0,0,352.2537,1.5479,1.6454,0.0,A
140,hotel2/geo,1.17,23.39,1119.06,0.0,0,254,352.2537,1.5479,1.6454,0.0048,A
140,hotel2/jaeger,0.33,14.73,81.01,0.0,0,0,352.2537,1.5479,1.6454,0.0,A
140,hotel2/memcached-profile,0.47,7.65,79.25,0.0,0,0,352.2537,1.5479,1.6454,0.0,A
140,hotel2/memcached-rate,0.48,7.67,79.25,0.0,0,0,352.2537,1.5479,1.6454,0.0,A
140,hotel2/memcached-reserve,0.36,7.37,79.25,0.0,0,0,352.2537,1.5479,1.6454,0.0048,A
140,hotel2/mongodb-geo,10.52,69.03,400.43,0.0312,4,506,490.0028,2.9386,7.9123,0.019,A
140,hotel2/mongodb-profile,10.1,70.18,400.43,0.0273,4,503,487.0977,2.8213,7.9123,0.0143,A
140,hotel2/mongodb-rate,10.65,70.0,400.43,0.0312,4,537,520.0228,2.9749,7.9123,0.019,A
140,hotel2/mongodb-recommendation,10.32,69.34,400.43,0.0312,4,541,523.8963,2.8827,7.9123,0.0143,A
140,hotel2/mongodb-reservation,10.54,263.02,400.43,0.0391,4,373,361.2076,2.9442,7.9123,0.019,A
140,hotel2/mongodb-user,11.49,69.21,400.43,0.0469,6,414,400.9114,3.2096,7.9123,0.0095,A
140,hotel2/profile,1.76,43.45,1119.06,0.0,0,667,645.9128,1.5479,1.6454,0.0048,A
140,hotel2/rate,1.22,35.95,1119.14,0.0,0,616,596.5252,1.5479,1.6454,0.0,A
140,hotel2/recommendation,1.29,20.06,1119.06,0.0,0,720,697.2373,1.5479,1.6454,0.0,A
140,hotel2/reservation,1.45,81.32,1119.06,0.0,0,660,639.1341,1.5479,1.6454,0.0,A
140,hotel2/search,0.51,29.57,1119.06,0.0,0,0,352.2537,1.5479,1.6454,0.0,A
140,hotel2/user,1.56,16.6,1119.06,0.0,0,657,636.229,1.5479,1.6454,0.0,A
141,hotel/consul,30.35,31.75,201.48,0.0,0,12095,4936.4523,6.0954,7.3105,0.0228,A
141,hotel/frontend,1.28,163.67,1119.14,0.0,0,316,352.2537,1.5479,1.6454,0.0,A
141,hotel/geo,1.48,25.4,1119.06,0.0,0,637,352.2537,1.5479,1.6454,0.0,A
141,hotel/jaeger,0.28,14.78,81.01,0.0,0,0,352.2537,1.5479,1.6454,0.0,A
141,hotel/memcached-profile,0.44,7.76,79.25,0.0,0,0,352.2537,1.5479,1.6454,0.0,A
141,hotel/memcached-rate,0.43,7.7,79.25,0.0,0,0,352.2537,1.5479,1.6454,0.0,A
141,hotel/memcached-reserve,0.4,7.42,79.25,0.0,0,0,352.2537,1.5479,1.6454,0.0,A
141,hotel/mongodb-geo,10.88,69.03,400.43,0.0,0,470,352.2537,2.1851,7.3105,0.0083,A
141,hotel/mongodb-profile,10.4,69.7,400.43,0.0,0,445,352.2537,2.0887,7.3105,0.0083,A
141,hotel/mongodb-rate,12.37,71.24,400.43,0.0273,2,307,352.2537,2.4844,7.3105,0.0083,A
141,hotel/mongodb-recommendation,10.65,69.64,400.43,0.0,0,419,352.2537,2.1389,7.3105,0.0062,A
141,hotel/mongodb-reservation,10.73,267.84,400.43,0.0,0,377,352.2537,2.155,7.3105,0.0062,A
141,hotel/mongodb-user,10.96,69.1,400.43,0.0,0,458,352.2537,2.2012,7.3105,0.0083,A
141,hotel/profile,1.51,43.41,1119.06,0.0,0,676,352.2537,1.5479,1.6454,0.0,A
141,hotel/rate,1.38,41.92,1119.14,0.0,0,379,352.2537,1.5479,1.6454,0.0021,A
141,hotel/recommendation,1.3,21.04,1119.06,0.0,0,644,352.2537,1.5479,1.6454,0.0021,A
141,hotel/reservation,1.46,116.87,1119.06,0.0,0,766,352.2537,1.5479,1.6454,0.0,A
141,hotel/search,0.42,37.16,1119.06,0.0,0,0,352.2537,1.5479,1.6454,0.0021,A
141,hotel/user,1.47,17.7,1119.06,0.0,0,738,352.2537,1.5479,1.6454,0.0,A
141,hotel2/consul,29.03,31.39,201.48,0.0,0,13878,5664.1657,5.8303,7.3105,0.0207,A
141,hotel2/frontend,0.5,82.5,1119.14,0.0,0,0,352.2537,1.5479,1.6454,0.0,A
141,hotel2/geo,1.38,23.39,1119.06,0.0,0,704,352.2537,1.5479,1.6454,0.0021,A
141,hotel2/jaeger,0.32,14.73,81.01,0.0,0,0,352.2537,1.5479,1.6454,0.0,A
141,hotel2/memcached-profile,0.44,7.65,79.25,0.0,0,0,352.2537,1.5479,1.6454,0.0,A
141,hotel2/memcached-rate,0.47,7.67,79.25,0.0,0,0,352.2537,1.5479,1.6454,0.0,A
141,hotel2/memcached-reserve,0.36,7.37,79.25,0.0,0,0,352.2537,1.5479,1.6454,0.0,A
141,hotel2/mongodb-geo,11.82,69.08,400.43,0.0156,2,453,352.2537,2.3739,7.3105,0.0083,A
141,hotel2/mongodb-profile,11.71,70.25,400.43,0.0156,2,278,352.2537,2.3518,7.3105,0.0062,A
141,hotel2/mongodb-rate,11.58,69.98,400.43,0.0156,2,357,352.2537,2.3257,7.3105,0.0062,A
141,hotel2/mongodb-recommendation,11.73,69.33,400.43,0.0156,2,469,352.2537,2.3558,7.3105,0.0041,A
141,hotel2/mongodb-reservation,11.82,263.25,400.43,0.0156,2,380,352.2537,2.3739,7.3105,0.0062,A
141,hotel2/mongodb-user,10.27,69.21,400.43,0.0,0,388,352.2537,2.0626,7.3105,0.0062,A
141,hotel2/profile,1.22,43.44,1119.06,0.0,0,352,352.2537,1.5479,1.6454,0.0,A
141,hotel2/rate,2.07,36.7,1119.14,0.0,0,630,352.2537,1.5479,1.6454,0.0021,A
141,hotel2/recommendation,1.82,20.32,1119.06,0.0,0,271,352.2537,1.5479,1.6454,0.0,A
141,hotel2/reservation,1.91,82.33,1119.06,0.0,0,771,352.2537,1.5479,1.6454,0.0021,A
141,hotel2/search,0.58,29.57,1119.06,0.0,0,0,352.2537,1.5479,1.6454,0.0,A
141,hotel2/user,1.14,16.6,1119.06,0.0,0,594,352.2537,1.5479,1.6454,0.0021,A
