window_index,pod_name,cpu_usage_mcores,ram_usage_mi,disk_space_mb,disk_usage_mb,disk_ios,cpu_psi_some_us,sched_total_ms,dstate_total_ms,softirq_total_ms,pod_cpu_watts,tier
0,hotel/consul,29.05,29.59,201.48,0.0,0,11654,2760.0452,11.545,8.1751,0.009,A
0,hotel/frontend,1.03,87.11,1119.14,0.0,0,0,284.8009,1.2515,1.3303,0.0,A
0,hotel/geo,1.98,25.88,1119.06,0.0,0,717,284.8009,1.2515,1.3303,0.0045,A
0,hotel/jaeger,1.82,14.79,81.01,0.0,0,28,284.8009,1.2515,1.3303,0.0,A
0,hotel/memcached-profile,0.48,7.68,79.25,0.0,0,0,284.8009,1.2515,1.3303,0.0,A
0,hotel/memcached-rate,0.42,7.57,79.25,0.0,0,0,284.8009,1.2515,1.3303,0.0,A
0,hotel/memcached-reserve,0.41,7.15,79.25,0.0,0,0,284.8009,1.2515,1.3303,0.0,A
0,hotel/mongodb-geo,10.0,62.89,400.43,0.0,0,474,284.8009,3.9742,1.3303,0.0045,A
0,hotel/mongodb-profile,10.83,64.6,400.43,0.0,0,469,284.8009,4.304,8.1751,0.0045,A
0,hotel/mongodb-rate,11.29,65.2,400.43,0.0156,2,317,284.8009,4.4869,8.1751,0.0023,A
0,hotel/mongodb-recommendation,9.93,63.26,400.43,0.0,0,368,284.8009,3.9464,1.3303,0.0045,A
0,hotel/mongodb-reservation,10.07,250.97,400.43,0.0,0,437,284.8009,4.002,8.1751,0.0045,A
0,hotel/mongodb-user,10.62,63.17,400.43,0.0,0,513,284.8009,4.2206,8.1751,0.0023,A
0,hotel/profile,1.71,39.12,1119.06,0.0,0,925,284.8009,1.2515,1.3303,0.0,A
0,hotel/rate,1.4,34.48,1119.14,0.0,0,716,284.8009,1.2515,1.3303,0.0,A
0,hotel/recommendation,1.44,23.99,1119.06,0.0,0,699,284.8009,1.2515,1.3303,0.0023,A
0,hotel/reservation,1.36,54.91,1119.06,0.0,0,588,284.8009,1.2515,1.3303,0.0,A
0,hotel/search,0.63,28.93,1119.06,0.0,0,0,284.8009,1.2515,1.3303,0.0,A
0,hotel/user,1.15,18.25,1119.06,0.0,0,555,284.8009,1.2515,1.3303,0.0,A
0,sa1/customer-feedback,126.82,10121.77,13293.62,0.0,0,488,284.8009,50.4007,8.1751,0.0361,A
0,sn1/compose-post-service,0.02,47.24,251.42,0.0,0,0,284.8009,1.2515,1.3303,0.0,A
0,sn1/home-timeline-redis,5.01,2550.39,952.74,0.0,0,1407,333.2232,1.9911,1.3303,0.0,A
0,sn1/home-timeline-service,0.03,86.71,251.42,0.0,0,0,284.8009,1.2515,1.3303,0.0,A
0,sn1/jaeger,0.54,4779.45,75.0,0.0,0,0,284.8009,1.2515,1.3303,0.0,A
0,sn1/media-frontend,0.0,2027.57,648.43,0.0,0,0,284.8009,1.2515,1.3303,0.0,A
0,sn1/media-memcached,0.27,4.63,75.33,0.0,0,0,284.8009,1.2515,1.3303,0.0,A
0,sn1/media-mongodb,13.68,74.09,703.91,0.0,0,658,284.8009,5.4367,8.1751,0.0068,A
0,sn1/media-service,0.02,4.88,251.42,0.0,0,0,284.8009,1.2515,1.3303,0.0,A
0,sn1/nginx-thrift,1.82,41777.1,620.32,0.0,0,1314,311.1978,1.2515,1.3303,0.0,A
0,sn1/post-storage-memcached,0.75,69.86,75.33,0.0,0,477,284.8009,1.2515,1.3303,0.0,A
0,sn1/post-storage-mongodb,14.3,8188.95,4129.87,0.0,0,402,284.8009,5.6831,8.1751,0.0045,A
0,sn1/post-storage-service,0.02,88.17,251.42,0.0,0,0,284.8009,1.2515,1.3303,0.0,A
0,sn1/social-graph-mongodb,14.52,728.3,756.91,0.0,0,631,284.8009,5.7705,8.1751,0.0068,A
0,sn1/social-graph-redis,2.89,20.29,103.57,0.0,0,1300,307.8822,1.2515,1.3303,0.0023,A
0,sn1/social-graph-service,0.11,31.3,251.42,0.0,0,0,284.8009,1.2515,1.3303,0.0,A
0,sn1/text-service,0.02,44.12,251.42,0.0,0,0,284.8009,1.2515,1.3303,0.0,A
0,sn1/unique-id-service,0.02,4.68,251.42,0.0,0,0,284.8009,1.2515,1.3303,0.0,A
0,sn1/url-shorten-memcached,0.33,4.63,75.33,0.0,0,0,284.8009,1.2515,1.3303,0.0,A
0,sn1/url-shorten-mongodb,25.23,108.53,702.74,0.0312,2,9778,2315.7476,10.0269,8.1751,0.0068,A
0,sn1/url-shorten-service,0.11,49.95,251.42,0.0,0,0,284.8009,1.2515,1.3303,0.0,A
0,sn1/user-memcached,0.33,6.32,75.33,0.0,0,0,284.8009,1.2515,1.3303,0.0,A
0,sn1/user-mention-service,0.03,6.71,251.42,0.0,0,0,284.8009,1.2515,1.3303,0.0,A
0,sn1/user-mongodb,14.72,97.1,704.67,0.0,0,522,284.8009,5.85,8.1751,0.0068,A
0,sn1/user-service,0.11,18.03,251.42,0.0,0,0,284.8009,1.2515,1.3303,0.0,A
0,sn1/user-timeline-mongodb,27.03,106.86,702.94,0.0391,4,5963,1412.2318,10.7422,8.1751,0.0113,A
0,sn1/user-timeline-redis,4.73,95.09,136.86,0.0,0,1456,344.828,1.8798,1.3303,0.0,A
0,sn1/user-timeline-service,0.11,498.25,251.42,0.0,0,0,284.8009,1.2515,1.3303,0.0,A
1,hotel/consul,27.94,29.35,201.48,0.0,0,10831,4062.3563,10.5886,7.1303,0.0171,A
1,hotel/frontend,0.49,87.11,1119.14,0.0,0,0,284.8009,1.2515,1.3303,0.0,A
1,hotel/geo,1.34,25.88,1119.06,0.0,0,586,284.8009,1.2515,1.3303,0.0,A
1,hotel/jaeger,0.33,14.79,81.01,0.0,0,0,284.8009,1.2515,1.3303,0.0,A
1,hotel/memcached-profile,0.48,7.68,79.25,0.0,0,0,284.8009,1.2515,1.3303,0.0,A
1,hotel/memcached-rate,0.45,7.57,79.25,0.0,0,0,284.8009,1.2515,1.3303,0.0,A
1,hotel/memcached-reserve,0.37,7.15,79.25,0.0,0,0,284.8009,1.2515,1.3303,0.0,A
1,hotel/mongodb-geo,11.2,62.87,400.43,0.0234,2,479,284.8009,4.2445,7.1303,0.0057,A
1,hotel/mongodb-profile,11.85,64.2,400.43,0.0234,2,448,284.8009,4.4909,7.1303,0.0057,A
1,hotel/mongodb-rate,10.29,65.28,400.43,0.0,0,416,284.8009,3.8997,7.1303,0.0114,A
1,hotel/mongodb-recommendation,11.61,63.36,400.43,0.0234,2,396,284.8009,4.3999,7.1303,0.0114,A
1,hotel/mongodb-reservation,11.09,250.95,400.43,0.0312,4,488,284.8009,4.2029,7.1303,0.0114,A
1,hotel/mongodb-user,12.57,63.08,400.43,0.0234,2,507,284.8009,4.7637,7.1303,0.0057,A
1,hotel/profile,1.22,39.11,1119.06,0.0,0,648,284.8009,1.2515,1.3303,0.0,A
1,hotel/rate,1.55,34.48,1119.14,0.0,0,612,284.8009,1.2515,1.3303,0.0,A
1,hotel/recommendation,1.57,23.99,1119.06,0.0,0,773,289.9272,1.2515,1.3303,0.0057,A
1,hotel/reservation,2.08,54.86,1119.06,0.0,0,866,324.8085,1.2515,1.3303,0.0057,A
1,hotel/search,0.54,28.93,1119.06,0.0,0,0,284.8009,1.2515,1.3303,0.0,A
1,hotel/user,2.16,18.25,1119.06,0.0,0,960,360.0648,1.2515,1.3303,0.0057,A
1,sa1/customer-feedback,126.3,10122.91,13293.62,0.0,0,431,284.8009,47.8648,7.1303,0.0741,A
1,sn1/compose-post-service,0.0,47.24,251.42,0.0,0,0,284.8009,1.2515,1.3303,0.0,A
1,sn1/home-timeline-redis,4.94,2550.64,952.74,0.0,0,1274,477.836,1.8721,1.3303,0.0057,A
1,sn1/home-timeline-service,0.0,86.71,251.42,0.0,0,0,284.8009,1.2515,1.3303,0.0,A
1,sn1/jaeger,0.6,4779.44,75.0,0.0,0,0,284.8009,1.2515,1.3303,0.0,A
1,sn1/media-frontend,0.0,2027.57,648.43,0.0,0,0,284.8009,1.2515,1.3303,0.0,A
1,sn1/media-memcached,0.28,4.63,75.33,0.0,0,0,284.8009,1.2515,1.3303,0.0,A
1,sn1/media-mongodb,17.05,74.34,703.91,0.0352,4,433,284.8009,6.4616,7.1303,0.0171,A
1,sn1/media-service,0.0,4.88,251.42,0.0,0,0,284.8009,1.2515,1.3303,0.0,A
1,sn1/nginx-thrift,6.38,41777.1,620.32,0.0,0,1449,543.4728,2.4179,1.3303,0.0057,A
1,sn1/post-storage-memcached,0.67,69.86,75.33,0.0,0,730,284.8009,1.2515,1.3303,0.0,A
1,sn1/post-storage-mongodb,15.66,8188.96,4129.87,10.0195,152,389,284.8009,5.9348,7.1303,0.0171,A
1,sn1/post-storage-service,0.12,88.17,251.42,0.0,0,0,284.8009,1.2515,1.3303,0.0,A
1,sn1/social-graph-mongodb,16.18,728.55,756.91,0.0352,2,566,284.8009,6.1319,7.1303,0.0114,A
1,sn1/social-graph-redis,2.75,20.29,103.57,0.0,0,1406,527.3449,1.2515,1.3303,0.0,A
1,sn1/social-graph-service,0.0,31.3,251.42,0.0,0,0,284.8009,1.2515,1.3303,0.0,A
1,sn1/text-service,0.0,44.12,251.42,0.0,0,0,284.8009,1.2515,1.3303,0.0,A
1,sn1/unique-id-service,0.0,4.68,251.42,0.0,0,0,284.8009,1.2515,1.3303,0.0,A
1,sn1/url-shorten-memcached,0.29,4.63,75.33,0.0,0,0,284.8009,1.2515,1.3303,0.0,A
1,sn1/url-shorten-mongodb,24.41,108.49,702.74,0.0,0,7093,2660.3539,9.2508,7.1303,0.0171,A
1,sn1/url-shorten-service,0.0,49.95,251.42,0.0,0,0,284.8009,1.2515,1.3303,0.0,A
1,sn1/user-memcached,0.41,6.32,75.33,0.0,0,0,284.8009,1.2515,1.3303,0.0,A
1,sn1/user-mention-service,0.0,6.71,251.42,0.0,0,0,284.8009,1.2515,1.3303,0.0,A
1,sn1/user-mongodb,15.78,97.11,704.67,0.0352,2,595,284.8009,5.9803,7.1303,0.0171,A
1,sn1/user-service,0.0,18.03,251.42,0.0,0,0,284.8009,1.2515,1.3303,0.0,A
1,sn1/user-timeline-mongodb,29.51,107.01,702.94,0.0312,2,5981,2243.2788,11.1836,7.1303,0.0228,A
1,sn1/user-timeline-redis,4.23,95.09,136.86,0.0,0,1158,434.3282,1.6031,1.3303,0.0,A
1,sn1/user-timeline-service,0.0,498.24,251.42,0.0,0,0,284.8009,1.2515,1.3303,0.0,A
2,hotel/consul,28.02,29.11,201.48,0.0,0,11744,6316.2776,5.7581,9.9536,0.0128,A
2,hotel/frontend,0.5,87.11,1119.14,0.0,0,0,284.8009,1.2515,1.3303,0.0,A
2,hotel/geo,1.52,25.88,1119.06,0.0,0,799,429.7263,1.2515,1.3303,0.0,A
2,hotel/jaeger,0.31,14.79,81.01,0.0,0,0,284.8009,1.2515,1.3303,0.0,A
2,hotel/memcached-profile,0.48,7.68,79.25,0.0,0,0,284.8009,1.2515,1.3303,0.0,A
2,hotel/memcached-rate,0.41,7.57,79.25,0.0,0,0,284.8009,1.2515,1.3303,0.0,A
2,hotel/memcached-reserve,0.37,7.15,79.25,0.0,0,0,284.8009,1.2515,1.3303,0.0,A
2,hotel/mongodb-geo,9.92,62.89,400.43,0.0,0,497,284.8009,2.0386,1.3303,0.0064,A
2,hotel/mongodb-profile,10.65,64.6,400.43,0.0,0,503,284.8009,2.1886,9.9536,0.0096,A
2,hotel/mongodb-rate,11.68,65.15,400.43,0.0234,4,384,284.8009,2.4003,9.9536,0.0064,A
2,hotel/mongodb-recommendation,9.94,63.2,400.43,0.0,0,369,284.8009,2.0427,1.3303,0.0064,A
2,hotel/mongodb-reservation,9.4,250.79,400.43,0.0,0,468,284.8009,1.9317,1.3303,0.0032,A
2,hotel/mongodb-user,9.87,63.04,400.43,0.0,0,489,284.8009,2.0283,1.3303,0.0032,A
2,hotel/profile,1.85,39.12,1119.06,0.0,0,951,511.4765,1.2515,1.3303,0.0,A
2,hotel/rate,1.35,34.48,1119.14,0.0,0,847,455.5422,1.2515,1.3303,0.0,A
2,hotel/recommendation,1.36,23.99,1119.06,0.0,0,233,284.8009,1.2515,1.3303,0.0,A
2,hotel/reservation,1.32,54.86,1119.06,0.0,0,768,413.0536,1.2515,1.3303,0.0,A
2,hotel/search,0.9,28.9,1119.06,0.0,0,103,284.8009,1.2515,1.3303,0.0,A
2,hotel/user,1.12,18.24,1119.06,0.0,0,567,304.9497,1.2515,1.3303,0.0,A
2,sa1/customer-feedback,126.1,10122.5,13293.62,3.8594,38,471,284.8009,25.9137,9.9536,0.0513,A
2,sn1/compose-post-service,0.02,47.24,251.42,0.0,0,0,284.8009,1.2515,1.3303,0.0,A
2,sn1/home-timeline-redis,4.93,2550.39,952.74,0.0,0,1384,744.357,1.2515,1.3303,0.0032,A
2,sn1/home-timeline-service,0.03,86.71,251.42,0.0,0,0,284.8009,1.2515,1.3303,0.0,A
2,sn1/jaeger,0.51,4779.44,75.0,0.0,0,0,284.8009,1.2515,1.3303,0.0,A
2,sn1/media-frontend,0.0,2027.57,648.43,0.0,0,0,284.8009,1.2515,1.3303,0.0,A
2,sn1/media-memcached,0.29,4.63,75.33,0.0,0,0,284.8009,1.2515,1.3303,0.0,A
2,sn1/media-mongodb,13.74,73.97,703.91,0.0664,8,589,316.782,2.8236,9.9536,0.0064,A
2,sn1/media-service,0.02,4.88,251.42,0.0,0,0,284.8009,1.2515,1.3303,0.0,A
2,sn1/nginx-thrift,1.75,41777.1,620.32,0.0,0,1557,837.4016,1.2515,1.3303,0.0,A
2,sn1/post-storage-memcached,0.73,69.86,75.33,0.0,0,833,448.0125,1.2515,1.3303,0.0,A
2,sn1/post-storage-mongodb,13.73,8188.95,4129.87,0.0,0,473,284.8009,2.8215,9.9536,0.0064,A
2,sn1/post-storage-service,0.02,88.17,251.42,0.0,0,0,284.8009,1.2515,1.3303,0.0,A
2,sn1/social-graph-mongodb,17.76,728.55,756.91,0.0039,2,515,284.8009,3.6497,9.9536,0.0064,A
2,sn1/social-graph-redis,2.78,20.29,103.57,0.0,0,1380,742.2056,1.2515,1.3303,0.0,A
2,sn1/social-graph-service,0.12,31.3,251.42,0.0,0,0,284.8009,1.2515,1.3303,0.0,A
2,sn1/text-service,0.03,44.12,251.42,0.0,0,0,284.8009,1.2515,1.3303,0.0,A
2,sn1/unique-id-service,0.02,4.68,251.42,0.0,0,0,284.8009,1.2515,1.3303,0.0,A
2,sn1/url-shorten-memcached,0.28,4.63,75.33,0.0,0,0,284.8009,1.2515,1.3303,0.0,A
2,sn1/url-shorten-mongodb,24.62,108.3,702.74,0.0312,2,7265,3907.3362,5.0594,9.9536,0.0096,A
2,sn1/url-shorten-service,0.11,49.95,251.42,0.0,0,0,284.8009,1.2515,1.3303,0.0,A
2,sn1/user-memcached,0.38,6.32,75.33,0.0,0,0,284.8009,1.2515,1.3303,0.0,A
2,sn1/user-mention-service,0.02,6.71,251.42,0.0,0,0,284.8009,1.2515,1.3303,0.0,A
2,sn1/user-mongodb,15.97,97.27,704.67,0.0039,2,530,285.05,3.2819,9.9536,0.0096,A
2,sn1/user-service,0.11,18.03,251.42,0.0,0,0,284.8009,1.2515,1.3303,0.0,A
2,sn1/user-timeline-mongodb,27.65,107.2,702.94,0.0,0,7682,4131.6114,5.6821,9.9536,0.0128,A
2,sn1/user-timeline-redis,4.59,95.09,136.86,0.0,0,1455,782.5429,1.2515,1.3303,0.0032,A
2,sn1/user-timeline-service,0.11,498.25,251.42,0.0,0,0,284.8009,1.2515,1.3303,0.0,A
3,hotel/consul,28.44,29.36,201.48,0.0,0,10976,5100.481,3.492,5.9737,0.0093,A
3,hotel/frontend,0.6,87.11,1119.14,0.0,0,0,284.8009,1.2515,1.3303,0.0,A
3,hotel/geo,1.2,25.88,1119.06,0.0,0,283,284.8009,1.2515,1.3303,0.0,A
3,hotel/jaeger,0.32,14.79,81.01,0.0,0,0,284.8009,1.2515,1.3303,0.0,A
3,hotel/memcached-profile,0.47,7.68,79.25,0.0,0,0,284.8009,1.2515,1.3303,0.0,A
3,hotel/memcached-rate,0.44,7.57,79.25,0.0,0,0,284.8009,1.2515,1.3303,0.0,A
3,hotel/memcached-reserve,0.37,7.15,79.25,0.0,0,0,284.8009,1.2515,1.3303,0.0,A
3,hotel/mongodb-geo,11.42,63.12,400.43,0.0234,2,449,284.8009,1.4022,5.9737,0.0023,A
3,hotel/mongodb-profile,11.71,64.07,400.43,0.0352,4,331,284.8009,1.4378,5.9737,0.0023,A
3,hotel/mongodb-rate,10.27,64.96,400.43,0.0,0,443,284.8009,1.261,5.9737,0.0023,A
3,hotel/mongodb-recommendation,11.61,63.31,400.43,0.0234,2,394,284.8009,1.4255,5.9737,0.007,A
3,hotel/mongodb-reservation,11.7,251.01,400.43,0.0273,2,380,284.8009,1.4366,5.9737,0.007,A
3,hotel/mongodb-user,11.77,63.27,400.43,0.0234,2,479,284.8009,1.4452,5.9737,0.0046,A
3,hotel/profile,1.13,39.11,1119.06,0.0,0,301,284.8009,1.2515,1.3303,0.0,A
3,hotel/rate,1.61,34.48,1119.14,0.0,0,459,284.8009,1.2515,1.3303,0.0023,A
3,hotel/recommendation,1.51,24.24,1119.06,0.0,0,810,376.4021,1.2515,1.3303,0.0023,A
3,hotel/reservation,1.6,54.86,1119.06,0.0,0,772,358.7437,1.2515,1.3303,0.0023,A
3,hotel/search,0.51,28.89,1119.06,0.0,0,0,284.8009,1.2515,1.3303,0.0,A
3,hotel/user,1.76,18.25,1119.06,0.0,0,663,308.0921,1.2515,1.3303,0.0,A
3,sa1/customer-feedback,124.54,10123.53,13293.62,0.0,0,477,284.8009,15.2916,5.9737,0.0325,A
3,sn1/compose-post-service,0.0,47.24,251.42,0.0,0,0,284.8009,1.2515,1.3303,0.0,A
3,sn1/home-timeline-redis,4.89,2550.39,952.74,0.0,0,1419,659.4007,1.2515,1.3303,0.0046,A
3,sn1/home-timeline-service,0.0,86.71,251.42,0.0,0,0,284.8009,1.2515,1.3303,0.0,A
3,sn1/jaeger,0.57,4779.44,75.0,0.0,0,0,284.8009,1.2515,1.3303,0.0,A
3,sn1/media-frontend,0.0,2027.57,648.43,0.0,0,0,284.8009,1.2515,1.3303,0.0,A
3,sn1/media-memcached,0.29,4.63,75.33,0.0,0,0,284.8009,1.2515,1.3303,0.0,A
3,sn1/media-mongodb,14.68,74.22,703.91,0.0352,2,457,284.8009,1.8025,5.9737,0.0046,A
3,sn1/media-service,0.0,4.88,251.42,0.0,0,0,284.8009,1.2515,1.3303,0.0,A
3,sn1/nginx-thrift,6.43,41777.1,620.32,0.0,0,1560,724.9226,1.2515,1.3303,0.007,A
3,sn1/post-storage-memcached,0.68,69.86,75.33,0.0,0,779,361.9966,1.2515,1.3303,0.0,A
3,sn1/post-storage-mongodb,15.33,8189.21,4129.87,0.0469,2,474,284.8009,1.8823,5.9737,0.0046,A
3,sn1/post-storage-service,0.12,88.17,251.42,0.0,0,0,284.8009,1.2515,1.3303,0.0,A
3,sn1/social-graph-mongodb,15.69,728.25,756.91,0.1367,12,553,284.8009,1.9265,5.9737,0.007,A
3,sn1/social-graph-redis,2.72,20.29,103.57,0.0,0,1550,720.2756,1.2515,1.3303,0.0023,A
3,sn1/social-graph-service,0.0,31.3,251.42,0.0,0,0,284.8009,1.2515,1.3303,0.0,A
3,sn1/text-service,0.0,44.12,251.42,0.0,0,0,284.8009,1.2515,1.3303,0.0,A
3,sn1/unique-id-service,0.0,4.68,251.42,0.0,0,0,284.8009,1.2515,1.3303,0.0,A
3,sn1/url-shorten-memcached,0.26,4.63,75.33,0.0,0,0,284.8009,1.2515,1.3303,0.0023,A
3,sn1/url-shorten-mongodb,24.86,108.3,702.74,0.0,0,9817,4561.9007,3.0524,5.9737,0.007,A
3,sn1/url-shorten-service,0.0,49.95,251.42,0.0,0,0,284.8009,1.2515,1.3303,0.0,A
3,sn1/user-memcached,0.38,6.32,75.33,0.0,0,0,284.8009,1.2515,1.3303,0.0,A
3,sn1/user-mention-service,0.0,6.71,251.42,0.0,0,0,284.8009,1.2515,1.3303,0.0,A
3,sn1/user-mongodb,15.26,97.32,704.67,0.0352,2,528,284.8009,1.8737,5.9737,0.0046,A
3,sn1/user-service,0.0,18.03,251.42,0.0,0,0,284.8009,1.2515,1.3303,0.0,A
3,sn1/user-timeline-mongodb,29.42,107.26,702.94,0.0312,2,7472,3472.1933,3.6123,5.9737,0.007,A
3,sn1/user-timeline-redis,4.64,95.09,136.86,0.0,0,1434,666.3711,1.2515,1.3303,0.0,A
3,sn1/user-timeline-service,0.0,498.24,251.42,0.0,0,0,284.8009,1.2515,1.3303,0.0,A
4,hotel/consul,27.84,29.1,201.48,0.0,0,11277,2512.7921,8.2227,6.3527,0.0086,A
4,hotel/frontend,0.5,87.11,1119.14,0.0,0,0,284.8009,1.2515,1.3303,0.0,A
4,hotel/geo,1.42,25.87,1119.06,0.0,0,440,284.8009,1.2515,1.3303,0.0021,A
4,hotel/jaeger,0.32,14.79,81.01,0.0,0,0,284.8009,1.2515,1.3303,0.0,A
4,hotel/memcached-profile,0.48,7.68,79.25,0.0,0,0,284.8009,1.2515,1.3303,0.0,A
4,hotel/memcached-rate,0.42,7.57,79.25,0.0,0,0,284.8009,1.2515,1.3303,0.0,A
4,hotel/memcached-reserve,0.36,7.15,79.25,0.0,0,0,284.8009,1.2515,1.3303,0.0,A
4,hotel/mongodb-geo,10.22,63.51,400.43,0.0,0,531,284.8009,3.0185,6.3527,0.0043,A
4,hotel/mongodb-profile,10.39,64.47,400.43,0.0,0,517,284.8009,3.0688,6.3527,0.0043,A
4,hotel/mongodb-rate,12.52,65.16,400.43,0.0664,10,437,284.8009,3.6979,6.3527,0.0021,A
4,hotel/mongodb-recommendation,10.02,63.43,400.43,0.0,0,441,284.8009,2.9595,6.3527,0.0043,A
4,hotel/mongodb-reservation,10.15,250.73,400.43,0.0,0,456,284.8009,2.9979,6.3527,0.0043,A
4,hotel/mongodb-user,9.97,63.46,400.43,0.0,0,612,284.8009,2.9447,1.3303,0.0064,A
4,hotel/profile,2.12,39.85,1119.06,0.0,0,849,284.8009,1.2515,1.3303,0.0,A
4,hotel/rate,1.44,34.48,1119.14,0.0,0,1026,284.8009,1.2515,1.3303,0.0,A
4,hotel/recommendation,1.36,24.0,1119.06,0.0,0,622,284.8009,1.2515,1.3303,0.0,A
4,hotel/reservation,1.45,54.87,1119.06,0.0,0,625,284.8009,1.2515,1.3303,0.0,A
4,hotel/search,0.47,28.89,1119.06,0.0,0,0,284.8009,1.2515,1.3303,0.0,A
4,hotel/user,1.08,18.24,1119.06,0.0,0,534,284.8009,1.2515,1.3303,0.0021,A
4,sa1/customer-feedback,125.72,10123.65,13293.62,0.0,0,519,284.8009,37.1323,6.3527,0.0342,A
4,sn1/compose-post-service,0.03,47.24,251.42,0.0,0,0,284.8009,1.2515,1.3303,0.0,A
4,sn1/home-timeline-redis,5.01,2550.39,952.74,0.0,0,1108,284.8009,1.4797,1.3303,0.0021,A
4,sn1/home-timeline-service,0.03,86.71,251.42,0.0,0,0,284.8009,1.2515,1.3303,0.0,A
4,sn1/jaeger,0.58,4779.44,75.0,0.0,0,0,284.8009,1.2515,1.3303,0.0,A
4,sn1/media-frontend,0.0,2027.57,648.43,0.0,0,0,284.8009,1.2515,1.3303,0.0,A
4,sn1/media-memcached,0.31,4.63,75.33,0.0,0,0,284.8009,1.2515,1.3303,0.0,A
4,sn1/media-mongodb,12.51,73.98,703.91,0.0078,4,599,284.8009,3.6949,6.3527,0.0043,A
4,sn1/media-service,0.02,4.88,251.42,0.0,0,0,284.8009,1.2515,1.3303,0.0,A
4,sn1/nginx-thrift,1.8,41777.1,620.32,0.0,0,1592,354.7366,1.2515,1.3303,0.0,A
4,sn1/post-storage-memcached,0.66,69.86,75.33,0.0,0,373,284.8009,1.2515,1.3303,0.0,A
4,sn1/post-storage-mongodb,13.84,8188.96,4129.87,0.0078,4,442,284.8009,4.0877,6.3527,0.0043,A
4,sn1/post-storage-service,0.02,88.17,251.42,0.0,0,0,284.8009,1.2515,1.3303,0.0,A
4,sn1/social-graph-mongodb,13.95,728.18,756.91,0.0078,4,524,284.8009,4.1202,6.3527,0.0043,A
4,sn1/social-graph-redis,2.7,20.29,103.57,0.0,0,1473,328.2205,1.2515,1.3303,0.0,A
4,sn1/social-graph-service,0.12,31.3,251.42,0.0,0,0,284.8009,1.2515,1.3303,0.0,A
4,sn1/text-service,0.02,44.12,251.42,0.0,0,0,284.8009,1.2515,1.3303,0.0,A
4,sn1/unique-id-service,0.02,4.68,251.42,0.0,0,0,284.8009,1.2515,1.3303,0.0,A
4,sn1/url-shorten-memcached,0.31,4.63,75.33,0.0,0,0,284.8009,1.2515,1.3303,0.0,A
4,sn1/url-shorten-mongodb,24.86,108.3,702.74,0.0547,4,9851,2195.0443,7.3426,6.3527,0.0086,A
4,sn1/url-shorten-service,0.11,49.95,251.42,0.0,0,0,284.8009,1.2515,1.3303,0.0,A
4,sn1/user-memcached,0.33,6.32,75.33,0.0,0,0,284.8009,1.2515,1.3303,0.0,A
4,sn1/user-mention-service,0.03,6.71,251.42,0.0,0,0,284.8009,1.2515,1.3303,0.0,A
4,sn1/user-mongodb,13.87,97.38,704.67,0.0078,4,747,284.8009,4.0966,6.3527,0.0064,A
4,sn1/user-service,0.12,18.03,251.42,0.0,0,0,284.8009,1.2515,1.3303,0.0,A
4,sn1/user-timeline-mongodb,28.09,107.04,702.94,0.0,0,10017,2232.0332,8.2966,6.3527,0.0107,A
4,sn1/user-timeline-redis,4.65,95.09,136.86,0.0,0,1429,318.4162,1.3734,1.3303,0.0021,A
4,sn1/user-timeline-service,0.11,498.25,251.42,0.0,0,0,284.8009,1.2515,1.3303,0.0,A
5,hotel/consul,28.25,29.11,201.48,0.0,0,11226,2359.5684,5.0857,7.0736,0.0167,A
5,hotel/frontend,0.48,87.11,1119.14,0.0,0,0,284.8009,1.2515,1.3303,0.0,A
5,hotel/geo,1.6,25.88,1119.06,0.0,0,2793,587.0546,1.2515,1.3303,0.0,A
5,hotel/jaeger,0.35,14.79,81.01,0.0,0,0,284.8009,1.2515,1.3303,0.0,A
5,hotel/memcached-profile,0.49,7.68,79.25,0.0,0,0,284.8009,1.2515,1.3303,0.0,A
5,hotel/memcached-rate,0.45,7.57,79.25,0.0,0,0,284.8009,1.2515,1.3303,0.0,A
5,hotel/memcached-reserve,0.4,7.15,79.25,0.0,0,0,284.8009,1.2515,1.3303,0.0,A
5,hotel/mongodb-geo,11.92,63.43,400.43,0.0234,2,420,284.8009,2.1459,7.0736,0.0067,A
5,hotel/mongodb-profile,12.3,64.07,400.43,0.0234,2,415,284.8009,2.2143,7.0736,0.0034,A
5,hotel/mongodb-rate,10.47,65.34,400.43,0.0,0,555,284.8009,1.8849,7.0736,0.01,A
5,hotel/mongodb-recommendation,12.15,63.09,400.43,0.0234,2,469,284.8009,2.1873,7.0736,0.01,A
5,hotel/mongodb-reservation,11.93,250.95,400.43,0.0273,2,407,284.8009,2.1477,7.0736,0.0034,A
5,hotel/mongodb-user,12.55,63.39,400.43,0.0234,2,512,284.8009,2.2593,7.0736,0.0067,A
5,hotel/profile,1.13,39.1,1119.06,0.0,0,335,284.8009,1.2515,1.3303,0.0,A
5,hotel/rate,1.97,34.47,1119.14,0.0,0,652,284.8009,1.2515,1.3303,0.0,A
5,hotel/recommendation,1.95,23.99,1119.06,0.0,0,774,284.8009,1.2515,1.3303,0.0034,A
5,hotel/reservation,1.42,54.86,1119.06,0.0,0,647,284.8009,1.2515,1.3303,0.0,A
5,hotel/search,0.66,28.89,1119.06,0.0,0,0,284.8009,1.2515,1.3303,0.0,A
5,hotel/user,1.79,18.25,1119.06,0.0,0,936,284.8009,1.2515,1.3303,0.0,A
5,sa1/customer-feedback,119.07,10124.36,13293.62,0.0,0,843,284.8009,21.4358,7.0736,0.0703,A
5,sn1/compose-post-service,0.0,47.24,251.42,0.0,0,0,284.8009,1.2515,1.3303,0.0,A
5,sn1/home-timeline-redis,5.12,2550.39,952.74,0.0,0,1565,328.9439,1.2515,1.3303,0.0,A
5,sn1/home-timeline-service,0.0,86.71,251.42,0.0,0,0,284.8009,1.2515,1.3303,0.0,A
5,sn1/jaeger,0.59,4779.44,75.0,0.0,0,0,284.8009,1.2515,1.3303,0.0,A
5,sn1/media-frontend,0.0,2027.57,648.43,0.0,0,0,284.8009,1.2515,1.3303,0.0,A
5,sn1/media-memcached,0.3,4.63,75.33,0.0,0,0,284.8009,1.2515,1.3303,0.0,A
5,sn1/media-mongodb,13.39,73.79,703.91,0.043,4,591,284.8009,2.4106,7.0736,0.0067,A
5,sn1/media-service,0.0,4.88,251.42,0.0,0,0,284.8009,1.2515,1.3303,0.0,A
5,sn1/nginx-thrift,6.32,41777.1,620.32,0.0,0,1161,284.8009,1.2515,1.3303,0.0067,A
5,sn1/post-storage-memcached,0.69,69.86,75.33,0.0,0,782,284.8009,1.2515,1.3303,0.0,A
5,sn1/post-storage-mongodb,16.67,8189.29,4129.87,0.0508,4,373,284.8009,3.001,7.0736,0.01,A
5,sn1/post-storage-service,0.12,88.17,251.42,0.0,0,0,284.8009,1.2515,1.3303,0.0,A
5,sn1/social-graph-mongodb,16.33,728.31,756.91,0.0352,2,418,284.8009,2.9398,7.0736,0.0134,A
5,sn1/social-graph-redis,2.76,20.54,103.57,0.0,0,725,284.8009,1.2515,1.3303,0.0,A
5,sn1/social-graph-service,0.0,31.3,251.42,0.0,0,0,284.8009,1.2515,1.3303,0.0,A
5,sn1/text-service,0.0,44.12,251.42,0.0,0,0,284.8009,1.2515,1.3303,0.0,A
5,sn1/unique-id-service,0.0,4.68,251.42,0.0,0,0,284.8009,1.2515,1.3303,0.0,A
5,sn1/url-shorten-memcached,0.28,4.63,75.33,0.0,0,0,284.8009,1.2515,1.3303,0.0,A
5,sn1/url-shorten-mongodb,23.77,108.3,702.74,0.0391,4,5875,1234.8534,4.2792,7.0736,0.0134,A
5,sn1/url-shorten-service,0.0,49.95,251.42,0.0,0,0,284.8009,1.2515,1.3303,0.0,A
5,sn1/user-memcached,0.34,6.32,75.33,0.0,0,0,284.8009,1.2515,1.3303,0.0,A
5,sn1/user-mention-service,0.0,6.71,251.42,0.0,0,0,284.8009,1.2515,1.3303,0.0,A
5,sn1/user-mongodb,16.0,97.29,704.67,0.0352,2,704,284.8009,2.8804,7.0736,0.01,A
5,sn1/user-service,0.0,18.03,251.42,0.0,0,0,284.8009,1.2515,1.3303,0.0,A
5,sn1/user-timeline-mongodb,30.4,107.23,702.94,0.0039,2,5742,1206.8984,5.4728,7.0736,0.0234,A
5,sn1/user-timeline-redis,4.73,95.09,136.86,0.0,0,1376,289.2184,1.2515,1.3303,0.0034,A
5,sn1/user-timeline-service,0.0,498.24,251.42,0.0,0,0,284.8009,1.2515,1.3303,0.0,A
6,hotel/consul,28.68,29.59,201.48,0.0,0,13175,2516.8291,13.1289,5.9967,0.0449,A
6,hotel/frontend,0.73,87.09,1119.14,0.0,0,0,284.8009,1.2515,1.3303,0.0,A
6,hotel/geo,1.8,25.89,1119.06,0.0,0,349,284.8009,1.2515,1.3303,0.0,A
6,hotel/jaeger,0.32,14.79,81.01,0.0,0,0,284.8009,1.2515,1.3303,0.0,A
6,hotel/memcached-profile,0.47,7.68,79.25,0.0,0,0,284.8009,1.2515,1.3303,0.0,A
6,hotel/memcached-rate,0.4,7.57,79.25,0.0,0,0,284.8009,1.2515,1.3303,0.0,A
6,hotel/memcached-reserve,0.38,7.15,79.25,0.0,0,0,284.8009,1.2515,1.3303,0.0,A
6,hotel/mongodb-geo,11.07,63.27,400.43,0.0469,10,560,284.8009,5.0675,5.9967,0.0225,A
6,hotel/mongodb-profile,11.53,64.59,400.43,0.0508,10,544,284.8009,5.2781,5.9967,0.0112,A
6,hotel/mongodb-rate,11.42,65.23,400.43,0.0195,2,291,284.8009,5.2277,5.9967,0.0112,A
6,hotel/mongodb-recommendation,10.87,63.0,400.43,0.0469,10,497,284.8009,4.976,5.9967,0.0112,A
6,hotel/mongodb-reservation,11.01,250.85,400.43,0.0664,10,420,284.8009,5.0401,5.9967,0.0337,A
6,hotel/mongodb-user,11.01,63.42,400.43,0.0469,10,423,284.8009,5.0401,5.9967,0.0112,A
6,hotel/profile,1.83,39.11,1119.06,0.0,0,738,284.8009,1.2515,1.3303,0.0,A
6,hotel/rate,1.5,34.48,1119.14,0.0,0,689,284.8009,1.2515,1.3303,0.0,A
6,hotel/recommendation,1.52,23.99,1119.06,0.0,0,713,284.8009,1.2515,1.3303,0.0,A
6,hotel/reservation,1.38,54.87,1119.06,0.0,0,662,284.8009,1.2515,1.3303,0.0,A
6,hotel/search,0.51,28.89,1119.06,0.0,0,0,284.8009,1.2515,1.3303,0.0,A
6,hotel/user,1.1,18.24,1119.06,0.0,0,306,284.8009,1.2515,1.3303,0.0,A
6,sa1/customer-feedback,121.74,10124.63,13293.62,0.0,0,438,284.8009,55.7291,5.9967,0.146,A
6,sn1/compose-post-service,0.02,47.24,251.42,0.0,0,0,284.8009,1.2515,1.3303,0.0,A
6,sn1/home-timeline-redis,4.86,2550.39,952.74,0.0,0,1371,284.8009,2.2248,1.3303,0.0,A
6,sn1/home-timeline-service,0.02,86.71,251.42,0.0,0,0,284.8009,1.2515,1.3303,0.0,A
6,sn1/jaeger,0.56,4779.44,75.0,0.0,0,0,284.8009,1.2515,1.3303,0.0,A
6,sn1/media-frontend,0.0,2027.57,648.43,0.0,0,0,284.8009,1.2515,1.3303,0.0,A
6,sn1/media-memcached,0.32,4.63,75.33,0.0,0,0,284.8009,1.2515,1.3303,0.0,A
6,sn1/media-mongodb,13.8,73.98,703.91,0.0,0,637,284.8009,6.3172,5.9967,0.0225,A
6,sn1/media-service,0.02,4.88,251.42,0.0,0,0,284.8009,1.2515,1.3303,0.0,A
6,sn1/nginx-thrift,1.78,41777.1,620.32,0.0,0,1420,284.8009,1.2515,1.3303,0.0,A
6,sn1/post-storage-memcached,0.7,69.86,75.33,0.0,0,835,284.8009,1.2515,1.3303,0.0,A
6,sn1/post-storage-mongodb,20.58,8189.52,4129.87,0.0039,2,343,284.8009,9.4209,5.9967,0.0337,A
6,sn1/post-storage-service,0.02,88.17,251.42,0.0,0,0,284.8009,1.2515,1.3303,0.0,A
6,sn1/social-graph-mongodb,13.75,727.93,756.91,0.0,0,457,284.8009,6.2944,5.9967,0.0337,A
6,sn1/social-graph-redis,2.7,20.29,103.57,0.0,0,1237,284.8009,1.2515,1.3303,0.0,A
6,sn1/social-graph-service,0.16,31.3,251.42,0.0,0,0,284.8009,1.2515,1.3303,0.0,A
6,sn1/text-service,0.02,44.12,251.42,0.0,0,0,284.8009,1.2515,1.3303,0.0,A
6,sn1/unique-id-service,0.03,4.68,251.42,0.0,0,0,284.8009,1.2515,1.3303,0.0,A
6,sn1/url-shorten-memcached,0.3,4.63,75.33,0.0,0,0,284.8009,1.2515,1.3303,0.0,A
6,sn1/url-shorten-mongodb,24.49,108.3,702.74,0.0312,2,8748,1671.1363,11.2108,5.9967,0.0337,A
6,sn1/url-shorten-service,0.11,49.95,251.42,0.0,0,0,284.8009,1.2515,1.3303,0.0,A
6,sn1/user-memcached,0.36,6.32,75.33,0.0,0,0,284.8009,1.2515,1.3303,0.0,A
6,sn1/user-mention-service,0.02,6.71,251.42,0.0,0,0,284.8009,1.2515,1.3303,0.0,A
6,sn1/user-mongodb,13.77,97.2,704.67,0.0,0,1616,308.7056,6.3035,5.9967,0.0225,A
6,sn1/user-service,0.12,18.03,251.42,0.0,0,0,284.8009,1.2515,1.3303,0.0,A
6,sn1/user-timeline-mongodb,27.66,106.98,702.94,0.0,0,5855,1118.4846,12.6619,5.9967,0.0449,A
6,sn1/user-timeline-redis,4.62,95.09,136.86,0.0,0,1425,284.8009,2.1149,1.3303,0.0112,A
6,sn1/user-timeline-service,0.12,498.25,251.42,0.0,0,0,284.8009,1.2515,1.3303,0.0,A
7,hotel/consul,26.37,29.35,201.48,0.0,0,9451,2339.4322,1.2515,7.7127,0.0066,A
7,hotel/frontend,0.6,87.09,1119.14,0.0,0,0,284.8009,1.2515,1.3303,0.0,A
7,hotel/geo,1.23,25.88,1119.06,0.0,0,695,284.8009,1.2515,1.3303,0.0022,A
7,hotel/jaeger,0.29,14.79,81.01,0.0,0,0,284.8009,1.2515,1.3303,0.0,A
7,hotel/memcached-profile,0.47,7.68,79.25,0.0,0,0,284.8009,1.2515,1.3303,0.0,A
7,hotel/memcached-rate,0.45,7.57,79.25,0.0,0,0,284.8009,1.2515,1.3303,0.0,A
7,hotel/memcached-reserve,0.38,7.15,79.25,0.0,0,0,284.8009,1.2515,1.3303,0.0,A
7,hotel/mongodb-geo,10.44,63.49,400.43,0.0234,2,470,284.8009,1.2515,7.7127,0.0044,A
7,hotel/mongodb-profile,10.93,64.15,400.43,0.0273,2,385,284.8009,1.2515,7.7127,0.0044,A
7,hotel/mongodb-rate,8.9,65.03,400.43,0.0,0,293,284.8009,1.2515,1.3303,0.0022,A
7,hotel/mongodb-recommendation,10.98,63.1,400.43,0.0234,2,372,284.8009,1.2515,7.7127,0.0044,A
7,hotel/mongodb-reservation,10.77,250.7,400.43,0.0273,2,416,284.8009,1.2515,7.7127,0.0044,A
7,hotel/mongodb-user,11.43,63.14,400.43,0.0352,4,431,284.8009,1.2515,7.7127,0.0022,A
7,hotel/profile,1.08,39.1,1119.06,0.0,0,226,284.8009,1.2515,1.3303,0.0,A
7,hotel/rate,1.56,34.47,1119.14,0.0,0,496,284.8009,1.2515,1.3303,0.0,A
7,hotel/recommendation,1.45,23.99,1119.06,0.0,0,741,284.8009,1.2515,1.3303,0.0,A
7,hotel/reservation,2.05,55.12,1119.06,0.0,0,560,284.8009,1.2515,1.3303,0.0022,A
7,hotel/search,0.63,28.89,1119.06,0.0,0,0,284.8009,1.2515,1.3303,0.0,A
7,hotel/user,2.16,18.24,1119.06,0.0,0,903,284.8009,1.2515,1.3303,0.0,A
7,sa1/customer-feedback,122.03,10124.56,13293.62,0.0,0,454,284.8009,4.7414,7.7127,0.0374,A
7,sn1/compose-post-service,0.0,47.24,251.42,0.0,0,0,284.8009,1.2515,1.3303,0.0,A
7,sn1/home-timeline-redis,5.0,2550.14,952.74,0.0,0,979,284.8009,1.2515,1.3303,0.0022,A
7,sn1/home-timeline-service,0.0,86.71,251.42,0.0,0,0,284.8009,1.2515,1.3303,0.0,A
7,sn1/jaeger,1387.87,4779.71,75.0,0.0,0,125,284.8009,53.9252,7.7127,0.0022,A
7,sn1/media-frontend,0.0,2027.57,648.43,0.0,0,0,284.8009,1.2515,1.3303,0.0,A
7,sn1/media-memcached,0.31,4.63,75.33,0.0,0,0,284.8009,1.2515,1.3303,0.0,A
7,sn1/media-mongodb,14.16,73.98,703.91,0.0352,2,546,284.8009,1.2515,7.7127,0.0044,A
7,sn1/media-service,0.0,4.88,251.42,0.0,0,0,284.8009,1.2515,1.3303,0.0,A
7,sn1/nginx-thrift,6.37,41777.1,620.32,0.0,0,1415,350.2589,1.2515,1.3303,0.0022,A
7,sn1/post-storage-memcached,0.73,69.86,75.33,0.0,0,837,284.8009,1.2515,1.3303,0.0022,A
7,sn1/post-storage-mongodb,14.98,8189.29,4129.87,0.0469,2,470,284.8009,1.2515,7.7127,0.0066,A
7,sn1/post-storage-service,0.1,88.17,251.42,0.0,0,0,284.8009,1.2515,1.3303,0.0,A
7,sn1/social-graph-mongodb,15.06,727.87,756.91,0.0352,2,389,284.8009,1.2515,7.7127,0.0044,A
7,sn1/social-graph-redis,2.51,20.04,103.57,0.0,0,1150,284.8009,1.2515,1.3303,0.0022,A
7,sn1/social-graph-service,0.0,31.3,251.42,0.0,0,0,284.8009,1.2515,1.3303,0.0,A
7,sn1/text-service,0.0,44.12,251.42,0.0,0,0,284.8009,1.2515,1.3303,0.0,A
7,sn1/unique-id-service,0.0,4.68,251.42,0.0,0,0,284.8009,1.2515,1.3303,0.0,A
7,sn1/url-shorten-memcached,0.32,4.63,75.33,0.0,0,0,284.8009,1.2515,1.3303,0.0,A
7,sn1/url-shorten-mongodb,23.42,108.11,702.74,0.0,0,7584,1877.2885,1.2515,7.7127,0.0088,A
7,sn1/url-shorten-service,0.0,49.95,251.42,0.0,0,0,284.8009,1.2515,1.3303,0.0,A
7,sn1/user-memcached,0.35,6.32,75.33,0.0,0,0,284.8009,1.2515,1.3303,0.0,A
7,sn1/user-mention-service,0.0,6.71,251.42,0.0,0,0,284.8009,1.2515,1.3303,0.0,A
7,sn1/user-mongodb,15.06,96.89,704.67,0.0352,2,712,284.8009,1.2515,7.7127,0.0044,A
7,sn1/user-service,0.0,18.03,251.42,0.0,0,0,284.8009,1.2515,1.3303,0.0,A
7,sn1/user-timeline-mongodb,27.47,106.8,702.94,0.0,0,7394,1830.2573,1.2515,7.7127,0.011,A
7,sn1/user-timeline-redis,4.56,94.84,136.86,0.0,0,1418,351.0015,1.2515,1.3303,0.0022,A
7,sn1/user-timeline-service,0.0,498.24,251.42,0.0,0,0,284.8009,1.2515,1.3303,0.0,A
8,hotel/consul,28.86,29.6,201.48,0.0,0,10175,5010.8443,6.3539,7.2537,0.0395,A
8,hotel/frontend,0.45,87.09,1119.14,0.0,0,0,284.8009,1.2515,1.3303,0.0,A
8,hotel/geo,1.66,25.87,1119.06,0.0,0,746,367.3798,1.2515,1.3303,0.0,A
8,hotel/jaeger,0.31,14.79,81.01,0.0,0,0,284.8009,1.2515,1.3303,0.0,A
8,hotel/memcached-profile,0.47,7.68,79.25,0.0,0,0,284.8009,1.2515,1.3303,0.0,A
8,hotel/memcached-rate,0.44,7.57,79.25,0.0,0,0,284.8009,1.2515,1.3303,0.0,A
8,hotel/memcached-reserve,0.4,7.15,79.25,0.0,0,0,284.8009,1.2515,1.3303,0.0,A
8,hotel/mongodb-geo,10.26,63.51,400.43,0.0,0,582,286.6154,2.2589,7.2537,0.0296,A
8,hotel/mongodb-profile,10.24,64.34,400.43,0.0,0,445,284.8009,2.2545,7.2537,0.0197,A
8,hotel/mongodb-rate,10.96,65.26,400.43,0.0195,2,235,284.8009,2.413,7.2537,0.0099,A
8,hotel/mongodb-recommendation,10.17,63.37,400.43,0.0,0,438,284.8009,2.2391,7.2537,0.0197,A
8,hotel/mongodb-reservation,10.29,250.98,400.43,0.0,0,465,284.8009,2.2655,7.2537,0.0197,A
8,hotel/mongodb-user,9.82,63.42,400.43,0.0,0,463,284.8009,2.162,1.3303,0.0099,A
8,hotel/profile,1.83,39.11,1119.06,0.0,0,807,397.4203,1.2515,1.3303,0.0,A
8,hotel/rate,1.28,34.47,1119.14,0.0,0,510,284.8009,1.2515,1.3303,0.0,A
8,hotel/recommendation,1.25,23.99,1119.06,0.0,0,608,299.4195,1.2515,1.3303,0.0,A
8,hotel/reservation,1.39,54.88,1119.06,0.0,0,764,376.2442,1.2515,1.3303,0.0,A
8,hotel/search,0.93,29.14,1119.06,0.0,0,168,284.8009,1.2515,1.3303,0.0,A
8,hotel/user,1.14,18.24,1119.06,0.0,0,571,284.8009,1.2515,1.3303,0.0,A
8,sa1/customer-feedback,124.23,10125.21,13293.62,3.7383,38,480,284.8009,27.351,7.2537,0.158,A
8,sn1/compose-post-service,0.02,47.24,251.42,0.0,0,0,284.8009,1.2515,1.3303,0.0,A
8,sn1/home-timeline-redis,5.0,2550.39,952.74,0.0,0,1409,693.885,1.2515,1.3303,0.0,A
8,sn1/home-timeline-service,0.03,86.71,251.42,0.0,0,0,284.8009,1.2515,1.3303,0.0,A
8,sn1/jaeger,31.34,4779.46,75.0,0.0,0,28,284.8009,6.8999,7.2537,0.0099,A
8,sn1/media-frontend,0.0,2027.57,648.43,0.0,0,0,284.8009,1.2515,1.3303,0.0,A
8,sn1/media-memcached,0.27,4.63,75.33,0.0,0,0,284.8009,1.2515,1.3303,0.0,A
8,sn1/media-mongodb,13.51,73.98,703.91,0.0898,18,639,314.6859,2.9744,7.2537,0.0197,A
8,sn1/media-service,0.02,4.88,251.42,0.0,0,0,284.8009,1.2515,1.3303,0.0,A
8,sn1/nginx-thrift,1.83,41777.1,620.32,0.0,0,1610,792.8707,1.2515,1.3303,0.0,A
8,sn1/post-storage-memcached,0.71,69.86,75.33,0.0,0,817,402.3449,1.2515,1.3303,0.0,A
8,sn1/post-storage-mongodb,13.7,8189.35,4129.87,0.0,0,656,323.0579,3.0163,7.2537,0.0197,A
8,sn1/post-storage-service,0.01,88.17,251.42,0.0,0,0,284.8009,1.2515,1.3303,0.0,A
8,sn1/social-graph-mongodb,14.1,728.31,756.91,0.0,0,447,284.8009,3.1043,7.2537,0.0197,A
8,sn1/social-graph-redis,2.61,20.29,103.57,0.0,0,1283,631.8342,1.2515,1.3303,0.0,A
8,sn1/social-graph-service,0.14,31.3,251.42,0.0,0,0,284.8009,1.2515,1.3303,0.0,A
8,sn1/text-service,0.02,44.12,251.42,0.0,0,0,284.8009,1.2515,1.3303,0.0,A
8,sn1/unique-id-service,0.03,4.68,251.42,0.0,0,0,284.8009,1.2515,1.3303,0.0,A
8,sn1/url-shorten-memcached,0.3,4.63,75.33,0.0,0,0,284.8009,1.2515,1.3303,0.0,A
8,sn1/url-shorten-mongodb,25.24,108.21,702.74,0.0312,2,9310,4584.861,5.5569,7.2537,0.0395,A
8,sn1/url-shorten-service,0.12,49.95,251.42,0.0,0,0,284.8009,1.2515,1.3303,0.0,A
8,sn1/user-memcached,0.34,6.32,75.33,0.0,0,0,284.8009,1.2515,1.3303,0.0,A
8,sn1/user-mention-service,0.03,6.71,251.42,0.0,0,0,284.8009,1.2515,1.3303,0.0,A
8,sn1/user-mongodb,14.05,97.32,704.67,0.4766,38,595,293.0174,3.0933,7.2537,0.0296,A
8,sn1/user-service,0.12,18.03,251.42,0.0,0,0,284.8009,1.2515,1.3303,0.0,A
8,sn1/user-timeline-mongodb,27.62,107.0,702.94,0.0,0,7566,3725.9998,6.0809,7.2537,0.0493,A
8,sn1/user-timeline-redis,4.6,95.09,136.86,0.0,0,1422,700.287,1.2515,1.3303,0.0099,A
8,sn1/user-timeline-service,0.12,498.25,251.42,0.0,0,0,284.8009,1.2515,1.3303,0.0,A
9,hotel/consul,29.26,29.84,201.48,0.0,0,9906,3997.2687,4.5211,5.6043,0.0091,A
9,hotel/frontend,0.48,87.09,1119.14,0.0,0,0,284.8009,1.2515,1.3303,0.0,A
9,hotel/geo,1.38,26.12,1119.06,0.0,0,716,288.9203,1.2515,1.3303,0.0,A
9,hotel/jaeger,0.31,14.79,81.01,0.0,0,0,284.8009,1.2515,1.3303,0.0,A
9,hotel/memcached-profile,0.44,7.68,79.25,0.0,0,0,284.8009,1.2515,1.3303,0.0,A
9,hotel/memcached-rate,0.39,7.57,79.25,0.0,0,0,284.8009,1.2515,1.3303,0.0,A
9,hotel/memcached-reserve,0.41,7.15,79.25,0.0,0,0,284.8009,1.2515,1.3303,0.0,A
9,hotel/mongodb-geo,10.98,63.24,400.43,0.0273,2,484,284.8009,1.6966,5.6043,0.0046,A
9,hotel/mongodb-profile,11.15,64.56,400.43,0.0273,2,448,284.8009,1.7228,5.6043,0.0046,A
9,hotel/mongodb-rate,8.84,65.16,400.43,0.0,0,444,284.8009,1.3659,1.3303,0.0023,A
9,hotel/mongodb-recommendation,11.08,63.34,400.43,0.0273,2,458,284.8009,1.712,5.6043,0.0046,A
9,hotel/mongodb-reservation,11.57,250.89,400.43,0.0469,4,411,284.8009,1.7877,5.6043,0.0023,A
9,hotel/mongodb-user,11.32,63.39,400.43,0.0273,2,500,284.8009,1.7491,5.6043,0.0023,A
9,hotel/profile,1.19,39.1,1119.06,0.0,0,658,284.8009,1.2515,1.3303,0.0,A
9,hotel/rate,1.67,34.48,1119.14,0.0,0,691,284.8009,1.2515,1.3303,0.0,A
9,hotel/recommendation,1.4,23.99,1119.06,0.0,0,763,307.8857,1.2515,1.3303,0.0023,A
9,hotel/reservation,1.47,54.88,1119.06,0.0,0,594,284.8009,1.2515,1.3303,0.0,A
9,hotel/search,0.52,29.14,1119.06,0.0,0,0,284.8009,1.2515,1.3303,0.0,A
9,hotel/user,1.79,18.24,1119.06,0.0,0,522,284.8009,1.2515,1.3303,0.0023,A
9,sa1/customer-feedback,124.29,10125.99,13293.62,0.0,0,455,284.8009,19.2047,5.6043,0.041,A
9,sn1/compose-post-service,0.0,47.24,251.42,0.0,0,0,284.8009,1.2515,1.3303,0.0,A
9,sn1/home-timeline-redis,4.9,2550.39,952.74,0.0,0,1457,587.9286,1.2515,1.3303,0.0023,A
9,sn1/home-timeline-service,0.0,86.71,251.42,0.0,0,0,284.8009,1.2515,1.3303,0.0,A
9,sn1/jaeger,0.57,4779.46,75.0,0.0,0,0,284.8009,1.2515,1.3303,0.0,A
9,sn1/media-frontend,0.0,2027.57,648.43,0.0,0,0,284.8009,1.2515,1.3303,0.0,A
9,sn1/media-memcached,0.29,4.63,75.33,0.0,0,0,284.8009,1.2515,1.3303,0.0,A
9,sn1/media-mongodb,14.51,74.22,703.91,0.0352,2,766,309.0963,2.242,5.6043,0.0068,A
9,sn1/media-service,0.0,4.88,251.42,0.0,0,0,284.8009,1.2515,1.3303,0.0,A
9,sn1/nginx-thrift,6.35,41777.1,620.32,0.0,0,1035,417.6432,1.2515,1.3303,0.0,A
9,sn1/post-storage-memcached,0.66,69.86,75.33,0.0,0,349,284.8009,1.2515,1.3303,0.0,A
9,sn1/post-storage-mongodb,14.88,8189.36,4129.87,0.082,4,538,284.8009,2.2992,5.6043,0.0046,A
9,sn1/post-storage-service,0.11,88.17,251.42,0.0,0,0,284.8009,1.2515,1.3303,0.0,A
9,sn1/social-graph-mongodb,14.87,728.02,756.91,1.6211,46,482,284.8009,2.2976,5.6043,0.0068,A
9,sn1/social-graph-redis,2.64,20.29,103.57,0.0,0,1090,439.8368,1.2515,1.3303,0.0,A
9,sn1/social-graph-service,0.0,31.3,251.42,0.0,0,0,284.8009,1.2515,1.3303,0.0,A
9,sn1/text-service,0.0,44.12,251.42,0.0,0,0,284.8009,1.2515,1.3303,0.0,A
9,sn1/unique-id-service,0.0,4.68,251.42,0.0,0,0,284.8009,1.2515,1.3303,0.0,A
9,sn1/url-shorten-memcached,0.28,4.63,75.33,0.0,0,0,284.8009,1.2515,1.3303,0.0,A
9,sn1/url-shorten-mongodb,24.18,108.12,702.74,0.0,0,10174,4105.412,3.7362,5.6043,0.0068,A
9,sn1/url-shorten-service,0.0,49.95,251.42,0.0,0,0,284.8009,1.2515,1.3303,0.0,A
9,sn1/user-memcached,0.32,6.32,75.33,0.0,0,0,284.8009,1.2515,1.3303,0.0,A
9,sn1/user-mention-service,0.0,6.71,251.42,0.0,0,0,284.8009,1.2515,1.3303,0.0,A
9,sn1/user-mongodb,15.1,96.91,704.67,0.0352,2,465,284.8009,2.3332,5.6043,0.0046,A
9,sn1/user-service,0.0,18.03,251.42,0.0,0,0,284.8009,1.2515,1.3303,0.0,A
9,sn1/user-timeline-mongodb,28.83,107.06,702.94,0.0234,4,8742,3527.5715,4.4547,5.6043,0.0091,A
9,sn1/user-timeline-redis,4.57,94.84,136.86,0.0,0,1473,594.3849,1.2515,1.3303,0.0046,A
9,sn1/user-timeline-service,0.0,498.24,251.42,0.0,0,0,284.8009,1.2515,1.3303,0.0,A
10,hotel/consul,24.36,29.1,201.48,0.0,0,5687,1035.0974,1.2515,264.707,0.0207,A
10,hotel/frontend,2890.02,133.92,1119.14,0.0,0,288140,52444.6922,43.6686,264.707,0.0,A
10,hotel/geo,362.17,27.48,1119.06,0.0,0,1279,284.8009,5.4724,264.707,0.0052,A
10,hotel/jaeger,0.25,14.79,81.01,0.0,0,0,284.8009,1.2515,1.3303,0.0,A
10,hotel/memcached-profile,36.88,7.69,79.25,0.0,0,536,284.8009,1.2515,264.707,0.0,A
10,hotel/memcached-rate,26.0,7.61,79.25,0.0,0,541,284.8009,1.2515,264.707,0.0,A
10,hotel/memcached-reserve,47.84,7.2,79.25,0.0,0,373,284.8009,1.2515,264.707,0.0,A
10,hotel/mongodb-geo,9.22,62.84,400.43,0.0,0,329,284.8009,1.2515,1.3303,0.0052,A
10,hotel/mongodb-profile,9.54,63.9,400.43,0.0,0,239,284.8009,1.2515,1.3303,0.0103,A
10,hotel/mongodb-rate,9.74,64.78,400.43,0.0195,2,247,284.8009,1.2515,1.3303,0.0103,A
10,hotel/mongodb-recommendation,9.2,62.93,400.43,0.0,0,254,284.8009,1.2515,1.3303,0.0103,A
10,hotel/mongodb-reservation,9.54,250.54,400.43,0.0078,4,433,284.8009,1.2515,1.3303,0.0103,A
10,hotel/mongodb-user,9.39,62.98,400.43,0.0,0,169,284.8009,1.2515,1.3303,0.0103,A
10,hotel/profile,958.66,43.95,1119.06,0.0,0,4360,793.5686,14.4855,264.707,0.0,A
10,hotel/rate,375.29,37.71,1119.14,0.0,0,1345,284.8009,5.6707,264.707,0.0,A
10,hotel/recommendation,240.36,25.63,1119.06,0.0,0,942,284.8009,3.6319,264.707,0.0,A
10,hotel/reservation,987.49,67.58,1119.06,0.0,0,29171,5309.4472,14.9211,264.707,0.0,A
10,hotel/search,771.19,33.68,1119.06,0.0,0,2579,469.4068,11.6528,264.707,0.0,A
10,hotel/user,15.48,18.24,1119.06,0.0,0,691,284.8009,1.2515,264.707,0.0,A
10,sa1/customer-feedback,104.22,10124.66,13293.62,0.0,0,339,284.8009,1.5748,264.707,0.0828,A
10,sn1/compose-post-service,515.92,85.56,251.42,0.0,0,2289,416.6235,7.7956,264.707,0.0,A
10,sn1/home-timeline-redis,136.74,2552.69,952.74,0.0,0,1151,284.8009,2.0662,264.707,0.0052,A
10,sn1/home-timeline-service,675.6,106.23,251.42,0.0,0,1330,284.8009,10.2084,264.707,0.0,A
10,sn1/jaeger,1.7,4779.46,75.0,0.0,0,51,284.8009,1.2515,1.3303,0.0,A
10,sn1/media-frontend,0.0,2027.57,648.43,0.0,0,0,284.8009,1.2515,1.3303,0.0,A
10,sn1/media-memcached,0.29,4.63,75.33,0.0,0,0,284.8009,1.2515,1.3303,0.0,A
10,sn1/media-mongodb,11.9,73.79,703.91,0.0,0,548,284.8009,1.2515,264.707,0.0155,A
10,sn1/media-service,28.27,4.73,251.42,0.0,0,554,284.8009,1.2515,264.707,0.0,A
10,sn1/nginx-thrift,9755.66,41772.48,620.32,0.0,0,2874,523.1,147.4093,264.707,0.0,A
10,sn1/post-storage-memcached,664.92,70.61,75.33,0.0,0,2313,420.9918,10.047,264.707,0.0,A
10,sn1/post-storage-mongodb,364.1,8189.18,4129.87,0.0,0,631,284.8009,5.5016,264.707,0.0155,A
10,sn1/post-storage-service,2835.63,94.16,251.42,0.0,0,3516,639.9512,42.8467,264.707,0.0,A
10,sn1/social-graph-mongodb,12.34,727.87,756.91,0.0,0,311,284.8009,1.2515,264.707,0.0103,A
10,sn1/social-graph-redis,2.61,20.04,103.57,0.0,0,1019,284.8009,1.2515,1.3303,0.0103,A
10,sn1/social-graph-service,0.12,31.3,251.42,0.0,0,0,284.8009,1.2515,1.3303,0.0,A
10,sn1/text-service,521.91,87.26,251.42,0.0,0,1687,307.0528,7.8861,264.707,0.0,A
10,sn1/unique-id-service,27.34,4.57,251.42,0.0,0,223,284.8009,1.2515,264.707,0.0,A
10,sn1/url-shorten-memcached,0.28,4.63,75.33,0.0,0,0,284.8009,1.2515,1.3303,0.0,A
10,sn1/url-shorten-mongodb,117.97,108.66,702.74,0.0352,4,4836,880.2059,1.7825,264.707,0.0207,A
10,sn1/url-shorten-service,405.48,76.84,251.42,0.0,0,1411,284.8009,6.1269,264.707,0.0,A
10,sn1/user-memcached,52.59,6.35,75.33,0.0,0,743,284.8009,1.2515,264.707,0.0,A
10,sn1/user-mention-service,89.86,6.76,251.42,0.0,0,380,284.8009,1.3578,264.707,0.0,A
10,sn1/user-mongodb,12.26,96.89,704.67,0.0,0,462,284.8009,1.2515,264.707,0.0103,A
10,sn1/user-service,26.5,18.02,251.42,0.0,0,271,284.8009,1.2515,264.707,0.0,A
10,sn1/user-timeline-mongodb,23.68,106.8,702.94,0.0,0,4541,826.5126,1.2515,264.707,0.0155,A
10,sn1/user-timeline-redis,68.56,95.45,136.86,0.0,0,1034,284.8009,1.2515,264.707,0.0,A
10,sn1/user-timeline-service,603.21,515.14,251.42,0.0,0,2075,377.6731,9.1146,264.707,0.0,A
11,hotel/consul,14.02,29.1,201.48,0.0,0,4826,1074.6263,1.2515,687.4515,0.0158,A
11,hotel/frontend,9940.84,127.86,1119.14,0.0,0,715888,159409.8855,98.9179,687.4515,10.2,A
11,hotel/geo,1302.74,29.45,1119.06,0.0,0,4189,932.7828,12.9631,687.4515,1.4,A
11,hotel/jaeger,0.26,14.79,81.01,0.0,0,0,284.8009,1.2515,1.3303,0.0,A
11,hotel/memcached-profile,152.89,7.72,79.25,0.0,0,1691,376.5423,1.5214,687.4515,0.158,A
11,hotel/memcached-rate,109.51,7.64,79.25,0.0,0,2037,453.5876,1.2515,687.4515,0.127,A
11,hotel/memcached-reserve,179.91,7.23,79.25,0.0,0,1702,378.9917,1.7902,687.4515,0.198,A
11,hotel/mongodb-geo,8.33,62.84,400.43,0.0273,2,428,284.8009,1.2515,1.3303,0.0079,A
11,hotel/mongodb-profile,8.18,63.91,400.43,0.0273,2,196,284.8009,1.2515,1.3303,0.0158,A
11,hotel/mongodb-rate,8.16,64.78,400.43,0.0,0,1272,284.8009,1.2515,1.3303,0.0079,A
11,hotel/mongodb-recommendation,8.78,62.93,400.43,0.0273,2,129,284.8009,1.2515,1.3303,0.0158,A
11,hotel/mongodb-reservation,11.96,250.55,400.43,0.1172,40,251,284.8009,1.2515,687.4515,0.0237,A
11,hotel/mongodb-user,8.52,62.98,400.43,0.0273,2,55,284.8009,1.2515,1.3303,0.0079,A
11,hotel/profile,3350.25,41.51,1119.06,0.0,0,82930,18466.3827,33.3372,687.4515,3.79,A
11,hotel/rate,1589.66,43.54,1119.14,0.0,0,5207,1159.4653,15.8182,687.4515,1.69,A
11,hotel/recommendation,781.32,27.69,1119.06,0.0,0,2879,641.0794,7.7746,687.4515,0.838,A
11,hotel/reservation,3756.26,63.19,1119.06,0.0,0,162844,36261.1797,37.3772,687.4515,3.75,A
11,hotel/search,3083.35,35.02,1119.06,0.0,0,12431,2768.0647,30.6814,687.4515,3.08,A
11,hotel/user,50.62,20.02,1119.06,0.0,0,1483,330.226,1.2515,687.4515,0.0553,A
11,sa1/customer-feedback,22292.98,10129.71,13293.62,0.0,0,19718,4390.6926,221.8298,687.4515,39.1,A
11,sn1/compose-post-service,1379.97,86.26,251.42,0.0,0,7347,1635.9884,13.7316,687.4515,1.3,A
11,sn1/home-timeline-redis,299.55,2552.46,952.74,0.0,0,1434,319.315,2.9807,687.4515,0.308,A
11,sn1/home-timeline-service,1672.15,108.96,251.42,0.0,0,6828,1520.4204,16.639,687.4515,1.69,A
11,sn1/jaeger,36.91,4779.46,75.0,0.0,0,371,284.8009,1.2515,687.4515,0.0553,A
11,sn1/media-frontend,0.0,2027.57,648.43,0.0,0,0,284.8009,1.2515,1.3303,0.0,A
11,sn1/media-memcached,0.19,4.63,75.33,0.0,0,0,284.8009,1.2515,1.3303,0.0,A
11,sn1/media-mongodb,10.64,73.79,703.91,0.0625,4,93,284.8009,1.2515,687.4515,0.0079,A
11,sn1/media-service,74.81,4.8,251.42,0.0,0,1104,284.8009,1.2515,687.4515,0.0712,A
11,sn1/nginx-thrift,24796.69,41795.54,620.32,17.0781,150,11139,2480.3694,246.7433,687.4515,25.6,A
11,sn1/post-storage-memcached,1822.42,71.06,75.33,0.0,0,6922,1541.3518,18.1343,687.4515,1.83,A
11,sn1/post-storage-mongodb,965.09,8189.98,4129.87,0.0547,4,1037,284.8009,9.6033,687.4515,1.0,A
11,sn1/post-storage-service,7648.5,95.0,251.42,0.0,0,14049,3128.3518,76.1076,687.4515,7.73,A
11,sn1/social-graph-mongodb,10.41,727.88,756.91,0.0508,4,96,284.8009,1.2515,687.4515,0.0158,A
11,sn1/social-graph-redis,2.42,20.04,103.57,0.0,0,1393,310.1854,1.2515,1.3303,0.0079,A
11,sn1/social-graph-service,0.0,31.3,251.42,0.0,0,0,284.8009,1.2515,1.3303,0.0,A
11,sn1/text-service,1489.56,81.57,251.42,0.0,0,7897,1758.4592,14.8221,687.4515,1.36,A
11,sn1/unique-id-service,76.52,4.64,251.42,0.0,0,694,284.8009,1.2515,687.4515,0.0791,A
11,sn1/url-shorten-memcached,0.22,4.63,75.33,0.0,0,0,284.8009,1.2515,1.3303,0.0,A
11,sn1/url-shorten-mongodb,308.59,107.06,702.74,0.0,0,1406,313.0801,3.0707,687.4515,0.221,A
11,sn1/url-shorten-service,1248.57,75.25,251.42,0.0,0,7238,1611.7168,12.4241,687.4515,0.988,A
11,sn1/user-memcached,158.12,6.34,75.33,0.0,0,1874,417.2917,1.5734,687.4515,0.158,A
11,sn1/user-mention-service,242.43,7.3,251.42,0.0,0,1004,284.8009,2.4123,687.4515,0.245,A
11,sn1/user-mongodb,10.56,96.89,704.67,0.0352,2,69,284.8009,1.2515,687.4515,0.0158,A
11,sn1/user-service,70.43,18.02,251.42,0.0,0,837,284.8009,1.2515,687.4515,0.0712,A
11,sn1/user-timeline-mongodb,16.31,106.8,702.94,0.0898,12,277,284.8009,1.2515,687.4515,0.0158,A
11,sn1/user-timeline-redis,156.84,95.46,136.86,0.0,0,1161,284.8009,1.5607,687.4515,0.166,A
11,sn1/user-timeline-service,1570.35,521.53,251.42,0.0,0,8529,1899.1894,15.626,687.4515,1.53,A
12,hotel/consul,14.57,29.1,201.48,0.0,0,6728,1483.9627,1.2515,754.0313,0.0379,A
12,hotel/frontend,9596.49,117.24,1119.14,0.0,0,715610,157838.668,116.584,754.0313,24.1,A
12,hotel/geo,1250.87,29.38,1119.06,0.0,0,6136,1353.3881,15.1963,754.0313,3.18,A
12,hotel/jaeger,0.18,14.79,81.01,0.0,0,0,284.8009,1.2515,1.3303,0.0,A
12,hotel/memcached-profile,142.09,7.71,79.25,0.0,0,3521,776.6101,1.7262,754.0313,0.341,A
12,hotel/memcached-rate,111.36,7.59,79.25,0.0,0,3131,690.5897,1.3529,754.0313,0.284,A
12,hotel/memcached-reserve,177.45,7.24,79.25,0.0,0,2768,610.5245,2.1558,754.0313,0.417,A
12,hotel/mongodb-geo,7.4,62.84,400.43,0.0,0,80,284.8009,1.2515,1.3303,0.0379,A
12,hotel/mongodb-profile,7.32,63.91,400.43,0.0,0,204,284.8009,1.2515,1.3303,0.0189,A
12,hotel/mongodb-rate,8.23,64.78,400.43,0.0195,2,263,284.8009,1.2515,1.3303,0.0189,A
12,hotel/mongodb-recommendation,7.72,62.93,400.43,0.0,0,61,284.8009,1.2515,1.3303,0.0189,A
12,hotel/mongodb-reservation,10.27,250.56,400.43,0.0742,38,577,284.8009,1.2515,754.0313,0.0379,A
12,hotel/mongodb-user,7.23,62.98,400.43,0.0,0,784,284.8009,1.2515,1.3303,0.0379,A
12,hotel/profile,3173.57,42.7,1119.06,0.0,0,48437,10683.5169,38.5545,754.0313,8.28,A
12,hotel/rate,1496.9,38.01,1119.14,0.0,0,5426,1196.7868,18.1853,754.0313,3.92,A
12,hotel/recommendation,724.54,28.17,1119.06,0.0,0,4364,962.5466,8.8022,754.0313,1.88,A
12,hotel/reservation,3518.84,64.26,1119.06,0.0,0,159377,35153.021,42.749,754.0313,8.87,A
12,hotel/search,3032.72,38.52,1119.06,0.0,0,20516,4525.1158,36.8433,754.0313,7.63,A
12,hotel/user,52.19,19.74,1119.06,0.0,0,3510,774.1839,1.2515,754.0313,0.114,A
12,sa1/customer-feedback,27873.38,10130.5,13293.62,0.0,0,39922,8805.4042,338.6229,754.0313,41.8,A
12,sn1/compose-post-service,1355.47,86.93,251.42,0.0,0,9511,2097.7957,16.4671,754.0313,3.13,A
12,sn1/home-timeline-redis,290.82,2552.48,952.74,0.0,0,1662,366.5794,3.5331,754.0313,0.701,A
12,sn1/home-timeline-service,1635.91,111.64,251.42,0.0,0,8349,1841.4989,19.874,754.0313,4.05,A
12,sn1/jaeger,11.27,4779.46,75.0,0.0,0,1423,313.8643,1.2515,754.0313,0.0568,A
12,sn1/media-frontend,0.0,2027.57,648.43,0.0,0,0,284.8009,1.2515,1.3303,0.0,A
12,sn1/media-memcached,0.14,4.63,75.33,0.0,0,0,284.8009,1.2515,1.3303,0.0,A
12,sn1/media-mongodb,8.34,73.79,703.91,0.0039,2,100,284.8009,1.2515,1.3303,0.0189,A
12,sn1/media-service,73.43,4.8,251.42,0.0,0,658,284.8009,1.2515,754.0313,0.189,A
12,sn1/nginx-thrift,24586.51,41810.39,620.32,17.5586,168,13028,2873.5235,298.692,754.0313,59.7,A
12,sn1/post-storage-memcached,1800.87,70.83,75.33,0.0,0,7243,1597.5538,21.8781,754.0313,4.36,A
12,sn1/post-storage-mongodb,946.17,8189.53,4129.87,0.0,0,1203,284.8009,11.4947,754.0313,2.27,A
12,sn1/post-storage-service,7550.45,93.82,251.42,0.0,0,16013,3531.9107,91.7275,754.0313,18.1,A
12,sn1/social-graph-mongodb,8.85,727.88,756.91,0.0078,4,183,284.8009,1.2515,1.3303,0.0379,A
12,sn1/social-graph-redis,2.23,20.04,103.57,0.0,0,1777,391.9444,1.2515,1.3303,0.0189,A
12,sn1/social-graph-service,0.05,31.3,251.42,0.0,0,0,284.8009,1.2515,1.3303,0.0,A
12,sn1/text-service,1417.22,81.31,251.42,0.0,0,8079,1781.9463,17.2173,754.0313,3.35,A
12,sn1/unique-id-service,73.96,4.64,251.42,0.0,0,650,284.8009,1.2515,754.0313,0.208,A
12,sn1/url-shorten-memcached,0.16,4.63,75.33,0.0,0,0,284.8009,1.2515,1.3303,0.0,A
12,sn1/url-shorten-mongodb,323.15,107.68,702.74,0.0547,4,2188,482.5967,3.9258,754.0313,0.644,A
12,sn1/url-shorten-service,1239.7,73.21,251.42,0.0,0,9773,2155.5838,15.0606,754.0313,2.71,A
12,sn1/user-memcached,153.86,6.34,75.33,0.0,0,4753,1048.3464,1.8692,754.0313,0.417,A
12,sn1/user-mention-service,234.32,6.81,251.42,0.0,0,875,284.8009,2.8467,754.0313,0.587,A
12,sn1/user-mongodb,8.28,96.89,704.67,0.0039,2,74,284.8009,1.2515,1.3303,0.0189,A
12,sn1/user-service,67.96,18.05,251.42,0.0,0,700,284.8009,1.2515,754.0313,0.17,A
12,sn1/user-timeline-mongodb,15.1,106.8,702.94,0.0,0,500,284.8009,1.2515,754.0313,0.0379,A
12,sn1/user-timeline-redis,153.12,95.71,136.86,0.0,0,1317,290.4844,1.8602,754.0313,0.379,A
12,sn1/user-timeline-service,1532.08,519.89,251.42,0.0,0,11990,2644.5768,18.6126,754.0313,3.54,A
13,hotel/consul,14.26,29.1,201.48,0.0,0,6913,1723.5768,1.2515,728.4262,0.0352,A
13,hotel/frontend,9916.14,131.12,1119.14,0.0,0,720413,179616.2469,177.3913,728.4262,22.8,A
13,hotel/geo,1266.29,29.52,1119.06,0.0,0,4134,1030.7054,22.6528,728.4262,3.15,A
13,hotel/jaeger,0.23,14.79,81.01,0.0,0,4045,1008.5156,1.2515,1.3303,0.0,A
13,hotel/memcached-profile,137.99,7.75,79.25,0.0,0,2638,657.7167,2.4685,728.4262,0.352,A
13,hotel/memcached-rate,109.69,7.88,79.25,0.0,0,2513,626.5512,1.9623,728.4262,0.299,A
13,hotel/memcached-reserve,185.29,7.23,79.25,0.0,0,1911,476.4582,3.3147,728.4262,0.457,A
13,hotel/mongodb-geo,7.88,62.84,400.43,0.0273,2,4214,1050.6513,1.2515,1.3303,0.0176,A
13,hotel/mongodb-profile,7.65,63.91,400.43,0.0273,2,226,284.8009,1.2515,1.3303,0.0352,A
13,hotel/mongodb-rate,7.2,64.78,400.43,0.0,0,51,284.8009,1.2515,1.3303,0.0176,A
13,hotel/mongodb-recommendation,7.92,62.93,400.43,0.0273,2,338,284.8009,1.2515,1.3303,0.0176,A
13,hotel/mongodb-reservation,11.15,250.57,400.43,0.1016,38,96,284.8009,1.2515,728.4262,0.0352,A
13,hotel/mongodb-user,7.99,62.98,400.43,0.0469,4,175,284.8009,1.2515,1.3303,0.0176,A
13,hotel/profile,3376.02,47.55,1119.06,0.0,0,48826,12173.4934,60.3941,728.4262,7.28,A
13,hotel/rate,1561.14,40.83,1119.14,0.0,0,6513,1623.8472,27.9275,728.4262,3.9,A
13,hotel/recommendation,811.46,28.34,1119.06,0.0,0,3266,814.2922,14.5163,728.4262,2.02,A
13,hotel/reservation,3406.05,60.16,1119.06,0.0,0,152744,38082.7442,60.9313,728.4262,7.96,A
13,hotel/search,2971.63,37.26,1119.06,0.0,0,20925,5217.1046,53.1599,728.4262,7.42,A
13,hotel/user,50.12,20.41,1119.06,0.0,0,1436,358.0293,1.2515,728.4262,0.105,A
13,sa1/customer-feedback,23818.34,10130.27,13293.62,0.0,0,11816,2946.0123,426.0898,728.4262,81.4,A
13,sn1/compose-post-service,1397.91,86.92,251.42,0.0,0,7405,1846.2442,25.0074,728.4262,2.83,A
13,sn1/home-timeline-redis,296.38,2553.23,952.74,0.0,0,2059,513.3581,5.302,728.4262,0.721,A
13,sn1/home-timeline-service,1621.08,109.78,251.42,0.0,0,7830,1952.2069,28.9997,728.4262,3.71,A
13,sn1/jaeger,56.61,4779.46,75.0,0.0,0,565,284.8009,1.2515,728.4262,0.176,A
13,sn1/media-frontend,0.0,2027.57,648.43,0.0,0,0,284.8009,1.2515,1.3303,0.0,A
13,sn1/media-memcached,0.17,4.63,75.33,0.0,0,0,284.8009,1.2515,1.3303,0.0,A
13,sn1/media-mongodb,9.86,73.79,703.91,0.0039,2,937,284.8009,1.2515,1.3303,0.0176,A
13,sn1/media-service,75.15,4.8,251.42,0.0,0,1064,284.8009,1.3444,728.4262,0.158,A
13,sn1/nginx-thrift,24682.81,41816.36,620.32,17.5352,164,13501,3366.1233,441.5544,728.4262,56.8,A
13,sn1/post-storage-memcached,1803.01,70.6,75.33,0.0,0,7307,1821.8104,32.2543,728.4262,4.17,A
13,sn1/post-storage-mongodb,957.16,8189.89,4129.87,8.8516,134,1330,331.6009,17.1228,728.4262,2.23,A
13,sn1/post-storage-service,7573.99,94.59,251.42,0.0,0,17131,4271.1694,135.4922,728.4262,17.5,A
13,sn1/social-graph-mongodb,10.08,727.87,756.91,0.0,0,222,284.8009,1.2515,728.4262,0.0352,A
13,sn1/social-graph-redis,2.28,20.04,103.57,0.0,0,415,284.8009,1.2515,1.3303,0.0,A
13,sn1/social-graph-service,0.0,31.3,251.42,0.0,0,0,284.8009,1.2515,1.3303,0.0,A
13,sn1/text-service,1494.63,85.86,251.42,0.0,0,8141,2029.7466,26.7377,728.4262,3.09,A
13,sn1/unique-id-service,76.14,4.64,251.42,0.0,0,790,284.8009,1.3621,728.4262,0.176,A
13,sn1/url-shorten-memcached,0.18,4.63,75.33,0.0,0,0,284.8009,1.2515,1.3303,0.0,A
13,sn1/url-shorten-mongodb,349.85,106.57,702.74,0.0,0,2416,602.3668,6.2585,728.4262,0.58,A
13,sn1/url-shorten-service,1321.81,74.79,251.42,0.0,0,7404,1845.9949,23.6461,728.4262,2.58,A
13,sn1/user-memcached,160.07,6.33,75.33,0.0,0,3138,782.3787,2.8635,728.4262,0.352,A
13,sn1/user-mention-service,245.6,6.84,251.42,0.0,0,1223,304.9232,4.3936,728.4262,0.545,A
13,sn1/user-mongodb,9.53,96.88,704.67,0.0,0,259,284.8009,1.2515,1.3303,0.0176,A
13,sn1/user-service,71.89,18.05,251.42,0.0,0,919,284.8009,1.2861,728.4262,0.176,A
13,sn1/user-timeline-mongodb,15.59,106.8,702.94,0.0156,2,2073,516.8486,1.2515,728.4262,0.0527,A
13,sn1/user-timeline-redis,163.11,95.46,136.86,0.0,0,1385,345.3137,2.9179,728.4262,0.369,A
13,sn1/user-timeline-service,1514.75,520.13,251.42,0.0,0,10478,2612.4168,27.0976,728.4262,3.5,A
14,hotel/consul,14.97,29.1,201.48,0.0,0,3301,759.6355,1.2515,706.947,0.0371,A
14,hotel/frontend,9917.27,131.32,1119.14,0.0,0,973457,224014.7054,98.1186,706.947,24.4,A
14,hotel/geo,1219.43,30.8,1119.06,0.0,0,3214,739.6149,12.0647,706.947,3.03,A
14,hotel/jaeger,0.27,14.79,81.01,0.0,0,1119,284.8009,1.2515,1.3303,0.0,A
14,hotel/memcached-profile,135.23,7.73,79.25,0.0,0,1588,365.4351,1.3379,706.947,0.353,A
14,hotel/memcached-rate,103.36,7.6,79.25,0.0,0,1371,315.4984,1.2515,706.947,0.26,A
14,hotel/memcached-reserve,179.12,7.23,79.25,0.0,0,1425,327.9251,1.7722,706.947,0.446,A
14,hotel/mongodb-geo,7.88,62.84,400.43,0.0,0,393,284.8009,1.2515,1.3303,0.0186,A
14,hotel/mongodb-profile,8.59,63.91,400.43,0.0,0,64,284.8009,1.2515,1.3303,0.0371,A
14,hotel/mongodb-rate,9.19,64.78,400.43,0.0195,2,271,284.8009,1.2515,1.3303,0.0186,A
14,hotel/mongodb-recommendation,8.52,62.93,400.43,0.0,0,61,284.8009,1.2515,1.3303,0.0186,A
14,hotel/mongodb-reservation,10.6,250.58,400.43,0.0781,40,1244,286.2728,1.2515,706.947,0.0371,A
14,hotel/mongodb-user,8.02,62.98,400.43,0.0,0,180,284.8009,1.2515,1.3303,0.0371,A
14,hotel/profile,3452.91,44.6,1119.06,0.0,0,110136,25344.8109,34.1621,706.947,8.95,A
14,hotel/rate,1512.76,38.41,1119.14,0.0,0,4072,937.0603,14.9668,706.947,4.12,A
14,hotel/recommendation,771.34,26.29,1119.06,0.0,0,2859,657.9212,7.6314,706.947,2.21,A
14,hotel/reservation,3459.88,73.0,1119.06,0.0,0,185024,42578.2514,34.231,706.947,9.1,A
14,hotel/search,2723.35,37.09,1119.06,0.0,0,13402,3084.1065,26.944,706.947,7.08,A
14,hotel/user,46.8,20.55,1119.06,0.0,0,3587,825.4507,1.2515,706.947,0.111,A
14,sa1/customer-feedback,18762.25,10130.91,13293.62,3.8984,40,5585,1285.2362,185.6283,706.947,42.8,A
14,sn1/compose-post-service,1370.04,83.81,251.42,0.0,0,7012,1613.6215,13.5548,706.947,3.16,A
14,sn1/home-timeline-redis,299.84,2552.91,952.74,0.0,0,1670,384.3052,2.9665,706.947,0.687,A
14,sn1/home-timeline-service,1633.35,112.02,251.42,0.0,0,6551,1507.5348,16.1599,706.947,3.92,A
14,sn1/jaeger,16.82,4779.46,75.0,0.0,0,894,284.8009,1.2515,706.947,0.0929,A
14,sn1/media-frontend,0.0,2027.57,648.43,0.0,0,0,284.8009,1.2515,1.3303,0.0,A
14,sn1/media-memcached,0.18,4.63,75.33,0.0,0,0,284.8009,1.2515,1.3303,0.0,A
14,sn1/media-mongodb,9.81,73.79,703.91,0.0,0,241,284.8009,1.2515,1.3303,0.0557,A
14,sn1/media-service,75.85,4.83,251.42,0.0,0,1104,284.8009,1.2515,706.947,0.186,A
14,sn1/nginx-thrift,24423.58,41830.7,620.32,17.4688,154,10916,2512.0211,241.6398,706.947,59.6,A
14,sn1/post-storage-memcached,1816.11,70.67,75.33,0.0,0,6916,1591.5297,17.9681,706.947,4.4,A
14,sn1/post-storage-mongodb,949.5,8189.12,4129.87,0.0,0,1129,284.8009,9.3941,706.947,2.32,A
14,sn1/post-storage-service,7568.94,93.02,251.42,0.0,0,13845,3186.0509,74.8849,706.947,18.2,A
14,sn1/social-graph-mongodb,12.09,727.87,756.91,0.0039,2,125,284.8009,1.2515,706.947,0.0186,A
14,sn1/social-graph-redis,2.42,20.04,103.57,0.0,0,245,284.8009,1.2515,1.3303,0.0,A
14,sn1/social-graph-service,0.05,31.3,251.42,0.0,0,0,284.8009,1.2515,1.3303,0.0,A
14,sn1/text-service,1459.58,80.62,251.42,0.0,0,7503,1726.6118,14.4407,706.947,3.42,A
14,sn1/unique-id-service,76.25,4.64,251.42,0.0,0,574,284.8009,1.2515,706.947,0.204,A
14,sn1/url-shorten-memcached,0.17,4.63,75.33,0.0,0,0,284.8009,1.2515,1.3303,0.0,A
14,sn1/url-shorten-mongodb,320.59,107.41,702.74,0.0352,2,1526,351.1675,3.1718,706.947,0.687,A
14,sn1/url-shorten-service,1272.6,71.83,251.42,0.0,0,7307,1681.5077,12.5907,706.947,3.03,A
14,sn1/user-memcached,157.24,6.36,75.33,0.0,0,3320,764.0079,1.5557,706.947,0.39,A
14,sn1/user-mention-service,242.89,6.85,251.42,0.0,0,918,284.8009,2.4031,706.947,0.576,A
14,sn1/user-mongodb,10.81,96.89,704.67,0.0039,2,141,284.8009,1.2515,706.947,0.0371,A
14,sn1/user-service,71.92,18.05,251.42,0.0,0,643,284.8009,1.2515,706.947,0.167,A
14,sn1/user-timeline-mongodb,17.27,106.8,702.94,0.0,0,360,284.8009,1.2515,706.947,0.0371,A
14,sn1/user-timeline-redis,171.67,95.5,136.86,0.0,0,844,284.8009,1.6985,706.947,0.409,A
14,sn1/user-timeline-service,1480.99,519.19,251.42,0.0,0,8906,2049.4742,14.6525,706.947,3.51,A
15,hotel/consul,14.06,29.1,201.48,0.0,0,6554,1661.7515,1.2515,713.1525,0.0508,A
15,hotel/frontend,9980.23,107.95,1119.14,0.0,0,766365,194310.0649,92.1893,713.1525,21.8,A
15,hotel/geo,1234.63,27.57,1119.06,0.0,0,4109,1041.8274,11.4045,713.1525,2.86,A
15,hotel/jaeger,0.22,14.79,81.01,0.0,0,0,284.8009,1.2515,1.3303,0.0,A
15,hotel/memcached-profile,144.0,7.97,79.25,0.0,0,1733,439.3981,1.3302,713.1525,0.305,A
15,hotel/memcached-rate,109.8,7.62,79.25,0.0,0,4273,1083.4092,1.2515,713.1525,0.22,A
15,hotel/memcached-reserve,181.33,7.2,79.25,0.0,0,2194,556.2836,1.675,713.1525,0.406,A
15,hotel/mongodb-geo,8.52,62.84,400.43,0.0273,2,1135,287.7766,1.2515,1.3303,0.0169,A
15,hotel/mongodb-profile,8.45,63.91,400.43,0.043,4,2973,753.7972,1.2515,1.3303,0.0169,A
15,hotel/mongodb-rate,7.98,64.78,400.43,0.0,0,155,284.8009,1.2515,1.3303,0.0169,A
15,hotel/mongodb-recommendation,8.77,62.93,400.43,0.0273,2,138,284.8009,1.2515,1.3303,0.0169,A
15,hotel/mongodb-reservation,11.03,250.59,400.43,0.1094,42,4374,1109.0175,1.2515,713.1525,0.0338,A
15,hotel/mongodb-user,8.93,62.98,400.43,0.0469,4,1484,376.2648,1.2515,1.3303,0.0169,A
15,hotel/profile,3508.97,41.23,1119.06,0.0,0,46070,11680.9414,32.413,713.1525,7.16,A
15,hotel/rate,1606.39,39.08,1119.14,0.0,0,4903,1243.1443,14.8385,713.1525,3.45,A
15,hotel/recommendation,821.73,27.66,1119.06,0.0,0,2702,685.0858,7.5905,713.1525,1.84,A
15,hotel/reservation,3470.85,67.53,1119.06,0.0,0,67551,17127.3991,32.0609,713.1525,7.39,A
15,hotel/search,2969.93,36.78,1119.06,0.0,0,16578,4203.3134,27.4338,713.1525,6.36,A
15,hotel/user,54.01,20.3,1119.06,0.0,0,871,284.8009,1.2515,713.1525,0.118,A
15,sa1/customer-feedback,23699.68,10131.94,13293.62,0.0,0,10211,2588.9753,218.9184,713.1525,66.3,A
15,sn1/compose-post-service,1407.0,89.17,251.42,0.0,0,7595,1925.6946,12.9967,713.1525,2.94,A
15,sn1/home-timeline-redis,306.15,2552.71,952.74,0.0,0,1561,395.7879,2.828,713.1525,0.643,A
15,sn1/home-timeline-service,1578.64,108.75,251.42,0.0,0,7561,1917.074,14.5822,713.1525,3.55,A
15,sn1/jaeger,63.86,4779.46,75.0,0.0,0,827,284.8009,1.2515,713.1525,0.203,A
15,sn1/media-frontend,0.0,2027.57,648.43,0.0,0,0,284.8009,1.2515,1.3303,0.0,A
15,sn1/media-memcached,0.19,4.63,75.33,0.0,0,0,284.8009,1.2515,1.3303,0.0,A
15,sn1/media-mongodb,10.34,73.81,703.91,0.0,0,82,284.8009,1.2515,713.1525,0.0338,A
15,sn1/media-service,75.48,4.83,251.42,0.0,0,716,284.8009,1.2515,713.1525,0.169,A
15,sn1/nginx-thrift,24653.65,41832.36,620.32,0.0,0,13638,3457.8832,227.7304,713.1525,54.9,A
15,sn1/post-storage-memcached,1799.77,70.62,75.33,0.0,0,6931,1757.3389,16.6248,713.1525,3.96,A
15,sn1/post-storage-mongodb,958.16,8189.25,4129.87,0.0,0,1263,320.2307,8.8507,713.1525,2.1,A
15,sn1/post-storage-service,7548.55,91.83,251.42,0.0,0,17290,4383.8393,69.7274,713.1525,16.5,A
15,sn1/social-graph-mongodb,10.18,727.89,756.91,0.0,0,1128,286.0018,1.2515,713.1525,0.0338,A
15,sn1/social-graph-redis,2.71,20.04,103.57,0.0,0,157,284.8009,1.2515,1.3303,0.0,A
15,sn1/social-graph-service,0.0,31.3,251.42,0.0,0,0,284.8009,1.2515,1.3303,0.0,A
15,sn1/text-service,1464.54,90.23,251.42,0.0,0,8158,2068.4419,13.5282,713.1525,3.2,A
15,sn1/unique-id-service,76.54,4.64,251.42,0.0,0,759,284.8009,1.2515,713.1525,0.152,A
15,sn1/url-shorten-memcached,0.18,4.63,75.33,0.0,0,0,284.8009,1.2515,1.3303,0.0,A
15,sn1/url-shorten-mongodb,320.78,106.9,702.74,0.0,0,1672,423.9317,2.9631,713.1525,0.829,A
15,sn1/url-shorten-service,1269.25,77.6,251.42,0.0,0,7171,1818.1904,11.7243,713.1525,2.89,A
15,sn1/user-memcached,156.55,6.59,75.33,0.0,0,3104,787.012,1.4461,713.1525,0.338,A
15,sn1/user-mention-service,244.18,6.86,251.42,0.0,0,1204,305.2714,2.2555,713.1525,0.524,A
15,sn1/user-mongodb,9.49,96.91,704.67,0.0,0,85,284.8009,1.2515,1.3303,0.0338,A
15,sn1/user-service,72.06,18.05,251.42,0.0,0,746,284.8009,1.2515,713.1525,0.152,A
15,sn1/user-timeline-mongodb,16.08,106.81,702.94,0.0195,2,589,284.8009,1.2515,713.1525,0.0508,A
15,sn1/user-timeline-redis,171.16,95.76,136.86,0.0,0,1397,354.2061,1.581,713.1525,0.389,A
15,sn1/user-timeline-service,1504.1,520.3,251.42,0.0,0,10289,2608.752,13.8937,713.1525,3.18,A
16,hotel/consul,14.4,29.1,201.48,0.0,0,5170,1090.177,1.2515,737.0078,0.0358,A
16,hotel/frontend,9885.96,120.17,1119.14,0.0,0,720759,151983.5395,292.9127,737.0078,23.2,A
16,hotel/geo,1244.72,28.77,1119.06,0.0,0,3257,686.7904,36.88,737.0078,3.01,A
16,hotel/jaeger,0.26,14.79,81.01,0.0,0,0,284.8009,1.2515,1.3303,0.0,A
16,hotel/memcached-profile,142.65,8.82,79.25,0.0,0,1707,359.9482,4.2266,737.0078,0.376,A
16,hotel/memcached-rate,117.52,7.63,79.25,0.0,0,2011,424.0514,3.482,737.0078,0.269,A
16,hotel/memcached-reserve,177.22,7.23,79.25,0.0,0,1552,327.264,5.2509,737.0078,0.412,A
16,hotel/mongodb-geo,6.99,62.84,400.43,0.0,0,359,284.8009,1.2515,1.3303,0.0179,A
16,hotel/mongodb-profile,7.04,63.91,400.43,0.0,0,53,284.8009,1.2515,1.3303,0.0179,A
16,hotel/mongodb-rate,8.5,64.79,400.43,0.0977,14,406,284.8009,1.2515,1.3303,0.0179,A
16,hotel/mongodb-recommendation,7.17,62.93,400.43,0.0,0,115,284.8009,1.2515,1.3303,0.0179,A
16,hotel/mongodb-reservation,11.19,250.6,400.43,0.0859,44,235,284.8009,1.2515,737.0078,0.0358,A
16,hotel/mongodb-user,6.9,62.98,400.43,0.0,0,515,284.8009,1.2515,1.3303,0.0179,A
16,hotel/profile,3374.15,46.44,1119.06,0.0,0,57454,12115.0929,99.9732,737.0078,8.18,A
16,hotel/rate,1510.39,36.46,1119.14,0.0,0,4570,963.6574,44.7516,737.0078,3.49,A
16,hotel/recommendation,824.82,27.77,1119.06,0.0,0,3047,642.5086,24.4387,737.0078,2.15,A
16,hotel/reservation,3684.04,67.64,1119.06,0.0,0,170175,35884.115,109.155,737.0078,7.99,A
16,hotel/search,2959.19,42.58,1119.06,0.0,0,29184,6153.9122,87.6783,737.0078,6.62,A
16,hotel/user,50.87,20.28,1119.06,0.0,0,952,284.8009,1.5072,737.0078,0.125,A
16,sa1/customer-feedback,21141.51,10130.79,13293.62,0.0,0,7756,1635.4764,626.4052,737.0078,56.8,A
16,sn1/compose-post-service,1359.07,84.82,251.42,0.0,0,7989,1684.6082,40.2681,737.0078,3.1,A
16,sn1/home-timeline-redis,312.16,2552.27,952.74,0.0,0,1602,337.8073,9.249,737.0078,0.716,A
16,sn1/home-timeline-service,1560.66,108.71,251.42,0.0,0,6814,1436.8407,46.241,737.0078,3.65,A
16,sn1/jaeger,13.13,4779.46,75.0,0.0,0,552,284.8009,1.2515,737.0078,0.0537,A
16,sn1/media-frontend,0.0,2027.57,648.43,0.0,0,0,284.8009,1.2515,1.3303,0.0,A
16,sn1/media-memcached,0.21,4.63,75.33,0.0,0,0,284.8009,1.2515,1.3303,0.0,A
16,sn1/media-mongodb,8.85,73.81,703.91,0.0,0,75,284.8009,1.2515,1.3303,0.0358,A
16,sn1/media-service,74.6,4.83,251.42,0.0,0,655,284.8009,2.2103,737.0078,0.179,A
16,sn1/nginx-thrift,24300.52,41851.17,620.32,35.1328,312,12670,2671.6717,720.0041,737.0078,57.4,A
16,sn1/post-storage-memcached,1783.51,70.51,75.33,0.0,0,7164,1510.6437,52.8439,737.0078,4.21,A
16,sn1/post-storage-mongodb,924.04,8188.42,4129.87,0.0,0,1233,284.8009,27.3785,737.0078,2.18,A
16,sn1/post-storage-service,7441.41,92.65,251.42,0.0,0,14620,3082.8604,220.4827,737.0078,17.4,A
16,sn1/social-graph-mongodb,8.93,727.89,756.91,0.0,0,576,284.8009,1.2515,1.3303,0.0179,A
16,sn1/social-graph-redis,2.57,20.04,103.57,0.0,0,211,284.8009,1.2515,1.3303,0.0179,A
16,sn1/social-graph-service,0.05,31.3,251.42,0.0,0,0,284.8009,1.2515,1.3303,0.0,A
16,sn1/text-service,1432.92,84.27,251.42,0.0,0,7020,1480.279,42.4562,737.0078,3.38,A
16,sn1/unique-id-service,76.15,4.74,251.42,0.0,0,630,284.8009,2.2563,737.0078,0.161,A
16,sn1/url-shorten-memcached,0.13,4.63,75.33,0.0,0,3113,656.4257,1.2515,1.3303,0.0,A
16,sn1/url-shorten-mongodb,310.76,107.7,702.74,0.0742,8,1631,343.9224,9.2076,737.0078,0.824,A
16,sn1/url-shorten-service,1214.05,73.71,251.42,0.0,0,6032,1271.9435,35.9713,737.0078,3.1,A
16,sn1/user-memcached,154.04,6.59,75.33,0.0,0,2818,594.2203,4.5641,737.0078,0.34,A
16,sn1/user-mention-service,239.57,6.86,251.42,0.0,0,1028,284.8009,7.0983,737.0078,0.573,A
16,sn1/user-mongodb,8.23,96.91,704.67,0.0,0,119,284.8009,1.2515,1.3303,0.0358,A
16,sn1/user-service,70.23,18.05,251.42,0.0,0,608,284.8009,2.0809,737.0078,0.179,A
16,sn1/user-timeline-mongodb,15.71,106.81,702.94,0.0,0,191,284.8009,1.2515,737.0078,0.0358,A
16,sn1/user-timeline-redis,166.29,96.48,136.86,0.0,0,846,284.8009,4.927,737.0078,0.394,A
16,sn1/user-timeline-service,1453.8,519.81,251.42,0.0,0,9882,2083.7774,43.0749,737.0078,3.26,A
17,hotel/consul,15.61,27.77,201.48,0.0,0,4103,1013.9783,1.2515,732.7348,0.041,A
17,hotel/frontend,9918.41,124.05,1119.14,0.0,0,827519,204505.566,108.8554,732.7348,24.6,A
17,hotel/geo,1147.92,32.27,1119.06,0.0,0,3834,947.5001,12.5985,732.7348,2.54,A
17,hotel/jaeger,0.21,14.79,81.01,0.0,0,0,284.8009,1.2515,1.3303,0.0,A
17,hotel/memcached-profile,132.0,8.0,79.25,0.0,0,2534,626.2299,1.4487,732.7348,0.315,A
17,hotel/memcached-rate,108.26,7.59,79.25,0.0,0,4115,1016.9439,1.2515,732.7348,0.26,A
17,hotel/memcached-reserve,166.2,7.48,79.25,0.0,0,1517,374.8977,1.8241,732.7348,0.424,A
17,hotel/mongodb-geo,8.98,62.84,400.43,0.0273,2,402,284.8009,1.2515,1.3303,0.041,A
17,hotel/mongodb-profile,8.8,63.91,400.43,0.0273,2,286,284.8009,1.2515,1.3303,0.0274,A
17,hotel/mongodb-rate,7.94,64.79,400.43,0.0,0,185,284.8009,1.2515,1.3303,0.0274,A
17,hotel/mongodb-recommendation,8.79,62.93,400.43,0.0312,4,75,284.8009,1.2515,1.3303,0.0137,A
17,hotel/mongodb-reservation,12.82,250.61,400.43,0.1562,54,601,284.8009,1.2515,732.7348,0.041,A
17,hotel/mongodb-user,9.03,62.98,400.43,0.0273,2,209,284.8009,1.2515,1.3303,0.0274,A
17,hotel/profile,3115.08,40.86,1119.06,0.0,0,23593,5830.5608,34.1883,732.7348,7.28,A
17,hotel/rate,1482.71,37.86,1119.14,0.0,0,5875,1451.8944,16.2729,732.7348,3.75,A
17,hotel/recommendation,738.07,29.6,1119.06,0.0,0,3064,757.2093,8.1004,732.7348,1.96,A
17,hotel/reservation,3290.76,64.62,1119.06,0.0,0,188010,46463.092,36.1164,732.7348,7.96,A
17,hotel/search,2650.48,36.17,1119.06,0.0,0,10072,2489.103,29.0893,732.7348,6.59,A
17,hotel/user,42.2,20.48,1119.06,0.0,0,1840,454.721,1.2515,732.7348,0.0821,A
17,sa1/customer-feedback,19780.18,10134.26,13293.62,0.0,0,7857,1941.708,217.0892,732.7348,54.7,A
17,sn1/compose-post-service,1340.53,84.2,251.42,0.0,0,6864,1696.3069,14.7124,732.7348,3.06,A
17,sn1/home-timeline-redis,321.74,2554.04,952.74,0.0,0,1649,407.519,3.5311,732.7348,0.793,A
17,sn1/home-timeline-service,1556.52,107.34,251.42,0.0,0,6200,1532.212,17.0829,732.7348,3.83,A
17,sn1/jaeger,58.24,4779.46,75.0,0.0,0,619,284.8009,1.2515,732.7348,0.369,A
17,sn1/media-frontend,0.0,2027.57,648.43,0.0,0,0,284.8009,1.2515,1.3303,0.0,A
17,sn1/media-memcached,0.16,4.63,75.33,0.0,0,0,284.8009,1.2515,1.3303,0.0,A
17,sn1/media-mongodb,9.72,73.81,703.91,0.0195,2,173,284.8009,1.2515,1.3303,0.0274,A
17,sn1/media-service,73.77,4.83,251.42,0.0,0,579,284.8009,1.2515,732.7348,0.178,A
17,sn1/nginx-thrift,24238.88,41851.97,620.32,0.0,0,10588,2616.6226,266.0238,732.7348,60.6,A
17,sn1/post-storage-memcached,1779.12,71.01,75.33,0.0,0,6230,1539.6259,19.526,732.7348,4.45,A
17,sn1/post-storage-mongodb,924.53,8188.72,4129.87,0.0234,2,1282,316.8219,10.1468,732.7348,2.34,A
17,sn1/post-storage-service,7445.8,94.1,251.42,0.0,0,14942,3692.6308,81.7183,732.7348,18.5,A
17,sn1/social-graph-mongodb,9.99,727.89,756.91,0.0195,2,107,284.8009,1.2515,1.3303,0.0137,A
17,sn1/social-graph-redis,2.3,20.04,103.57,0.0,0,319,284.8009,1.2515,1.3303,0.0137,A
17,sn1/social-graph-service,0.0,31.3,251.42,0.0,0,0,284.8009,1.2515,1.3303,0.0,A
17,sn1/text-service,1417.1,80.38,251.42,0.0,0,6608,1633.0414,15.5528,732.7348,3.31,A
17,sn1/unique-id-service,76.56,4.74,251.42,0.0,0,560,284.8009,1.2515,732.7348,0.178,A
17,sn1/url-shorten-memcached,0.13,4.63,75.33,0.0,0,0,284.8009,1.2515,1.3303,0.0,A
17,sn1/url-shorten-mongodb,313.9,107.5,702.74,0.0,0,1835,453.4853,3.4451,732.7348,0.752,A
17,sn1/url-shorten-service,1227.53,73.82,251.42,0.0,0,6382,1577.1898,13.4722,732.7348,2.82,A
17,sn1/user-memcached,148.93,6.61,75.33,0.0,0,3390,837.774,1.6345,732.7348,0.356,A
17,sn1/user-mention-service,234.19,6.86,251.42,0.0,0,1038,284.8009,2.5703,732.7348,0.547,A
17,sn1/user-mongodb,9.7,96.91,704.67,0.0195,2,5172,1278.1613,1.2515,1.3303,0.0274,A
17,sn1/user-service,69.8,18.05,251.42,0.0,0,906,284.8009,1.2515,732.7348,0.178,A
17,sn1/user-timeline-mongodb,16.53,106.81,702.94,0.0234,4,721,284.8009,1.2515,732.7348,0.041,A
17,sn1/user-timeline-redis,166.43,96.71,136.86,0.0,0,1130,284.8009,1.8266,732.7348,0.424,A
17,sn1/user-timeline-service,1459.46,518.17,251.42,0.0,0,8544,2111.4869,16.0177,732.7348,3.53,A
18,hotel/consul,14.25,27.77,201.48,0.0,0,2218,485.5973,1.2515,747.2316,0.0346,A
18,hotel/frontend,9990.87,111.4,1119.14,0.0,0,653040,142973.1687,113.4408,747.2316,22.4,A
18,hotel/geo,1243.55,27.64,1119.06,0.0,0,3882,849.9048,14.1198,747.2316,2.87,A
18,hotel/jaeger,0.2,14.79,81.01,0.0,0,0,284.8009,1.2515,1.3303,0.0,A
18,hotel/memcached-profile,148.95,7.72,79.25,0.0,0,2589,566.8221,1.6912,747.2316,0.329,A
18,hotel/memcached-rate,118.62,7.63,79.25,0.0,0,2583,565.5085,1.3469,747.2316,0.277,A
18,hotel/memcached-reserve,183.37,7.75,79.25,0.0,0,2410,527.6328,2.0821,747.2316,0.398,A
18,hotel/mongodb-geo,7.76,62.84,400.43,0.0508,12,342,284.8009,1.2515,1.3303,0.0173,A
18,hotel/mongodb-profile,7.93,63.91,400.43,0.0469,10,314,284.8009,1.2515,1.3303,0.0173,A
18,hotel/mongodb-rate,8.04,64.79,400.43,0.0234,2,927,284.8009,1.2515,1.3303,0.0173,A
18,hotel/mongodb-recommendation,7.89,62.94,400.43,0.0508,12,315,284.8009,1.2515,1.3303,0.0173,A
18,hotel/mongodb-reservation,12.18,250.66,400.43,0.543,98,282,284.8009,1.2515,747.2316,0.0346,A
18,hotel/mongodb-user,8.21,62.98,400.43,0.0742,12,383,284.8009,1.2515,1.3303,0.0173,A
18,hotel/profile,3467.16,44.55,1119.06,0.0,0,83334,18244.711,39.3677,747.2316,7.58,A
18,hotel/rate,1571.3,38.6,1119.14,0.0,0,5996,1312.7329,17.8412,747.2316,3.49,A
18,hotel/recommendation,819.33,27.4,1119.06,0.0,0,4465,977.5438,9.303,747.2316,1.78,A
18,hotel/reservation,3712.38,60.56,1119.06,0.0,0,190256,41653.6555,42.152,747.2316,8.79,A
18,hotel/search,3128.18,41.82,1119.06,0.0,0,17368,3802.4593,35.5188,747.2316,6.82,A
18,hotel/user,55.57,20.93,1119.06,0.0,0,1198,284.8009,1.2515,747.2316,0.156,A
18,sa1/customer-feedback,24630.08,10134.09,13293.62,0.0,0,14978,3279.2051,279.6609,747.2316,48.1,A
18,sn1/compose-post-service,1328.21,83.12,251.42,0.0,0,7553,1653.6144,15.0811,747.2316,2.94,A
18,sn1/home-timeline-redis,336.43,2553.3,952.74,0.0,0,2033,445.0944,3.82,747.2316,0.9,A
18,sn1/home-timeline-service,1557.84,108.54,251.42,0.0,0,7504,1642.8866,17.6884,747.2316,3.6,A
18,sn1/jaeger,15.49,4779.46,75.0,0.0,0,1421,311.1063,1.2515,747.2316,0.0865,A
18,sn1/media-frontend,0.0,2027.57,648.43,0.0,0,0,284.8009,1.2515,1.3303,0.0,A
18,sn1/media-memcached,0.2,4.63,75.33,0.0,0,0,284.8009,1.2515,1.3303,0.0,A
18,sn1/media-mongodb,8.37,73.81,703.91,0.0,0,205,284.8009,1.2515,1.3303,0.0173,A
18,sn1/media-service,72.79,4.83,251.42,0.0,0,862,284.8009,1.2515,747.2316,0.156,A
18,sn1/nginx-thrift,24321.28,41871.64,620.32,34.9102,304,11979,2622.6197,276.1547,747.2316,55.5,A
18,sn1/post-storage-memcached,1789.54,70.9,75.33,0.0,0,6963,1524.4429,20.3192,747.2316,4.15,A
18,sn1/post-storage-mongodb,945.47,8188.95,4129.87,0.0117,6,1431,313.2957,10.7353,747.2316,2.18,A
18,sn1/post-storage-service,7581.99,94.85,251.42,0.0,0,15076,3300.6607,86.0893,747.2316,17.3,A
18,sn1/social-graph-mongodb,8.73,727.89,756.91,0.0,0,1229,284.8009,1.2515,1.3303,0.0173,A
18,sn1/social-graph-redis,2.32,20.04,103.57,0.0,0,868,284.8009,1.2515,1.3303,0.0,A
18,sn1/social-graph-service,0.09,31.3,251.42,0.0,0,0,284.8009,1.2515,1.3303,0.0,A
18,sn1/text-service,1406.91,80.27,251.42,0.0,0,6995,1531.4488,15.9747,747.2316,3.08,A
18,sn1/unique-id-service,76.39,4.74,251.42,0.0,0,709,284.8009,1.2515,747.2316,0.173,A
18,sn1/url-shorten-memcached,0.13,4.63,75.33,0.0,0,0,284.8009,1.2515,1.3303,0.0,A
18,sn1/url-shorten-mongodb,307.41,107.66,702.74,0.0391,2,2067,452.5382,3.4905,747.2316,0.623,A
18,sn1/url-shorten-service,1204.53,73.83,251.42,0.0,0,9013,1973.2592,13.6768,747.2316,2.53,A
18,sn1/user-memcached,152.26,6.36,75.33,0.0,0,3195,699.4966,1.7288,747.2316,0.346,A
18,sn1/user-mention-service,234.21,6.86,251.42,0.0,0,1055,284.8009,2.6593,747.2316,0.519,A
18,sn1/user-mongodb,8.39,96.91,704.67,0.0,0,106,284.8009,1.2515,1.3303,0.0173,A
18,sn1/user-service,70.1,18.05,251.42,0.0,0,606,284.8009,1.2515,747.2316,0.156,A
18,sn1/user-timeline-mongodb,15.0,106.81,702.94,0.0,0,369,284.8009,1.2515,747.2316,0.0519,A
18,sn1/user-timeline-redis,159.67,95.71,136.86,0.0,0,1096,284.8009,1.813,747.2316,0.398,A
18,sn1/user-timeline-service,1496.72,520.36,251.42,0.0,0,9180,2009.8213,16.9944,747.2316,3.36,A
19,hotel/consul,15.4,27.77,201.48,0.0,0,1980,459.8502,1.2515,739.3375,0.04,A
19,hotel/frontend,9977.1,125.69,1119.14,0.0,0,794500,184520.7033,190.8049,739.3375,26.7,A
19,hotel/geo,1084.48,27.22,1119.06,0.0,0,3356,779.4229,20.7399,739.3375,2.98,A
19,hotel/jaeger,0.23,14.79,81.01,0.0,0,0,284.8009,1.2515,1.3303,0.0,A
19,hotel/memcached-profile,139.36,8.0,79.25,0.0,0,1566,363.6997,2.6652,739.3375,0.36,A
19,hotel/memcached-rate,104.18,7.61,79.25,0.0,0,6220,1444.58,1.9924,739.3375,0.28,A
19,hotel/memcached-reserve,167.44,7.28,79.25,0.0,0,1489,345.8166,3.2022,739.3375,0.46,A
19,hotel/mongodb-geo,8.07,62.84,400.43,0.0273,2,566,284.8009,1.2515,1.3303,0.02,A
19,hotel/mongodb-profile,8.29,63.91,400.43,0.0273,2,198,284.8009,1.2515,1.3303,0.02,A
19,hotel/mongodb-rate,7.51,64.79,400.43,0.0,0,394,284.8009,1.2515,1.3303,0.04,A
19,hotel/mongodb-recommendation,8.26,62.94,400.43,0.0273,2,101,284.8009,1.2515,1.3303,0.02,A
19,hotel/mongodb-reservation,11.86,250.68,400.43,0.1055,40,1223,284.8009,1.2515,739.3375,0.04,A
19,hotel/mongodb-user,8.32,62.98,400.43,0.0273,2,360,284.8009,1.2515,1.3303,0.04,A
19,hotel/profile,3139.87,43.91,1119.06,0.0,0,44067,10234.4542,60.0478,739.3375,8.13,A
19,hotel/rate,1445.89,39.0,1119.14,0.0,0,5321,1235.7894,27.6516,739.3375,4.08,A
19,hotel/recommendation,750.29,28.24,1119.06,0.0,0,2766,642.3968,14.3488,739.3375,1.74,A
19,hotel/reservation,3360.55,67.63,1119.06,0.0,0,109111,25340.7658,64.2681,739.3375,9.07,A
19,hotel/search,2674.78,33.27,1119.06,0.0,0,14540,3376.8798,51.1533,739.3375,6.63,A
19,hotel/user,51.62,20.54,1119.06,0.0,0,1982,460.3147,1.2515,739.3375,0.12,A
19,sa1/customer-feedback,22397.04,10133.58,13293.62,0.0,0,9147,2124.3686,428.3274,739.3375,46.1,A
19,sn1/compose-post-service,1384.64,86.82,251.42,0.0,0,7729,1795.0416,26.4803,739.3375,3.62,A
19,sn1/home-timeline-redis,312.12,2554.25,952.74,0.0,0,1481,343.9587,5.9691,739.3375,0.819,A
19,sn1/home-timeline-service,1564.46,111.52,251.42,0.0,0,6880,1597.8634,29.9192,739.3375,4.16,A
19,sn1/jaeger,54.56,4779.46,75.0,0.0,0,1173,284.8009,1.2515,739.3375,0.18,A
19,sn1/media-frontend,0.0,2027.57,648.43,0.0,0,0,284.8009,1.2515,1.3303,0.0,A
19,sn1/media-memcached,0.18,4.63,75.33,0.0,0,0,284.8009,1.2515,1.3303,0.0,A
19,sn1/media-mongodb,9.39,73.81,703.91,0.0664,10,115,284.8009,1.2515,1.3303,0.04,A
19,sn1/media-service,74.87,4.83,251.42,0.0,0,795,284.8009,1.4318,739.3375,0.2,A
19,sn1/nginx-thrift,24473.13,41873.55,620.32,0.0,0,12417,2883.8182,468.0311,739.3375,65.1,A
19,sn1/post-storage-memcached,1808.96,70.82,75.33,0.0,0,6479,1504.7321,34.5951,739.3375,4.81,A
19,sn1/post-storage-mongodb,965.47,8189.03,4129.87,0.0898,8,1386,321.8951,18.4639,739.3375,2.54,A
19,sn1/post-storage-service,7633.15,96.09,251.42,0.0,0,16215,3765.8945,145.9785,739.3375,20.1,A
19,sn1/social-graph-mongodb,9.84,727.91,756.91,0.0703,8,124,284.8009,1.2515,1.3303,0.02,A
19,sn1/social-graph-redis,2.19,20.04,103.57,0.0,0,370,284.8009,1.2515,1.3303,0.02,A
19,sn1/social-graph-service,0.0,31.3,251.42,0.0,0,0,284.8009,1.2515,1.3303,0.0,A
19,sn1/text-service,1459.18,84.04,251.42,0.0,0,7630,1772.049,27.9058,739.3375,3.86,A
19,sn1/unique-id-service,77.65,4.74,251.42,0.0,0,595,284.8009,1.485,739.3375,0.22,A
19,sn1/url-shorten-memcached,0.14,4.63,75.33,0.0,0,0,284.8009,1.2515,1.3303,0.02,A
19,sn1/url-shorten-mongodb,346.75,107.71,702.74,0.0,0,1966,456.5987,6.6313,739.3375,1.06,A
19,sn1/url-shorten-service,1307.92,76.41,251.42,0.0,0,7515,1745.3406,25.013,739.3375,3.78,A
19,sn1/user-memcached,151.22,6.34,75.33,0.0,0,2227,517.2154,2.892,739.3375,0.38,A
19,sn1/user-mention-service,239.41,6.84,251.42,0.0,0,988,284.8009,4.5785,739.3375,0.619,A
19,sn1/user-mongodb,9.15,96.91,704.67,0.0664,10,958,284.8009,1.2515,1.3303,0.04,A
19,sn1/user-service,70.85,18.05,251.42,0.0,0,1095,284.8009,1.355,739.3375,0.2,A
19,sn1/user-timeline-mongodb,15.65,106.81,702.94,0.0195,2,461,284.8009,1.2515,739.3375,0.0599,A
19,sn1/user-timeline-redis,154.66,96.72,136.86,0.0,0,1907,442.8961,2.9578,739.3375,0.42,A
19,sn1/user-timeline-service,1525.45,519.4,251.42,0.0,0,8682,2016.3735,29.1731,739.3375,3.9,A
20,hotel/consul,14.34,27.77,201.48,0.0,0,4222,1079.046,1.2515,735.653,0.043,A
20,hotel/frontend,9953.21,117.6,1119.14,0.0,0,770324,196877.0803,123.8697,735.653,28.6,A
20,hotel/geo,1201.63,26.52,1119.06,0.0,0,2860,730.9502,14.9545,735.653,3.51,A
20,hotel/jaeger,0.2,14.79,81.01,0.0,0,0,284.8009,1.2515,1.3303,0.0,A
20,hotel/memcached-profile,144.83,7.98,79.25,0.0,0,1882,480.9959,1.8024,735.653,0.409,A
20,hotel/memcached-rate,110.4,7.61,79.25,0.0,0,1349,344.7733,1.3739,735.653,0.323,A
20,hotel/memcached-reserve,174.13,8.48,79.25,0.0,0,1676,428.347,2.1671,735.653,0.495,A
20,hotel/mongodb-geo,7.61,62.84,400.43,0.0,0,54,284.8009,1.2515,1.3303,0.043,A
20,hotel/mongodb-profile,7.63,63.91,400.43,0.0,0,322,284.8009,1.2515,1.3303,0.0215,A
20,hotel/mongodb-rate,8.61,64.79,400.43,0.0234,2,1041,284.8009,1.2515,1.3303,0.043,A
20,hotel/mongodb-recommendation,7.91,62.87,400.43,0.0,0,106,284.8009,1.2515,1.3303,0.043,A
20,hotel/mongodb-reservation,11.27,250.69,400.43,0.0781,40,129,284.8009,1.2515,735.653,0.0215,A
20,hotel/mongodb-user,7.96,62.98,400.43,0.0,0,554,284.8009,1.2515,1.3303,0.0215,A
20,hotel/profile,3454.27,50.75,1119.06,0.0,0,54760,13995.3953,42.9891,735.653,10.3,A
20,hotel/rate,1519.27,41.04,1119.14,0.0,0,4026,1028.9529,18.9076,735.653,3.81,A
20,hotel/recommendation,818.96,27.97,1119.06,0.0,0,2686,686.4798,10.1921,735.653,2.43,A
20,hotel/reservation,3502.4,64.43,1119.06,0.0,0,139127,35557.6583,43.5881,735.653,9.74,A
20,hotel/search,2834.6,32.99,1119.06,0.0,0,6874,1756.8361,35.2772,735.653,8.45,A
20,hotel/user,53.12,20.62,1119.06,0.0,0,1339,342.2176,1.2515,735.653,0.151,A
20,sa1/customer-feedback,14127.22,10132.43,13293.62,3.9609,42,4576,1169.5203,175.8161,735.653,31.2,A
20,sn1/compose-post-service,1394.54,80.68,251.42,0.0,0,6149,1571.5428,17.3553,735.653,3.89,A
20,sn1/home-timeline-redis,319.78,2554.35,952.74,0.0,0,1437,367.2641,3.9797,735.653,0.946,A
20,sn1/home-timeline-service,1567.92,107.36,251.42,0.0,0,5716,1460.878,19.5131,735.653,4.49,A
20,sn1/jaeger,14.69,4779.46,75.0,0.0,0,273,284.8009,1.2515,735.653,0.086,A
20,sn1/media-frontend,0.0,2027.57,648.43,0.0,0,0,284.8009,1.2515,1.3303,0.0,A
20,sn1/media-memcached,0.16,4.63,75.33,0.0,0,0,284.8009,1.2515,1.3303,0.0,A
20,sn1/media-mongodb,8.41,73.81,703.91,0.1875,30,66,284.8009,1.2515,1.3303,0.043,A
20,sn1/media-service,76.5,4.83,251.42,0.0,0,661,284.8009,1.2515,735.653,0.215,A
20,sn1/nginx-thrift,24136.15,41889.23,620.32,35.3008,314,9387,2399.1011,300.3792,735.653,67.9,A
20,sn1/post-storage-memcached,1783.49,70.79,75.33,0.0,0,5717,1461.1336,22.1959,735.653,5.1,A
20,sn1/post-storage-mongodb,930.44,8188.77,4129.87,0.0,0,1039,284.8009,11.5795,735.653,2.69,A
20,sn1/post-storage-service,7525.31,96.37,251.42,0.0,0,12622,3225.8926,93.654,735.653,21.5,A
20,sn1/social-graph-mongodb,8.7,727.91,756.91,1.5352,56,1290,329.6943,1.2515,1.3303,0.0215,A
20,sn1/social-graph-redis,2.27,20.04,103.57,0.0,0,853,284.8009,1.2515,1.3303,0.0,A
20,sn1/social-graph-service,0.07,31.3,251.42,0.0,0,0,284.8009,1.2515,1.3303,0.0,A
20,sn1/text-service,1484.26,76.02,251.42,0.0,0,5926,1514.5492,18.4719,735.653,4.22,A
20,sn1/unique-id-service,78.6,4.74,251.42,0.0,0,557,284.8009,1.2515,735.653,0.237,A
20,sn1/url-shorten-memcached,0.12,4.63,75.33,0.0,0,0,284.8009,1.2515,1.3303,0.0,A
20,sn1/url-shorten-mongodb,350.83,107.25,702.74,0.0391,2,1494,381.832,4.3661,735.653,1.25,A
20,sn1/url-shorten-service,1343.47,72.4,251.42,0.0,0,6399,1635.4371,16.7198,735.653,4.34,A
20,sn1/user-memcached,156.03,6.61,75.33,0.0,0,3272,836.2479,1.9418,735.653,0.452,A
20,sn1/user-mention-service,243.73,7.1,251.42,0.0,0,863,284.8009,3.0333,735.653,0.688,A
20,sn1/user-mongodb,8.51,96.91,704.67,0.4141,30,69,284.8009,1.2515,1.3303,0.043,A
20,sn1/user-service,72.71,18.05,251.42,0.0,0,808,284.8009,1.2515,735.653,0.194,A
20,sn1/user-timeline-mongodb,15.48,106.81,702.94,0.0,0,235,284.8009,1.2515,735.653,0.0645,A
20,sn1/user-timeline-redis,154.17,95.7,136.86,0.0,0,711,284.8009,1.9187,735.653,0.452,A
20,sn1/user-timeline-service,1495.86,520.79,251.42,0.0,0,7161,1830.1867,18.6163,735.653,4.17,A
21,hotel/consul,14.89,27.77,201.48,0.0,0,3669,804.8599,1.2515,730.1565,0.0334,A
21,hotel/frontend,9890.99,114.39,1119.14,0.0,0,576586,126484.3155,109.6962,730.1565,21.7,A
21,hotel/geo,1295.86,29.35,1119.06,0.0,0,4972,1090.696,14.3718,730.1565,3.66,A
21,hotel/jaeger,0.17,14.79,81.01,0.0,0,0,284.8009,1.2515,1.3303,0.0,A
21,hotel/memcached-profile,144.97,7.8,79.25,0.0,0,2221,487.2155,1.6078,730.1565,0.351,A
21,hotel/memcached-rate,111.66,7.57,79.25,0.0,0,3538,776.1227,1.2515,730.1565,0.267,A
21,hotel/memcached-reserve,189.1,7.18,79.25,0.0,0,1823,399.9072,2.0972,730.1565,0.451,A
21,hotel/mongodb-geo,8.66,62.84,400.43,0.0312,2,187,284.8009,1.2515,1.3303,0.0167,A
21,hotel/mongodb-profile,8.22,63.91,400.43,0.0312,2,168,284.8009,1.2515,1.3303,0.0167,A
21,hotel/mongodb-rate,7.92,64.79,400.43,0.0,0,694,284.8009,1.2515,1.3303,0.0334,A
21,hotel/mongodb-recommendation,8.5,62.93,400.43,0.0312,2,3619,793.8915,1.2515,1.3303,0.0334,A
21,hotel/mongodb-reservation,11.83,250.7,400.43,0.1328,42,213,284.8009,1.2515,730.1565,0.0334,A
21,hotel/mongodb-user,8.49,62.99,400.43,0.0312,2,96,284.8009,1.2515,1.3303,0.0,A
21,hotel/profile,3416.47,48.93,1119.06,0.0,0,85218,18694.0723,37.8904,730.1565,7.82,A
21,hotel/rate,1654.47,38.09,1119.14,0.0,0,6502,1426.3285,18.3489,730.1565,3.49,A
21,hotel/recommendation,818.68,27.46,1119.06,0.0,0,3257,714.4804,9.0796,730.1565,2.02,A
21,hotel/reservation,3707.61,65.54,1119.06,0.0,0,165076,36212.3341,41.1193,730.1565,8.74,A
21,hotel/search,3032.15,36.87,1119.06,0.0,0,23599,5176.8572,33.6281,730.1565,6.8,A
21,hotel/user,49.72,20.94,1119.06,0.0,0,1727,378.8479,1.2515,730.1565,0.117,A
21,sa1/customer-feedback,25186.37,10130.79,13293.62,0.0,0,20412,4477.7325,279.3299,730.1565,69.1,A
21,sn1/compose-post-service,1411.17,84.09,251.42,0.0,0,8550,1875.5934,15.6506,730.1565,3.01,A
21,sn1/home-timeline-redis,325.37,2553.08,952.74,0.0,0,1609,352.9625,3.6085,730.1565,0.685,A
21,sn1/home-timeline-service,1575.0,108.07,251.42,0.0,0,7713,1691.9827,17.4676,730.1565,3.41,A
21,sn1/jaeger,54.47,4779.46,75.0,0.0,0,418,284.8009,1.2515,730.1565,0.201,A
21,sn1/media-frontend,0.0,2027.57,648.43,0.0,0,0,284.8009,1.2515,1.3303,0.0,A
21,sn1/media-memcached,0.15,4.63,75.33,0.0,0,0,284.8009,1.2515,1.3303,0.0,A
21,sn1/media-mongodb,10.06,73.81,703.91,0.0195,2,73,284.8009,1.2515,730.1565,0.0167,A
21,sn1/media-service,77.16,4.83,251.42,0.0,0,598,284.8009,1.2515,730.1565,0.167,A
21,sn1/nginx-thrift,24727.56,41897.39,620.32,17.5391,160,14028,3077.2894,274.2415,730.1565,53.6,A
21,sn1/post-storage-memcached,1804.12,70.59,75.33,0.0,0,7634,1674.6526,20.0086,730.1565,3.91,A
21,sn1/post-storage-mongodb,956.55,8188.53,4129.87,0.0273,2,1375,301.6305,10.6086,730.1565,2.04,A
21,sn1/post-storage-service,7679.59,96.54,251.42,0.0,0,17643,3870.3034,85.1706,730.1565,16.5,A
21,sn1/social-graph-mongodb,9.84,728.04,756.91,0.0234,2,115,284.8009,1.2515,1.3303,0.0167,A
21,sn1/social-graph-redis,2.51,20.04,103.57,0.0,0,2193,481.0733,1.2515,1.3303,0.0167,A
21,sn1/social-graph-service,0.0,31.3,251.42,0.0,0,0,284.8009,1.2515,1.3303,0.0,A
21,sn1/text-service,1464.73,83.68,251.42,0.0,0,9673,2121.9433,16.2446,730.1565,3.21,A
21,sn1/unique-id-service,79.49,4.74,251.42,0.0,0,642,284.8009,1.2515,730.1565,0.184,A
21,sn1/url-shorten-memcached,0.16,4.63,75.33,0.0,0,0,284.8009,1.2515,1.3303,0.0,A
21,sn1/url-shorten-mongodb,330.85,108.54,702.74,0.0,0,1942,426.012,3.6693,730.1565,0.802,A
21,sn1/url-shorten-service,1262.83,76.18,251.42,0.0,0,9699,2127.6468,14.0054,730.1565,3.01,A
21,sn1/user-memcached,150.74,6.59,75.33,0.0,0,2776,608.9646,1.6718,730.1565,0.317,A
21,sn1/user-mention-service,242.85,6.89,251.42,0.0,0,1092,284.8009,2.6933,730.1565,0.518,A
21,sn1/user-mongodb,9.8,96.91,704.67,0.0234,2,277,284.8009,1.2515,1.3303,0.0167,A
21,sn1/user-service,73.26,18.08,251.42,0.0,0,942,284.8009,1.2515,730.1565,0.15,A
21,sn1/user-timeline-mongodb,16.48,106.81,702.94,0.0195,2,578,284.8009,1.2515,730.1565,0.0501,A
21,sn1/user-timeline-redis,154.86,96.0,136.86,0.0,0,1655,363.0535,1.7175,730.1565,0.334,A
21,sn1/user-timeline-service,1536.79,520.92,251.42,0.0,0,10259,2250.4927,17.0438,730.1565,3.16,A
22,hotel/consul,14.98,27.77,201.48,0.0,0,3149,719.833,1.2515,730.8188,0.0661,A
22,hotel/frontend,9931.65,121.91,1119.14,0.0,0,740626,169300.4279,128.3948,730.8188,28.9,A
22,hotel/geo,1213.91,29.61,1119.06,0.0,0,4180,955.5103,15.6932,730.8188,2.97,A
22,hotel/jaeger,0.23,14.79,81.01,0.0,0,995,284.8009,1.2515,1.3303,0.0,A
22,hotel/memcached-profile,139.68,8.01,79.25,0.0,0,1901,434.5515,1.8058,730.8188,0.33,A
22,hotel/memcached-rate,103.99,7.59,79.25,0.0,0,2008,459.0107,1.3444,730.8188,0.242,A
22,hotel/memcached-reserve,173.67,7.18,79.25,0.0,0,1744,398.6627,2.2452,730.8188,0.441,A
22,hotel/mongodb-geo,7.42,62.84,400.43,0.0,0,538,284.8009,1.2515,1.3303,0.0,A
22,hotel/mongodb-profile,7.59,63.91,400.43,0.0,0,222,284.8009,1.2515,1.3303,0.022,A
22,hotel/mongodb-rate,8.42,64.79,400.43,0.0234,2,464,284.8009,1.2515,1.3303,0.0441,A
22,hotel/mongodb-recommendation,7.51,62.93,400.43,0.0,0,4424,1011.2865,1.2515,1.3303,0.0441,A
22,hotel/mongodb-reservation,10.92,250.71,400.43,0.0703,36,111,284.8009,1.2515,730.8188,0.022,A
22,hotel/mongodb-user,7.6,62.99,400.43,0.0,0,114,284.8009,1.2515,1.3303,0.022,A
22,hotel/profile,3147.74,44.32,1119.06,0.0,0,37677,8612.6226,40.6935,730.8188,8.72,A
22,hotel/rate,1457.74,42.67,1119.14,0.0,0,5583,1276.2235,18.8454,730.8188,3.9,A
22,hotel/recommendation,762.29,27.65,1119.06,0.0,0,2666,609.4236,9.8548,730.8188,2.09,A
22,hotel/reservation,3348.97,66.37,1119.06,0.0,0,87114,19913.4752,43.295,730.8188,8.61,A
22,hotel/search,2919.9,38.61,1119.06,0.0,0,21899,5005.914,37.748,730.8188,7.71,A
22,hotel/user,51.1,20.75,1119.06,0.0,0,1202,284.8009,1.2515,730.8188,0.154,A
22,sa1/customer-feedback,16073.51,10134.28,13293.62,0.0,0,8160,1865.3024,207.7958,730.8188,21.4,A
22,sn1/compose-post-service,1370.75,80.53,251.42,0.0,0,6596,1507.7861,17.7208,730.8188,3.9,A
22,sn1/home-timeline-redis,309.8,2553.21,952.74,0.0,0,1466,335.1144,4.005,730.8188,0.903,A
22,sn1/home-timeline-service,1562.16,109.52,251.42,0.0,0,6130,1401.2627,20.1954,730.8188,4.58,A
22,sn1/jaeger,15.74,4779.46,75.0,0.0,0,404,284.8009,1.2515,730.8188,0.0881,A
22,sn1/media-frontend,0.0,2027.57,648.43,0.0,0,0,284.8009,1.2515,1.3303,0.0,A
22,sn1/media-memcached,0.14,4.63,75.33,0.0,0,0,284.8009,1.2515,1.3303,0.0,A
22,sn1/media-mongodb,8.42,73.81,703.91,0.0,0,110,284.8009,1.2515,1.3303,0.022,A
22,sn1/media-service,72.97,4.64,251.42,0.0,0,600,284.8009,1.2515,730.8188,0.22,A
22,sn1/nginx-thrift,24194.64,41906.72,620.32,17.5195,158,10828,2475.1832,312.7845,730.8188,70.7,A
22,sn1/post-storage-memcached,1775.63,70.55,75.33,0.0,0,6095,1393.2621,22.9551,730.8188,5.2,A
22,sn1/post-storage-mongodb,925.45,8188.41,4129.87,0.0,0,1179,284.8009,11.9641,730.8188,2.73,A
22,sn1/post-storage-service,7465.13,98.77,251.42,0.0,0,13995,3199.1309,96.508,730.8188,21.8,A
22,sn1/social-graph-mongodb,8.76,728.04,756.91,0.0,0,640,284.8009,1.2515,1.3303,0.0441,A
22,sn1/social-graph-redis,2.39,20.04,103.57,0.0,0,247,284.8009,1.2515,1.3303,0.022,A
22,sn1/social-graph-service,0.14,31.3,251.42,0.0,0,0,284.8009,1.2515,1.3303,0.0,A
22,sn1/text-service,1467.59,74.89,251.42,0.0,0,6108,1396.2337,18.9728,730.8188,4.3,A
22,sn1/unique-id-service,77.06,4.64,251.42,0.0,0,839,284.8009,1.2515,730.8188,0.22,A
22,sn1/url-shorten-memcached,0.15,4.63,75.33,0.0,0,0,284.8009,1.2515,1.3303,0.0,A
22,sn1/url-shorten-mongodb,304.39,108.46,702.74,0.0039,2,1794,410.0922,3.9351,730.8188,0.991,A
22,sn1/url-shorten-service,1248.38,71.89,251.42,0.0,0,5826,1331.7711,16.1389,730.8188,3.97,A
22,sn1/user-memcached,156.05,6.58,75.33,0.0,0,2516,575.1349,2.0174,730.8188,0.485,A
22,sn1/user-mention-service,242.43,6.75,251.42,0.0,0,903,284.8009,3.1341,730.8188,0.727,A
22,sn1/user-mongodb,8.29,96.91,704.67,0.0,0,144,284.8009,1.2515,1.3303,0.0441,A
22,sn1/user-service,70.12,17.98,251.42,0.0,0,633,284.8009,1.2515,730.8188,0.22,A
22,sn1/user-timeline-mongodb,15.14,106.81,702.94,0.0,0,948,284.8009,1.2515,730.8188,0.0661,A
22,sn1/user-timeline-redis,151.73,95.5,136.86,0.0,0,1027,284.8009,1.9615,730.8188,0.441,A
22,sn1/user-timeline-service,1498.47,519.45,251.42,0.0,0,8284,1893.6477,19.372,730.8188,4.23,A
23,hotel/consul,13.19,27.77,201.48,0.0,0,7556,1664.9889,1.2515,736.183,0.0345,A
23,hotel/frontend,9849.57,115.42,1119.14,0.0,0,683768,150670.4771,88.2662,736.183,22.5,A
23,hotel/geo,1348.77,26.84,1119.06,0.0,0,5049,1112.5634,12.0869,736.183,2.65,A
23,hotel/jaeger,0.19,14.79,81.01,0.0,0,0,284.8009,1.2515,1.3303,0.0,A
23,hotel/memcached-profile,145.75,7.71,79.25,0.0,0,2371,522.4575,1.3061,736.183,0.31,A
23,hotel/memcached-rate,117.94,7.59,79.25,0.0,0,4412,972.1984,1.2515,736.183,0.259,A
23,hotel/memcached-reserve,187.49,7.25,79.25,0.0,0,1962,432.333,1.6802,736.183,0.396,A
23,hotel/mongodb-geo,8.12,62.84,400.43,0.0312,2,778,284.8009,1.2515,1.3303,0.0345,A
23,hotel/mongodb-profile,8.16,63.91,400.43,0.0312,2,404,284.8009,1.2515,1.3303,0.0172,A
23,hotel/mongodb-rate,7.48,64.79,400.43,0.0,0,147,284.8009,1.2515,1.3303,0.0345,A
23,hotel/mongodb-recommendation,8.29,62.94,400.43,0.0352,4,640,284.8009,1.2515,1.3303,0.0172,A
23,hotel/mongodb-reservation,12.28,250.73,400.43,0.125,48,936,284.8009,1.2515,736.183,0.0345,A
23,hotel/mongodb-user,8.31,62.99,400.43,0.0312,2,111,284.8009,1.2515,1.3303,0.0172,A
23,hotel/profile,3330.75,45.82,1119.06,0.0,0,57219,12608.3906,29.8483,736.183,7.46,A
23,hotel/rate,1603.89,38.87,1119.14,0.0,0,6806,1499.724,14.3731,736.183,3.57,A
23,hotel/recommendation,835.32,28.45,1119.06,0.0,0,4446,979.6904,7.4857,736.183,1.95,A
23,hotel/reservation,3945.82,66.96,1119.06,0.0,0,155698,34308.5549,35.3602,736.183,8.48,A
23,hotel/search,2992.78,31.98,1119.06,0.0,0,14151,3118.2183,26.8196,736.183,6.59,A
23,hotel/user,53.31,20.88,1119.06,0.0,0,2198,484.3364,1.2515,736.183,0.103,A
23,sa1/customer-feedback,34427.41,10135.68,13293.62,0.0,0,40576,8941.052,308.5186,736.183,81.8,A
23,sn1/compose-post-service,1399.36,81.94,251.42,0.0,0,9013,1986.0435,12.5403,736.183,3.09,A
23,sn1/home-timeline-redis,298.67,2553.43,952.74,0.0,0,1750,385.6181,2.6765,736.183,0.707,A
23,sn1/home-timeline-service,1577.18,109.02,251.42,0.0,0,8406,1852.2891,14.1338,736.183,3.5,A
23,sn1/jaeger,52.28,4779.6,75.0,0.0,0,845,284.8009,1.2515,736.183,0.138,A
23,sn1/media-frontend,0.0,2027.57,648.43,0.0,0,0,284.8009,1.2515,1.3303,0.0,A
23,sn1/media-memcached,0.14,4.63,75.33,0.0,0,0,284.8009,1.2515,1.3303,0.0,A
23,sn1/media-mongodb,9.82,73.81,703.91,0.0234,2,139,284.8009,1.2515,1.3303,0.0345,A
23,sn1/media-service,72.02,4.73,251.42,0.0,0,788,284.8009,1.2515,736.183,0.172,A
23,sn1/nginx-thrift,24492.28,41914.96,620.32,17.4141,152,14529,3201.5119,219.4857,736.183,55.3,A
23,sn1/post-storage-memcached,1775.17,71.01,75.33,0.0,0,7693,1695.1773,15.9081,736.183,4.0,A
23,sn1/post-storage-mongodb,941.33,8187.87,4129.87,0.0352,4,1354,298.3583,8.4357,736.183,2.14,A
23,sn1/post-storage-service,7518.44,96.01,251.42,0.0,0,17189,3787.6514,67.3759,736.183,16.8,A
23,sn1/social-graph-mongodb,9.87,728.04,756.91,0.0391,4,470,284.8009,1.2515,1.3303,0.0345,A
23,sn1/social-graph-redis,2.15,20.04,103.57,0.0,0,3771,830.952,1.2515,1.3303,0.0,A
23,sn1/social-graph-service,0.0,31.3,251.42,0.0,0,0,284.8009,1.2515,1.3303,0.0,A
23,sn1/text-service,1479.03,76.75,251.42,0.0,0,10199,2247.3824,13.2542,736.183,3.36,A
23,sn1/unique-id-service,74.03,4.61,251.42,0.0,0,636,284.8009,1.2515,736.183,0.172,A
23,sn1/url-shorten-memcached,0.16,4.63,75.33,0.0,0,1860,409.857,1.2515,1.3303,0.0,A
23,sn1/url-shorten-mongodb,319.66,106.46,702.74,0.0,0,2917,642.7703,2.8646,736.183,0.862,A
23,sn1/url-shorten-service,1244.27,72.0,251.42,0.0,0,8712,1919.7172,11.1504,736.183,2.97,A
23,sn1/user-memcached,154.52,6.58,75.33,0.0,0,3328,733.3355,1.3847,736.183,0.345,A
23,sn1/user-mention-service,241.13,6.75,251.42,0.0,0,1308,288.222,2.1609,736.183,0.552,A
23,sn1/user-mongodb,9.29,97.16,704.67,0.0234,2,206,284.8009,1.2515,1.3303,0.0,A
23,sn1/user-service,69.59,18.02,251.42,0.0,0,906,284.8009,1.2515,736.183,0.155,A
23,sn1/user-timeline-mongodb,16.07,106.81,702.94,0.0586,6,488,284.8009,1.2515,736.183,0.0517,A
23,sn1/user-timeline-redis,154.56,95.77,136.86,0.0,0,1380,304.0874,1.3851,736.183,0.345,A
23,sn1/user-timeline-service,1504.06,519.7,251.42,0.0,0,12343,2719.8197,13.4785,736.183,3.21,A
24,hotel/consul,14.58,27.77,201.48,0.0,0,6545,1563.4328,1.2515,741.7692,0.0218,A
24,hotel/frontend,9992.49,110.77,1119.14,0.0,0,847240,202383.9276,102.0085,741.7692,28.4,A
24,hotel/geo,1156.31,34.69,1119.06,0.0,0,3459,826.2665,11.8042,741.7692,2.58,A
24,hotel/jaeger,0.82,14.79,81.01,0.0,0,8,284.8009,1.2515,1.3303,0.0,A
24,hotel/memcached-profile,122.36,7.77,79.25,0.0,0,3102,740.9883,1.2515,741.7692,0.328,A
24,hotel/memcached-rate,104.78,7.62,79.25,0.0,0,1657,395.8148,1.2515,741.7692,0.24,A
24,hotel/memcached-reserve,159.49,7.23,79.25,0.0,0,1392,332.5131,1.6282,741.7692,0.371,A
24,hotel/mongodb-geo,6.85,62.84,400.43,0.0,0,535,284.8009,1.2515,1.3303,0.0218,A
24,hotel/mongodb-profile,6.89,63.91,400.43,0.0,0,650,284.8009,1.2515,1.3303,0.0218,A
24,hotel/mongodb-rate,7.89,64.79,400.43,0.0234,2,218,284.8009,1.2515,1.3303,0.0218,A
24,hotel/mongodb-recommendation,6.88,62.94,400.43,0.0,0,54,284.8009,1.2515,1.3303,0.0437,A
24,hotel/mongodb-reservation,10.57,250.74,400.43,0.082,42,55,284.8009,1.2515,741.7692,0.0437,A
24,hotel/mongodb-user,6.84,62.99,400.43,0.0,0,223,284.8009,1.2515,1.3303,0.0218,A
24,hotel/profile,3189.08,42.95,1119.06,0.0,0,45089,10770.6068,32.5558,741.7692,9.15,A
24,hotel/rate,1454.36,38.05,1119.14,0.0,0,4899,1170.2456,14.8469,741.7692,3.38,A
24,hotel/recommendation,749.09,25.79,1119.06,0.0,0,3266,780.1637,7.6471,741.7692,2.1,A
24,hotel/reservation,3343.24,68.7,1119.06,0.0,0,147939,35338.8365,34.1295,741.7692,9.3,A
24,hotel/search,2835.67,34.52,1119.06,0.0,0,12645,3020.5665,28.948,741.7692,7.82,A
24,hotel/user,40.72,20.88,1119.06,0.0,0,3540,845.6153,1.2515,741.7692,0.109,A
24,sa1/customer-feedback,24802.69,10136.41,13293.62,0.0,0,19509,4660.2002,253.1988,741.7692,65.3,A
24,sn1/compose-post-service,1339.95,82.16,251.42,0.0,0,9855,2354.107,13.6789,741.7692,3.71,A
24,sn1/home-timeline-redis,285.6,2553.68,952.74,0.0,0,1409,336.574,2.9156,741.7692,0.83,A
24,sn1/home-timeline-service,1608.38,108.79,251.42,0.0,0,7152,1708.4295,16.4192,741.7692,4.61,A
24,sn1/jaeger,14.7,4779.67,75.0,0.0,0,343,284.8009,1.2515,741.7692,0.0873,A
24,sn1/media-frontend,0.0,2027.57,648.43,0.0,0,0,284.8009,1.2515,1.3303,0.0,A
24,sn1/media-memcached,0.14,4.63,75.33,0.0,0,0,284.8009,1.2515,1.3303,0.0,A
24,sn1/media-mongodb,7.99,73.81,703.91,0.0,0,1740,415.6414,1.2515,1.3303,0.0437,A
24,sn1/media-service,71.35,4.73,251.42,0.0,0,741,284.8009,1.2515,741.7692,0.197,A
24,sn1/nginx-thrift,24610.46,41920.58,620.32,17.9648,170,12369,2954.6372,251.2364,741.7692,69.7,A
24,sn1/post-storage-memcached,1788.71,70.52,75.33,0.0,0,6470,1545.5172,18.2601,741.7692,5.11,A
24,sn1/post-storage-mongodb,948.88,8187.83,4129.87,0.0,0,1364,325.8247,9.6867,741.7692,2.71,A
24,sn1/post-storage-service,7558.93,92.94,251.42,0.0,0,14991,3580.9658,77.1655,741.7692,21.5,A
24,sn1/social-graph-mongodb,8.63,728.04,756.91,0.0,0,254,284.8009,1.2515,1.3303,0.0218,A
24,sn1/social-graph-redis,2.11,20.04,103.57,0.0,0,237,284.8009,1.2515,1.3303,0.0218,A
24,sn1/social-graph-service,0.11,31.3,251.42,0.0,0,0,284.8009,1.2515,1.3303,0.0,A
24,sn1/text-service,1402.75,76.54,251.42,0.0,0,7621,1820.4616,14.32,741.7692,4.0,A
24,sn1/unique-id-service,71.63,4.64,251.42,0.0,0,633,284.8009,1.2515,741.7692,0.218,A
24,sn1/url-shorten-memcached,0.21,4.63,75.33,0.0,0,0,284.8009,1.2515,1.3303,0.0,A
24,sn1/url-shorten-mongodb,312.51,106.05,702.74,0.0,0,2314,552.7553,3.1903,741.7692,1.0,A
24,sn1/url-shorten-service,1203.08,71.7,251.42,0.0,0,9761,2331.6528,12.2817,741.7692,3.45,A
24,sn1/user-memcached,149.8,6.35,75.33,0.0,0,3199,764.1591,1.5292,741.7692,0.437,A
24,sn1/user-mention-service,228.59,7.03,251.42,0.0,0,1189,284.8009,2.3336,741.7692,0.633,A
24,sn1/user-mongodb,8.15,96.91,704.67,0.0,0,383,284.8009,1.2515,1.3303,0.0218,A
24,sn1/user-service,67.33,17.98,251.42,0.0,0,652,284.8009,1.2515,741.7692,0.197,A
24,sn1/user-timeline-mongodb,14.45,106.81,702.94,0.0,0,966,284.8009,1.2515,741.7692,0.0437,A
24,sn1/user-timeline-redis,154.52,96.75,136.86,0.0,0,969,284.8009,1.5774,741.7692,0.437,A
24,sn1/user-timeline-service,1514.48,519.14,251.42,0.0,0,9717,2321.1423,15.4606,741.7692,4.17,A
25,hotel/consul,14.33,27.77,201.48,0.0,0,2899,712.7222,1.2515,705.3126,0.0581,A
25,hotel/frontend,9791.08,118.73,1119.14,0.0,0,749918,184368.118,141.4981,705.3126,25.7,A
25,hotel/geo,1253.39,28.87,1119.06,0.0,0,4699,1155.254,18.1137,705.3126,3.52,A
25,hotel/jaeger,0.26,14.79,81.01,0.0,0,0,284.8009,1.2515,1.3303,0.0,A
25,hotel/memcached-profile,144.35,7.74,79.25,0.0,0,2194,539.3972,2.0861,705.3126,0.348,A
25,hotel/memcached-rate,113.36,7.83,79.25,0.0,0,6074,1493.2992,1.6382,705.3126,0.29,A
25,hotel/memcached-reserve,175.29,7.22,79.25,0.0,0,1712,420.897,2.5332,705.3126,0.465,A
25,hotel/mongodb-geo,7.65,62.84,400.43,0.0312,2,156,284.8009,1.2515,1.3303,0.0194,A
25,hotel/mongodb-profile,7.74,63.91,400.43,0.0508,4,65,284.8009,1.2515,1.3303,0.0194,A
25,hotel/mongodb-rate,7.17,64.79,400.43,0.0,0,2141,526.3671,1.2515,1.3303,0.0387,A
25,hotel/mongodb-recommendation,7.77,62.94,400.43,0.0312,2,74,284.8009,1.2515,1.3303,0.0387,A
25,hotel/mongodb-reservation,10.89,250.76,400.43,0.1133,42,345,284.8009,1.2515,705.3126,0.0387,A
25,hotel/mongodb-user,8.03,62.99,400.43,0.0312,2,619,284.8009,1.2515,1.3303,0.0194,A
25,hotel/profile,3461.14,46.5,1119.06,0.0,0,44561,10955.3681,50.0195,705.3126,8.54,A
25,hotel/rate,1575.14,37.34,1119.14,0.0,0,5042,1239.5809,22.7635,705.3126,4.8,A
25,hotel/recommendation,844.51,27.07,1119.06,0.0,0,3087,758.9422,12.2046,705.3126,2.21,A
25,hotel/reservation,3606.29,64.42,1119.06,0.0,0,136997,33680.8545,52.1171,705.3126,9.14,A
25,hotel/search,3117.26,35.65,1119.06,0.0,0,15828,3891.3302,45.0498,705.3126,8.58,A
25,hotel/user,52.19,19.96,1119.06,0.0,0,1836,451.3825,1.2515,705.3126,0.116,A
25,sa1/customer-feedback,28990.19,10135.44,13293.62,0.0,0,32304,7941.9719,418.9585,705.3126,74.1,A
25,sn1/compose-post-service,1360.97,81.97,251.42,0.0,0,8668,2131.0368,19.6684,705.3126,3.19,A
25,sn1/home-timeline-redis,302.77,2552.94,952.74,0.0,0,1970,484.3265,4.3756,705.3126,0.794,A
25,sn1/home-timeline-service,1602.68,110.14,251.42,0.0,0,7454,1832.5736,23.1615,705.3126,4.09,A
25,sn1/jaeger,53.34,4780.29,75.0,0.0,0,744,284.8009,1.2515,705.3126,0.194,A
25,sn1/media-frontend,0.0,2027.57,648.43,0.0,0,0,284.8009,1.2515,1.3303,0.0,A
25,sn1/media-memcached,0.18,4.63,75.33,0.0,0,0,284.8009,1.2515,1.3303,0.0,A
25,sn1/media-mongodb,10.09,73.82,703.91,0.0273,4,257,284.8009,1.2515,705.3126,0.0194,A
25,sn1/media-service,72.36,4.73,251.42,0.0,0,879,284.8009,1.2515,705.3126,0.155,A
25,sn1/nginx-thrift,24141.26,41929.17,620.32,0.0,0,13345,3280.8821,348.8831,705.3126,61.9,A
25,sn1/post-storage-memcached,1779.21,70.68,75.33,0.0,0,6923,1702.0267,25.7127,705.3126,4.55,A
25,sn1/post-storage-mongodb,923.56,8188.02,4129.87,10.0156,156,1146,284.8009,13.347,705.3126,2.36,A
25,sn1/post-storage-service,7487.77,93.45,251.42,0.0,0,15425,3792.2522,108.2113,705.3126,19.0,A
25,sn1/social-graph-mongodb,9.28,728.04,756.91,0.0234,2,149,284.8009,1.2515,1.3303,0.0194,A
25,sn1/social-graph-redis,2.44,20.04,103.57,0.0,0,165,284.8009,1.2515,1.3303,0.0,A
25,sn1/social-graph-service,0.0,31.3,251.42,0.0,0,0,284.8009,1.2515,1.3303,0.0,A
25,sn1/text-service,1431.69,74.44,251.42,0.0,0,8995,2211.4301,20.6904,705.3126,3.48,A
25,sn1/unique-id-service,74.64,4.64,251.42,0.0,0,1043,284.8009,1.2515,705.3126,0.174,A
25,sn1/url-shorten-memcached,0.13,4.63,75.33,0.0,0,0,284.8009,1.2515,1.3303,0.0,A
25,sn1/url-shorten-mongodb,326.31,105.98,702.74,0.0,0,2653,652.2428,4.7157,705.3126,0.871,A
25,sn1/url-shorten-service,1274.9,70.87,251.42,0.0,0,9678,2379.3463,18.4245,705.3126,3.21,A
25,sn1/user-memcached,149.88,6.62,75.33,0.0,0,3671,902.5192,2.166,705.3126,0.387,A
25,sn1/user-mention-service,230.19,6.78,251.42,0.0,0,1244,305.8387,3.3266,705.3126,0.581,A
25,sn1/user-mongodb,9.28,96.91,704.67,0.0234,2,2234,549.2312,1.2515,1.3303,0.0194,A
25,sn1/user-service,66.16,17.98,251.42,0.0,0,732,284.8009,1.2515,705.3126,0.155,A
25,sn1/user-timeline-mongodb,15.31,106.81,702.94,0.0195,2,300,284.8009,1.2515,705.3126,0.0581,A
25,sn1/user-timeline-redis,151.97,95.52,136.86,0.0,0,1984,487.7685,2.1962,705.3126,0.387,A
25,sn1/user-timeline-service,1490.36,519.91,251.42,0.0,0,10415,2560.5386,21.5383,705.3126,3.7,A
26,hotel/consul,14.94,27.77,201.48,0.0,0,3286,733.8696,1.2515,695.0472,0.0384,A
26,hotel/frontend,9887.88,118.38,1119.14,0.0,0,772336,172487.4949,105.2108,695.0472,24.7,A
26,hotel/geo,1219.93,30.12,1119.06,0.0,0,2807,626.8935,12.9805,695.0472,3.51,A
26,hotel/jaeger,0.19,14.79,81.01,0.0,0,0,284.8009,1.2515,1.3303,0.0,A
26,hotel/memcached-profile,135.1,7.71,79.25,0.0,0,1410,314.8984,1.4375,695.0472,0.384,A
26,hotel/memcached-rate,98.17,7.61,79.25,0.0,0,4946,1104.601,1.2515,695.0472,0.269,A
26,hotel/memcached-reserve,164.38,7.21,79.25,0.0,0,1350,301.4985,1.7491,695.0472,0.442,A
26,hotel/mongodb-geo,6.75,62.84,400.43,0.0,0,40,284.8009,1.2515,1.3303,0.0384,A
26,hotel/mongodb-profile,7.17,63.91,400.43,0.0,0,43,284.8009,1.2515,1.3303,0.0384,A
26,hotel/mongodb-rate,7.83,64.79,400.43,0.0234,2,54,284.8009,1.2515,1.3303,0.0384,A
26,hotel/mongodb-recommendation,7.22,62.94,400.43,0.0,0,215,284.8009,1.2515,1.3303,0.0192,A
26,hotel/mongodb-reservation,11.16,250.77,400.43,0.0938,48,164,284.8009,1.2515,695.0472,0.0192,A
26,hotel/mongodb-user,7.07,62.99,400.43,0.0,0,74,284.8009,1.2515,1.3303,0.0,A
26,hotel/profile,3206.27,48.94,1119.06,0.0,0,39810,8890.8547,34.1159,695.0472,7.8,A
26,hotel/rate,1439.63,38.66,1119.14,0.0,0,3366,751.7362,15.3182,695.0472,3.19,A
26,hotel/recommendation,742.19,26.5,1119.06,0.0,0,2358,526.6173,7.8972,695.0472,2.02,A
26,hotel/reservation,3355.67,73.94,1119.06,0.0,0,167983,37516.0123,35.7056,695.0472,7.45,A
26,hotel/search,2692.84,42.02,1119.06,0.0,0,11648,2601.3734,28.6529,695.0472,7.41,A
26,hotel/user,45.96,19.98,1119.06,0.0,0,785,284.8009,1.2515,695.0472,0.115,A
26,sa1/customer-feedback,14806.08,10133.3,13293.62,4.1484,42,6855,1530.9422,157.5424,695.0472,74.6,A
26,sn1/compose-post-service,1364.67,89.91,251.42,0.0,0,6804,1519.5523,14.5206,695.0472,3.32,A
26,sn1/home-timeline-redis,303.03,2553.46,952.74,0.0,0,1811,404.4546,3.2244,695.0472,0.749,A
26,sn1/home-timeline-service,1626.5,108.43,251.42,0.0,0,5496,1227.4337,17.3066,695.0472,3.97,A
26,sn1/jaeger,14.46,4781.3,75.0,0.0,0,1539,343.7082,1.2515,695.0472,0.0768,A
26,sn1/media-frontend,0.0,2027.57,648.43,0.0,0,0,284.8009,1.2515,1.3303,0.0,A
26,sn1/media-memcached,0.15,4.63,75.33,0.0,0,0,284.8009,1.2515,1.3303,0.0,A
26,sn1/media-mongodb,8.28,73.82,703.91,0.0664,8,124,284.8009,1.2515,1.3303,0.0192,A
26,sn1/media-service,72.6,4.7,251.42,0.0,0,601,284.8009,1.2515,695.0472,0.173,A
26,sn1/nginx-thrift,24192.03,41937.8,620.32,0.0,0,9087,2029.4197,257.4125,695.0472,60.7,A
26,sn1/post-storage-memcached,1782.75,70.11,75.33,0.0,0,6060,1353.3931,18.9691,695.0472,4.44,A
26,sn1/post-storage-mongodb,923.74,8188.06,4129.87,0.0,0,1035,284.8009,9.8289,695.0472,2.32,A
26,sn1/post-storage-service,7471.09,94.55,251.42,0.0,0,12683,2832.5222,79.4953,695.0472,18.7,A
26,sn1/social-graph-mongodb,10.1,728.05,756.91,0.0742,10,284,284.8009,1.2515,695.0472,0.0384,A
26,sn1/social-graph-redis,2.59,20.04,103.57,0.0,0,116,284.8009,1.2515,1.3303,0.0,A
26,sn1/social-graph-service,0.05,31.3,251.42,0.0,0,0,284.8009,1.2515,1.3303,0.0,A
26,sn1/text-service,1428.31,91.18,251.42,0.0,0,5982,1335.9732,15.1978,695.0472,3.63,A
26,sn1/unique-id-service,75.89,4.64,251.42,0.0,0,829,284.8009,1.2515,695.0472,0.154,A
26,sn1/url-shorten-memcached,0.14,4.63,75.33,0.0,0,0,284.8009,1.2515,1.3303,0.0,A
26,sn1/url-shorten-mongodb,297.56,105.19,702.74,0.0156,2,1232,284.8009,3.1662,695.0472,0.979,A
26,sn1/url-shorten-service,1235.48,81.08,251.42,0.0,0,5424,1211.3538,13.146,695.0472,3.44,A
26,sn1/user-memcached,154.23,6.57,75.33,0.0,0,2683,599.2003,1.6411,695.0472,0.365,A
26,sn1/user-mention-service,237.42,6.78,251.42,0.0,0,1056,284.8009,2.5262,695.0472,0.576,A
26,sn1/user-mongodb,8.98,96.92,704.67,0.0039,2,104,284.8009,1.2515,1.3303,0.0192,A
26,sn1/user-service,67.03,17.98,251.42,0.0,0,673,284.8009,1.2515,695.0472,0.154,A
26,sn1/user-timeline-mongodb,14.53,106.81,702.94,0.0,0,392,284.8009,1.2515,695.0472,0.0192,A
26,sn1/user-timeline-redis,151.54,96.0,136.86,0.0,0,845,284.8009,1.6124,695.0472,0.365,A
26,sn1/user-timeline-service,1493.37,518.94,251.42,0.0,0,8200,1831.324,15.89,695.0472,3.61,A
27,hotel/consul,13.91,27.77,201.48,0.0,0,3116,755.97,1.2515,738.9652,0.0501,A
27,hotel/frontend,9930.06,116.66,1119.14,0.0,0,759369,184229.8514,95.5597,738.9652,22.1,A
27,hotel/geo,1192.24,30.2,1119.06,0.0,0,2971,720.7917,11.4733,738.9652,2.42,A
27,hotel/jaeger,0.21,14.79,81.01,0.0,0,0,284.8009,1.2515,1.3303,0.0,A
27,hotel/memcached-profile,147.35,7.71,79.25,0.0,0,1591,385.9911,1.418,738.9652,0.317,A
27,hotel/memcached-rate,100.33,7.61,79.25,0.0,0,2364,573.528,1.2515,738.9652,0.217,A
27,hotel/memcached-reserve,177.92,7.27,79.25,0.0,0,1565,379.6833,1.7122,738.9652,0.401,A
27,hotel/mongodb-geo,8.02,62.84,400.43,0.0312,2,786,284.8009,1.2515,1.3303,0.0334,A
27,hotel/mongodb-profile,8.49,63.89,400.43,0.0312,2,38,284.8009,1.2515,1.3303,0.0167,A
27,hotel/mongodb-rate,7.51,64.79,400.43,0.0,0,58,284.8009,1.2515,1.3303,0.0334,A
27,hotel/mongodb-recommendation,8.37,62.94,400.43,0.0312,2,84,284.8009,1.2515,1.3303,0.0167,A
27,hotel/mongodb-reservation,10.4,250.81,400.43,0.1055,28,197,284.8009,1.2515,738.9652,0.0334,A
27,hotel/mongodb-user,8.33,62.99,400.43,0.0312,2,165,284.8009,1.2515,1.3303,0.0167,A
27,hotel/profile,3531.58,47.6,1119.06,0.0,0,68413,16597.6183,33.9854,738.9652,7.76,A
27,hotel/rate,1395.7,39.43,1119.14,0.0,0,4188,1016.047,13.4312,738.9652,2.91,A
27,hotel/recommendation,802.23,26.08,1119.06,0.0,0,2567,622.7776,7.7201,738.9652,1.9,A
27,hotel/reservation,3203.69,64.04,1119.06,0.0,0,56989,13826.0516,30.83,738.9652,6.78,A
27,hotel/search,2866.86,35.65,1119.06,0.0,0,16961,4114.8934,27.5886,738.9652,6.78,A
27,hotel/user,50.94,20.29,1119.06,0.0,0,3770,914.6364,1.2515,738.9652,0.134,A
27,sa1/customer-feedback,16978.18,10133.65,13293.62,0.0,0,8537,2071.1541,163.3857,738.9652,46.8,A
27,sn1/compose-post-service,1433.97,83.16,251.42,0.0,0,6790,1647.316,13.7995,738.9652,3.07,A
27,sn1/home-timeline-redis,289.55,2553.78,952.74,0.0,0,1361,330.191,2.7864,738.9652,0.635,A
27,sn1/home-timeline-service,1621.84,110.1,251.42,0.0,0,6215,1507.8157,15.6074,738.9652,3.59,A
27,sn1/jaeger,60.96,4789.71,75.0,0.0,0,582,284.8009,1.2515,738.9652,0.184,A
27,sn1/media-frontend,0.0,2027.57,648.43,0.0,0,0,284.8009,1.2515,1.3303,0.0,A
27,sn1/media-memcached,0.18,4.63,75.33,0.0,0,0,284.8009,1.2515,1.3303,0.0,A
27,sn1/media-mongodb,9.56,73.82,703.91,0.0312,6,88,284.8009,1.2515,1.3303,0.0167,A
27,sn1/media-service,74.96,4.77,251.42,0.0,0,639,284.8009,1.2515,738.9652,0.15,A
27,sn1/nginx-thrift,24385.7,41950.35,620.32,35.2578,314,10671,2588.882,234.6704,738.9652,53.6,A
27,sn1/post-storage-memcached,1797.0,70.61,75.33,0.0,0,6046,1466.8148,17.293,738.9652,3.99,A
27,sn1/post-storage-mongodb,934.93,8187.88,4129.87,0.0312,2,996,284.8009,8.9971,738.9652,2.09,A
27,sn1/post-storage-service,7495.75,96.4,251.42,0.0,0,13578,3294.1467,72.1337,738.9652,16.5,A
27,sn1/social-graph-mongodb,9.65,728.05,756.91,0.0312,6,109,284.8009,1.2515,1.3303,0.0334,A
27,sn1/social-graph-redis,2.6,20.04,103.57,0.0,0,254,284.8009,1.2515,1.3303,0.0,A
27,sn1/social-graph-service,0.0,31.3,251.42,0.0,0,0,284.8009,1.2515,1.3303,0.0,A
27,sn1/text-service,1486.54,77.61,251.42,0.0,0,7178,1741.4483,14.3054,738.9652,3.32,A
27,sn1/unique-id-service,77.61,4.67,251.42,0.0,0,687,284.8009,1.2515,738.9652,0.15,A
27,sn1/url-shorten-memcached,0.13,4.63,75.33,0.0,0,0,284.8009,1.2515,1.3303,0.0,A
27,sn1/url-shorten-mongodb,316.27,106.16,702.74,0.0,0,1301,315.6345,3.0436,738.9652,0.785,A
27,sn1/url-shorten-service,1270.4,72.95,251.42,0.0,0,6630,1608.4985,12.2254,738.9652,3.04,A
27,sn1/user-memcached,158.38,6.35,75.33,0.0,0,1826,443.0043,1.5241,738.9652,0.334,A
27,sn1/user-mention-service,240.88,6.83,251.42,0.0,0,1125,284.8009,2.3181,738.9652,0.518,A
27,sn1/user-mongodb,9.8,97.17,704.67,0.0312,6,125,284.8009,1.2515,1.3303,0.0334,A
27,sn1/user-service,71.36,18.08,251.42,0.0,0,825,284.8009,1.2515,738.9652,0.15,A
27,sn1/user-timeline-mongodb,15.81,106.81,702.94,0.0234,2,296,284.8009,1.2515,738.9652,0.0501,A
27,sn1/user-timeline-redis,153.97,95.5,136.86,0.0,0,1019,284.8009,1.4817,738.9652,0.334,A
27,sn1/user-timeline-service,1514.21,520.18,251.42,0.0,0,8201,1989.6375,14.5717,738.9652,3.21,A
28,hotel/consul,12.87,27.77,201.48,0.0,0,2679,606.9572,1.2515,743.1291,0.0192,A
28,hotel/frontend,9818.42,137.91,1119.14,0.0,0,769729,174390.6587,82.7854,743.1291,25.0,A
28,hotel/geo,1220.55,30.04,1119.06,0.0,0,3894,882.229,10.2912,743.1291,3.07,A
28,hotel/jaeger,0.21,14.79,81.01,0.0,0,0,284.8009,1.2515,1.3303,0.0,A
28,hotel/memcached-profile,142.07,8.46,79.25,0.0,0,1849,418.9115,1.2515,743.1291,0.364,A
28,hotel/memcached-rate,107.93,7.6,79.25,0.0,0,3818,865.0103,1.2515,743.1291,0.287,A
28,hotel/memcached-reserve,176.58,7.94,79.25,0.0,0,1903,431.1458,1.4889,743.1291,0.46,A
28,hotel/mongodb-geo,7.72,62.84,400.43,0.0,0,628,284.8009,1.2515,1.3303,0.0383,A
28,hotel/mongodb-profile,7.93,63.89,400.43,0.0,0,331,284.8009,1.2515,1.3303,0.0192,A
28,hotel/mongodb-rate,9.28,64.79,400.43,0.0781,12,61,284.8009,1.2515,1.3303,0.0383,A
28,hotel/mongodb-recommendation,7.83,62.94,400.43,0.0,0,186,284.8009,1.2515,1.3303,0.0383,A
28,hotel/mongodb-reservation,10.59,250.81,400.43,0.0742,38,193,284.8009,1.2515,743.1291,0.0192,A
28,hotel/mongodb-user,7.91,62.99,400.43,0.0,0,374,284.8009,1.2515,1.3303,0.0192,A
28,hotel/profile,3301.47,45.09,1119.06,0.0,0,36529,8276.0509,27.8368,743.1291,9.18,A
28,hotel/rate,1519.06,36.15,1119.14,0.0,0,5810,1316.3201,12.8082,743.1291,4.18,A
28,hotel/recommendation,825.57,28.29,1119.06,0.0,0,2986,676.5115,6.9609,743.1291,1.8,A
28,hotel/reservation,3558.63,69.55,1119.06,0.0,0,136129,30841.5377,30.0051,743.1291,8.2,A
28,hotel/search,2830.1,39.98,1119.06,0.0,0,19025,4310.3252,23.8624,743.1291,6.76,A
28,hotel/user,51.92,20.48,1119.06,0.0,0,1579,357.74,1.2515,743.1291,0.134,A
28,sa1/customer-feedback,27235.37,10134.72,13293.62,0.0,0,18995,4303.5283,229.6389,743.1291,59.6,A
28,sn1/compose-post-service,1372.22,82.47,251.42,0.0,0,8813,1996.6831,11.5701,743.1291,3.41,A
28,sn1/home-timeline-redis,286.56,2555.41,952.74,0.0,0,1916,434.0911,2.4162,743.1291,0.728,A
28,sn1/home-timeline-service,1599.38,108.08,251.42,0.0,0,7143,1618.326,13.4854,743.1291,4.06,A
28,sn1/jaeger,13.98,4796.07,75.0,0.0,0,647,284.8009,1.2515,743.1291,0.0766,A
28,sn1/media-frontend,0.0,2027.57,648.43,0.0,0,0,284.8009,1.2515,1.3303,0.0,A
28,sn1/media-memcached,0.16,4.63,75.33,0.0,0,1216,284.8009,1.2515,1.3303,0.0,A
28,sn1/media-mongodb,8.52,73.82,703.91,0.0,0,81,284.8009,1.2515,1.3303,0.0383,A
28,sn1/media-service,73.05,4.86,251.42,0.0,0,551,284.8009,1.2515,743.1291,0.192,A
28,sn1/nginx-thrift,24303.88,41958.3,620.32,0.0,0,12589,2852.1778,204.9216,743.1291,61.7,A
28,sn1/post-storage-memcached,1756.42,70.84,75.33,0.0,0,7271,1647.3258,14.8095,743.1291,4.45,A
28,sn1/post-storage-mongodb,916.12,8188.64,4129.87,0.0,0,1330,301.3263,7.7244,743.1291,2.36,A
28,sn1/post-storage-service,7460.07,95.01,251.42,0.0,0,15824,3585.103,62.9006,743.1291,18.8,A
28,sn1/social-graph-mongodb,9.1,728.05,756.91,0.0,0,138,284.8009,1.2515,1.3303,0.0383,A
28,sn1/social-graph-redis,2.39,20.04,103.57,0.0,0,129,284.8009,1.2515,1.3303,0.0,A
28,sn1/social-graph-service,0.04,31.3,251.42,0.0,0,0,284.8009,1.2515,1.3303,0.0,A
28,sn1/text-service,1446.22,75.05,251.42,0.0,0,8443,1912.8555,12.194,743.1291,3.72,A
28,sn1/unique-id-service,74.2,4.61,251.42,0.0,0,973,284.8009,1.2515,743.1291,0.211,A
28,sn1/url-shorten-memcached,0.13,4.63,75.33,0.0,0,0,284.8009,1.2515,1.3303,0.0,A
28,sn1/url-shorten-mongodb,322.67,106.93,702.74,0.0195,2,1838,416.4193,2.7206,743.1291,0.901,A
28,sn1/url-shorten-service,1249.3,71.08,251.42,0.0,0,8418,1907.1914,10.5337,743.1291,3.28,A
28,sn1/user-memcached,150.15,6.37,75.33,0.0,0,2568,581.8089,1.266,743.1291,0.364,A
28,sn1/user-mention-service,235.23,6.85,251.42,0.0,0,883,284.8009,1.9834,743.1291,0.594,A
28,sn1/user-mongodb,8.98,97.17,704.67,0.0,0,55,284.8009,1.2515,1.3303,0.0383,A
28,sn1/user-service,70.64,18.08,251.42,0.0,0,699,284.8009,1.2515,743.1291,0.172,A
28,sn1/user-timeline-mongodb,15.64,106.81,702.94,0.0,0,1217,284.8009,1.2515,743.1291,0.0383,A
28,sn1/user-timeline-redis,152.59,95.78,136.86,0.0,0,1102,284.8009,1.2866,743.1291,0.402,A
28,sn1/user-timeline-service,1487.12,519.1,251.42,0.0,0,10180,2306.3921,12.5389,743.1291,3.7,A
29,hotel/consul,14.34,27.77,201.48,0.0,0,6500,1584.6558,1.2515,755.313,0.0389,A
29,hotel/frontend,9934.84,117.27,1119.14,0.0,0,639896,156002.2906,143.5592,755.313,22.9,A
29,hotel/geo,1244.43,29.45,1119.06,0.0,0,3415,832.5538,17.9821,755.313,2.97,A
29,hotel/jaeger,0.23,14.79,81.01,0.0,0,0,284.8009,1.2515,1.3303,0.0,A
29,hotel/memcached-profile,150.25,7.7,79.25,0.0,0,1806,440.2905,2.1711,755.313,0.337,A
29,hotel/memcached-rate,116.49,7.6,79.25,0.0,0,1938,472.4712,1.6833,755.313,0.259,A
29,hotel/memcached-reserve,179.14,7.23,79.25,0.0,0,1762,429.5636,2.5886,755.313,0.401,A
29,hotel/mongodb-geo,7.95,62.84,400.43,0.0,0,58,284.8009,1.2515,1.3303,0.0259,A
29,hotel/mongodb-profile,7.83,63.89,400.43,0.0,0,38,284.8009,1.2515,1.3303,0.013,A
29,hotel/mongodb-rate,7.18,64.79,400.43,0.0,0,2331,568.2819,1.2515,1.3303,0.013,A
29,hotel/mongodb-recommendation,8.34,62.94,400.43,0.0,0,144,284.8009,1.2515,1.3303,0.013,A
29,hotel/mongodb-reservation,10.08,250.83,400.43,0.043,22,383,284.8009,1.2515,755.313,0.0259,A
29,hotel/mongodb-user,8.41,62.99,400.43,0.0,0,81,284.8009,1.2515,1.3303,0.0259,A
29,hotel/profile,3320.98,43.07,1119.06,0.0,0,66581,16231.9948,47.9884,755.313,7.91,A
29,hotel/rate,1466.98,38.73,1119.14,0.0,0,4598,1120.9611,21.198,755.313,3.6,A
29,hotel/recommendation,827.88,26.23,1119.06,0.0,0,3133,763.8041,11.9629,755.313,1.84,A
29,hotel/reservation,3726.27,67.73,1119.06,0.0,0,90934,22169.0904,53.8449,755.313,8.69,A
29,hotel/search,2961.02,36.31,1119.06,0.0,0,19560,4768.5949,42.787,755.313,7.02,A
29,hotel/user,51.17,20.5,1119.06,0.0,0,1611,392.7508,1.2515,755.313,0.13,A
29,sa1/customer-feedback,24917.12,10137.07,13293.62,0.0,0,29813,7268.2065,360.0544,755.313,65.2,A
29,sn1/compose-post-service,1417.57,77.73,251.42,0.0,0,8059,1964.7294,20.484,755.313,3.26,A
29,sn1/home-timeline-redis,302.81,2553.7,952.74,0.0,0,1915,466.864,4.3756,755.313,0.738,A
29,sn1/home-timeline-service,1640.09,110.14,251.42,0.0,0,7215,1758.9679,23.6994,755.313,3.79,A
29,sn1/jaeger,57.52,4820.11,75.0,0.0,0,738,284.8009,1.2515,755.313,0.311,A
29,sn1/media-frontend,0.0,2027.57,648.43,0.0,0,0,284.8009,1.2515,1.3303,0.0,A
29,sn1/media-memcached,0.18,4.63,75.33,0.0,0,0,284.8009,1.2515,1.3303,0.0,A
29,sn1/media-mongodb,9.22,73.82,703.91,0.0234,2,141,284.8009,1.2515,1.3303,0.013,A
29,sn1/media-service,76.32,4.86,251.42,0.0,0,547,284.8009,1.2515,755.313,0.168,A
29,sn1/nginx-thrift,24451.4,41966.16,620.32,35.0391,310,12430,3030.3494,353.3247,755.313,57.7,A
29,sn1/post-storage-memcached,1817.37,71.0,75.33,0.0,0,6022,1468.1226,26.2611,755.313,4.26,A
29,sn1/post-storage-mongodb,948.58,8187.83,4129.87,0.0352,2,953,284.8009,13.7071,755.313,2.23,A
29,sn1/post-storage-service,7584.56,94.92,251.42,0.0,0,14584,3555.48,109.5975,755.313,17.8,A
29,sn1/social-graph-mongodb,9.33,727.98,756.91,0.0234,2,688,284.8009,1.2515,1.3303,0.0259,A
29,sn1/social-graph-redis,2.73,20.04,103.57,0.0,0,169,284.8009,1.2515,1.3303,0.0,A
29,sn1/social-graph-service,0.0,31.3,251.42,0.0,0,0,284.8009,1.2515,1.3303,0.0,A
29,sn1/text-service,1488.75,66.18,251.42,0.0,0,8126,1981.0635,21.5126,755.313,3.52,A
29,sn1/unique-id-service,75.76,4.64,251.42,0.0,0,561,284.8009,1.2515,755.313,0.181,A
29,sn1/url-shorten-memcached,0.14,4.63,75.33,0.0,0,0,284.8009,1.2515,1.3303,0.0,A
29,sn1/url-shorten-mongodb,343.46,105.95,702.74,0.082,10,1508,367.6401,4.963,755.313,0.803,A
29,sn1/url-shorten-service,1321.07,66.25,251.42,0.0,0,7457,1817.9659,19.0896,755.313,3.07,A
29,sn1/user-memcached,151.09,6.6,75.33,0.0,0,2807,684.3275,2.1833,755.313,0.363,A
29,sn1/user-mention-service,237.22,7.08,251.42,0.0,0,1008,284.8009,3.4278,755.313,0.57,A
29,sn1/user-mongodb,8.84,96.92,704.67,0.0234,2,79,284.8009,1.2515,1.3303,0.0259,A
29,sn1/user-service,72.5,18.08,251.42,0.0,0,726,284.8009,1.2515,755.313,0.168,A
29,sn1/user-timeline-mongodb,15.6,106.82,702.94,0.0273,4,726,284.8009,1.2515,755.313,0.0259,A
29,sn1/user-timeline-redis,157.41,95.54,136.86,0.0,0,1234,300.8408,2.2746,755.313,0.363,A
29,sn1/user-timeline-service,1526.61,519.11,251.42,0.0,0,9914,2416.9657,22.0596,755.313,3.42,A
30,hotel/consul,14.72,27.77,201.48,0.0,0,3260,755.528,1.2515,748.1278,0.0413,A
30,hotel/frontend,9875.92,122.55,1119.14,0.0,0,789262,182917.0454,165.7965,748.1278,26.1,A
30,hotel/geo,1245.03,26.57,1119.06,0.0,0,3208,743.4767,20.9015,748.1278,3.41,A
30,hotel/jaeger,0.23,14.79,81.01,0.0,0,0,284.8009,1.2515,1.3303,0.0,A
30,hotel/memcached-profile,145.88,8.2,79.25,0.0,0,1969,456.3297,2.449,748.1278,0.372,A
30,hotel/memcached-rate,117.81,7.62,79.25,0.0,0,2094,485.2993,1.9778,748.1278,0.31,A
30,hotel/memcached-reserve,177.82,7.21,79.25,0.0,0,3342,774.5321,2.9852,748.1278,0.454,A
30,hotel/mongodb-geo,7.53,62.84,400.43,0.0508,12,154,284.8009,1.2515,1.3303,0.0206,A
30,hotel/mongodb-profile,7.36,63.89,400.43,0.0508,10,432,284.8009,1.2515,1.3303,0.0206,A
30,hotel/mongodb-rate,8.16,64.79,400.43,0.0273,2,236,284.8009,1.2515,1.3303,0.0206,A
30,hotel/mongodb-recommendation,7.99,62.94,400.43,0.0469,10,64,284.8009,1.2515,1.3303,0.0206,A
30,hotel/mongodb-reservation,11.77,250.86,400.43,0.6289,112,172,284.8009,1.2515,748.1278,0.0619,A
30,hotel/mongodb-user,7.68,62.99,400.43,0.0508,12,631,284.8009,1.2515,1.3303,0.0206,A
30,hotel/profile,3398.44,42.89,1119.06,0.0,0,41715,9667.746,57.0529,748.1278,8.98,A
30,hotel/rate,1572.55,37.63,1119.14,0.0,0,4619,1070.4859,26.3999,748.1278,3.88,A
30,hotel/recommendation,757.48,27.29,1119.06,0.0,0,3385,784.4977,12.7165,748.1278,1.98,A
30,hotel/reservation,3484.16,62.62,1119.06,0.0,0,179523,41605.7238,58.4919,748.1278,9.42,A
30,hotel/search,2792.33,44.68,1119.06,0.0,0,11148,2583.6278,46.8775,748.1278,7.12,A
30,hotel/user,50.01,20.82,1119.06,0.0,0,1161,284.8009,1.2515,748.1278,0.165,A
30,sa1/customer-feedback,18890.88,10138.97,13293.62,0.0,0,4782,1108.2623,317.1392,748.1278,43.3,A
30,sn1/compose-post-service,1399.48,83.29,251.42,0.0,0,7147,1656.3678,23.4944,748.1278,3.88,A
30,sn1/home-timeline-redis,299.78,2552.99,952.74,0.0,0,1710,396.3046,5.0327,748.1278,0.826,A
30,sn1/home-timeline-service,1626.19,109.37,251.42,0.0,0,6081,1409.3147,27.3004,748.1278,4.46,A
30,sn1/jaeger,13.77,4826.33,75.0,0.0,0,495,284.8009,1.2515,748.1278,0.0826,A
30,sn1/media-frontend,0.0,2027.57,648.43,0.0,0,0,284.8009,1.2515,1.3303,0.0,A
30,sn1/media-memcached,0.17,4.63,75.33,0.0,0,0,284.8009,1.2515,1.3303,0.0,A
30,sn1/media-mongodb,8.0,73.82,703.91,0.0,0,119,284.8009,1.2515,1.3303,0.0413,A
30,sn1/media-service,76.28,4.86,251.42,0.0,0,690,284.8009,1.2806,748.1278,0.206,A
30,sn1/nginx-thrift,24513.43,41983.11,620.32,0.0,0,10421,2415.1404,411.5303,748.1278,67.5,A
30,sn1/post-storage-memcached,1803.46,71.04,75.33,0.0,0,6340,1469.3398,30.2764,748.1278,4.98,A
30,sn1/post-storage-mongodb,948.12,8188.7,4129.87,0.0039,2,1098,284.8009,15.917,748.1278,2.62,A
30,sn1/post-storage-service,7547.06,92.03,251.42,0.0,0,13759,3188.7455,126.6997,748.1278,20.8,A
30,sn1/social-graph-mongodb,8.73,727.98,756.91,0.0,0,197,284.8009,1.2515,1.3303,0.0206,A
30,sn1/social-graph-redis,2.41,20.04,103.57,0.0,0,216,284.8009,1.2515,1.3303,0.0,A
30,sn1/social-graph-service,0.09,31.3,251.42,0.0,0,0,284.8009,1.2515,1.3303,0.0,A
30,sn1/text-service,1478.61,75.16,251.42,0.0,0,6960,1613.0292,24.8228,748.1278,4.23,A
30,sn1/unique-id-service,77.59,4.64,251.42,0.0,0,698,284.8009,1.3026,748.1278,0.206,A
30,sn1/url-shorten-memcached,0.13,4.63,75.33,0.0,0,0,284.8009,1.2515,1.3303,0.0,A
30,sn1/url-shorten-mongodb,345.24,106.73,702.74,0.0195,2,1762,408.356,5.7959,748.1278,1.07,A
30,sn1/url-shorten-service,1351.56,71.02,251.42,0.0,0,6914,1602.3684,22.6899,748.1278,4.05,A
30,sn1/user-memcached,151.86,6.35,75.33,0.0,0,3486,807.9051,2.5494,748.1278,0.413,A
30,sn1/user-mention-service,238.23,6.84,251.42,0.0,0,1000,284.8009,3.9994,748.1278,0.661,A
30,sn1/user-mongodb,8.31,96.92,704.67,0.0,0,165,284.8009,1.2515,1.3303,0.0413,A
30,sn1/user-service,73.52,18.08,251.42,0.0,0,813,284.8009,1.2515,748.1278,0.206,A
30,sn1/user-timeline-mongodb,15.21,106.82,702.94,0.0,0,321,284.8009,1.2515,748.1278,0.0413,A
30,sn1/user-timeline-redis,157.96,95.53,136.86,0.0,0,824,284.8009,2.6518,748.1278,0.434,A
30,sn1/user-timeline-service,1515.57,518.24,251.42,0.0,0,7868,1823.4646,25.4433,748.1278,4.09,A
31,hotel/consul,13.86,27.77,201.48,0.0,0,3900,905.0457,1.2515,752.3512,0.0533,A
31,hotel/frontend,9904.63,115.08,1119.14,0.0,0,714081,165711.773,135.5099,752.3512,22.5,A
31,hotel/geo,1213.63,27.66,1119.06,0.0,0,3496,811.2922,16.6042,752.3512,3.13,A
31,hotel/jaeger,0.23,14.79,81.01,0.0,0,0,284.8009,1.2515,1.3303,0.0,A
31,hotel/memcached-profile,139.23,7.76,79.25,0.0,0,1854,430.2448,1.9049,752.3512,0.355,A
31,hotel/memcached-rate,105.69,7.6,79.25,0.0,0,3363,780.4278,1.446,752.3512,0.249,A
31,hotel/memcached-reserve,180.65,7.2,79.25,0.0,0,1676,388.9376,2.4716,752.3512,0.462,A
31,hotel/mongodb-geo,7.48,62.86,400.43,0.0,0,191,284.8009,1.2515,1.3303,0.0178,A
31,hotel/mongodb-profile,6.98,63.91,400.43,0.0,0,936,284.8009,1.2515,1.3303,0.0178,A
31,hotel/mongodb-rate,7.47,64.79,400.43,0.0,0,619,284.8009,1.2515,1.3303,0.0355,A
31,hotel/mongodb-recommendation,7.89,62.95,400.43,0.0,0,89,284.8009,1.2515,1.3303,0.0178,A
31,hotel/mongodb-reservation,10.66,250.89,400.43,0.0781,40,228,284.8009,1.2515,752.3512,0.0178,A
31,hotel/mongodb-user,7.96,63.01,400.43,0.0,0,1518,352.2716,1.2515,1.3303,0.0178,A
31,hotel/profile,3274.78,45.43,1119.06,0.0,0,65599,15223.1002,44.8038,752.3512,7.3,A
31,hotel/rate,1398.16,39.05,1119.14,0.0,0,4393,1019.4527,19.1289,752.3512,3.27,A
31,hotel/recommendation,788.41,26.55,1119.06,0.0,0,2435,565.0734,10.7866,752.3512,1.67,A
31,hotel/reservation,3647.66,64.31,1119.06,0.0,0,199030,46187.4972,49.9054,752.3512,9.4,A
31,hotel/search,2869.59,45.44,1119.06,0.0,0,22743,5277.8086,39.2602,752.3512,7.35,A
31,hotel/user,52.25,20.28,1119.06,0.0,0,647,284.8009,1.2515,752.3512,0.124,A
31,sa1/customer-feedback,21077.38,10137.2,13293.62,0.0,0,10574,2453.8341,288.3696,752.3512,62.4,A
31,sn1/compose-post-service,1391.97,81.52,251.42,0.0,0,7705,1788.0453,19.0442,752.3512,3.07,A
31,sn1/home-timeline-redis,293.0,2553.25,952.74,0.0,0,1465,339.9723,4.0087,752.3512,0.657,A
31,sn1/home-timeline-service,1634.72,113.2,251.42,0.0,0,6811,1580.581,22.3654,752.3512,3.78,A
31,sn1/jaeger,59.75,4849.33,75.0,0.0,0,489,284.8009,1.2515,752.3512,0.195,A
31,sn1/media-frontend,0.0,2027.57,648.43,0.0,0,0,284.8009,1.2515,1.3303,0.0,A
31,sn1/media-memcached,0.18,4.63,75.33,0.0,0,0,284.8009,1.2515,1.3303,0.0,A
31,sn1/media-mongodb,9.51,73.82,703.91,0.1133,20,889,284.8009,1.2515,1.3303,0.0355,A
31,sn1/media-service,75.77,4.86,251.42,0.0,0,671,284.8009,1.2515,752.3512,0.178,A
31,sn1/nginx-thrift,24527.82,41990.93,620.32,35.2344,304,12806,2971.7987,335.5767,752.3512,57.7,A
31,sn1/post-storage-memcached,1791.06,71.08,75.33,0.0,0,6687,1551.8052,24.5043,752.3512,4.23,A
31,sn1/post-storage-mongodb,940.64,8187.79,4129.87,0.0586,4,1303,302.3781,12.8693,752.3512,2.26,A
31,sn1/post-storage-service,7510.95,96.08,251.42,0.0,0,14681,3406.9168,102.7609,752.3512,17.4,A
31,sn1/social-graph-mongodb,9.51,728.01,756.91,0.0273,2,104,284.8009,1.2515,1.3303,0.0178,A
31,sn1/social-graph-redis,2.84,20.04,103.57,0.0,0,464,284.8009,1.2515,1.3303,0.0178,A
31,sn1/social-graph-service,0.0,31.3,251.42,0.0,0,0,284.8009,1.2515,1.3303,0.0,A
31,sn1/text-service,1482.36,72.94,251.42,0.0,0,8316,1929.8358,20.2809,752.3512,3.43,A
31,sn1/unique-id-service,76.18,4.64,251.42,0.0,0,792,284.8009,1.2515,752.3512,0.16,A
31,sn1/url-shorten-memcached,0.16,4.63,75.33,0.0,0,0,284.8009,1.2515,1.3303,0.0,A
31,sn1/url-shorten-mongodb,354.09,106.19,702.74,0.0,0,1887,437.9029,4.8445,752.3512,0.87,A
31,sn1/url-shorten-service,1342.33,69.63,251.42,0.0,0,8641,2005.2563,18.3651,752.3512,3.2,A
31,sn1/user-memcached,156.07,6.36,75.33,0.0,0,3157,732.6229,2.1353,752.3512,0.373,A
31,sn1/user-mention-service,243.28,6.84,251.42,0.0,0,1139,284.8009,3.3284,752.3512,0.568,A
31,sn1/user-mongodb,9.36,96.92,704.67,0.0273,2,308,284.8009,1.2515,1.3303,0.0178,A
31,sn1/user-service,72.65,18.08,251.42,0.0,0,679,284.8009,1.2515,752.3512,0.16,A
31,sn1/user-timeline-mongodb,16.36,106.82,702.94,0.0234,2,460,284.8009,1.2515,752.3512,0.0533,A
31,sn1/user-timeline-redis,155.08,95.78,136.86,0.0,0,1313,304.6987,2.1217,752.3512,0.355,A
31,sn1/user-timeline-service,1498.32,518.61,251.42,0.0,0,8745,2029.3909,20.4992,752.3512,3.37,A
32,hotel/consul,14.35,27.77,201.48,0.0,0,2066,484.5703,1.2515,745.7478,0.0385,A
32,hotel/frontend,9964.05,122.48,1119.14,0.0,0,781980,183409.6164,119.0119,745.7478,24.9,A
32,hotel/geo,1139.59,28.47,1119.06,0.0,0,2997,702.9318,13.6114,745.7478,2.87,A
32,hotel/jaeger,0.25,14.79,81.01,0.0,0,0,284.8009,1.2515,1.3303,0.0,A
32,hotel/memcached-profile,139.91,7.7,79.25,0.0,0,1589,372.6922,1.6711,745.7478,0.327,A
32,hotel/memcached-rate,113.92,7.86,79.25,0.0,0,1533,359.5577,1.3607,745.7478,0.289,A
32,hotel/memcached-reserve,171.67,7.2,79.25,0.0,0,1477,346.4232,2.0504,745.7478,0.462,A
32,hotel/mongodb-geo,7.1,62.86,400.43,0.0,0,53,284.8009,1.2515,1.3303,0.0192,A
32,hotel/mongodb-profile,7.05,63.91,400.43,0.0,0,720,284.8009,1.2515,1.3303,0.0192,A
32,hotel/mongodb-rate,8.06,64.79,400.43,0.0273,2,157,284.8009,1.2515,1.3303,0.0385,A
32,hotel/mongodb-recommendation,7.15,62.95,400.43,0.0,0,128,284.8009,1.2515,1.3303,0.0385,A
32,hotel/mongodb-reservation,9.6,250.89,400.43,0.0781,34,68,284.8009,1.2515,1.3303,0.0385,A
32,hotel/mongodb-user,7.11,63.01,400.43,0.0,0,93,284.8009,1.2515,1.3303,0.0192,A
32,hotel/profile,3235.0,49.0,1119.06,0.0,0,77943,18281.1526,38.6393,745.7478,7.99,A
32,hotel/rate,1500.68,38.52,1119.14,0.0,0,3713,870.8661,17.9243,745.7478,3.66,A
32,hotel/recommendation,795.38,27.61,1119.06,0.0,0,2237,524.6775,9.5001,745.7478,1.92,A
32,hotel/reservation,3753.07,62.52,1119.06,0.0,0,212311,49796.5153,44.8271,745.7478,8.49,A
32,hotel/search,2849.8,38.01,1119.06,0.0,0,11655,2733.6237,34.0384,745.7478,6.79,A
32,hotel/user,46.28,20.27,1119.06,0.0,0,1641,384.8886,1.2515,745.7478,0.115,A
32,sa1/customer-feedback,14117.41,10137.2,13293.62,3.8867,38,6599,1547.7634,168.6202,745.7478,41.7,A
32,sn1/compose-post-service,1398.76,78.33,251.42,0.0,0,7019,1646.2724,16.707,745.7478,3.44,A
32,sn1/home-timeline-redis,285.65,2553.79,952.74,0.0,0,1436,336.8068,3.4118,745.7478,0.731,A
32,sn1/home-timeline-service,1611.87,108.49,251.42,0.0,0,5895,1382.6437,19.2524,745.7478,4.12,A
32,sn1/jaeger,1836.24,4854.25,75.0,0.0,0,1805,423.354,21.9323,745.7478,14.2,A
32,sn1/media-frontend,0.0,2027.57,648.43,0.0,0,0,284.8009,1.2515,1.3303,0.0,A
32,sn1/media-memcached,0.15,4.63,75.33,0.0,0,0,284.8009,1.2515,1.3303,0.0,A
32,sn1/media-mongodb,7.97,73.82,703.91,0.0,0,90,284.8009,1.2515,1.3303,0.0385,A
32,sn1/media-service,76.93,4.86,251.42,0.0,0,736,284.8009,1.2515,745.7478,0.192,A
32,sn1/nginx-thrift,24242.46,41995.95,620.32,17.9141,166,9813,2301.5916,289.555,745.7478,62.3,A
32,sn1/post-storage-memcached,1795.78,70.59,75.33,0.0,0,6498,1524.0744,21.449,745.7478,4.56,A
32,sn1/post-storage-mongodb,929.33,8187.71,4129.87,0.0,0,1150,284.8009,11.1,745.7478,2.37,A
32,sn1/post-storage-service,7445.75,92.03,251.42,0.0,0,13146,3083.3305,88.933,745.7478,18.8,A
32,sn1/social-graph-mongodb,8.45,728.01,756.91,1.5898,46,683,284.8009,1.2515,1.3303,0.0192,A
32,sn1/social-graph-redis,2.68,20.04,103.57,0.0,0,256,284.8009,1.2515,1.3303,0.0192,A
32,sn1/social-graph-service,0.04,31.3,251.42,0.0,0,0,284.8009,1.2515,1.3303,0.0,A
32,sn1/text-service,1472.45,67.77,251.42,0.0,0,6876,1612.7325,17.5871,745.7478,3.83,A
32,sn1/unique-id-service,77.87,4.67,251.42,0.0,0,663,284.8009,1.2515,745.7478,0.192,A
32,sn1/url-shorten-memcached,0.14,4.63,75.33,0.0,0,0,284.8009,1.2515,1.3303,0.0,A
32,sn1/url-shorten-mongodb,340.86,106.67,702.74,0.0195,2,1614,378.5559,4.0713,745.7478,0.943,A
32,sn1/url-shorten-service,1328.8,67.4,251.42,0.0,0,6964,1633.3724,15.8714,745.7478,3.6,A
32,sn1/user-memcached,157.51,6.36,75.33,0.0,0,2636,618.261,1.8813,745.7478,0.385,A
32,sn1/user-mention-service,247.33,7.36,251.42,0.0,0,993,284.8009,2.9541,745.7478,0.616,A
32,sn1/user-mongodb,7.96,96.92,704.67,0.0,0,46,284.8009,1.2515,1.3303,0.0192,A
32,sn1/user-service,74.0,18.08,251.42,0.0,0,685,284.8009,1.2515,745.7478,0.173,A
32,sn1/user-timeline-mongodb,14.88,106.82,702.94,0.0,0,305,284.8009,1.2515,745.7478,0.0385,A
32,sn1/user-timeline-redis,153.51,95.54,136.86,0.0,0,1056,284.8009,1.8335,745.7478,0.385,A
32,sn1/user-timeline-service,1511.09,519.38,251.42,0.0,0,7376,1730.005,18.0487,745.7478,3.62,A
33,hotel/consul,14.5,27.77,201.48,0.0,0,2801,680.3584,1.2515,762.381,0.0541,A
33,hotel/frontend,9959.01,126.21,1119.14,0.0,0,728793,177022.6523,131.3387,762.381,23.5,A
33,hotel/geo,1218.62,29.28,1119.06,0.0,0,2750,667.9706,16.0711,762.381,2.98,A
33,hotel/jaeger,0.19,14.79,81.01,0.0,0,0,284.8009,1.2515,1.3303,0.0,A
33,hotel/memcached-profile,140.85,7.71,79.25,0.0,0,1182,287.1059,1.8575,762.381,0.343,A
33,hotel/memcached-rate,108.35,7.62,79.25,0.0,0,2045,496.7272,1.4289,762.381,0.289,A
33,hotel/memcached-reserve,165.21,7.21,79.25,0.0,0,1134,284.8009,2.1788,762.381,0.433,A
33,hotel/mongodb-geo,6.98,62.86,400.43,0.0156,2,791,284.8009,1.2515,1.3303,0.0,A
33,hotel/mongodb-profile,7.2,63.91,400.43,0.0156,2,284,284.8009,1.2515,1.3303,0.0361,A
33,hotel/mongodb-rate,7.28,64.79,400.43,0.0,0,86,284.8009,1.2515,1.3303,0.018,A
33,hotel/mongodb-recommendation,7.72,62.95,400.43,0.0156,2,79,284.8009,1.2515,1.3303,0.018,A
33,hotel/mongodb-reservation,9.95,250.96,400.43,0.0742,32,114,284.8009,1.2515,1.3303,0.0361,A
33,hotel/mongodb-user,7.76,63.01,400.43,0.0156,2,47,284.8009,1.2515,1.3303,0.018,A
33,hotel/profile,3441.81,49.87,1119.06,0.0,0,51581,12528.9423,45.3903,762.381,7.59,A
33,hotel/rate,1398.78,38.14,1119.14,0.0,0,3607,876.1345,18.447,762.381,3.28,A
33,hotel/recommendation,771.76,27.71,1119.06,0.0,0,2196,533.4049,10.1779,762.381,1.97,A
33,hotel/reservation,3171.58,64.9,1119.06,0.0,0,86697,21058.5624,41.8266,762.381,8.15,A
33,hotel/search,2906.03,40.22,1119.06,0.0,0,12183,2959.2312,38.3245,762.381,6.91,A
33,hotel/user,48.07,20.38,1119.06,0.0,0,1374,333.7424,1.2515,762.381,0.108,A
33,sa1/customer-feedback,15620.88,10138.5,13293.62,0.0,0,3357,815.4099,206.007,762.381,42.7,A
33,sn1/compose-post-service,1369.22,76.37,251.42,0.0,0,6231,1513.4999,18.0572,762.381,3.39,A
33,sn1/home-timeline-redis,291.93,2554.35,952.74,0.0,0,1352,328.3986,3.85,762.381,0.667,A
33,sn1/home-timeline-service,1611.46,109.22,251.42,0.0,0,5492,1333.998,21.2518,762.381,3.86,A
33,sn1/jaeger,55.43,4854.86,75.0,0.0,0,522,284.8009,1.2515,762.381,0.162,A
33,sn1/media-frontend,0.0,2027.57,648.43,0.0,0,0,284.8009,1.2515,1.3303,0.0,A
33,sn1/media-memcached,0.17,4.63,75.33,0.0,0,0,284.8009,1.2515,1.3303,0.0,A
33,sn1/media-mongodb,9.4,73.82,703.91,0.0273,2,77,284.8009,1.2515,1.3303,0.0361,A
33,sn1/media-service,73.16,4.86,251.42,0.0,0,691,284.8009,1.2515,762.381,0.162,A
33,sn1/nginx-thrift,24244.93,42010.44,620.32,0.0,0,9833,2388.4199,319.7404,762.381,57.6,A
33,sn1/post-storage-memcached,1784.84,70.79,75.33,0.0,0,6131,1489.2101,23.5383,762.381,4.29,A
33,sn1/post-storage-mongodb,936.83,8187.97,4129.87,0.043,6,1084,284.8009,12.3548,762.381,2.27,A
33,sn1/post-storage-service,7483.49,95.63,251.42,0.0,0,13298,3230.0629,98.6917,762.381,17.9,A
33,sn1/social-graph-mongodb,9.44,728.01,756.91,0.0273,2,92,284.8009,1.2515,1.3303,0.018,A
33,sn1/social-graph-redis,2.47,20.04,103.57,0.0,0,325,284.8009,1.2515,1.3303,0.0361,A
33,sn1/social-graph-service,0.0,31.3,251.42,0.0,0,0,284.8009,1.2515,1.3303,0.0,A
33,sn1/text-service,1422.95,63.58,251.42,0.0,0,6118,1486.0524,18.7658,762.381,3.59,A
33,sn1/unique-id-service,75.36,4.67,251.42,0.0,0,637,284.8009,1.2515,762.381,0.162,A
33,sn1/url-shorten-memcached,0.2,4.63,75.33,0.0,0,0,284.8009,1.2515,1.3303,0.0,A
33,sn1/url-shorten-mongodb,322.18,106.54,702.74,0.0,0,1011,284.8009,4.2489,762.381,0.92,A
33,sn1/url-shorten-service,1288.59,63.44,251.42,0.0,0,5152,1251.4125,16.9938,762.381,3.44,A
33,sn1/user-memcached,152.39,6.38,75.33,0.0,0,2718,660.1978,2.0097,762.381,0.343,A
33,sn1/user-mention-service,236.07,6.89,251.42,0.0,0,1121,284.8009,3.1133,762.381,0.541,A
33,sn1/user-mongodb,8.92,97.17,704.67,0.5078,42,58,284.8009,1.2515,1.3303,0.018,A
33,sn1/user-service,70.9,18.05,251.42,0.0,0,704,284.8009,1.2515,762.381,0.18,A
33,sn1/user-timeline-mongodb,15.65,106.82,702.94,0.043,4,368,284.8009,1.2515,762.381,0.0541,A
33,sn1/user-timeline-redis,153.18,95.54,136.86,0.0,0,921,284.8009,2.0201,762.381,0.379,A
33,sn1/user-timeline-service,1508.21,520.67,251.42,0.0,0,8204,1992.7385,19.8902,762.381,3.55,A
34,hotel/consul,15.8,27.77,201.48,0.0,0,1413,329.6627,1.2515,751.0447,0.0403,A
34,hotel/frontend,9851.61,128.24,1119.14,0.0,0,709565,165546.4142,116.1786,751.0447,25.8,A
34,hotel/geo,1263.52,28.91,1119.06,0.0,0,4372,1020.0178,14.9005,751.0447,3.25,A
34,hotel/jaeger,0.18,14.79,81.01,0.0,0,0,284.8009,1.2515,1.3303,0.0,A
34,hotel/memcached-profile,155.26,8.22,79.25,0.0,0,1879,438.3837,1.831,751.0447,0.383,A
34,hotel/memcached-rate,118.03,7.62,79.25,0.0,0,2608,608.4644,1.3919,751.0447,0.302,A
34,hotel/memcached-reserve,176.53,7.24,79.25,0.0,0,1966,458.6814,2.0818,751.0447,0.444,A
34,hotel/mongodb-geo,7.08,62.86,400.43,0.0,0,3397,792.5436,1.2515,1.3303,0.0202,A
34,hotel/mongodb-profile,7.15,63.91,400.43,0.0,0,549,284.8009,1.2515,1.3303,0.0202,A
34,hotel/mongodb-rate,8.41,64.79,400.43,0.0273,2,659,284.8009,1.2515,1.3303,0.0202,A
34,hotel/mongodb-recommendation,7.33,62.95,400.43,0.0,0,1311,305.8654,1.2515,1.3303,0.0202,A
34,hotel/mongodb-reservation,10.18,250.96,400.43,0.0664,34,331,284.8009,1.2515,751.0447,0.0605,A
34,hotel/mongodb-user,7.22,63.01,400.43,0.0,0,54,284.8009,1.2515,1.3303,0.0202,A
34,hotel/profile,3401.53,46.98,1119.06,0.0,0,62908,14676.8708,40.1138,751.0447,9.25,A
34,hotel/rate,1453.94,38.29,1119.14,0.0,0,7214,1683.076,17.1461,751.0447,3.41,A
34,hotel/recommendation,825.53,26.89,1119.06,0.0,0,2875,670.7574,9.7354,751.0447,2.32,A
34,hotel/reservation,3676.13,74.35,1119.06,0.0,0,201323,46970.0461,43.3521,751.0447,8.83,A
34,hotel/search,2903.1,38.86,1119.06,0.0,0,11427,2665.998,34.2358,751.0447,7.62,A
34,hotel/user,57.23,20.79,1119.06,0.0,0,1750,408.2871,1.2515,751.0447,0.121,A
34,sa1/customer-feedback,17832.15,10139.0,13293.62,0.0,0,10694,2494.984,210.292,751.0447,42.7,A
34,sn1/compose-post-service,1321.68,77.84,251.42,0.0,0,6903,1610.5176,15.5864,751.0447,3.57,A
34,sn1/home-timeline-redis,292.09,2553.38,952.74,0.0,0,1586,370.0248,3.4446,751.0447,0.786,A
34,sn1/home-timeline-service,1608.98,109.04,251.42,0.0,0,7178,1674.677,18.9745,751.0447,4.31,A
34,sn1/jaeger,16.98,4854.86,75.0,0.0,0,384,284.8009,1.2515,751.0447,0.121,A
34,sn1/media-frontend,0.0,2027.57,648.43,0.0,0,0,284.8009,1.2515,1.3303,0.0,A
34,sn1/media-memcached,0.14,4.63,75.33,0.0,0,0,284.8009,1.2515,1.3303,0.0,A
34,sn1/media-mongodb,8.16,73.82,703.91,0.0,0,97,284.8009,1.2515,1.3303,0.0403,A
34,sn1/media-service,72.44,4.86,251.42,0.0,0,735,284.8009,1.2515,751.0447,0.181,A
34,sn1/nginx-thrift,24418.13,42018.18,620.32,35.1602,312,11339,2645.467,287.9595,751.0447,65.4,A
34,sn1/post-storage-memcached,1777.96,70.34,75.33,0.0,0,6332,1477.2993,20.9672,751.0447,4.72,A
34,sn1/post-storage-mongodb,932.94,8187.59,4129.87,0.0,0,1269,296.0665,11.002,751.0447,2.48,A
34,sn1/post-storage-service,7450.78,94.29,251.42,0.0,0,14393,3357.9863,87.866,751.0447,19.7,A
34,sn1/social-graph-mongodb,8.4,728.01,756.91,0.0,0,127,284.8009,1.2515,1.3303,0.0403,A
34,sn1/social-graph-redis,2.32,20.04,103.57,0.0,0,273,284.8009,1.2515,1.3303,0.0,A
34,sn1/social-graph-service,0.08,31.3,251.42,0.0,0,0,284.8009,1.2515,1.3303,0.0,A
34,sn1/text-service,1386.27,60.83,251.42,0.0,0,6860,1600.4854,16.3481,751.0447,3.91,A
34,sn1/unique-id-service,74.24,4.67,251.42,0.0,0,913,284.8009,1.2515,751.0447,0.202,A
34,sn1/url-shorten-memcached,0.13,4.63,75.33,0.0,0,0,284.8009,1.2515,1.3303,0.0,A
34,sn1/url-shorten-mongodb,306.32,105.8,702.74,0.0273,4,2106,491.3443,3.6124,751.0447,0.968,A
34,sn1/url-shorten-service,1199.32,63.49,251.42,0.0,0,8013,1869.4882,14.1434,751.0447,3.71,A
34,sn1/user-memcached,152.47,6.35,75.33,0.0,0,2422,565.0693,1.7981,751.0447,0.423,A
34,sn1/user-mention-service,230.86,6.75,251.42,0.0,0,968,284.8009,2.7225,751.0447,0.625,A
34,sn1/user-mongodb,7.97,96.92,704.67,0.0,0,910,284.8009,1.2515,1.3303,0.0403,A
34,sn1/user-service,68.04,18.02,251.42,0.0,0,760,284.8009,1.2515,751.0447,0.181,A
34,sn1/user-timeline-mongodb,15.34,106.82,702.94,0.0,0,1056,284.8009,1.2515,751.0447,0.0403,A
34,sn1/user-timeline-redis,153.19,95.52,136.86,0.0,0,835,284.8009,1.8065,751.0447,0.423,A
34,sn1/user-timeline-service,1481.13,519.65,251.42,0.0,0,8152,1901.9179,17.4668,751.0447,3.85,A
35,hotel/consul,15.33,27.77,201.48,0.0,0,1790,439.1523,1.2515,727.9155,0.0392,A
35,hotel/frontend,9939.71,123.22,1119.14,0.0,0,755256,185291.842,135.2601,727.9155,25.5,A
35,hotel/geo,1308.68,27.75,1119.06,0.0,0,4284,1051.0214,17.8086,727.9155,3.13,A
35,hotel/jaeger,0.19,14.79,81.01,0.0,0,0,284.8009,1.2515,1.3303,0.0,A
35,hotel/memcached-profile,151.73,7.73,79.25,0.0,0,2312,567.2179,2.0647,727.9155,0.392,A
35,hotel/memcached-rate,104.29,7.64,79.25,0.0,0,2195,538.5136,1.4192,727.9155,0.274,A
35,hotel/memcached-reserve,187.67,7.23,79.25,0.0,0,1974,484.2942,2.5538,727.9155,0.49,A
35,hotel/mongodb-geo,7.99,62.86,400.43,0.0156,2,128,284.8009,1.2515,1.3303,0.0196,A
35,hotel/mongodb-profile,7.89,63.91,400.43,0.0156,2,126,284.8009,1.2515,1.3303,0.0196,A
35,hotel/mongodb-rate,7.67,64.79,400.43,0.0,0,237,284.8009,1.2515,1.3303,0.0196,A
35,hotel/mongodb-recommendation,8.07,62.95,400.43,0.0156,2,56,284.8009,1.2515,1.3303,0.0196,A
35,hotel/mongodb-reservation,10.44,250.98,400.43,0.0781,32,397,284.8009,1.2515,727.9155,0.0392,A
35,hotel/mongodb-user,8.16,63.01,400.43,0.0156,2,180,284.8009,1.2515,1.3303,0.0392,A
35,hotel/profile,3393.29,46.49,1119.06,0.0,0,24720,6064.7176,46.1761,727.9155,9.21,A
35,hotel/rate,1592.23,41.89,1119.14,0.0,0,7390,1813.0365,21.6671,727.9155,3.55,A
35,hotel/recommendation,811.47,25.76,1119.06,0.0,0,3904,957.7936,11.0425,727.9155,2.12,A
35,hotel/reservation,3500.5,65.96,1119.06,0.0,0,130795,32088.7838,47.635,727.9155,10.6,A
35,hotel/search,2942.36,33.89,1119.06,0.0,0,11223,2753.4112,40.0398,727.9155,7.62,A
35,hotel/user,46.93,21.04,1119.06,0.0,0,2178,534.3428,1.2515,727.9155,0.118,A
35,sa1/customer-feedback,18656.83,10140.84,13293.62,0.0,0,18653,4576.2612,253.8831,727.9155,27.1,A
35,sn1/compose-post-service,1338.79,77.14,251.42,0.0,0,5979,1466.8668,18.2183,727.9155,3.41,A
35,sn1/home-timeline-redis,285.63,2553.63,952.74,0.0,0,1229,301.5185,3.8869,727.9155,0.764,A
35,sn1/home-timeline-service,1580.76,110.15,251.42,0.0,0,5409,1327.025,21.5111,727.9155,4.11,A
35,sn1/jaeger,58.01,4854.86,75.0,0.0,0,545,284.8009,1.2515,727.9155,0.215,A
35,sn1/media-frontend,0.0,2027.57,648.43,0.0,0,0,284.8009,1.2515,1.3303,0.0,A
35,sn1/media-memcached,0.16,4.63,75.33,0.0,0,0,284.8009,1.2515,1.3303,0.0,A
35,sn1/media-mongodb,9.49,73.82,703.91,0.0352,6,408,284.8009,1.2515,1.3303,0.0392,A
35,sn1/media-service,72.24,4.7,251.42,0.0,0,581,284.8009,1.2515,727.9155,0.196,A
35,sn1/nginx-thrift,24366.38,42028.15,620.32,17.7109,158,9114,2235.9966,331.579,727.9155,62.2,A
35,sn1/post-storage-memcached,1786.25,70.39,75.33,0.0,0,6480,1589.7803,24.3074,727.9155,4.62,A
35,sn1/post-storage-mongodb,946.24,8188.11,4129.87,0.0391,2,1220,299.3105,12.8765,727.9155,2.41,A
35,sn1/post-storage-service,7454.44,92.75,251.42,0.0,0,13148,3225.6839,101.4404,727.9155,19.0,A
35,sn1/social-graph-mongodb,9.62,728.01,756.91,0.0273,2,148,284.8009,1.2515,1.3303,0.0392,A
35,sn1/social-graph-redis,2.54,20.04,103.57,0.0,0,766,284.8009,1.2515,1.3303,0.0196,A
35,sn1/social-graph-service,0.0,31.3,251.42,0.0,0,0,284.8009,1.2515,1.3303,0.0,A
35,sn1/text-service,1409.57,65.28,251.42,0.0,0,6065,1487.9657,19.1815,727.9155,3.74,A
35,sn1/unique-id-service,75.18,4.67,251.42,0.0,0,657,284.8009,1.2515,727.9155,0.215,A
35,sn1/url-shorten-memcached,0.13,4.63,75.33,0.0,0,0,284.8009,1.2515,1.3303,0.0,A
35,sn1/url-shorten-mongodb,313.75,105.78,702.74,0.0,0,1367,335.375,4.2695,727.9155,0.862,A
35,sn1/url-shorten-service,1190.01,65.89,251.42,0.0,0,5500,1349.3506,16.1937,727.9155,3.29,A
35,sn1/user-memcached,151.14,6.35,75.33,0.0,0,2430,596.1676,2.0567,727.9155,0.372,A
35,sn1/user-mention-service,233.25,6.77,251.42,0.0,0,1094,284.8009,3.1741,727.9155,0.588,A
35,sn1/user-mongodb,9.45,97.17,704.67,0.0273,2,83,284.8009,1.2515,1.3303,0.0196,A
35,sn1/user-service,66.86,17.98,251.42,0.0,0,853,284.8009,1.2515,727.9155,0.176,A
35,sn1/user-timeline-mongodb,15.86,106.82,702.94,0.0234,2,797,284.8009,1.2515,727.9155,0.0392,A
35,sn1/user-timeline-redis,153.34,95.77,136.86,0.0,0,1202,294.8944,2.0867,727.9155,0.392,A
35,sn1/user-timeline-service,1514.89,519.5,251.42,0.0,0,7893,1936.4408,20.6147,727.9155,3.8,A
36,hotel/consul,15.08,27.78,201.48,0.0,0,1424,341.3114,1.2515,719.4945,0.0369,A
36,hotel/frontend,9934.68,112.7,1119.14,0.0,0,829821,198895.6137,138.1443,719.4945,24.4,A
36,hotel/geo,1098.94,30.19,1119.06,0.0,0,3146,754.0489,15.281,719.4945,2.86,A
36,hotel/jaeger,0.17,14.79,81.01,0.0,0,0,284.8009,1.2515,1.3303,0.0,A
36,hotel/memcached-profile,137.03,7.71,79.25,0.0,0,1748,418.9693,1.9054,719.4945,0.369,A
36,hotel/memcached-rate,89.2,7.61,79.25,0.0,0,2978,713.7818,1.2515,719.4945,0.24,A
36,hotel/memcached-reserve,162.38,7.18,79.25,0.0,0,1761,422.0852,2.2579,719.4945,0.442,A
36,hotel/mongodb-geo,6.99,62.86,400.43,0.0352,4,43,284.8009,1.2515,1.3303,0.0184,A
36,hotel/mongodb-profile,7.29,63.91,400.43,0.0352,4,51,284.8009,1.2515,1.3303,0.0369,A
36,hotel/mongodb-rate,8.07,64.79,400.43,0.0273,2,81,284.8009,1.2515,1.3303,0.0369,A
36,hotel/mongodb-recommendation,7.18,62.95,400.43,0.0352,4,2225,533.299,1.2515,1.3303,0.0184,A
36,hotel/mongodb-reservation,10.55,250.99,400.43,0.0703,36,207,284.8009,1.2515,719.4945,0.0184,A
36,hotel/mongodb-user,7.18,63.01,400.43,0.0352,4,682,284.8009,1.2515,1.3303,0.0,A
36,hotel/profile,3005.68,45.61,1119.06,0.0,0,51106,12249.3396,41.7947,719.4945,7.69,A
36,hotel/rate,1325.87,38.92,1119.14,0.0,0,3744,897.3805,18.4366,719.4945,3.39,A
36,hotel/recommendation,712.42,25.44,1119.06,0.0,0,2148,514.8433,9.9064,719.4945,1.92,A
36,hotel/reservation,3240.68,64.07,1119.06,0.0,0,149923,35934.2883,45.0625,719.4945,7.58,A
36,hotel/search,2591.37,36.32,1119.06,0.0,0,8795,2108.0292,36.0337,719.4945,6.23,A
36,hotel/user,47.67,20.48,1119.06,0.0,0,1008,284.8009,1.2515,719.4945,0.147,A
36,sa1/customer-feedback,11738.01,10140.64,13293.62,0.0,0,5838,1399.2808,163.22,719.4945,50.3,A
36,sn1/compose-post-service,1419.38,77.41,251.42,0.0,0,6964,1669.1661,19.7368,719.4945,3.37,A
36,sn1/home-timeline-redis,287.36,2553.9,952.74,0.0,0,1643,393.8024,3.9958,719.4945,0.682,A
36,sn1/home-timeline-service,1623.33,109.86,251.42,0.0,0,5399,1294.0591,22.5728,719.4945,3.89,A
36,sn1/jaeger,13.96,4854.87,75.0,0.0,0,1210,290.0188,1.2515,719.4945,0.0737,A
36,sn1/media-frontend,0.0,2027.57,648.43,0.0,0,0,284.8009,1.2515,1.3303,0.0,A
36,sn1/media-memcached,0.2,4.63,75.33,0.0,0,0,284.8009,1.2515,1.3303,0.0,A
36,sn1/media-mongodb,8.32,73.82,703.91,0.0,0,267,284.8009,1.2515,1.3303,0.0369,A
36,sn1/media-service,74.36,4.93,251.42,0.0,0,1200,287.622,1.2515,719.4945,0.184,A
36,sn1/nginx-thrift,24369.6,42034.14,620.32,0.0,0,9154,2194.0761,338.8655,719.4945,59.6,A
36,sn1/post-storage-memcached,1801.18,70.63,75.33,0.0,0,5978,1432.8367,25.0459,719.4945,4.5,A
36,sn1/post-storage-mongodb,942.44,8188.19,4129.87,8.8984,148,1112,284.8009,13.1049,719.4945,2.38,A
36,sn1/post-storage-service,7488.72,95.7,251.42,0.0,0,13606,3261.1536,104.1326,719.4945,18.5,A
36,sn1/social-graph-mongodb,8.78,728.01,756.91,0.0039,2,65,284.8009,1.2515,1.3303,0.0184,A
36,sn1/social-graph-redis,2.37,20.04,103.57,0.0,0,316,284.8009,1.2515,1.3303,0.0,A
36,sn1/social-graph-service,0.06,31.3,251.42,0.0,0,0,284.8009,1.2515,1.3303,0.0,A
36,sn1/text-service,1481.72,68.35,251.42,0.0,0,6671,1598.9384,20.6037,719.4945,3.72,A
36,sn1/unique-id-service,78.25,4.64,251.42,0.0,0,695,284.8009,1.2515,719.4945,0.184,A
36,sn1/url-shorten-memcached,0.13,4.63,75.33,0.0,0,0,284.8009,1.2515,1.3303,0.0,A
36,sn1/url-shorten-mongodb,325.24,107.09,702.74,0.043,4,1889,452.7649,4.5225,719.4945,0.922,A
36,sn1/url-shorten-service,1255.96,66.21,251.42,0.0,0,7894,1892.0731,17.4644,719.4945,3.43,A
36,sn1/user-memcached,158.92,6.86,75.33,0.0,0,2516,603.0474,2.2098,719.4945,0.387,A
36,sn1/user-mention-service,243.95,6.76,251.42,0.0,0,1235,296.0109,3.3922,719.4945,0.608,A
36,sn1/user-mongodb,8.38,96.92,704.67,0.0039,2,128,284.8009,1.2515,1.3303,0.0369,A
36,sn1/user-service,69.36,18.02,251.42,0.0,0,667,284.8009,1.2515,719.4945,0.147,A
36,sn1/user-timeline-mongodb,15.26,106.82,702.94,0.0391,6,552,284.8009,1.2515,719.4945,0.0553,A
36,sn1/user-timeline-redis,153.64,95.52,136.86,0.0,0,883,284.8009,2.1364,719.4945,0.369,A
36,sn1/user-timeline-service,1521.09,518.18,251.42,0.0,0,7087,1698.6473,21.1511,719.4945,3.69,A
37,hotel/consul,14.8,27.78,201.48,0.0,0,1500,347.9205,1.2515,751.2293,0.038,A
37,hotel/frontend,9848.59,114.21,1119.14,0.0,0,990217,229677.8825,141.0266,751.2293,24.9,A
37,hotel/geo,1157.69,29.0,1119.06,0.0,0,2603,603.7581,16.5775,751.2293,2.38,A
37,hotel/jaeger,0.2,14.79,81.01,0.0,0,0,284.8009,1.2515,1.3303,0.0,A
37,hotel/memcached-profile,126.57,7.71,79.25,0.0,0,1922,445.8022,1.8124,751.2293,0.304,A
37,hotel/memcached-rate,101.75,8.13,79.25,0.0,0,1555,360.6776,1.457,751.2293,0.228,A
37,hotel/memcached-reserve,159.52,7.25,79.25,0.0,0,1611,373.6666,2.2842,751.2293,0.361,A
37,hotel/mongodb-geo,7.57,62.86,400.43,0.0156,2,132,284.8009,1.2515,1.3303,0.038,A
37,hotel/mongodb-profile,7.5,63.91,400.43,0.0156,2,203,284.8009,1.2515,1.3303,0.038,A
37,hotel/mongodb-rate,7.32,64.79,400.43,0.0,0,315,284.8009,1.2515,1.3303,0.019,A
37,hotel/mongodb-recommendation,8.1,62.95,400.43,0.0156,2,94,284.8009,1.2515,1.3303,0.019,A
37,hotel/mongodb-reservation,9.67,251.0,400.43,0.082,32,3274,759.3945,1.2515,1.3303,0.038,A
37,hotel/mongodb-user,7.72,63.01,400.43,0.0156,2,494,284.8009,1.2515,1.3303,0.019,A
37,hotel/profile,3371.47,51.25,1119.06,0.0,0,88473,20521.0487,48.2777,751.2293,8.06,A
37,hotel/rate,1379.59,46.08,1119.14,0.0,0,3838,890.2127,19.755,751.2293,3.12,A
37,hotel/recommendation,734.09,27.93,1119.06,0.0,0,2364,548.3228,10.5118,751.2293,1.69,A
37,hotel/reservation,3292.76,70.04,1119.06,0.0,0,196109,45486.8982,47.1506,751.2293,7.4,A
37,hotel/search,2627.03,38.79,1119.06,0.0,0,13457,3121.3111,37.6177,751.2293,5.84,A
37,hotel/user,45.74,20.48,1119.06,0.0,0,1267,293.8769,1.2515,751.2293,0.0951,A
37,sa1/customer-feedback,19153.13,10139.84,13293.62,0.0,0,10162,2357.0456,274.2626,751.2293,31.5,A
37,sn1/compose-post-service,1383.44,77.08,251.42,0.0,0,6622,1535.9532,19.8101,751.2293,3.35,A
37,sn1/home-timeline-redis,292.75,2553.21,952.74,0.0,0,1363,316.1438,4.192,751.2293,0.722,A
37,sn1/home-timeline-service,1612.54,109.23,251.42,0.0,0,5991,1389.5946,23.0907,751.2293,4.14,A
37,sn1/jaeger,61.29,4854.88,75.0,0.0,0,605,284.8009,1.2515,751.2293,0.19,A
37,sn1/media-frontend,0.0,2027.57,648.43,0.0,0,0,284.8009,1.2515,1.3303,0.0,A
37,sn1/media-memcached,0.18,4.63,75.33,0.0,0,0,284.8009,1.2515,1.3303,0.0,A
37,sn1/media-mongodb,9.69,73.82,703.91,0.0312,4,106,284.8009,1.2515,1.3303,0.038,A
37,sn1/media-service,75.21,4.93,251.42,0.0,0,700,284.8009,1.2515,751.2293,0.171,A
37,sn1/nginx-thrift,24301.87,42045.59,620.32,35.0078,302,10041,2328.98,347.9898,751.2293,60.6,A
37,sn1/post-storage-memcached,1772.98,70.27,75.33,0.0,0,6940,1609.7123,25.3881,751.2293,4.47,A
37,sn1/post-storage-mongodb,913.73,8187.97,4129.87,0.0391,2,1123,284.8009,13.0841,751.2293,2.26,A
37,sn1/post-storage-service,7413.39,93.58,251.42,0.0,0,13705,3178.8339,106.1558,751.2293,18.3,A
37,sn1/social-graph-mongodb,9.57,728.01,756.91,0.0273,2,853,284.8009,1.2515,1.3303,0.019,A
37,sn1/social-graph-redis,2.38,20.04,103.57,0.0,0,1034,284.8009,1.2515,1.3303,0.0,A
37,sn1/social-graph-service,0.0,31.3,251.42,0.0,0,0,284.8009,1.2515,1.3303,0.0,A
37,sn1/text-service,1449.8,65.04,251.42,0.0,0,6722,1559.1479,20.7604,751.2293,3.71,A
37,sn1/unique-id-service,76.49,4.67,251.42,0.0,0,650,284.8009,1.2515,751.2293,0.19,A
37,sn1/url-shorten-memcached,0.15,4.63,75.33,0.0,0,0,284.8009,1.2515,1.3303,0.0,A
37,sn1/url-shorten-mongodb,309.83,106.63,702.74,0.0,0,1577,365.7805,4.4366,751.2293,0.894,A
37,sn1/url-shorten-service,1254.26,65.68,251.42,0.0,0,5976,1386.1154,17.9603,751.2293,3.5,A
37,sn1/user-memcached,155.21,6.59,75.33,0.0,0,1881,436.2923,2.2225,751.2293,0.38,A
37,sn1/user-mention-service,234.17,6.69,251.42,0.0,0,1030,284.8009,3.3532,751.2293,0.57,A
37,sn1/user-mongodb,8.95,96.92,704.67,0.0273,2,136,284.8009,1.2515,1.3303,0.019,A
37,sn1/user-service,70.44,18.02,251.42,0.0,0,820,284.8009,1.2515,751.2293,0.152,A
37,sn1/user-timeline-mongodb,15.49,106.82,702.94,0.0469,4,254,284.8009,1.2515,751.2293,0.038,A
37,sn1/user-timeline-redis,153.44,95.77,136.86,0.0,0,1157,284.8009,2.1972,751.2293,0.38,A
37,sn1/user-timeline-service,1483.13,519.52,251.42,0.0,0,7769,1801.9964,21.2376,751.2293,3.52,A
38,hotel/consul,15.91,27.78,201.48,0.0,0,1029,284.8009,1.2515,738.3126,0.0615,A
38,hotel/frontend,9878.15,113.02,1119.14,0.0,0,727221,158915.9992,409.83,738.3126,26.9,A
38,hotel/geo,1137.79,27.36,1119.06,0.0,0,3720,812.9132,47.2052,738.3126,2.87,A
38,hotel/jaeger,0.21,14.79,81.01,0.0,0,4039,882.6226,1.2515,1.3303,0.0,A
38,hotel/memcached-profile,136.31,7.76,79.25,0.0,0,2439,532.9826,5.6553,738.3126,0.308,A
38,hotel/memcached-rate,106.81,7.63,79.25,0.0,0,2282,498.6741,4.4314,738.3126,0.267,A
38,hotel/memcached-reserve,170.07,8.75,79.25,0.0,0,1779,388.756,7.056,738.3126,0.431,A
38,hotel/mongodb-geo,7.26,62.86,400.43,0.0,0,258,284.8009,1.2515,1.3303,0.0205,A
38,hotel/mongodb-profile,7.35,63.91,400.43,0.0,0,49,284.8009,1.2515,1.3303,0.0205,A
38,hotel/mongodb-rate,8.44,64.79,400.43,0.0273,2,956,284.8009,1.2515,1.3303,0.041,A
38,hotel/mongodb-recommendation,7.59,62.95,400.43,0.0,0,506,284.8009,1.2515,1.3303,0.0205,A
38,hotel/mongodb-reservation,9.19,251.0,400.43,0.0469,24,154,284.8009,1.2515,1.3303,0.0205,A
38,hotel/mongodb-user,7.06,63.01,400.43,0.0,0,44,284.8009,1.2515,1.3303,0.041,A
38,hotel/profile,3332.03,41.22,1119.06,0.0,0,85850,18760.3748,138.241,738.3126,9.11,A
38,hotel/rate,1423.05,36.95,1119.14,0.0,0,5497,1201.2322,59.0403,738.3126,3.16,A
38,hotel/recommendation,815.67,26.99,1119.06,0.0,0,3165,691.6318,33.841,738.3126,2.01,A
38,hotel/reservation,3638.35,66.29,1119.06,0.0,0,259876,56789.4137,150.9498,738.3126,8.55,A
38,hotel/search,2757.26,31.29,1119.06,0.0,0,12383,2705.9956,114.3947,738.3126,6.61,A
38,hotel/user,58.66,21.05,1119.06,0.0,0,4000,874.1002,2.4337,738.3126,0.164,A
38,sa1/customer-feedback,17861.99,10139.59,13293.62,3.8711,42,7054,1541.4756,741.0678,738.3126,38.7,A
38,sn1/compose-post-service,1406.48,78.34,251.42,0.0,0,7237,1581.4657,58.3528,738.3126,3.75,A
38,sn1/home-timeline-redis,296.88,2553.5,952.74,0.0,0,1535,335.4359,12.3171,738.3126,0.821,A
38,sn1/home-timeline-service,1638.62,107.74,251.42,0.0,0,6658,1454.9397,67.9839,738.3126,4.45,A
38,sn1/jaeger,13.63,4854.89,75.0,0.0,0,845,284.8009,1.2515,738.3126,0.0615,A
38,sn1/media-frontend,0.0,2027.57,648.43,0.0,0,0,284.8009,1.2515,1.3303,0.0,A
38,sn1/media-memcached,0.2,4.63,75.33,0.0,0,0,284.8009,1.2515,1.3303,0.0,A
38,sn1/media-mongodb,8.24,73.82,703.91,0.0,0,1380,301.5646,1.2515,1.3303,0.0205,A
38,sn1/media-service,78.0,4.93,251.42,0.0,0,973,284.8009,3.2361,738.3126,0.205,A
38,sn1/nginx-thrift,24660.49,42054.38,620.32,18.1836,166,11527,2518.9382,1023.1276,738.3126,66.2,A
38,sn1/post-storage-memcached,1810.59,70.31,75.33,0.0,0,6439,1407.0827,75.1187,738.3126,4.9,A
38,sn1/post-storage-mongodb,948.12,8188.27,4129.87,0.0,0,1158,284.8009,39.3361,738.3126,2.54,A
38,sn1/post-storage-service,7536.9,93.04,251.42,0.0,0,15034,3285.3055,312.6949,738.3126,20.2,A
38,sn1/social-graph-mongodb,10.6,728.01,756.91,0.0039,2,347,284.8009,1.2515,738.3126,0.041,A
38,sn1/social-graph-redis,2.12,20.04,103.57,0.0,0,359,284.8009,1.2515,1.3303,0.0,A
38,sn1/social-graph-service,0.09,31.3,251.42,0.0,0,0,284.8009,1.2515,1.3303,0.0,A
38,sn1/text-service,1489.35,66.51,251.42,0.0,0,7160,1564.6393,61.7909,738.3126,4.12,A
38,sn1/unique-id-service,79.3,4.67,251.42,0.0,0,854,284.8009,3.29,738.3126,0.205,A
38,sn1/url-shorten-memcached,0.15,4.63,75.33,0.0,0,0,284.8009,1.2515,1.3303,0.0,A
38,sn1/url-shorten-mongodb,325.93,106.25,702.74,0.0273,2,2068,451.9098,13.5224,738.3126,0.923,A
38,sn1/url-shorten-service,1309.38,65.87,251.42,0.0,0,9160,2001.6894,54.3243,738.3126,3.86,A
38,sn1/user-memcached,159.35,6.36,75.33,0.0,0,3061,668.9052,6.6112,738.3126,0.431,A
38,sn1/user-mention-service,242.03,6.8,251.42,0.0,0,1019,284.8009,10.0415,738.3126,0.636,A
38,sn1/user-mongodb,8.92,96.93,704.67,0.0039,2,102,284.8009,1.2515,1.3303,0.041,A
38,sn1/user-service,72.25,18.02,251.42,0.0,0,757,284.8009,2.9975,738.3126,0.185,A
38,sn1/user-timeline-mongodb,15.08,106.82,702.94,0.0,0,1490,325.6023,1.2515,738.3126,0.0615,A
38,sn1/user-timeline-redis,154.97,96.03,136.86,0.0,0,915,284.8009,6.4295,738.3126,0.431,A
38,sn1/user-timeline-service,1519.58,517.66,251.42,0.0,0,8550,1868.3891,63.0451,738.3126,4.04,A
39,hotel/consul,14.88,27.79,201.48,0.0,0,1827,443.7138,1.2515,728.3205,0.0461,A
39,hotel/frontend,9945.87,112.3,1119.14,0.0,0,875052,212519.2475,107.8416,728.3205,30.1,A
39,hotel/geo,1115.65,28.69,1119.06,0.0,0,2327,565.1462,12.0968,728.3205,3.73,A
39,hotel/jaeger,0.2,14.79,81.01,0.0,0,0,284.8009,1.2515,1.3303,0.0,A
39,hotel/memcached-profile,133.04,7.73,79.25,0.0,0,1253,304.3095,1.4425,728.3205,0.392,A
39,hotel/memcached-rate,99.39,7.81,79.25,0.0,0,1157,284.8009,1.2515,728.3205,0.3,A
39,hotel/memcached-reserve,161.13,7.46,79.25,0.0,0,1231,298.9665,1.7471,728.3205,0.507,A
39,hotel/mongodb-geo,7.64,62.86,400.43,0.0312,4,72,284.8009,1.2515,1.3303,0.0231,A
39,hotel/mongodb-profile,7.16,63.92,400.43,0.0195,2,37,284.8009,1.2515,1.3303,0.0461,A
39,hotel/mongodb-rate,7.26,64.79,400.43,0.0,0,166,284.8009,1.2515,1.3303,0.0231,A
39,hotel/mongodb-recommendation,7.73,62.96,400.43,0.0195,2,412,284.8009,1.2515,1.3303,0.0461,A
39,hotel/mongodb-reservation,10.3,251.01,400.43,0.082,34,166,284.8009,1.2515,728.3205,0.0231,A
39,hotel/mongodb-user,7.95,63.01,400.43,0.0195,2,54,284.8009,1.2515,1.3303,0.0461,A
39,hotel/profile,3455.43,50.32,1119.06,0.0,0,39453,9581.7413,37.4667,728.3205,10.7,A
39,hotel/rate,1475.53,36.67,1119.14,0.0,0,3773,916.3285,15.999,728.3205,4.59,A
39,hotel/recommendation,723.97,26.41,1119.06,0.0,0,1704,413.8415,7.8499,728.3205,2.56,A
39,hotel/reservation,3796.8,61.62,1119.06,0.0,0,145098,35239.1832,41.1681,728.3205,11.4,A
39,hotel/search,2742.25,31.02,1119.06,0.0,0,10747,2610.067,29.7338,728.3205,8.87,A
39,hotel/user,48.2,19.9,1119.06,0.0,0,1518,368.6686,1.2515,728.3205,0.138,A
39,sa1/customer-feedback,10732.95,10140.06,13293.62,0.0,0,3621,879.4131,116.3758,728.3205,0.207,A
39,sn1/compose-post-service,1353.03,73.85,251.42,0.0,0,6368,1546.5625,14.6707,728.3205,4.08,A
39,sn1/home-timeline-redis,297.3,2554.01,952.74,0.0,0,1223,297.0235,3.2236,728.3205,0.945,A
39,sn1/home-timeline-service,1617.63,109.51,251.42,0.0,0,4421,1073.7049,17.5397,728.3205,4.98,A
39,sn1/jaeger,61.61,4854.89,75.0,0.0,0,521,284.8009,1.2515,728.3205,0.254,A
39,sn1/media-frontend,0.0,2027.57,648.43,0.0,0,0,284.8009,1.2515,1.3303,0.0,A
39,sn1/media-memcached,0.17,4.63,75.33,0.0,0,0,284.8009,1.2515,1.3303,0.0,A
39,sn1/media-mongodb,9.41,73.82,703.91,0.0273,2,113,284.8009,1.2515,1.3303,0.0461,A
39,sn1/media-service,73.82,4.86,251.42,0.0,0,528,284.8009,1.2515,728.3205,0.231,A
39,sn1/nginx-thrift,24232.69,42063.62,620.32,0.0,0,8264,2007.0339,262.7515,728.3205,74.2,A
39,sn1/post-storage-memcached,1800.8,71.39,75.33,0.0,0,5780,1403.758,19.5258,728.3205,5.56,A
39,sn1/post-storage-mongodb,946.9,8188.78,4129.87,0.043,2,1017,284.8009,10.2671,728.3205,2.86,A
39,sn1/post-storage-service,7492.78,95.58,251.42,0.0,0,11691,2839.3313,81.2431,728.3205,22.9,A
39,sn1/social-graph-mongodb,9.6,728.01,756.91,0.0352,4,85,284.8009,1.2515,1.3303,0.0461,A
39,sn1/social-graph-redis,2.18,20.04,103.57,0.0,0,230,284.8009,1.2515,1.3303,0.0,A
39,sn1/social-graph-service,0.0,31.3,251.42,0.0,0,0,284.8009,1.2515,1.3303,0.0,A
39,sn1/text-service,1425.56,60.12,251.42,0.0,0,5469,1328.2271,15.4571,728.3205,4.29,A
39,sn1/unique-id-service,75.92,4.64,251.42,0.0,0,667,284.8009,1.2515,728.3205,0.254,A
39,sn1/url-shorten-memcached,0.16,4.63,75.33,0.0,0,0,284.8009,1.2515,1.3303,0.0,A
39,sn1/url-shorten-mongodb,283.83,105.3,702.74,0.0,0,659,284.8009,3.0775,728.3205,1.04,A
39,sn1/url-shorten-service,1186.24,59.77,251.42,0.0,0,4295,1043.1039,12.8622,728.3205,3.87,A
39,sn1/user-memcached,152.7,6.92,75.33,0.0,0,2383,578.7466,1.6557,728.3205,0.415,A
39,sn1/user-mention-service,231.03,6.83,251.42,0.0,0,981,284.8009,2.505,728.3205,0.668,A
39,sn1/user-mongodb,9.32,96.93,704.67,0.0273,2,165,284.8009,1.2515,1.3303,0.0231,A
39,sn1/user-service,66.38,17.98,251.42,0.0,0,780,284.8009,1.2515,728.3205,0.184,A
39,sn1/user-timeline-mongodb,15.76,106.82,702.94,0.0273,2,366,284.8009,1.2515,728.3205,0.0461,A
39,sn1/user-timeline-redis,155.64,95.8,136.86,0.0,0,1199,291.1948,1.6876,728.3205,0.484,A
39,sn1/user-timeline-service,1529.44,521.07,251.42,0.0,0,6874,1669.452,16.5835,728.3205,4.59,A
40,hotel/consul,14.38,27.79,201.48,0.0,0,6298,1529.535,1.2515,730.6528,0.0538,A
40,hotel/frontend,9877.31,111.69,1119.14,0.0,0,813077,197464.2343,128.8959,730.6528,23.2,A
40,hotel/geo,1202.03,28.99,1119.06,0.0,0,4793,1164.0301,15.6861,730.6528,2.69,A
40,hotel/jaeger,0.21,14.79,81.01,0.0,0,0,284.8009,1.2515,1.3303,0.0,A
40,hotel/memcached-profile,140.43,7.74,79.25,0.0,0,4154,1008.8422,1.8326,730.6528,0.34,A
40,hotel/memcached-rate,111.59,7.59,79.25,0.0,0,4198,1019.5281,1.4562,730.6528,0.251,A
40,hotel/memcached-reserve,179.79,7.24,79.25,0.0,0,7799,1894.0685,2.3462,730.6528,0.394,A
40,hotel/mongodb-geo,7.81,62.86,400.43,0.0,0,307,284.8009,1.2515,1.3303,0.0179,A
40,hotel/mongodb-profile,7.73,63.92,400.43,0.0,0,4411,1071.2574,1.2515,1.3303,0.0179,A
40,hotel/mongodb-rate,9.39,64.8,400.43,0.1055,14,484,284.8009,1.2515,1.3303,0.0179,A
40,hotel/mongodb-recommendation,7.7,62.96,400.43,0.0,0,419,284.8009,1.2515,1.3303,0.0,A
40,hotel/mongodb-reservation,11.11,251.02,400.43,0.082,42,404,284.8009,1.2515,730.6528,0.0358,A
40,hotel/mongodb-user,7.72,63.01,400.43,0.0,0,244,284.8009,1.2515,1.3303,0.0179,A
40,hotel/profile,3215.35,43.38,1119.06,0.0,0,41884,10171.9665,41.9594,730.6528,7.13,A
40,hotel/rate,1543.66,36.95,1119.14,0.0,0,7103,1725.0377,20.1443,730.6528,3.6,A
40,hotel/recommendation,792.51,26.86,1119.06,0.0,0,3649,886.1977,10.342,730.6528,1.88,A
40,hotel/reservation,3323.17,63.32,1119.06,0.0,0,91299,22172.9149,43.3664,730.6528,8.01,A
40,hotel/search,2825.11,33.28,1119.06,0.0,0,21190,5146.2126,36.8668,730.6528,6.59,A
40,hotel/user,50.41,19.92,1119.06,0.0,0,4874,1183.7018,1.2515,730.6528,0.108,A
40,sa1/customer-feedback,28028.93,10142.14,13293.62,0.0,0,13339,3239.5153,365.7691,730.6528,61.4,A
40,sn1/compose-post-service,1410.23,76.98,251.42,0.0,0,8034,1951.1407,18.4031,730.6528,3.4,A
40,sn1/home-timeline-redis,295.45,2554.14,952.74,0.0,0,1962,476.4922,3.8555,730.6528,0.699,A
40,sn1/home-timeline-service,1632.95,109.98,251.42,0.0,0,8787,2134.0146,21.3095,730.6528,3.85,A
40,sn1/jaeger,16.03,4854.89,75.0,0.0,0,371,284.8009,1.2515,730.6528,0.108,A
40,sn1/media-frontend,0.0,2027.57,648.43,0.0,0,0,284.8009,1.2515,1.3303,0.0,A
40,sn1/media-memcached,0.14,4.63,75.33,0.0,0,0,284.8009,1.2515,1.3303,0.0,A
40,sn1/media-mongodb,8.5,73.82,703.91,0.0,0,860,284.8009,1.2515,1.3303,0.0358,A
40,sn1/media-service,75.78,4.77,251.42,0.0,0,998,284.8009,1.2515,730.6528,0.179,A
40,sn1/nginx-thrift,24629.68,42072.88,620.32,35.9297,318,14011,3402.7176,321.4099,730.6528,57.7,A
40,sn1/post-storage-memcached,1808.13,71.05,75.33,0.0,0,7605,1846.9536,23.5956,730.6528,4.26,A
40,sn1/post-storage-mongodb,948.39,8187.75,4129.87,0.0,0,1489,361.6192,12.3762,730.6528,2.28,A
40,sn1/post-storage-service,7535.22,93.78,251.42,0.0,0,17068,4145.1419,98.3324,730.6528,17.7,A
40,sn1/social-graph-mongodb,8.99,728.01,756.91,0.0,0,567,284.8009,1.2515,1.3303,0.0358,A
40,sn1/social-graph-redis,2.35,20.04,103.57,0.0,0,923,284.8009,1.2515,1.3303,0.0,A
40,sn1/social-graph-service,0.04,31.3,251.42,0.0,0,0,284.8009,1.2515,1.3303,0.0,A
40,sn1/text-service,1488.88,64.64,251.42,0.0,0,8844,2147.8577,19.4294,730.6528,3.6,A
40,sn1/unique-id-service,77.48,4.64,251.42,0.0,0,875,284.8009,1.2515,730.6528,0.179,A
40,sn1/url-shorten-memcached,0.17,4.63,75.33,0.0,0,0,284.8009,1.2515,1.3303,0.0,A
40,sn1/url-shorten-mongodb,331.41,105.71,702.74,0.0273,2,3938,956.3844,4.3248,730.6528,0.842,A
40,sn1/url-shorten-service,1261.53,65.09,251.42,0.0,0,8969,2178.2152,16.4626,730.6528,3.12,A
40,sn1/user-memcached,154.39,6.59,75.33,0.0,0,3247,788.5678,2.0147,730.6528,0.358,A
40,sn1/user-mention-service,243.41,6.83,251.42,0.0,0,1108,284.8009,3.1764,730.6528,0.555,A
40,sn1/user-mongodb,8.58,96.93,704.67,0.0,0,94,284.8009,1.2515,1.3303,0.0179,A
40,sn1/user-service,70.71,18.02,251.42,0.0,0,981,284.8009,1.2515,730.6528,0.179,A
40,sn1/user-timeline-mongodb,15.28,106.82,702.94,0.0,0,434,284.8009,1.2515,730.6528,0.0358,A
40,sn1/user-timeline-redis,154.5,95.82,136.86,0.0,0,1156,284.8009,2.0162,730.6528,0.358,A
40,sn1/user-timeline-service,1504.56,517.34,251.42,0.0,0,11057,2685.3078,19.6341,730.6528,3.51,A
41,hotel/consul,17.93,28.42,201.48,0.0,0,931,284.8009,1.2515,765.6702,0.0537,A
41,hotel/frontend,9961.9,128.03,1119.14,0.0,0,751882,169973.8695,162.6634,765.6702,32.1,A
41,hotel/geo,1240.5,26.55,1119.06,0.0,0,2839,641.7973,20.2556,765.6702,4.03,A
41,hotel/jaeger,0.29,14.79,81.01,0.0,0,1275,288.2323,1.2515,1.3303,0.0,A
41,hotel/memcached-profile,139.78,7.77,79.25,0.0,0,1672,377.9799,2.2824,765.6702,0.43,A
41,hotel/memcached-rate,103.51,7.61,79.25,0.0,0,2006,453.4855,1.6902,765.6702,0.34,A
41,hotel/memcached-reserve,178.14,7.27,79.25,0.0,0,1536,347.2352,2.9088,765.6702,0.573,A
41,hotel/mongodb-geo,7.56,62.86,400.43,0.0234,4,879,284.8009,1.2515,1.3303,0.0358,A
41,hotel/mongodb-profile,7.92,63.92,400.43,0.0195,2,250,284.8009,1.2515,1.3303,0.0358,A
41,hotel/mongodb-rate,7.27,64.8,400.43,0.0,0,45,284.8009,1.2515,1.3303,0.0179,A
41,hotel/mongodb-recommendation,7.6,62.96,400.43,0.0352,4,713,284.8009,1.2515,1.3303,0.0179,A
41,hotel/mongodb-reservation,9.6,251.11,400.43,0.0742,24,161,284.8009,1.2515,1.3303,0.0358,A
41,hotel/mongodb-user,8.08,63.01,400.43,0.0195,2,246,284.8009,1.2515,1.3303,0.0179,A
41,hotel/profile,3344.2,42.96,1119.06,0.0,0,52732,11920.8361,54.6059,765.6702,11.4,A
41,hotel/rate,1537.15,37.26,1119.14,0.0,0,5044,1140.2696,25.0994,765.6702,4.87,A
41,hotel/recommendation,784.69,27.84,1119.06,0.0,0,2252,509.0974,12.8129,765.6702,2.6,A
41,hotel/reservation,3669.44,61.36,1119.06,0.0,0,254305,57489.3466,59.9166,765.6702,11.5,A
41,hotel/search,2918.06,35.35,1119.06,0.0,0,8034,1816.2026,47.6477,765.6702,9.42,A
41,hotel/user,54.96,20.25,1119.06,0.0,0,814,284.8009,1.2515,765.6702,0.215,A
41,sa1/customer-feedback,10576.04,10141.96,13293.62,0.0,0,5317,1201.9852,172.6914,765.6702,21.8,A
41,sn1/compose-post-service,1384.87,75.48,251.42,0.0,0,6839,1546.0555,22.6129,765.6702,4.23,A
41,sn1/home-timeline-redis,292.34,2554.5,952.74,0.0,0,1404,317.3946,4.7735,765.6702,0.967,A
41,sn1/home-timeline-service,1639.57,108.01,251.42,0.0,0,5349,1209.2193,26.7718,765.6702,5.37,A
41,sn1/jaeger,60.87,4854.89,75.0,0.0,0,545,284.8009,1.2515,765.6702,0.484,A
41,sn1/media-frontend,0.0,2027.57,648.43,0.0,0,0,284.8009,1.2515,1.3303,0.0,A
41,sn1/media-memcached,0.17,4.63,75.33,0.0,0,0,284.8009,1.2515,1.3303,0.0,A
41,sn1/media-mongodb,9.17,73.82,703.91,0.0273,2,128,284.8009,1.2515,1.3303,0.0179,A
41,sn1/media-service,75.12,4.89,251.42,0.0,0,574,284.8009,1.2515,765.6702,0.233,A
41,sn1/nginx-thrift,24355.1,42083.15,620.32,17.3516,152,9377,2119.8073,397.6835,765.6702,77.8,A
41,sn1/post-storage-memcached,1814.96,70.84,75.33,0.0,0,6328,1430.5365,29.6357,765.6702,5.91,A
41,sn1/post-storage-mongodb,949.25,8188.01,4129.87,0.043,2,1051,284.8009,15.4999,765.6702,3.08,A
41,sn1/post-storage-service,7586.24,94.44,251.42,0.0,0,13241,2993.3208,123.8723,765.6702,24.6,A
41,sn1/social-graph-mongodb,9.91,728.02,756.91,0.0312,2,307,284.8009,1.2515,1.3303,0.0179,A
41,sn1/social-graph-redis,2.45,20.04,103.57,0.0,0,166,284.8009,1.2515,1.3303,0.0179,A
41,sn1/social-graph-service,0.0,31.3,251.42,0.0,0,0,284.8009,1.2515,1.3303,0.0,A
41,sn1/text-service,1458.32,63.34,251.42,0.0,0,7900,1785.91,23.8123,765.6702,4.62,A
41,sn1/unique-id-service,76.63,4.61,251.42,0.0,0,657,284.8009,1.2515,765.6702,0.233,A
41,sn1/url-shorten-memcached,0.14,4.63,75.33,0.0,0,0,284.8009,1.2515,1.3303,0.0,A
41,sn1/url-shorten-mongodb,347.81,105.62,702.74,0.0391,6,1805,408.0465,5.6792,765.6702,1.2,A
41,sn1/url-shorten-service,1296.62,63.37,251.42,0.0,0,8074,1825.2452,21.1719,765.6702,4.44,A
41,sn1/user-memcached,158.34,6.34,75.33,0.0,0,2245,507.5149,2.5855,765.6702,0.484,A
41,sn1/user-mention-service,241.78,6.83,251.42,0.0,0,1128,284.8009,3.9479,765.6702,0.716,A
41,sn1/user-mongodb,9.34,96.93,704.67,0.0273,2,102,284.8009,1.2515,1.3303,0.0358,A
41,sn1/user-service,70.44,18.02,251.42,0.0,0,830,284.8009,1.2515,765.6702,0.215,A
41,sn1/user-timeline-mongodb,16.45,106.82,702.94,0.0312,4,566,284.8009,1.2515,765.6702,0.0537,A
41,sn1/user-timeline-redis,158.48,95.82,136.86,0.0,0,1057,284.8009,2.5877,765.6702,0.537,A
41,sn1/user-timeline-service,1544.94,519.38,251.42,0.0,0,7256,1640.3244,25.2266,765.6702,4.94,A
42,hotel/consul,17.09,29.06,201.48,0.0,0,2202,527.8349,1.2515,752.0892,0.0336,A
42,hotel/frontend,9810.88,120.02,1119.14,0.0,0,637809,152887.3089,105.7583,752.0892,21.5,A
42,hotel/geo,1296.99,28.89,1119.06,0.0,0,4750,1138.6085,13.9812,752.0892,2.96,A
42,hotel/jaeger,0.16,14.79,81.01,0.0,0,0,284.8009,1.2515,1.3303,0.0,A
42,hotel/memcached-profile,148.53,7.94,79.25,0.0,0,2987,716.0049,1.6011,752.0892,0.353,A
42,hotel/memcached-rate,104.82,7.61,79.25,0.0,0,2497,598.5485,1.2515,752.0892,0.218,A
42,hotel/memcached-reserve,181.36,7.21,79.25,0.0,0,2039,488.7627,1.955,752.0892,0.403,A
42,hotel/mongodb-geo,7.54,62.86,400.43,0.0469,10,455,284.8009,1.2515,1.3303,0.0168,A
42,hotel/mongodb-profile,7.55,63.92,400.43,0.0469,10,191,284.8009,1.2515,1.3303,0.0336,A
42,hotel/mongodb-rate,7.72,64.8,400.43,0.0312,2,93,284.8009,1.2515,1.3303,0.0168,A
42,hotel/mongodb-recommendation,7.52,62.96,400.43,0.0469,10,126,284.8009,1.2515,1.3303,0.0168,A
42,hotel/mongodb-reservation,10.43,251.19,400.43,0.4922,90,190,284.8009,1.2515,752.0892,0.0336,A
42,hotel/mongodb-user,7.53,63.01,400.43,0.0742,12,470,284.8009,1.2515,1.3303,0.0168,A
42,hotel/profile,3525.77,44.48,1119.06,0.0,0,55838,13384.7618,38.0067,752.0892,7.75,A
42,hotel/rate,1586.35,38.39,1119.14,0.0,0,5091,1220.3486,17.1004,752.0892,4.29,A
42,hotel/recommendation,795.71,26.91,1119.06,0.0,0,4864,1165.9351,8.5775,752.0892,1.66,A
42,hotel/reservation,3796.51,64.53,1119.06,0.0,0,68658,16457.8061,40.9252,752.0892,7.71,A
42,hotel/search,3083.02,37.27,1119.06,0.0,0,15532,3723.1298,33.234,752.0892,6.91,A
42,hotel/user,52.53,20.43,1119.06,0.0,0,2319,555.8806,1.2515,752.0892,0.118,A
42,sa1/customer-feedback,31233.48,10143.62,13293.62,0.0,0,37624,9018.7378,336.6873,752.0892,78.2,A
42,sn1/compose-post-service,1362.88,77.27,251.42,0.0,0,8335,1997.9582,14.6914,752.0892,2.84,A
42,sn1/home-timeline-redis,299.53,2553.51,952.74,0.0,0,2301,551.5659,3.2288,752.0892,0.672,A
42,sn1/home-timeline-service,1601.87,108.83,251.42,0.0,0,8061,1932.2785,17.2677,752.0892,3.43,A
42,sn1/jaeger,14.83,4854.89,75.0,0.0,0,490,284.8009,1.2515,752.0892,0.0672,A
42,sn1/media-frontend,0.0,2027.57,648.43,0.0,0,0,284.8009,1.2515,1.3303,0.0,A
42,sn1/media-memcached,0.15,4.63,75.33,0.0,0,0,284.8009,1.2515,1.3303,0.0,A
42,sn1/media-mongodb,7.84,73.82,703.91,0.0,0,89,284.8009,1.2515,1.3303,0.0336,A
42,sn1/media-service,72.59,4.89,251.42,0.0,0,2656,636.6619,1.2515,752.0892,0.151,A
42,sn1/nginx-thrift,24188.97,42090.79,620.32,17.4492,156,12770,3061.0589,260.7496,752.0892,52.4,A
42,sn1/post-storage-memcached,1772.86,70.69,75.33,0.0,0,6825,1636.0006,19.1109,752.0892,3.8,A
42,sn1/post-storage-mongodb,932.51,8188.05,4129.87,0.0117,6,1442,345.6576,10.0522,752.0892,1.95,A
42,sn1/post-storage-service,7449.17,91.76,251.42,0.0,0,15485,3711.8635,80.2998,752.0892,16.0,A
42,sn1/social-graph-mongodb,8.4,728.02,756.91,0.0,0,421,284.8009,1.2515,1.3303,0.0168,A
42,sn1/social-graph-redis,2.68,20.04,103.57,0.0,0,255,284.8009,1.2515,1.3303,0.0,A
42,sn1/social-graph-service,0.05,31.3,251.42,0.0,0,0,284.8009,1.2515,1.3303,0.0,A
42,sn1/text-service,1419.32,60.86,251.42,0.0,0,7925,1899.6783,15.2998,752.0892,2.99,A
42,sn1/unique-id-service,72.0,4.61,251.42,0.0,0,797,284.8009,1.2515,752.0892,0.151,A
42,sn1/url-shorten-memcached,0.13,4.63,75.33,0.0,0,0,284.8009,1.2515,1.3303,0.0,A
42,sn1/url-shorten-mongodb,340.0,105.68,702.74,0.0273,2,1748,419.0079,3.6651,752.0892,0.756,A
42,sn1/url-shorten-service,1286.36,62.47,251.42,0.0,0,8016,1921.4917,13.8666,752.0892,2.76,A
42,sn1/user-memcached,147.67,6.34,75.33,0.0,0,3634,871.0954,1.5918,752.0892,0.319,A
42,sn1/user-mention-service,234.51,6.88,251.42,0.0,0,906,284.8009,2.5279,752.0892,0.504,A
42,sn1/user-mongodb,7.81,96.93,704.67,0.0,0,73,284.8009,1.2515,1.3303,0.0336,A
42,sn1/user-service,69.06,18.05,251.42,0.0,0,648,284.8009,1.2515,752.0892,0.134,A
42,sn1/user-timeline-mongodb,14.28,106.82,702.94,0.0,0,528,284.8009,1.2515,752.0892,0.0504,A
42,sn1/user-timeline-redis,154.13,96.32,136.86,0.0,0,1386,332.234,1.6615,752.0892,0.319,A
42,sn1/user-timeline-service,1490.3,518.64,251.42,0.0,0,11125,2666.7408,16.065,752.0892,3.06,A
43,hotel/consul,15.41,29.06,201.48,0.0,0,3932,923.3311,1.2515,756.6475,0.0182,A
43,hotel/frontend,10036.24,121.59,1119.14,0.0,0,685135,160886.6945,81.9121,756.6475,23.4,A
43,hotel/geo,1371.51,28.81,1119.06,0.0,0,4597,1079.4896,11.1938,756.6475,3.08,A
43,hotel/jaeger,0.22,14.79,81.01,0.0,0,0,284.8009,1.2515,1.3303,0.0,A
43,hotel/memcached-profile,165.9,8.0,79.25,0.0,0,2168,509.1002,1.354,756.6475,0.401,A
43,hotel/memcached-rate,118.51,7.61,79.25,0.0,0,2128,499.7072,1.2515,756.6475,0.273,A
43,hotel/memcached-reserve,194.76,7.21,79.25,0.0,0,1679,394.2709,1.5896,756.6475,0.474,A
43,hotel/mongodb-geo,7.84,62.86,400.43,0.0195,2,396,284.8009,1.2515,1.3303,0.0182,A
43,hotel/mongodb-profile,7.79,63.92,400.43,0.0195,2,605,284.8009,1.2515,1.3303,0.0364,A
43,hotel/mongodb-rate,7.55,64.8,400.43,0.0,0,159,284.8009,1.2515,1.3303,0.0182,A
43,hotel/mongodb-recommendation,7.82,62.93,400.43,0.0195,2,2638,619.4678,1.2515,1.3303,0.0182,A
43,hotel/mongodb-reservation,11.04,251.2,400.43,0.1055,42,736,284.8009,1.2515,756.6475,0.0547,A
43,hotel/mongodb-user,7.75,63.01,400.43,0.0234,4,136,284.8009,1.2515,1.3303,0.0182,A
43,hotel/profile,3542.27,51.06,1119.06,0.0,0,61056,14337.4634,28.9107,756.6475,8.07,A
43,hotel/rate,1779.53,36.74,1119.14,0.0,0,7145,1677.8232,14.5239,756.6475,4.5,A
43,hotel/recommendation,883.72,32.59,1119.06,0.0,0,3225,757.31,7.2126,756.6475,2.21,A
43,hotel/reservation,3840.7,64.63,1119.06,0.0,0,107255,25186.1347,31.3464,756.6475,8.86,A
43,hotel/search,3206.6,35.64,1119.06,0.0,0,15031,3529.6517,26.1711,756.6475,8.44,A
43,hotel/user,61.56,19.93,1119.06,0.0,0,1073,284.8009,1.2515,756.6475,0.164,A
43,sa1/customer-feedback,25510.09,10143.52,13293.62,0.0,0,15129,3552.6645,208.204,756.6475,90.5,A
43,sn1/compose-post-service,1338.74,78.48,251.42,0.0,0,7778,1826.4674,10.9263,756.6475,3.15,A
43,sn1/home-timeline-redis,299.72,2553.51,952.74,0.0,0,1583,371.7277,2.4462,756.6475,0.674,A
43,sn1/home-timeline-service,1619.09,107.12,251.42,0.0,0,7389,1735.1205,13.2144,756.6475,3.79,A
43,sn1/jaeger,58.22,4854.91,75.0,0.0,0,787,284.8009,1.2515,756.6475,0.2,A
43,sn1/media-frontend,0.0,2027.57,648.43,0.0,0,0,284.8009,1.2515,1.3303,0.0,A
43,sn1/media-memcached,0.2,4.63,75.33,0.0,0,0,284.8009,1.2515,1.3303,0.0,A
43,sn1/media-mongodb,9.73,73.83,703.91,0.0273,2,312,284.8009,1.2515,1.3303,0.0182,A
43,sn1/media-service,73.26,4.89,251.42,0.0,0,609,284.8009,1.2515,756.6475,0.164,A
43,sn1/nginx-thrift,24425.29,42100.46,620.32,0.0,0,12773,2999.4173,199.3502,756.6475,58.3,A
43,sn1/post-storage-memcached,1821.68,70.83,75.33,0.0,0,6740,1582.7192,14.8679,756.6475,4.26,A
43,sn1/post-storage-mongodb,960.42,8188.28,4129.87,0.0469,2,1099,284.8009,7.8386,756.6475,2.28,A
43,sn1/post-storage-service,7589.87,91.46,251.42,0.0,0,16051,3769.173,61.9457,756.6475,17.8,A
43,sn1/social-graph-mongodb,9.89,728.02,756.91,0.0312,2,100,284.8009,1.2515,1.3303,0.0364,A
43,sn1/social-graph-redis,2.72,20.04,103.57,0.0,0,226,284.8009,1.2515,1.3303,0.0,A
43,sn1/social-graph-service,0.0,31.3,251.42,0.0,0,0,284.8009,1.2515,1.3303,0.0,A
43,sn1/text-service,1415.15,60.8,251.42,0.0,0,7863,1846.4275,11.5499,756.6475,3.39,A
43,sn1/unique-id-service,72.13,4.61,251.42,0.0,0,971,284.8009,1.2515,756.6475,0.182,A
43,sn1/url-shorten-memcached,0.16,4.63,75.33,0.0,0,0,284.8009,1.2515,1.3303,0.0,A
43,sn1/url-shorten-mongodb,331.64,106.64,702.74,0.0,0,2599,610.3097,2.7067,756.6475,0.911,A
43,sn1/url-shorten-service,1266.84,62.97,251.42,0.0,0,8122,1907.2471,10.3395,756.6475,3.33,A
43,sn1/user-memcached,154.21,6.35,75.33,0.0,0,2774,651.404,1.2586,756.6475,0.346,A
43,sn1/user-mention-service,237.38,6.86,251.42,0.0,0,1185,284.8009,1.9374,756.6475,0.583,A
43,sn1/user-mongodb,9.6,96.94,704.67,0.0312,2,1044,284.8009,1.2515,1.3303,0.0182,A
43,sn1/user-service,69.47,18.05,251.42,0.0,0,816,284.8009,1.2515,756.6475,0.146,A
43,sn1/user-timeline-mongodb,16.47,106.82,702.94,0.0273,2,897,284.8009,1.2515,756.6475,0.0364,A
43,sn1/user-timeline-redis,154.76,95.84,136.86,0.0,0,1104,284.8009,1.2631,756.6475,0.383,A
43,sn1/user-timeline-service,1521.26,519.96,251.42,0.0,0,9642,2264.1808,12.416,756.6475,3.5,A
44,hotel/consul,13.41,29.06,201.48,0.0,0,3497,827.7105,1.2515,738.5224,0.0421,A
44,hotel/frontend,9878.58,115.27,1119.14,0.0,0,715284,169301.7038,82.2706,738.5224,27.5,A
44,hotel/geo,1144.16,29.78,1119.06,0.0,0,3338,790.0765,9.5288,738.5224,2.99,A
44,hotel/jaeger,0.2,14.79,81.01,0.0,0,0,284.8009,1.2515,1.3303,0.0,A
44,hotel/memcached-profile,134.57,8.73,79.25,0.0,0,2142,506.9934,1.2515,738.5224,0.316,A
44,hotel/memcached-rate,103.07,7.62,79.25,0.0,0,2033,481.194,1.2515,738.5224,0.274,A
44,hotel/memcached-reserve,161.92,7.31,79.25,0.0,0,1568,371.1324,1.3485,738.5224,0.4,A
44,hotel/mongodb-geo,7.08,62.86,400.43,0.0,0,80,284.8009,1.2515,1.3303,0.021,A
44,hotel/mongodb-profile,6.87,63.93,400.43,0.0,0,217,284.8009,1.2515,1.3303,0.021,A
44,hotel/mongodb-rate,8.1,64.8,400.43,0.0312,2,453,284.8009,1.2515,1.3303,0.0421,A
44,hotel/mongodb-recommendation,7.52,62.93,400.43,0.0,0,284,284.8009,1.2515,1.3303,0.0421,A
44,hotel/mongodb-reservation,10.17,251.21,400.43,0.0664,34,88,284.8009,1.2515,738.5224,0.021,A
44,hotel/mongodb-user,7.13,63.01,400.43,0.0,0,117,284.8009,1.2515,1.3303,0.021,A
44,hotel/profile,3300.29,47.7,1119.06,0.0,0,35592,8424.3269,27.4854,738.5224,8.86,A
44,hotel/rate,1467.79,39.61,1119.14,0.0,0,4404,1042.3897,12.224,738.5224,3.28,A
44,hotel/recommendation,734.14,28.08,1119.06,0.0,0,2233,528.5323,6.114,738.5224,1.64,A
44,hotel/reservation,3469.59,65.27,1119.06,0.0,0,180867,42809.6969,28.8954,738.5224,8.98,A
44,hotel/search,2775.02,42.02,1119.06,0.0,0,14268,3377.1155,23.1109,738.5224,7.03,A
44,hotel/user,45.65,19.96,1119.06,0.0,0,3118,738.0044,1.2515,738.5224,0.105,A
44,sa1/customer-feedback,18243.56,10144.06,13293.62,0.0,0,5430,1285.2353,151.9356,738.5224,42.1,A
44,sn1/compose-post-service,1384.93,76.04,251.42,0.0,0,6415,1518.3765,11.5339,738.5224,3.79,A
44,sn1/home-timeline-redis,290.33,2553.75,952.74,0.0,0,1579,373.736,2.4179,738.5224,0.799,A
44,sn1/home-timeline-service,1601.8,108.72,251.42,0.0,0,6209,1469.6181,13.3401,738.5224,4.54,A
44,sn1/jaeger,13.25,4854.93,75.0,0.0,0,569,284.8009,1.2515,738.5224,0.0842,A
44,sn1/media-frontend,0.0,2027.57,648.43,0.0,0,0,284.8009,1.2515,1.3303,0.0,A
44,sn1/media-memcached,0.16,4.63,75.33,0.0,0,0,284.8009,1.2515,1.3303,0.0,A
44,sn1/media-mongodb,9.22,73.83,703.91,0.1914,32,79,284.8009,1.2515,1.3303,0.021,A
44,sn1/media-service,75.88,4.89,251.42,0.0,0,723,284.8009,1.2515,738.5224,0.21,A
44,sn1/nginx-thrift,24277.01,42107.04,620.32,35.4727,318,9890,2340.8798,202.1832,738.5224,68.3,A
44,sn1/post-storage-memcached,1775.07,70.77,75.33,0.0,0,6653,1574.7091,14.7831,738.5224,4.92,A
44,sn1/post-storage-mongodb,937.39,8188.05,4129.87,0.0,0,1143,284.8009,7.8068,738.5224,2.63,A
44,sn1/post-storage-service,7431.55,91.15,251.42,0.0,0,13260,3138.5304,61.8913,738.5224,20.8,A
44,sn1/social-graph-mongodb,9.25,728.02,756.91,0.0078,4,137,284.8009,1.2515,1.3303,0.021,A
44,sn1/social-graph-redis,2.41,20.04,103.57,0.0,0,171,284.8009,1.2515,1.3303,0.0,A
44,sn1/social-graph-service,0.05,31.3,251.42,0.0,0,0,284.8009,1.2515,1.3303,0.0,A
44,sn1/text-service,1446.99,60.0,251.42,0.0,0,5978,1414.9423,12.0508,738.5224,4.08,A
44,sn1/unique-id-service,79.98,4.74,251.42,0.0,0,799,284.8009,1.2515,738.5224,0.21,A
44,sn1/url-shorten-memcached,0.15,4.63,75.33,0.0,0,0,284.8009,1.2515,1.3303,0.0,A
44,sn1/url-shorten-mongodb,333.86,105.3,702.74,0.0312,2,1174,284.8009,2.7804,738.5224,0.989,A
44,sn1/url-shorten-service,1287.7,58.18,251.42,0.0,0,6456,1528.0809,10.7242,738.5224,3.77,A
44,sn1/user-memcached,154.77,6.61,75.33,0.0,0,2448,579.421,1.289,738.5224,0.442,A
44,sn1/user-mention-service,242.49,7.11,251.42,0.0,0,997,284.8009,2.0195,738.5224,0.673,A
44,sn1/user-mongodb,8.15,96.94,704.67,0.4219,34,105,284.8009,1.2515,1.3303,0.0421,A
44,sn1/user-service,72.04,18.05,251.42,0.0,0,804,284.8009,1.2515,738.5224,0.189,A
44,sn1/user-timeline-mongodb,15.26,106.82,702.94,0.0,0,459,284.8009,1.2515,738.5224,0.0631,A
44,sn1/user-timeline-redis,152.35,95.53,136.86,0.0,0,848,284.8009,1.2688,738.5224,0.421,A
44,sn1/user-timeline-service,1492.61,519.25,251.42,0.0,0,8206,1942.2911,12.4307,738.5224,3.98,A
45,hotel/consul,15.08,29.06,201.48,0.0,0,4572,1002.8044,1.2515,732.0318,0.0421,A
45,hotel/frontend,9904.72,115.28,1119.14,0.0,0,649072,142364.8833,177.6136,732.0318,27.2,A
45,hotel/geo,1237.75,29.21,1119.06,0.0,0,4249,931.9588,22.1956,732.0318,3.33,A
45,hotel/jaeger,0.19,14.79,81.01,0.0,0,0,284.8009,1.2515,1.3303,0.0,A
45,hotel/memcached-profile,157.26,7.7,79.25,0.0,0,2789,611.7282,2.82,732.0318,0.442,A
45,hotel/memcached-rate,122.61,7.6,79.25,0.0,0,3754,823.3875,2.1987,732.0318,0.337,A
45,hotel/memcached-reserve,186.03,7.23,79.25,0.0,0,1651,362.1238,3.3359,732.0318,0.527,A
45,hotel/mongodb-geo,7.15,62.86,400.43,0.0195,2,301,284.8009,1.2515,1.3303,0.0421,A
45,hotel/mongodb-profile,7.51,63.93,400.43,0.0195,2,53,284.8009,1.2515,1.3303,0.0211,A
45,hotel/mongodb-rate,6.9,64.8,400.43,0.0,0,3965,869.6674,1.2515,1.3303,0.0211,A
45,hotel/mongodb-recommendation,7.54,62.93,400.43,0.0195,2,597,284.8009,1.2515,1.3303,0.0211,A
45,hotel/mongodb-reservation,10.11,251.21,400.43,0.082,32,1797,394.1469,1.2515,732.0318,0.0421,A
45,hotel/mongodb-user,7.63,63.01,400.43,0.0195,2,138,284.8009,1.2515,1.3303,0.0421,A
45,hotel/profile,3538.34,48.27,1119.06,0.0,0,80343,17622.1156,63.4503,732.0318,10.7,A
45,hotel/rate,1424.78,40.08,1119.14,0.0,0,5404,1185.292,25.5495,732.0318,4.13,A
45,hotel/recommendation,803.21,26.29,1119.06,0.0,0,3476,762.4121,14.4033,732.0318,2.23,A
45,hotel/reservation,3494.5,67.4,1119.06,0.0,0,92270,20238.1366,62.6641,732.0318,9.97,A
45,hotel/search,2949.49,37.82,1119.06,0.0,0,12161,2667.3456,52.8909,732.0318,7.75,A
45,hotel/user,56.11,20.21,1119.06,0.0,0,3211,704.288,1.2515,732.0318,0.19,A
45,sa1/customer-feedback,23808.69,10143.03,13293.62,4.0078,42,11642,2553.5102,426.9426,732.0318,39.7,A
45,sn1/compose-post-service,1429.71,76.71,251.42,0.0,0,8388,1839.7907,25.6379,732.0318,3.94,A
45,sn1/home-timeline-redis,291.17,2553.75,952.74,0.0,0,2249,493.2868,5.2213,732.0318,0.801,A
45,sn1/home-timeline-service,1636.14,110.82,251.42,0.0,0,8612,1888.922,29.3396,732.0318,4.47,A
45,sn1/jaeger,59.97,4855.45,75.0,0.0,0,978,284.8009,1.2515,732.0318,0.295,A
45,sn1/media-frontend,0.0,2027.57,648.43,0.0,0,0,284.8009,1.2515,1.3303,0.0,A
45,sn1/media-memcached,0.16,4.63,75.33,0.0,0,0,284.8009,1.2515,1.3303,0.0,A
45,sn1/media-mongodb,9.8,73.83,703.91,0.0312,2,170,284.8009,1.2515,1.3303,0.0421,A
45,sn1/media-service,77.05,4.89,251.42,0.0,0,1033,284.8009,1.3817,732.0318,0.232,A
45,sn1/nginx-thrift,24600.87,42115.97,620.32,17.8125,160,15547,3410.0174,441.1482,732.0318,67.5,A
45,sn1/post-storage-memcached,1818.03,70.84,75.33,0.0,0,7063,1549.1705,32.6013,732.0318,5.04,A
45,sn1/post-storage-mongodb,955.74,8187.73,4129.87,0.0469,2,1381,302.9031,17.1385,732.0318,2.61,A
45,sn1/post-storage-service,7586.61,90.94,251.42,0.0,0,18585,4076.3603,136.0448,732.0318,20.7,A
45,sn1/social-graph-mongodb,10.05,728.02,756.91,1.5625,56,285,284.8009,1.2515,732.0318,0.0421,A
45,sn1/social-graph-redis,2.46,20.04,103.57,0.0,0,204,284.8009,1.2515,1.3303,0.0,A
45,sn1/social-graph-service,0.0,31.3,251.42,0.0,0,0,284.8009,1.2515,1.3303,0.0,A
45,sn1/text-service,1488.65,58.69,251.42,0.0,0,9783,2145.7645,26.6948,732.0318,4.19,A
45,sn1/unique-id-service,80.72,4.74,251.42,0.0,0,793,284.8009,1.4475,732.0318,0.232,A
45,sn1/url-shorten-memcached,0.13,4.63,75.33,0.0,0,0,284.8009,1.2515,1.3303,0.0,A
45,sn1/url-shorten-mongodb,317.86,106.47,702.74,0.0,0,2127,466.5278,5.6999,732.0318,0.99,A
45,sn1/url-shorten-service,1259.51,60.99,251.42,0.0,0,10066,2207.8366,22.5858,732.0318,3.71,A
45,sn1/user-memcached,161.75,6.39,75.33,0.0,0,2565,562.5969,2.9005,732.0318,0.463,A
45,sn1/user-mention-service,249.86,6.88,251.42,0.0,0,1157,284.8009,4.4805,732.0318,0.695,A
45,sn1/user-mongodb,9.24,96.94,704.67,0.0312,2,357,284.8009,1.2515,1.3303,0.0,A
45,sn1/user-service,73.23,18.05,251.42,0.0,0,749,284.8009,1.3132,732.0318,0.211,A
45,sn1/user-timeline-mongodb,15.25,106.82,702.94,0.0273,2,700,284.8009,1.2515,732.0318,0.0632,A
45,sn1/user-timeline-redis,156.39,95.53,136.86,0.0,0,1249,284.8009,2.8044,732.0318,0.421,A
45,sn1/user-timeline-service,1512.23,517.75,251.42,0.0,0,10445,2290.965,27.1176,732.0318,4.07,A
46,hotel/consul,14.55,29.06,201.48,0.0,0,2816,639.8431,1.2515,763.58,0.0191,A
46,hotel/frontend,9893.06,125.58,1119.14,0.0,0,868204,197270.7318,125.6264,763.58,24.9,A
46,hotel/geo,1144.32,28.94,1119.06,0.0,0,3161,718.233,14.5311,763.58,3.48,A
46,hotel/jaeger,0.18,14.79,81.01,0.0,0,0,284.8009,1.2515,1.3303,0.0,A
46,hotel/memcached-profile,144.75,7.71,79.25,0.0,0,1928,438.0744,1.8381,763.58,0.421,A
46,hotel/memcached-rate,114.71,7.59,79.25,0.0,0,1737,394.676,1.4566,763.58,0.306,A
46,hotel/memcached-reserve,174.29,7.22,79.25,0.0,0,1511,343.3249,2.2132,763.58,0.497,A
46,hotel/mongodb-geo,6.7,62.86,400.43,0.0,0,620,284.8009,1.2515,1.3303,0.0191,A
46,hotel/mongodb-profile,7.2,63.93,400.43,0.0,0,67,284.8009,1.2515,1.3303,0.0191,A
46,hotel/mongodb-rate,8.49,64.8,400.43,0.0312,2,98,284.8009,1.2515,1.3303,0.0191,A
46,hotel/mongodb-recommendation,7.59,62.93,400.43,0.0,0,184,284.8009,1.2515,1.3303,0.0382,A
46,hotel/mongodb-reservation,8.86,251.22,400.43,0.043,22,608,284.8009,1.2515,1.3303,0.0191,A
46,hotel/mongodb-user,7.09,63.01,400.43,0.0,0,182,284.8009,1.2515,1.3303,0.0191,A
46,hotel/profile,3459.37,43.52,1119.06,0.0,0,46469,10558.548,43.9286,763.58,9.52,A
46,hotel/rate,1500.0,37.58,1119.14,0.0,0,4103,932.2715,19.0477,763.58,4.46,A
46,hotel/recommendation,808.58,28.48,1119.06,0.0,0,2303,523.2808,10.2677,763.58,2.35,A
46,hotel/reservation,3679.02,63.55,1119.06,0.0,0,182872,41551.6322,46.7178,763.58,11.0,A
46,hotel/search,2859.7,33.13,1119.06,0.0,0,12781,2904.0608,36.3137,763.58,8.72,A
46,hotel/user,52.38,20.33,1119.06,0.0,0,895,284.8009,1.2515,763.58,0.134,A
46,sa1/customer-feedback,13602.98,10143.92,13293.62,0.0,0,9205,2091.5327,172.7366,763.58,62.4,A
46,sn1/compose-post-service,1334.0,79.93,251.42,0.0,0,6338,1440.1015,16.9397,763.58,3.38,A
46,sn1/home-timeline-redis,294.12,2554.5,952.74,0.0,0,1517,344.6882,3.7349,763.58,0.727,A
46,sn1/home-timeline-service,1616.93,107.73,251.42,0.0,0,5465,1241.7411,20.5325,763.58,4.02,A
46,sn1/jaeger,13.32,4855.67,75.0,0.0,0,553,284.8009,1.2515,763.58,0.0574,A
46,sn1/media-frontend,0.0,2027.57,648.43,0.0,0,0,284.8009,1.2515,1.3303,0.0,A
46,sn1/media-memcached,0.23,4.63,75.33,0.0,0,0,284.8009,1.2515,1.3303,0.0,A
46,sn1/media-mongodb,8.19,73.83,703.91,0.0,0,982,284.8009,1.2515,1.3303,0.0382,A
46,sn1/media-service,74.43,4.89,251.42,0.0,0,888,284.8009,1.2515,763.58,0.191,A
46,sn1/nginx-thrift,24354.97,42127.68,620.32,0.0,0,9743,2213.7755,309.2701,763.58,61.6,A
46,sn1/post-storage-memcached,1801.95,71.12,75.33,0.0,0,6249,1419.8792,22.882,763.58,4.57,A
46,sn1/post-storage-mongodb,949.77,8188.0,4129.87,0.0,0,1293,293.7916,12.0606,763.58,2.39,A
46,sn1/post-storage-service,7526.75,93.53,251.42,0.0,0,13006,2955.1847,95.578,763.58,19.0,A
46,sn1/social-graph-mongodb,8.83,728.02,756.91,0.0,0,652,284.8009,1.2515,1.3303,0.0382,A
46,sn1/social-graph-redis,2.41,20.04,103.57,0.0,0,227,284.8009,1.2515,1.3303,0.0191,A
46,sn1/social-graph-service,0.05,31.3,251.42,0.0,0,0,284.8009,1.2515,1.3303,0.0,A
46,sn1/text-service,1424.28,52.78,251.42,0.0,0,6809,1547.1207,18.0861,763.58,3.65,A
46,sn1/unique-id-service,77.98,4.74,251.42,0.0,0,741,284.8009,1.2515,763.58,0.21,A
46,sn1/url-shorten-memcached,0.15,4.63,75.33,0.0,0,0,284.8009,1.2515,1.3303,0.0,A
46,sn1/url-shorten-mongodb,314.83,107.52,702.74,0.0352,4,1188,284.8009,3.9979,763.58,0.899,A
46,sn1/url-shorten-service,1218.51,62.96,251.42,0.0,0,5900,1340.5805,15.4732,763.58,3.19,A
46,sn1/user-memcached,153.15,6.33,75.33,0.0,0,2907,660.5199,1.9448,763.58,0.402,A
46,sn1/user-mention-service,235.95,6.79,251.42,0.0,0,987,284.8009,2.9962,763.58,0.612,A
46,sn1/user-mongodb,8.02,97.19,704.67,0.0,0,120,284.8009,1.2515,1.3303,0.0191,A
46,sn1/user-service,70.93,18.05,251.42,0.0,0,616,284.8009,1.2515,763.58,0.191,A
46,sn1/user-timeline-mongodb,14.52,106.82,702.94,0.0,0,477,284.8009,1.2515,763.58,0.0574,A
46,sn1/user-timeline-redis,155.08,95.54,136.86,0.0,0,814,284.8009,1.9693,763.58,0.402,A
46,sn1/user-timeline-service,1512.56,519.84,251.42,0.0,0,8107,1842.0484,19.2072,763.58,3.69,A
47,hotel/consul,15.31,29.06,201.48,0.0,0,3672,887.0166,1.2515,763.136,0.0652,A
47,hotel/frontend,9869.34,116.11,1119.14,0.0,0,781303,188733.3241,84.2993,763.136,28.7,A
47,hotel/geo,1095.98,26.8,1119.06,0.0,0,4475,1080.9911,9.3613,763.136,3.0,A
47,hotel/jaeger,0.21,14.79,81.01,0.0,0,0,284.8009,1.2515,1.3303,0.0,A
47,hotel/memcached-profile,136.07,7.68,79.25,0.0,0,1546,373.4553,1.2515,763.136,0.369,A
47,hotel/memcached-rate,114.85,7.62,79.25,0.0,0,1963,474.1867,1.2515,763.136,0.304,A
47,hotel/memcached-reserve,179.29,7.23,79.25,0.0,0,2125,513.3198,1.5314,763.136,0.391,A
47,hotel/mongodb-geo,7.75,62.86,400.43,0.0195,2,147,284.8009,1.2515,1.3303,0.0217,A
47,hotel/mongodb-profile,7.53,63.93,400.43,0.0195,2,236,284.8009,1.2515,1.3303,0.0217,A
47,hotel/mongodb-rate,7.21,64.8,400.43,0.0,0,551,284.8009,1.2515,1.3303,0.0217,A
47,hotel/mongodb-recommendation,7.64,62.93,400.43,0.0195,2,104,284.8009,1.2515,1.3303,0.0435,A
47,hotel/mongodb-reservation,9.51,251.22,400.43,0.0586,20,158,284.8009,1.2515,1.3303,0.0435,A
47,hotel/mongodb-user,7.69,63.01,400.43,0.0195,2,34,284.8009,1.2515,1.3303,0.0217,A
47,hotel/profile,3520.77,48.14,1119.06,0.0,0,51886,12533.6998,30.0728,763.136,9.67,A
47,hotel/rate,1514.0,36.25,1119.14,0.0,0,6829,1649.6287,12.9319,763.136,3.98,A
47,hotel/recommendation,742.53,27.86,1119.06,0.0,0,2560,618.3994,6.3423,763.136,2.15,A
47,hotel/reservation,3231.96,63.12,1119.06,0.0,0,115630,27931.845,27.6059,763.136,8.28,A
47,hotel/search,2738.38,39.82,1119.06,0.0,0,11179,2700.4246,23.39,763.136,7.11,A
47,hotel/user,46.37,20.43,1119.06,0.0,0,1110,284.8009,1.2515,763.136,0.13,A
47,sa1/customer-feedback,18218.31,10146.14,13293.62,0.0,0,12494,3018.079,155.6122,763.136,13.3,A
47,sn1/compose-post-service,1346.13,82.74,251.42,0.0,0,6136,1482.2261,11.498,763.136,3.61,A
47,sn1/home-timeline-redis,306.94,2553.56,952.74,0.0,0,1312,316.9297,2.6217,763.136,0.891,A
47,sn1/home-timeline-service,1662.6,107.88,251.42,0.0,0,6037,1458.3114,14.2011,763.136,4.87,A
47,sn1/jaeger,56.1,4863.23,75.0,0.0,0,518,284.8009,1.2515,763.136,0.217,A
47,sn1/media-frontend,0.0,2027.57,648.43,0.0,0,0,284.8009,1.2515,1.3303,0.0,A
47,sn1/media-memcached,0.18,4.63,75.33,0.0,0,0,284.8009,1.2515,1.3303,0.0,A
47,sn1/media-mongodb,9.37,73.83,703.91,0.0312,2,70,284.8009,1.2515,1.3303,0.0435,A
47,sn1/media-service,74.55,4.89,251.42,0.0,0,598,284.8009,1.2515,763.136,0.217,A
47,sn1/nginx-thrift,24596.44,42146.21,620.32,35.0391,310,9287,2243.3888,210.0912,763.136,69.8,A
47,sn1/post-storage-memcached,1816.7,70.12,75.33,0.0,0,6391,1543.8245,15.5174,763.136,5.26,A
47,sn1/post-storage-mongodb,949.81,8188.59,4129.87,0.0859,4,1119,284.8009,8.1128,763.136,2.74,A
47,sn1/post-storage-service,7608.49,94.87,251.42,0.0,0,13145,3175.336,64.9881,763.136,21.6,A
47,sn1/social-graph-mongodb,9.86,728.02,756.91,0.0312,2,219,284.8009,1.2515,1.3303,0.0435,A
47,sn1/social-graph-redis,2.77,20.04,103.57,0.0,0,269,284.8009,1.2515,1.3303,0.0217,A
47,sn1/social-graph-service,0.0,31.3,251.42,0.0,0,0,284.8009,1.2515,1.3303,0.0,A
47,sn1/text-service,1437.28,59.18,251.42,0.0,0,5748,1388.4999,12.2766,763.136,3.87,A
47,sn1/unique-id-service,77.5,4.71,251.42,0.0,0,741,284.8009,1.2515,763.136,0.239,A
47,sn1/url-shorten-memcached,0.15,4.63,75.33,0.0,0,0,284.8009,1.2515,1.3303,0.0,A
47,sn1/url-shorten-mongodb,326.32,107.34,702.74,0.0,0,1449,350.0237,2.7873,763.136,0.956,A
47,sn1/url-shorten-service,1243.6,65.82,251.42,0.0,0,5891,1423.0433,10.6222,763.136,3.5,A
47,sn1/user-memcached,155.31,6.58,75.33,0.0,0,1787,431.6718,1.3266,763.136,0.478,A
47,sn1/user-mention-service,234.76,6.73,251.42,0.0,0,1038,284.8009,2.0052,763.136,0.674,A
47,sn1/user-mongodb,9.29,96.94,704.67,0.0547,4,99,284.8009,1.2515,1.3303,0.0435,A
47,sn1/user-service,70.62,18.05,251.42,0.0,0,855,284.8009,1.2515,763.136,0.196,A
47,sn1/user-timeline-mongodb,16.03,106.82,702.94,0.0273,2,377,284.8009,1.2515,763.136,0.0435,A
47,sn1/user-timeline-redis,155.3,95.55,136.86,0.0,0,1213,293.015,1.3265,763.136,0.456,A
47,sn1/user-timeline-service,1524.42,517.69,251.42,0.0,0,7964,1923.8019,13.0209,763.136,4.28,A
48,hotel/consul,15.23,29.06,201.48,0.0,0,4149,1022.0741,1.2515,749.858,0.0205,A
48,hotel/frontend,9999.4,115.11,1119.14,0.0,0,760919,187446.5254,275.2653,749.858,26.8,A
48,hotel/geo,1160.26,28.91,1119.06,0.0,0,3888,957.7788,31.9399,749.858,3.12,A
48,hotel/jaeger,1.31,14.79,81.01,0.0,0,11,284.8009,1.2515,1.3303,0.0,A
48,hotel/memcached-profile,147.4,7.7,79.25,0.0,0,1924,473.9626,4.0577,749.858,0.349,A
48,hotel/memcached-rate,106.28,7.61,79.25,0.0,0,2809,691.9755,2.9257,749.858,0.267,A
48,hotel/memcached-reserve,176.14,7.25,79.25,0.0,0,1993,490.9602,4.8488,749.858,0.451,A
48,hotel/mongodb-geo,7.22,62.86,400.43,0.0,0,1730,426.1722,1.2515,1.3303,0.0205,A
48,hotel/mongodb-profile,7.57,63.93,400.43,0.0,0,236,284.8009,1.2515,1.3303,0.0205,A
48,hotel/mongodb-rate,8.39,64.8,400.43,0.0312,2,85,284.8009,1.2515,1.3303,0.0205,A
48,hotel/mongodb-recommendation,7.35,62.93,400.43,0.0,0,95,284.8009,1.2515,1.3303,0.041,A
48,hotel/mongodb-reservation,9.93,251.23,400.43,0.0547,28,1606,395.6257,1.2515,1.3303,0.041,A
48,hotel/mongodb-user,7.11,63.01,400.43,0.0,0,241,284.8009,1.2515,1.3303,0.0205,A
48,hotel/profile,3381.03,52.27,1119.06,0.0,0,36534,8999.8691,93.0736,749.858,8.02,A
48,hotel/rate,1360.06,38.31,1119.14,0.0,0,4859,1196.9772,37.44,749.858,3.65,A
48,hotel/recommendation,822.22,26.44,1119.06,0.0,0,2923,720.0585,22.6342,749.858,2.07,A
48,hotel/reservation,3514.51,68.51,1119.06,0.0,0,74898,18450.5445,96.7481,749.858,8.3,A
48,hotel/search,2822.74,36.24,1119.06,0.0,0,14386,3543.8801,77.7049,749.858,6.85,A
48,hotel/user,53.17,20.08,1119.06,0.0,0,1851,455.9796,1.4637,749.858,0.144,A
48,sa1/customer-feedback,21957.72,10147.19,13293.62,0.0,0,11735,2890.8267,604.4562,749.858,58.9,A
48,sn1/compose-post-service,1348.5,86.32,251.42,0.0,0,8052,1983.5481,37.1218,749.858,3.3,A
48,sn1/home-timeline-redis,294.14,2553.83,952.74,0.0,0,2168,534.0701,8.0971,749.858,0.779,A
48,sn1/home-timeline-service,1634.51,107.74,251.42,0.0,0,7380,1818.0061,44.9951,749.858,4.31,A
48,sn1/jaeger,14.18,4868.26,75.0,0.0,0,2096,516.3334,1.2515,749.858,0.082,A
48,sn1/media-frontend,0.0,2027.57,648.43,0.0,0,0,284.8009,1.2515,1.3303,0.0,A
48,sn1/media-memcached,0.17,4.63,75.33,0.0,0,0,284.8009,1.2515,1.3303,0.0,A
48,sn1/media-mongodb,8.3,73.83,703.91,0.0,0,56,284.8009,1.2515,1.3303,0.041,A
48,sn1/media-service,74.81,4.67,251.42,0.0,0,619,284.8009,2.0594,749.858,0.185,A
48,sn1/nginx-thrift,24618.56,42148.54,620.32,18.1836,164,12488,3076.3225,677.7043,749.858,64.7,A
48,sn1/post-storage-memcached,1818.95,70.52,75.33,0.0,0,6979,1719.2228,50.0724,749.858,4.84,A
48,sn1/post-storage-mongodb,967.02,8187.83,4129.87,0.0,0,1392,342.9085,26.6203,749.858,2.62,A
48,sn1/post-storage-service,7598.48,93.78,251.42,0.0,0,16121,3971.284,209.1724,749.858,20.1,A
48,sn1/social-graph-mongodb,8.88,728.02,756.91,0.0,0,86,284.8009,1.2515,1.3303,0.041,A
48,sn1/social-graph-redis,2.72,20.04,103.57,0.0,0,208,284.8009,1.2515,1.3303,0.0,A
48,sn1/social-graph-service,0.05,31.3,251.42,0.0,0,0,284.8009,1.2515,1.3303,0.0,A
48,sn1/text-service,1418.23,72.97,251.42,0.0,0,7639,1881.8087,39.0413,749.858,3.44,A
48,sn1/unique-id-service,76.74,4.71,251.42,0.0,0,812,284.8009,2.1125,749.858,0.185,A
48,sn1/url-shorten-memcached,0.24,4.63,75.33,0.0,0,0,284.8009,1.2515,1.3303,0.0,A
48,sn1/url-shorten-mongodb,326.3,106.52,702.74,0.0312,2,1751,431.3453,8.9824,749.858,0.861,A
48,sn1/url-shorten-service,1244.09,75.01,251.42,0.0,0,7780,1916.543,34.2475,749.858,2.99,A
48,sn1/user-memcached,156.07,6.33,75.33,0.0,0,4108,1011.9741,4.2963,749.858,0.39,A
48,sn1/user-mention-service,235.57,6.75,251.42,0.0,0,1099,284.8009,6.4848,749.858,0.574,A
48,sn1/user-mongodb,8.17,96.94,704.67,0.0,0,123,284.8009,1.2515,1.3303,0.041,A
48,sn1/user-service,70.58,18.02,251.42,0.0,0,658,284.8009,1.9429,749.858,0.185,A
48,sn1/user-timeline-mongodb,15.26,106.82,702.94,0.0391,4,302,284.8009,1.2515,749.858,0.041,A
48,sn1/user-timeline-redis,154.25,95.8,136.86,0.0,0,1063,284.8009,4.2462,749.858,0.41,A
48,sn1/user-timeline-service,1543.42,518.02,251.42,0.0,0,10186,2509.2425,42.4876,749.858,4.0,A
49,hotel/consul,14.74,29.06,201.48,0.0,0,2693,638.9575,1.2515,721.0255,0.0399,A
49,hotel/frontend,9971.7,114.79,1119.14,0.0,0,768596,182361.7475,112.1977,721.0255,26.0,A
49,hotel/geo,1278.29,27.12,1119.06,0.0,0,4017,953.0978,14.3828,721.0255,3.1,A
49,hotel/jaeger,0.25,14.79,81.01,0.0,0,0,284.8009,1.2515,1.3303,0.0,A
49,hotel/memcached-profile,143.17,8.23,79.25,0.0,0,2157,511.7829,1.6109,721.0255,0.379,A
49,hotel/memcached-rate,113.63,7.6,79.25,0.0,0,2991,709.6628,1.2785,721.0255,0.3,A
49,hotel/memcached-reserve,182.08,7.22,79.25,0.0,0,1839,436.3323,2.0487,721.0255,0.479,A
49,hotel/mongodb-geo,7.98,62.87,400.43,0.0234,2,177,284.8009,1.2515,1.3303,0.0399,A
49,hotel/mongodb-profile,7.64,63.93,400.43,0.043,4,643,284.8009,1.2515,1.3303,0.02,A
49,hotel/mongodb-rate,7.37,64.8,400.43,0.0,0,142,284.8009,1.2515,1.3303,0.0399,A
49,hotel/mongodb-recommendation,7.8,62.93,400.43,0.0234,2,41,284.8009,1.2515,1.3303,0.02,A
49,hotel/mongodb-reservation,11.31,251.25,400.43,0.0977,38,418,284.8009,1.2515,721.0255,0.0399,A
49,hotel/mongodb-user,8.25,63.02,400.43,0.0234,2,84,284.8009,1.2515,1.3303,0.02,A
49,hotel/profile,3317.61,43.25,1119.06,0.0,0,30844,7318.2345,37.3284,721.0255,8.53,A
49,hotel/rate,1443.54,37.27,1119.14,0.0,0,5205,1234.9699,16.2421,721.0255,3.87,A
49,hotel/recommendation,819.05,25.57,1119.06,0.0,0,2923,693.5287,9.2156,721.0255,2.28,A
49,hotel/reservation,3825.53,68.08,1119.06,0.0,0,150926,35809.6179,43.0434,721.0255,9.47,A
49,hotel/search,2898.9,34.25,1119.06,0.0,0,15102,3583.1921,32.6173,721.0255,7.49,A
49,hotel/user,49.56,20.15,1119.06,0.0,0,1130,284.8009,1.2515,721.0255,0.14,A
49,sa1/customer-feedback,21358.99,10144.71,13293.62,0.0,0,11828,2806.383,240.323,721.0255,50.1,A
49,sn1/compose-post-service,1447.52,83.29,251.42,0.0,0,8590,2038.1155,16.2869,721.0255,3.59,A
49,sn1/home-timeline-redis,294.34,2553.59,952.74,0.0,0,1679,398.3697,3.3118,721.0255,0.759,A
49,sn1/home-timeline-service,1633.27,108.31,251.42,0.0,0,7562,1794.206,18.3769,721.0255,4.29,A
49,sn1/jaeger,55.39,4889.84,75.0,0.0,0,816,284.8009,1.2515,721.0255,0.22,A
49,sn1/media-frontend,0.0,2027.57,648.43,0.0,0,0,284.8009,1.2515,1.3303,0.0,A
49,sn1/media-memcached,0.16,4.63,75.33,0.0,0,0,284.8009,1.2515,1.3303,0.0,A
49,sn1/media-mongodb,10.63,73.83,703.91,0.0469,6,302,284.8009,1.2515,721.0255,0.0399,A
49,sn1/media-service,75.24,4.67,251.42,0.0,0,619,284.8009,1.2515,721.0255,0.2,A
49,sn1/nginx-thrift,24457.73,42153.85,620.32,17.5078,154,12660,3003.7884,275.1888,721.0255,63.0,A
49,sn1/post-storage-memcached,1822.58,70.49,75.33,0.0,0,6942,1647.101,20.507,721.0255,4.75,A
49,sn1/post-storage-mongodb,960.4,8188.62,4129.87,10.0781,160,1182,284.8009,10.806,721.0255,2.52,A
49,sn1/post-storage-service,7627.17,96.29,251.42,0.0,0,16311,3870.0468,85.8179,721.0255,19.7,A
49,sn1/social-graph-mongodb,9.75,728.02,756.91,0.0312,2,150,284.8009,1.2515,1.3303,0.02,A
49,sn1/social-graph-redis,2.66,20.04,103.57,0.0,0,272,284.8009,1.2515,1.3303,0.02,A
49,sn1/social-graph-service,0.0,31.3,251.42,0.0,0,0,284.8009,1.2515,1.3303,0.0,A
49,sn1/text-service,1511.19,59.86,251.42,0.0,0,7971,1891.2478,17.0033,721.0255,3.67,A
49,sn1/unique-id-service,80.87,4.67,251.42,0.0,0,636,284.8009,1.2515,721.0255,0.22,A
49,sn1/url-shorten-memcached,0.14,4.63,75.33,0.0,0,0,284.8009,1.2515,1.3303,0.0,A
49,sn1/url-shorten-mongodb,335.33,106.64,702.74,0.0,0,1495,354.7128,3.773,721.0255,0.759,A
49,sn1/url-shorten-service,1327.22,68.78,251.42,0.0,0,7571,1796.3414,14.9334,721.0255,2.96,A
49,sn1/user-memcached,159.43,6.57,75.33,0.0,0,3370,799.5866,1.7938,721.0255,0.419,A
49,sn1/user-mention-service,245.53,6.76,251.42,0.0,0,1344,318.8856,2.7626,721.0255,0.659,A
49,sn1/user-mongodb,9.59,96.94,704.67,0.0352,4,154,284.8009,1.2515,1.3303,0.02,A
49,sn1/user-service,73.18,18.02,251.42,0.0,0,788,284.8009,1.2515,721.0255,0.18,A
49,sn1/user-timeline-mongodb,16.07,106.83,702.94,0.0352,4,370,284.8009,1.2515,721.0255,0.0399,A
49,sn1/user-timeline-redis,157.75,95.55,136.86,0.0,0,1073,284.8009,1.7749,721.0255,0.399,A
49,sn1/user-timeline-service,1525.37,518.12,251.42,0.0,0,9783,2321.1739,17.1629,721.0255,3.81,A
50,hotel/consul,14.81,29.06,201.48,0.0,0,3628,871.669,1.2515,722.7452,0.0414,A
50,hotel/frontend,9832.64,143.72,1119.14,0.0,0,795833,191208.0915,128.9144,722.7452,26.5,A
50,hotel/geo,1062.7,29.06,1119.06,0.0,0,3909,939.1825,13.9329,722.7452,3.02,A
50,hotel/jaeger,0.26,14.79,81.01,0.0,0,0,284.8009,1.2515,1.3303,0.0,A
50,hotel/memcached-profile,137.79,7.73,79.25,0.0,0,1996,479.5621,1.8065,722.7452,0.393,A
50,hotel/memcached-rate,108.97,7.6,79.25,0.0,0,1758,422.3799,1.4287,722.7452,0.311,A
50,hotel/memcached-reserve,175.32,7.28,79.25,0.0,0,2386,573.2641,2.2986,722.7452,0.497,A
50,hotel/mongodb-geo,6.93,62.87,400.43,0.0,0,5193,1247.6784,1.2515,1.3303,0.0414,A
50,hotel/mongodb-profile,7.51,63.93,400.43,0.0,0,61,284.8009,1.2515,1.3303,0.0207,A
50,hotel/mongodb-rate,8.35,64.8,400.43,0.0508,4,612,284.8009,1.2515,1.3303,0.0207,A
50,hotel/mongodb-recommendation,6.8,62.93,400.43,0.0,0,3594,863.5001,1.2515,1.3303,0.0207,A
50,hotel/mongodb-reservation,10.29,251.26,400.43,0.0625,32,638,284.8009,1.2515,722.7452,0.0207,A
50,hotel/mongodb-user,7.47,63.02,400.43,0.0,0,562,284.8009,1.2515,1.3303,0.0,A
50,hotel/profile,3350.58,42.07,1119.06,0.0,0,42932,10314.91,43.929,722.7452,8.82,A
50,hotel/rate,1422.62,39.12,1119.14,0.0,0,5015,1204.9118,18.6518,722.7452,3.91,A
50,hotel/recommendation,738.4,25.62,1119.06,0.0,0,2951,709.0119,9.6811,722.7452,2.11,A
50,hotel/reservation,3289.23,67.14,1119.06,0.0,0,86472,20775.8991,43.1246,722.7452,8.45,A
50,hotel/search,2788.32,51.19,1119.06,0.0,0,14665,3523.436,36.5573,722.7452,7.14,A
50,hotel/user,56.15,20.29,1119.06,0.0,0,1606,385.8601,1.2515,722.7452,0.166,A
50,sa1/customer-feedback,21964.83,10146.35,13293.62,0.0,0,10633,2554.7013,287.9778,722.7452,64.3,A
50,sn1/compose-post-service,1379.59,84.7,251.42,0.0,0,7525,1807.9684,18.0876,722.7452,3.58,A
50,sn1/home-timeline-redis,286.22,2553.57,952.74,0.0,0,1802,432.9514,3.7526,722.7452,0.787,A
50,sn1/home-timeline-service,1609.87,108.67,251.42,0.0,0,7358,1767.8447,21.1068,722.7452,4.35,A
50,sn1/jaeger,14.48,4895.77,75.0,0.0,0,466,284.8009,1.2515,722.7452,0.0828,A
50,sn1/media-frontend,0.0,2027.57,648.43,0.0,0,0,284.8009,1.2515,1.3303,0.0,A
50,sn1/media-memcached,0.17,4.63,75.33,0.0,0,0,284.8009,1.2515,1.3303,0.0,A
50,sn1/media-mongodb,8.31,73.83,703.91,0.0664,8,315,284.8009,1.2515,1.3303,0.0207,A
50,sn1/media-service,71.55,4.67,251.42,0.0,0,785,284.8009,1.2515,722.7452,0.207,A
50,sn1/nginx-thrift,24386.51,42169.45,620.32,0.0,0,12595,3026.0946,319.7281,722.7452,65.7,A
50,sn1/post-storage-memcached,1800.26,70.39,75.33,0.0,0,7007,1683.5129,23.603,722.7452,4.8,A
50,sn1/post-storage-mongodb,948.71,8188.12,4129.87,0.0,0,1289,309.6972,12.4384,722.7452,2.53,A
50,sn1/post-storage-service,7526.13,96.29,251.42,0.0,0,15463,3715.1648,98.674,722.7452,20.0,A
50,sn1/social-graph-mongodb,10.19,728.02,756.91,0.0039,2,3803,913.7148,1.2515,722.7452,0.0414,A
50,sn1/social-graph-redis,2.61,20.04,103.57,0.0,0,236,284.8009,1.2515,1.3303,0.0,A
50,sn1/social-graph-service,0.04,31.3,251.42,0.0,0,0,284.8009,1.2515,1.3303,0.0,A
50,sn1/text-service,1475.71,62.38,251.42,0.0,0,6994,1680.3895,19.3478,722.7452,3.64,A
50,sn1/unique-id-service,77.33,4.67,251.42,0.0,0,686,284.8009,1.2515,722.7452,0.228,A
50,sn1/url-shorten-memcached,0.18,4.63,75.33,0.0,0,0,284.8009,1.2515,1.3303,0.0,A
50,sn1/url-shorten-mongodb,323.94,106.54,702.74,0.0547,4,2018,484.8479,4.2471,722.7452,0.704,A
50,sn1/url-shorten-service,1270.79,71.71,251.42,0.0,0,6971,1674.8635,16.6611,722.7452,2.8,A
50,sn1/user-memcached,157.78,6.32,75.33,0.0,0,3206,770.2786,2.0686,722.7452,0.435,A
50,sn1/user-mention-service,241.58,6.74,251.42,0.0,0,990,284.8009,3.1673,722.7452,0.663,A
50,sn1/user-mongodb,9.07,96.94,704.67,0.0039,2,332,284.8009,1.2515,1.3303,0.0414,A
50,sn1/user-service,70.5,18.02,251.42,0.0,0,757,284.8009,1.2515,722.7452,0.186,A
50,sn1/user-timeline-mongodb,15.56,106.83,702.94,0.0,0,1451,348.6195,1.2515,722.7452,0.0414,A
50,sn1/user-timeline-redis,154.86,95.55,136.86,0.0,0,1100,284.8009,2.0303,722.7452,0.414,A
50,sn1/user-timeline-service,1504.18,521.09,251.42,0.0,0,9448,2269.9914,19.7211,722.7452,3.85,A
51,hotel/consul,14.72,29.06,201.48,0.0,0,3463,807.0629,1.2515,751.2215,0.0311,A
51,hotel/frontend,9869.04,118.34,1119.14,0.0,0,626859,146091.4274,97.5974,751.2215,19.7,A
51,hotel/geo,1333.44,26.93,1119.06,0.0,0,5671,1321.6441,13.1867,751.2215,2.87,A
51,hotel/jaeger,0.18,14.79,81.01,0.0,0,0,284.8009,1.2515,1.3303,0.0,A
51,hotel/memcached-profile,164.36,7.98,79.25,0.0,0,2262,527.1661,1.6254,751.2215,0.357,A
51,hotel/memcached-rate,125.25,7.62,79.25,0.0,0,3721,867.1906,1.2515,751.2215,0.264,A
51,hotel/memcached-reserve,200.15,7.48,79.25,0.0,0,2209,514.8143,1.9793,751.2215,0.419,A
51,hotel/mongodb-geo,7.72,62.87,400.43,0.0352,4,85,284.8009,1.2515,1.3303,0.0155,A
51,hotel/mongodb-profile,7.72,63.93,400.43,0.0273,4,60,284.8009,1.2515,1.3303,0.0311,A
51,hotel/mongodb-rate,7.18,64.8,400.43,0.0,0,1732,403.648,1.2515,1.3303,0.0311,A
51,hotel/mongodb-recommendation,7.81,62.93,400.43,0.0234,2,303,284.8009,1.2515,1.3303,0.0311,A
51,hotel/mongodb-reservation,11.82,251.27,400.43,0.1094,44,159,284.8009,1.2515,751.2215,0.0155,A
51,hotel/mongodb-user,7.98,63.02,400.43,0.0234,2,544,284.8009,1.2515,1.3303,0.0155,A
51,hotel/profile,3770.0,42.71,1119.06,0.0,0,60246,14040.5165,37.2825,751.2215,7.38,A
51,hotel/rate,1665.81,38.46,1119.14,0.0,0,8424,1963.2392,16.4736,751.2215,3.49,A
51,hotel/recommendation,873.51,25.98,1119.06,0.0,0,3221,750.664,8.6384,751.2215,2.17,A
51,hotel/reservation,3902.96,69.84,1119.06,0.0,0,135177,31503.4176,38.5973,751.2215,8.59,A
51,hotel/search,3270.63,34.21,1119.06,0.0,0,21204,4941.6577,32.3441,751.2215,7.11,A
51,hotel/user,57.18,20.35,1119.06,0.0,0,1686,392.9275,1.2515,751.2215,0.124,A
51,sa1/customer-feedback,24010.01,10145.57,13293.62,4.1172,42,21873,5097.5703,237.4409,751.2215,97.2,A
51,sn1/compose-post-service,1363.79,85.63,251.42,0.0,0,8189,1908.4718,13.4869,751.2215,2.49,A
51,sn1/home-timeline-redis,292.1,2554.08,952.74,0.0,0,1776,413.9023,2.8886,751.2215,0.575,A
51,sn1/home-timeline-service,1649.97,106.87,251.42,0.0,0,7652,1783.3222,16.317,751.2215,3.26,A
51,sn1/jaeger,60.64,4918.88,75.0,0.0,0,600,284.8009,1.2515,751.2215,0.171,A
51,sn1/media-frontend,0.0,2027.57,648.43,0.0,0,0,284.8009,1.2515,1.3303,0.0,A
51,sn1/media-memcached,0.17,4.63,75.33,0.0,0,0,284.8009,1.2515,1.3303,0.0,A
51,sn1/media-mongodb,9.83,73.84,703.91,0.0312,2,214,284.8009,1.2515,1.3303,0.0311,A
51,sn1/media-service,74.16,4.83,251.42,0.0,0,630,284.8009,1.2515,751.2215,0.14,A
51,sn1/nginx-thrift,24579.15,42172.76,620.32,35.4492,310,12972,3023.1647,243.0693,751.2215,49.9,A
51,sn1/post-storage-memcached,1810.76,70.59,75.33,0.0,0,6994,1629.9733,17.9071,751.2215,3.6,A
51,sn1/post-storage-mongodb,944.41,8188.06,4129.87,0.0625,4,1286,299.7063,9.3395,751.2215,1.93,A
51,sn1/post-storage-service,7578.82,94.42,251.42,0.0,0,16041,3738.4046,74.9488,751.2215,15.2,A
51,sn1/social-graph-mongodb,9.79,728.02,756.91,0.1016,10,915,284.8009,1.2515,1.3303,0.0311,A
51,sn1/social-graph-redis,2.39,20.04,103.57,0.0,0,150,284.8009,1.2515,1.3303,0.0,A
51,sn1/social-graph-service,0.0,31.3,251.42,0.0,0,0,284.8009,1.2515,1.3303,0.0,A
51,sn1/text-service,1414.68,61.35,251.42,0.0,0,8552,1993.07,13.9901,751.2215,2.52,A
51,sn1/unique-id-service,75.57,4.67,251.42,0.0,0,605,284.8009,1.2515,751.2215,0.14,A
51,sn1/url-shorten-memcached,0.25,4.63,75.33,0.0,0,0,284.8009,1.2515,1.3303,0.0,A
51,sn1/url-shorten-mongodb,312.29,107.73,702.74,0.0,0,2356,549.0731,3.0883,751.2215,0.513,A
51,sn1/url-shorten-service,1195.31,65.28,251.42,0.0,0,9097,2120.084,11.8207,751.2215,1.86,A
51,sn1/user-memcached,152.56,6.32,75.33,0.0,0,3189,743.2063,1.5087,751.2215,0.295,A
51,sn1/user-mention-service,232.31,7.05,251.42,0.0,0,1129,284.8009,2.2974,751.2215,0.435,A
51,sn1/user-mongodb,9.63,96.94,704.67,0.0508,4,386,284.8009,1.2515,1.3303,0.0311,A
51,sn1/user-service,69.54,17.98,251.42,0.0,0,924,284.8009,1.2515,751.2215,0.14,A
51,sn1/user-timeline-mongodb,16.43,106.83,702.94,0.0312,2,323,284.8009,1.2515,751.2215,0.0311,A
51,sn1/user-timeline-redis,152.57,95.81,136.86,0.0,0,1295,301.8038,1.5088,751.2215,0.311,A
51,sn1/user-timeline-service,1510.08,517.95,251.42,0.0,0,9786,2280.6575,14.9336,751.2215,2.94,A
52,hotel/consul,14.71,29.06,201.48,0.0,0,5452,1178.2374,1.2515,754.2856,0.0382,A
52,hotel/frontend,9748.07,119.59,1119.14,0.0,0,698506,150954.8542,145.1176,754.2856,24.7,A
52,hotel/geo,1282.5,30.93,1119.06,0.0,0,7849,1696.2555,19.0923,754.2856,3.11,A
52,hotel/jaeger,0.28,14.79,81.01,0.0,0,0,284.8009,1.2515,1.3303,0.0,A
52,hotel/memcached-profile,143.28,7.71,79.25,0.0,0,4540,981.1441,2.133,754.2856,0.363,A
52,hotel/memcached-rate,119.88,7.61,79.25,0.0,0,2631,568.5881,1.7846,754.2856,0.287,A
52,hotel/memcached-reserve,184.77,7.24,79.25,0.0,0,2439,527.0948,2.7506,754.2856,0.42,A
52,hotel/mongodb-geo,7.2,62.87,400.43,0.0,0,274,284.8009,1.2515,1.3303,0.0382,A
52,hotel/mongodb-profile,7.14,63.93,400.43,0.0,0,50,284.8009,1.2515,1.3303,0.0191,A
52,hotel/mongodb-rate,9.21,64.8,400.43,0.0508,10,804,284.8009,1.2515,1.3303,0.0382,A
52,hotel/mongodb-recommendation,7.58,62.93,400.43,0.0,0,1225,284.8009,1.2515,1.3303,0.0382,A
52,hotel/mongodb-reservation,10.1,251.28,400.43,0.0547,28,920,284.8009,1.2515,754.2856,0.0191,A
52,hotel/mongodb-user,7.32,63.02,400.43,0.0,0,1021,284.8009,1.2515,1.3303,0.0,A
52,hotel/profile,3361.95,49.48,1119.06,0.0,0,62270,13457.2341,50.0487,754.2856,7.78,A
52,hotel/rate,1597.42,36.82,1119.14,0.0,0,7305,1578.6911,23.7805,754.2856,3.94,A
52,hotel/recommendation,801.11,27.55,1119.06,0.0,0,5419,1171.1057,11.926,754.2856,1.97,A
52,hotel/reservation,3684.58,65.6,1119.06,0.0,0,217133,46924.8372,54.8516,754.2856,9.57,A
52,hotel/search,2921.91,40.89,1119.06,0.0,0,20478,4425.5218,43.4979,754.2856,7.41,A
52,hotel/user,49.16,20.35,1119.06,0.0,0,2269,490.3559,1.2515,754.2856,0.115,A
52,sa1/customer-feedback,27277.81,10146.62,13293.62,0.0,0,16902,3652.7087,406.0794,754.2856,63.9,A
52,sn1/compose-post-service,1369.16,85.73,251.42,0.0,0,8947,1933.5454,20.3824,754.2856,3.17,A
52,sn1/home-timeline-redis,296.9,2553.87,952.74,0.0,0,1972,426.171,4.4199,754.2856,0.745,A
52,sn1/home-timeline-service,1615.43,109.62,251.42,0.0,0,9119,1970.7165,24.0486,754.2856,4.01,A
52,sn1/jaeger,15.16,4925.56,75.0,0.0,0,320,284.8009,1.2515,754.2856,0.0955,A
52,sn1/media-frontend,0.0,2027.57,648.43,0.0,0,0,284.8009,1.2515,1.3303,0.0,A
52,sn1/media-memcached,0.14,4.63,75.33,0.0,0,0,284.8009,1.2515,1.3303,0.0,A
52,sn1/media-mongodb,8.36,73.84,703.91,0.0078,4,1047,284.8009,1.2515,1.3303,0.0382,A
52,sn1/media-service,73.76,4.83,251.42,0.0,0,645,284.8009,1.2515,754.2856,0.191,A
52,sn1/nginx-thrift,24561.39,42186.61,620.32,17.5938,160,14444,3121.5078,365.6406,754.2856,61.2,A
52,sn1/post-storage-memcached,1790.98,70.66,75.33,0.0,0,7236,1563.7794,26.662,754.2856,4.51,A
52,sn1/post-storage-mongodb,945.75,8188.05,4129.87,0.0,0,1436,310.3354,14.0792,754.2856,2.41,A
52,sn1/post-storage-service,7510.91,94.89,251.42,0.0,0,16676,3603.8676,111.8134,754.2856,18.8,A
52,sn1/social-graph-mongodb,8.5,728.02,756.91,0.0078,4,2461,531.8493,1.2515,1.3303,0.0382,A
52,sn1/social-graph-redis,2.67,20.04,103.57,0.0,0,200,284.8009,1.2515,1.3303,0.0191,A
52,sn1/social-graph-service,0.06,31.3,251.42,0.0,0,0,284.8009,1.2515,1.3303,0.0,A
52,sn1/text-service,1456.72,72.94,251.42,0.0,0,7993,1727.3755,21.6859,754.2856,3.46,A
52,sn1/unique-id-service,76.35,4.64,251.42,0.0,0,993,284.8009,1.2515,754.2856,0.191,A
52,sn1/url-shorten-memcached,0.16,4.63,75.33,0.0,0,0,284.8009,1.2515,1.3303,0.0,A
52,sn1/url-shorten-mongodb,346.27,106.89,702.74,0.0352,2,1663,359.3927,5.1549,754.2856,0.707,A
52,sn1/url-shorten-service,1253.93,79.52,251.42,0.0,0,8150,1761.3049,18.667,754.2856,2.85,A
52,sn1/user-memcached,152.79,6.32,75.33,0.0,0,3362,726.5653,2.2746,754.2856,0.382,A
52,sn1/user-mention-service,237.43,6.75,251.42,0.0,0,1010,284.8009,3.5346,754.2856,0.573,A
52,sn1/user-mongodb,8.37,96.94,704.67,0.0078,4,311,284.8009,1.2515,1.3303,0.0382,A
52,sn1/user-service,67.2,17.98,251.42,0.0,0,631,284.8009,1.2515,754.2856,0.153,A
52,sn1/user-timeline-mongodb,15.31,106.83,702.94,0.0,0,1755,379.2749,1.2515,754.2856,0.0382,A
52,sn1/user-timeline-redis,153.78,95.57,136.86,0.0,0,999,284.8009,2.2893,754.2856,0.401,A
52,sn1/user-timeline-service,1523.13,518.3,251.42,0.0,0,10936,2363.3903,22.6745,754.2856,3.75,A
53,hotel/consul,15.28,29.06,201.48,0.0,0,3605,873.4825,1.2515,689.1545,0.0306,A
53,hotel/frontend,9941.47,114.32,1119.14,0.0,0,734083,177866.4782,130.8476,689.1545,27.2,A
53,hotel/geo,1142.16,26.61,1119.06,0.0,0,3611,874.9363,15.0329,689.1545,3.09,A
53,hotel/jaeger,0.25,14.79,81.01,0.0,0,0,284.8009,1.2515,1.3303,0.0,A
53,hotel/memcached-profile,135.92,7.76,79.25,0.0,0,2660,644.5114,1.789,689.1545,0.398,A
53,hotel/memcached-rate,114.73,7.62,79.25,0.0,0,1586,384.2838,1.5101,689.1545,0.321,A
53,hotel/memcached-reserve,172.77,7.15,79.25,0.0,0,1489,360.781,2.274,689.1545,0.505,A
53,hotel/mongodb-geo,8.51,63.12,400.43,0.0352,4,119,284.8009,1.2515,1.3303,0.0153,A
53,hotel/mongodb-profile,8.94,63.93,400.43,0.0234,2,130,284.8009,1.2515,1.3303,0.0153,A
53,hotel/mongodb-rate,7.84,64.8,400.43,0.0,0,125,284.8009,1.2515,1.3303,0.0153,A
53,hotel/mongodb-recommendation,8.76,62.93,400.43,0.0273,4,608,284.8009,1.2515,1.3303,0.0153,A
53,hotel/mongodb-reservation,11.13,251.29,400.43,0.0859,32,1647,399.064,1.2515,689.1545,0.0153,A
53,hotel/mongodb-user,8.73,63.02,400.43,0.0234,2,38,284.8009,1.2515,1.3303,0.0459,A
53,hotel/profile,3426.33,48.02,1119.06,0.0,0,39028,9456.387,45.0967,689.1545,9.51,A
53,hotel/rate,1546.59,43.62,1119.14,0.0,0,4193,1015.9534,20.3559,689.1545,4.07,A
53,hotel/recommendation,762.78,26.47,1119.06,0.0,0,2460,596.0519,10.0396,689.1545,2.1,A
53,hotel/reservation,3623.28,65.04,1119.06,0.0,0,133007,32227.264,47.6889,689.1545,10.4,A
53,hotel/search,3036.15,44.16,1119.06,0.0,0,13918,3372.2967,39.9612,689.1545,7.74,A
53,hotel/user,55.31,20.61,1119.06,0.0,0,1639,397.1256,1.2515,689.1545,0.138,A
53,sa1/customer-feedback,18347.65,10147.69,13293.62,0.0,0,7032,1703.836,241.4881,689.1545,57.6,A
53,sn1/compose-post-service,1415.65,84.54,251.42,0.0,0,7197,1743.8151,18.6325,689.1545,3.55,A
53,sn1/home-timeline-redis,300.85,2554.14,952.74,0.0,0,1463,354.4812,3.9597,689.1545,0.841,A
53,sn1/home-timeline-service,1625.59,111.29,251.42,0.0,0,6504,1575.903,21.3957,689.1545,4.5,A
53,sn1/jaeger,55.27,4949.73,75.0,0.0,0,2411,584.1793,1.2515,689.1545,0.382,A
53,sn1/media-frontend,0.0,2027.57,648.43,0.0,0,0,284.8009,1.2515,1.3303,0.0,A
53,sn1/media-memcached,0.16,4.63,75.33,0.0,0,0,284.8009,1.2515,1.3303,0.0,A
53,sn1/media-mongodb,10.42,73.84,703.91,0.0312,2,566,284.8009,1.2515,689.1545,0.0459,A
53,sn1/media-service,76.0,4.79,251.42,0.0,0,745,284.8009,1.2515,689.1545,0.199,A
53,sn1/nginx-thrift,24451.58,42195.16,620.32,0.0,0,10817,2620.9321,321.8268,689.1545,67.2,A
53,sn1/post-storage-memcached,1805.27,71.1,75.33,0.0,0,6705,1624.6048,23.7606,689.1545,4.92,A
53,sn1/post-storage-mongodb,951.64,8188.31,4129.87,0.0547,2,1168,284.8009,12.5253,689.1545,2.6,A
53,sn1/post-storage-service,7516.04,97.7,251.42,0.0,0,14538,3522.5211,98.9246,689.1545,20.5,A
53,sn1/social-graph-mongodb,11.13,728.02,756.91,0.0312,2,67,284.8009,1.2515,689.1545,0.0306,A
53,sn1/social-graph-redis,2.32,20.04,103.57,0.0,0,1371,332.1899,1.2515,1.3303,0.0,A
53,sn1/social-graph-service,0.0,31.3,251.42,0.0,0,0,284.8009,1.2515,1.3303,0.0,A
53,sn1/text-service,1480.02,81.36,251.42,0.0,0,6866,1663.6147,19.4797,689.1545,3.69,A
53,sn1/unique-id-service,76.72,4.64,251.42,0.0,0,615,284.8009,1.2515,689.1545,0.199,A
53,sn1/url-shorten-memcached,0.19,4.63,75.33,0.0,0,0,284.8009,1.2515,1.3303,0.0,A
53,sn1/url-shorten-mongodb,338.73,106.8,702.74,0.043,6,2246,544.2002,4.4583,689.1545,0.795,A
53,sn1/url-shorten-service,1345.73,75.8,251.42,0.0,0,6982,1691.7212,17.7122,689.1545,3.12,A
53,sn1/user-memcached,153.35,6.6,75.33,0.0,0,2546,616.8894,2.0184,689.1545,0.413,A
53,sn1/user-mention-service,240.72,6.81,251.42,0.0,0,1108,284.8009,3.1683,689.1545,0.642,A
53,sn1/user-mongodb,10.71,97.19,704.67,0.0312,2,106,284.8009,1.2515,689.1545,0.0153,A
53,sn1/user-service,71.0,18.02,251.42,0.0,0,1216,294.6338,1.2515,689.1545,0.199,A
53,sn1/user-timeline-mongodb,17.42,106.83,702.94,0.0352,4,377,284.8009,1.2515,689.1545,0.0306,A
53,sn1/user-timeline-redis,153.91,95.57,136.86,0.0,0,1249,302.6296,2.0257,689.1545,0.428,A
53,sn1/user-timeline-service,1528.77,518.53,251.42,0.0,0,8426,2041.5988,20.1214,689.1545,4.02,A
54,hotel/consul,14.47,29.06,201.48,0.0,0,5843,1260.2454,1.2515,751.6052,0.036,A
54,hotel/frontend,9715.53,123.72,1119.14,0.0,0,689794,148777.9757,117.6058,751.6052,21.8,A
54,hotel/geo,1147.66,28.88,1119.06,0.0,0,4098,883.8757,13.8923,751.6052,2.82,A
54,hotel/jaeger,0.22,14.79,81.01,0.0,0,0,284.8009,1.2515,1.3303,0.0,A
54,hotel/memcached-profile,139.95,8.45,79.25,0.0,0,2030,437.8398,1.6941,751.6052,0.36,A
54,hotel/memcached-rate,113.93,7.62,79.25,0.0,0,2622,565.5251,1.3791,751.6052,0.27,A
54,hotel/memcached-reserve,181.69,7.29,79.25,0.0,0,1738,374.8599,2.1993,751.6052,0.414,A
54,hotel/mongodb-geo,7.99,62.87,400.43,0.0469,10,733,284.8009,1.2515,1.3303,0.036,A
54,hotel/mongodb-profile,8.36,63.93,400.43,0.0469,8,584,284.8009,1.2515,1.3303,0.036,A
54,hotel/mongodb-rate,7.76,64.82,400.43,0.0,0,109,284.8009,1.2515,1.3303,0.018,A
54,hotel/mongodb-recommendation,8.19,62.95,400.43,0.0508,12,602,284.8009,1.2515,1.3303,0.018,A
54,hotel/mongodb-reservation,12.48,251.36,400.43,0.5586,90,874,284.8009,1.2515,751.6052,0.036,A
54,hotel/mongodb-user,8.16,63.03,400.43,0.0508,12,165,284.8009,1.2515,1.3303,0.018,A
54,hotel/profile,3228.27,51.12,1119.06,0.0,0,74145,15991.9382,39.078,751.6052,7.84,A
54,hotel/rate,1437.25,38.07,1119.14,0.0,0,5500,1186.2656,17.3978,751.6052,3.08,A
54,hotel/recommendation,768.57,27.77,1119.06,0.0,0,3997,862.0915,9.3035,751.6052,1.89,A
54,hotel/reservation,3503.44,67.17,1119.06,0.0,0,134967,29110.3098,42.4089,751.6052,7.5,A
54,hotel/search,2768.59,38.44,1119.06,0.0,0,10921,2355.492,33.5136,751.6052,5.87,A
54,hotel/user,52.92,21.06,1119.06,0.0,0,1589,342.7229,1.2515,751.6052,0.108,A
54,sa1/customer-feedback,27908.91,10146.93,13293.62,0.0,0,23833,5140.4122,337.8354,751.6052,89.0,A
54,sn1/compose-post-service,1403.98,86.21,251.42,0.0,0,8476,1828.1431,16.9951,751.6052,2.97,A
54,sn1/home-timeline-redis,291.61,2554.08,952.74,0.0,0,2393,516.1334,3.5299,751.6052,0.702,A
54,sn1/home-timeline-service,1632.85,112.58,251.42,0.0,0,7308,1576.2234,19.7655,751.6052,3.81,A
54,sn1/jaeger,10.35,4955.7,75.0,0.0,0,7568,1632.3014,1.2515,751.6052,0.054,A
54,sn1/media-frontend,0.0,2027.57,648.43,0.0,0,0,284.8009,1.2515,1.3303,0.0,A
54,sn1/media-memcached,0.2,4.63,75.33,0.0,0,0,284.8009,1.2515,1.3303,0.0,A
54,sn1/media-mongodb,8.76,73.84,703.91,0.0,0,166,284.8009,1.2515,1.3303,0.018,A
54,sn1/media-service,74.14,4.8,251.42,0.0,0,888,284.8009,1.2515,751.6052,0.162,A
54,sn1/nginx-thrift,24341.96,42205.91,620.32,35.0156,308,13393,2888.6645,294.6577,751.6052,57.3,A
54,sn1/post-storage-memcached,1799.34,71.06,75.33,0.0,0,7080,1527.0473,21.7809,751.6052,4.23,A
54,sn1/post-storage-mongodb,950.21,8188.95,4129.87,0.0039,2,1285,284.8009,11.5022,751.6052,2.27,A
54,sn1/post-storage-service,7616.8,97.46,251.42,0.0,0,16784,3620.0511,92.2008,751.6052,17.8,A
54,sn1/social-graph-mongodb,8.75,728.02,756.91,0.0,0,174,284.8009,1.2515,1.3303,0.036,A
54,sn1/social-graph-redis,2.43,20.04,103.57,0.0,0,250,284.8009,1.2515,1.3303,0.036,A
54,sn1/social-graph-service,0.05,31.3,251.42,0.0,0,0,284.8009,1.2515,1.3303,0.0,A
54,sn1/text-service,1473.69,82.36,251.42,0.0,0,8325,1795.5747,17.8389,751.6052,3.04,A
54,sn1/unique-id-service,76.19,4.67,251.42,0.0,0,681,284.8009,1.2515,751.6052,0.18,A
54,sn1/url-shorten-memcached,0.16,4.63,75.33,0.0,0,0,284.8009,1.2515,1.3303,0.0,A
54,sn1/url-shorten-mongodb,366.71,110.7,702.74,0.0352,2,2370,511.1726,4.439,751.6052,0.63,A
54,sn1/url-shorten-service,1353.87,77.45,251.42,0.0,0,8275,1784.7905,16.3885,751.6052,2.48,A
54,sn1/user-memcached,153.63,6.35,75.33,0.0,0,3547,765.0334,1.8597,751.6052,0.342,A
54,sn1/user-mention-service,242.0,6.92,251.42,0.0,0,1156,284.8009,2.9294,751.6052,0.558,A
54,sn1/user-mongodb,8.26,97.19,704.67,0.0,0,99,284.8009,1.2515,1.3303,0.036,A
54,sn1/user-service,70.64,18.02,251.42,0.0,0,672,284.8009,1.2515,751.6052,0.144,A
54,sn1/user-timeline-mongodb,14.99,106.83,702.94,0.0,0,571,284.8009,1.2515,751.6052,0.036,A
54,sn1/user-timeline-redis,156.55,95.57,136.86,0.0,0,1133,284.8009,1.895,751.6052,0.36,A
54,sn1/user-timeline-service,1523.29,520.56,251.42,0.0,0,11641,2510.785,18.4393,751.6052,3.53,A
55,hotel/consul,13.78,29.06,201.48,0.0,0,4313,984.7324,1.2515,705.5747,0.0178,A
55,hotel/frontend,9962.62,116.55,1119.14,0.0,0,758507,173180.2473,73.6106,705.5747,23.1,A
55,hotel/geo,1254.75,28.09,1119.06,0.0,0,3213,733.5834,9.2709,705.5747,3.04,A
55,hotel/jaeger,0.25,14.79,81.01,0.0,0,0,284.8009,1.2515,1.3303,0.0178,A
55,hotel/memcached-profile,141.81,7.95,79.25,0.0,0,1410,321.9274,1.2515,705.5747,0.302,A
55,hotel/memcached-rate,113.11,7.61,79.25,0.0,0,1544,352.5219,1.2515,705.5747,0.266,A
55,hotel/memcached-reserve,177.02,7.23,79.25,0.0,0,1776,405.4915,1.3079,705.5747,0.426,A
55,hotel/mongodb-geo,8.01,62.87,400.43,0.0352,4,309,284.8009,1.2515,1.3303,0.0178,A
55,hotel/mongodb-profile,7.91,63.93,400.43,0.0391,4,1901,434.0311,1.2515,1.3303,0.0178,A
55,hotel/mongodb-rate,7.42,64.82,400.43,0.0,0,860,284.8009,1.2515,1.3303,0.0178,A
55,hotel/mongodb-recommendation,7.95,62.95,400.43,0.0234,2,1200,284.8009,1.2515,1.3303,0.0355,A
55,hotel/mongodb-reservation,10.99,251.37,400.43,0.0859,32,3474,793.1742,1.2515,705.5747,0.0355,A
55,hotel/mongodb-user,8.54,63.03,400.43,0.0234,2,61,284.8009,1.2515,1.3303,0.0178,A
55,hotel/profile,3295.11,42.18,1119.06,0.0,0,47254,10788.9043,24.3465,705.5747,7.0,A
55,hotel/rate,1504.78,36.12,1119.14,0.0,0,4548,1038.3869,11.1183,705.5747,3.46,A
55,hotel/recommendation,851.75,29.07,1119.06,0.0,0,2547,581.5241,6.2933,705.5747,2.06,A
55,hotel/reservation,3486.37,73.7,1119.06,0.0,0,208591,47624.9276,25.7597,705.5747,8.81,A
55,hotel/search,3055.68,34.92,1119.06,0.0,0,14020,3201.0081,22.5774,705.5747,7.26,A
55,hotel/user,50.53,20.23,1119.06,0.0,0,1686,384.9429,1.2515,705.5747,0.107,A
55,sa1/customer-feedback,22318.07,10146.29,13293.62,0.0,0,21037,4803.1104,164.901,705.5747,67.7,A
55,sn1/compose-post-service,1363.97,87.25,251.42,0.0,0,7833,1788.4092,10.0779,705.5747,2.82,A
55,sn1/home-timeline-redis,288.59,2554.11,952.74,0.0,0,1537,350.9236,2.1323,705.5747,0.657,A
55,sn1/home-timeline-service,1606.56,111.5,251.42,0.0,0,6400,1461.2305,11.8704,705.5747,3.62,A
55,sn1/jaeger,59.21,4979.71,75.0,0.0,0,448,284.8009,1.2515,705.5747,0.195,A
55,sn1/media-frontend,0.0,2027.57,648.43,0.0,0,0,284.8009,1.2515,1.3303,0.0,A
55,sn1/media-memcached,0.16,4.63,75.33,0.0,0,0,284.8009,1.2515,1.3303,0.0,A
55,sn1/media-mongodb,10.17,73.84,703.91,0.0547,4,1429,326.2654,1.2515,705.5747,0.0355,A
55,sn1/media-service,73.81,4.8,251.42,0.0,0,703,284.8009,1.2515,705.5747,0.16,A
55,sn1/nginx-thrift,24202.78,42217.21,620.32,17.4961,168,10897,2487.9733,178.8265,705.5747,55.7,A
55,sn1/post-storage-memcached,1795.89,70.57,75.33,0.0,0,6888,1572.6494,13.2693,705.5747,4.14,A
55,sn1/post-storage-mongodb,943.5,8188.82,4129.87,0.0547,2,1007,284.8009,6.9712,705.5747,2.2,A
55,sn1/post-storage-service,7546.95,93.08,251.42,0.0,0,14115,3222.6983,55.762,705.5747,17.3,A
55,sn1/social-graph-mongodb,10.75,728.03,756.91,0.0664,4,89,284.8009,1.2515,705.5747,0.0355,A
55,sn1/social-graph-redis,2.23,20.04,103.57,0.0,0,2695,615.315,1.2515,1.3303,0.0,A
55,sn1/social-graph-service,0.0,31.3,251.42,0.0,0,0,284.8009,1.2515,1.3303,0.0,A
55,sn1/text-service,1433.8,78.36,251.42,0.0,0,6992,1596.3943,10.5939,705.5747,2.82,A
55,sn1/unique-id-service,75.97,4.67,251.42,0.0,0,670,284.8009,1.2515,705.5747,0.178,A
55,sn1/url-shorten-memcached,0.12,4.63,75.33,0.0,0,0,284.8009,1.2515,1.3303,0.0,A
55,sn1/url-shorten-mongodb,317.81,108.41,702.74,0.0,0,1195,284.8009,2.3482,705.5747,0.284,A
55,sn1/url-shorten-service,1281.19,75.05,251.42,0.0,0,6655,1519.4514,9.4663,705.5747,1.83,A
55,sn1/user-memcached,155.33,6.39,75.33,0.0,0,2457,560.9755,1.2515,705.5747,0.355,A
55,sn1/user-mention-service,240.65,6.95,251.42,0.0,0,1151,284.8009,1.7781,705.5747,0.533,A
55,sn1/user-mongodb,9.72,96.95,704.67,0.0664,4,4582,1046.1497,1.2515,1.3303,0.0355,A
55,sn1/user-service,69.4,18.02,251.42,0.0,0,799,284.8009,1.2515,705.5747,0.142,A
55,sn1/user-timeline-mongodb,15.74,106.83,702.94,0.0312,2,606,284.8009,1.2515,705.5747,0.0533,A
55,sn1/user-timeline-redis,154.2,95.57,136.86,0.0,0,1418,323.7539,1.2515,705.5747,0.355,A
55,sn1/user-timeline-service,1517.32,520.58,251.42,0.0,0,8726,1992.2965,11.211,705.5747,3.43,A
56,hotel/consul,16.24,29.06,201.48,0.0,0,2640,589.7083,1.2515,753.7228,0.0221,A
56,hotel/frontend,9850.34,108.66,1119.14,0.0,0,643495,143740.289,95.9379,753.7228,28.4,A
56,hotel/geo,1223.92,27.11,1119.06,0.0,0,3489,779.3532,11.9204,753.7228,3.43,A
56,hotel/jaeger,0.24,14.79,81.01,0.0,0,0,284.8009,1.2515,1.3303,0.0,A
56,hotel/memcached-profile,153.62,7.73,79.25,0.0,0,2202,491.8704,1.4962,753.7228,0.443,A
56,hotel/memcached-rate,117.56,7.61,79.25,0.0,0,2733,610.4821,1.2515,753.7228,0.332,A
56,hotel/memcached-reserve,186.55,7.27,79.25,0.0,0,1848,412.7958,1.8169,753.7228,0.509,A
56,hotel/mongodb-geo,6.99,62.87,400.43,0.0,0,48,284.8009,1.2515,1.3303,0.0443,A
56,hotel/mongodb-profile,7.11,63.93,400.43,0.0,0,58,284.8009,1.2515,1.3303,0.0221,A
56,hotel/mongodb-rate,7.47,64.82,400.43,0.0156,2,171,284.8009,1.2515,1.3303,0.0,A
56,hotel/mongodb-recommendation,7.16,62.95,400.43,0.0,0,493,284.8009,1.2515,1.3303,0.0,A
56,hotel/mongodb-reservation,10.27,251.38,400.43,0.0703,36,1774,396.2661,1.2515,753.7228,0.0221,A
56,hotel/mongodb-user,6.99,63.03,400.43,0.0,0,202,284.8009,1.2515,1.3303,0.0443,A
56,hotel/profile,3683.6,48.97,1119.06,0.0,0,100319,22408.6932,35.8766,753.7228,10.2,A
56,hotel/rate,1537.24,42.85,1119.14,0.0,0,4400,982.8472,14.972,753.7228,3.92,A
56,hotel/recommendation,801.44,27.29,1119.06,0.0,0,2872,641.5312,7.8057,753.7228,2.39,A
56,hotel/reservation,3520.24,63.08,1119.06,0.0,0,118175,26397.2659,34.2856,753.7228,10.2,A
56,hotel/search,2923.76,35.57,1119.06,0.0,0,11706,2614.8204,28.4761,753.7228,8.33,A
56,hotel/user,54.09,20.22,1119.06,0.0,0,1879,419.7204,1.2515,753.7228,0.155,A
56,sa1/customer-feedback,16064.31,10145.91,13293.62,0.0,0,7196,1607.402,156.4592,753.7228,44.1,A
56,sn1/compose-post-service,1375.06,86.11,251.42,0.0,0,7061,1577.2464,13.3925,753.7228,3.5,A
56,sn1/home-timeline-redis,302.1,2554.26,952.74,0.0,0,2032,453.8967,2.9423,753.7228,0.908,A
56,sn1/home-timeline-service,1623.17,110.12,251.42,0.0,0,6929,1547.761,15.8089,753.7228,4.63,A
56,sn1/jaeger,1932.29,4984.89,75.0,0.0,0,1081,284.8009,18.8196,753.7228,0.0886,A
56,sn1/media-frontend,0.0,2027.57,648.43,0.0,0,0,284.8009,1.2515,1.3303,0.0,A
56,sn1/media-memcached,0.18,4.63,75.33,0.0,0,0,284.8009,1.2515,1.3303,0.0,A
56,sn1/media-mongodb,8.5,73.84,703.91,0.0898,18,111,284.8009,1.2515,1.3303,0.0443,A
56,sn1/media-service,74.42,4.83,251.42,0.0,0,794,284.8009,1.2515,753.7228,0.199,A
56,sn1/nginx-thrift,24442.05,42223.98,620.32,0.0,0,10745,2400.1576,238.0546,753.7228,68.9,A
56,sn1/post-storage-memcached,1799.27,70.64,75.33,0.0,0,6298,1406.8118,17.5241,753.7228,5.07,A
56,sn1/post-storage-mongodb,938.14,8188.06,4129.87,0.0078,4,1130,284.8009,9.1371,753.7228,2.61,A
56,sn1/post-storage-service,7528.81,95.38,251.42,0.0,0,14647,3271.7644,73.3272,753.7228,21.0,A
56,sn1/social-graph-mongodb,8.34,728.03,756.91,0.0,0,65,284.8009,1.2515,1.3303,0.0443,A
56,sn1/social-graph-redis,2.39,20.04,103.57,0.0,0,323,284.8009,1.2515,1.3303,0.0221,A
56,sn1/social-graph-service,0.09,31.3,251.42,0.0,0,0,284.8009,1.2515,1.3303,0.0,A
56,sn1/text-service,1435.9,80.35,251.42,0.0,0,7784,1738.7461,13.985,753.7228,3.59,A
56,sn1/unique-id-service,75.22,4.67,251.42,0.0,0,727,284.8009,1.2515,753.7228,0.177,A
56,sn1/url-shorten-memcached,0.15,4.63,75.33,0.0,0,1371,306.2463,1.2515,1.3303,0.0,A
56,sn1/url-shorten-mongodb,297.21,107.52,702.74,0.0508,4,1611,359.8561,2.8947,753.7228,0.687,A
56,sn1/url-shorten-service,1226.81,74.96,251.42,0.0,0,6930,1547.9844,11.9486,753.7228,2.75,A
56,sn1/user-memcached,157.86,6.58,75.33,0.0,0,2636,588.8148,1.5375,753.7228,0.443,A
56,sn1/user-mention-service,242.15,6.93,251.42,0.0,0,973,284.8009,2.3584,753.7228,0.687,A
56,sn1/user-mongodb,7.99,96.95,704.67,0.4766,38,70,284.8009,1.2515,1.3303,0.0221,A
56,sn1/user-service,70.3,18.02,251.42,0.0,0,880,284.8009,1.2515,753.7228,0.221,A
56,sn1/user-timeline-mongodb,14.8,106.83,702.94,0.0,0,745,284.8009,1.2515,753.7228,0.0664,A
56,sn1/user-timeline-redis,155.55,95.56,136.86,0.0,0,810,284.8009,1.515,753.7228,0.443,A
56,sn1/user-timeline-service,1520.94,518.12,251.42,0.0,0,8693,1941.7934,14.8133,753.7228,4.14,A
57,hotel/consul,14.79,29.06,201.48,0.0,0,5169,1228.7187,1.2515,684.2686,0.0424,A
57,hotel/frontend,9944.23,125.91,1119.14,0.0,0,986823,234576.8697,139.9932,684.2686,27.7,A
57,hotel/geo,1160.14,28.54,1119.06,0.0,0,3521,836.974,16.3323,684.2686,3.05,A
57,hotel/jaeger,0.18,14.79,81.01,0.0,0,0,284.8009,1.2515,1.3303,0.0,A
57,hotel/memcached-profile,143.27,8.24,79.25,0.0,0,1580,375.5805,2.0169,684.2686,0.381,A
57,hotel/memcached-rate,114.21,7.6,79.25,0.0,0,5599,1330.9336,1.6078,684.2686,0.296,A
57,hotel/memcached-reserve,169.97,7.22,79.25,0.0,0,1690,401.7285,2.3928,684.2686,0.402,A
57,hotel/mongodb-geo,7.95,62.87,400.43,0.0234,2,100,284.8009,1.2515,1.3303,0.0212,A
57,hotel/mongodb-profile,7.81,63.93,400.43,0.0234,2,42,284.8009,1.2515,1.3303,0.0212,A
57,hotel/mongodb-rate,7.59,64.82,400.43,0.0,0,89,284.8009,1.2515,1.3303,0.0212,A
57,hotel/mongodb-recommendation,8.12,62.95,400.43,0.0352,4,82,284.8009,1.2515,1.3303,0.0212,A
57,hotel/mongodb-reservation,10.54,251.4,400.43,0.0938,34,485,284.8009,1.2515,684.2686,0.0212,A
57,hotel/mongodb-user,8.3,63.03,400.43,0.0234,2,104,284.8009,1.2515,1.3303,0.0424,A
57,hotel/profile,3423.0,45.74,1119.06,0.0,0,72975,17346.8262,48.1884,684.2686,8.94,A
57,hotel/rate,1478.42,42.53,1119.14,0.0,0,11540,2743.1637,20.813,684.2686,3.73,A
57,hotel/recommendation,777.68,29.18,1119.06,0.0,0,2493,592.6089,10.948,684.2686,2.01,A
57,hotel/reservation,3571.78,67.61,1119.06,0.0,0,119934,28509.4108,50.2829,684.2686,9.06,A
57,hotel/search,2830.19,42.12,1119.06,0.0,0,14015,3331.4939,39.8429,684.2686,7.03,A
57,hotel/user,51.06,20.46,1119.06,0.0,0,2196,522.0093,1.2515,684.2686,0.127,A
57,sa1/customer-feedback,15619.1,10147.71,13293.62,4.082,40,7188,1708.6535,219.8831,684.2686,51.2,A
57,sn1/compose-post-service,1397.37,85.6,251.42,0.0,0,7149,1699.3828,19.6719,684.2686,3.54,A
57,sn1/home-timeline-redis,296.23,2555.25,952.74,0.0,0,1421,337.7847,4.1703,684.2686,0.826,A
57,sn1/home-timeline-service,1647.39,110.2,251.42,0.0,0,5680,1350.188,23.1917,684.2686,4.57,A
57,sn1/jaeger,57.25,4985.02,75.0,0.0,0,1099,284.8009,1.2515,684.2686,0.233,A
57,sn1/media-frontend,0.0,2027.57,648.43,0.0,0,0,284.8009,1.2515,1.3303,0.0,A
57,sn1/media-memcached,0.22,4.63,75.33,0.0,0,0,284.8009,1.2515,1.3303,0.0,A
57,sn1/media-mongodb,10.18,73.84,703.91,0.0352,2,821,284.8009,1.2515,684.2686,0.0424,A
57,sn1/media-service,76.53,4.83,251.42,0.0,0,659,284.8009,1.2515,684.2686,0.233,A
57,sn1/nginx-thrift,24456.17,42227.25,620.32,35.3984,316,9848,2340.9598,344.2899,684.2686,67.7,A
57,sn1/post-storage-memcached,1818.23,71.31,75.33,0.0,0,6229,1480.6904,25.5967,684.2686,5.02,A
57,sn1/post-storage-mongodb,946.07,8188.25,4129.87,0.1133,4,1174,284.8009,13.3186,684.2686,2.65,A
57,sn1/post-storage-service,7579.9,94.6,251.42,0.0,0,13991,3325.7889,106.7086,684.2686,20.9,A
57,sn1/social-graph-mongodb,10.13,728.03,756.91,1.6211,46,148,284.8009,1.2515,684.2686,0.0212,A
57,sn1/social-graph-redis,2.09,20.04,103.57,0.0,0,272,284.8009,1.2515,1.3303,0.0,A
57,sn1/social-graph-service,0.0,31.3,251.42,0.0,0,0,284.8009,1.2515,1.3303,0.0,A
57,sn1/text-service,1486.12,80.55,251.42,0.0,0,6933,1648.0376,20.9214,684.2686,3.66,A
57,sn1/unique-id-service,79.1,4.67,251.42,0.0,0,664,284.8009,1.2515,684.2686,0.212,A
57,sn1/url-shorten-memcached,0.16,4.63,75.33,0.0,0,0,284.8009,1.2515,1.3303,0.0,A
57,sn1/url-shorten-mongodb,317.88,105.33,702.74,0.0,0,1518,360.8425,4.4751,684.2686,0.741,A
57,sn1/url-shorten-service,1262.05,76.33,251.42,0.0,0,6172,1467.141,17.7669,684.2686,2.84,A
57,sn1/user-memcached,160.91,6.33,75.33,0.0,0,2699,641.577,2.2653,684.2686,0.402,A
57,sn1/user-mention-service,249.85,7.16,251.42,0.0,0,1056,284.8009,3.5173,684.2686,0.635,A
57,sn1/user-mongodb,9.63,96.95,704.67,0.043,4,570,284.8009,1.2515,1.3303,0.0212,A
57,sn1/user-service,72.36,18.02,251.42,0.0,0,717,284.8009,1.2515,684.2686,0.191,A
57,sn1/user-timeline-mongodb,15.77,106.83,702.94,0.0312,2,411,284.8009,1.2515,684.2686,0.0424,A
57,sn1/user-timeline-redis,154.54,96.3,136.86,0.0,0,1148,284.8009,2.1756,684.2686,0.466,A
57,sn1/user-timeline-service,1512.85,520.03,251.42,0.0,0,7871,1871.0088,21.2977,684.2686,4.15,A
58,hotel/consul,14.07,29.06,201.48,0.0,0,13433,3036.7093,1.2515,762.7364,0.0455,A
58,hotel/frontend,10027.32,127.34,1119.14,0.0,0,586714,132634.545,166.9111,762.7364,29.7,A
58,hotel/geo,1506.16,31.46,1119.06,0.0,0,7752,1752.4433,25.071,762.7364,3.78,A
58,hotel/jaeger,0.19,14.79,81.01,0.0,0,1258,284.8009,1.2515,1.3303,0.0,A
58,hotel/memcached-profile,172.54,8.47,79.25,0.0,0,4217,953.3092,2.872,762.7364,0.478,A
58,hotel/memcached-rate,136.58,7.59,79.25,0.0,0,3603,814.5063,2.2735,762.7364,0.387,A
58,hotel/memcached-reserve,205.19,7.2,79.25,0.0,0,2596,586.8605,3.4155,762.7364,0.569,A
58,hotel/mongodb-geo,7.64,62.87,400.43,0.0,0,88,284.8009,1.2515,1.3303,0.0455,A
58,hotel/mongodb-profile,7.66,63.93,400.43,0.0,0,217,284.8009,1.2515,1.3303,0.0228,A
58,hotel/mongodb-rate,8.36,64.82,400.43,0.0508,6,144,284.8009,1.2515,1.3303,0.0228,A
58,hotel/mongodb-recommendation,7.71,62.95,400.43,0.0,0,48,284.8009,1.2515,1.3303,0.0228,A
58,hotel/mongodb-reservation,11.35,251.41,400.43,0.0859,44,520,284.8009,1.2515,762.7364,0.0228,A
58,hotel/mongodb-user,7.61,63.03,400.43,0.0,0,210,284.8009,1.2515,1.3303,0.0455,A
58,hotel/profile,3379.29,50.63,1119.06,0.0,0,60933,13774.7194,56.2504,762.7364,9.53,A
58,hotel/rate,1766.85,38.3,1119.14,0.0,0,8065,1823.2011,29.4103,762.7364,4.66,A
58,hotel/recommendation,941.14,25.38,1119.06,0.0,0,4929,1114.2664,15.6659,762.7364,2.87,A
58,hotel/reservation,3924.26,65.32,1119.06,0.0,0,140012,31651.5848,65.3218,762.7364,10.6,A
58,hotel/search,3348.71,36.73,1119.06,0.0,0,26018,5881.7168,55.7414,762.7364,9.15,A
58,hotel/user,54.97,20.79,1119.06,0.0,0,4263,963.7082,1.2515,762.7364,0.137,A
58,sa1/customer-feedback,37769.96,10149.6,13293.62,0.0,0,52620,11895.4546,628.7048,762.7364,64.9,A
58,sn1/compose-post-service,1399.02,74.79,251.42,0.0,0,9540,2156.6446,23.2876,762.7364,3.78,A
58,sn1/home-timeline-redis,300.87,2555.05,952.74,0.0,0,2505,566.2887,5.0082,762.7364,0.865,A
58,sn1/home-timeline-service,1664.51,109.23,251.42,0.0,0,9683,2188.9716,27.7068,762.7364,4.85,A
58,sn1/jaeger,19.29,4985.03,75.0,0.0,0,1114,284.8009,1.2515,762.7364,0.091,A
58,sn1/media-frontend,0.0,2027.57,648.43,0.0,0,0,284.8009,1.2515,1.3303,0.0,A
58,sn1/media-memcached,0.22,4.63,75.33,0.0,0,0,284.8009,1.2515,1.3303,0.0,A
58,sn1/media-mongodb,8.66,73.84,703.91,0.0,0,751,284.8009,1.2515,1.3303,0.0455,A
58,sn1/media-service,74.32,5.07,251.42,0.0,0,2008,453.9353,1.2515,762.7364,0.228,A
58,sn1/nginx-thrift,25206.6,42241.87,620.32,17.5352,158,16331,3691.8409,419.5798,762.7364,72.3,A
58,sn1/post-storage-memcached,1822.01,70.29,75.33,0.0,0,7717,1744.531,30.3285,762.7364,5.3,A
58,sn1/post-storage-mongodb,955.51,8188.23,4129.87,0.0,0,1489,336.6084,15.9051,762.7364,2.71,A
58,sn1/post-storage-service,7687.07,93.64,251.42,0.0,0,18175,4108.7018,127.9561,762.7364,22.0,A
58,sn1/social-graph-mongodb,8.84,728.03,756.91,0.0,0,150,284.8009,1.2515,1.3303,0.0228,A
58,sn1/social-graph-redis,2.19,20.04,103.57,0.0,0,289,284.8009,1.2515,1.3303,0.0,A
58,sn1/social-graph-service,0.05,31.3,251.42,0.0,0,0,284.8009,1.2515,1.3303,0.0,A
58,sn1/text-service,1478.48,58.1,251.42,0.0,0,9130,2063.9586,24.6102,762.7364,3.98,A
58,sn1/unique-id-service,77.58,4.67,251.42,0.0,0,574,284.8009,1.2914,762.7364,0.228,A
58,sn1/url-shorten-memcached,0.17,4.63,75.33,0.0,0,0,284.8009,1.2515,1.3303,0.0,A
58,sn1/url-shorten-mongodb,344.76,106.46,702.74,0.043,4,3367,761.1554,5.7387,762.7364,0.683,A
58,sn1/url-shorten-service,1259.62,60.98,251.42,0.0,0,10017,2264.4768,20.9672,762.7364,3.03,A
58,sn1/user-memcached,155.64,6.6,75.33,0.0,0,3336,754.1474,2.5907,762.7364,0.478,A
58,sn1/user-mention-service,246.67,6.94,251.42,0.0,0,1106,284.8009,4.106,762.7364,0.751,A
58,sn1/user-mongodb,8.43,96.95,704.67,0.0,0,3011,680.6768,1.2515,1.3303,0.0228,A
58,sn1/user-service,70.82,18.02,251.42,0.0,0,814,284.8009,1.2515,762.7364,0.205,A
58,sn1/user-timeline-mongodb,15.74,106.83,702.94,0.0,0,1472,332.7653,1.2515,762.7364,0.0683,A
58,sn1/user-timeline-redis,155.28,95.83,136.86,0.0,0,1339,302.6989,2.5847,762.7364,0.455,A
58,sn1/user-timeline-service,1531.02,517.85,251.42,0.0,0,14300,3232.7062,25.4848,762.7364,4.37,A
59,hotel/consul,14.22,29.06,201.48,0.0,0,3745,824.9625,1.2515,672.0793,0.0381,A
59,hotel/frontend,9521.9,116.45,1119.14,0.0,0,578327,127396.0197,107.1021,672.0793,23.9,A
59,hotel/geo,1288.63,31.0,1119.06,0.0,0,4801,1057.5821,14.4945,672.0793,3.56,A
59,hotel/jaeger,0.28,14.79,81.01,0.0,0,0,284.8009,1.2515,1.3303,0.0,A
59,hotel/memcached-profile,155.07,7.7,79.25,0.0,0,2479,546.0833,1.7442,672.0793,0.419,A
59,hotel/memcached-rate,125.71,8.85,79.25,0.0,0,4161,916.6005,1.414,672.0793,0.381,A
59,hotel/memcached-reserve,184.62,7.2,79.25,0.0,0,2486,547.6253,2.0766,672.0793,0.533,A
59,hotel/mongodb-geo,8.82,62.87,400.43,0.0234,2,685,284.8009,1.2515,1.3303,0.0191,A
59,hotel/mongodb-profile,9.25,63.93,400.43,0.0234,2,45,284.8009,1.2515,1.3303,0.0381,A
59,hotel/mongodb-rate,8.46,64.82,400.43,0.0,0,209,284.8009,1.2515,1.3303,0.0191,A
59,hotel/mongodb-recommendation,8.71,62.95,400.43,0.043,4,3280,722.5306,1.2515,1.3303,0.0191,A
59,hotel/mongodb-reservation,11.18,251.41,400.43,0.082,28,595,284.8009,1.2515,672.0793,0.0381,A
59,hotel/mongodb-user,9.52,63.03,400.43,0.0234,2,114,284.8009,1.2515,1.3303,0.0191,A
59,hotel/profile,3517.59,48.32,1119.06,0.0,0,42918,9454.1365,39.5657,672.0793,9.56,A
59,hotel/rate,1503.06,45.45,1119.14,0.0,0,6898,1519.5171,16.9064,672.0793,4.13,A
59,hotel/recommendation,793.5,26.15,1119.06,0.0,0,3078,678.0333,8.9253,672.0793,2.15,A
59,hotel/reservation,3903.85,66.21,1119.06,0.0,0,150118,33068.5506,43.9104,672.0793,11.6,A
59,hotel/search,2944.18,38.44,1119.06,0.0,0,17342,3820.1602,33.1161,672.0793,7.83,A
59,hotel/user,49.53,20.81,1119.06,0.0,0,1700,374.4823,1.2515,672.0793,0.152,A
59,sa1/customer-feedback,18678.17,10151.02,13293.62,0.0,0,8479,1867.7856,210.0915,672.0793,70.6,A
59,sn1/compose-post-service,1308.25,83.86,251.42,0.0,0,7261,1599.4801,14.7152,672.0793,3.16,A
59,sn1/home-timeline-redis,288.17,2554.31,952.74,0.0,0,1454,320.2925,3.2413,672.0793,0.762,A
59,sn1/home-timeline-service,1584.47,110.73,251.42,0.0,0,6520,1436.2498,17.8221,672.0793,4.1,A
59,sn1/jaeger,59.69,4985.03,75.0,0.0,0,629,284.8009,1.2515,672.0793,0.248,A
59,sn1/media-frontend,0.0,2027.57,648.43,0.0,0,0,284.8009,1.2515,1.3303,0.0,A
59,sn1/media-memcached,0.25,4.63,75.33,0.0,0,0,284.8009,1.2515,1.3303,0.0,A
59,sn1/media-mongodb,10.43,73.84,703.91,0.0352,2,62,284.8009,1.2515,672.0793,0.0381,A
59,sn1/media-service,71.83,4.83,251.42,0.0,0,1075,284.8009,1.2515,672.0793,0.191,A
59,sn1/nginx-thrift,23837.7,42254.85,620.32,17.4414,158,11222,2472.0238,268.1258,672.0793,61.8,A
59,sn1/post-storage-memcached,1767.95,70.56,75.33,0.0,0,6267,1380.518,19.8858,672.0793,4.55,A
59,sn1/post-storage-mongodb,934.99,8188.11,4129.87,0.0586,2,1332,293.4179,10.5167,672.0793,2.48,A
59,sn1/post-storage-service,7363.95,95.82,251.42,0.0,0,15112,3328.9275,82.8295,672.0793,19.0,A
59,sn1/social-graph-mongodb,10.4,728.03,756.91,0.0352,2,827,284.8009,1.2515,672.0793,0.0381,A
59,sn1/social-graph-redis,2.31,20.04,103.57,0.0,0,289,284.8009,1.2515,1.3303,0.0,A
59,sn1/social-graph-service,0.0,31.3,251.42,0.0,0,0,284.8009,1.2515,1.3303,0.0,A
59,sn1/text-service,1356.29,81.4,251.42,0.0,0,7327,1614.0188,15.2555,672.0793,3.18,A
59,sn1/unique-id-service,74.03,4.67,251.42,0.0,0,629,284.8009,1.2515,672.0793,0.21,A
59,sn1/url-shorten-memcached,0.15,4.63,75.33,0.0,0,0,284.8009,1.2515,1.3303,0.0,A
59,sn1/url-shorten-mongodb,293.64,107.01,702.74,0.0,0,1900,418.5391,3.3029,672.0793,0.591,A
59,sn1/url-shorten-service,1170.72,75.97,251.42,0.0,0,8268,1821.3058,13.1682,672.0793,2.61,A
59,sn1/user-memcached,151.5,6.85,75.33,0.0,0,2470,544.1008,1.7041,672.0793,0.4,A
59,sn1/user-mention-service,233.75,6.94,251.42,0.0,0,919,284.8009,2.6292,672.0793,0.61,A
59,sn1/user-mongodb,10.08,97.2,704.67,0.0508,4,252,284.8009,1.2515,672.0793,0.0,A
59,sn1/user-service,68.51,18.08,251.42,0.0,0,904,284.8009,1.2515,672.0793,0.191,A
59,sn1/user-timeline-mongodb,17.12,106.83,702.94,0.0703,8,529,284.8009,1.2515,672.0793,0.0572,A
59,sn1/user-timeline-redis,152.44,95.59,136.86,0.0,0,1117,284.8009,1.7146,672.0793,0.381,A
59,sn1/user-timeline-service,1491.35,518.86,251.42,0.0,0,9164,2018.68,16.7747,672.0793,3.72,A
60,hotel/consul,14.79,29.06,201.48,0.0,0,4594,1028.8457,1.2515,750.7637,0.0279,A
60,hotel/frontend,9735.51,131.95,1119.14,0.0,0,670513,150164.2214,160.8852,750.7637,16.8,A
60,hotel/geo,1326.64,29.07,1119.06,0.0,0,6688,1497.8059,21.9235,750.7637,2.9,A
60,hotel/jaeger,0.21,14.79,81.01,0.0,0,0,284.8009,1.2515,1.3303,0.0,A
60,hotel/memcached-profile,143.26,7.68,79.25,0.0,0,4518,1011.8252,2.3675,750.7637,0.265,A
60,hotel/memcached-rate,128.38,7.86,79.25,0.0,0,5065,1134.3282,2.1216,750.7637,0.251,A
60,hotel/memcached-reserve,189.34,7.22,79.25,0.0,0,2965,664.0243,3.129,750.7637,0.376,A
60,hotel/mongodb-geo,7.45,62.87,400.43,0.0,0,157,284.8009,1.2515,1.3303,0.0279,A
60,hotel/mongodb-profile,7.35,63.68,400.43,0.0,0,1058,284.8009,1.2515,1.3303,0.0139,A
60,hotel/mongodb-rate,8.4,64.82,400.43,0.0156,2,157,284.8009,1.2515,1.3303,0.0279,A
60,hotel/mongodb-recommendation,7.35,62.95,400.43,0.0,0,372,284.8009,1.2515,1.3303,0.0139,A
60,hotel/mongodb-reservation,11.42,251.43,400.43,0.0977,50,1940,434.4712,1.2515,750.7637,0.0279,A
60,hotel/mongodb-user,7.38,63.03,400.43,0.0,0,125,284.8009,1.2515,1.3303,0.0279,A
60,hotel/profile,3519.04,50.29,1119.06,0.0,0,33901,7592.2723,58.1543,750.7637,6.62,A
60,hotel/rate,1768.65,40.7,1119.14,0.0,0,8629,1932.501,29.228,750.7637,3.36,A
60,hotel/recommendation,879.91,27.6,1119.06,0.0,0,4791,1072.9647,14.541,750.7637,1.69,A
60,hotel/reservation,3504.9,68.25,1119.06,0.0,0,180563,40437.8473,57.9206,750.7637,6.84,A
60,hotel/search,2987.88,37.39,1119.06,0.0,0,31126,6970.7993,49.3765,750.7637,5.99,A
60,hotel/user,59.01,20.28,1119.06,0.0,0,2101,470.5278,1.2515,750.7637,0.111,A
60,sa1/customer-feedback,34027.17,10152.09,13293.62,0.0,0,21686,4856.6714,562.3197,750.7637,114.0,A
60,sn1/compose-post-service,1413.32,86.55,251.42,0.0,0,9384,2101.5865,23.356,750.7637,2.42,A
60,sn1/home-timeline-redis,293.82,2554.09,952.74,0.0,0,2157,483.0693,4.8556,750.7637,0.543,A
60,sn1/home-timeline-service,1623.71,111.66,251.42,0.0,0,9592,2148.169,26.8328,750.7637,2.93,A
60,sn1/jaeger,13.83,4985.04,75.0,0.0,0,2535,567.724,1.2515,750.7637,0.0697,A
60,sn1/media-frontend,0.0,2027.57,648.43,0.0,0,0,284.8009,1.2515,1.3303,0.0,A
60,sn1/media-memcached,0.19,4.63,75.33,0.0,0,0,284.8009,1.2515,1.3303,0.0,A
60,sn1/media-mongodb,8.81,73.84,703.91,0.0039,2,670,284.8009,1.2515,1.3303,0.0279,A
60,sn1/media-service,75.14,4.83,251.42,0.0,0,803,284.8009,1.2515,750.7637,0.139,A
60,sn1/nginx-thrift,24594.27,42258.29,620.32,17.3906,152,17490,3916.9595,406.4353,750.7637,45.0,A
60,sn1/post-storage-memcached,1783.49,70.84,75.33,0.0,0,7700,1724.4476,29.4733,750.7637,3.25,A
60,sn1/post-storage-mongodb,935.58,8188.32,4129.87,0.0,0,1717,384.5294,15.461,750.7637,1.71,A
60,sn1/post-storage-service,7516.27,93.88,251.42,0.0,0,19131,4284.4683,124.2109,750.7637,13.7,A
60,sn1/social-graph-mongodb,8.65,728.03,756.91,0.0039,2,54,284.8009,1.2515,1.3303,0.0279,A
60,sn1/social-graph-redis,2.42,20.04,103.57,0.0,0,1262,284.8009,1.2515,1.3303,0.0,A
60,sn1/social-graph-service,0.07,31.3,251.42,0.0,0,0,284.8009,1.2515,1.3303,0.0,A
60,sn1/text-service,1470.67,77.08,251.42,0.0,0,8742,1957.8079,24.3037,750.7637,2.49,A
60,sn1/unique-id-service,77.87,4.67,251.42,0.0,0,1150,284.8009,1.2868,750.7637,0.139,A
60,sn1/url-shorten-memcached,0.14,4.63,75.33,0.0,0,0,284.8009,1.2515,1.3303,0.0,A
60,sn1/url-shorten-mongodb,342.77,106.16,702.74,0.0391,2,5008,1121.5628,5.6645,750.7637,0.432,A
60,sn1/url-shorten-service,1293.49,75.69,251.42,0.0,0,9842,2204.1575,21.3757,750.7637,1.95,A
60,sn1/user-memcached,148.11,6.84,75.33,0.0,0,8669,1941.4592,2.4476,750.7637,0.265,A
60,sn1/user-mention-service,241.82,6.94,251.42,0.0,0,1154,284.8009,3.9962,750.7637,0.446,A
60,sn1/user-mongodb,8.59,96.95,704.67,0.0078,4,133,284.8009,1.2515,1.3303,0.0418,A
60,sn1/user-service,72.73,18.08,251.42,0.0,0,689,284.8009,1.2515,750.7637,0.139,A
60,sn1/user-timeline-mongodb,15.32,106.83,702.94,0.0,0,513,284.8009,1.2515,750.7637,0.0279,A
60,sn1/user-timeline-redis,151.89,95.6,136.86,0.0,0,954,284.8009,2.5101,750.7637,0.279,A
60,sn1/user-timeline-service,1462.8,523.7,251.42,0.0,0,12587,2818.9119,24.1737,750.7637,2.54,A
61,hotel/consul,15.3,29.06,201.48,0.0,0,2795,657.7119,1.2515,675.2132,0.0444,A
61,hotel/frontend,9926.75,119.34,1119.14,0.0,0,800675,188412.681,150.8448,675.2132,29.8,A
61,hotel/geo,1185.93,27.08,1119.06,0.0,0,2883,678.4198,18.0211,675.2132,3.46,A
61,hotel/jaeger,0.25,14.79,81.01,0.0,0,0,284.8009,1.2515,1.3303,0.0,A
61,hotel/memcached-profile,142.78,7.72,79.25,0.0,0,1437,338.151,2.1697,675.2132,0.377,A
61,hotel/memcached-rate,113.04,7.59,79.25,0.0,0,1492,351.0934,1.7177,675.2132,0.333,A
61,hotel/memcached-reserve,179.74,7.25,79.25,0.0,0,1564,368.0363,2.7313,675.2132,0.532,A
61,hotel/mongodb-geo,8.25,62.88,400.43,0.0273,2,53,284.8009,1.2515,1.3303,0.0444,A
61,hotel/mongodb-profile,8.59,63.87,400.43,0.0273,2,48,284.8009,1.2515,1.3303,0.0222,A
61,hotel/mongodb-rate,7.52,64.82,400.43,0.0,0,197,284.8009,1.2515,1.3303,0.0222,A
61,hotel/mongodb-recommendation,8.07,62.96,400.43,0.0273,2,78,284.8009,1.2515,1.3303,0.0444,A
61,hotel/mongodb-reservation,11.44,251.44,400.43,0.1094,40,217,284.8009,1.2515,675.2132,0.0444,A
61,hotel/mongodb-user,8.5,63.04,400.43,0.0273,2,49,284.8009,1.2515,1.3303,0.0222,A
61,hotel/profile,3315.61,43.21,1119.06,0.0,0,37709,8873.5802,50.3833,675.2132,9.23,A
61,hotel/rate,1416.55,38.3,1119.14,0.0,0,4306,1013.2763,21.5256,675.2132,4.13,A
61,hotel/recommendation,803.84,35.59,1119.06,0.0,0,2126,500.2846,12.215,675.2132,2.04,A
61,hotel/reservation,3352.28,66.11,1119.06,0.0,0,120721,28407.74,50.9405,675.2132,10.0,A
61,hotel/search,2670.27,37.92,1119.06,0.0,0,11370,2675.5577,40.5769,675.2132,8.25,A
61,hotel/user,47.06,20.54,1119.06,0.0,0,555,284.8009,1.2515,675.2132,0.177,A
61,sa1/customer-feedback,13334.31,10147.96,13293.62,0.0,0,7117,1674.7532,202.6254,675.2132,30.8,A
61,sn1/compose-post-service,1332.8,86.35,251.42,0.0,0,5915,1391.9018,20.2529,675.2132,3.57,A
61,sn1/home-timeline-redis,289.69,2554.1,952.74,0.0,0,1325,311.7954,4.4021,675.2132,0.843,A
61,sn1/home-timeline-service,1644.6,110.85,251.42,0.0,0,4867,1145.2893,24.991,675.2132,4.9,A
61,sn1/jaeger,62.29,4985.05,75.0,0.0,0,416,284.8009,1.2515,675.2132,0.288,A
61,sn1/media-frontend,0.0,2027.57,648.43,0.0,0,0,284.8009,1.2515,1.3303,0.0,A
61,sn1/media-memcached,0.36,4.63,75.33,0.0,0,0,284.8009,1.2515,1.3303,0.0,A
61,sn1/media-mongodb,11.39,73.84,703.91,0.0664,6,135,284.8009,1.2515,675.2132,0.0444,A
61,sn1/media-service,72.53,4.83,251.42,0.0,0,795,284.8009,1.2515,675.2132,0.2,A
61,sn1/nginx-thrift,24436.71,42267.8,620.32,17.9414,170,8008,1884.421,371.3351,675.2132,71.5,A
61,sn1/post-storage-memcached,1825.37,71.4,75.33,0.0,0,5769,1357.5455,27.7379,675.2132,5.37,A
61,sn1/post-storage-mongodb,956.82,8188.65,4129.87,8.9062,134,1103,284.8009,14.5396,675.2132,2.82,A
61,sn1/post-storage-service,7577.05,92.16,251.42,0.0,0,12491,2939.3484,115.1393,675.2132,22.0,A
61,sn1/social-graph-mongodb,10.14,728.03,756.91,0.0352,2,498,284.8009,1.2515,675.2132,0.0444,A
61,sn1/social-graph-redis,2.42,20.04,103.57,0.0,0,1343,316.0311,1.2515,1.3303,0.0,A
61,sn1/social-graph-service,0.0,31.3,251.42,0.0,0,0,284.8009,1.2515,1.3303,0.0,A
61,sn1/text-service,1411.66,79.44,251.42,0.0,0,5678,1336.1316,21.4513,675.2132,3.7,A
61,sn1/unique-id-service,75.58,4.67,251.42,0.0,0,618,284.8009,1.2515,675.2132,0.222,A
61,sn1/url-shorten-memcached,0.14,4.63,75.33,0.0,0,1399,329.2089,1.2515,1.3303,0.0,A
61,sn1/url-shorten-mongodb,311.86,106.61,702.74,0.0,0,848,284.8009,4.739,675.2132,0.665,A
61,sn1/url-shorten-service,1239.79,74.64,251.42,0.0,0,4610,1084.8128,18.8396,675.2132,2.91,A
61,sn1/user-memcached,152.88,6.59,75.33,0.0,0,2298,540.7592,2.3231,675.2132,0.488,A
61,sn1/user-mention-service,236.75,7.16,251.42,0.0,0,1109,284.8009,3.5976,675.2132,0.688,A
61,sn1/user-mongodb,10.33,97.2,704.67,0.043,4,113,284.8009,1.2515,675.2132,0.0222,A
61,sn1/user-service,70.44,18.08,251.42,0.0,0,821,284.8009,1.2515,675.2132,0.222,A
61,sn1/user-timeline-mongodb,16.58,106.83,702.94,0.0312,2,351,284.8009,1.2515,675.2132,0.0444,A
61,sn1/user-timeline-redis,156.49,95.85,136.86,0.0,0,940,284.8009,2.378,675.2132,0.466,A
61,sn1/user-timeline-service,1525.02,518.5,251.42,0.0,0,7156,1683.9306,23.1739,675.2132,4.35,A
62,hotel/consul,14.0,29.06,201.48,0.0,0,7970,1869.8,1.2515,752.2165,0.0185,A
62,hotel/frontend,9829.49,112.15,1119.14,0.0,0,693046,162591.8938,182.2554,752.2165,24.0,A
62,hotel/geo,1262.92,29.09,1119.06,0.0,0,4524,1061.352,23.4167,752.2165,3.09,A
62,hotel/jaeger,0.23,14.79,81.01,0.0,0,0,284.8009,1.2515,1.3303,0.0,A
62,hotel/memcached-profile,146.65,7.74,79.25,0.0,0,2089,490.0894,2.7191,752.2165,0.352,A
62,hotel/memcached-rate,119.08,7.61,79.25,0.0,0,2417,567.0397,2.2079,752.2165,0.278,A
62,hotel/memcached-reserve,184.71,7.52,79.25,0.0,0,1892,443.8722,3.4248,752.2165,0.444,A
62,hotel/mongodb-geo,7.08,62.88,400.43,0.0,0,3576,838.9466,1.2515,1.3303,0.0185,A
62,hotel/mongodb-profile,7.22,63.92,400.43,0.0,0,159,284.8009,1.2515,1.3303,0.0185,A
62,hotel/mongodb-rate,7.96,64.82,400.43,0.0195,2,59,284.8009,1.2515,1.3303,0.0185,A
62,hotel/mongodb-recommendation,7.18,62.96,400.43,0.0,0,57,284.8009,1.2515,1.3303,0.0185,A
62,hotel/mongodb-reservation,10.07,251.45,400.43,0.0586,30,257,284.8009,1.2515,752.2165,0.037,A
62,hotel/mongodb-user,7.18,63.04,400.43,0.0,0,49,284.8009,1.2515,1.3303,0.0555,A
62,hotel/profile,3315.88,49.21,1119.06,0.0,0,41698,9782.5495,61.4821,752.2165,7.66,A
62,hotel/rate,1676.93,38.15,1119.14,0.0,0,6387,1498.4206,31.0931,752.2165,4.22,A
62,hotel/recommendation,818.98,28.68,1119.06,0.0,0,3952,927.158,15.1853,752.2165,2.07,A
62,hotel/reservation,3643.26,64.02,1119.06,0.0,0,213391,50062.5454,67.5522,752.2165,8.68,A
62,hotel/search,3036.24,44.5,1119.06,0.0,0,19218,4508.6344,56.297,752.2165,7.9,A
62,hotel/user,53.16,20.61,1119.06,0.0,0,1098,284.8009,1.2515,752.2165,0.111,A
62,sa1/customer-feedback,28584.18,10148.74,13293.62,0.0,0,23070,5412.3319,529.9993,752.2165,60.2,A
62,sn1/compose-post-service,1324.34,86.28,251.42,0.0,0,7467,1751.7938,24.5555,752.2165,2.91,A
62,sn1/home-timeline-redis,302.49,2554.12,952.74,0.0,0,2381,558.5939,5.6087,752.2165,0.722,A
62,sn1/home-timeline-service,1630.79,108.55,251.42,0.0,0,7453,1748.5093,30.2376,752.2165,3.92,A
62,sn1/jaeger,15.74,4985.05,75.0,0.0,0,641,284.8009,1.2515,752.2165,0.0925,A
62,sn1/media-frontend,0.0,2027.57,648.43,0.0,0,0,284.8009,1.2515,1.3303,0.0,A
62,sn1/media-memcached,0.22,4.63,75.33,0.0,0,0,284.8009,1.2515,1.3303,0.0,A
62,sn1/media-mongodb,8.18,73.84,703.91,0.0,0,178,284.8009,1.2515,1.3303,0.0185,A
62,sn1/media-service,71.64,4.83,251.42,0.0,0,717,284.8009,1.3283,752.2165,0.167,A
62,sn1/nginx-thrift,24527.17,42279.04,620.32,17.9727,166,11867,2784.0547,454.7754,752.2165,58.8,A
62,sn1/post-storage-memcached,1789.82,70.62,75.33,0.0,0,7552,1771.7352,33.1863,752.2165,4.27,A
62,sn1/post-storage-mongodb,933.45,8188.64,4129.87,0.0,0,1147,284.8009,17.3077,752.2165,2.26,A
62,sn1/post-storage-service,7502.58,93.31,251.42,0.0,0,14617,3429.2178,139.1106,752.2165,17.8,A
62,sn1/social-graph-mongodb,9.87,728.03,756.91,0.0039,2,139,284.8009,1.2515,1.3303,0.0185,A
62,sn1/social-graph-redis,2.61,20.04,103.57,0.0,0,245,284.8009,1.2515,1.3303,0.0,A
62,sn1/social-graph-service,0.05,31.3,251.42,0.0,0,0,284.8009,1.2515,1.3303,0.0,A
62,sn1/text-service,1398.74,81.39,251.42,0.0,0,7067,1657.9519,25.935,752.2165,3.09,A
62,sn1/unique-id-service,74.04,4.67,251.42,0.0,0,670,284.8009,1.3728,752.2165,0.185,A
62,sn1/url-shorten-memcached,0.16,4.63,75.33,0.0,0,0,284.8009,1.2515,1.3303,0.0,A
62,sn1/url-shorten-mongodb,309.33,106.43,702.74,0.0391,2,1845,432.8458,5.7355,752.2165,0.574,A
62,sn1/url-shorten-service,1159.23,76.36,251.42,0.0,0,8061,1891.149,21.4941,752.2165,2.28,A
62,sn1/user-memcached,148.01,6.35,75.33,0.0,0,3102,727.744,2.7444,752.2165,0.389,A
62,sn1/user-mention-service,230.27,6.84,251.42,0.0,0,912,284.8009,4.2696,752.2165,0.592,A
62,sn1/user-mongodb,9.07,96.95,704.67,0.0039,2,89,284.8009,1.2515,1.3303,0.037,A
62,sn1/user-service,69.48,18.08,251.42,0.0,0,626,284.8009,1.2883,752.2165,0.167,A
62,sn1/user-timeline-mongodb,14.77,106.83,702.94,0.0,0,1660,389.4439,1.2515,752.2165,0.0555,A
62,sn1/user-timeline-redis,152.45,95.61,136.86,0.0,0,1365,320.2355,2.8267,752.2165,0.352,A
62,sn1/user-timeline-service,1506.67,518.67,251.42,0.0,0,10970,2573.6143,27.9362,752.2165,3.48,A
63,hotel/consul,13.64,29.06,201.48,0.0,0,4088,963.7324,1.2515,681.5138,0.0579,A
63,hotel/frontend,9741.91,121.64,1119.14,0.0,0,673195,158703.4881,98.6613,681.5138,24.2,A
63,hotel/geo,1329.21,28.71,1119.06,0.0,0,4856,1144.7859,13.4616,681.5138,3.09,A
63,hotel/jaeger,0.24,14.79,81.01,0.0,0,0,284.8009,1.2515,1.3303,0.0193,A
63,hotel/memcached-profile,154.77,7.93,79.25,0.0,0,2269,534.9092,1.5674,681.5138,0.405,A
63,hotel/memcached-rate,119.28,7.61,79.25,0.0,0,3287,774.8993,1.2515,681.5138,0.289,A
63,hotel/memcached-reserve,183.86,7.23,79.25,0.0,0,1822,429.5305,1.862,681.5138,0.501,A
63,hotel/mongodb-geo,8.09,62.88,400.43,0.0273,2,743,284.8009,1.2515,1.3303,0.0193,A
63,hotel/mongodb-profile,8.5,63.92,400.43,0.0273,2,284,284.8009,1.2515,1.3303,0.0193,A
63,hotel/mongodb-rate,7.32,64.82,400.43,0.0,0,332,284.8009,1.2515,1.3303,0.0386,A
63,hotel/mongodb-recommendation,8.39,62.96,400.43,0.0273,2,46,284.8009,1.2515,1.3303,0.0386,A
63,hotel/mongodb-reservation,11.46,251.49,400.43,0.1094,42,543,284.8009,1.2515,681.5138,0.0386,A
63,hotel/mongodb-user,8.64,63.04,400.43,0.0273,2,52,284.8009,1.2515,1.3303,0.0386,A
63,hotel/profile,3602.49,48.5,1119.06,0.0,0,74364,17531.0663,36.4843,681.5138,8.54,A
63,hotel/rate,1688.96,38.05,1119.14,0.0,0,5678,1338.5697,17.105,681.5138,4.47,A
63,hotel/recommendation,785.24,28.73,1119.06,0.0,0,3586,845.3876,7.9525,681.5138,1.87,A
63,hotel/reservation,3418.27,65.3,1119.06,0.0,0,57855,13639.1243,34.6186,681.5138,8.14,A
63,hotel/search,3221.49,49.31,1119.06,0.0,0,22078,5204.8153,32.6257,681.5138,7.54,A
63,hotel/user,53.6,20.68,1119.06,0.0,0,2738,645.4744,1.2515,681.5138,0.174,A
63,sa1/customer-feedback,29522.53,10148.84,13293.62,4.0977,40,39038,9203.079,298.9897,681.5138,97.8,A
63,sn1/compose-post-service,1353.19,87.2,251.42,0.0,0,8558,2017.5201,13.7044,681.5138,3.11,A
63,sn1/home-timeline-redis,298.63,2555.12,952.74,0.0,0,2027,477.8585,3.0244,681.5138,0.752,A
63,sn1/home-timeline-service,1596.9,109.86,251.42,0.0,0,7803,1839.5314,16.1726,681.5138,3.97,A
63,sn1/jaeger,55.95,4985.06,75.0,0.0,0,1160,284.8009,1.2515,681.5138,0.193,A
63,sn1/media-frontend,0.0,2027.57,648.43,0.0,0,0,284.8009,1.2515,1.3303,0.0,A
63,sn1/media-memcached,0.15,4.63,75.33,0.0,0,0,284.8009,1.2515,1.3303,0.0,A
63,sn1/media-mongodb,10.36,73.84,703.91,0.0352,2,395,284.8009,1.2515,681.5138,0.0386,A
63,sn1/media-service,71.24,4.7,251.42,0.0,0,835,284.8009,1.2515,681.5138,0.174,A
63,sn1/nginx-thrift,24117.81,42296.0,620.32,17.9258,164,13350,3147.2182,244.2534,681.5138,60.1,A
63,sn1/post-storage-memcached,1777.54,70.11,75.33,0.0,0,6616,1559.7001,18.0021,681.5138,4.4,A
63,sn1/post-storage-mongodb,926.58,8188.03,4129.87,0.0781,8,1173,284.8009,9.3839,681.5138,2.33,A
63,sn1/post-storage-service,7450.35,96.3,251.42,0.0,0,15615,3681.1845,75.4535,681.5138,18.6,A
63,sn1/social-graph-mongodb,10.78,728.03,756.91,0.0352,2,190,284.8009,1.2515,681.5138,0.0386,A
63,sn1/social-graph-redis,2.54,20.04,103.57,0.0,0,306,284.8009,1.2515,1.3303,0.0,A
63,sn1/social-graph-service,0.0,31.3,251.42,0.0,0,0,284.8009,1.2515,1.3303,0.0,A
63,sn1/text-service,1437.76,80.72,251.42,0.0,0,8975,2115.8265,14.5609,681.5138,3.24,A
63,sn1/unique-id-service,75.62,4.67,251.42,0.0,0,788,284.8009,1.2515,681.5138,0.193,A
63,sn1/url-shorten-memcached,0.14,4.63,75.33,0.0,0,0,284.8009,1.2515,1.3303,0.0,A
63,sn1/url-shorten-mongodb,334.09,106.52,702.74,0.0,0,2281,537.7382,3.3835,681.5138,0.617,A
63,sn1/url-shorten-service,1251.24,77.85,251.42,0.0,0,9597,2262.4609,12.6719,681.5138,2.51,A
63,sn1/user-memcached,149.09,6.36,75.33,0.0,0,2580,608.2264,1.5099,681.5138,0.386,A
63,sn1/user-mention-service,231.41,6.75,251.42,0.0,0,1144,284.8009,2.3436,681.5138,0.579,A
63,sn1/user-mongodb,10.01,97.2,704.67,0.0352,2,62,284.8009,1.2515,681.5138,0.0386,A
63,sn1/user-service,70.39,18.05,251.42,0.0,0,841,284.8009,1.2515,681.5138,0.174,A
63,sn1/user-timeline-mongodb,16.15,106.83,702.94,0.0352,2,695,284.8009,1.2515,681.5138,0.0386,A
63,sn1/user-timeline-redis,152.1,96.1,136.86,0.0,0,996,284.8009,1.5404,681.5138,0.405,A
63,sn1/user-timeline-service,1509.53,519.37,251.42,0.0,0,11292,2662.0515,15.2878,681.5138,3.7,A
64,hotel/consul,15.93,29.07,201.48,0.0,0,2769,612.7041,1.2515,761.0172,0.0471,A
64,hotel/frontend,9952.31,123.24,1119.14,0.0,0,736752,163023.1131,89.0209,761.0172,30.5,A
64,hotel/geo,1139.8,26.69,1119.06,0.0,0,4051,896.3758,10.1952,761.0172,3.22,A
64,hotel/jaeger,0.25,14.79,81.01,0.0,0,0,284.8009,1.2515,1.3303,0.0,A
64,hotel/memcached-profile,142.6,8.24,79.25,0.0,0,1590,351.8236,1.2755,761.0172,0.4,A
64,hotel/memcached-rate,113.83,7.61,79.25,0.0,0,2894,640.3632,1.2515,761.0172,0.329,A
64,hotel/memcached-reserve,167.98,7.26,79.25,0.0,0,1746,386.3422,1.5025,761.0172,0.494,A
64,hotel/mongodb-geo,7.52,62.88,400.43,0.0,0,174,284.8009,1.2515,1.3303,0.0471,A
64,hotel/mongodb-profile,7.47,63.92,400.43,0.0,0,1892,418.648,1.2515,1.3303,0.0235,A
64,hotel/mongodb-rate,8.62,64.82,400.43,0.0938,14,2312,511.5825,1.2515,1.3303,0.0235,A
64,hotel/mongodb-recommendation,7.67,62.96,400.43,0.0,0,141,284.8009,1.2515,1.3303,0.0471,A
64,hotel/mongodb-reservation,9.67,251.5,400.43,0.0625,32,1640,362.8872,1.2515,1.3303,0.0235,A
64,hotel/mongodb-user,7.62,63.04,400.43,0.0,0,178,284.8009,1.2515,1.3303,0.0235,A
64,hotel/profile,3310.67,44.8,1119.06,0.0,0,79622,17618.1759,29.6131,761.0172,9.81,A
64,hotel/rate,1477.9,40.1,1119.14,0.0,0,4626,1023.6076,13.2194,761.0172,3.98,A
64,hotel/recommendation,766.3,29.19,1119.06,0.0,0,2920,646.1163,6.8544,761.0172,2.47,A
64,hotel/reservation,3324.44,64.11,1119.06,0.0,0,125056,27671.4803,29.7363,761.0172,10.1,A
64,hotel/search,2771.84,44.42,1119.06,0.0,0,18192,4025.3932,24.7934,761.0172,8.64,A
64,hotel/user,48.4,20.45,1119.06,0.0,0,1131,284.8009,1.2515,761.0172,0.141,A
64,sa1/customer-feedback,18689.01,10149.99,13293.62,0.0,0,6919,1530.9859,167.1684,761.0172,38.0,A
64,sn1/compose-post-service,1371.28,86.69,251.42,0.0,0,6966,1541.3857,12.2657,761.0172,3.88,A
64,sn1/home-timeline-redis,301.61,2554.38,952.74,0.0,0,1474,326.156,2.6978,761.0172,0.918,A
64,sn1/home-timeline-service,1654.48,108.6,251.42,0.0,0,6372,1409.9497,14.7989,761.0172,5.06,A
64,sn1/jaeger,14.7,4985.06,75.0,0.0,0,721,284.8009,1.2515,761.0172,0.118,A
64,sn1/media-frontend,0.0,2027.57,648.43,0.0,0,0,284.8009,1.2515,1.3303,0.0,A
64,sn1/media-memcached,0.16,4.63,75.33,0.0,0,4038,893.4992,1.2515,1.3303,0.0,A
64,sn1/media-mongodb,8.35,73.84,703.91,0.0,0,1092,284.8009,1.2515,1.3303,0.0235,A
64,sn1/media-service,75.2,4.83,251.42,0.0,0,787,284.8009,1.2515,761.0172,0.235,A
64,sn1/nginx-thrift,24443.87,42297.08,620.32,17.707,162,11396,2521.6238,218.6442,761.0172,73.8,A
64,sn1/post-storage-memcached,1825.31,70.4,75.33,0.0,0,6384,1412.605,16.3269,761.0172,5.53,A
64,sn1/post-storage-mongodb,958.17,8188.27,4129.87,0.0,0,1129,284.8009,8.5706,761.0172,2.87,A
64,sn1/post-storage-service,7618.0,93.87,251.42,0.0,0,14603,3231.2454,68.1411,761.0172,22.8,A
64,sn1/social-graph-mongodb,8.49,728.03,756.91,0.0,0,79,284.8009,1.2515,1.3303,0.0471,A
64,sn1/social-graph-redis,2.57,20.04,103.57,0.0,0,1594,352.7087,1.2515,1.3303,0.0235,A
64,sn1/social-graph-service,0.05,31.3,251.42,0.0,0,0,284.8009,1.2515,1.3303,0.0,A
64,sn1/text-service,1427.24,83.59,251.42,0.0,0,6096,1348.8785,12.7663,761.0172,4.19,A
64,sn1/unique-id-service,78.78,4.77,251.42,0.0,0,717,284.8009,1.2515,761.0172,0.282,A
64,sn1/url-shorten-memcached,0.23,4.63,75.33,0.0,0,0,284.8009,1.2515,1.3303,0.0,A
64,sn1/url-shorten-mongodb,330.4,106.39,702.74,0.082,8,1923,425.5074,2.9553,761.0172,0.918,A
64,sn1/url-shorten-service,1288.07,77.3,251.42,0.0,0,6649,1471.2423,11.5215,761.0172,3.58,A
64,sn1/user-memcached,154.29,6.64,75.33,0.0,0,3019,668.0223,1.3801,761.0172,0.518,A
64,sn1/user-mention-service,234.69,6.78,251.42,0.0,0,1223,284.8009,2.0992,761.0172,0.777,A
64,sn1/user-mongodb,8.44,96.95,704.67,0.0,0,82,284.8009,1.2515,1.3303,0.0235,A
64,sn1/user-service,70.48,18.02,251.42,0.0,0,1291,285.6631,1.2515,761.0172,0.212,A
64,sn1/user-timeline-mongodb,15.33,106.83,702.94,0.0,0,574,284.8009,1.2515,761.0172,0.0706,A
64,sn1/user-timeline-redis,156.4,95.57,136.86,0.0,0,949,284.8009,1.399,761.0172,0.447,A
64,sn1/user-timeline-service,1540.97,518.71,251.42,0.0,0,8727,1931.047,13.7836,761.0172,4.49,A
65,hotel/consul,16.4,29.11,201.48,0.0,0,4478,959.862,1.2515,674.0766,0.0467,A
65,hotel/frontend,9959.28,128.99,1119.14,0.0,0,607778,130277.5831,96.8065,674.0766,28.4,A
65,hotel/geo,1140.72,28.24,1119.06,0.0,0,4112,881.4097,11.0881,674.0766,3.38,A
65,hotel/jaeger,0.33,14.79,81.01,0.0,0,0,284.8009,1.2515,1.3303,0.0,A
65,hotel/memcached-profile,145.16,7.73,79.25,0.0,0,2679,574.2453,1.411,674.0766,0.421,A
65,hotel/memcached-rate,119.55,7.57,79.25,0.0,0,5622,1205.0791,1.2515,674.0766,0.343,A
65,hotel/memcached-reserve,169.98,7.15,79.25,0.0,0,1667,357.3225,1.6522,674.0766,0.483,A
65,hotel/mongodb-geo,8.72,62.88,400.43,0.0273,2,78,284.8009,1.2515,1.3303,0.0156,A
65,hotel/mongodb-profile,8.31,63.92,400.43,0.0273,2,4190,898.129,1.2515,1.3303,0.0156,A
65,hotel/mongodb-rate,7.52,64.82,400.43,0.0,0,5084,1089.7585,1.2515,1.3303,0.0156,A
65,hotel/mongodb-recommendation,8.82,62.96,400.43,0.0273,2,65,284.8009,1.2515,1.3303,0.0156,A
65,hotel/mongodb-reservation,11.64,251.57,400.43,0.0977,34,163,284.8009,1.2515,674.0766,0.0312,A
65,hotel/mongodb-user,8.57,63.04,400.43,0.0469,4,4991,1069.8239,1.2515,1.3303,0.0156,A
65,hotel/profile,3189.79,45.34,1119.06,0.0,0,41749,8948.9235,31.0055,674.0766,9.55,A
65,hotel/rate,1504.34,39.99,1119.14,0.0,0,6488,1390.7067,14.6225,674.0766,4.38,A
65,hotel/recommendation,779.46,27.41,1119.06,0.0,0,3200,685.9219,7.5765,674.0766,2.09,A
65,hotel/reservation,3663.53,63.54,1119.06,0.0,0,276969,59368.4732,35.6104,674.0766,11.5,A
65,hotel/search,2679.77,37.07,1119.06,0.0,0,13735,2944.1056,26.048,674.0766,8.09,A
65,hotel/user,51.3,20.57,1119.06,0.0,0,1602,343.3897,1.2515,674.0766,0.156,A
65,sa1/customer-feedback,21624.38,10152.46,13293.62,0.0,0,9153,1961.9511,210.1941,674.0766,46.1,A
65,sn1/compose-post-service,1350.47,83.0,251.42,0.0,0,7807,1673.4352,13.1269,674.0766,3.72,A
65,sn1/home-timeline-redis,292.04,2554.13,952.74,0.0,0,1836,393.5477,2.8387,674.0766,0.826,A
65,sn1/home-timeline-service,1638.24,111.14,251.42,0.0,0,6523,1398.209,15.9241,674.0766,4.69,A
65,sn1/jaeger,55.75,4985.06,75.0,0.0,0,1307,284.8009,1.2515,674.0766,0.39,A
65,sn1/media-frontend,0.0,2027.57,648.43,0.0,0,0,284.8009,1.2515,1.3303,0.0,A
65,sn1/media-memcached,0.19,4.63,75.33,0.0,0,0,284.8009,1.2515,1.3303,0.0,A
65,sn1/media-mongodb,10.04,73.84,703.91,0.0352,2,205,284.8009,1.2515,674.0766,0.0312,A
65,sn1/media-service,74.24,4.83,251.42,0.0,0,754,284.8009,1.2515,674.0766,0.218,A
65,sn1/nginx-thrift,24555.33,42311.41,620.32,17.5664,158,12549,2689.8858,238.6836,674.0766,69.4,A
65,sn1/post-storage-memcached,1820.37,70.85,75.33,0.0,0,6640,1423.288,17.6944,674.0766,5.2,A
65,sn1/post-storage-mongodb,955.25,8188.14,4129.87,0.1133,4,1092,284.8009,9.2853,674.0766,2.76,A
65,sn1/post-storage-service,7565.0,91.52,251.42,0.0,0,14740,3159.5279,73.5336,674.0766,21.5,A
65,sn1/social-graph-mongodb,10.52,728.03,756.91,0.0352,2,84,284.8009,1.2515,674.0766,0.0156,A
65,sn1/social-graph-redis,2.26,20.04,103.57,0.0,0,2013,431.4878,1.2515,1.3303,0.0,A
65,sn1/social-graph-service,0.0,31.3,251.42,0.0,0,0,284.8009,1.2515,1.3303,0.0,A
65,sn1/text-service,1423.47,80.16,251.42,0.0,0,7896,1692.5124,13.8365,674.0766,3.93,A
65,sn1/unique-id-service,77.88,4.77,251.42,0.0,0,718,284.8009,1.2515,674.0766,0.218,A
65,sn1/url-shorten-memcached,0.21,4.63,75.33,0.0,0,0,284.8009,1.2515,1.3303,0.0,A
65,sn1/url-shorten-mongodb,349.77,106.29,702.74,0.0,0,2107,451.6367,3.3998,674.0766,0.857,A
65,sn1/url-shorten-service,1291.47,74.59,251.42,0.0,0,8576,1838.2708,12.5534,674.0766,3.4,A
65,sn1/user-memcached,149.75,6.36,75.33,0.0,0,4190,898.129,1.4556,674.0766,0.452,A
65,sn1/user-mention-service,231.96,6.8,251.42,0.0,0,1001,284.8009,2.2547,674.0766,0.686,A
65,sn1/user-mongodb,10.06,96.95,704.67,0.0352,2,304,284.8009,1.2515,674.0766,0.0312,A
65,sn1/user-service,68.36,18.02,251.42,0.0,0,783,284.8009,1.2515,674.0766,0.203,A
65,sn1/user-timeline-mongodb,16.78,106.82,702.94,0.0039,2,573,284.8009,1.2515,674.0766,0.0467,A
65,sn1/user-timeline-redis,155.07,95.83,136.86,0.0,0,1159,284.8009,1.5073,674.0766,0.452,A
65,sn1/user-timeline-service,1531.91,518.74,251.42,0.0,0,8995,1928.0837,14.8905,674.0766,4.3,A
66,hotel/consul,13.99,29.11,201.48,0.0,0,5276,1101.5934,1.2515,744.2635,0.0443,A
66,hotel/frontend,9797.19,116.88,1119.14,0.0,0,695400,145194.8605,161.978,744.2635,28.0,A
66,hotel/geo,1301.19,30.14,1119.06,0.0,0,4748,991.3506,21.5127,744.2635,3.36,A
66,hotel/jaeger,0.21,14.79,81.01,0.0,0,0,284.8009,1.2515,1.3303,0.0,A
66,hotel/memcached-profile,147.39,7.96,79.25,0.0,0,2128,444.3121,2.4368,744.2635,0.443,A
66,hotel/memcached-rate,129.7,7.61,79.25,0.0,0,2174,453.9166,2.1443,744.2635,0.354,A
66,hotel/memcached-reserve,179.43,7.22,79.25,0.0,0,1998,417.169,2.9665,744.2635,0.553,A
66,hotel/mongodb-geo,8.34,62.88,400.43,0.0469,10,172,284.8009,1.2515,1.3303,0.0443,A
66,hotel/mongodb-profile,7.91,63.92,400.43,0.0508,12,486,284.8009,1.2515,1.3303,0.0221,A
66,hotel/mongodb-rate,8.4,64.82,400.43,0.0195,2,460,284.8009,1.2515,1.3303,0.0,A
66,hotel/mongodb-recommendation,8.04,62.96,400.43,0.0469,10,566,284.8009,1.2515,1.3303,0.0221,A
66,hotel/mongodb-reservation,12.88,251.58,400.43,0.5508,112,301,284.8009,1.2515,744.2635,0.0664,A
66,hotel/mongodb-user,8.12,63.04,400.43,0.0742,12,594,284.8009,1.2515,1.3303,0.0221,A
66,hotel/profile,3466.55,49.12,1119.06,0.0,0,36222,7562.9109,57.3129,744.2635,9.8,A
66,hotel/rate,1640.74,37.14,1119.14,0.0,0,5417,1131.0333,27.1265,744.2635,4.45,A
66,hotel/recommendation,788.51,26.89,1119.06,0.0,0,3619,755.623,13.0365,744.2635,2.23,A
66,hotel/reservation,3676.28,69.6,1119.06,0.0,0,232462,48536.508,60.7803,744.2635,11.6,A
66,hotel/search,3000.85,41.91,1119.06,0.0,0,36406,7601.3289,49.6134,744.2635,8.72,A
66,hotel/user,49.85,20.66,1119.06,0.0,0,2275,475.0048,1.2515,744.2635,0.155,A
66,sa1/customer-feedback,20152.06,10152.5,13293.62,0.0,0,9210,1922.9863,333.1762,744.2635,47.2,A
66,sn1/compose-post-service,1335.88,89.33,251.42,0.0,0,7397,1544.444,22.0863,744.2635,3.61,A
66,sn1/home-timeline-redis,298.29,2554.62,952.74,0.0,0,1650,344.5089,4.9317,744.2635,0.885,A
66,sn1/home-timeline-service,1616.76,111.46,251.42,0.0,0,8788,1834.8755,26.7301,744.2635,4.67,A
66,sn1/jaeger,14.73,4985.07,75.0,0.0,0,1550,323.6296,1.2515,744.2635,0.0664,A
66,sn1/media-frontend,0.0,2027.57,648.43,0.0,0,0,284.8009,1.2515,1.3303,0.0,A
66,sn1/media-memcached,0.18,4.63,75.33,0.0,0,0,284.8009,1.2515,1.3303,0.0,A
66,sn1/media-mongodb,8.66,73.84,703.91,0.0,0,1270,284.8009,1.2515,1.3303,0.0,A
66,sn1/media-service,73.0,4.73,251.42,0.0,0,741,284.8009,1.2515,744.2635,0.221,A
66,sn1/nginx-thrift,24386.7,42319.12,620.32,17.5,154,12525,2615.1361,403.188,744.2635,69.8,A
66,sn1/post-storage-memcached,1797.73,70.32,75.33,0.0,0,6830,1426.0582,29.7221,744.2635,5.16,A
66,sn1/post-storage-mongodb,948.98,8188.32,4129.87,0.0039,2,1142,284.8009,15.6896,744.2635,2.68,A
66,sn1/post-storage-service,7527.25,94.72,251.42,0.0,0,15119,3156.7459,124.4489,744.2635,21.4,A
66,sn1/social-graph-mongodb,8.39,728.03,756.91,0.0,0,70,284.8009,1.2515,1.3303,0.0,A
66,sn1/social-graph-redis,2.42,20.04,103.57,0.0,0,182,284.8009,1.2515,1.3303,0.0221,A
66,sn1/social-graph-service,0.05,31.3,251.42,0.0,0,0,284.8009,1.2515,1.3303,0.0,A
66,sn1/text-service,1400.29,84.44,251.42,0.0,0,6860,1432.322,23.1511,744.2635,3.65,A
66,sn1/unique-id-service,77.62,4.74,251.42,0.0,0,694,284.8009,1.2833,744.2635,0.221,A
66,sn1/url-shorten-memcached,0.15,4.63,75.33,0.0,0,0,284.8009,1.2515,1.3303,0.0,A
66,sn1/url-shorten-mongodb,339.44,106.02,702.74,0.043,2,1967,410.6964,5.612,744.2635,0.73,A
66,sn1/url-shorten-service,1272.26,77.53,251.42,0.0,0,8989,1876.843,21.0344,744.2635,2.83,A
66,sn1/user-memcached,150.28,6.38,75.33,0.0,0,4514,942.493,2.4846,744.2635,0.443,A
66,sn1/user-mention-service,235.24,6.83,251.42,0.0,0,1025,284.8009,3.8892,744.2635,0.686,A
66,sn1/user-mongodb,8.59,96.95,704.67,0.0,0,95,284.8009,1.2515,1.3303,0.0221,A
66,sn1/user-service,67.46,17.98,251.42,0.0,0,783,284.8009,1.2515,744.2635,0.177,A
66,sn1/user-timeline-mongodb,15.55,106.82,702.94,0.0,0,1405,293.3546,1.2515,744.2635,0.0443,A
66,sn1/user-timeline-redis,153.37,95.59,136.86,0.0,0,866,284.8009,2.5357,744.2635,0.465,A
66,sn1/user-timeline-service,1512.91,518.65,251.42,0.0,0,9821,2050.559,25.0131,744.2635,4.25,A
67,hotel/consul,14.34,29.11,201.48,0.0,0,3563,827.5266,1.2515,683.8939,0.0739,A
67,hotel/frontend,9903.69,122.09,1119.14,0.0,0,787506,182902.6461,90.5545,683.8939,32.2,A
67,hotel/geo,1167.69,32.5,1119.06,0.0,0,3066,712.0955,10.6768,683.8939,4.04,A
67,hotel/jaeger,0.21,14.79,81.01,0.0,0,0,284.8009,1.2515,1.3303,0.0,A
67,hotel/memcached-profile,137.66,7.71,79.25,0.0,0,2286,530.9362,1.2587,683.8939,0.443,A
67,hotel/memcached-rate,119.99,7.62,79.25,0.0,0,2927,679.812,1.2515,683.8939,0.419,A
67,hotel/memcached-reserve,166.29,7.25,79.25,0.0,0,1275,296.1258,1.5205,683.8939,0.517,A
67,hotel/mongodb-geo,8.34,62.88,400.43,0.0273,2,785,284.8009,1.2515,1.3303,0.0493,A
67,hotel/mongodb-profile,8.25,63.92,400.43,0.0273,2,285,284.8009,1.2515,1.3303,0.0246,A
67,hotel/mongodb-rate,7.54,64.82,400.43,0.0,0,682,284.8009,1.2515,1.3303,0.0246,A
67,hotel/mongodb-recommendation,8.64,62.96,400.43,0.0273,2,117,284.8009,1.2515,1.3303,0.0493,A
67,hotel/mongodb-reservation,11.61,251.59,400.43,0.0859,28,113,284.8009,1.2515,683.8939,0.0493,A
67,hotel/mongodb-user,8.67,63.04,400.43,0.0273,2,251,284.8009,1.2515,1.3303,0.0246,A
67,hotel/profile,3323.48,50.36,1119.06,0.0,0,55209,12822.5971,30.3883,683.8939,10.7,A
67,hotel/rate,1447.09,43.26,1119.14,0.0,0,4494,1043.7565,13.2315,683.8939,4.65,A
67,hotel/recommendation,782.74,28.24,1119.06,0.0,0,2410,559.7359,7.157,683.8939,2.76,A
67,hotel/reservation,3427.3,75.26,1119.06,0.0,0,229283,53252.2513,31.3375,683.8939,11.4,A
67,hotel/search,2822.75,37.77,1119.06,0.0,0,10134,2353.6778,25.8098,683.8939,9.48,A
67,hotel/user,50.1,21.72,1119.06,0.0,0,2133,495.4011,1.2515,683.8939,0.123,A
67,sa1/customer-feedback,14657.76,10148.62,13293.62,0.0,0,7652,1777.2195,134.0234,683.8939,0.222,A
67,sn1/compose-post-service,1366.45,86.07,251.42,0.0,0,6650,1544.4995,12.4941,683.8939,4.04,A
67,sn1/home-timeline-redis,295.42,2554.44,952.74,0.0,0,1397,324.461,2.7012,683.8939,0.96,A
67,sn1/home-timeline-service,1612.93,111.19,251.42,0.0,0,5827,1353.3531,14.7478,683.8939,5.34,A
67,sn1/jaeger,57.33,4985.12,75.0,0.0,0,585,284.8009,1.2515,683.8939,0.271,A
67,sn1/media-frontend,0.0,2027.57,648.43,0.0,0,0,284.8009,1.2515,1.3303,0.0,A
67,sn1/media-memcached,0.17,4.63,75.33,0.0,0,0,284.8009,1.2515,1.3303,0.0,A
67,sn1/media-mongodb,10.13,73.84,703.91,0.2578,36,341,284.8009,1.2515,683.8939,0.0493,A
67,sn1/media-service,73.81,4.77,251.42,0.0,0,849,284.8009,1.2515,683.8939,0.222,A
67,sn1/nginx-thrift,24242.49,42327.45,620.32,17.8477,168,9190,2134.4286,221.6614,683.8939,78.0,A
67,sn1/post-storage-memcached,1801.6,70.8,75.33,0.0,0,6068,1409.3267,16.4729,683.8939,5.89,A
67,sn1/post-storage-mongodb,949.69,8188.71,4129.87,0.0664,2,1235,286.8356,8.6835,683.8939,3.05,A
67,sn1/post-storage-service,7528.62,94.52,251.42,0.0,0,13729,3188.6366,68.838,683.8939,24.2,A
67,sn1/social-graph-mongodb,10.94,728.04,756.91,0.0742,8,150,284.8009,1.2515,683.8939,0.0493,A
67,sn1/social-graph-redis,2.42,20.29,103.57,0.0,0,109,284.8009,1.2515,1.3303,0.0,A
67,sn1/social-graph-service,0.0,31.3,251.42,0.0,0,0,284.8009,1.2515,1.3303,0.0,A
67,sn1/text-service,1434.03,80.89,251.42,0.0,0,6313,1466.2293,13.1121,683.8939,4.06,A
67,sn1/unique-id-service,77.39,4.74,251.42,0.0,0,591,284.8009,1.2515,683.8939,0.271,A
67,sn1/url-shorten-memcached,0.14,4.63,75.33,0.0,0,0,284.8009,1.2515,1.3303,0.0,A
67,sn1/url-shorten-mongodb,325.94,107.36,702.74,0.0,0,1376,319.5836,2.9802,683.8939,0.837,A
67,sn1/url-shorten-service,1277.51,76.81,251.42,0.0,0,5867,1362.6434,11.6809,683.8939,3.62,A
67,sn1/user-memcached,153.9,6.37,75.33,0.0,0,2591,601.7742,1.4072,683.8939,0.517,A
67,sn1/user-mention-service,236.58,6.8,251.42,0.0,0,1334,309.8289,2.1632,683.8939,0.763,A
67,sn1/user-mongodb,10.19,96.96,704.67,0.0469,6,74,284.8009,1.2515,683.8939,0.0493,A
67,sn1/user-service,67.37,17.98,251.42,0.0,0,903,284.8009,1.2515,683.8939,0.222,A
67,sn1/user-timeline-mongodb,16.06,106.84,702.94,0.0,0,250,284.8009,1.2515,683.8939,0.0493,A
67,sn1/user-timeline-redis,153.37,96.1,136.86,0.0,0,1007,284.8009,1.4023,683.8939,0.493,A
67,sn1/user-timeline-service,1527.26,520.75,251.42,0.0,0,7605,1766.3035,13.9645,683.8939,4.75,A
68,hotel/consul,15.08,29.12,201.48,0.0,0,1441,343.6577,1.2515,731.6774,0.0407,A
68,hotel/frontend,9990.76,124.02,1119.14,0.0,0,846255,201819.619,88.9176,731.6774,26.6,A
68,hotel/geo,1147.19,29.5,1119.06,0.0,0,2896,690.6543,10.21,731.6774,2.93,A
68,hotel/jaeger,0.19,14.79,81.01,0.0,0,0,284.8009,1.2515,1.3303,0.0,A
68,hotel/memcached-profile,125.84,8.0,79.25,0.0,0,1363,325.0559,1.2515,731.6774,0.305,A
68,hotel/memcached-rate,108.39,7.61,79.25,0.0,0,1083,284.8009,1.2515,731.6774,0.264,A
68,hotel/memcached-reserve,164.27,7.27,79.25,0.0,0,1327,316.4704,1.462,731.6774,0.407,A
68,hotel/mongodb-geo,6.67,62.88,400.43,0.0,0,253,284.8009,1.2515,1.3303,0.0407,A
68,hotel/mongodb-profile,7.01,63.92,400.43,0.0,0,170,284.8009,1.2515,1.3303,0.0407,A
68,hotel/mongodb-rate,7.45,64.82,400.43,0.0195,2,74,284.8009,1.2515,1.3303,0.0,A
68,hotel/mongodb-recommendation,6.86,62.96,400.43,0.0,0,178,284.8009,1.2515,1.3303,0.0407,A
68,hotel/mongodb-reservation,8.86,251.59,400.43,0.0508,26,75,284.8009,1.2515,1.3303,0.0407,A
68,hotel/mongodb-user,7.02,63.04,400.43,0.0,0,43,284.8009,1.2515,1.3303,0.0203,A
68,hotel/profile,3273.99,53.21,1119.06,0.0,0,54846,13079.9804,29.1385,731.6774,8.6,A
68,hotel/rate,1345.02,37.34,1119.14,0.0,0,3489,832.0762,11.9707,731.6774,3.74,A
68,hotel/recommendation,744.87,29.38,1119.06,0.0,0,2294,547.0859,6.6293,731.6774,1.89,A
68,hotel/reservation,3450.81,65.96,1119.06,0.0,0,129345,30846.918,30.7122,731.6774,7.93,A
68,hotel/search,2838.0,38.12,1119.06,0.0,0,19488,4647.6071,25.2582,731.6774,6.91,A
68,hotel/user,48.67,22.05,1119.06,0.0,0,1869,445.7296,1.2515,731.6774,0.102,A
68,sa1/customer-feedback,13146.5,10148.01,13293.62,0.0,0,3681,877.8654,117.0037,731.6774,57.5,A
68,sn1/compose-post-service,1326.52,86.19,251.42,0.0,0,5937,1415.8889,11.806,731.6774,3.25,A
68,sn1/home-timeline-redis,288.44,2555.19,952.74,0.0,0,1616,385.3927,2.5671,731.6774,0.793,A
68,sn1/home-timeline-service,1585.97,110.71,251.42,0.0,0,4571,1090.1176,14.1151,731.6774,4.21,A
68,sn1/jaeger,13.6,4985.22,75.0,0.0,0,1155,284.8009,1.2515,731.6774,0.061,A
68,sn1/media-frontend,0.0,2027.57,648.43,0.0,0,0,284.8009,1.2515,1.3303,0.0,A
68,sn1/media-memcached,0.18,4.63,75.33,0.0,0,0,284.8009,1.2515,1.3303,0.0,A
68,sn1/media-mongodb,7.54,73.82,703.91,0.0,0,52,284.8009,1.2515,1.3303,0.0407,A
68,sn1/media-service,72.26,4.73,251.42,0.0,0,742,284.8009,1.2515,731.6774,0.203,A
68,sn1/nginx-thrift,23936.92,42332.48,620.32,17.8047,166,8051,1920.0474,213.0383,731.6774,62.9,A
68,sn1/post-storage-memcached,1787.23,70.41,75.33,0.0,0,6052,1443.3148,15.9063,731.6774,4.66,A
68,sn1/post-storage-mongodb,930.3,8188.32,4129.87,0.0,0,985,284.8009,8.2797,731.6774,2.4,A
68,sn1/post-storage-service,7427.52,92.78,251.42,0.0,0,11718,2794.5741,66.1048,731.6774,19.4,A
68,sn1/social-graph-mongodb,8.06,728.04,756.91,1.5273,52,37,284.8009,1.2515,1.3303,0.0407,A
68,sn1/social-graph-redis,2.27,20.04,103.57,0.0,0,249,284.8009,1.2515,1.3303,0.0203,A
68,sn1/social-graph-service,0.09,31.3,251.42,0.0,0,0,284.8009,1.2515,1.3303,0.0,A
68,sn1/text-service,1399.26,80.37,251.42,0.0,0,5027,1198.867,12.4534,731.6774,3.21,A
68,sn1/unique-id-service,73.81,4.61,251.42,0.0,0,715,284.8009,1.2515,731.6774,0.203,A
68,sn1/url-shorten-memcached,0.18,4.63,75.33,0.0,0,0,284.8009,1.2515,1.3303,0.0,A
68,sn1/url-shorten-mongodb,272.71,107.58,702.74,0.082,4,979,284.8009,2.4271,731.6774,0.346,A
68,sn1/url-shorten-service,1163.7,78.55,251.42,0.0,0,4501,1073.4236,10.3569,731.6774,2.36,A
68,sn1/user-memcached,154.42,6.58,75.33,0.0,0,2040,486.5106,1.3743,731.6774,0.407,A
68,sn1/user-mention-service,237.39,6.8,251.42,0.0,0,803,284.8009,2.1128,731.6774,0.63,A
68,sn1/user-mongodb,7.54,96.96,704.67,0.4102,28,97,284.8009,1.2515,1.3303,0.0203,A
68,sn1/user-service,68.28,18.02,251.42,0.0,0,936,284.8009,1.2515,731.6774,0.163,A
68,sn1/user-timeline-mongodb,14.51,106.84,702.94,0.0,0,630,284.8009,1.2515,731.6774,0.0407,A
68,sn1/user-timeline-redis,151.47,95.6,136.86,0.0,0,1205,287.3751,1.3481,731.6774,0.407,A
68,sn1/user-timeline-service,1512.57,518.77,251.42,0.0,0,6548,1561.6036,13.4619,731.6774,3.84,A
69,hotel/consul,14.23,29.14,201.48,0.0,0,2974,718.6377,1.2515,708.7518,0.0552,A
69,hotel/frontend,9867.67,119.22,1119.14,0.0,0,787444,190278.0517,92.5001,708.7518,23.8,A
69,hotel/geo,1235.25,31.3,1119.06,0.0,0,3890,939.98,11.5793,708.7518,3.03,A
69,hotel/jaeger,0.22,14.79,81.01,0.0,0,0,284.8009,1.2515,1.3303,0.0,A
69,hotel/memcached-profile,130.63,7.74,79.25,0.0,0,1426,344.5788,1.2515,708.7518,0.331,A
69,hotel/memcached-rate,116.11,7.59,79.25,0.0,0,2060,497.7786,1.2515,708.7518,0.294,A
69,hotel/memcached-reserve,166.92,7.25,79.25,0.0,0,2894,699.3065,1.5647,708.7518,0.423,A
69,hotel/mongodb-geo,8.28,62.88,400.43,0.0273,2,70,284.8009,1.2515,1.3303,0.0368,A
69,hotel/mongodb-profile,8.08,63.92,400.43,0.0273,2,78,284.8009,1.2515,1.3303,0.0368,A
69,hotel/mongodb-rate,7.22,64.82,400.43,0.0,0,3598,869.4211,1.2515,1.3303,0.0184,A
69,hotel/mongodb-recommendation,8.41,62.96,400.43,0.0352,4,75,284.8009,1.2515,1.3303,0.0368,A
69,hotel/mongodb-reservation,10.93,251.6,400.43,0.082,26,336,284.8009,1.2515,708.7518,0.0368,A
69,hotel/mongodb-user,8.82,63.04,400.43,0.0469,4,51,284.8009,1.2515,1.3303,0.0184,A
69,hotel/profile,3386.73,48.34,1119.06,0.0,0,40257,9727.7058,31.7474,708.7518,8.5,A
69,hotel/rate,1391.81,37.19,1119.14,0.0,0,4861,1174.6126,13.0469,708.7518,3.72,A
69,hotel/recommendation,779.68,28.2,1119.06,0.0,0,2475,598.0593,7.3088,708.7518,1.88,A
69,hotel/reservation,3385.24,69.28,1119.06,0.0,0,137333,33185.1607,31.7334,708.7518,8.35,A
69,hotel/search,2613.15,38.32,1119.06,0.0,0,7212,1742.7084,24.4958,708.7518,6.05,A
69,hotel/user,46.77,21.03,1119.06,0.0,0,5514,1332.4035,1.2515,708.7518,0.11,A
69,sa1/customer-feedback,21275.16,10150.75,13293.62,3.8906,42,8029,1940.1284,199.4345,708.7518,43.7,A
69,sn1/compose-post-service,1345.42,88.23,251.42,0.0,0,7518,1816.6503,12.612,708.7518,3.16,A
69,sn1/home-timeline-redis,283.03,2554.46,952.74,0.0,0,1490,360.0438,2.6531,708.7518,0.699,A
69,sn1/home-timeline-service,1605.93,109.4,251.42,0.0,0,6791,1640.978,15.0541,708.7518,3.9,A
69,sn1/jaeger,61.02,4985.5,75.0,0.0,0,1392,336.363,1.2515,708.7518,0.202,A
69,sn1/media-frontend,0.0,2027.57,648.43,0.0,0,0,284.8009,1.2515,1.3303,0.0,A
69,sn1/media-memcached,0.15,4.63,75.33,0.0,0,0,284.8009,1.2515,1.3303,0.0,A
69,sn1/media-mongodb,9.99,73.82,703.91,0.0469,4,3210,775.6647,1.2515,1.3303,0.0368,A
69,sn1/media-service,72.66,4.73,251.42,0.0,0,847,284.8009,1.2515,708.7518,0.166,A
69,sn1/nginx-thrift,24228.61,42346.95,620.32,0.0,0,11846,2862.4687,227.1203,708.7518,58.1,A
69,sn1/post-storage-memcached,1774.88,70.61,75.33,0.0,0,6246,1509.2841,16.6378,708.7518,4.29,A
69,sn1/post-storage-mongodb,921.43,8188.79,4129.87,0.0664,2,1142,284.8009,8.6375,708.7518,2.23,A
69,sn1/post-storage-service,7414.87,94.8,251.42,0.0,0,14348,3467.0522,69.5074,708.7518,17.8,A
69,sn1/social-graph-mongodb,10.69,728.04,756.91,0.0391,2,120,284.8009,1.2515,708.7518,0.0184,A
69,sn1/social-graph-redis,2.34,20.04,103.57,0.0,0,107,284.8009,1.2515,1.3303,0.0,A
69,sn1/social-graph-service,0.0,31.3,251.42,0.0,0,0,284.8009,1.2515,1.3303,0.0,A
69,sn1/text-service,1415.93,90.61,251.42,0.0,0,7407,1789.8283,13.273,708.7518,3.24,A
69,sn1/unique-id-service,74.5,4.64,251.42,0.0,0,769,284.8009,1.2515,708.7518,0.184,A
69,sn1/url-shorten-memcached,0.15,4.63,75.33,0.0,0,0,284.8009,1.2515,1.3303,0.0,A
69,sn1/url-shorten-mongodb,311.95,107.65,702.74,0.0,0,1152,284.8009,2.9242,708.7518,0.607,A
69,sn1/url-shorten-service,1211.46,80.93,251.42,0.0,0,8139,1966.7088,11.3563,708.7518,2.59,A
69,sn1/user-memcached,152.69,6.59,75.33,0.0,0,2812,679.492,1.4313,708.7518,0.386,A
69,sn1/user-mention-service,237.64,7.12,251.42,0.0,0,1018,284.8009,2.2277,708.7518,0.57,A
69,sn1/user-mongodb,9.92,96.96,704.67,0.0391,2,88,284.8009,1.2515,1.3303,0.0184,A
69,sn1/user-service,69.68,18.02,251.42,0.0,0,758,284.8009,1.2515,708.7518,0.184,A
69,sn1/user-timeline-mongodb,16.01,106.84,702.94,0.0156,2,296,284.8009,1.2515,708.7518,0.0368,A
69,sn1/user-timeline-redis,150.83,95.6,136.86,0.0,0,1024,284.8009,1.4139,708.7518,0.368,A
69,sn1/user-timeline-service,1491.15,519.73,251.42,0.0,0,8610,2080.5213,13.9781,708.7518,3.59,A
70,hotel/consul,13.11,29.15,201.48,0.0,0,3116,685.5604,1.2515,742.8268,0.0175,A
70,hotel/frontend,9894.74,137.32,1119.14,0.0,0,760872,167401.7132,151.0799,742.8268,22.1,A
70,hotel/geo,1170.54,28.21,1119.06,0.0,0,4244,933.7351,17.8726,742.8268,2.58,A
70,hotel/jaeger,0.23,14.79,81.01,0.0,0,0,284.8009,1.2515,1.3303,0.0,A
70,hotel/memcached-profile,135.54,7.71,79.25,0.0,0,1755,386.1228,2.0695,742.8268,0.298,A
70,hotel/memcached-rate,114.87,7.61,79.25,0.0,0,2223,489.0888,1.7539,742.8268,0.281,A
70,hotel/memcached-reserve,180.11,7.29,79.25,0.0,0,1496,329.1394,2.75,742.8268,0.438,A
70,hotel/mongodb-geo,7.19,62.88,400.43,0.0,0,45,284.8009,1.2515,1.3303,0.0175,A
70,hotel/mongodb-profile,7.25,63.92,400.43,0.0,0,459,284.8009,1.2515,1.3303,0.0175,A
70,hotel/mongodb-rate,8.0,64.82,400.43,0.0195,2,661,284.8009,1.2515,1.3303,0.0175,A
70,hotel/mongodb-recommendation,7.38,62.96,400.43,0.0,0,84,284.8009,1.2515,1.3303,0.0175,A
70,hotel/mongodb-reservation,10.73,251.61,400.43,0.082,42,294,284.8009,1.2515,742.8268,0.0175,A
70,hotel/mongodb-user,7.28,63.04,400.43,0.0,0,2835,623.7368,1.2515,1.3303,0.0175,A
70,hotel/profile,3440.78,48.34,1119.06,0.0,0,68097,14982.2236,52.5363,742.8268,7.52,A
70,hotel/rate,1549.07,37.57,1119.14,0.0,0,4496,989.1783,23.6523,742.8268,3.54,A
70,hotel/recommendation,865.51,27.14,1119.06,0.0,0,3667,806.7876,13.2152,742.8268,2.0,A
70,hotel/reservation,3598.01,71.7,1119.06,0.0,0,84949,18689.8823,54.937,742.8268,8.31,A
70,hotel/search,2912.35,38.83,1119.06,0.0,0,13163,2896.0308,44.4678,742.8268,6.75,A
70,hotel/user,54.83,21.04,1119.06,0.0,0,1533,337.2799,1.2515,742.8268,0.14,A
70,sa1/customer-feedback,22922.48,10151.18,13293.62,0.0,0,19072,4196.0875,349.9966,742.8268,83.8,A
70,sn1/compose-post-service,1378.96,86.36,251.42,0.0,0,7605,1673.1987,21.0549,742.8268,3.12,A
70,sn1/home-timeline-redis,288.0,2554.13,952.74,0.0,0,1968,432.9855,4.3974,742.8268,0.631,A
70,sn1/home-timeline-service,1587.66,108.89,251.42,0.0,0,7815,1719.4014,24.2415,742.8268,3.72,A
70,sn1/jaeger,14.63,4985.54,75.0,0.0,0,466,284.8009,1.2515,742.8268,0.0877,A
70,sn1/media-frontend,0.0,2027.57,648.43,0.0,0,0,284.8009,1.2515,1.3303,0.0,A
70,sn1/media-memcached,0.13,4.63,75.33,0.0,0,0,284.8009,1.2515,1.3303,0.0,A
70,sn1/media-mongodb,8.27,73.82,703.91,0.0,0,229,284.8009,1.2515,1.3303,0.0351,A
70,sn1/media-service,72.96,4.73,251.42,0.0,0,963,284.8009,1.2515,742.8268,0.175,A
70,sn1/nginx-thrift,24043.57,42357.54,620.32,17.9297,164,12422,2733.0012,367.1142,742.8268,55.4,A
70,sn1/post-storage-memcached,1764.76,70.34,75.33,0.0,0,6692,1472.3268,26.9456,742.8268,4.0,A
70,sn1/post-storage-mongodb,914.12,8188.29,4129.87,0.0,0,1295,284.9168,13.9574,742.8268,2.05,A
70,sn1/post-storage-service,7406.8,93.11,251.42,0.0,0,15431,3395.0202,113.0923,742.8268,16.8,A
70,sn1/social-graph-mongodb,8.66,728.04,756.91,0.0,0,58,284.8009,1.2515,1.3303,0.0351,A
70,sn1/social-graph-redis,2.46,20.04,103.57,0.0,0,441,284.8009,1.2515,1.3303,0.0,A
70,sn1/social-graph-service,0.05,31.3,251.42,0.0,0,0,284.8009,1.2515,1.3303,0.0,A
70,sn1/text-service,1462.9,85.05,251.42,0.0,0,7240,1592.8939,22.3366,742.8268,3.31,A
70,sn1/unique-id-service,75.51,4.64,251.42,0.0,0,686,284.8009,1.2515,742.8268,0.175,A
70,sn1/url-shorten-memcached,0.14,4.63,75.33,0.0,0,0,284.8009,1.2515,1.3303,0.0,A
70,sn1/url-shorten-mongodb,333.71,106.84,702.74,0.0508,4,1423,313.0785,5.0953,742.8268,0.579,A
70,sn1/url-shorten-service,1290.64,77.89,251.42,0.0,0,6759,1487.0677,19.7064,742.8268,2.75,A
70,sn1/user-memcached,148.75,6.37,75.33,0.0,0,4190,921.8544,2.2712,742.8268,0.333,A
70,sn1/user-mention-service,236.46,6.87,251.42,0.0,0,1004,284.8009,3.6104,742.8268,0.526,A
70,sn1/user-mongodb,8.02,96.96,704.67,0.0,0,720,284.8009,1.2515,1.3303,0.0351,A
70,sn1/user-service,68.69,18.02,251.42,0.0,0,851,284.8009,1.2515,742.8268,0.158,A
70,sn1/user-timeline-mongodb,14.47,106.84,702.94,0.0,0,545,284.8009,1.2515,742.8268,0.0526,A
70,sn1/user-timeline-redis,151.07,96.59,136.86,0.0,0,1086,284.8009,2.3066,742.8268,0.333,A
70,sn1/user-timeline-service,1480.69,519.74,251.42,0.0,0,9461,2081.5428,22.6082,742.8268,3.24,A
71,hotel/consul,13.05,29.17,201.48,0.0,0,3201,772.7537,1.2515,735.7999,0.0361,A
71,hotel/frontend,9945.54,123.12,1119.14,0.0,0,737204,177968.4733,83.5729,735.7999,23.3,A
71,hotel/geo,1220.78,31.0,1119.06,0.0,0,3575,863.041,10.2583,735.7999,2.8,A
71,hotel/jaeger,0.19,14.79,81.01,0.0,0,0,284.8009,1.2515,1.3303,0.0,A
71,hotel/memcached-profile,133.32,7.73,79.25,0.0,0,1991,480.6475,1.2515,735.7999,0.307,A
71,hotel/memcached-rate,117.19,7.62,79.25,0.0,0,2070,499.7189,1.2515,735.7999,0.271,A
71,hotel/memcached-reserve,169.92,7.22,79.25,0.0,0,1490,359.701,1.4278,735.7999,0.397,A
71,hotel/mongodb-geo,7.53,62.88,400.43,0.0273,2,324,284.8009,1.2515,1.3303,0.0,A
71,hotel/mongodb-profile,7.7,63.93,400.43,0.0469,4,140,284.8009,1.2515,1.3303,0.0,A
71,hotel/mongodb-rate,7.03,64.82,400.43,0.0,0,71,284.8009,1.2515,1.3303,0.0361,A
71,hotel/mongodb-recommendation,7.74,62.68,400.43,0.0273,2,90,284.8009,1.2515,1.3303,0.0181,A
71,hotel/mongodb-reservation,10.6,251.68,400.43,0.0977,32,463,284.8009,1.2515,735.7999,0.0181,A
71,hotel/mongodb-user,8.07,63.04,400.43,0.0273,2,310,284.8009,1.2515,1.3303,0.0,A
71,hotel/profile,3368.41,53.9,1119.06,0.0,0,47317,11422.8005,28.3049,735.7999,8.49,A
71,hotel/rate,1529.79,37.79,1119.14,0.0,0,5207,1257.0223,12.8549,735.7999,3.85,A
71,hotel/recommendation,738.98,27.41,1119.06,0.0,0,2740,661.4636,6.2097,735.7999,1.9,A
71,hotel/reservation,3287.65,69.5,1119.06,0.0,0,90824,21925.8287,27.6263,735.7999,8.26,A
71,hotel/search,2841.94,41.86,1119.06,0.0,0,11508,2778.1471,23.881,735.7999,6.99,A
71,hotel/user,53.9,20.45,1119.06,0.0,0,1696,409.4315,1.2515,735.7999,0.0903,A
71,sa1/customer-feedback,25048.77,10152.7,13293.62,0.0,0,26929,6500.9319,210.4861,735.7999,60.2,A
71,sn1/compose-post-service,1343.05,83.23,251.42,0.0,0,6775,1635.5533,11.2857,735.7999,3.07,A
71,sn1/home-timeline-redis,290.85,2553.66,952.74,0.0,0,1809,436.7108,2.444,735.7999,0.668,A
71,sn1/home-timeline-service,1567.49,109.95,251.42,0.0,0,6267,1512.9169,13.1717,735.7999,3.67,A
71,sn1/jaeger,54.73,4986.11,75.0,0.0,0,776,284.8009,1.2515,735.7999,0.181,A
71,sn1/media-frontend,0.0,2027.57,648.43,0.0,0,0,284.8009,1.2515,1.3303,0.0,A
71,sn1/media-memcached,0.17,4.63,75.33,0.0,0,0,284.8009,1.2515,1.3303,0.0,A
71,sn1/media-mongodb,9.6,73.79,703.91,0.0625,4,287,284.8009,1.2515,1.3303,0.0181,A
71,sn1/media-service,71.85,4.77,251.42,0.0,0,2283,551.1392,1.2515,735.7999,0.163,A
71,sn1/nginx-thrift,23954.95,42366.51,620.32,17.7109,162,11347,2739.2801,201.2947,735.7999,55.9,A
71,sn1/post-storage-memcached,1740.26,70.64,75.33,0.0,0,6310,1523.2976,14.6235,735.7999,4.06,A
71,sn1/post-storage-mongodb,912.72,8188.62,4129.87,0.0742,6,1125,284.8009,7.6696,735.7999,2.13,A
71,sn1/post-storage-service,7372.62,92.85,251.42,0.0,0,13944,3366.2221,61.9525,735.7999,17.2,A
71,sn1/social-graph-mongodb,9.79,728.04,756.91,0.0625,4,81,284.8009,1.2515,1.3303,0.0181,A
71,sn1/social-graph-redis,2.31,20.04,103.57,0.0,0,243,284.8009,1.2515,1.3303,0.0,A
71,sn1/social-graph-service,0.0,31.3,251.42,0.0,0,0,284.8009,1.2515,1.3303,0.0,A
71,sn1/text-service,1420.49,80.66,251.42,0.0,0,6696,1616.4819,11.9364,735.7999,3.34,A
71,sn1/unique-id-service,73.69,4.64,251.42,0.0,0,577,284.8009,1.2515,735.7999,0.163,A
71,sn1/url-shorten-memcached,0.17,4.63,75.33,0.0,0,0,284.8009,1.2515,1.3303,0.0,A
71,sn1/url-shorten-mongodb,321.27,107.86,702.74,0.0,0,1482,357.7697,2.6996,735.7999,0.741,A
71,sn1/url-shorten-service,1237.38,74.07,251.42,0.0,0,7589,1832.0611,10.3978,735.7999,3.03,A
71,sn1/user-memcached,149.82,6.59,75.33,0.0,0,2139,516.3762,1.2589,735.7999,0.343,A
71,sn1/user-mention-service,233.82,6.87,251.42,0.0,0,1188,286.7952,1.9648,735.7999,0.56,A
71,sn1/user-mongodb,9.32,96.96,704.67,0.0391,2,84,284.8009,1.2515,1.3303,0.0181,A
71,sn1/user-service,66.99,17.98,251.42,0.0,0,755,284.8009,1.2515,735.7999,0.163,A
71,sn1/user-timeline-mongodb,15.05,106.84,702.94,0.1094,12,658,284.8009,1.2515,735.7999,0.0542,A
71,sn1/user-timeline-redis,149.09,96.13,136.86,0.0,0,946,284.8009,1.2528,735.7999,0.361,A
71,sn1/user-timeline-service,1481.13,518.79,251.42,0.0,0,8343,2014.0843,12.446,735.7999,3.38,A
72,hotel/consul,13.5,29.19,201.48,0.0,0,6363,1443.6766,1.2515,764.5278,0.0552,A
72,hotel/frontend,9864.3,117.69,1119.14,0.0,0,774168,175648.0015,111.3641,764.5278,24.5,A
72,hotel/geo,1204.81,29.88,1119.06,0.0,0,4796,1088.146,13.6018,764.5278,3.22,A
72,hotel/jaeger,1.41,14.79,81.01,0.0,0,9,284.8009,1.2515,1.3303,0.0,A
72,hotel/memcached-profile,138.92,7.71,79.25,0.0,0,2115,479.8642,1.5684,764.5278,0.405,A
72,hotel/memcached-rate,114.38,7.63,79.25,0.0,0,3994,906.1833,1.2913,764.5278,0.331,A
72,hotel/memcached-reserve,168.64,7.18,79.25,0.0,0,1951,442.6549,1.9039,764.5278,0.497,A
72,hotel/mongodb-geo,6.77,63.12,400.43,0.0,0,675,284.8009,1.2515,1.3303,0.0368,A
72,hotel/mongodb-profile,6.87,63.92,400.43,0.0,0,239,284.8009,1.2515,1.3303,0.0184,A
72,hotel/mongodb-rate,7.75,64.82,400.43,0.0195,2,368,284.8009,1.2515,1.3303,0.0368,A
72,hotel/mongodb-recommendation,6.97,62.68,400.43,0.0,0,272,284.8009,1.2515,1.3303,0.0184,A
72,hotel/mongodb-reservation,9.49,251.94,400.43,0.0508,26,152,284.8009,1.2515,1.3303,0.0184,A
72,hotel/mongodb-user,6.94,63.04,400.43,0.0,0,182,284.8009,1.2515,1.3303,0.0,A
72,hotel/profile,3299.32,52.03,1119.06,0.0,0,69893,15857.7541,37.248,764.5278,9.26,A
72,hotel/rate,1539.46,39.77,1119.14,0.0,0,4882,1107.6582,17.3799,764.5278,4.36,A
72,hotel/recommendation,772.09,25.8,1119.06,0.0,0,4034,915.2588,8.7166,764.5278,2.63,A
72,hotel/reservation,3404.89,64.32,1119.06,0.0,0,112089,25431.4423,38.4399,764.5278,8.39,A
72,hotel/search,2846.75,37.8,1119.06,0.0,0,25477,5780.3786,32.1387,764.5278,7.6,A
72,hotel/user,46.59,20.42,1119.06,0.0,0,2834,642.9954,1.2515,764.5278,0.147,A
72,sa1/customer-feedback,28383.44,10153.06,13293.62,0.0,0,19774,4486.4468,320.4381,764.5278,88.0,A
72,sn1/compose-post-service,1430.59,85.34,251.42,0.0,0,9431,2139.7633,16.1508,764.5278,3.4,A
72,sn1/home-timeline-redis,287.51,2553.69,952.74,0.0,0,1735,393.6475,3.2459,764.5278,0.699,A
72,sn1/home-timeline-service,1590.21,110.84,251.42,0.0,0,7663,1738.6286,17.9529,764.5278,3.85,A
72,sn1/jaeger,13.87,4986.78,75.0,0.0,0,2034,461.4864,1.2515,764.5278,0.092,A
72,sn1/media-frontend,0.0,2027.57,648.43,0.0,0,0,284.8009,1.2515,1.3303,0.0,A
72,sn1/media-memcached,0.16,4.63,75.33,0.0,0,0,284.8009,1.2515,1.3303,0.0,A
72,sn1/media-mongodb,8.11,73.79,703.91,0.0,0,63,284.8009,1.2515,1.3303,0.0368,A
72,sn1/media-service,74.99,4.77,251.42,0.0,0,777,284.8009,1.2515,764.5278,0.184,A
72,sn1/nginx-thrift,24294.55,42378.02,620.32,17.6914,160,14848,3368.8056,274.2761,764.5278,58.5,A
72,sn1/post-storage-memcached,1781.12,71.86,75.33,0.0,0,7438,1687.5792,20.1082,764.5278,4.4,A
72,sn1/post-storage-mongodb,927.02,8188.43,4129.87,9.9766,152,1371,311.0609,10.4657,764.5278,2.25,A
72,sn1/post-storage-service,7439.38,95.14,251.42,0.0,0,15867,3600.0026,83.9877,764.5278,17.8,A
72,sn1/social-graph-mongodb,8.32,728.04,756.91,0.0,0,154,284.8009,1.2515,1.3303,0.0368,A
72,sn1/social-graph-redis,2.29,20.04,103.57,0.0,0,197,284.8009,1.2515,1.3303,0.0,A
72,sn1/social-graph-service,0.03,31.3,251.42,0.0,0,0,284.8009,1.2515,1.3303,0.0,A
72,sn1/text-service,1486.61,82.48,251.42,0.0,0,9367,2125.2426,16.7833,764.5278,3.5,A
72,sn1/unique-id-service,76.92,4.64,251.42,0.0,0,631,284.8009,1.2515,764.5278,0.184,A
72,sn1/url-shorten-memcached,0.16,4.63,75.33,0.0,0,0,284.8009,1.2515,1.3303,0.0,A
72,sn1/url-shorten-mongodb,315.36,107.86,702.74,0.0469,2,2088,473.7383,3.5603,764.5278,0.865,A
72,sn1/url-shorten-service,1248.14,76.34,251.42,0.0,0,10216,2317.869,14.091,764.5278,3.15,A
72,sn1/user-memcached,154.02,6.61,75.33,0.0,0,3620,821.3279,1.7388,764.5278,0.368,A
72,sn1/user-mention-service,250.8,6.89,251.42,0.0,0,1113,284.8009,2.8314,764.5278,0.589,A
72,sn1/user-mongodb,7.92,96.96,704.67,0.0,0,55,284.8009,1.2515,1.3303,0.0184,A
72,sn1/user-service,71.68,18.02,251.42,0.0,0,572,284.8009,1.2515,764.5278,0.166,A
72,sn1/user-timeline-mongodb,14.32,106.84,702.94,0.0,0,788,284.8009,1.2515,764.5278,0.0552,A
72,sn1/user-timeline-redis,150.93,95.61,136.86,0.0,0,918,284.8009,1.7039,764.5278,0.368,A
72,sn1/user-timeline-service,1479.87,521.15,251.42,0.0,0,10375,2353.9439,16.7072,764.5278,3.5,A
73,hotel/consul,13.02,29.21,201.48,0.0,0,3370,812.7796,1.2515,673.5885,0.0505,A
73,hotel/frontend,9866.09,127.17,1119.14,0.0,0,805316,194226.829,173.8744,673.5885,33.6,A
73,hotel/geo,1157.49,32.02,1119.06,0.0,0,3226,778.0495,20.399,673.5885,2.9,A
73,hotel/jaeger,0.18,14.79,81.01,0.0,0,0,284.8009,1.2515,1.3303,0.0,A
73,hotel/memcached-profile,136.7,8.23,79.25,0.0,0,1407,339.3415,2.4091,673.5885,0.379,A
73,hotel/memcached-rate,110.84,7.59,79.25,0.0,0,1958,472.2322,1.9534,673.5885,0.303,A
73,hotel/memcached-reserve,169.9,7.21,79.25,0.0,0,1337,322.4588,2.9942,673.5885,0.48,A
73,hotel/mongodb-geo,7.9,62.88,400.43,0.0273,2,134,284.8009,1.2515,1.3303,0.0505,A
73,hotel/mongodb-profile,8.06,63.92,400.43,0.0273,2,124,284.8009,1.2515,1.3303,0.0253,A
73,hotel/mongodb-rate,7.25,64.82,400.43,0.0,0,82,284.8009,1.2515,1.3303,0.0505,A
73,hotel/mongodb-recommendation,8.0,62.68,400.43,0.0273,2,56,284.8009,1.2515,1.3303,0.0505,A
73,hotel/mongodb-reservation,10.5,251.7,400.43,0.0977,32,129,284.8009,1.2515,673.5885,0.0253,A
73,hotel/mongodb-user,8.23,63.04,400.43,0.0273,2,98,284.8009,1.2515,1.3303,0.0253,A
73,hotel/profile,3354.12,51.6,1119.06,0.0,0,65167,15717.035,59.1111,673.5885,9.93,A
73,hotel/rate,1624.49,42.73,1119.14,0.0,0,3925,946.635,28.6291,673.5885,4.39,A
73,hotel/recommendation,734.94,26.04,1119.06,0.0,0,2711,653.8414,12.9522,673.5885,2.02,A
73,hotel/reservation,3227.89,69.34,1119.06,0.0,0,136771,32986.5514,56.8865,673.5885,8.26,A
73,hotel/search,2894.52,36.73,1119.06,0.0,0,19771,4768.3874,51.0114,673.5885,8.81,A
73,hotel/user,46.68,20.25,1119.06,0.0,0,1174,284.8009,1.2515,673.5885,0.126,A
73,sa1/customer-feedback,17878.88,10150.09,13293.62,0.0,0,14817,3573.5772,315.0873,673.5885,0.278,A
73,sn1/compose-post-service,1342.69,86.93,251.42,0.0,0,6711,1618.5649,23.6628,673.5885,4.22,A
73,sn1/home-timeline-redis,281.46,2554.92,952.74,0.0,0,1297,312.8116,4.9603,673.5885,0.934,A
73,sn1/home-timeline-service,1578.98,109.73,251.42,0.0,0,5669,1367.2545,27.8271,673.5885,5.25,A
73,sn1/jaeger,58.43,4987.94,75.0,0.0,0,645,284.8009,1.2515,673.5885,0.278,A
73,sn1/media-frontend,0.0,2027.57,648.43,0.0,0,0,284.8009,1.2515,1.3303,0.0,A
73,sn1/media-memcached,0.18,4.63,75.33,0.0,0,0,284.8009,1.2515,1.3303,0.0,A
73,sn1/media-mongodb,10.21,73.91,703.91,0.0703,10,62,284.8009,1.2515,673.5885,0.0758,A
73,sn1/media-service,72.45,4.77,251.42,0.0,0,641,284.8009,1.2768,673.5885,0.227,A
73,sn1/nginx-thrift,23960.78,42384.27,620.32,17.5547,154,9800,2363.5727,422.2713,673.5885,79.1,A
73,sn1/post-storage-memcached,1748.29,70.66,75.33,0.0,0,5832,1406.5669,30.8109,673.5885,5.83,A
73,sn1/post-storage-mongodb,908.9,8188.08,4129.87,0.0,0,1122,284.8009,16.0179,673.5885,3.06,A
73,sn1/post-storage-service,7380.12,97.28,251.42,0.0,0,12732,3070.7151,130.0631,673.5885,24.4,A
73,sn1/social-graph-mongodb,10.59,728.03,756.91,0.0,0,71,284.8009,1.2515,673.5885,0.0758,A
73,sn1/social-graph-redis,2.42,20.04,103.57,0.0,0,201,284.8009,1.2515,1.3303,0.0,A
73,sn1/social-graph-service,0.0,31.3,251.42,0.0,0,0,284.8009,1.2515,1.3303,0.0,A
73,sn1/text-service,1438.28,83.38,251.42,0.0,0,6531,1575.1524,25.3474,673.5885,4.55,A
73,sn1/unique-id-service,74.86,4.64,251.42,0.0,0,728,284.8009,1.3193,673.5885,0.253,A
73,sn1/url-shorten-memcached,0.17,4.63,75.33,0.0,0,0,284.8009,1.2515,1.3303,0.0,A
73,sn1/url-shorten-mongodb,302.31,107.75,702.74,0.0,0,1050,284.8009,5.3277,673.5885,1.11,A
73,sn1/url-shorten-service,1212.05,75.76,251.42,0.0,0,5394,1300.9297,21.3605,673.5885,4.07,A
73,sn1/user-memcached,147.48,6.82,75.33,0.0,0,2427,585.346,2.5991,673.5885,0.455,A
73,sn1/user-mention-service,238.95,7.05,251.42,0.0,0,1098,284.8009,4.2111,673.5885,0.783,A
73,sn1/user-mongodb,10.11,96.95,704.67,0.0,0,215,284.8009,1.2515,673.5885,0.0758,A
73,sn1/user-service,69.63,18.05,251.42,0.0,0,816,284.8009,1.2515,673.5885,0.253,A
73,sn1/user-timeline-mongodb,14.95,106.84,702.94,0.0156,2,519,284.8009,1.2515,673.5885,0.0505,A
73,sn1/user-timeline-redis,149.66,96.11,136.86,0.0,0,990,284.8009,2.6375,673.5885,0.48,A
73,sn1/user-timeline-service,1467.37,519.07,251.42,0.0,0,7581,1828.3923,25.8601,673.5885,4.82,A
74,hotel/consul,14.07,29.23,201.48,0.0,0,3340,818.1865,1.2515,748.4379,0.0208,A
74,hotel/frontend,9931.78,121.46,1119.14,0.0,0,750791,183918.2826,97.8379,748.4379,26.8,A
74,hotel/geo,1250.96,29.02,1119.06,0.0,0,3426,839.2536,12.3232,748.4379,3.9,A
74,hotel/jaeger,0.17,14.79,81.01,0.0,0,0,284.8009,1.2515,1.3303,0.0,A
74,hotel/memcached-profile,137.5,7.68,79.25,0.0,0,1726,422.8113,1.3545,748.4379,0.374,A
74,hotel/memcached-rate,120.44,7.61,79.25,0.0,0,1577,386.3114,1.2515,748.4379,0.353,A
74,hotel/memcached-reserve,177.77,7.26,79.25,0.0,0,1571,384.8416,1.7512,748.4379,0.54,A
74,hotel/mongodb-geo,7.13,62.88,400.43,0.0,0,181,284.8009,1.2515,1.3303,0.0415,A
74,hotel/mongodb-profile,7.25,63.92,400.43,0.0,0,50,284.8009,1.2515,1.3303,0.0415,A
74,hotel/mongodb-rate,8.02,64.82,400.43,0.0234,2,38,284.8009,1.2515,1.3303,0.0208,A
74,hotel/mongodb-recommendation,7.29,62.68,400.43,0.0,0,188,284.8009,1.2515,1.3303,0.0208,A
74,hotel/mongodb-reservation,9.65,251.71,400.43,0.0625,32,972,284.8009,1.2515,1.3303,0.0623,A
74,hotel/mongodb-user,7.35,63.04,400.43,0.0,0,83,284.8009,1.2515,1.3303,0.0415,A
74,hotel/profile,3302.74,47.55,1119.06,0.0,0,42590,10433.1028,32.5353,748.4379,10.0,A
74,hotel/rate,1521.66,38.72,1119.14,0.0,0,4415,1081.525,14.9899,748.4379,3.88,A
74,hotel/recommendation,723.19,27.76,1119.06,0.0,0,3238,793.2,7.1241,748.4379,2.41,A
74,hotel/reservation,3343.38,67.02,1119.06,0.0,0,94712,23201.2216,32.9356,748.4379,10.0,A
74,hotel/search,2699.09,34.93,1119.06,0.0,0,10583,2592.4754,26.5887,748.4379,7.89,A
74,hotel/user,44.33,20.25,1119.06,0.0,0,1320,323.3551,1.2515,748.4379,0.145,A
74,sa1/customer-feedback,15772.55,10151.64,13293.62,0.0,0,7671,1879.1343,155.3753,748.4379,39.7,A
74,sn1/compose-post-service,1355.86,88.29,251.42,0.0,0,6572,1609.9167,13.3566,748.4379,3.45,A
74,sn1/home-timeline-redis,291.23,2554.95,952.74,0.0,0,1697,415.7073,2.8689,748.4379,0.789,A
74,sn1/home-timeline-service,1581.84,109.33,251.42,0.0,0,5433,1330.9004,15.5827,748.4379,4.28,A
74,sn1/jaeger,14.36,4988.45,75.0,0.0,0,274,284.8009,1.2515,748.4379,0.083,A
74,sn1/media-frontend,0.0,2027.57,648.43,0.0,0,0,284.8009,1.2515,1.3303,0.0,A
74,sn1/media-memcached,0.15,4.63,75.33,0.0,0,0,284.8009,1.2515,1.3303,0.0,A
74,sn1/media-mongodb,8.07,73.91,703.91,0.0,0,264,284.8009,1.2515,1.3303,0.0415,A
74,sn1/media-service,72.61,4.77,251.42,0.0,0,885,284.8009,1.2515,748.4379,0.208,A
74,sn1/nginx-thrift,23829.64,42394.91,620.32,18.2383,166,9658,2365.8818,234.7456,748.4379,64.9,A
74,sn1/post-storage-memcached,1757.77,70.95,75.33,0.0,0,6351,1555.7792,17.3158,748.4379,4.73,A
74,sn1/post-storage-mongodb,912.14,8188.1,4129.87,0.0,0,938,284.8009,8.9855,748.4379,2.41,A
74,sn1/post-storage-service,7398.59,93.98,251.42,0.0,0,12496,3061.0954,72.8834,748.4379,19.8,A
74,sn1/social-graph-mongodb,9.8,728.03,756.91,0.0742,10,70,284.8009,1.2515,1.3303,0.0415,A
74,sn1/social-graph-redis,2.32,20.04,103.57,0.0,0,390,284.8009,1.2515,1.3303,0.0,A
74,sn1/social-graph-service,0.05,31.3,251.42,0.0,0,0,284.8009,1.2515,1.3303,0.0,A
74,sn1/text-service,1445.5,89.27,251.42,0.0,0,6443,1578.3161,14.2396,748.4379,3.76,A
74,sn1/unique-id-service,75.28,4.64,251.42,0.0,0,802,284.8009,1.2515,748.4379,0.208,A
74,sn1/url-shorten-memcached,0.17,4.63,75.33,0.0,0,0,284.8009,1.2515,1.3303,0.0,A
74,sn1/url-shorten-mongodb,331.11,106.78,702.74,0.0781,4,1515,371.1235,3.2618,748.4379,0.975,A
74,sn1/url-shorten-service,1271.75,78.7,251.42,0.0,0,6452,1580.5208,12.528,748.4379,3.38,A
74,sn1/user-memcached,149.67,6.38,75.33,0.0,0,3344,819.1664,1.4744,748.4379,0.394,A
74,sn1/user-mention-service,239.61,7.05,251.42,0.0,0,910,284.8009,2.3604,748.4379,0.623,A
74,sn1/user-mongodb,9.07,97.01,704.67,0.0039,2,87,284.8009,1.2515,1.3303,0.0,A
74,sn1/user-service,70.46,18.05,251.42,0.0,0,738,284.8009,1.2515,748.4379,0.187,A
74,sn1/user-timeline-mongodb,14.48,106.84,702.94,0.0,0,554,284.8009,1.2515,748.4379,0.0415,A
74,sn1/user-timeline-redis,150.16,96.12,136.86,0.0,0,957,284.8009,1.4792,748.4379,0.394,A
74,sn1/user-timeline-service,1477.54,519.07,251.42,0.0,0,7589,1859.0471,14.5552,748.4379,3.76,A
75,hotel/consul,14.74,29.25,201.48,0.0,0,1826,459.5756,1.2515,738.1155,0.0435,A
75,hotel/frontend,9978.94,130.69,1119.14,0.0,0,769659,193711.1315,109.2744,738.1155,28.1,A
75,hotel/geo,1147.76,30.86,1119.06,0.0,0,2381,599.2605,12.5685,738.1155,3.06,A
75,hotel/jaeger,0.25,14.79,81.01,0.0,0,0,284.8009,1.2515,1.3303,0.0,A
75,hotel/memcached-profile,135.67,7.71,79.25,0.0,0,1226,308.565,1.4857,738.1155,0.37,A
75,hotel/memcached-rate,117.08,7.6,79.25,0.0,0,2691,677.2826,1.2821,738.1155,0.326,A
75,hotel/memcached-reserve,171.78,7.21,79.25,0.0,0,984,284.8009,1.8811,738.1155,0.478,A
75,hotel/mongodb-geo,8.31,63.13,400.43,0.0312,2,125,284.8009,1.2515,1.3303,0.0217,A
75,hotel/mongodb-profile,8.01,63.93,400.43,0.0312,2,67,284.8009,1.2515,1.3303,0.0217,A
75,hotel/mongodb-rate,7.22,64.82,400.43,0.0,0,47,284.8009,1.2515,1.3303,0.0435,A
75,hotel/mongodb-recommendation,8.37,62.69,400.43,0.0312,2,80,284.8009,1.2515,1.3303,0.0217,A
75,hotel/mongodb-reservation,10.48,251.71,400.43,0.0898,28,242,284.8009,1.2515,738.1155,0.0217,A
75,hotel/mongodb-user,8.13,63.04,400.43,0.0312,2,4747,1194.7456,1.2515,1.3303,0.0217,A
75,hotel/profile,3379.94,46.74,1119.06,0.0,0,60823,15308.1977,37.012,738.1155,8.65,A
75,hotel/rate,1406.9,39.75,1119.14,0.0,0,3584,902.0367,15.4063,738.1155,3.41,A
75,hotel/recommendation,787.86,26.94,1119.06,0.0,0,1873,471.4048,8.6275,738.1155,2.15,A
75,hotel/reservation,3248.91,69.71,1119.06,0.0,0,94441,23769.3225,35.5772,738.1155,8.33,A
75,hotel/search,2779.49,40.68,1119.06,0.0,0,8115,2042.4186,30.4368,738.1155,7.48,A
75,hotel/user,50.66,20.54,1119.06,0.0,0,981,284.8009,1.2515,738.1155,0.109,A
75,sa1/customer-feedback,10851.75,10153.2,13293.62,4.0469,42,2877,724.0959,118.8321,738.1155,31.4,A
75,sn1/compose-post-service,1336.6,85.64,251.42,0.0,0,5638,1418.9964,14.6364,738.1155,3.48,A
75,sn1/home-timeline-redis,292.22,2554.98,952.74,0.0,0,1273,320.3942,3.2,738.1155,0.826,A
75,sn1/home-timeline-service,1597.3,108.77,251.42,0.0,0,5538,1393.828,17.4912,738.1155,4.5,A
75,sn1/jaeger,56.13,5007.43,75.0,0.0,0,660,284.8009,1.2515,738.1155,0.217,A
75,sn1/media-frontend,0.0,2027.57,648.43,0.0,0,0,284.8009,1.2515,1.3303,0.0,A
75,sn1/media-memcached,0.18,4.63,75.33,0.0,0,0,284.8009,1.2515,1.3303,0.0,A
75,sn1/media-mongodb,9.01,73.93,703.91,0.0078,4,80,284.8009,1.2515,1.3303,0.0217,A
75,sn1/media-service,72.41,4.73,251.42,0.0,0,676,284.8009,1.2515,738.1155,0.174,A
75,sn1/nginx-thrift,24083.8,42402.9,620.32,17.7383,166,8104,2039.65,263.7296,738.1155,68.2,A
75,sn1/post-storage-memcached,1782.25,70.98,75.33,0.0,0,5417,1363.3742,19.5165,738.1155,5.04,A
75,sn1/post-storage-mongodb,930.97,8188.18,4129.87,0.0,0,932,284.8009,10.1946,738.1155,2.65,A
75,sn1/post-storage-service,7456.6,95.94,251.42,0.0,0,11449,2881.5342,81.6535,738.1155,21.1,A
75,sn1/social-graph-mongodb,9.5,728.05,756.91,0.0078,4,107,284.8009,1.2515,1.3303,0.0217,A
75,sn1/social-graph-redis,2.67,20.04,103.57,0.0,0,200,284.8009,1.2515,1.3303,0.0,A
75,sn1/social-graph-service,0.0,31.3,251.42,0.0,0,0,284.8009,1.2515,1.3303,0.0,A
75,sn1/text-service,1429.07,87.02,251.42,0.0,0,5263,1324.6148,15.649,738.1155,3.93,A
75,sn1/unique-id-service,73.72,4.67,251.42,0.0,0,891,284.8009,1.2515,738.1155,0.174,A
75,sn1/url-shorten-memcached,0.17,4.63,75.33,0.0,0,0,284.8009,1.2515,1.3303,0.0,A
75,sn1/url-shorten-mongodb,342.75,107.54,702.74,0.0,0,977,284.8009,3.7533,738.1155,1.09,A
75,sn1/url-shorten-service,1325.8,78.05,251.42,0.0,0,4685,1179.1412,14.5182,738.1155,3.74,A
75,sn1/user-memcached,152.33,6.61,75.33,0.0,0,2327,585.6695,1.6681,738.1155,0.413,A
75,sn1/user-mention-service,237.5,7.04,251.42,0.0,0,918,284.8009,2.6007,738.1155,0.652,A
75,sn1/user-mongodb,9.28,97.04,704.67,0.0,0,94,284.8009,1.2515,1.3303,0.0435,A
75,sn1/user-service,69.77,18.05,251.42,0.0,0,794,284.8009,1.2515,738.1155,0.174,A
75,sn1/user-timeline-mongodb,15.43,106.85,702.94,0.0234,4,328,284.8009,1.2515,738.1155,0.0435,A
75,sn1/user-timeline-redis,153.22,95.89,136.86,0.0,0,880,284.8009,1.6778,738.1155,0.435,A
75,sn1/user-timeline-service,1522.04,517.25,251.42,0.0,0,6841,1721.7727,16.6671,738.1155,4.17,A
76,hotel/consul,12.9,29.27,201.48,0.0,0,5763,1291.8464,1.2515,759.5954,0.0352,A
76,hotel/frontend,9916.0,120.64,1119.14,0.0,0,659513,147837.8433,106.1665,759.5954,23.3,A
76,hotel/geo,1243.86,29.15,1119.06,0.0,0,5638,1263.8261,13.3175,759.5954,2.78,A
76,hotel/jaeger,0.17,14.79,81.01,0.0,0,0,284.8009,1.2515,1.3303,0.0,A
76,hotel/memcached-profile,136.95,7.71,79.25,0.0,0,3622,811.9153,1.4663,759.5954,0.299,A
76,hotel/memcached-rate,118.33,7.84,79.25,0.0,0,3695,828.2791,1.2669,759.5954,0.299,A
76,hotel/memcached-reserve,177.96,7.21,79.25,0.0,0,2670,598.5129,1.9053,759.5954,0.423,A
76,hotel/mongodb-geo,7.05,62.88,400.43,0.0,0,68,284.8009,1.2515,1.3303,0.0176,A
76,hotel/mongodb-profile,7.11,64.18,400.43,0.0,0,1247,284.8009,1.2515,1.3303,0.0176,A
76,hotel/mongodb-rate,8.05,64.82,400.43,0.0703,10,366,284.8009,1.2515,1.3303,0.0176,A
76,hotel/mongodb-recommendation,7.19,62.69,400.43,0.0,0,2655,595.1505,1.2515,1.3303,0.0352,A
76,hotel/mongodb-reservation,9.48,251.72,400.43,0.0625,32,1237,284.8009,1.2515,1.3303,0.0176,A
76,hotel/mongodb-user,7.08,63.04,400.43,0.0,0,3911,876.6981,1.2515,1.3303,0.0352,A
76,hotel/profile,3219.89,45.43,1119.06,0.0,0,29839,6688.774,34.474,759.5954,7.45,A
76,hotel/rate,1544.7,37.67,1119.14,0.0,0,7754,1738.1532,16.5385,759.5954,3.33,A
76,hotel/recommendation,797.66,26.69,1119.06,0.0,0,6480,1452.5706,8.5402,759.5954,1.76,A
76,hotel/reservation,3275.64,64.59,1119.06,0.0,0,90006,20175.9373,35.0709,759.5954,7.62,A
76,hotel/search,2980.87,41.18,1119.06,0.0,0,19573,4387.5255,31.9149,759.5954,6.13,A
76,hotel/user,52.33,20.16,1119.06,0.0,0,2273,509.5205,1.2515,759.5954,0.141,A
76,sa1/customer-feedback,32695.8,10156.09,13293.62,0.0,0,20636,4625.8099,350.0603,759.5954,59.0,A
76,sn1/compose-post-service,1293.94,81.87,251.42,0.0,0,8466,1897.7566,13.8537,759.5954,2.87,A
76,sn1/home-timeline-redis,293.76,2554.49,952.74,0.0,0,2194,491.8117,3.1452,759.5954,0.669,A
76,sn1/home-timeline-service,1585.5,110.74,251.42,0.0,0,6973,1563.0826,16.9753,759.5954,3.66,A
76,sn1/jaeger,13.28,5013.26,75.0,0.0,0,1669,374.1266,1.2515,759.5954,0.0704,A
76,sn1/media-frontend,0.0,2027.57,648.43,0.0,0,0,284.8009,1.2515,1.3303,0.0,A
76,sn1/media-memcached,0.14,4.63,75.33,0.0,0,0,284.8009,1.2515,1.3303,0.0,A
76,sn1/media-mongodb,7.85,73.93,703.91,0.0,0,134,284.8009,1.2515,1.3303,0.0352,A
76,sn1/media-service,67.54,4.67,251.42,0.0,0,847,284.8009,1.2515,759.5954,0.158,A
76,sn1/nginx-thrift,24203.04,42416.95,620.32,17.5195,162,13202,2959.3885,259.1318,759.5954,56.3,A
76,sn1/post-storage-memcached,1772.18,70.45,75.33,0.0,0,7395,1657.679,18.974,759.5954,4.15,A
76,sn1/post-storage-mongodb,928.49,8188.45,4129.87,0.0,0,1516,339.8298,9.941,759.5954,2.24,A
76,sn1/post-storage-service,7465.14,94.36,251.42,0.0,0,16798,3765.4756,79.9261,759.5954,17.4,A
76,sn1/social-graph-mongodb,8.78,728.05,756.91,0.0,0,71,284.8009,1.2515,1.3303,0.0176,A
76,sn1/social-graph-redis,2.18,20.04,103.57,0.0,0,1224,284.8009,1.2515,1.3303,0.0,A
76,sn1/social-graph-service,0.05,31.3,251.42,0.0,0,0,284.8009,1.2515,1.3303,0.0,A
76,sn1/text-service,1366.62,80.01,251.42,0.0,0,7697,1725.376,14.6318,759.5954,3.1,A
76,sn1/unique-id-service,69.85,4.61,251.42,0.0,0,851,284.8009,1.2515,759.5954,0.141,A
76,sn1/url-shorten-memcached,0.15,4.63,75.33,0.0,0,0,284.8009,1.2515,1.3303,0.0,A
76,sn1/url-shorten-mongodb,302.96,108.1,702.74,0.0898,4,2572,576.545,3.2437,759.5954,0.81,A
76,sn1/url-shorten-service,1178.86,73.23,251.42,0.0,0,8456,1895.515,12.6216,759.5954,2.89,A
76,sn1/user-memcached,145.1,6.36,75.33,0.0,0,3886,871.0941,1.5535,759.5954,0.335,A
76,sn1/user-mention-service,234.15,7.0,251.42,0.0,0,1026,284.8009,2.5069,759.5954,0.511,A
76,sn1/user-mongodb,7.97,97.04,704.67,0.0078,4,194,284.8009,1.2515,1.3303,0.0176,A
76,sn1/user-service,67.53,18.05,251.42,0.0,0,715,284.8009,1.2515,759.5954,0.176,A
76,sn1/user-timeline-mongodb,14.5,106.85,702.94,0.0,0,1731,388.0247,1.2515,759.5954,0.0352,A
76,sn1/user-timeline-redis,151.32,96.37,136.86,0.0,0,1282,287.3759,1.6201,759.5954,0.37,A
76,sn1/user-timeline-service,1480.4,520.32,251.42,0.0,0,11610,2602.5224,15.85,759.5954,3.43,A
77,hotel/consul,14.54,29.27,201.48,0.0,0,1804,404.5767,1.2515,737.6038,0.0453,A
77,hotel/frontend,9944.35,118.2,1119.14,0.0,0,633702,142118.107,123.5372,737.6038,27.0,A
77,hotel/geo,1321.68,35.8,1119.06,0.0,0,3807,853.7824,16.419,737.6038,3.64,A
77,hotel/jaeger,0.16,14.79,81.01,0.0,0,0,284.8009,1.2515,1.3303,0.0,A
77,hotel/memcached-profile,141.88,7.72,79.25,0.0,0,1617,362.6389,1.7626,737.6038,0.362,A
77,hotel/memcached-rate,120.26,7.62,79.25,0.0,0,2594,581.7472,1.494,737.6038,0.317,A
77,hotel/memcached-reserve,177.38,7.45,79.25,0.0,0,1286,288.4067,2.2036,737.6038,0.468,A
77,hotel/mongodb-geo,8.09,63.13,400.43,0.0312,2,109,284.8009,1.2515,1.3303,0.0151,A
77,hotel/mongodb-profile,8.07,64.18,400.43,0.0312,2,70,284.8009,1.2515,1.3303,0.0151,A
77,hotel/mongodb-rate,7.12,64.82,400.43,0.0,0,400,284.8009,1.2515,1.3303,0.0151,A
77,hotel/mongodb-recommendation,7.94,62.69,400.43,0.0312,2,115,284.8009,1.2515,1.3303,0.0302,A
77,hotel/mongodb-reservation,11.07,251.73,400.43,0.1094,38,1343,301.1899,1.2515,737.6038,0.0302,A
77,hotel/mongodb-user,8.13,63.04,400.43,0.0312,2,78,284.8009,1.2515,1.3303,0.0302,A
77,hotel/profile,3223.44,47.06,1119.06,0.0,0,53320,11957.8879,40.0443,737.6038,7.31,A
77,hotel/rate,1537.14,37.87,1119.14,0.0,0,4489,1006.7322,19.0957,737.6038,4.09,A
77,hotel/recommendation,815.1,27.77,1119.06,0.0,0,2727,611.5746,10.1259,737.6038,2.52,A
77,hotel/reservation,3559.06,66.9,1119.06,0.0,0,115921,25997.1928,44.2137,737.6038,9.84,A
77,hotel/search,2983.25,38.91,1119.06,0.0,0,16300,3655.5434,37.0605,737.6038,8.32,A
77,hotel/user,49.28,20.16,1119.06,0.0,0,1968,441.3564,1.2515,737.6038,0.121,A
77,sa1/customer-feedback,21356.04,10157.2,13293.62,0.0,0,20656,4632.4481,265.303,737.6038,83.5,A
77,sn1/compose-post-service,1334.53,82.47,251.42,0.0,0,7267,1629.7444,16.5787,737.6038,3.47,A
77,sn1/home-timeline-redis,283.31,2554.49,952.74,0.0,0,1581,354.5653,3.5195,737.6038,0.77,A
77,sn1/home-timeline-service,1585.83,113.21,251.42,0.0,0,6636,1488.2323,19.7005,737.6038,4.24,A
77,sn1/jaeger,54.04,5036.48,75.0,0.0,0,1211,284.8009,1.2515,737.6038,0.362,A
77,sn1/media-frontend,0.0,2027.57,648.43,0.0,0,0,284.8009,1.2515,1.3303,0.0,A
77,sn1/media-memcached,0.14,4.63,75.33,0.0,0,0,284.8009,1.2515,1.3303,0.0,A
77,sn1/media-mongodb,9.08,73.91,703.91,0.0195,2,365,284.8009,1.2515,1.3303,0.0151,A
77,sn1/media-service,70.14,4.67,251.42,0.0,0,680,284.8009,1.2515,737.6038,0.196,A
77,sn1/nginx-thrift,24114.18,42421.64,620.32,17.6016,160,10471,2348.2941,299.567,737.6038,65.5,A
77,sn1/post-storage-memcached,1789.36,70.33,75.33,0.0,0,6006,1346.9444,22.229,737.6038,4.82,A
77,sn1/post-storage-mongodb,938.52,8188.29,4129.87,0.0234,2,1039,284.8009,11.6591,737.6038,2.57,A
77,sn1/post-storage-service,7477.07,94.77,251.42,0.0,0,13233,2967.7181,92.8866,737.6038,20.3,A
77,sn1/social-graph-mongodb,9.47,728.05,756.91,0.0195,2,558,284.8009,1.2515,1.3303,0.0151,A
77,sn1/social-graph-redis,2.29,20.04,103.57,0.0,0,569,284.8009,1.2515,1.3303,0.0,A
77,sn1/social-graph-service,0.0,31.3,251.42,0.0,0,0,284.8009,1.2515,1.3303,0.0,A
77,sn1/text-service,1397.13,80.18,251.42,0.0,0,7941,1780.9,17.3563,737.6038,3.71,A
77,sn1/unique-id-service,72.93,4.61,251.42,0.0,0,781,284.8009,1.2515,737.6038,0.181,A
77,sn1/url-shorten-memcached,0.13,4.63,75.33,0.0,0,1014,284.8009,1.2515,1.3303,0.0,A
77,sn1/url-shorten-mongodb,316.1,107.07,702.74,0.0391,4,2707,607.0893,3.9269,737.6038,0.861,A
77,sn1/url-shorten-service,1226.29,74.54,251.42,0.0,0,7817,1753.091,15.234,737.6038,3.29,A
77,sn1/user-memcached,153.47,6.34,75.33,0.0,0,1922,431.0401,1.9065,737.6038,0.393,A
77,sn1/user-mention-service,239.29,6.93,251.42,0.0,0,1294,290.2008,2.9727,737.6038,0.649,A
77,sn1/user-mongodb,8.94,97.04,704.67,0.0195,2,91,284.8009,1.2515,1.3303,0.0151,A
77,sn1/user-service,68.45,18.02,251.42,0.0,0,766,284.8009,1.2515,737.6038,0.181,A
77,sn1/user-timeline-mongodb,15.74,106.85,702.94,0.0234,4,282,284.8009,1.2515,737.6038,0.0453,A
77,sn1/user-timeline-redis,151.27,95.62,136.86,0.0,0,929,284.8009,1.8792,737.6038,0.423,A
77,sn1/user-timeline-service,1505.25,519.99,251.42,0.0,0,8908,1997.7657,18.6995,737.6038,4.0,A
78,hotel/consul,14.12,29.29,201.48,0.0,0,8012,1821.7822,1.2515,756.7966,0.0359,A
78,hotel/frontend,9854.55,126.93,1119.14,0.0,0,677650,154085.2124,122.4714,756.7966,23.8,A
78,hotel/geo,1290.72,28.59,1119.06,0.0,0,6167,1402.263,16.0409,756.7966,2.87,A
78,hotel/jaeger,0.23,14.79,81.01,0.0,0,0,284.8009,1.2515,1.3303,0.0,A
78,hotel/memcached-profile,148.27,7.68,79.25,0.0,0,3496,794.9264,1.8427,756.7966,0.341,A
78,hotel/memcached-rate,114.03,7.58,79.25,0.0,0,3210,729.8953,1.4172,756.7966,0.251,A
78,hotel/memcached-reserve,180.22,7.17,79.25,0.0,0,2709,615.977,2.2398,756.7966,0.394,A
78,hotel/mongodb-geo,7.21,62.88,400.43,0.0508,12,674,284.8009,1.2515,1.3303,0.0359,A
78,hotel/mongodb-profile,7.22,63.93,400.43,0.0469,8,336,284.8009,1.2515,1.3303,0.0359,A
78,hotel/mongodb-rate,7.26,64.6,400.43,0.0234,2,61,284.8009,1.2515,1.3303,0.0179,A
78,hotel/mongodb-recommendation,7.15,62.7,400.43,0.0508,12,992,284.8009,1.2515,1.3303,0.0359,A
78,hotel/mongodb-reservation,10.87,251.98,400.43,0.6133,94,861,284.8009,1.2515,756.7966,0.0359,A
78,hotel/mongodb-user,7.11,63.04,400.43,0.0469,10,942,284.8009,1.2515,1.3303,0.0179,A
78,hotel/profile,3311.74,48.03,1119.06,0.0,0,38335,8716.6777,41.158,756.7966,7.64,A
78,hotel/rate,1547.89,39.7,1119.14,0.0,0,6657,1513.68,19.237,756.7966,3.16,A
78,hotel/recommendation,847.27,26.39,1119.06,0.0,0,6249,1420.9083,10.5298,756.7966,1.99,A
78,hotel/reservation,3480.08,63.49,1119.06,0.0,0,153864,34985.8587,43.2501,756.7966,7.58,A
78,hotel/search,3059.63,31.43,1119.06,0.0,0,17150,3899.5962,38.0248,756.7966,6.6,A
78,hotel/user,48.2,20.2,1119.06,0.0,0,2272,516.6112,1.2515,756.7966,0.108,A
78,sa1/customer-feedback,42548.13,10154.67,13293.62,0.0,0,64067,14567.6637,528.7841,756.7966,82.8,A
78,sn1/compose-post-service,1334.5,83.48,251.42,0.0,0,9948,2261.9932,16.585,756.7966,3.3,A
78,sn1/home-timeline-redis,288.34,2554.49,952.74,0.0,0,3659,831.9897,3.5835,756.7966,0.681,A
78,sn1/home-timeline-service,1578.52,110.52,251.42,0.0,0,10691,2430.9378,19.6177,756.7966,3.87,A
78,sn1/jaeger,13.85,5042.27,75.0,0.0,0,1158,284.8009,1.2515,756.7966,0.0717,A
78,sn1/media-frontend,0.0,2027.57,648.43,0.0,0,0,284.8009,1.2515,1.3303,0.0,A
78,sn1/media-memcached,0.2,4.63,75.33,0.0,0,0,284.8009,1.2515,1.3303,0.0,A
78,sn1/media-mongodb,7.62,73.91,703.91,0.0,0,795,284.8009,1.2515,1.3303,0.0179,A
78,sn1/media-service,70.41,4.8,251.42,0.0,0,705,284.8009,1.2515,756.7966,0.179,A
78,sn1/nginx-thrift,24393.6,42434.59,620.32,17.4492,158,16788,3817.2841,303.1614,756.7966,58.9,A
78,sn1/post-storage-memcached,1747.71,70.92,75.33,0.0,0,7677,1745.6093,21.7204,756.7966,4.29,A
78,sn1/post-storage-mongodb,928.21,8188.58,4129.87,0.0039,2,1327,301.7355,11.5357,756.7966,2.31,A
78,sn1/post-storage-service,7430.36,92.51,251.42,0.0,0,18820,4279.3237,92.3438,756.7966,18.1,A
78,sn1/social-graph-mongodb,7.53,728.05,756.91,0.0,0,1247,284.8009,1.2515,1.3303,0.0179,A
78,sn1/social-graph-redis,2.04,20.04,103.57,0.0,0,226,284.8009,1.2515,1.3303,0.0179,A
78,sn1/social-graph-service,0.04,31.3,251.42,0.0,0,0,284.8009,1.2515,1.3303,0.0,A
78,sn1/text-service,1392.28,77.88,251.42,0.0,0,10421,2369.5447,17.3031,756.7966,3.46,A
78,sn1/unique-id-service,71.12,4.61,251.42,0.0,0,1279,290.8212,1.2515,756.7966,0.179,A
78,sn1/url-shorten-memcached,0.16,4.63,75.33,0.0,0,0,284.8009,1.2515,1.3303,0.0,A
78,sn1/url-shorten-mongodb,286.66,106.3,702.74,0.0508,2,2277,517.7481,3.5626,756.7966,0.825,A
78,sn1/url-shorten-service,1146.34,72.93,251.42,0.0,0,10825,2461.407,14.2466,756.7966,3.14,A
78,sn1/user-memcached,144.81,6.36,75.33,0.0,0,4603,1046.638,1.7997,756.7966,0.377,A
78,sn1/user-mention-service,235.36,6.77,251.42,0.0,0,949,284.8009,2.925,756.7966,0.592,A
78,sn1/user-mongodb,7.69,97.04,704.67,0.0,0,736,284.8009,1.2515,1.3303,0.0,A
78,sn1/user-service,66.75,18.02,251.42,0.0,0,743,284.8009,1.2515,756.7966,0.161,A
78,sn1/user-timeline-mongodb,13.97,106.85,702.94,0.0,0,885,284.8009,1.2515,756.7966,0.0359,A
78,sn1/user-timeline-redis,150.35,96.11,136.86,0.0,0,880,284.8009,1.8685,756.7966,0.341,A
78,sn1/user-timeline-service,1460.87,518.87,251.42,0.0,0,13140,2987.7956,18.1556,756.7966,3.5,A
79,hotel/consul,14.44,29.3,201.48,0.0,0,3864,976.0593,1.2515,732.5813,0.0429,A
79,hotel/frontend,9944.04,120.22,1119.14,0.0,0,733485,185280.7657,160.99,732.5813,27.8,A
79,hotel/geo,1270.83,28.77,1119.06,0.0,0,3848,972.0177,20.5742,732.5813,3.88,A
79,hotel/jaeger,0.22,14.79,81.01,0.0,0,0,284.8009,1.2515,1.3303,0.0,A
79,hotel/memcached-profile,148.63,7.98,79.25,0.0,0,1543,389.767,2.4063,732.5813,0.429,A
79,hotel/memcached-rate,112.77,7.87,79.25,0.0,0,6506,1643.4374,1.8257,732.5813,0.3,A
79,hotel/memcached-reserve,179.58,7.26,79.25,0.0,0,1205,304.387,2.9073,732.5813,0.536,A
79,hotel/mongodb-geo,7.8,62.88,400.43,0.0312,2,231,284.8009,1.2515,1.3303,0.0215,A
79,hotel/mongodb-profile,7.62,63.93,400.43,0.0312,2,34,284.8009,1.2515,1.3303,0.0215,A
79,hotel/mongodb-rate,7.04,64.6,400.43,0.0,0,65,284.8009,1.2515,1.3303,0.0215,A
79,hotel/mongodb-recommendation,7.76,62.7,400.43,0.0312,2,68,284.8009,1.2515,1.3303,0.0215,A
79,hotel/mongodb-reservation,10.59,251.99,400.43,0.1367,36,499,284.8009,1.2515,732.5813,0.0429,A
79,hotel/mongodb-user,7.93,63.04,400.43,0.0312,2,326,284.8009,1.2515,1.3303,0.0,A
79,hotel/profile,3496.49,50.23,1119.06,0.0,0,94382,23841.2091,56.6068,732.5813,10.7,A
79,hotel/rate,1421.39,41.59,1119.14,0.0,0,6133,1549.2163,23.0117,732.5813,4.38,A
79,hotel/recommendation,792.49,27.62,1119.06,0.0,0,2652,669.9041,12.8301,732.5813,2.32,A
79,hotel/reservation,3598.58,63.44,1119.06,0.0,0,109207,27586.0537,58.2596,732.5813,10.9,A
79,hotel/search,3154.28,39.84,1119.06,0.0,0,15986,4038.1171,51.0665,732.5813,9.22,A
79,hotel/user,47.99,20.59,1119.06,0.0,0,1342,338.9937,1.2515,732.5813,0.129,A
79,sa1/customer-feedback,19316.38,10153.21,13293.62,0.0,0,12576,3176.7397,312.7244,732.5813,66.7,A
79,sn1/compose-post-service,1379.2,84.5,251.42,0.0,0,6987,1764.9396,22.3287,732.5813,3.84,A
79,sn1/home-timeline-redis,289.01,2554.52,952.74,0.0,0,1731,437.2564,4.679,732.5813,0.837,A
79,sn1/home-timeline-service,1599.16,108.88,251.42,0.0,0,5933,1498.6957,25.8898,732.5813,4.46,A
79,sn1/jaeger,53.59,5065.74,75.0,0.0,0,827,284.8009,1.2515,732.5813,0.257,A
79,sn1/media-frontend,0.0,2027.57,648.43,0.0,0,0,284.8009,1.2515,1.3303,0.0,A
79,sn1/media-memcached,0.17,4.63,75.33,0.0,0,0,284.8009,1.2515,1.3303,0.0,A
79,sn1/media-mongodb,8.6,73.91,703.91,0.1797,26,68,284.8009,1.2515,1.3303,0.0215,A
79,sn1/media-service,73.6,4.77,251.42,0.0,0,1139,287.7152,1.2515,732.5813,0.215,A
79,sn1/nginx-thrift,24164.77,42435.98,620.32,17.332,152,10112,2554.325,391.2179,732.5813,67.5,A
79,sn1/post-storage-memcached,1778.14,71.16,75.33,0.0,0,6168,1558.0574,28.7874,732.5813,4.98,A
79,sn1/post-storage-mongodb,924.32,8188.1,4129.87,0.1016,10,1131,285.6944,14.9644,732.5813,2.57,A
79,sn1/post-storage-service,7469.28,96.98,251.42,0.0,0,12776,3227.2604,120.9246,732.5813,20.7,A
79,sn1/social-graph-mongodb,9.27,728.05,756.91,0.0195,2,397,284.8009,1.2515,1.3303,0.0215,A
79,sn1/social-graph-redis,2.18,20.04,103.57,0.0,0,135,284.8009,1.2515,1.3303,0.0,A
79,sn1/social-graph-service,0.0,31.3,251.42,0.0,0,0,284.8009,1.2515,1.3303,0.0,A
79,sn1/text-service,1449.05,76.71,251.42,0.0,0,7290,1841.4784,23.4595,732.5813,4.18,A
79,sn1/unique-id-service,75.41,4.64,251.42,0.0,0,756,284.8009,1.2515,732.5813,0.215,A
79,sn1/url-shorten-memcached,0.14,4.63,75.33,0.0,0,0,284.8009,1.2515,1.3303,0.0,A
79,sn1/url-shorten-mongodb,306.07,107.08,702.74,0.0,0,1820,459.7381,4.9552,732.5813,1.03,A
79,sn1/url-shorten-service,1198.22,73.29,251.42,0.0,0,7172,1811.6712,19.3987,732.5813,3.52,A
79,sn1/user-memcached,154.36,6.59,75.33,0.0,0,2252,568.8627,2.499,732.5813,0.45,A
79,sn1/user-mention-service,236.12,6.76,251.42,0.0,0,1106,284.8009,3.8227,732.5813,0.665,A
79,sn1/user-mongodb,9.07,97.04,704.67,0.0195,2,80,284.8009,1.2515,1.3303,0.0429,A
79,sn1/user-service,69.37,18.02,251.42,0.0,0,728,284.8009,1.2515,732.5813,0.193,A
79,sn1/user-timeline-mongodb,14.91,106.85,702.94,0.0195,2,361,284.8009,1.2515,732.5813,0.0429,A
79,sn1/user-timeline-redis,148.26,95.89,136.86,0.0,0,1315,332.1734,2.4003,732.5813,0.429,A
79,sn1/user-timeline-service,1477.0,518.35,251.42,0.0,0,8832,2230.9928,23.912,732.5813,4.05,A
80,hotel/consul,14.58,29.3,201.48,0.0,0,2191,534.6894,1.2515,766.6757,0.021,A
80,hotel/frontend,9868.78,139.8,1119.14,0.0,0,803958,196197.0742,146.5543,766.6757,27.3,A
80,hotel/geo,1245.82,28.14,1119.06,0.0,0,2567,626.448,18.5008,766.6757,3.07,A
80,hotel/jaeger,0.2,14.79,81.01,0.0,0,0,284.8009,1.2515,1.3303,0.0,A
80,hotel/memcached-profile,144.94,7.96,79.25,0.0,0,1215,296.5073,2.1524,766.6757,0.379,A
80,hotel/memcached-rate,116.96,7.6,79.25,0.0,0,996,284.8009,1.7369,766.6757,0.316,A
80,hotel/memcached-reserve,172.44,7.23,79.25,0.0,0,1267,309.1974,2.5608,766.6757,0.463,A
80,hotel/mongodb-geo,7.17,62.88,400.43,0.0,0,64,284.8009,1.2515,1.3303,0.0421,A
80,hotel/mongodb-profile,7.46,63.93,400.43,0.0,0,46,284.8009,1.2515,1.3303,0.021,A
80,hotel/mongodb-rate,8.06,64.62,400.43,0.0312,4,354,284.8009,1.2515,1.3303,0.021,A
80,hotel/mongodb-recommendation,7.5,62.7,400.43,0.0,0,171,284.8009,1.2515,1.3303,0.021,A
80,hotel/mongodb-reservation,9.26,251.99,400.43,0.0508,26,51,284.8009,1.2515,1.3303,0.021,A
80,hotel/mongodb-user,7.68,63.04,400.43,0.0,0,74,284.8009,1.2515,1.3303,0.0421,A
80,hotel/profile,3523.13,43.47,1119.06,0.0,0,93736,22875.236,52.3195,766.6757,9.66,A
80,hotel/rate,1665.04,42.57,1119.14,0.0,0,3087,753.3483,24.7263,766.6757,5.05,A
80,hotel/recommendation,801.65,27.84,1119.06,0.0,0,2098,511.9937,11.9047,766.6757,2.0,A
80,hotel/reservation,3766.05,69.2,1119.06,0.0,0,97493,23792.0903,55.927,766.6757,8.95,A
80,hotel/search,2942.18,36.84,1119.06,0.0,0,15889,3877.535,43.6923,766.6757,7.89,A
80,hotel/user,52.83,20.71,1119.06,0.0,0,2682,654.5125,1.2515,766.6757,0.126,A
80,sa1/customer-feedback,11383.32,10155.43,13293.62,0.0,0,3196,779.9485,169.0457,766.6757,17.7,A
80,sn1/compose-post-service,1343.83,81.05,251.42,0.0,0,6067,1480.5844,19.9563,766.6757,3.75,A
80,sn1/home-timeline-redis,293.23,2553.8,952.74,0.0,0,1417,345.8032,4.3546,766.6757,0.821,A
80,sn1/home-timeline-service,1600.65,110.78,251.42,0.0,0,5057,1234.105,23.7701,766.6757,4.4,A
80,sn1/jaeger,962.5,5073.48,75.0,0.0,0,1156,284.8009,14.2934,766.6757,0.0842,A
80,sn1/media-frontend,0.0,2027.57,648.43,0.0,0,0,284.8009,1.2515,1.3303,0.0,A
80,sn1/media-memcached,0.18,4.63,75.33,0.0,0,0,284.8009,1.2515,1.3303,0.0,A
80,sn1/media-mongodb,8.16,73.91,703.91,0.0,0,94,284.8009,1.2515,1.3303,0.021,A
80,sn1/media-service,73.24,4.77,251.42,0.0,0,994,284.8009,1.2515,766.6757,0.189,A
80,sn1/nginx-thrift,24086.08,42448.02,620.32,17.5117,168,7900,1927.9078,357.6855,766.6757,65.9,A
80,sn1/post-storage-memcached,1799.99,70.56,75.33,0.0,0,5329,1300.4836,26.7304,766.6757,4.9,A
80,sn1/post-storage-mongodb,938.28,8188.21,4129.87,0.0,0,955,284.8009,13.9337,766.6757,2.48,A
80,sn1/post-storage-service,7528.0,95.82,251.42,0.0,0,11381,2777.4074,111.7931,766.6757,20.4,A
80,sn1/social-graph-mongodb,8.27,728.05,756.91,0.0391,4,71,284.8009,1.2515,1.3303,0.0421,A
80,sn1/social-graph-redis,1.99,20.04,103.57,0.0,0,224,284.8009,1.2515,1.3303,0.0,A
80,sn1/social-graph-service,0.05,31.3,251.42,0.0,0,0,284.8009,1.2515,1.3303,0.0,A
80,sn1/text-service,1449.36,70.9,251.42,0.0,0,5705,1392.2423,21.5234,766.6757,4.08,A
80,sn1/unique-id-service,76.14,4.61,251.42,0.0,0,708,284.8009,1.2515,766.6757,0.21,A
80,sn1/url-shorten-memcached,0.19,4.63,75.33,0.0,0,0,284.8009,1.2515,1.3303,0.0,A
80,sn1/url-shorten-mongodb,308.11,107.17,702.74,0.0508,2,877,284.8009,4.5755,766.6757,0.926,A
80,sn1/url-shorten-service,1243.35,69.4,251.42,0.0,0,4849,1183.3449,18.4641,766.6757,3.54,A
80,sn1/user-memcached,155.0,6.34,75.33,0.0,0,1860,453.9125,2.3018,766.6757,0.442,A
80,sn1/user-mention-service,234.08,6.79,251.42,0.0,0,1039,284.8009,3.4762,766.6757,0.695,A
80,sn1/user-mongodb,8.02,97.04,704.67,0.5156,42,340,284.8009,1.2515,1.3303,0.021,A
80,sn1/user-service,69.13,18.02,251.42,0.0,0,608,284.8009,1.2515,766.6757,0.189,A
80,sn1/user-timeline-mongodb,14.99,106.85,702.94,0.0,0,559,284.8009,1.2515,766.6757,0.0421,A
80,sn1/user-timeline-redis,152.81,95.66,136.86,0.0,0,809,284.8009,2.2693,766.6757,0.421,A
80,sn1/user-timeline-service,1517.11,519.71,251.42,0.0,0,6605,1611.8773,22.5295,766.6757,3.96,A
81,hotel/consul,15.07,29.3,201.48,0.0,0,1312,314.4823,1.2515,740.1012,0.0376,A
81,hotel/frontend,9967.01,125.55,1119.14,0.0,0,847387,203116.0204,131.4838,740.1012,23.5,A
81,hotel/geo,1231.63,31.43,1119.06,0.0,0,3383,810.8945,16.2475,740.1012,3.14,A
81,hotel/jaeger,0.19,14.79,81.01,0.0,0,0,284.8009,1.2515,1.3303,0.0,A
81,hotel/memcached-profile,134.32,7.72,79.25,0.0,0,1863,446.5553,1.7719,740.1012,0.32,A
81,hotel/memcached-rate,111.9,7.62,79.25,0.0,0,2795,669.9528,1.4762,740.1012,0.282,A
81,hotel/memcached-reserve,167.41,7.25,79.25,0.0,0,1802,431.9338,2.2085,740.1012,0.376,A
81,hotel/mongodb-geo,7.99,62.88,400.43,0.0508,4,133,284.8009,1.2515,1.3303,0.0188,A
81,hotel/mongodb-profile,8.13,63.93,400.43,0.0312,2,526,284.8009,1.2515,1.3303,0.0188,A
81,hotel/mongodb-rate,7.24,64.62,400.43,0.0,0,53,284.8009,1.2515,1.3303,0.0188,A
81,hotel/mongodb-recommendation,8.19,62.7,400.43,0.0312,2,590,284.8009,1.2515,1.3303,0.0188,A
81,hotel/mongodb-reservation,10.21,252.0,400.43,0.0859,24,58,284.8009,1.2515,740.1012,0.0376,A
81,hotel/mongodb-user,8.34,63.04,400.43,0.0312,2,563,284.8009,1.2515,1.3303,0.0188,A
81,hotel/profile,3268.13,46.23,1119.06,0.0,0,51558,12358.2918,43.1128,740.1012,7.91,A
81,hotel/rate,1490.79,39.62,1119.14,0.0,0,4180,1001.933,19.6664,740.1012,4.02,A
81,hotel/recommendation,831.85,28.18,1119.06,0.0,0,2377,569.7595,10.9737,740.1012,1.96,A
81,hotel/reservation,3765.48,74.74,1119.06,0.0,0,179122,42934.9846,49.6738,740.1012,9.1,A
81,hotel/search,2832.85,31.43,1119.06,0.0,0,10862,2603.5875,37.3707,740.1012,6.73,A
81,hotel/user,49.13,20.73,1119.06,0.0,0,1291,309.4487,1.2515,740.1012,0.132,A
81,sa1/customer-feedback,17158.83,10156.05,13293.62,4.0273,40,7512,1800.603,226.3576,740.1012,60.8,A
81,sn1/compose-post-service,1311.53,82.46,251.42,0.0,0,7379,1768.7233,17.3016,740.1012,3.1,A
81,sn1/home-timeline-redis,287.67,2554.07,952.74,0.0,0,1428,342.2871,3.7949,740.1012,0.714,A
81,sn1/home-timeline-service,1612.4,111.79,251.42,0.0,0,6186,1482.7649,21.2706,740.1012,3.95,A
81,sn1/jaeger,1054.82,5094.37,75.0,0.0,0,2259,541.4753,13.9151,740.1012,1.97,A
81,sn1/media-frontend,0.0,2027.57,648.43,0.0,0,0,284.8009,1.2515,1.3303,0.0,A
81,sn1/media-memcached,0.21,4.63,75.33,0.0,0,0,284.8009,1.2515,1.3303,0.0,A
81,sn1/media-mongodb,9.32,73.91,703.91,0.0195,2,308,284.8009,1.2515,1.3303,0.0188,A
81,sn1/media-service,70.89,4.77,251.42,0.0,0,617,284.8009,1.2515,740.1012,0.169,A
81,sn1/nginx-thrift,24169.11,42457.11,620.32,17.5898,166,11213,2687.7211,318.8365,740.1012,59.3,A
81,sn1/post-storage-memcached,1778.18,71.51,75.33,0.0,0,6348,1521.5958,23.4576,740.1012,4.31,A
81,sn1/post-storage-mongodb,921.4,8187.87,4129.87,0.0273,2,1165,284.8009,12.155,740.1012,2.27,A
81,sn1/post-storage-service,7493.08,94.47,251.42,0.0,0,13768,3300.1466,98.848,740.1012,18.3,A
81,sn1/social-graph-mongodb,9.58,728.05,756.91,1.6055,46,163,284.8009,1.2515,1.3303,0.0376,A
81,sn1/social-graph-redis,2.33,20.04,103.57,0.0,0,508,284.8009,1.2515,1.3303,0.0,A
81,sn1/social-graph-service,0.0,31.3,251.42,0.0,0,0,284.8009,1.2515,1.3303,0.0,A
81,sn1/text-service,1386.6,74.86,251.42,0.0,0,7514,1801.0824,18.2919,740.1012,3.33,A
81,sn1/unique-id-service,70.86,4.57,251.42,0.0,0,578,284.8009,1.2515,740.1012,0.188,A
81,sn1/url-shorten-memcached,0.14,4.63,75.33,0.0,0,0,284.8009,1.2515,1.3303,0.0,A
81,sn1/url-shorten-mongodb,313.59,106.57,702.74,0.0,0,3675,880.886,4.1368,740.1012,0.827,A
81,sn1/url-shorten-service,1186.78,70.18,251.42,0.0,0,7868,1885.9351,15.6559,740.1012,2.9,A
81,sn1/user-memcached,148.37,6.35,75.33,0.0,0,2692,645.264,1.9573,740.1012,0.338,A
81,sn1/user-mention-service,230.76,6.82,251.42,0.0,0,1034,284.8009,3.0442,740.1012,0.583,A
81,sn1/user-mongodb,9.14,97.04,704.67,0.0195,2,340,284.8009,1.2515,1.3303,0.0188,A
81,sn1/user-service,67.15,18.02,251.42,0.0,0,857,284.8009,1.2515,740.1012,0.169,A
81,sn1/user-timeline-mongodb,15.01,106.85,702.94,0.0195,2,415,284.8009,1.2515,740.1012,0.0376,A
81,sn1/user-timeline-redis,149.42,95.66,136.86,0.0,0,981,284.8009,1.9711,740.1012,0.376,A
81,sn1/user-timeline-service,1488.51,520.22,251.42,0.0,0,8265,1981.0947,19.6363,740.1012,3.52,A
82,hotel/consul,14.52,29.3,201.48,0.0,0,2011,471.8443,1.2515,732.8629,0.0235,A
82,hotel/frontend,9879.15,125.3,1119.14,0.0,0,793523,186185.6258,103.9783,732.8629,30.5,A
82,hotel/geo,1192.55,31.43,1119.06,0.0,0,2881,675.9738,12.5516,732.8629,3.08,A
82,hotel/jaeger,0.18,14.79,81.01,0.0,0,0,284.8009,1.2515,1.3303,0.0,A
82,hotel/memcached-profile,136.63,7.71,79.25,0.0,0,1628,381.9804,1.438,732.8629,0.376,A
82,hotel/memcached-rate,107.67,7.86,79.25,0.0,0,1472,345.3778,1.2515,732.8629,0.305,A
82,hotel/memcached-reserve,162.86,7.2,79.25,0.0,0,1463,343.2661,1.7141,732.8629,0.423,A
82,hotel/mongodb-geo,7.75,62.88,400.43,0.0,0,58,284.8009,1.2515,1.3303,0.0235,A
82,hotel/mongodb-profile,7.85,63.93,400.43,0.0,0,315,284.8009,1.2515,1.3303,0.047,A
82,hotel/mongodb-rate,8.3,64.65,400.43,0.0234,2,514,284.8009,1.2515,1.3303,0.047,A
82,hotel/mongodb-recommendation,7.66,62.7,400.43,0.0,0,121,284.8009,1.2515,1.3303,0.0235,A
82,hotel/mongodb-reservation,10.27,252.01,400.43,0.0625,32,101,284.8009,1.2515,732.8629,0.047,A
82,hotel/mongodb-user,7.76,63.04,400.43,0.0,0,95,284.8009,1.2515,1.3303,0.0235,A
82,hotel/profile,3449.23,49.96,1119.06,0.0,0,83904,19686.5355,36.3032,732.8629,10.0,A
82,hotel/rate,1444.34,47.46,1119.14,0.0,0,3423,803.1442,15.2017,732.8629,4.11,A
82,hotel/recommendation,783.93,29.53,1119.06,0.0,0,3279,769.3572,8.2509,732.8629,2.04,A
82,hotel/reservation,3485.64,70.82,1119.06,0.0,0,158723,37241.4424,36.6865,732.8629,9.74,A
82,hotel/search,3003.37,41.89,1119.06,0.0,0,9918,2327.0769,31.6106,732.8629,8.12,A
82,hotel/user,51.66,20.14,1119.06,0.0,0,1530,358.9865,1.2515,732.8629,0.117,A
82,sa1/customer-feedback,10889.08,10157.72,13293.62,0.0,0,4543,1065.9317,114.6079,732.8629,0.164,A
82,sn1/compose-post-service,1312.43,79.71,251.42,0.0,0,6162,1445.8003,13.8134,732.8629,4.02,A
82,sn1/home-timeline-redis,282.87,2554.32,952.74,0.0,0,1241,291.1779,2.9772,732.8629,0.892,A
82,sn1/home-timeline-service,1585.79,110.99,251.42,0.0,0,4964,1164.7116,16.6905,732.8629,4.95,A
82,sn1/jaeger,14.93,5094.47,75.0,0.0,0,822,284.8009,1.2515,732.8629,0.0939,A
82,sn1/media-frontend,0.0,2027.57,648.43,0.0,0,0,284.8009,1.2515,1.3303,0.0,A
82,sn1/media-memcached,0.15,4.63,75.33,0.0,0,0,284.8009,1.2515,1.3303,0.0,A
82,sn1/media-mongodb,8.55,73.91,703.91,0.0,0,97,284.8009,1.2515,1.3303,0.047,A
82,sn1/media-service,72.07,4.8,251.42,0.0,0,817,284.8009,1.2515,732.8629,0.211,A
82,sn1/nginx-thrift,23807.53,42472.45,620.32,17.4609,162,8244,1934.3035,250.575,732.8629,74.0,A
82,sn1/post-storage-memcached,1768.3,70.6,75.33,0.0,0,5392,1265.134,18.6114,732.8629,5.52,A
82,sn1/post-storage-mongodb,924.95,8188.12,4129.87,0.0,0,900,284.8009,9.7351,732.8629,2.86,A
82,sn1/post-storage-service,7431.17,95.31,251.42,0.0,0,11346,2662.1309,78.2133,732.8629,23.0,A
82,sn1/social-graph-mongodb,8.29,728.05,756.91,0.0,0,532,284.8009,1.2515,1.3303,0.0235,A
82,sn1/social-graph-redis,2.32,20.04,103.57,0.0,0,419,284.8009,1.2515,1.3303,0.0,A
82,sn1/social-graph-service,0.05,31.3,251.42,0.0,0,0,284.8009,1.2515,1.3303,0.0,A
82,sn1/text-service,1381.86,67.31,251.42,0.0,0,5818,1365.087,14.5441,732.8629,4.25,A
82,sn1/unique-id-service,72.73,4.64,251.42,0.0,0,810,284.8009,1.2515,732.8629,0.258,A
82,sn1/url-shorten-memcached,0.2,4.63,75.33,0.0,0,0,284.8009,1.2515,1.3303,0.0,A
82,sn1/url-shorten-mongodb,324.42,106.03,702.74,0.0039,2,1233,289.3008,3.4145,732.8629,1.15,A
82,sn1/url-shorten-service,1259.9,67.25,251.42,0.0,0,5967,1400.0472,13.2605,732.8629,4.16,A
82,sn1/user-memcached,148.5,6.36,75.33,0.0,0,2140,502.1118,1.563,732.8629,0.446,A
82,sn1/user-mention-service,230.18,6.83,251.42,0.0,0,802,284.8009,2.4227,732.8629,0.704,A
82,sn1/user-mongodb,8.36,97.04,704.67,0.0,0,137,284.8009,1.2515,1.3303,0.047,A
82,sn1/user-service,66.98,18.02,251.42,0.0,0,742,284.8009,1.2515,732.8629,0.211,A
82,sn1/user-timeline-mongodb,15.13,106.85,702.94,0.0,0,609,284.8009,1.2515,732.8629,0.047,A
82,sn1/user-timeline-redis,148.91,95.61,136.86,0.0,0,841,284.8009,1.5673,732.8629,0.47,A
82,sn1/user-timeline-service,1504.07,519.09,251.42,0.0,0,6403,1502.3466,15.8304,732.8629,4.6,A
83,hotel/consul,14.03,29.3,201.48,0.0,0,5009,1253.7267,1.2515,721.5871,0.0169,A
83,hotel/frontend,9970.72,129.17,1119.14,0.0,0,864483,216375.605,109.1542,721.5871,22.2,A
83,hotel/geo,1171.93,29.74,1119.06,0.0,0,3929,983.4083,12.8297,721.5871,2.67,A
83,hotel/jaeger,0.19,14.79,81.01,0.0,0,0,284.8009,1.2515,1.3303,0.0,A
83,hotel/memcached-profile,134.83,7.97,79.25,0.0,0,2181,545.893,1.476,721.5871,0.321,A
83,hotel/memcached-rate,109.77,7.61,79.25,0.0,0,2719,680.5516,1.2515,721.5871,0.237,A
83,hotel/memcached-reserve,161.2,7.2,79.25,0.0,0,1801,450.7809,1.7647,721.5871,0.372,A
83,hotel/mongodb-geo,8.43,62.88,400.43,0.0312,2,1921,480.8163,1.2515,1.3303,0.0169,A
83,hotel/mongodb-profile,8.52,63.93,400.43,0.0312,2,683,284.8009,1.2515,1.3303,0.0169,A
83,hotel/mongodb-rate,7.95,64.65,400.43,0.0,0,454,284.8009,1.2515,1.3303,0.0169,A
83,hotel/mongodb-recommendation,8.43,62.7,400.43,0.0508,4,1099,284.8009,1.2515,1.3303,0.0169,A
83,hotel/mongodb-reservation,11.01,252.02,400.43,0.1055,34,958,284.8009,1.2515,721.5871,0.0507,A
83,hotel/mongodb-user,9.04,63.04,400.43,0.0312,2,51,284.8009,1.2515,1.3303,0.0169,A
83,hotel/profile,3276.25,57.28,1119.06,0.0,0,29987,7505.5904,35.8667,721.5871,7.22,A
83,hotel/rate,1510.41,39.02,1119.14,0.0,0,5115,1280.2579,16.5352,721.5871,3.55,A
83,hotel/recommendation,792.18,30.0,1119.06,0.0,0,2841,711.0875,8.6724,721.5871,1.79,A
83,hotel/reservation,3305.68,61.32,1119.06,0.0,0,151982,38040.3052,36.1889,721.5871,7.52,A
83,hotel/search,2863.87,43.32,1119.06,0.0,0,22132,5539.5247,31.3522,721.5871,6.46,A
83,hotel/user,47.35,20.38,1119.06,0.0,0,1932,483.5696,1.2515,721.5871,0.101,A
83,sa1/customer-feedback,23282.02,10159.35,13293.62,0.0,0,17962,4495.7953,254.8794,721.5871,72.6,A
83,sn1/compose-post-service,1365.22,80.8,251.42,0.0,0,7565,1893.4802,14.9457,721.5871,3.03,A
83,sn1/home-timeline-redis,355.92,2554.62,952.74,0.0,0,3686,922.5867,3.8964,721.5871,0.642,A
83,sn1/home-timeline-service,1609.76,111.41,251.42,0.0,0,7507,1878.9631,17.6228,721.5871,3.48,A
83,sn1/jaeger,65.73,5094.86,75.0,0.0,0,2127,532.3771,1.2515,721.5871,0.186,A
83,sn1/media-frontend,0.0,2027.57,648.43,0.0,0,0,284.8009,1.2515,1.3303,0.0,A
83,sn1/media-memcached,0.15,4.63,75.33,0.0,0,0,284.8009,1.2515,1.3303,0.0,A
83,sn1/media-mongodb,9.81,73.91,703.91,0.0234,2,87,284.8009,1.2515,1.3303,0.0169,A
83,sn1/media-service,73.73,4.86,251.42,0.0,0,889,284.8009,1.2515,721.5871,0.169,A
83,sn1/nginx-thrift,24239.97,42475.04,620.32,18.2617,168,11427,2860.1188,265.3665,721.5871,53.8,A
83,sn1/post-storage-memcached,1800.76,71.06,75.33,0.0,0,6259,1566.5952,19.7138,721.5871,3.99,A
83,sn1/post-storage-mongodb,959.81,8187.93,4129.87,0.0273,2,1126,284.8009,10.5075,721.5871,2.13,A
83,sn1/post-storage-service,7651.72,100.67,251.42,0.0,0,15109,3781.7042,83.767,721.5871,16.7,A
83,sn1/social-graph-mongodb,10.24,728.06,756.91,0.0234,2,67,284.8009,1.2515,721.5871,0.0338,A
83,sn1/social-graph-redis,2.27,20.04,103.57,0.0,0,435,284.8009,1.2515,1.3303,0.0,A
83,sn1/social-graph-service,0.0,31.3,251.42,0.0,0,0,284.8009,1.2515,1.3303,0.0,A
83,sn1/text-service,1420.8,75.88,251.42,0.0,0,7591,1899.9879,15.5542,721.5871,3.18,A
83,sn1/unique-id-service,75.62,4.64,251.42,0.0,0,905,284.8009,1.2515,721.5871,0.152,A
83,sn1/url-shorten-memcached,0.16,4.63,75.33,0.0,0,0,284.8009,1.2515,1.3303,0.0,A
83,sn1/url-shorten-mongodb,310.25,106.17,702.74,0.0,0,2491,623.4844,3.3965,721.5871,0.761,A
83,sn1/url-shorten-service,1195.29,70.94,251.42,0.0,0,6974,1745.556,13.0854,721.5871,2.74,A
83,sn1/user-memcached,147.55,6.35,75.33,0.0,0,2204,551.6498,1.6153,721.5871,0.338,A
83,sn1/user-mention-service,237.05,6.84,251.42,0.0,0,1043,284.8009,2.5951,721.5871,0.524,A
83,sn1/user-mongodb,9.87,97.04,704.67,0.0234,2,127,284.8009,1.2515,1.3303,0.0338,A
83,sn1/user-service,68.68,17.98,251.42,0.0,0,832,284.8009,1.2515,721.5871,0.152,A
83,sn1/user-timeline-mongodb,15.85,106.85,702.94,0.0234,4,1584,396.467,1.2515,721.5871,0.0338,A
83,sn1/user-timeline-redis,152.63,95.61,136.86,0.0,0,1149,287.5887,1.6709,721.5871,0.321,A
83,sn1/user-timeline-service,1514.56,519.1,251.42,0.0,0,9540,2387.8125,16.5806,721.5871,3.25,A
84,hotel/consul,14.45,29.3,201.48,0.0,0,9031,2127.6723,1.2515,750.0743,0.0412,A
84,hotel/frontend,9907.37,124.32,1119.14,0.0,0,839838,197862.922,98.9519,750.0743,27.4,A
84,hotel/geo,1265.14,33.69,1119.06,0.0,0,5243,1235.2326,12.6358,750.0743,3.01,A
84,hotel/jaeger,0.21,14.79,81.01,0.0,0,0,284.8009,1.2515,1.3303,0.0,A
84,hotel/memcached-profile,139.72,9.47,79.25,0.0,0,4657,1097.1731,1.3955,750.0743,0.371,A
84,hotel/memcached-rate,113.83,7.62,79.25,0.0,0,5944,1400.3858,1.2515,750.0743,0.268,A
84,hotel/memcached-reserve,178.07,7.24,79.25,0.0,0,2617,616.5561,1.7785,750.0743,0.474,A
84,hotel/mongodb-geo,8.08,62.88,400.43,0.0,0,377,284.8009,1.2515,1.3303,0.0206,A
84,hotel/mongodb-profile,8.19,63.93,400.43,0.0,0,35,284.8009,1.2515,1.3303,0.0412,A
84,hotel/mongodb-rate,8.89,64.7,400.43,0.0234,2,129,284.8009,1.2515,1.3303,0.0206,A
84,hotel/mongodb-recommendation,8.12,62.7,400.43,0.0,0,62,284.8009,1.2515,1.3303,0.0412,A
84,hotel/mongodb-reservation,11.02,252.02,400.43,0.0703,36,194,284.8009,1.2515,750.0743,0.0412,A
84,hotel/mongodb-user,8.26,63.04,400.43,0.0,0,2052,483.4441,1.2515,1.3303,0.0618,A
84,hotel/profile,3249.34,48.04,1119.06,0.0,0,49174,11585.224,32.4534,750.0743,8.43,A
84,hotel/rate,1553.29,38.33,1119.14,0.0,0,6400,1507.8178,15.5138,750.0743,3.83,A
84,hotel/recommendation,793.23,27.3,1119.06,0.0,0,3628,854.7442,7.9225,750.0743,2.25,A
84,hotel/reservation,3575.31,65.32,1119.06,0.0,0,131497,30980.2374,35.7091,750.0743,8.88,A
84,hotel/search,3012.2,39.0,1119.06,0.0,0,32061,7553.4605,30.085,750.0743,7.17,A
84,hotel/user,53.64,20.14,1119.06,0.0,0,3223,759.3276,1.2515,750.0743,0.185,A
84,sa1/customer-feedback,26872.07,10158.11,13293.62,0.0,0,16821,3962.9693,268.3903,750.0743,44.8,A
84,sn1/compose-post-service,1373.12,81.23,251.42,0.0,0,8279,1950.5037,13.7143,750.0743,3.54,A
84,sn1/home-timeline-redis,286.22,2555.63,952.74,0.0,0,1652,389.2055,2.8587,750.0743,0.762,A
84,sn1/home-timeline-service,1612.1,110.39,251.42,0.0,0,7939,1870.4009,16.1012,750.0743,4.31,A
84,sn1/jaeger,16.46,5094.95,75.0,0.0,0,744,284.8009,1.2515,750.0743,0.103,A
84,sn1/media-frontend,0.0,2027.57,648.43,0.0,0,0,284.8009,1.2515,1.3303,0.0,A
84,sn1/media-memcached,0.14,4.63,75.33,0.0,0,0,284.8009,1.2515,1.3303,0.0,A
84,sn1/media-mongodb,9.87,73.91,703.91,0.0039,2,96,284.8009,1.2515,1.3303,0.0412,A
84,sn1/media-service,74.97,4.86,251.42,0.0,0,707,284.8009,1.2515,750.0743,0.206,A
84,sn1/nginx-thrift,24278.68,42490.26,620.32,17.5078,160,13036,3071.2364,242.4883,750.0743,65.3,A
84,sn1/post-storage-memcached,1798.97,70.47,75.33,0.0,0,6986,1645.8774,17.9676,750.0743,4.82,A
84,sn1/post-storage-mongodb,957.32,8187.9,4129.87,0.0,0,1367,322.0605,9.5614,750.0743,2.6,A
84,sn1/post-storage-service,7646.89,104.64,251.42,0.0,0,16684,3930.6926,76.3749,750.0743,20.3,A
84,sn1/social-graph-mongodb,9.6,728.06,756.91,0.0078,4,56,284.8009,1.2515,1.3303,0.0412,A
84,sn1/social-graph-redis,2.17,20.04,103.57,0.0,0,425,284.8009,1.2515,1.3303,0.0,A
84,sn1/social-graph-service,0.04,31.3,251.42,0.0,0,0,284.8009,1.2515,1.3303,0.0,A
84,sn1/text-service,1450.92,75.05,251.42,0.0,0,8406,1980.4245,14.4914,750.0743,3.83,A
84,sn1/unique-id-service,74.63,4.64,251.42,0.0,0,1094,284.8009,1.2515,750.0743,0.206,A
84,sn1/url-shorten-memcached,0.17,4.63,75.33,0.0,0,0,284.8009,1.2515,1.3303,0.0,A
84,sn1/url-shorten-mongodb,307.28,107.44,702.74,0.0,0,2209,520.4327,3.069,750.0743,0.845,A
84,sn1/url-shorten-service,1183.95,71.39,251.42,0.0,0,9913,2335.4684,11.8249,750.0743,3.23,A
84,sn1/user-memcached,150.63,6.59,75.33,0.0,0,4232,997.0445,1.5044,750.0743,0.412,A
84,sn1/user-mention-service,239.16,6.84,251.42,0.0,0,1081,284.8009,2.3887,750.0743,0.659,A
84,sn1/user-mongodb,9.18,97.04,704.67,0.0039,2,400,284.8009,1.2515,1.3303,0.0412,A
84,sn1/user-service,69.09,18.02,251.42,0.0,0,1072,284.8009,1.2515,750.0743,0.185,A
84,sn1/user-timeline-mongodb,16.3,106.85,702.94,0.0391,6,1802,424.545,1.2515,750.0743,0.0618,A
84,sn1/user-timeline-redis,152.92,95.62,136.86,0.0,0,867,284.8009,1.5273,750.0743,0.412,A
84,sn1/user-timeline-service,1523.3,519.99,251.42,0.0,0,9961,2346.7771,15.2143,750.0743,4.0,A
85,hotel/consul,14.69,29.3,201.48,0.0,0,4243,1015.629,1.2515,755.075,0.0417,A
85,hotel/frontend,9719.63,120.98,1119.14,0.0,0,850324,203538.4606,176.2696,755.075,26.9,A
85,hotel/geo,1184.29,30.8,1119.06,0.0,0,4009,959.6174,21.4776,755.075,3.34,A
85,hotel/jaeger,0.17,14.79,81.01,0.0,0,0,284.8009,1.2515,1.3303,0.0,A
85,hotel/memcached-profile,143.8,7.72,79.25,0.0,0,1670,399.7408,2.6079,755.075,0.417,A
85,hotel/memcached-rate,112.88,7.6,79.25,0.0,0,1552,371.4957,2.0471,755.075,0.334,A
85,hotel/memcached-reserve,169.09,7.25,79.25,0.0,0,1233,295.138,3.0665,755.075,0.459,A
85,hotel/mongodb-geo,8.18,62.88,400.43,0.0547,4,110,284.8009,1.2515,1.3303,0.0209,A
85,hotel/mongodb-profile,7.69,63.93,400.43,0.0312,2,50,284.8009,1.2515,1.3303,0.0209,A
85,hotel/mongodb-rate,6.97,64.7,400.43,0.0,0,59,284.8009,1.2515,1.3303,0.0417,A
85,hotel/mongodb-recommendation,7.88,62.7,400.43,0.0312,2,68,284.8009,1.2515,1.3303,0.0209,A
85,hotel/mongodb-reservation,9.97,252.03,400.43,0.1172,26,1528,365.7509,1.2515,1.3303,0.0417,A
85,hotel/mongodb-user,8.32,63.04,400.43,0.0312,2,89,284.8009,1.2515,1.3303,0.0417,A
85,hotel/profile,3305.72,48.21,1119.06,0.0,0,60209,14411.9738,59.9506,755.075,8.65,A
85,hotel/rate,1572.02,38.48,1119.14,0.0,0,4684,1121.1893,28.5093,755.075,4.57,A
85,hotel/recommendation,729.2,27.56,1119.06,0.0,0,2942,704.2141,13.2244,755.075,2.15,A
85,hotel/reservation,3743.07,73.9,1119.06,0.0,0,134134,32107.0884,67.8822,755.075,9.47,A
85,hotel/search,2959.0,37.02,1119.06,0.0,0,12295,2943.0022,53.6627,755.075,8.55,A
85,hotel/user,50.96,20.27,1119.06,0.0,0,1806,432.2946,1.2515,755.075,0.125,A
85,sa1/customer-feedback,19700.26,10156.27,13293.62,0.0,0,16248,3889.2151,357.2726,755.075,56.4,A
85,sn1/compose-post-service,1289.08,86.01,251.42,0.0,0,6888,1648.7514,23.378,755.075,3.71,A
85,sn1/home-timeline-redis,295.87,2554.39,952.74,0.0,0,1321,316.2022,5.3657,755.075,0.792,A
85,sn1/home-timeline-service,1613.72,112.06,251.42,0.0,0,5670,1357.2039,29.2655,755.075,4.46,A
85,sn1/jaeger,61.87,5095.09,75.0,0.0,0,1670,399.7408,1.2515,755.075,0.229,A
85,sn1/media-frontend,0.0,2027.57,648.43,0.0,0,0,284.8009,1.2515,1.3303,0.0,A
85,sn1/media-memcached,0.13,4.63,75.33,0.0,0,0,284.8009,1.2515,1.3303,0.0,A
85,sn1/media-mongodb,9.52,73.92,703.91,0.0273,4,146,284.8009,1.2515,1.3303,0.0417,A
85,sn1/media-service,69.95,4.86,251.42,0.0,0,665,284.8009,1.2686,755.075,0.188,A
85,sn1/nginx-thrift,24069.91,42499.59,620.32,17.543,156,9217,2206.2343,436.5181,755.075,66.5,A
85,sn1/post-storage-memcached,1772.58,70.63,75.33,0.0,0,5609,1342.6026,32.1465,755.075,4.94,A
85,sn1/post-storage-mongodb,911.49,8188.0,4129.87,8.8945,136,906,284.8009,16.5303,755.075,2.61,A
85,sn1/post-storage-service,7475.2,99.63,251.42,0.0,0,12318,2948.5076,135.5659,755.075,20.9,A
85,sn1/social-graph-mongodb,9.37,728.25,756.91,0.0234,2,210,284.8009,1.2515,1.3303,0.0209,A
85,sn1/social-graph-redis,2.04,20.04,103.57,0.0,0,962,284.8009,1.2515,1.3303,0.0,A
85,sn1/social-graph-service,0.0,31.3,251.42,0.0,0,0,284.8009,1.2515,1.3303,0.0,A
85,sn1/text-service,1346.37,82.78,251.42,0.0,0,6869,1644.2035,24.417,755.075,3.94,A
85,sn1/unique-id-service,72.12,4.64,251.42,0.0,0,717,284.8009,1.3079,755.075,0.229,A
85,sn1/url-shorten-memcached,0.17,4.63,75.33,0.0,0,0,284.8009,1.2515,1.3303,0.0,A
85,sn1/url-shorten-mongodb,277.48,107.57,702.74,0.0,0,1230,294.4199,5.0322,755.075,0.938,A
85,sn1/url-shorten-service,1135.43,76.11,251.42,0.0,0,6429,1538.8825,20.5915,755.075,3.54,A
85,sn1/user-memcached,144.71,6.6,75.33,0.0,0,2298,550.0625,2.6244,755.075,0.396,A
85,sn1/user-mention-service,223.2,6.75,251.42,0.0,0,995,284.8009,4.0478,755.075,0.626,A
85,sn1/user-mongodb,8.77,97.05,704.67,0.0234,2,73,284.8009,1.2515,1.3303,0.0209,A
85,sn1/user-service,65.59,17.98,251.42,0.0,0,804,284.8009,1.2515,755.075,0.188,A
85,sn1/user-timeline-mongodb,15.43,106.85,702.94,0.0273,4,415,284.8009,1.2515,755.075,0.0417,A
85,sn1/user-timeline-redis,149.61,95.62,136.86,0.0,0,1450,347.0804,2.7132,755.075,0.438,A
85,sn1/user-timeline-service,1477.93,519.92,251.42,0.0,0,7782,1862.7444,26.8029,755.075,4.11,A
86,hotel/consul,15.69,29.3,201.48,0.0,0,2543,619.3943,1.2515,741.0399,0.0405,A
86,hotel/frontend,9989.03,125.79,1119.14,0.0,0,782977,190708.4062,154.3942,741.0399,26.4,A
86,hotel/geo,1284.69,31.22,1119.06,0.0,0,3368,820.3382,19.8566,741.0399,3.04,A
86,hotel/jaeger,0.22,14.79,81.01,0.0,0,0,284.8009,1.2515,1.3303,0.0,A
86,hotel/memcached-profile,150.62,7.72,79.25,0.0,0,2288,557.2844,2.328,741.0399,0.385,A
86,hotel/memcached-rate,118.22,7.62,79.25,0.0,0,2063,502.4815,1.8273,741.0399,0.304,A
86,hotel/memcached-reserve,181.38,7.23,79.25,0.0,0,1822,443.7815,2.8035,741.0399,0.487,A
86,hotel/mongodb-geo,7.08,62.88,400.43,0.0,0,353,284.8009,1.2515,1.3303,0.0405,A
86,hotel/mongodb-profile,7.03,63.93,400.43,0.0,0,205,284.8009,1.2515,1.3303,0.0203,A
86,hotel/mongodb-rate,7.65,64.71,400.43,0.0273,2,97,284.8009,1.2515,1.3303,0.0405,A
86,hotel/mongodb-recommendation,6.93,62.7,400.43,0.0,0,1075,284.8009,1.2515,1.3303,0.0203,A
86,hotel/mongodb-reservation,10.24,252.04,400.43,0.0781,40,1882,458.3956,1.2515,741.0399,0.0608,A
86,hotel/mongodb-user,7.26,63.04,400.43,0.0,0,1112,284.8009,1.2515,1.3303,0.0405,A
86,hotel/profile,3596.94,49.29,1119.06,0.0,0,52886,12881.3551,55.5957,741.0399,9.35,A
86,hotel/rate,1428.16,40.18,1119.14,0.0,0,3736,909.9713,22.0742,741.0399,3.51,A
86,hotel/recommendation,827.99,25.85,1119.06,0.0,0,2291,558.0151,12.7977,741.0399,2.07,A
86,hotel/reservation,3519.76,65.24,1119.06,0.0,0,175631,42778.1507,54.4027,741.0399,9.06,A
86,hotel/search,2899.53,34.18,1119.06,0.0,0,15535,3783.8341,44.8162,741.0399,6.97,A
86,hotel/user,51.0,20.47,1119.06,0.0,0,1579,384.5944,1.2515,741.0399,0.162,A
86,sa1/customer-feedback,15507.83,10158.5,13293.62,0.0,0,6241,1520.11,239.6948,741.0399,47.5,A
86,sn1/compose-post-service,1387.04,80.56,251.42,0.0,0,6721,1637.0228,21.4386,741.0399,3.67,A
86,sn1/home-timeline-redis,289.69,2554.52,952.74,0.0,0,1490,362.9168,4.4776,741.0399,0.791,A
86,sn1/home-timeline-service,1627.61,108.74,251.42,0.0,0,5757,1402.2229,25.1569,741.0399,4.28,A
86,sn1/jaeger,14.74,5095.09,75.0,0.0,0,575,284.8009,1.2515,741.0399,0.0811,A
86,sn1/media-frontend,0.0,2027.57,648.43,0.0,0,0,284.8009,1.2515,1.3303,0.0,A
86,sn1/media-memcached,0.14,4.63,75.33,0.0,0,0,284.8009,1.2515,1.3303,0.0203,A
86,sn1/media-mongodb,7.98,73.92,703.91,0.0,0,46,284.8009,1.2515,1.3303,0.0405,A
86,sn1/media-service,75.35,4.86,251.42,0.0,0,812,284.8009,1.2515,741.0399,0.203,A
86,sn1/nginx-thrift,24095.56,42504.37,620.32,18.1484,168,9923,2416.9286,372.43,741.0399,64.4,A
86,sn1/post-storage-memcached,1812.55,70.58,75.33,0.0,0,5867,1429.0154,28.0155,741.0399,4.78,A
86,sn1/post-storage-mongodb,936.85,8188.02,4129.87,0.0,0,1070,284.8009,14.4803,741.0399,2.51,A
86,sn1/post-storage-service,7617.69,101.47,251.42,0.0,0,12818,3122.059,117.7419,741.0399,20.2,A
86,sn1/social-graph-mongodb,9.93,728.25,756.91,0.0039,2,199,284.8009,1.2515,1.3303,0.0203,A
86,sn1/social-graph-redis,2.3,20.04,103.57,0.0,0,346,284.8009,1.2515,1.3303,0.0,A
86,sn1/social-graph-service,0.04,31.3,251.42,0.0,0,0,284.8009,1.2515,1.3303,0.0,A
86,sn1/text-service,1463.61,69.56,251.42,0.0,0,6559,1597.5647,22.6221,741.0399,3.95,A
86,sn1/unique-id-service,76.9,4.64,251.42,0.0,0,768,284.8009,1.2515,741.0399,0.223,A
86,sn1/url-shorten-memcached,0.14,4.63,75.33,0.0,0,0,284.8009,1.2515,1.3303,0.0,A
86,sn1/url-shorten-mongodb,364.8,108.29,702.74,0.0156,2,1416,344.8928,5.6385,741.0399,1.09,A
86,sn1/url-shorten-service,1342.69,67.7,251.42,0.0,0,6123,1491.3689,20.7531,741.0399,3.69,A
86,sn1/user-memcached,154.89,6.6,75.33,0.0,0,2442,594.7939,2.394,741.0399,0.365,A
86,sn1/user-mention-service,232.61,6.87,251.42,0.0,0,1254,305.4347,3.5953,741.0399,0.588,A
86,sn1/user-mongodb,8.74,97.06,704.67,0.0039,2,50,284.8009,1.2515,1.3303,0.0405,A
86,sn1/user-service,70.85,18.02,251.42,0.0,0,772,284.8009,1.2515,741.0399,0.162,A
86,sn1/user-timeline-mongodb,14.92,106.85,702.94,0.0,0,508,284.8009,1.2515,741.0399,0.0405,A
86,sn1/user-timeline-redis,151.86,95.87,136.86,0.0,0,836,284.8009,2.3472,741.0399,0.405,A
86,sn1/user-timeline-service,1505.06,518.82,251.42,0.0,0,7955,1937.5861,23.2628,741.0399,3.97,A
87,hotel/consul,14.27,29.3,201.48,0.0,0,4648,1157.711,1.2515,739.3318,0.0403,A
87,hotel/frontend,9986.65,119.01,1119.14,0.0,0,897195,223470.8454,128.3894,739.3318,26.3,A
87,hotel/geo,1200.64,29.05,1119.06,0.0,0,3046,758.6892,15.4356,739.3318,2.94,A
87,hotel/jaeger,0.2,14.79,81.01,0.0,0,0,284.8009,1.2515,1.3303,0.0,A
87,hotel/memcached-profile,140.98,7.72,79.25,0.0,0,1308,325.793,1.8125,739.3318,0.363,A
87,hotel/memcached-rate,113.71,7.61,79.25,0.0,0,3218,801.5305,1.4619,739.3318,0.282,A
87,hotel/memcached-reserve,170.45,7.22,79.25,0.0,0,1417,352.9424,2.1913,739.3318,0.464,A
87,hotel/mongodb-geo,7.77,62.88,400.43,0.0312,2,183,284.8009,1.2515,1.3303,0.0403,A
87,hotel/mongodb-profile,7.54,63.93,400.43,0.043,4,451,284.8009,1.2515,1.3303,0.0403,A
87,hotel/mongodb-rate,6.8,64.71,400.43,0.0,0,164,284.8009,1.2515,1.3303,0.0202,A
87,hotel/mongodb-recommendation,7.67,62.7,400.43,0.0312,2,2849,709.621,1.2515,1.3303,0.0,A
87,hotel/mongodb-reservation,11.33,252.05,400.43,0.1406,42,591,284.8009,1.2515,739.3318,0.0403,A
87,hotel/mongodb-user,8.65,63.04,400.43,0.043,4,233,284.8009,1.2515,1.3303,0.0403,A
87,hotel/profile,3139.09,43.24,1119.06,0.0,0,32129,8002.6023,40.3565,739.3318,7.91,A
87,hotel/rate,1564.05,39.74,1119.14,0.0,0,4462,1111.3826,20.1076,739.3318,3.99,A
87,hotel/recommendation,781.06,26.61,1119.06,0.0,0,2472,615.7189,10.0414,739.3318,2.2,A
87,hotel/reservation,3574.72,67.06,1119.06,0.0,0,129332,32213.6563,45.957,739.3318,8.25,A
87,hotel/search,2884.72,37.69,1119.06,0.0,0,14886,3707.7636,37.0863,739.3318,7.54,A
87,hotel/user,48.88,20.82,1119.06,0.0,0,1918,477.7301,1.2515,739.3318,0.161,A
87,sa1/customer-feedback,17926.22,10159.41,13293.62,0.0,0,9270,2308.9459,230.4613,739.3318,21.7,A
87,sn1/compose-post-service,1377.83,80.64,251.42,0.0,0,7016,1747.5258,17.7135,739.3318,3.89,A
87,sn1/home-timeline-redis,284.54,2554.16,952.74,0.0,0,1579,393.2929,3.6581,739.3318,0.766,A
87,sn1/home-timeline-service,1613.49,112.99,251.42,0.0,0,6327,1575.9116,20.7432,739.3318,4.34,A
87,sn1/jaeger,68.56,5095.11,75.0,0.0,0,10004,2491.7686,1.2515,739.3318,0.262,A
87,sn1/media-frontend,0.0,2027.57,648.43,0.0,0,0,284.8009,1.2515,1.3303,0.0,A
87,sn1/media-memcached,0.16,4.63,75.33,0.0,0,0,284.8009,1.2515,1.3303,0.0,A
87,sn1/media-mongodb,9.01,73.52,703.91,0.0234,2,84,284.8009,1.2515,1.3303,0.0403,A
87,sn1/media-service,75.36,4.86,251.42,0.0,0,692,284.8009,1.2515,739.3318,0.222,A
87,sn1/nginx-thrift,24056.87,42515.65,620.32,17.9258,164,10678,2659.6467,309.2776,739.3318,63.7,A
87,sn1/post-storage-memcached,1796.53,70.4,75.33,0.0,0,5987,1491.2254,23.0964,739.3318,4.82,A
87,sn1/post-storage-mongodb,939.2,8187.97,4129.87,0.0312,2,1217,303.127,12.0745,739.3318,2.54,A
87,sn1/post-storage-service,7568.26,99.48,251.42,0.0,0,13830,3444.7381,97.2983,739.3318,20.2,A
87,sn1/social-graph-mongodb,9.12,728.25,756.91,0.0234,2,118,284.8009,1.2515,1.3303,0.0403,A
87,sn1/social-graph-redis,2.69,20.04,103.57,0.0,0,130,284.8009,1.2515,1.3303,0.0202,A
87,sn1/social-graph-service,0.0,31.3,251.42,0.0,0,0,284.8009,1.2515,1.3303,0.0,A
87,sn1/text-service,1456.68,70.35,251.42,0.0,0,6938,1728.0978,18.7272,739.3318,4.22,A
87,sn1/unique-id-service,77.17,4.64,251.42,0.0,0,550,284.8009,1.2515,739.3318,0.222,A
87,sn1/url-shorten-memcached,0.14,4.63,75.33,0.0,0,0,284.8009,1.2515,1.3303,0.0,A
87,sn1/url-shorten-mongodb,364.38,107.61,702.74,0.0,0,1284,319.8152,4.6845,739.3318,1.13,A
87,sn1/url-shorten-service,1378.2,68.45,251.42,0.0,0,6717,1673.0518,17.7183,739.3318,4.24,A
87,sn1/user-memcached,154.33,6.61,75.33,0.0,0,2951,735.0269,1.9841,739.3318,0.424,A
87,sn1/user-mention-service,241.49,6.88,251.42,0.0,0,1177,293.1639,3.1046,739.3318,0.666,A
87,sn1/user-mongodb,8.96,97.06,704.67,0.0234,2,351,284.8009,1.2515,1.3303,0.0202,A
87,sn1/user-service,70.06,18.02,251.42,0.0,0,1059,284.8009,1.2515,739.3318,0.182,A
87,sn1/user-timeline-mongodb,15.49,106.85,702.94,0.0234,2,1499,373.3668,1.2515,739.3318,0.0605,A
87,sn1/user-timeline-redis,151.92,95.89,136.86,0.0,0,1460,363.6528,1.9531,739.3318,0.424,A
87,sn1/user-timeline-service,1513.06,519.75,251.42,0.0,0,8334,2075.8096,19.4521,739.3318,3.99,A
88,hotel/consul,15.26,29.3,201.48,0.0,0,2753,623.4943,1.2515,774.3601,0.0194,A
88,hotel/frontend,9764.91,123.22,1119.14,0.0,0,687272,155652.0757,91.4334,774.3601,24.5,A
88,hotel/geo,1321.86,30.75,1119.06,0.0,0,3643,825.0598,12.3772,774.3601,3.59,A
88,hotel/jaeger,0.19,14.79,81.01,0.0,0,0,284.8009,1.2515,1.3303,0.0,A
88,hotel/memcached-profile,152.52,7.7,79.25,0.0,0,3437,778.4053,1.4281,774.3601,0.427,A
88,hotel/memcached-rate,128.24,7.88,79.25,0.0,0,2224,503.6874,1.2515,774.3601,0.33,A
88,hotel/memcached-reserve,182.93,7.21,79.25,0.0,0,1819,411.9637,1.7129,774.3601,0.505,A
88,hotel/mongodb-geo,6.9,62.88,400.43,0.0,0,77,284.8009,1.2515,1.3303,0.0194,A
88,hotel/mongodb-profile,7.23,63.93,400.43,0.0,0,24,284.8009,1.2515,1.3303,0.0194,A
88,hotel/mongodb-rate,8.22,64.71,400.43,0.1055,16,72,284.8009,1.2515,1.3303,0.0194,A
88,hotel/mongodb-recommendation,7.06,62.7,400.43,0.0,0,35,284.8009,1.2515,1.3303,0.0389,A
88,hotel/mongodb-reservation,9.19,252.06,400.43,0.0469,24,62,284.8009,1.2515,1.3303,0.0389,A
88,hotel/mongodb-user,7.64,63.04,400.43,0.0,0,42,284.8009,1.2515,1.3303,0.0194,A
88,hotel/profile,3458.67,50.82,1119.06,0.0,0,64603,14631.1665,32.3851,774.3601,8.88,A
88,hotel/rate,1687.16,40.6,1119.14,0.0,0,4598,1041.3464,15.7977,774.3601,4.0,A
88,hotel/recommendation,850.58,28.21,1119.06,0.0,0,3325,753.0398,7.9644,774.3601,2.16,A
88,hotel/reservation,3760.57,65.55,1119.06,0.0,0,203787,46153.2982,35.2119,774.3601,9.27,A
88,hotel/search,3052.48,40.41,1119.06,0.0,0,13529,3064.0226,28.5818,774.3601,7.62,A
88,hotel/user,56.84,20.67,1119.06,0.0,0,1347,305.066,1.2515,774.3601,0.136,A
88,sa1/customer-feedback,20456.11,10160.25,13293.62,4.0625,40,10215,2313.4741,191.54,774.3601,56.8,A
88,sn1/compose-post-service,1355.29,78.36,251.42,0.0,0,7329,1659.8582,12.6902,774.3601,3.5,A
88,sn1/home-timeline-redis,294.46,2554.4,952.74,0.0,0,1651,373.9154,2.7572,774.3601,0.719,A
88,sn1/home-timeline-service,1620.95,110.67,251.42,0.0,0,6686,1514.2328,15.1777,774.3601,4.14,A
88,sn1/jaeger,13.49,5095.11,75.0,0.0,0,2334,528.5999,1.2515,774.3601,0.0583,A
88,sn1/media-frontend,0.0,2027.57,648.43,0.0,0,0,284.8009,1.2515,1.3303,0.0,A
88,sn1/media-memcached,0.15,4.63,75.33,0.0,0,0,284.8009,1.2515,1.3303,0.0,A
88,sn1/media-mongodb,7.94,73.52,703.91,0.0,0,82,284.8009,1.2515,1.3303,0.0194,A
88,sn1/media-service,74.32,4.8,251.42,0.0,0,1082,284.8009,1.2515,774.3601,0.175,A
88,sn1/nginx-thrift,24146.46,42529.23,620.32,17.4805,164,11446,2592.2686,226.0944,774.3601,62.4,A
88,sn1/post-storage-memcached,1784.38,70.68,75.33,0.0,0,5949,1347.3184,16.708,774.3601,4.59,A
88,sn1/post-storage-mongodb,928.76,8187.79,4129.87,0.0078,4,1152,284.8009,8.6964,774.3601,2.37,A
88,sn1/post-storage-service,7576.37,100.68,251.42,0.0,0,14416,3264.9087,70.941,774.3601,19.4,A
88,sn1/social-graph-mongodb,8.23,728.25,756.91,0.0,0,45,284.8009,1.2515,1.3303,0.0194,A
88,sn1/social-graph-redis,2.58,20.04,103.57,0.0,0,200,284.8009,1.2515,1.3303,0.0,A
88,sn1/social-graph-service,0.04,31.3,251.42,0.0,0,0,284.8009,1.2515,1.3303,0.0,A
88,sn1/text-service,1432.19,69.27,251.42,0.0,0,6784,1536.4276,13.4103,774.3601,3.73,A
88,sn1/unique-id-service,74.76,4.61,251.42,0.0,0,764,284.8009,1.2515,774.3601,0.194,A
88,sn1/url-shorten-memcached,0.14,4.63,75.33,0.0,0,0,284.8009,1.2515,1.3303,0.0,A
88,sn1/url-shorten-mongodb,339.27,108.33,702.74,0.0195,2,1739,393.8455,3.1767,774.3601,1.05,A
88,sn1/url-shorten-service,1306.11,67.09,251.42,0.0,0,7642,1730.7459,12.2297,774.3601,3.65,A
88,sn1/user-memcached,157.67,6.35,75.33,0.0,0,2313,523.8439,1.4763,774.3601,0.389,A
88,sn1/user-mention-service,240.79,6.89,251.42,0.0,0,924,284.8009,2.2546,774.3601,0.602,A
88,sn1/user-mongodb,7.68,97.06,704.67,0.0,0,172,284.8009,1.2515,1.3303,0.0,A
88,sn1/user-service,69.39,18.02,251.42,0.0,0,650,284.8009,1.2515,774.3601,0.175,A
88,sn1/user-timeline-mongodb,15.06,106.85,702.94,0.0,0,472,284.8009,1.2515,774.3601,0.0583,A
88,sn1/user-timeline-redis,152.18,96.14,136.86,0.0,0,1042,284.8009,1.4249,774.3601,0.408,A
88,sn1/user-timeline-service,1493.46,520.73,251.42,0.0,0,8608,1949.5237,13.984,774.3601,3.73,A
89,hotel/consul,16.99,27.49,201.48,0.0,0,1868,446.3899,1.2515,722.6501,0.0444,A
89,hotel/frontend,9809.38,108.44,1119.14,0.0,0,707546,169079.9654,129.4009,722.6501,26.5,A
89,hotel/geo,1263.56,28.37,1119.06,0.0,0,3250,776.6419,16.6683,722.6501,3.39,A
89,hotel/jaeger,0.25,14.79,81.01,0.0,0,0,284.8009,1.2515,1.3303,0.0,A
89,hotel/memcached-profile,142.95,7.74,79.25,0.0,0,1471,351.5201,1.8857,722.6501,0.355,A
89,hotel/memcached-rate,114.24,7.61,79.25,0.0,0,4015,959.4515,1.507,722.6501,0.281,A
89,hotel/memcached-reserve,172.09,7.25,79.25,0.0,0,1452,346.9797,2.2701,722.6501,0.444,A
89,hotel/mongodb-geo,8.05,63.13,400.43,0.0,0,3282,784.2889,1.2515,1.3303,0.0148,A
89,hotel/mongodb-profile,7.83,63.94,400.43,0.0,0,1039,284.8009,1.2515,1.3303,0.0296,A
89,hotel/mongodb-rate,6.83,64.71,400.43,0.0,0,48,284.8009,1.2515,1.3303,0.0148,A
89,hotel/mongodb-recommendation,8.06,62.69,400.43,0.0,0,39,284.8009,1.2515,1.3303,0.0296,A
89,hotel/mongodb-reservation,11.03,252.06,400.43,0.1211,42,156,284.8009,1.2515,722.6501,0.0296,A
89,hotel/mongodb-user,8.25,63.04,400.43,0.0,0,4072,973.0726,1.2515,1.3303,0.0148,A
89,hotel/profile,3423.38,41.86,1119.06,0.0,0,58859,14065.3437,45.1597,722.6501,8.74,A
89,hotel/rate,1595.75,40.03,1119.14,0.0,0,5307,1268.1965,21.0504,722.6501,4.15,A
89,hotel/recommendation,814.78,26.57,1119.06,0.0,0,2562,612.2328,10.7482,722.6501,2.07,A
89,hotel/reservation,3588.38,62.0,1119.06,0.0,0,127100,30372.6734,47.3363,722.6501,9.74,A
89,hotel/search,2908.64,34.59,1119.06,0.0,0,15003,3585.2181,38.3695,722.6501,7.97,A
89,hotel/user,50.25,20.94,1119.06,0.0,0,2116,505.6536,1.2515,722.6501,0.133,A
89,sa1/customer-feedback,19337.88,10161.93,13293.62,0.0,0,9248,2209.9645,255.0966,722.6501,32.4,A
89,sn1/compose-post-service,1333.82,75.95,251.42,0.0,0,7413,1771.4605,17.5952,722.6501,3.58,A
89,sn1/home-timeline-redis,297.9,2554.65,952.74,0.0,0,1511,361.0788,3.9298,722.6501,0.77,A
89,sn1/home-timeline-service,1630.48,110.01,251.42,0.0,0,7525,1798.2248,21.5086,722.6501,4.41,A
89,sn1/jaeger,65.7,5095.11,75.0,0.0,0,607,284.8009,1.2515,722.6501,0.444,A
89,sn1/media-frontend,0.0,2027.57,648.43,0.0,0,0,284.8009,1.2515,1.3303,0.0,A
89,sn1/media-memcached,0.2,4.63,75.33,0.0,0,1690,403.8538,1.2515,1.3303,0.0,A
89,sn1/media-mongodb,8.87,73.52,703.91,0.0234,2,534,284.8009,1.2515,1.3303,0.0296,A
89,sn1/media-service,73.64,4.8,251.42,0.0,0,831,284.8009,1.2515,722.6501,0.207,A
89,sn1/nginx-thrift,24359.5,42530.62,620.32,17.8711,160,10895,2603.5427,321.3395,722.6501,65.5,A
89,sn1/post-storage-memcached,1807.12,70.62,75.33,0.0,0,6717,1605.1396,23.8387,722.6501,4.84,A
89,sn1/post-storage-mongodb,936.21,8188.32,4129.87,0.0312,2,1049,284.8009,12.3501,722.6501,2.52,A
89,sn1/post-storage-service,7611.01,96.14,251.42,0.0,0,14696,3511.8553,100.401,722.6501,20.4,A
89,sn1/social-graph-mongodb,9.36,728.25,756.91,0.0234,2,86,284.8009,1.2515,1.3303,0.0296,A
89,sn1/social-graph-redis,2.47,20.04,103.57,0.0,0,271,284.8009,1.2515,1.3303,0.0,A
89,sn1/social-graph-service,0.0,31.3,251.42,0.0,0,0,284.8009,1.2515,1.3303,0.0,A
89,sn1/text-service,1401.9,64.24,251.42,0.0,0,7989,1909.1053,18.4932,722.6501,3.9,A
89,sn1/unique-id-service,73.79,4.61,251.42,0.0,0,787,284.8009,1.2515,722.6501,0.207,A
89,sn1/url-shorten-memcached,0.14,4.63,75.33,0.0,0,0,284.8009,1.2515,1.3303,0.0,A
89,sn1/url-shorten-mongodb,318.22,107.96,702.74,0.0938,10,2185,522.1423,4.1978,722.6501,0.903,A
89,sn1/url-shorten-service,1244.38,65.51,251.42,0.0,0,7775,1857.9665,16.4153,722.6501,3.48,A
89,sn1/user-memcached,150.7,6.59,75.33,0.0,0,4525,1081.3245,1.988,722.6501,0.415,A
89,sn1/user-mention-service,238.28,6.91,251.42,0.0,0,1381,330.0131,3.1433,722.6501,0.652,A
89,sn1/user-mongodb,9.2,97.31,704.67,0.0234,2,1848,441.6105,1.2515,1.3303,0.0148,A
89,sn1/user-service,68.98,18.02,251.42,0.0,0,966,284.8009,1.2515,722.6501,0.193,A
89,sn1/user-timeline-mongodb,15.99,106.85,702.94,0.0273,4,1182,284.8009,1.2515,722.6501,0.0296,A
89,sn1/user-timeline-redis,150.6,95.66,136.86,0.0,0,1859,444.2392,1.9866,722.6501,0.385,A
89,sn1/user-timeline-service,1506.6,517.75,251.42,0.0,0,8811,2105.536,19.8744,722.6501,3.97,A
90,hotel/consul,14.15,27.49,201.48,0.0,0,5424,1177.2794,1.2515,748.1242,0.0183,A
90,hotel/frontend,9948.63,117.24,1119.14,0.0,0,727586,157922.5726,114.9029,748.1242,23.6,A
90,hotel/geo,1277.08,29.6,1119.06,0.0,0,4028,874.2776,14.7498,748.1242,3.53,A
90,hotel/jaeger,0.21,14.79,81.01,0.0,0,0,284.8009,1.2515,1.3303,0.0,A
90,hotel/memcached-profile,143.08,7.68,79.25,0.0,0,2467,535.4625,1.6525,748.1242,0.402,A
90,hotel/memcached-rate,101.11,7.62,79.25,0.0,0,3780,820.4492,1.2515,748.1242,0.274,A
90,hotel/memcached-reserve,174.47,7.23,79.25,0.0,0,1865,404.7983,2.0151,748.1242,0.439,A
90,hotel/mongodb-geo,7.37,62.88,400.43,0.0469,10,211,284.8009,1.2515,1.3303,0.0183,A
90,hotel/mongodb-profile,7.48,63.94,400.43,0.0508,12,480,284.8009,1.2515,1.3303,0.0365,A
90,hotel/mongodb-rate,7.65,64.71,400.43,0.0273,2,37,284.8009,1.2515,1.3303,0.0365,A
90,hotel/mongodb-recommendation,7.54,62.69,400.43,0.0469,10,929,284.8009,1.2515,1.3303,0.0183,A
90,hotel/mongodb-reservation,11.72,252.09,400.43,0.5781,108,741,284.8009,1.2515,748.1242,0.0365,A
90,hotel/mongodb-user,7.69,63.05,400.43,0.0781,14,364,284.8009,1.2515,1.3303,0.0183,A
90,hotel/profile,3260.1,50.93,1119.06,0.0,0,40323,8752.1089,37.6529,748.1242,8.39,A
90,hotel/rate,1384.82,39.58,1119.14,0.0,0,4929,1069.8397,15.9941,748.1242,3.84,A
90,hotel/recommendation,828.84,27.43,1119.06,0.0,0,3005,652.2354,9.5728,748.1242,2.23,A
90,hotel/reservation,3719.11,66.31,1119.06,0.0,0,268195,58211.7363,42.9543,748.1242,8.82,A
90,hotel/search,3129.27,33.45,1119.06,0.0,0,18252,3961.5974,36.1419,748.1242,7.87,A
90,hotel/user,51.69,20.02,1119.06,0.0,0,1524,330.7843,1.2515,748.1242,0.146,A
90,sa1/customer-feedback,23528.56,10160.62,13293.62,0.0,0,16613,3605.8524,271.746,748.1242,63.9,A
90,sn1/compose-post-service,1352.25,76.71,251.42,0.0,0,7253,1574.264,15.618,748.1242,3.34,A
90,sn1/home-timeline-redis,308.41,2554.76,952.74,0.0,0,1944,421.9453,3.562,748.1242,0.84,A
90,sn1/home-timeline-service,1631.93,111.62,251.42,0.0,0,7100,1541.0553,18.8482,748.1242,4.02,A
90,sn1/jaeger,13.88,5095.12,75.0,0.0,0,723,284.8009,1.2515,748.1242,0.0731,A
90,sn1/media-frontend,0.0,2027.57,648.43,0.0,0,0,284.8009,1.2515,1.3303,0.0,A
90,sn1/media-memcached,0.14,4.63,75.33,0.0,0,0,284.8009,1.2515,1.3303,0.0,A
90,sn1/media-mongodb,7.71,73.52,703.91,0.0,0,599,284.8009,1.2515,1.3303,0.0183,A
90,sn1/media-service,71.06,4.7,251.42,0.0,0,1165,284.8009,1.2515,748.1242,0.201,A
90,sn1/nginx-thrift,24265.64,42544.44,620.32,17.7031,160,12006,2605.9028,280.259,748.1242,59.1,A
90,sn1/post-storage-memcached,1776.25,70.04,75.33,0.0,0,6296,1366.5471,20.515,748.1242,4.4,A
90,sn1/post-storage-mongodb,925.54,8188.17,4129.87,0.0039,2,1387,301.0484,10.6896,748.1242,2.32,A
90,sn1/post-storage-service,7535.98,101.73,251.42,0.0,0,15781,3425.2667,87.0377,748.1242,18.7,A
90,sn1/social-graph-mongodb,8.12,728.25,756.91,0.0,0,1562,339.0322,1.2515,1.3303,0.0365,A
90,sn1/social-graph-redis,2.24,20.04,103.57,0.0,0,132,284.8009,1.2515,1.3303,0.0183,A
90,sn1/social-graph-service,0.04,31.3,251.42,0.0,0,0,284.8009,1.2515,1.3303,0.0,A
90,sn1/text-service,1435.02,67.05,251.42,0.0,0,7245,1572.5276,16.5739,748.1242,3.58,A
90,sn1/unique-id-service,73.9,4.64,251.42,0.0,0,695,284.8009,1.2515,748.1242,0.183,A
90,sn1/url-shorten-memcached,0.15,4.63,75.33,0.0,0,0,284.8009,1.2515,1.3303,0.0,A
90,sn1/url-shorten-mongodb,305.52,108.53,702.74,0.0234,4,1946,422.3794,3.5286,748.1242,0.84,A
90,sn1/url-shorten-service,1202.74,64.3,251.42,0.0,0,7451,1617.2399,13.8912,748.1242,3.09,A
90,sn1/user-memcached,149.54,6.36,75.33,0.0,0,2904,630.3133,1.7271,748.1242,0.365,A
90,sn1/user-mention-service,236.53,6.9,251.42,0.0,0,951,284.8009,2.7318,748.1242,0.603,A
90,sn1/user-mongodb,7.83,97.06,704.67,0.0,0,82,284.8009,1.2515,1.3303,0.0365,A
90,sn1/user-service,68.94,18.02,251.42,0.0,0,1028,284.8009,1.2515,748.1242,0.164,A
90,sn1/user-timeline-mongodb,14.86,106.85,702.94,0.0,0,1041,284.8009,1.2515,748.1242,0.0548,A
90,sn1/user-timeline-redis,149.17,95.64,136.86,0.0,0,955,284.8009,1.7229,748.1242,0.347,A
90,sn1/user-timeline-service,1458.43,518.99,251.42,0.0,0,9036,1961.2642,16.8443,748.1242,3.49,A
91,hotel/consul,13.42,27.49,201.48,0.0,0,4527,1065.7923,1.2515,763.8827,0.0154,A
91,hotel/frontend,9863.94,130.93,1119.14,0.0,0,764969,180096.7635,93.6299,763.8827,20.2,A
91,hotel/geo,1214.45,27.93,1119.06,0.0,0,4065,957.0235,11.5277,763.8827,2.43,A
91,hotel/jaeger,0.19,14.79,81.01,0.0,0,0,284.8009,1.2515,1.3303,0.0,A
91,hotel/memcached-profile,142.56,7.73,79.25,0.0,0,2159,508.2937,1.3532,763.8827,0.293,A
91,hotel/memcached-rate,102.33,7.63,79.25,0.0,0,8148,1918.2848,1.2515,763.8827,0.2,A
91,hotel/memcached-reserve,175.9,7.22,79.25,0.0,0,1897,446.611,1.6697,763.8827,0.37,A
91,hotel/mongodb-geo,7.23,62.9,400.43,0.0,0,1367,321.833,1.2515,1.3303,0.0154,A
91,hotel/mongodb-profile,7.11,64.21,400.43,0.0,0,171,284.8009,1.2515,1.3303,0.0308,A
91,hotel/mongodb-rate,7.06,64.71,400.43,0.0,0,712,284.8009,1.2515,1.3303,0.0154,A
91,hotel/mongodb-recommendation,7.46,62.71,400.43,0.0,0,78,284.8009,1.2515,1.3303,0.0308,A
91,hotel/mongodb-reservation,9.24,252.11,400.43,0.0508,26,503,284.8009,1.2515,1.3303,0.0308,A
91,hotel/mongodb-user,7.44,63.07,400.43,0.0,0,1433,337.3714,1.2515,1.3303,0.0154,A
91,hotel/profile,3413.49,45.05,1119.06,0.0,0,42970,10116.4334,32.4013,763.8827,6.93,A
91,hotel/rate,1578.32,38.39,1119.14,0.0,0,6130,1443.1868,14.9816,763.8827,3.56,A
91,hotel/recommendation,816.68,28.21,1119.06,0.0,0,2795,658.0273,7.752,763.8827,1.68,A
91,hotel/reservation,3856.43,69.96,1119.06,0.0,0,191164,45005.7685,36.6058,763.8827,7.06,A
91,hotel/search,2839.87,31.88,1119.06,0.0,0,13846,3259.7658,26.9564,763.8827,5.78,A
91,hotel/user,48.11,20.55,1119.06,0.0,0,1478,347.9658,1.2515,763.8827,0.077,A
91,sa1/customer-feedback,20870.76,10157.29,13293.62,0.0,0,20983,4940.0308,198.1081,763.8827,88.9,A
91,sn1/compose-post-service,1341.45,78.31,251.42,0.0,0,6860,1615.0508,12.7332,763.8827,2.63,A
91,sn1/home-timeline-redis,283.71,2556.74,952.74,0.0,0,1973,464.5037,2.693,763.8827,0.57,A
91,sn1/home-timeline-service,1605.07,110.23,251.42,0.0,0,6750,1589.1535,15.2355,763.8827,3.22,A
91,sn1/jaeger,62.49,5095.14,75.0,0.0,0,1993,469.2123,1.2515,763.8827,0.2,A
91,sn1/media-frontend,0.0,2027.57,648.43,0.0,0,0,284.8009,1.2515,1.3303,0.0,A
91,sn1/media-memcached,0.14,4.63,75.33,0.0,0,0,284.8009,1.2515,1.3303,0.0,A
91,sn1/media-mongodb,8.9,73.52,703.91,0.0234,2,204,284.8009,1.2515,1.3303,0.0308,A
91,sn1/media-service,71.62,4.7,251.42,0.0,0,799,284.8009,1.2515,763.8827,0.139,A
91,sn1/nginx-thrift,24234.08,42552.3,620.32,17.4453,152,11068,2605.7409,230.0332,763.8827,49.3,A
91,sn1/post-storage-memcached,1801.74,70.36,75.33,0.0,0,6545,1540.8903,17.1024,763.8827,3.64,A
91,sn1/post-storage-mongodb,951.09,8188.21,4129.87,0.0469,4,995,284.8009,9.0279,763.8827,1.93,A
91,sn1/post-storage-service,7632.3,94.92,251.42,0.0,0,15263,3593.3703,72.4468,763.8827,15.5,A
91,sn1/social-graph-mongodb,9.2,728.25,756.91,0.0234,2,95,284.8009,1.2515,1.3303,0.0308,A
91,sn1/social-graph-redis,2.26,20.04,103.57,0.0,0,260,284.8009,1.2515,1.3303,0.0,A
91,sn1/social-graph-service,0.0,31.3,251.42,0.0,0,0,284.8009,1.2515,1.3303,0.0,A
91,sn1/text-service,1435.12,73.12,251.42,0.0,0,7052,1660.2534,13.6224,763.8827,2.85,A
91,sn1/unique-id-service,74.88,4.64,251.42,0.0,0,741,284.8009,1.2515,763.8827,0.154,A
91,sn1/url-shorten-memcached,0.18,4.63,75.33,0.0,0,0,284.8009,1.2515,1.3303,0.0,A
91,sn1/url-shorten-mongodb,314.4,108.46,702.74,0.0,0,1301,306.2946,2.9843,763.8827,0.632,A
91,sn1/url-shorten-service,1207.8,67.95,251.42,0.0,0,6870,1617.4051,11.4646,763.8827,2.48,A
91,sn1/user-memcached,155.06,6.34,75.33,0.0,0,2251,529.9533,1.4719,763.8827,0.277,A
91,sn1/user-mention-service,241.65,6.91,251.42,0.0,0,1257,295.9357,2.2938,763.8827,0.478,A
91,sn1/user-mongodb,9.11,97.31,704.67,0.0234,2,101,284.8009,1.2515,1.3303,0.0308,A
91,sn1/user-service,69.34,18.02,251.42,0.0,0,813,284.8009,1.2515,763.8827,0.123,A
91,sn1/user-timeline-mongodb,15.26,106.85,702.94,0.0234,2,466,284.8009,1.2515,763.8827,0.0462,A
91,sn1/user-timeline-redis,151.07,97.37,136.86,0.0,0,1918,451.555,1.434,763.8827,0.308,A
91,sn1/user-timeline-service,1525.29,519.12,251.42,0.0,0,8675,2042.3565,14.4783,763.8827,2.93,A
92,hotel/consul,14.67,27.49,201.48,0.0,0,5529,1264.4635,1.2515,743.0111,0.0376,A
92,hotel/frontend,9865.13,138.93,1119.14,0.0,0,773007,176784.0747,249.0104,743.0111,24.2,A
92,hotel/geo,1316.32,27.0,1119.06,0.0,0,3756,858.9844,33.2258,743.0111,2.87,A
92,hotel/jaeger,0.2,14.79,81.01,0.0,0,0,284.8009,1.2515,1.3303,0.0,A
92,hotel/memcached-profile,146.82,7.96,79.25,0.0,0,3255,744.4074,3.706,743.0111,0.357,A
92,hotel/memcached-rate,104.03,7.61,79.25,0.0,0,2561,585.692,2.6259,743.0111,0.244,A
92,hotel/memcached-reserve,182.8,7.21,79.25,0.0,0,1745,399.0756,4.6141,743.0111,0.451,A
92,hotel/mongodb-geo,7.29,62.9,400.43,0.0,0,506,284.8009,1.2515,1.3303,0.0188,A
92,hotel/mongodb-profile,7.36,63.96,400.43,0.0,0,56,284.8009,1.2515,1.3303,0.0188,A
92,hotel/mongodb-rate,8.11,64.71,400.43,0.0273,2,531,284.8009,1.2515,1.3303,0.0376,A
92,hotel/mongodb-recommendation,7.41,62.71,400.43,0.0,0,54,284.8009,1.2515,1.3303,0.0188,A
92,hotel/mongodb-reservation,9.44,252.11,400.43,0.0781,34,77,284.8009,1.2515,1.3303,0.0376,A
92,hotel/mongodb-user,7.34,63.07,400.43,0.0,0,37,284.8009,1.2515,1.3303,0.0188,A
92,hotel/profile,3477.56,49.47,1119.06,0.0,0,99930,22853.6515,87.7787,743.0111,8.79,A
92,hotel/rate,1465.26,46.02,1119.14,0.0,0,4530,1035.9956,36.9853,743.0111,3.51,A
92,hotel/recommendation,788.33,27.83,1119.06,0.0,0,2948,674.1976,19.8986,743.0111,1.71,A
92,hotel/reservation,3651.53,68.63,1119.06,0.0,0,106930,24454.5277,92.17,743.0111,8.73,A
92,hotel/search,3090.07,47.28,1119.06,0.0,0,15850,3624.8412,77.9979,743.0111,6.78,A
92,hotel/user,50.31,20.3,1119.06,0.0,0,2229,509.7647,1.2699,743.0111,0.113,A
92,sa1/customer-feedback,20367.78,10159.11,13293.62,0.0,0,11358,2597.536,514.1127,743.0111,52.9,A
92,sn1/compose-post-service,1382.58,78.46,251.42,0.0,0,6818,1559.2534,34.8983,743.0111,3.23,A
92,sn1/home-timeline-redis,289.76,2554.78,952.74,0.0,0,1619,370.2598,7.314,743.0111,0.676,A
92,sn1/home-timeline-service,1620.43,111.55,251.42,0.0,0,6415,1467.0887,40.902,743.0111,3.94,A
92,sn1/jaeger,13.34,5095.14,75.0,0.0,0,577,284.8009,1.2515,743.0111,0.0751,A
92,sn1/media-frontend,0.0,2027.57,648.43,0.0,0,0,284.8009,1.2515,1.3303,0.0,A
92,sn1/media-memcached,0.14,4.63,75.33,0.0,0,0,284.8009,1.2515,1.3303,0.0,A
92,sn1/media-mongodb,8.27,73.52,703.91,0.1914,32,55,284.8009,1.2515,1.3303,0.0376,A
92,sn1/media-service,73.81,4.98,251.42,0.0,0,1184,284.8009,1.8631,743.0111,0.188,A
92,sn1/nginx-thrift,24243.7,42561.76,620.32,17.8398,170,10605,2425.3275,611.9466,743.0111,59.1,A
92,sn1/post-storage-memcached,1799.13,71.0,75.33,0.0,0,6115,1398.4797,45.4127,743.0111,4.34,A
92,sn1/post-storage-mongodb,943.11,8188.0,4129.87,0.0,0,1241,284.8009,23.8055,743.0111,2.31,A
92,sn1/post-storage-service,7576.93,99.68,251.42,0.0,0,13343,3051.4988,191.2528,743.0111,18.3,A
92,sn1/social-graph-mongodb,8.93,728.25,756.91,0.0078,4,104,284.8009,1.2515,1.3303,0.0188,A
92,sn1/social-graph-redis,2.42,20.04,103.57,0.0,0,193,284.8009,1.2515,1.3303,0.0,A
92,sn1/social-graph-service,0.04,31.3,251.42,0.0,0,0,284.8009,1.2515,1.3303,0.0,A
92,sn1/text-service,1457.32,66.91,251.42,0.0,0,5893,1347.7091,36.7849,743.0111,3.51,A
92,sn1/unique-id-service,76.18,4.64,251.42,0.0,0,824,284.8009,1.9229,743.0111,0.188,A
92,sn1/url-shorten-memcached,0.24,4.63,75.33,0.0,0,0,284.8009,1.2515,1.3303,0.0,A
92,sn1/url-shorten-mongodb,342.39,107.9,702.74,0.0195,2,1518,347.1614,8.6424,743.0111,0.77,A
92,sn1/url-shorten-service,1291.99,64.38,251.42,0.0,0,5771,1319.8081,32.6117,743.0111,3.0,A
92,sn1/user-memcached,155.97,6.39,75.33,0.0,0,2958,676.4846,3.9369,743.0111,0.394,A
92,sn1/user-mention-service,239.07,7.14,251.42,0.0,0,1029,284.8009,6.0345,743.0111,0.582,A
92,sn1/user-mongodb,8.23,97.06,704.67,0.4219,34,207,284.8009,1.2515,1.3303,0.0188,A
92,sn1/user-service,69.65,18.02,251.42,0.0,0,805,284.8009,1.7581,743.0111,0.169,A
92,sn1/user-timeline-mongodb,14.89,106.85,702.94,0.0,0,403,284.8009,1.2515,743.0111,0.0376,A
92,sn1/user-timeline-redis,152.88,95.67,136.86,0.0,0,1255,287.0142,3.8589,743.0111,0.357,A
92,sn1/user-timeline-service,1530.53,518.93,251.42,0.0,0,8977,2053.0094,38.6328,743.0111,3.57,A
93,hotel/consul,14.52,27.49,201.48,0.0,0,7888,1780.6322,1.2515,732.6523,0.0199,A
93,hotel/frontend,9922.19,121.51,1119.14,0.0,0,638106,144045.6535,94.7459,732.6523,26.2,A
93,hotel/geo,1379.88,29.19,1119.06,0.0,0,4012,905.6664,13.1763,732.6523,3.28,A
93,hotel/jaeger,0.21,14.79,81.01,0.0,0,896,284.8009,1.2515,1.3303,0.0,A
93,hotel/memcached-profile,156.72,7.71,79.25,0.0,0,1958,441.9977,1.4965,732.6523,0.418,A
93,hotel/memcached-rate,113.47,7.6,79.25,0.0,0,4697,1060.2979,1.2515,732.6523,0.279,A
93,hotel/memcached-reserve,180.45,7.24,79.25,0.0,0,1396,315.1322,1.7231,732.6523,0.438,A
93,hotel/mongodb-geo,7.71,62.9,400.43,0.0156,2,205,284.8009,1.2515,1.3303,0.0199,A
93,hotel/mongodb-profile,7.27,64.21,400.43,0.0156,2,274,284.8009,1.2515,1.3303,0.0199,A
93,hotel/mongodb-rate,7.08,64.71,400.43,0.0,0,1134,284.8009,1.2515,1.3303,0.0199,A
93,hotel/mongodb-recommendation,7.33,62.71,400.43,0.0156,2,453,284.8009,1.2515,1.3303,0.0199,A
93,hotel/mongodb-reservation,10.45,252.12,400.43,0.0781,34,653,284.8009,1.2515,732.6523,0.0199,A
93,hotel/mongodb-user,7.92,63.07,400.43,0.0156,2,469,284.8009,1.2515,1.3303,0.0398,A
93,hotel/profile,3648.67,46.93,1119.06,0.0,0,49614,11199.8337,34.8408,732.6523,8.86,A
93,hotel/rate,1618.79,39.68,1119.14,0.0,0,6116,1380.6221,15.4577,732.6523,4.72,A
93,hotel/recommendation,840.22,26.51,1119.06,0.0,0,3540,799.1174,8.0232,732.6523,2.13,A
93,hotel/reservation,3709.62,65.22,1119.06,0.0,0,219239,49490.8762,35.4228,732.6523,8.94,A
93,hotel/search,3106.05,34.43,1119.06,0.0,0,19587,4421.5573,29.6593,732.6523,7.78,A
93,hotel/user,55.55,20.71,1119.06,0.0,0,2959,667.9628,1.2515,732.6523,0.159,A
93,sa1/customer-feedback,23681.9,10162.34,13293.62,0.0,0,10268,2317.892,226.136,732.6523,42.9,A
93,sn1/compose-post-service,1343.44,77.85,251.42,0.0,0,7675,1732.5498,12.8284,732.6523,3.28,A
93,sn1/home-timeline-redis,291.46,2555.28,952.74,0.0,0,1639,369.9868,2.7831,732.6523,0.736,A
93,sn1/home-timeline-service,1610.67,110.39,251.42,0.0,0,6890,1555.3443,15.3801,732.6523,4.16,A
93,sn1/jaeger,61.81,5095.17,75.0,0.0,0,1752,395.4954,1.2515,732.6523,0.219,A
93,sn1/media-frontend,0.0,2027.57,648.43,0.0,0,0,284.8009,1.2515,1.3303,0.0,A
93,sn1/media-memcached,0.14,4.63,75.33,0.0,0,0,284.8009,1.2515,1.3303,0.0,A
93,sn1/media-mongodb,9.38,73.52,703.91,0.0234,2,336,284.8009,1.2515,1.3303,0.0398,A
93,sn1/media-service,71.77,4.73,251.42,0.0,0,711,284.8009,1.2515,732.6523,0.179,A
93,sn1/nginx-thrift,24284.45,42574.4,620.32,17.8516,164,12504,2822.6452,231.8896,732.6523,62.9,A
93,sn1/post-storage-memcached,1780.03,70.72,75.33,0.0,0,7399,1670.2457,16.9973,732.6523,4.52,A
93,sn1/post-storage-mongodb,937.4,8188.63,4129.87,0.0508,4,1279,288.7207,8.9511,732.6523,2.41,A
93,sn1/post-storage-service,7555.08,98.46,251.42,0.0,0,15017,3389.9283,72.1427,732.6523,19.3,A
93,sn1/social-graph-mongodb,9.65,728.26,756.91,1.5703,58,377,284.8009,1.2515,1.3303,0.0398,A
93,sn1/social-graph-redis,2.39,20.04,103.57,0.0,0,1028,284.8009,1.2515,1.3303,0.0,A
93,sn1/social-graph-service,0.0,31.3,251.42,0.0,0,0,284.8009,1.2515,1.3303,0.0,A
93,sn1/text-service,1423.73,63.76,251.42,0.0,0,7502,1693.4968,13.595,732.6523,3.72,A
93,sn1/unique-id-service,74.74,4.64,251.42,0.0,0,606,284.8009,1.2515,732.6523,0.179,A
93,sn1/url-shorten-memcached,0.2,4.63,75.33,0.0,0,2846,642.4543,1.2515,1.3303,0.0,A
93,sn1/url-shorten-mongodb,317.3,107.95,702.74,0.0,0,1901,429.1306,3.0299,732.6523,0.856,A
93,sn1/url-shorten-service,1243.26,64.01,251.42,0.0,0,7140,1611.7792,11.8718,732.6523,3.24,A
93,sn1/user-memcached,152.23,6.34,75.33,0.0,0,2897,653.967,1.4536,732.6523,0.398,A
93,sn1/user-mention-service,236.05,7.06,251.42,0.0,0,1160,284.8009,2.254,732.6523,0.617,A
93,sn1/user-mongodb,9.47,97.06,704.67,0.0273,2,789,284.8009,1.2515,1.3303,0.0,A
93,sn1/user-service,69.62,18.05,251.42,0.0,0,719,284.8009,1.2515,732.6523,0.179,A
93,sn1/user-timeline-mongodb,15.68,106.85,702.94,0.0234,2,357,284.8009,1.2515,732.6523,0.0398,A
93,sn1/user-timeline-redis,149.93,95.94,136.86,0.0,0,1085,284.8009,1.4317,732.6523,0.358,A
93,sn1/user-timeline-service,1498.76,519.36,251.42,0.0,0,9212,2079.5112,14.3115,732.6523,3.68,A
94,hotel/consul,12.94,27.49,201.48,0.0,0,7068,1498.1249,1.2515,759.2049,0.0473,A
94,hotel/frontend,9699.37,120.35,1119.14,0.0,0,680820,144305.7985,90.4803,759.2049,29.3,A
94,hotel/geo,1251.91,30.9,1119.06,0.0,0,3733,791.2422,11.6784,759.2049,4.02,A
94,hotel/jaeger,0.16,14.79,81.01,0.0,0,0,284.8009,1.2515,1.3303,0.0,A
94,hotel/memcached-profile,141.61,7.7,79.25,0.0,0,2012,426.4611,1.321,759.2049,0.473,A
94,hotel/memcached-rate,100.5,7.57,79.25,0.0,0,3029,642.0232,1.2515,759.2049,0.355,A
94,hotel/memcached-reserve,165.96,7.15,79.25,0.0,0,2168,459.5267,1.5482,759.2049,0.544,A
94,hotel/mongodb-geo,6.82,62.9,400.43,0.0,0,70,284.8009,1.2515,1.3303,0.0237,A
94,hotel/mongodb-profile,6.87,63.96,400.43,0.0,0,59,284.8009,1.2515,1.3303,0.0237,A
94,hotel/mongodb-rate,7.92,64.71,400.43,0.0273,2,117,284.8009,1.2515,1.3303,0.0237,A
94,hotel/mongodb-recommendation,7.15,62.71,400.43,0.0,0,71,284.8009,1.2515,1.3303,0.0237,A
94,hotel/mongodb-reservation,9.25,252.12,400.43,0.0547,28,1355,287.2042,1.2515,1.3303,0.0237,A
94,hotel/mongodb-user,6.79,63.07,400.43,0.0,0,43,284.8009,1.2515,1.3303,0.0473,A
94,hotel/profile,3289.72,43.39,1119.06,0.0,0,52493,11126.3539,30.6881,759.2049,11.6,A
94,hotel/rate,1474.83,38.44,1119.14,0.0,0,5266,1116.1751,13.7579,759.2049,5.06,A
94,hotel/recommendation,865.94,27.34,1119.06,0.0,0,2723,577.1638,8.0779,759.2049,2.72,A
94,hotel/reservation,3453.17,65.67,1119.06,0.0,0,195151,41363.9741,32.2128,759.2049,11.8,A
94,hotel/search,2844.1,35.98,1119.06,0.0,0,14033,2974.418,26.5311,759.2049,9.87,A
94,hotel/user,45.95,21.14,1119.06,0.0,0,1294,284.8009,1.2515,759.2049,0.142,A
94,sa1/customer-feedback,20968.65,10162.73,13293.62,3.8828,42,20692,4385.8517,195.6054,759.2049,33.1,A
94,sn1/compose-post-service,1371.35,74.11,251.42,0.0,0,7840,1661.7571,12.7926,759.2049,4.33,A
94,sn1/home-timeline-redis,290.22,2554.17,952.74,0.0,0,1834,388.7325,2.7073,759.2049,0.899,A
94,sn1/home-timeline-service,1600.66,109.89,251.42,0.0,0,7382,1564.68,14.9317,759.2049,4.95,A
94,sn1/jaeger,12.98,5095.18,75.0,0.0,0,1147,284.8009,1.2515,759.2049,0.071,A
94,sn1/media-frontend,0.0,2027.57,648.43,0.0,0,0,284.8009,1.2515,1.3303,0.0,A
94,sn1/media-memcached,0.13,4.63,75.33,0.0,0,0,284.8009,1.2515,1.3303,0.0,A
94,sn1/media-mongodb,7.83,73.52,703.91,0.0,0,146,284.8009,1.2515,1.3303,0.0237,A
94,sn1/media-service,72.88,4.8,251.42,0.0,0,896,284.8009,1.2515,759.2049,0.213,A
94,sn1/nginx-thrift,24297.94,42586.62,620.32,17.5078,162,12557,2661.5668,226.6626,759.2049,74.7,A
94,sn1/post-storage-memcached,1756.98,70.53,75.33,0.0,0,7305,1548.3591,16.3899,759.2049,5.49,A
94,sn1/post-storage-mongodb,921.99,8187.79,4129.87,0.0,0,1292,284.8009,8.6008,759.2049,2.91,A
94,sn1/post-storage-service,7473.03,94.9,251.42,0.0,0,14833,3143.9851,69.7119,759.2049,23.1,A
94,sn1/social-graph-mongodb,8.16,728.26,756.91,0.0,0,168,284.8009,1.2515,1.3303,0.0473,A
94,sn1/social-graph-redis,2.41,20.04,103.57,0.0,0,301,284.8009,1.2515,1.3303,0.0,A
94,sn1/social-graph-service,0.08,31.3,251.42,0.0,0,0,284.8009,1.2515,1.3303,0.0,A
94,sn1/text-service,1436.48,59.66,251.42,0.0,0,7671,1625.936,13.4002,759.2049,4.71,A
94,sn1/unique-id-service,74.12,4.71,251.42,0.0,0,746,284.8009,1.2515,759.2049,0.213,A
94,sn1/url-shorten-memcached,0.15,4.63,75.33,0.0,0,0,284.8009,1.2515,1.3303,0.0,A
94,sn1/url-shorten-mongodb,309.53,107.98,702.74,0.0273,4,2422,513.3642,2.8874,759.2049,1.09,A
94,sn1/url-shorten-service,1213.95,61.86,251.42,0.0,0,7548,1599.8651,11.3243,759.2049,4.19,A
94,sn1/user-memcached,151.33,6.63,75.33,0.0,0,2828,599.4195,1.4117,759.2049,0.497,A
94,sn1/user-mention-service,237.76,6.85,251.42,0.0,0,1140,284.8009,2.2179,759.2049,0.781,A
94,sn1/user-mongodb,7.87,97.06,704.67,0.0,0,1192,284.8009,1.2515,1.3303,0.0473,A
94,sn1/user-service,71.41,18.05,251.42,0.0,0,587,284.8009,1.2515,759.2049,0.237,A
94,sn1/user-timeline-mongodb,14.35,106.85,702.94,0.0,0,318,284.8009,1.2515,759.2049,0.0473,A
94,sn1/user-timeline-redis,149.07,96.32,136.86,0.0,0,1020,284.8009,1.3906,759.2049,0.45,A
94,sn1/user-timeline-service,1483.42,518.95,251.42,0.0,0,9352,1982.2388,13.838,759.2049,4.52,A
95,hotel/consul,13.61,27.49,201.48,0.0,0,5089,1205.412,1.2515,730.0284,0.0387,A
95,hotel/frontend,9892.43,123.04,1119.14,0.0,0,720553,170674.6387,152.4674,730.0284,25.1,A
95,hotel/geo,1200.69,28.81,1119.06,0.0,0,3604,853.6657,18.5057,730.0284,3.29,A
95,hotel/jaeger,0.2,14.79,81.01,0.0,0,0,284.8009,1.2515,1.3303,0.0,A
95,hotel/memcached-profile,139.87,7.71,79.25,0.0,0,2010,476.101,2.1558,730.0284,0.31,A
95,hotel/memcached-rate,102.81,7.6,79.25,0.0,0,3051,722.6787,1.5846,730.0284,0.252,A
95,hotel/memcached-reserve,172.21,7.21,79.25,0.0,0,2341,554.5037,2.6542,730.0284,0.406,A
95,hotel/mongodb-geo,7.18,62.9,400.43,0.0547,8,234,284.8009,1.2515,1.3303,0.0193,A
95,hotel/mongodb-profile,7.36,63.96,400.43,0.082,10,614,284.8009,1.2515,1.3303,0.0387,A
95,hotel/mongodb-rate,6.75,64.71,400.43,0.0,0,292,284.8009,1.2515,1.3303,0.0193,A
95,hotel/mongodb-recommendation,7.2,62.72,400.43,0.0547,8,99,284.8009,1.2515,1.3303,0.0193,A
95,hotel/mongodb-reservation,11.1,252.18,400.43,0.1055,46,198,284.8009,1.2515,730.0284,0.0387,A
95,hotel/mongodb-user,7.51,63.07,400.43,0.0508,6,3823,905.5394,1.2515,1.3303,0.0,A
95,hotel/profile,3362.36,43.3,1119.06,0.0,0,54653,12945.4475,51.8225,730.0284,7.64,A
95,hotel/rate,1487.83,39.64,1119.14,0.0,0,6427,1522.339,22.9312,730.0284,3.46,A
95,hotel/recommendation,753.51,27.54,1119.06,0.0,0,2342,554.7406,11.6135,730.0284,1.74,A
95,hotel/reservation,3642.17,71.6,1119.06,0.0,0,109795,26006.7226,56.1351,730.0284,9.11,A
95,hotel/search,2569.46,40.34,1119.06,0.0,0,10540,2496.5696,39.6019,730.0284,6.64,A
95,hotel/user,48.09,21.18,1119.06,0.0,0,988,284.8009,1.2515,730.0284,0.0967,A
95,sa1/customer-feedback,11487.97,10162.39,13293.62,0.0,0,7484,1772.7065,177.0587,730.0284,43.3,A
95,sn1/compose-post-service,1356.29,76.99,251.42,0.0,0,6136,1453.4109,20.9039,730.0284,3.41,A
95,sn1/home-timeline-redis,281.2,2554.18,952.74,0.0,0,1268,300.3463,4.334,730.0284,0.716,A
95,sn1/home-timeline-service,1603.67,110.68,251.42,0.0,0,5082,1203.7539,24.7166,730.0284,4.1,A
95,sn1/jaeger,58.34,5095.2,75.0,0.0,0,3011,713.2041,1.2515,730.0284,0.213,A
95,sn1/media-frontend,0.0,2027.57,648.43,0.0,0,0,284.8009,1.2515,1.3303,0.0,A
95,sn1/media-memcached,0.15,4.63,75.33,0.0,0,0,284.8009,1.2515,1.3303,0.0,A
95,sn1/media-mongodb,8.71,73.52,703.91,0.0273,2,80,284.8009,1.2515,1.3303,0.0387,A
95,sn1/media-service,74.82,4.7,251.42,0.0,0,781,284.8009,1.2515,730.0284,0.174,A
95,sn1/nginx-thrift,23984.91,42591.68,620.32,17.6836,162,8828,2091.0547,369.6682,730.0284,61.1,A
95,sn1/post-storage-memcached,1742.18,70.61,75.33,0.0,0,6507,1541.2883,26.8514,730.0284,4.45,A
95,sn1/post-storage-mongodb,923.71,8188.05,4129.87,0.0391,2,1049,284.8009,14.2367,730.0284,2.38,A
95,sn1/post-storage-service,7427.22,93.16,251.42,0.0,0,12217,2893.7942,114.4723,730.0284,19.0,A
95,sn1/social-graph-mongodb,8.97,728.26,756.91,0.0273,2,100,284.8009,1.2515,1.3303,0.0387,A
95,sn1/social-graph-redis,2.26,20.04,103.57,0.0,0,331,284.8009,1.2515,1.3303,0.0387,A
95,sn1/social-graph-service,0.0,31.3,251.42,0.0,0,0,284.8009,1.2515,1.3303,0.0,A
95,sn1/text-service,1457.52,64.01,251.42,0.0,0,6571,1556.4477,22.4641,730.0284,3.73,A
95,sn1/unique-id-service,78.82,4.71,251.42,0.0,0,643,284.8009,1.2515,730.0284,0.213,A
95,sn1/url-shorten-memcached,0.17,4.63,75.33,0.0,0,0,284.8009,1.2515,1.3303,0.0,A
95,sn1/url-shorten-mongodb,322.72,107.9,702.74,0.0,0,1760,416.8845,4.9739,730.0284,0.909,A
95,sn1/url-shorten-service,1261.54,64.83,251.42,0.0,0,6181,1464.0699,19.4435,730.0284,3.33,A
95,sn1/user-memcached,153.48,6.6,75.33,0.0,0,2418,572.7424,2.3655,730.0284,0.387,A
95,sn1/user-mention-service,238.95,6.82,251.42,0.0,0,1094,284.8009,3.6828,730.0284,0.58,A
95,sn1/user-mongodb,8.95,97.06,704.67,0.0273,2,84,284.8009,1.2515,1.3303,0.0193,A
95,sn1/user-service,71.96,18.05,251.42,0.0,0,857,284.8009,1.2515,730.0284,0.193,A
95,sn1/user-timeline-mongodb,15.26,106.85,702.94,0.0625,6,686,284.8009,1.2515,730.0284,0.058,A
95,sn1/user-timeline-redis,146.74,95.71,136.86,0.0,0,1110,284.8009,2.2616,730.0284,0.368,A
95,sn1/user-timeline-service,1472.07,518.72,251.42,0.0,0,6489,1537.0247,22.6883,730.0284,3.62,A
96,hotel/consul,14.15,27.49,201.48,0.0,0,2059,495.4386,1.2515,753.6101,0.0177,A
96,hotel/frontend,9995.88,123.52,1119.14,0.0,0,765718,184247.8094,142.9071,753.6101,22.6,A
96,hotel/geo,1238.58,27.66,1119.06,0.0,0,3421,823.1643,17.7075,753.6101,2.92,A
96,hotel/jaeger,0.89,14.79,81.01,0.0,0,8,284.8009,1.2515,1.3303,0.0,A
96,hotel/memcached-profile,146.14,7.72,79.25,0.0,0,2517,605.643,2.0893,753.6101,0.371,A
96,hotel/memcached-rate,103.42,7.59,79.25,0.0,0,3588,863.348,1.4786,753.6101,0.247,A
96,hotel/memcached-reserve,169.39,7.19,79.25,0.0,0,1462,351.7879,2.4217,753.6101,0.424,A
96,hotel/mongodb-geo,6.85,62.9,400.43,0.0,0,47,284.8009,1.2515,1.3303,0.0177,A
96,hotel/mongodb-profile,7.03,63.96,400.43,0.0,0,54,284.8009,1.2515,1.3303,0.0177,A
96,hotel/mongodb-rate,7.84,64.72,400.43,0.0273,2,283,284.8009,1.2515,1.3303,0.0177,A
96,hotel/mongodb-recommendation,7.05,62.72,400.43,0.0,0,92,284.8009,1.2515,1.3303,0.0177,A
96,hotel/mongodb-reservation,8.4,252.18,400.43,0.0312,16,2688,646.7892,1.2515,1.3303,0.0353,A
96,hotel/mongodb-user,7.1,63.07,400.43,0.0,0,172,284.8009,1.2515,1.3303,0.0177,A
96,hotel/profile,3295.09,44.16,1119.06,0.0,0,52698,12680.244,47.1086,753.6101,7.9,A
96,hotel/rate,1627.72,39.19,1119.14,0.0,0,4570,1099.6378,23.2709,753.6101,4.26,A
96,hotel/recommendation,769.08,27.47,1119.06,0.0,0,2277,547.894,10.9952,753.6101,1.87,A
96,hotel/reservation,3478.96,62.94,1119.06,0.0,0,127353,30643.8026,49.7373,753.6101,8.34,A
96,hotel/search,2749.06,36.8,1119.06,0.0,0,9815,2361.6948,39.3022,753.6101,7.28,A
96,hotel/user,49.42,20.65,1119.06,0.0,0,1006,284.8009,1.2515,753.6101,0.159,A
96,sa1/customer-feedback,16305.78,10160.0,13293.62,0.0,0,6121,1472.841,233.1172,753.6101,33.4,A
96,sn1/compose-post-service,1297.16,78.39,251.42,0.0,0,6152,1480.3002,18.545,753.6101,3.13,A
96,sn1/home-timeline-redis,287.7,2555.66,952.74,0.0,0,2034,489.4231,4.1131,753.6101,0.636,A
96,sn1/home-timeline-service,1609.46,110.12,251.42,0.0,0,7134,1716.59,23.0098,753.6101,3.69,A
96,sn1/jaeger,13.93,5095.31,75.0,0.0,0,1141,284.8009,1.2515,753.6101,0.053,A
96,sn1/media-frontend,0.0,2027.57,648.43,0.0,0,0,284.8009,1.2515,1.3303,0.0,A
96,sn1/media-memcached,0.17,4.63,75.33,0.0,0,0,284.8009,1.2515,1.3303,0.0,A
96,sn1/media-mongodb,8.2,73.52,703.91,0.0,0,77,284.8009,1.2515,1.3303,0.0353,A
96,sn1/media-service,68.85,4.7,251.42,0.0,0,774,284.8009,1.2515,753.6101,0.177,A
96,sn1/nginx-thrift,24178.66,42598.38,620.32,17.5,160,10058,2420.1657,345.6726,753.6101,55.8,A
96,sn1/post-storage-memcached,1771.4,70.57,75.33,0.0,0,6895,1659.0816,25.325,753.6101,4.14,A
96,sn1/post-storage-mongodb,921.47,8187.87,4129.87,0.0078,4,1183,284.8009,13.1739,753.6101,2.16,A
96,sn1/post-storage-service,7401.52,94.6,251.42,0.0,0,13017,3132.1632,105.8166,753.6101,17.1,A
96,sn1/social-graph-mongodb,8.48,728.26,756.91,0.0,0,95,284.8009,1.2515,1.3303,0.0353,A
96,sn1/social-graph-redis,2.32,20.29,103.57,0.0,0,104,284.8009,1.2515,1.3303,0.0,A
96,sn1/social-graph-service,0.05,31.3,251.42,0.0,0,0,284.8009,1.2515,1.3303,0.0,A
96,sn1/text-service,1371.87,62.11,251.42,0.0,0,5685,1367.9302,19.6131,753.6101,3.36,A
96,sn1/unique-id-service,73.38,4.71,251.42,0.0,0,791,284.8009,1.2515,753.6101,0.177,A
96,sn1/url-shorten-memcached,0.13,4.63,75.33,0.0,0,0,284.8009,1.2515,1.3303,0.0,A
96,sn1/url-shorten-mongodb,308.35,107.31,702.74,0.0312,4,1069,284.8009,4.4084,753.6101,0.866,A
96,sn1/url-shorten-service,1216.53,63.83,251.42,0.0,0,5073,1220.6702,17.3922,753.6101,3.22,A
96,sn1/user-memcached,147.66,6.6,75.33,0.0,0,2213,532.4942,2.111,753.6101,0.353,A
96,sn1/user-mention-service,223.51,6.81,251.42,0.0,0,1036,284.8009,3.1954,753.6101,0.53,A
96,sn1/user-mongodb,8.05,97.06,704.67,0.0,0,78,284.8009,1.2515,1.3303,0.0177,A
96,sn1/user-service,65.11,18.02,251.42,0.0,0,867,284.8009,1.2515,753.6101,0.159,A
96,sn1/user-timeline-mongodb,14.86,106.85,702.94,0.0,0,278,284.8009,1.2515,753.6101,0.053,A
96,sn1/user-timeline-redis,149.21,95.68,136.86,0.0,0,746,284.8009,2.1332,753.6101,0.353,A
96,sn1/user-timeline-service,1497.84,520.64,251.42,0.0,0,8937,2150.4296,21.414,753.6101,3.38,A
97,hotel/consul,15.23,27.49,201.48,0.0,0,2557,611.7042,1.2515,719.2391,0.0384,A
97,hotel/frontend,9845.22,115.45,1119.14,0.0,0,744192,178031.0544,141.4713,719.2391,24.3,A
97,hotel/geo,1269.22,29.26,1119.06,0.0,0,3239,774.8573,18.2381,719.2391,2.82,A
97,hotel/jaeger,0.24,14.79,81.01,0.0,0,0,284.8009,1.2515,1.3303,0.0,A
97,hotel/memcached-profile,152.88,7.73,79.25,0.0,0,1399,334.679,2.1968,719.2391,0.384,A
97,hotel/memcached-rate,112.11,7.6,79.25,0.0,0,2334,558.3566,1.611,719.2391,0.269,A
97,hotel/memcached-reserve,185.73,7.23,79.25,0.0,0,3298,788.9717,2.6689,719.2391,0.442,A
97,hotel/mongodb-geo,7.72,62.9,400.43,0.0156,2,230,284.8009,1.2515,1.3303,0.0384,A
97,hotel/mongodb-profile,7.58,63.96,400.43,0.0195,4,1751,418.887,1.2515,1.3303,0.0192,A
97,hotel/mongodb-rate,7.23,64.72,400.43,0.0,0,1188,284.8009,1.2515,1.3303,0.0192,A
97,hotel/mongodb-recommendation,7.85,62.72,400.43,0.0156,2,1741,416.4948,1.2515,1.3303,0.0192,A
97,hotel/mongodb-reservation,10.19,252.19,400.43,0.0859,36,478,284.8009,1.2515,719.2391,0.0384,A
97,hotel/mongodb-user,7.92,63.07,400.43,0.0273,4,120,284.8009,1.2515,1.3303,0.0192,A
97,hotel/profile,3586.11,48.55,1119.06,0.0,0,50338,12042.2246,51.5308,719.2391,8.62,A
97,hotel/rate,1661.7,41.92,1119.14,0.0,0,4649,1112.1678,23.8779,719.2391,3.88,A
97,hotel/recommendation,825.17,27.32,1119.06,0.0,0,2693,644.2392,11.8573,719.2391,1.96,A
97,hotel/reservation,3682.56,65.62,1119.06,0.0,0,105986,25354.7463,52.9167,719.2391,9.18,A
97,hotel/search,3021.25,37.39,1119.06,0.0,0,14336,3429.5628,43.414,719.2391,7.28,A
97,hotel/user,53.92,20.16,1119.06,0.0,0,740,284.8009,1.2515,719.2391,0.134,A
97,sa1/customer-feedback,17188.89,10161.2,13293.62,0.0,0,7788,1863.1023,246.9965,719.2391,25.9,A
97,sn1/compose-post-service,1408.77,74.95,251.42,0.0,0,7473,1787.7457,20.2434,719.2391,3.61,A
97,sn1/home-timeline-redis,287.63,2554.44,952.74,0.0,0,1517,362.9078,4.1331,719.2391,0.749,A
97,sn1/home-timeline-service,1579.29,108.53,251.42,0.0,0,7007,1676.2658,22.6937,719.2391,4.11,A
97,sn1/jaeger,63.04,5095.91,75.0,0.0,0,671,284.8009,1.2515,719.2391,0.211,A
97,sn1/media-frontend,0.0,2027.57,648.43,0.0,0,0,284.8009,1.2515,1.3303,0.0,A
97,sn1/media-memcached,0.15,4.63,75.33,0.0,0,0,284.8009,1.2515,1.3303,0.0,A
97,sn1/media-mongodb,10.22,73.66,703.91,0.0312,4,114,284.8009,1.2515,719.2391,0.0192,A
97,sn1/media-service,75.05,4.77,251.42,0.0,0,673,284.8009,1.2515,719.2391,0.173,A
97,sn1/nginx-thrift,23974.0,42607.69,620.32,17.4375,152,11533,2759.0086,344.4954,719.2391,60.7,A
97,sn1/post-storage-memcached,1779.8,70.94,75.33,0.0,0,6716,1606.6507,25.5749,719.2391,4.51,A
97,sn1/post-storage-mongodb,948.12,8187.85,4129.87,10.0508,168,1066,284.8009,13.6241,719.2391,2.4,A
97,sn1/post-storage-service,7483.88,93.67,251.42,0.0,0,14794,3539.1289,107.5399,719.2391,18.9,A
97,sn1/social-graph-mongodb,9.68,728.26,756.91,0.0469,4,59,284.8009,1.2515,1.3303,0.0192,A
97,sn1/social-graph-redis,2.13,20.04,103.57,0.0,0,262,284.8009,1.2515,1.3303,0.0,A
97,sn1/social-graph-service,0.0,31.3,251.42,0.0,0,0,284.8009,1.2515,1.3303,0.0,A
97,sn1/text-service,1490.08,60.72,251.42,0.0,0,7886,1886.5466,21.4118,719.2391,3.82,A
97,sn1/unique-id-service,79.84,4.74,251.42,0.0,0,538,284.8009,1.2515,719.2391,0.211,A
97,sn1/url-shorten-memcached,0.15,4.63,75.33,0.0,0,0,284.8009,1.2515,1.3303,0.0,A
97,sn1/url-shorten-mongodb,365.11,108.28,702.74,0.0,0,2580,617.2065,5.2465,719.2391,1.09,A
97,sn1/url-shorten-service,1359.07,63.37,251.42,0.0,0,7583,1814.0607,19.5292,719.2391,3.65,A
97,sn1/user-memcached,156.86,6.41,75.33,0.0,0,2596,621.0341,2.254,719.2391,0.365,A
97,sn1/user-mention-service,242.36,6.86,251.42,0.0,0,1105,284.8009,3.4826,719.2391,0.576,A
97,sn1/user-mongodb,9.71,97.06,704.67,0.0273,2,150,284.8009,1.2515,1.3303,0.0384,A
97,sn1/user-service,71.23,18.02,251.42,0.0,0,806,284.8009,1.2515,719.2391,0.173,A
97,sn1/user-timeline-mongodb,15.81,106.85,702.94,0.0234,2,796,284.8009,1.2515,719.2391,0.0384,A
97,sn1/user-timeline-redis,151.88,95.69,136.86,0.0,0,1213,290.1827,2.1824,719.2391,0.384,A
97,sn1/user-timeline-service,1527.56,519.21,251.42,0.0,0,8899,2128.8839,21.9503,719.2391,3.75,A
98,hotel/consul,15.15,27.49,201.48,0.0,0,2137,478.6316,1.2515,732.6624,0.0411,A
98,hotel/frontend,9986.95,123.0,1119.14,0.0,0,695726,155824.2659,92.7832,732.6624,26.6,A
98,hotel/geo,1274.19,28.93,1119.06,0.0,0,3587,803.3934,11.8378,732.6624,3.08,A
98,hotel/jaeger,0.18,14.79,81.01,0.0,0,0,284.8009,1.2515,1.3303,0.0,A
98,hotel/memcached-profile,149.11,7.71,79.25,0.0,0,1933,432.941,1.3853,732.6624,0.37,A
98,hotel/memcached-rate,107.64,7.6,79.25,0.0,0,1455,325.8816,1.2515,732.6624,0.267,A
98,hotel/memcached-reserve,173.04,7.17,79.25,0.0,0,1621,363.0612,1.6076,732.6624,0.452,A
98,hotel/mongodb-geo,6.95,62.9,400.43,0.0,0,61,284.8009,1.2515,1.3303,0.0205,A
98,hotel/mongodb-profile,7.22,63.96,400.43,0.0,0,54,284.8009,1.2515,1.3303,0.0205,A
98,hotel/mongodb-rate,7.94,64.72,400.43,0.0273,2,67,284.8009,1.2515,1.3303,0.0411,A
98,hotel/mongodb-recommendation,7.22,62.72,400.43,0.0,0,82,284.8009,1.2515,1.3303,0.0205,A
98,hotel/mongodb-reservation,10.18,252.2,400.43,0.0625,32,124,284.8009,1.2515,732.6624,0.0411,A
98,hotel/mongodb-user,7.12,63.07,400.43,0.0,0,59,284.8009,1.2515,1.3303,0.0411,A
98,hotel/profile,3544.74,52.52,1119.06,0.0,0,73817,16533.0602,32.9322,732.6624,9.12,A
98,hotel/rate,1447.8,38.55,1119.14,0.0,0,4130,925.011,13.4507,732.6624,4.09,A
98,hotel/recommendation,772.62,27.62,1119.06,0.0,0,2430,544.2559,7.178,732.6624,2.12,A
98,hotel/reservation,3692.09,69.84,1119.06,0.0,0,150599,33730.2022,34.3012,732.6624,9.39,A
98,hotel/search,2755.49,36.68,1119.06,0.0,0,13047,2922.1837,25.5997,732.6624,7.09,A
98,hotel/user,51.19,20.43,1119.06,0.0,0,2077,465.1932,1.2515,732.6624,0.144,A
98,sa1/customer-feedback,10652.06,10164.21,13293.62,0.0,0,3814,854.2354,98.9624,732.6624,42.1,A
98,sn1/compose-post-service,1368.15,76.45,251.42,0.0,0,5775,1293.4476,12.7107,732.6624,3.47,A
98,sn1/home-timeline-redis,297.36,2555.2,952.74,0.0,0,1371,307.0678,2.7626,732.6624,0.883,A
98,sn1/home-timeline-service,1595.74,109.32,251.42,0.0,0,4911,1099.9344,14.8251,732.6624,4.31,A
98,sn1/jaeger,12.93,5096.09,75.0,0.0,0,617,284.8009,1.2515,732.6624,0.0822,A
98,sn1/media-frontend,0.0,2027.57,648.43,0.0,0,0,284.8009,1.2515,1.3303,0.0,A
98,sn1/media-memcached,0.14,4.63,75.33,0.0,0,0,284.8009,1.2515,1.3303,0.0,A
98,sn1/media-mongodb,8.04,73.66,703.91,0.0664,8,56,284.8009,1.2515,1.3303,0.0411,A
98,sn1/media-service,75.02,4.77,251.42,0.0,0,906,284.8009,1.2515,732.6624,0.185,A
98,sn1/nginx-thrift,24068.64,42621.39,620.32,17.875,170,7747,1735.1236,223.6084,732.6624,65.4,A
98,sn1/post-storage-memcached,1778.35,70.57,75.33,0.0,0,6420,1437.9106,16.5217,732.6624,4.77,A
98,sn1/post-storage-mongodb,943.81,8187.74,4129.87,0.0,0,1034,284.8009,8.7684,732.6624,2.55,A
98,sn1/post-storage-service,7502.72,92.33,251.42,0.0,0,12186,2729.3424,69.7036,732.6624,20.1,A
98,sn1/social-graph-mongodb,9.84,728.26,756.91,0.0039,2,80,284.8009,1.2515,1.3303,0.0411,A
98,sn1/social-graph-redis,2.13,20.04,103.57,0.0,0,216,284.8009,1.2515,1.3303,0.0205,A
98,sn1/social-graph-service,0.05,31.3,251.42,0.0,0,0,284.8009,1.2515,1.3303,0.0,A
98,sn1/text-service,1445.96,61.9,251.42,0.0,0,5082,1138.2339,13.4336,732.6624,3.76,A
98,sn1/unique-id-service,78.98,4.74,251.42,0.0,0,856,284.8009,1.2515,732.6624,0.205,A
98,sn1/url-shorten-memcached,0.13,4.63,75.33,0.0,0,0,284.8009,1.2515,1.3303,0.0,A
98,sn1/url-shorten-mongodb,363.37,107.94,702.74,0.0234,2,890,284.8009,3.3759,732.6624,1.07,A
98,sn1/url-shorten-service,1417.04,62.17,251.42,0.0,0,5272,1180.7889,13.1649,732.6624,3.86,A
98,sn1/user-memcached,157.0,6.56,75.33,0.0,0,2925,655.1228,1.4586,732.6624,0.39,A
98,sn1/user-mention-service,240.06,6.78,251.42,0.0,0,973,284.8009,2.2303,732.6624,0.616,A
98,sn1/user-mongodb,9.09,97.07,704.67,0.0039,2,251,284.8009,1.2515,1.3303,0.0205,A
98,sn1/user-service,68.63,17.98,251.42,0.0,0,687,284.8009,1.2515,732.6624,0.185,A
98,sn1/user-timeline-mongodb,14.59,106.85,702.94,0.0,0,415,284.8009,1.2515,732.6624,0.0411,A
98,sn1/user-timeline-redis,152.42,96.19,136.86,0.0,0,730,284.8009,1.416,732.6624,0.431,A
98,sn1/user-timeline-service,1517.53,519.55,251.42,0.0,0,6521,1460.5319,14.0985,732.6624,3.94,A
99,hotel/consul,14.8,27.49,201.48,0.0,0,1723,432.8402,1.2515,750.9085,0.0366,A
99,hotel/frontend,9979.4,123.37,1119.14,0.0,0,761634,191332.459,108.0104,750.9085,23.6,A
99,hotel/geo,1217.42,29.41,1119.06,0.0,0,2816,707.4162,13.1765,750.9085,2.94,A
99,hotel/jaeger,0.19,14.79,81.01,0.0,0,0,284.8009,1.2515,1.3303,0.0,A
99,hotel/memcached-profile,142.76,7.73,79.25,0.0,0,1260,316.5285,1.5451,750.9085,0.329,A
99,hotel/memcached-rate,98.54,7.61,79.25,0.0,0,1956,491.3729,1.2515,750.9085,0.238,A
99,hotel/memcached-reserve,171.61,7.21,79.25,0.0,0,1493,375.0612,1.8574,750.9085,0.402,A
99,hotel/mongodb-geo,7.45,62.9,400.43,0.0156,2,72,284.8009,1.2515,1.3303,0.0183,A
99,hotel/mongodb-profile,7.39,63.96,400.43,0.0156,2,54,284.8009,1.2515,1.3303,0.0183,A
99,hotel/mongodb-rate,6.86,64.72,400.43,0.0,0,57,284.8009,1.2515,1.3303,0.0,A
99,hotel/mongodb-recommendation,7.4,62.72,400.43,0.0156,2,74,284.8009,1.2515,1.3303,0.0183,A
99,hotel/mongodb-reservation,8.11,252.2,400.43,0.043,14,326,284.8009,1.2515,1.3303,0.0366,A
99,hotel/mongodb-user,7.73,63.07,400.43,0.0156,2,47,284.8009,1.2515,1.3303,0.0183,A
99,hotel/profile,3380.21,48.14,1119.06,0.0,0,33704,8466.8872,36.5851,750.9085,7.55,A
99,hotel/rate,1530.91,40.68,1119.14,0.0,0,3979,999.577,16.5695,750.9085,3.29,A
99,hotel/recommendation,796.74,29.3,1119.06,0.0,0,2274,571.2587,8.6234,750.9085,1.77,A
99,hotel/reservation,3737.73,71.47,1119.06,0.0,0,82741,20785.6254,40.4547,750.9085,7.99,A
99,hotel/search,2794.09,35.29,1119.06,0.0,0,7909,1986.8446,30.2414,750.9085,6.13,A
99,hotel/user,47.21,20.32,1119.06,0.0,0,1463,367.5248,1.2515,750.9085,0.11,A
99,sa1/customer-feedback,15945.39,10164.68,13293.62,0.0,0,6206,1559.0287,172.5823,750.9085,43.7,A
99,sn1/compose-post-service,1331.78,72.34,251.42,0.0,0,6610,1660.5188,14.4143,750.9085,3.07,A
99,sn1/home-timeline-redis,285.37,2554.47,952.74,0.0,0,1217,305.7264,3.0887,750.9085,0.695,A
99,sn1/home-timeline-service,1569.04,110.12,251.42,0.0,0,4725,1186.982,16.9822,750.9085,3.82,A
99,sn1/jaeger,55.71,5099.38,75.0,0.0,0,2197,551.9152,1.2515,750.9085,0.165,A
99,sn1/media-frontend,0.0,2027.57,648.43,0.0,0,0,284.8009,1.2515,1.3303,0.0,A
99,sn1/media-memcached,0.15,4.63,75.33,0.0,0,0,284.8009,1.2515,1.3303,0.0,A
99,sn1/media-mongodb,9.14,73.66,703.91,0.0273,2,554,284.8009,1.2515,1.3303,0.0366,A
99,sn1/media-service,72.68,4.8,251.42,0.0,0,585,284.8009,1.2515,750.9085,0.183,A
99,sn1/nginx-thrift,23829.25,42625.54,620.32,17.8398,166,8812,2213.6901,257.9119,750.9085,57.7,A
99,sn1/post-storage-memcached,1768.71,70.11,75.33,0.0,0,5855,1470.8529,19.1433,750.9085,4.21,A
99,sn1/post-storage-mongodb,933.28,8187.87,4129.87,0.043,2,1003,284.8009,10.1012,750.9085,2.19,A
99,sn1/post-storage-service,7439.55,94.29,251.42,0.0,0,11799,2964.0637,80.5207,750.9085,17.7,A
99,sn1/social-graph-mongodb,9.22,728.27,756.91,0.0977,10,126,284.8009,1.2515,1.3303,0.0183,A
99,sn1/social-graph-redis,2.48,20.04,103.57,0.0,0,222,284.8009,1.2515,1.3303,0.0183,A
99,sn1/social-graph-service,0.0,31.3,251.42,0.0,0,0,284.8009,1.2515,1.3303,0.0,A
99,sn1/text-service,1398.85,58.31,251.42,0.0,0,6116,1536.4195,15.1402,750.9085,3.31,A
99,sn1/unique-id-service,75.39,4.71,251.42,0.0,0,656,284.8009,1.2515,750.9085,0.183,A
99,sn1/url-shorten-memcached,0.14,4.63,75.33,0.0,0,0,284.8009,1.2515,1.3303,0.0,A
99,sn1/url-shorten-mongodb,321.44,107.03,702.74,0.0,0,1121,284.8009,3.4791,750.9085,0.841,A
99,sn1/url-shorten-service,1272.97,58.78,251.42,0.0,0,5115,1284.9551,13.7778,750.9085,3.16,A
99,sn1/user-memcached,150.81,6.63,75.33,0.0,0,1948,489.3632,1.6323,750.9085,0.329,A
99,sn1/user-mention-service,228.0,6.84,251.42,0.0,0,1082,284.8009,2.4677,750.9085,0.494,A
99,sn1/user-mongodb,9.26,97.07,704.67,0.0273,2,81,284.8009,1.2515,1.3303,0.0183,A
99,sn1/user-service,67.27,18.05,251.42,0.0,0,830,284.8009,1.2515,750.9085,0.128,A
99,sn1/user-timeline-mongodb,15.18,106.86,702.94,0.0273,2,662,284.8009,1.2515,750.9085,0.0366,A
99,sn1/user-timeline-redis,150.77,95.92,136.86,0.0,0,1243,312.2579,1.6318,750.9085,0.347,A
99,sn1/user-timeline-service,1501.29,517.58,251.42,0.0,0,6997,1757.7383,16.249,750.9085,3.4,A
100,hotel/consul,13.54,27.49,201.48,0.0,0,2547,528.237,1.2515,750.0727,0.0154,A
100,hotel/frontend,9886.51,130.14,1119.14,0.0,0,686990,142478.8243,73.6966,750.0727,19.5,A
100,hotel/geo,1152.26,29.34,1119.06,0.0,0,3890,806.7696,8.5892,750.0727,2.12,A
100,hotel/jaeger,0.21,14.79,81.01,0.0,0,0,284.8009,1.2515,1.3303,0.0,A
100,hotel/memcached-profile,141.29,7.71,79.25,0.0,0,1874,388.6597,1.2515,750.0727,0.277,A
100,hotel/memcached-rate,100.56,7.61,79.25,0.0,0,1933,400.896,1.2515,750.0727,0.2,A
100,hotel/memcached-reserve,164.36,7.28,79.25,0.0,0,1982,411.0584,1.2515,750.0727,0.354,A
100,hotel/mongodb-geo,6.69,62.9,400.43,0.0,0,61,284.8009,1.2515,1.3303,0.0154,A
100,hotel/mongodb-profile,6.93,63.96,400.43,0.0,0,40,284.8009,1.2515,1.3303,0.0154,A
100,hotel/mongodb-rate,8.19,64.73,400.43,0.0781,10,163,284.8009,1.2515,1.3303,0.0154,A
100,hotel/mongodb-recommendation,6.88,62.72,400.43,0.0,0,52,284.8009,1.2515,1.3303,0.0154,A
100,hotel/mongodb-reservation,9.59,252.21,400.43,0.0781,40,120,284.8009,1.2515,1.3303,0.0308,A
100,hotel/mongodb-user,7.08,63.07,400.43,0.0,0,919,284.8009,1.2515,1.3303,0.0154,A
100,hotel/profile,3220.17,49.17,1119.06,0.0,0,116618,24186.0806,24.004,750.0727,6.03,A
100,hotel/rate,1488.92,41.02,1119.14,0.0,0,5877,1218.865,11.0988,750.0727,3.2,A
100,hotel/recommendation,726.75,27.29,1119.06,0.0,0,3235,670.9253,5.4174,750.0727,1.59,A
100,hotel/reservation,3523.99,65.32,1119.06,0.0,0,211167,43795.1439,26.2687,750.0727,6.36,A
100,hotel/search,2713.86,32.0,1119.06,0.0,0,9286,1925.8772,20.2298,750.0727,5.05,A
100,hotel/user,47.77,20.5,1119.06,0.0,0,1921,398.4073,1.2515,750.0727,0.0924,A
100,sa1/customer-feedback,17817.31,10156.37,13293.62,3.8945,42,22266,4617.8744,132.8149,750.0727,72.5,A
100,sn1/compose-post-service,1377.2,77.87,251.42,0.0,0,6780,1406.1434,10.266,750.0727,2.62,A
100,sn1/home-timeline-redis,280.78,2554.41,952.74,0.0,0,1490,309.0197,2.093,750.0727,0.539,A
100,sn1/home-timeline-service,1571.33,109.6,251.42,0.0,0,6740,1397.8475,11.7131,750.0727,3.09,A
100,sn1/jaeger,13.08,5106.24,75.0,0.0,0,2464,511.0232,1.2515,750.0727,0.0462,A
100,sn1/media-frontend,0.0,2027.57,648.43,0.0,0,0,284.8009,1.2515,1.3303,0.0,A
100,sn1/media-memcached,0.14,4.63,75.33,0.0,0,0,284.8009,1.2515,1.3303,0.0,A
100,sn1/media-mongodb,7.84,73.66,703.91,0.0078,4,213,284.8009,1.2515,1.3303,0.0,A
100,sn1/media-service,74.25,4.8,251.42,0.0,0,713,284.8009,1.2515,750.0727,0.139,A
100,sn1/nginx-thrift,23944.95,42634.45,620.32,17.5469,162,10850,2250.2442,178.4919,750.0727,48.2,A
100,sn1/post-storage-memcached,1751.18,71.03,75.33,0.0,0,6603,1369.4343,13.0538,750.0727,3.43,A
100,sn1/post-storage-mongodb,910.59,8187.77,4129.87,0.0,0,1087,284.8009,6.7878,750.0727,1.82,A
100,sn1/post-storage-service,7370.05,95.31,251.42,0.0,0,13297,2757.7416,54.9383,750.0727,14.6,A
100,sn1/social-graph-mongodb,8.05,728.27,756.91,0.0078,4,75,284.8009,1.2515,1.3303,0.0,A
100,sn1/social-graph-redis,2.5,20.04,103.57,0.0,0,165,284.8009,1.2515,1.3303,0.0,A
100,sn1/social-graph-service,0.04,31.3,251.42,0.0,0,0,284.8009,1.2515,1.3303,0.0,A
100,sn1/text-service,1431.89,58.21,251.42,0.0,0,5947,1233.3827,10.6737,750.0727,2.77,A
100,sn1/unique-id-service,77.3,4.71,251.42,0.0,0,657,284.8009,1.2515,750.0727,0.154,A
100,sn1/url-shorten-memcached,0.15,4.63,75.33,0.0,0,0,284.8009,1.2515,1.3303,0.0,A
100,sn1/url-shorten-mongodb,318.83,105.81,702.74,0.0664,6,2073,429.9314,2.3766,750.0727,0.662,A
100,sn1/url-shorten-service,1236.09,57.11,251.42,0.0,0,6764,1402.825,9.2141,750.0727,2.43,A
100,sn1/user-memcached,151.95,6.4,75.33,0.0,0,2909,603.3143,1.2515,750.0727,0.262,A
100,sn1/user-mention-service,239.47,6.84,251.42,0.0,0,1121,284.8009,1.7851,750.0727,0.446,A
100,sn1/user-mongodb,7.63,97.07,704.67,0.0078,4,188,284.8009,1.2515,1.3303,0.0308,A
100,sn1/user-service,70.87,18.05,251.42,0.0,0,555,284.8009,1.2515,750.0727,0.154,A
100,sn1/user-timeline-mongodb,14.32,106.82,702.94,0.0,0,241,284.8009,1.2515,750.0727,0.0462,A
100,sn1/user-timeline-redis,148.25,95.99,136.86,0.0,0,864,284.8009,1.2515,750.0727,0.292,A
100,sn1/user-timeline-service,1469.48,519.43,251.42,0.0,0,8368,1735.4879,10.9539,750.0727,2.86,A
101,hotel/consul,14.23,27.49,201.48,0.0,0,3575,816.9232,1.2515,739.6481,0.0244,A
101,hotel/frontend,9941.99,125.28,1119.14,0.0,0,753626,172211.0578,153.01,739.6481,21.9,A
101,hotel/geo,1161.49,28.98,1119.06,0.0,0,3433,784.4747,17.8757,739.6481,2.28,A
101,hotel/jaeger,0.16,14.79,81.01,0.0,0,0,284.8009,1.2515,1.3303,0.0,A
101,hotel/memcached-profile,143.06,7.7,79.25,0.0,0,1925,439.8817,2.2017,739.6481,0.293,A
101,hotel/memcached-rate,104.8,7.61,79.25,0.0,0,1810,413.6031,1.6129,739.6481,0.207,A
101,hotel/memcached-reserve,169.19,7.22,79.25,0.0,0,1253,286.323,2.6039,739.6481,0.366,A
101,hotel/mongodb-geo,7.63,62.9,400.43,0.0195,2,54,284.8009,1.2515,1.3303,0.0,A
101,hotel/mongodb-profile,7.58,63.96,400.43,0.0195,2,1651,377.27,1.2515,1.3303,0.0122,A
101,hotel/mongodb-rate,7.2,64.73,400.43,0.0,0,31,284.8009,1.2515,1.3303,0.0244,A
101,hotel/mongodb-recommendation,7.69,62.72,400.43,0.0195,2,89,284.8009,1.2515,1.3303,0.0122,A
101,hotel/mongodb-reservation,10.55,252.23,400.43,0.082,34,100,284.8009,1.2515,739.6481,0.0244,A
101,hotel/mongodb-user,8.0,63.07,400.43,0.0195,2,492,284.8009,1.2515,1.3303,0.0122,A
101,hotel/profile,3432.59,50.18,1119.06,0.0,0,86599,19788.7353,52.8285,739.6481,7.05,A
101,hotel/rate,1472.61,39.9,1119.14,0.0,0,4377,1000.1882,22.6639,739.6481,3.04,A
101,hotel/recommendation,843.05,28.81,1119.06,0.0,0,2428,554.8222,12.9748,739.6481,1.56,A
101,hotel/reservation,3683.19,70.51,1119.06,0.0,0,206381,47160.117,56.6853,739.6481,7.81,A
101,hotel/search,2814.63,40.46,1119.06,0.0,0,17017,3888.5542,43.3179,739.6481,5.39,A
101,hotel/user,55.07,20.68,1119.06,0.0,0,924,284.8009,1.2515,739.6481,0.11,A
101,sa1/customer-feedback,16651.41,10154.5,13293.62,0.0,0,6145,1404.1938,256.2698,739.6481,46.2,A
101,sn1/compose-post-service,1348.8,76.99,251.42,0.0,0,6903,1577.4044,20.7584,739.6481,2.95,A
101,sn1/home-timeline-redis,288.88,2554.68,952.74,0.0,0,1641,374.9849,4.4459,739.6481,0.659,A
101,sn1/home-timeline-service,1578.56,109.22,251.42,0.0,0,5358,1224.3564,24.2945,739.6481,3.48,A
101,sn1/jaeger,55.3,5128.2,75.0,0.0,0,1776,405.8337,1.2515,739.6481,0.317,A
101,sn1/media-frontend,0.0,2027.57,648.43,0.0,0,0,284.8009,1.2515,1.3303,0.0,A
101,sn1/media-memcached,0.16,4.63,75.33,0.0,0,0,284.8009,1.2515,1.3303,0.0,A
101,sn1/media-mongodb,9.1,73.66,703.91,0.0273,2,146,284.8009,1.2515,1.3303,0.0244,A
101,sn1/media-service,72.3,4.8,251.42,0.0,0,666,284.8009,1.2515,739.6481,0.159,A
101,sn1/nginx-thrift,23963.27,42643.81,620.32,17.7227,158,9808,2241.2258,368.8013,739.6481,53.2,A
101,sn1/post-storage-memcached,1759.0,70.93,75.33,0.0,0,6458,1475.7174,27.0715,739.6481,3.88,A
101,sn1/post-storage-mongodb,924.67,8187.84,4129.87,0.043,2,1102,284.8009,14.2309,739.6481,2.06,A
101,sn1/post-storage-service,7413.43,96.39,251.42,0.0,0,12886,2944.5795,114.0947,739.6481,16.4,A
101,sn1/social-graph-mongodb,9.54,728.27,756.91,0.0273,2,193,284.8009,1.2515,1.3303,0.0122,A
101,sn1/social-graph-redis,2.27,20.04,103.57,0.0,0,273,284.8009,1.2515,1.3303,0.0,A
101,sn1/social-graph-service,0.0,31.3,251.42,0.0,0,0,284.8009,1.2515,1.3303,0.0,A
101,sn1/text-service,1396.63,56.87,251.42,0.0,0,7149,1633.6178,21.4945,739.6481,3.09,A
101,sn1/unique-id-service,74.77,4.71,251.42,0.0,0,682,284.8009,1.2515,739.6481,0.159,A
101,sn1/url-shorten-memcached,0.14,4.63,75.33,0.0,0,0,284.8009,1.2515,1.3303,0.0,A
101,sn1/url-shorten-mongodb,296.0,107.11,702.74,0.0,0,1840,420.4584,4.5555,739.6481,0.72,A
101,sn1/url-shorten-service,1171.08,58.07,251.42,0.0,0,7293,1666.5232,18.0232,739.6481,2.7,A
101,sn1/user-memcached,149.33,6.59,75.33,0.0,0,2245,513.0049,2.2982,739.6481,0.341,A
101,sn1/user-mention-service,230.59,7.03,251.42,0.0,0,1028,284.8009,3.5488,739.6481,0.512,A
101,sn1/user-mongodb,9.02,97.07,704.67,0.0273,2,353,284.8009,1.2515,1.3303,0.0244,A
101,sn1/user-service,69.39,18.05,251.42,0.0,0,763,284.8009,1.2515,739.6481,0.146,A
101,sn1/user-timeline-mongodb,15.72,106.83,702.94,0.0312,4,655,284.8009,1.2515,739.6481,0.0366,A
101,sn1/user-timeline-redis,146.17,95.67,136.86,0.0,0,1054,284.8009,2.2496,739.6481,0.329,A
101,sn1/user-timeline-service,1471.19,518.86,251.42,0.0,0,7685,1756.0992,22.642,739.6481,3.2,A
102,hotel/consul,14.43,28.12,201.48,0.0,0,5833,1305.3757,1.2515,735.0817,0.0159,A
102,hotel/frontend,9816.27,123.15,1119.14,0.0,0,629838,140952.3768,121.4737,735.0817,20.5,A
102,hotel/geo,1218.08,27.27,1119.06,0.0,0,3993,893.5994,15.0734,735.0817,2.54,A
102,hotel/jaeger,0.18,14.79,81.01,0.0,0,0,284.8009,1.2515,1.3303,0.0,A
102,hotel/memcached-profile,146.49,7.73,79.25,0.0,0,2187,489.432,1.8128,735.0817,0.318,A
102,hotel/memcached-rate,103.16,7.6,79.25,0.0,0,3237,724.413,1.2766,735.0817,0.206,A
102,hotel/memcached-reserve,176.32,7.36,79.25,0.0,0,2488,556.7932,2.1819,735.0817,0.381,A
102,hotel/mongodb-geo,7.69,62.91,400.43,0.0508,12,312,284.8009,1.2515,1.3303,0.0159,A
102,hotel/mongodb-profile,7.44,63.96,400.43,0.0469,8,117,284.8009,1.2515,1.3303,0.0159,A
102,hotel/mongodb-rate,7.96,64.73,400.43,0.0312,2,132,284.8009,1.2515,1.3303,0.0318,A
102,hotel/mongodb-recommendation,7.63,62.72,400.43,0.0469,10,184,284.8009,1.2515,1.3303,0.0318,A
102,hotel/mongodb-reservation,10.53,252.3,400.43,0.6406,94,375,284.8009,1.2515,735.0817,0.0318,A
102,hotel/mongodb-user,7.65,63.07,400.43,0.0469,10,223,284.8009,1.2515,1.3303,0.0159,A
102,hotel/profile,3468.66,47.41,1119.06,0.0,0,53367,11943.0798,42.9237,735.0817,7.37,A
102,hotel/rate,1517.88,39.03,1119.14,0.0,0,4592,1027.6505,18.7834,735.0817,3.54,A
102,hotel/recommendation,822.32,27.04,1119.06,0.0,0,4165,932.0915,10.176,735.0817,1.81,A
102,hotel/reservation,3542.06,69.15,1119.06,0.0,0,121166,27115.9182,43.832,735.0817,6.21,A
102,hotel/search,2871.72,38.17,1119.06,0.0,0,9660,2161.8257,35.5368,735.0817,6.53,A
102,hotel/user,50.69,20.79,1119.06,0.0,0,1162,284.8009,1.2515,735.0817,0.111,A
102,sa1/customer-feedback,25103.22,10153.63,13293.62,0.0,0,12101,2708.1007,310.6455,735.0817,78.2,A
102,sn1/compose-post-service,1342.87,77.19,251.42,0.0,0,7623,1705.9624,16.6176,735.0817,2.75,A
102,sn1/home-timeline-redis,294.55,2554.23,952.74,0.0,0,2105,471.0811,3.645,735.0817,0.635,A
102,sn1/home-timeline-service,1586.65,109.49,251.42,0.0,0,7752,1734.8315,19.6344,735.0817,3.3,A
102,sn1/jaeger,14.14,5134.64,75.0,0.0,0,1098,284.8009,1.2515,735.0817,0.0635,A
102,sn1/media-frontend,0.0,2027.57,648.43,0.0,0,0,284.8009,1.2515,1.3303,0.0,A
102,sn1/media-memcached,0.13,4.63,75.33,0.0,0,0,284.8009,1.2515,1.3303,0.0,A
102,sn1/media-mongodb,8.06,73.66,703.91,0.0,0,150,284.8009,1.2515,1.3303,0.0159,A
102,sn1/media-service,72.14,4.77,251.42,0.0,0,1006,284.8009,1.2515,735.0817,0.159,A
102,sn1/nginx-thrift,24212.17,42654.0,620.32,17.4961,158,13244,2963.8943,299.619,735.0817,51.0,A
102,sn1/post-storage-memcached,1767.75,70.42,75.33,0.0,0,7703,1723.8658,21.8754,735.0817,3.7,A
102,sn1/post-storage-mongodb,935.83,8188.32,4129.87,0.0039,2,1478,330.7638,11.5806,735.0817,1.94,A
102,sn1/post-storage-service,7459.89,93.97,251.42,0.0,0,15487,3465.8586,92.3141,735.0817,15.5,A
102,sn1/social-graph-mongodb,8.14,728.27,756.91,0.0,0,66,284.8009,1.2515,1.3303,0.0318,A
102,sn1/social-graph-redis,2.48,20.04,103.57,0.0,0,623,284.8009,1.2515,1.3303,0.0318,A
102,sn1/social-graph-service,0.05,31.3,251.42,0.0,0,0,284.8009,1.2515,1.3303,0.0,A
102,sn1/text-service,1413.34,54.99,251.42,0.0,0,7080,1584.4437,17.4897,735.0817,2.87,A
102,sn1/unique-id-service,76.56,4.67,251.42,0.0,0,752,284.8009,1.2515,735.0817,0.159,A
102,sn1/url-shorten-memcached,0.15,4.63,75.33,0.0,0,0,284.8009,1.2515,1.3303,0.0,A
102,sn1/url-shorten-mongodb,289.45,107.14,702.74,0.0352,4,1534,343.2961,3.5819,735.0817,0.651,A
102,sn1/url-shorten-service,1160.84,58.67,251.42,0.0,0,7030,1573.2541,14.3651,735.0817,2.43,A
102,sn1/user-memcached,149.17,6.32,75.33,0.0,0,3980,890.6901,1.8459,735.0817,0.302,A
102,sn1/user-mention-service,235.46,6.86,251.42,0.0,0,1360,304.3564,2.9138,735.0817,0.461,A
102,sn1/user-mongodb,7.95,97.07,704.67,0.0,0,51,284.8009,1.2515,1.3303,0.0159,A
102,sn1/user-service,69.7,18.05,251.42,0.0,0,793,284.8009,1.2515,735.0817,0.159,A
102,sn1/user-timeline-mongodb,15.0,106.83,702.94,0.0,0,578,284.8009,1.2515,735.0817,0.0318,A
102,sn1/user-timeline-redis,148.69,95.93,136.86,0.0,0,912,284.8009,1.84,735.0817,0.318,A
102,sn1/user-timeline-service,1478.24,518.0,251.42,0.0,0,9868,2208.3743,18.2928,735.0817,3.05,A
103,hotel/consul,13.55,28.12,201.48,0.0,0,4186,964.5573,1.2515,740.0613,0.0371,A
103,hotel/frontend,9841.46,124.16,1119.14,0.0,0,863585,198991.2149,139.6881,740.0613,23.9,A
103,hotel/geo,1128.22,29.06,1119.06,0.0,0,3966,913.8639,16.0138,740.0613,2.64,A
103,hotel/jaeger,0.16,14.79,81.01,0.0,0,1082,284.8009,1.2515,1.3303,0.0,A
103,hotel/memcached-profile,139.45,8.48,79.25,0.0,0,1870,430.894,1.9793,740.0613,0.353,A
103,hotel/memcached-rate,106.4,7.61,79.25,0.0,0,2786,641.9629,1.5102,740.0613,0.241,A
103,hotel/memcached-reserve,173.07,7.25,79.25,0.0,0,1760,405.5473,2.4565,740.0613,0.39,A
103,hotel/mongodb-geo,7.84,62.91,400.43,0.0195,2,2219,511.3122,1.2515,1.3303,0.0186,A
103,hotel/mongodb-profile,7.78,63.96,400.43,0.0195,2,52,284.8009,1.2515,1.3303,0.0186,A
103,hotel/mongodb-rate,6.99,64.73,400.43,0.0,0,414,284.8009,1.2515,1.3303,0.0186,A
103,hotel/mongodb-recommendation,7.39,62.72,400.43,0.0195,2,318,284.8009,1.2515,1.3303,0.0371,A
103,hotel/mongodb-reservation,9.31,252.32,400.43,0.0703,26,385,284.8009,1.2515,1.3303,0.0371,A
103,hotel/mongodb-user,7.77,63.07,400.43,0.0195,2,517,284.8009,1.2515,1.3303,0.0186,A
103,hotel/profile,3316.37,47.49,1119.06,0.0,0,63028,14523.2007,47.072,740.0613,7.87,A
103,hotel/rate,1430.11,38.87,1119.14,0.0,0,5395,1243.1406,20.2987,740.0613,3.51,A
103,hotel/recommendation,731.81,27.5,1119.06,0.0,0,3049,702.5646,10.3872,740.0613,1.47,A
103,hotel/reservation,3530.04,63.47,1119.06,0.0,0,153199,35300.8159,50.1048,740.0613,8.17,A
103,hotel/search,2728.38,36.48,1119.06,0.0,0,16007,3688.4063,38.7262,740.0613,6.65,A
103,hotel/user,50.24,20.7,1119.06,0.0,0,2577,593.8042,1.2515,740.0613,0.0928,A
103,sa1/customer-feedback,18048.74,10156.6,13293.62,0.0,0,12920,2977.0856,256.1808,740.0613,59.4,A
103,sn1/compose-post-service,1352.51,76.3,251.42,0.0,0,6878,1584.8603,19.1973,740.0613,3.05,A
103,sn1/home-timeline-redis,290.97,2554.48,952.74,0.0,0,1587,365.6838,4.13,740.0613,0.706,A
103,sn1/home-timeline-service,1597.15,110.31,251.42,0.0,0,6005,1383.6996,22.6697,740.0613,3.83,A
103,sn1/jaeger,58.09,5158.21,75.0,0.0,0,1086,284.8009,1.2515,740.0613,0.204,A
103,sn1/media-frontend,0.0,2027.57,648.43,0.0,0,0,284.8009,1.2515,1.3303,0.0,A
103,sn1/media-memcached,0.16,4.63,75.33,0.0,0,0,284.8009,1.2515,1.3303,0.0,A
103,sn1/media-mongodb,9.18,73.66,703.91,0.0273,2,459,284.8009,1.2515,1.3303,0.0371,A
103,sn1/media-service,73.8,4.86,251.42,0.0,0,865,284.8009,1.2515,740.0613,0.186,A
103,sn1/nginx-thrift,24181.89,42661.01,620.32,17.5703,154,10268,2365.9996,343.2337,740.0613,58.3,A
103,sn1/post-storage-memcached,1773.18,70.46,75.33,0.0,0,7301,1682.3299,25.1682,740.0613,4.2,A
103,sn1/post-storage-mongodb,935.21,8187.8,4129.87,0.0508,4,1141,284.8009,13.2742,740.0613,2.23,A
103,sn1/post-storage-service,7473.71,92.77,251.42,0.0,0,14642,3373.8768,106.0806,740.0613,17.8,A
103,sn1/social-graph-mongodb,9.42,728.27,756.91,0.0273,2,218,284.8009,1.2515,1.3303,0.0186,A
103,sn1/social-graph-redis,2.24,20.04,103.57,0.0,0,240,284.8009,1.2515,1.3303,0.0186,A
103,sn1/social-graph-service,0.0,31.3,251.42,0.0,0,0,284.8009,1.2515,1.3303,0.0,A
103,sn1/text-service,1434.93,61.51,251.42,0.0,0,6954,1602.3726,20.3672,740.0613,3.31,A
103,sn1/unique-id-service,75.23,4.64,251.42,0.0,0,746,284.8009,1.2515,740.0613,0.167,A
103,sn1/url-shorten-memcached,0.17,4.63,75.33,0.0,0,1797,414.073,1.2515,1.3303,0.0,A
103,sn1/url-shorten-mongodb,316.22,107.0,702.74,0.0,0,1451,334.3461,4.4884,740.0613,0.836,A
103,sn1/url-shorten-service,1231.26,57.04,251.42,0.0,0,6720,1548.4532,17.4763,740.0613,2.92,A
103,sn1/user-memcached,152.44,6.79,75.33,0.0,0,2223,512.2339,2.1637,740.0613,0.353,A
103,sn1/user-mention-service,241.28,7.51,251.42,0.0,0,1084,284.8009,3.4247,740.0613,0.576,A
103,sn1/user-mongodb,9.32,97.07,704.67,0.0273,2,203,284.8009,1.2515,1.3303,0.0186,A
103,sn1/user-service,69.41,18.05,251.42,0.0,0,776,284.8009,1.2515,740.0613,0.167,A
103,sn1/user-timeline-mongodb,15.04,106.83,702.94,0.0273,2,835,284.8009,1.2515,740.0613,0.0371,A
103,sn1/user-timeline-redis,149.31,95.68,136.86,0.0,0,963,284.8009,2.1193,740.0613,0.353,A
103,sn1/user-timeline-service,1498.25,520.08,251.42,0.0,0,9149,2108.1545,21.2659,740.0613,3.45,A
104,hotel/consul,14.88,28.83,201.48,0.0,0,3402,790.2597,1.2515,772.3804,0.0558,A
104,hotel/frontend,9953.0,115.02,1119.14,0.0,0,678658,157647.2789,106.7903,772.3804,24.2,A
104,hotel/geo,1278.61,28.23,1119.06,0.0,0,3829,889.4486,13.7188,772.3804,2.83,A
104,hotel/jaeger,0.23,14.79,81.01,0.0,0,0,284.8009,1.2515,1.3303,0.0,A
104,hotel/memcached-profile,152.66,7.71,79.25,0.0,0,2180,506.398,1.638,772.3804,0.372,A
104,hotel/memcached-rate,107.02,7.59,79.25,0.0,0,3663,850.8881,1.2515,772.3804,0.298,A
104,hotel/memcached-reserve,171.24,7.23,79.25,0.0,0,1730,401.8663,1.8373,772.3804,0.446,A
104,hotel/mongodb-geo,6.78,62.91,400.43,0.0,0,359,284.8009,1.2515,1.3303,0.0372,A
104,hotel/mongodb-profile,6.62,63.96,400.43,0.0,0,33,284.8009,1.2515,1.3303,0.0186,A
104,hotel/mongodb-rate,7.76,64.73,400.43,0.0508,4,1162,284.8009,1.2515,1.3303,0.0186,A
104,hotel/mongodb-recommendation,6.96,62.72,400.43,0.0,0,43,284.8009,1.2515,1.3303,0.0,A
104,hotel/mongodb-reservation,8.81,252.33,400.43,0.0586,30,329,284.8009,1.2515,1.3303,0.0186,A
104,hotel/mongodb-user,7.26,63.07,400.43,0.0,0,2143,497.8032,1.2515,1.3303,0.0186,A
104,hotel/profile,3564.65,42.92,1119.06,0.0,0,107989,25085.0532,38.2468,772.3804,8.41,A
104,hotel/rate,1639.55,43.14,1119.14,0.0,0,4947,1149.1518,17.5915,772.3804,4.2,A
104,hotel/recommendation,850.32,27.06,1119.06,0.0,0,3534,820.9223,9.1235,772.3804,1.86,A
104,hotel/reservation,3438.9,67.97,1119.06,0.0,0,123758,28748.0763,36.8975,772.3804,9.23,A
104,hotel/search,2999.81,35.32,1119.06,0.0,0,11775,2735.2462,32.1863,772.3804,7.31,A
104,hotel/user,54.1,20.74,1119.06,0.0,0,2465,572.6014,1.2515,772.3804,0.149,A
104,sa1/customer-feedback,21291.21,10158.02,13293.62,0.0,0,12286,2853.9477,228.4431,772.3804,42.0,A
104,sn1/compose-post-service,1333.64,83.08,251.42,0.0,0,7134,1657.1759,14.3092,772.3804,3.05,A
104,sn1/home-timeline-redis,286.03,2554.49,952.74,0.0,0,1502,348.9036,3.0689,772.3804,0.688,A
104,sn1/home-timeline-service,1597.59,109.38,251.42,0.0,0,6575,1527.3243,17.1413,772.3804,3.91,A
104,sn1/jaeger,15.39,5164.02,75.0,0.0,0,428,284.8009,1.2515,772.3804,0.093,A
104,sn1/media-frontend,0.0,2027.57,648.43,0.0,0,0,284.8009,1.2515,1.3303,0.0,A
104,sn1/media-memcached,0.13,4.63,75.33,0.0,0,922,284.8009,1.2515,1.3303,0.0,A
104,sn1/media-mongodb,7.8,73.66,703.91,0.0898,18,43,284.8009,1.2515,1.3303,0.0,A
104,sn1/media-service,73.5,4.83,251.42,0.0,0,1087,284.8009,1.2515,772.3804,0.167,A
104,sn1/nginx-thrift,24299.11,42676.31,620.32,17.8984,168,10711,2488.0868,260.7162,772.3804,59.2,A
104,sn1/post-storage-memcached,1770.13,70.34,75.33,0.0,0,7205,1673.6687,18.9925,772.3804,4.28,A
104,sn1/post-storage-mongodb,934.86,8188.4,4129.87,0.0078,4,1153,284.8009,10.0305,772.3804,2.23,A
104,sn1/post-storage-service,7449.33,94.52,251.42,0.0,0,13698,3181.945,79.9272,772.3804,18.0,A
104,sn1/social-graph-mongodb,8.04,728.27,756.91,1.5898,46,222,284.8009,1.2515,1.3303,0.0186,A
104,sn1/social-graph-redis,2.35,20.04,103.57,0.0,0,91,284.8009,1.2515,1.3303,0.0,A
104,sn1/social-graph-service,0.04,31.3,251.42,0.0,0,0,284.8009,1.2515,1.3303,0.0,A
104,sn1/text-service,1403.89,55.26,251.42,0.0,0,6791,1577.4995,15.063,772.3804,3.24,A
104,sn1/unique-id-service,73.48,4.64,251.42,0.0,0,782,284.8009,1.2515,772.3804,0.167,A
104,sn1/url-shorten-memcached,0.14,4.63,75.33,0.0,0,0,284.8009,1.2515,1.3303,0.0,A
104,sn1/url-shorten-mongodb,327.76,106.3,702.74,0.043,4,2716,630.9069,3.5167,772.3804,0.837,A
104,sn1/url-shorten-service,1229.34,67.14,251.42,0.0,0,6641,1542.6556,13.1901,772.3804,2.81,A
104,sn1/user-memcached,150.29,6.32,75.33,0.0,0,3042,706.6343,1.6125,772.3804,0.372,A
104,sn1/user-mention-service,234.86,6.87,251.42,0.0,0,993,284.8009,2.5199,772.3804,0.558,A
104,sn1/user-mongodb,7.72,97.07,704.67,0.4805,40,297,284.8009,1.2515,1.3303,0.0186,A
104,sn1/user-service,69.72,18.02,251.42,0.0,0,631,284.8009,1.2515,772.3804,0.167,A
104,sn1/user-timeline-mongodb,14.71,106.83,702.94,0.0,0,526,284.8009,1.2515,772.3804,0.0372,A
104,sn1/user-timeline-redis,152.23,95.68,136.86,0.0,0,883,284.8009,1.6333,772.3804,0.372,A
104,sn1/user-timeline-service,1490.21,519.21,251.42,0.0,0,8206,1906.1937,15.9891,772.3804,3.5,A
105,hotel/consul,14.56,28.83,201.48,0.0,0,1721,414.8195,1.2515,753.7863,0.0384,A
105,hotel/frontend,9861.85,119.19,1119.14,0.0,0,794738,191558.8586,142.4968,753.7863,24.7,A
105,hotel/geo,1291.35,28.94,1119.06,0.0,0,3886,936.658,18.6591,753.7863,3.61,A
105,hotel/jaeger,0.23,14.79,81.01,0.0,0,0,284.8009,1.2515,1.3303,0.0,A
105,hotel/memcached-profile,146.14,8.47,79.25,0.0,0,1976,476.2831,2.1116,753.7863,0.403,A
105,hotel/memcached-rate,104.46,7.63,79.25,0.0,0,5049,1216.9805,1.5094,753.7863,0.269,A
105,hotel/memcached-reserve,173.3,7.23,79.25,0.0,0,1890,455.5542,2.5041,753.7863,0.441,A
105,hotel/mongodb-geo,7.84,62.91,400.43,0.0195,2,527,284.8009,1.2515,1.3303,0.0192,A
105,hotel/mongodb-profile,7.63,63.96,400.43,0.0195,2,1946,469.0521,1.2515,1.3303,0.0192,A
105,hotel/mongodb-rate,7.13,64.73,400.43,0.0,0,5403,1302.3066,1.2515,1.3303,0.0384,A
105,hotel/mongodb-recommendation,7.83,62.72,400.43,0.0273,4,548,284.8009,1.2515,1.3303,0.0192,A
105,hotel/mongodb-reservation,9.56,252.33,400.43,0.0742,28,266,284.8009,1.2515,1.3303,0.0192,A
105,hotel/mongodb-user,8.18,63.07,400.43,0.0195,2,1025,284.8009,1.2515,1.3303,0.0384,A
105,hotel/profile,3445.01,45.31,1119.06,0.0,0,53977,13010.2908,49.778,753.7863,9.33,A
105,hotel/rate,1554.45,40.4,1119.14,0.0,0,4702,1133.3417,22.4607,753.7863,4.17,A
105,hotel/recommendation,790.28,26.64,1119.06,0.0,0,3171,764.3187,11.419,753.7863,2.03,A
105,hotel/reservation,3424.82,64.31,1119.06,0.0,0,73842,17798.4307,49.4862,753.7863,8.41,A
105,hotel/search,2951.69,43.16,1119.06,0.0,0,12035,2900.8439,42.6498,753.7863,8.29,A
105,hotel/user,49.12,20.73,1119.06,0.0,0,1018,284.8009,1.2515,753.7863,0.096,A
105,sa1/customer-feedback,20928.06,10157.96,13293.62,0.0,0,13528,3260.7076,302.3958,753.7863,44.0,A
105,sn1/compose-post-service,1313.19,83.35,251.42,0.0,0,7391,1781.4821,18.9747,753.7863,3.13,A
105,sn1/home-timeline-redis,291.99,2554.27,952.74,0.0,0,1608,387.5826,4.2191,753.7863,0.768,A
105,sn1/home-timeline-service,1596.69,107.93,251.42,0.0,0,6883,1659.0368,23.071,753.7863,3.97,A
105,sn1/jaeger,2026.56,5188.99,75.0,0.0,0,2446,589.5691,29.2824,753.7863,13.8,A
105,sn1/media-frontend,0.0,2027.57,648.43,0.0,0,0,284.8009,1.2515,1.3303,0.0,A
105,sn1/media-memcached,0.14,4.63,75.33,0.0,0,0,284.8009,1.2515,1.3303,0.0,A
105,sn1/media-mongodb,9.88,73.66,703.91,0.0273,2,456,284.8009,1.2515,1.3303,0.0384,A
105,sn1/media-service,71.92,4.83,251.42,0.0,0,629,284.8009,1.2515,753.7863,0.173,A
105,sn1/nginx-thrift,24280.74,42686.68,620.32,17.75,164,11353,2736.4587,350.8396,753.7863,60.1,A
105,sn1/post-storage-memcached,1775.8,70.62,75.33,0.0,0,6781,1634.4514,25.6591,753.7863,4.41,A
105,sn1/post-storage-mongodb,942.13,8188.15,4129.87,0.0469,2,1307,315.0314,13.6131,753.7863,2.32,A
105,sn1/post-storage-service,7491.23,96.45,251.42,0.0,0,14452,3483.423,108.243,753.7863,18.4,A
105,sn1/social-graph-mongodb,9.48,728.28,756.91,0.0352,4,580,284.8009,1.2515,1.3303,0.0384,A
105,sn1/social-graph-redis,2.63,20.04,103.57,0.0,0,222,284.8009,1.2515,1.3303,0.0,A
105,sn1/social-graph-service,0.0,31.3,251.42,0.0,0,0,284.8009,1.2515,1.3303,0.0,A
105,sn1/text-service,1392.9,62.83,251.42,0.0,0,7293,1757.8608,20.1264,753.7863,3.3,A
105,sn1/unique-id-service,73.57,4.64,251.42,0.0,0,567,284.8009,1.2515,753.7863,0.192,A
105,sn1/url-shorten-memcached,0.16,4.63,75.33,0.0,0,0,284.8009,1.2515,1.3303,0.0,A
105,sn1/url-shorten-mongodb,313.95,107.21,702.74,0.0,0,1994,480.6217,4.5364,753.7863,0.653,A
105,sn1/url-shorten-service,1223.93,68.58,251.42,0.0,0,7647,1843.1868,17.6849,753.7863,2.59,A
105,sn1/user-memcached,152.2,6.32,75.33,0.0,0,3211,773.9601,2.1992,753.7863,0.384,A
105,sn1/user-mention-service,235.24,6.89,251.42,0.0,0,1098,284.8009,3.3991,753.7863,0.576,A
105,sn1/user-mongodb,9.65,97.07,704.67,0.0312,2,137,284.8009,1.2515,1.3303,0.0384,A
105,sn1/user-service,67.67,18.02,251.42,0.0,0,843,284.8009,1.2515,753.7863,0.173,A
105,sn1/user-timeline-mongodb,16.12,106.83,702.94,0.0273,2,596,284.8009,1.2515,753.7863,0.0384,A
105,sn1/user-timeline-redis,150.34,96.22,136.86,0.0,0,1234,297.4359,2.1723,753.7863,0.365,A
105,sn1/user-timeline-service,1503.77,517.82,251.42,0.0,0,8863,2136.2841,21.7284,753.7863,3.57,A
106,hotel/consul,14.86,28.83,201.48,0.0,0,1402,339.4214,1.2515,765.5931,0.0449,A
106,hotel/frontend,9903.74,122.5,1119.14,0.0,0,682862,165319.5484,115.3405,765.5931,28.3,A
106,hotel/geo,1161.04,28.72,1119.06,0.0,0,3599,871.3108,13.5217,765.5931,3.26,A
106,hotel/jaeger,0.2,14.79,81.01,0.0,0,0,284.8009,1.2515,1.3303,0.0,A
106,hotel/memcached-profile,139.35,7.73,79.25,0.0,0,2223,538.1839,1.6229,765.5931,0.359,A
106,hotel/memcached-rate,102.42,7.64,79.25,0.0,0,1738,420.7664,1.2515,765.5931,0.27,A
106,hotel/memcached-reserve,173.45,7.24,79.25,0.0,0,1610,389.7778,2.02,765.5931,0.449,A
106,hotel/mongodb-geo,7.07,62.91,400.43,0.0,0,61,284.8009,1.2515,1.3303,0.0449,A
106,hotel/mongodb-profile,7.25,63.96,400.43,0.0,0,117,284.8009,1.2515,1.3303,0.0225,A
106,hotel/mongodb-rate,8.04,64.73,400.43,0.0312,2,211,284.8009,1.2515,1.3303,0.0225,A
106,hotel/mongodb-recommendation,7.41,62.72,400.43,0.0,0,70,284.8009,1.2515,1.3303,0.0225,A
106,hotel/mongodb-reservation,8.57,252.34,400.43,0.0352,18,157,284.8009,1.2515,1.3303,0.0449,A
106,hotel/mongodb-user,6.99,63.07,400.43,0.0,0,81,284.8009,1.2515,1.3303,0.0225,A
106,hotel/profile,3398.84,46.99,1119.06,0.0,0,93637,22669.3337,39.5834,765.5931,9.12,A
106,hotel/rate,1391.59,39.82,1119.14,0.0,0,5216,1262.7834,16.2067,765.5931,3.1,A
106,hotel/recommendation,708.29,26.61,1119.06,0.0,0,2475,599.1926,8.2489,765.5931,1.98,A
106,hotel/reservation,3478.73,64.45,1119.06,0.0,0,95515,23123.9938,40.5138,765.5931,9.14,A
106,hotel/search,2765.72,39.06,1119.06,0.0,0,18573,4496.4868,32.21,765.5931,7.48,A
106,hotel/user,50.05,20.09,1119.06,0.0,0,1588,384.4517,1.2515,765.5931,0.112,A
106,sa1/customer-feedback,12814.57,10158.77,13293.62,4.0781,40,4855,1175.386,149.2405,765.5931,39.0,A
106,sn1/compose-post-service,1375.45,83.78,251.42,0.0,0,6694,1620.6042,16.0187,765.5931,3.66,A
106,sn1/home-timeline-redis,300.29,2555.0,952.74,0.0,0,1506,364.5996,3.4972,765.5931,0.876,A
106,sn1/home-timeline-service,1620.45,110.44,251.42,0.0,0,5223,1264.478,18.872,765.5931,4.74,A
106,sn1/jaeger,12.88,5189.45,75.0,0.0,0,667,284.8009,1.2515,765.5931,0.0899,A
106,sn1/media-frontend,0.0,2027.57,648.43,0.0,0,0,284.8009,1.2515,1.3303,0.0,A
106,sn1/media-memcached,0.17,4.63,75.33,0.0,0,0,284.8009,1.2515,1.3303,0.0,A
106,sn1/media-mongodb,8.3,73.66,703.91,0.0,0,83,284.8009,1.2515,1.3303,0.0,A
106,sn1/media-service,74.99,4.73,251.42,0.0,0,766,284.8009,1.2515,765.5931,0.225,A
106,sn1/nginx-thrift,24201.29,42692.5,620.32,18.2031,172,8136,1969.7096,281.8521,765.5931,70.5,A
106,sn1/post-storage-memcached,1769.53,70.36,75.33,0.0,0,6432,1557.1746,20.6082,765.5931,5.1,A
106,sn1/post-storage-mongodb,926.82,8188.14,4129.87,0.0,0,1081,284.8009,10.7939,765.5931,2.72,A
106,sn1/post-storage-service,7475.97,92.26,251.42,0.0,0,12542,3036.3936,87.0663,765.5931,21.5,A
106,sn1/social-graph-mongodb,8.13,728.28,756.91,0.0,0,70,284.8009,1.2515,1.3303,0.0225,A
106,sn1/social-graph-redis,2.27,20.04,103.57,0.0,0,245,284.8009,1.2515,1.3303,0.0,A
106,sn1/social-graph-service,0.04,31.3,251.42,0.0,0,0,284.8009,1.2515,1.3303,0.0,A
106,sn1/text-service,1460.89,64.4,251.42,0.0,0,6104,1477.7664,17.0138,765.5931,3.82,A
106,sn1/unique-id-service,74.94,4.61,251.42,0.0,0,850,284.8009,1.2515,765.5931,0.202,A
106,sn1/url-shorten-memcached,0.16,4.63,75.33,0.0,0,0,284.8009,1.2515,1.3303,0.0,A
106,sn1/url-shorten-mongodb,317.4,107.66,702.74,0.0352,4,1524,368.9574,3.6965,765.5931,0.652,A
106,sn1/url-shorten-service,1263.23,68.86,251.42,0.0,0,6365,1540.954,14.7118,765.5931,2.79,A
106,sn1/user-memcached,153.14,6.32,75.33,0.0,0,2478,599.9189,1.7835,765.5931,0.472,A
106,sn1/user-mention-service,241.42,6.88,251.42,0.0,0,981,284.8009,2.8116,765.5931,0.697,A
106,sn1/user-mongodb,8.11,97.07,704.67,0.0,0,182,284.8009,1.2515,1.3303,0.0225,A
106,sn1/user-service,69.59,18.02,251.42,0.0,0,705,284.8009,1.2515,765.5931,0.202,A
106,sn1/user-timeline-mongodb,14.77,106.83,702.94,0.0,0,878,284.8009,1.2515,765.5931,0.0449,A
106,sn1/user-timeline-redis,149.31,95.71,136.86,0.0,0,835,284.8009,1.7389,765.5931,0.449,A
106,sn1/user-timeline-service,1475.32,518.14,251.42,0.0,0,7177,1737.5376,17.1818,765.5931,4.2,A
107,hotel/consul,14.31,28.83,201.48,0.0,0,2713,647.8215,1.2515,732.7001,0.0343,A
107,hotel/frontend,9841.0,126.0,1119.14,0.0,0,736116,175772.8694,137.0941,732.7001,22.1,A
107,hotel/geo,1252.92,27.99,1119.06,0.0,0,3571,852.6984,17.4543,732.7001,3.1,A
107,hotel/jaeger,0.21,14.79,81.01,0.0,0,0,284.8009,1.2515,1.3303,0.0171,A
107,hotel/memcached-profile,144.34,7.7,79.25,0.0,0,1625,388.0243,2.0108,732.7001,0.326,A
107,hotel/memcached-rate,108.64,7.61,79.25,0.0,0,3358,801.8373,1.5135,732.7001,0.257,A
107,hotel/memcached-reserve,174.38,7.25,79.25,0.0,0,1837,438.6466,2.4293,732.7001,0.394,A
107,hotel/mongodb-geo,7.84,62.91,400.43,0.0195,2,94,284.8009,1.2515,1.3303,0.0171,A
107,hotel/mongodb-profile,7.75,63.96,400.43,0.0195,2,192,284.8009,1.2515,1.3303,0.0171,A
107,hotel/mongodb-rate,7.19,64.73,400.43,0.0,0,146,284.8009,1.2515,1.3303,0.0343,A
107,hotel/mongodb-recommendation,7.78,62.72,400.43,0.0195,2,306,284.8009,1.2515,1.3303,0.0343,A
107,hotel/mongodb-reservation,9.72,252.34,400.43,0.0781,30,764,284.8009,1.2515,1.3303,0.0171,A
107,hotel/mongodb-user,7.93,63.07,400.43,0.0195,2,837,284.8009,1.2515,1.3303,0.0343,A
107,hotel/profile,3514.3,49.55,1119.06,0.0,0,102480,24470.6047,48.9574,732.7001,8.64,A
107,hotel/rate,1597.03,41.1,1119.14,0.0,0,4357,1040.3828,22.2481,732.7001,3.41,A
107,hotel/recommendation,752.63,28.71,1119.06,0.0,0,3041,726.1427,10.4848,732.7001,1.87,A
107,hotel/reservation,3638.64,69.03,1119.06,0.0,0,127320,30402.0042,50.6896,732.7001,7.23,A
107,hotel/search,2862.33,36.51,1119.06,0.0,0,22741,5430.1915,39.8749,732.7001,6.48,A
107,hotel/user,53.17,20.53,1119.06,0.0,0,1463,349.3413,1.2515,732.7001,0.12,A
107,sa1/customer-feedback,20467.56,10158.19,13293.62,0.0,0,8655,2066.6772,285.1317,732.7001,53.9,A
107,sn1/compose-post-service,1361.92,86.77,251.42,0.0,0,7219,1723.7831,18.9728,732.7001,2.86,A
107,sn1/home-timeline-redis,290.3,2554.26,952.74,0.0,0,1721,410.9476,4.0441,732.7001,0.634,A
107,sn1/home-timeline-service,1602.36,109.12,251.42,0.0,0,6460,1542.5459,22.3223,732.7001,3.58,A
107,sn1/jaeger,59.08,5189.89,75.0,0.0,0,1169,284.8009,1.2515,732.7001,0.206,A
107,sn1/media-frontend,0.0,2027.57,648.43,0.0,0,0,284.8009,1.2515,1.3303,0.0,A
107,sn1/media-memcached,0.14,4.63,75.33,0.0,0,0,284.8009,1.2515,1.3303,0.0,A
107,sn1/media-mongodb,10.21,73.67,703.91,0.0547,8,317,284.8009,1.2515,732.7001,0.0514,A
107,sn1/media-service,72.87,4.8,251.42,0.0,0,787,284.8009,1.2515,732.7001,0.154,A
107,sn1/nginx-thrift,24181.63,42707.11,620.32,17.7344,162,12140,2898.8402,336.872,732.7001,53.8,A
107,sn1/post-storage-memcached,1767.74,70.14,75.33,0.0,0,7796,1861.5616,24.6262,732.7001,3.91,A
107,sn1/post-storage-mongodb,943.17,8188.21,4129.87,0.0469,2,1187,284.8009,13.1392,732.7001,2.09,A
107,sn1/post-storage-service,7470.81,92.98,251.42,0.0,0,15117,3609.7007,104.0752,732.7001,16.5,A
107,sn1/social-graph-mongodb,9.7,728.28,756.91,0.0352,4,112,284.8009,1.2515,1.3303,0.0343,A
107,sn1/social-graph-redis,2.47,20.29,103.57,0.0,0,306,284.8009,1.2515,1.3303,0.0,A
107,sn1/social-graph-service,0.0,31.3,251.42,0.0,0,0,284.8009,1.2515,1.3303,0.0,A
107,sn1/text-service,1437.43,79.44,251.42,0.0,0,7504,1791.8366,20.0247,732.7001,3.08,A
107,sn1/unique-id-service,75.33,4.67,251.42,0.0,0,768,284.8009,1.2515,732.7001,0.154,A
107,sn1/url-shorten-memcached,0.18,4.63,75.33,0.0,0,0,284.8009,1.2515,1.3303,0.0,A
107,sn1/url-shorten-mongodb,311.36,109.35,702.74,0.0,0,2174,519.1168,4.3375,732.7001,0.531,A
107,sn1/url-shorten-service,1176.82,88.52,251.42,0.0,0,6962,1662.4156,16.3942,732.7001,2.52,A
107,sn1/user-memcached,151.98,6.34,75.33,0.0,0,2139,510.7594,2.1172,732.7001,0.343,A
107,sn1/user-mention-service,239.22,6.89,251.42,0.0,0,1172,284.8009,3.3326,732.7001,0.531,A
107,sn1/user-mongodb,9.72,97.07,704.67,0.0586,6,76,284.8009,1.2515,1.3303,0.0171,A
107,sn1/user-service,69.46,18.02,251.42,0.0,0,853,284.8009,1.2515,732.7001,0.154,A
107,sn1/user-timeline-mongodb,15.48,106.83,702.94,0.0703,10,735,284.8009,1.2515,732.7001,0.0171,A
107,sn1/user-timeline-redis,151.93,95.97,136.86,0.0,0,1262,301.3457,2.1165,732.7001,0.343,A
107,sn1/user-timeline-service,1503.64,518.7,251.42,0.0,0,9462,2259.3761,20.9471,732.7001,3.19,A
108,hotel/consul,16.36,28.83,201.48,0.0,0,2721,633.1741,1.2515,772.9719,0.0426,A
108,hotel/frontend,9975.38,120.96,1119.14,0.0,0,751158,174793.7554,118.8218,772.9719,27.0,A
108,hotel/geo,1241.61,27.68,1119.06,0.0,0,4310,1002.9329,14.7894,772.9719,3.35,A
108,hotel/jaeger,0.22,14.79,81.01,0.0,0,0,284.8009,1.2515,1.3303,0.0,A
108,hotel/memcached-profile,152.83,7.75,79.25,0.0,0,2577,599.6655,1.8204,772.9719,0.426,A
108,hotel/memcached-rate,107.13,7.64,79.25,0.0,0,1889,439.5685,1.2761,772.9719,0.298,A
108,hotel/memcached-reserve,181.23,7.3,79.25,0.0,0,2316,538.931,2.1587,772.9719,0.49,A
108,hotel/mongodb-geo,7.08,62.91,400.43,0.0,0,127,284.8009,1.2515,1.3303,0.0213,A
108,hotel/mongodb-profile,7.19,63.96,400.43,0.0,0,105,284.8009,1.2515,1.3303,0.0426,A
108,hotel/mongodb-rate,8.1,64.73,400.43,0.0312,2,71,284.8009,1.2515,1.3303,0.0213,A
108,hotel/mongodb-recommendation,7.25,62.72,400.43,0.0,0,68,284.8009,1.2515,1.3303,0.0213,A
108,hotel/mongodb-reservation,9.83,252.35,400.43,0.0625,32,102,284.8009,1.2515,1.3303,0.0426,A
108,hotel/mongodb-user,6.87,63.07,400.43,0.0,0,643,284.8009,1.2515,1.3303,0.0213,A
108,hotel/profile,3503.35,44.3,1119.06,0.0,0,34558,8041.6139,41.7302,772.9719,9.55,A
108,hotel/rate,1502.54,39.32,1119.14,0.0,0,5650,1314.7497,17.8975,772.9719,4.22,A
108,hotel/recommendation,818.31,27.86,1119.06,0.0,0,3618,841.9052,9.7473,772.9719,2.13,A
108,hotel/reservation,3759.02,64.75,1119.06,0.0,0,190270,44275.6488,44.7756,772.9719,11.9,A
108,hotel/search,2868.47,37.19,1119.06,0.0,0,16610,3865.1313,34.1678,772.9719,7.55,A
108,hotel/user,47.06,20.93,1119.06,0.0,0,3454,803.7425,1.2515,772.9719,0.128,A
108,sa1/customer-feedback,16646.89,10156.23,13293.62,0.0,0,7478,1740.1235,198.2895,772.9719,24.1,A
108,sn1/compose-post-service,1390.14,74.29,251.42,0.0,0,7423,1727.3251,16.5587,772.9719,3.47,A
108,sn1/home-timeline-redis,289.85,2554.26,952.74,0.0,0,1661,386.5131,3.4525,772.9719,0.767,A
108,sn1/home-timeline-service,1640.5,108.15,251.42,0.0,0,6804,1583.2844,19.5408,772.9719,4.41,A
108,sn1/jaeger,13.88,5189.91,75.0,0.0,0,492,284.8009,1.2515,772.9719,0.0853,A
108,sn1/media-frontend,0.0,2027.57,648.43,0.0,0,0,284.8009,1.2515,1.3303,0.0,A
108,sn1/media-memcached,0.13,4.63,75.33,0.0,0,0,284.8009,1.2515,1.3303,0.0,A
108,sn1/media-mongodb,8.34,73.67,703.91,0.0,0,72,284.8009,1.2515,1.3303,0.0213,A
108,sn1/media-service,75.16,4.8,251.42,0.0,0,783,284.8009,1.2515,772.9719,0.192,A
108,sn1/nginx-thrift,24772.95,42711.18,620.32,17.7656,158,10992,2557.828,295.0831,772.9719,66.5,A
108,sn1/post-storage-memcached,1812.21,70.35,75.33,0.0,0,6922,1610.7428,21.5862,772.9719,4.9,A
108,sn1/post-storage-mongodb,950.93,8188.24,4129.87,0.0,0,1214,284.8009,11.327,772.9719,2.58,A
108,sn1/post-storage-service,7609.29,94.97,251.42,0.0,0,14185,3300.8361,90.6381,772.9719,20.5,A
108,sn1/social-graph-mongodb,8.73,728.28,756.91,0.0,0,1618,376.5071,1.2515,1.3303,0.0213,A
108,sn1/social-graph-redis,2.4,20.04,103.57,0.0,0,179,284.8009,1.2515,1.3303,0.0213,A
108,sn1/social-graph-service,0.03,31.3,251.42,0.0,0,0,284.8009,1.2515,1.3303,0.0,A
108,sn1/text-service,1452.56,53.71,251.42,0.0,0,6666,1551.1719,17.3022,772.9719,3.6,A
108,sn1/unique-id-service,76.37,4.67,251.42,0.0,0,971,284.8009,1.2515,772.9719,0.213,A
108,sn1/url-shorten-memcached,0.15,4.63,75.33,0.0,0,0,284.8009,1.2515,1.3303,0.0,A
108,sn1/url-shorten-mongodb,334.55,108.92,702.74,0.0312,2,2181,507.5166,3.985,772.9719,0.682,A
108,sn1/url-shorten-service,1332.64,56.75,251.42,0.0,0,7408,1723.8346,15.8737,772.9719,2.9,A
108,sn1/user-memcached,152.47,6.32,75.33,0.0,0,3171,737.8887,1.8161,772.9719,0.426,A
108,sn1/user-mention-service,237.95,6.83,251.42,0.0,0,994,284.8009,2.8343,772.9719,0.618,A
108,sn1/user-mongodb,8.45,97.32,704.67,0.0,0,186,284.8009,1.2515,1.3303,0.0426,A
108,sn1/user-service,70.1,18.02,251.42,0.0,0,877,284.8009,1.2515,772.9719,0.192,A
108,sn1/user-timeline-mongodb,15.1,106.83,702.94,0.0,0,617,284.8009,1.2515,772.9719,0.0426,A
108,sn1/user-timeline-redis,153.14,95.96,136.86,0.0,0,956,284.8009,1.8241,772.9719,0.426,A
108,sn1/user-timeline-service,1523.69,518.59,251.42,0.0,0,9063,2108.9515,18.1494,772.9719,4.03,A
109,hotel/consul,13.95,28.84,201.48,0.0,0,4744,1049.5411,1.2515,726.3606,0.0181,A
109,hotel/frontend,9780.53,118.14,1119.14,0.0,0,728652,161203.6777,103.0139,726.3606,23.5,A
109,hotel/geo,1240.07,33.39,1119.06,0.0,0,3956,875.2076,13.0611,726.3606,2.81,A
109,hotel/jaeger,0.2,14.79,81.01,0.0,0,967,284.8009,1.2515,1.3303,0.0,A
109,hotel/memcached-profile,148.98,7.95,79.25,0.0,0,2124,469.9042,1.5691,726.3606,0.345,A
109,hotel/memcached-rate,109.96,7.59,79.25,0.0,0,2620,579.637,1.2515,726.3606,0.254,A
109,hotel/memcached-reserve,182.74,7.17,79.25,0.0,0,2079,459.9486,1.9247,726.3606,0.454,A
109,hotel/mongodb-geo,7.87,62.91,400.43,0.0195,2,121,284.8009,1.2515,1.3303,0.0181,A
109,hotel/mongodb-profile,7.79,63.96,400.43,0.0195,2,82,284.8009,1.2515,1.3303,0.0181,A
109,hotel/mongodb-rate,7.26,64.73,400.43,0.0,0,838,284.8009,1.2515,1.3303,0.0363,A
109,hotel/mongodb-recommendation,7.98,62.72,400.43,0.0195,2,187,284.8009,1.2515,1.3303,0.0363,A
109,hotel/mongodb-reservation,10.43,252.36,400.43,0.0703,26,124,284.8009,1.2515,726.3606,0.0181,A
109,hotel/mongodb-user,8.24,63.07,400.43,0.0195,2,80,284.8009,1.2515,1.3303,0.0181,A
109,hotel/profile,3389.34,45.36,1119.06,0.0,0,61280,13557.3104,35.6984,726.3606,8.0,A
109,hotel/rate,1505.77,38.4,1119.14,0.0,0,5589,1236.4851,15.8596,726.3606,4.39,A
109,hotel/recommendation,778.63,26.0,1119.06,0.0,0,3080,681.4053,8.201,726.3606,1.87,A
109,hotel/reservation,3514.44,62.46,1119.06,0.0,0,236771,52382.1467,37.016,726.3606,7.98,A
109,hotel/search,2973.76,34.32,1119.06,0.0,0,18436,4078.6974,31.3213,726.3606,6.97,A
109,hotel/user,58.53,20.42,1119.06,0.0,0,1273,284.8009,1.2515,726.3606,0.109,A
109,sa1/customer-feedback,19088.78,10158.71,13293.62,0.0,0,13736,3038.8906,201.0534,726.3606,59.5,A
109,sn1/compose-post-service,1338.69,85.82,251.42,0.0,0,6720,1486.7025,14.0998,726.3606,2.98,A
109,sn1/home-timeline-redis,291.27,2554.51,952.74,0.0,0,1544,341.5876,3.0678,726.3606,0.708,A
109,sn1/home-timeline-service,1600.91,108.73,251.42,0.0,0,6460,1429.1812,16.8617,726.3606,3.88,A
109,sn1/jaeger,62.69,5189.93,75.0,0.0,0,897,284.8009,1.2515,726.3606,0.218,A
109,sn1/media-frontend,0.0,2027.57,648.43,0.0,0,0,284.8009,1.2515,1.3303,0.0,A
109,sn1/media-memcached,0.15,4.63,75.33,0.0,0,0,284.8009,1.2515,1.3303,0.0,A
109,sn1/media-mongodb,10.18,73.67,703.91,0.0352,4,214,284.8009,1.2515,726.3606,0.0363,A
109,sn1/media-service,72.82,4.73,251.42,0.0,0,638,284.8009,1.2515,726.3606,0.181,A
109,sn1/nginx-thrift,24120.09,42717.09,620.32,17.4023,154,10814,2392.4405,254.0459,726.3606,58.1,A
109,sn1/post-storage-memcached,1779.99,70.83,75.33,0.0,0,7262,1606.6121,18.7478,726.3606,4.32,A
109,sn1/post-storage-mongodb,954.89,8187.89,4129.87,8.9023,136,1089,284.8009,10.0574,726.3606,2.32,A
109,sn1/post-storage-service,7472.91,92.16,251.42,0.0,0,14330,3170.3045,78.7088,726.3606,17.9,A
109,sn1/social-graph-mongodb,9.75,728.28,756.91,0.0312,2,110,284.8009,1.2515,1.3303,0.0181,A
109,sn1/social-graph-redis,2.45,20.04,103.57,0.0,0,1943,429.8605,1.2515,1.3303,0.0181,A
109,sn1/social-graph-service,0.0,31.3,251.42,0.0,0,0,284.8009,1.2515,1.3303,0.0,A
109,sn1/text-service,1408.61,84.16,251.42,0.0,0,7155,1582.9399,14.8362,726.3606,3.03,A
109,sn1/unique-id-service,74.14,4.64,251.42,0.0,0,564,284.8009,1.2515,726.3606,0.181,A
109,sn1/url-shorten-memcached,0.13,4.63,75.33,0.0,0,0,284.8009,1.2515,1.3303,0.0,A
109,sn1/url-shorten-mongodb,355.76,112.41,702.74,0.0,0,1259,284.8009,3.7471,726.3606,0.599,A
109,sn1/url-shorten-service,1278.87,77.87,251.42,0.0,0,7047,1559.0465,13.4698,726.3606,2.72,A
109,sn1/user-memcached,154.06,6.62,75.33,0.0,0,2551,564.3717,1.6226,726.3606,0.381,A
109,sn1/user-mention-service,238.84,6.82,251.42,0.0,0,1340,296.4555,2.5156,726.3606,0.581,A
109,sn1/user-mongodb,9.65,97.07,704.67,0.0312,2,342,284.8009,1.2515,1.3303,0.0181,A
109,sn1/user-service,69.38,18.05,251.42,0.0,0,751,284.8009,1.2515,726.3606,0.163,A
109,sn1/user-timeline-mongodb,16.27,106.83,702.94,0.0273,2,421,284.8009,1.2515,726.3606,0.0363,A
109,sn1/user-timeline-redis,152.35,95.98,136.86,0.0,0,1573,348.0034,1.6046,726.3606,0.363,A
109,sn1/user-timeline-service,1523.0,517.79,251.42,0.0,0,8114,1795.1047,16.0411,726.3606,3.54,A
110,hotel/consul,14.21,28.84,201.48,0.0,0,5182,1173.4424,1.2515,752.9645,0.0375,A
110,hotel/frontend,9905.82,113.15,1119.14,0.0,0,623125,141104.068,83.7066,752.9645,24.3,A
110,hotel/geo,1310.7,30.66,1119.06,0.0,0,3717,841.6992,11.0757,752.9645,3.29,A
110,hotel/jaeger,0.23,14.79,81.01,0.0,0,0,284.8009,1.2515,1.3303,0.0,A
110,hotel/memcached-profile,152.18,7.71,79.25,0.0,0,2233,505.6536,1.286,752.9645,0.413,A
110,hotel/memcached-rate,115.79,7.62,79.25,0.0,0,1681,380.6555,1.2515,752.9645,0.282,A
110,hotel/memcached-reserve,185.62,7.22,79.25,0.0,0,1249,284.8009,1.5685,752.9645,0.451,A
110,hotel/mongodb-geo,7.26,62.91,400.43,0.0,0,110,284.8009,1.2515,1.3303,0.0188,A
110,hotel/mongodb-profile,7.62,63.96,400.43,0.0,0,154,284.8009,1.2515,1.3303,0.0375,A
110,hotel/mongodb-rate,8.48,64.73,400.43,0.0352,4,71,284.8009,1.2515,1.3303,0.0375,A
110,hotel/mongodb-recommendation,7.49,62.72,400.43,0.0,0,225,284.8009,1.2515,1.3303,0.0375,A
110,hotel/mongodb-reservation,9.6,252.36,400.43,0.0586,30,112,284.8009,1.2515,1.3303,0.0375,A
110,hotel/mongodb-user,7.51,63.06,400.43,0.0,0,60,284.8009,1.2515,1.3303,0.0375,A
110,hotel/profile,3753.51,45.79,1119.06,0.0,0,59279,13423.4833,31.7181,752.9645,9.78,A
110,hotel/rate,1672.01,39.57,1119.14,0.0,0,4508,1020.8179,14.1289,752.9645,4.75,A
110,hotel/recommendation,859.7,25.75,1119.06,0.0,0,3196,723.7209,7.2647,752.9645,2.07,A
110,hotel/reservation,3723.11,71.25,1119.06,0.0,0,149213,33788.6641,31.4612,752.9645,9.52,A
110,hotel/search,3084.87,36.01,1119.06,0.0,0,16793,3802.7051,26.0679,752.9645,8.39,A
110,hotel/user,54.15,21.04,1119.06,0.0,0,1569,355.2935,1.2515,752.9645,0.113,A
110,sa1/customer-feedback,25365.56,10160.61,13293.62,0.0,0,27939,6326.6705,214.3453,752.9645,61.9,A
110,sn1/compose-post-service,1362.1,84.62,251.42,0.0,0,7362,1667.0943,11.5101,752.9645,3.19,A
110,sn1/home-timeline-redis,300.94,2554.75,952.74,0.0,0,1652,374.0885,2.543,752.9645,0.695,A
110,sn1/home-timeline-service,1590.4,109.55,251.42,0.0,0,6551,1483.4467,13.4393,752.9645,3.81,A
110,sn1/jaeger,18.32,5189.93,75.0,0.0,0,451,284.8009,1.2515,752.9645,0.0939,A
110,sn1/media-frontend,0.0,2027.57,648.43,0.0,0,0,284.8009,1.2515,1.3303,0.0,A
110,sn1/media-memcached,0.14,4.63,75.33,0.0,0,0,284.8009,1.2515,1.3303,0.0,A
110,sn1/media-mongodb,8.45,73.67,703.91,0.0,0,69,284.8009,1.2515,1.3303,0.0375,A
110,sn1/media-service,70.89,4.73,251.42,0.0,0,1016,284.8009,1.2515,752.9645,0.188,A
110,sn1/nginx-thrift,24246.45,42734.73,620.32,17.5898,166,11113,2516.4927,204.8885,752.9645,58.1,A
110,sn1/post-storage-memcached,1772.87,71.13,75.33,0.0,0,6994,1583.7622,14.9812,752.9645,4.26,A
110,sn1/post-storage-mongodb,943.47,8188.16,4129.87,0.0,0,1359,307.7399,7.9726,752.9645,2.25,A
110,sn1/post-storage-service,7515.63,92.82,251.42,0.0,0,13771,3118.3857,63.5089,752.9645,17.9,A
110,sn1/social-graph-mongodb,10.1,728.29,756.91,0.0039,2,198,284.8009,1.2515,752.9645,0.0188,A
110,sn1/social-graph-redis,2.61,20.04,103.57,0.0,0,1294,293.0209,1.2515,1.3303,0.0,A
110,sn1/social-graph-service,0.03,31.3,251.42,0.0,0,0,284.8009,1.2515,1.3303,0.0,A
110,sn1/text-service,1447.68,74.8,251.42,0.0,0,7536,1706.4959,12.2333,752.9645,3.29,A
110,sn1/unique-id-service,74.71,4.64,251.42,0.0,0,657,284.8009,1.2515,752.9645,0.188,A
110,sn1/url-shorten-memcached,0.14,4.63,75.33,0.0,0,0,284.8009,1.2515,1.3303,0.0,A
110,sn1/url-shorten-mongodb,349.22,110.07,702.74,0.0312,2,1899,430.0207,2.951,752.9645,0.676,A
110,sn1/url-shorten-service,1318.27,81.48,251.42,0.0,0,8060,1825.1535,11.1397,752.9645,2.8,A
110,sn1/user-memcached,148.77,6.59,75.33,0.0,0,3294,745.9126,1.2571,752.9645,0.357,A
110,sn1/user-mention-service,232.65,6.75,251.42,0.0,0,1068,284.8009,1.966,752.9645,0.563,A
110,sn1/user-mongodb,9.3,97.07,704.67,0.0039,2,131,284.8009,1.2515,1.3303,0.0375,A
110,sn1/user-service,70.24,18.05,251.42,0.0,0,600,284.8009,1.2515,752.9645,0.169,A
110,sn1/user-timeline-mongodb,15.1,106.83,702.94,0.0,0,222,284.8009,1.2515,752.9645,0.0375,A
110,sn1/user-timeline-redis,153.67,95.68,136.86,0.0,0,851,284.8009,1.2985,752.9645,0.375,A
110,sn1/user-timeline-service,1530.63,520.45,251.42,0.0,0,9379,2123.8356,12.9342,752.9645,3.66,A
111,hotel/consul,15.2,28.84,201.48,0.0,0,4210,948.7031,1.2515,683.7966,0.0639,A
111,hotel/frontend,9783.6,119.05,1119.14,0.0,0,659481,148610.8424,169.6641,683.7966,28.5,A
111,hotel/geo,1250.35,27.12,1119.06,0.0,0,5448,1227.6804,21.6832,683.7966,3.77,A
111,hotel/jaeger,0.23,14.79,81.01,0.0,0,0,284.8009,1.2515,1.3303,0.0,A
111,hotel/memcached-profile,152.59,7.69,79.25,0.0,0,2352,530.0118,2.6462,683.7966,0.426,A
111,hotel/memcached-rate,120.58,7.61,79.25,0.0,0,2655,598.2914,2.0911,683.7966,0.341,A
111,hotel/memcached-reserve,182.97,7.27,79.25,0.0,0,1762,397.0581,3.173,683.7966,0.49,A
111,hotel/mongodb-geo,8.26,62.91,400.43,0.0234,2,145,284.8009,1.2515,1.3303,0.0213,A
111,hotel/mongodb-profile,8.69,63.97,400.43,0.0234,2,327,284.8009,1.2515,1.3303,0.0426,A
111,hotel/mongodb-rate,7.55,64.73,400.43,0.0,0,335,284.8009,1.2515,1.3303,0.0213,A
111,hotel/mongodb-recommendation,8.32,62.73,400.43,0.043,4,657,284.8009,1.2515,1.3303,0.0213,A
111,hotel/mongodb-reservation,10.02,252.37,400.43,0.0742,26,164,284.8009,1.2515,683.7966,0.0639,A
111,hotel/mongodb-user,8.61,63.07,400.43,0.0234,2,521,284.8009,1.2515,1.3303,0.0639,A
111,hotel/profile,3374.26,46.8,1119.06,0.0,0,27306,6153.2746,58.5153,683.7966,10.2,A
111,hotel/rate,1625.38,42.02,1119.14,0.0,0,6434,1449.8707,28.1868,683.7966,4.18,A
111,hotel/recommendation,853.53,27.39,1119.06,0.0,0,4721,1063.8544,14.8016,683.7966,2.34,A
111,hotel/reservation,3522.6,67.08,1119.06,0.0,0,180479,40670.0667,61.0878,683.7966,10.1,A
111,hotel/search,3047.34,34.53,1119.06,0.0,0,12278,2766.7877,52.846,683.7966,8.29,A
111,hotel/user,51.14,21.21,1119.06,0.0,0,2228,502.069,1.2515,683.7966,0.128,A
111,sa1/customer-feedback,28220.16,10160.45,13293.62,0.0,0,22118,4984.1839,489.385,683.7966,64.9,A
111,sn1/compose-post-service,1347.91,88.14,251.42,0.0,0,8568,1930.7572,23.375,683.7966,3.45,A
111,sn1/home-timeline-redis,292.74,2555.51,952.74,0.0,0,1907,429.7332,5.0766,683.7966,0.831,A
111,sn1/home-timeline-service,1596.1,112.32,251.42,0.0,0,7666,1727.4959,27.6791,683.7966,4.5,A
111,sn1/jaeger,55.21,5190.02,75.0,0.0,0,1280,288.4418,1.2515,683.7966,0.234,A
111,sn1/media-frontend,0.0,2027.57,648.43,0.0,0,0,284.8009,1.2515,1.3303,0.0,A
111,sn1/media-memcached,0.15,4.63,75.33,0.0,0,0,284.8009,1.2515,1.3303,0.0,A
111,sn1/media-mongodb,10.73,73.67,703.91,0.0547,4,253,284.8009,1.2515,683.7966,0.0426,A
111,sn1/media-service,71.76,4.7,251.42,0.0,0,664,284.8009,1.2515,683.7966,0.192,A
111,sn1/nginx-thrift,24242.88,42743.35,620.32,17.5547,166,14515,3270.8848,420.4123,683.7966,67.5,A
111,sn1/post-storage-memcached,1759.39,71.32,75.33,0.0,0,7662,1726.5945,30.5108,683.7966,4.92,A
111,sn1/post-storage-mongodb,940.73,8187.57,4129.87,0.0586,6,1286,289.7939,16.3138,683.7966,2.64,A
111,sn1/post-storage-service,7413.95,96.8,251.42,0.0,0,16748,3774.0805,128.5703,683.7966,20.6,A
111,sn1/social-graph-mongodb,10.13,728.29,756.91,0.0312,2,344,284.8009,1.2515,683.7966,0.0213,A
111,sn1/social-graph-redis,2.48,20.04,103.57,0.0,0,254,284.8009,1.2515,1.3303,0.0,A
111,sn1/social-graph-service,0.0,31.3,251.42,0.0,0,0,284.8009,1.2515,1.3303,0.0,A
111,sn1/text-service,1401.57,85.27,251.42,0.0,0,9455,2130.6384,24.3056,683.7966,3.6,A
111,sn1/unique-id-service,74.17,4.64,251.42,0.0,0,628,284.8009,1.2862,683.7966,0.192,A
111,sn1/url-shorten-memcached,0.14,4.63,75.33,0.0,0,0,284.8009,1.2515,1.3303,0.0,A
111,sn1/url-shorten-mongodb,290.38,107.34,702.74,0.0,0,2881,649.2194,5.0357,683.7966,0.703,A
111,sn1/url-shorten-service,1188.17,78.29,251.42,0.0,0,9878,2225.9594,20.6049,683.7966,2.94,A
111,sn1/user-memcached,148.95,6.86,75.33,0.0,0,3089,696.0912,2.583,683.7966,0.405,A
111,sn1/user-mention-service,234.14,6.78,251.42,0.0,0,1177,284.8009,4.0604,683.7966,0.639,A
111,sn1/user-mongodb,10.39,97.07,704.67,0.0312,2,89,284.8009,1.2515,683.7966,0.0639,A
111,sn1/user-service,68.99,18.02,251.42,0.0,0,959,284.8009,1.2515,683.7966,0.171,A
111,sn1/user-timeline-mongodb,16.04,106.83,702.94,0.0273,2,632,284.8009,1.2515,683.7966,0.0639,A
111,sn1/user-timeline-redis,150.39,96.19,136.86,0.0,0,1177,284.8009,2.608,683.7966,0.448,A
111,sn1/user-timeline-service,1502.06,520.07,251.42,0.0,0,11219,2528.1472,26.0482,683.7966,4.07,A
112,hotel/consul,13.49,28.84,201.48,0.0,0,4710,996.9609,1.2515,758.7612,0.0382,A
112,hotel/frontend,9942.99,121.39,1119.14,0.0,0,783373,165815.7708,257.7692,758.7612,25.4,A
112,hotel/geo,1089.42,27.52,1119.06,0.0,0,4337,918.0084,28.2429,758.7612,2.89,A
112,hotel/jaeger,0.2,14.79,81.01,0.0,0,4142,876.733,1.2515,1.3303,0.0,A
112,hotel/memcached-profile,135.3,7.75,79.25,0.0,0,2680,567.2729,3.5076,758.7612,0.325,A
112,hotel/memcached-rate,112.22,7.61,79.25,0.0,0,1788,378.4642,2.9093,758.7612,0.249,A
112,hotel/memcached-reserve,168.58,7.23,79.25,0.0,0,1842,389.8943,4.3704,758.7612,0.421,A
112,hotel/mongodb-geo,7.55,62.91,400.43,0.0,0,677,284.8009,1.2515,1.3303,0.0382,A
112,hotel/mongodb-profile,7.65,63.97,400.43,0.0,0,397,284.8009,1.2515,1.3303,0.0,A
112,hotel/mongodb-rate,9.35,64.73,400.43,0.0781,14,109,284.8009,1.2515,1.3303,0.0382,A
112,hotel/mongodb-recommendation,7.6,62.73,400.43,0.0,0,732,284.8009,1.2515,1.3303,0.0191,A
112,hotel/mongodb-reservation,9.22,252.38,400.43,0.0391,20,103,284.8009,1.2515,1.3303,0.0574,A
112,hotel/mongodb-user,7.69,63.07,400.43,0.0,0,345,284.8009,1.2515,1.3303,0.0191,A
112,hotel/profile,3316.81,41.91,1119.06,0.0,0,37432,7923.1936,85.9874,758.7612,8.3,A
112,hotel/rate,1468.15,40.92,1119.14,0.0,0,6529,1381.9868,38.0614,758.7612,3.17,A
112,hotel/recommendation,737.78,27.32,1119.06,0.0,0,3460,732.3747,19.1267,758.7612,2.06,A
112,hotel/reservation,3353.81,69.36,1119.06,0.0,0,257911,54591.7606,86.9466,758.7612,8.97,A
112,hotel/search,2610.2,41.27,1119.06,0.0,0,13483,2853.933,67.6687,758.7612,6.46,A
112,hotel/user,50.88,19.94,1119.06,0.0,0,3063,648.3421,1.319,758.7612,0.153,A
112,sa1/customer-feedback,21545.09,10161.88,13293.62,4.0,40,16267,3443.2194,558.5504,758.7612,60.6,A
112,sn1/compose-post-service,1380.91,85.36,251.42,0.0,0,7537,1595.3492,35.7997,758.7612,3.12,A
112,sn1/home-timeline-redis,286.29,2554.71,952.74,0.0,0,1912,404.7111,7.422,758.7612,0.707,A
112,sn1/home-timeline-service,1603.72,109.71,251.42,0.0,0,8195,1734.6274,41.576,758.7612,3.98,A
112,sn1/jaeger,16.26,5190.03,75.0,0.0,0,1875,396.8794,1.2515,758.7612,0.0956,A
112,sn1/media-frontend,0.0,2027.57,648.43,0.0,0,0,284.8009,1.2515,1.3303,0.0,A
112,sn1/media-memcached,0.15,4.63,75.33,0.0,0,0,284.8009,1.2515,1.3303,0.0,A
112,sn1/media-mongodb,8.26,73.67,703.91,0.0,0,69,284.8009,1.2515,1.3303,0.0382,A
112,sn1/media-service,72.96,4.7,251.42,0.0,0,735,284.8009,1.8915,758.7612,0.172,A
112,sn1/nginx-thrift,24429.32,42744.69,620.32,0.0,0,11834,2504.8908,633.3233,758.7612,61.3,A
112,sn1/post-storage-memcached,1785.28,70.06,75.33,0.0,0,7066,1495.6531,46.2829,758.7612,4.44,A
112,sn1/post-storage-mongodb,951.47,8187.86,4129.87,0.0,0,1227,284.8009,24.6666,758.7612,2.45,A
112,sn1/post-storage-service,7545.23,92.56,251.42,0.0,0,15658,3314.313,195.608,758.7612,18.8,A
112,sn1/social-graph-mongodb,8.88,728.29,756.91,0.0,0,91,284.8009,1.2515,1.3303,0.0191,A
112,sn1/social-graph-redis,2.39,20.04,103.57,0.0,0,378,284.8009,1.2515,1.3303,0.0,A
112,sn1/social-graph-service,0.05,31.3,251.42,0.0,0,0,284.8009,1.2515,1.3303,0.0,A
112,sn1/text-service,1473.59,80.41,251.42,0.0,0,7583,1605.0859,38.2024,758.7612,3.15,A
112,sn1/unique-id-service,76.89,4.64,251.42,0.0,0,667,284.8009,1.9934,758.7612,0.191,A
112,sn1/url-shorten-memcached,0.21,4.63,75.33,0.0,0,0,284.8009,1.2515,1.3303,0.0,A
112,sn1/url-shorten-mongodb,337.02,110.92,702.74,0.0938,10,2127,450.2199,8.7371,758.7612,0.593,A
112,sn1/url-shorten-service,1253.67,75.32,251.42,0.0,0,9844,2083.6695,32.501,758.7612,2.37,A
112,sn1/user-memcached,154.72,6.34,75.33,0.0,0,3023,639.8754,4.0111,758.7612,0.382,A
112,sn1/user-mention-service,241.62,6.77,251.42,0.0,0,1142,284.8009,6.2639,758.7612,0.574,A
112,sn1/user-mongodb,8.42,97.32,704.67,0.0,0,93,284.8009,1.2515,1.3303,0.0191,A
112,sn1/user-service,70.65,18.02,251.42,0.0,0,693,284.8009,1.8316,758.7612,0.191,A
112,sn1/user-timeline-mongodb,15.2,106.83,702.94,0.0,0,1403,296.9716,1.2515,758.7612,0.0382,A
112,sn1/user-timeline-redis,151.97,95.69,136.86,0.0,0,940,284.8009,3.9398,758.7612,0.402,A
112,sn1/user-timeline-service,1519.07,519.32,251.42,0.0,0,9840,2082.8229,39.3815,758.7612,3.75,A
113,hotel/consul,15.57,28.95,201.48,0.0,0,3941,928.7224,1.2515,700.2269,0.042,A
113,hotel/frontend,9978.1,122.8,1119.14,0.0,0,785080,185009.2238,128.0263,700.2269,25.4,A
113,hotel/geo,1222.89,30.29,1119.06,0.0,0,3757,885.3616,15.6906,700.2269,2.83,A
113,hotel/jaeger,0.16,14.79,81.01,0.0,0,1182,284.8009,1.2515,1.3303,0.0,A
113,hotel/memcached-profile,139.41,7.73,79.25,0.0,0,2192,516.5591,1.7887,700.2269,0.336,A
113,hotel/memcached-rate,109.3,7.59,79.25,0.0,0,3855,908.4559,1.4024,700.2269,0.252,A
113,hotel/memcached-reserve,172.23,7.18,79.25,0.0,0,1415,333.454,2.2098,700.2269,0.42,A
113,hotel/mongodb-geo,8.54,62.91,400.43,0.0234,2,681,284.8009,1.2515,1.3303,0.028,A
113,hotel/mongodb-profile,8.2,63.97,400.43,0.0234,2,222,284.8009,1.2515,1.3303,0.014,A
113,hotel/mongodb-rate,7.86,64.73,400.43,0.0,0,114,284.8009,1.2515,1.3303,0.028,A
113,hotel/mongodb-recommendation,8.24,62.76,400.43,0.0234,2,187,284.8009,1.2515,1.3303,0.014,A
113,hotel/mongodb-reservation,10.78,252.39,400.43,0.0781,28,79,284.8009,1.2515,700.2269,0.042,A
113,hotel/mongodb-user,8.62,63.07,400.43,0.0234,2,1174,284.8009,1.2515,1.3303,0.028,A
113,hotel/profile,3417.54,42.69,1119.06,0.0,0,57630,13580.8855,43.8495,700.2269,7.84,A
113,hotel/rate,1492.34,38.89,1119.14,0.0,0,4271,1006.489,19.1478,700.2269,3.68,A
113,hotel/recommendation,779.23,26.03,1119.06,0.0,0,3634,856.3758,9.9981,700.2269,1.65,A
113,hotel/reservation,3577.48,64.92,1119.06,0.0,0,155813,36718.35,45.9017,700.2269,8.14,A
113,hotel/search,2845.14,34.34,1119.06,0.0,0,13022,3068.7193,36.5052,700.2269,6.79,A
113,hotel/user,49.82,20.2,1119.06,0.0,0,2589,610.1147,1.2515,700.2269,0.126,A
113,sa1/customer-feedback,24657.45,10161.95,13293.62,0.0,0,9307,2193.2553,316.3731,700.2269,63.2,A
113,sn1/compose-post-service,1349.32,86.82,251.42,0.0,0,7469,1760.1186,17.3128,700.2269,3.26,A
113,sn1/home-timeline-redis,295.19,2554.47,952.74,0.0,0,1754,413.3415,3.7875,700.2269,0.728,A
113,sn1/home-timeline-service,1614.78,113.76,251.42,0.0,0,8545,2013.685,20.7188,700.2269,4.1,A
113,sn1/jaeger,55.34,5190.03,75.0,0.0,0,1006,284.8009,1.2515,700.2269,0.35,A
113,sn1/media-frontend,0.0,2027.57,648.43,0.0,0,0,284.8009,1.2515,1.3303,0.0,A
113,sn1/media-memcached,0.15,4.63,75.33,0.0,0,0,284.8009,1.2515,1.3303,0.0,A
113,sn1/media-mongodb,10.03,73.67,703.91,0.0312,2,81,284.8009,1.2515,700.2269,0.042,A
113,sn1/media-service,71.35,4.7,251.42,0.0,0,836,284.8009,1.2515,700.2269,0.182,A
113,sn1/nginx-thrift,24464.01,42759.59,620.32,17.9375,162,13920,3280.3388,313.8911,700.2269,62.0,A
113,sn1/post-storage-memcached,1784.68,70.34,75.33,0.0,0,7860,1852.2603,22.8987,700.2269,4.51,A
113,sn1/post-storage-mongodb,949.17,8187.91,4129.87,0.0977,4,1263,297.6342,12.1785,700.2269,2.42,A
113,sn1/post-storage-service,7519.11,95.02,251.42,0.0,0,14904,3512.2248,96.4757,700.2269,18.9,A
113,sn1/social-graph-mongodb,10.54,728.29,756.91,0.0312,2,576,284.8009,1.2515,700.2269,0.028,A
113,sn1/social-graph-redis,2.45,20.04,103.57,0.0,0,307,284.8009,1.2515,1.3303,0.014,A
113,sn1/social-graph-service,0.0,31.3,251.42,0.0,0,0,284.8009,1.2515,1.3303,0.0,A
113,sn1/text-service,1418.42,85.59,251.42,0.0,0,7436,1752.3419,18.1994,700.2269,3.36,A
113,sn1/unique-id-service,73.95,4.64,251.42,0.0,0,826,284.8009,1.2515,700.2269,0.196,A
113,sn1/url-shorten-memcached,0.16,4.63,75.33,0.0,0,0,284.8009,1.2515,1.3303,0.0,A
113,sn1/url-shorten-mongodb,295.86,111.95,702.74,0.0,0,1695,399.4378,3.7961,700.2269,0.616,A
113,sn1/url-shorten-service,1196.65,77.51,251.42,0.0,0,6144,1447.8737,15.3539,700.2269,2.66,A
113,sn1/user-memcached,150.06,6.59,75.33,0.0,0,3011,709.5618,1.9254,700.2269,0.378,A
113,sn1/user-mention-service,230.78,7.04,251.42,0.0,0,1167,284.8009,2.9611,700.2269,0.616,A
113,sn1/user-mongodb,9.81,97.07,704.67,0.043,4,68,284.8009,1.2515,1.3303,0.028,A
113,sn1/user-service,67.23,18.02,251.42,0.0,0,671,284.8009,1.2515,700.2269,0.168,A
113,sn1/user-timeline-mongodb,16.69,106.83,702.94,0.0352,4,399,284.8009,1.2515,700.2269,0.042,A
113,sn1/user-timeline-redis,152.36,95.94,136.86,0.0,0,1255,295.7489,1.9549,700.2269,0.378,A
113,sn1/user-timeline-service,1505.7,522.7,251.42,0.0,0,9280,2186.8925,19.3192,700.2269,3.69,A
114,hotel/consul,14.47,28.95,201.48,0.0,0,2574,606.6532,1.2515,763.9338,0.0419,A
114,hotel/frontend,9881.08,113.47,1119.14,0.0,0,802918,189235.7329,94.6911,763.9338,27.3,A
114,hotel/geo,1108.7,28.11,1119.06,0.0,0,3326,783.8883,10.6247,763.9338,3.18,A
114,hotel/jaeger,0.15,14.79,81.01,0.0,0,0,284.8009,1.2515,1.3303,0.0,A
114,hotel/memcached-profile,135.73,7.71,79.25,0.0,0,1350,318.1748,1.3007,763.9338,0.398,A
114,hotel/memcached-rate,115.56,7.61,79.25,0.0,0,1455,342.9217,1.2515,763.9338,0.335,A
114,hotel/memcached-reserve,169.82,7.21,79.25,0.0,0,1452,342.2146,1.6274,763.9338,0.461,A
114,hotel/mongodb-geo,7.99,62.93,400.43,0.0469,10,432,284.8009,1.2515,1.3303,0.0209,A
114,hotel/mongodb-profile,7.82,63.97,400.43,0.0469,10,244,284.8009,1.2515,1.3303,0.0419,A
114,hotel/mongodb-rate,7.68,64.75,400.43,0.0,0,177,284.8009,1.2515,1.3303,0.0209,A
114,hotel/mongodb-recommendation,8.05,62.77,400.43,0.0508,12,84,284.8009,1.2515,1.3303,0.0209,A
114,hotel/mongodb-reservation,9.95,252.43,400.43,0.5195,78,99,284.8009,1.2515,1.3303,0.0419,A
114,hotel/mongodb-user,8.32,63.07,400.43,0.0781,14,741,284.8009,1.2515,1.3303,0.0209,A
114,hotel/profile,3299.74,50.22,1119.06,0.0,0,56014,13201.6599,31.6216,763.9338,10.2,A
114,hotel/rate,1400.96,39.65,1119.14,0.0,0,4865,1146.6075,13.4255,763.9338,4.11,A
114,hotel/recommendation,781.61,26.83,1119.06,0.0,0,2436,574.1287,7.4902,763.9338,2.07,A
114,hotel/reservation,3517.45,67.42,1119.06,0.0,0,131029,30881.5705,33.708,763.9338,8.25,A
114,hotel/search,2731.67,32.45,1119.06,0.0,0,15628,3683.2853,26.1778,763.9338,8.11,A
114,hotel/user,43.24,20.21,1119.06,0.0,0,1362,321.003,1.2515,763.9338,0.126,A
114,sa1/customer-feedback,17184.36,10159.72,13293.62,0.0,0,5283,1245.1239,164.6789,763.9338,45.4,A
114,sn1/compose-post-service,1355.22,87.14,251.42,0.0,0,7165,1688.6831,12.9872,763.9338,3.64,A
114,sn1/home-timeline-redis,298.19,2554.97,952.74,0.0,0,1585,373.5607,2.8576,763.9338,0.775,A
114,sn1/home-timeline-service,1620.49,108.53,251.42,0.0,0,6012,1416.9383,15.5293,763.9338,4.4,A
114,sn1/jaeger,15.8,5190.03,75.0,0.0,0,368,284.8009,1.2515,763.9338,0.0838,A
114,sn1/media-frontend,0.0,2027.57,648.43,0.0,0,0,284.8009,1.2515,1.3303,0.0,A
114,sn1/media-memcached,0.14,4.63,75.33,0.0,0,0,284.8009,1.2515,1.3303,0.0,A
114,sn1/media-mongodb,8.16,73.67,703.91,0.0,0,69,284.8009,1.2515,1.3303,0.0209,A
114,sn1/media-service,71.44,4.7,251.42,0.0,0,757,284.8009,1.2515,763.9338,0.209,A
114,sn1/nginx-thrift,24372.29,42773.1,620.32,17.707,160,10295,2426.3771,233.5613,763.9338,66.3,A
114,sn1/post-storage-memcached,1780.19,70.12,75.33,0.0,0,6182,1457.0047,17.0597,763.9338,4.9,A
114,sn1/post-storage-mongodb,946.46,8189.06,4129.87,0.0039,2,1115,284.8009,9.07,763.9338,2.56,A
114,sn1/post-storage-service,7463.65,92.81,251.42,0.0,0,13199,3110.8064,71.5247,763.9338,20.2,A
114,sn1/social-graph-mongodb,8.87,728.29,756.91,0.0,0,219,284.8009,1.2515,1.3303,0.0419,A
114,sn1/social-graph-redis,2.43,20.04,103.57,0.0,0,239,284.8009,1.2515,1.3303,0.0209,A
114,sn1/social-graph-service,0.04,31.3,251.42,0.0,0,0,284.8009,1.2515,1.3303,0.0,A
114,sn1/text-service,1442.19,85.23,251.42,0.0,0,6934,1634.2398,13.8206,763.9338,3.75,A
114,sn1/unique-id-service,75.39,4.64,251.42,0.0,0,737,284.8009,1.2515,763.9338,0.209,A
114,sn1/url-shorten-memcached,0.23,4.63,75.33,0.0,0,0,284.8009,1.2515,1.3303,0.0,A
114,sn1/url-shorten-mongodb,307.17,107.5,702.74,0.0352,2,1366,321.9457,2.9436,763.9338,0.712,A
114,sn1/url-shorten-service,1239.47,78.06,251.42,0.0,0,6267,1477.0379,11.8779,763.9338,3.08,A
114,sn1/user-memcached,151.94,6.61,75.33,0.0,0,2906,684.9006,1.4561,763.9338,0.44,A
114,sn1/user-mention-service,231.6,6.81,251.42,0.0,0,1216,286.593,2.2194,763.9338,0.67,A
114,sn1/user-mongodb,7.99,97.07,704.67,0.0,0,75,284.8009,1.2515,1.3303,0.0419,A
114,sn1/user-service,68.91,18.02,251.42,0.0,0,682,284.8009,1.2515,763.9338,0.209,A
114,sn1/user-timeline-mongodb,14.77,106.83,702.94,0.0,0,479,284.8009,1.2515,763.9338,0.0419,A
114,sn1/user-timeline-redis,152.98,95.96,136.86,0.0,0,1050,284.8009,1.466,763.9338,0.44,A
114,sn1/user-timeline-service,1518.85,519.63,251.42,0.0,0,7997,1884.773,14.5552,763.9338,4.04,A
115,hotel/consul,12.78,28.95,201.48,0.0,0,6615,1434.8141,1.2515,740.9544,0.0156,A
115,hotel/frontend,9811.59,114.6,1119.14,0.0,0,601147,130390.6554,86.5599,740.9544,20.0,A
115,hotel/geo,1263.28,27.12,1119.06,0.0,0,5319,1153.7077,11.1449,740.9544,2.46,A
115,hotel/jaeger,0.21,14.79,81.01,0.0,0,0,284.8009,1.2515,1.3303,0.0,A
115,hotel/memcached-profile,144.6,7.98,79.25,0.0,0,2666,578.2637,1.2757,740.9544,0.28,A
115,hotel/memcached-rate,127.2,7.59,79.25,0.0,0,6085,1319.8554,1.2515,740.9544,0.249,A
115,hotel/memcached-reserve,185.83,7.2,79.25,0.0,0,2094,454.1951,1.6394,740.9544,0.342,A
115,hotel/mongodb-geo,7.96,62.93,400.43,0.0234,2,1966,426.4315,1.2515,1.3303,0.0156,A
115,hotel/mongodb-profile,7.97,63.97,400.43,0.0234,2,86,284.8009,1.2515,1.3303,0.0311,A
115,hotel/mongodb-rate,7.53,64.75,400.43,0.0,0,71,284.8009,1.2515,1.3303,0.0311,A
115,hotel/mongodb-recommendation,8.21,62.77,400.43,0.0234,2,51,284.8009,1.2515,1.3303,0.0156,A
115,hotel/mongodb-reservation,10.47,252.43,400.43,0.0898,34,2677,580.6496,1.2515,740.9544,0.0311,A
115,hotel/mongodb-user,8.45,63.07,400.43,0.043,4,409,284.8009,1.2515,1.3303,0.0156,A
115,hotel/profile,3488.23,48.35,1119.06,0.0,0,88893,19281.1684,30.7739,740.9544,6.64,A
115,hotel/rate,1755.26,43.55,1119.14,0.0,0,7539,1635.2326,15.4853,740.9544,3.39,A
115,hotel/recommendation,889.37,29.45,1119.06,0.0,0,4073,883.4464,7.8462,740.9544,1.88,A
115,hotel/reservation,3744.08,72.09,1119.06,0.0,0,169256,36712.1532,33.0311,740.9544,6.6,A
115,hotel/search,2979.54,37.16,1119.06,0.0,0,21350,4630.8815,26.2861,740.9544,5.68,A
115,hotel/user,51.61,20.38,1119.06,0.0,0,1630,353.5521,1.2515,740.9544,0.124,A
115,sa1/customer-feedback,32385.14,10161.22,13293.62,0.0,0,31689,6873.4427,285.7085,740.9544,90.2,A
115,sn1/compose-post-service,1372.73,85.09,251.42,0.0,0,8279,1795.7409,12.1105,740.9544,2.65,A
115,sn1/home-timeline-redis,290.9,2554.23,952.74,0.0,0,1799,390.2087,2.5664,740.9544,0.607,A
115,sn1/home-timeline-service,1585.18,111.37,251.42,0.0,0,9148,1984.2297,13.9848,740.9544,3.21,A
115,sn1/jaeger,57.5,5190.04,75.0,0.0,0,1128,284.8009,1.2515,740.9544,0.156,A
115,sn1/media-frontend,0.0,2027.57,648.43,0.0,0,0,284.8009,1.2515,1.3303,0.0,A
115,sn1/media-memcached,0.18,4.63,75.33,0.0,0,0,284.8009,1.2515,1.3303,0.0,A
115,sn1/media-mongodb,9.85,73.67,703.91,0.2227,34,101,284.8009,1.2515,1.3303,0.0311,A
115,sn1/media-service,71.93,4.7,251.42,0.0,0,709,284.8009,1.2515,740.9544,0.156,A
115,sn1/nginx-thrift,24634.25,42778.2,620.32,17.4766,154,15793,3425.5509,217.3285,740.9544,50.4,A
115,sn1/post-storage-memcached,1778.01,71.71,75.33,0.0,0,8463,1835.651,15.686,740.9544,3.63,A
115,sn1/post-storage-mongodb,967.26,8188.05,4129.87,0.0703,4,1380,299.3263,8.5334,740.9544,2.04,A
115,sn1/post-storage-service,7536.76,95.2,251.42,0.0,0,18096,3925.0787,66.4909,740.9544,15.4,A
115,sn1/social-graph-mongodb,10.21,728.29,756.91,0.0391,6,287,284.8009,1.2515,740.9544,0.0156,A
115,sn1/social-graph-redis,2.58,20.04,103.57,0.0,0,351,284.8009,1.2515,1.3303,0.0,A
115,sn1/social-graph-service,0.0,31.3,251.42,0.0,0,0,284.8009,1.2515,1.3303,0.0,A
115,sn1/text-service,1437.37,81.8,251.42,0.0,0,9016,1955.5985,12.6808,740.9544,2.74,A
115,sn1/unique-id-service,75.59,4.64,251.42,0.0,0,841,284.8009,1.2515,740.9544,0.14,A
115,sn1/url-shorten-memcached,0.17,4.63,75.33,0.0,0,0,284.8009,1.2515,1.3303,0.0,A
115,sn1/url-shorten-mongodb,321.27,107.21,702.74,0.0,0,1985,430.5527,2.8343,740.9544,0.529,A
115,sn1/url-shorten-service,1228.0,74.12,251.42,0.0,0,9797,2124.9998,10.8337,740.9544,2.13,A
115,sn1/user-memcached,148.95,6.37,75.33,0.0,0,2834,614.7034,1.3141,740.9544,0.311,A
115,sn1/user-mention-service,234.22,6.87,251.42,0.0,0,1126,284.8009,2.0663,740.9544,0.467,A
115,sn1/user-mongodb,9.75,97.07,704.67,0.0391,6,3514,762.1975,1.2515,1.3303,0.0311,A
115,sn1/user-service,69.44,18.02,251.42,0.0,0,857,284.8009,1.2515,740.9544,0.124,A
115,sn1/user-timeline-mongodb,15.85,106.83,702.94,0.0312,2,833,284.8009,1.2515,740.9544,0.0311,A
115,sn1/user-timeline-redis,154.33,95.96,136.86,0.0,0,1109,284.8009,1.3615,740.9544,0.311,A
115,sn1/user-timeline-service,1534.7,521.35,251.42,0.0,0,12915,2801.3037,13.5394,740.9544,3.1,A
116,hotel/consul,14.03,28.96,201.48,0.0,0,3347,740.8874,1.2515,745.4781,0.0217,A
116,hotel/frontend,9943.79,125.49,1119.14,0.0,0,735487,162806.4032,148.2926,745.4781,28.9,A
116,hotel/geo,1205.12,28.63,1119.06,0.0,0,4411,976.413,17.9721,745.4781,4.07,A
116,hotel/jaeger,0.24,14.79,81.01,0.0,0,0,284.8009,1.2515,1.3303,0.0,A
116,hotel/memcached-profile,141.28,7.68,79.25,0.0,0,2328,515.3229,2.1069,745.4781,0.457,A
116,hotel/memcached-rate,115.62,7.6,79.25,0.0,0,2539,562.0296,1.7243,745.4781,0.348,A
116,hotel/memcached-reserve,175.58,7.19,79.25,0.0,0,1892,418.8105,2.6184,745.4781,0.5,A
116,hotel/mongodb-geo,7.64,62.93,400.43,0.0,0,52,284.8009,1.2515,1.3303,0.0435,A
116,hotel/mongodb-profile,7.6,63.97,400.43,0.0,0,326,284.8009,1.2515,1.3303,0.0217,A
116,hotel/mongodb-rate,8.62,64.75,400.43,0.0156,2,450,284.8009,1.2515,1.3303,0.0217,A
116,hotel/mongodb-recommendation,8.38,62.77,400.43,0.0,0,922,284.8009,1.2515,1.3303,0.0217,A
116,hotel/mongodb-reservation,10.31,252.44,400.43,0.0625,32,1035,284.8009,1.2515,745.4781,0.0435,A
116,hotel/mongodb-user,8.1,63.07,400.43,0.0,0,736,284.8009,1.2515,1.3303,0.0652,A
116,hotel/profile,3455.26,47.37,1119.06,0.0,0,117490,26007.4268,51.5286,745.4781,10.3,A
116,hotel/rate,1526.79,43.0,1119.14,0.0,0,5204,1151.9504,22.7692,745.4781,4.7,A
116,hotel/recommendation,801.55,27.88,1119.06,0.0,0,3432,759.7029,11.9536,745.4781,2.81,A
116,hotel/reservation,3414.23,67.66,1119.06,0.0,0,150811,33383.3181,50.9167,745.4781,11.1,A
116,hotel/search,2950.05,43.33,1119.06,0.0,0,17903,3962.9838,43.9944,745.4781,9.09,A
116,hotel/user,50.56,20.55,1119.06,0.0,0,2130,471.4939,1.2515,745.4781,0.152,A
116,sa1/customer-feedback,25280.14,10161.9,13293.62,0.0,0,13490,2986.1281,377.0049,745.4781,45.3,A
116,sn1/compose-post-service,1418.11,85.75,251.42,0.0,0,8092,1791.2341,21.1484,745.4781,3.89,A
116,sn1/home-timeline-redis,292.88,2554.48,952.74,0.0,0,1948,431.2066,4.3677,745.4781,0.848,A
116,sn1/home-timeline-service,1631.76,110.67,251.42,0.0,0,8462,1873.1368,24.3346,745.4781,4.65,A
116,sn1/jaeger,13.01,5190.04,75.0,0.0,0,609,284.8009,1.2515,745.4781,0.087,A
116,sn1/media-frontend,0.0,2027.57,648.43,0.0,0,0,284.8009,1.2515,1.3303,0.0,A
116,sn1/media-memcached,0.21,4.63,75.33,0.0,0,0,284.8009,1.2515,1.3303,0.0,A
116,sn1/media-mongodb,8.71,73.67,703.91,0.0,0,188,284.8009,1.2515,1.3303,0.0435,A
116,sn1/media-service,73.95,4.7,251.42,0.0,0,1027,284.8009,1.2515,745.4781,0.217,A
116,sn1/nginx-thrift,24570.17,42784.96,620.32,17.2812,152,12937,2863.7167,366.4171,745.4781,70.1,A
116,sn1/post-storage-memcached,1800.48,70.53,75.33,0.0,0,8377,1854.3213,26.8507,745.4781,5.09,A
116,sn1/post-storage-mongodb,948.95,8187.87,4129.87,0.0,0,1460,323.1836,14.1518,745.4781,2.68,A
116,sn1/post-storage-service,7539.05,97.16,251.42,0.0,0,16472,3646.2195,112.4305,745.4781,21.2,A
116,sn1/social-graph-mongodb,9.23,728.29,756.91,1.5273,52,265,284.8009,1.2515,1.3303,0.0435,A
116,sn1/social-graph-redis,2.27,20.04,103.57,0.0,0,2382,527.2763,1.2515,1.3303,0.0217,A
116,sn1/social-graph-service,0.05,31.3,251.42,0.0,0,0,284.8009,1.2515,1.3303,0.0,A
116,sn1/text-service,1503.37,81.96,251.42,0.0,0,7329,1622.3375,22.4199,745.4781,4.2,A
116,sn1/unique-id-service,77.19,4.71,251.42,0.0,0,712,284.8009,1.2515,745.4781,0.217,A
116,sn1/url-shorten-memcached,0.18,4.63,75.33,0.0,0,0,284.8009,1.2515,1.3303,0.0,A
116,sn1/url-shorten-mongodb,330.6,107.92,702.74,0.0352,2,1799,398.2242,4.9303,745.4781,0.805,A
116,sn1/url-shorten-service,1291.2,75.18,251.42,0.0,0,6987,1546.6328,19.2558,745.4781,3.44,A
116,sn1/user-memcached,155.89,6.61,75.33,0.0,0,2953,653.6721,2.3248,745.4781,0.478,A
116,sn1/user-mention-service,249.35,6.9,251.42,0.0,0,1100,284.8009,3.7186,745.4781,0.783,A
116,sn1/user-mongodb,8.57,97.07,704.67,0.0,0,103,284.8009,1.2515,1.3303,0.0217,A
116,sn1/user-service,71.07,18.02,251.42,0.0,0,803,284.8009,1.2515,745.4781,0.217,A
116,sn1/user-timeline-mongodb,16.09,106.83,702.94,0.0,0,2687,594.7907,1.2515,745.4781,0.0652,A
116,sn1/user-timeline-redis,152.79,95.97,136.86,0.0,0,1223,284.8009,2.2786,745.4781,0.435,A
116,sn1/user-timeline-service,1508.67,520.05,251.42,0.0,0,10637,2354.5919,22.4989,745.4781,4.18,A
117,hotel/consul,13.0,28.99,201.48,0.0,0,3507,848.4265,1.2515,705.5349,0.0356,A
117,hotel/frontend,9888.72,131.96,1119.14,0.0,0,806205,195040.1261,145.1464,705.5349,22.7,A
117,hotel/geo,1150.53,27.47,1119.06,0.0,0,4246,1027.2082,16.8875,705.5349,2.6,A
117,hotel/jaeger,0.19,14.79,81.01,0.0,0,0,284.8009,1.2515,1.3303,0.0,A
117,hotel/memcached-profile,144.4,8.2,79.25,0.0,0,1915,463.284,2.1195,705.5349,0.285,A
117,hotel/memcached-rate,116.59,7.61,79.25,0.0,0,3434,830.7661,1.7113,705.5349,0.267,A
117,hotel/memcached-reserve,175.15,7.49,79.25,0.0,0,2030,491.1052,2.5708,705.5349,0.427,A
117,hotel/mongodb-geo,7.97,62.93,400.43,0.0234,2,2212,535.1353,1.2515,1.3303,0.0178,A
117,hotel/mongodb-profile,7.98,63.97,400.43,0.0234,2,84,284.8009,1.2515,1.3303,0.0356,A
117,hotel/mongodb-rate,7.1,64.75,400.43,0.0,0,61,284.8009,1.2515,1.3303,0.0178,A
117,hotel/mongodb-recommendation,8.36,62.77,400.43,0.0234,2,226,284.8009,1.2515,1.3303,0.0178,A
117,hotel/mongodb-reservation,10.98,252.45,400.43,0.0898,34,142,284.8009,1.2515,705.5349,0.0356,A
117,hotel/mongodb-user,8.81,63.07,400.43,0.0234,2,332,284.8009,1.2515,1.3303,0.0178,A
117,hotel/profile,3571.05,45.11,1119.06,0.0,0,42237,10218.1329,52.4158,705.5349,7.74,A
117,hotel/rate,1606.91,41.5,1119.14,0.0,0,5144,1244.4557,23.5862,705.5349,3.84,A
117,hotel/recommendation,823.95,29.06,1119.06,0.0,0,3110,752.3828,12.0939,705.5349,1.6,A
117,hotel/reservation,3578.16,70.74,1119.06,0.0,0,200723,48559.6582,52.5201,705.5349,7.69,A
117,hotel/search,2842.57,38.96,1119.06,0.0,0,26610,6437.5906,41.7232,705.5349,5.82,A
117,hotel/user,47.61,20.71,1119.06,0.0,0,1387,335.5482,1.2515,705.5349,0.107,A
117,sa1/customer-feedback,23789.69,10162.89,13293.62,0.0,0,14310,3461.9287,349.1845,705.5349,98.8,A
117,sn1/compose-post-service,1373.46,86.83,251.42,0.0,0,7608,1840.5558,20.1596,705.5349,2.76,A
117,sn1/home-timeline-redis,296.38,2554.73,952.74,0.0,0,1884,455.7843,4.3503,705.5349,0.676,A
117,sn1/home-timeline-service,1625.61,112.73,251.42,0.0,0,7296,1765.0756,23.8607,705.5349,3.7,A
117,sn1/jaeger,59.79,5190.04,75.0,0.0,0,891,284.8009,1.2515,705.5349,0.196,A
117,sn1/media-frontend,0.0,2027.57,648.43,0.0,0,0,284.8009,1.2515,1.3303,0.0,A
117,sn1/media-memcached,0.16,4.63,75.33,0.0,0,0,284.8009,1.2515,1.3303,0.0,A
117,sn1/media-mongodb,9.55,73.67,703.91,0.0312,2,781,284.8009,1.2515,1.3303,0.0356,A
117,sn1/media-service,72.6,4.77,251.42,0.0,0,572,284.8009,1.2515,705.5349,0.142,A
117,sn1/nginx-thrift,24481.49,42799.31,620.32,17.6562,170,11714,2833.8947,359.3387,705.5349,57.0,A
117,sn1/post-storage-memcached,1802.0,70.6,75.33,0.0,0,7486,1811.0411,26.4497,705.5349,4.04,A
117,sn1/post-storage-mongodb,946.54,8188.45,4129.87,0.0547,2,1049,284.8009,13.8933,705.5349,2.15,A
117,sn1/post-storage-service,7588.38,93.5,251.42,0.0,0,15238,3686.4339,111.3821,705.5349,17.1,A
117,sn1/social-graph-mongodb,10.82,728.29,756.91,0.0352,2,361,284.8009,1.2515,705.5349,0.0534,A
117,sn1/social-graph-redis,2.22,20.04,103.57,0.0,0,394,284.8009,1.2515,1.3303,0.0,A
117,sn1/social-graph-service,0.0,31.3,251.42,0.0,0,0,284.8009,1.2515,1.3303,0.0,A
117,sn1/text-service,1441.58,87.68,251.42,0.0,0,8730,2111.9942,21.1595,705.5349,2.81,A
117,sn1/unique-id-service,77.24,4.71,251.42,0.0,0,688,284.8009,1.2515,705.5349,0.178,A
117,sn1/url-shorten-memcached,0.18,4.63,75.33,0.0,0,0,284.8009,1.2515,1.3303,0.0,A
117,sn1/url-shorten-mongodb,302.03,106.85,702.74,0.0,0,1781,430.8662,4.4332,705.5349,0.534,A
117,sn1/url-shorten-service,1205.93,78.77,251.42,0.0,0,6816,1648.9522,17.7006,705.5349,2.08,A
117,sn1/user-memcached,153.6,6.36,75.33,0.0,0,2544,615.454,2.2545,705.5349,0.356,A
117,sn1/user-mention-service,242.1,6.91,251.42,0.0,0,1154,284.8009,3.5535,705.5349,0.552,A
117,sn1/user-mongodb,9.71,97.07,704.67,0.4414,30,115,284.8009,1.2515,1.3303,0.0356,A
117,sn1/user-service,69.12,17.98,251.42,0.0,0,869,284.8009,1.2515,705.5349,0.16,A
117,sn1/user-timeline-mongodb,16.09,106.83,702.94,0.0312,2,573,284.8009,1.2515,705.5349,0.0356,A
117,sn1/user-timeline-redis,153.21,96.99,136.86,0.0,0,1272,307.727,2.2488,705.5349,0.356,A
117,sn1/user-timeline-service,1521.99,520.47,251.42,0.0,0,9336,2258.6,22.3397,705.5349,3.29,A
118,hotel/consul,14.94,29.0,201.48,0.0,0,2136,497.7083,1.2515,803.2846,0.0363,A
118,hotel/frontend,10160.8,117.6,1119.14,0.0,0,783743,182619.573,115.8841,803.2846,23.5,A
118,hotel/geo,1312.71,27.61,1119.06,0.0,0,6205,1445.824,14.9715,803.2846,2.94,A
118,hotel/jaeger,0.24,14.79,81.01,0.0,0,0,284.8009,1.2515,1.3303,0.0,A
118,hotel/memcached-profile,159.63,7.98,79.25,0.0,0,2450,570.8733,1.8206,803.2846,0.381,A
118,hotel/memcached-rate,129.39,7.84,79.25,0.0,0,2571,599.0675,1.4757,803.2846,0.29,A
118,hotel/memcached-reserve,189.94,7.16,79.25,0.0,0,2521,587.417,2.1663,803.2846,0.454,A
118,hotel/mongodb-geo,7.16,62.93,400.43,0.0,0,36,284.8009,1.2515,1.3303,0.0181,A
118,hotel/mongodb-profile,7.24,63.97,400.43,0.0,0,59,284.8009,1.2515,1.3303,0.0181,A
118,hotel/mongodb-rate,7.61,64.75,400.43,0.0508,6,736,284.8009,1.2515,1.3303,0.0363,A
118,hotel/mongodb-recommendation,7.11,62.77,400.43,0.0,0,56,284.8009,1.2515,1.3303,0.0363,A
118,hotel/mongodb-reservation,9.62,252.46,400.43,0.0586,30,67,284.8009,1.2515,1.3303,0.0181,A
118,hotel/mongodb-user,7.18,63.07,400.43,0.0,0,53,284.8009,1.2515,1.3303,0.0181,A
118,hotel/profile,3793.3,47.11,1119.06,0.0,0,67381,15700.4138,43.2626,803.2846,8.45,A
118,hotel/rate,1737.96,39.2,1119.14,0.0,0,6807,1586.0957,19.8215,803.2846,4.84,A
118,hotel/recommendation,920.53,26.09,1119.06,0.0,0,4493,1046.9117,10.4987,803.2846,2.38,A
118,hotel/reservation,4022.34,64.47,1119.06,0.0,0,228266,53188.149,45.8748,803.2846,9.25,A
118,hotel/search,3216.27,34.27,1119.06,0.0,0,17914,4174.1324,36.6816,803.2846,8.14,A
118,hotel/user,55.62,20.19,1119.06,0.0,0,2493,580.8927,1.2515,803.2846,0.109,A
118,sa1/customer-feedback,21884.19,10163.3,13293.62,3.8711,42,10459,2437.0465,249.5895,803.2846,67.3,A
118,sn1/compose-post-service,1426.84,75.58,251.42,0.0,0,7442,1734.0568,16.2731,803.2846,3.07,A
118,sn1/home-timeline-redis,308.49,2554.64,952.74,0.0,0,1786,416.155,3.5183,803.2846,0.707,A
118,sn1/home-timeline-service,1677.11,108.45,251.42,0.0,0,7296,1700.0374,19.1275,803.2846,3.85,A
118,sn1/jaeger,17.5,5191.05,75.0,0.0,0,386,284.8009,1.2515,803.2846,0.0544,A
118,sn1/media-frontend,0.0,2027.57,648.43,0.0,0,0,284.8009,1.2515,1.3303,0.0,A
118,sn1/media-memcached,0.16,4.63,75.33,0.0,0,0,284.8009,1.2515,1.3303,0.0,A
118,sn1/media-mongodb,8.2,73.67,703.91,0.0,0,79,284.8009,1.2515,1.3303,0.0181,A
118,sn1/media-service,76.3,4.77,251.42,0.0,0,799,284.8009,1.2515,803.2846,0.181,A
118,sn1/nginx-thrift,25187.4,42806.57,620.32,17.6523,168,12638,2944.7742,287.2626,803.2846,58.0,A
118,sn1/post-storage-memcached,1882.73,71.37,75.33,0.0,0,7170,1670.6782,21.4726,803.2846,4.37,A
118,sn1/post-storage-mongodb,979.57,8187.58,4129.87,0.0,0,1269,295.6891,11.172,803.2846,2.32,A
118,sn1/post-storage-service,7873.51,94.35,251.42,0.0,0,14513,3381.667,89.7975,803.2846,18.1,A
118,sn1/social-graph-mongodb,8.03,728.29,756.91,0.0,0,82,284.8009,1.2515,1.3303,0.0181,A
118,sn1/social-graph-redis,2.36,20.04,103.57,0.0,0,1898,442.2521,1.2515,1.3303,0.0,A
118,sn1/social-graph-service,0.04,31.3,251.42,0.0,0,0,284.8009,1.2515,1.3303,0.0,A
118,sn1/text-service,1533.83,61.7,251.42,0.0,0,6407,1492.8919,17.4934,803.2846,3.23,A
118,sn1/unique-id-service,79.52,4.64,251.42,0.0,0,1041,284.8009,1.2515,803.2846,0.181,A
118,sn1/url-shorten-memcached,0.15,4.63,75.33,0.0,0,0,284.8009,1.2515,1.3303,0.0,A
118,sn1/url-shorten-mongodb,378.96,108.24,702.74,0.043,4,2115,492.8151,4.322,803.2846,0.617,A
118,sn1/url-shorten-service,1412.76,63.5,251.42,0.0,0,7493,1745.9403,16.1125,803.2846,2.63,A
118,sn1/user-memcached,158.23,6.42,75.33,0.0,0,3163,737.0091,1.8046,803.2846,0.345,A
118,sn1/user-mention-service,246.88,6.96,251.42,0.0,0,1023,284.8009,2.8157,803.2846,0.562,A
118,sn1/user-mongodb,8.24,97.07,704.67,0.0,0,82,284.8009,1.2515,1.3303,0.0181,A
118,sn1/user-service,72.21,18.02,251.42,0.0,0,1034,284.8009,1.2515,803.2846,0.163,A
118,sn1/user-timeline-mongodb,15.43,107.08,702.94,0.0,0,1213,284.8009,1.2515,803.2846,0.0544,A
118,sn1/user-timeline-redis,157.95,96.0,136.86,0.0,0,1126,284.8009,1.8014,803.2846,0.363,A
118,sn1/user-timeline-service,1572.17,520.59,251.42,0.0,0,9900,2306.7942,17.9306,803.2846,3.57,A
119,hotel/consul,13.95,29.02,201.48,0.0,0,2549,601.0186,1.2515,716.4122,0.0385,A
119,hotel/frontend,9485.16,120.23,1119.14,0.0,0,796800,187874.3111,140.7253,716.4122,24.5,A
119,hotel/geo,1062.51,27.6,1119.06,0.0,0,4108,968.609,15.7638,716.4122,2.56,A
119,hotel/jaeger,0.21,14.79,81.01,0.0,0,0,284.8009,1.2515,1.3303,0.0,A
119,hotel/memcached-profile,132.94,7.72,79.25,0.0,0,1897,447.2861,1.9723,716.4122,0.346,A
119,hotel/memcached-rate,102.56,7.61,79.25,0.0,0,4265,1005.6274,1.5216,716.4122,0.269,A
119,hotel/memcached-reserve,154.05,7.23,79.25,0.0,0,1412,332.9299,2.2855,716.4122,0.385,A
119,hotel/mongodb-geo,8.02,62.93,400.43,0.0234,2,356,284.8009,1.2515,1.3303,0.0192,A
119,hotel/mongodb-profile,7.63,63.97,400.43,0.0234,2,94,284.8009,1.2515,1.3303,0.0192,A
119,hotel/mongodb-rate,7.05,64.75,400.43,0.0,0,267,284.8009,1.2515,1.3303,0.0,A
119,hotel/mongodb-recommendation,7.58,62.77,400.43,0.0234,2,50,284.8009,1.2515,1.3303,0.0192,A
119,hotel/mongodb-reservation,10.01,252.46,400.43,0.082,28,2273,535.9417,1.2515,716.4122,0.0385,A
119,hotel/mongodb-user,7.74,63.07,400.43,0.0234,2,144,284.8009,1.2515,1.3303,0.0385,A
119,hotel/profile,3204.76,46.65,1119.06,0.0,0,36850,8688.7153,47.547,716.4122,8.35,A
119,hotel/rate,1390.95,40.68,1119.14,0.0,0,4825,1137.6676,20.6366,716.4122,3.39,A
119,hotel/recommendation,683.28,26.68,1119.06,0.0,0,2830,667.2745,10.1374,716.4122,1.83,A
119,hotel/reservation,3311.8,70.0,1119.06,0.0,0,129533,30542.0722,49.1351,716.4122,8.53,A
119,hotel/search,2631.03,33.93,1119.06,0.0,0,12586,2967.603,39.0349,716.4122,6.12,A
119,hotel/user,49.48,20.32,1119.06,0.0,0,3153,743.4334,1.2515,716.4122,0.115,A
119,sa1/customer-feedback,20151.76,10162.69,13293.62,0.0,0,8410,1982.9605,298.9789,716.4122,56.4,A
119,sn1/compose-post-service,1315.17,89.73,251.42,0.0,0,7409,1746.9387,19.5123,716.4122,3.33,A
119,sn1/home-timeline-redis,281.6,2554.19,952.74,0.0,0,1604,378.2008,4.1779,716.4122,0.751,A
119,sn1/home-timeline-service,1538.28,110.25,251.42,0.0,0,6205,1463.0523,22.8225,716.4122,4.06,A
119,sn1/jaeger,47.87,5190.11,75.0,0.0,0,1447,341.1824,1.2515,716.4122,0.192,A
119,sn1/media-frontend,0.0,2027.57,648.43,0.0,0,0,284.8009,1.2515,1.3303,0.0,A
119,sn1/media-memcached,0.15,4.63,75.33,0.0,0,0,284.8009,1.2515,1.3303,0.0,A
119,sn1/media-mongodb,9.59,73.67,703.91,0.0312,2,2079,490.1992,1.2515,1.3303,0.0577,A
119,sn1/media-service,70.21,4.7,251.42,0.0,0,828,284.8009,1.2515,716.4122,0.173,A
119,sn1/nginx-thrift,23292.88,42818.62,620.32,17.5234,164,10921,2575.0193,345.5817,716.4122,61.7,A
119,sn1/post-storage-memcached,1734.55,70.46,75.33,0.0,0,6240,1471.3048,25.7344,716.4122,4.54,A
119,sn1/post-storage-mongodb,918.84,8188.06,4129.87,0.0664,6,1220,287.659,13.6322,716.4122,2.39,A
119,sn1/post-storage-service,7285.52,96.48,251.42,0.0,0,13398,3159.0613,108.0907,716.4122,18.8,A
119,sn1/social-graph-mongodb,9.7,728.29,756.91,0.0352,2,95,284.8009,1.2515,1.3303,0.0192,A
119,sn1/social-graph-redis,2.19,20.04,103.57,0.0,0,339,284.8009,1.2515,1.3303,0.0192,A
119,sn1/social-graph-service,0.0,31.3,251.42,0.0,0,0,284.8009,1.2515,1.3303,0.0,A
119,sn1/text-service,1373.71,83.61,251.42,0.0,0,7823,1844.5541,20.3809,716.4122,3.39,A
119,sn1/unique-id-service,71.85,4.61,251.42,0.0,0,627,284.8009,1.2515,716.4122,0.192,A
119,sn1/url-shorten-memcached,0.15,4.63,75.33,0.0,0,0,284.8009,1.2515,1.3303,0.0,A
119,sn1/url-shorten-mongodb,301.96,106.45,702.74,0.0,0,2214,522.0303,4.48,716.4122,0.693,A
119,sn1/url-shorten-service,1200.73,78.8,251.42,0.0,0,9380,2211.673,17.8145,716.4122,2.91,A
119,sn1/user-memcached,145.68,6.38,75.33,0.0,0,2216,522.5018,2.1614,716.4122,0.404,A
119,sn1/user-mention-service,229.75,6.92,251.42,0.0,0,986,284.8009,3.4087,716.4122,0.654,A
119,sn1/user-mongodb,9.36,97.08,704.67,0.0352,2,179,284.8009,1.2515,1.3303,0.0385,A
119,sn1/user-service,67.52,18.02,251.42,0.0,0,756,284.8009,1.2515,716.4122,0.173,A
119,sn1/user-timeline-mongodb,15.44,106.83,702.94,0.0312,2,400,284.8009,1.2515,716.4122,0.0385,A
119,sn1/user-timeline-redis,149.57,96.25,136.86,0.0,0,1333,314.3028,2.2191,716.4122,0.366,A
119,sn1/user-timeline-service,1473.86,518.63,251.42,0.0,0,9279,2187.8586,21.8667,716.4122,3.75,A
120,hotel/consul,13.4,29.06,201.48,0.0,0,6706,1537.2701,1.2515,757.2985,0.0361,A
120,hotel/frontend,9938.78,122.1,1119.14,0.0,0,738009,169179.714,183.9198,757.2985,22.9,A
120,hotel/geo,1298.15,32.63,1119.06,0.0,0,4542,1041.199,24.0226,757.2985,2.73,A
120,hotel/jaeger,0.8,14.79,81.01,0.0,0,10,284.8009,1.2515,1.3303,0.0,A
120,hotel/memcached-profile,149.92,7.73,79.25,0.0,0,3722,853.2239,2.7743,757.2985,0.307,A
120,hotel/memcached-rate,113.23,7.61,79.25,0.0,0,3357,769.552,2.0954,757.2985,0.253,A
120,hotel/memcached-reserve,187.79,7.22,79.25,0.0,0,1964,450.2235,3.4751,757.2985,0.397,A
120,hotel/mongodb-geo,7.39,62.93,400.43,0.0,0,728,284.8009,1.2515,1.3303,0.0361,A
120,hotel/mongodb-profile,7.11,63.97,400.43,0.0,0,166,284.8009,1.2515,1.3303,0.0361,A
120,hotel/mongodb-rate,7.56,64.75,400.43,0.0156,2,741,284.8009,1.2515,1.3303,0.0181,A
120,hotel/mongodb-recommendation,7.32,62.77,400.43,0.0,0,327,284.8009,1.2515,1.3303,0.0181,A
120,hotel/mongodb-reservation,8.71,252.47,400.43,0.043,22,443,284.8009,1.2515,1.3303,0.0,A
120,hotel/mongodb-user,7.1,63.07,400.43,0.0,0,107,284.8009,1.2515,1.3303,0.0361,A
120,hotel/profile,3481.22,44.04,1119.06,0.0,0,61072,14000.0237,64.4209,757.2985,6.83,A
120,hotel/rate,1651.77,42.94,1119.14,0.0,0,6663,1527.4129,30.5665,757.2985,3.79,A
120,hotel/recommendation,810.49,26.48,1119.06,0.0,0,4600,1054.4948,14.9983,757.2985,1.64,A
120,hotel/reservation,3592.52,68.98,1119.06,0.0,0,104914,24050.2765,66.4806,757.2985,8.53,A
120,hotel/search,2982.32,32.45,1119.06,0.0,0,18273,4188.8661,55.1886,757.2985,6.18,A
120,hotel/user,50.68,20.33,1119.06,0.0,0,1653,378.9304,1.2515,757.2985,0.0903,A
120,sa1/customer-feedback,24657.92,10163.07,13293.62,0.0,0,17249,3954.1264,456.3015,757.2985,87.1,A
120,sn1/compose-post-service,1398.68,86.16,251.42,0.0,0,8559,1962.0481,25.883,757.2985,3.0,A
120,sn1/home-timeline-redis,292.01,2555.48,952.74,0.0,0,1781,408.2729,5.4037,757.2985,0.686,A
120,sn1/home-timeline-service,1634.15,108.82,251.42,0.0,0,7691,1763.0695,30.2404,757.2985,3.76,A
120,sn1/jaeger,13.48,5190.12,75.0,0.0,0,1935,443.5755,1.2515,757.2985,0.0542,A
120,sn1/media-frontend,0.0,2027.57,648.43,0.0,0,0,284.8009,1.2515,1.3303,0.0,A
120,sn1/media-memcached,0.18,4.63,75.33,0.0,0,0,284.8009,1.2515,1.3303,0.0,A
120,sn1/media-mongodb,8.07,73.67,703.91,0.0,0,736,284.8009,1.2515,1.3303,0.0181,A
120,sn1/media-service,72.94,4.73,251.42,0.0,0,934,284.8009,1.3498,757.2985,0.163,A
120,sn1/nginx-thrift,24397.43,42824.43,620.32,17.7344,158,11960,2741.6866,451.4811,757.2985,57.0,A
120,sn1/post-storage-memcached,1823.27,70.55,75.33,0.0,0,6769,1551.7121,33.7401,757.2985,4.21,A
120,sn1/post-storage-mongodb,938.09,8187.69,4129.87,9.9766,152,1254,287.4645,17.3596,757.2985,2.2,A
120,sn1/post-storage-service,7611.67,92.83,251.42,0.0,0,14751,3381.4899,140.856,757.2985,17.6,A
120,sn1/social-graph-mongodb,8.32,728.29,756.91,0.0,0,68,284.8009,1.2515,1.3303,0.0361,A
120,sn1/social-graph-redis,2.48,20.04,103.57,0.0,0,226,284.8009,1.2515,1.3303,0.0,A
120,sn1/social-graph-service,0.05,31.3,251.42,0.0,0,0,284.8009,1.2515,1.3303,0.0,A
120,sn1/text-service,1450.88,80.25,251.42,0.0,0,8189,1877.2301,26.8489,757.2985,3.07,A
120,sn1/unique-id-service,74.74,4.64,251.42,0.0,0,958,284.8009,1.3831,757.2985,0.163,A
120,sn1/url-shorten-memcached,0.13,4.63,75.33,0.0,0,0,284.8009,1.2515,1.3303,0.0181,A
120,sn1/url-shorten-mongodb,350.26,106.41,702.74,0.0391,2,2371,543.5233,6.4817,757.2985,0.578,A
120,sn1/url-shorten-service,1320.57,76.05,251.42,0.0,0,9402,2155.2958,24.4375,757.2985,2.44,A
120,sn1/user-memcached,150.99,6.33,75.33,0.0,0,4602,1054.9533,2.7941,757.2985,0.343,A
120,sn1/user-mention-service,242.44,6.9,251.42,0.0,0,1058,284.8009,4.4864,757.2985,0.56,A
120,sn1/user-mongodb,8.3,97.08,704.67,0.0,0,550,284.8009,1.2515,1.3303,0.0181,A
120,sn1/user-service,67.74,17.98,251.42,0.0,0,823,284.8009,1.2535,757.2985,0.145,A
120,sn1/user-timeline-mongodb,15.09,106.83,702.94,0.0391,4,319,284.8009,1.2515,757.2985,0.0361,A
120,sn1/user-timeline-redis,152.62,95.94,136.86,0.0,0,932,284.8009,2.8243,757.2985,0.379,A
120,sn1/user-timeline-service,1512.98,519.68,251.42,0.0,0,9697,2222.921,27.9981,757.2985,3.45,A
121,hotel/consul,14.82,29.08,201.48,0.0,0,955,284.8009,1.2515,719.093,0.0437,A
121,hotel/frontend,9853.88,131.5,1119.14,0.0,0,764549,194071.9313,161.4832,719.093,28.5,A
121,hotel/geo,1220.6,26.86,1119.06,0.0,0,3647,925.7488,20.0029,719.093,2.86,A
121,hotel/jaeger,0.23,14.79,81.01,0.0,0,0,284.8009,1.2515,1.3303,0.0,A
121,hotel/memcached-profile,146.32,7.97,79.25,0.0,0,1641,416.5489,2.3979,719.093,0.371,A
121,hotel/memcached-rate,108.06,7.64,79.25,0.0,0,1869,474.4241,1.7709,719.093,0.262,A
121,hotel/memcached-reserve,175.59,7.31,79.25,0.0,0,1359,344.9665,2.8775,719.093,0.459,A
121,hotel/mongodb-geo,7.8,62.93,400.43,0.0234,2,366,284.8009,1.2515,1.3303,0.0437,A
121,hotel/mongodb-profile,7.6,63.97,400.43,0.0234,2,67,284.8009,1.2515,1.3303,0.0218,A
121,hotel/mongodb-rate,7.03,64.75,400.43,0.0,0,70,284.8009,1.2515,1.3303,0.0218,A
121,hotel/mongodb-recommendation,7.89,62.77,400.43,0.0234,2,45,284.8009,1.2515,1.3303,0.0437,A
121,hotel/mongodb-reservation,10.02,252.48,400.43,0.0898,32,199,284.8009,1.2515,719.093,0.0218,A
121,hotel/mongodb-user,8.01,63.07,400.43,0.043,4,113,284.8009,1.2515,1.3303,0.0218,A
121,hotel/profile,3530.62,49.21,1119.06,0.0,0,58609,14877.2176,57.859,719.093,10.1,A
121,hotel/rate,1497.25,40.5,1119.14,0.0,0,4425,1123.2351,24.5366,719.093,4.13,A
121,hotel/recommendation,740.46,27.84,1119.06,0.0,0,2701,685.6176,12.1345,719.093,1.92,A
121,hotel/reservation,3438.9,62.47,1119.06,0.0,0,95655,24280.9167,56.3559,719.093,9.5,A
121,hotel/search,2968.39,33.9,1119.06,0.0,0,16539,4198.2341,48.6453,719.093,7.88,A
121,hotel/user,47.38,20.39,1119.06,0.0,0,1358,344.7126,1.2515,719.093,0.131,A
121,sa1/customer-feedback,19261.77,10163.55,13293.62,0.0,0,8602,2183.5183,315.6576,719.093,37.5,A
121,sn1/compose-post-service,1355.95,85.88,251.42,0.0,0,6747,1712.648,22.221,719.093,3.58,A
121,sn1/home-timeline-redis,287.64,2555.01,952.74,0.0,0,1723,437.3636,4.7138,719.093,0.808,A
121,sn1/home-timeline-service,1599.64,108.33,251.42,0.0,0,5819,1477.0859,26.2145,719.093,4.54,A
121,sn1/jaeger,59.13,5190.32,75.0,0.0,0,705,284.8009,1.2515,719.093,0.24,A
121,sn1/media-frontend,0.0,2027.57,648.43,0.0,0,0,284.8009,1.2515,1.3303,0.0,A
121,sn1/media-memcached,0.13,4.63,75.33,0.0,0,0,284.8009,1.2515,1.3303,0.0,A
121,sn1/media-mongodb,10.24,73.68,703.91,0.1094,14,74,284.8009,1.2515,719.093,0.0437,A
121,sn1/media-service,74.38,4.86,251.42,0.0,0,714,284.8009,1.2515,719.093,0.197,A
121,sn1/nginx-thrift,24059.17,42830.79,620.32,17.543,158,10102,2564.276,394.2763,719.093,68.4,A
121,sn1/post-storage-memcached,1804.02,70.86,75.33,0.0,0,6583,1671.0185,29.5639,719.093,5.13,A
121,sn1/post-storage-mongodb,943.75,8188.28,4129.87,0.0586,2,918,284.8009,15.466,719.093,2.71,A
121,sn1/post-storage-service,7538.49,91.25,251.42,0.0,0,13404,3402.4506,123.5391,719.093,21.4,A
121,sn1/social-graph-mongodb,9.81,728.48,756.91,0.0352,2,74,284.8009,1.2515,1.3303,0.0437,A
121,sn1/social-graph-redis,2.29,20.04,103.57,0.0,0,159,284.8009,1.2515,1.3303,0.0,A
121,sn1/social-graph-service,0.0,31.3,251.42,0.0,0,0,284.8009,1.2515,1.3303,0.0,A
121,sn1/text-service,1405.91,83.57,251.42,0.0,0,7169,1819.7678,23.0397,719.093,3.73,A
121,sn1/unique-id-service,76.27,4.67,251.42,0.0,0,758,284.8009,1.2515,719.093,0.197,A
121,sn1/url-shorten-memcached,0.15,4.63,75.33,0.0,0,0,284.8009,1.2515,1.3303,0.0,A
121,sn1/url-shorten-mongodb,345.54,106.37,702.74,0.0,0,1424,361.4659,5.6626,719.093,0.721,A
121,sn1/url-shorten-service,1298.89,76.98,251.42,0.0,0,7049,1789.3072,21.2859,719.093,3.01,A
121,sn1/user-memcached,152.9,6.59,75.33,0.0,0,1815,460.7168,2.5057,719.093,0.459,A
121,sn1/user-mention-service,236.49,6.9,251.42,0.0,0,1183,300.2909,3.8755,719.093,0.699,A
121,sn1/user-mongodb,9.53,97.08,704.67,0.0664,4,149,284.8009,1.2515,1.3303,0.0218,A
121,sn1/user-service,67.84,17.98,251.42,0.0,0,983,284.8009,1.2515,719.093,0.197,A
121,sn1/user-timeline-mongodb,15.48,106.83,702.94,0.0547,4,378,284.8009,1.2515,719.093,0.0437,A
121,sn1/user-timeline-redis,151.18,96.2,136.86,0.0,0,1251,317.5519,2.4775,719.093,0.437,A
121,sn1/user-timeline-service,1520.62,519.88,251.42,0.0,0,8115,2059.899,24.9196,719.093,4.28,A
122,hotel/consul,14.44,29.09,201.48,0.0,0,2562,625.9937,1.2515,767.455,0.043,A
122,hotel/frontend,9873.74,115.37,1119.14,0.0,0,754801,184426.5012,83.8591,767.455,28.1,A
122,hotel/geo,1191.65,28.5,1119.06,0.0,0,4809,1175.021,10.1209,767.455,3.31,A
122,hotel/jaeger,0.24,14.79,81.01,0.0,0,0,284.8009,1.2515,1.3303,0.0,A
122,hotel/memcached-profile,137.1,7.71,79.25,0.0,0,4039,986.8808,1.2515,767.455,0.387,A
122,hotel/memcached-rate,113.21,7.6,79.25,0.0,0,1509,368.7059,1.2515,767.455,0.301,A
122,hotel/memcached-reserve,163.48,7.96,79.25,0.0,0,1909,466.4411,1.3885,767.455,0.43,A
122,hotel/mongodb-geo,7.29,62.93,400.43,0.0,0,81,284.8009,1.2515,1.3303,0.0215,A
122,hotel/mongodb-profile,7.21,63.97,400.43,0.0,0,1168,285.3867,1.2515,1.3303,0.043,A
122,hotel/mongodb-rate,7.64,64.75,400.43,0.0156,2,1289,314.9516,1.2515,1.3303,0.0215,A
122,hotel/mongodb-recommendation,7.36,62.77,400.43,0.0,0,82,284.8009,1.2515,1.3303,0.0215,A
122,hotel/mongodb-reservation,8.81,252.48,400.43,0.043,22,79,284.8009,1.2515,1.3303,0.0215,A
122,hotel/mongodb-user,7.48,63.07,400.43,0.0,0,53,284.8009,1.2515,1.3303,0.0215,A
122,hotel/profile,3426.06,48.88,1119.06,0.0,0,45085,11015.9748,29.098,767.455,10.6,A
122,hotel/rate,1445.33,42.71,1119.14,0.0,0,6674,1630.7112,12.2754,767.455,3.85,A
122,hotel/recommendation,761.19,27.77,1119.06,0.0,0,4820,1177.7087,6.4649,767.455,2.32,A
122,hotel/reservation,3405.34,64.93,1119.06,0.0,0,141220,34505.4001,28.922,767.455,10.4,A
122,hotel/search,2719.72,37.34,1119.06,0.0,0,11831,2890.7619,23.099,767.455,7.52,A
122,hotel/user,45.19,20.49,1119.06,0.0,0,1550,378.7238,1.2515,767.455,0.15,A
122,sa1/customer-feedback,21266.26,10163.3,13293.62,0.0,0,12318,3009.7544,180.6174,767.455,51.4,A
122,sn1/compose-post-service,1372.18,89.07,251.42,0.0,0,7187,1756.0566,11.6541,767.455,3.8,A
122,sn1/home-timeline-redis,292.71,2554.2,952.74,0.0,0,2386,582.9903,2.486,767.455,0.817,A
122,sn1/home-timeline-service,1608.96,110.15,251.42,0.0,0,6274,1532.9761,13.6651,767.455,4.58,A
122,sn1/jaeger,15.13,5190.45,75.0,0.0,0,857,284.8009,1.2515,767.455,0.107,A
122,sn1/media-frontend,0.0,2027.57,648.43,0.0,0,0,284.8009,1.2515,1.3303,0.0,A
122,sn1/media-memcached,0.18,4.63,75.33,0.0,0,0,284.8009,1.2515,1.3303,0.0,A
122,sn1/media-mongodb,8.06,73.68,703.91,0.0,0,148,284.8009,1.2515,1.3303,0.0215,A
122,sn1/media-service,75.5,4.86,251.42,0.0,0,768,284.8009,1.2515,767.455,0.215,A
122,sn1/nginx-thrift,24366.4,42842.38,620.32,17.5117,154,10569,2582.4074,206.9474,767.455,69.1,A
122,sn1/post-storage-memcached,1810.61,70.62,75.33,0.0,0,7467,1824.4712,15.3778,767.455,5.16,A
122,sn1/post-storage-mongodb,949.62,8188.02,4129.87,0.0,0,1405,343.2948,8.0653,767.455,2.69,A
122,sn1/post-storage-service,7597.65,98.12,251.42,0.0,0,13249,3237.233,64.5279,767.455,21.3,A
122,sn1/social-graph-mongodb,9.55,728.29,756.91,0.0039,2,416,284.8009,1.2515,1.3303,0.043,A
122,sn1/social-graph-redis,2.15,20.04,103.57,0.0,0,138,284.8009,1.2515,1.3303,0.0,A
122,sn1/social-graph-service,0.06,31.3,251.42,0.0,0,0,284.8009,1.2515,1.3303,0.0,A
122,sn1/text-service,1429.09,82.37,251.42,0.0,0,6272,1532.4874,12.1375,767.455,3.89,A
122,sn1/unique-id-service,76.43,4.67,251.42,0.0,0,706,284.8009,1.2515,767.455,0.193,A
122,sn1/url-shorten-memcached,0.14,4.63,75.33,0.0,0,0,284.8009,1.2515,1.3303,0.0,A
122,sn1/url-shorten-mongodb,326.66,106.67,702.74,0.0391,2,1920,469.1288,2.7744,767.455,0.752,A
122,sn1/url-shorten-service,1265.84,76.92,251.42,0.0,0,6533,1596.2596,10.751,767.455,3.33,A
122,sn1/user-memcached,152.43,6.61,75.33,0.0,0,3400,830.7489,1.2946,767.455,0.43,A
122,sn1/user-mention-service,241.44,6.91,251.42,0.0,0,977,284.8009,2.0506,767.455,0.709,A
122,sn1/user-mongodb,9.07,97.08,704.67,0.0039,2,113,284.8009,1.2515,1.3303,0.0215,A
122,sn1/user-service,66.33,17.98,251.42,0.0,0,756,284.8009,1.2515,767.455,0.172,A
122,sn1/user-timeline-mongodb,15.01,106.83,702.94,0.0,0,2477,605.225,1.2515,767.455,0.043,A
122,sn1/user-timeline-redis,151.62,95.72,136.86,0.0,0,797,284.8009,1.2877,767.455,0.43,A
122,sn1/user-timeline-service,1519.97,518.84,251.42,0.0,0,8740,2135.5134,12.9093,767.455,4.17,A
123,hotel/consul,13.53,29.11,201.48,0.0,0,5380,1284.6269,1.2515,774.0552,0.0377,A
123,hotel/frontend,9953.43,131.66,1119.14,0.0,0,853952,203905.1471,99.1085,774.0552,24.6,A
123,hotel/geo,1221.19,27.78,1119.06,0.0,0,4215,1006.4502,12.1597,774.0552,3.41,A
123,hotel/jaeger,0.2,14.79,81.01,0.0,0,0,284.8009,1.2515,1.3303,0.0,A
123,hotel/memcached-profile,139.17,7.68,79.25,0.0,0,2073,494.9873,1.3857,774.0552,0.377,A
123,hotel/memcached-rate,99.36,7.59,79.25,0.0,0,3166,755.9719,1.2515,774.0552,0.264,A
123,hotel/memcached-reserve,164.76,7.21,79.25,0.0,0,1546,369.1511,1.6406,774.0552,0.415,A
123,hotel/mongodb-geo,7.47,63.18,400.43,0.0352,4,158,284.8009,1.2515,1.3303,0.0189,A
123,hotel/mongodb-profile,7.32,63.97,400.43,0.0234,2,215,284.8009,1.2515,1.3303,0.0,A
123,hotel/mongodb-rate,6.85,64.75,400.43,0.0,0,2201,525.5509,1.2515,1.3303,0.0377,A
123,hotel/mongodb-recommendation,7.55,62.77,400.43,0.0352,4,58,284.8009,1.2515,1.3303,0.0189,A
123,hotel/mongodb-reservation,9.73,252.48,400.43,0.0898,32,90,284.8009,1.2515,1.3303,0.0189,A
123,hotel/mongodb-user,7.84,63.07,400.43,0.0234,2,162,284.8009,1.2515,1.3303,0.0189,A
123,hotel/profile,3460.48,42.88,1119.06,0.0,0,53921,12875.1609,34.4568,774.0552,8.69,A
123,hotel/rate,1505.94,44.0,1119.14,0.0,0,4420,1055.3998,14.995,774.0552,3.71,A
123,hotel/recommendation,794.85,26.86,1119.06,0.0,0,3275,781.9987,7.9145,774.0552,2.24,A
123,hotel/reservation,3290.64,68.56,1119.06,0.0,0,123163,29408.6431,32.7656,774.0552,9.11,A
123,hotel/search,2863.8,36.28,1119.06,0.0,0,11161,2665.0038,28.5155,774.0552,7.52,A
123,hotel/user,48.94,20.68,1119.06,0.0,0,1171,284.8009,1.2515,774.0552,0.113,A
123,sa1/customer-feedback,21683.54,10164.99,13293.62,0.0,0,9024,2154.7347,215.9077,774.0552,66.9,A
123,sn1/compose-post-service,1392.44,86.13,251.42,0.0,0,7765,1854.113,13.8648,774.0552,3.34,A
123,sn1/home-timeline-redis,293.06,2555.0,952.74,0.0,0,1785,426.2191,2.9181,774.0552,0.735,A
123,sn1/home-timeline-service,1595.16,109.79,251.42,0.0,0,7238,1728.2768,15.8834,774.0552,3.94,A
123,sn1/jaeger,57.88,5191.43,75.0,0.0,0,771,284.8009,1.2515,774.0552,0.226,A
123,sn1/media-frontend,0.0,2027.57,648.43,0.0,0,0,284.8009,1.2515,1.3303,0.0,A
123,sn1/media-memcached,0.16,4.63,75.33,0.0,0,0,284.8009,1.2515,1.3303,0.0,A
123,sn1/media-mongodb,9.42,73.68,703.91,0.043,6,91,284.8009,1.2515,1.3303,0.0377,A
123,sn1/media-service,76.02,4.86,251.42,0.0,0,617,284.8009,1.2515,774.0552,0.207,A
123,sn1/nginx-thrift,24266.79,42854.7,620.32,18.2344,168,12276,2931.2416,241.6297,774.0552,60.3,A
123,sn1/post-storage-memcached,1799.39,70.62,75.33,0.0,0,6520,1556.8341,17.9169,774.0552,4.41,A
123,sn1/post-storage-mongodb,952.64,8188.05,4129.87,0.0859,4,1161,284.8009,9.4856,774.0552,2.34,A
123,sn1/post-storage-service,7569.86,94.72,251.42,0.0,0,15323,3658.7988,75.3747,774.0552,18.5,A
123,sn1/social-graph-mongodb,9.31,728.29,756.91,0.1055,10,61,284.8009,1.2515,1.3303,0.0189,A
123,sn1/social-graph-redis,2.0,20.04,103.57,0.0,0,956,284.8009,1.2515,1.3303,0.0189,A
123,sn1/social-graph-service,0.0,31.3,251.42,0.0,0,0,284.8009,1.2515,1.3303,0.0,A
123,sn1/text-service,1433.06,85.93,251.42,0.0,0,8286,1978.5164,14.2693,774.0552,3.36,A
123,sn1/unique-id-service,78.45,4.74,251.42,0.0,0,630,284.8009,1.2515,774.0552,0.189,A
123,sn1/url-shorten-memcached,0.14,4.63,75.33,0.0,0,0,284.8009,1.2515,1.3303,0.0,A
123,sn1/url-shorten-mongodb,320.32,106.16,702.74,0.0,0,2628,627.5092,3.1895,774.0552,0.603,A
123,sn1/url-shorten-service,1244.5,77.89,251.42,0.0,0,8164,1949.3855,12.3918,774.0552,2.53,A
123,sn1/user-memcached,154.07,6.61,75.33,0.0,0,2520,601.7211,1.5341,774.0552,0.396,A
123,sn1/user-mention-service,241.52,6.85,251.42,0.0,0,1369,326.8874,2.4049,774.0552,0.603,A
123,sn1/user-mongodb,9.04,97.08,704.67,0.0352,2,338,284.8009,1.2515,1.3303,0.0189,A
123,sn1/user-service,67.8,17.98,251.42,0.0,0,1001,284.8009,1.2515,774.0552,0.151,A
123,sn1/user-timeline-mongodb,15.11,106.83,702.94,0.0312,2,411,284.8009,1.2515,774.0552,0.0377,A
123,sn1/user-timeline-redis,152.16,96.22,136.86,0.0,0,2137,510.2691,1.5151,774.0552,0.377,A
123,sn1/user-timeline-service,1517.12,518.52,251.42,0.0,0,9720,2320.9244,15.1063,774.0552,3.66,A
124,hotel/consul,15.25,29.13,201.48,0.0,0,727,284.8009,1.2515,771.5517,0.0181,A
124,hotel/frontend,9986.05,110.54,1119.14,0.0,0,885612,213767.6524,110.0513,771.5517,23.1,A
124,hotel/geo,1138.12,28.11,1119.06,0.0,0,3293,794.8592,12.5427,771.5517,2.77,A
124,hotel/jaeger,0.21,14.79,81.01,0.0,0,0,284.8009,1.2515,1.3303,0.0,A
124,hotel/memcached-profile,139.12,7.95,79.25,0.0,0,1576,380.4124,1.5332,771.5517,0.326,A
124,hotel/memcached-rate,106.02,7.62,79.25,0.0,0,1874,452.3432,1.2515,771.5517,0.253,A
124,hotel/memcached-reserve,168.26,7.22,79.25,0.0,0,1827,440.9984,1.8543,771.5517,0.38,A
124,hotel/mongodb-geo,7.35,62.93,400.43,0.0,0,291,284.8009,1.2515,1.3303,0.0181,A
124,hotel/mongodb-profile,7.23,63.97,400.43,0.0,0,45,284.8009,1.2515,1.3303,0.0181,A
124,hotel/mongodb-rate,8.45,64.76,400.43,0.0664,10,187,284.8009,1.2515,1.3303,0.0181,A
124,hotel/mongodb-recommendation,7.63,62.77,400.43,0.0,0,61,284.8009,1.2515,1.3303,0.0362,A
124,hotel/mongodb-reservation,8.96,252.49,400.43,0.0469,24,1350,325.8609,1.2515,1.3303,0.0362,A
124,hotel/mongodb-user,7.38,63.07,400.43,0.0,0,211,284.8009,1.2515,1.3303,0.0181,A
124,hotel/profile,3244.73,46.41,1119.06,0.0,0,96443,23279.2619,35.7586,771.5517,7.58,A
124,hotel/rate,1548.7,46.06,1119.14,0.0,0,4490,1083.7892,17.0675,771.5517,3.86,A
124,hotel/recommendation,757.17,28.04,1119.06,0.0,0,3043,734.5146,8.3444,771.5517,1.74,A
124,hotel/reservation,3417.05,64.46,1119.06,0.0,0,101379,24470.7059,37.6576,771.5517,7.37,A
124,hotel/search,3167.86,38.84,1119.06,0.0,0,20491,4946.0858,34.9114,771.5517,7.51,A
124,hotel/user,47.68,20.79,1119.06,0.0,0,2143,517.274,1.2515,771.5517,0.109,A
124,sa1/customer-feedback,21491.14,10165.8,13293.62,3.8984,40,11106,2680.7491,236.8432,771.5517,68.8,A
124,sn1/compose-post-service,1321.41,86.97,251.42,0.0,0,6548,1580.5461,14.5626,771.5517,2.91,A
124,sn1/home-timeline-redis,286.77,2554.77,952.74,0.0,0,1758,424.3433,3.1604,771.5517,0.67,A
124,sn1/home-timeline-service,1613.58,110.24,251.42,0.0,0,6682,1612.8908,17.7825,771.5517,3.73,A
124,sn1/jaeger,13.05,5191.7,75.0,0.0,0,1292,311.861,1.2515,771.5517,0.0543,A
124,sn1/media-frontend,0.0,2027.57,648.43,0.0,0,0,284.8009,1.2515,1.3303,0.0,A
124,sn1/media-memcached,0.18,4.63,75.33,0.0,0,0,284.8009,1.2515,1.3303,0.0,A
124,sn1/media-mongodb,8.3,73.68,703.91,0.0,0,86,284.8009,1.2515,1.3303,0.0362,A
124,sn1/media-service,72.81,4.86,251.42,0.0,0,684,284.8009,1.2515,771.5517,0.163,A
124,sn1/nginx-thrift,24361.31,42862.28,620.32,17.8125,164,10286,2482.8187,268.4739,771.5517,57.1,A
124,sn1/post-storage-memcached,1823.5,70.89,75.33,0.0,0,6477,1563.4082,20.0959,771.5517,4.25,A
124,sn1/post-storage-mongodb,963.09,8187.79,4129.87,0.0,0,1082,284.8009,10.6137,771.5517,2.3,A
124,sn1/post-storage-service,7683.63,93.79,251.42,0.0,0,13190,3183.7818,84.6775,771.5517,17.9,A
124,sn1/social-graph-mongodb,8.54,728.29,756.91,0.0078,4,47,284.8009,1.2515,1.3303,0.0181,A
124,sn1/social-graph-redis,2.14,20.04,103.57,0.0,0,257,284.8009,1.2515,1.3303,0.0,A
124,sn1/social-graph-service,0.04,31.3,251.42,0.0,0,0,284.8009,1.2515,1.3303,0.0,A
124,sn1/text-service,1405.56,82.62,251.42,0.0,0,6786,1637.9942,15.49,771.5517,3.1,A
124,sn1/unique-id-service,76.18,4.74,251.42,0.0,0,632,284.8009,1.2515,771.5517,0.181,A
124,sn1/url-shorten-memcached,0.19,4.63,75.33,0.0,0,0,284.8009,1.2515,1.3303,0.0,A
124,sn1/url-shorten-mongodb,304.95,106.33,702.74,0.0391,2,1294,312.3437,3.3607,771.5517,0.597,A
124,sn1/url-shorten-service,1190.43,77.68,251.42,0.0,0,6399,1544.5807,13.1191,771.5517,2.41,A
124,sn1/user-memcached,147.53,6.35,75.33,0.0,0,2907,701.6872,1.6259,771.5517,0.344,A
124,sn1/user-mention-service,232.7,6.86,251.42,0.0,0,983,284.8009,2.5645,771.5517,0.543,A
124,sn1/user-mongodb,8.55,97.08,704.67,0.0078,4,77,284.8009,1.2515,1.3303,0.0181,A
124,sn1/user-service,68.29,18.02,251.42,0.0,0,586,284.8009,1.2515,771.5517,0.181,A
124,sn1/user-timeline-mongodb,15.1,106.83,702.94,0.0,0,721,284.8009,1.2515,771.5517,0.0543,A
124,sn1/user-timeline-redis,152.52,96.0,136.86,0.0,0,1182,285.3093,1.6808,771.5517,0.362,A
124,sn1/user-timeline-service,1533.28,518.8,251.42,0.0,0,9253,2233.4748,16.8975,771.5517,3.46,A
125,hotel/consul,12.82,29.13,201.48,0.0,0,7228,1681.184,1.2515,734.689,0.024,A
125,hotel/frontend,9792.49,117.86,1119.14,0.0,0,694458,161526.2445,169.613,734.689,21.0,A
125,hotel/geo,1259.14,32.44,1119.06,0.0,0,5372,1249.4909,21.8092,734.689,3.1,A
125,hotel/jaeger,0.2,14.79,81.01,0.0,0,0,284.8009,1.2515,1.3303,0.0,A
125,hotel/memcached-profile,138.06,7.68,79.25,0.0,0,3242,754.0673,2.3913,734.689,0.312,A
125,hotel/memcached-rate,99.99,7.6,79.25,0.0,0,2707,629.6299,1.7319,734.689,0.228,A
125,hotel/memcached-reserve,162.36,7.23,79.25,0.0,0,2081,484.0266,2.8122,734.689,0.385,A
125,hotel/mongodb-geo,8.19,62.93,400.43,0.0273,2,88,284.8009,1.2515,1.3303,0.012,A
125,hotel/mongodb-profile,7.68,63.97,400.43,0.0273,2,129,284.8009,1.2515,1.3303,0.012,A
125,hotel/mongodb-rate,6.83,64.76,400.43,0.0,0,613,284.8009,1.2515,1.3303,0.012,A
125,hotel/mongodb-recommendation,7.86,62.78,400.43,0.0273,2,55,284.8009,1.2515,1.3303,0.012,A
125,hotel/mongodb-reservation,10.7,252.5,400.43,0.1016,38,1263,293.7653,1.2515,734.689,0.024,A
125,hotel/mongodb-user,8.17,63.07,400.43,0.0273,2,1375,319.8157,1.2515,1.3303,0.012,A
125,hotel/profile,3079.51,44.96,1119.06,0.0,0,47217,10982.3556,53.3393,734.689,6.68,A
125,hotel/rate,1462.31,40.14,1119.14,0.0,0,5527,1285.5429,25.3283,734.689,3.47,A
125,hotel/recommendation,764.74,28.09,1119.06,0.0,0,3882,902.927,13.2458,734.689,1.79,A
125,hotel/reservation,3557.07,63.57,1119.06,0.0,0,133325,31010.4953,61.611,734.689,7.9,A
125,hotel/search,2871.5,36.72,1119.06,0.0,0,16734,3892.2155,49.7364,734.689,6.62,A
125,hotel/user,46.92,21.04,1119.06,0.0,0,2179,506.8207,1.2515,734.689,0.0961,A
125,sa1/customer-feedback,33122.61,10162.67,13293.62,0.0,0,40054,9316.2901,573.7075,734.689,90.9,A
125,sn1/compose-post-service,1384.98,91.65,251.42,0.0,0,8733,2031.2369,23.9889,734.689,2.75,A
125,sn1/home-timeline-redis,282.51,2554.62,952.74,0.0,0,2886,671.2641,4.8933,734.689,0.613,A
125,sn1/home-timeline-service,1574.24,111.91,251.42,0.0,0,7581,1763.2894,27.267,734.689,3.41,A
125,sn1/jaeger,59.27,5201.2,75.0,0.0,0,785,284.8009,1.2515,734.689,0.337,A
125,sn1/media-frontend,0.0,2027.57,648.43,0.0,0,0,284.8009,1.2515,1.3303,0.0,A
125,sn1/media-memcached,0.14,4.63,75.33,0.0,0,0,284.8009,1.2515,1.3303,0.0,A
125,sn1/media-mongodb,9.4,73.68,703.91,0.0352,2,1450,337.2602,1.2515,1.3303,0.024,A
125,sn1/media-service,74.21,4.86,251.42,0.0,0,671,284.8009,1.2854,734.689,0.144,A
125,sn1/nginx-thrift,24102.35,42870.16,620.32,17.8164,160,13556,3153.0341,417.4701,734.689,52.6,A
125,sn1/post-storage-memcached,1763.53,71.13,75.33,0.0,0,7294,1696.5352,30.5456,734.689,3.82,A
125,sn1/post-storage-mongodb,930.67,8187.65,4129.87,0.0625,2,1202,284.8009,16.1199,734.689,2.01,A
125,sn1/post-storage-service,7470.69,94.09,251.42,0.0,0,14501,3372.8347,129.3977,734.689,16.2,A
125,sn1/social-graph-mongodb,9.67,728.29,756.91,0.0352,2,474,284.8009,1.2515,1.3303,0.024,A
125,sn1/social-graph-redis,2.11,20.04,103.57,0.0,0,390,284.8009,1.2515,1.3303,0.0,A
125,sn1/social-graph-service,0.0,31.3,251.42,0.0,0,0,284.8009,1.2515,1.3303,0.0,A
125,sn1/text-service,1422.8,91.63,251.42,0.0,0,8568,1992.859,24.6439,734.689,2.91,A
125,sn1/unique-id-service,76.73,4.74,251.42,0.0,0,745,284.8009,1.329,734.689,0.156,A
125,sn1/url-shorten-memcached,0.17,4.63,75.33,0.0,0,0,284.8009,1.2515,1.3303,0.0,A
125,sn1/url-shorten-mongodb,315.52,106.51,702.74,0.043,6,2601,604.975,5.465,734.689,0.589,A
125,sn1/url-shorten-service,1213.35,81.05,251.42,0.0,0,9379,2181.4921,21.0161,734.689,2.48,A
125,sn1/user-memcached,146.73,6.61,75.33,0.0,0,3345,778.0244,2.5415,734.689,0.3,A
125,sn1/user-mention-service,237.87,6.86,251.42,0.0,0,1156,284.8009,4.1201,734.689,0.493,A
125,sn1/user-mongodb,9.58,97.08,704.67,0.0352,2,145,284.8009,1.2515,1.3303,0.012,A
125,sn1/user-service,68.73,18.02,251.42,0.0,0,1013,284.8009,1.2515,734.689,0.144,A
125,sn1/user-timeline-mongodb,15.77,106.83,702.94,0.0039,2,556,284.8009,1.2515,734.689,0.0361,A
125,sn1/user-timeline-redis,149.07,95.76,136.86,0.0,0,1371,318.8853,2.582,734.689,0.312,A
125,sn1/user-timeline-service,1488.39,521.65,251.42,0.0,0,11184,2601.3229,25.78,734.689,3.14,A
126,hotel/consul,13.66,29.14,201.48,0.0,0,4082,997.5109,1.2515,725.6718,0.0409,A
126,hotel/frontend,9807.36,126.37,1119.14,0.0,0,858996,209911.2873,112.4916,725.6718,26.4,A
126,hotel/geo,1280.05,29.04,1119.06,0.0,0,4458,1089.3933,14.6823,725.6718,3.48,A
126,hotel/jaeger,0.19,14.79,81.01,0.0,0,0,284.8009,1.2515,1.3303,0.0,A
126,hotel/memcached-profile,140.37,8.24,79.25,0.0,0,2521,616.0522,1.6101,725.6718,0.389,A
126,hotel/memcached-rate,102.73,7.61,79.25,0.0,0,1320,322.566,1.2515,725.6718,0.287,A
126,hotel/memcached-reserve,172.1,7.23,79.25,0.0,0,1832,447.6825,1.974,725.6718,0.512,A
126,hotel/mongodb-geo,8.06,62.93,400.43,0.0469,10,813,284.8009,1.2515,1.3303,0.0409,A
126,hotel/mongodb-profile,8.19,63.98,400.43,0.0469,8,657,284.8009,1.2515,1.3303,0.0409,A
126,hotel/mongodb-rate,8.14,64.76,400.43,0.0195,2,4318,1055.1818,1.2515,1.3303,0.0409,A
126,hotel/mongodb-recommendation,9.26,62.79,400.43,0.0469,10,4018,981.8713,1.2515,1.3303,0.0614,A
126,hotel/mongodb-reservation,11.55,252.55,400.43,0.668,88,2474,604.5669,1.2515,725.6718,0.0409,A
126,hotel/mongodb-user,9.3,63.07,400.43,0.0469,10,761,284.8009,1.2515,1.3303,0.0409,A
126,hotel/profile,3603.28,45.86,1119.06,0.0,0,55623,13592.4912,41.3301,725.6718,9.21,A
126,hotel/rate,1626.47,41.89,1119.14,0.0,0,4683,1144.3762,18.6558,725.6718,3.89,A
126,hotel/recommendation,863.67,28.87,1119.06,0.0,0,3376,824.987,9.9064,725.6718,2.25,A
126,hotel/reservation,3789.03,66.7,1119.06,0.0,0,131195,32059.8831,43.4606,725.6718,8.94,A
126,hotel/search,3084.09,37.48,1119.06,0.0,0,54452,13306.336,35.3749,725.6718,8.57,A
126,hotel/user,47.85,20.24,1119.06,0.0,0,1901,464.5439,1.2515,725.6718,0.143,A
126,sa1/customer-feedback,25706.11,10163.55,13293.62,0.0,0,18696,4568.7075,294.8521,725.6718,84.5,A
126,sn1/compose-post-service,1363.81,89.38,251.42,0.0,0,7385,1804.659,15.6431,725.6718,3.48,A
126,sn1/home-timeline-redis,292.57,2554.37,952.74,0.0,0,1682,411.0273,3.3558,725.6718,0.778,A
126,sn1/home-timeline-service,1602.75,112.71,251.42,0.0,0,7117,1739.1683,18.3837,725.6718,4.28,A
126,sn1/jaeger,18.99,5207.31,75.0,0.0,0,632,284.8009,1.2515,725.6718,0.123,A
126,sn1/media-frontend,0.0,2027.57,648.43,0.0,0,0,284.8009,1.2515,1.3303,0.0,A
126,sn1/media-memcached,0.21,4.63,75.33,0.0,0,1118,284.8009,1.2515,1.3303,0.0,A
126,sn1/media-mongodb,8.38,73.68,703.91,0.0,0,100,284.8009,1.2515,1.3303,0.0205,A
126,sn1/media-service,74.17,4.86,251.42,0.0,0,1124,284.8009,1.2515,725.6718,0.225,A
126,sn1/nginx-thrift,24170.1,42878.43,620.32,17.5078,160,10177,2486.9349,277.2339,725.6718,64.6,A
126,sn1/post-storage-memcached,1827.31,71.3,75.33,0.0,0,6036,1475.0063,20.9595,725.6718,4.81,A
126,sn1/post-storage-mongodb,947.51,8188.3,4129.87,0.0039,2,1054,284.8009,10.8681,725.6718,2.54,A
126,sn1/post-storage-service,7677.11,94.25,251.42,0.0,0,13470,3291.6394,88.0574,725.6718,20.2,A
126,sn1/social-graph-mongodb,10.29,728.29,756.91,0.0,0,1391,339.9161,1.2515,725.6718,0.0409,A
126,sn1/social-graph-redis,2.09,20.04,103.57,0.0,0,191,284.8009,1.2515,1.3303,0.0,A
126,sn1/social-graph-service,0.05,31.3,251.42,0.0,0,0,284.8009,1.2515,1.3303,0.0,A
126,sn1/text-service,1430.83,90.59,251.42,0.0,0,7512,1835.6938,16.4118,725.6718,3.54,A
126,sn1/unique-id-service,77.67,4.74,251.42,0.0,0,826,284.8009,1.2515,725.6718,0.205,A
126,sn1/url-shorten-memcached,0.17,4.63,75.33,0.0,0,0,284.8009,1.2515,1.3303,0.0,A
126,sn1/url-shorten-mongodb,322.85,106.66,702.74,0.043,2,1688,412.4935,3.7031,725.6718,0.716,A
126,sn1/url-shorten-service,1237.0,80.37,251.42,0.0,0,7359,1798.3054,14.1885,725.6718,2.8,A
126,sn1/user-memcached,150.05,6.35,75.33,0.0,0,4316,1054.6931,1.7211,725.6718,0.389,A
126,sn1/user-mention-service,235.83,6.78,251.42,0.0,0,951,284.8009,2.705,725.6718,0.634,A
126,sn1/user-mongodb,9.23,97.08,704.67,0.0,0,612,284.8009,1.2515,1.3303,0.0205,A
126,sn1/user-service,69.61,18.02,251.42,0.0,0,684,284.8009,1.2515,725.6718,0.205,A
126,sn1/user-timeline-mongodb,15.43,106.83,702.94,0.0,0,949,284.8009,1.2515,725.6718,0.0614,A
126,sn1/user-timeline-redis,151.76,95.74,136.86,0.0,0,986,284.8009,1.7407,725.6718,0.409,A
126,sn1/user-timeline-service,1492.53,520.64,251.42,0.0,0,9703,2371.1044,17.1195,725.6718,3.89,A
127,hotel/consul,13.49,29.14,201.48,0.0,0,3544,877.1313,1.2515,769.3762,0.0396,A
127,hotel/frontend,9843.31,117.53,1119.14,0.0,0,721047,178457.3705,148.8336,769.3762,26.6,A
127,hotel/geo,1319.71,29.62,1119.06,0.0,0,3409,843.7192,19.9544,769.3762,3.96,A
127,hotel/jaeger,0.19,14.79,81.01,0.0,0,0,284.8009,1.2515,1.3303,0.0,A
127,hotel/memcached-profile,142.98,7.7,79.25,0.0,0,1679,415.5484,2.1619,769.3762,0.416,A
127,hotel/memcached-rate,104.62,7.6,79.25,0.0,0,2610,645.9686,1.5819,769.3762,0.277,A
127,hotel/memcached-reserve,174.29,7.49,79.25,0.0,0,1121,284.8009,2.6353,769.3762,0.495,A
127,hotel/mongodb-geo,7.63,62.93,400.43,0.0391,4,762,284.8009,1.2515,1.3303,0.0198,A
127,hotel/mongodb-profile,7.58,63.98,400.43,0.0273,2,50,284.8009,1.2515,1.3303,0.0198,A
127,hotel/mongodb-rate,6.97,64.76,400.43,0.0,0,131,284.8009,1.2515,1.3303,0.0,A
127,hotel/mongodb-recommendation,7.82,62.79,400.43,0.0273,2,125,284.8009,1.2515,1.3303,0.0396,A
127,hotel/mongodb-reservation,8.94,252.56,400.43,0.0625,16,470,284.8009,1.2515,1.3303,0.0396,A
127,hotel/mongodb-user,7.68,63.07,400.43,0.0352,4,38,284.8009,1.2515,1.3303,0.0396,A
127,hotel/profile,3565.38,57.53,1119.06,0.0,0,37833,9363.575,53.9096,769.3762,9.43,A
127,hotel/rate,1721.76,40.6,1119.14,0.0,0,4271,1057.0621,26.0335,769.3762,5.17,A
127,hotel/recommendation,831.76,28.47,1119.06,0.0,0,2934,726.1578,12.5764,769.3762,2.32,A
127,hotel/reservation,3688.84,66.45,1119.06,0.0,0,166474,41201.9082,55.7763,769.3762,10.5,A
127,hotel/search,3226.26,38.77,1119.06,0.0,0,16401,4059.2074,48.782,769.3762,9.31,A
127,hotel/user,47.75,20.28,1119.06,0.0,0,1848,457.3755,1.2515,769.3762,0.139,A
127,sa1/customer-feedback,17481.55,10167.27,13293.62,0.0,0,6708,1660.2136,264.326,769.3762,43.5,A
127,sn1/compose-post-service,1322.4,86.5,251.42,0.0,0,6400,1583.9844,19.9951,769.3762,3.17,A
127,sn1/home-timeline-redis,292.51,2555.11,952.74,0.0,0,1317,325.9543,4.4228,769.3762,0.733,A
127,sn1/home-timeline-service,1594.72,110.36,251.42,0.0,0,4966,1229.0729,24.1126,769.3762,4.1,A
127,sn1/jaeger,60.34,5230.42,75.0,0.0,0,926,284.8009,1.2515,769.3762,0.238,A
127,sn1/media-frontend,0.0,2027.57,648.43,0.0,0,0,284.8009,1.2515,1.3303,0.0,A
127,sn1/media-memcached,0.19,4.63,75.33,0.0,0,0,284.8009,1.2515,1.3303,0.0,A
127,sn1/media-mongodb,9.42,73.68,703.91,0.0547,4,52,284.8009,1.2515,1.3303,0.0396,A
127,sn1/media-service,72.39,4.86,251.42,0.0,0,641,284.8009,1.2515,769.3762,0.198,A
127,sn1/nginx-thrift,24021.82,42895.21,620.32,17.6992,156,8229,2036.6574,363.2167,769.3762,61.3,A
127,sn1/post-storage-memcached,1850.02,71.05,75.33,0.0,0,5124,1268.1775,27.9728,769.3762,4.81,A
127,sn1/post-storage-mongodb,939.75,8188.15,4129.87,0.0742,4,860,284.8009,14.2093,769.3762,2.46,A
127,sn1/post-storage-service,7697.84,94.08,251.42,0.0,0,11543,2856.8643,116.3935,769.3762,19.9,A
127,sn1/social-graph-mongodb,9.89,728.29,756.91,0.0352,2,69,284.8009,1.2515,1.3303,0.0198,A
127,sn1/social-graph-redis,2.17,20.04,103.57,0.0,0,350,284.8009,1.2515,1.3303,0.0,A
127,sn1/social-graph-service,0.0,31.3,251.42,0.0,0,0,284.8009,1.2515,1.3303,0.0,A
127,sn1/text-service,1346.61,90.3,251.42,0.0,0,6941,1717.8805,20.3611,769.3762,3.29,A
127,sn1/unique-id-service,74.54,4.74,251.42,0.0,0,604,284.8009,1.2515,769.3762,0.178,A
127,sn1/url-shorten-memcached,0.17,4.63,75.33,0.0,0,0,284.8009,1.2515,1.3303,0.0,A
127,sn1/url-shorten-mongodb,292.25,106.77,702.74,0.0,0,2967,734.3252,4.4189,769.3762,0.614,A
127,sn1/url-shorten-service,1168.62,80.18,251.42,0.0,0,6608,1635.4639,17.6699,769.3762,2.85,A
127,sn1/user-memcached,145.03,6.59,75.33,0.0,0,1936,479.1553,2.1929,769.3762,0.376,A
127,sn1/user-mention-service,230.03,6.81,251.42,0.0,0,1173,290.3146,3.4781,769.3762,0.574,A
127,sn1/user-mongodb,9.25,97.08,704.67,0.0352,2,110,284.8009,1.2515,1.3303,0.0396,A
127,sn1/user-service,66.44,18.02,251.42,0.0,0,898,284.8009,1.2515,769.3762,0.158,A
127,sn1/user-timeline-mongodb,14.62,106.85,702.94,0.0,0,589,284.8009,1.2515,769.3762,0.0396,A
127,sn1/user-timeline-redis,149.67,96.74,136.86,0.0,0,996,284.8009,2.2631,769.3762,0.376,A
127,sn1/user-timeline-service,1482.3,519.27,251.42,0.0,0,6899,1707.4856,22.4128,769.3762,3.72,A
128,hotel/consul,12.79,29.14,201.48,0.0,0,3748,937.888,1.2515,774.6543,0.0415,A
128,hotel/frontend,9981.83,130.93,1119.14,0.0,0,747359,187016.8274,138.1733,774.6543,27.6,A
128,hotel/geo,1342.47,27.44,1119.06,0.0,0,3537,885.088,18.5831,774.6543,3.61,A
128,hotel/jaeger,0.23,14.79,81.01,0.0,0,0,284.8009,1.2515,1.3303,0.0,A
128,hotel/memcached-profile,137.39,7.71,79.25,0.0,0,2398,600.0682,1.9018,774.6543,0.353,A
128,hotel/memcached-rate,102.31,7.61,79.25,0.0,0,2125,531.7535,1.4162,774.6543,0.291,A
128,hotel/memcached-reserve,174.94,7.23,79.25,0.0,0,2110,527.9999,2.4216,774.6543,0.457,A
128,hotel/mongodb-geo,7.21,62.93,400.43,0.0,0,40,284.8009,1.2515,1.3303,0.0415,A
128,hotel/mongodb-profile,7.17,63.98,400.43,0.0,0,70,284.8009,1.2515,1.3303,0.0208,A
128,hotel/mongodb-rate,7.8,64.76,400.43,0.0195,2,204,284.8009,1.2515,1.3303,0.0208,A
128,hotel/mongodb-recommendation,7.12,62.79,400.43,0.0,0,80,284.8009,1.2515,1.3303,0.0208,A
128,hotel/mongodb-reservation,9.71,252.57,400.43,0.0586,30,1839,460.1857,1.2515,1.3303,0.0415,A
128,hotel/mongodb-user,6.9,63.07,400.43,0.0,0,100,284.8009,1.2515,1.3303,0.0208,A
128,hotel/profile,3521.38,50.0,1119.06,0.0,0,64387,16112.0057,48.7447,774.6543,9.24,A
128,hotel/rate,1764.3,41.89,1119.14,0.0,0,4266,1067.5108,24.4223,774.6543,4.82,A
128,hotel/recommendation,828.14,27.09,1119.06,0.0,0,2816,704.6672,11.4635,774.6543,2.26,A
128,hotel/reservation,3689.04,60.61,1119.06,0.0,0,77346,19354.8262,51.0655,774.6543,10.8,A
128,hotel/search,3325.07,39.33,1119.06,0.0,0,29056,7270.8845,46.0272,774.6543,9.22,A
128,hotel/user,47.75,20.3,1119.06,0.0,0,1833,458.6843,1.2515,774.6543,0.145,A
128,sa1/customer-feedback,21711.02,10168.2,13293.62,0.0,0,10992,2750.6044,300.5345,774.6543,33.0,A
128,sn1/compose-post-service,1376.21,86.86,251.42,0.0,0,7117,1780.9363,19.0502,774.6543,3.53,A
128,sn1/home-timeline-redis,284.0,2554.95,952.74,0.0,0,1589,397.6265,3.9313,774.6543,0.789,A
128,sn1/home-timeline-service,1584.88,110.2,251.42,0.0,0,5547,1388.0643,21.9387,774.6543,4.49,A
128,sn1/jaeger,13.5,5236.62,75.0,0.0,0,789,284.8009,1.2515,774.6543,0.0831,A
128,sn1/media-frontend,0.0,2027.57,648.43,0.0,0,0,284.8009,1.2515,1.3303,0.0,A
128,sn1/media-memcached,0.17,4.63,75.33,0.0,0,2005,501.7251,1.2515,1.3303,0.0,A
128,sn1/media-mongodb,7.95,73.68,703.91,0.0898,18,45,284.8009,1.2515,1.3303,0.0415,A
128,sn1/media-service,73.84,4.86,251.42,0.0,0,833,284.8009,1.2515,774.6543,0.228,A
128,sn1/nginx-thrift,23998.04,42896.29,620.32,17.6562,154,8856,2216.0983,332.1925,774.6543,66.4,A
128,sn1/post-storage-memcached,1824.75,70.91,75.33,0.0,0,5363,1342.0207,25.2591,774.6543,5.05,A
128,sn1/post-storage-mongodb,921.69,8188.22,4129.87,0.0078,4,1095,284.8009,12.7585,774.6543,2.49,A
128,sn1/post-storage-service,7625.51,95.96,251.42,0.0,0,11659,2917.5125,105.556,774.6543,20.9,A
128,sn1/social-graph-mongodb,8.08,728.29,756.91,0.0,0,76,284.8009,1.2515,1.3303,0.0208,A
128,sn1/social-graph-redis,2.0,20.04,103.57,0.0,0,168,284.8009,1.2515,1.3303,0.0,A
128,sn1/social-graph-service,0.04,31.3,251.42,0.0,0,0,284.8009,1.2515,1.3303,0.0,A
128,sn1/text-service,1423.11,85.41,251.42,0.0,0,7234,1810.214,19.6994,774.6543,3.8,A
128,sn1/unique-id-service,76.0,4.67,251.42,0.0,0,815,284.8009,1.2515,774.6543,0.208,A
128,sn1/url-shorten-memcached,0.15,4.63,75.33,0.0,0,0,284.8009,1.2515,1.3303,0.0,A
128,sn1/url-shorten-mongodb,324.07,107.11,702.74,0.043,2,1890,472.9478,4.4859,774.6543,1.04,A
128,sn1/url-shorten-service,1242.3,78.62,251.42,0.0,0,8890,2224.6064,17.1965,774.6543,3.7,A
128,sn1/user-memcached,148.31,6.36,75.33,0.0,0,2633,658.8739,2.053,774.6543,0.415,A
128,sn1/user-mention-service,234.12,6.86,251.42,0.0,0,980,284.8009,3.2408,774.6543,0.644,A
128,sn1/user-mongodb,8.14,97.09,704.67,0.4766,38,702,284.8009,1.2515,1.3303,0.0415,A
128,sn1/user-service,67.89,18.02,251.42,0.0,0,722,284.8009,1.2515,774.6543,0.187,A
128,sn1/user-timeline-mongodb,14.14,106.85,702.94,0.0,0,164,284.8009,1.2515,774.6543,0.0415,A
128,sn1/user-timeline-redis,148.98,96.24,136.86,0.0,0,883,284.8009,2.0623,774.6543,0.415,A
128,sn1/user-timeline-service,1486.77,518.26,251.42,0.0,0,8067,2018.6614,20.5806,774.6543,3.93,A
129,hotel/consul,12.12,29.14,201.48,0.0,0,4037,967.6906,1.2515,757.4888,0.0222,A
129,hotel/frontend,9824.46,127.82,1119.14,0.0,0,872772,209208.1386,90.199,757.4888,28.8,A
129,hotel/geo,1288.57,29.18,1119.06,0.0,0,3677,881.3967,11.8304,757.4888,3.84,A
129,hotel/jaeger,0.18,14.79,81.01,0.0,0,0,284.8009,1.2515,1.3303,0.0,A
129,hotel/memcached-profile,127.33,8.01,79.25,0.0,0,1674,401.2668,1.2515,757.4888,0.377,A
129,hotel/memcached-rate,94.39,7.61,79.25,0.0,0,2627,629.706,1.2515,757.4888,0.289,A
129,hotel/memcached-reserve,160.65,7.16,79.25,0.0,0,1221,292.6803,1.4749,757.4888,0.466,A
129,hotel/mongodb-geo,7.79,62.93,400.43,0.0273,2,47,284.8009,1.2515,1.3303,0.0222,A
129,hotel/mongodb-profile,7.66,63.98,400.43,0.0273,2,51,284.8009,1.2515,1.3303,0.0444,A
129,hotel/mongodb-rate,7.23,64.76,400.43,0.0,0,59,284.8009,1.2515,1.3303,0.0,A
129,hotel/mongodb-recommendation,7.76,62.79,400.43,0.0273,2,74,284.8009,1.2515,1.3303,0.0222,A
129,hotel/mongodb-reservation,9.65,252.57,400.43,0.0977,28,528,284.8009,1.2515,1.3303,0.0444,A
129,hotel/mongodb-user,7.79,63.07,400.43,0.0273,2,215,284.8009,1.2515,1.3303,0.0222,A
129,hotel/profile,3308.56,48.81,1119.06,0.0,0,76553,18350.1655,30.3761,757.4888,9.32,A
129,hotel/rate,1473.2,41.29,1119.14,0.0,0,3572,856.2276,13.5255,757.4888,5.35,A
129,hotel/recommendation,808.31,28.16,1119.06,0.0,0,2938,704.2544,7.4211,757.4888,2.6,A
129,hotel/reservation,3572.93,69.78,1119.06,0.0,0,213721,51230.0722,32.8033,757.4888,11.1,A
129,hotel/search,3084.75,34.57,1119.06,0.0,0,20029,4801.0589,28.3213,757.4888,9.28,A
129,hotel/user,46.71,20.07,1119.06,0.0,0,1618,387.8433,1.2515,757.4888,0.133,A
129,sa1/customer-feedback,17831.28,10168.68,13293.62,0.0,0,6662,1596.9172,163.7102,757.4888,59.0,A
129,sn1/compose-post-service,1304.61,84.44,251.42,0.0,0,6661,1596.6775,11.9777,757.4888,3.68,A
129,sn1/home-timeline-redis,280.25,2555.21,952.74,0.0,0,1266,303.467,2.573,757.4888,0.843,A
129,sn1/home-timeline-service,1580.07,108.44,251.42,0.0,0,5049,1210.2724,14.5067,757.4888,4.64,A
129,sn1/jaeger,1542.73,5261.05,75.0,0.0,0,2195,526.1533,14.1639,757.4888,0.266,A
129,sn1/media-frontend,0.0,2027.57,648.43,0.0,0,0,284.8009,1.2515,1.3303,0.0,A
129,sn1/media-memcached,0.15,4.63,75.33,0.0,0,0,284.8009,1.2515,1.3303,0.0,A
129,sn1/media-mongodb,9.71,73.68,703.91,0.0352,2,254,284.8009,1.2515,1.3303,0.0444,A
129,sn1/media-service,70.26,4.8,251.42,0.0,0,783,284.8009,1.2515,757.4888,0.244,A
129,sn1/nginx-thrift,23766.05,42912.01,620.32,17.9062,166,7947,1904.9386,218.1977,757.4888,69.5,A
129,sn1/post-storage-memcached,1816.45,70.36,75.33,0.0,0,4890,1172.1593,16.6769,757.4888,5.33,A
129,sn1/post-storage-mongodb,912.78,8188.29,4129.87,0.0664,2,796,284.8009,8.3803,757.4888,2.71,A
129,sn1/post-storage-service,7565.61,94.94,251.42,0.0,0,10858,2602.721,69.4604,757.4888,22.1,A
129,sn1/social-graph-mongodb,9.57,728.29,756.91,1.625,48,90,284.8009,1.2515,1.3303,0.0444,A
129,sn1/social-graph-redis,2.1,20.04,103.57,0.0,0,1311,314.2537,1.2515,1.3303,0.0222,A
129,sn1/social-graph-service,0.0,31.3,251.42,0.0,0,0,284.8009,1.2515,1.3303,0.0,A
129,sn1/text-service,1356.9,80.87,251.42,0.0,0,6951,1666.1921,12.4578,757.4888,3.99,A
129,sn1/unique-id-service,72.33,4.67,251.42,0.0,0,696,284.8009,1.2515,757.4888,0.2,A
129,sn1/url-shorten-memcached,0.13,4.63,75.33,0.0,0,0,284.8009,1.2515,1.3303,0.0,A
129,sn1/url-shorten-mongodb,314.74,106.29,702.74,0.0,0,2576,617.481,2.8896,757.4888,1.09,A
129,sn1/url-shorten-service,1183.96,75.22,251.42,0.0,0,6472,1551.3732,10.87,757.4888,3.77,A
129,sn1/user-memcached,140.49,6.61,75.33,0.0,0,2256,540.7753,1.2898,757.4888,0.377,A
129,sn1/user-mention-service,227.09,6.87,251.42,0.0,0,1165,284.8009,2.0849,757.4888,0.666,A
129,sn1/user-mongodb,9.33,97.09,704.67,0.0391,4,481,284.8009,1.2515,1.3303,0.0222,A
129,sn1/user-service,64.98,18.02,251.42,0.0,0,934,284.8009,1.2515,757.4888,0.2,A
129,sn1/user-timeline-mongodb,14.31,106.85,702.94,0.0156,2,418,284.8009,1.2515,757.4888,0.0444,A
129,sn1/user-timeline-redis,147.37,96.26,136.86,0.0,0,1019,284.8009,1.353,757.4888,0.444,A
129,sn1/user-timeline-service,1461.55,518.88,251.42,0.0,0,6491,1555.9276,13.4186,757.4888,4.15,A
130,hotel/consul,15.32,29.39,201.48,0.0,0,4110,887.4032,1.2515,490.9885,0.0401,A
130,hotel/frontend,7757.74,115.23,1119.14,0.0,0,581629,125581.3713,63.4623,490.9885,25.2,A
130,hotel/geo,992.29,28.04,1119.06,0.0,0,2437,526.1804,8.1174,490.9885,3.65,A
130,hotel/jaeger,0.27,14.79,81.01,0.0,0,0,284.8009,1.2515,1.3303,0.0,A
130,hotel/memcached-profile,103.96,7.7,79.25,0.0,0,1327,286.5168,1.2515,490.9885,0.381,A
130,hotel/memcached-rate,76.02,7.59,79.25,0.0,0,2238,483.2137,1.2515,490.9885,0.261,A
130,hotel/memcached-reserve,125.59,7.67,79.25,0.0,0,1402,302.7103,1.2515,490.9885,0.481,A
130,hotel/mongodb-geo,8.61,63.12,400.43,0.0,0,120,284.8009,1.2515,1.3303,0.02,A
130,hotel/mongodb-profile,8.64,64.66,400.43,0.0,0,1901,410.451,1.2515,1.3303,0.02,A
130,hotel/mongodb-rate,9.31,64.95,400.43,0.0195,2,243,284.8009,1.2515,1.3303,0.02,A
130,hotel/mongodb-recommendation,8.74,63.23,400.43,0.0,0,265,284.8009,1.2515,1.3303,0.0401,A
130,hotel/mongodb-reservation,10.29,252.76,400.43,0.0352,18,1681,362.9501,1.2515,490.9885,0.0401,A
130,hotel/mongodb-user,8.6,63.26,400.43,0.0,0,154,284.8009,1.2515,1.3303,0.02,A
130,hotel/profile,2657.65,45.33,1119.06,0.0,0,71639,15467.8048,21.7409,490.9885,9.04,A
130,hotel/rate,1265.38,40.8,1119.14,0.0,0,3235,698.4792,10.3515,490.9885,4.73,A
130,hotel/recommendation,649.67,26.17,1119.06,0.0,0,1940,418.8716,5.3146,490.9885,2.53,A
130,hotel/reservation,2695.82,69.67,1119.06,0.0,0,233694,50457.6164,22.0532,490.9885,9.92,A
130,hotel/search,2434.0,34.35,1119.06,0.0,0,28650,6185.9128,19.9114,490.9885,8.38,A
130,hotel/user,36.96,20.07,1119.06,0.0,0,1306,284.8009,1.2515,490.9885,0.14,A
130,sa1/customer-feedback,14781.01,10171.15,13293.62,0.0,0,4101,885.46,120.9162,490.9885,46.1,A
130,sn1/compose-post-service,935.51,68.64,251.42,0.0,0,4433,957.1432,7.6529,490.9885,3.41,A
130,sn1/home-timeline-redis,204.49,2554.39,952.74,0.0,0,968,284.8009,1.6728,490.9885,0.762,A
130,sn1/home-timeline-service,1100.65,107.11,251.42,0.0,0,3499,755.4802,9.0039,490.9885,4.07,A
130,sn1/jaeger,461.66,5262.38,75.0,0.0,0,1217,284.8009,3.7766,490.9885,0.301,A
130,sn1/media-frontend,0.0,2027.57,648.43,0.0,0,0,284.8009,1.2515,1.3303,0.0,A
130,sn1/media-memcached,0.18,4.63,75.33,0.0,0,0,284.8009,1.2515,1.3303,0.0,A
130,sn1/media-mongodb,10.31,74.05,703.91,0.0,0,189,284.8009,1.2515,490.9885,0.02,A
130,sn1/media-service,49.1,4.77,251.42,0.0,0,634,284.8009,1.2515,490.9885,0.2,A
130,sn1/nginx-thrift,16673.27,42905.17,620.32,17.6797,164,5664,1222.9323,136.3959,490.9885,61.8,A
130,sn1/post-storage-memcached,1263.16,69.91,75.33,0.0,0,4455,961.8933,10.3333,490.9885,4.73,A
130,sn1/post-storage-mongodb,643.49,8188.35,4129.87,0.0,0,732,284.8009,5.2641,490.9885,2.43,A
130,sn1/post-storage-service,5259.1,89.05,251.42,0.0,0,7568,1634.031,43.0221,490.9885,19.6,A
130,sn1/social-graph-mongodb,10.14,728.48,756.91,0.0,0,347,284.8009,1.2515,490.9885,0.0,A
130,sn1/social-graph-redis,2.17,20.29,103.57,0.0,0,575,284.8009,1.2515,1.3303,0.0,A
130,sn1/social-graph-service,0.05,31.3,251.42,0.0,0,0,284.8009,1.2515,1.3303,0.0,A
130,sn1/text-service,984.58,44.46,251.42,0.0,0,4967,1072.4408,8.0544,490.9885,3.63,A
130,sn1/unique-id-service,50.24,4.62,251.42,0.0,0,503,284.8009,1.2515,490.9885,0.2,A
130,sn1/url-shorten-memcached,0.2,4.63,75.33,0.0,0,0,284.8009,1.2515,1.3303,0.0,A
130,sn1/url-shorten-mongodb,235.98,107.09,702.74,0.0625,6,1602,345.8929,1.9304,490.9885,0.942,A
130,sn1/url-shorten-service,867.67,53.88,251.42,0.0,0,3997,863.005,7.098,490.9885,3.35,A
130,sn1/user-memcached,98.81,6.33,75.33,0.0,0,1967,424.7012,1.2515,490.9885,0.381,A
130,sn1/user-mention-service,156.38,6.8,251.42,0.0,0,746,284.8009,1.2793,490.9885,0.601,A
130,sn1/user-mongodb,10.16,97.52,704.67,0.0,0,126,284.8009,1.2515,490.9885,0.02,A
130,sn1/user-service,45.87,18.0,251.42,0.0,0,466,284.8009,1.2515,490.9885,0.16,A
130,sn1/user-timeline-mongodb,18.47,106.86,702.94,0.0,0,1001,284.8009,1.2515,490.9885,0.0401,A
130,sn1/user-timeline-redis,103.54,95.9,136.86,0.0,0,833,284.8009,1.2515,490.9885,0.381,A
130,sn1/user-timeline-service,1032.69,516.0,251.42,0.0,0,4833,1043.5084,8.4479,490.9885,3.77,A
131,hotel/consul,26.93,29.14,201.48,0.0,0,8700,4148.0448,1.2515,8.9222,0.0543,A
131,hotel/frontend,0.52,113.21,1119.14,0.0,0,0,284.8009,1.2515,1.3303,0.0,A
131,hotel/geo,1.39,28.04,1119.06,0.0,0,601,286.5488,1.2515,1.3303,0.0,A
131,hotel/jaeger,0.35,14.79,81.01,0.0,0,0,284.8009,1.2515,1.3303,0.0,A
131,hotel/memcached-profile,0.73,7.7,79.25,0.0,0,0,284.8009,1.2515,1.3303,0.0,A
131,hotel/memcached-rate,0.76,7.58,79.25,0.0,0,728,347.1008,1.2515,1.3303,0.0,A
131,hotel/memcached-reserve,0.49,7.15,79.25,0.0,0,0,284.8009,1.2515,1.3303,0.0,A
131,hotel/mongodb-geo,12.3,63.22,400.43,0.0273,2,285,284.8009,1.2515,8.9222,0.0362,A
131,hotel/mongodb-profile,11.77,64.14,400.43,0.0273,2,273,284.8009,1.2515,8.9222,0.0181,A
131,hotel/mongodb-rate,10.76,65.01,400.43,0.0,0,491,284.8009,1.2515,8.9222,0.0362,A
131,hotel/mongodb-recommendation,11.92,62.79,400.43,0.0273,2,278,284.8009,1.2515,8.9222,0.0362,A
131,hotel/mongodb-reservation,12.23,252.79,400.43,0.0352,2,319,284.8009,1.2515,8.9222,0.0181,A
131,hotel/mongodb-user,12.65,63.36,400.43,0.0469,4,401,284.8009,1.2515,8.9222,0.0362,A
131,hotel/profile,1.77,43.58,1119.06,0.0,0,851,405.7455,1.2515,1.3303,0.0,A
131,hotel/rate,2.76,39.82,1119.14,0.0,0,685,326.5989,1.2515,1.3303,0.0181,A
131,hotel/recommendation,2.0,25.66,1119.06,0.0,0,993,473.4493,1.2515,1.3303,0.0181,A
131,hotel/reservation,2.15,67.77,1119.06,0.0,0,945,450.5635,1.2515,1.3303,0.0181,A
131,hotel/search,0.54,32.86,1119.06,0.0,0,0,284.8009,1.2515,1.3303,0.0,A
131,hotel/user,1.78,20.07,1119.06,0.0,0,776,369.9865,1.2515,1.3303,0.0181,A
131,sa1/customer-feedback,16316.66,10174.54,13293.62,3.9805,42,416,284.8009,56.7368,8.9222,48.7,A
131,sn1/compose-post-service,0.34,69.05,251.42,0.0,0,0,284.8009,1.2515,1.3303,0.0,A
131,sn1/home-timeline-redis,4.94,2554.27,952.74,0.0,0,881,420.0491,1.2515,1.3303,0.0181,A
131,sn1/home-timeline-service,1.63,107.32,251.42,0.0,0,0,284.8009,1.2515,1.3303,0.0,A
131,sn1/jaeger,85.22,5264.91,75.0,0.0,0,2072,987.9022,1.2515,8.9222,0.235,A
131,sn1/media-frontend,0.0,2027.57,648.43,0.0,0,0,284.8009,1.2515,1.3303,0.0,A
131,sn1/media-memcached,0.28,4.63,75.33,0.0,0,0,284.8009,1.2515,1.3303,0.0,A
131,sn1/media-mongodb,15.99,74.21,703.91,0.0352,2,395,284.8009,1.2515,8.9222,0.0724,A
131,sn1/media-service,0.0,4.77,251.42,0.0,0,0,284.8009,1.2515,1.3303,0.0,A
131,sn1/nginx-thrift,18.91,42905.07,620.32,4.7461,48,614,292.7471,1.2515,8.9222,0.0543,A
131,sn1/post-storage-memcached,1.59,69.91,75.33,0.0,0,1483,707.0748,1.2515,1.3303,0.0,A
131,sn1/post-storage-mongodb,16.78,8188.53,4129.87,0.0664,2,424,284.8009,1.2515,8.9222,0.0543,A
131,sn1/post-storage-service,0.1,89.06,251.42,0.0,0,0,284.8009,1.2515,1.3303,0.0,A
131,sn1/social-graph-mongodb,16.86,728.67,756.91,0.0391,2,447,284.8009,1.2515,8.9222,0.0362,A
131,sn1/social-graph-redis,1.94,20.29,103.57,0.0,0,804,383.3366,1.2515,1.3303,0.0,A
131,sn1/social-graph-service,0.0,31.3,251.42,0.0,0,0,284.8009,1.2515,1.3303,0.0,A
131,sn1/text-service,0.0,44.42,251.42,0.0,0,0,284.8009,1.2515,1.3303,0.0,A
131,sn1/unique-id-service,0.0,4.62,251.42,0.0,0,0,284.8009,1.2515,1.3303,0.0,A
131,sn1/url-shorten-memcached,0.28,4.63,75.33,0.0,0,0,284.8009,1.2515,1.3303,0.0,A
131,sn1/url-shorten-mongodb,28.15,106.8,702.74,0.0,0,5643,2690.5077,1.2515,8.9222,0.0724,A
131,sn1/url-shorten-service,0.0,53.57,251.42,0.0,0,0,284.8009,1.2515,1.3303,0.0,A
131,sn1/user-memcached,0.43,6.32,75.33,0.0,0,0,284.8009,1.2515,1.3303,0.0,A
131,sn1/user-mention-service,0.0,6.79,251.42,0.0,0,0,284.8009,1.2515,1.3303,0.0,A
131,sn1/user-mongodb,15.16,97.24,704.67,0.0352,2,487,284.8009,1.2515,8.9222,0.0362,A
131,sn1/user-service,0.0,18.0,251.42,0.0,0,0,284.8009,1.2515,1.3303,0.0,A
131,sn1/user-timeline-mongodb,28.76,107.23,702.94,0.0156,2,5999,2860.2438,1.2515,8.9222,0.0724,A
131,sn1/user-timeline-redis,4.61,95.9,136.86,0.0,0,933,444.842,1.2515,1.3303,0.0181,A
131,sn1/user-timeline-service,2.05,516.11,251.42,0.0,0,58,284.8009,1.2515,1.3303,0.0,A
132,hotel/consul,27.58,29.15,201.48,0.0,0,10550,1962.4875,1.2515,8.0518,0.0578,A
132,hotel/frontend,0.94,112.4,1119.14,0.0,0,82,284.8009,1.2515,1.3303,0.0,A
132,hotel/geo,2.09,27.61,1119.06,0.0,0,852,284.8009,1.2515,1.3303,0.0144,A
132,hotel/jaeger,0.39,14.79,81.01,0.0,0,0,284.8009,1.2515,1.3303,0.0,A
132,hotel/memcached-profile,0.46,7.68,79.25,0.0,0,0,284.8009,1.2515,1.3303,0.0144,A
132,hotel/memcached-rate,0.49,7.57,79.25,0.0,0,0,284.8009,1.2515,1.3303,0.0,A
132,hotel/memcached-reserve,0.36,7.15,79.25,0.0,0,0,284.8009,1.2515,1.3303,0.0,A
132,hotel/mongodb-geo,10.03,63.12,400.43,0.0,0,317,284.8009,1.2515,8.0518,0.0289,A
132,hotel/mongodb-profile,10.27,64.17,400.43,0.0,0,391,284.8009,1.2515,8.0518,0.0289,A
132,hotel/mongodb-rate,11.72,64.95,400.43,0.0195,2,341,284.8009,1.2515,8.0518,0.0289,A
132,hotel/mongodb-recommendation,10.55,62.98,400.43,0.0,0,616,284.8009,1.2515,8.0518,0.0289,A
132,hotel/mongodb-reservation,10.44,252.77,400.43,0.0,0,549,284.8009,1.2515,8.0518,0.0289,A
132,hotel/mongodb-user,9.78,63.45,400.43,0.0,0,343,284.8009,1.2515,1.3303,0.0289,A
132,hotel/profile,1.96,43.59,1119.06,0.0,0,875,284.8009,1.2515,1.3303,0.0,A
132,hotel/rate,1.37,39.82,1119.14,0.0,0,550,284.8009,1.2515,1.3303,0.0,A
132,hotel/recommendation,1.28,25.66,1119.06,0.0,0,400,284.8009,1.2515,1.3303,0.0,A
132,hotel/reservation,1.31,67.52,1119.06,0.0,0,383,284.8009,1.2515,1.3303,0.0,A
132,hotel/search,0.47,32.86,1119.06,0.0,0,0,284.8009,1.2515,1.3303,0.0,A
132,hotel/user,1.07,20.07,1119.06,0.0,0,570,284.8009,1.2515,1.3303,0.0,A
132,sa1/customer-feedback,3355.84,10168.89,13293.62,0.0,0,360,284.8009,126.1785,8.0518,11.4,A
132,sn1/compose-post-service,1.41,69.68,251.42,0.0,0,0,284.8009,1.2515,1.3303,0.0144,A
132,sn1/home-timeline-redis,5.69,2552.06,952.74,0.0,0,1312,284.8009,1.2515,1.3303,0.0144,A
132,sn1/home-timeline-service,2.82,107.77,251.42,0.0,0,43,284.8009,1.2515,1.3303,0.0,A
132,sn1/jaeger,9.63,5261.97,75.0,0.0,0,492,284.8009,1.2515,1.3303,0.0433,A
132,sn1/media-frontend,0.0,2027.57,648.43,0.0,0,0,284.8009,1.2515,1.3303,0.0,A
132,sn1/media-memcached,0.27,4.63,75.33,0.0,0,0,284.8009,1.2515,1.3303,0.0144,A
132,sn1/media-mongodb,14.16,73.87,703.91,0.0039,2,395,284.8009,1.2515,8.0518,0.0433,A
132,sn1/media-service,0.08,4.77,251.42,0.0,0,0,284.8009,1.2515,1.3303,0.0,A
132,sn1/nginx-thrift,5.47,42904.84,620.32,0.0,0,1566,291.3038,1.2515,1.3303,0.0,A
132,sn1/post-storage-memcached,0.73,69.91,75.33,0.0,0,385,284.8009,1.2515,1.3303,0.0144,A
132,sn1/post-storage-mongodb,14.51,8188.46,4129.87,0.0,0,492,284.8009,1.2515,8.0518,0.0433,A
132,sn1/post-storage-service,0.2,89.05,251.42,0.0,0,59,284.8009,1.2515,1.3303,0.0,A
132,sn1/social-graph-mongodb,14.76,728.61,756.91,0.0039,2,621,284.8009,1.2515,8.0518,0.0433,A
132,sn1/social-graph-redis,2.69,20.29,103.57,0.0,0,1267,284.8009,1.2515,1.3303,0.0144,A
132,sn1/social-graph-service,0.13,31.3,251.42,0.0,0,0,284.8009,1.2515,1.3303,0.0,A
132,sn1/text-service,0.02,44.4,251.42,0.0,0,0,284.8009,1.2515,1.3303,0.0,A
132,sn1/unique-id-service,0.06,4.62,251.42,0.0,0,0,284.8009,1.2515,1.3303,0.0,A
132,sn1/url-shorten-memcached,0.31,4.63,75.33,0.0,0,0,284.8009,1.2515,1.3303,0.0,A
132,sn1/url-shorten-mongodb,29.27,107.05,702.74,0.0469,2,6034,1122.4312,1.2515,8.0518,0.0578,A
132,sn1/url-shorten-service,0.2,53.29,251.42,0.0,0,0,284.8009,1.2515,1.3303,0.0,A
132,sn1/user-memcached,0.38,6.32,75.33,0.0,0,0,284.8009,1.2515,1.3303,0.0,A
132,sn1/user-mention-service,0.03,6.79,251.42,0.0,0,0,284.8009,1.2515,1.3303,0.0,A
132,sn1/user-mongodb,14.46,97.46,704.67,0.0078,4,677,284.8009,1.2515,8.0518,0.0289,A
132,sn1/user-service,0.08,18.0,251.42,0.0,0,0,284.8009,1.2515,1.3303,0.0,A
132,sn1/user-timeline-mongodb,27.05,107.04,702.94,0.0742,10,7326,1362.7662,1.2515,8.0518,0.0722,A
132,sn1/user-timeline-redis,4.78,95.86,136.86,0.0,0,1381,284.8009,1.2515,1.3303,0.0144,A
132,sn1/user-timeline-service,2.92,514.97,251.42,0.0,0,52,284.8009,1.2515,1.3303,0.0,A
133,hotel/consul,26.65,29.14,201.48,0.0,0,9633,6900.2589,2.3522,19.9138,0.0103,A
133,hotel/frontend,0.55,112.4,1119.14,0.0,0,0,284.8009,1.2515,1.3303,0.0,A
133,hotel/geo,1.18,27.61,1119.06,0.0,0,493,353.1431,1.2515,1.3303,0.0,A
133,hotel/jaeger,0.33,14.79,81.01,0.0,0,0,284.8009,1.2515,1.3303,0.0,A
133,hotel/memcached-profile,0.44,7.68,79.25,0.0,0,0,284.8009,1.2515,1.3303,0.0,A
133,hotel/memcached-rate,0.44,7.57,79.25,0.0,0,0,284.8009,1.2515,1.3303,0.0,A
133,hotel/memcached-reserve,0.47,7.15,79.25,0.0,0,153,284.8009,1.2515,1.3303,0.0,A
133,hotel/mongodb-geo,13.2,63.04,400.43,0.043,4,556,398.2709,1.2515,19.9138,0.0103,A
133,hotel/mongodb-profile,11.63,64.39,400.43,0.0273,2,438,313.7458,1.2515,19.9138,0.0103,A
133,hotel/mongodb-rate,10.63,64.88,400.43,0.0,0,423,303.0011,1.2515,19.9138,0.0068,A
133,hotel/mongodb-recommendation,11.35,62.95,400.43,0.0273,2,561,401.8525,1.2515,19.9138,0.0068,A
133,hotel/mongodb-reservation,12.36,252.66,400.43,0.0508,4,486,348.1289,1.2515,19.9138,0.0068,A
133,hotel/mongodb-user,13.93,63.48,400.43,0.0273,2,392,284.8009,1.2515,19.9138,0.0103,A
133,hotel/profile,1.31,43.58,1119.06,0.0,0,614,439.8172,1.2515,1.3303,0.0,A
133,hotel/rate,1.72,39.81,1119.14,0.0,0,657,470.6187,1.2515,1.3303,0.0034,A
133,hotel/recommendation,1.68,25.66,1119.06,0.0,0,803,575.2007,1.2515,1.3303,0.0034,A
133,hotel/reservation,2.22,67.52,1119.06,0.0,0,943,675.4847,1.2515,1.3303,0.0034,A
133,hotel/search,0.61,32.86,1119.06,0.0,0,0,284.8009,1.2515,1.3303,0.0,A
133,hotel/user,2.02,20.07,1119.06,0.0,0,758,542.9665,1.2515,1.3303,0.0,A
133,sa1/customer-feedback,126.68,10168.95,13293.62,0.0,0,386,284.8009,11.1809,19.9138,0.0479,A
133,sn1/compose-post-service,49.85,53.19,251.42,0.0,0,148,284.8009,4.3998,19.9138,0.0034,A
133,sn1/home-timeline-redis,5.2,2551.2,952.74,0.0,0,1466,1050.1173,1.2515,1.3303,0.0034,A
133,sn1/home-timeline-service,38.02,87.57,251.42,0.0,0,180,284.8009,3.3557,19.9138,0.0034,A
133,sn1/jaeger,0.5,5261.75,75.0,0.0,0,0,284.8009,1.2515,1.3303,0.0,A
133,sn1/media-frontend,0.0,2027.57,648.43,0.0,0,0,284.8009,1.2515,1.3303,0.0,A
133,sn1/media-memcached,0.38,4.63,75.33,0.0,0,0,284.8009,1.2515,1.3303,0.0,A
133,sn1/media-mongodb,17.58,74.05,703.91,0.0039,2,534,382.512,1.5516,19.9138,0.0103,A
133,sn1/media-service,0.0,4.77,251.42,0.0,0,0,284.8009,1.2515,1.3303,0.0,A
133,sn1/nginx-thrift,62.8,42900.59,620.32,0.0,0,781,559.4417,5.5428,19.9138,0.0068,A
133,sn1/post-storage-memcached,0.68,69.91,75.33,0.0,0,324,284.8009,1.2515,1.3303,0.0,A
133,sn1/post-storage-mongodb,17.19,8188.47,4129.87,8.8477,132,568,406.8667,1.5172,19.9138,0.0137,A
133,sn1/post-storage-service,0.11,89.06,251.42,0.0,0,0,284.8009,1.2515,1.3303,0.0,A
133,sn1/social-graph-mongodb,16.65,728.66,756.91,0.0,0,497,356.0084,1.4695,19.9138,0.0137,A
133,sn1/social-graph-redis,2.64,20.29,103.57,0.0,0,1424,1020.032,1.2515,1.3303,0.0,A
133,sn1/social-graph-service,0.0,31.3,251.42,0.0,0,0,284.8009,1.2515,1.3303,0.0,A
133,sn1/text-service,0.0,44.39,251.42,0.0,0,0,284.8009,1.2515,1.3303,0.0,A
133,sn1/unique-id-service,0.0,4.62,251.42,0.0,0,0,284.8009,1.2515,1.3303,0.0,A
133,sn1/url-shorten-memcached,0.28,4.63,75.33,0.0,0,0,284.8009,1.2515,1.3303,0.0,A
133,sn1/url-shorten-mongodb,28.85,106.99,702.74,0.0,0,6825,4888.8474,2.5463,19.9138,0.0137,A
133,sn1/url-shorten-service,0.0,53.14,251.42,0.0,0,0,284.8009,1.2515,1.3303,0.0,A
133,sn1/user-memcached,0.34,6.32,75.33,0.0,0,0,284.8009,1.2515,1.3303,0.0,A
133,sn1/user-mention-service,0.0,6.79,251.42,0.0,0,0,284.8009,1.2515,1.3303,0.0,A
133,sn1/user-mongodb,15.76,97.46,704.67,0.0,0,560,401.1362,1.391,19.9138,0.0103,A
133,sn1/user-service,0.0,18.0,251.42,0.0,0,0,284.8009,1.2515,1.3303,0.0,A
133,sn1/user-timeline-mongodb,27.63,107.22,702.94,0.0156,2,7319,5242.7069,2.4387,19.9138,0.0137,A
133,sn1/user-timeline-redis,4.7,95.34,136.86,0.0,0,1117,800.1235,1.2515,1.3303,0.0034,A
133,sn1/user-timeline-service,36.14,498.91,251.42,0.0,0,174,284.8009,3.1898,19.9138,0.0068,A
134,hotel/consul,27.77,29.39,201.48,0.0,0,10482,4003.3999,5.0077,8.5165,0.0195,A
134,hotel/frontend,0.6,112.4,1119.14,0.0,0,0,284.8009,1.2515,1.3303,0.0,A
134,hotel/geo,1.48,27.61,1119.06,0.0,0,673,284.8009,1.2515,1.3303,0.0,A
134,hotel/jaeger,0.35,14.79,81.01,0.0,0,0,284.8009,1.2515,1.3303,0.0,A
134,hotel/memcached-profile,0.42,7.68,79.25,0.0,0,0,284.8009,1.2515,1.3303,0.0,A
134,hotel/memcached-rate,0.43,7.57,79.25,0.0,0,0,284.8009,1.2515,1.3303,0.0,A
134,hotel/memcached-reserve,0.38,7.15,79.25,0.0,0,0,284.8009,1.2515,1.3303,0.0,A
134,hotel/mongodb-geo,9.6,63.07,400.43,0.0,0,378,284.8009,1.7312,1.3303,0.013,A
134,hotel/mongodb-profile,10.07,64.41,400.43,0.0,0,280,284.8009,1.8159,8.5165,0.013,A
134,hotel/mongodb-rate,11.62,64.8,400.43,0.0195,2,398,284.8009,2.0954,8.5165,0.013,A
134,hotel/mongodb-recommendation,9.42,62.86,400.43,0.0,0,460,284.8009,1.6987,1.3303,0.0065,A
134,hotel/mongodb-reservation,10.14,252.61,400.43,0.0,0,741,284.8009,1.8285,8.5165,0.013,A
134,hotel/mongodb-user,9.77,63.51,400.43,0.0,0,358,284.8009,1.7618,1.3303,0.013,A
134,hotel/profile,1.93,43.59,1119.06,0.0,0,734,284.8009,1.2515,1.3303,0.0065,A
134,hotel/rate,1.46,39.82,1119.14,0.0,0,307,284.8009,1.2515,1.3303,0.0,A
134,hotel/recommendation,1.43,25.66,1119.06,0.0,0,655,284.8009,1.2515,1.3303,0.0065,A
134,hotel/reservation,1.53,67.53,1119.06,0.0,0,398,284.8009,1.2515,1.3303,0.0,A
134,hotel/search,0.96,32.84,1119.06,0.0,0,0,284.8009,1.2515,1.3303,0.0,A
134,hotel/user,1.12,20.07,1119.06,0.0,0,243,284.8009,1.2515,1.3303,0.0,A
134,sa1/customer-feedback,120.85,10168.72,13293.62,0.0,0,486,284.8009,21.7928,8.5165,0.117,A
134,sn1/compose-post-service,0.02,48.33,251.42,0.0,0,0,284.8009,1.2515,1.3303,0.0,A
134,sn1/home-timeline-redis,5.1,2550.29,952.74,0.0,0,1441,550.3625,1.2515,1.3303,0.0065,A
134,sn1/home-timeline-service,0.03,87.12,251.42,0.0,0,0,284.8009,1.2515,1.3303,0.0,A
134,sn1/jaeger,0.47,5261.75,75.0,0.0,0,0,284.8009,1.2515,1.3303,0.0065,A
134,sn1/media-frontend,0.0,2027.57,648.43,0.0,0,0,284.8009,1.2515,1.3303,0.0,A
134,sn1/media-memcached,0.25,4.63,75.33,0.0,0,0,284.8009,1.2515,1.3303,0.0,A
134,sn1/media-mongodb,12.57,73.87,703.91,0.0,0,470,284.8009,2.2667,8.5165,0.013,A
134,sn1/media-service,0.02,4.77,251.42,0.0,0,0,284.8009,1.2515,1.3303,0.0,A
134,sn1/nginx-thrift,1.87,42900.44,620.32,0.0,0,1667,636.6788,1.2515,1.3303,0.0065,A
134,sn1/post-storage-memcached,0.71,69.91,75.33,0.0,0,804,307.0725,1.2515,1.3303,0.0,A
134,sn1/post-storage-mongodb,12.45,8188.53,4129.87,0.0,0,347,284.8009,2.2451,8.5165,0.013,A
134,sn1/post-storage-service,0.02,89.05,251.42,0.0,0,0,284.8009,1.2515,1.3303,0.0,A
134,sn1/social-graph-mongodb,18.06,728.36,756.91,0.0039,2,438,284.8009,3.2567,8.5165,0.013,A
134,sn1/social-graph-redis,2.7,20.04,103.57,0.0,0,1510,576.7157,1.2515,1.3303,0.0,A
134,sn1/social-graph-service,0.13,31.31,251.42,0.0,0,0,284.8009,1.2515,1.3303,0.0,A
134,sn1/text-service,0.02,44.39,251.42,0.0,0,0,284.8009,1.2515,1.3303,0.0,A
134,sn1/unique-id-service,0.03,4.62,251.42,0.0,0,0,284.8009,1.2515,1.3303,0.0,A
134,sn1/url-shorten-memcached,0.27,4.63,75.33,0.0,0,0,284.8009,1.2515,1.3303,0.0,A
134,sn1/url-shorten-mongodb,29.09,106.8,702.74,0.0469,2,6987,2668.5513,5.2458,8.5165,0.026,A
134,sn1/url-shorten-service,0.12,52.96,251.42,0.0,0,0,284.8009,1.2515,1.3303,0.0,A
134,sn1/user-memcached,0.36,6.32,75.33,0.0,0,0,284.8009,1.2515,1.3303,0.0,A
134,sn1/user-mention-service,0.02,6.79,251.42,0.0,0,0,284.8009,1.2515,1.3303,0.0,A
134,sn1/user-mongodb,15.66,97.53,704.67,0.0039,2,518,284.8009,2.824,8.5165,0.026,A
134,sn1/user-service,0.14,18.0,251.42,0.0,0,0,284.8009,1.2515,1.3303,0.0,A
134,sn1/user-timeline-mongodb,26.91,106.98,702.94,0.0,0,9343,3568.3806,4.8527,8.5165,0.026,A
134,sn1/user-timeline-redis,4.66,95.34,136.86,0.0,0,1210,462.1364,1.2515,1.3303,0.0,A
134,sn1/user-timeline-service,0.1,498.68,251.42,0.0,0,0,284.8009,1.2515,1.3303,0.0,A
135,hotel/consul,27.15,29.39,201.48,0.0,0,12150,10884.7118,3.3129,5.9478,0.0144,A
135,hotel/frontend,0.52,112.4,1119.14,0.0,0,0,284.8009,1.2515,1.3303,0.0,A
135,hotel/geo,1.32,27.61,1119.06,0.0,0,743,665.6248,1.2515,1.3303,0.0,A
135,hotel/jaeger,0.34,14.79,81.01,0.0,0,0,284.8009,1.2515,1.3303,0.0,A
135,hotel/memcached-profile,0.44,7.68,79.25,0.0,0,0,284.8009,1.2515,1.3303,0.0,A
135,hotel/memcached-rate,0.45,7.57,79.25,0.0,0,0,284.8009,1.2515,1.3303,0.0,A
135,hotel/memcached-reserve,0.36,7.15,79.25,0.0,0,0,284.8009,1.2515,1.3303,0.0,A
135,hotel/mongodb-geo,12.03,62.95,400.43,0.0273,2,425,380.7409,1.4679,5.9478,0.0036,A
135,hotel/mongodb-profile,11.49,63.98,400.43,0.0273,2,387,346.6982,1.402,5.9478,0.0036,A
135,hotel/mongodb-rate,10.11,64.99,400.43,0.0,0,405,362.8237,1.2515,5.9478,0.0072,A
135,hotel/mongodb-recommendation,11.87,63.2,400.43,0.0273,2,393,352.0734,1.4484,5.9478,0.0072,A
135,hotel/mongodb-reservation,11.92,252.73,400.43,0.0352,2,469,420.1588,1.4545,5.9478,0.0108,A
135,hotel/mongodb-user,12.08,63.73,400.43,0.0508,4,435,389.6996,1.474,5.9478,0.0036,A
135,hotel/profile,1.17,43.59,1119.06,0.0,0,701,627.9986,1.2515,1.3303,0.0,A
135,hotel/rate,1.77,40.06,1119.14,0.0,0,687,615.4565,1.2515,1.3303,0.0036,A
135,hotel/recommendation,1.53,25.66,1119.06,0.0,0,794,711.3137,1.2515,1.3303,0.0036,A
135,hotel/reservation,1.77,67.52,1119.06,0.0,0,931,834.0466,1.2515,1.3303,0.0,A
135,hotel/search,0.48,32.84,1119.06,0.0,0,0,284.8009,1.2515,1.3303,0.0,A
135,hotel/user,1.78,20.07,1119.06,0.0,0,911,816.1294,1.2515,1.3303,0.0036,A
135,sa1/customer-feedback,124.98,10169.24,13293.62,0.0,0,454,406.7209,15.2505,5.9478,0.0686,A
135,sn1/compose-post-service,0.0,47.96,251.42,0.0,0,0,284.8009,1.2515,1.3303,0.0,A
135,sn1/home-timeline-redis,5.13,2550.04,952.74,0.0,0,1381,1237.1841,1.2515,1.3303,0.0036,A
135,sn1/home-timeline-service,0.0,87.04,251.42,0.0,0,0,284.8009,1.2515,1.3303,0.0,A
135,sn1/jaeger,0.51,5261.75,75.0,0.0,0,0,284.8009,1.2515,1.3303,0.0,A
135,sn1/media-frontend,0.0,2027.57,648.43,0.0,0,0,284.8009,1.2515,1.3303,0.0,A
135,sn1/media-memcached,0.3,4.63,75.33,0.0,0,0,284.8009,1.2515,1.3303,0.0,A
135,sn1/media-mongodb,15.23,74.05,703.91,0.0,0,399,357.4486,1.8584,5.9478,0.0108,A
135,sn1/media-service,0.0,4.77,251.42,0.0,0,0,284.8009,1.2515,1.3303,0.0,A
135,sn1/nginx-thrift,6.13,42900.42,620.32,0.0,0,1075,963.0506,1.2515,1.3303,0.0,A
135,sn1/post-storage-memcached,0.72,69.91,75.33,0.0,0,420,376.2616,1.2515,1.3303,0.0,A
135,sn1/post-storage-mongodb,14.56,8188.53,4129.87,0.0,0,419,375.3658,1.7767,5.9478,0.0072,A
135,sn1/post-storage-service,0.11,89.06,251.42,0.0,0,0,284.8009,1.2515,1.3303,0.0,A
135,sn1/social-graph-mongodb,15.54,728.73,756.91,0.0,0,423,378.9492,1.8962,5.9478,0.0108,A
135,sn1/social-graph-redis,2.7,20.29,103.57,0.0,0,1442,1291.8316,1.2515,1.3303,0.0,A
135,sn1/social-graph-service,0.0,31.3,251.42,0.0,0,0,284.8009,1.2515,1.3303,0.0,A
135,sn1/text-service,0.0,44.39,251.42,0.0,0,0,284.8009,1.2515,1.3303,0.0,A
135,sn1/unique-id-service,0.0,4.62,251.42,0.0,0,0,284.8009,1.2515,1.3303,0.0,A
135,sn1/url-shorten-memcached,0.29,4.63,75.33,0.0,0,0,284.8009,1.2515,1.3303,0.0,A
135,sn1/url-shorten-mongodb,26.71,106.74,702.74,0.0,0,8851,7929.2662,3.2592,5.9478,0.0108,A
135,sn1/url-shorten-service,0.0,52.81,251.42,0.0,0,0,284.8009,1.2515,1.3303,0.0,A
135,sn1/user-memcached,0.35,6.32,75.33,0.0,0,0,284.8009,1.2515,1.3303,0.0,A
135,sn1/user-mention-service,0.0,6.78,251.42,0.0,0,0,284.8009,1.2515,1.3303,0.0,A
135,sn1/user-mongodb,15.32,97.55,704.67,0.0,0,470,421.0547,1.8694,5.9478,0.0108,A
135,sn1/user-service,0.0,18.0,251.42,0.0,0,0,284.8009,1.2515,1.3303,0.0,A
135,sn1/user-timeline-mongodb,27.93,107.08,702.94,0.0234,4,7292,6532.6188,3.4081,5.9478,0.0144,A
135,sn1/user-timeline-redis,4.61,95.08,136.86,0.0,0,1385,1240.7676,1.2515,1.3303,0.0036,A
135,sn1/user-timeline-service,0.0,498.65,251.42,0.0,0,0,284.8009,1.2515,1.3303,0.0,A
136,hotel/consul,28.28,29.39,201.48,0.0,0,11556,2570.2896,29.9812,8.5774,0.0307,A
136,hotel/frontend,0.55,112.4,1119.14,0.0,0,0,284.8009,1.2515,1.3303,0.0,A
136,hotel/geo,1.65,27.61,1119.06,0.0,0,685,284.8009,1.7493,1.3303,0.0153,A
136,hotel/jaeger,0.34,14.79,81.01,0.0,0,0,284.8009,1.2515,1.3303,0.0,A
136,hotel/memcached-profile,0.46,7.68,79.25,0.0,0,0,284.8009,1.2515,1.3303,0.0,A
136,hotel/memcached-rate,0.45,7.57,79.25,0.0,0,0,284.8009,1.2515,1.3303,0.0,A
136,hotel/memcached-reserve,0.38,7.15,79.25,0.0,0,0,284.8009,1.2515,1.3303,0.0,A
136,hotel/mongodb-geo,10.38,63.62,400.43,0.0,0,364,284.8009,11.0044,8.5774,0.0077,A
136,hotel/mongodb-profile,10.36,64.42,400.43,0.0,0,370,284.8009,10.9832,8.5774,0.0153,A
136,hotel/mongodb-rate,13.07,65.14,400.43,0.1016,16,470,284.8009,13.8562,8.5774,0.0153,A
136,hotel/mongodb-recommendation,10.26,62.98,400.43,0.0,0,480,284.8009,10.8772,8.5774,0.0153,A
136,hotel/mongodb-reservation,10.41,252.64,400.43,0.0,0,395,284.8009,11.0362,8.5774,0.0153,A
136,hotel/mongodb-user,10.02,63.26,400.43,0.0,0,349,284.8009,10.6227,8.5774,0.0077,A
136,hotel/profile,2.29,44.09,1119.06,0.0,0,848,284.8009,2.4278,1.3303,0.0,A
136,hotel/rate,1.32,39.82,1119.14,0.0,0,649,284.8009,1.3994,1.3303,0.0,A
136,hotel/recommendation,1.38,25.66,1119.06,0.0,0,566,284.8009,1.463,1.3303,0.0,A
136,hotel/reservation,1.47,67.53,1119.06,0.0,0,547,284.8009,1.5584,1.3303,0.0,A
136,hotel/search,0.49,32.84,1119.06,0.0,0,0,284.8009,1.2515,1.3303,0.0,A
136,hotel/user,1.12,20.07,1119.06,0.0,0,234,284.8009,1.2515,1.3303,0.0,A
136,sa1/customer-feedback,131.72,10168.27,13293.62,0.0,0,447,284.8009,139.6435,8.5774,0.123,A
136,sn1/compose-post-service,0.02,47.71,251.42,0.0,0,0,284.8009,1.2515,1.3303,0.0,A
136,sn1/home-timeline-redis,4.95,2550.29,952.74,0.0,0,1441,320.5077,5.2478,1.3303,0.0077,A
136,sn1/home-timeline-service,0.03,87.04,251.42,0.0,0,0,284.8009,1.2515,1.3303,0.0,A
136,sn1/jaeger,0.55,5261.75,75.0,0.0,0,0,284.8009,1.2515,1.3303,0.0,A
136,sn1/media-frontend,0.0,2027.57,648.43,0.0,0,0,284.8009,1.2515,1.3303,0.0,A
136,sn1/media-memcached,0.28,4.63,75.33,0.0,0,0,284.8009,1.2515,1.3303,0.0,A
136,sn1/media-mongodb,13.54,74.14,703.91,0.0,0,426,284.8009,14.3545,8.5774,0.023,A
136,sn1/media-service,0.02,4.77,251.42,0.0,0,0,284.8009,1.2515,1.3303,0.0,A
136,sn1/nginx-thrift,1.83,42900.41,620.32,0.0,0,1164,284.8009,1.9401,1.3303,0.0077,A
136,sn1/post-storage-memcached,0.67,69.91,75.33,0.0,0,785,284.8009,1.2515,1.3303,0.0077,A
136,sn1/post-storage-mongodb,13.5,8188.59,4129.87,0.0039,2,598,284.8009,14.3121,8.5774,0.023,A
136,sn1/post-storage-service,0.03,89.05,251.42,0.0,0,0,284.8009,1.2515,1.3303,0.0,A
136,sn1/social-graph-mongodb,14.6,728.67,756.91,0.0,0,435,284.8009,15.4782,8.5774,0.0153,A
136,sn1/social-graph-redis,2.74,20.29,103.57,0.0,0,1483,329.8494,2.9048,1.3303,0.0,A
136,sn1/social-graph-service,0.13,31.3,251.42,0.0,0,0,284.8009,1.2515,1.3303,0.0,A
136,sn1/text-service,0.03,44.38,251.42,0.0,0,0,284.8009,1.2515,1.3303,0.0,A
136,sn1/unique-id-service,0.03,4.62,251.42,0.0,0,0,284.8009,1.2515,1.3303,0.0,A
136,sn1/url-shorten-memcached,0.31,4.63,75.33,0.0,0,0,284.8009,1.2515,1.3303,0.0,A
136,sn1/url-shorten-mongodb,29.42,106.82,702.74,0.0469,2,7484,1664.5939,31.1897,8.5774,0.0307,A
136,sn1/url-shorten-service,0.12,52.39,251.42,0.0,0,0,284.8009,1.2515,1.3303,0.0,A
136,sn1/user-memcached,0.33,6.32,75.33,0.0,0,0,284.8009,1.2515,1.3303,0.0077,A
136,sn1/user-mention-service,0.02,6.78,251.42,0.0,0,0,284.8009,1.2515,1.3303,0.0,A
136,sn1/user-mongodb,13.52,97.55,704.67,0.0,0,661,284.8009,14.3333,8.5774,0.0153,A
136,sn1/user-service,0.14,18.0,251.42,0.0,0,0,284.8009,1.2515,1.3303,0.0,A
136,sn1/user-timeline-mongodb,27.03,107.04,702.94,0.0,0,8385,1864.9947,28.656,8.5774,0.023,A
136,sn1/user-timeline-redis,4.35,95.08,136.86,0.0,0,1345,299.1554,4.6117,1.3303,0.0077,A
136,sn1/user-timeline-service,0.09,498.65,251.42,0.0,0,0,284.8009,1.2515,1.3303,0.0,A
137,hotel/consul,29.74,29.37,201.48,0.0,0,10689,3353.3725,10.4796,6.3206,0.031,A
137,hotel/frontend,0.53,112.4,1119.14,0.0,0,0,284.8009,1.2515,1.3303,0.0,A
137,hotel/geo,1.25,27.61,1119.06,0.0,0,607,284.8009,1.2515,1.3303,0.0,A
137,hotel/jaeger,0.36,14.79,81.01,0.0,0,0,284.8009,1.2515,1.3303,0.0,A
137,hotel/memcached-profile,0.44,7.68,79.25,0.0,0,0,284.8009,1.2515,1.3303,0.0,A
137,hotel/memcached-rate,0.45,7.57,79.25,0.0,0,0,284.8009,1.2515,1.3303,0.0,A
137,hotel/memcached-reserve,0.37,7.15,79.25,0.0,0,0,284.8009,1.2515,1.3303,0.0062,A
137,hotel/mongodb-geo,11.71,63.53,400.43,0.0273,2,435,284.8009,4.1263,6.3206,0.0186,A
137,hotel/mongodb-profile,11.88,64.39,400.43,0.0508,4,429,284.8009,4.1862,6.3206,0.0124,A
137,hotel/mongodb-rate,10.14,64.83,400.43,0.0,0,448,284.8009,3.5731,6.3206,0.0062,A
137,hotel/mongodb-recommendation,11.83,62.89,400.43,0.0273,2,470,284.8009,4.1686,6.3206,0.0186,A
137,hotel/mongodb-reservation,11.95,252.79,400.43,0.0352,2,519,284.8009,4.2109,6.3206,0.0186,A
137,hotel/mongodb-user,12.15,63.3,400.43,0.0273,2,433,284.8009,4.2813,6.3206,0.0186,A
137,hotel/profile,1.14,43.59,1119.06,0.0,0,512,284.8009,1.2515,1.3303,0.0062,A
137,hotel/rate,2.19,40.07,1119.14,0.0,0,1023,320.9374,1.2515,1.3303,0.0062,A
137,hotel/recommendation,1.84,25.66,1119.06,0.0,0,772,284.8009,1.2515,1.3303,0.0,A
137,hotel/reservation,1.57,67.52,1119.06,0.0,0,745,284.8009,1.2515,1.3303,0.0062,A
137,hotel/search,0.49,32.84,1119.06,0.0,0,0,284.8009,1.2515,1.3303,0.0,A
137,hotel/user,1.82,20.07,1119.06,0.0,0,871,284.8009,1.2515,1.3303,0.0062,A
137,sa1/customer-feedback,124.7,10165.82,13293.62,4.0156,42,434,284.8009,43.9409,6.3206,0.112,A
137,sn1/compose-post-service,0.0,47.69,251.42,0.0,0,0,284.8009,1.2515,1.3303,0.0,A
137,sn1/home-timeline-redis,4.97,2550.29,952.74,0.0,0,1423,446.4262,1.7513,1.3303,0.0062,A
137,sn1/home-timeline-service,0.0,87.04,251.42,0.0,0,0,284.8009,1.2515,1.3303,0.0,A
137,sn1/jaeger,0.58,5261.75,75.0,0.0,0,0,284.8009,1.2515,1.3303,0.0,A
137,sn1/media-frontend,0.0,2027.57,648.43,0.0,0,0,284.8009,1.2515,1.3303,0.0,A
137,sn1/media-memcached,0.31,4.63,75.33,0.0,0,0,284.8009,1.2515,1.3303,0.0,A
137,sn1/media-mongodb,15.13,74.02,703.91,0.0195,2,433,284.8009,5.3314,6.3206,0.0186,A
137,sn1/media-service,0.0,4.77,251.42,0.0,0,0,284.8009,1.2515,1.3303,0.0,A
137,sn1/nginx-thrift,6.37,42900.41,620.32,0.0,0,1217,381.7995,2.2446,1.3303,0.0062,A
137,sn1/post-storage-memcached,0.69,69.91,75.33,0.0,0,0,284.8009,1.2515,1.3303,0.0,A
137,sn1/post-storage-mongodb,12.91,8188.46,4129.87,0.0195,2,574,284.8009,4.5491,6.3206,0.0124,A
137,sn1/post-storage-service,0.11,89.06,251.42,0.0,0,0,284.8009,1.2515,1.3303,0.0,A
137,sn1/social-graph-mongodb,15.44,728.34,756.91,0.0195,2,647,284.8009,5.4406,6.3206,0.0124,A
137,sn1/social-graph-redis,2.67,20.29,103.57,0.0,0,1472,461.7985,1.2515,1.3303,0.0062,A
137,sn1/social-graph-service,0.0,31.3,251.42,0.0,0,0,284.8009,1.2515,1.3303,0.0,A
137,sn1/text-service,0.0,44.37,251.42,0.0,0,0,284.8009,1.2515,1.3303,0.0,A
137,sn1/unique-id-service,0.0,4.62,251.42,0.0,0,0,284.8009,1.2515,1.3303,0.0,A
137,sn1/url-shorten-memcached,0.25,4.63,75.33,0.0,0,0,284.8009,1.2515,1.3303,0.0,A
137,sn1/url-shorten-mongodb,26.89,106.75,702.74,0.0391,6,7041,2208.9153,9.4753,6.3206,0.031,A
137,sn1/url-shorten-service,0.0,52.18,251.42,0.0,0,0,284.8009,1.2515,1.3303,0.0,A
137,sn1/user-memcached,0.34,6.32,75.33,0.0,0,0,284.8009,1.2515,1.3303,0.0,A
137,sn1/user-mention-service,0.0,6.78,251.42,0.0,0,0,284.8009,1.2515,1.3303,0.0,A
137,sn1/user-mongodb,15.43,97.35,704.67,0.0195,2,478,284.8009,5.4371,6.3206,0.0186,A
137,sn1/user-service,0.0,18.0,251.42,0.0,0,0,284.8009,1.2515,1.3303,0.0,A
137,sn1/user-timeline-mongodb,28.61,106.89,702.94,0.0234,4,8327,2612.3616,10.0814,6.3206,0.031,A
137,sn1/user-timeline-redis,4.66,95.33,136.86,0.0,0,1406,441.0929,1.6421,1.3303,0.0062,A
137,sn1/user-timeline-service,0.0,498.65,251.42,0.0,0,0,284.8009,1.2515,1.3303,0.0,A
138,hotel/consul,26.19,29.41,201.48,0.0,0,11778,2437.7654,12.736,7.3722,0.0069,A
138,hotel/frontend,0.97,112.4,1119.14,0.0,0,58,284.8009,1.2515,1.3303,0.0,A
138,hotel/geo,2.19,27.62,1119.06,0.0,0,1014,284.8009,1.2515,1.3303,0.0,A
138,hotel/jaeger,0.34,14.79,81.01,0.0,0,0,284.8009,1.2515,1.3303,0.0,A
138,hotel/memcached-profile,0.46,7.68,79.25,0.0,0,0,284.8009,1.2515,1.3303,0.0,A
138,hotel/memcached-rate,0.52,7.57,79.25,0.0,0,0,284.8009,1.2515,1.3303,0.0,A
138,hotel/memcached-reserve,0.37,7.15,79.25,0.0,0,0,284.8009,1.2515,1.3303,0.0,A
138,hotel/mongodb-geo,11.15,63.13,400.43,0.0508,12,640,284.8009,5.4222,7.3722,0.0069,A
138,hotel/mongodb-profile,10.43,64.42,400.43,0.0469,10,564,284.8009,5.072,7.3722,0.0069,A
138,hotel/mongodb-rate,11.82,64.95,400.43,0.0234,2,349,284.8009,5.748,7.3722,0.0035,A
138,hotel/mongodb-recommendation,11.21,62.99,400.43,0.0508,12,670,284.8009,5.4513,7.3722,0.0035,A
138,hotel/mongodb-reservation,13.92,252.77,400.43,0.5195,68,435,284.8009,6.7692,7.3722,0.0104,A
138,hotel/mongodb-user,10.85,63.38,400.43,0.0742,12,573,284.8009,5.2763,7.3722,0.0069,A
138,hotel/profile,1.86,43.59,1119.06,0.0,0,906,284.8009,1.2515,1.3303,0.0,A
138,hotel/rate,1.36,40.07,1119.14,0.0,0,308,284.8009,1.2515,1.3303,0.0,A
138,hotel/recommendation,1.41,25.66,1119.06,0.0,0,426,284.8009,1.2515,1.3303,0.0,A
138,hotel/reservation,1.48,67.52,1119.06,0.0,0,740,284.8009,1.2515,1.3303,0.0,A
138,hotel/search,0.48,32.84,1119.06,0.0,0,0,284.8009,1.2515,1.3303,0.0,A
138,hotel/user,1.14,20.07,1119.06,0.0,0,730,284.8009,1.2515,1.3303,0.0,A
138,sa1/customer-feedback,123.98,10165.72,13293.62,0.0,0,451,284.8009,60.2906,7.3722,0.0589,A
138,sn1/compose-post-service,0.02,47.44,251.42,0.0,0,0,284.8009,1.2515,1.3303,0.0,A
138,sn1/home-timeline-redis,4.99,2550.29,952.74,0.0,0,1366,284.8009,2.4266,1.3303,0.0,A
138,sn1/home-timeline-service,0.03,87.04,251.42,0.0,0,0,284.8009,1.2515,1.3303,0.0,A
138,sn1/jaeger,0.58,5261.75,75.0,0.0,0,0,284.8009,1.2515,1.3303,0.0,A
138,sn1/media-frontend,0.0,2027.57,648.43,0.0,0,0,284.8009,1.2515,1.3303,0.0,A
138,sn1/media-memcached,0.27,4.63,75.33,0.0,0,0,284.8009,1.2515,1.3303,0.0,A
138,sn1/media-mongodb,13.71,74.14,703.91,0.0,0,389,284.8009,6.6671,7.3722,0.0104,A
138,sn1/media-service,0.02,4.77,251.42,0.0,0,0,284.8009,1.2515,1.3303,0.0,A
138,sn1/nginx-thrift,1.79,42900.41,620.32,0.0,0,1128,284.8009,1.2515,1.3303,0.0,A
138,sn1/post-storage-memcached,0.76,69.91,75.33,0.0,0,810,284.8009,1.2515,1.3303,0.0,A
138,sn1/post-storage-mongodb,21.12,8188.68,4129.87,0.0039,2,740,284.8009,10.2705,7.3722,0.0069,A
138,sn1/post-storage-service,0.02,88.93,251.42,0.0,0,0,284.8009,1.2515,1.3303,0.0,A
138,sn1/social-graph-mongodb,14.17,728.63,756.91,0.0,0,395,284.8009,6.8908,7.3722,0.0104,A
138,sn1/social-graph-redis,2.69,20.29,103.57,0.0,0,1368,284.8009,1.3081,1.3303,0.0035,A
138,sn1/social-graph-service,0.14,31.3,251.42,0.0,0,0,284.8009,1.2515,1.3303,0.0,A
138,sn1/text-service,0.04,44.36,251.42,0.0,0,0,284.8009,1.2515,1.3303,0.0,A
138,sn1/unique-id-service,0.03,4.62,251.42,0.0,0,0,284.8009,1.2515,1.3303,0.0,A
138,sn1/url-shorten-memcached,0.34,4.63,75.33,0.0,0,0,284.8009,1.2515,1.3303,0.0,A
138,sn1/url-shorten-mongodb,29.79,106.63,702.74,0.0469,2,7910,1637.1815,14.4867,7.3722,0.0139,A
138,sn1/url-shorten-service,0.11,51.89,251.42,0.0,0,0,284.8009,1.2515,1.3303,0.0,A
138,sn1/user-memcached,0.35,6.32,75.33,0.0,0,0,284.8009,1.2515,1.3303,0.0,A
138,sn1/user-mention-service,0.02,6.78,251.42,0.0,0,0,284.8009,1.2515,1.3303,0.0,A
138,sn1/user-mongodb,14.13,97.3,704.67,0.0,0,662,284.8009,6.8713,7.3722,0.0069,A
138,sn1/user-service,0.1,18.0,251.42,0.0,0,0,284.8009,1.2515,1.3303,0.0,A
138,sn1/user-timeline-mongodb,26.28,107.04,702.94,0.0,0,8822,1825.9438,12.7798,7.3722,0.0139,A
138,sn1/user-timeline-redis,4.74,95.33,136.86,0.0,0,1467,303.634,2.305,1.3303,0.0,A
138,sn1/user-timeline-service,0.12,498.65,251.42,0.0,0,0,284.8009,1.2515,1.3303,0.0,A
139,hotel/consul,27.48,29.39,201.48,0.0,0,12544,9181.4787,31.2372,7.9071,0.0193,A
139,hotel/frontend,0.54,112.4,1119.14,0.0,0,0,284.8009,1.2515,1.3303,0.0,A
139,hotel/geo,18.38,31.38,1119.06,0.0,0,396,289.849,20.893,7.9071,0.0064,A
139,hotel/jaeger,0.32,14.79,81.01,0.0,0,0,284.8009,1.2515,1.3303,0.0,A
139,hotel/memcached-profile,0.44,7.68,79.25,0.0,0,0,284.8009,1.2515,1.3303,0.0,A
139,hotel/memcached-rate,0.45,7.57,79.25,0.0,0,0,284.8009,1.2515,1.3303,0.0,A
139,hotel/memcached-reserve,0.38,7.15,79.25,0.0,0,0,284.8009,1.2515,1.3303,0.0,A
139,hotel/mongodb-geo,11.53,63.11,400.43,0.0312,2,506,370.3626,13.1064,7.9071,0.0128,A
139,hotel/mongodb-profile,11.61,64.14,400.43,0.0312,2,470,344.0127,13.1974,7.9071,0.0128,A
139,hotel/mongodb-rate,10.13,64.89,400.43,0.0,0,386,284.8009,11.515,7.9071,0.0128,A
139,hotel/mongodb-recommendation,11.48,62.9,400.43,0.0586,4,511,374.0223,13.0496,7.9071,0.0128,A
139,hotel/mongodb-reservation,12.1,252.67,400.43,0.0742,4,458,335.2294,13.7544,7.9071,0.0064,A
139,hotel/mongodb-user,12.13,63.55,400.43,0.0312,2,635,464.7831,13.7885,7.9071,0.0128,A
139,hotel/profile,1.2,43.58,1119.06,0.0,0,599,438.4332,1.3641,1.3303,0.0,A
139,hotel/rate,1.87,39.81,1119.14,0.0,0,720,526.9981,2.1257,1.3303,0.0064,A
139,hotel/recommendation,1.63,25.66,1119.06,0.0,0,607,444.2887,1.8529,1.3303,0.0064,A
139,hotel/reservation,1.89,67.53,1119.06,0.0,0,394,288.3851,2.1484,1.3303,0.0,A
139,hotel/search,0.51,32.84,1119.06,0.0,0,0,284.8009,1.2515,1.3303,0.0,A
139,hotel/user,2.26,20.32,1119.06,0.0,0,860,629.47,2.569,1.3303,0.0,A
139,sa1/customer-feedback,126.26,10165.7,13293.62,0.0,0,465,340.353,143.523,7.9071,0.128,A
139,sn1/compose-post-service,0.0,47.43,251.42,0.0,0,0,284.8009,1.2515,1.3303,0.0,A
139,sn1/home-timeline-redis,4.94,2550.29,952.74,0.0,0,1444,1056.9241,5.6154,1.3303,0.0,A
139,sn1/home-timeline-service,0.0,87.04,251.42,0.0,0,0,284.8009,1.2515,1.3303,0.0,A
139,sn1/jaeger,0.58,5261.75,75.0,0.0,0,0,284.8009,1.2515,1.3303,0.0064,A
139,sn1/media-frontend,0.0,2027.57,648.43,0.0,0,0,284.8009,1.2515,1.3303,0.0,A
139,sn1/media-memcached,0.32,4.63,75.33,0.0,0,0,284.8009,1.2515,1.3303,0.0,A
139,sn1/media-mongodb,15.14,73.94,703.91,0.0586,6,423,309.6114,17.21,7.9071,0.0193,A
139,sn1/media-service,0.0,4.77,251.42,0.0,0,0,284.8009,1.2515,1.3303,0.0,A
139,sn1/nginx-thrift,6.63,42900.41,620.32,0.0,0,1043,763.4154,7.5365,1.3303,0.0,A
139,sn1/post-storage-memcached,0.65,69.91,75.33,0.0,0,0,284.8009,1.2515,1.3303,0.0,A
139,sn1/post-storage-mongodb,15.25,8188.66,4129.87,0.1094,8,585,428.186,17.3351,7.9071,0.0193,A
139,sn1/post-storage-service,0.11,88.94,251.42,0.0,0,0,284.8009,1.2515,1.3303,0.0,A
139,sn1/social-graph-mongodb,15.43,728.55,756.91,0.082,8,504,368.8987,17.5397,7.9071,0.0128,A
139,sn1/social-graph-redis,2.65,20.29,103.57,0.0,0,1489,1089.8614,3.0123,1.3303,0.0064,A
139,sn1/social-graph-service,0.0,31.3,251.42,0.0,0,0,284.8009,1.2515,1.3303,0.0,A
139,sn1/text-service,0.0,44.35,251.42,0.0,0,0,284.8009,1.2515,1.3303,0.0,A
139,sn1/unique-id-service,0.0,4.62,251.42,0.0,0,0,284.8009,1.2515,1.3303,0.0,A
139,sn1/url-shorten-memcached,0.31,4.63,75.33,0.0,0,0,284.8009,1.2515,1.3303,0.0,A
139,sn1/url-shorten-mongodb,27.41,106.82,702.74,0.0,0,6604,4833.7441,31.1576,7.9071,0.0257,A
139,sn1/url-shorten-service,0.0,51.59,251.42,0.0,0,0,284.8009,1.2515,1.3303,0.0,A
139,sn1/user-memcached,0.35,6.32,75.33,0.0,0,0,284.8009,1.2515,1.3303,0.0,A
139,sn1/user-mention-service,0.0,6.77,251.42,0.0,0,0,284.8009,1.2515,1.3303,0.0,A
139,sn1/user-mongodb,15.29,97.3,704.67,0.0625,6,490,358.6515,17.3805,7.9071,0.0193,A
139,sn1/user-service,0.0,18.0,251.42,0.0,0,0,284.8009,1.2515,1.3303,0.0,A
139,sn1/user-timeline-mongodb,27.88,107.04,702.94,0.0195,2,8532,6244.928,31.6919,7.9071,0.0257,A
139,sn1/user-timeline-redis,4.58,95.08,136.86,0.0,0,1443,1056.1921,5.2062,1.3303,0.0,A
139,sn1/user-timeline-service,0.0,498.65,251.42,0.0,0,0,284.8009,1.2515,1.3303,0.0,A
140,hotel/consul,27.63,29.4,201.48,0.0,0,11268,5608.4254,6.8828,9.3797,0.028,A
140,hotel/frontend,0.5,112.4,1119.14,0.0,0,0,284.8009,1.2515,1.3303,0.0,A
140,hotel/geo,1.72,27.13,1119.06,0.0,0,304,284.8009,1.2515,1.3303,0.0,A
140,hotel/jaeger,0.34,14.79,81.01,0.0,0,0,284.8009,1.2515,1.3303,0.0,A
140,hotel/memcached-profile,0.46,7.68,79.25,0.0,0,0,284.8009,1.2515,1.3303,0.0,A
140,hotel/memcached-rate,0.46,7.57,79.25,0.0,0,0,284.8009,1.2515,1.3303,0.0,A
140,hotel/memcached-reserve,0.41,7.15,79.25,0.0,0,0,284.8009,1.2515,1.3303,0.0,A
140,hotel/mongodb-geo,10.13,63.29,400.43,0.0,0,531,284.8009,2.5234,9.3797,0.014,A
140,hotel/mongodb-profile,10.11,64.42,400.43,0.0,0,427,284.8009,2.5185,9.3797,0.007,A
140,hotel/mongodb-rate,11.74,64.8,400.43,0.0234,2,465,284.8009,2.9245,9.3797,0.014,A
140,hotel/mongodb-recommendation,9.96,62.84,400.43,0.0,0,429,284.8009,2.4811,1.3303,0.014,A
140,hotel/mongodb-reservation,10.08,252.77,400.43,0.0,0,438,284.8009,2.511,9.3797,0.021,A
140,hotel/mongodb-user,9.8,63.23,400.43,0.0,0,611,304.1132,2.4412,1.3303,0.014,A
140,hotel/profile,1.88,43.83,1119.06,0.0,0,906,450.9437,1.2515,1.3303,0.0,A
140,hotel/rate,1.45,39.82,1119.14,0.0,0,658,327.5066,1.2515,1.3303,0.0,A
140,hotel/recommendation,1.43,25.66,1119.06,0.0,0,652,324.5202,1.2515,1.3303,0.0,A
140,hotel/reservation,1.39,67.53,1119.06,0.0,0,719,357.8681,1.2515,1.3303,0.0,A
140,hotel/search,0.91,32.84,1119.06,0.0,0,88,284.8009,1.2515,1.3303,0.0,A
140,hotel/user,1.11,20.07,1119.06,0.0,0,583,290.1768,1.2515,1.3303,0.007,A
140,sa1/customer-feedback,123.12,10166.87,13293.62,0.0,0,486,284.8009,30.6699,9.3797,0.112,A
140,sn1/compose-post-service,0.02,47.41,251.42,0.0,0,0,284.8009,1.2515,1.3303,0.0,A
140,sn1/home-timeline-redis,4.9,2550.29,952.74,0.0,0,1215,604.7424,1.2515,1.3303,0.007,A
140,sn1/home-timeline-service,0.03,87.04,251.42,0.0,0,0,284.8009,1.2515,1.3303,0.0,A
140,sn1/jaeger,0.5,5261.75,75.0,0.0,0,0,284.8009,1.2515,1.3303,0.0,A
140,sn1/media-frontend,0.0,2027.57,648.43,0.0,0,0,284.8009,1.2515,1.3303,0.0,A
140,sn1/media-memcached,0.29,4.63,75.33,0.0,0,0,284.8009,1.2515,1.3303,0.0,A
140,sn1/media-mongodb,11.99,74.14,703.91,0.1914,32,548,284.8009,2.9868,9.3797,0.014,A
140,sn1/media-service,0.02,4.77,251.42,0.0,0,0,284.8009,1.2515,1.3303,0.0,A
140,sn1/nginx-thrift,1.88,42900.4,620.32,0.0,0,1738,865.0553,1.2515,1.3303,0.0,A
140,sn1/post-storage-memcached,0.69,69.91,75.33,0.0,0,790,393.207,1.2515,1.3303,0.0,A
140,sn1/post-storage-mongodb,12.68,8188.69,4129.87,0.0,0,641,319.0451,3.1587,9.3797,0.014,A
140,sn1/post-storage-service,0.03,88.93,251.42,0.0,0,0,284.8009,1.2515,1.3303,0.0,A
140,sn1/social-graph-mongodb,13.87,728.49,756.91,0.0078,4,701,348.909,3.4551,9.3797,0.014,A
140,sn1/social-graph-redis,2.68,20.04,103.57,0.0,0,1411,702.2975,1.2515,1.3303,0.007,A
140,sn1/social-graph-service,0.14,31.3,251.42,0.0,0,0,284.8009,1.2515,1.3303,0.0,A
140,sn1/text-service,0.03,44.33,251.42,0.0,0,0,284.8009,1.2515,1.3303,0.0,A
140,sn1/unique-id-service,0.02,4.62,251.42,0.0,0,0,284.8009,1.2515,1.3303,0.0,A
140,sn1/url-shorten-memcached,0.32,4.63,75.33,0.0,0,0,284.8009,1.2515,1.3303,0.007,A
140,sn1/url-shorten-mongodb,31.0,106.8,702.74,0.0781,4,9785,4870.2913,7.7223,9.3797,0.035,A
140,sn1/url-shorten-service,0.12,50.96,251.42,0.0,0,0,284.8009,1.2515,1.3303,0.0,A
140,sn1/user-memcached,0.38,6.32,75.33,0.0,0,0,284.8009,1.2515,1.3303,0.0,A
140,sn1/user-mention-service,0.02,6.76,251.42,0.0,0,0,284.8009,1.2515,1.3303,0.0,A
140,sn1/user-mongodb,13.3,97.3,704.67,0.418,32,808,402.1661,3.3131,9.3797,0.014,A
140,sn1/user-service,0.15,18.0,251.42,0.0,0,0,284.8009,1.2515,1.3303,0.0,A
140,sn1/user-timeline-mongodb,28.74,107.05,702.94,0.0,0,7039,3503.5238,7.1593,9.3797,0.021,A
140,sn1/user-timeline-redis,4.67,95.08,136.86,0.0,0,1436,714.7408,1.2515,1.3303,0.0,A
140,sn1/user-timeline-service,0.12,498.65,251.42,0.0,0,0,284.8009,1.2515,1.3303,0.0,A
141,hotel/consul,26.21,29.39,201.48,0.0,0,10544,6044.8927,7.8947,6.8714,0.0135,A
141,hotel/frontend,0.48,112.4,1119.14,0.0,0,0,284.8009,1.2515,1.3303,0.0,A
141,hotel/geo,1.27,26.58,1119.06,0.0,0,649,372.0728,1.2515,1.3303,0.0045,A
141,hotel/jaeger,0.36,14.79,81.01,0.0,0,0,284.8009,1.2515,1.3303,0.0,A
141,hotel/memcached-profile,0.47,7.68,79.25,0.0,0,0,284.8009,1.2515,1.3303,0.0,A
141,hotel/memcached-rate,0.51,7.57,79.25,0.0,0,0,284.8009,1.2515,1.3303,0.0,A
141,hotel/memcached-reserve,0.4,7.15,79.25,0.0,0,0,284.8009,1.2515,1.3303,0.0,A
141,hotel/mongodb-geo,11.58,63.36,400.43,0.0508,4,498,285.5042,3.488,6.8714,0.009,A
141,hotel/mongodb-profile,11.62,64.14,400.43,0.0312,2,395,284.8009,3.5001,6.8714,0.009,A
141,hotel/mongodb-rate,10.34,64.95,400.43,0.0,0,477,284.8009,3.1145,6.8714,0.0135,A
141,hotel/mongodb-recommendation,11.89,62.99,400.43,0.0312,2,462,284.8009,3.5814,6.8714,0.0045,A
141,hotel/mongodb-reservation,12.16,252.73,400.43,0.0391,2,406,284.8009,3.6627,6.8714,0.0045,A
141,hotel/mongodb-user,12.18,63.36,400.43,0.0312,2,445,284.8009,3.6687,6.8714,0.0045,A
141,hotel/profile,1.39,43.58,1119.06,0.0,0,649,372.0728,1.2515,1.3303,0.0,A
141,hotel/rate,1.8,39.81,1119.14,0.0,0,300,284.8009,1.2515,1.3303,0.0,A
141,hotel/recommendation,1.48,25.66,1119.06,0.0,0,416,284.8009,1.2515,1.3303,0.0,A
141,hotel/reservation,1.78,67.52,1119.06,0.0,0,977,560.1157,1.2515,1.3303,0.0045,A
141,hotel/search,0.46,32.84,1119.06,0.0,0,0,284.8009,1.2515,1.3303,0.0,A
141,hotel/user,1.87,20.07,1119.06,0.0,0,915,524.571,1.2515,1.3303,0.0,A
141,sa1/customer-feedback,120.87,10166.61,13293.62,0.0,0,473,284.8009,36.4072,6.8714,0.081,A
141,sn1/compose-post-service,0.0,47.39,251.42,0.0,0,0,284.8009,1.2515,1.3303,0.0,A
141,sn1/home-timeline-redis,4.81,2550.04,952.74,0.0,0,1162,666.1765,1.4488,1.3303,0.0045,A
141,sn1/home-timeline-service,0.0,87.04,251.42,0.0,0,0,284.8009,1.2515,1.3303,0.0,A
141,sn1/jaeger,0.57,5261.75,75.0,0.0,0,0,284.8009,1.2515,1.3303,0.0,A
141,sn1/media-frontend,0.0,2027.57,648.43,0.0,0,0,284.8009,1.2515,1.3303,0.0,A
141,sn1/media-memcached,0.33,4.63,75.33,0.0,0,0,284.8009,1.2515,1.3303,0.0,A
141,sn1/media-mongodb,15.14,73.89,703.91,0.0195,2,360,284.8009,4.5603,6.8714,0.009,A
141,sn1/media-service,0.0,4.77,251.42,0.0,0,0,284.8009,1.2515,1.3303,0.0,A
141,sn1/nginx-thrift,6.78,42900.4,620.32,0.0,0,1342,769.3708,2.0422,1.3303,0.009,A
141,sn1/post-storage-memcached,0.72,69.88,75.33,0.0,0,413,284.8009,1.2515,1.3303,0.0,A
141,sn1/post-storage-mongodb,15.5,8188.73,4129.87,0.0234,2,505,289.5173,4.6688,6.8714,0.0135,A
141,sn1/post-storage-service,0.08,88.93,251.42,0.0,0,0,284.8009,1.2515,1.3303,0.0,A
141,sn1/social-graph-mongodb,15.7,728.36,756.91,1.5469,54,473,284.8009,4.729,6.8714,0.009,A
141,sn1/social-graph-redis,2.65,20.29,103.57,0.0,0,1160,665.0299,1.2515,1.3303,0.0045,A
141,sn1/social-graph-service,0.0,31.3,251.42,0.0,0,0,284.8009,1.2515,1.3303,0.0,A
141,sn1/text-service,0.0,44.32,251.42,0.0,0,0,284.8009,1.2515,1.3303,0.0,A
141,sn1/unique-id-service,0.0,4.62,251.42,0.0,0,0,284.8009,1.2515,1.3303,0.0,A
141,sn1/url-shorten-memcached,0.28,4.63,75.33,0.0,0,0,284.8009,1.2515,1.3303,0.0,A
141,sn1/url-shorten-mongodb,30.64,106.68,702.74,0.0,0,8569,4912.6219,9.2291,6.8714,0.0225,A
141,sn1/url-shorten-service,0.0,50.54,251.42,0.0,0,0,284.8009,1.2515,1.3303,0.0,A
141,sn1/user-memcached,0.35,6.32,75.33,0.0,0,0,284.8009,1.2515,1.3303,0.0,A
141,sn1/user-mention-service,0.0,6.76,251.42,0.0,0,0,284.8009,1.2515,1.3303,0.0,A
141,sn1/user-mongodb,14.14,97.3,704.67,0.0195,2,588,337.1014,4.2591,6.8714,0.0135,A
141,sn1/user-service,0.0,18.0,251.42,0.0,0,0,284.8009,1.2515,1.3303,0.0,A
141,sn1/user-timeline-mongodb,30.53,107.04,702.94,0.0195,2,5660,3244.8874,9.1959,6.8714,0.0225,A
141,sn1/user-timeline-redis,4.65,95.08,136.86,0.0,0,1352,775.1038,1.4006,1.3303,0.0045,A
141,sn1/user-timeline-service,0.0,498.65,251.42,0.0,0,0,284.8009,1.2515,1.3303,0.0,A
