window_index,pod_name,cpu_usage_mcores,ram_usage_mi,disk_space_mb,disk_usage_mb,disk_ios,cpu_psi_some_us,sched_total_ms,dstate_total_ms,softirq_total_ms,pod_cpu_watts,tier
1,es-stress-d/elasticsearch-dynamic-0,1014.97,52297.19,1414.09,0.0,0,109,581.9844,100.9655,312.8614,0.524,A
1,hotel1/user,50.89,18.3,1119.06,0.0,0,1737,581.9844,2.5575,312.8614,0.0,A
1,hotel1/reservation,3866.95,87.0,1119.06,0.0,0,608459,92529.4158,52.0086,312.8614,0.0,A
1,hotel1/search,2372.18,34.94,1119.06,0.0,0,4278,650.5629,31.8739,312.8614,0.0,A
1,es-stress-d3/elasticsearch-dynamic-0,1013.18,51745.52,1414.09,0.0,0,3359,581.9844,100.02,312.8614,0.518,A
1,es-stress-d4/elasticsearch-dynamic-0,1015.43,52305.98,1414.09,0.0,0,108,581.9844,100.9863,312.8614,0.518,A
1,hotel1/consul,27.13,31.02,212.87,0.0,0,6175,939.043,2.5575,312.8614,0.0113,A
1,hotel1/frontend,8629.54,115.8,1119.14,0.0,0,739065,112390.8968,115.9322,312.8614,0.0,A
1,hotel1/geo,968.87,28.09,1119.06,0.0,0,3009,581.9844,13.0413,312.8614,0.0,A
1,hotel1/jaeger,0.28,14.89,81.01,0.0,0,0,581.9844,2.5575,2.7184,0.0,A
1,hotel1/memcached-profile,198.16,8.33,79.27,0.0,0,1979,581.9844,2.6716,312.8614,0.0,A
1,hotel1/memcached-rate,178.34,7.59,79.27,0.0,0,2121,581.9844,2.5575,312.8614,0.0,A
1,hotel1/memcached-reserve,243.0,7.48,79.27,0.0,0,2185,581.9844,3.2716,312.8614,0.0,A
1,es-stress-d2/elasticsearch-dynamic-0,1017.34,49832.04,1414.09,0.0,0,1813,581.9844,96.8797,312.8614,0.513,A
1,hotel1/mongodb-profile,10.06,74.13,400.43,0.0,0,470,581.9844,2.5575,312.8614,0.0,A
1,hotel1/mongodb-rate,9.38,73.17,400.43,0.0,0,307,581.9844,2.5575,312.8614,0.0113,A
1,hotel1/mongodb-recommendation,10.08,71.37,400.43,0.0,0,332,581.9844,2.5575,312.8614,0.0056,A
1,hotel1/mongodb-reservation,44.83,116.2,400.43,0.2188,74,1080,581.9844,2.5575,312.8614,0.0056,A
1,hotel1/mongodb-user,8.97,73.79,400.43,0.0,0,277,581.9844,2.5575,312.8614,0.0056,A
1,hotel1/profile,2872.85,45.55,1119.06,0.0,0,25697,3907.7874,38.6065,312.8614,0.0056,A
1,hotel1/rate,1657.78,37.69,1119.14,0.0,0,3656,581.9844,22.297,312.8614,0.0,A
1,hotel1/recommendation,575.52,24.02,1119.06,0.0,0,3425,581.9844,7.759,312.8614,0.0,A
1,hotel1/mongodb-geo,9.07,71.38,400.43,0.0,0,661,581.9844,2.5575,312.8614,0.0113,A
2,hotel1/user,58.99,19.16,1119.06,0.0,0,2131,581.9844,2.5575,352.4245,0.0,A
2,hotel1/reservation,4584.13,74.85,1119.06,0.0,0,506581,85076.5705,50.2197,352.4245,0.0,A
2,es-stress-d2/elasticsearch-dynamic-0,1009.74,54846.67,1414.09,0.0,0,1333,581.9844,86.3543,352.4245,0.915,A
2,es-stress-d3/elasticsearch-dynamic-0,1009.47,56628.85,1414.09,0.0039,2,646,581.9844,88.7987,352.4245,0.925,A
2,es-stress-d4/elasticsearch-dynamic-0,1009.28,57713.99,1414.09,0.0,0,121,581.9844,90.2867,352.4245,0.925,A
2,hotel1/consul,26.76,31.02,212.87,0.0,0,4216,708.0463,2.5575,352.4245,0.0298,A
2,hotel1/frontend,9690.84,126.55,1119.14,0.0,0,758250,127342.5367,106.1207,352.4245,0.0,A
2,hotel1/geo,1128.1,26.91,1119.06,0.0,0,2944,581.9844,12.3701,352.4245,0.0,A
2,hotel1/jaeger,0.25,14.89,81.01,0.0,0,0,581.9844,2.5575,2.7184,0.0,A
2,hotel1/memcached-profile,239.9,8.34,79.27,0.0,0,3566,598.8836,2.6342,352.4245,0.0,A
2,hotel1/memcached-rate,210.1,7.86,79.27,0.0,0,3555,597.0362,2.5575,352.4245,0.0,A
2,hotel1/memcached-reserve,286.6,9.03,79.27,0.0,0,1826,581.9844,3.1457,352.4245,0.01,A
2,es-stress-d/elasticsearch-dynamic-0,1009.91,57701.45,1414.09,0.0,0,116,581.9844,90.2764,352.4245,0.935,A
2,hotel1/mongodb-geo,10.05,71.38,400.43,0.0312,1,699,581.9844,2.5575,352.4245,0.0199,A
2,hotel1/recommendation,661.57,24.6,1119.06,0.0,0,3076,581.9844,7.2665,352.4245,0.0,A
2,hotel1/rate,1735.66,36.97,1119.14,0.0,0,3648,612.6549,19.0262,352.4245,0.0,A
2,hotel1/profile,3160.61,39.45,1119.06,0.0,0,37776,6344.2027,34.6081,352.4245,0.0,A
2,hotel1/mongodb-user,10.54,73.95,400.43,0.0312,1,342,581.9844,2.5575,352.4245,0.0199,A
2,hotel1/search,2688.03,33.63,1119.06,0.0,0,4554,764.811,29.4336,352.4245,0.0,A
2,hotel1/mongodb-recommendation,11.54,71.37,400.43,0.0312,1,281,581.9844,2.5575,352.4245,0.0199,A
2,hotel1/mongodb-rate,11.04,73.36,400.43,0.0312,1,191,581.9844,2.5575,352.4245,0.0199,A
2,hotel1/mongodb-profile,11.01,74.13,400.43,0.0312,1,224,581.9844,2.5575,352.4245,0.0,A
2,hotel1/mongodb-reservation,51.71,116.53,400.43,0.2852,89,1018,581.9844,2.5575,352.4245,0.0199,A
3,hotel1/user,62.14,19.73,1119.06,0.0,0,2724,581.9844,2.5575,359.9595,0.0,A
3,hotel1/search,2741.31,30.84,1119.06,0.0,0,5390,853.376,30.2856,359.9595,0.0,A
3,hotel1/recommendation,695.55,26.76,1119.06,0.0,0,3915,619.8455,7.709,359.9595,0.0,A
3,hotel1/reservation,4676.96,76.63,1119.06,0.0,0,688208,108961.0801,51.7017,359.9595,0.0,A
3,es-stress-d/elasticsearch-dynamic-0,1007.1,63107.95,1414.09,0.0,0,116,581.9844,93.2876,359.9595,0.991,A
3,es-stress-d2/elasticsearch-dynamic-0,1010.9,60063.13,1414.09,0.0,0,370,581.9844,89.3647,359.9595,0.991,A
3,es-stress-d3/elasticsearch-dynamic-0,1010.97,61913.4,1414.09,0.0,0,424,581.9844,91.7748,359.9595,0.961,A
3,es-stress-d4/elasticsearch-dynamic-0,1006.97,63122.24,1414.09,0.0,0,117,581.9844,93.3048,359.9595,0.991,A
3,hotel1/consul,26.57,31.02,212.87,0.0,0,3800,601.638,2.5575,359.9595,0.0198,A
3,hotel1/geo,1149.21,25.08,1119.06,0.0,0,2802,581.9844,12.7121,359.9595,0.0,A
3,hotel1/jaeger,0.76,14.89,81.01,0.0,0,36,581.9844,2.5575,2.7184,0.0,A
3,hotel1/memcached-profile,246.66,8.09,79.27,0.0,0,3814,603.8546,2.732,359.9595,0.0,A
3,hotel1/frontend,9830.07,121.93,1119.14,0.0,0,737196,116717.1443,108.616,359.9595,0.0,A
3,hotel1/memcached-reserve,295.74,7.27,79.27,0.0,0,1807,581.9844,3.2724,359.9595,0.0,A
3,hotel1/memcached-rate,219.1,7.58,79.27,0.0,0,3511,581.9844,2.5575,359.9595,0.0,A
3,hotel1/profile,3407.7,43.2,1119.06,0.0,0,28380,4493.2861,37.6541,359.9595,0.0,A
3,hotel1/mongodb-user,9.07,73.79,400.43,0.0,0,275,581.9844,2.5575,359.9595,0.0,A
3,hotel1/mongodb-reservation,49.02,116.48,400.43,0.2656,89,984,581.9844,2.5575,359.9595,0.0099,A
3,hotel1/rate,1921.59,39.07,1119.14,0.0,0,3510,581.9844,21.2522,359.9595,0.0,A
3,hotel1/mongodb-rate,8.94,73.17,400.43,0.0,0,204,581.9844,2.5575,359.9595,0.0099,A
3,hotel1/mongodb-profile,9.28,74.32,400.43,0.0,0,393,581.9844,2.5575,359.9595,0.0198,A
3,hotel1/mongodb-geo,8.86,71.38,400.43,0.0,0,996,581.9844,2.5575,359.9595,0.0099,A
3,hotel1/mongodb-recommendation,9.22,71.37,400.43,0.0,0,222,581.9844,2.5575,359.9595,0.0099,A
4,hotel1/user,59.27,20.34,1119.06,0.0,0,1494,581.9844,2.5575,358.2213,0.0,A
4,hotel1/reservation,4449.48,75.32,1119.06,0.0,0,618800,96505.5652,48.9743,358.2213,0.0134,A
4,es-stress-d/elasticsearch-dynamic-0,1016.36,68531.57,1414.09,0.0,0,119,581.9844,91.9374,358.2213,1.23,A
4,es-stress-d2/elasticsearch-dynamic-0,1013.21,65353.55,1414.09,0.0,0,301,581.9844,88.1572,358.2213,1.25,A
4,es-stress-d3/elasticsearch-dynamic-0,1011.84,67191.37,1414.09,0.0,0,709,581.9844,90.3082,358.2213,1.23,A
4,es-stress-d4/elasticsearch-dynamic-0,1020.21,68558.73,1414.09,0.0,0,275,581.9844,92.0117,358.2213,1.26,A
4,hotel1/consul,26.75,31.02,212.87,0.0,0,3852,600.7425,2.5575,358.2213,0.0403,A
4,hotel1/frontend,9921.28,116.28,1119.14,0.0,0,760854,118659.7371,109.1401,358.2213,0.0,A
4,hotel1/geo,1107.53,26.96,1119.06,0.0,0,3069,581.9844,12.2,358.2213,0.0,A
4,hotel1/jaeger,0.34,14.89,81.01,0.0,0,0,581.9844,2.5575,2.7184,0.0,A
4,hotel1/memcached-profile,237.74,7.82,79.27,0.0,0,3599,581.9844,2.6212,358.2213,0.0,A
4,hotel1/memcached-rate,212.8,8.1,79.27,0.0,0,3503,581.9844,2.5575,358.2213,0.0,A
4,hotel1/search,2691.61,32.34,1119.06,0.0,0,11176,1742.9641,29.6103,358.2213,0.0,A
4,hotel1/recommendation,663.35,22.88,1119.06,0.0,0,3328,581.9844,7.3151,358.2213,0.0134,A
4,hotel1/mongodb-geo,12.15,71.38,400.43,0.0312,1,1043,581.9844,2.5575,358.2213,0.0134,A
4,hotel1/mongodb-profile,11.14,74.29,400.43,0.0312,1,247,581.9844,2.5575,358.2213,0.0268,A
4,hotel1/mongodb-rate,11.43,73.17,400.43,0.0312,1,197,581.9844,2.5575,358.2213,0.0268,A
4,hotel1/mongodb-recommendation,11.06,71.37,400.43,0.0312,1,223,581.9844,2.5575,358.2213,0.0268,A
4,hotel1/mongodb-reservation,42.87,117.01,400.43,0.2656,86,1327,581.9844,2.5575,358.2213,0.0268,A
4,hotel1/mongodb-user,10.16,73.95,400.43,0.0312,1,294,581.9844,2.5575,358.2213,0.0134,A
4,hotel1/profile,3312.96,42.86,1119.06,0.0,0,36061,5623.9289,36.4493,358.2213,0.0,A
4,hotel1/rate,1906.8,38.96,1119.14,0.0,0,4482,698.9947,20.9955,358.2213,0.0,A
4,hotel1/memcached-reserve,273.77,7.3,79.27,0.0,0,1982,581.9844,3.0165,358.2213,0.0,A
5,hotel1/user,52.33,20.32,1119.06,0.0,0,2079,581.9844,2.5575,346.2863,0.0147,A
5,hotel1/search,2565.81,34.79,1119.06,0.0,0,4941,771.5025,28.8127,346.2863,0.667,A
5,hotel1/reservation,4457.73,73.67,1119.06,0.0,0,685968,107109.0989,50.0724,346.2863,1.1,A
5,es-stress-d/elasticsearch-dynamic-0,1003.22,73925.07,1414.09,0.0,0,103,581.9844,91.37,346.2863,0.227,A
5,es-stress-d2/elasticsearch-dynamic-0,1004.1,70577.05,1414.09,0.0156,2,189,581.9844,87.7514,346.2863,0.23,A
5,es-stress-d3/elasticsearch-dynamic-0,1003.58,72440.63,1414.09,0.0234,10,337,581.9844,89.7653,346.2863,0.23,A
5,es-stress-d4/elasticsearch-dynamic-0,1002.81,73955.07,1414.09,0.0,0,495,581.9844,91.398,346.2863,0.23,A
5,hotel1/consul,23.87,31.26,212.87,0.0,0,4631,723.0982,2.5575,346.2863,0.0073,A
5,hotel1/geo,1067.46,27.0,1119.06,0.0,0,3285,581.9844,12.0006,346.2863,0.257,A
5,hotel1/jaeger,0.38,14.89,81.01,0.0,0,0,581.9844,2.5575,2.7184,0.0,A
5,hotel1/memcached-profile,236.57,9.08,79.27,0.0,0,3479,581.9844,2.6629,346.2863,0.0513,A
5,hotel1/memcached-rate,201.0,7.59,79.27,0.0,0,3813,595.3732,2.5575,346.2863,0.044,A
5,hotel1/frontend,9539.43,124.44,1119.14,0.0,0,695988,108673.6517,107.1176,346.2863,2.32,A
5,hotel1/mongodb-geo,10.07,71.57,400.43,0.0,0,372,581.9844,2.5575,346.2863,0.0024,A
5,hotel1/memcached-reserve,277.85,7.5,79.27,0.0,0,1926,581.9844,3.1242,346.2863,0.0709,A
5,hotel1/rate,1895.2,37.09,1119.14,0.0,0,3418,581.9844,21.2945,346.2863,0.46,A
5,hotel1/profile,3130.23,41.6,1119.06,0.0,0,16200,2529.5165,35.15,346.2863,0.77,A
5,hotel1/mongodb-user,9.97,73.79,400.43,0.0,0,271,581.9844,2.5575,346.2863,0.0024,A
5,hotel1/recommendation,640.7,24.18,1119.06,0.0,0,3483,581.9844,7.2115,346.2863,0.159,A
5,hotel1/mongodb-recommendation,9.72,71.37,400.43,0.0,0,336,581.9844,2.5575,346.2863,0.0049,A
5,hotel1/mongodb-rate,9.66,73.17,400.43,0.0,0,250,581.9844,2.5575,346.2863,0.0024,A
5,hotel1/mongodb-profile,10.46,74.13,400.43,0.0,0,335,581.9844,2.5575,346.2863,0.0,A
5,hotel1/mongodb-reservation,50.28,117.08,400.43,0.2422,81,1215,581.9844,2.5575,346.2863,0.0122,A
6,hotel1/user,53.45,20.35,1119.06,0.0,0,2017,581.9844,2.5575,357.0199,0.0647,A
6,hotel1/search,2690.49,31.62,1119.06,0.0,0,5076,826.4555,29.5051,357.0199,2.96,A
6,hotel1/recommendation,667.64,22.96,1119.06,0.0,0,3122,581.9844,7.3371,357.0199,0.776,A
6,es-stress-d/elasticsearch-dynamic-0,1015.31,79347.57,1414.09,0.0234,10,112,581.9844,92.543,357.0199,1.03,A
6,es-stress-d2/elasticsearch-dynamic-0,1016.04,75848.3,1414.09,0.0156,8,197,581.9844,88.9603,357.0199,1.05,A
6,es-stress-d3/elasticsearch-dynamic-0,1016.27,77730.12,1414.09,0.0,0,675,581.9844,90.8938,357.0199,1.03,A
6,es-stress-d4/elasticsearch-dynamic-0,1016.0,79375.7,1414.09,0.0273,8,836,581.9844,92.5795,357.0199,1.03,A
6,hotel1/consul,23.2,31.02,212.87,0.0,0,4938,803.9868,2.5575,357.0199,0.0323,A
6,hotel1/frontend,9960.46,118.09,1119.14,0.0,0,850103,138410.6155,109.2318,357.0199,9.77,A
6,hotel1/geo,1086.6,26.0,1119.06,0.0,0,2970,581.9844,11.9297,357.0199,1.18,A
6,hotel1/jaeger,0.31,14.89,81.01,0.0,0,0,581.9844,2.5575,2.7184,0.0,A
6,hotel1/memcached-profile,232.92,8.05,79.27,0.0,0,3356,581.9844,2.5598,357.0199,0.27,A
6,hotel1/reservation,4435.42,71.75,1119.06,0.0,0,551488,89791.2295,48.6609,357.0199,4.48,A
6,hotel1/memcached-reserve,280.22,9.01,79.27,0.0,0,2209,581.9844,3.0789,357.0199,0.302,A
6,hotel1/mongodb-geo,11.75,71.38,400.43,0.0312,1,246,581.9844,2.5575,357.0199,0.0108,A
6,hotel1/mongodb-profile,12.65,74.13,400.43,0.0312,1,277,581.9844,2.5575,357.0199,0.0,A
6,hotel1/mongodb-rate,12.59,73.36,400.43,0.0781,9,344,581.9844,2.5575,357.0199,0.0216,A
6,hotel1/mongodb-recommendation,12.34,71.37,400.43,0.0781,8,346,581.9844,2.5575,357.0199,0.0216,A
6,hotel1/mongodb-reservation,51.57,117.41,400.43,1.3008,117,1035,581.9844,2.5575,357.0199,0.0647,A
6,hotel1/mongodb-user,10.21,73.95,400.43,0.0312,1,245,581.9844,2.5575,357.0199,0.0,A
6,hotel1/profile,3553.28,44.25,1119.06,0.0,0,33891,5518.0068,38.9694,357.0199,3.38,A
6,hotel1/rate,1965.28,35.96,1119.14,0.0,0,4162,677.6414,21.5653,357.0199,1.9,A
6,hotel1/memcached-rate,216.75,7.57,79.27,0.0,0,3381,581.9844,2.5575,357.0199,0.226,A
7,hotel1/user,55.48,20.97,1119.06,0.0,0,2103,581.9844,2.5575,329.4061,0.0616,A
7,hotel1/search,2518.62,37.05,1119.06,0.0,0,4921,787.9172,31.3028,329.4061,3.2,A
7,hotel1/recommendation,597.82,23.82,1119.06,0.0,0,3637,582.3318,7.4452,329.4061,0.838,A
7,hotel1/reservation,4152.93,76.46,1119.06,0.0,0,619273,99153.8056,51.6304,329.4061,4.67,A
7,es-stress-d/elasticsearch-dynamic-0,1008.93,84726.07,1414.09,0.0,0,133,581.9844,98.1482,329.4061,1.16,A
7,es-stress-d2/elasticsearch-dynamic-0,1005.7,81075.05,1414.09,0.0,0,151,581.9844,94.4184,329.4061,1.18,A
7,es-stress-d3/elasticsearch-dynamic-0,1006.07,83078.74,1414.09,0.0,0,433,581.9844,96.4479,329.4061,1.17,A
7,es-stress-d4/elasticsearch-dynamic-0,1005.36,84717.89,1414.09,0.0,0,800,581.9844,98.0956,329.4061,1.17,A
7,hotel1/consul,23.34,31.02,212.87,0.0,0,5535,886.2268,2.5575,329.4061,0.037,A
7,hotel1/geo,1043.36,27.14,1119.06,0.0,0,2792,581.9844,12.9794,329.4061,1.36,A
7,hotel1/jaeger,0.44,14.89,81.01,0.0,0,0,581.9844,2.5575,2.7184,0.0,A
7,hotel1/memcached-profile,218.93,8.07,79.27,0.0,0,2614,581.9844,2.7259,329.4061,0.308,A
7,hotel1/frontend,9311.4,119.55,1119.14,0.0,0,831915,133200.6049,115.7095,329.4061,10.8,A
7,hotel1/memcached-reserve,266.32,7.51,79.27,0.0,0,2054,581.9844,3.3136,329.4061,0.32,A
7,hotel1/memcached-rate,195.13,7.85,79.27,0.0,0,3059,581.9844,2.5575,329.4061,0.259,A
7,hotel1/profile,3048.13,43.39,1119.06,0.0,0,53376,8546.2042,37.8823,329.4061,3.71,A
7,hotel1/mongodb-user,10.0,73.8,400.43,0.0508,8,378,581.9844,2.5575,329.4061,0.0123,A
7,hotel1/mongodb-reservation,44.37,117.5,400.43,0.2148,77,794,581.9844,2.5575,329.4061,0.0616,A
7,hotel1/rate,1681.67,37.09,1119.14,0.0,0,3263,581.9844,20.9132,329.4061,2.14,A
7,hotel1/mongodb-rate,9.62,73.17,400.43,0.0,0,250,581.9844,2.5575,329.4061,0.0,A
7,hotel1/mongodb-profile,10.61,74.14,400.43,0.0469,7,217,581.9844,2.5575,329.4061,0.0,A
7,hotel1/mongodb-geo,9.92,71.38,400.43,0.0508,8,545,581.9844,2.5575,329.4061,0.0,A
7,hotel1/mongodb-recommendation,10.17,71.37,400.43,0.0,0,322,581.9844,2.5575,329.4061,0.0,A
8,hotel1/user,51.55,21.36,1119.06,0.0,0,1427,581.9844,2.5575,349.9755,0.0611,A
8,hotel1/reservation,4367.71,70.11,1119.06,0.0,0,532505,88353.5471,47.5387,349.9755,5.09,A
8,es-stress-d/elasticsearch-dynamic-0,1009.98,90098.82,1414.09,0.0,0,127,581.9844,89.5995,349.9755,1.16,A
8,es-stress-d2/elasticsearch-dynamic-0,1009.95,86267.15,1414.09,0.0,0,101,581.9844,86.2556,349.9755,1.14,A
8,es-stress-d3/elasticsearch-dynamic-0,1011.65,88320.73,1414.09,0.0,0,580,581.9844,88.066,349.9755,1.16,A
8,es-stress-d4/elasticsearch-dynamic-0,1010.13,89942.22,1414.09,0.0,0,722,581.9844,89.4644,349.9755,1.16,A
8,hotel1/consul,27.28,31.02,212.87,0.0,0,4933,818.4863,2.5575,349.9755,0.0245,A
8,hotel1/frontend,9745.46,120.72,1119.14,0.0,0,733880,121765.8072,106.0397,349.9755,11.6,A
8,hotel1/geo,1122.21,27.03,1119.06,0.0,0,2952,581.9844,12.2221,349.9755,1.25,A
8,hotel1/jaeger,0.36,14.89,81.01,0.0,0,0,581.9844,2.5575,2.7184,0.0,A
8,hotel1/memcached-profile,232.88,7.84,79.27,0.0,0,3607,598.4756,2.5575,349.9755,0.245,A
8,hotel1/memcached-rate,211.19,7.83,79.27,0.0,0,3103,581.9844,2.5575,349.9755,0.245,A
8,hotel1/search,2714.41,31.94,1119.06,0.0,0,8563,1420.7781,29.5338,349.9755,3.03,A
8,hotel1/recommendation,641.69,24.38,1119.06,0.0,0,3893,645.9289,6.9965,349.9755,0.77,A
8,hotel1/mongodb-geo,11.41,71.39,400.43,0.0352,1,219,581.9844,2.5575,349.9755,0.0122,A
8,hotel1/mongodb-profile,11.96,74.14,400.43,0.0352,1,219,581.9844,2.5575,349.9755,0.0245,A
8,hotel1/mongodb-rate,10.73,73.17,400.43,0.0352,1,270,581.9844,2.5575,349.9755,0.0122,A
8,hotel1/mongodb-recommendation,11.62,71.38,400.43,0.0352,1,303,581.9844,2.5575,349.9755,0.0245,A
8,hotel1/mongodb-reservation,49.18,117.87,400.43,0.2891,86,1058,581.9844,2.5575,349.9755,0.0489,A
8,hotel1/mongodb-user,11.16,73.8,400.43,0.0352,1,366,581.9844,2.5575,349.9755,0.0,A
8,hotel1/profile,3138.58,42.61,1119.06,0.0,0,40318,6689.5866,34.1539,349.9755,3.79,A
8,hotel1/rate,1857.16,35.64,1119.14,0.0,0,4331,718.6021,20.2187,349.9755,2.15,A
8,hotel1/memcached-reserve,284.07,7.54,79.27,0.0,0,2304,581.9844,3.0945,349.9755,0.318,A
9,hotel1/user,58.21,21.25,1119.06,0.0,0,1702,581.9844,2.5575,351.0709,0.0736,A
9,hotel1/search,2581.91,30.29,1119.06,0.0,0,4785,786.8419,27.0168,351.0709,3.19,A
9,hotel1/reservation,4554.63,77.34,1119.06,0.0,0,604428,99391.7003,47.678,351.0709,5.36,A
9,es-stress-d/elasticsearch-dynamic-0,1011.65,95469.82,1414.09,0.0,0,102,581.9844,86.4534,351.0709,1.14,A
9,es-stress-d2/elasticsearch-dynamic-0,1012.08,91531.65,1414.09,0.0,0,113,581.9844,83.3279,351.0709,1.16,A
9,es-stress-d3/elasticsearch-dynamic-0,1010.39,93641.23,1414.09,0.0,0,811,581.9844,84.9869,351.0709,1.16,A
9,es-stress-d4/elasticsearch-dynamic-0,1011.55,95193.23,1414.09,0.0,0,706,581.9844,86.2325,351.0709,1.15,A
9,hotel1/consul,28.09,31.02,212.87,0.0,0,5057,831.5694,2.5575,351.0709,0.0245,A
9,hotel1/frontend,9727.72,124.04,1119.14,0.0,0,921130,151469.9466,101.7975,351.0709,11.1,A
9,hotel1/geo,1073.36,26.39,1119.06,0.0,0,3107,581.9844,11.2425,351.0709,1.5,A
9,hotel1/memcached-profile,231.39,8.3,79.27,0.0,0,2675,581.9844,2.5575,351.0709,0.307,A
9,hotel1/memcached-rate,214.48,7.66,79.27,0.0,0,2810,581.9844,2.5575,351.0709,0.27,A
9,hotel1/memcached-reserve,269.3,7.56,79.27,0.0,0,2121,581.9844,2.8214,351.0709,0.331,A
9,hotel1/jaeger,0.38,14.89,81.01,0.0,0,0,581.9844,2.5575,2.7184,0.0,A
9,hotel1/mongodb-profile,10.14,74.33,400.43,0.0,0,297,581.9844,2.5575,351.0709,0.0,A
9,hotel1/recommendation,653.74,24.32,1119.06,0.0,0,2738,581.9844,6.8539,351.0709,0.76,A
9,hotel1/mongodb-geo,9.62,71.39,400.43,0.0,0,321,581.9844,2.5575,351.0709,0.0123,A
9,hotel1/profile,3257.71,40.81,1119.06,0.0,0,28040,4610.8772,34.0903,351.0709,3.98,A
9,hotel1/mongodb-user,9.54,73.8,400.43,0.0,0,256,581.9844,2.5575,351.0709,0.0123,A
9,hotel1/rate,1848.35,38.27,1119.14,0.0,0,3523,581.9844,19.3541,351.0709,2.39,A
9,hotel1/mongodb-recommendation,10.03,71.38,400.43,0.0,0,292,581.9844,2.5575,351.0709,0.0245,A
9,hotel1/mongodb-rate,10.25,73.36,400.43,0.0,0,480,581.9844,2.5575,351.0709,0.0245,A
9,hotel1/mongodb-reservation,48.29,117.8,400.43,0.2188,74,1013,581.9844,2.5575,351.0709,0.049,A
10,hotel1/user,58.06,21.77,1119.06,0.0,0,1699,581.9844,2.5575,360.5977,0.0575,A
10,hotel1/search,2825.49,31.29,1119.06,0.0,0,4868,790.3172,28.821,360.5977,3.08,A
10,hotel1/reservation,4603.9,75.31,1119.06,0.0,0,653325,106066.9599,46.9798,360.5977,5.3,A
10,es-stress-d2/elasticsearch-dynamic-0,1008.75,96740.4,1414.09,0.0,0,197,581.9844,83.355,360.5977,1.08,A
10,es-stress-d3/elasticsearch-dynamic-0,1008.43,98888.26,1414.09,0.0,0,845,581.9844,84.9742,360.5977,1.1,A
10,es-stress-d4/elasticsearch-dynamic-0,1009.18,100393.73,1414.09,0.0,0,450,581.9844,86.119,360.5977,1.09,A
10,hotel1/consul,26.28,31.02,212.87,0.0,0,4513,732.6831,2.5575,360.5977,0.0115,A
10,hotel1/frontend,9858.52,118.91,1119.14,0.0,0,673960,109417.041,100.5677,360.5977,11.1,A
10,hotel1/geo,1172.47,28.86,1119.06,0.0,0,3012,581.9844,11.9716,360.5977,1.24,A
10,hotel1/jaeger,0.34,14.89,81.01,0.0,0,0,581.9844,2.5575,2.7184,0.0,A
10,hotel1/memcached-profile,245.26,8.05,79.27,0.0,0,2871,581.9844,2.5575,360.5977,0.276,A
10,hotel1/memcached-rate,219.19,7.61,79.27,0.0,0,3050,581.9844,2.5575,360.5977,0.23,A
10,es-stress-d/elasticsearch-dynamic-0,1009.58,100835.57,1414.09,0.0,0,128,581.9844,86.4568,360.5977,1.08,A
10,hotel1/mongodb-geo,11.37,71.54,400.43,0.0352,1,206,581.9844,2.5575,360.5977,0.0115,A
10,hotel1/mongodb-profile,11.34,74.14,400.43,0.0352,1,235,581.9844,2.5575,360.5977,0.0115,A
10,hotel1/mongodb-rate,11.25,73.17,400.43,0.0352,1,268,581.9844,2.5575,360.5977,0.0115,A
10,hotel1/mongodb-recommendation,12.0,71.38,400.43,0.0352,1,301,581.9844,2.5575,360.5977,0.023,A
10,hotel1/mongodb-reservation,45.29,118.3,400.43,0.2734,82,1118,581.9844,2.5575,360.5977,0.0575,A
10,hotel1/mongodb-user,11.21,73.8,400.43,0.0352,1,338,581.9844,2.5575,360.5977,0.023,A
10,hotel1/profile,3413.74,39.9,1119.06,0.0,0,23963,3890.3801,34.8229,360.5977,4.31,A
10,hotel1/rate,1960.08,38.04,1119.14,0.0,0,4072,661.087,20.0058,360.5977,2.38,A
10,hotel1/recommendation,670.91,23.66,1119.06,0.0,0,4227,686.2512,6.8558,360.5977,0.701,A
10,hotel1/memcached-reserve,288.61,7.28,79.27,0.0,0,2190,581.9844,2.947,360.5977,0.322,A
11,hotel1/user,64.29,21.3,1119.06,0.0,0,3120,581.9844,2.5575,373.5253,0.0855,A
11,es-stress-d/elasticsearch-dynamic-0,1004.71,106208.07,1414.09,0.0,0,123,581.9844,96.6878,373.5253,1.17,A
11,hotel1/search,2840.26,33.38,1119.06,0.0,0,4951,822.894,32.5577,373.5253,2.74,A
11,es-stress-d2/elasticsearch-dynamic-0,1005.11,101975.28,1414.09,0.0117,4,109,581.9844,93.2977,373.5253,1.15,A
11,es-stress-d3/elasticsearch-dynamic-0,1005.96,104185.61,1414.09,0.043,9,499,581.9844,95.0801,373.5253,1.15,A
11,es-stress-d4/elasticsearch-dynamic-0,1004.73,105595.29,1414.09,0.0,0,148,581.9844,96.1966,373.5253,1.15,A
11,hotel1/consul,26.22,31.02,212.87,0.0,0,4311,716.5211,2.5575,373.5253,0.0244,A
11,hotel1/frontend,9568.89,116.94,1119.14,0.0,0,708114,117693.9538,109.691,373.5253,11.3,A
11,hotel1/jaeger,1.67,14.89,81.01,0.0,0,252,581.9844,2.5575,2.7184,0.0,A
11,hotel1/memcached-profile,253.09,8.82,79.27,0.0,0,3106,581.9844,2.9058,373.5253,0.244,A
11,hotel1/memcached-rate,227.19,7.56,79.27,0.0,0,3568,593.0288,2.6082,373.5253,0.244,A
11,hotel1/memcached-reserve,291.97,7.28,79.27,0.0,0,2520,581.9844,3.3499,373.5253,0.305,A
11,hotel1/geo,1173.24,26.6,1119.06,0.0,0,3753,623.7773,13.459,373.5253,1.22,A
11,hotel1/mongodb-profile,9.65,74.14,400.43,0.0,0,220,581.9844,2.5575,373.5253,0.0122,A
11,hotel1/mongodb-geo,9.03,71.39,400.43,0.0,0,590,581.9844,2.5575,373.5253,0.0122,A
11,hotel1/recommendation,718.54,24.4,1119.06,0.0,0,3575,594.1923,8.2494,373.5253,0.684,A
11,hotel1/rate,1979.86,38.87,1119.14,0.0,0,4087,679.2906,22.7075,373.5253,2.13,A
11,hotel1/profile,3430.96,43.41,1119.06,0.0,0,19575,3253.5145,39.3313,373.5253,3.25,A
11,hotel1/reservation,4634.34,71.76,1119.06,0.0,0,642065,106716.1057,53.1369,373.5253,4.29,A
11,hotel1/mongodb-reservation,53.76,118.38,400.43,0.2656,84,873,581.9844,2.5575,373.5253,0.0244,A
11,hotel1/mongodb-recommendation,9.66,71.38,400.43,0.0,0,459,581.9844,2.5575,373.5253,0.0,A
11,hotel1/mongodb-rate,10.2,73.17,400.43,0.0,0,220,581.9844,2.5575,373.5253,0.0122,A
11,hotel1/mongodb-user,9.03,73.8,400.43,0.0,0,244,581.9844,2.5575,373.5253,0.0,A
12,hotel1/user,59.54,21.59,1119.06,0.0,0,1741,581.9844,2.5575,360.8781,0.0675,A
12,hotel1/search,2613.1,28.2,1119.06,0.0,0,4727,788.7958,29.6957,360.8781,3.2,A
12,hotel1/recommendation,675.84,25.49,1119.06,0.0,0,4025,671.6529,7.6939,360.8781,0.783,A
12,es-stress-d/elasticsearch-dynamic-0,1011.78,111624.73,1414.09,0.0273,9,126,581.9844,94.6702,360.8781,1.27,A
12,es-stress-d2/elasticsearch-dynamic-0,1012.26,107222.03,1414.09,0.0156,5,112,581.9844,91.3949,360.8781,1.28,A
12,es-stress-d3/elasticsearch-dynamic-0,1010.64,109458.47,1414.09,0.0078,4,1480,581.9844,93.043,360.8781,1.3,A
12,es-stress-d4/elasticsearch-dynamic-0,1011.37,110796.22,1414.09,0.0273,9,394,581.9844,94.0482,360.8781,1.28,A
12,hotel1/consul,27.33,31.02,212.87,0.0,0,4548,758.9261,2.5575,360.8781,0.027,A
12,hotel1/frontend,9701.04,130.88,1119.14,0.0,0,712799,118944.9741,110.2636,360.8781,12.5,A
12,hotel1/geo,1096.75,27.84,1119.06,0.0,0,3327,581.9844,12.4756,360.8781,1.35,A
12,hotel1/jaeger,0.29,14.89,81.01,0.0,0,0,581.9844,2.5575,2.7184,0.0,A
12,hotel1/memcached-profile,233.3,7.86,79.27,0.0,0,2979,581.9844,2.6552,360.8781,0.297,A
12,hotel1/reservation,4555.27,69.71,1119.06,0.0,0,578809,96586.0243,51.7821,360.8781,4.89,A
12,hotel1/memcached-reserve,282.05,7.2,79.27,0.0,0,1885,581.9844,3.2084,360.8781,0.378,A
12,hotel1/mongodb-geo,10.94,71.39,400.43,0.0352,1,290,581.9844,2.5575,360.8781,0.0,A
12,hotel1/mongodb-profile,10.79,74.14,400.43,0.0352,1,258,581.9844,2.5575,360.8781,0.0135,A
12,hotel1/mongodb-rate,11.66,73.17,400.43,0.0352,1,254,581.9844,2.5575,360.8781,0.027,A
12,hotel1/mongodb-recommendation,10.07,71.38,400.43,0.0352,1,343,581.9844,2.5575,360.8781,0.0135,A
12,hotel1/mongodb-reservation,46.91,118.53,400.43,0.2695,81,924,581.9844,2.5575,360.8781,0.081,A
12,hotel1/mongodb-user,10.62,73.8,400.43,0.0352,1,351,581.9844,2.5575,360.8781,0.0,A
12,hotel1/profile,3491.0,40.59,1119.06,0.0,0,65441,10920.1585,39.6744,360.8781,4.12,A
12,hotel1/rate,1784.03,38.27,1119.14,0.0,0,3800,634.1071,20.2882,360.8781,2.31,A
12,hotel1/memcached-rate,208.19,8.09,79.27,0.0,0,3413,581.9844,2.5575,360.8781,0.256,A
13,hotel1/search,2777.71,32.5,1119.06,0.0,0,5302,891.298,28.9359,357.6083,2.73,A
13,hotel1/user,61.61,21.34,1119.06,0.0,0,1964,581.9844,2.5575,357.6083,0.0488,A
13,hotel1/reservation,4543.24,86.71,1119.06,0.0,0,554717,93251.2501,47.3497,357.6083,4.83,A
13,es-stress-d/elasticsearch-dynamic-0,1008.2,116995.48,1414.09,0.0,0,118,581.9844,87.0667,357.6083,1.18,A
13,es-stress-d2/elasticsearch-dynamic-0,1008.2,112435.03,1414.09,0.0,0,102,581.9844,84.082,357.6083,1.16,A
13,es-stress-d3/elasticsearch-dynamic-0,1009.37,114970.22,1414.09,0.0,0,428,581.9844,85.7534,357.6083,1.15,A
13,es-stress-d4/elasticsearch-dynamic-0,1008.44,115979.22,1414.09,0.0,0,183,581.9844,86.4041,357.6083,1.16,A
13,hotel1/consul,28.44,31.02,212.87,0.0,0,4039,678.9801,2.5575,357.6083,0.0244,A
13,hotel1/geo,1146.6,27.61,1119.06,0.0,0,3180,581.9844,11.9536,357.6083,1.24,A
13,hotel1/jaeger,0.31,14.89,81.01,0.0,0,0,581.9844,2.5575,2.7184,0.0,A
13,hotel1/memcached-profile,240.43,8.27,79.27,0.0,0,2697,581.9844,2.5575,357.6083,0.268,A
13,hotel1/memcached-rate,218.79,7.81,79.27,0.0,0,2632,581.9844,2.5575,357.6083,0.244,A
13,hotel1/frontend,9449.98,115.36,1119.14,0.0,0,706993,118849.7578,98.4453,357.6083,10.7,A
13,hotel1/mongodb-geo,8.88,71.57,400.43,0.0,0,295,581.9844,2.5575,357.6083,0.0,A
13,hotel1/memcached-reserve,297.15,9.25,79.27,0.0,0,1997,581.9844,3.0992,357.6083,0.305,A
13,hotel1/rate,1957.05,36.3,1119.14,0.0,0,3415,581.9844,20.3957,357.6083,2.07,A
13,hotel1/profile,3471.16,41.3,1119.06,0.0,0,22791,3831.3036,36.1602,357.6083,3.43,A
13,hotel1/mongodb-user,9.87,73.8,400.43,0.0,0,309,581.9844,2.5575,357.6083,0.0,A
13,hotel1/recommendation,677.55,23.45,1119.06,0.0,0,3257,581.9844,7.0683,357.6083,0.769,A
13,hotel1/mongodb-recommendation,10.97,71.38,400.43,0.0,0,334,581.9844,2.5575,357.6083,0.0122,A
13,hotel1/mongodb-rate,9.31,73.36,400.43,0.0,0,318,581.9844,2.5575,357.6083,0.0122,A
13,hotel1/mongodb-profile,10.51,74.33,400.43,0.0,0,285,581.9844,2.5575,357.6083,0.0122,A
13,hotel1/mongodb-reservation,51.05,118.62,400.43,0.2461,81,879,581.9844,2.5575,357.6083,0.0244,A
14,hotel1/user,59.67,21.05,1119.06,0.0,0,1806,581.9844,2.5575,341.164,0.0724,A
14,hotel1/search,2659.14,32.79,1119.06,0.0,0,4063,641.1611,28.9257,341.164,3.21,A
14,hotel1/recommendation,678.8,23.14,1119.06,0.0,0,3321,581.9844,7.3933,341.164,0.784,A
14,es-stress-d/elasticsearch-dynamic-0,1015.31,122361.29,1414.09,0.0,0,135,581.9844,89.3266,341.164,1.12,A
14,es-stress-d2/elasticsearch-dynamic-0,1015.98,117677.65,1414.09,0.0,0,100,581.9844,86.3371,341.164,1.13,A
14,es-stress-d3/elasticsearch-dynamic-0,1018.7,120841.02,1414.09,0.0,0,311,581.9844,88.3907,341.164,1.13,A
14,es-stress-d4/elasticsearch-dynamic-0,1016.19,121218.34,1414.09,0.0,0,425,581.9844,88.6049,341.164,1.13,A
14,hotel1/consul,26.78,31.02,212.87,0.0,0,4023,634.8489,2.5575,341.164,0.0241,A
14,hotel1/frontend,9706.02,115.12,1119.14,0.0,0,872596,137699.8881,105.5778,341.164,11.1,A
14,hotel1/geo,1120.33,28.43,1119.06,0.0,0,2982,581.9844,12.1961,341.164,1.39,A
14,hotel1/jaeger,0.34,14.89,81.01,0.0,0,0,581.9844,2.5575,2.7184,0.0121,A
14,hotel1/memcached-profile,232.04,9.07,79.27,0.0,0,3325,581.9844,2.5575,341.164,0.29,A
14,hotel1/reservation,4248.53,73.69,1119.06,0.0,0,514614,81208.5893,46.2285,341.164,5.42,A
14,hotel1/memcached-reserve,286.93,7.21,79.27,0.0,0,2059,581.9844,3.1235,341.164,0.326,A
14,hotel1/mongodb-geo,14.17,71.54,400.43,0.0352,1,234,581.9844,2.5575,341.164,0.0,A
14,hotel1/mongodb-profile,13.19,74.14,400.43,0.0352,1,192,581.9844,2.5575,341.164,0.0121,A
14,hotel1/mongodb-rate,10.13,73.17,400.43,0.0352,1,222,581.9844,2.5575,341.164,0.0121,A
14,hotel1/mongodb-recommendation,12.15,71.38,400.43,0.0352,1,308,581.9844,2.5575,341.164,0.0241,A
14,hotel1/mongodb-reservation,46.56,119.17,400.43,0.2734,83,912,581.9844,2.5575,341.164,0.0483,A
14,hotel1/mongodb-user,13.65,73.8,400.43,0.0352,1,303,581.9844,2.5575,341.164,0.0121,A
14,hotel1/profile,3250.88,46.4,1119.06,0.0,0,51501,8127.108,35.3666,341.164,4.03,A
14,hotel1/rate,1775.64,44.07,1119.14,0.0,0,4007,632.3241,19.3293,341.164,2.02,A
14,hotel1/memcached-rate,211.34,7.57,79.27,0.0,0,3507,581.9844,2.5575,341.164,0.253,A
15,hotel1/user,60.61,21.3,1119.06,0.0,0,1919,581.9844,2.5575,341.226,0.0899,A
15,hotel1/search,2665.27,33.62,1119.06,0.0,0,4552,752.7877,28.3151,341.226,3.56,A
15,hotel1/recommendation,653.63,24.67,1119.06,0.0,0,3096,581.9844,6.9539,341.226,0.95,A
15,hotel1/reservation,4417.77,80.15,1119.06,0.0,0,588196,97273.0045,46.9478,341.226,5.47,A
15,es-stress-d/elasticsearch-dynamic-0,1005.07,127697.42,1414.09,0.0039,2,127,581.9844,87.6286,341.226,1.21,A
15,es-stress-d2/elasticsearch-dynamic-0,1004.77,122852.03,1414.09,0.0039,2,124,581.9844,84.7053,341.226,1.21,A
15,es-stress-d3/elasticsearch-dynamic-0,1003.07,126706.75,1414.09,0.0,0,365,581.9844,87.0103,341.226,1.19,A
15,es-stress-d4/elasticsearch-dynamic-0,1003.38,126383.41,1414.09,0.0078,4,375,581.9844,86.8187,341.226,1.19,A
15,hotel1/consul,27.8,31.02,212.87,0.0,0,4539,750.6378,2.5575,341.226,0.0257,A
15,hotel1/geo,1093.45,26.36,1119.06,0.0,0,3229,581.9844,11.6241,341.226,1.52,A
15,hotel1/jaeger,0.35,14.89,81.01,0.0,0,0,581.9844,2.5575,2.7184,0.0,A
15,hotel1/memcached-profile,231.12,8.32,79.27,0.0,0,3254,581.9844,2.5575,341.226,0.308,A
15,hotel1/frontend,9755.95,109.62,1119.14,0.0,0,705634,116694.3319,103.6363,341.226,11.8,A
15,hotel1/memcached-reserve,284.99,7.72,79.27,0.0,0,2017,581.9844,3.0301,341.226,0.398,A
15,hotel1/memcached-rate,211.57,7.83,79.27,0.0,0,3190,581.9844,2.5575,341.226,0.27,A
15,hotel1/profile,3300.35,40.36,1119.06,0.0,0,47245,7813.1492,35.0612,341.226,4.12,A
15,hotel1/mongodb-user,10.18,73.99,400.43,0.0,0,362,581.9844,2.5575,341.226,0.0128,A
15,hotel1/mongodb-reservation,51.99,119.2,400.43,0.2383,80,917,581.9844,2.5575,341.226,0.0642,A
15,hotel1/rate,1820.48,37.09,1119.14,0.0,0,3375,581.9844,19.3488,341.226,2.63,A
15,hotel1/mongodb-rate,11.07,73.32,400.43,0.0,0,220,581.9844,2.5575,341.226,0.0257,A
15,hotel1/mongodb-profile,9.94,74.14,400.43,0.0,0,277,581.9844,2.5575,341.226,0.0128,A
15,hotel1/mongodb-geo,9.49,71.57,400.43,0.0,0,381,581.9844,2.5575,341.226,0.0128,A
15,hotel1/mongodb-recommendation,11.33,71.53,400.43,0.0,0,218,581.9844,2.5575,341.226,0.0257,A
16,hotel1/user,67.23,20.83,1119.06,0.0,0,1762,581.9844,2.5575,350.7731,0.0814,A
16,hotel1/reservation,4450.62,76.89,1119.06,0.0,0,586586,96118.1378,47.3913,350.7731,5.05,A
16,es-stress-d/elasticsearch-dynamic-0,1011.69,133074.92,1414.09,0.0,0,124,581.9844,88.3222,350.7731,1.07,A
16,es-stress-d2/elasticsearch-dynamic-0,1010.16,128081.03,1414.09,0.0,0,118,581.9844,85.3953,350.7731,1.12,A
16,es-stress-d3/elasticsearch-dynamic-0,1010.36,132431.41,1414.09,0.0,0,327,581.9844,87.933,350.7731,1.1,A
16,es-stress-d4/elasticsearch-dynamic-0,1010.82,131644.38,1414.09,0.0,0,1099,581.9844,87.4792,350.7731,1.1,A
16,hotel1/consul,26.18,31.02,212.87,0.0,0,3476,581.9844,2.5575,350.7731,0.0349,A
16,hotel1/frontend,9676.0,116.91,1119.14,0.0,0,700459,114777.3978,103.0032,350.7731,10.7,A
16,hotel1/geo,1144.04,26.34,1119.06,0.0,0,2739,581.9844,12.1859,350.7731,1.3,A
16,hotel1/jaeger,0.35,14.89,81.01,0.0,0,0,581.9844,2.5575,2.7184,0.0,A
16,hotel1/memcached-profile,244.03,9.53,79.27,0.0,0,3434,581.9844,2.6016,350.7731,0.267,A
16,hotel1/memcached-rate,207.81,7.62,79.27,0.0,0,4371,716.2332,2.5575,350.7731,0.279,A
16,hotel1/search,2638.33,31.73,1119.06,0.0,0,4992,817.9904,28.0855,350.7731,3.22,A
16,hotel1/recommendation,681.54,24.43,1119.06,0.0,0,3102,581.9844,7.2646,350.7731,0.779,A
16,hotel1/mongodb-geo,10.99,71.39,400.43,0.0,0,272,581.9844,2.5575,350.7731,0.0,A
16,hotel1/mongodb-profile,12.07,74.14,400.43,0.0,0,282,581.9844,2.5575,350.7731,0.0,A
16,hotel1/mongodb-rate,9.89,73.17,400.43,0.0,0,236,581.9844,2.5575,350.7731,0.0232,A
16,hotel1/mongodb-recommendation,9.4,71.38,400.43,0.0,0,230,581.9844,2.5575,350.7731,0.0232,A
16,hotel1/mongodb-reservation,54.74,119.32,400.43,0.2773,91,1174,581.9844,2.5575,350.7731,0.0581,A
16,hotel1/mongodb-user,12.28,73.99,400.43,0.0,0,398,581.9844,2.5575,350.7731,0.0116,A
16,hotel1/profile,3337.1,42.22,1119.06,0.0,0,64441,10559.3194,35.5253,350.7731,4.38,A
16,hotel1/rate,1917.38,38.64,1119.14,0.0,0,4126,676.0875,20.42,350.7731,2.43,A
16,hotel1/memcached-reserve,283.68,9.51,79.27,0.0,0,2017,581.9844,3.0234,350.7731,0.349,A
17,hotel1/user,57.53,21.73,1119.06,0.0,0,2310,581.9844,2.5575,334.1049,0.086,A
17,hotel1/search,2514.07,34.13,1119.06,0.0,0,4298,746.0768,30.2958,334.1049,3.12,A
17,hotel1/reservation,4252.32,71.57,1119.06,0.0,0,684206,118769.2512,51.2511,334.1049,5.56,A
17,es-stress-d/elasticsearch-dynamic-0,1005.39,138437.92,1414.09,0.0,0,109,581.9844,96.8331,334.1049,1.17,A
17,es-stress-d2/elasticsearch-dynamic-0,1005.06,133298.28,1414.09,0.0156,2,260,581.9844,93.6836,334.1049,1.17,A
17,es-stress-d3/elasticsearch-dynamic-0,1005.16,137780.11,1414.09,0.0234,10,1088,581.9844,96.4277,334.1049,1.17,A
17,es-stress-d4/elasticsearch-dynamic-0,1004.96,136967.0,1414.09,0.0,0,821,581.9844,95.9277,334.1049,1.19,A
17,hotel1/consul,28.26,31.02,212.87,0.0,0,4244,736.7031,2.5575,334.1049,0.0368,A
17,hotel1/frontend,9679.87,120.31,1119.14,0.0,0,831838,144396.2438,116.6405,334.1049,10.0,A
17,hotel1/jaeger,0.28,14.89,81.01,0.0,0,0,581.9844,2.5575,2.7184,0.0,A
17,hotel1/memcached-profile,217.33,8.79,79.27,0.0,0,2623,581.9844,2.6225,334.1049,0.258,A
17,hotel1/memcached-rate,190.12,7.61,79.27,0.0,0,6328,1098.4584,2.5575,334.1049,0.246,A
17,hotel1/memcached-reserve,273.15,7.77,79.27,0.0,0,1895,581.9844,3.2941,334.1049,0.332,A
17,hotel1/geo,1038.95,27.39,1119.06,0.0,0,2922,581.9844,12.528,334.1049,1.31,A
17,hotel1/mongodb-profile,10.17,74.32,400.43,0.0,0,395,581.9844,2.5575,334.1049,0.0123,A
17,hotel1/mongodb-geo,9.45,71.39,400.43,0.0,0,231,581.9844,2.5575,334.1049,0.0123,A
17,hotel1/rate,1745.41,38.18,1119.14,0.0,0,3915,679.593,21.0419,334.1049,2.42,A
17,hotel1/profile,3072.18,42.43,1119.06,0.0,0,41019,7120.3642,37.0218,334.1049,4.32,A
17,hotel1/mongodb-user,9.95,73.8,400.43,0.0,0,409,581.9844,2.5575,334.1049,0.0123,A
17,hotel1/recommendation,631.55,25.0,1119.06,0.0,0,3751,651.1248,7.6205,334.1049,0.81,A
17,hotel1/mongodb-recommendation,9.47,71.38,400.43,0.0,0,416,581.9844,2.5575,334.1049,0.0123,A
17,hotel1/mongodb-rate,10.08,73.17,400.43,0.0,0,297,581.9844,2.5575,334.1049,0.0123,A
17,hotel1/mongodb-reservation,50.42,119.68,400.43,0.2461,79,1207,581.9844,2.5575,334.1049,0.0491,A
18,hotel1/user,55.13,21.3,1119.06,0.0,0,1357,581.9844,2.5575,346.8975,0.086,A
18,hotel1/search,2595.55,29.9,1119.06,0.0,0,4381,767.2775,30.0664,346.8975,3.38,A
18,hotel1/reservation,4555.51,78.12,1119.06,0.0,0,650130,113862.1562,52.7851,346.8975,5.45,A
18,es-stress-d2/elasticsearch-dynamic-0,1015.25,138549.33,1414.09,0.0,0,130,581.9844,92.5212,346.8975,1.14,A
18,es-stress-d3/elasticsearch-dynamic-0,1015.65,143168.09,1414.09,0.0,0,406,581.9844,95.2183,346.8975,1.13,A
18,es-stress-d4/elasticsearch-dynamic-0,1014.85,142318.96,1414.09,0.0,0,469,581.9844,94.7141,346.8975,1.14,A
18,hotel1/consul,26.04,31.02,212.87,0.0,0,3633,636.2746,2.5575,346.8975,0.0368,A
18,hotel1/frontend,9765.13,120.17,1119.14,0.0,0,753633,131989.4149,113.1219,346.8975,11.1,A
18,hotel1/jaeger,0.32,14.89,81.01,0.0,0,0,581.9844,2.5575,2.7184,0.0,A
18,hotel1/memcached-profile,233.84,8.3,79.27,0.0,0,3473,608.2526,2.712,346.8975,0.282,A
18,hotel1/memcached-rate,204.12,8.05,79.27,0.0,0,3362,588.8123,2.5575,346.8975,0.27,A
18,hotel1/memcached-reserve,266.31,7.34,79.27,0.0,0,2156,581.9844,3.0874,346.8975,0.332,A
18,hotel1/geo,1073.07,26.12,1119.06,0.0,0,3418,598.62,12.4383,346.8975,1.36,A
18,hotel1/mongodb-profile,10.19,74.16,400.43,0.0,0,224,581.9844,2.5575,346.8975,0.0,A
18,hotel1/mongodb-geo,10.53,71.41,400.43,0.0,0,223,581.9844,2.5575,346.8975,0.0,A
18,hotel1/rate,1829.29,39.2,1119.14,0.0,0,4039,707.3804,21.2007,346.8975,2.33,A
18,hotel1/profile,3221.36,40.53,1119.06,0.0,0,15717,2752.6364,37.3176,346.8975,3.81,A
18,es-stress-d/elasticsearch-dynamic-0,1015.76,143796.67,1414.09,0.0,0,124,581.9844,95.586,346.8975,1.14,A
18,hotel1/recommendation,654.22,24.3,1119.06,0.0,0,3276,581.9844,7.5881,346.8975,0.786,A
18,hotel1/mongodb-reservation,44.64,120.31,400.43,1.4023,110,1281,581.9844,2.5575,346.8975,0.0491,A
18,hotel1/mongodb-recommendation,11.2,71.39,400.43,0.0469,9,498,581.9844,2.5575,346.8975,0.0246,A
18,hotel1/mongodb-rate,10.95,73.38,400.43,0.0508,9,282,581.9844,2.5575,346.8975,0.0246,A
18,hotel1/mongodb-user,10.7,73.99,400.43,0.0,0,372,581.9844,2.5575,346.8975,0.0123,A
19,hotel1/user,55.88,21.32,1119.06,0.0,0,1984,581.9844,2.5575,361.6485,0.0546,A
19,hotel1/mongodb-reservation,44.63,120.63,400.43,0.2266,78,960,581.9844,2.5575,361.6485,0.0328,A
19,hotel1/reservation,4508.43,78.7,1119.06,0.0,0,646910,112142.9585,54.8004,361.6485,4.56,A
19,es-stress-d/elasticsearch-dynamic-0,1003.44,149128.17,1414.09,0.0195,8,122,581.9844,101.0118,361.6485,1.02,A
19,es-stress-d2/elasticsearch-dynamic-0,1003.57,143767.58,1414.09,0.0078,4,624,581.9844,97.8204,361.6485,1.02,A
19,es-stress-d3/elasticsearch-dynamic-0,1003.2,148493.34,1414.09,0.0,0,963,581.9844,100.6307,361.6485,1.02,A
19,es-stress-d4/elasticsearch-dynamic-0,1002.92,147657.98,1414.09,0.0195,8,222,581.9844,100.1298,361.6485,1.03,A
19,hotel1/consul,27.09,31.02,212.87,0.0,0,4688,812.6728,2.5575,361.6485,0.0328,A
19,hotel1/frontend,9616.59,113.84,1119.14,0.0,0,682613,118332.1348,116.8583,361.6485,10.2,A
19,hotel1/search,2642.21,33.35,1119.06,0.0,0,4870,844.2229,32.1087,361.6485,3.11,A
19,hotel1/jaeger,0.4,14.89,81.01,0.0,0,0,581.9844,2.5575,2.7184,0.0,A
19,hotel1/memcached-profile,247.38,8.26,79.27,0.0,0,2891,581.9844,3.0093,361.6485,0.251,A
19,hotel1/memcached-rate,220.62,7.56,79.27,0.0,0,2727,581.9844,2.6839,361.6485,0.24,A
19,hotel1/geo,1113.94,27.53,1119.06,0.0,0,2941,581.9844,13.5449,361.6485,1.28,A
19,hotel1/mongodb-geo,10.33,71.41,400.43,0.0469,9,299,581.9844,2.5575,361.6485,0.0109,A
19,hotel1/memcached-reserve,279.65,8.74,79.27,0.0,0,1903,581.9844,3.4015,361.6485,0.306,A
19,hotel1/rate,1998.72,37.95,1119.14,0.0,0,3426,593.903,24.2964,361.6485,2.23,A
19,hotel1/profile,3414.26,41.41,1119.06,0.0,0,14539,2520.3606,41.4898,361.6485,4.06,A
19,hotel1/mongodb-user,9.91,74.0,400.43,0.0469,9,304,581.9844,2.5575,361.6485,0.0218,A
19,hotel1/recommendation,701.44,23.9,1119.06,0.0,0,3177,581.9844,8.533,361.6485,0.71,A
19,hotel1/mongodb-recommendation,10.14,71.58,400.43,0.0,0,405,581.9844,2.5575,361.6485,0.0,A
19,hotel1/mongodb-rate,10.15,73.19,400.43,0.0,0,273,581.9844,2.5575,361.6485,0.0109,A
19,hotel1/mongodb-profile,10.42,74.34,400.43,0.043,7,353,581.9844,2.5575,361.6485,0.0109,A
20,hotel1/user,63.88,21.35,1119.06,0.0,0,2313,581.9844,2.5575,346.9679,0.098,A
20,hotel1/search,2571.42,34.91,1119.06,0.0,0,4941,797.0875,26.4528,346.9679,3.5,A
20,hotel1/reservation,4410.46,79.03,1119.06,0.0,0,583838,94185.3772,45.3806,346.9679,5.71,A
20,es-stress-d/elasticsearch-dynamic-0,1010.62,154496.98,1414.09,0.0,0,125,581.9844,83.9967,346.9679,1.14,A
20,es-stress-d2/elasticsearch-dynamic-0,1010.91,149016.64,1414.09,0.0,0,407,581.9844,81.3887,346.9679,1.15,A
20,es-stress-d3/elasticsearch-dynamic-0,1011.26,153877.78,1414.09,0.0,0,779,581.9844,83.7082,346.9679,1.16,A
20,es-stress-d4/elasticsearch-dynamic-0,1010.64,153019.59,1414.09,0.0,0,151,581.9844,83.293,346.9679,1.16,A
20,hotel1/consul,26.48,31.02,212.87,0.0,0,4615,744.4968,2.5575,346.9679,0.0368,A
20,hotel1/geo,1088.34,26.12,1119.06,0.0,0,3266,581.9844,11.2014,346.9679,1.45,A
20,hotel1/jaeger,0.34,14.89,81.01,0.0,0,0,581.9844,2.5575,2.7184,0.0,A
20,hotel1/memcached-profile,233.64,9.03,79.27,0.0,0,3136,581.9844,2.5575,346.9679,0.319,A
20,hotel1/memcached-rate,208.43,7.64,79.27,0.0,0,3766,607.5352,2.5575,346.9679,0.294,A
20,hotel1/frontend,9704.16,112.93,1119.14,0.0,0,738901,119200.308,99.82,346.9679,11.4,A
20,hotel1/mongodb-geo,10.39,71.41,400.43,0.0156,1,301,581.9844,2.5575,346.9679,0.0,A
20,hotel1/memcached-reserve,281.78,7.58,79.27,0.0,0,2473,581.9844,2.9005,346.9679,0.368,A
20,hotel1/rate,1751.56,36.38,1119.14,0.0,0,3959,638.6702,18.0247,346.9679,2.5,A
20,hotel1/profile,3173.3,42.05,1119.06,0.0,0,37793,6096.8076,32.644,346.9679,3.87,A
20,hotel1/mongodb-user,10.36,73.99,400.43,0.0156,1,290,581.9844,2.5575,346.9679,0.0,A
20,hotel1/recommendation,663.91,25.27,1119.06,0.0,0,3886,626.8937,6.8375,346.9679,0.87,A
20,hotel1/mongodb-recommendation,11.13,71.58,400.43,0.0156,1,328,581.9844,2.5575,346.9679,0.0,A
20,hotel1/mongodb-rate,9.82,73.19,400.43,0.0156,1,159,581.9844,2.5575,346.9679,0.0123,A
20,hotel1/mongodb-profile,10.15,74.16,400.43,0.0156,1,239,581.9844,2.5575,346.9679,0.0,A
20,hotel1/mongodb-reservation,57.74,120.38,400.43,0.2812,82,954,581.9844,2.5575,346.9679,0.0613,A
21,hotel1/user,63.76,21.61,1119.06,0.0,0,2059,581.9844,2.5575,359.2444,0.0728,A
21,hotel1/search,2675.77,32.75,1119.06,0.0,0,4631,760.0907,29.0263,359.2444,2.9,A
21,hotel1/reservation,4378.45,75.28,1119.06,0.0,0,740284,121503.5619,47.5072,359.2444,5.0,A
21,es-stress-d2/elasticsearch-dynamic-0,1007.28,154253.39,1414.09,0.0,0,115,581.9844,86.1061,359.2444,1.17,A
21,es-stress-d3/elasticsearch-dynamic-0,1007.55,159183.85,1414.09,0.0039,2,588,581.9844,88.5122,359.2444,1.15,A
21,es-stress-d4/elasticsearch-dynamic-0,1006.82,158283.09,1414.09,0.0,0,116,581.9844,88.0652,359.2444,1.14,A
21,hotel1/consul,28.55,31.02,212.87,0.0,0,5215,855.9432,2.5575,359.2444,0.0364,A
21,hotel1/frontend,9633.87,114.24,1119.14,0.0,0,704745,115670.5099,104.5047,359.2444,10.7,A
21,hotel1/geo,1129.7,25.27,1119.06,0.0,0,2866,581.9844,12.2604,359.2444,1.23,A
21,hotel1/jaeger,0.4,14.89,81.01,0.0,0,0,581.9844,2.5575,2.7184,0.0,A
21,hotel1/memcached-profile,237.87,9.05,79.27,0.0,0,2357,581.9844,2.5834,359.2444,0.267,A
21,hotel1/memcached-rate,209.32,7.59,79.27,0.0,0,2769,581.9844,2.5575,359.2444,0.219,A
21,es-stress-d/elasticsearch-dynamic-0,1007.19,159783.98,1414.09,0.0,0,110,581.9844,88.8008,359.2444,1.15,A
21,hotel1/mongodb-geo,9.61,71.59,400.43,0.0,0,315,581.9844,2.5575,359.2444,0.0121,A
21,hotel1/mongodb-profile,9.94,74.34,400.43,0.0,0,295,581.9844,2.5575,359.2444,0.0243,A
21,hotel1/mongodb-rate,9.74,73.19,400.43,0.0,0,289,581.9844,2.5575,359.2444,0.0121,A
21,hotel1/mongodb-recommendation,10.34,71.58,400.43,0.0,0,381,581.9844,2.5575,359.2444,0.0121,A
21,hotel1/mongodb-reservation,49.35,120.58,400.43,0.2227,73,933,581.9844,2.5575,359.2444,0.0364,A
21,hotel1/mongodb-user,10.24,73.82,400.43,0.0,0,300,581.9844,2.5575,359.2444,0.0121,A
21,hotel1/profile,3183.29,42.77,1119.06,0.0,0,21869,3589.3811,34.5336,359.2444,3.79,A
21,hotel1/rate,1806.1,38.54,1119.14,0.0,0,4048,664.4023,19.6003,359.2444,1.82,A
21,hotel1/recommendation,679.69,25.32,1119.06,0.0,0,3266,581.9844,7.3814,359.2444,0.728,A
21,hotel1/memcached-reserve,277.39,7.52,79.27,0.0,0,1933,581.9844,3.0111,359.2444,0.279,A
22,hotel1/user,60.33,22.07,1119.06,0.0,0,2320,581.9844,2.5575,354.9361,0.0557,A
22,es-stress-d/elasticsearch-dynamic-0,1009.83,165116.23,1414.09,0.0039,2,413,581.9844,89.8291,354.9361,1.07,A
22,es-stress-d2/elasticsearch-dynamic-0,1009.77,159443.89,1414.09,0.0,0,133,581.9844,87.1241,354.9361,1.06,A
22,es-stress-d3/elasticsearch-dynamic-0,1009.57,164534.42,1414.09,0.0,0,789,581.9844,89.5488,354.9361,1.05,A
22,es-stress-d4/elasticsearch-dynamic-0,1009.5,163624.9,1414.09,0.0,0,409,581.9844,89.1145,354.9361,1.05,A
22,hotel1/consul,28.71,31.02,212.87,0.0,0,3834,640.6227,2.5575,354.9361,0.0334,A
22,hotel1/frontend,9531.83,116.05,1119.14,0.0,0,768412,128393.891,104.9173,354.9361,10.7,A
22,hotel1/geo,1139.3,29.87,1119.06,0.0,0,3057,581.9844,12.548,354.9361,1.07,A
22,hotel1/jaeger,0.4,14.89,81.01,0.0,0,0,581.9844,2.5575,2.7184,0.0,A
22,hotel1/memcached-profile,240.64,8.58,79.27,0.0,0,4171,696.932,2.6514,354.9361,0.245,A
22,hotel1/memcached-rate,206.96,7.64,79.27,0.0,0,3544,592.1666,2.5575,354.9361,0.201,A
22,hotel1/memcached-reserve,291.97,8.74,79.27,0.0,0,2340,581.9844,3.2162,354.9361,0.267,A
22,hotel1/search,2604.86,32.39,1119.06,0.0,0,4946,826.4267,28.6721,354.9361,2.49,A
22,hotel1/mongodb-profile,10.72,74.33,400.43,0.0156,1,261,581.9844,2.5575,354.9361,0.0111,A
22,hotel1/mongodb-rate,10.03,73.19,400.43,0.0547,3,308,581.9844,2.5575,354.9361,0.0111,A
22,hotel1/mongodb-recommendation,10.86,71.39,400.43,0.0586,3,451,581.9844,2.5575,354.9361,0.0223,A
22,hotel1/mongodb-reservation,56.67,120.84,400.43,0.2852,87,1193,581.9844,2.5575,354.9361,0.0446,A
22,hotel1/mongodb-user,9.93,73.82,400.43,0.0195,1,279,581.9844,2.5575,354.9361,0.0223,A
22,hotel1/profile,3116.22,42.48,1119.06,0.0,0,33735,5636.7781,34.3026,354.9361,3.38,A
22,hotel1/rate,1840.19,37.48,1119.14,0.0,0,4119,688.2433,20.2623,354.9361,1.65,A
22,hotel1/recommendation,665.4,22.89,1119.06,0.0,0,3432,581.9844,7.3311,354.9361,0.68,A
22,hotel1/reservation,4453.15,71.89,1119.06,0.0,0,545981,91227.9155,49.0245,354.9361,4.42,A
22,hotel1/mongodb-geo,9.95,71.58,400.43,0.0195,1,254,581.9844,2.5575,354.9361,0.0223,A
23,hotel1/search,2665.12,30.75,1119.06,0.0,0,4914,859.4637,48.256,355.3047,3.3,A
23,hotel1/mongodb-reservation,47.39,120.98,400.43,0.2812,82,964,581.9844,2.5575,355.3047,0.0612,A
23,hotel1/reservation,4559.6,83.46,1119.06,0.0,0,606427,106064.7072,82.5827,355.3047,5.74,A
23,es-stress-d/elasticsearch-dynamic-0,1007.91,170352.02,1414.09,0.0,0,515,581.9844,152.4641,355.3047,1.15,A
23,es-stress-d2/elasticsearch-dynamic-0,1008.4,164650.4,1414.09,0.0039,2,126,581.9844,147.9805,355.3047,1.15,A
23,es-stress-d3/elasticsearch-dynamic-0,1009.06,169833.93,1414.09,0.0,0,448,581.9844,152.0767,355.3047,1.15,A
23,es-stress-d4/elasticsearch-dynamic-0,1007.83,168995.16,1414.09,0.0039,2,417,581.9844,151.3935,355.3047,1.16,A
23,hotel1/consul,29.47,31.02,212.87,0.0,0,3998,699.2543,2.5575,355.3047,0.0367,A
23,hotel1/user,64.12,22.07,1119.06,0.0,0,1813,581.9844,2.5575,355.3047,0.0734,A
23,hotel1/geo,1161.09,28.14,1119.06,0.0,0,3358,587.3177,21.0349,355.3047,1.31,A
23,hotel1/jaeger,0.27,14.89,81.01,0.0,0,0,581.9844,2.5575,2.7184,0.0,A
23,hotel1/memcached-profile,240.5,8.54,79.27,0.0,0,2758,581.9844,4.3592,355.3047,0.318,A
23,hotel1/memcached-rate,218.85,7.59,79.27,0.0,0,3545,620.0242,3.9666,355.3047,0.269,A
23,hotel1/frontend,9926.24,121.45,1119.14,0.0,0,774639,135485.1593,179.7349,355.3047,11.4,A
23,hotel1/mongodb-geo,8.8,71.41,400.43,0.0391,2,253,581.9844,2.5575,355.3047,0.0122,A
23,hotel1/mongodb-profile,9.91,74.16,400.43,0.0391,2,264,581.9844,2.5575,355.3047,0.0122,A
23,hotel1/mongodb-rate,9.14,73.38,400.43,0.0,0,399,581.9844,2.5575,355.3047,0.0122,A
23,hotel1/mongodb-recommendation,10.23,71.39,400.43,0.0,0,353,581.9844,2.5575,355.3047,0.0,A
23,hotel1/mongodb-user,8.83,74.01,400.43,0.0391,2,282,581.9844,2.5575,355.3047,0.0,A
23,hotel1/profile,3539.92,40.54,1119.06,0.0,0,25648,4485.8616,64.0953,355.3047,4.38,A
23,hotel1/rate,1899.67,40.62,1119.14,0.0,0,3874,677.5666,34.4111,355.3047,2.77,A
23,hotel1/recommendation,657.02,26.39,1119.06,0.0,0,3875,677.7415,11.9111,355.3047,0.906,A
23,hotel1/memcached-reserve,288.96,7.37,79.27,0.0,0,1866,581.9844,5.2352,355.3047,0.343,A
24,hotel1/user,56.74,22.07,1119.06,0.0,0,1654,581.9844,2.5575,347.8078,0.0732,A
24,hotel1/search,2561.75,32.79,1119.06,0.0,0,4562,719.4502,27.0759,347.8078,2.78,A
24,hotel1/recommendation,653.76,22.83,1119.06,0.0,0,3637,581.9844,6.916,347.8078,0.708,A
24,es-stress-d/elasticsearch-dynamic-0,1015.05,175612.2,1414.09,0.0,0,865,581.9844,86.147,347.8078,1.18,A
24,es-stress-d2/elasticsearch-dynamic-0,1016.81,169847.55,1414.09,0.0117,4,136,581.9844,83.6897,347.8078,1.17,A
24,es-stress-d3/elasticsearch-dynamic-0,1017.02,175166.61,1414.09,0.0391,8,631,581.9844,85.9764,347.8078,1.2,A
24,es-stress-d4/elasticsearch-dynamic-0,1015.62,174320.52,1414.09,0.0,0,125,581.9844,85.5983,347.8078,1.16,A
24,hotel1/consul,25.96,31.02,212.87,0.0,0,3606,581.9844,2.5575,347.8078,0.0366,A
24,hotel1/frontend,9724.38,120.07,1119.14,0.0,0,780589,123102.7788,102.7781,347.8078,11.4,A
24,hotel1/geo,1077.69,30.14,1119.06,0.0,0,2994,581.9844,11.3975,347.8078,1.16,A
24,hotel1/jaeger,0.34,14.89,81.01,0.0,0,0,581.9844,2.5575,2.7184,0.0,A
24,hotel1/memcached-profile,236.42,8.56,79.27,0.0,0,3136,581.9844,2.5575,347.8078,0.268,A
24,hotel1/reservation,4348.11,84.21,1119.06,0.0,0,558857,88134.5364,45.9688,347.8078,5.47,A
24,hotel1/memcached-reserve,279.84,7.54,79.27,0.0,0,1754,581.9844,2.9594,347.8078,0.342,A
24,hotel1/rate,1743.59,37.11,1119.14,0.0,0,3747,590.9206,18.4349,347.8078,1.76,A
24,hotel1/profile,3212.45,45.87,1119.06,0.0,0,26275,4143.6986,33.9554,347.8078,3.62,A
24,hotel1/mongodb-user,10.46,73.82,400.43,0.0195,1,287,581.9844,2.5575,347.8078,0.0244,A
24,hotel1/mongodb-reservation,50.77,121.52,400.43,0.2695,85,887,581.9844,2.5575,347.8078,0.0854,A
24,hotel1/memcached-rate,201.59,7.58,79.27,0.0,0,4014,633.0278,2.5575,347.8078,0.232,A
24,hotel1/mongodb-rate,11.17,73.38,400.43,0.0195,1,213,581.9844,2.5575,347.8078,0.0,A
24,hotel1/mongodb-profile,11.11,74.16,400.43,0.0195,1,231,581.9844,2.5575,347.8078,0.0,A
24,hotel1/mongodb-geo,11.11,71.41,400.43,0.0195,1,240,581.9844,2.5575,347.8078,0.0,A
24,hotel1/mongodb-recommendation,11.37,71.4,400.43,0.0195,1,255,581.9844,2.5575,347.8078,0.0244,A
25,hotel1/user,63.21,21.98,1119.06,0.0,0,2427,581.9844,2.5575,357.2121,0.111,A
25,hotel1/reservation,4517.89,77.73,1119.06,0.0,0,671287,108415.1479,53.3073,357.2121,5.01,A
25,hotel1/search,2659.93,32.12,1119.06,0.0,0,6410,1035.2369,31.3785,357.2121,3.03,A
25,es-stress-d2/elasticsearch-dynamic-0,1008.97,175069.05,1414.09,0.0117,4,110,581.9844,94.1669,357.2121,1.04,A
25,es-stress-d3/elasticsearch-dynamic-0,1009.13,180548.02,1414.09,0.0,0,648,581.9844,96.7435,357.2121,1.04,A
25,es-stress-d4/elasticsearch-dynamic-0,1008.74,179669.27,1414.09,0.0273,6,104,581.9844,96.326,357.2121,1.04,A
25,hotel1/consul,28.16,31.02,212.87,0.0,0,4284,691.8807,2.5575,357.2121,0.0332,A
25,hotel1/frontend,9461.04,128.31,1119.14,0.0,0,662704,107028.964,111.6162,357.2121,10.7,A
25,hotel1/geo,1139.98,26.36,1119.06,0.0,0,3492,581.9844,13.454,357.2121,1.35,A
25,hotel1/jaeger,0.33,14.89,81.01,0.0,0,0,581.9844,2.5575,2.7184,0.0,A
25,hotel1/memcached-profile,241.44,8.3,79.27,0.0,0,3884,627.2793,2.8507,357.2121,0.277,A
25,hotel1/memcached-rate,219.44,7.57,79.27,0.0,0,3143,581.9844,2.591,357.2121,0.233,A
25,es-stress-d/elasticsearch-dynamic-0,1008.69,180907.7,1414.09,0.0273,6,158,581.9844,96.9074,357.2121,1.04,A
25,hotel1/mongodb-geo,10.21,71.41,400.43,0.0,0,298,581.9844,2.5575,357.2121,0.0111,A
25,hotel1/memcached-reserve,293.06,7.21,79.27,0.0,0,2039,581.9844,3.4589,357.2121,0.343,A
25,hotel1/rate,1914.06,36.59,1119.14,0.0,0,3678,594.0096,22.586,357.2121,2.12,A
25,hotel1/profile,3204.17,40.25,1119.06,0.0,0,16596,2680.3108,37.7995,357.2121,3.83,A
25,hotel1/mongodb-user,10.15,74.01,400.43,0.0,0,285,581.9844,2.5575,357.2121,0.0111,A
25,hotel1/recommendation,700.76,24.09,1119.06,0.0,0,3759,607.0914,8.274,357.2121,0.842,A
25,hotel1/mongodb-reservation,50.67,121.61,400.43,0.2461,81,1286,581.9844,2.5575,357.2121,0.0664,A
25,hotel1/mongodb-recommendation,10.73,71.59,400.43,0.0,0,447,581.9844,2.5575,357.2121,0.0111,A
25,hotel1/mongodb-rate,9.91,73.2,400.43,0.0,0,259,581.9844,2.5575,357.2121,0.0111,A
25,hotel1/mongodb-profile,10.55,74.35,400.43,0.0,0,215,581.9844,2.5575,357.2121,0.0111,A
26,hotel1/user,60.09,21.98,1119.06,0.0,0,1764,581.9844,2.5575,362.4408,0.0689,A
26,hotel1/reservation,4532.57,74.52,1119.06,0.0,0,581419,102375.8533,50.4661,362.4408,4.92,A
26,es-stress-d/elasticsearch-dynamic-0,1006.99,186168.01,1414.09,0.0,0,230,581.9844,93.1194,362.4408,1.1,A
26,es-stress-d2/elasticsearch-dynamic-0,1007.7,180245.55,1414.09,0.0,0,128,581.9844,90.5214,362.4408,1.09,A
26,es-stress-d3/elasticsearch-dynamic-0,1009.22,185899.45,1414.09,0.0,0,691,581.9844,93.026,362.4408,1.08,A
26,es-stress-d4/elasticsearch-dynamic-0,1007.48,184895.77,1414.09,0.0,0,122,581.9844,92.5651,362.4408,1.1,A
26,hotel1/consul,26.28,31.02,212.87,0.0,0,3975,699.9152,2.5575,362.4408,0.023,A
26,hotel1/frontend,9814.04,117.58,1119.14,0.0,0,661370,116453.5697,109.2513,362.4408,11.1,A
26,hotel1/geo,1092.01,26.07,1119.06,0.0,0,3382,595.5002,12.1621,362.4408,1.37,A
26,hotel1/jaeger,0.35,14.89,81.01,0.0,0,0,581.9844,2.5575,2.7184,0.0,A
26,hotel1/memcached-profile,240.7,8.27,79.27,0.0,0,2822,581.9844,2.6819,362.4408,0.275,A
26,hotel1/memcached-rate,223.71,7.6,79.27,0.0,0,4382,771.5795,2.5575,362.4408,0.241,A
26,hotel1/search,2649.39,31.39,1119.06,0.0,0,4960,873.3534,29.4932,362.4408,3.03,A
26,hotel1/mongodb-geo,10.69,71.41,400.43,0.0195,1,446,581.9844,2.5575,362.4408,0.0115,A
26,hotel1/mongodb-profile,9.72,74.33,400.43,0.0195,1,247,581.9844,2.5575,362.4408,0.0115,A
26,hotel1/mongodb-rate,10.29,73.2,400.43,0.0195,1,225,581.9844,2.5575,362.4408,0.023,A
26,hotel1/mongodb-recommendation,9.67,71.4,400.43,0.0195,1,355,581.9844,2.5575,362.4408,0.0,A
26,hotel1/mongodb-reservation,54.15,122.43,400.43,0.2852,87,1406,581.9844,2.5575,362.4408,0.0459,A
26,hotel1/mongodb-user,10.49,73.99,400.43,0.0195,1,251,581.9844,2.5575,362.4408,0.0115,A
26,hotel1/profile,3525.6,39.31,1119.06,0.0,0,36357,6401.7153,39.2462,362.4408,3.5,A
26,hotel1/rate,1944.96,36.04,1119.14,0.0,0,3900,686.7093,21.6572,362.4408,2.04,A
26,hotel1/recommendation,654.73,23.9,1119.06,0.0,0,3276,581.9844,7.2956,362.4408,0.746,A
26,hotel1/memcached-reserve,288.23,7.7,79.27,0.0,0,2199,581.9844,3.2105,362.4408,0.31,A
27,hotel1/user,69.66,22.45,1119.06,0.0,0,2313,581.9844,2.5575,352.6561,0.069,A
27,hotel1/reservation,4673.17,82.1,1119.06,0.0,0,659037,109370.1254,50.4653,352.6561,4.9,A
27,es-stress-d/elasticsearch-dynamic-0,1007.59,191450.26,1414.09,0.0,0,389,581.9844,88.9707,352.6561,1.08,A
27,es-stress-d2/elasticsearch-dynamic-0,1007.84,185423.3,1414.09,0.0,0,119,581.9844,86.5149,352.6561,1.08,A
27,es-stress-d3/elasticsearch-dynamic-0,1007.54,191247.7,1414.09,0.0,0,772,581.9844,88.8875,352.6561,1.06,A
27,es-stress-d4/elasticsearch-dynamic-0,1007.44,190209.02,1414.09,0.0,0,130,581.9844,88.4628,352.6561,1.07,A
27,hotel1/consul,28.54,31.02,212.87,0.0,0,4147,688.2131,2.5575,352.6561,0.023,A
27,hotel1/frontend,9444.58,115.56,1119.14,0.0,0,687507,114094.8487,101.971,352.6561,10.7,A
27,hotel1/geo,1111.23,27.71,1119.06,0.0,0,3030,581.9844,12.0035,352.6561,1.26,A
27,hotel1/jaeger,0.3,14.89,81.01,0.0,0,0,581.9844,2.5575,2.7184,0.0,A
27,hotel1/memcached-profile,235.35,8.58,79.27,0.0,0,3417,581.9844,2.5575,352.6561,0.264,A
27,hotel1/memcached-rate,210.74,7.61,79.27,0.0,0,3745,621.4994,2.5575,352.6561,0.276,A
27,hotel1/search,2615.59,30.8,1119.06,0.0,0,6268,1040.2025,28.2395,352.6561,2.87,A
27,hotel1/mongodb-geo,11.13,71.6,400.43,0.0,0,257,581.9844,2.5575,352.6561,0.0115,A
27,hotel1/mongodb-profile,12.17,74.16,400.43,0.0,0,376,581.9844,2.5575,352.6561,0.0115,A
27,hotel1/mongodb-rate,12.3,73.2,400.43,0.0,0,180,581.9844,2.5575,352.6561,0.023,A
27,hotel1/mongodb-recommendation,10.98,71.4,400.43,0.0,0,889,581.9844,2.5575,352.6561,0.0,A
27,hotel1/mongodb-reservation,51.19,122.14,400.43,0.2305,79,1114,581.9844,2.5575,352.6561,0.0345,A
27,hotel1/mongodb-user,11.59,73.82,400.43,0.0,0,676,581.9844,2.5575,352.6561,0.0115,A
27,hotel1/profile,3252.89,44.66,1119.06,0.0,0,32441,5383.7284,35.1227,352.6561,4.37,A
27,hotel1/rate,1951.06,38.69,1119.14,0.0,0,4205,697.8385,21.0712,352.6561,2.39,A
27,hotel1/recommendation,677.73,24.55,1119.06,0.0,0,3373,581.9844,7.3239,352.6561,0.724,A
27,hotel1/memcached-reserve,289.46,7.5,79.27,0.0,0,1805,581.9844,3.1268,352.6561,0.333,A
28,hotel1/user,58.66,22.02,1119.06,0.0,0,1523,581.9844,2.5575,354.7045,0.0618,A
28,hotel1/reservation,4253.37,81.98,1119.06,0.0,0,692164,115291.0279,46.517,354.7045,5.28,A
28,es-stress-d/elasticsearch-dynamic-0,1009.07,196686.32,1414.09,0.0,0,639,581.9844,89.7961,354.7045,1.17,A
28,es-stress-d2/elasticsearch-dynamic-0,1008.91,190586.55,1414.09,0.0,0,423,581.9844,87.3515,354.7045,1.22,A
28,es-stress-d3/elasticsearch-dynamic-0,1008.96,196590.7,1414.09,0.0,0,918,581.9844,89.7566,354.7045,1.16,A
28,es-stress-d4/elasticsearch-dynamic-0,1008.73,195510.93,1414.09,0.0,0,236,581.9844,89.3217,354.7045,1.19,A
28,hotel1/consul,26.89,31.02,212.87,0.0,0,4531,754.7108,2.5575,354.7045,0.0124,A
28,hotel1/frontend,9883.59,115.36,1119.14,0.0,0,833411,138817.9836,108.0617,354.7045,11.4,A
28,hotel1/geo,1093.18,26.76,1119.06,0.0,0,2679,581.9844,11.9578,354.7045,1.27,A
28,hotel1/jaeger,0.3,14.89,81.01,0.0,0,0,581.9844,2.5575,2.7184,0.0,A
28,hotel1/memcached-profile,242.68,8.07,79.27,0.0,0,3146,581.9844,2.6554,354.7045,0.284,A
28,hotel1/memcached-rate,206.89,7.58,79.27,0.0,0,3579,596.1399,2.5575,354.7045,0.235,A
28,hotel1/search,2650.87,31.59,1119.06,0.0,0,11548,1923.5048,28.9834,354.7045,3.17,A
28,hotel1/mongodb-geo,11.13,71.41,400.43,0.0195,1,211,581.9844,2.5575,354.7045,0.0124,A
28,hotel1/mongodb-profile,12.15,74.33,400.43,0.0195,1,403,581.9844,2.5575,354.7045,0.0124,A
28,hotel1/mongodb-rate,10.83,73.38,400.43,0.0195,1,228,581.9844,2.5575,354.7045,0.0124,A
28,hotel1/mongodb-recommendation,11.39,71.4,400.43,0.0195,1,394,581.9844,2.5575,354.7045,0.0124,A
28,hotel1/mongodb-reservation,58.83,122.2,400.43,0.2812,82,1064,581.9844,2.5575,354.7045,0.0495,A
28,hotel1/mongodb-user,11.42,73.82,400.43,0.0195,1,377,581.9844,2.5575,354.7045,0.0,A
28,hotel1/profile,3296.14,44.71,1119.06,0.0,0,42466,7073.3942,36.0407,354.7045,3.65,A
28,hotel1/rate,1778.79,39.11,1119.14,0.0,0,3983,663.4326,19.4557,354.7045,2.07,A
28,hotel1/recommendation,670.37,25.23,1119.06,0.0,0,3358,581.9844,7.3364,354.7045,0.767,A
28,hotel1/memcached-reserve,280.95,7.73,79.27,0.0,0,1829,581.9844,3.0735,354.7045,0.334,A
29,hotel1/user,62.9,21.86,1119.06,0.0,0,2807,581.9844,2.5575,365.883,0.0613,A
29,hotel1/reservation,4493.56,80.92,1119.06,0.0,0,692441,109347.6838,53.7973,365.883,5.65,A
29,es-stress-d/elasticsearch-dynamic-0,1006.83,202018.41,1414.09,0.0,0,509,581.9844,99.957,365.883,1.14,A
29,es-stress-d2/elasticsearch-dynamic-0,1007.13,195768.29,1414.09,0.0,0,572,581.9844,97.2408,365.883,1.14,A
29,es-stress-d3/elasticsearch-dynamic-0,1007.26,201943.95,1414.09,0.0,0,431,581.9844,99.9298,365.883,1.14,A
29,es-stress-d4/elasticsearch-dynamic-0,1007.5,200779.93,1414.09,0.0,0,162,581.9844,99.4261,365.883,1.15,A
29,hotel1/consul,27.91,31.02,212.87,0.0,0,3820,603.2401,2.5575,365.883,0.0123,A
29,hotel1/frontend,9694.85,117.39,1119.14,0.0,0,688736,108762.6041,116.0426,365.883,11.0,A
29,hotel1/geo,1151.25,26.96,1119.06,0.0,0,3540,581.9844,13.7856,365.883,1.4,A
29,hotel1/jaeger,0.33,14.89,81.01,0.0,0,0,581.9844,2.5575,2.7184,0.0,A
29,hotel1/memcached-profile,249.43,8.78,79.27,0.0,0,3145,581.9844,2.9881,365.883,0.306,A
29,hotel1/memcached-rate,217.33,7.57,79.27,0.0,0,3006,581.9844,2.6035,365.883,0.282,A
29,hotel1/search,2691.37,31.43,1119.06,0.0,0,4891,772.3684,32.2139,365.883,3.33,A
29,hotel1/mongodb-geo,9.57,71.41,400.43,0.0,0,293,581.9844,2.5575,365.883,0.0123,A
29,hotel1/mongodb-profile,10.55,74.35,400.43,0.0,0,235,581.9844,2.5575,365.883,0.0245,A
29,hotel1/mongodb-rate,9.94,73.38,400.43,0.0,0,303,581.9844,2.5575,365.883,0.0,A
29,hotel1/mongodb-recommendation,10.5,71.4,400.43,0.0,0,431,581.9844,2.5575,365.883,0.0245,A
29,hotel1/mongodb-reservation,59.01,122.4,400.43,0.293,89,1194,581.9844,2.5575,365.883,0.049,A
29,hotel1/mongodb-user,9.55,74.01,400.43,0.0,0,349,581.9844,2.5575,365.883,0.0245,A
29,hotel1/profile,3453.66,46.64,1119.06,0.0,0,30671,4843.4492,41.3407,365.883,4.4,A
29,hotel1/rate,1998.56,37.01,1119.14,0.0,0,3877,612.2413,23.9274,365.883,2.49,A
29,hotel1/recommendation,679.35,24.23,1119.06,0.0,0,3807,601.1872,8.1385,365.883,0.87,A
29,hotel1/memcached-reserve,292.14,7.54,79.27,0.0,0,2161,581.9844,3.4985,365.883,0.343,A
30,hotel1/user,59.66,20.63,1119.06,0.0,0,1811,581.9844,2.5575,345.4695,0.0694,A
30,hotel1/search,2668.7,29.25,1119.06,0.0,0,12449,2002.1549,31.0214,345.4695,3.09,A
30,hotel1/recommendation,662.96,25.65,1119.06,0.0,0,4201,675.6408,7.7137,345.4695,0.752,A
30,es-stress-d/elasticsearch-dynamic-0,1013.42,207335.45,1414.09,0.0078,4,634,581.9844,94.9771,345.4695,1.11,A
30,es-stress-d2/elasticsearch-dynamic-0,1013.9,200935.49,1414.09,0.0195,4,149,581.9844,92.4145,345.4695,1.1,A
30,es-stress-d3/elasticsearch-dynamic-0,1013.66,207291.75,1414.09,0.0273,12,1011,581.9844,94.9624,345.4695,1.09,A
30,es-stress-d4/elasticsearch-dynamic-0,1012.13,206040.53,1414.09,0.0039,2,219,581.9844,94.4425,345.4695,1.09,A
30,hotel1/consul,27.16,31.02,212.87,0.0,0,3692,593.7791,2.5575,345.4695,0.0347,A
30,hotel1/frontend,9594.15,113.11,1119.14,0.0,0,678647,109145.8281,111.5273,345.4695,10.8,A
30,hotel1/geo,1071.71,26.63,1119.06,0.0,0,2811,581.9844,12.4637,345.4695,1.38,A
30,hotel1/jaeger,0.3,14.89,81.01,0.0,0,0,581.9844,2.5575,2.7184,0.0,A
30,hotel1/memcached-profile,234.26,8.8,79.27,0.0,0,2611,581.9844,2.7256,345.4695,0.289,A
30,hotel1/reservation,4286.24,82.39,1119.06,0.0,0,633163,101830.7013,49.8382,345.4695,5.26,A
30,hotel1/memcached-reserve,286.45,7.52,79.27,0.0,0,2201,581.9844,3.3315,345.4695,0.335,A
30,hotel1/mongodb-geo,10.72,71.41,400.43,0.0195,1,226,581.9844,2.5575,345.4695,0.0116,A
30,hotel1/mongodb-profile,10.07,74.16,400.43,0.0195,1,283,581.9844,2.5575,345.4695,0.0,A
30,hotel1/mongodb-rate,11.74,73.2,400.43,0.0703,11,426,581.9844,2.5575,345.4695,0.0231,A
30,hotel1/mongodb-recommendation,11.32,71.4,400.43,0.0703,9,344,581.9844,2.5575,345.4695,0.0116,A
30,hotel1/mongodb-reservation,48.73,123.23,400.43,1.543,107,994,581.9844,2.5575,345.4695,0.0809,A
30,hotel1/mongodb-user,10.36,73.82,400.43,0.0195,1,230,581.9844,2.5575,345.4695,0.0231,A
30,hotel1/profile,3242.34,41.73,1119.06,0.0,0,95791,15405.9298,37.692,345.4695,4.45,A
30,hotel1/rate,1904.98,38.64,1119.14,0.0,0,4338,697.6743,22.1509,345.4695,2.34,A
30,hotel1/memcached-rate,211.4,7.57,79.27,0.0,0,3762,605.0371,2.5575,345.4695,0.254,A
31,hotel1/user,56.63,20.62,1119.06,0.0,0,1938,581.9844,2.5575,353.5153,0.0927,A
31,hotel1/reservation,4488.15,83.47,1119.06,0.0,0,675465,113211.734,52.285,353.5153,5.8,A
31,hotel1/search,2600.43,29.98,1119.06,0.0,0,5514,924.1774,30.2867,353.5153,3.22,A
31,es-stress-d/elasticsearch-dynamic-0,1005.68,212683.57,1414.09,0.0195,8,473,581.9844,95.1134,353.5153,1.25,A
31,es-stress-d2/elasticsearch-dynamic-0,1006.41,206115.99,1414.09,0.0078,4,131,581.9844,92.5464,353.5153,1.25,A
31,es-stress-d3/elasticsearch-dynamic-0,1005.44,212657.73,1414.09,0.0,0,517,581.9844,95.1004,353.5153,1.26,A
31,es-stress-d4/elasticsearch-dynamic-0,1005.45,211344.53,1414.09,0.0195,8,198,581.9844,94.5856,353.5153,1.23,A
31,hotel1/consul,27.08,31.02,212.87,0.0,0,3965,664.5563,2.5575,353.5153,0.0397,A
31,hotel1/geo,1057.76,23.81,1119.06,0.0,0,3494,585.6141,12.3241,353.5153,1.34,A
31,hotel1/jaeger,0.35,14.89,81.01,0.0,0,0,581.9844,2.5575,2.7184,0.0,A
31,hotel1/memcached-profile,244.1,8.06,79.27,0.0,0,3167,581.9844,2.845,353.5153,0.278,A
31,hotel1/memcached-rate,213.74,7.84,79.27,0.0,0,3777,633.0464,2.5575,353.5153,0.265,A
31,hotel1/frontend,9598.83,123.84,1119.14,0.0,0,797946,133740.2387,111.8007,353.5153,10.7,A
31,hotel1/mongodb-geo,10.71,71.41,400.43,0.0508,8,436,581.9844,2.5575,353.5153,0.0132,A
31,hotel1/memcached-reserve,280.77,7.32,79.27,0.0,0,2139,581.9844,3.2717,353.5153,0.371,A
31,hotel1/rate,1849.64,41.39,1119.14,0.0,0,4127,691.7084,21.5502,353.5153,2.11,A
31,hotel1/profile,3213.88,40.73,1119.06,0.0,0,35215,5902.2321,37.4328,353.5153,3.67,A
31,hotel1/mongodb-user,10.36,73.82,400.43,0.0508,8,333,581.9844,2.5575,353.5153,0.0132,A
31,hotel1/recommendation,666.0,27.5,1119.06,0.0,0,3029,581.9844,7.7645,353.5153,0.861,A
31,hotel1/mongodb-recommendation,10.07,71.59,400.43,0.0,0,407,581.9844,2.5575,353.5153,0.0265,A
31,hotel1/mongodb-rate,9.72,73.2,400.43,0.0,0,214,581.9844,2.5575,353.5153,0.0,A
31,hotel1/mongodb-profile,10.37,74.16,400.43,0.043,7,342,581.9844,2.5575,353.5153,0.0,A
31,hotel1/mongodb-reservation,49.1,123.57,400.43,0.2617,88,1138,581.9844,2.5575,353.5153,0.0662,A
32,hotel1/user,69.04,21.29,1119.06,0.0,0,1711,581.9844,2.5575,362.7193,0.0773,A
32,hotel1/memcached-reserve,306.11,8.56,79.27,0.0,0,2228,581.9844,3.5523,362.7193,0.322,A
32,hotel1/reservation,4485.39,83.52,1119.06,0.0,0,629822,102430.1342,52.0357,362.7193,5.05,A
32,es-stress-d2/elasticsearch-dynamic-0,1010.6,211306.99,1414.09,0.0,0,128,581.9844,92.5414,362.7193,1.22,A
32,es-stress-d3/elasticsearch-dynamic-0,1010.23,218043.7,1414.09,0.0,0,652,581.9844,95.1139,362.7193,1.2,A
32,es-stress-d4/elasticsearch-dynamic-0,1010.48,216660.53,1414.09,0.0,0,171,581.9844,94.5877,362.7193,1.22,A
32,hotel1/consul,26.31,31.02,212.87,0.0,0,3907,635.4089,2.5575,362.7193,0.0387,A
32,hotel1/frontend,9410.21,109.16,1119.14,0.0,0,751271,122181.8059,109.144,362.7193,12.1,A
32,hotel1/geo,1077.32,27.41,1119.06,0.0,0,3027,581.9844,12.501,362.7193,1.15,A
32,hotel1/jaeger,0.38,14.89,81.01,0.0,0,0,581.9844,2.5575,2.7184,0.0,A
32,hotel1/memcached-profile,242.0,8.05,79.27,0.0,0,3682,598.8164,2.8088,362.7193,0.258,A
32,hotel1/memcached-rate,220.75,8.62,79.27,0.0,0,4669,759.3356,2.5627,362.7193,0.219,A
32,es-stress-d/elasticsearch-dynamic-0,1012.27,218028.88,1414.09,0.0,0,590,581.9844,95.1319,362.7193,1.21,A
32,hotel1/mongodb-geo,10.43,71.42,400.43,0.0234,1,268,581.9844,2.5575,362.7193,0.0,A
32,hotel1/mongodb-profile,12.68,74.33,400.43,0.0234,1,357,581.9844,2.5575,362.7193,0.0,A
32,hotel1/mongodb-rate,10.65,73.39,400.43,0.0234,1,217,581.9844,2.5575,362.7193,0.0258,A
32,hotel1/mongodb-recommendation,10.49,71.41,400.43,0.0234,1,386,581.9844,2.5575,362.7193,0.0258,A
32,hotel1/mongodb-reservation,60.9,123.81,400.43,0.3164,91,925,581.9844,2.5575,362.7193,0.0644,A
32,hotel1/mongodb-user,11.03,73.83,400.43,0.0234,1,233,581.9844,2.5575,362.7193,0.0258,A
32,hotel1/profile,3254.34,44.46,1119.06,0.0,0,22742,3698.6103,37.7479,362.7193,3.9,A
32,hotel1/rate,1871.46,37.98,1119.14,0.0,0,4103,667.2851,21.7123,362.7193,2.04,A
32,hotel1/recommendation,676.95,25.85,1119.06,0.0,0,4393,714.4488,7.8585,362.7193,0.696,A
32,hotel1/search,2736.64,36.18,1119.06,0.0,0,4416,718.1894,31.7425,362.7193,2.81,A
33,hotel1/user,62.67,20.86,1119.06,0.0,0,2021,581.9844,2.5575,356.2976,0.0527,A
33,hotel1/reservation,4440.18,78.84,1119.06,0.0,0,688002,108293.1464,52.1692,356.2976,5.46,A
33,es-stress-d/elasticsearch-dynamic-0,1007.07,223349.29,1414.09,0.0,0,576,581.9844,96.5882,356.2976,1.23,A
33,es-stress-d2/elasticsearch-dynamic-0,1007.38,216499.5,1414.09,0.0,0,113,581.9844,93.9923,356.2976,1.23,A
33,es-stress-d3/elasticsearch-dynamic-0,1007.56,223378.32,1414.09,0.0,0,511,581.9844,96.605,356.2976,1.23,A
33,es-stress-d4/elasticsearch-dynamic-0,1007.01,221982.78,1414.09,0.0,0,394,581.9844,96.0689,356.2976,1.24,A
33,hotel1/consul,27.21,31.02,212.87,0.0,0,4292,675.571,2.5575,356.2976,0.0395,A
33,hotel1/frontend,9824.54,126.41,1119.14,0.0,0,756587,119088.588,115.4136,356.2976,10.8,A
33,hotel1/geo,1101.37,25.59,1119.06,0.0,0,3087,581.9844,12.9427,356.2976,1.28,A
33,hotel1/jaeger,0.33,14.89,81.01,0.0,0,0,581.9844,2.5575,2.7184,0.0,A
33,hotel1/memcached-profile,228.83,8.3,79.27,0.0,0,2530,581.9844,2.6902,356.2976,0.264,A
33,hotel1/memcached-rate,209.91,7.83,79.27,0.0,0,3749,590.1015,2.5575,356.2976,0.237,A
33,hotel1/search,2599.6,30.45,1119.06,0.0,0,5626,885.5457,30.5376,356.2976,2.69,A
33,hotel1/mongodb-geo,9.95,71.42,400.43,0.0,0,292,581.9844,2.5575,356.2976,0.0,A
33,hotel1/mongodb-profile,10.38,74.17,400.43,0.0,0,322,581.9844,2.5575,356.2976,0.0,A
33,hotel1/mongodb-rate,10.32,73.2,400.43,0.0,0,334,581.9844,2.5575,356.2976,0.0132,A
33,hotel1/mongodb-recommendation,10.25,71.41,400.43,0.0,0,355,581.9844,2.5575,356.2976,0.0132,A
33,hotel1/mongodb-reservation,53.62,123.92,400.43,0.2734,88,896,581.9844,2.5575,356.2976,0.0659,A
33,hotel1/mongodb-user,10.01,74.02,400.43,0.0,0,259,581.9844,2.5575,356.2976,0.0,A
33,hotel1/profile,3245.73,41.36,1119.06,0.0,0,43983,6923.0285,38.129,356.2976,3.6,A
33,hotel1/rate,1778.78,34.6,1119.14,0.0,0,3832,603.1659,20.9006,356.2976,1.9,A
33,hotel1/recommendation,705.23,25.13,1119.06,0.0,0,2954,581.9844,8.2908,356.2976,0.712,A
33,hotel1/memcached-reserve,281.47,9.35,79.27,0.0,0,2313,581.9844,3.3087,356.2976,0.329,A
34,hotel1/user,66.32,21.29,1119.06,0.0,0,1277,581.9844,2.5575,365.0358,0.0542,A
34,hotel1/search,2761.28,29.23,1119.06,0.0,0,5304,837.39,31.7702,365.0358,2.83,A
34,hotel1/recommendation,703.66,24.56,1119.06,0.0,0,3434,581.9844,8.1024,365.0358,0.65,A
34,hotel1/reservation,4413.56,78.43,1119.06,0.0,0,542780,85693.5383,50.7924,365.0358,4.27,A
34,es-stress-d/elasticsearch-dynamic-0,1009.49,228582.44,1414.09,0.0,0,748,581.9844,96.0471,365.0358,1.03,A
34,es-stress-d2/elasticsearch-dynamic-0,1009.78,221683.25,1414.09,0.0,0,144,581.9844,93.5019,365.0358,1.05,A
34,es-stress-d3/elasticsearch-dynamic-0,1009.62,228681.57,1414.09,0.0,0,974,581.9844,96.0852,365.0358,1.04,A
34,es-stress-d4/elasticsearch-dynamic-0,1009.55,227359.78,1414.09,0.0,0,141,581.9844,95.5961,365.0358,1.04,A
34,hotel1/consul,26.28,31.02,212.87,0.0,0,4107,648.4089,2.5575,365.0358,0.0325,A
34,hotel1/geo,1146.19,26.32,1119.06,0.0,0,3422,581.9844,13.1929,365.0358,1.06,A
34,hotel1/jaeger,0.3,14.89,81.01,0.0,0,0,581.9844,2.5575,2.7184,0.0,A
34,hotel1/memcached-profile,250.9,8.54,79.27,0.0,0,3712,586.0467,2.8889,365.0358,0.228,A
34,hotel1/frontend,9790.92,119.56,1119.14,0.0,0,776937,122662.0004,112.6564,365.0358,9.61,A
34,hotel1/memcached-reserve,299.96,8.28,79.27,0.0,0,2189,581.9844,3.4531,365.0358,0.26,A
34,hotel1/memcached-rate,216.62,7.58,79.27,0.0,0,4453,703.035,2.5575,365.0358,0.217,A
34,hotel1/profile,3364.46,38.78,1119.06,0.0,0,41615,6570.1326,38.7113,365.0358,3.08,A
34,hotel1/mongodb-user,10.51,73.83,400.43,0.0234,1,245,581.9844,2.5575,365.0358,0.0108,A
34,hotel1/mongodb-reservation,55.02,124.26,400.43,0.3125,93,1056,581.9844,2.5575,365.0358,0.0542,A
34,hotel1/rate,1949.98,41.1,1119.14,0.0,0,4726,746.1359,22.4433,365.0358,1.68,A
34,hotel1/mongodb-rate,10.56,73.2,400.43,0.0234,1,333,581.9844,2.5575,365.0358,0.0108,A
34,hotel1/mongodb-profile,11.75,74.33,400.43,0.0234,1,368,581.9844,2.5575,365.0358,0.0,A
34,hotel1/mongodb-geo,10.21,71.58,400.43,0.0234,1,298,581.9844,2.5575,365.0358,0.0108,A
34,hotel1/mongodb-recommendation,10.33,71.41,400.43,0.0234,1,405,581.9844,2.5575,365.0358,0.0108,A
35,hotel1/user,58.02,21.96,1119.06,0.0,0,2272,581.9844,2.5575,343.1947,0.073,A
35,hotel1/reservation,4487.24,84.01,1119.06,0.0,0,694665,127410.0607,50.4536,343.1947,5.18,A
35,es-stress-d/elasticsearch-dynamic-0,1008.51,233854.62,1414.09,0.0,0,566,581.9844,90.8055,343.1947,1.14,A
35,es-stress-d2/elasticsearch-dynamic-0,1009.21,226865.6,1414.09,0.0,0,146,581.9844,88.4382,343.1947,1.18,A
35,es-stress-d3/elasticsearch-dynamic-0,1010.23,234047.25,1414.09,0.0039,1,719,581.9844,90.8903,343.1947,1.14,A
35,es-stress-d4/elasticsearch-dynamic-0,1009.09,232675.04,1414.09,0.0,0,145,581.9844,90.4112,343.1947,1.13,A
35,hotel1/consul,27.21,31.02,212.87,0.0,0,4359,799.4939,2.5575,343.1947,0.0365,A
35,hotel1/frontend,9236.16,115.34,1119.14,0.0,0,633201,116136.811,103.8299,343.1947,11.2,A
35,hotel1/geo,1123.8,26.45,1119.06,0.0,0,2689,581.9844,12.6376,343.1947,1.16,A
35,hotel1/jaeger,1.32,14.89,81.01,0.0,0,85,581.9844,2.5575,2.7184,0.0,A
35,hotel1/memcached-profile,233.44,8.58,79.27,0.0,0,3120,581.9844,2.6262,343.1947,0.304,A
35,hotel1/memcached-rate,201.75,8.06,79.27,0.0,0,2879,581.9844,2.5575,343.1947,0.256,A
35,hotel1/search,2631.91,34.16,1119.06,0.0,0,4351,798.0266,29.5875,343.1947,3.05,A
35,hotel1/mongodb-geo,10.86,71.42,400.43,0.0,0,253,581.9844,2.5575,343.1947,0.0243,A
35,hotel1/mongodb-profile,10.6,74.36,400.43,0.0,0,181,581.9844,2.5575,343.1947,0.0122,A
35,hotel1/mongodb-rate,11.34,73.2,400.43,0.0,0,579,581.9844,2.5575,343.1947,0.0122,A
35,hotel1/mongodb-recommendation,11.13,71.41,400.43,0.0,0,214,581.9844,2.5575,343.1947,0.0,A
35,hotel1/mongodb-reservation,53.46,124.4,400.43,0.2539,82,909,581.9844,2.5575,343.1947,0.0608,A
35,hotel1/mongodb-user,10.3,73.83,400.43,0.0,0,213,581.9844,2.5575,343.1947,0.0243,A
35,hotel1/profile,3197.24,39.67,1119.06,0.0,0,26915,4936.5403,35.9422,343.1947,4.04,A
35,hotel1/rate,1791.4,35.48,1119.14,0.0,0,3421,627.4533,20.1428,343.1947,2.13,A
35,hotel1/recommendation,665.6,24.69,1119.06,0.0,0,2736,581.9844,7.488,343.1947,0.827,A
35,hotel1/memcached-reserve,275.96,9.48,79.27,0.0,0,2130,581.9844,3.1043,343.1947,0.365,A
36,hotel1/user,67.1,20.72,1119.06,0.0,0,1778,581.9844,2.5575,357.3197,0.0588,A
36,hotel1/reservation,4441.48,76.27,1119.06,0.0,0,687959,110462.293,52.4439,357.3197,4.71,A
36,es-stress-d/elasticsearch-dynamic-0,1008.93,239188.14,1414.09,0.0039,1,141,581.9844,97.6698,357.3197,1.07,A
36,es-stress-d2/elasticsearch-dynamic-0,1009.86,232086.27,1414.09,0.0195,3,141,581.9844,95.1343,357.3197,1.07,A
36,es-stress-d3/elasticsearch-dynamic-0,1008.17,239393.03,1414.09,0.0391,8,655,581.9844,97.7343,357.3197,1.11,A
36,es-stress-d4/elasticsearch-dynamic-0,1008.13,237984.71,1414.09,0.0039,1,138,581.9844,97.2288,357.3197,1.07,A
36,hotel1/consul,26.38,31.02,212.87,0.0,0,3198,581.9844,2.5575,357.3197,0.0353,A
36,hotel1/frontend,9689.2,116.24,1119.14,0.0,0,719338,115500.6693,114.3898,357.3197,10.4,A
36,hotel1/geo,1141.96,26.25,1119.06,0.0,0,3166,581.9844,13.4864,357.3197,1.11,A
36,hotel1/jaeger,0.38,14.89,81.01,0.0,0,0,581.9844,2.5575,2.7184,0.0,A
36,hotel1/memcached-profile,242.85,9.32,79.27,0.0,0,2698,581.9844,2.8694,357.3197,0.259,A
36,hotel1/memcached-rate,208.47,7.83,79.27,0.0,0,3529,581.9844,2.5575,357.3197,0.2,A
36,hotel1/search,2685.57,31.5,1119.06,0.0,0,4802,771.0342,31.7053,357.3197,3.04,A
36,hotel1/mongodb-geo,10.61,71.58,400.43,0.0234,1,272,581.9844,2.5575,357.3197,0.0118,A
36,hotel1/mongodb-profile,11.33,74.33,400.43,0.0234,1,262,581.9844,2.5575,357.3197,0.0118,A
36,hotel1/mongodb-rate,10.06,73.2,400.43,0.0234,1,198,581.9844,2.5575,357.3197,0.0118,A
36,hotel1/mongodb-recommendation,11.8,71.41,400.43,0.0234,1,412,581.9844,2.5575,357.3197,0.0118,A
36,hotel1/mongodb-reservation,54.2,124.85,400.43,0.3086,91,902,581.9844,2.5575,357.3197,0.0824,A
36,hotel1/mongodb-user,12.57,73.99,400.43,0.0234,1,327,581.9844,2.5575,357.3197,0.0,A
36,hotel1/profile,3287.95,45.04,1119.06,0.0,0,38663,6207.9334,38.8192,357.3197,3.67,A
36,hotel1/rate,1931.89,35.76,1119.14,0.0,0,4454,715.1575,22.8122,357.3197,2.06,A
36,hotel1/recommendation,692.62,24.86,1119.06,0.0,0,3362,581.9844,8.1829,357.3197,0.776,A
36,hotel1/memcached-reserve,289.01,7.47,79.27,0.0,0,1972,581.9844,3.4135,357.3197,0.329,A
37,hotel1/user,56.64,20.97,1119.06,0.0,0,2275,581.9844,2.5575,340.8271,0.0684,A
37,hotel1/search,2642.15,33.86,1119.06,0.0,0,5482,853.8681,31.8538,340.8271,3.28,A
37,hotel1/recommendation,650.82,24.07,1119.06,0.0,0,3617,581.9844,7.8518,340.8271,0.875,A
37,es-stress-d/elasticsearch-dynamic-0,1008.09,244537.39,1414.09,0.0273,6,1014,581.9844,97.79,340.8271,1.27,A
37,es-stress-d2/elasticsearch-dynamic-0,1008.6,237297.02,1414.09,0.0156,2,125,581.9844,95.2604,340.8271,1.31,A
37,es-stress-d3/elasticsearch-dynamic-0,1008.45,244847.2,1414.09,0.0,0,620,581.9844,97.9028,340.8271,1.26,A
37,es-stress-d4/elasticsearch-dynamic-0,1007.85,243239.41,1414.09,0.0273,6,212,581.9844,97.3325,340.8271,1.29,A
37,hotel1/consul,26.4,31.02,212.87,0.0,0,4877,759.6342,2.5575,340.8271,0.0274,A
37,hotel1/frontend,9235.46,124.61,1119.14,0.0,0,576591,89808.9474,111.3451,340.8271,12.2,A
37,hotel1/geo,1051.87,25.55,1119.06,0.0,0,3075,581.9844,12.6856,340.8271,1.46,A
37,hotel1/jaeger,0.33,14.89,81.01,0.0,0,0,581.9844,2.5575,2.7184,0.0,A
37,hotel1/memcached-profile,234.58,9.29,79.27,0.0,0,3209,581.9844,2.8303,340.8271,0.274,A
37,hotel1/reservation,4624.4,78.79,1119.06,0.0,0,810269,126206.2814,55.7587,340.8271,6.11,A
37,hotel1/memcached-reserve,280.47,7.72,79.27,0.0,0,2161,581.9844,3.3828,340.8271,0.383,A
37,hotel1/mongodb-geo,8.53,71.42,400.43,0.0,0,320,581.9844,2.5575,340.8271,0.0137,A
37,hotel1/mongodb-profile,10.21,74.17,400.43,0.0,0,380,581.9844,2.5575,340.8271,0.0274,A
37,hotel1/mongodb-rate,9.85,73.2,400.43,0.0,0,309,581.9844,2.5575,340.8271,0.0137,A
37,hotel1/mongodb-recommendation,10.41,71.59,400.43,0.0,0,467,581.9844,2.5575,340.8271,0.0137,A
37,hotel1/mongodb-reservation,50.46,124.82,400.43,0.2773,90,1092,581.9844,2.5575,340.8271,0.0684,A
37,hotel1/mongodb-user,9.02,73.83,400.43,0.0,0,358,581.9844,2.5575,340.8271,0.0137,A
37,hotel1/profile,3199.64,38.17,1119.06,0.0,0,27794,4329.1517,38.574,340.8271,4.36,A
37,hotel1/rate,1872.71,36.07,1119.14,0.0,0,3610,581.9844,22.5817,340.8271,2.38,A
37,hotel1/memcached-rate,206.22,8.38,79.27,0.0,0,4053,631.2892,2.5575,340.8271,0.274,A
38,hotel1/user,58.67,21.76,1119.06,0.0,0,1545,581.9844,2.5575,332.686,0.0492,A
38,hotel1/search,2487.72,31.13,1119.06,0.0,0,4139,690.5136,29.9953,332.686,3.29,A
38,hotel1/recommendation,625.18,24.26,1119.06,0.0,0,2598,581.9844,7.5436,332.686,0.8,A
38,hotel1/reservation,4354.9,73.75,1119.06,0.0,0,714949,119275.6735,52.515,332.686,4.85,A
38,es-stress-d/elasticsearch-dynamic-0,1007.69,249904.95,1414.09,0.0039,2,182,581.9844,96.4671,332.686,1.18,A
38,es-stress-d2/elasticsearch-dynamic-0,1007.51,242491.77,1414.09,0.0039,2,136,581.9844,93.9636,332.686,1.17,A
38,es-stress-d3/elasticsearch-dynamic-0,1006.74,250515.62,1414.09,0.0039,2,552,581.9844,96.6617,332.686,1.18,A
38,es-stress-d4/elasticsearch-dynamic-0,1006.9,248370.91,1414.09,0.0039,2,155,581.9844,95.94,332.686,1.17,A
38,hotel1/consul,26.4,31.02,212.87,0.0,0,4123,687.8443,2.5575,332.686,0.0369,A
38,hotel1/geo,1047.5,26.97,1119.06,0.0,0,2458,581.9844,12.6347,332.686,1.21,A
38,hotel1/jaeger,0.39,14.89,81.01,0.0,0,0,581.9844,2.5575,2.7184,0.0,A
38,hotel1/memcached-profile,226.47,9.3,79.27,0.0,0,3318,581.9844,2.7328,332.686,0.283,A
38,hotel1/frontend,9519.26,115.6,1119.14,0.0,0,699377,116677.7808,114.7758,332.686,10.9,A
38,hotel1/memcached-reserve,267.24,9.01,79.27,0.0,0,2007,581.9844,3.2241,332.686,0.332,A
38,hotel1/memcached-rate,205.26,8.13,79.27,0.0,0,5357,893.7138,2.5575,332.686,0.258,A
38,hotel1/profile,3091.74,42.26,1119.06,0.0,0,36158,6032.2762,37.2794,332.686,4.04,A
38,hotel1/mongodb-user,10.62,73.99,400.43,0.0234,1,286,581.9844,2.5575,332.686,0.0,A
38,hotel1/mongodb-reservation,57.83,125.39,400.43,0.3086,89,1123,581.9844,2.5575,332.686,0.0492,A
38,hotel1/rate,1721.25,39.16,1119.14,0.0,0,3773,629.4535,20.7597,332.686,2.28,A
38,hotel1/mongodb-rate,11.82,73.39,400.43,0.0234,1,298,581.9844,2.5575,332.686,0.0123,A
38,hotel1/mongodb-profile,11.47,74.17,400.43,0.0234,1,352,581.9844,2.5575,332.686,0.0246,A
38,hotel1/mongodb-geo,11.5,71.58,400.43,0.0234,1,258,581.9844,2.5575,332.686,0.0123,A
38,hotel1/mongodb-recommendation,12.02,71.59,400.43,0.0234,1,306,581.9844,2.5575,332.686,0.0246,A
39,hotel1/user,58.41,21.02,1119.06,0.0,0,1715,581.9844,2.5575,339.4405,0.0713,A
39,hotel1/reservation,4469.99,79.61,1119.06,0.0,0,721793,119546.3126,52.2959,339.4405,5.3,A
39,es-stress-d/elasticsearch-dynamic-0,1007.69,255257.79,1414.09,0.0,0,122,581.9844,94.5548,339.4405,1.12,A
39,es-stress-d2/elasticsearch-dynamic-0,1007.17,247691.77,1414.09,0.0,0,127,581.9844,92.0954,339.4405,1.11,A
39,es-stress-d3/elasticsearch-dynamic-0,1008.51,256281.84,1414.09,0.0,0,296,581.9844,94.8965,339.4405,1.11,A
39,es-stress-d4/elasticsearch-dynamic-0,1007.19,253526.91,1414.09,0.0,0,605,581.9844,93.9877,339.4405,1.13,A
39,hotel1/consul,28.62,31.02,212.87,0.0,0,6452,1068.6067,2.5575,339.4405,0.0238,A
39,hotel1/frontend,9618.09,117.07,1119.14,0.0,0,786800,130313.0382,112.5076,339.4405,10.8,A
39,hotel1/geo,1087.0,26.98,1119.06,0.0,0,3227,581.9844,12.7196,339.4405,1.33,A
39,hotel1/jaeger,0.35,14.89,81.01,0.0,0,0,581.9844,2.5575,2.7184,0.0,A
39,hotel1/memcached-profile,222.65,8.79,79.27,0.0,0,2438,581.9844,2.6064,339.4405,0.273,A
39,hotel1/memcached-rate,203.04,7.58,79.27,0.0,0,4107,680.2182,2.5575,339.4405,0.25,A
39,hotel1/search,2528.71,31.79,1119.06,0.0,0,4664,772.4708,29.5799,339.4405,2.97,A
39,hotel1/mongodb-geo,9.14,71.61,400.43,0.0,0,195,581.9844,2.5575,339.4405,0.0,A
39,hotel1/recommendation,628.69,24.8,1119.06,0.0,0,3043,581.9844,7.3597,339.4405,0.713,A
39,hotel1/rate,1702.66,39.02,1119.14,0.0,0,4086,676.7401,19.9228,339.4405,2.2,A
39,hotel1/profile,3158.75,42.09,1119.06,0.0,0,25007,4141.7618,36.9507,339.4405,4.18,A
39,hotel1/mongodb-user,9.44,73.83,400.43,0.0,0,298,581.9844,2.5575,339.4405,0.0119,A
39,hotel1/memcached-reserve,276.42,7.96,79.27,0.0,0,1872,581.9844,3.2349,339.4405,0.321,A
39,hotel1/mongodb-recommendation,9.52,71.41,400.43,0.0,0,414,581.9844,2.5575,339.4405,0.0,A
39,hotel1/mongodb-rate,9.34,73.2,400.43,0.0,0,294,581.9844,2.5575,339.4405,0.0,A
39,hotel1/mongodb-profile,10.11,74.36,400.43,0.0,0,534,581.9844,2.5575,339.4405,0.0238,A
39,hotel1/mongodb-reservation,48.74,125.47,400.43,0.25,86,1173,581.9844,2.5575,339.4405,0.0713,A
40,hotel1/user,60.05,20.81,1119.06,0.0,0,1667,581.9844,2.5575,370.9545,0.0925,A
40,hotel1/reservation,4799.13,79.16,1119.06,0.0,0,672617,117948.8298,57.5505,370.9545,5.23,A
40,hotel1/search,2845.25,33.87,1119.06,0.0,0,5290,927.6443,34.1153,370.9545,3.09,A
40,es-stress-d2/elasticsearch-dynamic-0,1013.93,252885.58,1414.09,0.0,0,150,581.9844,98.9252,370.9545,1.26,A
40,es-stress-d3/elasticsearch-dynamic-0,1014.62,262029.27,1414.09,0.0,0,364,581.9844,102.0709,370.9545,1.22,A
40,es-stress-d4/elasticsearch-dynamic-0,1013.13,258743.98,1414.09,0.0,0,443,581.9844,100.9258,370.9545,1.23,A
40,hotel1/consul,26.74,31.02,212.87,0.0,0,4439,778.4145,2.5575,370.9545,0.0264,A
40,hotel1/frontend,9658.96,117.86,1119.14,0.0,0,650986,114155.659,115.8146,370.9545,12.1,A
40,hotel1/geo,1200.36,25.95,1119.06,0.0,0,3640,638.3034,14.3967,370.9545,1.39,A
40,hotel1/jaeger,0.38,14.89,81.01,0.0,0,0,581.9844,2.5575,2.7184,0.0,A
40,hotel1/memcached-profile,241.4,8.08,79.27,0.0,0,3893,682.669,2.8962,370.9545,0.277,A
40,hotel1/memcached-rate,230.83,7.87,79.27,0.0,0,3187,581.9844,2.7695,370.9545,0.238,A
40,es-stress-d/elasticsearch-dynamic-0,1014.0,260595.36,1414.09,0.0,0,132,581.9844,101.5714,370.9545,1.23,A
40,hotel1/mongodb-geo,12.83,71.42,400.43,0.0273,1,220,581.9844,2.5575,370.9545,0.0132,A
40,hotel1/memcached-reserve,304.18,7.52,79.27,0.0,0,1899,581.9844,3.6485,370.9545,0.317,A
40,hotel1/rate,1988.14,38.04,1119.14,0.0,0,4086,716.5131,23.8433,370.9545,2.34,A
40,hotel1/profile,3395.94,43.46,1119.06,0.0,0,19064,3343.0266,40.7193,370.9545,3.71,A
40,hotel1/mongodb-user,11.33,73.84,400.43,0.0273,1,346,581.9844,2.5575,370.9545,0.0264,A
40,hotel1/recommendation,699.51,25.43,1119.06,0.0,0,4125,723.3521,8.3932,370.9545,0.846,A
40,hotel1/mongodb-reservation,67.12,125.65,400.43,0.3477,93,1092,581.9844,2.5575,370.9545,0.0661,A
40,hotel1/mongodb-recommendation,11.15,71.66,400.43,0.0273,1,478,581.9844,2.5575,370.9545,0.0264,A
40,hotel1/mongodb-rate,12.87,73.2,400.43,0.0273,1,249,581.9844,2.5575,370.9545,0.0264,A
40,hotel1/mongodb-profile,12.66,74.33,400.43,0.0273,1,243,581.9844,2.5575,370.9545,0.0,A
41,hotel1/user,62.08,21.01,1119.06,0.0,0,1899,581.9844,2.5575,349.564,0.0561,A
41,hotel1/reservation,4510.28,81.18,1119.06,0.0,0,604741,101959.4262,44.0176,349.564,6.3,A
41,es-stress-d/elasticsearch-dynamic-0,1005.8,265935.61,1414.09,0.0,0,104,581.9844,81.3227,349.564,1.3,A
41,es-stress-d2/elasticsearch-dynamic-0,1005.5,258051.08,1414.09,0.0,0,131,581.9844,79.1995,349.564,1.32,A
41,es-stress-d3/elasticsearch-dynamic-0,1005.01,267835.68,1414.09,0.0,0,421,581.9844,81.8259,349.564,1.3,A
41,es-stress-d4/elasticsearch-dynamic-0,1004.94,263929.73,1414.09,0.0,0,1248,581.9844,80.7749,349.564,1.3,A
41,hotel1/consul,27.8,31.02,212.87,0.0,0,3552,598.8677,2.5575,349.564,0.028,A
41,hotel1/frontend,9875.83,119.62,1119.14,0.0,0,790149,133219.2437,96.3666,349.564,9.13,A
41,hotel1/geo,1142.57,28.16,1119.06,0.0,0,2878,581.9844,11.1528,349.564,1.21,A
41,hotel1/jaeger,0.28,14.89,81.01,0.0,0,0,581.9844,2.5575,2.7184,0.0,A
41,hotel1/memcached-profile,239.02,8.07,79.27,0.0,0,2855,581.9844,2.5575,349.564,0.252,A
41,hotel1/memcached-rate,219.9,7.59,79.27,0.0,0,2547,581.9844,2.5575,349.564,0.238,A
41,hotel1/search,2715.21,33.3,1119.06,0.0,0,4468,753.3055,26.4946,349.564,2.62,A
41,hotel1/mongodb-geo,8.88,71.42,400.43,0.0,0,372,581.9844,2.5575,349.564,0.014,A
41,hotel1/mongodb-profile,10.53,74.17,400.43,0.0,0,265,581.9844,2.5575,349.564,0.028,A
41,hotel1/mongodb-rate,8.74,73.2,400.43,0.0,0,278,581.9844,2.5575,349.564,0.028,A
41,hotel1/mongodb-recommendation,10.05,71.6,400.43,0.0,0,419,581.9844,2.5575,349.564,0.0,A
41,hotel1/mongodb-reservation,50.17,125.82,400.43,0.2656,90,878,581.9844,2.5575,349.564,0.0561,A
41,hotel1/mongodb-user,8.75,74.02,400.43,0.0,0,410,581.9844,2.5575,349.564,0.014,A
41,hotel1/profile,3331.12,40.59,1119.06,0.0,0,52460,8844.7641,32.5045,349.564,3.13,A
41,hotel1/rate,1930.17,40.29,1119.14,0.0,0,3731,629.0472,18.8388,349.564,1.87,A
41,hotel1/recommendation,665.39,25.38,1119.06,0.0,0,2872,581.9844,6.4974,349.564,0.687,A
41,hotel1/memcached-reserve,292.19,7.3,79.27,0.0,0,2247,581.9844,2.8521,349.564,0.323,A
42,hotel1/user,59.54,21.3,1119.06,0.0,0,1649,581.9844,2.5575,357.9251,0.0541,A
42,hotel1/reservation,4693.97,79.57,1119.06,0.0,0,699970,117637.8129,57.1396,357.9251,5.68,A
42,es-stress-d/elasticsearch-dynamic-0,1011.67,271280.86,1414.09,0.0,0,133,581.9844,100.8633,357.9251,1.26,A
42,es-stress-d2/elasticsearch-dynamic-0,1012.31,263248.33,1414.09,0.0117,4,133,581.9844,98.249,357.9251,1.26,A
42,es-stress-d3/elasticsearch-dynamic-0,1012.17,273542.04,1414.09,0.0234,10,740,581.9844,101.6075,357.9251,1.27,A
42,es-stress-d4/elasticsearch-dynamic-0,1010.82,269146.79,1414.09,0.0,0,998,581.9844,100.1563,357.9251,1.27,A
42,hotel1/consul,26.53,31.02,212.87,0.0,0,5010,841.9867,2.5575,357.9251,0.0405,A
42,hotel1/frontend,9488.01,115.97,1119.14,0.0,0,765805,128702.1234,115.4827,357.9251,11.1,A
42,hotel1/geo,1151.97,26.83,1119.06,0.0,0,3049,581.9844,14.0253,357.9251,1.24,A
42,hotel1/jaeger,0.32,14.89,81.01,0.0,0,0,581.9844,2.5575,2.7184,0.0,A
42,hotel1/memcached-profile,233.81,9.37,79.27,0.0,0,3100,581.9844,2.8479,357.9251,0.27,A
42,hotel1/memcached-rate,224.52,7.6,79.27,0.0,0,3618,608.0455,2.7343,357.9251,0.243,A
42,hotel1/search,2714.95,32.06,1119.06,0.0,0,4757,799.4672,33.0445,357.9251,2.85,A
42,hotel1/mongodb-geo,10.09,71.42,400.43,0.0273,1,181,581.9844,2.5575,357.9251,0.0135,A
42,hotel1/mongodb-profile,10.55,74.17,400.43,0.0273,1,208,581.9844,2.5575,357.9251,0.027,A
42,hotel1/mongodb-rate,10.65,73.2,400.43,0.0742,10,510,581.9844,2.5575,357.9251,0.027,A
42,hotel1/mongodb-recommendation,11.3,71.41,400.43,0.0742,10,405,581.9844,2.5575,357.9251,0.027,A
42,hotel1/mongodb-reservation,53.18,126.34,400.43,0.918,107,1403,581.9844,2.5575,357.9251,0.0946,A
42,hotel1/mongodb-user,10.27,73.99,400.43,0.0273,1,257,581.9844,2.5575,357.9251,0.027,A
42,hotel1/profile,3369.31,42.6,1119.06,0.0,0,27238,4577.6515,41.0098,357.9251,3.53,A
42,hotel1/rate,1861.6,37.83,1119.14,0.0,0,4159,698.9666,22.6633,357.9251,1.97,A
42,hotel1/recommendation,653.52,23.21,1119.06,0.0,0,3772,633.9269,7.9592,357.9251,0.676,A
42,hotel1/memcached-reserve,293.83,8.31,79.27,0.0,0,2802,581.9844,3.5779,357.9251,0.311,A
43,hotel1/user,62.58,21.68,1119.06,0.0,0,2015,581.9844,2.5575,352.9503,0.0738,A
43,hotel1/search,2690.04,30.31,1119.06,0.0,0,8264,1505.1782,32.591,352.9503,2.75,A
43,hotel1/recommendation,659.9,22.5,1119.06,0.0,0,2836,581.9844,7.9998,352.9503,0.713,A
43,es-stress-d/elasticsearch-dynamic-0,1003.52,276575.36,1414.09,0.0234,6,133,581.9844,100.5792,352.9503,1.16,A
43,es-stress-d2/elasticsearch-dynamic-0,1003.58,268438.33,1414.09,0.0078,4,142,581.9844,97.9784,352.9503,1.14,A
43,es-stress-d3/elasticsearch-dynamic-0,1003.73,279403.79,1414.09,0.0,0,1033,581.9844,101.486,352.9503,1.17,A
43,es-stress-d4/elasticsearch-dynamic-0,1002.89,274320.04,1414.09,0.0195,8,1451,581.9844,99.8505,352.9503,1.16,A
43,hotel1/consul,27.55,31.02,212.87,0.0,0,3519,640.9393,2.5575,352.9503,0.0369,A
43,hotel1/frontend,9572.55,121.14,1119.14,0.0,0,685684,124888.2657,115.9799,352.9503,11.2,A
43,hotel1/geo,1091.38,27.58,1119.06,0.0,0,3048,581.9844,13.2274,352.9503,1.18,A
43,hotel1/jaeger,0.33,14.89,81.01,0.0,0,0,581.9844,2.5575,2.7184,0.0,A
43,hotel1/memcached-profile,241.08,8.07,79.27,0.0,0,3007,581.9844,2.9225,352.9503,0.234,A
43,hotel1/reservation,4648.59,78.85,1119.06,0.0,0,571190,104034.6989,56.3282,352.9503,5.13,A
43,hotel1/memcached-reserve,296.18,9.84,79.27,0.0,0,2168,581.9844,3.5904,352.9503,0.32,A
43,hotel1/mongodb-geo,9.68,71.61,400.43,0.0469,9,299,581.9844,2.5575,352.9503,0.0,A
43,hotel1/mongodb-profile,10.19,74.36,400.43,0.0469,9,280,581.9844,2.5575,352.9503,0.0246,A
43,hotel1/mongodb-rate,9.13,73.39,400.43,0.0,0,221,581.9844,2.5575,352.9503,0.0123,A
43,hotel1/mongodb-recommendation,9.31,71.6,400.43,0.0,0,366,581.9844,2.5575,352.9503,0.0123,A
43,hotel1/mongodb-reservation,52.31,126.7,400.43,0.2617,84,1030,581.9844,2.5575,352.9503,0.0492,A
43,hotel1/mongodb-user,9.6,74.02,400.43,0.0469,9,495,581.9844,2.5575,352.9503,0.0123,A
43,hotel1/profile,3447.4,42.34,1119.06,0.0,0,45730,8329.1143,41.7679,352.9503,4.13,A
43,hotel1/rate,1958.29,38.14,1119.14,0.0,0,3717,677.0024,23.7307,352.9503,1.91,A
43,hotel1/memcached-rate,218.23,7.61,79.27,0.0,0,3275,596.4979,2.6456,352.9503,0.234,A
44,hotel1/search,2654.25,33.61,1119.06,0.0,0,3936,698.0035,27.5448,348.4892,2.99,A
44,hotel1/user,58.04,21.18,1119.06,0.0,0,1923,581.9844,2.5575,348.4892,0.0612,A
44,hotel1/reservation,4494.9,80.23,1119.06,0.0,0,515279,91378.6909,46.6527,348.4892,5.16,A
44,es-stress-d/elasticsearch-dynamic-0,1016.51,281910.23,1414.09,0.0,0,117,581.9844,87.1189,348.4892,1.15,A
44,es-stress-d2/elasticsearch-dynamic-0,1016.93,273679.64,1414.09,0.0,0,507,581.9844,84.8876,348.4892,1.16,A
44,es-stress-d3/elasticsearch-dynamic-0,1016.02,285387.68,1414.09,0.0,0,908,581.9844,88.0584,348.4892,1.19,A
44,es-stress-d4/elasticsearch-dynamic-0,1015.23,279540.79,1414.09,0.0,0,721,581.9844,86.462,348.4892,1.14,A
44,hotel1/consul,27.11,31.02,212.87,0.0,0,4396,779.5791,2.5575,348.4892,0.0245,A
44,hotel1/geo,1205.27,25.69,1119.06,0.0,0,2765,581.9844,12.5107,348.4892,1.29,A
44,hotel1/jaeger,0.36,14.89,81.01,0.0,0,0,581.9844,2.5575,2.7184,0.0,A
44,hotel1/memcached-profile,233.22,8.31,79.27,0.0,0,2603,581.9844,2.5575,348.4892,0.245,A
44,hotel1/memcached-rate,206.49,7.84,79.27,0.0,0,3754,665.7279,2.5575,348.4892,0.257,A
44,hotel1/frontend,9830.6,121.25,1119.14,0.0,0,713026,126446.8035,102.0174,348.4892,10.9,A
44,hotel1/mongodb-geo,10.28,71.42,400.43,0.0273,1,233,581.9844,2.5575,348.4892,0.0245,A
44,hotel1/memcached-reserve,283.77,8.41,79.27,0.0,0,2006,581.9844,2.9462,348.4892,0.343,A
44,hotel1/rate,1979.84,38.16,1119.14,0.0,0,4037,715.9146,20.5496,348.4892,2.29,A
44,hotel1/profile,3553.49,41.11,1119.06,0.0,0,42487,7534.5714,36.8757,348.4892,3.44,A
44,hotel1/mongodb-user,10.4,73.99,400.43,0.0273,1,380,581.9844,2.5575,348.4892,0.0,A
44,hotel1/recommendation,665.98,24.89,1119.06,0.0,0,3202,581.9844,6.9158,348.4892,0.71,A
44,hotel1/mongodb-recommendation,11.34,71.41,400.43,0.0273,1,276,581.9844,2.5575,348.4892,0.0245,A
44,hotel1/mongodb-rate,10.52,73.2,400.43,0.0273,1,274,581.9844,2.5575,348.4892,0.0245,A
44,hotel1/mongodb-profile,11.72,74.17,400.43,0.0273,1,290,581.9844,2.5575,348.4892,0.0122,A
44,hotel1/mongodb-reservation,50.66,126.88,400.43,0.2891,87,1216,581.9844,2.5575,348.4892,0.098,A
45,hotel1/user,66.28,20.96,1119.06,0.0,0,1815,581.9844,2.5575,356.4896,0.0651,A
45,hotel1/search,2865.79,31.64,1119.06,0.0,0,4435,731.418,31.683,356.4896,3.4,A
45,hotel1/recommendation,687.5,24.86,1119.06,0.0,0,3205,581.9844,7.6056,356.4896,0.795,A
45,es-stress-d/elasticsearch-dynamic-0,1006.45,287225.73,1414.09,0.0,0,121,581.9844,92.7732,356.4896,1.24,A
45,es-stress-d2/elasticsearch-dynamic-0,1006.63,278892.14,1414.09,0.0,0,312,581.9844,90.4063,356.4896,1.24,A
45,es-stress-d3/elasticsearch-dynamic-0,1006.75,291138.43,1414.09,0.0,0,582,581.9844,93.8888,356.4896,1.22,A
45,es-stress-d4/elasticsearch-dynamic-0,1005.88,284749.7,1414.09,0.0,0,152,581.9844,92.0631,356.4896,1.22,A
45,hotel1/consul,27.46,31.02,212.87,0.0,0,4073,671.7171,2.5575,356.4896,0.026,A
45,hotel1/frontend,9826.07,118.19,1119.14,0.0,0,724068,119412.9342,108.6356,356.4896,12.2,A
45,hotel1/geo,1118.86,26.59,1119.06,0.0,0,3450,581.9844,12.3737,356.4896,1.38,A
45,hotel1/jaeger,0.28,14.89,81.01,0.0,0,0,581.9844,2.5575,2.7184,0.0,A
45,hotel1/memcached-profile,253.63,8.32,79.27,0.0,0,2449,581.9844,2.8056,356.4896,0.313,A
45,hotel1/reservation,4565.49,79.63,1119.06,0.0,0,666211,109871.1866,50.4824,356.4896,5.48,A
45,hotel1/memcached-reserve,297.51,7.8,79.27,0.0,0,1829,581.9844,3.2904,356.4896,0.326,A
45,hotel1/mongodb-geo,9.03,71.42,400.43,0.0,0,290,581.9844,2.5575,356.4896,0.013,A
45,hotel1/mongodb-profile,9.87,74.17,400.43,0.0,0,265,581.9844,2.5575,356.4896,0.013,A
45,hotel1/mongodb-rate,9.68,73.2,400.43,0.0,0,264,581.9844,2.5575,356.4896,0.013,A
45,hotel1/mongodb-recommendation,9.51,71.41,400.43,0.0,0,399,581.9844,2.5575,356.4896,0.013,A
45,hotel1/mongodb-reservation,52.58,126.88,400.43,0.2773,87,980,581.9844,2.5575,356.4896,0.0391,A
45,hotel1/mongodb-user,9.1,73.83,400.43,0.0,0,196,581.9844,2.5575,356.4896,0.013,A
45,hotel1/profile,3378.13,46.68,1119.06,0.0,0,29422,4852.2616,37.3498,356.4896,4.3,A
45,hotel1/rate,1966.31,37.21,1119.14,0.0,0,3953,651.9268,21.7431,356.4896,2.32,A
45,hotel1/memcached-rate,218.03,7.57,79.27,0.0,0,3298,581.9844,2.5575,356.4896,0.287,A
46,hotel1/user,61.08,21.59,1119.06,0.0,0,1612,581.9844,2.5575,354.0971,0.0707,A
46,hotel1/search,2792.07,31.07,1119.06,0.0,0,5219,858.1493,32.3149,354.0971,3.34,A
46,hotel1/recommendation,663.48,25.81,1119.06,0.0,0,3452,581.9844,7.6844,354.0971,0.813,A
46,hotel1/reservation,4500.45,74.44,1119.06,0.0,0,619018,101783.84,52.0945,354.0971,5.43,A
46,es-stress-d/elasticsearch-dynamic-0,1008.37,292530.48,1414.09,0.0039,2,107,581.9844,96.9747,354.0971,1.11,A
46,es-stress-d2/elasticsearch-dynamic-0,1009.75,284086.94,1414.09,0.0039,2,152,581.9844,94.5283,354.0971,1.13,A
46,es-stress-d3/elasticsearch-dynamic-0,1008.99,296802.87,1414.09,0.0039,2,826,581.9844,98.2277,354.0971,1.11,A
46,es-stress-d4/elasticsearch-dynamic-0,1007.73,289898.95,1414.09,0.0039,2,136,581.9844,96.1999,354.0971,1.12,A
46,hotel1/consul,26.94,31.02,212.87,0.0,0,4752,781.3615,2.5575,354.0971,0.0354,A
46,hotel1/geo,1127.25,25.1,1119.06,0.0,0,2671,581.9844,13.0502,354.0971,1.34,A
46,hotel1/jaeger,0.32,14.89,81.01,0.0,0,0,581.9844,2.5575,2.7184,0.0,A
46,hotel1/memcached-profile,242.81,8.79,79.27,0.0,0,3029,581.9844,2.812,354.0971,0.306,A
46,hotel1/frontend,9905.41,116.35,1119.14,0.0,0,763192,125490.0704,114.6452,354.0971,11.1,A
46,hotel1/memcached-reserve,285.48,8.79,79.27,0.0,0,2575,581.9844,3.3057,354.0971,0.377,A
46,hotel1/memcached-rate,216.23,7.84,79.27,0.0,0,3616,594.5713,2.5575,354.0971,0.283,A
46,hotel1/profile,3478.48,41.38,1119.06,0.0,0,26191,4306.5316,40.2601,354.0971,4.14,A
46,hotel1/mongodb-user,10.34,73.99,400.43,0.0273,1,220,581.9844,2.5575,354.0971,0.0118,A
46,hotel1/mongodb-reservation,52.72,127.16,400.43,0.3086,86,1305,581.9844,2.5575,354.0971,0.0589,A
46,hotel1/rate,1900.85,36.96,1119.14,0.0,0,4424,727.4291,22.0047,354.0971,2.24,A
46,hotel1/mongodb-rate,10.61,73.2,400.43,0.0273,1,358,581.9844,2.5575,354.0971,0.0236,A
46,hotel1/mongodb-profile,12.28,74.33,400.43,0.0273,1,263,581.9844,2.5575,354.0971,0.0118,A
46,hotel1/mongodb-geo,10.1,71.42,400.43,0.0273,1,255,581.9844,2.5575,354.0971,0.0236,A
46,hotel1/mongodb-recommendation,11.49,71.41,400.43,0.0273,1,507,581.9844,2.5575,354.0971,0.0118,A
47,hotel1/user,59.09,21.46,1119.06,0.0,0,1962,581.9844,2.5575,337.8013,0.0565,A
47,hotel1/reservation,4435.26,82.16,1119.06,0.0,0,642278,111088.9856,48.1138,337.8013,5.46,A
47,es-stress-d/elasticsearch-dynamic-0,1004.42,297847.73,1414.09,0.0,0,141,581.9844,88.3962,337.8013,1.07,A
47,es-stress-d2/elasticsearch-dynamic-0,1005.21,289296.26,1414.09,0.0,0,380,581.9844,86.1795,337.8013,1.07,A
47,es-stress-d3/elasticsearch-dynamic-0,1004.91,302748.21,1414.09,0.0,0,1152,581.9844,89.6767,337.8013,1.09,A
47,es-stress-d4/elasticsearch-dynamic-0,1004.85,295115.04,1414.09,0.0,0,201,581.9844,87.6897,337.8013,1.07,A
47,hotel1/consul,28.87,31.02,212.87,0.0,0,3155,581.9844,2.5575,337.8013,0.0226,A
47,hotel1/frontend,9460.95,124.29,1119.14,0.0,0,660931,114315.2254,102.6194,337.8013,10.3,A
47,hotel1/geo,1092.35,26.03,1119.06,0.0,0,3079,581.9844,11.8514,337.8013,1.23,A
47,hotel1/jaeger,0.3,14.89,81.01,0.0,0,0,581.9844,2.5575,2.7184,0.0113,A
47,hotel1/memcached-profile,234.68,8.04,79.27,0.0,0,2813,581.9844,2.5575,337.8013,0.283,A
47,hotel1/memcached-rate,201.06,7.86,79.27,0.0,0,2234,581.9844,2.5575,337.8013,0.26,A
47,hotel1/search,2634.79,34.01,1119.06,0.0,0,4932,853.0432,28.5784,337.8013,3.17,A
47,hotel1/mongodb-geo,9.4,71.42,400.43,0.0,0,303,581.9844,2.5575,337.8013,0.0,A
47,hotel1/recommendation,673.09,24.39,1119.06,0.0,0,3344,581.9844,7.3048,337.8013,0.78,A
47,hotel1/rate,1865.21,39.02,1119.14,0.0,0,3303,581.9844,20.235,337.8013,2.43,A
47,hotel1/profile,3385.95,41.1,1119.06,0.0,0,55447,9590.1634,36.7253,337.8013,4.38,A
47,hotel1/mongodb-user,9.68,73.83,400.43,0.0,0,257,581.9844,2.5575,337.8013,0.0226,A
47,hotel1/memcached-reserve,275.42,7.8,79.27,0.0,0,1699,581.9844,2.9885,337.8013,0.351,A
47,hotel1/mongodb-recommendation,10.18,71.41,400.43,0.0,0,293,581.9844,2.5575,337.8013,0.0113,A
47,hotel1/mongodb-rate,9.28,73.2,400.43,0.0,0,333,581.9844,2.5575,337.8013,0.0226,A
47,hotel1/mongodb-profile,10.05,74.17,400.43,0.0,0,259,581.9844,2.5575,337.8013,0.0113,A
47,hotel1/mongodb-reservation,45.85,127.29,400.43,0.25,85,816,581.9844,2.5575,337.8013,0.0452,A
48,hotel1/user,56.16,21.1,1119.06,0.0,0,1904,581.9844,2.5575,328.0074,0.0894,A
48,hotel1/reservation,4144.26,74.52,1119.06,0.0,0,534114,89375.0455,40.5769,328.0074,5.82,A
48,hotel1/search,2589.17,30.2,1119.06,0.0,0,7526,1259.3502,25.3471,328.0074,3.4,A
48,es-stress-d2/elasticsearch-dynamic-0,1008.12,294485.34,1414.09,0.0156,2,796,581.9844,76.9662,328.0074,1.24,A
48,es-stress-d3/elasticsearch-dynamic-0,1007.73,308549.21,1414.09,0.0391,8,1302,581.9844,80.1669,328.0074,1.21,A
48,es-stress-d4/elasticsearch-dynamic-0,1008.96,300298.79,1414.09,0.0,0,132,581.9844,78.2991,328.0074,1.21,A
48,hotel1/consul,27.56,31.02,212.87,0.0,0,4488,750.9917,2.5575,328.0074,0.0383,A
48,hotel1/frontend,9857.82,121.65,1119.14,0.0,0,885435,148162.7395,96.5064,328.0074,11.3,A
48,hotel1/geo,1066.2,26.99,1119.06,0.0,0,2714,581.9844,10.4411,328.0074,1.51,A
48,hotel1/jaeger,0.32,14.89,81.01,0.0,0,0,581.9844,2.5575,2.7184,0.0,A
48,hotel1/memcached-profile,220.28,7.84,79.27,0.0,0,3335,581.9844,2.5575,328.0074,0.281,A
48,hotel1/memcached-rate,204.14,7.56,79.27,0.0,0,3270,581.9844,2.5575,328.0074,0.268,A
48,es-stress-d/elasticsearch-dynamic-0,1012.27,303156.07,1414.09,0.0,0,102,581.9844,78.9825,328.0074,1.23,A
48,hotel1/mongodb-geo,11.02,71.58,400.43,0.0312,1,212,581.9844,2.5575,328.0074,0.0255,A
48,hotel1/memcached-reserve,276.92,7.93,79.27,0.0,0,1862,581.9844,2.712,328.0074,0.345,A
48,hotel1/rate,1847.2,37.82,1119.14,0.0,0,3635,608.2565,18.0872,328.0074,2.29,A
48,hotel1/profile,3003.19,45.27,1119.06,0.0,0,28545,4776.5284,29.4026,328.0074,4.63,A
48,hotel1/mongodb-user,11.54,73.84,400.43,0.0312,1,394,581.9844,2.5575,328.0074,0.0,A
48,hotel1/recommendation,671.18,26.12,1119.06,0.0,0,3219,581.9844,6.5748,328.0074,0.804,A
48,hotel1/mongodb-reservation,53.0,127.63,400.43,0.2773,83,1098,581.9844,2.5575,328.0074,0.0511,A
48,hotel1/mongodb-recommendation,11.7,71.41,400.43,0.0312,1,254,581.9844,2.5575,328.0074,0.0255,A
48,hotel1/mongodb-rate,11.04,73.21,400.43,0.0312,1,189,581.9844,2.5575,328.0074,0.0,A
48,hotel1/mongodb-profile,10.83,74.17,400.43,0.0273,1,350,581.9844,2.5575,328.0074,0.0128,A
49,hotel1/user,61.56,21.55,1119.06,0.0,0,2099,581.9844,2.5575,347.0532,0.0868,A
49,hotel1/reservation,4316.68,74.85,1119.06,0.0,0,628340,106338.3155,47.6479,347.0532,5.84,A
49,es-stress-d2/elasticsearch-dynamic-0,1009.43,299691.97,1414.09,0.0156,2,666,581.9844,87.2627,347.0532,1.15,A
49,es-stress-d3/elasticsearch-dynamic-0,571.19,311728.84,1414.09,0.0,0,886,581.9844,85.4848,347.0532,1.15,A
49,es-stress-d4/elasticsearch-dynamic-0,1009.33,305521.54,1414.09,0.0234,8,155,581.9844,88.7424,347.0532,1.14,A
49,hotel1/consul,27.96,31.02,212.87,0.0,0,3262,581.9844,2.5575,347.0532,0.0372,A
49,hotel1/frontend,9703.94,112.93,1119.14,0.0,0,815688,138044.5107,107.0989,347.0532,11.4,A
49,hotel1/geo,1129.2,26.22,1119.06,0.0,0,3243,581.9844,12.4659,347.0532,1.34,A
49,hotel1/jaeger,0.29,14.89,81.01,0.0,0,0,581.9844,2.5575,2.7184,0.0,A
49,hotel1/memcached-profile,231.92,8.05,79.27,0.0,0,2650,581.9844,2.561,347.0532,0.335,A
49,hotel1/memcached-rate,209.92,7.86,79.27,0.0,0,2839,581.9844,2.5575,347.0532,0.26,A
49,hotel1/memcached-reserve,274.35,7.8,79.27,0.0,0,2169,581.9844,3.0291,347.0532,0.335,A
49,es-stress-d/elasticsearch-dynamic-0,1010.36,308491.32,1414.09,0.0273,6,124,581.9844,89.5081,347.0532,1.14,A
49,hotel1/mongodb-profile,10.36,74.36,400.43,0.0,0,243,581.9844,2.5575,347.0532,0.0124,A
49,hotel1/mongodb-geo,10.21,71.43,400.43,0.0,0,340,581.9844,2.5575,347.0532,0.0248,A
49,hotel1/recommendation,674.52,25.14,1119.06,0.0,0,2833,581.9844,7.4488,347.0532,0.793,A
49,hotel1/rate,1898.72,38.77,1119.14,0.0,0,3269,581.9844,20.9597,347.0532,2.31,A
49,hotel1/profile,3291.41,40.87,1119.06,0.0,0,30134,5099.7848,36.3268,347.0532,3.58,A
49,hotel1/search,2716.27,29.67,1119.06,0.0,0,5207,881.2166,29.978,347.0532,3.52,A
49,hotel1/mongodb-reservation,44.23,127.72,400.43,0.2227,78,922,581.9844,2.5575,347.0532,0.062,A
49,hotel1/mongodb-recommendation,10.14,71.41,400.43,0.0,0,306,581.9844,2.5575,347.0532,0.0124,A
49,hotel1/mongodb-rate,10.45,73.39,400.43,0.0,0,345,581.9844,2.5575,347.0532,0.0248,A
49,hotel1/mongodb-user,10.19,74.03,400.43,0.0,0,227,581.9844,2.5575,347.0532,0.0,A
50,hotel1/user,56.33,21.45,1119.06,0.0,0,1886,581.9844,2.5575,342.9424,0.0674,A
50,hotel1/search,2561.21,32.98,1119.06,0.0,0,18512,3206.9266,31.81,342.9424,3.19,A
50,hotel1/recommendation,652.68,22.05,1119.06,0.0,0,3575,619.3152,8.1099,342.9424,0.786,A
50,hotel1/reservation,4699.4,73.42,1119.06,0.0,0,714885,123843.1154,58.3697,342.9424,5.49,A
50,es-stress-d/elasticsearch-dynamic-0,624.13,311740.64,1414.09,0.0,0,245,581.9844,92.344,342.9424,1.1,A
50,es-stress-d2/elasticsearch-dynamic-0,1008.11,304901.47,1414.09,0.0,0,503,581.9844,95.2557,342.9424,1.08,A
50,es-stress-d3/elasticsearch-dynamic-0,11.41,311728.84,1414.09,0.0,0,481,581.9844,84.733,342.9424,1.1,A
50,es-stress-d4/elasticsearch-dynamic-0,1007.39,310747.4,1414.09,0.0,0,117,581.9844,96.8331,342.9424,1.08,A
50,hotel1/consul,26.55,31.02,212.87,0.0,0,3471,601.2987,2.5575,342.9424,0.0337,A
50,hotel1/geo,1127.32,25.75,1119.06,0.0,0,3039,581.9844,14.0043,342.9424,1.2,A
50,hotel1/jaeger,0.31,14.89,81.01,0.0,0,0,581.9844,2.5575,2.7184,0.0,A
50,hotel1/memcached-profile,234.02,9.81,79.27,0.0,0,4222,731.3982,2.9084,342.9424,0.258,A
50,hotel1/frontend,9465.7,129.72,1119.14,0.0,0,635118,110024.6777,117.5654,342.9424,11.0,A
50,hotel1/memcached-reserve,280.12,7.26,79.27,0.0,0,1835,581.9844,3.4801,342.9424,0.337,A
50,hotel1/memcached-rate,206.01,7.58,79.27,0.0,0,3562,617.0631,2.56,342.9424,0.247,A
50,hotel1/profile,3245.94,47.62,1119.06,0.0,0,52274,9055.6873,40.3159,342.9424,4.12,A
50,hotel1/mongodb-user,11.35,73.84,400.43,0.0312,1,297,581.9844,2.5575,342.9424,0.0112,A
50,hotel1/mongodb-reservation,49.73,128.24,400.43,0.2852,83,1085,581.9844,2.5575,342.9424,0.0786,A
50,hotel1/rate,1789.69,37.11,1119.14,0.0,0,4643,804.3302,22.2316,342.9424,2.27,A
50,hotel1/mongodb-rate,10.86,73.21,400.43,0.0312,1,254,581.9844,2.5575,342.9424,0.0112,A
50,hotel1/mongodb-profile,11.53,74.18,400.43,0.0312,1,241,581.9844,2.5575,342.9424,0.0112,A
50,hotel1/mongodb-geo,10.11,71.43,400.43,0.0312,1,183,581.9844,2.5575,342.9424,0.0112,A
50,hotel1/mongodb-recommendation,11.94,71.6,400.43,0.0312,1,316,581.9844,2.5575,342.9424,0.0225,A
51,hotel1/user,52.56,21.45,1119.06,0.0,0,2371,581.9844,2.5575,329.6081,0.105,A
51,hotel1/reservation,4318.74,77.06,1119.06,0.0,0,635916,102935.248,50.8762,329.6081,5.23,A
51,es-stress-d/elasticsearch-dynamic-0,7.02,311740.64,1414.09,0.0,0,700,581.9844,73.92,329.6081,1.23,A
51,es-stress-d2/elasticsearch-dynamic-0,1009.06,310542.13,1414.09,0.0,0,583,581.9844,85.4362,329.6081,1.23,A
51,es-stress-d3/elasticsearch-dynamic-0,7.28,311728.84,1414.09,0.0,0,625,581.9844,73.9202,329.6081,1.27,A
51,es-stress-d4/elasticsearch-dynamic-0,195.51,311732.01,1414.09,0.0,0,436,581.9844,76.1376,329.6081,1.25,A
51,hotel1/consul,27.18,31.02,212.87,0.0,0,4642,751.3971,2.5575,329.6081,0.0263,A
51,hotel1/frontend,9530.87,120.58,1119.14,0.0,0,731062,118336.46,112.2651,329.6081,12.3,A
51,hotel1/geo,1057.95,27.6,1119.06,0.0,0,2556,581.9844,12.4651,329.6081,1.5,A
51,hotel1/jaeger,0.29,14.89,81.01,0.0,0,0,581.9844,2.5575,2.7184,0.0,A
51,hotel1/memcached-profile,224.62,8.3,79.27,0.0,0,2438,581.9844,2.6471,329.6081,0.328,A
51,hotel1/memcached-rate,197.88,7.84,79.27,0.0,0,3746,606.3622,2.5575,329.6081,0.276,A
51,hotel1/search,2531.22,34.11,1119.06,0.0,0,4610,746.2173,29.816,329.6081,3.72,A
51,hotel1/mongodb-geo,9.78,71.61,400.43,0.0,0,304,581.9844,2.5575,329.6081,0.0131,A
51,hotel1/recommendation,640.04,25.41,1119.06,0.0,0,2759,581.9844,7.5432,329.6081,0.959,A
51,hotel1/rate,1717.42,39.03,1119.14,0.0,0,3344,581.9844,20.2338,329.6081,2.85,A
51,hotel1/profile,3189.93,46.54,1119.06,0.0,0,63311,10248.1043,37.576,329.6081,4.67,A
51,hotel1/mongodb-user,9.85,74.03,400.43,0.0,0,244,581.9844,2.5575,329.6081,0.0131,A
51,hotel1/memcached-reserve,273.59,7.29,79.27,0.0,0,1909,581.9844,3.2236,329.6081,0.381,A
51,hotel1/mongodb-recommendation,10.94,71.41,400.43,0.0,0,324,581.9844,2.5575,329.6081,0.0131,A
51,hotel1/mongodb-rate,10.07,73.39,400.43,0.0,0,304,581.9844,2.5575,329.6081,0.0263,A
51,hotel1/mongodb-profile,10.03,74.36,400.43,0.0,0,416,581.9844,2.5575,329.6081,0.0263,A
51,hotel1/mongodb-reservation,43.22,128.15,400.43,0.207,71,809,581.9844,2.5575,329.6081,0.0525,A
52,hotel1/user,60.82,21.18,1119.06,0.0,0,1522,581.9844,2.5575,351.5069,0.0574,A
52,hotel1/reservation,4548.78,76.85,1119.06,0.0,0,537777,86578.2739,56.8916,351.5069,4.82,A
52,hotel1/search,2688.95,31.89,1119.06,0.0,0,5432,874.5134,33.6273,351.5069,2.94,A
52,es-stress-d2/elasticsearch-dynamic-0,215.03,311735.33,1414.09,0.0,0,730,581.9844,82.0947,351.5069,1.08,A
52,es-stress-d3/elasticsearch-dynamic-0,10.65,311729.2,1414.09,0.0,0,4569,735.5765,79.5378,351.5069,1.07,A
52,es-stress-d4/elasticsearch-dynamic-0,9.02,311732.07,1414.09,0.0,0,1395,581.9844,79.5182,351.5069,1.07,A
52,hotel1/consul,24.28,31.02,212.87,0.0,0,5097,820.5808,2.5575,351.5069,0.0344,A
52,hotel1/frontend,9924.91,119.7,1119.14,0.0,0,745404,120004.7449,124.1188,351.5069,9.68,A
52,hotel1/geo,1164.23,26.42,1119.06,0.0,0,3040,581.9844,14.5628,351.5069,1.15,A
52,hotel1/jaeger,0.34,14.89,81.01,0.0,0,0,581.9844,2.5575,2.7184,0.0,A
52,hotel1/memcached-profile,241.17,8.79,79.27,0.0,0,3420,581.9844,3.0175,351.5069,0.229,A
52,hotel1/memcached-rate,215.29,7.56,79.27,0.0,0,4494,723.5021,2.6936,351.5069,0.206,A
52,es-stress-d/elasticsearch-dynamic-0,8.98,311740.84,1414.09,0.0,0,2929,581.9844,79.5199,351.5069,1.1,A
52,hotel1/mongodb-geo,10.26,71.43,400.43,0.0312,1,477,581.9844,2.5575,351.5069,0.0229,A
52,hotel1/memcached-reserve,278.95,7.52,79.27,0.0,0,1732,581.9844,3.4895,351.5069,0.31,A
52,hotel1/rate,1890.82,38.35,1119.14,0.0,0,4154,668.7645,23.6501,351.5069,2.1,A
52,hotel1/profile,3344.65,40.02,1119.06,0.0,0,73524,11836.8413,41.8274,351.5069,3.29,A
52,hotel1/mongodb-user,10.93,74.03,400.43,0.0312,1,307,581.9844,2.5575,351.5069,0.0115,A
52,hotel1/recommendation,693.58,24.66,1119.06,0.0,0,3194,581.9844,8.6779,351.5069,0.757,A
52,hotel1/mongodb-reservation,46.75,128.97,400.43,0.2891,84,1201,581.9844,2.5575,351.5069,0.0918,A
52,hotel1/mongodb-recommendation,12.27,71.41,400.43,0.0312,1,266,581.9844,2.5575,351.5069,0.0229,A
52,hotel1/mongodb-rate,10.53,73.21,400.43,0.0312,1,140,581.9844,2.5575,351.5069,0.0115,A
52,hotel1/mongodb-profile,12.42,74.33,400.43,0.0312,1,2052,581.9844,2.5575,351.5069,0.0229,A
53,hotel1/user,58.3,20.93,1119.06,0.0,0,1691,581.9844,2.5575,353.427,0.0731,A
53,hotel1/reservation,4463.1,82.98,1119.06,0.0,0,743113,124530.6219,59.5774,353.427,5.29,A
53,es-stress-d/elasticsearch-dynamic-0,6.58,311740.8,1414.09,0.0,0,719,581.9844,83.874,353.427,1.15,A
53,es-stress-d2/elasticsearch-dynamic-0,6.88,311735.31,1414.09,0.0039,2,813,581.9844,83.8766,353.427,1.13,A
53,es-stress-d3/elasticsearch-dynamic-0,7.64,311729.13,1414.09,0.0,0,1481,581.9844,83.885,353.427,1.16,A
53,es-stress-d4/elasticsearch-dynamic-0,6.72,311732.07,1414.09,0.0,0,1496,581.9844,83.8736,353.427,1.15,A
53,hotel1/consul,25.8,31.02,212.87,0.0,0,4425,741.54,2.5575,353.427,0.0365,A
53,hotel1/frontend,9854.41,124.45,1119.14,0.0,0,803221,134603.5,131.5296,353.427,11.3,A
53,hotel1/geo,1146.86,26.3,1119.06,0.0,0,3552,595.2429,15.3106,353.427,1.3,A
53,hotel1/jaeger,0.3,14.89,81.01,0.0,0,0,581.9844,2.5575,2.7184,0.0,A
53,hotel1/memcached-profile,238.94,8.31,79.27,0.0,0,3200,581.9844,3.1906,353.427,0.268,A
53,hotel1/memcached-rate,217.28,7.55,79.27,0.0,0,2684,581.9844,2.9014,353.427,0.256,A
53,hotel1/search,2750.12,35.36,1119.06,0.0,0,5628,943.1383,36.7068,353.427,3.24,A
53,hotel1/mongodb-geo,8.93,71.43,400.43,0.0,0,314,581.9844,2.5575,353.427,0.0244,A
53,hotel1/mongodb-profile,9.63,74.36,400.43,0.0,0,274,581.9844,2.5575,353.427,0.0122,A
53,hotel1/mongodb-rate,9.49,73.21,400.43,0.0,0,240,581.9844,2.5575,353.427,0.0244,A
53,hotel1/mongodb-recommendation,10.23,71.41,400.43,0.0,0,365,581.9844,2.5575,353.427,0.0,A
53,hotel1/mongodb-reservation,44.77,128.76,400.43,0.2383,76,984,581.9844,2.5575,353.427,0.0487,A
53,hotel1/mongodb-user,9.1,74.03,400.43,0.0,0,222,581.9844,2.5575,353.427,0.0122,A
53,hotel1/profile,3414.95,42.05,1119.06,0.0,0,38933,6524.3788,45.58,353.427,3.96,A
53,hotel1/rate,1911.47,36.19,1119.14,0.0,0,3355,581.9844,25.5162,353.427,2.47,A
53,hotel1/recommendation,661.42,25.71,1119.06,0.0,0,3207,581.9844,8.8328,353.427,0.719,A
53,hotel1/memcached-reserve,271.8,7.28,79.27,0.0,0,2369,581.9844,3.6288,353.427,0.353,A
54,hotel1/user,61.46,21.59,1119.06,0.0,0,1953,581.9844,2.5575,362.5317,0.0804,A
54,hotel1/reservation,4450.21,79.59,1119.06,0.0,0,568567,95817.9166,61.3064,362.5317,6.18,A
54,es-stress-d/elasticsearch-dynamic-0,11.31,311740.8,1414.09,0.0,0,614,581.9844,87.0041,362.5317,1.29,A
54,es-stress-d2/elasticsearch-dynamic-0,10.48,311735.31,1414.09,0.0117,4,1078,581.9844,86.9912,362.5317,1.29,A
54,es-stress-d3/elasticsearch-dynamic-0,10.72,311729.23,1414.09,0.0234,10,752,581.9844,86.9928,362.5317,0.0,A
54,es-stress-d4/elasticsearch-dynamic-0,10.21,311732.07,1414.09,0.0,0,914,581.9844,86.9866,362.5317,1.27,A
54,hotel1/consul,25.84,31.02,212.87,0.0,0,4998,842.2894,2.5575,362.5317,0.0536,A
54,hotel1/frontend,9809.21,114.22,1119.14,0.0,0,761981,128413.0664,135.1152,362.5317,10.4,A
54,hotel1/geo,1149.04,26.14,1119.06,0.0,0,3052,581.9844,15.8308,362.5317,1.23,A
54,hotel1/jaeger,0.39,14.89,81.01,0.0,0,0,581.9844,2.5575,2.7184,0.0,A
54,hotel1/memcached-profile,247.09,8.56,79.27,0.0,0,3481,586.6365,3.4051,362.5317,0.241,A
54,hotel1/memcached-rate,216.98,7.82,79.27,0.0,0,4681,788.8669,2.9902,362.5317,0.214,A
54,hotel1/search,2753.69,30.36,1119.06,0.0,0,6016,1013.8481,37.9297,362.5317,2.69,A
54,hotel1/mongodb-geo,11.36,71.64,400.43,0.0312,1,230,581.9844,2.5575,362.5317,0.0134,A
54,hotel1/mongodb-profile,12.17,74.18,400.43,0.0312,1,463,581.9844,2.5575,362.5317,0.0134,A
54,hotel1/mongodb-rate,11.73,73.21,400.43,0.082,9,779,581.9844,2.5575,362.5317,0.0134,A
54,hotel1/mongodb-recommendation,11.79,71.61,400.43,0.082,9,346,581.9844,2.5575,362.5317,0.0268,A
54,hotel1/mongodb-reservation,55.14,129.22,400.43,0.7148,105,997,581.9844,2.5575,362.5317,0.067,A
54,hotel1/mongodb-user,11.31,73.84,400.43,0.0312,1,279,581.9844,2.5575,362.5317,0.0,A
54,hotel1/profile,3398.57,42.63,1119.06,0.0,0,43175,7276.0792,46.8139,362.5317,2.96,A
54,hotel1/rate,1967.49,36.81,1119.14,0.0,0,4074,686.572,27.1047,362.5317,1.92,A
54,hotel1/recommendation,718.04,23.89,1119.06,0.0,0,4616,777.9127,9.8948,362.5317,0.643,A
54,hotel1/memcached-reserve,290.56,7.76,79.27,0.0,0,1894,581.9844,4.0035,362.5317,0.335,A
55,hotel1/user,58.99,21.57,1119.06,0.0,0,1765,581.9844,2.5575,342.8126,0.0734,A
55,hotel1/search,2667.72,32.76,1119.06,0.0,0,4835,844.9227,36.2484,342.8126,3.05,A
55,hotel1/recommendation,682.45,27.48,1119.06,0.0,0,2776,581.9844,9.2781,342.8126,0.783,A
55,es-stress-d/elasticsearch-dynamic-0,6.66,311740.8,1414.09,0.0234,10,1154,581.9844,83.6622,342.8126,0.0245,A
55,es-stress-d2/elasticsearch-dynamic-0,7.58,311735.31,1414.09,0.0078,4,615,581.9844,83.6732,342.8126,1.14,A
55,es-stress-d3/elasticsearch-dynamic-0,6.88,311729.23,1414.09,0.0,0,1145,581.9844,83.6621,342.8126,0.0,A
55,es-stress-d4/elasticsearch-dynamic-0,6.42,311732.07,1414.09,0.0195,8,1150,581.9844,83.6566,342.8126,0.233,A
55,hotel1/consul,25.92,31.02,212.87,0.0,0,4005,699.8791,2.5575,342.8126,0.0245,A
55,hotel1/frontend,9779.77,110.79,1119.14,0.0,0,741329,129548.2376,132.883,342.8126,11.0,A
55,hotel1/geo,1078.88,27.15,1119.06,0.0,0,2981,581.9844,14.6633,342.8126,1.21,A
55,hotel1/jaeger,0.32,14.89,81.01,0.0,0,0,581.9844,2.5575,2.7184,0.0,A
55,hotel1/memcached-profile,222.79,9.36,79.27,0.0,0,2850,581.9844,3.029,342.8126,0.269,A
55,hotel1/reservation,4482.86,81.59,1119.06,0.0,0,541417,94613.3474,60.9193,342.8126,5.1,A
55,hotel1/memcached-reserve,289.68,7.59,79.27,0.0,0,2137,581.9844,3.9372,342.8126,0.306,A
55,hotel1/rate,1833.4,36.68,1119.14,0.0,0,3931,686.9475,24.9157,342.8126,2.14,A
55,hotel1/profile,3162.35,44.28,1119.06,0.0,0,29537,5161.6304,42.9708,342.8126,3.45,A
55,hotel1/mongodb-user,10.01,73.84,400.43,0.0469,8,305,581.9844,2.5575,342.8126,0.0,A
55,hotel1/mongodb-reservation,53.0,129.38,400.43,0.2578,88,1100,581.9844,2.5575,342.8126,0.0612,A
55,hotel1/memcached-rate,211.32,8.07,79.27,0.0,0,2523,581.9844,2.8728,342.8126,0.245,A
55,hotel1/mongodb-rate,9.2,73.4,400.43,0.0,0,161,581.9844,2.5575,342.8126,0.0,A
55,hotel1/mongodb-profile,10.94,74.36,400.43,0.0469,9,212,581.9844,2.5575,342.8126,0.0,A
55,hotel1/mongodb-geo,9.34,71.43,400.43,0.0469,8,326,581.9844,2.5575,342.8126,0.0,A
55,hotel1/mongodb-recommendation,9.68,71.61,400.43,0.0,0,383,581.9844,2.5575,342.8126,0.0122,A
56,hotel1/user,61.5,21.3,1119.06,0.0,0,1927,581.9844,2.5575,362.8808,0.0913,A
56,hotel1/reservation,4280.73,80.11,1119.06,0.0,0,569381,89793.2588,57.4443,362.8808,4.92,A
56,hotel1/search,2707.51,32.93,1119.06,0.0,0,4743,747.9867,36.328,362.8808,2.98,A
56,es-stress-d2/elasticsearch-dynamic-0,8.5,311735.31,1414.09,0.0,0,969,581.9844,84.6671,362.8808,0.274,A
56,es-stress-d3/elasticsearch-dynamic-0,8.66,311729.23,1414.09,0.0,0,1022,581.9844,84.6676,362.8808,0.0228,A
56,es-stress-d4/elasticsearch-dynamic-0,7.54,311732.07,1414.09,0.0,0,1319,581.9844,84.6533,362.8808,0.0,A
56,hotel1/consul,25.2,31.02,212.87,0.0,0,4048,638.3829,2.5575,362.8808,0.0228,A
56,hotel1/frontend,9916.26,121.48,1119.14,0.0,0,732749,115556.9304,133.0517,362.8808,11.0,A
56,hotel1/geo,1160.43,26.02,1119.06,0.0,0,3840,605.5806,15.5733,362.8808,1.29,A
56,hotel1/jaeger,0.27,14.89,81.01,0.0,0,0,581.9844,2.5575,2.7184,0.0,A
56,hotel1/memcached-profile,240.73,8.07,79.27,0.0,0,3433,581.9844,3.2314,362.8808,0.263,A
56,hotel1/memcached-rate,223.35,7.58,79.27,0.0,0,4654,733.9511,2.9981,362.8808,0.24,A
56,es-stress-d/elasticsearch-dynamic-0,8.81,311740.8,1414.09,0.0,0,965,581.9844,84.6727,362.8808,0.0,A
56,hotel1/mongodb-geo,10.0,71.58,400.43,0.0312,1,288,581.9844,2.5575,362.8808,0.0,A
56,hotel1/memcached-reserve,293.66,7.41,79.27,0.0,0,1847,581.9844,3.9412,362.8808,0.297,A
56,hotel1/rate,1960.08,36.67,1119.14,0.0,0,4156,655.4149,26.3029,362.8808,1.86,A
56,hotel1/profile,3549.84,40.65,1119.06,0.0,0,39196,6181.3383,47.6293,362.8808,3.76,A
56,hotel1/mongodb-user,10.16,74.0,400.43,0.0312,1,202,581.9844,2.5575,362.8808,0.0228,A
56,hotel1/recommendation,674.1,24.47,1119.06,0.0,0,3676,581.9844,9.0492,362.8808,0.754,A
56,hotel1/mongodb-reservation,54.66,129.33,400.43,0.3086,87,777,581.9844,2.5575,362.8808,0.0457,A
56,hotel1/mongodb-recommendation,9.86,71.42,400.43,0.0312,1,181,581.9844,2.5575,362.8808,0.0114,A
56,hotel1/mongodb-rate,10.38,73.21,400.43,0.0312,1,186,581.9844,2.5575,362.8808,0.0228,A
56,hotel1/mongodb-profile,9.83,74.33,400.43,0.0312,1,214,581.9844,2.5575,362.8808,0.0228,A
57,hotel1/search,2622.9,31.2,1119.06,0.0,0,5055,828.7248,32.9232,342.9809,2.87,A
57,hotel1/user,54.14,21.53,1119.06,0.0,0,2070,581.9844,2.5575,342.9809,0.0593,A
57,es-stress-d/elasticsearch-dynamic-0,7.28,311740.8,1414.09,0.0,0,575,581.9844,76.4665,342.9809,0.0119,A
57,es-stress-d2/elasticsearch-dynamic-0,7.06,311735.31,1414.09,0.0,0,903,581.9844,76.4624,342.9809,0.0,A
57,es-stress-d3/elasticsearch-dynamic-0,8.1,311729.23,1414.09,0.0039,2,901,581.9844,76.474,342.9809,0.0,A
57,es-stress-d4/elasticsearch-dynamic-0,7.46,311732.09,1414.09,0.0039,2,972,581.9844,76.4667,342.9809,0.0237,A
57,hotel1/consul,27.04,31.02,212.87,0.0,0,3961,649.3727,2.5575,342.9809,0.0237,A
57,hotel1/frontend,9652.06,115.48,1119.14,0.0,0,712286,116773.3064,121.1547,342.9809,11.3,A
57,hotel1/geo,1151.18,29.49,1119.06,0.0,0,3042,581.9844,14.4537,342.9809,1.15,A
57,hotel1/jaeger,0.33,14.89,81.01,0.0,0,0,581.9844,2.5575,2.7184,0.0,A
57,hotel1/memcached-profile,227.77,8.37,79.27,0.0,0,2806,581.9844,2.8604,342.9809,0.237,A
57,hotel1/memcached-rate,205.22,7.61,79.27,0.0,0,3863,633.3064,2.5772,342.9809,0.225,A
57,hotel1/reservation,4426.14,78.2,1119.06,0.0,0,688437,112863.4631,55.564,342.9809,5.1,A
57,hotel1/mongodb-geo,8.98,71.43,400.43,0.0,0,498,581.9844,2.5575,342.9809,0.0119,A
57,hotel1/mongodb-profile,10.1,74.18,400.43,0.0,0,278,581.9844,2.5575,342.9809,0.0119,A
57,hotel1/mongodb-rate,9.45,73.21,400.43,0.0,0,160,581.9844,2.5575,342.9809,0.0237,A
57,hotel1/mongodb-recommendation,9.72,71.42,400.43,0.0,0,287,581.9844,2.5575,342.9809,0.0,A
57,hotel1/mongodb-reservation,41.64,129.45,400.43,0.2383,84,998,581.9844,2.5575,342.9809,0.0475,A
57,hotel1/mongodb-user,9.28,73.84,400.43,0.0,0,273,581.9844,2.5575,342.9809,0.0119,A
57,hotel1/profile,3231.83,43.16,1119.06,0.0,0,24289,3981.9775,40.5677,342.9809,3.55,A
57,hotel1/rate,1694.19,37.05,1119.14,0.0,0,3241,581.9844,21.2699,342.9809,2.03,A
57,hotel1/recommendation,674.86,25.15,1119.06,0.0,0,3454,581.9844,8.4752,342.9809,0.712,A
57,hotel1/memcached-reserve,275.3,8.46,79.27,0.0,0,1886,581.9844,3.4569,342.9809,0.285,A
58,hotel1/user,55.33,21.29,1119.06,0.0,0,1656,581.9844,2.5575,344.999,0.0677,A
58,hotel1/search,2639.13,32.34,1119.06,0.0,0,11213,1916.3031,33.6939,344.999,2.92,A
58,hotel1/recommendation,657.74,23.13,1119.06,0.0,0,3337,581.9844,8.4011,344.999,0.734,A
58,hotel1/reservation,4397.79,88.09,1119.06,0.0,0,565606,96662.1351,56.1553,344.999,4.8,A
58,es-stress-d/elasticsearch-dynamic-0,8.89,311740.8,1414.09,0.0,0,1058,581.9844,77.5437,344.999,0.0113,A
58,es-stress-d2/elasticsearch-dynamic-0,9.07,311735.31,1414.09,0.0,0,832,581.9844,77.5446,344.999,0.0,A
58,es-stress-d3/elasticsearch-dynamic-0,8.91,311729.3,1414.09,0.0,0,861,581.9844,77.5411,344.999,0.0,A
58,es-stress-d4/elasticsearch-dynamic-0,8.51,311732.09,1414.09,0.0,0,1085,581.9844,77.5367,344.999,0.0,A
58,hotel1/frontend,9530.67,120.61,1119.14,0.0,0,697230,119156.6929,121.6795,344.999,10.9,A
58,hotel1/geo,1112.93,25.92,1119.06,0.0,0,3385,581.9844,14.2119,344.999,1.22,A
58,hotel1/jaeger,0.44,14.89,81.01,0.0,0,0,581.9844,2.5575,2.7184,0.0,A
58,hotel1/memcached-profile,230.27,9.02,79.27,0.0,0,2701,581.9844,2.9414,344.999,0.271,A
58,hotel1/consul,25.84,31.02,212.87,0.0,0,3506,599.1758,2.5575,344.999,0.0226,A
58,hotel1/memcached-reserve,276.12,7.76,79.27,0.0,0,2075,581.9844,3.5263,344.999,0.305,A
58,hotel1/mongodb-geo,10.25,71.43,400.43,0.0352,1,277,581.9844,2.5575,344.999,0.0226,A
58,hotel1/mongodb-profile,11.28,74.18,400.43,0.0352,1,380,581.9844,2.5575,344.999,0.0226,A
58,hotel1/mongodb-rate,10.69,73.4,400.43,0.0352,1,298,581.9844,2.5575,344.999,0.0113,A
58,hotel1/mongodb-recommendation,12.63,71.42,400.43,0.0352,1,208,581.9844,2.5575,344.999,0.0113,A
58,hotel1/mongodb-reservation,52.99,129.76,400.43,0.3008,82,1093,581.9844,2.5575,344.999,0.0564,A
58,hotel1/mongodb-user,11.4,74.0,400.43,0.0352,1,223,581.9844,2.5575,344.999,0.0,A
58,hotel1/profile,3126.74,43.03,1119.06,0.0,0,34893,5963.218,39.9204,344.999,3.33,A
58,hotel1/memcached-rate,209.67,7.61,79.27,0.0,0,3022,581.9844,2.6781,344.999,0.226,A
58,hotel1/rate,1876.03,39.2,1119.14,0.0,0,4512,771.1014,23.9554,344.999,2.07,A
59,hotel1/user,56.76,21.58,1119.06,0.0,0,2196,581.9844,2.5575,359.2307,0.0551,A
59,hotel1/search,2706.03,34.53,1119.06,0.0,0,6367,1007.6394,35.8066,359.2307,3.08,A
59,hotel1/recommendation,673.01,24.92,1119.06,0.0,0,3717,588.2513,8.9097,359.2307,0.838,A
59,es-stress-d/elasticsearch-dynamic-0,7.25,311741.55,1414.09,0.0,0,836,581.9844,81.6041,359.2307,0.011,A
59,es-stress-d2/elasticsearch-dynamic-0,7.21,311735.41,1414.09,0.0,0,1228,581.9844,81.6019,359.2307,0.011,A
59,es-stress-d3/elasticsearch-dynamic-0,7.94,311729.65,1414.09,0.0039,1,1067,581.9844,81.6101,359.2307,0.0,A
59,es-stress-d4/elasticsearch-dynamic-0,7.0,311732.18,1414.09,0.0,0,852,581.9844,81.5983,359.2307,0.0,A
59,hotel1/consul,26.07,31.02,212.87,0.0,0,6719,1063.3469,2.5575,359.2307,0.022,A
59,hotel1/frontend,9253.22,112.34,1119.14,0.0,0,690604,109294.7746,122.4387,359.2307,10.3,A
59,hotel1/geo,1098.1,28.22,1119.06,0.0,0,3493,581.9844,14.534,359.2307,1.22,A
59,hotel1/jaeger,1.24,14.89,81.01,0.0,0,87,581.9844,2.5575,2.7184,0.0,A
59,hotel1/memcached-profile,240.56,8.3,79.27,0.0,0,3288,581.9844,3.1845,359.2307,0.253,A
59,hotel1/reservation,4663.64,82.35,1119.06,0.0,0,841860,133232.5022,61.716,359.2307,5.15,A
59,hotel1/memcached-reserve,284.0,7.3,79.27,0.0,0,2280,581.9844,3.7589,359.2307,0.364,A
59,hotel1/mongodb-geo,9.01,71.43,400.43,0.0,0,340,581.9844,2.5575,359.2307,0.011,A
59,hotel1/mongodb-profile,9.14,74.18,400.43,0.0,0,368,581.9844,2.5575,359.2307,0.011,A
59,hotel1/mongodb-rate,9.38,73.21,400.43,0.0,0,317,581.9844,2.5575,359.2307,0.011,A
59,hotel1/mongodb-recommendation,9.45,71.42,400.43,0.0,0,330,581.9844,2.5575,359.2307,0.0,A
59,hotel1/mongodb-reservation,49.83,130.13,400.43,0.2695,92,799,581.9844,2.5575,359.2307,0.0661,A
59,hotel1/mongodb-user,9.12,73.84,400.43,0.0,0,359,581.9844,2.5575,359.2307,0.0,A
59,hotel1/profile,3472.4,44.62,1119.06,0.0,0,40398,6393.3749,45.9475,359.2307,3.63,A
59,hotel1/rate,1850.26,40.43,1119.14,0.0,0,3274,581.9844,24.4874,359.2307,2.15,A
59,hotel1/memcached-rate,213.27,7.56,79.27,0.0,0,2856,581.9844,2.8233,359.2307,0.253,A
60,hotel1/search,2632.91,29.84,1119.06,0.0,0,5108,878.1376,37.7292,357.2885,2.73,A
60,hotel1/user,58.04,21.89,1119.06,0.0,0,1695,581.9844,2.5575,357.2885,0.0585,A
60,hotel1/reservation,4379.75,70.11,1119.06,0.0,0,609214,104732.5172,62.7669,357.2885,4.62,A
60,es-stress-d/elasticsearch-dynamic-0,10.43,311740.91,1414.09,0.0039,1,625,581.9844,87.8261,357.2885,0.0,A
60,es-stress-d2/elasticsearch-dynamic-0,12.21,311735.44,1414.09,0.0039,1,729,581.9844,87.8501,357.2885,0.0117,A
60,es-stress-d3/elasticsearch-dynamic-0,9.08,311729.46,1414.09,0.0,0,807,581.9844,87.8036,357.2885,0.0,A
60,es-stress-d4/elasticsearch-dynamic-0,9.64,311732.19,1414.09,0.0078,2,999,581.9844,87.8124,357.2885,0.0117,A
60,hotel1/consul,24.25,31.02,212.87,0.0,0,3863,664.1044,2.5575,357.2885,0.0351,A
60,hotel1/geo,1099.73,27.56,1119.06,0.0,0,3442,591.7286,15.7632,357.2885,1.21,A
60,hotel1/jaeger,0.29,14.89,81.01,0.0,0,0,581.9844,2.5575,2.7184,0.0,A
60,hotel1/memcached-profile,238.99,9.05,79.27,0.0,0,2744,581.9844,3.4265,357.2885,0.257,A
60,hotel1/memcached-rate,217.76,9.14,79.27,0.0,0,3648,627.1429,3.1223,357.2885,0.246,A
60,hotel1/frontend,9599.99,133.83,1119.14,0.0,0,594384,102183.0301,137.5734,357.2885,11.0,A
60,hotel1/mongodb-geo,9.75,71.43,400.43,0.0352,1,176,581.9844,2.5575,357.2885,0.0117,A
60,hotel1/memcached-reserve,281.05,8.61,79.27,0.0,0,1964,581.9844,4.0289,357.2885,0.328,A
60,hotel1/rate,1902.55,36.93,1119.14,0.0,0,4215,724.6182,27.2676,357.2885,2.06,A
60,hotel1/profile,3245.28,40.25,1119.06,0.0,0,18236,3135.0267,46.5053,357.2885,3.73,A
60,hotel1/mongodb-user,9.23,73.84,400.43,0.0352,1,258,581.9844,2.5575,357.2885,0.0117,A
60,hotel1/recommendation,672.78,25.0,1119.06,0.0,0,3566,613.0459,9.6457,357.2885,0.714,A
60,hotel1/mongodb-recommendation,10.48,71.42,400.43,0.0352,1,232,581.9844,2.5575,357.2885,0.0234,A
60,hotel1/mongodb-rate,10.0,73.21,400.43,0.0352,1,214,581.9844,2.5575,357.2885,0.0234,A
60,hotel1/mongodb-profile,10.99,74.18,400.43,0.0352,1,246,581.9844,2.5575,357.2885,0.0117,A
60,hotel1/mongodb-reservation,52.33,130.2,400.43,0.3086,85,1202,581.9844,2.5575,357.2885,0.0585,A
61,hotel1/user,65.36,20.97,1119.06,0.0,0,1682,581.9844,2.5575,358.4938,0.0701,A
61,hotel1/search,2660.61,35.09,1119.06,0.0,0,4789,771.4556,34.3034,358.4938,3.39,A
61,hotel1/recommendation,672.7,24.36,1119.06,0.0,0,3754,604.7284,8.6772,358.4938,0.864,A
61,es-stress-d/elasticsearch-dynamic-0,6.73,311740.91,1414.09,0.0,0,1345,581.9844,80.5619,358.4938,0.0,A
61,es-stress-d2/elasticsearch-dynamic-0,6.92,311735.44,1414.09,0.0234,6,864,581.9844,80.5629,358.4938,0.0117,A
61,es-stress-d3/elasticsearch-dynamic-0,7.04,311729.46,1414.09,0.0312,8,1188,581.9844,80.563,358.4938,0.0117,A
61,es-stress-d4/elasticsearch-dynamic-0,6.4,311732.19,1414.09,0.0,0,1322,581.9844,80.5554,358.4938,0.0,A
61,hotel1/consul,27.37,31.02,212.87,0.0,0,4288,690.7499,2.5575,358.4938,0.035,A
61,hotel1/frontend,9908.36,119.21,1119.14,0.0,0,783426,126201.3679,127.7462,358.4938,11.0,A
61,hotel1/geo,1100.45,27.12,1119.06,0.0,0,3406,581.9844,14.1914,358.4938,1.35,A
61,hotel1/jaeger,0.28,14.89,81.01,0.0,0,0,581.9844,2.5575,2.7184,0.0,A
61,hotel1/memcached-profile,238.34,8.3,79.27,0.0,0,2806,581.9844,3.0743,358.4938,0.304,A
61,hotel1/reservation,4518.86,80.44,1119.06,0.0,0,675157,108760.415,58.2673,358.4938,5.07,A
61,hotel1/memcached-reserve,293.74,7.37,79.27,0.0,0,2105,581.9844,3.7881,358.4938,0.35,A
61,hotel1/mongodb-geo,8.32,71.43,400.43,0.0,0,256,581.9844,2.5575,358.4938,0.0117,A
61,hotel1/mongodb-profile,9.91,74.18,400.43,0.0,0,656,581.9844,2.5575,358.4938,0.0,A
61,hotel1/mongodb-rate,8.92,73.4,400.43,0.0,0,174,581.9844,2.5575,358.4938,0.0,A
61,hotel1/mongodb-recommendation,9.95,71.42,400.43,0.0,0,336,581.9844,2.5575,358.4938,0.0117,A
61,hotel1/mongodb-reservation,51.11,130.53,400.43,0.2734,93,1048,581.9844,2.5575,358.4938,0.0467,A
61,hotel1/mongodb-user,9.4,73.84,400.43,0.0,0,246,581.9844,2.5575,358.4938,0.0,A
61,hotel1/profile,3301.13,44.91,1119.06,0.0,0,8169,1315.9366,42.562,358.4938,3.9,A
61,hotel1/rate,1863.31,38.66,1119.14,0.0,0,3464,581.9844,24.0274,358.4938,1.9,A
61,hotel1/memcached-rate,216.95,7.6,79.27,0.0,0,2505,581.9844,2.7984,358.4938,0.257,A
62,hotel1/user,61.28,21.22,1119.06,0.0,0,1813,581.9844,2.5575,376.637,0.0523,A
62,hotel1/search,2753.87,29.85,1119.06,0.0,0,4831,834.0283,42.7061,376.637,2.58,A
62,hotel1/recommendation,696.49,23.74,1119.06,0.0,0,3431,592.331,10.806,376.637,0.639,A
62,hotel1/reservation,4606.11,82.39,1119.06,0.0,0,576093,99457.2296,71.4403,376.637,4.5,A
62,es-stress-d/elasticsearch-dynamic-0,10.56,311741.0,1414.09,0.0273,6,1378,581.9844,98.3362,376.637,0.0105,A
62,es-stress-d2/elasticsearch-dynamic-0,11.3,311735.71,1414.09,0.0117,4,903,581.9844,98.346,376.637,0.0105,A
62,es-stress-d3/elasticsearch-dynamic-0,11.59,311729.55,1414.09,0.0,0,774,581.9844,98.3486,376.637,0.0105,A
62,es-stress-d4/elasticsearch-dynamic-0,12.54,311732.63,1414.09,0.0352,5,1075,581.9844,98.3643,376.637,0.0,A
62,hotel1/consul,25.42,31.02,212.87,0.0,0,4456,769.288,2.5575,376.637,0.0314,A
62,hotel1/geo,1110.64,27.57,1119.06,0.0,0,3150,581.9844,17.2283,376.637,1.15,A
62,hotel1/jaeger,0.35,14.89,81.01,0.0,0,0,581.9844,2.5575,2.7184,0.0,A
62,hotel1/memcached-profile,246.99,8.55,79.27,0.0,0,3172,581.9844,3.8321,376.637,0.22,A
62,hotel1/frontend,9754.59,110.62,1119.14,0.0,0,635255,109671.0121,151.2725,376.637,9.57,A
62,hotel1/memcached-reserve,293.61,8.32,79.27,0.0,0,2167,581.9844,4.5548,376.637,0.272,A
62,hotel1/memcached-rate,227.17,7.55,79.27,0.0,0,3674,634.2828,3.5245,376.637,0.22,A
62,hotel1/profile,3448.11,45.25,1119.06,0.0,0,17541,3028.2945,53.4746,376.637,3.12,A
62,hotel1/mongodb-user,9.94,73.84,400.43,0.0352,1,147,581.9844,2.5575,376.637,0.0105,A
62,hotel1/mongodb-reservation,59.02,130.89,400.43,0.3516,95,1112,581.9844,2.5575,376.637,0.0523,A
62,hotel1/rate,1965.72,39.55,1119.14,0.0,0,4152,716.8051,30.4895,376.637,1.82,A
62,hotel1/mongodb-rate,10.03,73.21,400.43,0.0352,1,232,581.9844,2.5575,376.637,0.0209,A
62,hotel1/mongodb-profile,10.9,74.33,400.43,0.0352,1,369,581.9844,2.5575,376.637,0.0105,A
62,hotel1/mongodb-geo,9.5,71.43,400.43,0.0352,1,129,581.9844,2.5575,376.637,0.0,A
62,hotel1/mongodb-recommendation,10.86,71.61,400.43,0.0352,1,223,581.9844,2.5575,376.637,0.0209,A
63,hotel1/user,61.04,21.16,1119.06,0.0,0,2075,581.9844,2.5575,353.7102,0.0584,A
63,hotel1/reservation,4366.7,76.16,1119.06,0.0,0,635262,110525.2215,52.144,353.7102,5.31,A
63,es-stress-d/elasticsearch-dynamic-0,8.57,311740.97,1414.09,0.0039,2,752,581.9844,74.3447,353.7102,0.0,A
63,es-stress-d2/elasticsearch-dynamic-0,8.85,311735.68,1414.09,0.0,0,673,581.9844,74.3468,353.7102,0.0,A
63,es-stress-d3/elasticsearch-dynamic-0,7.51,311729.55,1414.09,0.0,0,783,581.9844,74.3293,353.7102,0.0117,A
63,es-stress-d4/elasticsearch-dynamic-0,8.0,311732.55,1414.09,0.0,0,812,581.9844,74.3359,353.7102,0.0117,A
63,hotel1/consul,26.31,31.02,212.87,0.0,0,3746,651.7429,2.5575,353.7102,0.0233,A
63,hotel1/frontend,9877.71,115.53,1119.14,0.0,0,784042,136410.5136,117.939,353.7102,10.7,A
63,hotel1/geo,1095.43,27.37,1119.06,0.0,0,3227,581.9844,13.0828,353.7102,1.3,A
63,hotel1/jaeger,0.31,14.89,81.01,0.0,0,0,581.9844,2.5575,2.7184,0.0,A
63,hotel1/memcached-profile,237.53,8.59,79.27,0.0,0,2457,581.9844,2.8375,353.7102,0.269,A
63,hotel1/memcached-rate,213.51,7.59,79.27,0.0,0,2711,581.9844,2.5575,353.7102,0.233,A
63,hotel1/search,2698.21,29.93,1119.06,0.0,0,7642,1329.5833,32.216,353.7102,3.11,A
63,hotel1/mongodb-geo,8.64,71.43,400.43,0.0,0,251,581.9844,2.5575,353.7102,0.0117,A
63,hotel1/mongodb-profile,9.79,74.18,400.43,0.0,0,283,581.9844,2.5575,353.7102,0.0,A
63,hotel1/mongodb-rate,9.01,73.4,400.43,0.0,0,282,581.9844,2.5575,353.7102,0.0,A
63,hotel1/mongodb-recommendation,9.1,71.42,400.43,0.0,0,237,581.9844,2.5575,353.7102,0.0117,A
63,hotel1/mongodb-reservation,47.11,131.02,400.43,0.2539,86,993,581.9844,2.5575,353.7102,0.0584,A
63,hotel1/mongodb-user,8.59,73.84,400.43,0.0,0,359,581.9844,2.5575,353.7102,0.0,A
63,hotel1/profile,3406.82,43.99,1119.06,0.0,0,19059,3315.955,40.6781,353.7102,3.97,A
63,hotel1/rate,1817.63,39.12,1119.14,0.0,0,3705,644.6095,21.7066,353.7102,2.17,A
63,hotel1/recommendation,680.28,24.75,1119.06,0.0,0,3469,603.5494,8.1265,353.7102,0.759,A
63,hotel1/memcached-reserve,289.45,7.31,79.27,0.0,0,2013,581.9844,3.4569,353.7102,0.315,A
64,hotel1/user,58.51,20.92,1119.06,0.0,0,1777,581.9844,2.5575,367.0435,0.0668,A
64,hotel1/search,2741.24,31.79,1119.06,0.0,0,4221,693.7749,36.3602,367.0435,3.02,A
64,hotel1/reservation,4577.25,75.84,1119.06,0.0,0,615002,101083.3809,60.7194,367.0435,5.0,A
64,es-stress-d/elasticsearch-dynamic-0,10.26,311740.97,1414.09,0.0,0,1018,581.9844,84.1873,367.0435,0.0111,A
64,es-stress-d2/elasticsearch-dynamic-0,11.31,311735.69,1414.09,0.0,0,589,581.9844,84.1998,367.0435,0.0111,A
64,es-stress-d3/elasticsearch-dynamic-0,13.93,311729.55,1414.09,0.0,0,637,581.9844,84.2329,367.0435,0.0,A
64,es-stress-d4/elasticsearch-dynamic-0,11.32,311732.55,1414.09,0.0039,1,739,581.9844,84.1991,367.0435,0.0111,A
64,hotel1/consul,24.43,31.02,212.87,0.0,0,3704,608.7994,2.5575,367.0435,0.0223,A
64,hotel1/geo,1163.88,25.34,1119.06,0.0,0,3082,581.9844,15.4411,367.0435,1.24,A
64,hotel1/jaeger,0.31,14.89,81.01,0.0,0,0,581.9844,2.5575,2.7184,0.0,A
64,hotel1/memcached-profile,249.23,8.05,79.27,0.0,0,3402,581.9844,3.3072,367.0435,0.278,A
64,hotel1/memcached-rate,224.94,7.6,79.27,0.0,0,4188,688.3509,2.985,367.0435,0.256,A
64,hotel1/frontend,9772.86,130.91,1119.14,0.0,0,756037,124264.2724,129.6333,367.0435,10.4,A
64,hotel1/mongodb-geo,10.07,71.58,400.43,0.0352,1,207,581.9844,2.5575,367.0435,0.0,A
64,hotel1/memcached-reserve,292.84,7.55,79.27,0.0,0,2132,581.9844,3.8854,367.0435,0.334,A
64,hotel1/rate,1950.19,35.5,1119.14,0.0,0,4410,724.8394,25.8711,367.0435,1.98,A
64,hotel1/profile,3472.38,42.25,1119.06,0.0,0,33114,5442.706,46.0587,367.0435,3.9,A
64,hotel1/mongodb-user,10.06,74.0,400.43,0.0352,1,226,581.9844,2.5575,367.0435,0.0111,A
64,hotel1/recommendation,696.72,23.88,1119.06,0.0,0,3639,598.1158,9.2457,367.0435,0.824,A
64,hotel1/mongodb-recommendation,10.65,71.61,400.43,0.0352,1,267,581.9844,2.5575,367.0435,0.0111,A
64,hotel1/mongodb-rate,9.26,73.4,400.43,0.0352,1,164,581.9844,2.5575,367.0435,0.0223,A
64,hotel1/mongodb-profile,10.62,74.33,400.43,0.0352,1,176,581.9844,2.5575,367.0435,0.0111,A
64,hotel1/mongodb-reservation,49.48,131.41,400.43,0.2969,83,1003,581.9844,2.5575,367.0435,0.0668,A
65,hotel1/user,55.61,20.91,1119.06,0.0,0,2005,581.9844,2.5575,336.4349,0.0719,A
65,hotel1/search,2449.89,30.11,1119.06,0.0,0,4624,780.0555,32.4378,336.4349,2.9,A
65,hotel1/reservation,4345.56,79.75,1119.06,0.0,0,645610,108912.5458,57.544,336.4349,4.88,A
65,es-stress-d2/elasticsearch-dynamic-0,6.81,311735.69,1414.09,0.0,0,1136,581.9844,78.5968,336.4349,0.012,A
65,es-stress-d3/elasticsearch-dynamic-0,7.63,311729.55,1414.09,0.0,0,943,581.9844,78.6061,336.4349,0.0,A
65,es-stress-d4/elasticsearch-dynamic-0,9.81,311732.55,1414.09,0.0,0,971,581.9844,78.6357,336.4349,0.012,A
65,hotel1/consul,26.35,31.02,212.87,0.0,0,4043,682.0424,2.5575,336.4349,0.024,A
65,hotel1/frontend,9407.55,120.7,1119.14,0.0,0,728697,122929.0831,124.5619,336.4349,11.0,A
65,hotel1/geo,1058.52,25.93,1119.06,0.0,0,2981,581.9844,14.0186,336.4349,1.16,A
65,hotel1/jaeger,0.39,14.89,81.01,0.0,0,0,581.9844,2.5575,2.7184,0.0,A
65,hotel1/memcached-profile,220.76,8.03,79.27,0.0,0,3429,581.9844,2.9243,336.4349,0.264,A
65,hotel1/memcached-rate,203.1,7.62,79.27,0.0,0,3429,581.9844,2.6904,336.4349,0.24,A
65,es-stress-d/elasticsearch-dynamic-0,6.41,311740.97,1414.09,0.0,0,752,581.9844,78.5928,336.4349,0.024,A
65,hotel1/mongodb-geo,8.49,71.43,400.43,0.0,0,430,581.9844,2.5575,336.4349,0.012,A
65,hotel1/mongodb-profile,9.16,74.18,400.43,0.0,0,213,581.9844,2.5575,336.4349,0.012,A
65,hotel1/mongodb-rate,10.23,73.4,400.43,0.0,0,321,581.9844,2.5575,336.4349,0.0,A
65,hotel1/mongodb-recommendation,9.25,71.42,400.43,0.0,0,305,581.9844,2.5575,336.4349,0.012,A
65,hotel1/mongodb-reservation,51.24,131.58,400.43,0.25,81,896,581.9844,2.5575,336.4349,0.0599,A
65,hotel1/mongodb-user,8.88,73.84,400.43,0.0,0,335,581.9844,2.5575,336.4349,0.0,A
65,hotel1/profile,3203.56,42.79,1119.06,0.0,0,66047,11141.9385,42.4176,336.4349,3.55,A
65,hotel1/rate,1736.41,37.16,1119.14,0.0,0,3671,619.2871,22.9949,336.4349,1.98,A
65,hotel1/recommendation,633.99,24.23,1119.06,0.0,0,2991,581.9844,8.3985,336.4349,0.791,A
65,hotel1/memcached-reserve,271.01,8.08,79.27,0.0,0,2144,581.9844,3.5895,336.4349,0.336,A
66,hotel1/user,62.21,20.91,1119.06,0.0,0,1869,581.9844,2.5575,357.0509,0.0655,A
66,es-stress-d/elasticsearch-dynamic-0,11.48,311741.03,1414.09,0.0,0,622,581.9844,108.6882,357.0509,0.0,A
66,hotel1/search,2733.04,32.86,1119.06,0.0,0,6927,1172.3007,47.5597,357.0509,3.01,A
66,es-stress-d2/elasticsearch-dynamic-0,14.87,311735.75,1414.09,0.0,0,805,581.9844,108.7453,357.0509,0.0,A
66,es-stress-d3/elasticsearch-dynamic-0,11.26,311729.62,1414.09,0.0,0,927,581.9844,108.6804,357.0509,0.0109,A
66,es-stress-d4/elasticsearch-dynamic-0,11.33,311732.55,1414.09,0.0078,2,2701,581.9844,108.6826,357.0509,0.0109,A
66,hotel1/consul,25.28,31.02,212.87,0.0,0,4418,747.6865,2.5575,357.0509,0.0218,A
66,hotel1/frontend,9595.24,114.22,1119.14,0.0,0,668759,113178.383,166.9737,357.0509,10.5,A
66,hotel1/jaeger,0.35,14.89,81.01,0.0,0,0,581.9844,2.5575,2.7184,0.0,A
66,hotel1/memcached-profile,235.46,8.29,79.27,0.0,0,3099,581.9844,4.0993,357.0509,0.273,A
66,hotel1/memcached-rate,223.31,7.62,79.27,0.0,0,3938,666.453,3.8877,357.0509,0.251,A
66,hotel1/memcached-reserve,284.57,9.31,79.27,0.0,0,2045,581.9844,4.9541,357.0509,0.338,A
66,hotel1/geo,1092.88,26.14,1119.06,0.0,0,3681,622.9593,19.0226,357.0509,1.19,A
66,hotel1/mongodb-profile,12.23,74.18,400.43,0.0352,1,238,581.9844,2.5575,357.0509,0.0109,A
66,hotel1/mongodb-geo,10.15,71.43,400.43,0.0352,1,199,581.9844,2.5575,357.0509,0.0218,A
66,hotel1/recommendation,665.23,25.5,1119.06,0.0,0,4238,717.224,11.5823,357.0509,0.764,A
66,hotel1/rate,1980.07,38.48,1119.14,0.0,0,4201,710.9622,34.4618,357.0509,2.04,A
66,hotel1/profile,3306.7,43.06,1119.06,0.0,0,30895,5228.5594,57.5436,357.0509,3.79,A
66,hotel1/reservation,4595.87,81.79,1119.06,0.0,0,650073,110016.0311,79.9855,357.0509,5.09,A
66,hotel1/mongodb-reservation,58.19,132.4,400.43,0.8945,110,847,581.9844,2.5575,357.0509,0.0655,A
66,hotel1/mongodb-recommendation,10.6,71.43,400.43,0.082,10,393,581.9844,2.5575,357.0509,0.0,A
66,hotel1/mongodb-rate,11.42,73.4,400.43,0.082,10,421,581.9844,2.5575,357.0509,0.0218,A
66,hotel1/mongodb-user,10.12,74.0,400.43,0.0352,1,277,581.9844,2.5575,357.0509,0.0,A
67,hotel1/user,59.34,20.75,1119.06,0.0,0,1591,581.9844,2.5575,351.1337,0.0873,A
67,hotel1/search,2653.4,35.08,1119.06,0.0,0,13135,2074.706,38.2489,351.1337,3.12,A
67,hotel1/reservation,4611.2,83.06,1119.06,0.0,0,807316,127517.5732,66.4769,351.1337,4.58,A
67,es-stress-d/elasticsearch-dynamic-0,6.62,311741.03,1414.09,0.0,0,982,581.9844,87.8087,351.1337,0.0,A
67,es-stress-d2/elasticsearch-dynamic-0,6.57,311735.75,1414.09,0.0156,2,815,581.9844,87.8065,351.1337,0.0249,A
67,es-stress-d3/elasticsearch-dynamic-0,7.35,311729.62,1414.09,0.0273,12,1041,581.9844,87.816,351.1337,0.0125,A
67,es-stress-d4/elasticsearch-dynamic-0,6.69,311732.55,1414.09,0.0078,4,941,581.9844,87.8073,351.1337,0.0125,A
67,hotel1/consul,26.37,31.02,212.87,0.0,0,4475,706.8374,2.5575,351.1337,0.0249,A
67,hotel1/geo,1111.13,27.37,1119.06,0.0,0,3258,581.9844,16.0206,351.1337,1.11,A
67,hotel1/jaeger,0.34,14.89,81.01,0.0,0,0,581.9844,2.5575,2.7184,0.0,A
67,hotel1/memcached-profile,226.31,8.32,79.27,0.0,0,3101,581.9844,3.2638,351.1337,0.262,A
67,hotel1/memcached-rate,208.4,7.84,79.27,0.0,0,3899,615.8568,3.0055,351.1337,0.224,A
67,hotel1/frontend,9313.41,111.24,1119.14,0.0,0,646802,102163.987,134.2499,351.1337,11.3,A
67,hotel1/mongodb-geo,10.2,71.43,400.43,0.0508,9,387,581.9844,2.5575,351.1337,0.0125,A
67,hotel1/memcached-reserve,279.96,9.32,79.27,0.0,0,2151,581.9844,4.0372,351.1337,0.299,A
67,hotel1/rate,1894.54,34.85,1119.14,0.0,0,5083,802.8725,27.3126,351.1337,1.92,A
67,hotel1/profile,3190.95,43.93,1119.06,0.0,0,19402,3064.5942,45.9982,351.1337,3.54,A
67,hotel1/mongodb-user,9.76,73.85,400.43,0.0508,9,299,581.9844,2.5575,351.1337,0.0,A
67,hotel1/recommendation,658.7,24.53,1119.06,0.0,0,3094,581.9844,9.4996,351.1337,0.723,A
67,hotel1/mongodb-recommendation,9.07,71.42,400.43,0.0,0,382,581.9844,2.5575,351.1337,0.0249,A
67,hotel1/mongodb-rate,10.56,73.21,400.43,0.0,0,304,581.9844,2.5575,351.1337,0.0125,A
67,hotel1/mongodb-profile,10.33,74.18,400.43,0.043,7,830,581.9844,2.5575,351.1337,0.0125,A
67,hotel1/mongodb-reservation,52.49,132.0,400.43,0.2617,84,1032,581.9844,2.5575,351.1337,0.0623,A
68,hotel1/user,56.08,21.27,1119.06,0.0,0,2078,581.9844,2.5575,363.9333,0.0661,A
68,hotel1/search,2727.15,32.93,1119.06,0.0,0,12427,2146.3087,34.1765,363.9333,3.0,A
68,hotel1/reservation,4366.12,79.96,1119.06,0.0,0,568958,98266.6387,54.7229,363.9333,5.28,A
68,es-stress-d2/elasticsearch-dynamic-0,9.66,311735.75,1414.09,0.0078,4,966,581.9844,78.4778,363.9333,0.0,A
68,es-stress-d3/elasticsearch-dynamic-0,8.57,311729.62,1414.09,0.0,0,1502,581.9844,78.4626,363.9333,0.022,A
68,es-stress-d4/elasticsearch-dynamic-0,8.11,311732.62,1414.09,0.0273,7,887,581.9844,78.4576,363.9333,0.0,A
68,hotel1/consul,24.7,31.02,212.87,0.0,0,3586,619.3501,2.5575,363.9333,0.022,A
68,hotel1/frontend,9733.06,121.86,1119.14,0.0,0,641935,110870.7404,121.9754,363.9333,10.7,A
68,hotel1/geo,1151.16,25.15,1119.06,0.0,0,2901,581.9844,14.4291,363.9333,1.26,A
68,hotel1/jaeger,0.35,14.89,81.01,0.0,0,0,581.9844,2.5575,2.7184,0.0,A
68,hotel1/memcached-profile,229.15,8.58,79.27,0.0,0,2887,581.9844,2.8732,363.9333,0.264,A
68,hotel1/memcached-rate,221.58,7.59,79.27,0.0,0,3867,667.8825,2.7781,363.9333,0.242,A
68,es-stress-d/elasticsearch-dynamic-0,9.5,311741.04,1414.09,0.0234,6,1162,581.9844,78.4772,363.9333,0.011,A
68,hotel1/mongodb-geo,10.36,71.44,400.43,0.0391,1,198,581.9844,2.5575,363.9333,0.011,A
68,hotel1/mongodb-profile,11.35,74.33,400.43,0.0391,1,998,581.9844,2.5575,363.9333,0.011,A
68,hotel1/mongodb-rate,10.22,73.22,400.43,0.0391,1,196,581.9844,2.5575,363.9333,0.022,A
68,hotel1/mongodb-recommendation,10.54,71.61,400.43,0.0391,1,302,581.9844,2.5575,363.9333,0.011,A
68,hotel1/mongodb-reservation,49.48,132.52,400.43,0.3164,85,916,581.9844,2.5575,363.9333,0.0661,A
68,hotel1/mongodb-user,10.21,74.0,400.43,0.0391,1,180,581.9844,2.5575,363.9333,0.0,A
68,hotel1/profile,3588.4,41.12,1119.06,0.0,0,54095,9342.9283,44.9691,363.9333,4.01,A
68,hotel1/rate,1837.63,35.23,1119.14,0.0,0,3771,651.302,23.0324,363.9333,2.19,A
68,hotel1/recommendation,675.26,25.64,1119.06,0.0,0,2808,581.9844,8.4667,363.9333,0.815,A
68,hotel1/memcached-reserve,286.63,7.58,79.27,0.0,0,2000,581.9844,3.5931,363.9333,0.319,A
69,hotel1/user,62.79,21.03,1119.06,0.0,0,1718,581.9844,2.5575,357.6061,0.0469,A
69,es-stress-d/elasticsearch-dynamic-0,6.88,311741.04,1414.09,0.0,0,1347,581.9844,85.2392,357.6061,0.0,A
69,es-stress-d2/elasticsearch-dynamic-0,6.53,311735.75,1414.09,0.0,0,671,581.9844,85.2329,357.6061,0.0352,A
69,es-stress-d3/elasticsearch-dynamic-0,7.63,311729.62,1414.09,0.0,0,1074,581.9844,85.2464,357.6061,0.0117,A
69,es-stress-d4/elasticsearch-dynamic-0,6.69,311732.62,1414.09,0.0,0,1150,581.9844,85.2343,357.6061,0.0117,A
69,hotel1/consul,26.57,31.02,212.87,0.0,0,4527,695.0047,2.5575,357.6061,0.0235,A
69,hotel1/frontend,9554.55,128.02,1119.14,0.0,0,696461,106923.7105,131.8584,357.6061,10.6,A
69,hotel1/geo,1164.75,25.37,1119.06,0.0,0,3367,581.9844,16.0769,357.6061,1.23,A
69,hotel1/jaeger,0.31,14.89,81.01,0.0,0,0,581.9844,2.5575,2.7184,0.0,A
69,hotel1/memcached-profile,235.58,8.05,79.27,0.0,0,3132,581.9844,3.2525,357.6061,0.27,A
69,hotel1/memcached-rate,214.51,7.6,79.27,0.0,0,3406,581.9844,2.9617,357.6061,0.223,A
69,hotel1/memcached-reserve,282.7,8.33,79.27,0.0,0,2097,581.9844,3.9027,357.6061,0.293,A
69,hotel1/search,2606.14,32.87,1119.06,0.0,0,4772,732.6181,35.9657,357.6061,2.84,A
69,hotel1/mongodb-profile,8.51,74.18,400.43,0.0,0,418,581.9844,2.5575,357.6061,0.0235,A
69,hotel1/mongodb-rate,8.64,73.22,400.43,0.0,0,222,581.9844,2.5575,357.6061,0.0117,A
69,hotel1/mongodb-recommendation,8.95,71.43,400.43,0.0,0,389,581.9844,2.5575,357.6061,0.0,A
69,hotel1/mongodb-reservation,48.33,132.25,400.43,0.2422,80,897,581.9844,2.5575,357.6061,0.0469,A
69,hotel1/mongodb-user,8.64,73.85,400.43,0.0,0,210,581.9844,2.5575,357.6061,0.0,A
69,hotel1/profile,3362.46,41.76,1119.06,0.0,0,23785,3651.5763,46.403,357.6061,3.44,A
69,hotel1/rate,1898.57,38.92,1119.14,0.0,0,3870,594.1392,26.2051,357.6061,1.9,A
69,hotel1/recommendation,684.17,24.44,1119.06,0.0,0,2923,581.9844,9.4461,357.6061,0.716,A
69,hotel1/reservation,4490.63,83.45,1119.06,0.0,0,799132,122686.2073,61.9797,357.6061,4.89,A
69,hotel1/mongodb-geo,9.02,71.44,400.43,0.0,0,256,581.9844,2.5575,357.6061,0.0117,A
70,hotel1/search,2744.6,28.87,1119.06,0.0,0,4575,768.2335,32.2012,352.0745,2.85,A
70,hotel1/mongodb-reservation,49.54,132.54,400.43,0.3164,87,1195,581.9844,2.5575,352.0745,0.0748,A
70,hotel1/reservation,4453.32,77.3,1119.06,0.0,0,589258,98948.1346,52.256,352.0745,4.99,A
70,es-stress-d/elasticsearch-dynamic-0,10.32,311741.09,1414.09,0.0039,2,722,581.9844,73.2228,352.0745,0.0107,A
70,es-stress-d2/elasticsearch-dynamic-0,11.7,311735.81,1414.09,0.0039,2,898,581.9844,73.2377,352.0745,0.0214,A
70,es-stress-d3/elasticsearch-dynamic-0,9.92,311729.68,1414.09,0.0039,1,919,581.9844,73.2154,352.0745,0.0,A
70,es-stress-d4/elasticsearch-dynamic-0,11.38,311732.75,1414.09,0.0039,1,548,581.9844,73.2333,352.0745,0.0,A
70,hotel1/consul,26.56,31.02,212.87,0.0,0,4646,780.1558,2.5575,352.0745,0.0427,A
70,hotel1/user,57.17,21.38,1119.06,0.0,0,1808,581.9844,2.5575,352.0745,0.0534,A
70,hotel1/geo,1133.22,25.05,1119.06,0.0,0,3943,662.1081,13.2987,352.0745,1.2,A
70,hotel1/jaeger,0.36,14.89,81.01,0.0,0,0,581.9844,2.5575,2.7184,0.0,A
70,hotel1/memcached-profile,228.79,9.07,79.27,0.0,0,2968,581.9844,2.6859,352.0745,0.246,A
70,hotel1/memcached-rate,216.87,7.84,79.27,0.0,0,3051,581.9844,2.5575,352.0745,0.246,A
70,hotel1/frontend,9720.3,124.41,1119.14,0.0,0,672286,112890.1867,114.0493,352.0745,10.3,A
70,hotel1/mongodb-geo,10.71,71.44,400.43,0.0391,1,231,581.9844,2.5575,352.0745,0.0,A
70,hotel1/mongodb-profile,10.39,74.19,400.43,0.0391,1,245,581.9844,2.5575,352.0745,0.0107,A
70,hotel1/mongodb-rate,10.95,73.41,400.43,0.0391,1,455,581.9844,2.5575,352.0745,0.0214,A
70,hotel1/mongodb-recommendation,10.76,71.43,400.43,0.0391,1,249,581.9844,2.5575,352.0745,0.0107,A
70,hotel1/mongodb-user,11.21,73.86,400.43,0.0391,1,177,581.9844,2.5575,352.0745,0.0107,A
70,hotel1/profile,3394.19,44.47,1119.06,0.0,0,56756,9530.4609,39.8246,352.0745,3.53,A
70,hotel1/rate,1901.92,37.82,1119.14,0.0,0,3857,647.667,22.3186,352.0745,2.22,A
70,hotel1/recommendation,631.8,23.36,1119.06,0.0,0,3739,627.8524,7.4166,352.0745,0.716,A
70,hotel1/memcached-reserve,290.44,8.5,79.27,0.0,0,2023,581.9844,3.4089,352.0745,0.321,A
71,hotel1/user,64.03,21.41,1119.06,0.0,0,2299,581.9844,2.5575,348.8431,0.0583,A
71,hotel1/search,2651.94,30.2,1119.06,0.0,0,5287,889.3714,33.7803,348.8431,2.81,A
71,hotel1/reservation,4391.88,82.29,1119.06,0.0,0,683003,114893.7701,55.9516,348.8431,5.1,A
71,es-stress-d2/elasticsearch-dynamic-0,7.4,311735.91,1414.09,0.0,0,1080,581.9844,78.099,348.8431,0.0117,A
71,es-stress-d3/elasticsearch-dynamic-0,8.33,311729.78,1414.09,0.0,0,1273,581.9844,78.1094,348.8431,0.0,A
71,es-stress-d4/elasticsearch-dynamic-0,7.51,311732.85,1414.09,0.0,0,1597,581.9844,78.0997,348.8431,0.0117,A
71,hotel1/consul,28.58,31.02,212.87,0.0,0,3754,631.4924,2.5575,348.8431,0.035,A
71,hotel1/frontend,9580.94,114.32,1119.14,0.0,0,706787,118894.68,122.0427,348.8431,11.1,A
71,hotel1/geo,1134.91,28.73,1119.06,0.0,0,3219,581.9844,14.4604,348.8431,1.17,A
71,hotel1/jaeger,0.34,14.89,81.01,0.0,0,0,581.9844,2.5575,2.7184,0.0,A
71,hotel1/memcached-profile,233.27,8.07,79.27,0.0,0,2279,581.9844,2.9727,348.8431,0.245,A
71,hotel1/memcached-rate,207.04,7.59,79.27,0.0,0,3431,581.9844,2.6386,348.8431,0.222,A
71,es-stress-d/elasticsearch-dynamic-0,6.9,311741.09,1414.09,0.0039,1,1041,581.9844,78.094,348.8431,0.0117,A
71,hotel1/mongodb-geo,8.51,71.44,400.43,0.0,0,349,581.9844,2.5575,348.8431,0.0117,A
71,hotel1/mongodb-profile,8.26,74.18,400.43,0.0,0,320,581.9844,2.5575,348.8431,0.0117,A
71,hotel1/mongodb-rate,8.9,73.22,400.43,0.0,0,237,581.9844,2.5575,348.8431,0.0,A
71,hotel1/mongodb-recommendation,8.73,71.61,400.43,0.0,0,341,581.9844,2.5575,348.8431,0.0117,A
71,hotel1/mongodb-reservation,60.27,132.72,400.43,0.2734,86,822,581.9844,2.5575,348.8431,0.0817,A
71,hotel1/mongodb-user,8.57,73.85,400.43,0.0,0,353,581.9844,2.5575,348.8431,0.0,A
71,hotel1/profile,3245.06,43.01,1119.06,0.0,0,31067,5226.0455,41.3369,348.8431,3.7,A
71,hotel1/rate,1871.1,38.55,1119.14,0.0,0,3444,581.9844,23.8383,348.8431,1.98,A
71,hotel1/recommendation,683.75,24.82,1119.06,0.0,0,3201,581.9844,8.7138,348.8431,0.793,A
71,hotel1/memcached-reserve,293.12,8.39,79.27,0.0,0,2322,581.9844,3.735,348.8431,0.338,A
72,hotel1/user,65.98,21.09,1119.06,0.0,0,2206,581.9844,2.5575,349.4998,0.0554,A
72,es-stress-d/elasticsearch-dynamic-0,21.05,311741.31,1414.09,0.0,0,443,581.9844,84.5014,349.4998,0.0111,A
72,hotel1/search,2666.7,35.0,1119.06,0.0,0,6414,1125.9597,36.9833,349.4998,2.9,A
72,es-stress-d2/elasticsearch-dynamic-0,22.36,311735.99,1414.09,0.0,0,418,581.9844,84.5181,349.4998,0.0,A
72,es-stress-d3/elasticsearch-dynamic-0,20.74,311729.87,1414.09,0.0039,1,587,581.9844,84.494,349.4998,0.0111,A
72,es-stress-d4/elasticsearch-dynamic-0,20.65,311733.04,1414.09,0.0039,1,287,581.9844,84.4936,349.4998,0.0,A
72,hotel1/consul,25.96,31.02,212.87,0.0,0,5269,924.9582,2.5575,349.4998,0.0222,A
72,hotel1/frontend,9429.33,113.56,1119.14,0.0,0,552185,96934.5271,130.7686,349.4998,10.5,A
72,hotel1/jaeger,0.3,14.89,81.01,0.0,0,0,581.9844,2.5575,2.7184,0.0,A
72,hotel1/memcached-profile,231.56,8.29,79.27,0.0,0,2926,581.9844,3.2128,349.4998,0.211,A
72,hotel1/memcached-rate,210.26,8.58,79.27,0.0,0,2831,581.9844,2.9176,349.4998,0.222,A
72,hotel1/memcached-reserve,278.61,8.46,79.27,0.0,0,1933,581.9844,3.8652,349.4998,0.321,A
72,hotel1/geo,1166.11,28.43,1119.06,0.0,0,3199,581.9844,16.1758,349.4998,1.17,A
72,hotel1/mongodb-profile,10.48,74.33,400.43,0.0391,1,322,581.9844,2.5575,349.4998,0.0,A
72,hotel1/mongodb-geo,9.93,71.44,400.43,0.0391,1,214,581.9844,2.5575,349.4998,0.0,A
72,hotel1/recommendation,671.36,24.31,1119.06,0.0,0,3987,699.9067,9.315,349.4998,0.698,A
72,hotel1/rate,1727.84,38.37,1119.14,0.0,0,3958,694.8158,23.9669,349.4998,2.04,A
72,hotel1/profile,3350.89,44.91,1119.06,0.0,0,8670,1521.9942,46.4723,349.4998,3.16,A
72,hotel1/reservation,4298.28,81.22,1119.06,0.0,0,674358,118381.6544,59.6177,349.4998,4.25,A
72,hotel1/mongodb-reservation,53.64,133.28,400.43,0.3203,82,1029,581.9844,2.5575,349.4998,0.0665,A
72,hotel1/mongodb-recommendation,10.12,71.61,400.43,0.0391,1,408,581.9844,2.5575,349.4998,0.0222,A
72,hotel1/mongodb-rate,9.82,73.41,400.43,0.0391,1,157,581.9844,2.5575,349.4998,0.0111,A
72,hotel1/mongodb-user,10.25,74.0,400.43,0.0391,1,279,581.9844,2.5575,349.4998,0.0111,A
73,hotel1/user,59.94,21.07,1119.06,0.0,0,1882,581.9844,2.5575,360.376,0.0619,A
73,hotel1/search,2757.53,31.67,1119.06,0.0,0,5017,774.9892,36.4469,360.376,2.95,A
73,hotel1/reservation,4576.26,78.32,1119.06,0.0,0,735835,113666.3659,60.4923,360.376,5.21,A
73,es-stress-d/elasticsearch-dynamic-0,6.65,311741.31,1414.09,0.0039,1,1188,581.9844,83.4531,360.376,0.0124,A
73,es-stress-d2/elasticsearch-dynamic-0,6.88,311735.99,1414.09,0.0117,4,1073,581.9844,83.4547,360.376,0.0124,A
73,es-stress-d3/elasticsearch-dynamic-0,7.17,311729.87,1414.09,0.043,6,992,581.9844,83.4569,360.376,0.0124,A
73,es-stress-d4/elasticsearch-dynamic-0,6.67,311733.04,1414.09,0.0,0,1236,581.9844,83.4511,360.376,0.0,A
73,hotel1/consul,25.13,31.02,212.87,0.0,0,3939,608.4677,2.5575,360.376,0.0247,A
73,hotel1/geo,1206.16,29.78,1119.06,0.0,0,3691,581.9844,15.9463,360.376,1.32,A
73,hotel1/jaeger,0.41,14.89,81.01,0.0,0,0,581.9844,2.5575,2.7184,0.0,A
73,hotel1/memcached-profile,244.71,7.83,79.27,0.0,0,2795,581.9844,3.2357,360.376,0.272,A
73,hotel1/memcached-rate,218.99,7.59,79.27,0.0,0,3132,581.9844,2.8958,360.376,0.247,A
73,hotel1/frontend,9654.23,121.95,1119.14,0.0,0,696862,107646.1042,127.605,360.376,11.7,A
73,hotel1/mongodb-geo,8.99,71.44,400.43,0.0,0,205,581.9844,2.5575,360.376,0.0124,A
73,hotel1/memcached-reserve,284.13,7.48,79.27,0.0,0,2072,581.9844,3.7565,360.376,0.346,A
73,hotel1/rate,1899.49,41.35,1119.14,0.0,0,4037,623.606,25.1112,360.376,1.97,A
73,hotel1/profile,3493.67,42.36,1119.06,0.0,0,32086,4956.4087,46.1772,360.376,3.61,A
73,hotel1/mongodb-user,8.58,74.04,400.43,0.0,0,261,581.9844,2.5575,360.376,0.0247,A
73,hotel1/recommendation,708.27,24.83,1119.06,0.0,0,3875,598.5814,9.3658,360.376,0.718,A
73,hotel1/mongodb-recommendation,9.6,71.61,400.43,0.0,0,307,581.9844,2.5575,360.376,0.0124,A
73,hotel1/mongodb-rate,8.7,73.22,400.43,0.0,0,184,581.9844,2.5575,360.376,0.0124,A
73,hotel1/mongodb-profile,9.34,74.37,400.43,0.0,0,285,581.9844,2.5575,360.376,0.0,A
73,hotel1/mongodb-reservation,52.53,133.62,400.43,0.2656,82,1015,581.9844,2.5575,360.376,0.0619,A
74,hotel1/user,57.82,21.3,1119.06,0.0,0,2873,581.9844,2.5575,321.9465,0.053,A
74,hotel1/search,2455.5,35.08,1119.06,0.0,0,11892,1980.5773,30.4962,321.9465,2.74,A
74,hotel1/reservation,4079.38,75.52,1119.06,0.0,0,466645,77718.3407,50.6681,321.9465,4.71,A
74,es-stress-d2/elasticsearch-dynamic-0,10.48,311735.99,1414.09,0.0117,4,1138,581.9844,72.56,321.9465,0.0106,A
74,es-stress-d3/elasticsearch-dynamic-0,8.85,311729.87,1414.09,0.0117,5,857,581.9844,72.5383,321.9465,0.0,A
74,es-stress-d4/elasticsearch-dynamic-0,8.37,311733.04,1414.09,0.0391,7,1217,581.9844,72.5331,321.9465,0.0106,A
74,hotel1/consul,27.42,31.02,212.87,0.0,0,4250,707.8249,2.5575,321.9465,0.0212,A
74,hotel1/frontend,9388.89,111.65,1119.14,0.0,0,808056,134579.3301,116.6005,321.9465,10.0,A
74,hotel1/geo,1099.16,25.49,1119.06,0.0,0,3312,581.9844,13.6533,321.9465,1.2,A
74,hotel1/jaeger,0.36,14.89,81.01,0.0,0,0,581.9844,2.5575,2.7184,0.0,A
74,hotel1/memcached-profile,212.67,8.87,79.27,0.0,0,4254,708.4911,2.6426,321.9465,0.233,A
74,hotel1/memcached-rate,197.81,7.83,79.27,0.0,0,4246,707.1587,2.5575,321.9465,0.223,A
74,es-stress-d/elasticsearch-dynamic-0,9.54,311741.31,1414.09,0.0234,8,975,581.9844,72.5495,321.9465,0.0212,A
74,hotel1/mongodb-geo,11.37,71.44,400.43,0.0391,1,259,581.9844,2.5575,321.9465,0.0212,A
74,hotel1/mongodb-profile,12.15,74.33,400.43,0.0391,1,404,581.9844,2.5575,321.9465,0.0212,A
74,hotel1/mongodb-rate,11.43,73.41,400.43,0.0391,1,487,581.9844,2.5575,321.9465,0.0212,A
74,hotel1/mongodb-recommendation,11.13,71.43,400.43,0.0391,1,250,581.9844,2.5575,321.9465,0.0106,A
74,hotel1/mongodb-reservation,51.25,133.79,400.43,0.293,75,985,581.9844,2.5575,321.9465,0.0636,A
74,hotel1/mongodb-user,12.14,73.85,400.43,0.0391,1,271,581.9844,2.5575,321.9465,0.0,A
74,hotel1/profile,3156.6,44.68,1119.06,0.0,0,72192,12023.3635,39.2034,321.9465,3.61,A
74,hotel1/rate,1681.63,38.75,1119.14,0.0,0,3756,625.5507,20.8885,321.9465,1.87,A
74,hotel1/recommendation,581.19,24.48,1119.06,0.0,0,3068,581.9844,7.2219,321.9465,0.647,A
74,hotel1/memcached-reserve,266.44,9.24,79.27,0.0,0,2296,581.9844,3.3103,321.9465,0.297,A
75,hotel1/user,52.16,21.48,1119.06,0.0,0,2271,581.9844,2.5575,353.4522,0.0592,A
75,hotel1/search,2683.59,27.44,1119.06,0.0,0,4989,825.2327,34.0308,353.4522,2.63,A
75,es-stress-d2/elasticsearch-dynamic-0,13.67,311735.99,1414.09,0.0039,1,470,581.9844,78.4091,353.4522,0.0,A
75,es-stress-d3/elasticsearch-dynamic-0,13.82,311729.87,1414.09,0.0,0,447,581.9844,78.4094,353.4522,0.0118,A
75,es-stress-d4/elasticsearch-dynamic-0,16.56,311733.04,1414.09,0.0,0,905,581.9844,78.445,353.4522,0.0237,A
75,hotel1/consul,25.93,31.02,212.87,0.0,0,4715,779.9103,2.5575,353.4522,0.0355,A
75,hotel1/frontend,9689.43,125.14,1119.14,0.0,0,730187,120780.5594,122.8788,353.4522,10.9,A
75,hotel1/geo,1112.88,28.16,1119.06,0.0,0,3109,581.9844,14.1167,353.4522,1.07,A
75,hotel1/jaeger,0.35,14.89,81.01,0.0,0,0,581.9844,2.5575,2.7184,0.0,A
75,hotel1/memcached-profile,237.91,8.31,79.27,0.0,0,2528,581.9844,3.0184,353.4522,0.225,A
75,hotel1/memcached-rate,213.06,7.58,79.27,0.0,0,3078,581.9844,2.7032,353.4522,0.201,A
75,hotel1/memcached-reserve,287.6,8.43,79.27,0.0,0,1821,581.9844,3.6485,353.4522,0.308,A
75,es-stress-d/elasticsearch-dynamic-0,12.99,311741.31,1414.09,0.0039,1,436,581.9844,78.4018,353.4522,0.0,A
75,hotel1/mongodb-profile,9.02,74.19,400.43,0.0,0,391,581.9844,2.5575,353.4522,0.0118,A
75,hotel1/mongodb-rate,10.15,73.37,400.43,0.0,0,289,581.9844,2.5575,353.4522,0.0,A
75,hotel1/mongodb-recommendation,11.24,71.57,400.43,0.0,0,287,581.9844,2.5575,353.4522,0.0118,A
75,hotel1/mongodb-reservation,44.9,134.02,400.43,0.25,82,995,581.9844,2.5575,353.4522,0.0474,A
75,hotel1/mongodb-user,9.02,73.85,400.43,0.0,0,226,581.9844,2.5575,353.4522,0.0,A
75,hotel1/profile,3383.61,42.54,1119.06,0.0,0,60425,9994.9264,42.9098,353.4522,3.21,A
75,hotel1/rate,1883.38,37.9,1119.14,0.0,0,3653,604.2444,23.8879,353.4522,1.63,A
75,hotel1/recommendation,652.21,23.55,1119.06,0.0,0,3311,581.9844,8.275,353.4522,0.687,A
75,hotel1/reservation,4329.77,79.11,1119.06,0.0,0,666265,110207.1926,54.9148,353.4522,4.57,A
75,hotel1/mongodb-geo,8.53,71.44,400.43,0.0,0,326,581.9844,2.5575,353.4522,0.0,A
76,hotel1/user,67.42,21.49,1119.06,0.0,0,1561,581.9844,2.5575,354.4978,0.0931,A
76,hotel1/search,2719.01,32.77,1119.06,0.0,0,4529,722.8734,30.0972,354.4978,3.0,A
76,hotel1/reservation,4439.72,80.47,1119.06,0.0,0,644872,102927.9756,49.1501,354.4978,4.99,A
76,es-stress-d/elasticsearch-dynamic-0,9.25,311741.32,1414.09,0.0,0,692,581.9844,70.1064,354.4978,0.0116,A
76,es-stress-d2/elasticsearch-dynamic-0,9.73,311736.05,1414.09,0.0,0,992,581.9844,70.1106,354.4978,0.0349,A
76,es-stress-d3/elasticsearch-dynamic-0,11.38,311729.96,1414.09,0.0078,2,546,581.9844,70.1275,354.4978,0.0,A
76,es-stress-d4/elasticsearch-dynamic-0,9.57,311733.04,1414.09,0.0039,1,1073,581.9844,70.1081,354.4978,0.0116,A
76,hotel1/consul,25.49,31.02,212.87,0.0,0,4246,677.7038,2.5575,354.4978,0.0349,A
76,hotel1/geo,1128.38,26.88,1119.06,0.0,0,3110,581.9844,12.4932,354.4978,1.21,A
76,hotel1/jaeger,0.34,14.89,81.01,0.0,0,0,581.9844,2.5575,2.7184,0.0,A
76,hotel1/memcached-profile,244.13,8.79,79.27,0.0,0,2972,581.9844,2.7036,354.4978,0.256,A
76,hotel1/memcached-rate,218.06,7.57,79.27,0.0,0,3065,581.9844,2.5575,354.4978,0.233,A
76,hotel1/frontend,9918.28,119.76,1119.14,0.0,0,844197,134742.2251,109.7872,354.4978,10.2,A
76,hotel1/mongodb-geo,10.46,71.43,400.43,0.0,0,257,581.9844,2.5575,354.4978,0.0116,A
76,hotel1/memcached-reserve,288.36,7.33,79.27,0.0,0,2026,581.9844,3.1928,354.4978,0.337,A
76,hotel1/rate,1909.15,35.99,1119.14,0.0,0,3769,601.5698,21.1356,354.4978,1.91,A
76,hotel1/profile,3526.56,42.22,1119.06,0.0,0,46087,7355.9429,39.036,354.4978,3.5,A
76,hotel1/mongodb-user,10.89,73.85,400.43,0.0,0,280,581.9844,2.5575,354.4978,0.0,A
76,hotel1/recommendation,698.13,24.74,1119.06,0.0,0,3846,613.8598,7.7314,354.4978,0.756,A
76,hotel1/mongodb-recommendation,10.67,71.61,400.43,0.0,0,344,581.9844,2.5575,354.4978,0.0,A
76,hotel1/mongodb-rate,8.79,73.22,400.43,0.0,0,263,581.9844,2.5575,354.4978,0.0233,A
76,hotel1/mongodb-profile,12.12,74.18,400.43,0.0039,2,392,581.9844,2.5575,354.4978,0.0116,A
76,hotel1/mongodb-reservation,46.07,133.94,400.43,0.3203,88,1053,581.9844,2.5575,354.4978,0.0698,A
77,hotel1/search,2644.12,31.04,1119.06,0.0,0,6059,1062.962,32.0909,359.9164,3.13,A
77,hotel1/mongodb-reservation,48.22,134.34,400.43,0.2656,86,799,581.9844,2.5575,359.9164,0.0553,A
77,hotel1/reservation,4630.82,75.18,1119.06,0.0,0,569127,99844.9246,56.2081,359.9164,4.71,A
77,hotel1/user,59.16,21.48,1119.06,0.0,0,1875,581.9844,2.5575,359.9164,0.0664,A
77,es-stress-d/elasticsearch-dynamic-0,6.24,311741.32,1414.09,0.0078,2,1001,581.9844,77.5587,359.9164,0.0111,A
77,es-stress-d2/elasticsearch-dynamic-0,7.36,311736.05,1414.09,0.0039,1,744,581.9844,77.571,359.9164,0.0221,A
77,es-stress-d3/elasticsearch-dynamic-0,6.96,311729.93,1414.09,0.0,0,917,581.9844,77.5646,359.9164,0.0,A
77,es-stress-d4/elasticsearch-dynamic-0,6.64,311733.04,1414.09,0.0,0,921,581.9844,77.5615,359.9164,0.0111,A
77,hotel1/consul,24.69,31.02,212.87,0.0,0,3760,659.6365,2.5575,359.9164,0.0221,A
77,hotel1/frontend,9931.19,117.87,1119.14,0.0,0,713649,125199.1745,120.5324,359.9164,10.3,A
77,hotel1/jaeger,0.41,14.89,81.01,0.0,0,0,581.9844,2.5575,2.7184,0.0,A
77,hotel1/memcached-profile,233.34,8.35,79.27,0.0,0,2624,581.9844,2.8334,359.9164,0.288,A
77,hotel1/memcached-rate,220.27,7.65,79.27,0.0,0,2840,581.9844,2.6746,359.9164,0.232,A
77,hotel1/geo,1144.24,27.67,1119.06,0.0,0,3547,622.2688,13.8909,359.9164,1.25,A
77,hotel1/mongodb-geo,8.89,71.43,400.43,0.0,0,231,581.9844,2.5575,359.9164,0.0111,A
77,hotel1/recommendation,689.19,24.04,1119.06,0.0,0,3038,581.9844,8.3685,359.9164,0.741,A
77,hotel1/memcached-reserve,283.27,7.54,79.27,0.0,0,2191,581.9844,3.439,359.9164,0.31,A
77,hotel1/profile,3581.8,44.15,1119.06,0.0,0,48930,8584.0457,43.4718,359.9164,3.77,A
77,hotel1/mongodb-user,9.19,73.85,400.43,0.0,0,276,581.9844,2.5575,359.9164,0.0221,A
77,hotel1/rate,1996.32,38.98,1119.14,0.0,0,4122,723.144,24.2326,359.9164,1.91,A
77,hotel1/mongodb-recommendation,9.52,71.43,400.43,0.0,0,282,581.9844,2.5575,359.9164,0.0221,A
77,hotel1/mongodb-rate,9.28,73.41,400.43,0.0,0,239,581.9844,2.5575,359.9164,0.0111,A
77,hotel1/mongodb-profile,10.65,74.37,400.43,0.0,0,240,581.9844,2.5575,359.9164,0.0,A
78,hotel1/user,65.22,21.19,1119.06,0.0,0,1827,581.9844,2.5575,362.6824,0.0546,A
78,hotel1/mongodb-user,9.92,74.04,400.43,0.0,0,225,581.9844,2.5575,362.6824,0.0136,A
78,hotel1/reservation,4579.93,80.54,1119.06,0.0,0,640094,114736.2624,56.6086,362.6824,5.01,A
78,es-stress-d/elasticsearch-dynamic-0,15.25,311741.32,1414.09,0.0039,2,697,581.9844,79.7395,362.6824,0.0136,A
78,es-stress-d2/elasticsearch-dynamic-0,10.56,311736.05,1414.09,0.0039,2,788,581.9844,79.6802,362.6824,0.0,A
78,es-stress-d3/elasticsearch-dynamic-0,9.55,311729.93,1414.09,0.0039,1,1270,581.9844,79.6662,362.6824,0.0136,A
78,es-stress-d4/elasticsearch-dynamic-0,11.83,311733.04,1414.09,0.0039,1,855,581.9844,79.6951,362.6824,0.0136,A
78,hotel1/search,2846.15,33.93,1119.06,0.0,0,4498,806.2624,35.1747,362.6824,2.63,A
78,hotel1/frontend,9944.78,117.4,1119.14,0.0,0,741410,132897.0625,122.9042,362.6824,11.9,A
78,hotel1/geo,1218.15,27.7,1119.06,0.0,0,3036,581.9844,15.0581,362.6824,1.27,A
78,hotel1/jaeger,0.33,14.89,81.01,0.0,0,0,581.9844,2.5575,2.7184,0.0,A
78,hotel1/memcached-profile,245.69,8.05,79.27,0.0,0,2715,581.9844,3.0377,362.6824,0.246,A
78,hotel1/consul,25.08,31.02,212.87,0.0,0,4852,869.7165,2.5575,362.6824,0.0273,A
78,hotel1/memcached-reserve,283.76,9.59,79.27,0.0,0,1923,581.9844,3.5085,362.6824,0.341,A
78,hotel1/mongodb-geo,9.96,71.45,400.43,0.0,0,189,581.9844,2.5575,362.6824,0.0,A
78,hotel1/mongodb-profile,9.99,74.2,400.43,0.0,0,291,581.9844,2.5575,362.6824,0.0273,A
78,hotel1/mongodb-rate,10.27,73.43,400.43,0.0508,8,273,581.9844,2.5575,362.6824,0.0136,A
78,hotel1/mongodb-recommendation,10.47,71.63,400.43,0.0508,10,283,581.9844,2.5575,362.6824,0.0273,A
78,hotel1/mongodb-reservation,48.33,134.41,400.43,0.2852,92,1192,581.9844,2.5575,362.6824,0.0682,A
78,hotel1/profile,3541.09,42.69,1119.06,0.0,0,11662,2090.4028,43.7634,362.6824,4.01,A
78,hotel1/rate,1956.37,37.84,1119.14,0.0,0,4233,758.7614,24.1819,362.6824,1.77,A
78,hotel1/recommendation,695.33,24.85,1119.06,0.0,0,3226,581.9844,8.5976,362.6824,0.668,A
78,hotel1/memcached-rate,224.98,7.56,79.27,0.0,0,4680,838.8857,2.7817,362.6824,0.232,A
79,hotel1/user,56.11,21.44,1119.06,0.0,0,2630,581.9844,2.5575,332.981,0.0553,A
79,hotel1/search,2426.81,30.59,1119.06,0.0,0,5044,824.8501,32.2678,332.981,2.6,A
79,hotel1/reservation,4341.59,83.29,1119.06,0.0,0,746468,122070.6216,57.7348,332.981,4.09,A
79,es-stress-d/elasticsearch-dynamic-0,6.86,311741.32,1414.09,0.0039,1,1093,581.9844,79.8618,332.981,0.0184,A
79,es-stress-d2/elasticsearch-dynamic-0,6.61,311736.05,1414.09,0.0195,3,767,581.9844,79.8571,332.981,0.0,A
79,es-stress-d3/elasticsearch-dynamic-0,7.08,311729.93,1414.09,0.0234,10,1482,581.9844,79.8618,332.981,0.0092,A
79,es-stress-d4/elasticsearch-dynamic-0,6.58,311733.04,1414.09,0.0,0,1462,581.9844,79.856,332.981,0.0092,A
79,hotel1/consul,26.54,31.02,212.87,0.0,0,3427,581.9844,2.5575,332.981,0.0184,A
79,hotel1/geo,1090.66,29.5,1119.06,0.0,0,2921,581.9844,14.5059,332.981,1.01,A
79,hotel1/jaeger,0.3,14.89,81.01,0.0,0,0,581.9844,2.5575,2.7184,0.0,A
79,hotel1/memcached-profile,225.42,8.57,79.27,0.0,0,2406,581.9844,2.9987,332.981,0.212,A
79,hotel1/memcached-rate,200.99,7.57,79.27,0.0,0,3259,581.9844,2.6737,332.981,0.212,A
79,hotel1/frontend,9582.9,123.27,1119.14,0.0,0,820658,134202.9828,127.4187,332.981,8.61,A
79,hotel1/mongodb-geo,9.37,71.45,400.43,0.0469,8,461,581.9844,2.5575,332.981,0.0,A
79,hotel1/memcached-reserve,274.15,7.32,79.27,0.0,0,1863,581.9844,3.6462,332.981,0.258,A
79,hotel1/rate,1730.35,37.09,1119.14,0.0,0,3384,581.9844,23.0113,332.981,1.74,A
79,hotel1/profile,3285.26,47.41,1119.06,0.0,0,33025,5400.6096,43.6837,332.981,3.21,A
79,hotel1/mongodb-user,9.68,73.87,400.43,0.0508,10,297,581.9844,2.5575,332.981,0.0092,A
79,hotel1/recommendation,653.1,25.72,1119.06,0.0,0,3090,581.9844,8.6884,332.981,0.626,A
79,hotel1/mongodb-recommendation,9.68,71.44,400.43,0.0,0,308,581.9844,2.5575,332.981,0.0092,A
79,hotel1/mongodb-rate,9.15,73.24,400.43,0.0,0,219,581.9844,2.5575,332.981,0.0,A
79,hotel1/mongodb-profile,10.68,74.2,400.43,0.0625,15,331,581.9844,2.5575,332.981,0.0092,A
79,hotel1/mongodb-reservation,51.74,134.84,400.43,0.9961,113,885,581.9844,2.5575,332.981,0.0368,A
80,hotel1/user,66.52,21.52,1119.06,0.0,0,1670,581.9844,2.5575,366.6461,0.0827,A
80,hotel1/search,2779.64,36.92,1119.06,0.0,0,7763,1249.6459,36.5525,366.6461,2.57,A
80,hotel1/reservation,4631.44,81.17,1119.06,0.0,0,636070,102391.1193,60.9091,366.6461,4.27,A
80,es-stress-d2/elasticsearch-dynamic-0,9.07,311736.06,1414.09,0.0078,4,773,581.9844,83.3277,366.6461,0.0118,A
80,es-stress-d3/elasticsearch-dynamic-0,8.75,311729.93,1414.09,0.0039,1,531,581.9844,83.3219,366.6461,0.0118,A
80,es-stress-d4/elasticsearch-dynamic-0,8.22,311733.04,1414.09,0.0234,9,1257,581.9844,83.3158,366.6461,0.0236,A
80,hotel1/consul,26.92,31.02,212.87,0.0,0,4009,645.3472,2.5575,366.6461,0.0354,A
80,hotel1/frontend,9698.07,106.37,1119.14,0.0,0,654032,105282.5452,127.5245,366.6461,11.0,A
80,hotel1/geo,1137.22,26.66,1119.06,0.0,0,3287,581.9844,14.9576,366.6461,1.05,A
80,hotel1/jaeger,0.32,14.89,81.01,0.0,0,0,581.9844,2.5575,2.7184,0.0,A
80,hotel1/memcached-profile,245.85,8.59,79.27,0.0,0,4036,649.6935,3.2344,366.6461,0.224,A
80,hotel1/memcached-rate,223.82,7.6,79.27,0.0,0,3430,581.9844,2.9445,366.6461,0.177,A
80,es-stress-d/elasticsearch-dynamic-0,9.51,311741.32,1414.09,0.0195,8,923,581.9844,83.3349,366.6461,0.0118,A
80,hotel1/mongodb-geo,9.12,71.45,400.43,0.0156,1,313,581.9844,2.5575,366.6461,0.0,A
80,hotel1/mongodb-profile,11.25,74.21,400.43,0.0156,1,154,581.9844,2.5575,366.6461,0.0118,A
80,hotel1/mongodb-rate,9.39,73.24,400.43,0.0156,1,233,581.9844,2.5575,366.6461,0.0118,A
80,hotel1/mongodb-recommendation,10.82,71.44,400.43,0.0156,1,274,581.9844,2.5575,366.6461,0.0118,A
80,hotel1/mongodb-reservation,48.33,134.87,400.43,0.2656,84,886,581.9844,2.5575,366.6461,0.059,A
80,hotel1/mongodb-user,10.12,73.87,400.43,0.0156,1,506,581.9844,2.5575,366.6461,0.0236,A
80,hotel1/profile,3429.02,42.53,1119.06,0.0,0,42110,6778.6408,45.0911,366.6461,3.19,A
80,hotel1/rate,1994.29,37.4,1119.14,0.0,0,4942,795.5365,26.228,366.6461,1.59,A
80,hotel1/recommendation,677.36,24.5,1119.06,0.0,0,3814,613.9572,8.9115,366.6461,0.638,A
80,hotel1/memcached-reserve,291.3,7.87,79.27,0.0,0,2481,581.9844,3.8317,366.6461,0.26,A
81,hotel1/user,61.81,21.03,1119.06,0.0,0,1795,581.9844,2.5575,346.4685,0.0831,A
81,es-stress-d/elasticsearch-dynamic-0,6.84,311741.32,1414.09,0.0039,1,684,581.9844,79.1976,346.4685,0.0,A
81,es-stress-d2/elasticsearch-dynamic-0,6.73,311736.06,1414.09,0.0078,2,1072,581.9844,79.1949,346.4685,0.0119,A
81,es-stress-d3/elasticsearch-dynamic-0,7.22,311729.93,1414.09,0.0,0,1221,581.9844,79.1997,346.4685,0.0,A
81,es-stress-d4/elasticsearch-dynamic-0,6.66,311733.04,1414.09,0.0,0,1227,581.9844,79.1932,346.4685,0.0119,A
81,hotel1/consul,25.92,31.02,212.87,0.0,0,4638,759.5505,2.5575,346.4685,0.0237,A
81,hotel1/frontend,9575.94,107.52,1119.14,0.0,0,695345,113874.4359,125.0967,346.4685,11.0,A
81,hotel1/geo,1120.12,30.8,1119.06,0.0,0,3385,581.9844,14.6375,346.4685,1.39,A
81,hotel1/jaeger,0.37,14.89,81.01,0.0,0,0,581.9844,2.5575,2.7184,0.0,A
81,hotel1/memcached-profile,225.84,8.32,79.27,0.0,0,3510,581.9844,2.9518,346.4685,0.273,A
81,hotel1/memcached-rate,207.45,7.6,79.27,0.0,0,2364,581.9844,2.7114,346.4685,0.237,A
81,hotel1/memcached-reserve,290.99,8.38,79.27,0.0,0,2658,581.9844,3.8027,346.4685,0.332,A
81,hotel1/search,2526.57,30.21,1119.06,0.0,0,5258,861.0859,33.0067,346.4685,3.09,A
81,hotel1/mongodb-profile,9.52,74.2,400.43,0.0,0,198,581.9844,2.5575,346.4685,0.0119,A
81,hotel1/mongodb-rate,9.21,73.43,400.43,0.0,0,274,581.9844,2.5575,346.4685,0.0,A
81,hotel1/mongodb-recommendation,9.47,71.45,400.43,0.0,0,414,581.9844,2.5575,346.4685,0.0119,A
81,hotel1/mongodb-reservation,54.46,135.27,400.43,0.25,81,1074,581.9844,2.5575,346.4685,0.0594,A
81,hotel1/mongodb-user,9.38,73.87,400.43,0.0,0,362,581.9844,2.5575,346.4685,0.0,A
81,hotel1/profile,3373.08,46.09,1119.06,0.0,0,39030,6391.8188,44.0668,346.4685,4.05,A
81,hotel1/rate,1797.63,37.12,1119.14,0.0,0,3258,581.9844,23.4879,346.4685,2.26,A
81,hotel1/recommendation,647.66,24.52,1119.06,0.0,0,3325,581.9844,8.4652,346.4685,0.89,A
81,hotel1/reservation,4263.89,80.89,1119.06,0.0,0,756935,123960.834,55.7103,346.4685,5.65,A
81,hotel1/mongodb-geo,8.88,71.45,400.43,0.0,0,312,581.9844,2.5575,346.4685,0.0237,A
82,hotel1/search,2669.61,31.38,1119.06,0.0,0,4828,734.0617,36.0892,367.9042,3.18,A
82,hotel1/mongodb-reservation,55.87,135.62,400.43,0.2891,83,949,581.9844,2.5575,367.9042,0.0694,A
82,hotel1/reservation,4712.44,83.22,1119.06,0.0,0,823616,125224.7178,63.713,367.9042,4.91,A
82,es-stress-d/elasticsearch-dynamic-0,9.17,311741.32,1414.09,0.0,0,855,581.9844,86.934,367.9042,0.0,A
82,es-stress-d2/elasticsearch-dynamic-0,8.6,311736.06,1414.09,0.0,0,528,581.9844,86.9248,367.9042,0.0231,A
82,es-stress-d3/elasticsearch-dynamic-0,8.88,311729.93,1414.09,0.0039,1,1063,581.9844,86.9269,367.9042,0.0116,A
82,es-stress-d4/elasticsearch-dynamic-0,8.93,311733.04,1414.09,0.0078,2,1186,581.9844,86.9284,367.9042,0.0,A
82,hotel1/consul,25.44,31.02,212.87,0.0,0,4276,650.1342,2.5575,367.9042,0.0231,A
82,hotel1/user,66.8,21.36,1119.06,0.0,0,1807,581.9844,2.5575,367.9042,0.0809,A
82,hotel1/geo,1233.38,28.59,1119.06,0.0,0,3272,581.9844,16.6774,367.9042,1.41,A
82,hotel1/jaeger,0.4,14.89,81.01,0.0,0,0,581.9844,2.5575,2.7184,0.0,A
82,hotel1/memcached-profile,241.03,9.56,79.27,0.0,0,3120,581.9844,3.2602,367.9042,0.289,A
82,hotel1/memcached-rate,220.33,7.6,79.27,0.0,0,4224,642.2279,2.9799,367.9042,0.243,A
82,hotel1/frontend,9951.47,118.51,1119.14,0.0,0,673841,102452.5374,134.5297,367.9042,11.0,A
82,hotel1/mongodb-geo,9.63,71.46,400.43,0.0195,1,301,581.9844,2.5575,367.9042,0.0116,A
82,hotel1/mongodb-profile,10.98,74.21,400.43,0.0625,3,204,581.9844,2.5575,367.9042,0.0116,A
82,hotel1/mongodb-rate,10.07,73.43,400.43,0.0586,3,324,581.9844,2.5575,367.9042,0.0116,A
82,hotel1/mongodb-recommendation,10.06,71.44,400.43,0.0586,3,195,581.9844,2.5575,367.9042,0.0,A
82,hotel1/mongodb-user,10.12,73.88,400.43,0.0195,1,214,581.9844,2.5575,367.9042,0.0231,A
82,hotel1/profile,3572.3,43.66,1119.06,0.0,0,24969,3796.3517,48.2927,367.9042,3.76,A
82,hotel1/rate,1888.15,38.02,1119.14,0.0,0,4144,630.0645,25.5294,367.9042,2.0,A
82,hotel1/recommendation,698.41,23.12,1119.06,0.0,0,3425,581.9844,9.4456,367.9042,0.775,A
82,hotel1/memcached-reserve,289.61,7.3,79.27,0.0,0,2155,581.9844,3.9162,367.9042,0.324,A
83,hotel1/user,59.46,21.47,1119.06,0.0,0,1673,581.9844,2.5575,341.8698,0.0611,A
83,hotel1/search,2633.64,32.86,1119.06,0.0,0,4834,851.5932,33.9293,341.8698,2.54,A
83,hotel1/reservation,4485.36,87.84,1119.06,0.0,0,655877,115544.1451,57.7932,341.8698,5.24,A
83,es-stress-d2/elasticsearch-dynamic-0,7.79,311736.53,1414.09,0.0039,1,731,581.9844,78.7679,341.8698,0.0,A
83,es-stress-d3/elasticsearch-dynamic-0,8.69,311730.15,1414.09,0.0039,1,660,581.9844,78.7778,341.8698,0.0,A
83,es-stress-d4/elasticsearch-dynamic-0,7.65,311733.24,1414.09,0.0,0,1478,581.9844,78.7652,341.8698,0.0,A
83,hotel1/consul,26.89,31.02,212.87,0.0,0,3874,682.4725,2.5575,341.8698,0.0366,A
83,hotel1/frontend,9593.14,115.39,1119.14,0.0,0,716064,126147.1323,123.5878,341.8698,10.1,A
83,hotel1/geo,1081.26,26.86,1119.06,0.0,0,3394,597.9122,13.9333,341.8698,1.17,A
83,hotel1/jaeger,1.27,14.89,81.01,0.0,0,31,581.9844,2.5575,2.7184,0.0,A
83,hotel1/memcached-profile,225.61,8.33,79.27,0.0,0,3013,581.9844,2.9079,341.8698,0.232,A
83,hotel1/memcached-rate,211.65,7.84,79.27,0.0,0,3080,581.9844,2.728,341.8698,0.22,A
83,es-stress-d/elasticsearch-dynamic-0,7.3,311741.45,1414.09,0.0039,1,1017,581.9844,78.7628,341.8698,0.0,A
83,hotel1/mongodb-geo,9.49,71.46,400.43,0.043,2,266,581.9844,2.5575,341.8698,0.0122,A
83,hotel1/mongodb-profile,9.04,74.21,400.43,0.0,0,427,581.9844,2.5575,341.8698,0.0244,A
83,hotel1/mongodb-rate,9.08,73.24,400.43,0.0,0,416,581.9844,2.5575,341.8698,0.0122,A
83,hotel1/mongodb-recommendation,9.04,71.45,400.43,0.0,0,342,581.9844,2.5575,341.8698,0.0,A
83,hotel1/mongodb-reservation,51.69,135.7,400.43,0.2617,85,1134,581.9844,2.5575,341.8698,0.0733,A
83,hotel1/mongodb-user,9.16,73.88,400.43,0.043,2,315,581.9844,2.5575,341.8698,0.0,A
83,hotel1/profile,3217.27,43.04,1119.06,0.0,0,36217,6380.2547,41.449,341.8698,3.3,A
83,hotel1/rate,1878.5,37.22,1119.14,0.0,0,4188,737.7891,24.2043,341.8698,1.71,A
83,hotel1/recommendation,633.06,24.84,1119.06,0.0,0,2764,581.9844,8.16,341.8698,0.757,A
83,hotel1/memcached-reserve,273.8,9.7,79.27,0.0,0,2510,581.9844,3.529,341.8698,0.317,A
84,hotel1/user,62.88,21.49,1119.06,0.0,0,1761,581.9844,2.5575,367.97,0.0777,A
84,es-stress-d/elasticsearch-dynamic-0,13.95,311741.89,1414.09,0.0117,5,794,581.9844,78.5205,367.97,0.0111,A
84,hotel1/search,2814.05,30.31,1119.06,0.0,0,8406,1431.6047,34.0902,367.97,3.14,A
84,es-stress-d2/elasticsearch-dynamic-0,14.06,311736.6,1414.09,0.0039,1,839,581.9844,78.5205,367.97,0.0111,A
84,es-stress-d3/elasticsearch-dynamic-0,11.38,311730.4,1414.09,0.0078,3,1033,581.9844,78.4865,367.97,0.0,A
84,es-stress-d4/elasticsearch-dynamic-0,12.5,311733.48,1414.09,0.0117,4,1081,581.9844,78.5008,367.97,0.0111,A
84,hotel1/consul,26.15,31.02,212.87,0.0,0,4030,686.3391,2.5575,367.97,0.0333,A
84,hotel1/frontend,9753.56,117.52,1119.14,0.0,0,783958,133513.9122,118.1605,367.97,10.7,A
84,hotel1/jaeger,0.39,14.89,81.01,0.0,0,0,581.9844,2.5575,2.7184,0.0,A
84,hotel1/memcached-profile,248.59,8.78,79.27,0.0,0,3250,581.9844,3.013,367.97,0.278,A
84,hotel1/memcached-rate,227.28,7.85,79.27,0.0,0,3527,600.6745,2.7547,367.97,0.267,A
84,hotel1/memcached-reserve,297.33,7.81,79.27,0.0,0,1929,581.9844,3.6031,367.97,0.355,A
84,hotel1/geo,1186.32,27.26,1119.06,0.0,0,3038,581.9844,14.3751,367.97,1.3,A
84,hotel1/mongodb-profile,10.71,74.21,400.43,0.0195,1,281,581.9844,2.5575,367.97,0.0,A
84,hotel1/mongodb-geo,8.87,71.46,400.43,0.0195,1,305,581.9844,2.5575,367.97,0.0111,A
84,hotel1/recommendation,696.35,25.77,1119.06,0.0,0,3695,629.2861,8.4404,367.97,0.755,A
84,hotel1/rate,1970.84,39.48,1119.14,0.0,0,3822,650.9152,23.8799,367.97,2.53,A
84,hotel1/profile,3776.4,45.57,1119.06,0.0,0,58834,10019.8703,45.7496,367.97,4.32,A
84,hotel1/reservation,4688.9,83.46,1119.06,0.0,0,617908,105234.355,56.8109,367.97,5.16,A
84,hotel1/mongodb-reservation,47.9,135.86,400.43,0.2852,93,866,581.9844,2.5575,367.97,0.0666,A
84,hotel1/mongodb-recommendation,9.42,71.63,400.43,0.0195,1,218,581.9844,2.5575,367.97,0.0111,A
84,hotel1/mongodb-rate,9.14,73.25,400.43,0.0195,1,217,581.9844,2.5575,367.97,0.0111,A
84,hotel1/mongodb-user,9.05,73.88,400.43,0.0195,1,203,581.9844,2.5575,367.97,0.0111,A
85,hotel1/user,63.7,20.77,1119.06,0.0,0,1859,581.9844,2.5575,362.9689,0.063,A
85,hotel1/search,2670.03,31.59,1119.06,0.0,0,4907,797.1961,37.69,362.9689,2.47,A
85,hotel1/reservation,4714.97,80.1,1119.06,0.0,0,703378,114271.4836,66.5632,362.9689,4.05,A
85,es-stress-d/elasticsearch-dynamic-0,6.57,311741.89,1414.09,0.0039,1,1098,581.9844,88.8599,362.9689,0.0105,A
85,es-stress-d2/elasticsearch-dynamic-0,6.7,311736.6,1414.09,0.0195,3,1019,581.9844,88.8602,362.9689,0.0,A
85,es-stress-d3/elasticsearch-dynamic-0,7.12,311730.4,1414.09,0.0391,8,979,581.9844,88.8644,362.9689,0.0105,A
85,es-stress-d4/elasticsearch-dynamic-0,6.95,311733.48,1414.09,0.0,0,1040,581.9844,88.8629,362.9689,0.0105,A
85,hotel1/consul,27.41,31.02,212.87,0.0,0,4902,796.3838,2.5575,362.9689,0.0105,A
85,hotel1/geo,1118.12,26.0,1119.06,0.0,0,2531,581.9844,15.787,362.9689,0.998,A
85,hotel1/jaeger,0.31,14.89,81.01,0.0,0,0,581.9844,2.5575,2.7184,0.0,A
85,hotel1/memcached-profile,245.42,8.32,79.27,0.0,0,3059,581.9844,3.4659,362.9689,0.21,A
85,hotel1/memcached-rate,224.83,7.81,79.27,0.0,0,3804,618.0016,3.1752,362.9689,0.179,A
85,hotel1/frontend,9572.61,118.06,1119.14,0.0,0,641766,104261.9373,135.1279,362.9689,8.8,A
85,hotel1/mongodb-geo,8.54,71.46,400.43,0.0,0,282,581.9844,2.5575,362.9689,0.021,A
85,hotel1/memcached-reserve,294.26,7.28,79.27,0.0,0,2000,581.9844,4.1548,362.9689,0.284,A
85,hotel1/rate,1913.21,37.95,1119.14,0.0,0,4628,751.8694,27.0112,362.9689,1.45,A
85,hotel1/profile,3531.77,44.97,1119.06,0.0,0,40887,6642.5423,49.8552,362.9689,3.05,A
85,hotel1/mongodb-user,8.93,73.88,400.43,0.0,0,377,581.9844,2.5575,362.9689,0.0,A
85,hotel1/recommendation,680.13,24.32,1119.06,0.0,0,3351,581.9844,9.6053,362.9689,0.62,A
85,hotel1/mongodb-recommendation,10.09,71.45,400.43,0.0,0,250,581.9844,2.5575,362.9689,0.0105,A
85,hotel1/mongodb-rate,9.73,73.25,400.43,0.0,0,341,581.9844,2.5575,362.9689,0.0105,A
85,hotel1/mongodb-profile,10.07,74.4,400.43,0.0,0,314,581.9844,2.5575,362.9689,0.0,A
85,hotel1/mongodb-reservation,46.97,136.01,400.43,0.2422,80,789,581.9844,2.5575,362.9689,0.063,A
86,hotel1/user,56.62,20.77,1119.06,0.0,0,1600,581.9844,2.5575,349.6787,0.0454,A
86,hotel1/search,2629.08,28.95,1119.06,0.0,0,4553,755.8625,39.5307,349.6787,2.5,A
86,hotel1/reservation,4263.49,80.1,1119.06,0.0,0,610597,101367.7559,64.1155,349.6787,4.61,A
86,es-stress-d2/elasticsearch-dynamic-0,10.13,311736.84,1414.09,0.0117,4,947,581.9844,92.9553,349.6787,0.0,A
86,es-stress-d3/elasticsearch-dynamic-0,11.33,311730.46,1414.09,0.0039,1,309,581.9844,92.9715,349.6787,0.0113,A
86,es-stress-d4/elasticsearch-dynamic-0,10.21,311733.48,1414.09,0.0312,7,936,581.9844,92.9555,349.6787,0.0113,A
86,hotel1/consul,25.02,31.02,212.87,0.0,0,4115,683.1483,2.5575,349.6787,0.0227,A
86,hotel1/frontend,9874.41,117.96,1119.14,0.0,0,800956,132970.0479,148.4738,349.6787,10.8,A
86,hotel1/geo,1099.42,26.91,1119.06,0.0,0,2737,581.9844,16.5352,349.6787,1.07,A
86,hotel1/jaeger,0.3,14.89,81.01,0.0,0,0,581.9844,2.5575,2.7184,0.0,A
86,hotel1/memcached-profile,239.21,7.8,79.27,0.0,0,2911,581.9844,3.5983,349.6787,0.227,A
86,hotel1/memcached-rate,210.99,8.34,79.27,0.0,0,2974,581.9844,3.1742,349.6787,0.216,A
86,es-stress-d/elasticsearch-dynamic-0,9.72,311742.06,1414.09,0.0273,6,760,581.9844,92.9507,349.6787,0.0,A
86,hotel1/mongodb-geo,11.19,71.46,400.43,0.0195,1,274,581.9844,2.5575,349.6787,0.0113,A
86,hotel1/mongodb-profile,10.41,74.38,400.43,0.0195,1,265,581.9844,2.5575,349.6787,0.0,A
86,hotel1/mongodb-rate,9.87,73.25,400.43,0.0195,1,206,581.9844,2.5575,349.6787,0.0227,A
86,hotel1/mongodb-recommendation,10.27,71.63,400.43,0.0195,1,242,581.9844,2.5575,349.6787,0.0113,A
86,hotel1/mongodb-reservation,52.1,136.27,400.43,0.2695,81,1266,581.9844,2.5575,349.6787,0.0454,A
86,hotel1/mongodb-user,11.44,73.88,400.43,0.0195,1,215,581.9844,2.5575,349.6787,0.0113,A
86,hotel1/profile,3352.78,42.14,1119.06,0.0,0,70185,11651.7047,50.4138,349.6787,3.27,A
86,hotel1/rate,1882.87,39.45,1119.14,0.0,0,3450,581.9844,28.3163,349.6787,1.99,A
86,hotel1/recommendation,655.59,24.63,1119.06,0.0,0,3182,581.9844,9.8626,349.6787,0.624,A
86,hotel1/memcached-reserve,276.0,7.57,79.27,0.0,0,1761,581.9844,4.1513,349.6787,0.272,A
87,hotel1/user,64.42,20.86,1119.06,0.0,0,2025,581.9844,2.5575,366.233,0.0745,A
87,hotel1/search,2832.58,31.78,1119.06,0.0,0,5224,832.174,35.0655,366.233,3.09,A
87,es-stress-d2/elasticsearch-dynamic-0,6.52,311736.84,1414.09,0.0039,1,1040,581.9844,79.1541,366.233,0.0,A
87,es-stress-d3/elasticsearch-dynamic-0,7.03,311730.46,1414.09,0.0,0,782,581.9844,79.1588,366.233,0.0,A
87,es-stress-d4/elasticsearch-dynamic-0,6.34,311733.48,1414.09,0.0,0,1655,581.9844,79.151,366.233,0.0,A
87,hotel1/consul,26.97,31.02,212.87,0.0,0,3895,620.4666,2.5575,366.233,0.0372,A
87,hotel1/frontend,9902.26,115.61,1119.14,0.0,0,714861,113876.0981,122.5846,366.233,11.7,A
87,hotel1/geo,1184.04,29.77,1119.06,0.0,0,3242,581.9844,14.6618,366.233,1.2,A
87,hotel1/jaeger,0.34,14.89,81.01,0.0,0,0,581.9844,2.5575,2.7184,0.0,A
87,hotel1/memcached-profile,246.07,9.06,79.27,0.0,0,2953,581.9844,3.0478,366.233,0.285,A
87,hotel1/memcached-rate,223.6,7.58,79.27,0.0,0,3020,581.9844,2.7693,366.233,0.248,A
87,hotel1/memcached-reserve,295.58,7.28,79.27,0.0,0,2097,581.9844,3.6601,366.233,0.335,A
87,es-stress-d/elasticsearch-dynamic-0,6.48,311742.06,1414.09,0.0039,1,1299,581.9844,79.155,366.233,0.0,A
87,hotel1/mongodb-profile,10.7,74.21,400.43,0.0,0,266,581.9844,2.5575,366.233,0.0124,A
87,hotel1/mongodb-rate,9.44,73.43,400.43,0.0,0,308,581.9844,2.5575,366.233,0.0,A
87,hotel1/mongodb-recommendation,9.24,71.45,400.43,0.0,0,313,581.9844,2.5575,366.233,0.0248,A
87,hotel1/mongodb-reservation,53.62,136.62,400.43,0.2812,93,926,581.9844,2.5575,366.233,0.0621,A
87,hotel1/mongodb-user,10.13,73.88,400.43,0.0,0,259,581.9844,2.5575,366.233,0.0248,A
87,hotel1/profile,3481.54,47.12,1119.06,0.0,0,70541,11237.057,43.1012,366.233,3.75,A
87,hotel1/rate,1971.23,38.55,1119.14,0.0,0,3760,598.9614,24.4067,366.233,2.17,A
87,hotel1/recommendation,725.08,27.33,1119.06,0.0,0,3965,631.6175,8.9809,366.233,0.794,A
87,hotel1/reservation,4493.11,77.71,1119.06,0.0,0,587618,93606.5124,55.6287,366.233,5.05,A
87,hotel1/mongodb-geo,9.25,71.46,400.43,0.0,0,466,581.9844,2.5575,366.233,0.0,A
88,hotel1/user,60.65,21.27,1119.06,0.0,0,2149,581.9844,2.5575,345.4436,0.0815,A
88,hotel1/search,2606.71,27.71,1119.06,0.0,0,4065,682.5296,31.2719,345.4436,3.26,A
88,hotel1/reservation,4266.08,76.44,1119.06,0.0,0,581917,97706.1762,51.1862,345.4436,5.69,A
88,es-stress-d/elasticsearch-dynamic-0,11.01,311742.19,1414.09,0.0,0,1051,581.9844,73.1798,345.4436,0.0272,A
88,es-stress-d2/elasticsearch-dynamic-0,11.06,311736.91,1414.09,0.0039,2,761,581.9844,73.1792,345.4436,0.0407,A
88,es-stress-d3/elasticsearch-dynamic-0,10.38,311730.52,1414.09,0.0039,1,604,581.9844,73.1695,345.4436,0.0,A
88,es-stress-d4/elasticsearch-dynamic-0,11.3,311733.8,1414.09,0.0039,1,1319,581.9844,73.1813,345.4436,0.0,A
88,hotel1/consul,26.0,31.02,212.87,0.0,0,3291,581.9844,2.5575,345.4436,0.0407,A
88,hotel1/geo,1076.79,27.85,1119.06,0.0,0,3232,581.9844,12.9218,345.4436,1.38,A
88,hotel1/jaeger,0.42,14.89,81.01,0.0,0,0,581.9844,2.5575,2.7184,0.0,A
88,hotel1/memcached-profile,232.31,7.77,79.27,0.0,0,3316,581.9844,2.7882,345.4436,0.299,A
88,hotel1/memcached-rate,211.18,7.59,79.27,0.0,0,3380,581.9844,2.5575,345.4436,0.258,A
88,hotel1/frontend,9731.9,132.14,1119.14,0.0,0,775502,130209.8668,116.7575,345.4436,11.5,A
88,hotel1/mongodb-geo,10.66,71.46,400.43,0.0195,1,190,581.9844,2.5575,345.4436,0.0,A
88,hotel1/memcached-reserve,277.73,7.54,79.27,0.0,0,1570,581.9844,3.3329,345.4436,0.367,A
88,hotel1/rate,1832.03,36.77,1119.14,0.0,0,3859,647.9414,21.9824,345.4436,2.21,A
88,hotel1/profile,3282.66,43.07,1119.06,0.0,0,44013,7389.9576,39.383,345.4436,4.44,A
88,hotel1/mongodb-user,10.63,73.88,400.43,0.0195,1,183,581.9844,2.5575,345.4436,0.0272,A
88,hotel1/recommendation,632.71,22.55,1119.06,0.0,0,3055,581.9844,7.5941,345.4436,0.842,A
88,hotel1/mongodb-recommendation,10.39,71.45,400.43,0.0195,1,471,581.9844,2.5575,345.4436,0.0136,A
88,hotel1/mongodb-rate,10.51,73.43,400.43,0.0195,1,302,581.9844,2.5575,345.4436,0.0136,A
88,hotel1/mongodb-profile,10.45,74.38,400.43,0.0195,1,245,581.9844,2.5575,345.4436,0.0136,A
88,hotel1/mongodb-reservation,45.64,136.75,400.43,0.2656,86,1193,581.9844,2.5575,345.4436,0.0815,A
89,hotel1/user,61.86,21.32,1119.06,0.0,0,2328,581.9844,2.5575,331.7346,0.0478,A
89,hotel1/search,2485.76,27.75,1119.06,0.0,0,5282,899.3824,30.1169,331.7346,2.98,A
89,hotel1/reservation,4077.42,78.59,1119.06,0.0,0,533736,90880.8754,49.4088,331.7346,5.43,A
89,es-stress-d2/elasticsearch-dynamic-0,7.05,311736.88,1414.09,0.0039,1,861,581.9844,72.3644,331.7346,0.012,A
89,es-stress-d3/elasticsearch-dynamic-0,7.4,311730.5,1414.09,0.0,0,569,581.9844,72.3672,331.7346,0.0,A
89,es-stress-d4/elasticsearch-dynamic-0,6.52,311733.76,1414.09,0.0,0,1233,581.9844,72.3573,331.7346,0.0239,A
89,hotel1/consul,26.43,31.02,212.87,0.0,0,3554,605.1505,2.5575,331.7346,0.0359,A
89,hotel1/frontend,9785.37,121.13,1119.14,0.0,0,942614,160501.7939,118.5602,331.7346,10.0,A
89,hotel1/geo,1103.72,26.11,1119.06,0.0,0,2758,581.9844,13.3756,331.7346,1.16,A
89,hotel1/jaeger,0.3,14.89,81.01,0.0,0,0,581.9844,2.5575,2.7184,0.0,A
89,hotel1/memcached-profile,223.5,7.82,79.27,0.0,0,2767,581.9844,2.7091,331.7346,0.287,A
89,hotel1/memcached-rate,191.2,7.81,79.27,0.0,0,3250,581.9844,2.5575,331.7346,0.251,A
89,es-stress-d/elasticsearch-dynamic-0,6.54,311742.16,1414.09,0.0039,1,1239,581.9844,72.3595,331.7346,0.0,A
89,hotel1/mongodb-geo,9.33,71.64,400.43,0.0,0,369,581.9844,2.5575,331.7346,0.012,A
89,hotel1/mongodb-profile,10.37,74.4,400.43,0.0,0,284,581.9844,2.5575,331.7346,0.0,A
89,hotel1/mongodb-rate,10.04,73.43,400.43,0.0,0,394,581.9844,2.5575,331.7346,0.012,A
89,hotel1/mongodb-recommendation,10.6,71.63,400.43,0.0,0,267,581.9844,2.5575,331.7346,0.012,A
89,hotel1/mongodb-reservation,51.35,137.33,400.43,0.25,82,849,581.9844,2.5575,331.7346,0.0478,A
89,hotel1/mongodb-user,9.23,74.06,400.43,0.0,0,229,581.9844,2.5575,331.7346,0.012,A
89,hotel1/profile,3163.02,40.9,1119.06,0.0,0,41957,7144.1478,38.3238,331.7346,3.88,A
89,hotel1/rate,1734.41,37.09,1119.14,0.0,0,3942,671.2165,21.0178,331.7346,2.16,A
89,hotel1/recommendation,640.21,28.01,1119.06,0.0,0,2794,581.9844,7.7615,331.7346,0.753,A
89,hotel1/memcached-reserve,264.39,7.25,79.27,0.0,0,2371,581.9844,3.2043,331.7346,0.287,A
90,hotel1/user,59.38,20.81,1119.06,0.0,0,1833,581.9844,2.5575,361.9656,0.0699,A
90,es-stress-d/elasticsearch-dynamic-0,10.09,311742.16,1414.09,0.0,0,759,581.9844,80.9413,361.9656,0.0117,A
90,hotel1/search,2747.52,33.47,1119.06,0.0,0,4622,786.824,35.148,361.9656,3.15,A
90,es-stress-d2/elasticsearch-dynamic-0,10.71,311736.88,1414.09,0.0,0,1152,581.9844,80.9478,361.9656,0.0,A
90,es-stress-d3/elasticsearch-dynamic-0,10.18,311730.5,1414.09,0.0039,1,834,581.9844,80.9394,361.9656,0.0,A
90,es-stress-d4/elasticsearch-dynamic-0,13.78,311733.76,1414.09,0.0039,1,571,581.9844,80.9863,361.9656,0.0117,A
90,hotel1/consul,24.89,31.02,212.87,0.0,0,3726,634.2939,2.5575,361.9656,0.035,A
90,hotel1/frontend,10055.6,124.18,1119.14,0.0,0,746762,127124.6798,128.6379,361.9656,11.0,A
90,hotel1/jaeger,0.3,14.89,81.01,0.0,0,0,581.9844,2.5575,2.7184,0.0,A
90,hotel1/memcached-profile,237.18,9.02,79.27,0.0,0,3090,581.9844,3.0357,361.9656,0.28,A
90,hotel1/memcached-rate,218.99,7.59,79.27,0.0,0,3362,581.9844,2.8027,361.9656,0.221,A
90,hotel1/memcached-reserve,283.6,8.06,79.27,0.0,0,1948,581.9844,3.6292,361.9656,0.303,A
90,hotel1/geo,1180.19,26.01,1119.06,0.0,0,3432,584.2449,15.1007,361.9656,1.27,A
90,hotel1/mongodb-profile,12.65,74.38,400.43,0.0234,1,245,581.9844,2.5575,361.9656,0.0117,A
90,hotel1/mongodb-geo,9.67,71.46,400.43,0.0195,1,149,581.9844,2.5575,361.9656,0.0117,A
90,hotel1/recommendation,688.07,25.57,1119.06,0.0,0,3406,581.9844,8.8067,361.9656,0.769,A
90,hotel1/rate,1825.43,41.1,1119.14,0.0,0,4107,699.1532,23.3569,361.9656,2.05,A
90,hotel1/profile,3453.64,41.91,1119.06,0.0,0,86174,14669.7906,44.1811,361.9656,3.71,A
90,hotel1/reservation,4360.44,74.0,1119.06,0.0,0,532880,90714.5776,55.7869,361.9656,5.15,A
90,hotel1/mongodb-reservation,59.45,137.23,400.43,0.293,84,1004,581.9844,2.5575,361.9656,0.0816,A
90,hotel1/mongodb-recommendation,10.63,71.45,400.43,0.0703,10,338,581.9844,2.5575,361.9656,0.0117,A
90,hotel1/mongodb-rate,10.35,73.25,400.43,0.0664,10,610,581.9844,2.5575,361.9656,0.0,A
90,hotel1/mongodb-user,10.82,74.04,400.43,0.0195,1,338,581.9844,2.5575,361.9656,0.0,A
91,hotel1/search,2615.76,28.64,1119.06,0.0,0,5025,836.9064,33.744,343.4157,3.21,A
91,hotel1/mongodb-reservation,60.6,138.12,400.43,1.1211,107,1204,581.9844,2.5575,343.4157,0.0684,A
91,hotel1/reservation,4252.31,79.95,1119.06,0.0,0,627911,104577.6635,54.8643,343.4157,4.98,A
91,es-stress-d2/elasticsearch-dynamic-0,6.73,311736.88,1414.09,0.0156,5,1202,581.9844,79.0144,343.4157,0.0114,A
91,es-stress-d3/elasticsearch-dynamic-0,7.19,311730.5,1414.09,0.0234,10,1345,581.9844,79.0187,343.4157,0.0,A
91,es-stress-d4/elasticsearch-dynamic-0,6.58,311733.76,1414.09,0.0,0,1465,581.9844,79.0116,343.4157,0.0114,A
91,hotel1/consul,26.65,31.65,212.87,0.0,0,3335,581.9844,2.5575,343.4157,0.0342,A
91,hotel1/frontend,9769.7,136.42,1119.14,0.0,0,828961,138062.2485,126.0391,343.4157,10.4,A
91,hotel1/geo,1092.3,25.95,1119.06,0.0,0,3105,581.9844,14.0945,343.4157,1.32,A
91,hotel1/jaeger,0.34,14.89,81.01,0.0,0,0,581.9844,2.5575,2.7184,0.0,A
91,hotel1/memcached-profile,226.74,7.79,79.27,0.0,0,2274,581.9844,2.9263,343.4157,0.285,A
91,hotel1/memcached-rate,211.38,7.57,79.27,0.0,0,4391,731.3147,2.7282,343.4157,0.274,A
91,es-stress-d/elasticsearch-dynamic-0,6.7,311742.16,1414.09,0.0039,1,800,581.9844,79.0153,343.4157,0.0,A
91,hotel1/mongodb-geo,10.04,71.65,400.43,0.0508,9,333,581.9844,2.5575,343.4157,0.0114,A
91,hotel1/mongodb-profile,10.51,74.36,400.43,0.0703,12,313,581.9844,2.5575,343.4157,0.0114,A
91,hotel1/mongodb-rate,9.99,73.43,400.43,0.0,0,281,581.9844,2.5575,343.4157,0.0114,A
91,hotel1/mongodb-recommendation,10.53,71.45,400.43,0.0,0,349,581.9844,2.5575,343.4157,0.0,A
91,hotel1/user,62.15,20.86,1119.06,0.0,0,1676,581.9844,2.5575,343.4157,0.0456,A
91,hotel1/mongodb-user,9.67,73.88,400.43,0.0508,9,316,581.9844,2.5575,343.4157,0.0,A
91,hotel1/profile,3349.43,40.46,1119.06,0.0,0,60406,10060.5314,43.2095,343.4157,4.27,A
91,hotel1/rate,1845.32,39.94,1119.14,0.0,0,3919,652.7037,23.8101,343.4157,2.58,A
91,hotel1/recommendation,637.1,24.0,1119.06,0.0,0,2850,581.9844,8.2231,343.4157,0.866,A
91,hotel1/memcached-reserve,269.66,7.78,79.27,0.0,0,2054,581.9844,3.4799,343.4157,0.331,A
92,hotel1/user,59.24,21.36,1119.06,0.0,0,1685,581.9844,2.5575,343.5262,0.0549,A
92,es-stress-d/elasticsearch-dynamic-0,9.88,311742.16,1414.09,0.0234,10,954,581.9844,74.079,343.5262,0.011,A
92,hotel1/search,2644.68,31.99,1119.06,0.0,0,4139,689.1044,31.7614,343.5262,2.76,A
92,es-stress-d2/elasticsearch-dynamic-0,10.17,311736.88,1414.09,0.0078,4,847,581.9844,74.0813,343.5262,0.0,A
92,es-stress-d3/elasticsearch-dynamic-0,12.13,311730.5,1414.09,0.0078,3,518,581.9844,74.1033,343.5262,0.011,A
92,es-stress-d4/elasticsearch-dynamic-0,9.29,311733.77,1414.09,0.0273,11,1120,581.9844,74.07,343.5262,0.0,A
92,hotel1/consul,25.66,31.65,212.87,0.0,0,3595,598.5335,2.5575,343.5262,0.022,A
92,hotel1/frontend,9508.28,125.59,1119.14,0.0,0,779001,129696.3032,114.1925,343.5262,9.94,A
92,hotel1/jaeger,0.55,14.89,81.01,0.0,0,342,581.9844,2.5575,2.7184,0.0,A
92,hotel1/memcached-profile,239.02,8.09,79.27,0.0,0,3120,581.9844,2.8718,343.5262,0.231,A
92,hotel1/memcached-rate,204.17,7.59,79.27,0.0,0,3263,581.9844,2.5575,343.5262,0.22,A
92,hotel1/memcached-reserve,275.28,7.29,79.27,0.0,0,1819,581.9844,3.3069,343.5262,0.297,A
92,hotel1/geo,1094.76,25.42,1119.06,0.0,0,2946,581.9844,13.1504,343.5262,1.23,A
92,hotel1/mongodb-profile,10.48,74.18,400.43,0.0234,1,348,581.9844,2.5575,343.5262,0.0,A
92,hotel1/mongodb-geo,9.09,71.46,400.43,0.0234,1,246,581.9844,2.5575,343.5262,0.011,A
92,hotel1/recommendation,670.48,25.14,1119.06,0.0,0,3570,594.3713,8.0562,343.5262,0.725,A
92,hotel1/rate,1862.65,39.28,1119.14,0.0,0,3592,598.034,22.3735,343.5262,1.98,A
92,hotel1/profile,3455.7,42.27,1119.06,0.0,0,46864,7802.413,41.5014,343.5262,3.52,A
92,hotel1/reservation,4475.54,79.47,1119.06,0.0,0,637798,106187.3384,53.7551,343.5262,4.09,A
92,hotel1/mongodb-reservation,52.81,137.95,400.43,0.3008,89,904,581.9844,2.5575,343.5262,0.044,A
92,hotel1/mongodb-recommendation,9.75,71.45,400.43,0.0234,1,159,581.9844,2.5575,343.5262,0.022,A
92,hotel1/mongodb-rate,9.41,73.44,400.43,0.0234,1,285,581.9844,2.5575,343.5262,0.011,A
92,hotel1/mongodb-user,9.3,73.88,400.43,0.0234,1,209,581.9844,2.5575,343.5262,0.022,A
93,hotel1/user,57.18,20.94,1119.06,0.0,0,2226,581.9844,2.5575,334.5445,0.0913,A
93,hotel1/mongodb-user,8.94,73.88,400.43,0.0,0,297,581.9844,2.5575,334.5445,0.0114,A
93,hotel1/reservation,4384.29,72.02,1119.06,0.0,0,574728,96054.0108,59.4051,334.5445,4.9,A
93,hotel1/search,2555.76,35.29,1119.06,0.0,0,5250,877.4299,34.6276,334.5445,2.96,A
93,es-stress-d/elasticsearch-dynamic-0,7.06,311742.16,1414.09,0.0039,1,894,581.9844,82.668,334.5445,0.0114,A
93,es-stress-d2/elasticsearch-dynamic-0,6.96,311736.88,1414.09,0.0039,1,1267,581.9844,82.6653,334.5445,0.0,A
93,es-stress-d3/elasticsearch-dynamic-0,6.79,311730.5,1414.09,0.0,0,1153,581.9844,82.6613,334.5445,0.0,A
93,es-stress-d4/elasticsearch-dynamic-0,6.38,311733.77,1414.09,0.0,0,1332,581.9844,82.6566,334.5445,0.0,A
93,hotel1/consul,26.08,31.65,212.87,0.0,0,4151,693.7546,2.5575,334.5445,0.0228,A
93,hotel1/geo,1057.42,26.22,1119.06,0.0,0,2697,581.9844,14.3299,334.5445,1.23,A
93,hotel1/jaeger,0.35,14.89,81.01,0.0,0,0,581.9844,2.5575,2.7184,0.0,A
93,hotel1/memcached-profile,234.99,8.07,79.27,0.0,0,2657,581.9844,3.1851,334.5445,0.262,A
93,hotel1/frontend,9693.57,122.75,1119.14,0.0,0,735264,122884.3144,131.3336,334.5445,11.1,A
93,hotel1/memcached-reserve,270.97,8.82,79.27,0.0,0,2325,581.9844,3.6727,334.5445,0.308,A
93,hotel1/mongodb-geo,9.36,71.65,400.43,0.0,0,366,581.9844,2.5575,334.5445,0.0,A
93,hotel1/mongodb-profile,9.51,74.18,400.43,0.0,0,307,581.9844,2.5575,334.5445,0.0114,A
93,hotel1/mongodb-rate,9.66,73.44,400.43,0.0,0,372,581.9844,2.5575,334.5445,0.0,A
93,hotel1/mongodb-recommendation,9.65,71.45,400.43,0.0,0,350,581.9844,2.5575,334.5445,0.0114,A
93,hotel1/mongodb-reservation,48.43,138.09,400.43,0.2695,88,854,581.9844,2.5575,334.5445,0.0571,A
93,hotel1/profile,3388.14,43.8,1119.06,0.0,0,75517,12621.1194,45.9046,334.5445,3.91,A
93,hotel1/rate,1740.53,41.65,1119.14,0.0,0,3390,581.9844,23.5868,334.5445,2.05,A
93,hotel1/memcached-rate,199.42,8.09,79.27,0.0,0,4686,783.1689,2.7033,334.5445,0.217,A
93,hotel1/recommendation,671.16,24.28,1119.06,0.0,0,3139,581.9844,9.0974,334.5445,0.719,A
94,hotel1/user,54.36,20.71,1119.06,0.0,0,1851,581.9844,2.5575,328.8877,0.0589,A
94,hotel1/mongodb-user,10.23,74.05,400.43,0.0234,1,429,581.9844,2.5575,328.8877,0.0,A
94,hotel1/reservation,4270.51,76.47,1119.06,0.0,0,538952,85687.3848,52.0911,328.8877,4.72,A
94,es-stress-d/elasticsearch-dynamic-0,14.58,311742.87,1414.09,0.0,0,890,581.9844,73.587,328.8877,0.0,A
94,es-stress-d2/elasticsearch-dynamic-0,19.23,311737.66,1414.09,0.0,0,1199,581.9844,73.6425,328.8877,0.0354,A
94,es-stress-d3/elasticsearch-dynamic-0,16.78,311731.24,1414.09,0.0078,2,911,581.9844,73.6111,328.8877,0.0236,A
94,es-stress-d4/elasticsearch-dynamic-0,14.6,311734.5,1414.09,0.0039,1,1053,581.9844,73.5853,328.8877,0.0118,A
94,hotel1/search,2540.33,29.56,1119.06,0.0,0,4100,651.8545,30.9828,328.8877,2.95,A
94,hotel1/frontend,9803.19,118.8,1119.14,0.0,0,802694,127619.4348,119.5646,328.8877,10.8,A
94,hotel1/geo,1071.56,24.47,1119.06,0.0,0,3305,581.9844,13.072,328.8877,1.23,A
94,hotel1/jaeger,0.41,14.89,81.01,0.0,0,0,581.9844,2.5575,2.7184,0.0,A
94,hotel1/memcached-profile,210.04,7.82,79.27,0.0,0,3027,581.9844,2.563,328.8877,0.259,A
94,hotel1/consul,26.47,31.65,212.87,0.0,0,4704,747.8838,2.5575,328.8877,0.0118,A
94,hotel1/memcached-reserve,270.65,7.46,79.27,0.0,0,1811,581.9844,3.302,328.8877,0.307,A
94,hotel1/mongodb-geo,10.23,71.63,400.43,0.0234,1,337,581.9844,2.5575,328.8877,0.0118,A
94,hotel1/mongodb-profile,11.14,74.18,400.43,0.0234,1,378,581.9844,2.5575,328.8877,0.0,A
94,hotel1/mongodb-rate,9.99,73.44,400.43,0.0234,1,160,581.9844,2.5575,328.8877,0.0236,A
94,hotel1/mongodb-recommendation,10.71,71.45,400.43,0.0234,1,464,581.9844,2.5575,328.8877,0.0236,A
94,hotel1/mongodb-reservation,52.44,138.86,400.43,0.2852,81,1258,581.9844,2.5575,328.8877,0.0472,A
94,hotel1/profile,3130.59,45.01,1119.06,0.0,0,80009,12720.5428,38.1839,328.8877,3.54,A
94,hotel1/rate,1732.36,35.96,1119.14,0.0,0,3610,581.9844,21.1322,328.8877,1.92,A
94,hotel1/recommendation,617.29,23.45,1119.06,0.0,0,2909,581.9844,7.5325,328.8877,0.754,A
94,hotel1/memcached-rate,201.26,7.56,79.27,0.0,0,3937,625.9393,2.5575,328.8877,0.224,A
95,hotel1/user,55.0,20.95,1119.06,0.0,0,2002,581.9844,2.5575,342.0753,0.0602,A
95,hotel1/memcached-reserve,279.93,7.7,79.27,0.0,0,2075,581.9844,3.423,342.0753,0.289,A
95,hotel1/reservation,4378.72,78.36,1119.06,0.0,0,566495,101682.8694,53.5336,342.0753,4.99,A
95,hotel1/search,2720.87,33.18,1119.06,0.0,0,5574,1000.5036,33.2612,342.0753,3.01,A
95,es-stress-d/elasticsearch-dynamic-0,7.07,311742.84,1414.09,0.0078,2,978,581.9844,76.4434,342.0753,0.012,A
95,es-stress-d2/elasticsearch-dynamic-0,7.29,311737.66,1414.09,0.0039,1,782,581.9844,76.4448,342.0753,0.0241,A
95,es-stress-d3/elasticsearch-dynamic-0,8.25,311731.25,1414.09,0.0,0,1148,581.9844,76.455,342.0753,0.012,A
95,es-stress-d4/elasticsearch-dynamic-0,7.54,311734.5,1414.09,0.0,0,1101,581.9844,76.4471,342.0753,0.0,A
95,hotel1/frontend,9849.15,114.74,1119.14,0.0,0,707215,126941.3684,120.3993,342.0753,11.2,A
95,hotel1/geo,1125.6,27.39,1119.06,0.0,0,3048,581.9844,13.7632,342.0753,1.12,A
95,hotel1/jaeger,0.33,14.89,81.01,0.0,0,0,581.9844,2.5575,2.7184,0.0,A
95,hotel1/memcached-profile,229.7,8.28,79.27,0.0,0,3934,706.1323,2.8093,342.0753,0.253,A
95,hotel1/consul,29.82,31.65,212.87,0.0,0,5087,913.0897,2.5575,342.0753,0.0361,A
95,hotel1/mongodb-geo,8.48,71.46,400.43,0.0,0,234,581.9844,2.5575,342.0753,0.012,A
95,hotel1/memcached-rate,196.9,7.55,79.27,0.0,0,3612,648.335,2.5575,342.0753,0.241,A
95,hotel1/rate,1855.05,38.19,1119.14,0.0,0,4007,719.2354,22.6808,342.0753,2.02,A
95,hotel1/profile,3509.75,42.86,1119.06,0.0,0,79249,14224.7782,42.9048,342.0753,3.64,A
95,hotel1/mongodb-user,9.49,74.07,400.43,0.0,0,225,581.9844,2.5575,342.0753,0.0,A
95,hotel1/recommendation,648.88,25.31,1119.06,0.0,0,3697,663.592,7.9365,342.0753,0.626,A
95,hotel1/mongodb-recommendation,13.76,71.64,400.43,0.0,0,383,581.9844,2.5575,342.0753,0.012,A
95,hotel1/mongodb-rate,9.7,73.25,400.43,0.0,0,223,581.9844,2.5575,342.0753,0.012,A
95,hotel1/mongodb-profile,13.32,74.36,400.43,0.0,0,303,581.9844,2.5575,342.0753,0.0,A
95,hotel1/mongodb-reservation,45.1,138.66,400.43,0.2539,86,1075,581.9844,2.5575,342.0753,0.0723,A
96,hotel1/user,57.07,21.38,1119.06,0.0,0,1732,581.9844,2.5575,331.4297,0.0725,A
96,hotel1/search,2439.91,30.11,1119.06,0.0,0,8408,1434.4922,31.2697,331.4297,2.42,A
96,hotel1/reservation,4184.01,73.89,1119.06,0.0,0,621726,106072.9191,53.6274,331.4297,4.06,A
96,es-stress-d2/elasticsearch-dynamic-0,11.45,311737.58,1414.09,0.0039,2,852,581.9844,77.1235,331.4297,0.0104,A
96,es-stress-d3/elasticsearch-dynamic-0,14.51,311731.23,1414.09,0.0039,1,416,581.9844,77.1611,331.4297,0.0,A
96,es-stress-d4/elasticsearch-dynamic-0,11.35,311734.48,1414.09,0.0039,1,1009,581.9844,77.1214,331.4297,0.0104,A
96,hotel1/consul,25.92,31.65,212.87,0.0,0,3842,655.4851,2.5575,331.4297,0.0311,A
96,hotel1/frontend,9699.63,125.38,1119.14,0.0,0,917554,156544.2513,124.3111,331.4297,8.28,A
96,hotel1/geo,1081.12,26.42,1119.06,0.0,0,3193,581.9844,13.8588,331.4297,1.06,A
96,hotel1/jaeger,0.33,14.89,81.01,0.0,0,0,581.9844,2.5575,2.7184,0.0,A
96,hotel1/memcached-profile,216.96,7.8,79.27,0.0,0,3359,581.9844,2.7818,331.4297,0.228,A
96,hotel1/memcached-rate,195.26,7.8,79.27,0.0,0,4338,740.1079,2.5575,331.4297,0.197,A
96,es-stress-d/elasticsearch-dynamic-0,13.28,311743.07,1414.09,0.0,0,860,581.9844,77.1483,331.4297,0.0,A
96,hotel1/mongodb-geo,9.4,71.46,400.43,0.0234,1,250,581.9844,2.5575,331.4297,0.0104,A
96,hotel1/mongodb-profile,9.47,74.18,400.43,0.0234,1,408,581.9844,2.5575,331.4297,0.0104,A
96,hotel1/mongodb-rate,9.74,73.25,400.43,0.0234,1,397,581.9844,2.5575,331.4297,0.0,A
96,hotel1/mongodb-recommendation,10.06,71.45,400.43,0.0234,1,274,581.9844,2.5575,331.4297,0.0104,A
96,hotel1/mongodb-reservation,48.89,138.75,400.43,0.293,91,983,581.9844,2.5575,331.4297,0.0518,A
96,hotel1/mongodb-user,9.36,73.88,400.43,0.0234,1,384,581.9844,2.5575,331.4297,0.0,A
96,hotel1/profile,3274.85,43.6,1119.06,0.0,0,78429,13380.8027,41.971,331.4297,2.85,A
96,hotel1/rate,1830.15,37.31,1119.14,0.0,0,3416,582.8051,23.4587,331.4297,1.93,A
96,hotel1/recommendation,627.62,24.98,1119.06,0.0,0,3606,615.2211,8.0478,331.4297,0.6,A
96,hotel1/memcached-reserve,269.07,7.32,79.27,0.0,0,1911,581.9844,3.4494,331.4297,0.228,A
97,hotel1/user,54.17,21.4,1119.06,0.0,0,2622,581.9844,2.5575,357.784,0.0362,A
97,es-stress-d/elasticsearch-dynamic-0,7.77,311743.07,1414.09,0.0039,1,483,581.9844,79.9692,357.784,0.0121,A
97,es-stress-d2/elasticsearch-dynamic-0,7.92,311737.58,1414.09,0.0156,5,1268,581.9844,79.9697,357.784,0.0121,A
97,es-stress-d3/elasticsearch-dynamic-0,8.41,311731.23,1414.09,0.0391,8,874,581.9844,79.9744,357.784,0.0121,A
97,es-stress-d4/elasticsearch-dynamic-0,7.51,311734.48,1414.09,0.0,0,1130,581.9844,79.9637,357.784,0.0,A
97,hotel1/consul,25.87,31.65,212.87,0.0,0,3618,581.9844,2.5575,357.784,0.0362,A
97,hotel1/frontend,9638.33,128.66,1119.14,0.0,0,639435,100958.0632,123.1462,357.784,11.0,A
97,hotel1/geo,1144.82,26.41,1119.06,0.0,0,2798,581.9844,14.6299,357.784,1.21,A
97,hotel1/jaeger,0.31,14.89,81.01,0.0,0,0,581.9844,2.5575,2.7184,0.0,A
97,hotel1/memcached-profile,233.3,9.54,79.27,0.0,0,2899,581.9844,2.9825,357.784,0.266,A
97,hotel1/memcached-rate,206.75,8.18,79.27,0.0,0,3092,581.9844,2.643,357.784,0.217,A
97,hotel1/memcached-reserve,290.89,7.2,79.27,0.0,0,2437,581.9844,3.7175,357.784,0.278,A
97,hotel1/search,2679.39,32.23,1119.06,0.0,0,5069,800.3259,34.2329,357.784,2.66,A
97,hotel1/mongodb-profile,9.61,74.18,400.43,0.0,0,300,581.9844,2.5575,357.784,0.0121,A
97,hotel1/mongodb-rate,9.46,73.25,400.43,0.0,0,257,581.9844,2.5575,357.784,0.0121,A
97,hotel1/mongodb-recommendation,9.09,71.45,400.43,0.0,0,344,581.9844,2.5575,357.784,0.0121,A
97,hotel1/mongodb-reservation,47.46,138.68,400.43,0.2422,80,862,581.9844,2.5575,357.784,0.0483,A
97,hotel1/mongodb-user,8.47,74.07,400.43,0.0,0,254,581.9844,2.5575,357.784,0.0,A
97,hotel1/profile,3438.16,46.53,1119.06,0.0,0,38405,6063.6256,43.9285,357.784,3.7,A
97,hotel1/rate,1916.54,35.47,1119.14,0.0,0,4004,632.177,24.4896,357.784,1.68,A
97,hotel1/recommendation,663.55,24.38,1119.06,0.0,0,3638,581.9844,8.482,357.784,0.761,A
97,hotel1/reservation,4613.58,71.55,1119.06,0.0,0,703581,111085.8415,58.9489,357.784,4.2,A
97,hotel1/mongodb-geo,8.95,71.46,400.43,0.0,0,264,581.9844,2.5575,357.784,0.0121,A
98,hotel1/search,2696.59,31.38,1119.06,0.0,0,4450,707.2856,37.2618,355.039,2.94,A
98,hotel1/mongodb-reservation,54.12,139.86,400.43,0.3086,90,1072,581.9844,2.5575,355.039,0.0697,A
98,hotel1/reservation,4496.85,83.59,1119.06,0.0,0,679383,107981.5292,62.1466,355.039,4.43,A
98,es-stress-d/elasticsearch-dynamic-0,9.46,311743.08,1414.09,0.0273,6,725,581.9844,85.4307,355.039,0.0,A
98,es-stress-d2/elasticsearch-dynamic-0,8.5,311737.59,1414.09,0.0117,4,1087,581.9844,85.416,355.039,0.0116,A
98,es-stress-d3/elasticsearch-dynamic-0,9.3,311731.23,1414.09,0.0039,1,759,581.9844,85.4253,355.039,0.0,A
98,es-stress-d4/elasticsearch-dynamic-0,8.27,311734.48,1414.09,0.0312,7,1149,581.9844,85.412,355.039,0.0232,A
98,hotel1/consul,25.97,31.65,212.87,0.0,0,3679,584.7424,2.5575,355.039,0.0232,A
98,hotel1/user,58.84,20.62,1119.06,0.0,0,1768,581.9844,2.5575,355.039,0.0697,A
98,hotel1/geo,1140.06,26.89,1119.06,0.0,0,3773,599.6828,15.7572,355.039,1.19,A
98,hotel1/jaeger,0.31,14.89,81.01,0.0,0,0,581.9844,2.5575,2.7184,0.0,A
98,hotel1/memcached-profile,234.14,8.79,79.27,0.0,0,4040,642.1199,3.237,355.039,0.221,A
98,hotel1/memcached-rate,217.72,7.57,79.27,0.0,0,3798,603.6563,3.0099,355.039,0.221,A
98,hotel1/frontend,9411.57,119.4,1119.14,0.0,0,736672,117087.0761,130.053,355.039,10.6,A
98,hotel1/mongodb-geo,9.53,71.46,400.43,0.0234,1,413,581.9844,2.5575,355.039,0.0,A
98,hotel1/mongodb-profile,9.91,74.18,400.43,0.0234,1,185,581.9844,2.5575,355.039,0.0,A
98,hotel1/mongodb-rate,10.38,73.44,400.43,0.0234,1,230,581.9844,2.5575,355.039,0.0232,A
98,hotel1/mongodb-recommendation,10.16,71.45,400.43,0.0234,1,244,581.9844,2.5575,355.039,0.0116,A
98,hotel1/mongodb-user,10.58,73.88,400.43,0.0234,1,361,581.9844,2.5575,355.039,0.0116,A
98,hotel1/profile,3445.89,43.59,1119.06,0.0,0,62916,9999.9056,47.6167,355.039,3.66,A
98,hotel1/rate,1864.27,39.19,1119.14,0.0,0,3545,581.9844,25.7655,355.039,1.89,A
98,hotel1/recommendation,694.2,25.2,1119.06,0.0,0,2715,581.9844,9.5972,355.039,0.732,A
98,hotel1/memcached-reserve,289.87,7.31,79.27,0.0,0,1971,581.9844,4.0065,355.039,0.29,A
99,hotel1/user,58.8,20.62,1119.06,0.0,0,1856,581.9844,2.5575,348.1061,0.0671,A
99,hotel1/search,2621.7,33.43,1119.06,0.0,0,9004,1525.8127,33.1866,348.1061,3.22,A
99,hotel1/reservation,4290.32,76.56,1119.06,0.0,0,602632,102121.6768,54.314,348.1061,5.15,A
99,es-stress-d2/elasticsearch-dynamic-0,6.46,311737.59,1414.09,0.0078,2,919,581.9844,76.243,348.1061,0.0,A
99,es-stress-d3/elasticsearch-dynamic-0,7.15,311731.23,1414.09,0.0,0,1315,581.9844,76.2501,348.1061,0.0224,A
99,es-stress-d4/elasticsearch-dynamic-0,6.76,311734.48,1414.09,0.0,0,1028,581.9844,76.246,348.1061,0.0112,A
99,hotel1/consul,27.55,31.65,212.87,0.0,0,4873,825.7758,2.5575,348.1061,0.0335,A
99,hotel1/frontend,9251.38,114.04,1119.14,0.0,0,618294,104775.7505,117.1068,348.1061,10.3,A
99,hotel1/geo,1160.13,26.53,1119.06,0.0,0,3928,665.6367,14.6883,348.1061,1.26,A
99,hotel1/jaeger,0.34,14.89,81.01,0.0,0,0,581.9844,2.5575,2.7184,0.0,A
99,hotel1/memcached-profile,232.52,9.05,79.27,0.0,0,2632,581.9844,2.9448,348.1061,0.28,A
99,hotel1/memcached-rate,211.93,8.05,79.27,0.0,0,3589,608.1899,2.684,348.1061,0.235,A
99,es-stress-d/elasticsearch-dynamic-0,6.55,311743.08,1414.09,0.0039,1,1110,581.9844,76.2454,348.1061,0.0,A
99,hotel1/mongodb-geo,9.34,71.65,400.43,0.0,0,573,581.9844,2.5575,348.1061,0.0224,A
99,hotel1/mongodb-profile,9.89,74.18,400.43,0.0,0,350,581.9844,2.5575,348.1061,0.0112,A
99,hotel1/mongodb-rate,8.94,73.25,400.43,0.0,0,250,581.9844,2.5575,348.1061,0.0,A
99,hotel1/mongodb-recommendation,9.79,71.64,400.43,0.0,0,270,581.9844,2.5575,348.1061,0.0112,A
99,hotel1/mongodb-reservation,48.32,139.33,400.43,0.25,82,1013,581.9844,2.5575,348.1061,0.0447,A
99,hotel1/mongodb-user,8.94,74.07,400.43,0.0,0,332,581.9844,2.5575,348.1061,0.0,A
99,hotel1/profile,3248.74,45.32,1119.06,0.0,0,48826,8274.0263,41.1248,348.1061,4.35,A
99,hotel1/rate,1936.09,36.15,1119.14,0.0,0,3405,581.9844,24.5106,348.1061,2.07,A
99,hotel1/recommendation,657.74,26.16,1119.06,0.0,0,3862,654.4523,8.3303,348.1061,0.738,A
99,hotel1/memcached-reserve,271.48,7.82,79.27,0.0,0,2571,581.9844,3.4376,348.1061,0.302,A
100,hotel1/user,61.46,20.9,1119.06,0.0,0,2489,581.9844,2.5575,356.9307,0.087,A
100,es-stress-d/elasticsearch-dynamic-0,9.02,311743.07,1414.09,0.0039,2,946,581.9844,82.8231,356.9307,0.0124,A
100,hotel1/search,2763.58,32.98,1119.06,0.0,0,4240,700.9391,35.9375,356.9307,3.16,A
100,es-stress-d2/elasticsearch-dynamic-0,9.39,311737.65,1414.09,0.0,0,920,581.9844,82.8264,356.9307,0.0249,A
100,es-stress-d3/elasticsearch-dynamic-0,8.79,311731.23,1414.09,0.0078,3,1328,581.9844,82.8169,356.9307,0.0124,A
100,es-stress-d4/elasticsearch-dynamic-0,8.6,311734.55,1414.09,0.0117,4,1214,581.9844,82.8154,356.9307,0.0124,A
100,hotel1/consul,25.83,31.65,212.87,0.0,0,4335,716.6441,2.5575,356.9307,0.0249,A
100,hotel1/frontend,9734.68,117.57,1119.14,0.0,0,732170,121039.2904,126.5899,356.9307,11.8,A
100,hotel1/jaeger,0.29,14.89,81.01,0.0,0,0,581.9844,2.5575,2.7184,0.0,A
100,hotel1/memcached-profile,235.39,7.79,79.27,0.0,0,3256,581.9844,3.0623,356.9307,0.298,A
100,hotel1/memcached-rate,224.79,7.57,79.27,0.0,0,3537,584.7221,2.9245,356.9307,0.274,A
100,hotel1/memcached-reserve,288.49,8.29,79.27,0.0,0,1681,581.9844,3.7528,356.9307,0.373,A
100,hotel1/geo,1133.04,27.95,1119.06,0.0,0,3268,581.9844,14.7378,356.9307,1.39,A
100,hotel1/mongodb-profile,11.33,74.34,400.43,0.0273,1,476,581.9844,2.5575,356.9307,0.0124,A
100,hotel1/mongodb-geo,12.11,71.63,400.43,0.0273,1,282,581.9844,2.5575,356.9307,0.0124,A
100,hotel1/recommendation,682.22,22.86,1119.06,0.0,0,3072,581.9844,8.8755,356.9307,0.808,A
100,hotel1/rate,2030.56,36.47,1119.14,0.0,0,4169,689.2017,26.4086,356.9307,2.35,A
100,hotel1/profile,3489.35,45.63,1119.06,0.0,0,113079,18693.7486,45.3765,356.9307,3.98,A
100,hotel1/reservation,4654.38,80.52,1119.06,0.0,0,647451,107033.8987,60.5321,356.9307,5.72,A
100,hotel1/mongodb-reservation,48.47,139.87,400.43,0.3008,91,893,581.9844,2.5575,356.9307,0.087,A
100,hotel1/mongodb-recommendation,12.37,71.46,400.43,0.0273,1,256,581.9844,2.5575,356.9307,0.0124,A
100,hotel1/mongodb-rate,10.61,73.44,400.43,0.0273,1,348,581.9844,2.5575,356.9307,0.0249,A
100,hotel1/mongodb-user,10.67,73.89,400.43,0.0273,1,232,581.9844,2.5575,356.9307,0.0124,A
101,hotel1/user,58.64,20.91,1119.06,0.0,0,2246,581.9844,2.5575,356.0989,0.0425,A
101,hotel1/search,2677.31,33.6,1119.06,0.0,0,11361,1930.2788,33.8774,356.0989,2.73,A
101,hotel1/reservation,4437.83,82.32,1119.06,0.0,0,677049,115033.3024,56.161,356.0989,4.58,A
101,es-stress-d/elasticsearch-dynamic-0,6.46,311743.07,1414.09,0.0039,1,968,581.9844,78.9419,356.0989,0.0106,A
101,es-stress-d2/elasticsearch-dynamic-0,6.63,311737.65,1414.09,0.0039,1,1325,581.9844,78.9426,356.0989,0.0106,A
101,es-stress-d3/elasticsearch-dynamic-0,7.04,311731.23,1414.09,0.0,0,790,581.9844,78.9462,356.0989,0.0,A
101,es-stress-d4/elasticsearch-dynamic-0,6.7,311734.55,1414.09,0.0,0,1182,581.9844,78.9427,356.0989,0.0106,A
101,hotel1/consul,24.75,31.65,212.87,0.0,0,3740,635.4408,2.5575,356.0989,0.0212,A
101,hotel1/geo,1144.67,26.06,1119.06,0.0,0,3051,581.9844,14.4871,356.0989,1.21,A
101,hotel1/jaeger,0.29,14.89,81.01,0.0,0,0,581.9844,2.5575,2.7184,0.0,A
101,hotel1/memcached-profile,236.31,8.59,79.27,0.0,0,2167,581.9844,2.9916,356.0989,0.234,A
101,hotel1/memcached-rate,208.2,7.6,79.27,0.0,0,2898,581.9844,2.6357,356.0989,0.212,A
101,hotel1/frontend,9761.13,116.41,1119.14,0.0,0,647415,109998.3686,123.5113,356.0989,9.88,A
101,hotel1/mongodb-geo,9.53,71.47,400.43,0.0,0,645,581.9844,2.5575,356.0989,0.0,A
101,hotel1/memcached-reserve,286.2,7.32,79.27,0.0,0,2311,581.9844,3.6224,356.0989,0.308,A
101,hotel1/rate,1916.43,35.98,1119.14,0.0,0,3370,581.9844,24.2526,356.0989,1.95,A
101,hotel1/profile,3403.52,42.12,1119.06,0.0,0,75010,12744.4956,43.0664,356.0989,3.26,A
101,hotel1/mongodb-user,9.45,73.89,400.43,0.0,0,277,581.9844,2.5575,356.0989,0.0106,A
101,hotel1/recommendation,675.1,24.95,1119.06,0.0,0,3190,581.9844,8.5466,356.0989,0.722,A
101,hotel1/mongodb-recommendation,9.98,71.46,400.43,0.0,0,656,581.9844,2.5575,356.0989,0.0,A
101,hotel1/mongodb-rate,9.68,73.25,400.43,0.0,0,484,581.9844,2.5575,356.0989,0.0,A
101,hotel1/mongodb-profile,9.75,74.18,400.43,0.0,0,206,581.9844,2.5575,356.0989,0.0106,A
101,hotel1/mongodb-reservation,48.31,140.01,400.43,0.2578,86,1046,581.9844,2.5575,356.0989,0.0637,A
102,hotel1/user,66.77,21.11,1119.06,0.0,0,1496,581.9844,2.5575,358.3434,0.0576,A
102,hotel1/search,2814.6,34.5,1119.06,0.0,0,4579,782.2086,37.8386,358.3434,2.98,A
102,hotel1/reservation,4397.63,74.95,1119.06,0.0,0,588332,100501.9386,59.1261,358.3434,4.92,A
102,es-stress-d2/elasticsearch-dynamic-0,13.68,311737.65,1414.09,0.0,0,718,581.9844,85.9447,358.3434,0.0,A
102,es-stress-d3/elasticsearch-dynamic-0,10.13,311731.23,1414.09,0.0039,1,840,581.9844,85.8952,358.3434,0.0,A
102,es-stress-d4/elasticsearch-dynamic-0,19.48,311734.55,1414.09,0.0039,1,818,581.9844,86.0218,358.3434,0.0115,A
102,hotel1/consul,25.95,31.65,212.87,0.0,0,5357,915.1107,2.5575,358.3434,0.0345,A
102,hotel1/frontend,9858.38,127.19,1119.14,0.0,0,760173,129856.7138,132.5346,358.3434,11.0,A
102,hotel1/geo,1171.4,25.88,1119.06,0.0,0,3908,667.5849,15.7511,358.3434,1.3,A
102,hotel1/jaeger,0.27,14.89,81.01,0.0,0,0,581.9844,2.5575,2.7184,0.0,A
102,hotel1/memcached-profile,240.7,7.76,79.27,0.0,0,2943,581.9844,3.2372,358.3434,0.253,A
102,hotel1/memcached-rate,210.16,7.86,79.27,0.0,0,3672,627.2702,2.8268,358.3434,0.265,A
102,es-stress-d/elasticsearch-dynamic-0,10.82,311743.07,1414.09,0.0,0,867,581.9844,85.9078,358.3434,0.0115,A
102,hotel1/mongodb-geo,9.42,71.47,400.43,0.0273,1,221,581.9844,2.5575,358.3434,0.0115,A
102,hotel1/mongodb-profile,9.81,74.34,400.43,0.0273,1,374,581.9844,2.5575,358.3434,0.0,A
102,hotel1/mongodb-rate,9.78,73.25,400.43,0.0742,9,248,581.9844,2.5575,358.3434,0.023,A
102,hotel1/mongodb-recommendation,10.34,71.46,400.43,0.0742,9,486,581.9844,2.5575,358.3434,0.0115,A
102,hotel1/mongodb-reservation,55.32,140.16,400.43,0.3203,91,963,581.9844,2.5575,358.3434,0.0576,A
102,hotel1/mongodb-user,9.3,74.05,400.43,0.0273,1,273,581.9844,2.5575,358.3434,0.0,A
102,hotel1/profile,3669.36,40.74,1119.06,0.0,0,51362,8773.9245,49.3285,358.3434,3.85,A
102,hotel1/rate,1947.48,39.47,1119.14,0.0,0,4227,722.0782,26.1856,358.3434,2.21,A
102,hotel1/recommendation,682.84,23.71,1119.06,0.0,0,2700,581.9844,9.1841,358.3434,0.656,A
102,hotel1/memcached-reserve,299.48,7.62,79.27,0.0,0,2120,581.9844,4.0272,358.3434,0.334,A
103,hotel1/user,60.32,21.32,1119.06,0.0,0,2161,581.9844,2.5575,360.7488,0.0717,A
103,hotel1/search,2718.89,34.46,1119.06,0.0,0,8688,1455.4163,36.0251,360.7488,3.26,A
103,es-stress-d2/elasticsearch-dynamic-0,6.65,311737.65,1414.09,0.0039,1,1149,581.9844,85.3217,360.7488,0.0,A
103,es-stress-d3/elasticsearch-dynamic-0,6.98,311731.23,1414.09,0.0,0,1223,581.9844,85.3243,360.7488,0.0,A
103,es-stress-d4/elasticsearch-dynamic-0,7.38,311734.55,1414.09,0.0,0,1218,581.9844,85.3305,360.7488,0.0,A
103,hotel1/consul,25.21,31.65,212.87,0.0,0,4340,727.0381,2.5575,360.7488,0.0239,A
103,hotel1/frontend,9862.71,118.82,1119.14,0.0,0,733584,122890.2093,130.6784,360.7488,10.5,A
103,hotel1/geo,1183.51,24.85,1119.06,0.0,0,2909,581.9844,15.6841,360.7488,1.48,A
103,hotel1/jaeger,0.45,14.89,81.01,0.0,0,0,581.9844,2.5575,2.7184,0.0,A
103,hotel1/memcached-profile,243.11,9.02,79.27,0.0,0,2322,581.9844,3.2228,360.7488,0.275,A
103,hotel1/memcached-rate,213.8,7.58,79.27,0.0,0,3073,581.9844,2.8342,360.7488,0.263,A
103,hotel1/memcached-reserve,294.11,8.38,79.27,0.0,0,2491,581.9844,3.8982,360.7488,0.311,A
103,es-stress-d/elasticsearch-dynamic-0,6.6,311743.07,1414.09,0.0039,1,1653,581.9844,85.3225,360.7488,0.0239,A
103,hotel1/mongodb-profile,10.26,74.18,400.43,0.0508,9,263,581.9844,2.5575,360.7488,0.0239,A
103,hotel1/mongodb-rate,10.29,73.25,400.43,0.0,0,214,581.9844,2.5575,360.7488,0.0,A
103,hotel1/mongodb-recommendation,10.17,71.46,400.43,0.0,0,602,581.9844,2.5575,360.7488,0.0239,A
103,hotel1/mongodb-reservation,55.18,140.92,400.43,1.2578,112,1085,581.9844,2.5575,360.7488,0.0478,A
103,hotel1/mongodb-user,9.29,73.89,400.43,0.0469,8,752,581.9844,2.5575,360.7488,0.0119,A
103,hotel1/profile,3675.35,43.44,1119.06,0.0,0,59687,9998.784,48.6972,360.7488,3.63,A
103,hotel1/rate,1986.93,38.08,1119.14,0.0,0,12720,2130.8582,26.3302,360.7488,2.44,A
103,hotel1/recommendation,693.75,25.65,1119.06,0.0,0,3386,581.9844,9.1967,360.7488,0.812,A
103,hotel1/reservation,4665.65,77.68,1119.06,0.0,0,729288,122170.5422,61.8245,360.7488,4.78,A
103,hotel1/mongodb-geo,10.95,71.47,400.43,0.0469,8,279,581.9844,2.5575,360.7488,0.0,A
104,hotel1/user,56.42,20.67,1119.06,0.0,0,1298,581.9844,2.5575,336.6706,0.0582,A
104,hotel1/search,2526.73,33.35,1119.06,0.0,0,4137,721.1011,34.8745,336.6706,2.88,A
104,hotel1/reservation,4458.74,80.49,1119.06,0.0,0,675446,117733.8304,61.5463,336.6706,4.77,A
104,es-stress-d/elasticsearch-dynamic-0,10.1,311743.14,1414.09,0.0,0,861,581.9844,82.3415,336.6706,0.0233,A
104,es-stress-d2/elasticsearch-dynamic-0,9.53,311737.65,1414.09,0.0078,2,922,581.9844,82.3322,336.6706,0.0116,A
104,es-stress-d3/elasticsearch-dynamic-0,9.95,311731.23,1414.09,0.0234,9,931,581.9844,82.3363,336.6706,0.0233,A
104,es-stress-d4/elasticsearch-dynamic-0,8.76,311734.55,1414.09,0.0039,1,1192,581.9844,82.3207,336.6706,0.0,A
104,hotel1/consul,27.15,31.65,212.87,0.0,0,3437,599.0874,2.5575,336.6706,0.0349,A
104,hotel1/geo,1050.04,27.76,1119.06,0.0,0,3522,613.9033,14.4966,336.6706,1.16,A
104,hotel1/jaeger,0.28,14.89,81.01,0.0,0,0,581.9844,2.5575,2.7184,0.0,A
104,hotel1/memcached-profile,228.86,8.59,79.27,0.0,0,3129,581.9844,3.1603,336.6706,0.256,A
104,hotel1/memcached-rate,200.56,7.6,79.27,0.0,0,3779,658.6998,2.7695,336.6706,0.221,A
104,hotel1/frontend,9228.78,119.41,1119.14,0.0,0,768219,133904.6578,127.3772,336.6706,10.7,A
104,hotel1/mongodb-geo,9.04,71.63,400.43,0.0273,1,613,581.9844,2.5575,336.6706,0.0233,A
104,hotel1/memcached-reserve,270.56,7.27,79.27,0.0,0,1879,581.9844,3.7353,336.6706,0.349,A
104,hotel1/rate,1818.05,35.7,1119.14,0.0,0,3755,654.5165,25.0963,336.6706,1.89,A
104,hotel1/profile,3217.08,43.14,1119.06,0.0,0,78306,13649.1523,44.4031,336.6706,3.63,A
104,hotel1/mongodb-user,11.63,74.05,400.43,0.0273,1,257,581.9844,2.5575,336.6706,0.0116,A
104,hotel1/recommendation,628.21,24.47,1119.06,0.0,0,2904,581.9844,8.675,336.6706,0.733,A
104,hotel1/mongodb-recommendation,11.44,71.46,400.43,0.0273,1,394,581.9844,2.5575,336.6706,0.0233,A
104,hotel1/mongodb-rate,9.9,73.25,400.43,0.0273,1,220,581.9844,2.5575,336.6706,0.0233,A
104,hotel1/mongodb-profile,10.16,74.34,400.43,0.0273,1,410,581.9844,2.5575,336.6706,0.0233,A
104,hotel1/mongodb-reservation,44.73,141.07,400.43,0.2695,81,919,581.9844,2.5575,336.6706,0.0815,A
105,hotel1/user,55.49,20.68,1119.06,0.0,0,1762,581.9844,2.5575,348.6665,0.0753,A
105,hotel1/search,2624.24,33.98,1119.06,0.0,0,5147,849.5399,37.0749,348.6665,2.84,A
105,hotel1/reservation,4558.07,78.48,1119.06,0.0,0,627606,103589.7258,64.4013,348.6665,4.95,A
105,es-stress-d2/elasticsearch-dynamic-0,6.69,311737.65,1414.09,0.0117,5,1116,581.9844,87.0379,348.6665,0.0,A
105,es-stress-d3/elasticsearch-dynamic-0,7.3,311731.23,1414.09,0.0,0,1339,581.9844,87.0448,348.6665,0.0,A
105,es-stress-d4/elasticsearch-dynamic-0,6.56,311734.55,1414.09,0.0195,8,1175,581.9844,87.0352,348.6665,0.0126,A
105,hotel1/consul,25.55,31.65,212.87,0.0,0,4424,730.2049,2.5575,348.6665,0.0251,A
105,hotel1/frontend,9554.36,114.7,1119.14,0.0,0,660785,109066.0971,134.9803,348.6665,10.9,A
105,hotel1/geo,1099.85,25.01,1119.06,0.0,0,2814,581.9844,15.5416,348.6665,1.23,A
105,hotel1/jaeger,0.3,14.89,81.01,0.0,0,0,581.9844,2.5575,2.7184,0.0,A
105,hotel1/memcached-profile,231.04,8.58,79.27,0.0,0,3385,581.9844,3.2657,348.6665,0.251,A
105,hotel1/memcached-rate,212.23,7.62,79.27,0.0,0,3181,581.9844,2.9997,348.6665,0.226,A
105,es-stress-d/elasticsearch-dynamic-0,6.18,311743.14,1414.09,0.0234,9,808,581.9844,87.0323,348.6665,0.0126,A
105,hotel1/mongodb-geo,8.28,71.47,400.43,0.0,0,588,581.9844,2.5575,348.6665,0.0,A
105,hotel1/mongodb-profile,9.55,74.37,400.43,0.0,0,367,581.9844,2.5575,348.6665,0.0126,A
105,hotel1/mongodb-rate,8.73,73.25,400.43,0.0,0,212,581.9844,2.5575,348.6665,0.0126,A
105,hotel1/mongodb-recommendation,9.05,71.65,400.43,0.0,0,262,581.9844,2.5575,348.6665,0.0126,A
105,hotel1/mongodb-reservation,49.43,141.05,400.43,0.2734,92,889,581.9844,2.5575,348.6665,0.0502,A
105,hotel1/mongodb-user,8.44,73.89,400.43,0.0,0,252,581.9844,2.5575,348.6665,0.0251,A
105,hotel1/profile,3332.97,42.47,1119.06,0.0,0,43587,7194.2674,47.0876,348.6665,3.63,A
105,hotel1/rate,1892.36,35.2,1119.14,0.0,0,3903,644.211,26.738,348.6665,2.0,A
105,hotel1/recommendation,646.57,24.53,1119.06,0.0,0,4518,745.7201,9.1392,348.6665,0.716,A
105,hotel1/memcached-reserve,287.93,9.61,79.27,0.0,0,2429,581.9844,4.0695,348.6665,0.301,A
106,hotel1/user,65.13,20.77,1119.06,0.0,0,1564,581.9844,2.5575,357.8721,0.0793,A
106,es-stress-d/elasticsearch-dynamic-0,11.66,311743.17,1414.09,0.0,0,1096,581.9844,88.8352,357.8721,0.0,A
106,hotel1/search,2700.78,32.68,1119.06,0.0,0,5260,860.9667,38.4124,357.8721,3.18,A
106,es-stress-d2/elasticsearch-dynamic-0,10.31,311737.71,1414.09,0.0,0,965,581.9844,88.8144,357.8721,0.0264,A
106,es-stress-d3/elasticsearch-dynamic-0,9.92,311731.3,1414.09,0.0039,1,1127,581.9844,88.807,357.8721,0.0132,A
106,es-stress-d4/elasticsearch-dynamic-0,10.89,311734.58,1414.09,0.0039,1,1001,581.9844,88.8218,357.8721,0.0132,A
106,hotel1/consul,24.55,31.65,212.87,0.0,0,3777,618.2265,2.5575,357.8721,0.0396,A
106,hotel1/frontend,9528.15,120.14,1119.14,0.0,0,645968,105733.2614,135.5174,357.8721,12.0,A
106,hotel1/jaeger,0.33,14.89,81.01,0.0,0,0,581.9844,2.5575,2.7184,0.0,A
106,hotel1/memcached-profile,235.69,7.79,79.27,0.0,0,3643,596.2931,3.3536,357.8721,0.291,A
106,hotel1/memcached-rate,217.49,8.06,79.27,0.0,0,4167,682.0624,3.0948,357.8721,0.251,A
106,hotel1/memcached-reserve,292.72,7.89,79.27,0.0,0,1815,581.9844,4.1645,357.8721,0.304,A
106,hotel1/geo,1142.48,26.84,1119.06,0.0,0,2788,581.9844,16.2529,357.8721,1.41,A
106,hotel1/mongodb-profile,10.1,74.34,400.43,0.0273,1,245,581.9844,2.5575,357.8721,0.0,A
106,hotel1/mongodb-geo,10.09,71.63,400.43,0.0273,1,338,581.9844,2.5575,357.8721,0.0132,A
106,hotel1/recommendation,670.83,23.96,1119.06,0.0,0,3712,607.5872,9.5455,357.8721,0.78,A
106,hotel1/rate,1961.93,35.04,1119.14,0.0,0,3756,614.7892,27.9072,357.8721,2.13,A
106,hotel1/profile,3447.66,41.87,1119.06,0.0,0,42181,6904.2657,49.0351,357.8721,3.95,A
106,hotel1/reservation,4524.66,86.1,1119.06,0.0,0,635325,103991.1951,64.3618,357.8721,4.7,A
106,hotel1/mongodb-reservation,54.85,142.05,400.43,0.3164,89,1244,581.9844,2.5575,357.8721,0.0661,A
106,hotel1/mongodb-recommendation,10.45,71.64,400.43,0.0273,1,360,581.9844,2.5575,357.8721,0.0132,A
106,hotel1/mongodb-rate,10.74,73.44,400.43,0.0273,1,324,581.9844,2.5575,357.8721,0.0132,A
106,hotel1/mongodb-user,10.83,74.05,400.43,0.0273,1,258,581.9844,2.5575,357.8721,0.0,A
107,hotel1/search,2730.45,37.43,1119.06,0.0,0,4527,772.6032,32.7926,348.8289,3.13,A
107,hotel1/mongodb-reservation,49.89,141.67,400.43,0.2656,88,933,581.9844,2.5575,348.8289,0.0707,A
107,hotel1/reservation,4518.9,81.76,1119.06,0.0,0,678571,115808.7296,54.2766,348.8289,4.69,A
107,es-stress-d2/elasticsearch-dynamic-0,8.4,311737.8,1414.09,0.0039,1,1383,581.9844,75.889,348.8289,0.0118,A
107,es-stress-d3/elasticsearch-dynamic-0,9.63,311731.39,1414.09,0.0039,1,502,581.9844,75.9022,348.8289,0.0,A
107,es-stress-d4/elasticsearch-dynamic-0,6.93,311734.67,1414.09,0.0,0,1638,581.9844,75.8705,348.8289,0.0,A
107,hotel1/consul,26.96,31.65,212.87,0.0,0,3290,581.9844,2.5575,348.8289,0.0236,A
107,hotel1/frontend,9734.19,111.1,1119.14,0.0,0,665319,113547.069,116.9018,348.8289,10.9,A
107,hotel1/geo,1139.07,28.75,1119.06,0.0,0,3075,581.9844,13.6834,348.8289,1.32,A
107,hotel1/jaeger,1.2,14.89,81.01,0.0,0,87,581.9844,2.5575,2.7184,0.0,A
107,hotel1/memcached-profile,239.01,8.55,79.27,0.0,0,2475,581.9844,2.8718,348.8289,0.259,A
107,hotel1/memcached-rate,213.87,7.86,79.27,0.0,0,3313,581.9844,2.5698,348.8289,0.236,A
107,es-stress-d/elasticsearch-dynamic-0,6.37,311743.17,1414.09,0.0039,1,878,581.9844,75.8659,348.8289,0.0,A
107,hotel1/mongodb-geo,9.66,71.47,400.43,0.0,0,248,581.9844,2.5575,348.8289,0.0118,A
107,hotel1/mongodb-profile,10.4,74.37,400.43,0.0,0,321,581.9844,2.5575,348.8289,0.0118,A
107,hotel1/mongodb-rate,8.98,73.25,400.43,0.0,0,198,581.9844,2.5575,348.8289,0.0118,A
107,hotel1/mongodb-recommendation,10.31,71.46,400.43,0.0,0,658,581.9844,2.5575,348.8289,0.0236,A
107,hotel1/user,53.79,21.04,1119.06,0.0,0,2445,581.9844,2.5575,348.8289,0.0589,A
107,hotel1/mongodb-user,9.28,74.07,400.43,0.0,0,244,581.9844,2.5575,348.8289,0.0118,A
107,hotel1/profile,3561.25,44.24,1119.06,0.0,0,46150,7876.2176,42.7693,348.8289,3.71,A
107,hotel1/rate,1947.76,39.33,1119.14,0.0,0,3248,581.9844,23.3956,348.8289,2.27,A
107,hotel1/recommendation,683.04,24.26,1119.06,0.0,0,3496,596.647,8.2069,348.8289,0.683,A
107,hotel1/memcached-reserve,288.88,7.83,79.27,0.0,0,2051,581.9844,3.4704,348.8289,0.318,A
108,hotel1/user,62.54,20.86,1119.06,0.0,0,1514,581.9844,2.5575,360.1796,0.0726,A
108,es-stress-d/elasticsearch-dynamic-0,11.87,311743.33,1414.09,0.0039,1,821,581.9844,82.4039,360.1796,0.0242,A
108,hotel1/search,2732.44,32.32,1119.06,0.0,0,9045,1526.989,35.3688,360.1796,3.06,A
108,es-stress-d2/elasticsearch-dynamic-0,12.49,311737.86,1414.09,0.0039,1,1034,581.9844,82.4104,360.1796,0.0242,A
108,es-stress-d3/elasticsearch-dynamic-0,11.64,311731.46,1414.09,0.0039,1,807,581.9844,82.3978,360.1796,0.0242,A
108,es-stress-d4/elasticsearch-dynamic-0,11.37,311734.67,1414.09,0.0078,2,984,581.9844,82.3951,360.1796,0.0242,A
108,hotel1/consul,25.0,31.65,212.87,0.0,0,4698,793.1227,2.5575,360.1796,0.0242,A
108,hotel1/frontend,9726.42,112.7,1119.14,0.0,0,792190,133738.5781,125.8984,360.1796,10.7,A
108,hotel1/jaeger,0.36,14.89,81.01,0.0,0,0,581.9844,2.5575,2.7184,0.0,A
108,hotel1/memcached-profile,240.49,9.09,79.27,0.0,0,3994,674.2724,3.1146,360.1796,0.266,A
108,hotel1/memcached-rate,215.95,7.84,79.27,0.0,0,2920,581.9844,2.7967,360.1796,0.242,A
108,hotel1/memcached-reserve,289.84,7.35,79.27,0.0,0,1686,581.9844,3.7527,360.1796,0.29,A
108,hotel1/geo,1180.79,26.33,1119.06,0.0,0,3111,581.9844,15.2874,360.1796,1.28,A
108,hotel1/mongodb-profile,10.04,74.19,400.43,0.0312,1,368,581.9844,2.5575,360.1796,0.0,A
108,hotel1/mongodb-geo,10.28,71.63,400.43,0.0312,1,264,581.9844,2.5575,360.1796,0.0121,A
108,hotel1/recommendation,682.06,24.98,1119.06,0.0,0,2779,581.9844,8.8331,360.1796,0.763,A
108,hotel1/rate,1964.03,36.68,1119.14,0.0,0,3724,628.6907,25.426,360.1796,2.21,A
108,hotel1/profile,3732.96,40.57,1119.06,0.0,0,38687,6531.1912,48.3186,360.1796,3.95,A
108,hotel1/reservation,4437.92,78.97,1119.06,0.0,0,573535,96824.9478,57.4515,360.1796,5.37,A
108,hotel1/mongodb-reservation,52.85,141.96,400.43,0.3164,93,1199,581.9844,2.5575,360.1796,0.0605,A
108,hotel1/mongodb-recommendation,11.27,71.46,400.43,0.0312,1,511,581.9844,2.5575,360.1796,0.0242,A
108,hotel1/mongodb-rate,9.91,73.26,400.43,0.0312,1,251,581.9844,2.5575,360.1796,0.0242,A
108,hotel1/mongodb-user,9.67,74.05,400.43,0.0312,1,457,581.9844,2.5575,360.1796,0.0,A
109,hotel1/user,63.87,21.11,1119.06,0.0,0,1720,581.9844,2.5575,355.9633,0.0551,A
109,hotel1/mongodb-user,9.55,74.08,400.43,0.0,0,303,581.9844,2.5575,355.9633,0.0,A
109,hotel1/reservation,4413.45,79.57,1119.06,0.0,0,681517,110640.0984,57.2242,355.9633,4.52,A
109,hotel1/search,2708.65,32.16,1119.06,0.0,0,5148,835.7462,35.1157,355.9633,2.65,A
109,es-stress-d/elasticsearch-dynamic-0,6.29,311743.33,1414.09,0.0039,1,656,581.9844,81.5596,355.9633,0.0,A
109,es-stress-d2/elasticsearch-dynamic-0,6.61,311737.86,1414.09,0.0039,1,1094,581.9844,81.5623,355.9633,0.0,A
109,es-stress-d3/elasticsearch-dynamic-0,7.16,311731.46,1414.09,0.0,0,1172,581.9844,81.5677,355.9633,0.0,A
109,es-stress-d4/elasticsearch-dynamic-0,6.46,311734.67,1414.09,0.0,0,1248,581.9844,81.5595,355.9633,0.0,A
109,hotel1/consul,25.17,31.65,212.87,0.0,0,3378,581.9844,2.5575,355.9633,0.0331,A
109,hotel1/geo,1142.41,25.23,1119.06,0.0,0,2890,581.9844,14.8136,355.9633,1.17,A
109,hotel1/jaeger,0.34,14.89,81.01,0.0,0,0,581.9844,2.5575,2.7184,0.0,A
109,hotel1/memcached-profile,240.92,8.3,79.27,0.0,0,2593,581.9844,3.1248,355.9633,0.243,A
109,hotel1/frontend,9891.75,121.92,1119.14,0.0,0,700205,113673.9804,128.2404,355.9633,10.0,A
109,hotel1/memcached-reserve,279.91,7.35,79.27,0.0,0,1960,581.9844,3.6299,355.9633,0.265,A
109,hotel1/mongodb-geo,9.18,71.47,400.43,0.0,0,260,581.9844,2.5575,355.9633,0.011,A
109,hotel1/mongodb-profile,9.28,74.19,400.43,0.0,0,287,581.9844,2.5575,355.9633,0.0,A
109,hotel1/mongodb-rate,9.05,73.45,400.43,0.0,0,148,581.9844,2.5575,355.9633,0.0221,A
109,hotel1/mongodb-recommendation,9.43,71.65,400.43,0.0,0,370,581.9844,2.5575,355.9633,0.0221,A
109,hotel1/mongodb-reservation,53.77,142.14,400.43,0.2773,88,896,581.9844,2.5575,355.9633,0.0441,A
109,hotel1/profile,3516.23,42.68,1119.06,0.0,0,56923,9241.0994,45.5856,355.9633,3.52,A
109,hotel1/rate,1867.49,39.64,1119.14,0.0,0,4273,693.6953,24.2152,355.9633,2.05,A
109,hotel1/memcached-rate,204.99,7.57,79.27,0.0,0,3548,581.9844,2.6589,355.9633,0.232,A
109,hotel1/recommendation,682.26,25.61,1119.06,0.0,0,2814,581.9844,8.8496,355.9633,0.64,A
110,hotel1/user,64.23,20.96,1119.06,0.0,0,2243,581.9844,2.5575,370.741,0.0524,A
110,hotel1/mongodb-user,9.85,73.89,400.43,0.0312,1,256,581.9844,2.5575,370.741,0.021,A
110,hotel1/reservation,4538.91,78.74,1119.06,0.0,0,687943,109488.7539,59.5534,370.741,4.71,A
110,es-stress-d/elasticsearch-dynamic-0,9.28,311743.33,1414.09,0.0039,2,411,581.9844,84.3137,370.741,0.0,A
110,es-stress-d2/elasticsearch-dynamic-0,9.13,311737.93,1414.09,0.0156,2,904,581.9844,84.3103,370.741,0.021,A
110,es-stress-d3/elasticsearch-dynamic-0,9.85,311731.46,1414.09,0.0508,12,1064,581.9844,84.318,370.741,0.0105,A
110,es-stress-d4/elasticsearch-dynamic-0,8.78,311734.67,1414.09,0.0078,3,1306,581.9844,84.3048,370.741,0.021,A
110,hotel1/search,2926.83,36.1,1119.06,0.0,0,8168,1299.9684,38.3979,370.741,2.82,A
110,hotel1/frontend,9871.59,123.81,1119.14,0.0,0,659359,104939.5012,129.5088,370.741,9.8,A
110,hotel1/geo,1218.65,26.93,1119.06,0.0,0,3738,594.917,15.991,370.741,1.08,A
110,hotel1/jaeger,0.36,14.89,81.01,0.0,0,0,581.9844,2.5575,2.7184,0.0,A
110,hotel1/memcached-profile,252.93,7.86,79.27,0.0,0,3728,593.3254,3.3195,370.741,0.23,A
110,hotel1/consul,26.32,31.65,212.87,0.0,0,3491,581.9844,2.5575,370.741,0.0314,A
110,hotel1/memcached-reserve,292.62,7.55,79.27,0.0,0,2287,581.9844,3.84,370.741,0.293,A
110,hotel1/mongodb-geo,9.99,71.47,400.43,0.0312,1,207,581.9844,2.5575,370.741,0.0105,A
110,hotel1/mongodb-profile,11.44,74.34,400.43,0.0312,1,375,581.9844,2.5575,370.741,0.0,A
110,hotel1/mongodb-rate,9.98,73.45,400.43,0.0312,1,292,581.9844,2.5575,370.741,0.021,A
110,hotel1/mongodb-recommendation,10.7,71.65,400.43,0.0312,1,412,581.9844,2.5575,370.741,0.021,A
110,hotel1/mongodb-reservation,56.57,142.34,400.43,0.3203,85,1059,581.9844,2.5575,370.741,0.0629,A
110,hotel1/profile,3502.89,42.48,1119.06,0.0,0,23223,3696.0291,45.9552,370.741,3.74,A
110,hotel1/rate,1910.84,36.44,1119.14,0.0,0,3830,609.5591,25.0723,370.741,2.12,A
110,hotel1/recommendation,720.23,26.56,1119.06,0.0,0,3337,581.9844,9.4537,370.741,0.691,A
110,hotel1/memcached-rate,223.63,7.61,79.27,0.0,0,2834,581.9844,2.9352,370.741,0.22,A
111,hotel1/user,57.43,20.95,1119.06,0.0,0,1648,581.9844,2.5575,337.0178,0.0574,A
111,hotel1/mongodb-geo,8.69,71.47,400.43,0.0,0,335,581.9844,2.5575,337.0178,0.0115,A
111,hotel1/reservation,4472.74,80.66,1119.06,0.0,0,601664,103451.1086,59.731,337.0178,5.22,A
111,es-stress-d/elasticsearch-dynamic-0,6.91,311743.33,1414.09,0.0273,9,958,581.9844,80.7621,337.0178,0.0,A
111,es-stress-d2/elasticsearch-dynamic-0,6.49,311737.93,1414.09,0.0195,7,1416,581.9844,80.7551,337.0178,0.0,A
111,es-stress-d3/elasticsearch-dynamic-0,6.84,311731.46,1414.09,0.0,0,1189,581.9844,80.7581,337.0178,0.0,A
111,es-stress-d4/elasticsearch-dynamic-0,6.23,311734.67,1414.09,0.0273,6,1395,581.9844,80.7508,337.0178,0.0,A
111,hotel1/consul,26.74,31.65,212.87,0.0,0,3617,621.913,2.5575,337.0178,0.0344,A
111,hotel1/frontend,9651.72,120.42,1119.14,0.0,0,837687,144033.2956,128.8795,337.0178,11.2,A
111,hotel1/geo,1059.85,26.83,1119.06,0.0,0,3072,581.9844,14.1557,337.0178,1.17,A
111,hotel1/jaeger,0.29,14.89,81.01,0.0,0,0,581.9844,2.5575,2.7184,0.0,A
111,hotel1/memcached-profile,220.68,7.82,79.27,0.0,0,3142,581.9844,2.9481,337.0178,0.276,A
111,hotel1/search,2527.87,33.55,1119.06,0.0,0,5489,943.7878,33.7552,337.0178,3.07,A
111,hotel1/memcached-reserve,257.63,9.24,79.27,0.0,0,2536,581.9844,3.4417,337.0178,0.299,A
111,hotel1/mongodb-profile,9.54,74.19,400.43,0.0,0,301,581.9844,2.5575,337.0178,0.0115,A
111,hotel1/mongodb-rate,8.99,73.26,400.43,0.0,0,407,581.9844,2.5575,337.0178,0.0115,A
111,hotel1/mongodb-recommendation,10.27,71.46,400.43,0.0,0,403,581.9844,2.5575,337.0178,0.023,A
111,hotel1/mongodb-reservation,47.31,142.91,400.43,0.2578,84,1145,581.9844,2.5575,337.0178,0.0459,A
111,hotel1/mongodb-user,9.54,73.89,400.43,0.0,0,253,581.9844,2.5575,337.0178,0.0115,A
111,hotel1/profile,3160.45,45.78,1119.06,0.0,0,44125,7586.9259,42.2031,337.0178,3.48,A
111,hotel1/rate,1821.66,39.65,1119.14,0.0,0,3376,581.9844,24.329,337.0178,2.1,A
111,hotel1/recommendation,610.63,23.2,1119.06,0.0,0,3424,588.7283,8.1578,337.0178,0.689,A
111,hotel1/memcached-rate,200.93,7.61,79.27,0.0,0,2767,581.9844,2.6843,337.0178,0.253,A
112,hotel1/user,61.38,20.73,1119.06,0.0,0,1722,581.9844,2.5575,344.6778,0.0594,A
112,es-stress-d/elasticsearch-dynamic-0,8.68,311743.34,1414.09,0.0,0,908,581.9844,80.3778,344.6778,0.0,A
112,hotel1/search,2634.23,36.46,1119.06,0.0,0,4879,771.1055,34.3966,344.6778,3.12,A
112,es-stress-d2/elasticsearch-dynamic-0,8.67,311737.93,1414.09,0.0,0,533,581.9844,80.3763,344.6778,0.0238,A
112,es-stress-d3/elasticsearch-dynamic-0,8.32,311731.46,1414.09,0.0039,1,1012,581.9844,80.3701,344.6778,0.0119,A
112,es-stress-d4/elasticsearch-dynamic-0,7.7,311734.67,1414.09,0.0039,1,736,581.9844,80.3628,344.6778,0.0,A
112,hotel1/consul,27.91,31.9,212.87,0.0,0,5209,823.2607,2.5575,344.6778,0.0238,A
112,hotel1/frontend,9681.01,113.02,1119.14,0.0,0,773639,122270.4062,126.4049,344.6778,11.2,A
112,hotel1/jaeger,0.32,14.89,81.01,0.0,0,0,581.9844,2.5575,2.7184,0.0,A
112,hotel1/memcached-profile,228.89,8.82,79.27,0.0,0,2973,581.9844,2.9902,344.6778,0.261,A
112,hotel1/memcached-rate,215.12,7.59,79.27,0.0,0,2966,581.9844,2.8101,344.6778,0.261,A
112,hotel1/memcached-reserve,275.72,7.29,79.27,0.0,0,1742,581.9844,3.6011,344.6778,0.333,A
112,hotel1/geo,1079.79,27.72,1119.06,0.0,0,3624,581.9844,14.1027,344.6778,1.24,A
112,hotel1/mongodb-profile,12.4,74.34,400.43,0.0312,1,278,581.9844,2.5575,344.6778,0.0238,A
112,hotel1/mongodb-geo,10.83,71.47,400.43,0.0312,1,257,581.9844,2.5575,344.6778,0.0119,A
112,hotel1/recommendation,672.44,25.52,1119.06,0.0,0,3000,581.9844,8.7846,344.6778,0.725,A
112,hotel1/rate,1877.58,38.32,1119.14,0.0,0,3870,611.6373,24.5198,344.6778,2.31,A
112,hotel1/profile,3288.59,43.58,1119.06,0.0,0,50816,8031.2561,42.9405,344.6778,4.49,A
112,hotel1/reservation,4424.94,77.92,1119.06,0.0,0,543510,85899.4809,57.7832,344.6778,5.18,A
112,hotel1/mongodb-reservation,51.69,142.97,400.43,0.3125,93,1084,581.9844,2.5575,344.6778,0.0594,A
112,hotel1/mongodb-recommendation,14.53,71.65,400.43,0.0312,1,180,581.9844,2.5575,344.6778,0.0238,A
112,hotel1/mongodb-rate,10.43,73.26,400.43,0.0312,1,468,581.9844,2.5575,344.6778,0.0,A
112,hotel1/mongodb-user,11.91,74.05,400.43,0.0312,1,241,581.9844,2.5575,344.6778,0.0119,A
113,hotel1/user,56.76,20.97,1119.06,0.0,0,1784,581.9844,2.5575,358.5745,0.0472,A
113,hotel1/search,2811.01,33.73,1119.06,0.0,0,4857,823.6054,36.7037,358.5745,3.09,A
113,hotel1/reservation,4603.16,85.04,1119.06,0.0,0,645686,109489.4891,60.1118,358.5745,5.39,A
113,es-stress-d/elasticsearch-dynamic-0,6.77,311743.34,1414.09,0.0078,2,1163,581.9844,81.9825,358.5745,0.0118,A
113,es-stress-d2/elasticsearch-dynamic-0,6.53,311737.93,1414.09,0.0039,1,740,581.9844,81.978,358.5745,0.0118,A
113,es-stress-d3/elasticsearch-dynamic-0,7.64,311731.46,1414.09,0.0,0,1025,581.9844,81.9908,358.5745,0.0236,A
113,es-stress-d4/elasticsearch-dynamic-0,6.48,311734.67,1414.09,0.0,0,1535,581.9844,81.9765,358.5745,0.0236,A
113,hotel1/consul,25.17,31.65,212.87,0.0,0,3662,620.9683,2.5575,358.5745,0.0236,A
113,hotel1/geo,1211.34,26.46,1119.06,0.0,0,3013,581.9844,15.8197,358.5745,1.3,A
113,hotel1/jaeger,0.44,14.89,81.01,0.0,0,0,581.9844,2.5575,2.7184,0.0,A
113,hotel1/memcached-profile,235.31,7.79,79.27,0.0,0,3400,581.9844,3.0738,358.5745,0.271,A
113,hotel1/memcached-rate,217.0,7.83,79.27,0.0,0,3179,581.9844,2.8348,358.5745,0.224,A
113,hotel1/frontend,9629.48,119.64,1119.14,0.0,0,746201,126533.8976,125.7342,358.5745,10.9,A
113,hotel1/mongodb-geo,9.73,71.66,400.43,0.0,0,386,581.9844,2.5575,358.5745,0.0118,A
113,hotel1/memcached-reserve,285.62,7.69,79.27,0.0,0,2432,581.9844,3.7305,358.5745,0.319,A
113,hotel1/rate,1914.3,37.55,1119.14,0.0,0,3706,628.4294,24.9991,358.5745,2.22,A
113,hotel1/profile,3320.54,40.81,1119.06,0.0,0,36546,6197.1343,43.3569,358.5745,3.89,A
113,hotel1/mongodb-user,9.98,74.08,400.43,0.0,0,227,581.9844,2.5575,358.5745,0.0,A
113,hotel1/recommendation,676.7,23.68,1119.06,0.0,0,3544,600.9589,8.8398,358.5745,0.791,A
113,hotel1/mongodb-recommendation,10.75,71.46,400.43,0.0,0,449,581.9844,2.5575,358.5745,0.0118,A
113,hotel1/mongodb-rate,9.82,73.26,400.43,0.0,0,349,581.9844,2.5575,358.5745,0.0118,A
113,hotel1/mongodb-profile,9.92,74.19,400.43,0.0,0,279,581.9844,2.5575,358.5745,0.0236,A
113,hotel1/mongodb-reservation,48.51,143.31,400.43,0.2695,92,924,581.9844,2.5575,358.5745,0.0708,A
114,hotel1/user,57.72,21.08,1119.06,0.0,0,1615,581.9844,2.5575,359.1248,0.0704,A
114,hotel1/search,2729.31,31.07,1119.06,0.0,0,4870,818.1218,35.6066,359.1248,3.17,A
114,hotel1/reservation,4409.56,79.58,1119.06,0.0,0,558408,93808.1674,57.5349,359.1248,5.23,A
114,es-stress-d2/elasticsearch-dynamic-0,9.9,311737.93,1414.09,0.0,0,774,581.9844,82.5068,359.1248,0.0117,A
114,es-stress-d3/elasticsearch-dynamic-0,11.04,311731.46,1414.09,0.0039,1,885,581.9844,82.52,359.1248,0.0,A
114,es-stress-d4/elasticsearch-dynamic-0,10.51,311734.67,1414.09,0.0039,1,987,581.9844,82.5139,359.1248,0.0,A
114,hotel1/consul,26.53,31.65,212.87,0.0,0,4272,717.6625,2.5575,359.1248,0.0352,A
114,hotel1/frontend,9833.19,128.24,1119.14,0.0,0,781570,131297.6343,128.2881,359.1248,11.3,A
114,hotel1/geo,1158.72,27.37,1119.06,0.0,0,3645,612.3314,15.1204,359.1248,1.4,A
114,hotel1/jaeger,0.32,15.14,81.01,0.0,0,0,581.9844,2.5575,2.7184,0.0,A
114,hotel1/memcached-profile,229.89,8.8,79.27,0.0,0,3304,581.9844,3.0008,359.1248,0.281,A
114,hotel1/memcached-rate,217.56,7.83,79.27,0.0,0,3107,581.9844,2.8397,359.1248,0.235,A
114,es-stress-d/elasticsearch-dynamic-0,10.55,311743.33,1414.09,0.0,0,905,581.9844,82.5167,359.1248,0.0117,A
114,hotel1/mongodb-geo,12.51,71.63,400.43,0.0312,1,214,581.9844,2.5575,359.1248,0.0117,A
114,hotel1/mongodb-profile,11.09,74.19,400.43,0.0312,1,223,581.9844,2.5575,359.1248,0.0117,A
114,hotel1/mongodb-rate,11.26,73.26,400.43,0.082,10,379,581.9844,2.5575,359.1248,0.0117,A
114,hotel1/mongodb-recommendation,12.07,71.65,400.43,0.082,10,529,581.9844,2.5575,359.1248,0.0117,A
114,hotel1/mongodb-reservation,41.3,143.45,400.43,0.2734,83,889,581.9844,2.5575,359.1248,0.0821,A
114,hotel1/mongodb-user,11.02,74.05,400.43,0.0312,1,223,581.9844,2.5575,359.1248,0.0235,A
114,hotel1/profile,3510.26,44.68,1119.06,0.0,0,62083,10429.4574,45.7961,359.1248,3.82,A
114,hotel1/rate,1988.39,40.86,1119.14,0.0,0,3547,595.8682,25.9454,359.1248,2.05,A
114,hotel1/recommendation,693.11,26.01,1119.06,0.0,0,2650,581.9844,9.0471,359.1248,0.75,A
114,hotel1/memcached-reserve,287.34,7.5,79.27,0.0,0,1824,581.9844,3.7498,359.1248,0.305,A
115,hotel1/user,50.67,21.12,1119.06,0.0,0,1842,581.9844,2.5575,319.8587,0.0382,A
115,hotel1/search,2463.12,32.68,1119.06,0.0,0,5129,836.0287,35.5063,319.8587,2.9,A
115,es-stress-d2/elasticsearch-dynamic-0,8.04,311737.93,1414.09,0.0078,2,1022,581.9844,84.2223,319.8587,0.0127,A
115,es-stress-d3/elasticsearch-dynamic-0,9.49,311731.46,1414.09,0.0,0,812,581.9844,84.2415,319.8587,0.0,A
115,es-stress-d4/elasticsearch-dynamic-0,8.41,311734.67,1414.09,0.0,0,1141,581.9844,84.2268,319.8587,0.0127,A
115,hotel1/consul,27.19,31.65,212.87,0.0,0,3860,629.1813,2.5575,319.8587,0.0382,A
115,hotel1/frontend,9472.09,117.41,1119.14,0.0,0,635840,103642.1287,136.5394,319.8587,12.1,A
115,hotel1/geo,1088.88,28.82,1119.06,0.0,0,3128,581.9844,15.7003,319.8587,1.17,A
115,hotel1/jaeger,0.37,14.89,81.01,0.0,0,0,581.9844,2.5575,2.7184,0.0,A
115,hotel1/memcached-profile,210.36,9.29,79.27,0.0,0,2819,581.9844,3.0341,319.8587,0.229,A
115,hotel1/memcached-rate,183.64,7.61,79.27,0.0,0,2789,581.9844,2.6486,319.8587,0.229,A
115,hotel1/memcached-reserve,256.42,7.3,79.27,0.0,0,1926,581.9844,3.6974,319.8587,0.306,A
115,es-stress-d/elasticsearch-dynamic-0,7.68,311743.33,1414.09,0.0039,1,1273,581.9844,84.2186,319.8587,0.0127,A
115,hotel1/mongodb-profile,9.61,74.38,400.43,0.0469,8,337,581.9844,2.5575,319.8587,0.0127,A
115,hotel1/mongodb-rate,9.49,73.45,400.43,0.0,0,250,581.9844,2.5575,319.8587,0.0127,A
115,hotel1/mongodb-recommendation,8.99,71.46,400.43,0.0,0,391,581.9844,2.5575,319.8587,0.0127,A
115,hotel1/mongodb-reservation,44.24,144.33,400.43,1.3516,95,759,581.9844,2.5575,319.8587,0.051,A
115,hotel1/mongodb-user,10.54,74.08,400.43,0.0469,9,365,581.9844,2.5575,319.8587,0.0,A
115,hotel1/profile,3026.04,42.13,1119.06,0.0,0,94352,15379.407,43.6214,319.8587,3.72,A
115,hotel1/rate,1689.87,40.17,1119.14,0.0,0,3294,581.9844,24.3645,319.8587,1.97,A
115,hotel1/recommendation,629.08,22.61,1119.06,0.0,0,3420,581.9844,9.0721,319.8587,0.662,A
115,hotel1/reservation,4137.57,76.38,1119.06,0.0,0,636338,103723.3029,59.6495,319.8587,4.9,A
115,hotel1/mongodb-geo,10.26,71.47,400.43,0.0469,9,364,581.9844,2.5575,319.8587,0.0,A
116,hotel1/user,57.59,20.88,1119.06,0.0,0,1992,581.9844,2.5575,339.8654,0.0693,A
116,hotel1/search,2642.7,34.01,1119.06,0.0,0,4736,819.3298,33.5412,339.8654,2.83,A
116,hotel1/reservation,4539.56,79.81,1119.06,0.0,0,686573,118777.3845,57.6216,339.8654,5.23,A
116,es-stress-d/elasticsearch-dynamic-0,10.06,311743.33,1414.09,0.0,0,1133,581.9844,77.3117,339.8654,0.0,A
116,es-stress-d2/elasticsearch-dynamic-0,10.78,311737.93,1414.09,0.0117,4,609,581.9844,77.3195,339.8654,0.0115,A
116,es-stress-d3/elasticsearch-dynamic-0,8.45,311731.46,1414.09,0.0273,11,1003,581.9844,77.2883,339.8654,0.0115,A
116,es-stress-d4/elasticsearch-dynamic-0,8.32,311734.67,1414.09,0.0078,2,467,581.9844,77.2875,339.8654,0.0115,A
116,hotel1/consul,25.32,31.65,212.87,0.0,0,4410,762.9316,2.5575,339.8654,0.0346,A
116,hotel1/geo,1096.47,25.57,1119.06,0.0,0,3360,581.9844,13.9193,339.8654,1.19,A
116,hotel1/jaeger,0.43,14.89,81.01,0.0,0,0,581.9844,2.5575,2.7184,0.0,A
116,hotel1/memcached-profile,223.01,8.06,79.27,0.0,0,4042,699.2675,2.8317,339.8654,0.231,A
116,hotel1/memcached-rate,202.68,7.82,79.27,0.0,0,3920,678.1615,2.5737,339.8654,0.242,A
116,hotel1/frontend,9567.29,114.54,1119.14,0.0,0,716401,123937.6396,121.4263,339.8654,10.7,A
116,hotel1/mongodb-geo,9.6,71.63,400.43,0.0312,1,234,581.9844,2.5575,339.8654,0.0115,A
116,hotel1/memcached-reserve,272.7,7.54,79.27,0.0,0,2264,581.9844,3.4621,339.8654,0.3,A
116,hotel1/rate,1757.37,36.73,1119.14,0.0,0,3965,685.9465,22.3081,339.8654,1.88,A
116,hotel1/profile,3216.16,44.49,1119.06,0.0,0,28590,4946.0806,40.8204,339.8654,3.28,A
116,hotel1/mongodb-user,9.36,74.05,400.43,0.0312,1,272,581.9844,2.5575,339.8654,0.0115,A
116,hotel1/recommendation,606.7,23.54,1119.06,0.0,0,4218,729.7156,7.7042,339.8654,0.716,A
116,hotel1/mongodb-recommendation,12.44,71.46,400.43,0.0312,1,169,581.9844,2.5575,339.8654,0.0346,A
116,hotel1/mongodb-rate,9.53,73.45,400.43,0.0312,1,201,581.9844,2.5575,339.8654,0.0231,A
116,hotel1/mongodb-profile,11.64,74.34,400.43,0.0352,1,221,581.9844,2.5575,339.8654,0.0,A
116,hotel1/mongodb-reservation,51.33,144.09,400.43,0.3008,84,961,581.9844,2.5575,339.8654,0.0577,A
117,hotel1/search,2652.34,34.7,1119.06,0.0,0,4629,783.8537,36.5709,357.8358,2.85,A
117,hotel1/mongodb-reservation,46.72,144.18,400.43,0.2383,77,974,581.9844,2.5575,357.8358,0.0338,A
117,hotel1/reservation,4694.23,80.63,1119.06,0.0,0,635360,107588.9555,64.7301,357.8358,4.57,A
117,hotel1/user,60.84,21.39,1119.06,0.0,0,2203,581.9844,2.5575,357.8358,0.0338,A
117,es-stress-d/elasticsearch-dynamic-0,6.78,311743.33,1414.09,0.0234,9,1454,581.9844,86.2972,357.8358,0.0113,A
117,es-stress-d2/elasticsearch-dynamic-0,6.71,311737.93,1414.09,0.0117,5,1014,581.9844,86.2948,357.8358,0.0113,A
117,es-stress-d3/elasticsearch-dynamic-0,8.76,311731.46,1414.09,0.0,0,841,581.9844,86.3213,357.8358,0.0113,A
117,es-stress-d4/elasticsearch-dynamic-0,9.14,311734.73,1414.09,0.0195,8,1244,581.9844,86.3274,357.8358,0.0,A
117,hotel1/consul,27.42,31.65,212.87,0.0,0,3968,671.923,2.5575,357.8358,0.0225,A
117,hotel1/frontend,9761.34,119.02,1119.14,0.0,0,796421,134862.2883,134.5886,357.8358,11.0,A
117,hotel1/jaeger,0.38,14.89,81.01,0.0,0,0,581.9844,2.5575,2.7184,0.0,A
117,hotel1/memcached-profile,241.01,9.06,79.27,0.0,0,2379,581.9844,3.3247,357.8358,0.237,A
117,hotel1/memcached-rate,210.18,8.14,79.27,0.0,0,3057,581.9844,2.8995,357.8358,0.214,A
117,hotel1/geo,1106.58,25.45,1119.06,0.0,0,3608,610.9622,15.2607,357.8358,1.18,A
117,hotel1/mongodb-geo,8.91,71.66,400.43,0.0,0,315,581.9844,2.5575,357.8358,0.0113,A
117,hotel1/recommendation,675.97,24.29,1119.06,0.0,0,3164,581.9844,9.3247,357.8358,0.699,A
117,hotel1/memcached-reserve,288.75,7.78,79.27,0.0,0,2228,581.9844,3.9824,357.8358,0.282,A
117,hotel1/profile,3266.44,41.32,1119.06,0.0,0,25591,4333.4629,45.0378,357.8358,3.34,A
117,hotel1/mongodb-user,9.62,74.08,400.43,0.0,0,250,581.9844,2.5575,357.8358,0.0113,A
117,hotel1/rate,1922.25,36.3,1119.14,0.0,0,3664,620.445,26.5074,357.8358,1.98,A
117,hotel1/mongodb-recommendation,9.22,71.46,400.43,0.0,0,368,581.9844,2.5575,357.8358,0.0113,A
117,hotel1/mongodb-rate,10.29,73.45,400.43,0.0,0,223,581.9844,2.5575,357.8358,0.0225,A
117,hotel1/mongodb-profile,9.55,74.38,400.43,0.0,0,277,581.9844,2.5575,357.8358,0.0,A
118,hotel1/user,51.29,21.22,1119.06,0.0,0,1565,581.9844,2.5575,344.1803,0.055,A
118,hotel1/mongodb-user,10.68,74.05,400.43,0.0352,1,245,581.9844,2.5575,344.1803,0.011,A
118,hotel1/reservation,4383.3,81.82,1119.06,0.0,0,616632,99644.887,55.551,344.1803,4.19,A
118,es-stress-d/elasticsearch-dynamic-0,9.02,311743.33,1414.09,0.0039,2,1267,581.9844,77.7732,344.1803,0.011,A
118,es-stress-d2/elasticsearch-dynamic-0,9.52,311737.93,1414.09,0.0039,2,1344,581.9844,77.7781,344.1803,0.022,A
118,es-stress-d3/elasticsearch-dynamic-0,9.91,311731.46,1414.09,0.0078,3,1601,581.9844,77.7815,344.1803,0.0,A
118,es-stress-d4/elasticsearch-dynamic-0,8.9,311734.8,1414.09,0.0117,5,1578,581.9844,77.7695,344.1803,0.0,A
118,hotel1/search,2564.11,31.23,1119.06,0.0,0,4655,752.2265,32.4917,344.1803,2.82,A
118,hotel1/frontend,9815.83,115.91,1119.14,0.0,0,754846,121979.6319,124.3825,344.1803,10.6,A
118,hotel1/geo,1100.9,27.81,1119.06,0.0,0,3203,581.9844,13.9539,344.1803,1.16,A
118,hotel1/jaeger,0.35,14.89,81.01,0.0,0,0,581.9844,2.5575,2.7184,0.0,A
118,hotel1/memcached-profile,229.11,8.08,79.27,0.0,0,4550,735.259,2.9045,344.1803,0.231,A
118,hotel1/consul,26.84,31.65,212.87,0.0,0,4383,708.2726,2.5575,344.1803,0.022,A
118,hotel1/memcached-reserve,265.86,9.42,79.27,0.0,0,2196,581.9844,3.3704,344.1803,0.253,A
118,hotel1/mongodb-geo,9.82,71.48,400.43,0.0352,1,180,581.9844,2.5575,344.1803,0.022,A
118,hotel1/mongodb-profile,12.44,74.2,400.43,0.0352,1,432,581.9844,2.5575,344.1803,0.022,A
118,hotel1/mongodb-rate,9.6,73.27,400.43,0.0352,1,176,581.9844,2.5575,344.1803,0.011,A
118,hotel1/mongodb-recommendation,10.31,71.47,400.43,0.0352,1,354,581.9844,2.5575,344.1803,0.022,A
118,hotel1/mongodb-reservation,45.18,144.48,400.43,0.2891,85,1063,581.9844,2.5575,344.1803,0.044,A
118,hotel1/profile,3357.86,40.52,1119.06,0.0,0,37796,6107.6593,42.5498,344.1803,3.53,A
118,hotel1/rate,1733.73,40.04,1119.14,0.0,0,4034,651.8758,21.9741,344.1803,1.72,A
118,hotel1/recommendation,668.71,23.92,1119.06,0.0,0,3662,591.7623,8.4776,344.1803,0.694,A
118,hotel1/memcached-rate,205.11,7.59,79.27,0.0,0,4218,681.6093,2.6004,344.1803,0.22,A
119,hotel1/user,66.03,21.54,1119.06,0.0,0,1940,581.9844,2.5575,341.1585,0.0637,A
119,hotel1/mongodb-geo,9.21,71.48,400.43,0.0,0,294,581.9844,2.5575,341.1585,0.0255,A
119,hotel1/reservation,4438.75,78.84,1119.06,0.0,0,627114,115965.1945,51.1975,341.1585,4.31,A
119,hotel1/search,2682.99,35.14,1119.06,0.0,0,5258,972.3033,30.9433,341.1585,2.59,A
119,es-stress-d/elasticsearch-dynamic-0,14.53,311744.13,1414.09,0.0039,1,761,581.9844,73.0613,341.1585,0.0255,A
119,es-stress-d2/elasticsearch-dynamic-0,12.31,311739.34,1414.09,0.0039,1,1172,581.9844,73.0345,341.1585,0.0,A
119,es-stress-d3/elasticsearch-dynamic-0,17.11,311732.35,1414.09,0.0,0,1323,581.9844,73.0882,341.1585,0.0127,A
119,es-stress-d4/elasticsearch-dynamic-0,11.53,311735.54,1414.09,0.0,0,925,581.9844,73.0247,341.1585,0.0127,A
119,hotel1/frontend,10250.17,128.12,1119.14,0.0,0,859129,158869.1396,118.2151,341.1585,11.1,A
119,hotel1/geo,1082.64,28.2,1119.06,0.0,0,2722,581.9844,12.4895,341.1585,1.04,A
119,hotel1/jaeger,0.29,14.89,81.01,0.0,0,0,581.9844,2.5575,2.7184,0.0,A
119,hotel1/memcached-profile,226.35,8.08,79.27,0.0,0,2657,581.9844,2.6117,341.1585,0.204,A
119,hotel1/consul,30.59,31.65,212.87,0.0,0,4895,905.1777,2.5575,341.1585,0.0255,A
119,hotel1/memcached-reserve,288.98,7.3,79.27,0.0,0,2575,581.9844,3.3337,341.1585,0.268,A
119,hotel1/memcached-rate,208.57,8.11,79.27,0.0,0,3904,721.9232,2.5575,341.1585,0.191,A
119,hotel1/rate,1773.81,42.39,1119.14,0.0,0,3491,645.5517,20.4621,341.1585,1.77,A
119,hotel1/profile,3442.06,41.31,1119.06,0.0,0,72347,13378.3234,39.6968,341.1585,3.3,A
119,hotel1/mongodb-user,8.95,73.89,400.43,0.0,0,318,581.9844,2.5575,341.1585,0.0,A
119,hotel1/recommendation,660.09,22.67,1119.06,0.0,0,3131,581.9844,7.6162,341.1585,0.701,A
119,hotel1/mongodb-recommendation,8.8,71.47,400.43,0.0,0,378,581.9844,2.5575,341.1585,0.0127,A
119,hotel1/mongodb-rate,9.29,73.27,400.43,0.0,0,362,581.9844,2.5575,341.1585,0.0127,A
119,hotel1/mongodb-profile,10.32,74.19,400.43,0.0,0,282,581.9844,2.5575,341.1585,0.0255,A
119,hotel1/mongodb-reservation,54.17,144.71,400.43,0.2852,90,991,581.9844,2.5575,341.1585,0.0637,A
120,hotel1/user,53.85,21.32,1119.06,0.0,0,1483,581.9844,2.5575,324.3347,0.0604,A
120,hotel1/search,2518.25,37.54,1119.06,0.0,0,4164,622.6614,32.4987,324.3347,3.02,A
120,hotel1/reservation,4124.65,77.82,1119.06,0.0,0,653532,97725.5358,53.2337,324.3347,4.7,A
120,es-stress-d2/elasticsearch-dynamic-0,10.16,311738.16,1414.09,0.0,0,912,581.9844,76.0872,324.3347,0.0242,A
120,es-stress-d3/elasticsearch-dynamic-0,8.39,311731.71,1414.09,0.0039,1,1120,581.9844,76.0628,324.3347,0.0121,A
120,es-stress-d4/elasticsearch-dynamic-0,14.58,311735.06,1414.09,0.0039,1,1070,581.9844,76.1435,324.3347,0.0242,A
120,hotel1/consul,25.01,31.65,212.87,0.0,0,3251,581.9844,2.5575,324.3347,0.0242,A
120,hotel1/frontend,9305.66,115.91,1119.14,0.0,0,736088,110070.5003,120.0864,324.3347,11.1,A
120,hotel1/geo,1057.58,27.23,1119.06,0.0,0,2949,581.9844,13.6511,324.3347,1.32,A
120,hotel1/jaeger,0.36,14.89,81.01,0.0,0,0,581.9844,2.5575,2.7184,0.0,A
120,hotel1/memcached-profile,223.3,8.32,79.27,0.0,0,3328,581.9844,2.883,324.3347,0.254,A
120,hotel1/memcached-rate,198.79,7.59,79.27,0.0,0,3172,581.9844,2.5666,324.3347,0.242,A
120,es-stress-d/elasticsearch-dynamic-0,10.28,311743.66,1414.09,0.0,0,766,581.9844,76.0901,324.3347,0.0242,A
120,hotel1/mongodb-geo,11.44,71.63,400.43,0.0352,1,356,581.9844,2.5575,324.3347,0.0,A
120,hotel1/mongodb-profile,11.21,74.2,400.43,0.0352,1,312,581.9844,2.5575,324.3347,0.0121,A
120,hotel1/mongodb-rate,9.39,73.27,400.43,0.0352,1,185,581.9844,2.5575,324.3347,0.0121,A
120,hotel1/mongodb-recommendation,10.51,71.47,400.43,0.0352,1,277,581.9844,2.5575,324.3347,0.0242,A
120,hotel1/mongodb-reservation,48.29,144.71,400.43,0.2969,83,909,581.9844,2.5575,324.3347,0.0604,A
120,hotel1/mongodb-user,9.9,74.05,400.43,0.0352,1,518,581.9844,2.5575,324.3347,0.0,A
120,hotel1/profile,3221.86,43.21,1119.06,0.0,0,71783,10734.0301,41.5778,324.3347,3.7,A
120,hotel1/rate,1800.07,38.86,1119.14,0.0,0,3582,581.9844,23.2333,324.3347,2.04,A
120,hotel1/recommendation,622.37,25.07,1119.06,0.0,0,2881,581.9844,8.0357,324.3347,0.652,A
120,hotel1/memcached-reserve,271.59,7.54,79.27,0.0,0,1783,581.9844,3.5058,324.3347,0.29,A
121,hotel1/user,12.91,21.32,1119.06,0.0,0,1342,581.9844,2.5575,81.0578,0.0467,A
121,es-stress-d/elasticsearch-dynamic-0,7.29,311743.66,1414.09,0.0039,1,1767,581.9844,198.7271,81.0578,0.0,A
121,es-stress-d2/elasticsearch-dynamic-0,7.13,311738.16,1414.09,0.0039,1,1488,581.9844,198.7,81.0578,0.0234,A
121,es-stress-d3/elasticsearch-dynamic-0,8.16,311731.94,1414.09,0.0,0,1951,581.9844,198.8482,81.0578,0.0117,A
121,es-stress-d4/elasticsearch-dynamic-0,7.35,311735.06,1414.09,0.0,0,2123,581.9844,198.7305,81.0578,0.0117,A
121,hotel1/consul,30.64,32.39,212.87,0.0,0,12486,2121.2365,4.5459,81.0578,0.0234,A
121,hotel1/frontend,2090.67,105.95,1119.14,0.0,0,137869,23422.4538,308.8466,81.0578,10.1,A
121,hotel1/geo,243.18,25.64,1119.06,0.0,0,1438,581.9844,35.9325,81.0578,1.19,A
121,hotel1/jaeger,0.35,14.89,81.01,0.0,0,0,581.9844,2.5575,2.7184,0.0,A
121,hotel1/memcached-profile,51.61,7.76,79.27,0.0,0,2790,581.9844,7.6274,81.0578,0.269,A
121,hotel1/memcached-rate,47.54,7.52,79.27,0.0,0,2169,581.9844,7.0261,81.0578,0.222,A
121,hotel1/memcached-reserve,68.03,7.18,79.27,0.0,0,864,581.9844,10.0522,81.0578,0.327,A
121,hotel1/search,558.18,28.63,1119.06,0.0,0,1611,581.9844,82.458,81.0578,2.86,A
121,hotel1/mongodb-profile,11.4,74.25,400.43,0.0,0,500,581.9844,2.5575,81.0578,0.0117,A
121,hotel1/mongodb-rate,10.54,73.71,400.43,0.0,0,328,581.9844,2.5575,81.0578,0.0,A
121,hotel1/mongodb-recommendation,11.15,71.6,400.43,0.0,0,547,581.9844,2.5575,81.0578,0.0,A
121,hotel1/mongodb-reservation,23.07,144.95,400.43,0.0586,16,678,581.9844,3.4992,81.0578,0.0467,A
121,hotel1/mongodb-user,11.98,74.39,400.43,0.0,0,580,581.9844,2.5575,81.0578,0.0234,A
121,hotel1/profile,629.26,41.26,1119.06,0.0,0,2274,581.9844,92.9641,81.0578,3.27,A
121,hotel1/rate,442.75,35.52,1119.14,0.0,0,1659,581.9844,65.414,81.0578,1.93,A
121,hotel1/recommendation,130.45,22.54,1119.06,0.0,0,1515,581.9844,19.281,81.0578,0.795,A
121,hotel1/reservation,942.44,74.86,1119.06,0.0,0,164017,27864.7166,139.2402,81.0578,5.13,A
121,hotel1/mongodb-geo,10.8,71.98,400.43,0.0,0,503,581.9844,2.5575,81.0578,0.0,A
122,hotel1/search,0.59,28.48,1119.06,0.0,0,0,581.9844,2.5575,2.7184,2.55,A
122,hotel1/mongodb-reservation,13.6,145.29,400.43,0.0508,1,732,581.9844,3.6351,8.3656,0.0649,A
122,hotel1/reservation,1.67,74.28,1119.06,0.0,0,840,581.9844,2.5575,8.3656,4.38,A
122,es-stress-d/elasticsearch-dynamic-0,11.43,311743.91,1414.09,0.0,0,1706,924.5967,14.0674,8.3656,0.0108,A
122,es-stress-d2/elasticsearch-dynamic-0,10.93,311738.17,1414.09,0.0117,4,1624,880.1553,13.9337,8.3656,0.0,A
122,es-stress-d3/elasticsearch-dynamic-0,10.17,311731.94,1414.09,0.0312,11,1913,1036.784,13.7306,8.3656,0.0108,A
122,es-stress-d4/elasticsearch-dynamic-0,9.9,311735.07,1414.09,0.0039,1,2078,1126.2086,13.6587,8.3656,0.0108,A
122,hotel1/consul,30.41,31.89,212.87,0.0,0,12225,6625.5535,8.1178,8.3656,0.0216,A
122,hotel1/user,1.6,21.32,1119.06,0.0,0,705,581.9844,2.5575,2.7184,0.0541,A
122,hotel1/geo,1.57,25.41,1119.06,0.0,0,702,581.9844,2.5575,2.7184,1.13,A
122,hotel1/jaeger,0.33,14.89,81.01,0.0,0,0,581.9844,2.5575,2.7184,0.0,A
122,hotel1/memcached-profile,0.51,7.75,79.27,0.0,0,0,581.9844,2.5575,2.7184,0.238,A
122,hotel1/memcached-rate,0.52,7.52,79.27,0.0,0,0,581.9844,2.5575,2.7184,0.195,A
122,hotel1/frontend,0.53,104.39,1119.14,0.0,0,0,581.9844,2.5575,8.3656,10.1,A
122,hotel1/mongodb-geo,13.25,71.57,400.43,0.0352,1,648,581.9844,3.5391,8.3656,0.0,A
122,hotel1/mongodb-profile,13.18,74.54,400.43,0.0352,1,818,581.9844,3.5205,8.3656,0.0108,A
122,hotel1/mongodb-rate,12.9,73.7,400.43,0.0352,1,593,581.9844,3.4457,8.3656,0.0108,A
122,hotel1/mongodb-recommendation,13.44,71.91,400.43,0.0352,1,599,581.9844,3.5898,8.3656,0.0108,A
122,hotel1/mongodb-user,13.36,74.12,400.43,0.0352,1,802,581.9844,3.5685,8.3656,0.0108,A
122,hotel1/profile,1.37,40.62,1119.06,0.0,0,762,581.9844,2.5575,2.7184,3.19,A
122,hotel1/rate,1.74,35.31,1119.14,0.0,0,674,581.9844,2.5575,2.7184,1.8,A
122,hotel1/recommendation,1.81,22.5,1119.06,0.0,0,821,581.9844,2.5575,2.7184,0.671,A
122,hotel1/memcached-reserve,0.41,7.17,79.27,0.0,0,0,581.9844,2.5575,2.7184,0.27,A
123,hotel1/user,1.44,21.32,1119.06,0.0,0,680,581.9844,2.5575,2.7184,0.0749,A
123,hotel1/mongodb-geo,11.07,71.73,400.43,0.0,0,530,581.9844,4.0318,6.0759,0.0125,A
123,hotel1/reservation,1.35,74.27,1119.06,0.0,0,515,581.9844,2.5575,6.0759,5.01,A
123,es-stress-d/elasticsearch-dynamic-0,7.29,311743.91,1414.09,0.0312,7,2389,1002.0597,15.3684,6.0759,0.0125,A
123,es-stress-d2/elasticsearch-dynamic-0,7.26,311738.16,1414.09,0.0156,5,2281,956.7594,15.3573,6.0759,0.0125,A
123,es-stress-d3/elasticsearch-dynamic-0,8.13,311731.91,1414.09,0.0,0,2123,890.4867,15.6737,6.0759,0.0,A
123,es-stress-d4/elasticsearch-dynamic-0,7.45,311735.07,1414.09,0.0234,8,2199,922.3647,15.4263,6.0759,0.0,A
123,hotel1/consul,30.89,32.15,212.87,0.0,0,12513,5248.5446,11.2436,6.0759,0.0375,A
123,hotel1/frontend,0.92,103.89,1119.14,0.0,0,424,581.9844,2.5575,6.0759,11.5,A
123,hotel1/geo,1.47,25.18,1119.06,0.0,0,563,581.9844,2.5575,2.7184,1.19,A
123,hotel1/jaeger,0.37,14.89,81.01,0.0,0,0,581.9844,2.5575,2.7184,0.0,A
123,hotel1/memcached-profile,0.46,7.75,79.27,0.0,0,0,581.9844,2.5575,2.7184,0.262,A
123,hotel1/search,0.49,28.48,1119.06,0.0,0,0,581.9844,2.5575,2.7184,2.91,A
123,hotel1/memcached-reserve,0.37,7.17,79.27,0.0,0,0,581.9844,2.5575,2.7184,0.325,A
123,hotel1/mongodb-profile,11.33,74.32,400.43,0.0,0,563,581.9844,4.1266,6.0759,0.0125,A
123,hotel1/mongodb-rate,11.19,73.64,400.43,0.0,0,664,581.9844,4.0756,6.0759,0.025,A
123,hotel1/mongodb-recommendation,10.97,71.66,400.43,0.0,0,661,581.9844,3.9954,6.0759,0.0125,A
123,hotel1/mongodb-reservation,11.22,145.34,400.43,0.0,0,611,581.9844,4.0894,6.0759,0.05,A
123,hotel1/mongodb-user,11.45,73.96,400.43,0.0,0,583,581.9844,4.1702,6.0759,0.0,A
123,hotel1/profile,1.83,40.61,1119.06,0.0,0,750,581.9844,2.5575,2.7184,4.05,A
123,hotel1/rate,1.37,35.31,1119.14,0.0,0,509,581.9844,2.5575,2.7184,2.06,A
123,hotel1/recommendation,1.08,22.5,1119.06,0.0,0,364,581.9844,2.5575,2.7184,0.812,A
123,hotel1/memcached-rate,0.45,7.52,79.27,0.0,0,0,581.9844,2.5575,2.7184,0.225,A
124,hotel1/user,1.84,22.31,1119.06,0.0,0,347,581.9844,2.5575,2.7184,0.0632,A
124,es-stress-d/elasticsearch-dynamic-0,10.51,311743.91,1414.09,0.0,0,1835,581.9844,16.3631,6.4174,0.0211,A
124,hotel1/search,0.54,28.46,1119.06,0.0,0,0,581.9844,2.5575,2.7184,2.84,A
124,es-stress-d2/elasticsearch-dynamic-0,10.57,311738.41,1414.09,0.0,0,2128,581.9844,16.3811,6.4174,0.0316,A
124,es-stress-d3/elasticsearch-dynamic-0,16.11,311732.16,1414.09,0.0039,1,1605,581.9844,18.0672,6.4174,0.0105,A
124,es-stress-d4/elasticsearch-dynamic-0,9.77,311735.14,1414.09,0.0039,1,2035,581.9844,16.1375,6.4174,0.0421,A
124,hotel1/consul,29.73,31.89,212.87,0.0,0,11258,2553.6407,9.051,6.4174,0.0211,A
124,hotel1/frontend,0.48,103.89,1119.14,0.0,0,0,581.9844,2.5575,6.4174,10.1,A
124,hotel1/jaeger,0.34,14.89,81.01,0.0,0,0,581.9844,2.5575,2.7184,0.0,A
124,hotel1/memcached-profile,0.44,7.75,79.27,0.0,0,0,581.9844,2.5575,2.7184,0.232,A
124,hotel1/memcached-rate,0.47,7.52,79.27,0.0,0,0,581.9844,2.5575,2.7184,0.211,A
124,hotel1/memcached-reserve,0.37,7.17,79.27,0.0,0,0,581.9844,2.5575,2.7184,0.305,A
124,hotel1/geo,1.91,25.67,1119.06,0.0,0,656,581.9844,2.5575,2.7184,1.15,A
124,hotel1/mongodb-profile,13.8,74.35,400.43,0.0352,1,638,581.9844,4.2038,6.4174,0.0105,A
124,hotel1/mongodb-geo,13.19,71.7,400.43,0.0352,1,658,581.9844,4.018,6.4174,0.0,A
124,hotel1/recommendation,2.25,22.5,1119.06,0.0,0,856,581.9844,2.5575,2.7184,0.621,A
124,hotel1/rate,2.04,35.31,1119.14,0.0,0,836,581.9844,2.5575,2.7184,2.1,A
124,hotel1/profile,1.87,40.87,1119.06,0.0,0,606,581.9844,2.5575,2.7184,3.67,A
124,hotel1/reservation,2.26,74.28,1119.06,0.0,0,907,581.9844,2.5575,6.4174,4.79,A
124,hotel1/mongodb-reservation,13.83,145.22,400.43,0.0508,1,747,581.9844,4.2159,6.4174,0.0526,A
124,hotel1/mongodb-recommendation,13.65,71.97,400.43,0.0352,1,754,581.9844,4.158,6.4174,0.0211,A
124,hotel1/mongodb-rate,13.26,73.89,400.43,0.0352,1,567,581.9844,4.0394,6.4174,0.0105,A
124,hotel1/mongodb-user,13.88,74.3,400.43,0.0352,1,699,581.9844,4.2282,6.4174,0.0105,A
125,hotel1/user,1.58,21.32,1119.06,0.0,0,952,581.9844,2.5575,2.7184,0.0339,A
125,hotel1/mongodb-geo,10.53,71.6,400.43,0.0,0,569,581.9844,4.1392,6.9869,0.0339,A
125,hotel1/reservation,1.25,74.27,1119.06,0.0,0,605,581.9844,2.5575,6.9869,3.09,A
125,hotel1/search,0.88,28.97,1119.06,0.0,0,0,581.9844,2.5575,2.7184,1.42,A
125,es-stress-d/elasticsearch-dynamic-0,7.47,311743.66,1414.09,0.0039,1,2297,1274.5755,16.6696,6.9869,0.0339,A
125,es-stress-d2/elasticsearch-dynamic-0,7.44,311738.16,1414.09,0.0039,1,2189,1214.6477,16.6576,6.9869,0.0,A
125,es-stress-d3/elasticsearch-dynamic-0,8.45,311732.16,1414.09,0.0,0,2112,1171.9214,17.054,6.9869,0.0,A
125,es-stress-d4/elasticsearch-dynamic-0,7.46,311735.13,1414.09,0.0,0,2520,1398.3153,16.6653,6.9869,0.0339,A
125,hotel1/consul,31.61,31.9,212.87,0.0,0,14518,8055.8498,12.4173,6.9869,0.136,A
125,hotel1/geo,1.59,25.41,1119.06,0.0,0,640,581.9844,2.5575,2.7184,0.577,A
125,hotel1/jaeger,0.36,15.14,81.01,0.0,0,0,581.9844,2.5575,2.7184,0.0,A
125,hotel1/memcached-profile,0.47,7.75,79.27,0.0,0,0,581.9844,2.5575,2.7184,0.17,A
125,hotel1/frontend,1.07,104.18,1119.14,0.0,0,0,581.9844,2.5575,6.9869,10.4,A
125,hotel1/memcached-reserve,0.39,7.17,79.27,0.0,0,0,581.9844,2.5575,2.7184,0.203,A
125,hotel1/mongodb-profile,11.4,74.38,400.43,0.0,0,561,581.9844,4.481,6.9869,0.0339,A
125,hotel1/mongodb-rate,10.41,73.71,400.43,0.0,0,564,581.9844,4.0921,6.9869,0.0339,A
125,hotel1/recommendation,1.1,22.5,1119.06,0.0,0,596,581.9844,2.5575,2.7184,0.441,A
125,hotel1/mongodb-recommendation,11.17,71.91,400.43,0.0,0,608,581.9844,4.3906,6.9869,0.0339,A
125,hotel1/mongodb-reservation,10.78,145.09,400.43,0.0,0,451,581.9844,4.2406,6.9869,0.0678,A
125,hotel1/mongodb-user,11.02,74.4,400.43,0.0,0,649,581.9844,4.3318,6.9869,0.0339,A
125,hotel1/profile,1.79,40.61,1119.06,0.0,0,959,581.9844,2.5575,2.7184,1.97,A
125,hotel1/rate,1.32,35.06,1119.14,0.0,0,509,581.9844,2.5575,2.7184,0.984,A
125,hotel1/memcached-rate,0.44,7.52,79.27,0.0,0,0,581.9844,2.5575,2.7184,0.136,A
126,hotel1/user,1.5,21.32,1119.06,0.0,0,921,1107.1924,2.5575,2.7184,0.0,A
126,hotel1/search,0.53,28.47,1119.06,0.0,0,0,581.9844,2.5575,2.7184,0.0,A
126,hotel1/mongodb-geo,13.19,71.7,400.43,0.0352,1,676,812.6624,4.033,7.2163,0.0,A
126,hotel1/recommendation,1.69,22.51,1119.06,0.0,0,885,1063.9145,2.5575,2.7184,0.0,A
126,es-stress-d/elasticsearch-dynamic-0,12.16,311743.66,1414.09,0.0039,2,1357,1631.3356,16.7522,7.2163,0.0,A
126,es-stress-d2/elasticsearch-dynamic-0,11.76,311738.16,1414.09,0.0078,4,1702,2046.0819,16.6298,7.2163,0.0188,A
126,es-stress-d3/elasticsearch-dynamic-0,13.34,311731.66,1414.09,0.0078,3,1656,1990.7824,17.1122,7.2163,0.0,A
126,es-stress-d4/elasticsearch-dynamic-0,10.94,311735.38,1414.09,0.0078,3,1999,2403.1244,16.3791,7.2163,0.0188,A
126,hotel1/consul,30.9,31.65,212.87,0.0,0,11805,14191.5376,9.4424,7.2163,0.0564,A
126,hotel1/frontend,0.54,103.69,1119.14,0.0,0,0,581.9844,2.5575,7.2163,0.0,A
126,hotel1/geo,1.22,25.43,1119.06,0.0,0,525,631.1357,2.5575,2.7184,0.0188,A
126,hotel1/jaeger,0.35,14.89,81.01,0.0,0,0,581.9844,2.5575,2.7184,0.0,A
126,hotel1/memcached-profile,0.48,7.75,79.27,0.0,0,0,581.9844,2.5575,2.7184,0.0,A
126,hotel1/memcached-rate,0.49,7.52,79.27,0.0,0,0,581.9844,2.5575,2.7184,0.0,A
126,hotel1/memcached-reserve,0.37,7.17,79.27,0.0,0,0,581.9844,2.5575,2.7184,0.0,A
126,hotel1/mongodb-profile,13.19,74.59,400.43,0.0352,1,670,805.4494,4.0331,7.2163,0.0188,A
126,hotel1/mongodb-rate,13.28,73.76,400.43,0.082,9,716,860.7489,4.0606,7.2163,0.0376,A
126,hotel1/mongodb-recommendation,14.36,72.4,400.43,0.082,9,799,960.5285,4.3905,7.2163,0.0376,A
126,hotel1/mongodb-reservation,13.41,145.29,400.43,0.0508,1,707,849.9294,4.1033,7.2163,0.0376,A
126,hotel1/mongodb-user,12.49,74.3,400.43,0.0352,1,659,792.2256,3.8192,7.2163,0.0376,A
126,hotel1/profile,1.41,40.61,1119.06,0.0,0,632,759.7672,2.5575,2.7184,0.0,A
126,hotel1/rate,1.38,35.06,1119.14,0.0,0,580,697.2547,2.5575,2.7184,0.0,A
126,hotel1/reservation,1.82,74.27,1119.06,0.0,0,1019,1225.0044,2.5575,7.2163,0.0188,A
