window_index,pod_name,cpu_usage_mcores,ram_usage_mi,disk_space_mb,disk_usage_mb,disk_ios,cpu_psi_some_us,sched_total_ms,dstate_total_ms,softirq_total_ms,pod_cpu_watts,tier
1,es-stress-d/elasticsearch-dynamic-0,8.05,1564.04,1414.09,0.0234,10,1724,4150.5764,2.9527,11.1092,0.0057,B
1,sa4/customer-feedback,123.38,3062.2,6630.77,3.9492,38,634,1526.3721,13.8661,11.1092,0.0731,B
1,sa3/customer-feedback,117.69,3491.79,7004.1,0.0,0,462,1112.2774,14.0835,11.1092,0.0674,B
1,sa2/customer-feedback,122.9,3915.51,7365.67,0.0,0,456,1097.8323,15.111,11.1092,0.066,B
1,sa1/customer-feedback,126.15,9513.1,12752.78,3.6953,38,582,1401.1807,23.7584,11.1092,0.076,B
1,es-stress-d3/elasticsearch-dynamic-0,8.39,1555.01,1414.09,0.0156,6,1790,4309.4732,2.9647,11.1092,0.0158,B
1,es-stress-d4/elasticsearch-dynamic-0,8.94,1568.38,1414.08,0.0,0,2432,5855.1055,3.0261,11.1092,0.0057,B
1,es-stress-d2/elasticsearch-dynamic-0,8.24,1539.64,1414.08,0.0,0,1424,3428.3184,2.9304,11.1092,0.0043,B
2,sa1/customer-feedback,5823.91,9528.46,12752.78,0.0,0,426,1529.2673,16.6272,11.3239,0.0836,B
2,sa2/customer-feedback,117.86,3916.7,7365.67,0.0,0,527,1891.84,1.9351,11.3239,0.0786,B
2,sa3/customer-feedback,124.93,3492.74,7004.1,0.0,0,452,1622.6028,1.7683,11.3239,0.0853,B
2,sa4/customer-feedback,123.38,3063.45,6630.77,0.0,0,553,1985.1756,1.5807,11.3239,0.0836,B
2,es-stress-d2/elasticsearch-dynamic-0,1017.86,7735.35,1414.08,0.0234,6,471,1690.8096,5.5117,11.3239,0.0117,B
2,es-stress-d3/elasticsearch-dynamic-0,1019.72,8039.68,1414.09,0.0234,6,901,3234.4362,5.6463,11.3239,0.0134,B
2,es-stress-d4/elasticsearch-dynamic-0,1017.91,7871.36,1414.08,0.0,0,375,1346.186,5.5702,11.3239,0.01,B
2,es-stress-d/elasticsearch-dynamic-0,1018.77,7823.73,1414.09,0.0,0,418,1500.5486,5.5516,11.3239,0.0084,B
3,sa3/customer-feedback,5445.2,3504.75,7004.1,0.0,0,335,497.837,6.3367,12.4645,0.0487,B
3,sa2/customer-feedback,11081.05,3923.12,7365.67,3.8984,38,271,402.7279,11.4659,12.4645,0.0497,B
3,sa1/customer-feedback,16729.62,9525.59,12752.78,0.0,0,2370,3522.0113,18.9154,12.4645,0.0558,B
3,sa4/customer-feedback,112.1,3062.71,6630.77,0.0,0,569,845.5799,1.4625,12.4645,0.0507,B
3,es-stress-d/elasticsearch-dynamic-0,1012.4,13294.33,1414.09,0.0,0,404,600.3766,6.8094,12.4645,0.0832,B
3,es-stress-d2/elasticsearch-dynamic-0,1011.95,13265.54,1414.08,0.0,0,211,313.563,6.7962,12.4645,0.0832,B
3,es-stress-d3/elasticsearch-dynamic-0,1011.48,13709.07,1414.09,0.0234,10,888,1319.6397,6.9933,12.4645,0.0852,B
3,es-stress-d4/elasticsearch-dynamic-0,1012.42,13389.02,1414.08,0.0,0,390,579.5715,6.8516,12.4645,0.0852,B
4,sa1/customer-feedback,61041.35,9524.4,12752.78,0.0,0,453603,124733.5565,22.5033,8.1621,3.69,B
4,sa2/customer-feedback,46857.74,3921.62,7365.67,0.0,0,570573,156898.4321,15.6279,8.1621,0.0415,B
4,sa3/customer-feedback,7423.12,3499.13,7004.1,0.0,0,322244,88611.9364,3.8737,8.1621,0.0492,B
4,sa4/customer-feedback,45315.26,3065.45,6630.77,0.0,0,542027,149048.7395,14.7602,8.1621,0.0472,B
4,es-stress-d/elasticsearch-dynamic-0,1008.27,18980.8,1414.09,0.0,0,1957,538.1436,9.5152,8.1621,0.4,B
4,es-stress-d2/elasticsearch-dynamic-0,1010.91,20143.54,1414.08,0.0039,2,817,224.6619,10.0807,8.1621,0.398,B
4,es-stress-d3/elasticsearch-dynamic-0,1010.25,20688.25,1414.09,0.0234,10,834,229.3366,10.3451,8.1621,0.401,B
4,es-stress-d4/elasticsearch-dynamic-0,1010.35,19463.02,1414.08,0.0273,8,290,79.7454,9.75,8.1621,0.398,B
5,sa1/customer-feedback,29211.77,9529.25,12752.78,0.0,0,113515,37480.1743,7.6775,10.4918,20.2,B
5,sa2/customer-feedback,33373.67,3921.32,7365.67,0.0,0,94011,31040.3794,7.5234,10.4918,16.7,B
5,sa3/customer-feedback,17783.76,3500.05,7004.1,0.0,0,187866,62029.2509,4.2617,10.4918,11.7,B
5,sa4/customer-feedback,22656.04,3072.18,6630.77,0.0,0,140201,46291.3088,5.1808,10.4918,0.153,B
5,es-stress-d2/elasticsearch-dynamic-0,1006.95,25766.82,1414.08,0.0,0,1821,601.2544,4.8221,10.4918,1.37,B
5,es-stress-d3/elasticsearch-dynamic-0,1007.16,26619.21,1414.09,0.0273,12,3408,1125.2472,4.9749,10.4918,1.37,B
5,es-stress-d4/elasticsearch-dynamic-0,1007.79,25245.77,1414.08,0.0,0,177,58.4415,4.729,10.4918,1.37,B
5,es-stress-d/elasticsearch-dynamic-0,1007.07,24469.38,1414.09,0.0,0,783,258.5295,4.5897,10.4918,1.37,B
6,sa1/customer-feedback,28854.5,9524.18,12752.78,0.0,0,528084,85066.7139,7.1798,12.3384,48.4,B
6,sa2/customer-feedback,27842.95,3925.04,7365.67,0.0,0,540652,87091.2374,6.0755,12.3384,40.2,B
6,sa3/customer-feedback,39202.82,3501.7,7004.1,3.8984,38,373317,60135.983,8.2265,12.3384,1.86,B
6,sa4/customer-feedback,20915.08,3072.77,6630.77,0.0,0,329999,53158.0781,4.584,12.3384,32.3,B
6,es-stress-d/elasticsearch-dynamic-0,1013.84,30355.07,1414.09,0.0,0,246,39.6271,5.1134,12.3384,0.552,B
6,es-stress-d2/elasticsearch-dynamic-0,1009.76,31694.86,1414.08,0.0,0,634,102.1283,5.3295,12.3384,0.552,B
6,es-stress-d3/elasticsearch-dynamic-0,1009.97,32568.62,1414.09,0.0273,8,1959,315.5666,5.471,12.3384,0.552,B
6,es-stress-d4/elasticsearch-dynamic-0,1010.27,31186.87,1414.08,0.0,0,205,33.0225,5.2473,12.3384,0.552,B
7,sa1/customer-feedback,23472.46,9523.65,12752.78,3.9609,38,350572,50923.2257,8.0492,15.3099,28.3,B
7,sa2/customer-feedback,26956.37,3926.41,7365.67,0.0,0,366981,53306.7567,8.0947,15.3099,28.5,B
7,sa3/customer-feedback,22870.48,3502.09,7004.1,0.0,0,334401,48574.2661,6.8957,15.3099,43.8,B
7,sa4/customer-feedback,23691.9,3073.66,6630.77,0.0,0,338991,49240.9982,7.0526,15.3099,32.5,B
7,es-stress-d/elasticsearch-dynamic-0,1005.49,36808.57,1414.09,0.0234,6,676,98.1941,6.3114,15.3099,2.09,B
7,es-stress-d2/elasticsearch-dynamic-0,1005.48,37503.49,1414.08,0.0,0,432,62.7513,6.4253,15.3099,2.09,B
7,es-stress-d3/elasticsearch-dynamic-0,1005.36,38383.68,1414.09,0.0156,6,815,118.3849,6.5695,15.3099,2.09,B
7,es-stress-d4/elasticsearch-dynamic-0,1006.26,37620.37,1414.08,0.0,0,148,21.4981,6.4447,15.3099,2.09,B
8,sa1/customer-feedback,17036.31,9527.23,12752.78,0.0,0,2440,2199.8356,8.3016,20.3179,24.8,B
8,sa2/customer-feedback,17110.4,3927.96,7365.67,0.0,0,5475,4936.1064,7.5005,20.3179,22.9,B
8,sa3/customer-feedback,13286.17,3503.76,7004.1,0.0,0,2076,1871.6634,5.8915,20.3179,32.8,B
8,sa4/customer-feedback,19029.3,3079.72,6630.77,3.8242,36,4768,4298.6951,8.1504,20.3179,17.9,B
8,es-stress-d/elasticsearch-dynamic-0,1012.05,42492.73,1414.09,0.0039,2,758,683.3915,6.7159,20.3179,0.599,B
8,es-stress-d2/elasticsearch-dynamic-0,1011.95,42594.33,1414.08,0.0273,6,636,573.3998,6.7309,20.3179,0.596,B
8,es-stress-d3/elasticsearch-dynamic-0,1012.08,43577.35,1414.09,0.0312,8,613,552.6636,6.8769,20.3179,0.597,B
8,es-stress-d4/elasticsearch-dynamic-0,1011.78,43364.83,1414.08,0.0,0,218,196.5427,6.8452,20.3179,0.6,B
9,sa2/customer-feedback,14397.86,3932.73,7365.67,3.8086,38,1734,1764.5439,8.8334,13.7391,40.3,B
9,sa1/customer-feedback,16485.66,9525.63,12752.78,0.0,0,478,486.4198,11.0071,13.7391,38.3,B
9,sa3/customer-feedback,16039.73,3506.25,7004.1,0.0,0,2734,2782.1586,9.6852,13.7391,35.2,B
9,sa4/customer-feedback,16298.52,3076.59,6630.77,0.0,0,5888,5991.7154,9.755,13.7391,36.4,B
9,es-stress-d4/elasticsearch-dynamic-0,1005.63,49141.57,1414.08,0.0,0,636,647.203,9.3033,13.7391,2.68,B
9,es-stress-d3/elasticsearch-dynamic-0,1005.82,48747.82,1414.09,0.0117,6,211,214.7167,9.2334,13.7391,2.69,B
9,es-stress-d2/elasticsearch-dynamic-0,1005.79,47592.96,1414.08,0.0,0,863,878.2015,9.0281,13.7391,2.69,B
9,es-stress-d/elasticsearch-dynamic-0,1004.83,48199.98,1414.09,0.0,0,802,816.127,9.1355,13.7391,2.68,B
10,sa1/customer-feedback,12738.96,9527.13,12752.78,0.0,0,410,242.1594,12.4532,13.6429,18.7,B
10,sa2/customer-feedback,18003.31,3931.11,7365.67,0.0,0,9746,5756.3058,15.4662,13.6429,19.6,B
10,sa3/customer-feedback,14436.35,3505.6,7004.1,0.0,0,18735,11065.5026,12.481,13.6429,14.0,B
10,sa4/customer-feedback,15882.53,3084.82,6630.77,0.0,0,620,366.1922,13.5585,13.6429,19.9,B
10,es-stress-d2/elasticsearch-dynamic-0,1019.45,52839.9,1414.08,0.0117,5,134,79.1448,12.6504,13.6429,1.11,B
10,es-stress-d3/elasticsearch-dynamic-0,1017.34,53985.48,1414.09,0.0039,1,404,238.6156,12.905,13.6429,1.11,B
10,es-stress-d4/elasticsearch-dynamic-0,1021.32,54943.81,1414.08,0.0312,7,642,379.1862,13.1227,13.6429,1.11,B
10,es-stress-d/elasticsearch-dynamic-0,1021.08,54030.27,1414.09,0.0039,1,720,425.2555,12.918,13.6429,1.11,B
11,sa1/customer-feedback,15833.96,9526.02,12752.78,0.0,0,3670,3377.9615,9.3612,14.1872,17.3,B
11,sa2/customer-feedback,11804.74,3928.76,7365.67,0.0,0,297,273.3664,6.5908,14.1872,15.4,B
11,sa3/customer-feedback,15020.8,3504.67,7004.1,0.0,0,476,438.1225,8.2035,14.1872,17.7,B
11,sa4/customer-feedback,14181.22,3080.36,6630.77,0.0,0,923,849.5527,7.7171,14.1872,22.5,B
11,es-stress-d2/elasticsearch-dynamic-0,1008.63,57995.99,1414.08,0.0,0,196,180.4034,7.6182,14.1872,1.11,B
11,es-stress-d3/elasticsearch-dynamic-0,1008.13,59230.08,1414.09,0.0,0,1219,1121.9987,7.769,14.1872,1.12,B
11,es-stress-d4/elasticsearch-dynamic-0,1009.35,60533.54,1414.08,0.0078,4,704,647.9795,7.9291,14.1872,1.1,B
11,es-stress-d/elasticsearch-dynamic-0,1007.74,59714.88,1414.09,0.0,0,1641,1510.4182,7.8281,14.1872,1.11,B
12,sa1/customer-feedback,14989.89,9529.16,12752.78,0.0,0,4199,4467.5263,7.3965,14.5711,16.7,B
12,sa2/customer-feedback,16631.72,3929.49,7365.67,0.0,0,5188,5519.7729,7.5389,14.5711,17.8,B
12,sa3/customer-feedback,15702.07,3506.25,7004.1,0.0,0,342,363.8709,7.097,14.5711,18.2,B
12,sa4/customer-feedback,13977.28,3082.38,6630.77,0.0,0,330,351.1035,6.3136,14.5711,16.8,B
12,es-stress-d/elasticsearch-dynamic-0,1007.49,65372.55,1414.09,0.0,0,623,662.8409,7.0033,14.5711,1.09,B
12,es-stress-d2/elasticsearch-dynamic-0,1008.71,63145.1,1414.08,0.0,0,147,156.4007,6.7799,14.5711,1.08,B
12,es-stress-d3/elasticsearch-dynamic-0,1007.57,64506.58,1414.09,0.0,0,1120,1191.6241,6.9163,14.5711,1.09,B
12,es-stress-d4/elasticsearch-dynamic-0,1009.44,66143.12,1414.08,0.0,0,526,559.6377,7.0816,14.5711,1.09,B
13,sa1/customer-feedback,12448.14,9526.45,12752.78,4.168,40,264,973.7543,6.9652,14.9084,13.0,B
13,sa2/customer-feedback,14118.15,3931.04,7365.67,0.0,0,390,1438.5006,7.2622,14.9084,13.6,B
13,sa3/customer-feedback,13846.35,3508.09,7004.1,3.9258,40,261,962.6889,7.0902,14.9084,15.6,B
13,sa4/customer-feedback,12774.28,3081.24,6630.77,0.0,0,1658,6115.472,6.5268,14.9084,15.2,B
13,es-stress-d/elasticsearch-dynamic-0,1013.05,71235.86,1414.09,0.0273,6,177,652.858,7.1014,14.9084,1.04,B
13,es-stress-d2/elasticsearch-dynamic-0,1012.76,68331.85,1414.08,0.0,0,146,538.5156,6.8319,14.9084,1.04,B
13,es-stress-d3/elasticsearch-dynamic-0,1012.54,69822.62,1414.09,0.0,0,886,3267.9784,6.9701,14.9084,1.04,B
13,es-stress-d4/elasticsearch-dynamic-0,1012.91,72098.66,1414.08,0.0,0,577,2128.2433,7.1813,14.9084,1.05,B
14,sa1/customer-feedback,17970.72,9529.38,12752.78,0.0,0,4891,8537.5495,11.0845,14.689,16.8,B
14,sa2/customer-feedback,13628.98,3930.75,7365.67,0.0,0,376,656.3318,8.0382,14.689,21.0,B
14,sa3/customer-feedback,13788.48,3505.9,7004.1,0.0,0,295,514.9411,8.0796,14.689,18.3,B
14,sa4/customer-feedback,15376.58,3083.89,6630.77,4.1406,40,369,644.1128,8.9179,14.689,18.4,B
14,es-stress-d/elasticsearch-dynamic-0,1003.95,76815.26,1414.09,0.0,0,146,254.8522,9.1424,14.689,1.26,B
14,es-stress-d2/elasticsearch-dynamic-0,1004.28,73551.23,1414.08,0.0234,6,386,673.7874,8.7779,14.689,1.26,B
14,es-stress-d3/elasticsearch-dynamic-0,1003.19,75091.95,1414.09,0.0,0,1106,1930.5929,8.9495,14.689,1.26,B
14,es-stress-d4/elasticsearch-dynamic-0,1005.28,77762.56,1414.08,0.0,0,812,1417.3973,9.249,14.689,1.26,B
15,sa1/customer-feedback,13944.19,9528.4,12752.78,0.0,0,422,688.4031,7.5645,14.2721,17.1,B
15,sa2/customer-feedback,13780.92,3930.59,7365.67,4.1523,40,365,595.4197,7.0029,14.2721,16.7,B
15,sa3/customer-feedback,15564.66,3508.21,7004.1,0.0,0,371,605.2074,7.829,14.2721,18.0,B
15,sa4/customer-feedback,14205.81,3085.31,6630.77,0.0,0,294,479.5983,7.1355,14.2721,15.2,B
15,es-stress-d/elasticsearch-dynamic-0,1007.89,82575.86,1414.09,0.0,0,294,479.5983,7.6077,14.2721,1.25,B
15,es-stress-d2/elasticsearch-dynamic-0,1007.78,78504.57,1414.08,0.0,0,560,913.5207,7.2566,14.2721,1.25,B
15,es-stress-d3/elasticsearch-dynamic-0,1008.68,80357.96,1414.09,0.0234,6,1623,2647.5786,7.4168,14.2721,1.25,B
15,es-stress-d4/elasticsearch-dynamic-0,1008.67,83562.56,1414.08,0.0,0,1453,2370.2598,7.6931,14.2721,1.25,B
16,sa1/customer-feedback,13598.72,9529.78,12752.78,0.0,0,3234,3997.0961,6.7891,16.3925,20.2,B
16,sa2/customer-feedback,17760.98,3932.14,7365.67,0.0,0,7428,9180.7142,8.1817,16.3925,17.1,B
16,sa3/customer-feedback,15193.57,3512.0,7004.1,0.0,0,4798,5930.1382,7.0109,16.3925,19.3,B
16,sa4/customer-feedback,16061.3,3082.16,6630.77,0.0,0,355,438.766,7.3606,16.3925,16.3,B
16,es-stress-d/elasticsearch-dynamic-0,1012.75,88241.24,1414.09,0.0039,2,1019,1259.4437,7.5515,16.3925,1.21,B
16,es-stress-d2/elasticsearch-dynamic-0,1012.51,83554.71,1414.08,0.0,0,1046,1292.8146,7.1741,16.3925,1.21,B
16,es-stress-d3/elasticsearch-dynamic-0,1013.22,85650.3,1414.09,0.0039,2,1189,1469.557,7.3431,16.3925,1.21,B
16,es-stress-d4/elasticsearch-dynamic-0,1013.03,89251.79,1414.08,0.0234,6,956,1181.5782,7.633,16.3925,1.21,B
17,sa2/customer-feedback,59390.26,3930.04,7365.67,0.0,0,318572,63287.3347,8.2497,8.7332,14.6,B
17,sa1/customer-feedback,39658.61,9525.56,12752.78,0.0,0,772799,153523.8155,5.9294,8.7332,15.7,B
17,sa3/customer-feedback,41853.07,3509.78,7004.1,0.0,0,620642,123296.3913,5.8588,8.7332,16.6,B
17,sa4/customer-feedback,32379.77,3082.16,6630.77,0.0,0,577076,114641.5942,4.555,8.7332,17.5,B
17,es-stress-d/elasticsearch-dynamic-0,1001.39,95687.49,1414.09,0.0,0,1145,227.4651,5.9657,8.7332,1.15,B
17,es-stress-d2/elasticsearch-dynamic-0,1000.62,88895.76,1414.08,0.0039,2,176,34.9641,5.5517,8.7332,1.15,B
17,es-stress-d3/elasticsearch-dynamic-0,1000.47,91096.58,1414.09,0.0,0,1475,293.0227,5.6858,8.7332,1.15,B
17,es-stress-d4/elasticsearch-dynamic-0,1001.97,96689.29,1414.08,0.0,0,571,113.4345,6.0268,8.7332,1.15,B
18,sa1/customer-feedback,50731.77,9527.98,12752.78,0.0,0,738566,163298.6607,6.1595,7.8155,15.7,B
18,sa2/customer-feedback,48013.92,3931.65,7365.67,0.0,0,613309,135604.0466,5.5532,7.8155,18.6,B
18,sa3/customer-feedback,47893.04,3508.25,7004.1,0.0,0,491576,108688.5971,5.5168,7.8155,19.0,B
18,sa4/customer-feedback,55846.31,3081.62,6630.77,0.0,0,768871,169999.1667,6.3781,7.8155,16.7,B
18,es-stress-d/elasticsearch-dynamic-0,1012.39,103617.12,1414.09,0.0,0,337,74.5115,5.7412,7.8155,1.05,B
18,es-stress-d3/elasticsearch-dynamic-0,1007.17,98390.77,1414.09,0.0,0,566,125.1439,5.4567,7.8155,1.05,B
18,es-stress-d4/elasticsearch-dynamic-0,1012.62,104610.31,1414.08,0.0039,2,547,120.943,5.7952,7.8155,1.05,B
18,es-stress-d2/elasticsearch-dynamic-0,1010.01,96150.08,1414.08,0.0,0,298,65.8885,5.3353,7.8155,1.04,B
19,sa1/customer-feedback,14072.83,9529.23,12752.78,4.0195,40,248,430.5666,20.3878,14.5782,40.0,B
19,sa2/customer-feedback,14991.41,3932.42,7365.67,0.0,0,411,713.56,20.5698,14.5782,60.3,B
19,sa3/customer-feedback,13982.3,3516.65,7004.1,4.1719,40,978,1697.9603,19.1573,14.5782,50.9,B
19,sa4/customer-feedback,14972.3,3081.67,6630.77,0.0,0,977,1696.2241,20.3873,14.5782,40.6,B
19,es-stress-d4/elasticsearch-dynamic-0,1011.69,110307.06,1414.08,0.0,0,595,1033.0126,21.7166,14.5782,0.859,B
19,es-stress-d3/elasticsearch-dynamic-0,1013.48,103728.48,1414.09,0.0,0,1049,1821.2273,20.5037,14.5782,0.857,B
19,es-stress-d2/elasticsearch-dynamic-0,1011.49,101304.92,1414.08,0.0,0,127,220.4918,20.0533,14.5782,0.859,B
19,es-stress-d/elasticsearch-dynamic-0,1010.5,109312.29,1414.09,0.0234,6,605,1050.3742,21.5312,14.5782,0.863,B
20,sa1/customer-feedback,48028.64,9530.12,12752.78,0.0,0,764139,114480.3341,6.388,9.2409,88.4,B
20,sa2/customer-feedback,48324.45,3932.95,7365.67,0.0,0,1055780,158172.8549,6.181,9.2409,121.0,B
20,sa3/customer-feedback,37949.96,3510.99,7004.1,0.0,0,848591,127132.6044,4.8724,9.2409,74.7,B
20,sa4/customer-feedback,26968.5,3078.45,6630.77,4.0781,40,693563,103906.9122,3.4879,9.2409,119.0,B
20,es-stress-d2/elasticsearch-dynamic-0,1009.55,107965.0,1414.08,0.0273,6,189,28.3152,4.828,9.2409,2.51,B
20,es-stress-d3/elasticsearch-dynamic-0,1006.83,110506.1,1414.09,0.0,0,784,117.4558,4.9384,9.2409,2.51,B
20,es-stress-d4/elasticsearch-dynamic-0,1006.1,117239.84,1414.08,0.0,0,567,84.9457,5.2316,9.2409,2.52,B
20,es-stress-d/elasticsearch-dynamic-0,1007.31,116207.34,1414.09,0.0,0,165,24.7197,5.1868,9.2409,2.51,B
21,sa1/customer-feedback,49007.54,9531.45,12752.78,0.0,0,807170,172964.9745,6.7233,7.8155,17.1,B
21,sa2/customer-feedback,61993.53,3932.79,7365.67,4.1172,40,736734,157871.5482,8.0315,7.8155,18.1,B
21,sa3/customer-feedback,60045.02,3512.41,7004.1,0.0,0,794878,170330.9749,7.7617,7.8155,17.7,B
21,sa4/customer-feedback,57252.65,3078.36,6630.77,0.0,0,829711,177795.1881,7.385,7.8155,17.8,B
21,es-stress-d2/elasticsearch-dynamic-0,1003.88,114701.73,1414.08,0.0,0,187,40.0714,6.8094,7.8155,1.29,B
21,es-stress-d3/elasticsearch-dynamic-0,1004.49,117320.76,1414.09,0.0234,8,521,111.6428,6.9621,7.8155,1.29,B
21,es-stress-d4/elasticsearch-dynamic-0,1004.06,125379.59,1414.08,0.0,0,267,57.2143,7.4316,7.8155,1.29,B
21,es-stress-d/elasticsearch-dynamic-0,1004.36,124363.89,1414.09,0.0,0,209,44.7857,7.3724,7.8155,1.3,B
22,sa1/customer-feedback,45439.53,9532.34,12752.78,0.0,0,939050,189838.8474,8.7665,7.8155,48.4,B
22,sa2/customer-feedback,52673.4,3935.1,7365.67,0.0,0,817538,165273.9169,9.6524,7.8155,40.7,B
22,sa3/customer-feedback,51557.54,3513.17,7004.1,0.0,0,515509,104215.5736,9.4236,7.8155,37.6,B
22,sa4/customer-feedback,60017.13,3081.4,6630.77,0.0,0,797029,161127.8065,10.8976,7.8155,29.8,B
22,es-stress-d2/elasticsearch-dynamic-0,1010.45,121125.29,1414.08,0.0,0,131,26.483,8.8581,7.8155,0.726,B
22,es-stress-d3/elasticsearch-dynamic-0,1009.99,123838.43,1414.09,0.0,0,301,60.8503,9.0524,7.8155,0.723,B
22,es-stress-d4/elasticsearch-dynamic-0,1011.85,133313.97,1414.08,0.0273,6,440,88.9506,9.7316,7.8155,0.723,B
22,es-stress-d/elasticsearch-dynamic-0,1011.07,132341.78,1414.09,0.0,0,153,30.9306,9.6618,7.8155,0.723,B
23,sa1/customer-feedback,20010.8,9531.39,12752.78,0.0,0,41805,11507.1628,7.0032,12.038,92.6,B
23,sa2/customer-feedback,17132.66,3933.47,7365.67,0.0,0,6780,1866.2496,5.7952,12.038,154.0,B
23,sa3/customer-feedback,21577.07,3512.53,7004.1,0.0,0,47858,13173.2998,7.2302,12.038,142.0,B
23,sa4/customer-feedback,17432.71,3083.7,6630.77,0.0,0,25316,6968.4328,5.8531,12.038,102.0,B
23,es-stress-d2/elasticsearch-dynamic-0,1012.26,126341.79,1414.08,0.0,0,316,86.9815,6.3299,12.038,2.17,B
23,es-stress-d3/elasticsearch-dynamic-0,1011.51,129209.93,1414.09,0.0,0,723,199.0116,6.4659,12.038,2.16,B
23,es-stress-d4/elasticsearch-dynamic-0,1015.71,139200.96,1414.08,0.0,0,512,140.9321,6.9416,12.038,2.16,B
23,es-stress-d/elasticsearch-dynamic-0,1013.43,138190.78,1414.09,0.0,0,437,120.2878,6.8929,12.038,2.16,B
24,sa1/customer-feedback,13641.26,9540.7,12752.78,0.0,0,3306,2616.2587,6.7336,13.2998,70.9,B
24,sa2/customer-feedback,15287.44,3935.78,7365.67,0.0,0,5358,4240.1435,7.1984,13.2998,124.0,B
24,sa3/customer-feedback,14182.3,3515.36,7004.1,0.0,0,444,351.3669,6.6711,13.2998,142.0,B
24,sa4/customer-feedback,17506.44,3085.41,6630.77,0.0,0,14533,11500.9342,8.1701,13.2998,111.0,B
24,es-stress-d/elasticsearch-dynamic-0,1008.67,144005.79,1414.09,0.0078,4,306,242.1583,7.874,13.2998,2.5,B
24,es-stress-d2/elasticsearch-dynamic-0,1009.0,131406.79,1414.08,0.0039,2,141,111.5827,7.2257,13.2998,2.5,B
24,es-stress-d3/elasticsearch-dynamic-0,1008.07,134388.48,1414.09,0.0039,2,660,522.3021,7.3787,13.2998,2.51,B
24,es-stress-d4/elasticsearch-dynamic-0,1013.08,144945.47,1414.08,0.0,0,577,456.6187,7.9244,13.2998,2.49,B
25,sa1/customer-feedback,56059.04,9532.24,12752.78,4.0469,38,575939,93286.014,12.273,9.6212,16.7,B
25,sa2/customer-feedback,33824.25,3936.28,7365.67,0.0,0,948178,153578.3237,7.3059,9.6212,18.1,B
25,sa3/customer-feedback,23713.22,3508.8,7004.1,3.9961,40,819076,132667.4095,5.1629,9.6212,18.1,B
25,sa4/customer-feedback,39398.96,3085.2,6630.77,0.0,0,666717,107989.5117,8.428,9.6212,19.2,B
25,es-stress-d2/elasticsearch-dynamic-0,1001.73,137920.36,1414.08,0.0,0,153,24.7817,7.7521,9.6212,1.24,B
25,es-stress-d3/elasticsearch-dynamic-0,1001.42,141088.1,1414.09,0.0,0,909,147.2326,7.9253,9.6212,1.25,B
25,es-stress-d4/elasticsearch-dynamic-0,1003.07,151825.97,1414.08,0.0,0,337,54.5846,8.5128,9.6212,1.25,B
25,es-stress-d/elasticsearch-dynamic-0,1005.05,150979.83,1414.09,0.0,0,171,27.6972,8.467,9.6212,1.25,B
26,sa4/customer-feedback,60133.95,3083.19,6630.77,4.1211,40,942954,159856.8833,3.8695,7.8155,23.5,B
26,sa1/customer-feedback,64664.95,9529.55,12752.78,0.0,0,875370,148399.5189,4.3074,7.8155,17.3,B
26,sa2/customer-feedback,54709.73,3934.98,7365.67,0.0,0,1289306,218573.1634,3.5471,7.8155,19.3,B
26,sa3/customer-feedback,52740.4,3508.95,7004.1,0.0,0,1579636,267792.1592,3.4127,7.8155,16.2,B
26,es-stress-d/elasticsearch-dynamic-0,1003.41,158817.65,1414.09,0.0234,8,93,15.7661,3.8036,7.8155,1.28,B
26,es-stress-d2/elasticsearch-dynamic-0,1007.65,145846.87,1414.08,0.0,0,147,24.9206,3.4984,7.8155,1.28,B
26,es-stress-d3/elasticsearch-dynamic-0,1007.23,149145.91,1414.09,0.0,0,1173,198.8561,3.5761,7.8155,1.28,B
26,es-stress-d4/elasticsearch-dynamic-0,1008.61,159598.34,1414.08,0.0,0,342,57.9785,3.8223,7.8155,1.29,B
27,sa1/customer-feedback,48502.02,9530.87,12752.78,0.0,0,1467069,179445.2753,6.247,7.8155,44.0,B
27,sa2/customer-feedback,50094.87,3933.83,7365.67,3.9883,38,1253024,153264.2545,6.2144,7.8155,22.7,B
27,sa3/customer-feedback,60875.74,3509.54,7004.1,0.0,0,1181449,144509.5228,7.5006,7.8155,16.5,B
27,sa4/customer-feedback,57324.65,3085.15,6630.77,0.0,0,1440850,176238.2852,7.0543,7.8155,27.9,B
27,es-stress-d/elasticsearch-dynamic-0,1000.28,166310.14,1414.09,0.0,0,135,16.5126,6.813,7.8155,0.521,B
27,es-stress-d2/elasticsearch-dynamic-0,1000.44,153271.12,1414.08,0.0234,6,330,40.3641,6.2883,7.8155,0.524,B
27,es-stress-d3/elasticsearch-dynamic-0,1000.33,156664.91,1414.09,0.0,0,1236,151.182,6.4249,7.8155,0.524,B
27,es-stress-d4/elasticsearch-dynamic-0,1000.94,167066.09,1414.08,0.0039,2,344,42.0765,6.8435,7.8155,0.524,B
28,sa4/customer-feedback,39255.63,3084.01,6630.77,0.0,0,1509971,243189.6871,2.6752,7.8155,122.0,B
28,sa1/customer-feedback,51709.07,9530.05,12752.78,0.0,0,1458866,234958.927,3.6528,7.8155,123.0,B
28,sa2/customer-feedback,82363.07,3935.07,7365.67,0.0,0,1184073,190701.9024,5.5532,7.8155,99.2,B
28,sa3/customer-feedback,70039.11,3509.59,7004.1,0.0,0,1219394,196390.5567,4.7261,7.8155,97.6,B
28,es-stress-d/elasticsearch-dynamic-0,1005.42,174607.9,1414.09,0.0,0,124,19.9709,4.1821,7.8155,2.16,B
28,es-stress-d2/elasticsearch-dynamic-0,1004.44,161224.12,1414.08,0.0,0,105,16.9109,3.8666,7.8155,2.16,B
28,es-stress-d3/elasticsearch-dynamic-0,1004.32,164660.42,1414.09,0.0195,8,1126,181.3489,3.9476,7.8155,2.17,B
28,es-stress-d4/elasticsearch-dynamic-0,1006.12,175301.6,1414.08,0.0,0,323,52.021,4.1985,7.8155,2.16,B
29,sa1/customer-feedback,49218.1,9530.69,12752.78,0.0,0,1014608,178957.8706,4.7561,7.8155,127.0,B
29,sa2/customer-feedback,47471.7,3933.74,7365.67,0.0,0,557371,98309.8175,4.456,7.8155,142.0,B
29,sa3/customer-feedback,52419.37,3512.86,7004.1,0.0,0,376106,66338.0625,4.8996,7.8155,126.0,B
29,sa4/customer-feedback,44146.95,3085.63,6630.77,0.0,0,1039108,183279.2123,4.1296,7.8155,107.0,B
29,es-stress-d/elasticsearch-dynamic-0,1006.97,182216.41,1414.09,0.0,0,123,21.6949,4.6437,7.8155,2.02,B
29,es-stress-d2/elasticsearch-dynamic-0,1007.86,168202.36,1414.08,0.0,0,148,26.1044,4.2938,7.8155,2.04,B
29,es-stress-d3/elasticsearch-dynamic-0,1007.83,171746.41,1414.09,0.0,0,1020,179.9089,4.3823,7.8155,2.03,B
29,es-stress-d4/elasticsearch-dynamic-0,1007.06,182824.66,1414.08,0.0195,8,427,75.3148,4.6589,7.8155,2.03,B
30,sa1/customer-feedback,14350.83,9540.59,12752.78,0.0,0,363,1162.0198,6.7213,13.6614,103.0,B
30,sa2/customer-feedback,12745.4,3935.71,7365.67,0.0,0,337,1078.7898,5.814,13.6614,200.0,B
30,sa3/customer-feedback,11581.72,3512.11,7004.1,0.0,0,346,1107.6002,5.2809,13.6614,120.0,B
30,sa4/customer-feedback,14707.95,3084.74,6630.77,0.0,0,1581,5061.0285,6.6593,13.6614,125.0,B
30,es-stress-d/elasticsearch-dynamic-0,1010.7,188126.4,1414.09,0.0,0,106,339.3226,6.893,13.6614,2.25,B
30,es-stress-d2/elasticsearch-dynamic-0,1010.93,173338.29,1414.08,0.0,0,542,1735.0269,6.3867,13.6614,2.25,B
30,es-stress-d3/elasticsearch-dynamic-0,1011.04,176912.1,1414.09,0.0,0,1333,4267.1417,6.5091,13.6614,2.26,B
30,es-stress-d4/elasticsearch-dynamic-0,1011.38,188778.11,1414.08,0.0,0,700,2240.8096,6.9157,13.6614,2.25,B
31,sa1/customer-feedback,41656.71,9532.64,12752.78,4.0312,38,1069033,134378.239,5.7509,8.943,94.0,B
31,sa2/customer-feedback,48292.18,3936.35,7365.67,0.0,0,1079615,135708.4042,6.4456,8.943,115.0,B
31,sa3/customer-feedback,52831.09,3512.07,7004.1,4.0352,38,1193462,150019.0563,7.0267,8.943,125.0,B
31,sa4/customer-feedback,37499.61,3082.97,6630.77,0.0,0,1187329,149248.1337,5.006,8.943,83.0,B
31,es-stress-d/elasticsearch-dynamic-0,1001.71,195275.39,1414.09,0.0,0,177,22.249,6.2064,8.943,2.96,B
31,es-stress-d2/elasticsearch-dynamic-0,1002.94,180429.01,1414.08,0.0,0,121,15.2098,5.7446,8.943,2.94,B
31,es-stress-d3/elasticsearch-dynamic-0,1003.83,183934.85,1414.09,0.0,0,427,53.6742,5.8538,8.943,2.94,B
31,es-stress-d4/elasticsearch-dynamic-0,1004.49,195923.86,1414.08,0.0,0,348,43.7439,6.2269,8.943,2.95,B
32,sa1/customer-feedback,39329.32,9532.76,12752.78,0.0,0,605284,88896.9722,3.4428,7.8155,18.7,B
32,sa2/customer-feedback,47603.69,3937.0,7365.67,0.0,0,1287951,189159.0465,4.0161,7.8155,16.3,B
32,sa3/customer-feedback,42760.23,3511.87,7004.1,0.0,0,828543,121686.6199,3.607,7.8155,16.1,B
32,sa4/customer-feedback,59494.62,3086.98,6630.77,3.8438,38,563441,82751.5661,4.9829,7.8155,20.6,B
32,es-stress-d2/elasticsearch-dynamic-0,1005.17,187843.05,1414.08,0.0,0,682,100.1641,3.8144,7.8155,1.33,B
32,es-stress-d3/elasticsearch-dynamic-0,1005.59,191236.91,1414.09,0.0,0,520,76.3715,3.8818,7.8155,1.33,B
32,es-stress-d4/elasticsearch-dynamic-0,1005.58,203078.61,1414.08,0.0,0,408,59.9222,4.117,7.8155,1.33,B
32,es-stress-d/elasticsearch-dynamic-0,1006.2,202411.96,1414.09,0.0273,6,133,19.5335,4.1039,7.8155,1.32,B
33,sa1/customer-feedback,14130.08,9533.18,12752.78,0.0,0,977,809.2694,6.2743,14.199,31.5,B
33,sa2/customer-feedback,14942.74,3938.11,7365.67,0.0,0,4170,3454.0978,6.434,14.199,33.5,B
33,sa3/customer-feedback,15482.39,3516.03,7004.1,0.0,0,467,386.8258,6.6479,14.199,37.5,B
33,sa4/customer-feedback,15572.26,3087.6,6630.77,0.0,0,3396,2812.9775,6.6718,14.199,28.4,B
33,es-stress-d/elasticsearch-dynamic-0,1011.43,208172.46,1414.09,0.0,0,1216,1007.2381,7.2442,14.199,0.53,B
33,es-stress-d2/elasticsearch-dynamic-0,1012.38,193205.62,1414.08,0.0234,8,766,634.4937,6.7545,14.199,0.533,B
33,es-stress-d3/elasticsearch-dynamic-0,1011.92,196562.83,1414.09,0.0,0,556,460.5464,6.8642,14.199,0.532,B
33,es-stress-d4/elasticsearch-dynamic-0,1013.31,208850.11,1414.08,0.0,0,353,292.3972,7.2672,14.199,0.529,B
34,sa1/customer-feedback,17337.49,9535.07,12752.78,0.0,0,15684,15063.9682,16.0931,12.8595,68.4,B
34,sa2/customer-feedback,15629.5,3938.09,7365.67,3.9961,38,9934,9541.2816,14.1888,12.8595,109.0,B
34,sa3/customer-feedback,13277.45,3515.19,7004.1,0.0,0,326,313.1123,12.0652,12.8595,117.0,B
34,sa4/customer-feedback,15004.33,3089.96,6630.77,0.0,0,4649,4465.2122,13.5739,12.8595,111.0,B
34,es-stress-d/elasticsearch-dynamic-0,1008.07,213989.64,1414.09,0.0039,1,128,122.9398,15.5504,12.8595,2.98,B
34,es-stress-d2/elasticsearch-dynamic-0,1008.31,198519.72,1414.08,0.0039,1,133,127.7421,14.4914,12.8595,2.96,B
34,es-stress-d3/elasticsearch-dynamic-0,1009.81,201857.93,1414.09,0.0312,7,1303,1251.4888,14.7213,12.8595,2.98,B
34,es-stress-d4/elasticsearch-dynamic-0,1008.76,214630.98,1414.08,0.0039,1,447,429.3289,15.595,12.8595,2.98,B
35,sa1/customer-feedback,14801.92,9528.55,12752.78,0.0,0,1096,1085.6817,7.8948,12.9438,21.2,B
35,sa2/customer-feedback,13651.71,3938.62,7365.67,0.0,0,350,346.7049,7.1038,12.9438,20.5,B
35,sa3/customer-feedback,14326.42,3517.07,7004.1,0.0,0,993,983.6514,7.4324,12.9438,21.4,B
35,sa4/customer-feedback,15747.81,3087.48,6630.77,0.0,0,4500,4457.6345,8.1413,12.9438,22.1,B
35,es-stress-d/elasticsearch-dynamic-0,1006.23,219886.95,1414.09,0.0039,2,483,478.4528,8.5615,12.9438,1.44,B
35,es-stress-d2/elasticsearch-dynamic-0,1007.05,203816.71,1414.08,0.0039,2,344,340.7614,7.9737,12.9438,1.44,B
35,es-stress-d3/elasticsearch-dynamic-0,1007.14,207121.9,1414.09,0.0039,2,532,526.9915,8.0947,12.9438,1.44,B
35,es-stress-d4/elasticsearch-dynamic-0,1007.54,220373.73,1414.08,0.0273,10,970,960.8679,8.58,12.9438,1.45,B
36,sa1/customer-feedback,14345.07,9531.3,12752.78,0.0,0,358,665.0231,10.9727,14.7162,25.1,B
36,sa2/customer-feedback,13879.67,3940.4,7365.67,0.0,0,1418,2634.086,10.3458,14.7162,21.7,B
36,sa3/customer-feedback,16414.43,3514.89,7004.1,0.0,0,6473,12024.2867,12.1765,14.7162,21.2,B
36,sa4/customer-feedback,13976.15,3090.05,6630.77,0.0,0,309,574.0004,10.3727,14.7162,20.2,B
36,es-stress-d/elasticsearch-dynamic-0,1015.81,225787.48,1414.09,0.0,0,704,1307.755,12.3205,14.7162,1.49,B
36,es-stress-d2/elasticsearch-dynamic-0,1015.84,209049.53,1414.08,0.0,0,2210,4105.3103,11.4622,14.7162,1.49,B
36,es-stress-d3/elasticsearch-dynamic-0,1015.15,212331.27,1414.09,0.0,0,582,1081.127,11.63,14.7162,1.49,B
36,es-stress-d4/elasticsearch-dynamic-0,1014.69,226036.8,1414.08,0.0,0,1109,2060.0856,12.3325,14.7162,1.48,B
37,sa1/customer-feedback,17441.13,9534.04,12752.78,4.1445,40,1560,1185.6289,9.1169,14.724,24.3,B
37,sa2/customer-feedback,13526.29,3937.89,7365.67,0.0,0,501,380.7693,6.9505,14.724,20.6,B
37,sa3/customer-feedback,12657.69,3515.63,7004.1,3.9414,40,970,737.218,6.4983,14.724,23.2,B
37,sa4/customer-feedback,15448.13,3091.48,6630.77,0.0,0,12211,9280.5861,7.8892,14.724,26.4,B
37,es-stress-d/elasticsearch-dynamic-0,1013.12,231595.22,1414.09,0.0,0,1132,860.341,8.5547,14.724,1.7,B
37,es-stress-d2/elasticsearch-dynamic-0,1010.25,214392.36,1414.08,0.0,0,744,565.4538,7.9557,14.724,1.69,B
37,es-stress-d3/elasticsearch-dynamic-0,1016.22,217581.9,1414.09,0.0,0,533,405.0899,8.0695,14.724,1.7,B
37,es-stress-d4/elasticsearch-dynamic-0,1010.36,231795.85,1414.08,0.0,0,1036,787.3792,8.5603,14.724,1.7,B
38,sa1/customer-feedback,12840.46,9535.73,12752.78,0.0,0,622,675.4898,4.8868,13.3031,15.9,B
38,sa2/customer-feedback,14643.66,3940.79,7365.67,0.0,0,4593,4987.982,5.4044,13.3031,16.9,B
38,sa3/customer-feedback,16934.71,3519.11,7004.1,0.0,0,2723,2957.1685,6.2246,13.3031,18.1,B
38,sa4/customer-feedback,14466.0,3091.31,6630.77,4.0391,40,2064,2241.4968,5.3193,13.3031,14.9,B
38,es-stress-d/elasticsearch-dynamic-0,1005.64,237360.98,1414.09,0.0234,6,607,659.1999,6.1386,13.3031,1.12,B
38,es-stress-d2/elasticsearch-dynamic-0,1005.79,219690.91,1414.08,0.0,0,1165,1265.1859,5.7088,13.3031,1.12,B
38,es-stress-d3/elasticsearch-dynamic-0,1008.27,222719.41,1414.09,0.0,0,370,401.8187,5.7834,13.3031,1.12,B
38,es-stress-d4/elasticsearch-dynamic-0,1006.51,237654.35,1414.08,0.0,0,787,854.6793,6.1461,13.3031,1.12,B
39,sa1/customer-feedback,14450.15,9533.7,12752.78,0.0,0,342,841.9911,6.3278,14.2894,19.5,B
39,sa2/customer-feedback,14388.47,3938.82,7365.67,0.0,0,3022,7440.0504,6.1495,14.2894,14.5,B
39,sa3/customer-feedback,13301.92,3519.19,7004.1,0.0,0,505,1243.291,5.6818,14.2894,17.5,B
39,sa4/customer-feedback,16095.04,3090.01,6630.77,0.0,0,1722,4239.4992,6.843,14.2894,19.3,B
39,es-stress-d/elasticsearch-dynamic-0,1003.92,243124.95,1414.09,0.0,0,1258,3097.1487,7.0449,14.2894,1.13,B
39,es-stress-d2/elasticsearch-dynamic-0,1003.92,225048.14,1414.08,0.0195,8,447,1100.4972,6.5524,14.2894,1.13,B
39,es-stress-d3/elasticsearch-dynamic-0,1004.4,227974.86,1414.09,0.0,0,462,1137.4266,6.6324,14.2894,1.13,B
39,es-stress-d4/elasticsearch-dynamic-0,1004.98,243376.35,1414.08,0.0,0,592,1457.4817,7.0522,14.2894,1.13,B
40,sa1/customer-feedback,15510.44,9533.61,12752.78,0.0,0,341,282.5833,13.3804,14.5624,14.3,B
40,sa2/customer-feedback,13292.88,3940.37,7365.67,4.1133,40,630,522.0747,11.2526,14.5624,15.9,B
40,sa3/customer-feedback,13743.87,3518.55,7004.1,0.0,0,8125,6733.1057,11.6062,14.5624,14.8,B
40,sa4/customer-feedback,13334.9,3092.07,6630.77,0.0,0,1955,1620.0888,11.2445,14.5624,15.3,B
40,es-stress-d2/elasticsearch-dynamic-0,1016.6,230381.51,1414.08,0.0,0,566,469.0385,12.5383,14.5624,1.01,B
40,es-stress-d3/elasticsearch-dynamic-0,1017.19,233180.36,1414.09,0.0195,8,440,364.6236,12.6808,14.5624,1.01,B
40,es-stress-d4/elasticsearch-dynamic-0,1017.21,249346.04,1414.08,0.0,0,526,435.8909,13.5013,14.5624,1.01,B
40,es-stress-d/elasticsearch-dynamic-0,1016.63,249109.7,1414.09,0.0,0,524,434.2335,13.4888,14.5624,1.01,B
41,sa4/customer-feedback,13629.0,3086.74,6630.77,0.0,0,2407,1236.387,5.7156,13.4201,18.7,B
41,sa1/customer-feedback,14073.19,9534.84,12752.78,0.0,0,349,179.2684,6.0712,13.4201,18.9,B
41,sa2/customer-feedback,17153.53,3940.86,7365.67,0.0,0,9411,4834.0832,7.1952,13.4201,17.6,B
41,sa3/customer-feedback,15923.77,3519.8,7004.1,0.0,0,3238,1663.241,6.6757,13.4201,19.4,B
41,es-stress-d/elasticsearch-dynamic-0,1003.76,254944.46,1414.09,0.0,0,735,377.5424,7.2149,13.4201,1.39,B
41,es-stress-d2/elasticsearch-dynamic-0,1003.56,235640.8,1414.08,0.0,0,1015,521.368,6.6999,13.4201,1.38,B
41,es-stress-d3/elasticsearch-dynamic-0,1004.37,238263.86,1414.09,0.0,0,577,296.3836,6.7702,13.4201,1.39,B
41,es-stress-d4/elasticsearch-dynamic-0,1004.45,255176.41,1414.08,0.0195,8,1198,615.3684,7.2213,13.4201,1.39,B
42,sa1/customer-feedback,18661.5,9535.4,12752.78,0.0,0,5977,1767.6913,5.4844,14.1638,17.5,B
42,sa2/customer-feedback,17770.66,3942.47,7365.67,0.0,0,63676,18832.1081,5.1076,14.1638,15.5,B
42,sa3/customer-feedback,21625.85,3519.96,7004.1,0.0,0,41126,12162.97,6.1871,14.1638,15.1,B
42,sa4/customer-feedback,19151.17,3093.46,6630.77,0.0,0,11096,3281.63,5.4786,14.1638,14.3,B
42,es-stress-d/elasticsearch-dynamic-0,1010.51,260670.46,1414.09,0.0,0,125,36.9686,6.1174,14.1638,1.07,B
42,es-stress-d2/elasticsearch-dynamic-0,1010.89,240931.91,1414.08,0.0,0,1075,317.9301,5.6759,14.1638,1.08,B
42,es-stress-d3/elasticsearch-dynamic-0,1011.15,243392.61,1414.09,0.0,0,447,132.1998,5.731,14.1638,1.07,B
42,es-stress-d4/elasticsearch-dynamic-0,1011.69,260726.14,1414.08,0.0,0,1489,440.3701,6.119,14.1638,1.08,B
43,sa4/customer-feedback,43368.64,3090.46,6630.77,0.0,0,1056130,149932.8861,6.1941,7.8866,12.9,B
43,sa1/customer-feedback,46262.25,9534.52,12752.78,0.0,0,1043508,148141.0111,6.7633,7.8866,12.8,B
43,sa2/customer-feedback,43026.89,3941.96,7365.67,0.0,0,1068153,151639.7243,6.1672,7.8866,14.8,B
43,sa3/customer-feedback,50140.5,3518.57,7004.1,4.1562,40,1038356,147409.6104,7.1599,7.8866,14.4,B
43,es-stress-d/elasticsearch-dynamic-0,998.84,267652.71,1414.09,0.0039,2,210,29.8125,6.8335,7.8866,0.872,B
43,es-stress-d2/elasticsearch-dynamic-0,999.14,248037.02,1414.08,0.0039,2,914,129.7555,6.343,7.8866,0.87,B
43,es-stress-d3/elasticsearch-dynamic-0,999.26,250306.11,1414.09,0.0039,2,642,91.1412,6.3998,7.8866,0.87,B
43,es-stress-d4/elasticsearch-dynamic-0,999.51,267558.89,1414.08,0.0039,2,1828,259.511,6.8312,7.8866,0.874,B
44,sa1/customer-feedback,45313.25,9534.2,12752.78,4.0078,40,900502,157558.9705,5.5988,7.8155,20.8,B
44,sa2/customer-feedback,58677.71,3944.02,7365.67,0.0,0,1177912,206096.8239,7.05,7.8155,22.5,B
44,sa3/customer-feedback,66172.85,3518.84,7004.1,0.0,0,639309,111858.5721,7.9284,7.8155,26.3,B
44,sa4/customer-feedback,43239.75,3091.2,6630.77,4.1172,40,1135435,198664.7111,5.1996,7.8155,21.8,B
44,es-stress-d/elasticsearch-dynamic-0,1004.72,275241.21,1414.09,0.0234,8,189,33.0689,6.6733,7.8155,1.19,B
44,es-stress-d2/elasticsearch-dynamic-0,1005.06,254930.33,1414.08,0.0,0,881,154.1467,6.1897,7.8155,1.18,B
44,es-stress-d3/elasticsearch-dynamic-0,1004.99,257040.86,1414.09,0.0,0,715,125.1021,6.24,7.8155,1.19,B
44,es-stress-d4/elasticsearch-dynamic-0,1005.5,275105.46,1414.08,0.0,0,946,165.5197,6.6702,7.8155,1.18,B
45,sa1/customer-feedback,60541.07,9533.64,12752.78,0.0,0,503245,105849.649,7.9804,7.8155,53.1,B
45,sa2/customer-feedback,36112.69,3941.16,7365.67,0.0,0,895984,188456.1038,4.7212,7.8155,45.1,B
45,sa3/customer-feedback,37979.43,3521.24,7004.1,0.0,0,736330,154875.4028,4.9513,7.8155,59.1,B
45,sa4/customer-feedback,54945.05,3093.28,6630.77,0.0,0,449404,94525.0438,7.1182,7.8155,53.3,B
45,es-stress-d/elasticsearch-dynamic-0,1003.47,281301.53,1414.09,0.0,0,150,31.5501,6.4321,7.8155,0.989,B
45,es-stress-d2/elasticsearch-dynamic-0,1003.67,261980.48,1414.08,0.0234,8,659,138.6103,5.9991,7.8155,0.996,B
45,es-stress-d3/elasticsearch-dynamic-0,1003.62,263929.86,1414.09,0.0,0,717,150.8096,6.0428,7.8155,0.991,B
45,es-stress-d4/elasticsearch-dynamic-0,1003.95,281066.55,1414.08,0.0,0,286,60.1556,6.4269,7.8155,0.991,B
46,sa1/customer-feedback,14487.71,9536.25,12752.78,0.0,0,4845,4464.1736,5.6257,14.9236,95.6,B
46,sa2/customer-feedback,16463.65,3944.31,7365.67,3.9492,38,2826,2603.8709,6.2394,14.9236,120.0,B
46,sa3/customer-feedback,15392.68,3521.91,7004.1,0.0,0,356,328.0177,5.8298,14.9236,186.0,B
46,sa4/customer-feedback,16912.01,3104.22,6630.77,0.0,0,3134,2887.6615,6.3882,14.9236,113.0,B
46,es-stress-d/elasticsearch-dynamic-0,1019.84,286365.48,1414.09,0.0,0,168,154.7949,6.7645,14.9236,2.24,B
46,es-stress-d2/elasticsearch-dynamic-0,1020.23,267210.43,1414.08,0.0,0,509,468.9916,6.3376,14.9236,2.26,B
46,es-stress-d3/elasticsearch-dynamic-0,1023.88,269113.46,1414.09,0.0273,6,722,665.2494,6.3814,14.9236,2.24,B
46,es-stress-d4/elasticsearch-dynamic-0,1019.39,285922.75,1414.08,0.0,0,1410,1299.1713,6.7544,14.9236,2.26,B
47,sa1/customer-feedback,15864.44,9536.02,12752.78,0.0,0,6929,3268.2444,6.2868,13.3035,111.0,B
47,sa2/customer-feedback,15117.05,3945.48,7365.67,0.0,0,973,458.9409,5.8777,13.3035,91.6,B
47,sa3/customer-feedback,15021.44,3520.25,7004.1,0.0,0,463,218.3861,5.8317,13.3035,85.1,B
47,sa4/customer-feedback,15866.76,3097.11,6630.77,0.0,0,14833,6996.3732,6.1462,13.3035,108.0,B
47,es-stress-d/elasticsearch-dynamic-0,1007.11,291474.23,1414.09,0.0,0,185,87.2601,6.7884,13.3035,2.62,B
47,es-stress-d2/elasticsearch-dynamic-0,1007.44,272404.66,1414.08,0.0,0,338,159.4266,6.3697,13.3035,2.62,B
47,es-stress-d3/elasticsearch-dynamic-0,1007.29,274292.67,1414.09,0.0,0,1641,774.0207,6.4111,13.3035,2.63,B
47,es-stress-d4/elasticsearch-dynamic-0,1007.89,290962.57,1414.08,0.0273,6,1056,498.0901,6.7775,13.3035,2.62,B
48,sa1/customer-feedback,15568.86,9539.66,12752.78,0.0,0,4164,9836.8042,6.8227,13.5011,21.7,B
48,sa2/customer-feedback,13225.02,3946.61,7365.67,0.0,0,302,713.4282,5.7042,13.5011,24.4,B
48,sa3/customer-feedback,13427.72,3520.46,7004.1,0.0,0,233,550.4264,5.781,13.5011,20.9,B
48,sa4/customer-feedback,14260.55,3094.34,6630.77,0.0,0,396,935.4886,6.1253,13.5011,21.8,B
48,es-stress-d2/elasticsearch-dynamic-0,1009.19,277574.91,1414.08,0.0,0,147,347.2647,6.5292,13.5011,1.33,B
48,es-stress-d3/elasticsearch-dynamic-0,1009.05,279206.67,1414.09,0.0,0,483,1141.0126,6.565,13.5011,1.33,B
48,es-stress-d4/elasticsearch-dynamic-0,1009.09,296124.64,1414.08,0.0,0,535,1263.8545,6.9369,13.5011,1.32,B
48,es-stress-d/elasticsearch-dynamic-0,1008.0,296586.73,1414.09,0.0,0,165,389.7869,6.9466,13.5011,1.32,B
49,sa1/customer-feedback,13249.9,9538.1,12752.78,0.0,0,2345,1645.1657,15.3162,14.318,20.8,B
49,sa2/customer-feedback,16601.38,3945.19,7365.67,0.0,0,8510,5970.303,18.6701,14.318,16.1,B
49,sa3/customer-feedback,20410.93,3523.21,7004.1,4.1172,40,8668,6081.1499,22.8681,14.318,17.2,B
49,sa4/customer-feedback,15412.27,3100.06,6630.77,0.0,0,378,265.1909,17.2962,14.318,19.5,B
49,es-stress-d2/elasticsearch-dynamic-0,1005.62,282766.69,1414.08,0.0,0,2063,1447.3249,19.4893,14.318,1.34,B
49,es-stress-d3/elasticsearch-dynamic-0,1006.4,284131.46,1414.09,0.0,0,130,91.2032,19.5789,14.318,1.34,B
49,es-stress-d4/elasticsearch-dynamic-0,1006.24,301179.43,1414.08,0.0,0,2138,1499.9422,20.6865,14.318,1.34,B
49,es-stress-d/elasticsearch-dynamic-0,1005.86,301543.27,1414.09,0.0,0,153,107.3392,20.7097,14.318,1.34,B
50,sa3/customer-feedback,18476.52,3522.37,7004.1,0.0,0,13336,6476.5202,6.4619,13.7399,22.9,B
50,sa2/customer-feedback,13391.55,3948.07,7365.67,0.0,0,448,217.5676,4.7101,13.7399,21.5,B
50,sa1/customer-feedback,18323.78,9538.97,12752.78,3.9258,40,10080,4895.2702,6.524,13.7399,19.1,B
50,sa4/customer-feedback,12599.67,3095.59,6630.77,0.0,0,774,375.8868,4.4198,13.7399,18.7,B
50,es-stress-d/elasticsearch-dynamic-0,1009.64,306707.77,1414.09,0.0234,6,119,57.7914,6.2128,13.7399,1.46,B
50,es-stress-d2/elasticsearch-dynamic-0,1009.78,287714.3,1414.08,0.0,0,635,308.3826,5.8498,13.7399,1.47,B
50,es-stress-d3/elasticsearch-dynamic-0,1010.16,289028.15,1414.09,0.0,0,208,101.0135,5.875,13.7399,1.46,B
50,es-stress-d4/elasticsearch-dynamic-0,1010.03,306324.82,1414.08,0.0,0,981,476.4147,6.2056,13.7399,1.47,B
51,sa4/customer-feedback,36287.95,3093.73,6630.77,4.1484,40,445292,73913.7751,7.5487,10.9355,15.8,B
51,sa1/customer-feedback,24225.58,9536.75,12752.78,0.0,0,550319,91347.1493,5.2115,10.9355,15.5,B
51,sa2/customer-feedback,38196.58,3944.67,7365.67,0.0,0,500594,83093.3238,7.9616,10.9355,17.1,B
51,sa3/customer-feedback,35194.0,3522.75,7004.1,0.0,0,579370,96169.3089,7.3332,10.9355,21.4,B
51,es-stress-d/elasticsearch-dynamic-0,866.29,311754.61,1414.09,0.0,0,3030,502.948,7.3568,10.9355,1.06,B
51,es-stress-d2/elasticsearch-dynamic-0,1003.38,293689.46,1414.08,0.0234,6,418,69.3836,6.9691,10.9355,1.05,B
51,es-stress-d3/elasticsearch-dynamic-0,1003.71,294941.93,1414.09,0.0,0,293,48.6349,6.998,10.9355,1.06,B
51,es-stress-d4/elasticsearch-dynamic-0,915.71,311755.5,1414.08,0.0,0,526,87.3105,7.367,10.9355,1.05,B
52,sa1/customer-feedback,33186.81,9536.38,12752.78,0.0,0,551175,98627.9283,6.6272,11.6055,26.4,B
52,sa2/customer-feedback,33809.37,3946.34,7365.67,4.0742,38,568785,101779.0832,6.6336,11.6055,18.2,B
52,sa3/customer-feedback,40538.47,3524.14,7004.1,0.0,0,110424,19759.4055,7.9291,11.6055,24.2,B
52,sa4/customer-feedback,21509.63,3094.88,6630.77,0.0,0,449681,80466.4679,4.2322,11.6055,17.3,B
52,es-stress-d/elasticsearch-dynamic-0,10.15,311754.68,1414.09,0.0039,2,3929,703.0601,6.3779,11.6055,1.39,B
52,es-stress-d2/elasticsearch-dynamic-0,1016.58,298811.2,1414.08,0.0039,2,304,54.3981,6.3083,11.6055,1.39,B
52,es-stress-d3/elasticsearch-dynamic-0,1015.61,299956.66,1414.09,0.0273,12,1558,278.7904,6.3315,11.6055,1.39,B
52,es-stress-d4/elasticsearch-dynamic-0,11.0,311755.7,1414.08,0.0078,4,3684,659.2195,6.3781,11.6055,1.39,B
53,sa1/customer-feedback,46763.05,9536.98,12752.78,0.0,0,1448875,255288.2539,10.8429,7.8155,18.4,B
53,sa2/customer-feedback,45169.02,3944.54,7365.67,0.0,0,1578660,278156.0555,10.258,7.8155,29.3,B
53,sa3/customer-feedback,77936.11,3522.45,7004.1,0.0,0,338538,59649.5729,17.5652,7.8155,33.8,B
53,sa4/customer-feedback,57413.33,3094.99,6630.77,0.0,0,1246007,219543.4053,12.9602,7.8155,28.5,B
53,es-stress-d/elasticsearch-dynamic-0,3.36,311754.93,1414.09,0.0,0,8010,1411.3425,12.7458,7.8155,0.377,B
53,es-stress-d2/elasticsearch-dynamic-0,996.81,304502.7,1414.08,0.0,0,143,25.1963,12.6714,7.8155,0.592,B
53,es-stress-d3/elasticsearch-dynamic-0,995.77,305546.71,1414.09,0.0,0,767,135.1435,12.7138,7.8155,0.593,B
53,es-stress-d4/elasticsearch-dynamic-0,3.2,311755.67,1414.08,0.0234,6,9152,1612.5602,12.7458,7.8155,0.412,B
54,sa1/customer-feedback,55346.39,9537.19,12752.78,0.0,0,1016438,200943.8482,8.4611,7.8155,73.5,B
54,sa2/customer-feedback,51869.42,3950.23,7365.67,0.0,0,982273,194189.6275,7.7931,7.8155,74.0,B
54,sa3/customer-feedback,64904.72,3522.66,7004.1,0.0,0,755435,149345.0815,9.7128,7.8155,84.6,B
54,sa4/customer-feedback,59617.36,3096.88,6630.77,0.0,0,897351,177401.0448,8.9177,7.8155,55.4,B
54,es-stress-d/elasticsearch-dynamic-0,4.0,311754.71,1414.09,0.0,0,5431,1073.6769,8.5262,7.8155,0.0317,B
54,es-stress-d2/elasticsearch-dynamic-0,1002.33,310960.2,1414.08,0.0,0,127,25.1072,8.6524,7.8155,2.62,B
54,es-stress-d3/elasticsearch-dynamic-0,985.7,311743.96,1414.09,0.0,0,713,140.9559,8.6714,7.8155,2.62,B
54,es-stress-d4/elasticsearch-dynamic-0,3.99,311755.67,1414.08,0.0,0,6095,1204.9459,8.5263,7.8155,0.0317,B
55,sa4/customer-feedback,52825.11,3095.55,6630.77,0.0,0,1145977,229786.377,6.3037,7.8155,125.0,B
55,sa1/customer-feedback,48652.62,9535.3,12752.78,0.0,0,1061219,212791.0675,5.9499,7.8155,101.0,B
55,sa2/customer-feedback,61965.07,3945.8,7365.67,0.0,0,946156,189719.1299,7.4012,7.8155,93.3,B
55,sa3/customer-feedback,67839.95,3520.01,7004.1,0.0,0,548149,109912.4788,8.0857,7.8155,139.0,B
55,es-stress-d/elasticsearch-dynamic-0,2.39,311754.71,1414.09,0.0,0,10293,2063.9081,6.7224,7.8155,0.005,B
55,es-stress-d2/elasticsearch-dynamic-0,108.02,311730.24,1414.08,0.0,0,3630,727.872,6.7343,7.8155,2.03,B
55,es-stress-d3/elasticsearch-dynamic-0,3.48,311743.92,1414.09,0.0,0,8344,1673.103,6.7223,7.8155,2.02,B
55,es-stress-d4/elasticsearch-dynamic-0,2.78,311755.67,1414.08,0.0,0,4060,814.0937,6.7225,7.8155,0.0099,B
56,sa1/customer-feedback,21717.57,9540.75,12752.78,3.9844,38,152167,34565.2581,7.9593,13.0198,111.0,B
56,sa2/customer-feedback,20421.81,3950.5,7365.67,0.0,0,89873,20414.9615,7.3575,13.0198,110.0,B
56,sa3/customer-feedback,27378.55,3524.0,7004.1,3.9297,38,96448,21908.4954,9.819,13.0198,159.0,B
56,sa4/customer-feedback,20612.46,3101.32,6630.77,0.0,0,158188,35932.949,7.4037,13.0198,109.0,B
56,es-stress-d2/elasticsearch-dynamic-0,8.77,311730.24,1414.08,0.0,0,1095,248.733,7.8865,13.0198,1.94,B
56,es-stress-d3/elasticsearch-dynamic-0,9.93,311744.17,1414.09,0.0,0,1040,236.2396,7.8873,13.0198,1.64,B
56,es-stress-d4/elasticsearch-dynamic-0,10.22,311755.74,1414.08,0.0,0,1142,259.4092,7.8877,13.0198,0.0102,B
56,es-stress-d/elasticsearch-dynamic-0,8.18,311754.71,1414.09,0.0234,8,6082,1381.5472,7.8869,13.0198,0.0,B
57,sa4/customer-feedback,14747.37,3101.24,6630.77,3.8516,38,360,308.3777,6.525,14.4484,115.0,B
57,sa1/customer-feedback,15211.84,9542.32,12752.78,0.0,0,1876,1606.9906,6.8597,14.4484,87.7,B
57,sa2/customer-feedback,14629.28,3949.0,7365.67,0.0,0,249,213.2946,6.4905,14.4484,134.0,B
57,sa3/customer-feedback,14279.27,3524.81,7004.1,0.0,0,4353,3728.8006,6.3285,14.4484,149.0,B
57,es-stress-d/elasticsearch-dynamic-0,7.16,311754.71,1414.09,0.0,0,1358,1163.2693,6.353,14.4484,0.0104,B
57,es-stress-d2/elasticsearch-dynamic-0,8.62,311730.75,1414.08,0.0234,8,804,688.7102,6.3531,14.4484,0.0,B
57,es-stress-d3/elasticsearch-dynamic-0,8.52,311743.92,1414.09,0.0,0,843,722.1178,6.3534,14.4484,0.0104,B
57,es-stress-d4/elasticsearch-dynamic-0,8.92,311755.74,1414.08,0.0,0,999,855.7482,6.3538,14.4484,0.0104,B
58,sa1/customer-feedback,14407.66,9542.29,12752.78,0.0,0,355,655.3347,19.315,14.8054,21.3,B
58,sa2/customer-feedback,16265.63,3949.01,7365.67,4.0156,40,3967,7323.1346,21.4059,14.8054,19.2,B
58,sa3/customer-feedback,13459.62,3525.23,7004.1,0.0,0,240,443.0432,17.7282,14.8054,19.3,B
58,sa4/customer-feedback,12849.65,3100.72,6630.77,0.0,0,311,574.1101,16.9093,14.8054,20.8,B
58,es-stress-d/elasticsearch-dynamic-0,11.93,311754.75,1414.09,0.0039,1,968,1786.9408,18.2825,14.8054,0.0136,B
58,es-stress-d2/elasticsearch-dynamic-0,12.78,311730.3,1414.08,0.0039,1,1467,2708.1014,18.2821,14.8054,0.0136,B
58,es-stress-d3/elasticsearch-dynamic-0,12.54,311744.45,1414.09,0.0273,9,317,585.1862,18.2827,14.8054,0.0102,B
58,es-stress-d4/elasticsearch-dynamic-0,12.52,311755.76,1414.08,0.0039,1,825,1522.9609,18.2833,14.8054,0.0203,B
59,sa4/customer-feedback,34660.24,3099.25,6630.77,0.0,0,120834,22529.0242,21.1431,12.7896,16.0,B
59,sa1/customer-feedback,18255.4,9542.38,12752.78,0.0,0,7801,1454.4658,11.487,12.7896,17.9,B
59,sa2/customer-feedback,21162.73,3948.83,7365.67,0.0,0,110512,20604.5279,13.0007,12.7896,16.3,B
59,sa3/customer-feedback,18684.84,3527.09,7004.1,0.0,0,163828,30545.0864,11.4803,12.7896,18.2,B
59,es-stress-d/elasticsearch-dynamic-0,6.26,311754.75,1414.09,0.0,0,5808,1082.8788,13.8395,12.7896,0.0028,B
59,es-stress-d2/elasticsearch-dynamic-0,6.2,311730.3,1414.08,0.0,0,6855,1278.0878,13.8383,12.7896,0.0084,B
59,es-stress-d3/elasticsearch-dynamic-0,6.59,311743.94,1414.09,0.0,0,2567,478.6071,13.8392,12.7896,0.0112,B
59,es-stress-d4/elasticsearch-dynamic-0,6.92,311755.76,1414.08,0.0273,6,2713,505.8282,13.8399,12.7896,0.0084,B
60,sa1/customer-feedback,54096.31,9541.7,12752.78,0.0,0,813766,163925.1279,7.5964,7.8155,19.1,B
60,sa2/customer-feedback,67831.87,3947.29,7365.67,0.0,0,610157,122910.1047,9.339,7.8155,18.4,B
60,sa3/customer-feedback,34772.02,3525.05,7004.1,0.0,0,1635138,329382.4095,4.8222,7.8155,17.6,B
60,sa4/customer-feedback,59167.12,3096.68,6630.77,0.0,0,821357,165454.2599,8.138,7.8155,17.4,B
60,es-stress-d/elasticsearch-dynamic-0,3.44,311754.99,1414.09,0.0,0,5807,1169.7628,7.2416,7.8155,0.0092,B
60,es-stress-d2/elasticsearch-dynamic-0,4.24,311730.36,1414.08,0.0078,4,6461,1301.5047,7.2412,7.8155,0.0092,B
60,es-stress-d3/elasticsearch-dynamic-0,5.7,311744.0,1414.09,0.0,0,5858,1180.0363,7.2417,7.8155,0.0092,B
60,es-stress-d4/elasticsearch-dynamic-0,4.37,311756.01,1414.08,0.0039,2,8482,1708.6152,7.2418,7.8155,0.0184,B
61,sa1/customer-feedback,26927.32,9542.09,12752.78,0.0,0,178602,39462.7511,13.1865,13.4511,11.7,B
61,sa2/customer-feedback,23111.18,3949.09,7365.67,0.0,0,203271,44913.455,11.1709,13.4511,18.7,B
61,sa3/customer-feedback,23026.54,3528.43,7004.1,0.0,0,155747,34412.8571,11.116,13.4511,13.6,B
61,sa4/customer-feedback,18746.68,3107.77,6630.77,0.0,0,136286,30112.8795,9.058,13.4511,27.3,B
61,es-stress-d/elasticsearch-dynamic-0,6.47,311754.75,1414.09,0.0,0,1291,285.2511,10.7914,13.4511,0.0014,B
61,es-stress-d2/elasticsearch-dynamic-0,6.22,311730.61,1414.08,0.0,0,1698,375.1792,10.7904,13.4511,0.0014,B
61,es-stress-d3/elasticsearch-dynamic-0,8.45,311744.0,1414.09,0.0,0,5598,1236.8981,10.792,13.4511,0.0014,B
61,es-stress-d4/elasticsearch-dynamic-0,7.41,311756.01,1414.08,0.0,0,3492,771.5699,10.7919,13.4511,0.0028,B
62,sa1/customer-feedback,14041.7,9543.12,12752.78,4.0039,38,4690,3927.3527,10.8229,14.1192,119.0,B
62,sa2/customer-feedback,16221.97,3951.79,7365.67,0.0,0,489,409.483,12.2512,14.1192,127.0,B
62,sa3/customer-feedback,14539.16,3530.87,7004.1,3.9883,38,2420,2026.4805,10.9799,14.1192,85.0,B
62,sa4/customer-feedback,15673.37,3104.68,6630.77,0.0,0,1767,1479.6657,11.8114,14.1192,116.0,B
62,es-stress-d/elasticsearch-dynamic-0,9.46,311754.88,1414.09,0.0195,8,539,451.3525,11.1226,14.1192,0.0098,B
62,es-stress-d2/elasticsearch-dynamic-0,10.2,311730.43,1414.08,0.0,0,969,811.4296,11.1222,14.1192,0.0098,B
62,es-stress-d3/elasticsearch-dynamic-0,10.94,311744.13,1414.09,0.0039,2,490,410.3204,11.1233,14.1192,0.0147,B
62,es-stress-d4/elasticsearch-dynamic-0,10.68,311756.19,1414.08,0.0,0,840,703.4065,11.1235,14.1192,0.0049,B
63,sa1/customer-feedback,15096.48,9547.65,12752.78,0.0,0,1053,1598.2977,8.3365,13.9625,26.9,B
63,sa2/customer-feedback,13709.54,3951.09,7365.67,0.0,0,327,496.3375,7.4608,13.9625,26.3,B
63,sa3/customer-feedback,13039.69,3527.88,7004.1,0.0,0,2934,4453.3765,7.0909,13.9625,26.1,B
63,sa4/customer-feedback,12954.34,3101.5,6630.77,3.9688,38,222,336.963,7.0351,13.9625,22.5,B
63,es-stress-d/elasticsearch-dynamic-0,6.49,311755.12,1414.09,0.0,0,1095,1662.0475,7.2545,13.9625,0.021,B
63,es-stress-d2/elasticsearch-dynamic-0,6.79,311730.43,1414.08,0.0234,6,1902,2886.9537,7.2541,13.9625,0.0126,B
63,es-stress-d3/elasticsearch-dynamic-0,7.95,311744.13,1414.09,0.0,0,1134,1721.2437,7.2551,13.9625,0.0126,B
63,es-stress-d4/elasticsearch-dynamic-0,9.17,311756.2,1414.08,0.0,0,798,1211.2455,7.256,13.9625,0.0042,B
64,sa1/customer-feedback,12461.76,9545.89,12752.78,0.0,0,297,387.96,10.9537,14.2104,15.7,B
64,sa2/customer-feedback,13002.41,3953.57,7365.67,4.1289,40,1027,1341.5315,11.2161,14.2104,16.5,B
64,sa3/customer-feedback,13971.15,3529.61,7004.1,0.0,0,684,893.4835,12.0262,14.2104,14.6,B
64,sa4/customer-feedback,13248.12,3105.34,6630.77,0.0,0,285,372.2848,11.3953,14.2104,16.5,B
64,es-stress-d2/elasticsearch-dynamic-0,10.82,311730.56,1414.08,0.0039,1,997,1302.3437,11.059,14.2104,0.0083,B
64,es-stress-d3/elasticsearch-dynamic-0,11.49,311744.38,1414.09,0.0195,8,465,607.412,11.06,14.2104,0.0138,B
64,es-stress-d4/elasticsearch-dynamic-0,11.8,311756.26,1414.08,0.0,0,790,1031.9473,11.0607,14.2104,0.0166,B
64,es-stress-d/elasticsearch-dynamic-0,9.74,311754.87,1414.09,0.0039,2,1033,1349.3691,11.0589,14.2104,0.0111,B
65,sa1/customer-feedback,14534.34,9543.82,12752.78,0.0,0,2270,2108.3056,8.6569,13.2742,21.8,B
65,sa2/customer-feedback,15041.77,3951.41,7365.67,0.0,0,356,330.6418,8.794,13.2742,22.7,B
65,sa3/customer-feedback,15338.23,3531.18,7004.1,0.0,0,1891,1756.3021,8.9534,13.2742,24.0,B
65,sa4/customer-feedback,16210.75,3103.88,6630.77,0.0,0,6250,5804.8061,9.4453,13.2742,21.7,B
65,es-stress-d2/elasticsearch-dynamic-0,7.45,311730.8,1414.08,0.0,0,804,746.7303,8.6899,13.2742,0.0127,B
65,es-stress-d3/elasticsearch-dynamic-0,6.95,311744.13,1414.09,0.0,0,3355,3116.0199,8.69,13.2742,0.0127,B
65,es-stress-d4/elasticsearch-dynamic-0,7.39,311756.26,1414.08,0.0195,8,1346,1250.123,8.6906,13.2742,0.0084,B
65,es-stress-d/elasticsearch-dynamic-0,6.49,311754.87,1414.09,0.0,0,791,734.6563,8.69,13.2742,0.0169,B
66,sa1/customer-feedback,14238.3,9544.41,12752.78,0.0,0,2268,2205.0421,13.2152,14.5576,14.1,B
66,sa2/customer-feedback,14378.22,3954.66,7365.67,0.0,0,330,320.8395,13.1123,14.5576,14.5,B
66,sa3/customer-feedback,15557.25,3527.07,7004.1,0.0,0,6471,6291.3703,14.1567,14.5576,14.6,B
66,sa4/customer-feedback,13408.12,3103.78,6630.77,0.0,0,462,449.1753,12.2037,14.5576,15.2,B
66,es-stress-d2/elasticsearch-dynamic-0,11.69,311731.06,1414.08,0.0039,1,1408,1368.9151,12.779,14.5576,0.0078,B
66,es-stress-d3/elasticsearch-dynamic-0,10.28,311744.38,1414.09,0.0039,1,778,756.4033,12.7783,14.5576,0.013,B
66,es-stress-d4/elasticsearch-dynamic-0,10.66,311756.25,1414.08,0.0,0,1538,1495.3064,12.7791,14.5576,0.013,B
66,es-stress-d/elasticsearch-dynamic-0,9.06,311754.87,1414.09,0.0,0,1047,1017.9361,12.7776,14.5576,0.0104,B
67,sa1/customer-feedback,13385.91,9547.41,12752.78,0.0,0,348,743.6002,9.3462,14.4888,13.2,B
67,sa2/customer-feedback,13932.81,3955.98,7365.67,0.0,0,288,615.3933,9.5454,14.4888,13.7,B
67,sa3/customer-feedback,15473.84,3528.25,7004.1,0.0,0,1779,3801.3356,10.5747,14.4888,15.4,B
67,sa4/customer-feedback,14376.23,3104.31,6630.77,0.0,0,295,630.3508,9.8193,14.4888,14.7,B
67,es-stress-d2/elasticsearch-dynamic-0,6.89,311730.62,1414.08,0.0,0,823,1758.5718,9.5228,14.4888,0.0045,B
67,es-stress-d3/elasticsearch-dynamic-0,6.89,311744.13,1414.09,0.0039,1,1171,2502.172,9.5233,14.4888,0.0068,B
67,es-stress-d4/elasticsearch-dynamic-0,7.38,311756.25,1414.08,0.0,0,969,2070.542,9.524,14.4888,0.0045,B
67,es-stress-d/elasticsearch-dynamic-0,6.52,311755.12,1414.09,0.0,0,779,1664.5534,9.5233,14.4888,0.0023,B
68,sa1/customer-feedback,14643.79,9546.14,12752.78,4.0352,40,2068,2111.5813,12.5016,14.1126,17.4,B
68,sa2/customer-feedback,12749.73,3954.1,7365.67,0.0,0,284,289.985,10.7211,14.1126,17.6,B
68,sa3/customer-feedback,14079.53,3530.02,7004.1,4.0273,40,5646,5764.9845,11.8079,14.1126,19.2,B
68,sa4/customer-feedback,15828.67,3100.88,6630.77,0.0,0,479,489.0945,13.2423,14.1126,20.2,B
68,es-stress-d2/elasticsearch-dynamic-0,12.8,311730.63,1414.08,0.0078,2,733,748.4473,11.7106,14.1126,0.016,B
68,es-stress-d3/elasticsearch-dynamic-0,11.9,311744.4,1414.09,0.0,0,1094,1117.0551,11.7104,14.1126,0.0128,B
68,es-stress-d4/elasticsearch-dynamic-0,12.93,311756.01,1414.08,0.0,0,448,457.4412,11.7117,14.1126,0.016,B
68,es-stress-d/elasticsearch-dynamic-0,11.52,311755.12,1414.09,0.0039,1,797,813.7961,11.7105,14.1126,0.0128,B
69,sa1/customer-feedback,15085.93,9547.35,12752.78,0.0,0,3936,2248.0381,10.5501,14.9305,13.8,B
69,sa2/customer-feedback,15080.41,3953.83,7365.67,0.0,0,353,201.6152,10.3737,14.9305,13.5,B
69,sa3/customer-feedback,14086.5,3531.78,7004.1,0.0,0,3766,2150.943,9.685,14.9305,15.5,B
69,sa4/customer-feedback,13253.33,3105.12,6630.77,4.1133,40,346,197.6172,9.1054,14.9305,13.6,B
69,es-stress-d2/elasticsearch-dynamic-0,7.11,311731.16,1414.08,0.0039,2,1458,832.7336,9.627,14.9305,0.0096,B
69,es-stress-d3/elasticsearch-dynamic-0,7.22,311744.15,1414.09,0.0,0,1202,686.5198,9.6274,14.9305,0.0096,B
69,es-stress-d4/elasticsearch-dynamic-0,7.48,311756.01,1414.08,0.0039,2,3398,1940.7606,9.628,14.9305,0.0048,B
69,es-stress-d/elasticsearch-dynamic-0,6.85,311754.87,1414.09,0.0273,6,1680,959.5285,9.6275,14.9305,0.0048,B
70,sa1/customer-feedback,14221.93,9546.12,12752.78,0.0,0,10274,8714.5813,10.992,13.956,15.1,B
70,sa2/customer-feedback,16689.64,3953.01,7365.67,4.0898,40,2549,2162.1051,12.6475,13.956,15.2,B
70,sa3/customer-feedback,13812.85,3531.83,7004.1,0.0,0,2269,1924.6043,10.4765,13.956,14.5,B
70,sa4/customer-feedback,13952.14,3101.43,6630.77,0.0,0,455,385.9387,10.5659,13.956,15.9,B
70,es-stress-d2/elasticsearch-dynamic-0,11.04,311730.73,1414.08,0.0312,7,1323,1122.1911,10.837,13.956,0.0106,B
70,es-stress-d3/elasticsearch-dynamic-0,11.41,311744.24,1414.09,0.0078,2,638,541.1624,10.8378,13.956,0.0132,B
70,es-stress-d4/elasticsearch-dynamic-0,10.59,311756.1,1414.08,0.0039,1,895,759.1542,10.8376,13.956,0.0211,B
70,es-stress-d/elasticsearch-dynamic-0,12.35,311754.96,1414.09,0.0039,1,898,761.6989,10.8388,13.956,0.0132,B
71,sa1/customer-feedback,13797.43,9547.8,12752.78,0.0,0,213,96.9865,9.7298,14.0548,17.7,B
71,sa2/customer-feedback,12525.66,3951.3,7365.67,0.0,0,249,113.3786,8.6917,14.0548,16.7,B
71,sa3/customer-feedback,15060.54,3532.82,7004.1,0.0,0,4217,1920.1508,10.4142,14.0548,17.7,B
71,sa4/customer-feedback,14050.6,3109.44,6630.77,0.0,0,322,146.6181,9.7102,14.0548,16.6,B
71,es-stress-d2/elasticsearch-dynamic-0,7.54,311730.72,1414.08,0.0,0,766,348.7872,9.3445,14.0548,0.0116,B
71,es-stress-d3/elasticsearch-dynamic-0,7.83,311744.49,1414.09,0.0352,6,781,355.6172,9.3451,14.0548,0.0029,B
71,es-stress-d4/elasticsearch-dynamic-0,7.25,311756.1,1414.08,0.0,0,2134,971.6865,9.345,14.0548,0.0087,B
71,es-stress-d/elasticsearch-dynamic-0,6.55,311754.96,1414.09,0.0,0,2258,1028.1481,9.3445,14.0548,0.0145,B
72,sa1/customer-feedback,15565.97,9548.48,12752.78,0.0,0,1832,3975.7525,21.0185,13.7489,18.8,B
72,sa2/customer-feedback,14711.14,3956.82,7365.67,0.0,0,337,731.3475,19.5581,13.7489,19.9,B
72,sa3/customer-feedback,13343.37,3533.3,7004.1,0.0,0,261,566.4145,17.7364,13.7489,15.0,B
72,sa4/customer-feedback,14616.75,3107.88,6630.77,0.0,0,323,700.9651,19.3829,13.7489,14.3,B
72,es-stress-d2/elasticsearch-dynamic-0,9.26,311730.98,1414.08,0.0039,1,2531,5492.7018,18.8412,13.7489,0.0078,B
72,es-stress-d3/elasticsearch-dynamic-0,10.34,311744.3,1414.09,0.0039,1,1813,3934.5193,18.8435,13.7489,0.0078,B
72,es-stress-d4/elasticsearch-dynamic-0,12.47,311756.59,1414.08,0.0312,4,550,1193.5938,18.847,13.7489,0.0117,B
72,es-stress-d/elasticsearch-dynamic-0,12.1,311755.28,1414.09,0.0039,1,472,1024.3205,18.8464,13.7489,0.0117,B
73,sa1/customer-feedback,13859.76,9546.92,12752.78,0.0,0,2367,3568.2678,10.5175,14.7465,17.6,B
73,sa2/customer-feedback,15755.53,3954.84,7365.67,0.0,0,332,500.4921,11.7289,14.7465,16.0,B
73,sa3/customer-feedback,14950.42,3531.92,7004.1,0.0,0,4172,6289.317,11.1223,14.7465,18.3,B
73,sa4/customer-feedback,12101.61,3106.12,6630.77,0.0,0,652,982.8942,9.0111,14.7465,15.6,B
73,es-stress-d2/elasticsearch-dynamic-0,9.99,311730.79,1414.08,0.0,0,1119,1686.8997,10.2762,14.7465,0.006,B
73,es-stress-d3/elasticsearch-dynamic-0,9.61,311744.3,1414.09,0.0,0,784,1181.8851,10.2764,14.7465,0.0149,B
73,es-stress-d4/elasticsearch-dynamic-0,7.33,311756.35,1414.08,0.0039,1,848,1278.3655,10.2751,14.7465,0.009,B
73,es-stress-d/elasticsearch-dynamic-0,6.61,311755.28,1414.09,0.0039,2,1642,2475.3256,10.2745,14.7465,0.006,B
74,sa1/customer-feedback,12917.34,9546.79,12752.78,3.9453,40,706,682.3061,11.2885,13.5865,15.2,B
74,sa2/customer-feedback,11735.44,3953.59,7365.67,0.0,0,277,267.7037,10.0921,13.5865,16.0,B
74,sa3/customer-feedback,13762.41,3534.32,7004.1,4.0508,40,227,219.3817,11.7971,13.5865,15.4,B
74,sa4/customer-feedback,13273.26,3108.84,6630.77,0.0,0,255,246.442,11.3674,13.5865,14.9,B
74,es-stress-d2/elasticsearch-dynamic-0,11.6,311730.99,1414.08,0.0039,1,1005,971.2714,10.8064,13.5865,0.0156,B
74,es-stress-d3/elasticsearch-dynamic-0,12.58,311744.52,1414.09,0.0039,1,1101,1064.0496,10.8077,13.5865,0.0156,B
74,es-stress-d4/elasticsearch-dynamic-0,10.76,311756.23,1414.08,0.0039,1,1065,1029.2578,10.8065,13.5865,0.0156,B
74,es-stress-d/elasticsearch-dynamic-0,10.47,311755.17,1414.09,0.0078,2,828,800.2117,10.8063,13.5865,0.0156,B
75,sa1/customer-feedback,28742.48,9544.9,12752.78,0.0,0,617388,96186.1546,4.2928,9.072,16.3,B
75,sa2/customer-feedback,55424.12,3951.54,7365.67,0.0,0,699218,108934.8848,8.0012,9.072,16.2,B
75,sa3/customer-feedback,44722.43,3530.07,7004.1,0.0,0,802388,125008.2869,6.4628,9.072,17.9,B
75,sa4/customer-feedback,40652.27,3108.18,6630.77,4.043,40,477242,74352.0652,5.8727,9.072,14.9,B
75,es-stress-d2/elasticsearch-dynamic-0,4.02,311730.95,1414.08,0.0,0,4909,764.7992,5.9656,9.072,0.0055,B
75,es-stress-d3/elasticsearch-dynamic-0,3.79,311744.49,1414.09,0.0,0,5978,931.3444,5.9658,9.072,0.0055,B
75,es-stress-d4/elasticsearch-dynamic-0,4.08,311756.45,1414.08,0.0,0,4758,741.2741,5.9661,9.072,0.0138,B
75,es-stress-d/elasticsearch-dynamic-0,3.85,311755.39,1414.09,0.0195,8,5985,932.4349,5.966,9.072,0.0055,B
76,sa1/customer-feedback,57949.7,9545.16,12752.78,0.0,0,1199779,198690.0125,1295.9224,7.8155,14.3,B
76,sa2/customer-feedback,66101.47,3950.73,7365.67,0.0,0,1129815,187103.5886,1449.9651,7.8155,12.5,B
76,sa3/customer-feedback,49022.79,3529.31,7004.1,0.0,0,1406798,232973.4995,1077.7777,7.8155,13.8,B
76,sa4/customer-feedback,64820.6,3106.65,6630.77,0.0,0,1005703,166549.9577,1418.7426,7.8155,13.2,B
76,es-stress-d2/elasticsearch-dynamic-0,4.49,311731.21,1414.08,0.0273,7,5632,932.6902,1269.7513,7.8155,0.0151,B
76,es-stress-d3/elasticsearch-dynamic-0,7.94,311744.83,1414.09,0.0039,1,7804,1292.3854,1269.8816,7.8155,0.0125,B
76,es-stress-d4/elasticsearch-dynamic-0,4.45,311756.45,1414.08,0.0078,2,10175,1685.0361,1269.8532,7.8155,0.0151,B
76,es-stress-d/elasticsearch-dynamic-0,4.23,311756.14,1414.09,0.0039,1,3853,638.078,1269.8472,7.8155,0.0075,B
77,sa1/customer-feedback,31603.92,9545.33,12752.78,0.0,0,143796,28106.416,11.9546,11.4178,23.8,B
77,sa2/customer-feedback,23133.68,3954.29,7365.67,4.0391,38,168787,32991.1656,8.6593,11.4178,43.0,B
77,sa3/customer-feedback,23347.86,3531.73,7004.1,0.0,0,378379,73958.0906,8.7257,11.4178,35.4,B
77,sa4/customer-feedback,25235.56,3107.43,6630.77,0.0,0,185435,36245.1894,9.4098,11.4178,28.4,B
77,es-stress-d2/elasticsearch-dynamic-0,5.36,311731.21,1414.08,0.0,0,4356,851.4253,9.3884,11.4178,0.0014,B
77,es-stress-d3/elasticsearch-dynamic-0,6.09,311744.57,1414.09,0.0195,8,5345,1044.7356,9.3891,11.4178,0.0,B
77,es-stress-d4/elasticsearch-dynamic-0,8.66,311756.45,1414.08,0.0,0,4540,887.39,9.3904,11.4178,0.0,B
77,es-stress-d/elasticsearch-dynamic-0,9.51,311755.39,1414.09,0.0,0,4437,867.2576,9.3907,11.4178,0.0014,B
78,sa1/customer-feedback,14363.01,9550.96,12752.78,0.0,0,326,717.2306,13.1579,13.8534,120.0,B
78,sa2/customer-feedback,12977.96,3955.8,7365.67,0.0,0,297,653.4278,11.71,13.8534,142.0,B
78,sa3/customer-feedback,13772.8,3532.29,7004.1,0.0,0,1077,2369.5009,12.4017,13.8534,91.3,B
78,sa4/customer-feedback,13349.23,3106.98,6630.77,0.0,0,1829,4023.9714,12.0081,13.8534,152.0,B
78,es-stress-d2/elasticsearch-dynamic-0,8.46,311730.96,1414.08,0.0039,1,1306,2873.3224,11.9486,13.8534,0.0106,B
78,es-stress-d3/elasticsearch-dynamic-0,9.22,311744.59,1414.09,0.0039,1,686,1509.2643,11.9498,13.8534,0.0213,B
78,es-stress-d4/elasticsearch-dynamic-0,10.32,311756.2,1414.08,0.0234,9,861,1894.2807,11.9513,13.8534,0.0159,B
78,es-stress-d/elasticsearch-dynamic-0,8.52,311755.21,1414.09,0.0039,1,1140,2508.1068,11.9496,13.8534,0.0106,B
79,sa1/customer-feedback,13367.21,9551.84,12752.78,0.0,0,1704,2253.009,8.9103,14.5606,35.8,B
79,sa2/customer-feedback,15989.52,3954.81,7365.67,0.0,0,2441,3227.4618,10.4372,14.5606,42.2,B
79,sa3/customer-feedback,13751.89,3534.86,7004.1,0.0,0,2017,2666.8539,8.9805,14.5606,39.2,B
79,sa4/customer-feedback,14945.79,3107.78,6630.77,0.0,0,289,382.1124,9.7385,14.5606,33.3,B
79,es-stress-d2/elasticsearch-dynamic-0,7.1,311730.96,1414.08,0.0039,2,768,1015.4407,9.2275,14.5606,0.012,B
79,es-stress-d3/elasticsearch-dynamic-0,7.31,311744.58,1414.09,0.0,0,1415,1870.8965,9.228,14.5606,0.012,B
79,es-stress-d4/elasticsearch-dynamic-0,8.06,311756.2,1414.08,0.0,0,671,887.1884,9.2288,14.5606,0.0179,B
79,es-stress-d/elasticsearch-dynamic-0,7.13,311755.21,1414.09,0.0078,4,1881,2487.0363,9.2282,14.5606,0.0419,B
80,sa1/customer-feedback,14207.72,9553.95,12752.78,4.1523,40,3001,1835.8085,12.5713,14.1768,16.1,B
80,sa2/customer-feedback,15634.32,3956.02,7365.67,0.0,0,249,152.3213,13.5626,14.1768,15.7,B
80,sa3/customer-feedback,16103.89,3538.75,7004.1,4.0859,40,3876,2371.0743,13.9478,14.1768,14.6,B
80,sa4/customer-feedback,15129.58,3108.8,6630.77,0.0,0,2554,1562.3642,13.095,14.1768,14.5,B
80,es-stress-d2/elasticsearch-dynamic-0,9.5,311730.96,1414.08,0.0039,1,1351,826.4503,12.8934,14.1768,0.0111,B
80,es-stress-d3/elasticsearch-dynamic-0,10.2,311744.86,1414.09,0.0078,3,5578,3412.2426,12.8946,14.1768,0.0111,B
80,es-stress-d4/elasticsearch-dynamic-0,9.62,311756.23,1414.08,0.0078,3,1543,943.9029,12.8946,14.1768,0.0083,B
80,es-stress-d/elasticsearch-dynamic-0,9.84,311755.46,1414.09,0.0039,1,643,393.3438,12.8947,14.1768,0.0056,B
81,sa1/customer-feedback,16599.92,9551.84,12752.78,0.0,0,2078,4048.439,10.4707,14.8791,21.7,B
81,sa2/customer-feedback,13215.69,3955.28,7365.67,0.0,0,485,944.8955,8.2321,14.8791,23.4,B
81,sa3/customer-feedback,13897.01,3538.57,7004.1,0.0,0,1038,2022.2712,8.6389,14.8791,19.0,B
81,sa4/customer-feedback,14978.29,3108.33,6630.77,4.0117,38,315,613.695,9.2909,14.8791,22.0,B
81,es-stress-d2/elasticsearch-dynamic-0,7.36,311731.46,1414.08,0.0,0,880,1714.4496,8.8798,14.8791,0.0073,B
81,es-stress-d3/elasticsearch-dynamic-0,7.34,311744.61,1414.09,0.0,0,1109,2160.5961,8.8801,14.8791,0.0109,B
81,es-stress-d4/elasticsearch-dynamic-0,7.6,311756.48,1414.08,0.0,0,2237,4358.2088,8.8806,14.8791,0.0073,B
81,es-stress-d/elasticsearch-dynamic-0,6.49,311755.22,1414.09,0.0273,6,1699,3310.0567,8.8799,14.8791,0.0073,B
82,sa1/customer-feedback,40059.97,9549.41,12752.78,0.0,0,1240298,216446.8916,17.8316,7.8155,17.5,B
82,sa2/customer-feedback,66459.07,3953.33,7365.67,0.0,0,643579,112312.2621,28.7937,7.8155,17.1,B
82,sa3/customer-feedback,37688.03,3537.12,7004.1,0.0,0,1304705,227686.6864,16.4144,7.8155,17.9,B
82,sa4/customer-feedback,51584.81,3107.98,6630.77,0.0,0,599350,104593.7706,22.352,7.8155,17.8,B
82,es-stress-d2/elasticsearch-dynamic-0,6.94,311731.07,1414.08,0.0352,8,5996,1046.374,20.6842,7.8155,0.0143,B
82,es-stress-d3/elasticsearch-dynamic-0,7.21,311745.14,1414.09,0.0078,2,7782,1358.0524,20.6853,7.8155,0.0115,B
82,es-stress-d4/elasticsearch-dynamic-0,6.21,311756.51,1414.08,0.0078,2,5215,910.0801,20.6856,7.8155,0.0115,B
82,es-stress-d/elasticsearch-dynamic-0,5.33,311755.82,1414.09,0.0078,2,9603,1675.8388,20.6852,7.8155,0.0143,B
83,sa1/customer-feedback,28635.79,9551.05,12752.78,0.0,0,679176,120735.5225,7.1391,9.6538,16.6,B
83,sa2/customer-feedback,32455.21,3956.72,7365.67,3.9453,40,158458,28168.7065,7.9149,9.6538,15.4,B
83,sa3/customer-feedback,32549.86,3539.18,7004.1,0.0,0,791313,140669.8537,7.927,9.6538,14.7,B
83,sa4/customer-feedback,41507.34,3108.0,6630.77,0.0,0,159773,28402.471,10.0724,9.6538,16.5,B
83,es-stress-d2/elasticsearch-dynamic-0,5.07,311731.32,1414.08,0.0,0,5979,1062.8728,8.0067,9.6538,0.0084,B
83,es-stress-d3/elasticsearch-dynamic-0,5.84,311744.96,1414.09,0.0312,4,7843,1394.2317,8.0072,9.6538,0.0111,B
83,es-stress-d4/elasticsearch-dynamic-0,5.62,311756.33,1414.08,0.0,0,3610,641.7412,8.0074,9.6538,0.0056,B
83,es-stress-d/elasticsearch-dynamic-0,4.98,311755.32,1414.09,0.0,0,5898,1048.4736,8.0073,9.6538,0.0056,B
84,sa1/customer-feedback,13518.72,9548.48,12752.78,0.0,0,321,556.4285,14.1922,14.3555,71.0,B
84,sa2/customer-feedback,13703.74,3954.97,7365.67,0.0,0,335,580.6964,14.124,14.3555,158.0,B
84,sa3/customer-feedback,14691.69,3537.02,7004.1,0.0,0,505,875.3782,15.11,14.3555,85.6,B
84,sa4/customer-feedback,15122.45,3111.1,6630.77,0.0,0,3746,6493.3992,15.5288,14.3555,165.0,B
84,es-stress-d2/elasticsearch-dynamic-0,13.29,311731.35,1414.08,0.0039,1,1641,2844.5457,14.3016,14.3555,0.0219,B
84,es-stress-d3/elasticsearch-dynamic-0,12.63,311745.24,1414.09,0.0039,1,1156,2003.836,14.3016,14.3555,0.0073,B
84,es-stress-d4/elasticsearch-dynamic-0,9.98,311756.62,1414.08,0.0273,9,1857,3218.9649,14.2994,14.3555,0.0073,B
84,es-stress-d/elasticsearch-dynamic-0,10.9,311755.64,1414.09,0.0039,1,1140,1976.1012,14.3003,14.3555,0.0073,B
85,sa1/customer-feedback,15757.91,9553.71,12752.78,0.0,0,2158,3208.3473,9.9884,15.0211,76.6,B
85,sa2/customer-feedback,15315.01,3956.66,7365.67,0.0,0,349,518.8662,9.5583,15.0211,76.7,B
85,sa3/customer-feedback,13445.1,3540.82,7004.1,0.0,0,945,1404.9528,8.3931,15.0211,83.3,B
85,sa4/customer-feedback,13041.92,3112.47,6630.77,0.0,0,329,489.1317,8.1324,15.0211,56.1,B
85,es-stress-d2/elasticsearch-dynamic-0,8.47,311731.57,1414.08,0.0,0,2034,3023.9937,8.7462,15.0211,0.0089,B
85,es-stress-d3/elasticsearch-dynamic-0,10.5,311744.96,1414.09,0.0,0,1005,1494.1562,8.7478,15.0211,0.0357,B
85,es-stress-d4/elasticsearch-dynamic-0,10.6,311756.84,1414.08,0.0,0,1841,2737.0563,8.7482,15.0211,0.0357,B
85,es-stress-d/elasticsearch-dynamic-0,9.45,311755.85,1414.09,0.0,0,1064,1581.8728,8.7475,15.0211,0.0179,B
86,sa1/customer-feedback,14689.95,9553.82,12752.78,0.0,0,2210,2295.1204,13.115,14.373,15.1,B
86,sa2/customer-feedback,15136.5,3963.84,7365.67,0.0,0,375,389.4435,13.277,14.373,14.3,B
86,sa3/customer-feedback,13793.76,3537.61,7004.1,3.9102,38,3472,3605.7276,12.0962,14.373,14.7,B
86,sa4/customer-feedback,15173.11,3110.81,6630.77,0.0,0,4344,4511.3136,13.2744,14.373,16.2,B
86,es-stress-d2/elasticsearch-dynamic-0,11.45,311731.33,1414.08,0.0078,2,942,978.2821,12.5557,14.373,0.0233,B
86,es-stress-d3/elasticsearch-dynamic-0,13.59,311745.71,1414.09,0.0039,1,443,460.0626,12.5582,14.373,0.0155,B
86,es-stress-d4/elasticsearch-dynamic-0,14.06,311756.84,1414.08,0.0039,1,332,344.7873,12.559,14.373,0.0129,B
86,es-stress-d/elasticsearch-dynamic-0,14.39,311755.91,1414.09,0.0039,1,994,1032.2849,12.5593,14.373,0.0181,B
87,sa1/customer-feedback,15052.53,9552.37,12752.78,4.0039,38,2415,3990.699,8.8898,13.9692,15.5,B
87,sa2/customer-feedback,12833.27,3958.29,7365.67,0.0,0,274,452.775,7.4645,13.9692,17.0,B
87,sa3/customer-feedback,16169.22,3536.51,7004.1,0.0,0,3093,5111.0691,9.3651,13.9692,15.3,B
87,sa4/customer-feedback,16464.59,3111.43,6630.77,4.1055,40,9771,16146.2193,9.5228,13.9692,16.2,B
87,es-stress-d2/elasticsearch-dynamic-0,6.51,311731.33,1414.08,0.0,0,946,1563.2303,8.5416,13.9692,0.0057,B
87,es-stress-d3/elasticsearch-dynamic-0,7.05,311744.97,1414.09,0.0,0,2461,4066.7123,8.5423,13.9692,0.0143,B
87,es-stress-d4/elasticsearch-dynamic-0,7.15,311756.59,1414.08,0.0,0,650,1074.1012,8.5427,13.9692,0.0086,B
87,es-stress-d/elasticsearch-dynamic-0,6.18,311755.66,1414.09,0.0273,8,660,1090.6258,8.5421,13.9692,0.0057,B
88,sa1/customer-feedback,16956.09,9558.71,12752.78,0.0,0,6093,2685.1678,14.6241,14.4992,20.3,B
88,sa2/customer-feedback,16505.76,3958.36,7365.67,0.0,0,8908,3925.7303,14.0231,14.4992,18.7,B
88,sa3/customer-feedback,13134.83,3538.82,7004.1,0.0,0,1000,440.6972,11.1746,14.4992,19.0,B
88,sa4/customer-feedback,13361.1,3113.63,6630.77,0.0,0,8785,3871.5246,11.3478,14.4992,18.5,B
88,es-stress-d2/elasticsearch-dynamic-0,11.54,311731.33,1414.08,0.0312,9,2259,995.5349,12.4101,14.4992,0.0118,B
88,es-stress-d3/elasticsearch-dynamic-0,12.07,311745.46,1414.09,0.0117,4,525,231.366,12.4111,14.4992,0.0235,B
88,es-stress-d4/elasticsearch-dynamic-0,11.97,311756.85,1414.08,0.0039,1,3444,1517.761,12.4115,14.4992,0.0206,B
88,es-stress-d/elasticsearch-dynamic-0,11.08,311755.92,1414.09,0.0039,1,944,416.0181,12.4107,14.4992,0.0265,B
89,sa1/customer-feedback,14338.71,9555.93,12752.78,0.0,0,226,166.0896,8.0209,13.4552,16.0,B
89,sa2/customer-feedback,15481.66,3958.61,7365.67,4.1133,40,347,255.0136,8.5061,13.4552,15.7,B
89,sa3/customer-feedback,13955.44,3539.21,7004.1,0.0,0,6959,5114.2354,7.6669,13.4552,14.2,B
89,sa4/customer-feedback,12712.85,3113.63,6630.77,0.0,0,343,252.074,6.9815,13.4552,19.6,B
89,es-stress-d2/elasticsearch-dynamic-0,6.9,311731.33,1414.08,0.0,0,578,424.7777,7.5567,13.4552,0.0088,B
89,es-stress-d3/elasticsearch-dynamic-0,7.07,311744.96,1414.09,0.0234,9,960,705.5131,7.5571,13.4552,0.0088,B
89,es-stress-d4/elasticsearch-dynamic-0,7.63,311756.9,1414.08,0.0039,2,811,596.0116,7.5577,13.4552,0.0029,B
89,es-stress-d/elasticsearch-dynamic-0,6.49,311755.67,1414.09,0.0,0,752,552.652,7.5571,13.4552,0.0029,B
90,sa1/customer-feedback,16997.34,9559.21,12752.78,0.0,0,7283,10128.4783,16.8084,14.1902,15.4,B
90,sa2/customer-feedback,14090.62,3958.38,7365.67,0.0,0,456,634.1598,13.7424,14.1902,14.0,B
90,sa3/customer-feedback,16399.58,3540.36,7004.1,0.0,0,3544,4928.6458,15.9428,14.1902,11.8,B
90,sa4/customer-feedback,16116.39,3117.71,6630.77,0.0,0,1027,1428.2503,15.65,14.1902,12.5,B
90,es-stress-d2/elasticsearch-dynamic-0,9.93,311731.46,1414.08,0.0039,1,949,1319.7756,15.0668,14.1902,0.0086,B
90,es-stress-d3/elasticsearch-dynamic-0,10.37,311745.29,1414.09,0.0,0,1907,2652.0676,15.0679,14.1902,0.0107,B
90,es-stress-d4/elasticsearch-dynamic-0,9.77,311756.65,1414.08,0.0273,7,941,1308.65,15.0678,14.1902,0.015,B
90,es-stress-d/elasticsearch-dynamic-0,8.75,311755.67,1414.09,0.0039,1,1013,1408.7805,15.0668,14.1902,0.0086,B
91,sa1/customer-feedback,14221.74,9556.1,12752.78,0.0,0,321,413.3001,10.5288,14.9351,18.5,B
91,sa2/customer-feedback,14645.81,3957.1,7365.67,0.0,0,302,388.8369,10.6587,14.9351,17.4,B
91,sa3/customer-feedback,13699.53,3539.88,7004.1,0.0,0,2713,3493.0941,9.965,14.9351,20.6,B
91,sa4/customer-feedback,12508.2,3113.15,6630.77,0.0,0,242,311.5845,9.0947,14.9351,15.3,B
91,es-stress-d2/elasticsearch-dynamic-0,6.85,311731.46,1414.08,0.0,0,1972,2539.0275,9.7559,14.9351,0.0084,B
91,es-stress-d3/elasticsearch-dynamic-0,7.85,311745.04,1414.09,0.0,0,901,1160.0729,9.757,14.9351,0.0084,B
91,es-stress-d4/elasticsearch-dynamic-0,7.41,311756.9,1414.08,0.0,0,1014,1305.5649,9.7571,14.9351,0.0084,B
91,es-stress-d/elasticsearch-dynamic-0,5.99,311755.67,1414.09,0.0,0,1452,1869.5071,9.756,14.9351,0.0028,B
92,sa1/customer-feedback,14122.15,9555.35,12752.78,0.0,0,4160,1970.4556,12.4626,14.088,13.5,B
92,sa2/customer-feedback,14548.29,3957.98,7365.67,0.0,0,3060,1449.4217,12.6059,14.088,14.3,B
92,sa3/customer-feedback,15380.73,3541.86,7004.1,4.0234,40,8088,3831.0205,13.3018,14.088,12.5,B
92,sa4/customer-feedback,14459.32,3116.32,6630.77,0.0,0,5181,2454.0699,12.4965,14.088,14.9,B
92,es-stress-d2/elasticsearch-dynamic-0,10.97,311731.47,1414.08,0.0039,1,1403,664.5551,12.3365,14.088,0.0068,B
92,es-stress-d3/elasticsearch-dynamic-0,12.47,311745.59,1414.09,0.0039,1,1374,650.8188,12.3383,14.088,0.0091,B
92,es-stress-d4/elasticsearch-dynamic-0,11.57,311756.78,1414.08,0.0039,1,1801,853.0747,12.338,14.088,0.0113,B
92,es-stress-d/elasticsearch-dynamic-0,11.05,311756.04,1414.09,0.0078,2,2729,1292.6378,12.3375,14.088,0.0113,B
93,sa1/customer-feedback,18237.28,9555.94,12752.78,3.9414,40,8285,4671.8724,14.671,13.9,16.1,B
93,sa2/customer-feedback,15350.17,3958.97,7365.67,0.0,0,371,209.2051,12.1902,13.9,17.3,B
93,sa3/customer-feedback,14237.11,3544.1,7004.1,0.0,0,4576,2580.3848,11.3013,13.9,16.9,B
93,sa4/customer-feedback,14761.26,3115.14,6630.77,0.0,0,1020,575.1732,11.6957,13.9,15.5,B
93,es-stress-d2/elasticsearch-dynamic-0,7.08,311731.98,1414.08,0.0,0,616,347.3595,12.0843,13.9,0.0119,B
93,es-stress-d3/elasticsearch-dynamic-0,7.2,311745.09,1414.09,0.0039,1,1355,764.0781,12.0849,13.9,0.009,B
93,es-stress-d4/elasticsearch-dynamic-0,7.69,311757.03,1414.08,0.0,0,7994,4507.7789,12.0857,13.9,0.009,B
93,es-stress-d/elasticsearch-dynamic-0,6.71,311756.29,1414.09,0.0273,6,1700,958.622,12.0849,13.9,0.006,B
94,sa1/customer-feedback,14730.67,9557.66,12752.78,0.0,0,2020,3526.9619,22.4049,13.9542,18.9,B
94,sa2/customer-feedback,14320.88,3959.54,7365.67,0.0,0,305,532.5363,21.4061,13.9542,19.2,B
94,sa3/customer-feedback,16130.64,3545.41,7004.1,0.0,0,1657,2893.1563,24.0468,13.9542,20.5,B
94,sa4/customer-feedback,15221.57,3115.8,6630.77,4.043,40,1279,2233.1605,22.6754,13.9542,19.2,B
94,es-stress-d2/elasticsearch-dynamic-0,24.27,311731.82,1414.08,0.0273,9,352,614.5993,21.9931,13.9542,0.016,B
94,es-stress-d3/elasticsearch-dynamic-0,23.79,311746.74,1414.09,0.0,0,257,448.7273,21.9934,13.9542,0.016,B
94,es-stress-d4/elasticsearch-dynamic-0,23.88,311757.43,1414.08,0.0,0,2869,5009.3334,21.9943,13.9542,0.0128,B
94,es-stress-d/elasticsearch-dynamic-0,25.05,311755.92,1414.09,0.0039,1,527,920.1529,21.9959,13.9542,0.016,B
95,sa4/customer-feedback,30915.38,3113.82,6630.77,0.0,0,563589,97693.0752,8.5809,10.6166,16.9,B
95,sa1/customer-feedback,28147.41,9555.73,12752.78,0.0,0,530853,92018.5845,7.9885,10.6166,19.4,B
95,sa2/customer-feedback,25409.81,3963.84,7365.67,4.0312,40,511313,88631.5016,7.0895,10.6166,15.8,B
95,sa3/customer-feedback,36124.0,3543.0,7004.1,0.0,0,220051,38143.8582,10.0241,10.6166,17.2,B
95,es-stress-d/elasticsearch-dynamic-0,4.95,311755.92,1414.09,0.0,0,4676,810.5425,8.1598,10.6166,0.008,B
95,es-stress-d2/elasticsearch-dynamic-0,5.12,311731.58,1414.08,0.0,0,2480,429.8857,8.1592,10.6166,0.008,B
95,es-stress-d3/elasticsearch-dynamic-0,5.9,311745.56,1414.09,0.0273,6,6264,1085.808,8.1598,10.6166,0.0107,B
95,es-stress-d4/elasticsearch-dynamic-0,5.42,311757.2,1414.08,0.0078,2,4676,810.5425,8.16,10.6166,0.0133,B
96,sa1/customer-feedback,52133.73,9551.88,12752.78,0.0,0,1259994,245028.2761,9.4904,7.8155,15.6,B
96,sa2/customer-feedback,48660.89,3958.12,7365.67,0.0,0,1171025,227726.6693,8.7042,7.8155,15.8,B
96,sa3/customer-feedback,66125.04,3540.2,7004.1,0.0,0,361300,70261.2204,11.7711,7.8155,15.7,B
96,sa4/customer-feedback,56200.75,3113.47,6630.77,0.0,0,770746,149885.2881,10.0077,7.8155,16.1,B
96,es-stress-d2/elasticsearch-dynamic-0,3.95,311731.83,1414.08,0.0078,3,8039,1563.3267,9.6813,7.8155,0.0115,B
96,es-stress-d3/elasticsearch-dynamic-0,4.49,311745.32,1414.09,0.0078,3,6712,1305.268,9.6818,7.8155,0.0269,B
96,es-stress-d4/elasticsearch-dynamic-0,5.18,311757.01,1414.08,0.0312,11,12009,2335.364,9.6823,7.8155,0.0231,B
96,es-stress-d/elasticsearch-dynamic-0,5.13,311755.92,1414.09,0.0078,3,9321,1812.6345,9.6822,7.8155,0.0115,B
97,sa1/customer-feedback,46998.3,9551.39,12752.78,0.0,0,929937,192501.7273,6.3976,8.3352,22.9,B
97,sa2/customer-feedback,54993.51,3959.14,7365.67,0.0,0,834819,172811.8136,7.3311,8.3352,21.8,B
97,sa3/customer-feedback,51047.16,3540.83,7004.1,0.0,0,910392,188455.8121,6.8021,8.3352,24.1,B
97,sa4/customer-feedback,53280.75,3111.82,6630.77,0.0,0,536956,111152.6453,7.0872,8.3352,19.1,B
97,es-stress-d2/elasticsearch-dynamic-0,9.42,311731.58,1414.08,0.0,0,6507,1346.9824,6.6906,8.3352,0.0026,B
97,es-stress-d3/elasticsearch-dynamic-0,9.67,311745.31,1414.09,0.0,0,6240,1291.712,6.6909,8.3352,0.0039,B
97,es-stress-d4/elasticsearch-dynamic-0,14.59,311757.26,1414.08,0.0,0,4711,975.2012,6.6918,8.3352,0.0013,B
97,es-stress-d/elasticsearch-dynamic-0,12.91,311756.17,1414.09,0.0,0,6895,1427.3004,6.6916,8.3352,0.0026,B
98,sa1/customer-feedback,64808.06,9552.78,12752.78,0.0,0,825696,183324.1863,15.5195,7.8155,90.1,B
98,sa2/customer-feedback,47512.51,3962.17,7365.67,0.0,0,688272,152812.7838,11.2488,7.8155,89.8,B
98,sa3/customer-feedback,63603.37,3538.15,7004.1,0.0,0,797779,177125.9471,14.9836,7.8155,120.0,B
98,sa4/customer-feedback,54332.69,3111.92,6630.77,0.0,0,1086070,241133.4184,12.8034,7.8155,140.0,B
98,es-stress-d2/elasticsearch-dynamic-0,3.92,311731.65,1414.08,0.0039,1,5428,1205.1453,13.2127,7.8155,0.0146,B
98,es-stress-d3/elasticsearch-dynamic-0,3.82,311745.31,1414.09,0.0039,1,7753,1721.3507,13.2133,7.8155,0.0049,B
98,es-stress-d4/elasticsearch-dynamic-0,4.28,311757.33,1414.08,0.0,0,7770,1725.1251,13.2139,7.8155,0.0146,B
98,es-stress-d/elasticsearch-dynamic-0,4.39,311756.27,1414.09,0.0039,1,7479,1660.5162,13.2139,7.8155,0.0098,B
99,sa1/customer-feedback,14227.5,9557.07,12752.78,4.0547,40,2472,1762.423,12.5168,13.7939,111.0,B
99,sa2/customer-feedback,14984.55,3961.43,7365.67,0.0,0,2786,1986.2906,12.9377,13.7939,116.0,B
99,sa3/customer-feedback,13839.52,3542.53,7004.1,4.0938,40,372,265.219,11.9444,13.7939,113.0,B
99,sa4/customer-feedback,16594.12,3113.5,6630.77,0.0,0,5479,3906.2765,14.2762,13.7939,82.0,B
99,es-stress-d2/elasticsearch-dynamic-0,7.18,311731.65,1414.08,0.0,0,3101,2210.8712,12.5252,13.7939,0.0205,B
99,es-stress-d3/elasticsearch-dynamic-0,7.37,311745.31,1414.09,0.0,0,4108,2928.8162,12.5259,13.7939,0.0205,B
99,es-stress-d4/elasticsearch-dynamic-0,7.44,311757.33,1414.08,0.0039,1,1976,1408.7977,12.5264,13.7939,0.0307,B
99,es-stress-d/elasticsearch-dynamic-0,6.38,311756.23,1414.09,0.0234,6,3899,2779.8088,12.5255,13.7939,0.0256,B
100,sa1/customer-feedback,15831.85,9558.95,12752.78,0.0,0,410,810.9048,13.9571,14.5562,116.0,B
100,sa2/customer-feedback,13964.68,3962.12,7365.67,0.0,0,575,1137.2445,12.1358,14.5562,118.0,B
100,sa3/customer-feedback,13434.73,3544.48,7004.1,0.0,0,269,532.0326,11.6647,14.5562,111.0,B
100,sa4/customer-feedback,14635.5,3112.66,6630.77,4.043,40,697,1378.5381,12.678,14.5562,107.0,B
100,es-stress-d2/elasticsearch-dynamic-0,12.94,311731.72,1414.08,0.0195,7,926,1831.4581,12.2338,14.5562,0.011,B
100,es-stress-d3/elasticsearch-dynamic-0,13.34,311745.82,1414.09,0.0039,1,914,1807.7243,12.2347,14.5562,0.0165,B
100,es-stress-d4/elasticsearch-dynamic-0,10.47,311757.32,1414.08,0.0039,1,667,1319.2036,12.2327,14.5562,0.011,B
100,es-stress-d/elasticsearch-dynamic-0,10.0,311756.24,1414.09,0.0039,1,708,1400.2941,12.2322,14.5562,0.0165,B
101,sa1/customer-feedback,16464.73,9558.28,12752.78,0.0,0,376,131.0566,7.791,13.4589,13.4,B
101,sa2/customer-feedback,18381.42,3959.55,7365.67,3.9648,40,3140,1094.4621,8.5223,13.4589,14.1,B
101,sa3/customer-feedback,17029.63,3549.52,7004.1,0.0,0,10667,3718.0342,7.8925,13.4589,13.2,B
101,sa4/customer-feedback,20474.81,3122.99,6630.77,0.0,0,13087,4561.5369,9.4592,13.4589,13.6,B
101,es-stress-d2/elasticsearch-dynamic-0,6.62,311731.73,1414.08,0.0,0,2605,907.9853,8.1581,13.4589,0.0099,B
101,es-stress-d3/elasticsearch-dynamic-0,9.16,311745.31,1414.09,0.0156,6,897,312.6537,8.1596,13.4589,0.0074,B
101,es-stress-d4/elasticsearch-dynamic-0,6.88,311757.32,1414.08,0.0,0,10180,3548.288,8.1589,13.4589,0.0099,B
101,es-stress-d/elasticsearch-dynamic-0,6.08,311756.24,1414.09,0.0,0,1372,478.2172,8.1585,13.4589,0.0099,B
102,sa1/customer-feedback,22560.28,9556.86,12752.78,0.0,0,36604,12866.8237,13.0332,17.9612,16.3,B
102,sa2/customer-feedback,18278.93,3966.13,7365.67,0.0,0,28522,10025.8864,10.4317,17.9612,14.6,B
102,sa3/customer-feedback,17185.51,3544.72,7004.1,0.0,0,32074,11274.4646,9.8014,17.9612,14.6,B
102,sa4/customer-feedback,18232.46,3117.82,6630.77,0.0,0,10426,3664.8865,10.3767,17.9612,15.2,B
102,es-stress-d2/elasticsearch-dynamic-0,8.82,311731.97,1414.08,0.0078,2,2954,1038.3728,10.578,17.9612,0.0076,B
102,es-stress-d3/elasticsearch-dynamic-0,10.69,311745.57,1414.09,0.0039,1,2559,899.5247,10.5795,17.9612,0.0151,B
102,es-stress-d4/elasticsearch-dynamic-0,9.33,311757.07,1414.08,0.0156,6,5944,2089.4001,10.5792,17.9612,0.0101,B
102,es-stress-d/elasticsearch-dynamic-0,7.72,311755.99,1414.09,0.0039,1,1500,527.2712,10.5782,17.9612,0.0076,B
103,sa1/customer-feedback,15792.85,9557.23,12752.78,0.0,0,4110,5322.2208,12.505,14.3498,22.1,B
103,sa2/customer-feedback,15721.27,3963.07,7365.67,0.0,0,325,420.8569,12.236,14.3498,22.2,B
103,sa3/customer-feedback,15386.08,3546.77,7004.1,0.0,0,1252,1621.2702,11.9625,14.3498,24.9,B
103,sa4/customer-feedback,16106.41,3119.47,6630.77,0.0,0,2442,3162.2538,12.4998,14.3498,28.9,B
103,es-stress-d2/elasticsearch-dynamic-0,6.69,311731.97,1414.08,0.0,0,970,1256.0959,11.9246,14.3498,0.0088,B
103,es-stress-d3/elasticsearch-dynamic-0,6.57,311745.32,1414.09,0.0,0,1481,1917.8124,11.925,14.3498,0.0058,B
103,es-stress-d4/elasticsearch-dynamic-0,7.27,311757.32,1414.08,0.0039,1,1153,1493.0707,11.926,14.3498,0.0058,B
103,es-stress-d/elasticsearch-dynamic-0,6.24,311756.24,1414.09,0.0,0,1396,1807.7422,11.9252,14.3498,0.0088,B
104,sa1/customer-feedback,15618.79,9557.48,12752.78,0.0,0,4862,2864.8294,9.7605,14.0212,18.9,B
104,sa2/customer-feedback,15048.66,3964.11,7365.67,0.0,0,369,217.4253,9.2558,14.0212,14.3,B
104,sa3/customer-feedback,14391.14,3546.0,7004.1,0.0,0,6452,3801.7028,8.8444,14.0212,11.9,B
104,sa4/customer-feedback,13953.58,3120.34,6630.77,0.0,0,4901,2887.8093,8.5665,14.0212,12.3,B
104,es-stress-d2/elasticsearch-dynamic-0,8.84,311731.99,1414.08,0.0039,1,768,452.5275,8.8313,14.0212,0.0096,B
104,es-stress-d3/elasticsearch-dynamic-0,9.32,311745.56,1414.09,0.0039,1,980,577.444,8.832,14.0212,0.0096,B
104,es-stress-d4/elasticsearch-dynamic-0,8.86,311757.57,1414.08,0.0039,1,2733,1610.3617,8.832,14.0212,0.0076,B
104,es-stress-d/elasticsearch-dynamic-0,8.11,311756.05,1414.09,0.0039,1,1168,688.219,8.8315,14.0212,0.0057,B
105,sa1/customer-feedback,13191.43,9557.89,12752.78,4.0859,40,4286,2826.8175,9.1847,17.8285,14.5,B
105,sa2/customer-feedback,12338.36,3963.67,7365.67,0.0,0,381,251.2873,8.4406,17.8285,14.3,B
105,sa3/customer-feedback,15042.09,3547.11,7004.1,4.0859,40,12113,7989.0903,10.2514,17.8285,13.5,B
105,sa4/customer-feedback,16106.97,3119.47,6630.77,0.0,0,3592,2369.0921,10.9566,17.8285,14.3,B
105,es-stress-d2/elasticsearch-dynamic-0,7.78,311732.66,1414.08,0.0,0,3170,2090.7633,9.4137,17.8285,0.0046,B
105,es-stress-d3/elasticsearch-dynamic-0,7.67,311745.57,1414.09,0.0,0,734,484.1073,9.414,17.8285,0.0068,B
105,es-stress-d4/elasticsearch-dynamic-0,8.39,311757.66,1414.08,0.0,0,1021,673.3973,9.4149,17.8285,0.0046,B
105,es-stress-d/elasticsearch-dynamic-0,7.23,311756.68,1414.09,0.0234,8,2284,1506.4049,9.4141,17.8285,0.0068,B
106,sa1/customer-feedback,14445.81,9557.57,12752.78,0.0,0,1595,1431.9483,80.2586,15.9128,24.8,B
106,sa2/customer-feedback,14773.06,3964.64,7365.67,0.0,0,2011,1805.4219,80.6621,15.9128,23.8,B
106,sa3/customer-feedback,13690.01,3545.98,7004.1,0.0,0,2953,2651.1243,74.7174,15.9128,22.2,B
106,sa4/customer-feedback,14226.07,3120.16,6630.77,4.0273,38,351,315.1184,77.5056,15.9128,23.0,B
106,es-stress-d2/elasticsearch-dynamic-0,14.18,311732.25,1414.08,0.0352,8,1083,972.2884,75.9837,15.9128,0.0236,B
106,es-stress-d3/elasticsearch-dynamic-0,16.58,311745.81,1414.09,0.0117,3,832,746.9473,75.9999,15.9128,0.0158,B
106,es-stress-d4/elasticsearch-dynamic-0,14.87,311757.58,1414.08,0.0078,2,1003,900.4665,75.9936,15.9128,0.0236,B
106,es-stress-d/elasticsearch-dynamic-0,15.96,311756.58,1414.09,0.0117,4,984,883.4088,75.9992,15.9128,0.0079,B
107,sa1/customer-feedback,13898.17,9562.87,12752.78,0.0,0,3561,1733.6522,10.1508,14.1619,13.0,B
107,sa2/customer-feedback,13080.32,3963.75,7365.67,4.168,40,305,148.4875,9.4001,14.1619,12.2,B
107,sa3/customer-feedback,12597.75,3545.31,7004.1,0.0,0,8205,3994.5566,9.045,14.1619,13.3,B
107,sa4/customer-feedback,14811.12,3117.51,6630.77,0.0,0,4155,2022.8376,10.6021,14.1619,14.1,B
107,es-stress-d2/elasticsearch-dynamic-0,6.75,311732.25,1414.08,0.0,0,1123,546.726,9.5013,14.1619,0.0066,B
107,es-stress-d3/elasticsearch-dynamic-0,7.46,311746.06,1414.09,0.0273,6,2273,1106.5969,9.5022,14.1619,0.0066,B
107,es-stress-d4/elasticsearch-dynamic-0,7.57,311757.82,1414.08,0.0,0,1309,637.279,9.5027,14.1619,0.011,B
107,es-stress-d/elasticsearch-dynamic-0,6.47,311756.82,1414.09,0.0,0,846,411.8702,9.5018,14.1619,0.0088,B
108,sa1/customer-feedback,12617.28,9561.33,12752.78,0.0,0,4646,2419.8139,11.9809,14.4801,17.4,B
108,sa2/customer-feedback,15437.97,3968.55,7365.67,0.0,0,353,183.8559,14.3362,14.4801,16.1,B
108,sa3/customer-feedback,16319.7,3549.72,7004.1,0.0,0,4046,2107.311,15.128,14.4801,19.4,B
108,sa4/customer-feedback,13290.56,3118.91,6630.77,0.0,0,2251,1172.4066,12.3296,14.4801,19.5,B
108,es-stress-d2/elasticsearch-dynamic-0,9.59,311732.45,1414.08,0.0078,3,775,403.6495,13.0396,14.4801,0.0092,B
108,es-stress-d3/elasticsearch-dynamic-0,11.07,311745.88,1414.09,0.0039,1,1331,693.2355,13.0415,14.4801,0.0139,B
108,es-stress-d4/elasticsearch-dynamic-0,13.41,311757.6,1414.08,0.0312,7,7410,3859.4104,13.0441,14.4801,0.0092,B
108,es-stress-d/elasticsearch-dynamic-0,9.22,311756.67,1414.09,0.0078,2,19067,9930.8202,13.0402,14.4801,0.0092,B
109,sa1/customer-feedback,13456.93,9559.84,12752.78,0.0,0,4880,4495.5337,10.0971,14.3158,14.8,B
109,sa2/customer-feedback,12033.91,3965.39,7365.67,0.0,0,260,239.5161,8.8848,14.3158,13.8,B
109,sa3/customer-feedback,14848.48,3547.11,7004.1,0.0,0,7149,6585.7726,10.9204,14.3158,16.7,B
109,sa4/customer-feedback,14524.89,3124.07,6630.77,0.0,0,369,339.9287,10.6715,14.3158,18.5,B
109,es-stress-d2/elasticsearch-dynamic-0,6.59,311732.45,1414.08,0.0,0,1965,1810.1893,9.8343,14.3158,0.0079,B
109,es-stress-d3/elasticsearch-dynamic-0,7.29,311745.88,1414.09,0.0,0,1133,1043.7376,9.8353,14.3158,0.0053,B
109,es-stress-d4/elasticsearch-dynamic-0,7.49,311757.85,1414.08,0.0,0,1299,1196.6595,9.8358,14.3158,0.0132,B
109,es-stress-d/elasticsearch-dynamic-0,6.2,311756.67,1414.09,0.0,0,1206,1110.9864,9.8348,14.3158,0.0053,B
110,sa1/customer-feedback,18604.95,9563.82,12752.78,0.0,0,4093,1174.2834,12.9559,13.5179,14.2,B
110,sa2/customer-feedback,15587.99,3961.79,7365.67,0.0,0,283,81.1928,10.718,13.5179,15.5,B
110,sa3/customer-feedback,15412.69,3548.5,7004.1,0.0,0,4292,1231.3766,10.585,13.5179,13.6,B
110,sa4/customer-feedback,13466.46,3122.02,6630.77,0.0,0,3759,1078.4587,9.2491,13.5179,12.1,B
110,es-stress-d2/elasticsearch-dynamic-0,9.71,311732.53,1414.08,0.0039,1,1380,395.9226,10.5483,13.5179,0.0121,B
110,es-stress-d3/elasticsearch-dynamic-0,10.26,311746.18,1414.09,0.0117,5,3557,1020.5048,10.5492,13.5179,0.0145,B
110,es-stress-d4/elasticsearch-dynamic-0,11.05,311757.73,1414.08,0.0156,6,5159,1480.1193,10.5501,13.5179,0.0121,B
110,es-stress-d/elasticsearch-dynamic-0,8.54,311756.99,1414.09,0.0039,1,1228,352.3137,10.5483,13.5179,0.0145,B
111,sa4/customer-feedback,14134.84,3120.0,6630.77,0.0,0,216,137.7656,7.3514,14.3579,16.4,B
111,sa1/customer-feedback,13170.52,9560.42,12752.78,4.1445,40,320,204.0971,7.0104,14.3579,18.0,B
111,sa2/customer-feedback,15151.34,3968.7,7365.67,0.0,0,8869,5656.6797,7.8951,14.3579,15.6,B
111,sa3/customer-feedback,16909.81,3549.03,7004.1,3.9844,40,6355,4053.2416,8.7902,14.3579,17.1,B
111,es-stress-d/elasticsearch-dynamic-0,6.25,311756.95,1414.09,0.0,0,1283,818.302,7.5251,14.3579,0.0087,B
111,es-stress-d2/elasticsearch-dynamic-0,6.81,311732.52,1414.08,0.0,0,2180,1390.4117,7.5248,14.3579,0.0058,B
111,es-stress-d3/elasticsearch-dynamic-0,7.09,311745.93,1414.09,0.0,0,1720,1097.0221,7.5253,14.3579,0.0029,B
111,es-stress-d4/elasticsearch-dynamic-0,7.54,311757.71,1414.08,0.0,0,742,473.2502,7.5258,14.3579,0.0087,B
112,sa1/customer-feedback,14833.96,9562.78,12752.78,0.0,0,321,411.0051,15.7875,14.1446,17.5,B
112,sa2/customer-feedback,13852.13,3966.28,7365.67,0.0,0,546,699.0929,14.5089,14.1446,16.8,B
112,sa3/customer-feedback,13235.19,3550.3,7004.1,0.0,0,875,1120.3411,13.8514,14.1446,20.1,B
112,sa4/customer-feedback,15731.3,3121.14,6630.77,4.082,40,6408,8204.7383,16.412,14.1446,16.7,B
112,es-stress-d2/elasticsearch-dynamic-0,11.19,311732.5,1414.08,0.0039,1,535,685.0086,14.6886,14.1446,0.0111,B
112,es-stress-d3/elasticsearch-dynamic-0,13.11,311746.18,1414.09,0.0039,1,665,851.4593,14.6912,14.1446,0.0166,B
112,es-stress-d4/elasticsearch-dynamic-0,13.55,311757.71,1414.08,0.0039,1,593,759.2712,14.6922,14.1446,0.0139,B
112,es-stress-d/elasticsearch-dynamic-0,13.6,311756.95,1414.09,0.0273,7,1307,1673.4696,14.6922,14.1446,0.0111,B
113,sa1/customer-feedback,14694.9,9562.65,12752.78,0.0,0,3637,1717.8676,6.6944,13.9228,15.9,B
113,sa2/customer-feedback,17180.7,3965.8,7365.67,4.0117,38,265,125.1677,7.6745,13.9228,18.1,B
113,sa3/customer-feedback,14689.75,3551.93,7004.1,0.0,0,340,160.5925,6.5652,13.9228,17.0,B
113,sa4/customer-feedback,13997.57,3121.59,6630.77,0.0,0,360,170.0391,6.2503,13.9228,16.8,B
113,es-stress-d2/elasticsearch-dynamic-0,6.64,311732.5,1414.08,0.0234,6,1107,522.8703,6.5883,13.9228,0.0056,B
113,es-stress-d3/elasticsearch-dynamic-0,6.94,311745.93,1414.09,0.0,0,1162,548.8485,6.5887,13.9228,0.0056,B
113,es-stress-d4/elasticsearch-dynamic-0,7.01,311757.96,1414.08,0.0,0,1523,719.36,6.589,13.9228,0.0083,B
113,es-stress-d/elasticsearch-dynamic-0,6.44,311757.2,1414.09,0.0,0,2173,1026.3751,6.5887,13.9228,0.0111,B
114,sa1/customer-feedback,16012.43,9561.86,12752.78,0.0,0,12590,10722.0764,15.8708,15.5822,14.1,B
114,sa2/customer-feedback,15283.94,3964.51,7365.67,0.0,0,992,844.8213,14.9227,15.5822,14.5,B
114,sa3/customer-feedback,12618.12,3548.17,7004.1,0.0,0,443,377.274,12.332,15.5822,13.5,B
114,sa4/customer-feedback,13535.65,3122.73,6630.77,0.0,0,10930,9308.3633,13.1988,15.5822,16.2,B
114,es-stress-d2/elasticsearch-dynamic-0,9.47,311733.06,1414.08,0.0039,1,858,730.7023,13.6574,15.5822,0.0098,B
114,es-stress-d3/elasticsearch-dynamic-0,12.82,311746.18,1414.09,0.0234,9,2500,2129.0859,13.6612,15.5822,0.0146,B
114,es-stress-d4/elasticsearch-dynamic-0,10.37,311757.71,1414.08,0.0039,1,2440,2077.9878,13.6593,15.5822,0.0122,B
114,es-stress-d/elasticsearch-dynamic-0,8.78,311756.95,1414.09,0.0039,1,2595,2209.9911,13.6578,15.5822,0.0171,B
115,sa1/customer-feedback,15104.66,9561.96,12752.78,0.0,0,536,252.0611,12.9547,13.8272,15.0,B
115,sa2/customer-feedback,16058.42,3966.79,7365.67,0.0,0,337,158.4787,13.5095,13.8272,17.8,B
115,sa3/customer-feedback,17083.58,3549.91,7004.1,0.0,0,9764,4591.6503,14.3435,13.8272,15.9,B
115,sa4/customer-feedback,16477.66,3124.36,6630.77,0.0,0,9973,4689.9354,13.8221,13.8272,14.5,B
115,es-stress-d2/elasticsearch-dynamic-0,6.89,311732.57,1414.08,0.0,0,1292,607.5801,13.2394,13.8272,0.0078,B
115,es-stress-d3/elasticsearch-dynamic-0,7.39,311745.93,1414.09,0.0,0,1434,674.3575,13.2404,13.8272,0.0104,B
115,es-stress-d4/elasticsearch-dynamic-0,7.06,311757.96,1414.08,0.0234,6,1080,507.8843,13.2406,13.8272,0.0078,B
115,es-stress-d/elasticsearch-dynamic-0,6.13,311756.95,1414.09,0.0039,2,2703,1271.1216,13.2398,13.8272,0.0026,B
116,sa1/customer-feedback,15820.31,9562.07,12752.78,0.0,0,2823,1963.8426,12.4138,14.0424,16.8,B
116,sa2/customer-feedback,16251.07,3963.44,7365.67,0.0,0,309,214.9583,12.537,14.0424,17.8,B
116,sa3/customer-feedback,14658.54,3553.11,7004.1,0.0,0,2861,1990.2776,11.3076,14.0424,17.0,B
116,sa4/customer-feedback,14137.96,3127.96,6630.77,0.0,0,2602,1810.1021,10.8951,14.0424,17.3,B
116,es-stress-d2/elasticsearch-dynamic-0,13.0,311733.06,1414.08,0.0039,1,4455,3099.1564,11.438,14.0424,0.013,B
116,es-stress-d3/elasticsearch-dynamic-0,15.62,311746.71,1414.09,0.0039,1,2083,1449.0556,11.4405,14.0424,0.013,B
116,es-stress-d4/elasticsearch-dynamic-0,14.07,311758.34,1414.08,0.0039,1,1374,955.8341,11.4398,14.0424,0.013,B
116,es-stress-d/elasticsearch-dynamic-0,13.43,311757.32,1414.09,0.0039,1,1005,699.1363,11.4392,14.0424,0.013,B
117,sa1/customer-feedback,15665.03,9561.34,12752.78,4.0312,40,2340,1893.9378,11.3729,13.4931,16.8,B
117,sa2/customer-feedback,15138.43,3964.38,7365.67,0.0,0,286,231.4813,10.8027,13.4931,17.8,B
117,sa3/customer-feedback,17189.07,3551.93,7004.1,3.9922,38,4635,3751.4537,12.2322,13.4931,15.1,B
117,sa4/customer-feedback,16069.9,3125.45,6630.77,0.0,0,2952,2389.2754,11.4288,13.4931,14.6,B
117,es-stress-d2/elasticsearch-dynamic-0,7.27,311733.14,1414.08,0.0,0,773,625.647,11.1089,13.4931,0.0055,B
117,es-stress-d3/elasticsearch-dynamic-0,7.21,311746.39,1414.09,0.0,0,2819,2281.6285,11.1093,13.4931,0.0083,B
117,es-stress-d4/elasticsearch-dynamic-0,7.49,311758.54,1414.08,0.0,0,1646,1332.2315,11.11,13.4931,0.0138,B
117,es-stress-d/elasticsearch-dynamic-0,6.67,311757.47,1414.09,0.0,0,762,616.7438,11.1093,13.4931,0.0055,B
118,sa1/customer-feedback,43106.39,9561.61,12752.78,0.0,0,700662,109034.9129,12.2705,9.9394,19.8,B
118,sa2/customer-feedback,30517.08,3964.62,7365.67,0.0,0,518956,80758.3717,8.5993,9.9394,18.7,B
118,sa3/customer-feedback,38404.95,3554.43,7004.1,0.0,0,699107,108792.9284,10.7773,9.9394,18.4,B
118,sa4/customer-feedback,30340.79,3121.69,6630.77,4.0273,40,728031,113293.9943,8.5241,9.9394,19.5,B
118,es-stress-d2/elasticsearch-dynamic-0,10.84,311733.5,1414.08,0.0039,1,4913,764.5463,9.7334,9.9394,0.0175,B
118,es-stress-d3/elasticsearch-dynamic-0,16.55,311747.52,1414.09,0.0039,1,1467,228.2901,9.7354,9.9394,0.0234,B
118,es-stress-d4/elasticsearch-dynamic-0,11.88,311758.77,1414.08,0.0039,1,6041,940.0822,9.7344,9.9394,0.0175,B
118,es-stress-d/elasticsearch-dynamic-0,9.08,311757.24,1414.09,0.0312,7,5543,862.585,9.7336,9.9394,0.0234,B
119,sa4/customer-feedback,54426.23,3122.0,6630.77,0.0,0,1010189,174054.6858,6.2838,7.8155,16.3,B
119,sa1/customer-feedback,48850.4,9564.1,12752.78,0.0,0,1252074,215731.2608,5.7914,7.8155,16.5,B
119,sa2/customer-feedback,61765.4,3964.16,7365.67,0.0,0,1139571,196347.0918,7.1406,7.8155,16.5,B
119,sa3/customer-feedback,83334.65,3550.07,7004.1,0.0,0,983098,169386.93,9.594,7.8155,17.5,B
119,es-stress-d/elasticsearch-dynamic-0,2.94,311757.74,1414.09,0.0,0,5520,951.0912,6.9773,7.8155,0.0054,B
119,es-stress-d2/elasticsearch-dynamic-0,2.9,311733.7,1414.08,0.0312,12,8456,1456.9614,6.9767,7.8155,0.0054,B
119,es-stress-d3/elasticsearch-dynamic-0,1.97,311746.86,1414.09,0.0078,3,9542,1644.0783,6.9769,7.8155,0.0081,B
119,es-stress-d4/elasticsearch-dynamic-0,3.15,311759.23,1414.08,0.0039,2,4241,730.7206,6.9773,7.8155,0.0135,B
120,sa1/customer-feedback,50029.96,9562.61,12752.78,0.0,0,1181794,225400.2375,10.1573,7.8155,49.4,B
120,sa2/customer-feedback,59525.59,3963.51,7365.67,4.0273,40,988858,188602.0982,11.8376,7.8155,42.9,B
120,sa3/customer-feedback,65366.33,3555.43,7004.1,0.0,0,466099,88897.7481,12.9725,7.8155,60.2,B
120,sa4/customer-feedback,40229.48,3122.95,6630.77,0.0,0,1065838,203284.2766,8.0151,7.8155,42.7,B
120,es-stress-d2/elasticsearch-dynamic-0,3.33,311733.46,1414.08,0.0078,2,6408,1222.1798,10.4092,7.8155,0.0028,B
120,es-stress-d3/elasticsearch-dynamic-0,4.52,311746.86,1414.09,0.0273,6,6049,1153.7087,10.4099,7.8155,0.0028,B
120,es-stress-d4/elasticsearch-dynamic-0,3.83,311758.73,1414.08,0.0039,1,6692,1276.3463,10.4102,7.8155,0.0028,B
120,es-stress-d/elasticsearch-dynamic-0,4.14,311757.32,1414.09,0.0039,1,9267,1767.4688,10.4102,7.8155,0.0,B
121,sa1/customer-feedback,15035.58,9567.91,12752.78,0.0,0,386,423.4,10.6259,15.6351,100.0,B
121,sa2/customer-feedback,16420.57,3966.43,7365.67,0.0,0,275,301.6451,11.3854,15.6351,124.0,B
121,sa3/customer-feedback,15922.74,3553.63,7004.1,0.0,0,3123,3425.5912,11.0303,15.6351,163.0,B
121,sa4/customer-feedback,15154.86,3134.22,6630.77,0.0,0,260,285.1917,10.49,15.6351,95.5,B
121,es-stress-d2/elasticsearch-dynamic-0,7.01,311733.21,1414.08,0.0,0,2104,2307.859,10.5499,15.6351,0.0048,B
121,es-stress-d3/elasticsearch-dynamic-0,6.91,311746.61,1414.09,0.0,0,1383,1517.0005,10.5503,15.6351,0.0,B
121,es-stress-d4/elasticsearch-dynamic-0,7.4,311758.98,1414.08,0.0273,6,2776,3044.9699,10.551,15.6351,0.0048,B
121,es-stress-d/elasticsearch-dynamic-0,6.42,311757.32,1414.09,0.0,0,1033,1133.0886,10.5503,15.6351,0.0193,B
122,sa1/customer-feedback,13795.06,9569.89,12752.78,0.0,0,1791,994.258,13.0213,13.5756,86.3,B
122,sa2/customer-feedback,14461.6,3966.01,7365.67,0.0,0,286,158.7704,13.3824,13.5756,103.0,B
122,sa3/customer-feedback,16502.66,3554.39,7004.1,0.0,0,14672,8145.0325,15.2282,13.5756,133.0,B
122,sa4/customer-feedback,16518.48,3124.12,6630.77,0.0,0,6447,3578.9957,15.2237,13.5756,93.5,B
122,es-stress-d2/elasticsearch-dynamic-0,10.07,311733.46,1414.08,0.0039,1,2602,1444.4775,13.7848,13.5756,0.0108,B
122,es-stress-d3/elasticsearch-dynamic-0,11.36,311746.66,1414.09,0.0078,2,1645,913.2074,13.7866,13.5756,0.0162,B
122,es-stress-d4/elasticsearch-dynamic-0,9.19,311758.73,1414.08,0.0039,1,1237,686.7097,13.7851,13.5756,0.0054,B
122,es-stress-d/elasticsearch-dynamic-0,8.95,311757.38,1414.09,0.0039,1,1825,1013.1328,13.7848,13.5756,0.0108,B
123,sa4/customer-feedback,14325.0,3125.78,6630.77,0.0,0,394,257.4446,8.0971,14.0084,16.7,B
123,sa1/customer-feedback,15075.54,9566.76,12752.78,3.9492,34,8319,5435.741,8.6872,14.0084,15.7,B
123,sa2/customer-feedback,14695.69,3965.0,7365.67,0.0,0,283,184.9158,8.3266,14.0084,18.1,B
123,sa3/customer-feedback,15724.27,3556.14,7004.1,4.0547,40,4380,2861.948,8.8913,14.0084,16.1,B
123,es-stress-d/elasticsearch-dynamic-0,6.24,311757.63,1414.09,0.0,0,2929,1913.8461,8.2411,14.0084,0.0055,B
123,es-stress-d2/elasticsearch-dynamic-0,6.96,311733.21,1414.08,0.0,0,857,559.9748,8.2408,14.0084,0.0055,B
123,es-stress-d3/elasticsearch-dynamic-0,7.02,311746.66,1414.09,0.0039,1,1778,1161.7679,8.2412,14.0084,0.0055,B
123,es-stress-d4/elasticsearch-dynamic-0,7.41,311758.73,1414.08,0.0,0,2107,1376.7407,8.2417,14.0084,0.0055,B
124,sa1/customer-feedback,11084.9,9565.11,12752.78,0.0,0,280,659.9441,34.877,12.1139,17.0,B
124,sa2/customer-feedback,7728.4,3962.59,7365.67,0.0,0,454,1070.0522,24.1786,12.1139,17.5,B
124,sa3/customer-feedback,1793.73,3553.32,7004.1,0.0,0,401,945.1343,5.7458,12.1139,22.2,B
124,sa4/customer-feedback,114.24,3125.21,6630.77,4.0117,38,575,1355.2424,0.5135,12.1139,21.7,B
124,es-stress-d2/elasticsearch-dynamic-0,15.06,311733.79,1414.08,0.0039,1,1385,3264.3664,15.9094,12.1139,0.0125,B
124,es-stress-d3/elasticsearch-dynamic-0,11.95,311747.43,1414.09,0.0,0,1154,2719.9125,15.9004,12.1139,0.0156,B
124,es-stress-d4/elasticsearch-dynamic-0,11.65,311758.98,1414.08,0.0,0,947,2232.0253,15.9001,12.1139,0.0093,B
124,es-stress-d/elasticsearch-dynamic-0,24.31,311757.44,1414.09,0.0234,9,568,1338.7438,15.9393,12.1139,0.0125,B
125,sa4/customer-feedback,128.56,3124.98,6630.77,0.0,0,426,190.6644,8.655,9.89,13.1,B
125,sa1/customer-feedback,123.79,9563.36,12752.78,0.0,0,444,198.7206,8.516,9.89,22.2,B
125,sa2/customer-feedback,125.99,3963.21,7365.67,0.0,0,470,210.3574,8.507,9.89,19.5,B
125,sa3/customer-feedback,120.07,3552.66,7004.1,0.0,0,531,237.6591,8.101,9.89,18.3,B
125,es-stress-d/elasticsearch-dynamic-0,6.66,311757.69,1414.09,0.0039,2,2232,998.9739,9.1044,9.89,0.0095,B
125,es-stress-d2/elasticsearch-dynamic-0,7.27,311733.28,1414.08,0.0156,6,2645,1183.8198,9.1444,9.89,0.0095,B
125,es-stress-d3/elasticsearch-dynamic-0,8.23,311746.91,1414.09,0.0,0,1862,833.3734,9.2088,9.89,0.0126,B
125,es-stress-d4/elasticsearch-dynamic-0,7.62,311758.73,1414.08,0.0039,1,2212,990.0225,9.1684,9.89,0.0095,B
126,sa2/customer-feedback,119.22,3962.31,7365.67,3.9023,40,472,832.3043,8.8924,11.0891,5.26,B
126,sa1/customer-feedback,130.08,9561.57,12752.78,0.0,0,664,1170.8688,9.868,11.0891,19.2,B
126,es-stress-d4/elasticsearch-dynamic-0,12.16,311758.73,1414.08,0.0039,1,1529,2696.1722,10.748,11.0891,0.0303,B
126,es-stress-d3/elasticsearch-dynamic-0,11.66,311747.17,1414.09,0.0273,7,1499,2643.2715,10.7109,11.0891,0.0364,B
126,es-stress-d2/elasticsearch-dynamic-0,9.95,311733.28,1414.08,0.0039,1,2418,4263.7962,10.5847,11.0891,0.0303,B
126,es-stress-d/elasticsearch-dynamic-0,8.13,311757.69,1414.09,0.0078,2,2002,3530.2398,10.4516,11.0891,0.0728,B
126,sa3/customer-feedback,124.51,3551.65,7004.1,0.0,0,589,1038.617,9.2685,11.0891,0.279,B
126,sa4/customer-feedback,128.94,3124.2,6630.77,0.0,0,716,1262.5633,9.5807,11.0891,0.322,B
