window_index,pod_name,cpu_usage_mcores,ram_usage_mi,disk_space_mb,disk_usage_mb,disk_ios,cpu_psi_some_us,sched_total_ms,dstate_total_ms,softirq_total_ms,pod_cpu_watts,tier
1,es-stress-d/elasticsearch-dynamic-0,7.51,1555.97,1414.09,0.0078,4,1822,3004.5929,6.5358,10.3993,0.0131,A
1,sa5/customer-feedback,126.31,3103.4,6668.12,0.0,0,477,1487.2936,9.1908,10.3993,0.139,A
1,sa4/customer-feedback,117.75,3409.95,6935.41,0.0,0,672,1487.2936,9.0888,10.3993,0.131,A
1,sa3/customer-feedback,122.48,3840.04,7308.8,0.0,0,469,1487.2936,9.7492,10.3993,0.131,A
1,sa2/customer-feedback,123.5,4228.52,7670.3,0.0,0,402,1487.2936,10.1896,10.3993,0.128,A
1,sa1/customer-feedback,124.04,9827.51,13057.48,0.0,0,687,1487.2936,15.857,10.3993,0.128,A
1,es-stress-d3/elasticsearch-dynamic-0,7.51,1585.25,1414.09,0.0,0,1757,2897.4038,6.5358,10.3993,0.0209,A
1,es-stress-d4/elasticsearch-dynamic-0,7.66,1556.18,1414.09,0.0,0,1977,3260.1977,6.5358,10.3993,0.0262,A
1,es-stress-d2/elasticsearch-dynamic-0,6.56,1545.04,1414.09,0.0,0,1646,2714.3578,6.5358,10.3993,0.0157,A
2,sa2/customer-feedback,113.94,4228.95,7670.3,0.0,0,499,1487.2936,6.5358,10.2792,0.166,A
2,sa1/customer-feedback,120.28,9827.98,13057.48,0.0,0,621,1487.2936,6.7194,10.2792,0.153,A
2,sa3/customer-feedback,123.16,3840.54,7308.8,0.0,0,818,1487.2936,6.5358,10.2792,0.137,A
2,sa4/customer-feedback,113.36,3409.7,6935.41,0.0,0,33239,10449.4566,6.5358,10.2792,0.133,A
2,sa5/customer-feedback,8035.98,3109.99,6668.12,0.0,0,1734,1487.2936,24.5931,10.2792,0.133,A
2,es-stress-d2/elasticsearch-dynamic-0,799.77,6517.36,1414.09,0.0,0,568,1487.2936,6.5358,10.2792,0.0083,A
2,es-stress-d3/elasticsearch-dynamic-0,800.95,6647.23,1414.09,0.0,0,222,1487.2936,6.5662,10.2792,0.0124,A
2,es-stress-d4/elasticsearch-dynamic-0,799.14,6570.2,1414.09,0.0,0,583,1487.2936,6.5358,10.2792,0.0124,A
2,es-stress-d/elasticsearch-dynamic-0,798.31,6485.2,1414.09,0.0,0,950,1487.2936,6.5358,10.2792,0.0124,A
3,sa5/customer-feedback,32832.95,3110.84,6668.12,0.0,0,98559,29540.1224,26.4003,11.4268,0.0561,A
3,sa2/customer-feedback,1175.68,4230.58,7670.3,0.0,0,60433,18112.9904,6.5358,11.4268,0.0513,A
3,sa3/customer-feedback,7727.4,3845.49,7308.8,3.8984,38,94421,28299.8803,8.2023,11.4268,0.0561,A
3,sa4/customer-feedback,16245.66,3419.11,6935.41,0.0,0,17974,5387.1707,14.2637,11.4268,0.0597,A
3,sa1/customer-feedback,96.53,9827.16,13057.48,3.8672,38,3617,1487.2936,6.5358,11.4268,0.0573,A
3,es-stress-d/elasticsearch-dynamic-0,1012.75,12090.35,1414.09,0.0,0,686,1487.2936,8.4764,11.4268,0.0048,A
3,es-stress-d2/elasticsearch-dynamic-0,1009.62,11621.79,1414.09,0.0234,6,894,1487.2936,8.1748,11.4268,0.0036,A
3,es-stress-d3/elasticsearch-dynamic-0,1010.72,11890.99,1414.09,0.0,0,740,1487.2936,8.3475,11.4268,0.0096,A
3,es-stress-d4/elasticsearch-dynamic-0,1012.56,12274.61,1414.09,0.0,0,152,1487.2936,8.594,11.4268,0.0107,A
4,sa1/customer-feedback,7177.89,9830.68,13057.48,0.0,0,358051,70761.0607,6.5358,6.9471,0.226,A
4,sa2/customer-feedback,78737.63,4230.91,7670.3,0.0,0,550209,108736.9466,10.1238,6.9471,0.231,A
4,sa3/customer-feedback,28699.14,3845.8,7308.8,0.0,0,1442973,285172.5036,6.5358,6.9471,0.231,A
4,sa4/customer-feedback,48922.66,3417.04,6935.41,3.832,38,860971,170152.356,6.5358,6.9471,0.24,A
4,sa5/customer-feedback,38526.91,3110.54,6668.12,0.0,0,1529711,302314.3993,6.5358,6.9471,0.236,A
4,es-stress-d/elasticsearch-dynamic-0,1006.61,18069.94,1414.09,0.0,0,171,1487.2936,6.5358,6.9471,0.0141,A
4,es-stress-d2/elasticsearch-dynamic-0,1011.58,18094.32,1414.09,0.0,0,703,1487.2936,6.5358,6.9471,0.0094,A
4,es-stress-d3/elasticsearch-dynamic-0,1006.82,18509.38,1414.09,0.0039,2,341,1487.2936,6.5358,6.9471,0.0189,A
4,es-stress-d4/elasticsearch-dynamic-0,1005.84,18408.81,1414.09,0.0,0,449,1487.2936,6.5358,6.9471,0.0094,A
5,sa1/customer-feedback,64505.17,9832.12,13057.48,0.0,0,816634,159530.9383,9.7825,6.9471,0.0841,A
5,sa2/customer-feedback,60299.32,4231.91,7670.3,3.9766,38,803793,157022.4256,8.0801,6.9471,0.074,A
5,sa3/customer-feedback,25592.83,3844.32,7308.8,0.0,0,1414951,276413.2533,6.5358,6.9471,0.0858,A
5,sa4/customer-feedback,43063.82,3417.85,6935.41,0.0,0,798066,155903.6457,6.5358,6.9471,0.0824,A
5,sa5/customer-feedback,29550.12,3110.55,6668.12,0.0,0,1559879,304725.2019,6.5358,6.9471,0.0824,A
5,es-stress-d/elasticsearch-dynamic-0,998.65,26117.19,1414.09,0.0,0,660,1487.2936,6.5358,6.9471,0.0067,A
5,es-stress-d2/elasticsearch-dynamic-0,998.86,24064.82,1414.09,0.0,0,231,1487.2936,6.5358,6.9471,0.0034,A
5,es-stress-d3/elasticsearch-dynamic-0,998.14,24592.88,1414.09,0.0,0,242,1487.2936,6.5358,6.9471,0.0067,A
5,es-stress-d4/elasticsearch-dynamic-0,998.39,26551.56,1414.09,0.0,0,232,1487.2936,6.5358,6.9471,0.0084,A
6,sa4/customer-feedback,40269.78,3416.48,6935.41,0.0,0,1434005,265918.3933,6.5358,6.9471,0.0729,A
6,sa1/customer-feedback,54457.4,9833.5,13057.48,0.0,0,853395,158251.4895,6.5358,6.9471,0.0729,A
6,sa2/customer-feedback,41046.52,4232.75,7670.3,0.0,0,1210626,224495.5358,6.5358,6.9471,0.0744,A
6,sa3/customer-feedback,32214.32,3843.61,7308.8,0.0,0,1824866,338398.7048,6.5358,6.9471,0.0713,A
6,sa5/customer-feedback,67873.57,3110.66,6668.12,3.8359,38,874216,162112.4851,6.5358,6.9471,0.0729,A
6,es-stress-d/elasticsearch-dynamic-0,1012.37,34274.94,1414.09,0.0273,8,482,1487.2936,6.5358,6.9471,0.0061,A
6,es-stress-d2/elasticsearch-dynamic-0,1009.55,31490.39,1414.09,0.0039,2,147,1487.2936,6.5358,6.9471,0.0046,A
6,es-stress-d3/elasticsearch-dynamic-0,1010.41,32185.45,1414.09,0.0195,8,116,1487.2936,6.5358,6.9471,0.003,A
6,es-stress-d4/elasticsearch-dynamic-0,1013.11,34756.62,1414.09,0.0234,6,81,1487.2936,6.5358,6.9471,0.003,A
7,sa1/customer-feedback,49361.6,9833.32,13057.48,0.0,0,998226,207782.6234,11.9826,6.9471,0.106,A
7,sa2/customer-feedback,51825.82,4233.38,7670.3,0.0,0,959212,199661.7858,11.1146,6.9471,0.104,A
7,sa3/customer-feedback,22903.52,3846.84,7308.8,0.0,0,1322243,275227.3727,6.5358,6.9471,0.102,A
7,sa5/customer-feedback,51981.1,3110.97,6668.12,0.0,0,719541,149773.8154,10.8746,6.9471,0.104,A
7,sa4/customer-feedback,47310.31,3414.65,6935.41,0.0,0,950899,197931.4192,10.0379,6.9471,0.1,A
7,es-stress-d/elasticsearch-dynamic-0,1006.15,42296.0,1414.09,0.0,0,585,1487.2936,10.3775,6.9471,0.0041,A
7,es-stress-d2/elasticsearch-dynamic-0,1004.79,36840.64,1414.09,0.0,0,177,1487.2936,9.064,6.9471,0.0061,A
7,es-stress-d3/elasticsearch-dynamic-0,1002.96,37676.47,1414.09,0.0,0,160,1487.2936,9.2648,6.9471,0.0082,A
7,es-stress-d4/elasticsearch-dynamic-0,1006.82,42768.88,1414.09,0.0,0,108,1487.2936,10.4914,6.9471,0.0082,A
8,sa1/customer-feedback,22103.39,9836.58,13057.48,0.0,0,360847,74688.541,6.5358,13.4393,0.0837,A
8,sa2/customer-feedback,36862.21,4232.81,7670.3,0.0,0,583147,120700.4593,6.7702,13.4393,0.0804,A
8,sa3/customer-feedback,39984.92,3847.56,7308.8,0.0,0,981948,203244.7644,7.2402,13.4393,0.0788,A
8,sa4/customer-feedback,30252.74,3415.04,6935.41,0.0,0,854895,176947.1834,6.5358,13.4393,0.0771,A
8,sa5/customer-feedback,40171.62,3109.48,6668.12,0.0,0,599549,124095.3647,7.1688,13.4393,0.0804,A
8,es-stress-d/elasticsearch-dynamic-0,1011.56,48287.9,1414.09,0.0,0,458,1487.2936,6.891,13.4393,0.0033,A
8,es-stress-d2/elasticsearch-dynamic-0,1009.6,43213.46,1414.09,0.0,0,1246,1487.2936,6.5358,13.4393,0.0049,A
8,es-stress-d3/elasticsearch-dynamic-0,1020.64,44141.53,1414.09,0.0,0,129,1487.2936,6.5358,13.4393,0.0016,A
8,es-stress-d4/elasticsearch-dynamic-0,1014.68,48840.72,1414.09,0.0039,2,123,1487.2936,6.9684,13.4393,0.0049,A
9,sa2/customer-feedback,52913.97,4231.97,7670.3,0.0,0,881706,185954.0309,6.5358,6.9471,0.0701,A
9,sa1/customer-feedback,42887.66,9836.01,13057.48,3.957,38,973531,205320.1563,6.5358,6.9471,0.073,A
9,sa3/customer-feedback,47510.39,3847.5,7308.8,3.8828,36,939924,198232.3548,6.5358,6.9471,0.073,A
9,sa4/customer-feedback,40139.43,3415.47,6935.41,0.0,0,937086,197633.8134,6.5358,6.9471,0.0672,A
9,sa5/customer-feedback,39253.85,3110.91,6668.12,0.0,0,1071347,225949.7987,6.5358,6.9471,0.0672,A
9,es-stress-d/elasticsearch-dynamic-0,1003.96,53887.65,1414.09,0.0039,2,622,1487.2936,6.5358,6.9471,0.0073,A
9,es-stress-d2/elasticsearch-dynamic-0,1002.34,51301.27,1414.09,0.0273,6,960,1487.2936,6.5358,6.9471,0.0073,A
9,es-stress-d3/elasticsearch-dynamic-0,1003.99,52230.02,1414.09,0.0,0,159,1487.2936,6.5358,6.9471,0.0131,A
9,es-stress-d4/elasticsearch-dynamic-0,1004.34,54549.69,1414.09,0.0,0,229,1487.2936,6.5358,6.9471,0.0088,A
10,sa1/customer-feedback,46150.92,9833.99,13057.48,0.0,0,1337062,248247.942,6.5358,6.9471,0.175,A
10,sa2/customer-feedback,35362.51,4233.19,7670.3,0.0,0,1244618,231084.166,6.5358,6.9471,0.182,A
10,sa3/customer-feedback,73742.63,3847.41,7308.8,0.0,0,772960,143512.963,6.5358,6.9471,0.168,A
10,sa4/customer-feedback,40567.13,3414.43,6935.41,3.9883,38,1170450,217313.6352,6.5358,6.9471,0.154,A
10,sa5/customer-feedback,40981.87,3108.75,6668.12,0.0,0,1384190,256998.0441,6.5358,6.9471,0.171,A
10,es-stress-d2/elasticsearch-dynamic-0,1004.16,59377.07,1414.09,0.0,0,120,1487.2936,6.5358,6.9471,0.0171,A
10,es-stress-d3/elasticsearch-dynamic-0,1006.49,60422.3,1414.09,0.0,0,163,1487.2936,6.5358,6.9471,0.0103,A
10,es-stress-d4/elasticsearch-dynamic-0,1003.98,62197.3,1414.09,0.0,0,135,1487.2936,6.5358,6.9471,0.0103,A
10,es-stress-d/elasticsearch-dynamic-0,1003.61,61501.78,1414.09,0.0,0,126,1487.2936,6.5358,6.9471,0.0068,A
11,sa2/customer-feedback,46012.66,4233.3,7670.3,3.8438,38,1441172,214732.7769,6.5358,6.9471,0.12,A
11,sa1/customer-feedback,30264.38,9836.39,13057.48,0.0,0,1497402,223110.9747,6.5358,6.9471,0.127,A
11,sa3/customer-feedback,53630.02,3849.3,7308.8,0.0,0,1456624,217035.105,7.3837,6.9471,0.12,A
11,sa4/customer-feedback,50887.14,3419.06,6935.41,0.0,0,1416365,211036.5658,6.9827,6.9471,0.113,A
11,sa5/customer-feedback,43699.19,3108.78,6668.12,0.0,0,1774453,264391.2178,6.5358,6.9471,0.122,A
11,es-stress-d/elasticsearch-dynamic-0,1007.08,69193.53,1414.09,0.0,0,111,1487.2936,7.0409,6.9471,0.0098,A
11,es-stress-d2/elasticsearch-dynamic-0,1007.05,66970.06,1414.09,0.0,0,538,1487.2936,6.8188,6.9471,0.0073,A
11,es-stress-d3/elasticsearch-dynamic-0,1007.22,68139.11,1414.09,0.0,0,126,1487.2936,6.9356,6.9471,0.0098,A
11,es-stress-d4/elasticsearch-dynamic-0,1006.87,69924.29,1414.09,0.0,0,120,1487.2936,7.1138,6.9471,0.0171,A
12,sa1/customer-feedback,40532.59,9835.88,13057.48,0.0,0,1535827,267917.5534,6.5358,6.9471,0.176,A
12,sa2/customer-feedback,33542.77,4233.54,7670.3,0.0,0,1518208,264844.0045,6.5358,6.9471,0.199,A
12,sa3/customer-feedback,79345.16,3849.01,7308.8,0.0,0,632149,110275.3197,7.4763,6.9471,0.192,A
12,sa4/customer-feedback,44816.1,3417.21,6935.41,0.0,0,1006515,175581.6484,6.5358,6.9471,0.184,A
12,sa5/customer-feedback,34220.45,3109.23,6668.12,4.0703,40,1829038,319066.7869,6.5358,6.9471,0.203,A
12,es-stress-d/elasticsearch-dynamic-0,1003.97,76000.54,1414.09,0.0312,8,499,1487.2936,6.5358,6.9471,0.015,A
12,es-stress-d2/elasticsearch-dynamic-0,1003.69,75023.38,1414.09,0.0,0,352,1487.2936,6.5358,6.9471,0.0075,A
12,es-stress-d3/elasticsearch-dynamic-0,1004.44,76366.86,1414.09,0.0,0,150,1487.2936,6.5358,6.9471,0.0113,A
12,es-stress-d4/elasticsearch-dynamic-0,1004.21,76775.6,1414.09,0.0,0,129,1487.2936,6.5358,6.9471,0.015,A
13,sa1/customer-feedback,39698.05,9837.8,13057.48,0.0,0,1619601,252815.4558,6.5358,6.9471,0.0304,A
13,sa2/customer-feedback,46423.89,4235.86,7670.3,0.0,0,1309405,204394.6761,6.5358,6.9471,0.0278,A
13,sa3/customer-feedback,47387.09,3850.76,7308.8,0.0,0,1097315,171287.985,6.5358,6.9471,0.0317,A
13,sa4/customer-feedback,35410.52,3418.43,6935.41,0.0,0,872499,136194.7988,6.5358,6.9471,0.28,A
13,sa5/customer-feedback,45886.03,3110.12,6668.12,0.0,0,1575809,245979.6398,6.5358,6.9471,3.14,A
13,es-stress-d/elasticsearch-dynamic-0,1003.07,83356.79,1414.09,0.0,0,136,1487.2936,6.5358,6.9471,0.265,A
13,es-stress-d2/elasticsearch-dynamic-0,1006.38,82322.38,1414.09,0.0,0,988,1487.2936,6.5358,6.9471,0.264,A
13,es-stress-d3/elasticsearch-dynamic-0,1003.1,83844.11,1414.09,0.0312,8,135,1487.2936,6.5358,6.9471,0.265,A
13,es-stress-d4/elasticsearch-dynamic-0,1004.18,84236.35,1414.09,0.0273,6,564,1487.2936,6.5358,6.9471,0.268,A
14,sa1/customer-feedback,37351.06,9838.41,13057.48,0.0,0,1788462,265821.1945,6.5358,6.9471,0.0378,A
14,sa2/customer-feedback,50228.19,4234.79,7670.3,0.0,0,1139711,169396.5762,6.5358,6.9471,3.82,A
14,sa3/customer-feedback,69797.03,3849.41,7308.8,0.0,0,1193051,177324.5626,7.7429,6.9471,8.21,A
14,sa4/customer-feedback,42183.18,3416.51,6935.41,0.0,0,1868691,277745.7244,6.5358,6.9471,17.5,A
14,sa5/customer-feedback,43275.46,3109.77,6668.12,0.0,0,1878402,279189.0817,6.5358,6.9471,29.0,A
14,es-stress-d/elasticsearch-dynamic-0,1006.58,91221.03,1414.09,0.0,0,100,1487.2936,6.5358,6.9471,0.493,A
14,es-stress-d2/elasticsearch-dynamic-0,1002.91,90420.13,1414.09,0.0,0,263,1487.2936,6.5358,6.9471,0.495,A
14,es-stress-d3/elasticsearch-dynamic-0,1007.62,92050.18,1414.09,0.0,0,104,1487.2936,6.5358,6.9471,0.495,A
14,es-stress-d4/elasticsearch-dynamic-0,1007.46,92138.6,1414.09,0.0,0,90,1487.2936,6.5358,6.9471,0.495,A
15,sa1/customer-feedback,40454.42,9835.37,13057.48,3.8516,38,1634224,274891.8825,6.6478,6.9471,26.8,A
15,sa2/customer-feedback,46915.32,4235.33,7670.3,0.0,0,1647687,277156.486,7.114,6.9471,103.0,A
15,sa3/customer-feedback,37472.4,3852.25,7308.8,3.7266,38,1533114,257884.2273,6.5358,6.9471,35.0,A
15,sa5/customer-feedback,79670.45,3113.82,6668.12,0.0,0,526663,88589.6814,11.7421,6.9471,38.1,A
15,sa4/customer-feedback,34183.97,3419.25,6935.41,0.0,0,1292365,217387.976,6.5358,6.9471,66.4,A
15,es-stress-d/elasticsearch-dynamic-0,1003.78,98522.28,1414.09,0.0,0,160,1487.2936,8.327,6.9471,1.21,A
15,es-stress-d2/elasticsearch-dynamic-0,1003.93,98511.95,1414.09,0.0195,8,212,1487.2936,8.3261,6.9471,1.2,A
15,es-stress-d3/elasticsearch-dynamic-0,1004.6,100259.93,1414.09,0.0,0,89,1487.2936,8.4714,6.9471,1.21,A
15,es-stress-d4/elasticsearch-dynamic-0,1004.16,99489.66,1414.09,0.0,0,154,1487.2936,8.4074,6.9471,1.2,A
16,sa1/customer-feedback,44011.19,9834.97,13057.48,0.0,0,1112623,246889.2715,6.5358,6.9471,139.0,A
16,sa2/customer-feedback,24646.26,4238.59,7670.3,0.0,0,761356,168943.6837,6.5358,6.9471,135.0,A
16,sa3/customer-feedback,50701.57,3851.0,7308.8,0.0,0,1019482,226221.432,6.5358,6.9471,55.3,A
16,sa4/customer-feedback,66191.23,3419.1,6935.41,3.8984,38,745899,165513.8,6.7428,6.9471,80.2,A
16,sa5/customer-feedback,39484.8,3112.67,6668.12,0.0,0,1219669,270642.6084,6.5358,6.9471,61.2,A
16,es-stress-d/elasticsearch-dynamic-0,1002.09,103691.6,1414.09,0.0039,2,163,1487.2936,6.5358,6.9471,2.1,A
16,es-stress-d2/elasticsearch-dynamic-0,1003.76,106501.96,1414.09,0.0078,4,161,1487.2936,6.5358,6.9471,2.11,A
16,es-stress-d3/elasticsearch-dynamic-0,1007.33,108355.25,1414.09,0.0,0,148,1487.2936,6.5358,6.9471,2.1,A
16,es-stress-d4/elasticsearch-dynamic-0,1002.58,104745.67,1414.09,0.0,0,155,1487.2936,6.5358,6.9471,2.11,A
17,sa2/customer-feedback,61305.32,4238.72,7670.3,3.9062,36,902975,202016.2974,8.6116,6.9471,99.2,A
17,sa1/customer-feedback,28274.72,9834.69,13057.48,0.0,0,806960,180535.5313,6.5358,6.9471,121.0,A
17,sa3/customer-feedback,53969.91,3849.85,7308.8,0.0,0,774150,173195.1789,7.5891,6.9471,71.9,A
17,sa4/customer-feedback,48612.08,3418.82,6935.41,0.0,0,770918,172472.1061,6.8325,6.9471,93.7,A
17,sa5/customer-feedback,37636.41,3112.87,6668.12,0.0,0,1107825,247845.9589,6.5358,6.9471,129.0,A
17,es-stress-d/elasticsearch-dynamic-0,1006.73,109778.09,1414.09,0.0,0,196,1487.2936,7.459,6.9471,2.24,A
17,es-stress-d2/elasticsearch-dynamic-0,1006.41,114553.21,1414.09,0.0,0,129,1487.2936,7.7775,6.9471,2.24,A
17,es-stress-d3/elasticsearch-dynamic-0,1007.67,116554.99,1414.09,0.0,0,159,1487.2936,7.9112,6.9471,2.24,A
17,es-stress-d4/elasticsearch-dynamic-0,1006.78,110929.67,1414.09,0.0039,2,168,1487.2936,7.5358,6.9471,2.25,A
18,sa1/customer-feedback,51634.39,9834.04,13057.48,0.0,0,987625,214488.8518,6.5358,6.9471,97.8,A
18,sa2/customer-feedback,44290.35,4237.99,7670.3,0.0,0,772527,167774.6404,6.5358,6.9471,100.0,A
18,sa3/customer-feedback,45962.74,3850.75,7308.8,0.0,0,879966,191107.8567,6.5358,6.9471,45.1,A
18,sa4/customer-feedback,49098.39,3420.57,6935.41,0.0,0,835490,181448.7187,6.5358,6.9471,96.4,A
18,sa5/customer-feedback,36466.27,3112.41,6668.12,3.8594,38,1171925,254514.4642,6.5358,6.9471,116.0,A
18,es-stress-d2/elasticsearch-dynamic-0,1003.93,122596.22,1414.09,0.0,0,136,1487.2936,6.5358,6.9471,2.06,A
18,es-stress-d3/elasticsearch-dynamic-0,1004.56,124726.78,1414.09,0.0,0,182,1487.2936,6.5358,6.9471,2.06,A
18,es-stress-d4/elasticsearch-dynamic-0,1003.27,116822.55,1414.09,0.0,0,319,1487.2936,6.5358,6.9471,2.05,A
18,es-stress-d/elasticsearch-dynamic-0,1003.13,115593.66,1414.09,0.0195,8,174,1487.2936,6.5358,6.9471,2.05,A
19,sa5/customer-feedback,39680.28,3112.68,6668.12,0.0,0,1511784,275200.0993,6.5358,6.9471,61.7,A
19,sa1/customer-feedback,30291.4,9835.03,13057.48,0.0,0,1129777,205660.8236,6.5358,6.9471,44.0,A
19,sa2/customer-feedback,48036.19,4238.49,7670.3,0.0,0,1112487,202513.4099,6.5358,6.9471,71.3,A
19,sa3/customer-feedback,47903.35,3851.46,7308.8,0.0,0,1240238,225768.7743,6.5358,6.9471,80.5,A
19,sa4/customer-feedback,65572.68,3418.38,6935.41,0.0,0,703388,128042.3972,6.5358,6.9471,58.8,A
19,es-stress-d/elasticsearch-dynamic-0,1002.42,121820.66,1414.09,0.0,0,151,1487.2936,6.5358,6.9471,1.95,A
19,es-stress-d2/elasticsearch-dynamic-0,1002.41,130605.72,1414.09,0.0,0,152,1487.2936,6.5358,6.9471,1.93,A
19,es-stress-d3/elasticsearch-dynamic-0,1003.01,132842.02,1414.09,0.0195,8,167,1487.2936,6.5358,6.9471,1.96,A
19,es-stress-d4/elasticsearch-dynamic-0,1002.47,123163.3,1414.09,0.0195,8,201,1487.2936,6.5358,6.9471,1.95,A
20,sa1/customer-feedback,19153.28,9832.69,13057.48,0.0,0,723313,146871.5603,6.5358,6.9471,85.6,A
20,sa2/customer-feedback,71831.6,4239.27,7670.3,0.0,0,629145,127750.3761,6.6646,6.9471,109.0,A
20,sa3/customer-feedback,32898.08,3851.66,7308.8,0.0,0,1267122,257294.1248,6.5358,6.9471,98.4,A
20,sa4/customer-feedback,59003.27,3418.07,6935.41,0.0,0,1279878,259884.2809,6.5358,6.9471,88.6,A
20,sa5/customer-feedback,47937.91,3113.67,6668.12,0.0,0,987843,200585.4212,6.5358,6.9471,81.0,A
20,es-stress-d/elasticsearch-dynamic-0,1005.35,129940.97,1414.09,0.0,0,151,1487.2936,6.5358,6.9471,2.06,A
20,es-stress-d2/elasticsearch-dynamic-0,1004.53,137237.05,1414.09,0.0,0,127,1487.2936,6.5358,6.9471,2.05,A
20,es-stress-d3/elasticsearch-dynamic-0,1003.79,139663.52,1414.09,0.0,0,162,1487.2936,6.5358,6.9471,2.07,A
20,es-stress-d4/elasticsearch-dynamic-0,1003.78,131418.79,1414.09,0.0,0,110,1487.2936,6.5358,6.9471,2.07,A
21,sa5/customer-feedback,40866.06,3113.7,6668.12,0.0,0,1299204,192278.3753,6.5358,6.9471,77.4,A
21,sa1/customer-feedback,52672.37,9834.08,13057.48,3.9336,40,1648955,244040.4959,6.5358,6.9471,88.0,A
21,sa2/customer-feedback,50188.97,4241.65,7670.3,0.0,0,1786033,264327.6372,6.5358,6.9471,82.8,A
21,sa3/customer-feedback,52250.93,3852.03,7308.8,3.9727,40,1931227,285815.9226,6.5358,6.9471,176.0,A
21,sa4/customer-feedback,48024.15,3419.57,6935.41,0.0,0,1652132,244510.6825,6.5358,6.9471,73.7,A
21,es-stress-d2/elasticsearch-dynamic-0,1002.08,144990.55,1414.09,0.0,0,121,1487.2936,6.5358,6.9471,2.28,A
21,es-stress-d3/elasticsearch-dynamic-0,1001.96,147537.02,1414.09,0.0,0,131,1487.2936,6.5358,6.9471,2.3,A
21,es-stress-d4/elasticsearch-dynamic-0,1002.02,139602.79,1414.09,0.0,0,119,1487.2936,6.5358,6.9471,2.28,A
21,es-stress-d/elasticsearch-dynamic-0,1001.76,138058.22,1414.09,0.0,0,132,1487.2936,6.5358,6.9471,2.28,A
22,sa2/customer-feedback,32643.57,4240.29,7670.3,0.0,0,1025545,182684.1362,6.5358,6.9471,90.4,A
22,sa1/customer-feedback,36056.46,9835.61,13057.48,0.0,0,1022606,182160.6013,6.9914,6.9471,83.4,A
22,sa3/customer-feedback,84535.39,3852.74,7308.8,0.0,0,742674,132295.2754,15.0854,6.9471,157.0,A
22,sa4/customer-feedback,40437.13,3419.79,6935.41,4.0273,40,1430778,254869.7942,7.3233,6.9471,127.0,A
22,sa5/customer-feedback,44826.87,3113.07,6668.12,0.0,0,1862686,331807.1689,8.0721,6.9471,91.0,A
22,es-stress-d/elasticsearch-dynamic-0,1004.99,145310.56,1414.09,0.0039,1,114,1487.2936,10.0578,6.9471,2.25,A
22,es-stress-d2/elasticsearch-dynamic-0,1006.38,153042.91,1414.09,0.0273,9,146,1487.2936,10.5838,6.9471,2.25,A
22,es-stress-d3/elasticsearch-dynamic-0,1006.26,155676.58,1414.09,0.0039,1,115,1487.2936,10.7629,6.9471,2.25,A
22,es-stress-d4/elasticsearch-dynamic-0,1004.91,146870.58,1414.09,0.0039,1,134,1487.2936,10.1639,6.9471,2.26,A
23,sa2/customer-feedback,51691.07,4238.38,7670.3,0.0,0,1310427,227413.1055,7.9913,6.9471,70.0,A
23,sa1/customer-feedback,61576.42,9834.8,13057.48,0.0,0,1382079,239847.6813,9.7815,6.9471,91.6,A
23,sa3/customer-feedback,34514.17,3854.59,7308.8,0.0,0,1209734,209938.719,6.5358,6.9471,151.0,A
23,sa4/customer-feedback,54285.7,3419.98,6935.41,0.0,0,1217329,211256.7646,8.336,6.9471,93.0,A
23,sa5/customer-feedback,32899.83,3113.84,6668.12,0.0,0,1226769,212894.9938,6.5358,6.9471,65.4,A
23,es-stress-d/elasticsearch-dynamic-0,1003.04,152182.63,1414.09,0.0,0,121,1487.2936,8.4811,6.9471,2.37,A
23,es-stress-d2/elasticsearch-dynamic-0,1002.74,161078.16,1414.09,0.0,0,130,1487.2936,8.968,6.9471,2.37,A
23,es-stress-d3/elasticsearch-dynamic-0,1003.99,163822.69,1414.09,0.0039,2,227,1487.2936,9.1184,6.9471,2.38,A
23,es-stress-d4/elasticsearch-dynamic-0,1002.95,153785.4,1414.09,0.0,0,113,1487.2936,8.5688,6.9471,2.36,A
24,sa1/customer-feedback,42186.6,9835.89,13057.48,0.0,0,833473,173553.3264,6.5358,7.3036,99.8,A
24,sa2/customer-feedback,47356.42,4241.06,7670.3,3.9648,38,934602,194611.3263,6.5358,7.3036,134.0,A
24,sa3/customer-feedback,49836.88,3853.62,7308.8,0.0,0,1002184,208683.8648,6.5358,7.3036,95.3,A
24,sa4/customer-feedback,44932.3,3427.39,6935.41,0.0,0,819885,170723.9095,6.5358,7.3036,97.1,A
24,sa5/customer-feedback,39701.47,3113.79,6668.12,3.7969,38,1199847,249843.0519,6.5358,7.3036,97.5,A
24,es-stress-d/elasticsearch-dynamic-0,1006.4,157129.64,1414.09,0.0,0,156,1487.2936,6.5358,7.3036,2.14,A
24,es-stress-d2/elasticsearch-dynamic-0,1008.1,169011.04,1414.09,0.0,0,153,1487.2936,6.5403,7.3036,2.15,A
24,es-stress-d3/elasticsearch-dynamic-0,1008.91,171903.75,1414.09,0.0,0,209,1487.2936,6.6504,7.3036,2.14,A
24,es-stress-d4/elasticsearch-dynamic-0,1008.14,158824.52,1414.09,0.0,0,150,1487.2936,6.5358,7.3036,2.14,A
25,sa2/customer-feedback,42972.55,4240.48,7670.3,0.0,0,1359755,248554.7966,6.5358,6.9471,111.0,A
25,sa1/customer-feedback,46416.94,9835.84,13057.48,0.0,0,1421264,259798.261,6.5358,6.9471,81.1,A
25,sa3/customer-feedback,69063.79,3852.99,7308.8,0.0,0,553953,101259.1792,6.5358,6.9471,163.0,A
25,sa4/customer-feedback,44997.64,3423.18,6935.41,0.0,0,1376185,251558.0989,6.5358,6.9471,103.0,A
25,sa5/customer-feedback,33345.16,3116.71,6668.12,0.0,0,1271807,232478.4466,6.5358,6.9471,96.4,A
25,es-stress-d2/elasticsearch-dynamic-0,1004.96,177035.23,1414.09,0.0,0,140,1487.2936,6.5358,6.9471,2.35,A
25,es-stress-d3/elasticsearch-dynamic-0,1004.96,180042.38,1414.09,0.0273,6,275,1487.2936,6.5358,6.9471,2.36,A
25,es-stress-d4/elasticsearch-dynamic-0,1006.65,166034.21,1414.09,0.0273,6,183,1487.2936,6.5358,6.9471,2.35,A
25,es-stress-d/elasticsearch-dynamic-0,1005.46,164294.2,1414.09,0.0312,8,199,1487.2936,6.5358,6.9471,2.36,A
26,sa5/customer-feedback,40846.4,3116.47,6668.12,0.0,0,1158149,264172.9851,6.5358,6.9471,148.0,A
26,sa1/customer-feedback,50819.98,9837.18,13057.48,0.0,0,765999,174723.8416,6.5358,6.9471,115.0,A
26,sa2/customer-feedback,43242.04,4242.78,7670.3,0.0,0,866340,197611.5543,6.5358,6.9471,85.4,A
26,sa3/customer-feedback,46436.41,3853.24,7308.8,0.0,0,903729,206139.9593,6.5358,6.9471,108.0,A
26,sa4/customer-feedback,46737.09,3423.29,6935.41,0.0,0,848301,193496.8708,6.5358,6.9471,98.9,A
26,es-stress-d/elasticsearch-dynamic-0,1002.97,170491.08,1414.09,0.0039,2,234,1487.2936,6.5358,6.9471,2.37,A
26,es-stress-d2/elasticsearch-dynamic-0,1002.49,185038.74,1414.09,0.0039,2,128,1487.2936,6.5358,6.9471,2.38,A
26,es-stress-d3/elasticsearch-dynamic-0,1003.5,188077.18,1414.09,0.0,0,181,1487.2936,6.5358,6.9471,2.37,A
26,es-stress-d4/elasticsearch-dynamic-0,1003.07,172322.05,1414.09,0.0039,2,201,1487.2936,6.5358,6.9471,2.37,A
27,sa1/customer-feedback,50012.6,9836.08,13057.48,3.9258,38,1022770,214746.32,8.0855,6.9471,77.8,A
27,sa2/customer-feedback,46456.25,4244.27,7670.3,0.0,0,1024862,215185.5676,7.2861,6.9471,77.4,A
27,sa3/customer-feedback,37591.73,3856.12,7308.8,3.9102,38,860959,180771.6074,6.5358,6.9471,101.0,A
27,sa4/customer-feedback,52528.47,3423.46,6935.41,0.0,0,888469,186547.7558,8.1753,6.9471,134.0,A
27,sa5/customer-feedback,40159.01,3115.77,6668.12,0.0,0,1138430,239030.9191,6.5358,6.9471,90.6,A
27,es-stress-d/elasticsearch-dynamic-0,1002.46,176041.07,1414.09,0.0,0,388,1487.2936,8.2314,6.9471,2.15,A
27,es-stress-d2/elasticsearch-dynamic-0,1002.1,192982.24,1414.09,0.0,0,91,1487.2936,9.0087,6.9471,2.14,A
27,es-stress-d3/elasticsearch-dynamic-0,1002.77,196119.93,1414.09,0.0,0,166,1487.2936,9.1528,6.9471,2.17,A
27,es-stress-d4/elasticsearch-dynamic-0,1002.52,177970.52,1414.09,0.0,0,191,1487.2936,8.3199,6.9471,2.15,A
28,sa4/customer-feedback,53128.39,3425.5,6935.41,3.8984,38,871878,206639.4356,6.5358,6.9471,118.0,A
28,sa1/customer-feedback,44226.86,9838.75,13057.48,0.0,0,720531,170769.4416,6.5358,6.9471,68.7,A
28,sa2/customer-feedback,54722.62,4240.98,7670.3,0.0,0,731819,173444.7539,6.5358,6.9471,119.0,A
28,sa3/customer-feedback,46578.76,3853.14,7308.8,0.0,0,861658,204217.2446,6.5358,6.9471,142.0,A
28,sa5/customer-feedback,16790.57,3117.06,6668.12,0.0,0,573930,136024.2732,6.5358,6.9471,63.6,A
28,es-stress-d/elasticsearch-dynamic-0,1007.46,181419.58,1414.09,0.0,0,152,1487.2936,6.5358,6.9471,2.24,A
28,es-stress-d2/elasticsearch-dynamic-0,1008.55,200559.0,1414.09,0.0234,6,121,1487.2936,6.5358,6.9471,2.25,A
28,es-stress-d3/elasticsearch-dynamic-0,1011.54,203835.19,1414.09,0.0,0,353,1487.2936,6.5358,6.9471,2.25,A
28,es-stress-d4/elasticsearch-dynamic-0,1009.23,183425.96,1414.09,0.0,0,206,1487.2936,6.5358,6.9471,2.25,A
29,sa1/customer-feedback,47947.04,9837.02,13057.48,0.0,0,960782,208693.2373,8.6844,6.9471,105.0,A
29,sa2/customer-feedback,41068.03,4242.68,7670.3,0.0,0,837230,181856.2786,7.24,6.9471,106.0,A
29,sa3/customer-feedback,48432.99,3852.58,7308.8,0.0,0,969921,210678.3364,8.4838,6.9471,85.2,A
29,sa4/customer-feedback,49265.03,3423.69,6935.41,0.0,0,1001422,217520.7269,8.606,6.9471,123.0,A
29,sa5/customer-feedback,36141.28,3117.89,6668.12,0.0,0,995058,216138.3907,6.5358,6.9471,79.5,A
29,es-stress-d/elasticsearch-dynamic-0,1002.34,186337.83,1414.09,0.0,0,215,1487.2936,9.0122,6.9471,2.16,A
29,es-stress-d2/elasticsearch-dynamic-0,1001.84,208436.99,1414.09,0.0,0,147,1487.2936,10.0606,6.9471,2.16,A
29,es-stress-d3/elasticsearch-dynamic-0,1003.43,211853.19,1414.09,0.0,0,174,1487.2936,10.2229,6.9471,2.17,A
29,es-stress-d4/elasticsearch-dynamic-0,1002.27,188462.95,1414.09,0.0,0,144,1487.2936,9.113,6.9471,2.17,A
30,sa1/customer-feedback,35992.08,9840.26,13057.48,0.0,0,1123378,194770.7129,6.5358,6.9471,75.3,A
30,sa2/customer-feedback,46668.78,4242.24,7670.3,3.9062,40,1478322,256310.7252,6.5358,6.9471,121.0,A
30,sa3/customer-feedback,72122.43,3855.46,7308.8,0.0,0,652918,113202.5946,6.5358,6.9471,119.0,A
30,sa4/customer-feedback,37649.35,3424.79,6935.41,0.0,0,1232306,213656.5948,6.5358,6.9471,120.0,A
30,sa5/customer-feedback,41217.29,3118.7,6668.12,4.0391,40,1531111,265463.2555,6.5358,6.9471,87.0,A
30,es-stress-d/elasticsearch-dynamic-0,1001.13,193190.83,1414.09,0.0,0,102,1487.2936,6.5358,6.9471,2.28,A
30,es-stress-d2/elasticsearch-dynamic-0,1003.64,216438.24,1414.09,0.0,0,153,1487.2936,6.5358,6.9471,2.29,A
30,es-stress-d3/elasticsearch-dynamic-0,1001.89,219986.97,1414.09,0.0,0,145,1487.2936,6.5358,6.9471,2.28,A
30,es-stress-d4/elasticsearch-dynamic-0,1001.06,195409.82,1414.09,0.0,0,119,1487.2936,6.5358,6.9471,2.29,A
31,sa1/customer-feedback,39605.97,9839.84,13057.48,0.0,0,1608033,261510.0185,6.5358,6.9471,20.6,A
31,sa2/customer-feedback,33168.19,4244.46,7670.3,0.0,0,1475964,240031.9974,6.5358,6.9471,169.0,A
31,sa3/customer-feedback,90164.77,3854.81,7308.8,0.0,0,683587,111169.8883,6.5358,6.9471,77.5,A
31,sa5/customer-feedback,37661.59,3118.74,6668.12,0.0,0,1869939,304103.0765,6.5358,6.9471,141.0,A
31,sa4/customer-feedback,39422.29,3423.13,6935.41,0.0,0,1711276,278300.1458,6.5358,6.9471,121.0,A
31,es-stress-d/elasticsearch-dynamic-0,1002.31,200606.08,1414.09,0.0273,8,113,1487.2936,6.5358,6.9471,2.35,A
31,es-stress-d2/elasticsearch-dynamic-0,1002.2,224481.24,1414.09,0.0,0,83,1487.2936,6.5358,6.9471,2.35,A
31,es-stress-d3/elasticsearch-dynamic-0,1002.3,228168.96,1414.09,0.0273,12,106,1487.2936,6.5358,6.9471,2.34,A
31,es-stress-d4/elasticsearch-dynamic-0,1002.06,202897.76,1414.09,0.0195,8,947,1487.2936,6.5358,6.9471,2.35,A
32,sa1/customer-feedback,38772.72,9839.98,13057.48,0.0,0,1693464,272338.7405,6.5358,6.9471,140.0,A
32,sa2/customer-feedback,37936.25,4242.79,7670.3,0.0,0,1591632,255962.3672,6.5358,6.9471,114.0,A
32,sa3/customer-feedback,89150.72,3854.94,7308.8,0.0,0,649129,104391.3389,7.3689,6.9471,143.0,A
32,sa4/customer-feedback,38227.49,3422.33,6935.41,0.0,0,1731237,278413.302,6.5358,6.9471,111.0,A
32,sa5/customer-feedback,34763.12,3117.92,6668.12,0.0,0,1876949,301846.3496,6.5358,6.9471,66.6,A
32,es-stress-d/elasticsearch-dynamic-0,1004.72,207871.64,1414.09,0.0,0,119,1487.2936,6.5358,6.9471,2.37,A
32,es-stress-d2/elasticsearch-dynamic-0,1004.05,232495.75,1414.09,0.0,0,101,1487.2936,6.5358,6.9471,2.37,A
32,es-stress-d3/elasticsearch-dynamic-0,1004.74,236290.84,1414.09,0.0,0,86,1487.2936,6.5358,6.9471,2.37,A
32,es-stress-d4/elasticsearch-dynamic-0,1003.91,210224.58,1414.09,0.0,0,89,1487.2936,6.5358,6.9471,2.37,A
33,sa2/customer-feedback,26690.6,4245.16,7670.3,0.0,0,945093,167060.9452,6.5358,6.9471,71.5,A
33,sa1/customer-feedback,30497.98,9839.64,13057.48,0.0,0,1166777,206247.2884,6.5358,6.9471,65.1,A
33,sa3/customer-feedback,40776.92,3861.59,7308.8,3.9727,40,649143,114746.8484,6.5358,6.9471,196.0,A
33,sa4/customer-feedback,32395.4,3425.68,6935.41,0.0,0,1176441,207955.5615,6.5358,6.9471,91.9,A
33,sa5/customer-feedback,68173.34,3125.14,6668.12,0.0,0,653414,115501.8188,10.5814,6.9471,108.0,A
33,es-stress-d2/elasticsearch-dynamic-0,1005.68,239548.02,1414.09,0.0039,2,113,1487.2936,8.1005,6.9471,2.17,A
33,es-stress-d3/elasticsearch-dynamic-0,1006.0,243412.44,1414.09,0.0,0,170,1487.2936,8.2287,6.9471,2.18,A
33,es-stress-d4/elasticsearch-dynamic-0,1005.62,216734.82,1414.09,0.0039,2,177,1487.2936,7.3437,6.9471,2.18,A
33,es-stress-d/elasticsearch-dynamic-0,1005.59,214339.88,1414.09,0.0039,2,163,1487.2936,7.2643,6.9471,2.17,A
34,sa2/customer-feedback,38491.35,4244.33,7670.3,0.0,0,1218948,232493.9402,6.5358,6.9471,111.0,A
34,sa1/customer-feedback,43991.62,9839.14,13057.48,3.9609,40,1255230,239414.1248,6.5358,6.9471,150.0,A
34,sa3/customer-feedback,56706.09,3861.02,7308.8,0.0,0,891385,170016.7775,6.5358,6.9471,93.6,A
34,sa4/customer-feedback,42333.01,3425.26,6935.41,4.0586,40,1346106,256747.2016,6.5358,6.9471,124.0,A
34,sa5/customer-feedback,45946.95,3125.64,6668.12,0.0,0,773791,147587.6891,6.5358,6.9471,66.0,A
34,es-stress-d2/elasticsearch-dynamic-0,1006.73,247548.31,1414.09,0.0273,6,174,1487.2936,6.5358,6.9471,2.39,A
34,es-stress-d3/elasticsearch-dynamic-0,1010.01,251481.15,1414.09,0.0,0,210,1487.2936,6.5358,6.9471,2.4,A
34,es-stress-d4/elasticsearch-dynamic-0,1007.75,222543.91,1414.09,0.0,0,185,1487.2936,6.5358,6.9471,2.4,A
34,es-stress-d/elasticsearch-dynamic-0,1006.03,220079.9,1414.09,0.0,0,174,1487.2936,6.5358,6.9471,2.41,A
35,sa2/customer-feedback,43020.3,4243.33,7670.3,0.0,0,1565894,273876.0502,6.5358,6.9471,103.0,A
35,sa3/customer-feedback,72919.21,3861.38,7308.8,0.0,0,658402,115155.01,7.1572,6.9471,102.0,A
35,sa4/customer-feedback,37109.83,3428.12,6935.41,0.0,0,1034294,180898.8064,6.5358,6.9471,104.0,A
35,sa5/customer-feedback,48518.13,3124.41,6668.12,0.0,0,1500253,262395.3894,6.5358,6.9471,89.9,A
35,sa1/customer-feedback,36976.78,9838.71,13057.48,0.0,0,1335502,233580.3144,6.5358,6.9471,89.1,A
35,es-stress-d/elasticsearch-dynamic-0,1001.08,227199.74,1414.09,0.0,0,181,1487.2936,6.5358,6.9471,2.19,A
35,es-stress-d2/elasticsearch-dynamic-0,1001.07,255546.31,1414.09,0.0,0,180,1487.2936,6.5358,6.9471,2.18,A
35,es-stress-d3/elasticsearch-dynamic-0,1001.47,259604.39,1414.09,0.0,0,118,1487.2936,6.5358,6.9471,2.19,A
35,es-stress-d4/elasticsearch-dynamic-0,1001.21,229750.41,1414.09,0.0,0,190,1487.2936,6.5358,6.9471,2.19,A
36,sa1/customer-feedback,49344.47,9841.38,13057.48,0.0,0,1633379,319969.3559,6.5358,6.9471,107.0,A
36,sa2/customer-feedback,38378.82,4247.03,7670.3,3.9805,38,1269339,248656.0573,6.5358,6.9471,101.0,A
36,sa3/customer-feedback,80775.33,3858.66,7308.8,0.0,0,788266,154416.6812,6.5358,6.9471,157.0,A
36,sa4/customer-feedback,57538.2,3431.21,6935.41,0.0,0,1268796,248549.6868,6.5358,6.9471,107.0,A
36,sa5/customer-feedback,14874.73,3122.29,6668.12,3.7656,38,817063,160057.8444,6.5358,6.9471,75.2,A
36,es-stress-d/elasticsearch-dynamic-0,1003.59,234678.59,1414.09,0.0,0,109,1487.2936,6.5358,6.9471,2.31,A
36,es-stress-d2/elasticsearch-dynamic-0,1003.58,263587.87,1414.09,0.0,0,94,1487.2936,6.5358,6.9471,2.32,A
36,es-stress-d3/elasticsearch-dynamic-0,1004.18,267807.15,1414.09,0.0,0,186,1487.2936,6.5358,6.9471,2.32,A
36,es-stress-d4/elasticsearch-dynamic-0,1006.92,237350.02,1414.09,0.0,0,116,1487.2936,6.5358,6.9471,2.32,A
37,sa1/customer-feedback,59142.39,9839.84,13057.48,0.0,0,957519,188062.5586,7.2141,6.9471,110.0,A
37,sa2/customer-feedback,51426.82,4246.08,7670.3,0.0,0,983922,193248.2685,6.5358,6.9471,110.0,A
37,sa3/customer-feedback,54810.72,3856.53,7308.8,0.0,0,941081,184834.0354,6.5495,6.9471,114.0,A
37,sa4/customer-feedback,28831.71,3429.18,6935.41,0.0,0,1097879,215630.1168,6.5358,6.9471,97.3,A
37,sa5/customer-feedback,34078.68,3122.48,6668.12,0.0,0,1674465,328875.116,6.5358,6.9471,84.5,A
37,es-stress-d/elasticsearch-dynamic-0,1003.71,240281.09,1414.09,0.0312,8,226,1487.2936,6.5358,6.9471,2.25,A
37,es-stress-d2/elasticsearch-dynamic-0,1003.59,271508.62,1414.09,0.0,0,157,1487.2936,7.1505,6.9471,2.25,A
37,es-stress-d3/elasticsearch-dynamic-0,1004.97,276053.65,1414.09,0.0273,6,161,1487.2936,7.2684,6.9471,2.27,A
37,es-stress-d4/elasticsearch-dynamic-0,1004.3,243039.52,1414.09,0.0273,6,283,1487.2936,6.5358,6.9471,2.27,A
38,sa1/customer-feedback,27578.86,9843.66,13057.48,0.0,0,400849,76604.4806,6.5358,7.9846,119.0,A
38,sa2/customer-feedback,47409.75,4254.66,7670.3,0.0,0,504349,96383.9081,6.5358,7.9846,108.0,A
38,sa3/customer-feedback,41150.42,3860.49,7308.8,0.0,0,665946,127265.9964,6.5358,7.9846,67.9,A
38,sa4/customer-feedback,32863.55,3429.96,6935.41,0.0,0,516102,98629.9719,6.5358,7.9846,118.0,A
38,sa5/customer-feedback,43768.39,3122.61,6668.12,0.0,0,898660,171738.9403,6.5358,7.9846,87.1,A
38,es-stress-d/elasticsearch-dynamic-0,1007.45,246226.15,1414.09,0.0,0,205,1487.2936,6.5358,7.9846,2.21,A
38,es-stress-d2/elasticsearch-dynamic-0,1007.37,277981.38,1414.09,0.0,0,426,1487.2936,6.5358,7.9846,2.21,A
38,es-stress-d3/elasticsearch-dynamic-0,1008.26,282728.51,1414.09,0.0,0,371,1487.2936,6.5358,7.9846,2.21,A
38,es-stress-d4/elasticsearch-dynamic-0,1008.89,249088.82,1414.09,0.0,0,150,1487.2936,6.5358,7.9846,2.21,A
39,sa1/customer-feedback,43771.72,9843.53,13057.48,0.0,0,1982733,271786.5392,6.5358,6.9471,112.0,A
39,sa2/customer-feedback,47874.43,4252.02,7670.3,0.0,0,1868922,256185.7004,6.5358,6.9471,131.0,A
39,sa3/customer-feedback,55699.02,3856.8,7308.8,3.8516,38,1724837,236435.001,6.5358,6.9471,104.0,A
39,sa5/customer-feedback,48827.65,3123.8,6668.12,0.0,0,1672687,229286.45,6.5358,6.9471,14.9,A
39,sa4/customer-feedback,46292.86,3425.74,6935.41,0.0,0,1929368,264471.44,6.5358,6.9471,116.0,A
39,es-stress-d/elasticsearch-dynamic-0,998.19,254020.15,1414.09,0.0,0,98,1487.2936,6.5358,6.9471,2.27,A
39,es-stress-d2/elasticsearch-dynamic-0,998.05,285975.38,1414.09,0.0,0,79,1487.2936,6.5358,6.9471,2.26,A
39,es-stress-d3/elasticsearch-dynamic-0,998.38,290891.76,1414.09,0.0,0,113,1487.2936,6.5358,6.9471,2.27,A
39,es-stress-d4/elasticsearch-dynamic-0,998.12,256929.57,1414.09,0.0,0,132,1487.2936,6.5358,6.9471,2.26,A
40,sa1/customer-feedback,42939.99,9845.29,13057.48,3.9844,38,1840926,256443.3523,6.5358,6.9471,101.0,A
40,sa2/customer-feedback,41538.09,4248.1,7670.3,0.0,0,1744106,242956.2021,6.5358,6.9471,83.5,A
40,sa3/customer-feedback,60115.63,3857.23,7308.8,0.0,0,1904864,265349.9977,6.5358,6.9471,100.0,A
40,sa4/customer-feedback,43565.09,3430.55,6935.41,0.0,0,1788784,249179.9048,6.5358,6.9471,106.0,A
40,sa5/customer-feedback,57851.91,3123.52,6668.12,0.0,0,1889808,263252.6776,6.5358,6.9471,93.2,A
40,es-stress-d/elasticsearch-dynamic-0,1004.33,262132.4,1414.09,0.0039,2,127,1487.2936,6.5358,6.9471,2.19,A
40,es-stress-d2/elasticsearch-dynamic-0,1005.23,293997.51,1414.09,0.0234,10,102,1487.2936,6.5358,6.9471,2.18,A
40,es-stress-d3/elasticsearch-dynamic-0,1004.84,299046.03,1414.09,0.0039,2,104,1487.2936,6.5358,6.9471,2.19,A
40,es-stress-d4/elasticsearch-dynamic-0,1005.43,265087.16,1414.09,0.0078,4,77,1487.2936,6.5358,6.9471,2.19,A
41,sa2/customer-feedback,38417.89,4248.6,7670.3,0.0,0,1574946,246136.0312,6.5358,6.9471,97.4,A
41,sa1/customer-feedback,41224.54,9846.15,13057.48,0.0,0,1785020,278966.8589,6.5358,6.9471,68.0,A
41,sa3/customer-feedback,76853.73,3857.51,7308.8,0.0,0,993813,155315.2855,6.5358,6.9471,213.0,A
41,sa4/customer-feedback,41382.25,3431.57,6935.41,3.9688,38,1808426,282624.8001,6.5358,6.9471,71.1,A
41,sa5/customer-feedback,45152.3,3123.14,6668.12,0.0,0,1385224,216485.859,6.5358,6.9471,86.1,A
41,es-stress-d2/elasticsearch-dynamic-0,1001.8,301990.59,1414.09,0.0,0,115,1487.2936,6.5358,6.9471,2.29,A
41,es-stress-d3/elasticsearch-dynamic-0,1002.11,307198.98,1414.09,0.0,0,233,1487.2936,6.5358,6.9471,2.28,A
41,es-stress-d4/elasticsearch-dynamic-0,1001.99,272971.24,1414.09,0.0,0,97,1487.2936,6.5358,6.9471,2.27,A
41,es-stress-d/elasticsearch-dynamic-0,1001.85,269974.9,1414.09,0.0,0,137,1487.2936,6.5358,6.9471,2.28,A
42,sa2/customer-feedback,48924.61,4248.4,7670.3,4.0547,40,1260571,219841.8386,6.5358,6.9471,74.2,A
42,sa1/customer-feedback,35210.01,9845.68,13057.48,0.0,0,1485483,259066.1803,6.5358,6.9471,88.8,A
42,sa3/customer-feedback,76707.68,3863.05,7308.8,0.0,0,497174,86706.4578,6.72,6.9471,206.0,A
42,sa4/customer-feedback,33769.21,3430.27,6935.41,0.0,0,1316522,229599.6156,6.5358,6.9471,97.3,A
42,sa5/customer-feedback,40026.33,3123.82,6668.12,4.0547,40,1623262,283094.6473,6.5358,6.9471,89.3,A
42,es-stress-d2/elasticsearch-dynamic-0,1005.23,309964.34,1414.09,0.0,0,132,1487.2936,6.5358,6.9471,2.31,A
42,es-stress-d3/elasticsearch-dynamic-0,563.93,311774.19,1414.09,0.0,0,1349,1487.2936,6.5358,6.9471,2.3,A
42,es-stress-d4/elasticsearch-dynamic-0,1005.2,279904.47,1414.09,0.0,0,156,1487.2936,6.5358,6.9471,2.32,A
42,es-stress-d/elasticsearch-dynamic-0,1004.8,276846.15,1414.09,0.0,0,173,1487.2936,6.5358,6.9471,2.3,A
43,sa2/customer-feedback,44655.41,4250.73,7670.3,0.0,0,740802,160530.9505,6.5358,6.9471,80.1,A
43,sa3/customer-feedback,49366.12,3862.09,7308.8,0.0,0,942918,204329.2578,6.5358,6.9471,249.0,A
43,sa4/customer-feedback,48723.4,3429.07,6935.41,0.0,0,970429,210290.8602,6.5358,6.9471,81.0,A
43,sa5/customer-feedback,38080.14,3124.88,6668.12,0.0,0,1017954,220589.4736,6.5358,6.9471,78.9,A
43,sa1/customer-feedback,44175.0,9844.75,13057.48,0.0,0,968699,209915.9711,6.5358,6.9471,86.2,A
43,es-stress-d/elasticsearch-dynamic-0,1002.7,281819.65,1414.09,0.0273,8,163,1487.2936,6.9799,6.9471,2.39,A
43,es-stress-d2/elasticsearch-dynamic-0,227.56,311733.43,1414.09,0.0,0,4903,1487.2936,7.6062,6.9471,2.39,A
43,es-stress-d3/elasticsearch-dynamic-0,4.13,311773.95,1414.09,0.0195,8,6867,1488.0711,7.5781,6.9471,2.4,A
43,es-stress-d4/elasticsearch-dynamic-0,1002.78,284984.16,1414.09,0.0195,8,165,1487.2936,7.0568,6.9471,2.4,A
44,sa5/customer-feedback,43997.61,3124.43,6668.12,0.0,0,1074346,230398.3481,6.5358,6.9471,118.0,A
44,sa1/customer-feedback,38606.9,9848.32,13057.48,0.0,0,956060,205031.3816,6.5358,6.9471,46.6,A
44,sa2/customer-feedback,57800.06,4249.53,7670.3,0.0,0,892543,191409.8743,8.0672,6.9471,31.4,A
44,sa3/customer-feedback,45591.3,3862.21,7308.8,0.0,0,802986,172203.9715,6.5358,6.9471,37.9,A
44,sa4/customer-feedback,42700.11,3430.14,6935.41,0.0,0,946104,202896.2725,6.5358,6.9471,49.0,A
44,es-stress-d/elasticsearch-dynamic-0,1003.18,287194.69,1414.09,0.0,0,230,1487.2936,7.5802,6.9471,1.33,A
44,es-stress-d2/elasticsearch-dynamic-0,4.94,311734.5,1414.09,0.0,0,3270,1487.2936,8.0787,6.9471,1.32,A
44,es-stress-d3/elasticsearch-dynamic-0,6.92,311773.84,1414.09,0.0,0,8734,1873.0457,8.08,6.9471,1.32,A
44,es-stress-d4/elasticsearch-dynamic-0,1003.99,290469.93,1414.09,0.0,0,487,1487.2936,7.6652,6.9471,1.33,A
45,sa2/customer-feedback,45333.1,4248.14,7670.3,0.0,0,931048,210633.2979,14.8244,6.9471,88.4,A
45,sa1/customer-feedback,46934.24,9846.44,13057.48,0.0,0,1149010,259943.3817,15.6744,6.9471,106.0,A
45,sa3/customer-feedback,55951.79,3860.72,7308.8,0.0,0,735168,166318.8798,18.214,6.9471,130.0,A
45,sa4/customer-feedback,40392.29,3428.78,6935.41,0.0,0,882934,199748.3484,13.1874,6.9471,94.6,A
45,sa5/customer-feedback,39951.71,3126.3,6668.12,0.0,0,810595,183382.917,13.0276,6.9471,75.0,A
45,es-stress-d2/elasticsearch-dynamic-0,3.91,311734.03,1414.09,0.0,0,6757,1528.6529,18.6791,6.9471,2.19,A
45,es-stress-d3/elasticsearch-dynamic-0,3.96,311773.83,1414.09,0.0,0,5694,1487.2936,18.6815,6.9471,2.21,A
45,es-stress-d4/elasticsearch-dynamic-0,1004.27,296115.19,1414.09,0.0,0,335,1487.2936,18.0648,6.9471,2.2,A
45,es-stress-d/elasticsearch-dynamic-0,1004.6,292724.7,1414.09,0.0,0,248,1487.2936,17.8617,6.9471,2.2,A
46,sa5/customer-feedback,46377.89,3124.64,6668.12,0.0,0,1022801,214898.4952,11.3385,6.9471,95.2,A
46,sa1/customer-feedback,40821.71,9845.22,13057.48,3.832,38,1035414,217548.5852,10.2929,6.9471,84.7,A
46,sa2/customer-feedback,41087.64,4247.55,7670.3,0.0,0,881400,185189.0384,10.1104,6.9471,88.6,A
46,sa3/customer-feedback,50077.56,3860.67,7308.8,4.0664,40,956021,200867.4945,12.2645,6.9471,207.0,A
46,sa4/customer-feedback,47234.04,3427.56,6935.41,0.0,0,1008679,211931.3525,11.5586,6.9471,97.6,A
46,es-stress-d/elasticsearch-dynamic-0,1004.81,297652.7,1414.09,0.0039,1,229,1487.2936,13.3665,6.9471,2.37,A
46,es-stress-d2/elasticsearch-dynamic-0,6.51,311733.96,1414.09,0.0312,7,4186,1487.2936,13.7462,6.9471,2.37,A
46,es-stress-d3/elasticsearch-dynamic-0,8.57,311774.11,1414.09,0.0039,1,9010,1893.0715,13.7485,6.9471,2.36,A
46,es-stress-d4/elasticsearch-dynamic-0,1005.36,301154.45,1414.09,0.0039,1,172,1487.2936,13.521,6.9471,2.36,A
47,sa1/customer-feedback,43247.5,9844.0,13057.48,0.0,0,1053537,211908.4359,7.7219,6.9471,137.0,A
47,sa2/customer-feedback,47962.61,4246.63,7670.3,0.0,0,892214,179459.9271,8.3496,6.9471,117.0,A
47,sa3/customer-feedback,62657.21,3859.31,7308.8,0.0,0,638201,128367.7514,10.8534,6.9471,162.0,A
47,sa4/customer-feedback,43549.55,3430.69,6935.41,3.9688,38,914536,183949.7743,7.5677,6.9471,123.0,A
47,sa5/customer-feedback,36854.09,3126.27,6668.12,0.0,0,1340848,269698.1715,6.5358,6.9471,48.8,A
47,es-stress-d/elasticsearch-dynamic-0,1002.42,304038.71,1414.09,0.0,0,116,1487.2936,9.9378,6.9471,2.46,A
47,es-stress-d2/elasticsearch-dynamic-0,2.6,311733.54,1414.09,0.0,0,7907,1590.414,10.0137,6.9471,2.46,A
47,es-stress-d3/elasticsearch-dynamic-0,3.03,311773.85,1414.09,0.0,0,8640,1737.8496,10.0151,6.9471,2.47,A
47,es-stress-d4/elasticsearch-dynamic-0,1002.52,307580.7,1414.09,0.0,0,214,1487.2936,10.0515,6.9471,2.47,A
48,sa1/customer-feedback,38492.36,9843.14,13057.48,0.0,0,1365549,265847.0828,6.5358,6.9471,91.2,A
48,sa2/customer-feedback,41302.8,4245.95,7670.3,3.918,36,1314690,255945.7781,6.5358,6.9471,118.0,A
48,sa3/customer-feedback,46951.12,3862.38,7308.8,0.0,0,647354,126027.8265,6.829,6.9471,134.0,A
48,sa4/customer-feedback,63367.38,3430.27,6935.41,0.0,0,670096,130455.2724,9.1709,6.9471,84.0,A
48,sa5/customer-feedback,35170.69,3126.65,6668.12,0.0,0,1546566,301087.738,6.5358,6.9471,72.2,A
48,es-stress-d/elasticsearch-dynamic-0,1005.87,309141.02,1414.09,0.0078,4,262,1487.2936,8.0752,6.9471,2.24,A
48,es-stress-d2/elasticsearch-dynamic-0,5.69,311733.78,1414.09,0.0039,2,3704,1487.2936,7.9984,6.9471,2.23,A
48,es-stress-d3/elasticsearch-dynamic-0,7.07,311773.85,1414.09,0.0039,2,4823,1487.2936,7.9996,6.9471,2.24,A
48,es-stress-d4/elasticsearch-dynamic-0,811.07,311749.39,1414.09,0.0,0,274,1487.2936,8.1142,6.9471,2.24,A
49,sa2/customer-feedback,46265.49,4246.88,7670.3,0.0,0,787417,166925.0375,6.5358,6.9471,94.0,A
49,sa1/customer-feedback,41888.3,9844.54,13057.48,0.0,0,981338,208034.4754,6.5358,6.9471,54.1,A
49,sa3/customer-feedback,55104.57,3860.22,7308.8,0.0,0,824784,174846.492,6.5358,6.9471,80.8,A
49,sa4/customer-feedback,41901.45,3429.86,6935.41,0.0,0,845927,179328.6102,6.5358,6.9471,50.5,A
49,sa5/customer-feedback,43134.71,3126.34,6668.12,4.0195,38,1062789,225301.3254,6.5358,6.9471,85.1,A
49,es-stress-d2/elasticsearch-dynamic-0,3.18,311733.52,1414.09,0.0,0,5220,1487.2936,6.5358,6.9471,1.84,A
49,es-stress-d3/elasticsearch-dynamic-0,4.1,311774.1,1414.09,0.0312,4,7903,1675.3621,6.5358,6.9471,1.84,A
49,es-stress-d4/elasticsearch-dynamic-0,3.11,311749.14,1414.09,0.0312,4,6723,1487.2936,6.5358,6.9471,1.85,A
49,es-stress-d/elasticsearch-dynamic-0,532.27,311744.45,1414.09,0.0312,8,504,1487.2936,6.5358,6.9471,1.85,A
50,sa2/customer-feedback,51824.25,4247.0,7670.3,0.0,0,1102416,206971.8768,6.5358,6.9471,99.4,A
50,sa1/customer-feedback,44819.0,9842.81,13057.48,0.0,0,1440792,270499.9059,6.5358,6.9471,127.0,A
50,sa3/customer-feedback,70453.61,3860.35,7308.8,0.0,0,860195,161496.3621,8.3546,6.9471,122.0,A
50,sa4/customer-feedback,46194.56,3432.74,6935.41,0.0,0,1405620,263896.5775,6.5358,6.9471,145.0,A
50,sa5/customer-feedback,26991.08,3126.29,6668.12,0.0,0,1240762,232945.494,6.5358,6.9471,97.0,A
50,es-stress-d2/elasticsearch-dynamic-0,4.47,311733.66,1414.09,0.0,0,6931,1487.2936,6.9151,6.9471,2.46,A
50,es-stress-d3/elasticsearch-dynamic-0,5.02,311773.98,1414.09,0.0,0,7107,1487.2936,6.9161,6.9471,2.47,A
50,es-stress-d4/elasticsearch-dynamic-0,4.65,311749.21,1414.09,0.0039,2,7658,1487.2936,6.9155,6.9471,2.47,A
50,es-stress-d/elasticsearch-dynamic-0,4.67,311744.95,1414.09,0.0,0,4912,1487.2936,6.9154,6.9471,2.47,A
51,sa2/customer-feedback,40380.16,4247.38,7670.3,0.0,0,1468512,278012.9307,8.4066,6.9471,124.0,A
51,sa3/customer-feedback,72286.35,3862.07,7308.8,0.0,0,540240,102276.1174,14.9097,6.9471,150.0,A
51,sa4/customer-feedback,42700.09,3432.48,6935.41,0.0,0,1002790,189844.2688,8.8501,6.9471,101.0,A
51,sa5/customer-feedback,40689.63,3124.52,6668.12,0.0,0,1357817,257056.5876,8.428,6.9471,143.0,A
51,sa1/customer-feedback,35812.43,9843.41,13057.48,0.0,0,1286557,243565.924,7.682,6.9471,81.4,A
51,es-stress-d/elasticsearch-dynamic-0,2.97,311744.96,1414.09,0.0,0,7720,1487.2936,11.6136,6.9471,2.43,A
51,es-stress-d2/elasticsearch-dynamic-0,2.81,311733.91,1414.09,0.0,0,9699,1836.1766,11.6132,6.9471,2.45,A
51,es-stress-d3/elasticsearch-dynamic-0,4.14,311773.98,1414.09,0.0,0,7318,1487.2936,11.615,6.9471,2.45,A
51,es-stress-d4/elasticsearch-dynamic-0,3.07,311749.21,1414.09,0.0,0,6659,1487.2936,11.6138,6.9471,2.44,A
52,sa5/customer-feedback,31488.14,3125.76,6668.12,0.0,0,1478636,274707.3471,6.5358,6.9471,79.7,A
52,sa1/customer-feedback,56255.27,9843.75,13057.48,4.0352,38,846235,157217.173,6.5358,6.9471,105.0,A
52,sa2/customer-feedback,37060.48,4247.23,7670.3,0.0,0,1536484,285454.597,6.5358,6.9471,85.1,A
52,sa3/customer-feedback,60468.39,3863.0,7308.8,3.9336,38,732373,136063.4016,6.712,6.9471,226.0,A
52,sa4/customer-feedback,46774.53,3432.81,6935.41,0.0,0,1142641,212284.7528,6.5358,6.9471,99.6,A
52,es-stress-d/elasticsearch-dynamic-0,5.66,311744.95,1414.09,0.0,0,8963,1665.1846,6.5358,6.9471,2.49,A
52,es-stress-d2/elasticsearch-dynamic-0,6.03,311733.91,1414.09,0.0195,8,4829,1487.2936,6.5358,6.9471,2.47,A
52,es-stress-d3/elasticsearch-dynamic-0,7.01,311774.23,1414.09,0.0,0,8886,1650.8792,6.5358,6.9471,2.48,A
52,es-stress-d4/elasticsearch-dynamic-0,5.56,311749.71,1414.09,0.0,0,9401,1746.5582,6.5358,6.9471,2.48,A
53,sa2/customer-feedback,34773.78,4251.96,7670.3,0.0,0,992978,182965.0124,6.5358,6.9471,116.0,A
53,sa1/customer-feedback,47402.38,9846.09,13057.48,0.0,0,984985,181492.2312,8.9,6.9471,69.4,A
53,sa3/customer-feedback,65316.01,3865.07,7308.8,0.0,0,822948,151635.4753,11.937,6.9471,175.0,A
53,sa4/customer-feedback,49290.11,3434.3,6935.41,3.7969,36,1049406,193362.3724,9.0255,6.9471,73.2,A
53,sa5/customer-feedback,39811.92,3125.29,6668.12,0.0,0,1402910,258498.6229,7.3018,6.9471,94.2,A
53,es-stress-d2/elasticsearch-dynamic-0,2.53,311733.66,1414.09,0.0,0,8721,1606.9217,10.4863,6.9471,2.27,A
53,es-stress-d3/elasticsearch-dynamic-0,2.75,311773.98,1414.09,0.0,0,5888,1487.2936,10.4877,6.9471,0.617,A
53,es-stress-d4/elasticsearch-dynamic-0,2.48,311749.2,1414.09,0.0,0,6200,1487.2936,10.4868,6.9471,2.28,A
53,es-stress-d/elasticsearch-dynamic-0,4.27,311744.7,1414.09,0.0,0,5705,1487.2936,10.487,6.9471,2.27,A
54,sa5/customer-feedback,32577.61,3125.65,6668.12,0.0,0,1208750,253117.4649,6.5358,7.2164,73.5,A
54,sa1/customer-feedback,45284.13,9844.67,13057.48,0.0,0,1077663,225667.2815,6.5358,7.2164,103.0,A
54,sa2/customer-feedback,47533.33,4250.25,7670.3,3.7773,38,926100,193929.3355,6.5358,7.2164,91.6,A
54,sa3/customer-feedback,53703.65,3870.05,7308.8,0.0,0,656728,137521.6765,6.5358,7.2164,113.0,A
54,sa4/customer-feedback,48000.49,3434.68,6935.41,0.0,0,981023,205430.4486,6.5358,7.2164,110.0,A
54,es-stress-d/elasticsearch-dynamic-0,4.8,311744.52,1414.09,0.0,0,5765,1487.2936,6.5358,7.2164,2.17,A
54,es-stress-d2/elasticsearch-dynamic-0,4.9,311733.91,1414.09,0.0,0,4606,1487.2936,6.5358,7.2164,0.0053,A
54,es-stress-d3/elasticsearch-dynamic-0,5.89,311773.98,1414.09,0.0,0,7203,1508.3393,6.5358,7.2164,0.0107,A
54,es-stress-d4/elasticsearch-dynamic-0,5.74,311749.2,1414.09,0.0,0,6944,1487.2936,6.5358,7.2164,2.18,A
55,sa1/customer-feedback,26149.23,9849.38,13057.48,0.0,0,455609,91712.5558,6.5358,9.244,82.0,A
55,sa2/customer-feedback,28478.35,4254.99,7670.3,0.0,0,418061,84154.2699,6.5358,9.244,123.0,A
55,sa3/customer-feedback,33688.78,3868.8,7308.8,0.0,0,633160,127452.9735,7.5393,9.244,117.0,A
55,sa4/customer-feedback,36679.79,3441.8,6935.41,0.0,0,351969,70850.1731,8.1873,9.244,81.1,A
55,sa5/customer-feedback,34744.93,3130.37,6668.12,3.9141,38,621701,125146.3154,7.7518,9.244,111.0,A
55,es-stress-d/elasticsearch-dynamic-0,4.93,311744.52,1414.09,0.0195,8,6937,1487.2936,8.6421,9.244,2.22,A
55,es-stress-d2/elasticsearch-dynamic-0,4.66,311733.67,1414.09,0.0,0,6285,1487.2936,8.6417,9.244,0.0055,A
55,es-stress-d3/elasticsearch-dynamic-0,5.19,311773.98,1414.09,0.0,0,7627,1535.2894,8.643,9.244,0.0164,A
55,es-stress-d4/elasticsearch-dynamic-0,5.76,311749.2,1414.09,0.0,0,18541,3732.2408,8.6424,9.244,2.22,A
56,sa1/customer-feedback,26033.31,9847.96,13057.48,0.0,0,1390768,267457.9545,6.5358,6.9471,93.5,A
56,sa2/customer-feedback,72063.74,4250.31,7670.3,0.0,0,594034,114238.4053,8.3091,6.9471,112.0,A
56,sa3/customer-feedback,31420.37,3867.37,7308.8,0.0,0,1562775,300536.5415,6.5358,6.9471,109.0,A
56,sa4/customer-feedback,62722.2,3435.82,6935.41,0.0,0,582733,112065.1152,7.2267,6.9471,101.0,A
56,sa5/customer-feedback,31916.64,3126.59,6668.12,0.0,0,1554277,298902.295,6.5358,6.9471,69.1,A
56,es-stress-d/elasticsearch-dynamic-0,5.54,311744.51,1414.09,0.0039,2,6704,1487.2936,6.5358,6.9471,2.15,A
56,es-stress-d2/elasticsearch-dynamic-0,8.41,311733.73,1414.09,0.0039,2,4613,1487.2936,6.5358,6.9471,0.0053,A
56,es-stress-d3/elasticsearch-dynamic-0,5.58,311773.98,1414.09,0.0195,8,6160,1487.2936,6.5358,6.9471,0.0105,A
56,es-stress-d4/elasticsearch-dynamic-0,6.27,311749.45,1414.09,0.0195,8,1152,1487.2936,6.5358,6.9471,2.14,A
57,sa2/customer-feedback,48538.04,4251.74,7670.3,0.0,0,711501,147790.0224,8.063,6.9471,85.1,A
57,sa1/customer-feedback,59358.18,9848.69,13057.48,0.0,0,971599,201816.4949,9.9971,6.9471,92.0,A
57,sa3/customer-feedback,39267.97,3866.09,7308.8,0.0,0,913955,189842.9235,6.5358,6.9471,108.0,A
57,sa4/customer-feedback,49323.91,3439.18,6935.41,0.0,0,914847,190028.206,8.1676,6.9471,109.0,A
57,sa5/customer-feedback,32185.8,3130.28,6668.12,0.0,0,1419594,294872.1492,6.5358,6.9471,99.1,A
57,es-stress-d2/elasticsearch-dynamic-0,3.29,311734.48,1414.09,0.0,0,4647,1487.2936,9.1695,6.9471,0.0,A
57,es-stress-d3/elasticsearch-dynamic-0,4.17,311773.98,1414.09,0.0039,2,5879,1487.2936,9.1708,6.9471,0.0268,A
57,es-stress-d4/elasticsearch-dynamic-0,2.76,311749.2,1414.09,0.0,0,7610,1580.7175,9.1699,6.9471,2.19,A
57,es-stress-d/elasticsearch-dynamic-0,2.96,311744.76,1414.09,0.0,0,3833,1487.2936,9.1698,6.9471,2.19,A
58,sa5/customer-feedback,42004.27,3127.44,6668.12,0.0,0,1292638,266492.9302,6.5358,6.9471,79.4,A
58,sa1/customer-feedback,46265.36,9849.41,13057.48,3.9141,38,924348,190565.5002,6.5358,6.9471,78.6,A
58,sa2/customer-feedback,54896.52,4253.07,7670.3,0.0,0,541319,111599.4474,7.353,6.9471,81.4,A
58,sa3/customer-feedback,38215.3,3867.16,7308.8,3.9609,38,1086702,224036.7375,6.5358,6.9471,189.0,A
58,sa4/customer-feedback,44856.45,3436.8,6935.41,0.0,0,1217412,250984.1821,6.5358,6.9471,114.0,A
58,es-stress-d/elasticsearch-dynamic-0,8.79,311745.08,1414.09,0.0,0,3875,1487.2936,7.3306,6.9471,2.32,A
58,es-stress-d2/elasticsearch-dynamic-0,6.22,311733.84,1414.09,0.0234,8,4386,1487.2936,7.33,6.9471,0.0057,A
58,es-stress-d3/elasticsearch-dynamic-0,7.81,311774.39,1414.09,0.0,0,5916,1487.2936,7.3311,6.9471,0.0114,A
58,es-stress-d4/elasticsearch-dynamic-0,8.43,311749.79,1414.09,0.0,0,3671,1487.2936,7.3306,6.9471,2.33,A
59,sa1/customer-feedback,46889.85,9849.61,13057.48,0.0,0,740971,165129.1808,7.2086,7.1507,101.0,A
59,sa2/customer-feedback,40482.54,4254.36,7670.3,0.0,0,792006,176502.5919,6.5358,7.1507,102.0,A
59,sa3/customer-feedback,43610.24,3869.63,7308.8,0.0,0,724367,161428.8944,6.5747,7.1507,76.9,A
59,sa4/customer-feedback,39421.9,3436.7,6935.41,3.9727,40,674385,150290.1498,6.5358,7.1507,129.0,A
59,sa5/customer-feedback,39361.82,3130.35,6668.12,0.0,0,845743,188478.1574,6.5358,7.1507,84.2,A
59,es-stress-d/elasticsearch-dynamic-0,4.12,311744.61,1414.09,0.0,0,9304,2073.444,7.6427,7.1507,2.21,A
59,es-stress-d2/elasticsearch-dynamic-0,4.73,311733.83,1414.09,0.0,0,5474,1487.2936,7.6425,7.1507,0.0108,A
59,es-stress-d3/elasticsearch-dynamic-0,4.41,311774.14,1414.09,0.0039,1,8464,1886.2457,7.6435,7.1507,0.0162,A
59,es-stress-d4/elasticsearch-dynamic-0,3.59,311749.55,1414.09,0.0039,2,8925,1988.9819,7.6427,7.1507,1.26,A
60,sa1/customer-feedback,13866.19,9855.89,13057.48,0.0,0,1580,1487.2936,8.4873,13.2928,88.3,A
60,sa2/customer-feedback,13700.92,4255.62,7670.3,4.0391,40,367,1487.2936,8.2086,13.2928,113.0,A
60,sa3/customer-feedback,15045.46,3868.71,7308.8,0.0,0,4141,2321.3166,8.9881,13.2928,121.0,A
60,sa4/customer-feedback,13823.56,3437.66,6935.41,0.0,0,1055,1487.2936,8.2544,13.2928,108.0,A
60,sa5/customer-feedback,13400.37,3131.57,6668.12,0.0,0,889,1487.2936,7.9952,13.2928,80.3,A
60,es-stress-d/elasticsearch-dynamic-0,9.05,311744.86,1414.09,0.0,0,3624,2031.5024,10.0972,13.2928,0.502,A
60,es-stress-d2/elasticsearch-dynamic-0,11.44,311733.9,1414.09,0.0,0,839,1487.2936,10.0983,13.2928,0.0108,A
60,es-stress-d3/elasticsearch-dynamic-0,9.29,311774.63,1414.09,0.0,0,3773,2115.0272,10.0983,13.2928,0.0108,A
60,es-stress-d4/elasticsearch-dynamic-0,11.07,311749.6,1414.09,0.0,0,6261,3509.7231,10.0986,13.2928,0.0162,A
61,sa1/customer-feedback,15551.63,9857.7,13057.48,0.0,0,1373,1487.2936,10.4091,12.9624,98.8,A
61,sa2/customer-feedback,13528.13,4256.56,7670.3,0.0,0,1487,1487.2936,8.8977,12.9624,70.9,A
61,sa3/customer-feedback,13209.83,3871.33,7308.8,0.0,0,544,1487.2936,8.6779,12.9624,188.0,A
61,sa4/customer-feedback,14318.27,3438.64,6935.41,0.0,0,3358,2031.4042,9.3786,12.9624,99.0,A
61,sa5/customer-feedback,14932.8,3138.29,6668.12,3.8711,38,910,1487.2936,9.7648,12.9624,87.0,A
61,es-stress-d/elasticsearch-dynamic-0,9.01,311744.61,1414.09,0.0234,8,1431,1487.2936,11.3464,12.9624,0.0112,A
61,es-stress-d2/elasticsearch-dynamic-0,6.95,311733.9,1414.09,0.0,0,932,1487.2936,11.3446,12.9624,0.0112,A
61,es-stress-d3/elasticsearch-dynamic-0,10.22,311774.13,1414.09,0.0039,1,4340,2625.4599,11.3482,12.9624,0.0056,A
61,es-stress-d4/elasticsearch-dynamic-0,7.78,311749.36,1414.09,0.0,0,1677,1487.2936,11.3457,12.9624,0.0168,A
62,sa1/customer-feedback,13259.72,9857.71,13057.48,0.0,0,282,1487.2936,8.6285,14.3989,72.2,A
62,sa2/customer-feedback,12913.35,4258.4,7670.3,0.0,0,226,1487.2936,8.2152,14.3989,85.4,A
62,sa3/customer-feedback,15944.6,3874.32,7308.8,0.0,0,3442,3731.4273,10.095,14.3989,174.0,A
62,sa4/customer-feedback,16035.69,3438.95,6935.41,0.0,0,1646,1784.4071,10.1366,14.3989,116.0,A
62,sa5/customer-feedback,13392.47,3133.62,6668.12,0.0,0,987,1487.2936,8.4749,14.3989,74.5,A
62,es-stress-d/elasticsearch-dynamic-0,12.31,311745.06,1414.09,0.0,0,1678,1819.0979,10.971,14.3989,0.0,A
62,es-stress-d2/elasticsearch-dynamic-0,11.29,311734.25,1414.09,0.0,0,1073,1487.2936,10.97,14.3989,0.0,A
62,es-stress-d3/elasticsearch-dynamic-0,12.37,311774.27,1414.09,0.0312,4,991,1487.2936,10.9721,14.3989,0.0079,A
62,es-stress-d4/elasticsearch-dynamic-0,14.51,311749.71,1414.09,0.0273,6,865,1487.2936,10.9726,14.3989,0.0079,A
63,sa1/customer-feedback,14643.73,9856.51,13057.48,0.0,0,10481,6339.6932,11.1067,12.8138,131.0,A
63,sa2/customer-feedback,17633.03,4265.93,7670.3,0.0,0,3406,2060.2037,13.0259,12.8138,68.6,A
63,sa3/customer-feedback,16202.9,3877.85,7308.8,0.0,0,8307,5024.6953,11.9675,12.8138,144.0,A
63,sa4/customer-feedback,15587.61,3440.08,6935.41,0.0,0,384,1487.2936,11.4998,12.8138,110.0,A
63,sa5/customer-feedback,15905.57,3135.66,6668.12,0.0,0,8531,5160.1873,11.7172,12.8138,66.1,A
63,es-stress-d/elasticsearch-dynamic-0,7.17,311744.83,1414.09,0.0,0,1138,1487.2936,14.2767,12.8138,0.0109,A
63,es-stress-d2/elasticsearch-dynamic-0,6.95,311734.0,1414.09,0.0,0,1448,1487.2936,14.276,12.8138,0.0054,A
63,es-stress-d3/elasticsearch-dynamic-0,6.67,311774.23,1414.09,0.0039,1,3794,2294.8952,14.2777,12.8138,0.0163,A
63,es-stress-d4/elasticsearch-dynamic-0,6.56,311749.46,1414.09,0.0,0,607,1487.2936,14.2765,12.8138,0.0109,A
64,sa5/customer-feedback,26506.71,3135.83,6668.12,0.0,0,975285,176858.5324,6.5358,7.3569,90.9,A
64,sa1/customer-feedback,36829.5,9854.5,13057.48,3.9922,38,1116570,202479.2051,6.5358,7.3569,95.3,A
64,sa2/customer-feedback,37032.2,4257.63,7670.3,0.0,0,1008617,182902.9693,6.5358,7.3569,98.6,A
64,sa3/customer-feedback,63891.03,3875.12,7308.8,4.0156,40,474702,86082.6313,8.8579,7.3569,131.0,A
64,sa4/customer-feedback,35734.75,3440.17,6935.41,0.0,0,866235,157083.3662,6.5358,7.3569,128.0,A
64,es-stress-d2/elasticsearch-dynamic-0,8.07,311733.98,1414.09,0.0,0,6100,1487.2936,6.7355,7.3569,0.0058,A
64,es-stress-d3/elasticsearch-dynamic-0,7.09,311774.57,1414.09,0.0,0,8461,1534.3208,6.7362,7.3569,0.0117,A
64,es-stress-d4/elasticsearch-dynamic-0,7.14,311750.02,1414.09,0.0,0,7242,1487.2936,6.7357,7.3569,0.0117,A
64,es-stress-d/elasticsearch-dynamic-0,7.45,311745.55,1414.09,0.0,0,6193,1487.2936,6.7356,7.3569,0.0175,A
65,sa2/customer-feedback,41444.39,4258.23,7670.3,0.0,0,812803,173982.2981,7.4694,6.9471,109.0,A
65,sa1/customer-feedback,45316.25,9857.27,13057.48,0.0,0,967650,207127.6444,8.331,6.9471,100.0,A
65,sa3/customer-feedback,46027.4,3875.51,7308.8,0.0,0,803623,172017.2986,8.2685,6.9471,100.0,A
65,sa4/customer-feedback,49918.84,3439.41,6935.41,4.1289,40,1027727,219987.2605,8.9435,6.9471,105.0,A
65,sa5/customer-feedback,43543.11,3138.23,6668.12,0.0,0,1101613,235802.7238,7.8056,6.9471,77.0,A
65,es-stress-d/elasticsearch-dynamic-0,4.01,311744.87,1414.09,0.0,0,6909,1487.2936,9.8188,6.9471,0.0,A
65,es-stress-d2/elasticsearch-dynamic-0,3.42,311734.48,1414.09,0.0234,6,7049,1508.8542,9.8184,6.9471,0.0053,A
65,es-stress-d3/elasticsearch-dynamic-0,4.26,311774.57,1414.09,0.0078,2,10560,2260.3916,9.8198,6.9471,0.016,A
65,es-stress-d4/elasticsearch-dynamic-0,3.31,311749.52,1414.09,0.0,0,8079,1729.328,9.8189,6.9471,0.0106,A
66,sa1/customer-feedback,52709.59,9855.52,13057.48,0.0,0,869888,198331.0864,8.6071,6.9471,27.2,A
66,sa2/customer-feedback,48976.28,4258.86,7670.3,0.0,0,986161,224840.8789,7.8576,6.9471,85.9,A
66,sa3/customer-feedback,51085.5,3874.82,7308.8,0.0,0,955712,217898.6251,8.1798,6.9471,82.8,A
66,sa4/customer-feedback,37924.4,3438.87,6935.41,0.0,0,803579,183212.8919,6.5358,6.9471,96.5,A
66,sa5/customer-feedback,39071.38,3138.56,6668.12,0.0,0,930826,212224.7138,6.5358,6.9471,91.1,A
66,es-stress-d/elasticsearch-dynamic-0,4.99,311744.87,1414.09,0.0,0,5307,1487.2936,8.8993,6.9471,0.02,A
66,es-stress-d2/elasticsearch-dynamic-0,3.97,311734.49,1414.09,0.0039,1,5088,1487.2936,8.8988,6.9471,0.02,A
66,es-stress-d3/elasticsearch-dynamic-0,5.56,311774.57,1414.09,0.0,0,9788,2231.626,8.9002,6.9471,0.0133,A
66,es-stress-d4/elasticsearch-dynamic-0,4.72,311750.03,1414.09,0.0,0,5334,1487.2936,8.8994,6.9471,0.02,A
67,sa5/customer-feedback,49971.81,3136.33,6668.12,4.043,40,1055561,205545.1794,6.8603,6.9471,64.2,A
67,sa1/customer-feedback,44110.58,9856.68,13057.48,0.0,0,1266723,246663.9126,6.5358,6.9471,70.3,A
67,sa2/customer-feedback,37160.46,4258.35,7670.3,4.0547,38,998815,194495.2573,6.5358,6.9471,141.0,A
67,sa3/customer-feedback,60116.4,3876.91,7308.8,0.0,0,619261,120586.2222,8.2556,6.9471,62.8,A
67,sa4/customer-feedback,41340.69,3437.67,6935.41,0.0,0,1331413,259260.738,6.5358,6.9471,162.0,A
67,es-stress-d2/elasticsearch-dynamic-0,2.7,311734.24,1414.09,0.0,0,6620,1487.2936,7.7437,6.9471,0.0221,A
67,es-stress-d3/elasticsearch-dynamic-0,3.97,311774.32,1414.09,0.0078,3,10163,1979.0004,7.7448,6.9471,0.011,A
67,es-stress-d4/elasticsearch-dynamic-0,3.13,311749.52,1414.09,0.0,0,12794,2491.3245,7.7441,6.9471,0.0166,A
67,es-stress-d/elasticsearch-dynamic-0,3.67,311745.11,1414.09,0.0,0,8700,1694.1163,7.7441,6.9471,0.011,A
68,sa2/customer-feedback,55131.31,4258.45,7670.3,0.0,0,873986,184623.7517,9.2411,6.9471,139.0,A
68,sa1/customer-feedback,23617.08,9856.48,13057.48,0.0,0,1236015,261099.9792,6.5358,6.9471,141.0,A
68,sa3/customer-feedback,52024.78,3873.82,7308.8,0.0,0,727248,153626.3214,8.7162,6.9471,67.6,A
68,sa4/customer-feedback,50077.86,3439.67,6935.41,0.0,0,721297,152369.2121,8.3816,6.9471,74.9,A
68,sa5/customer-feedback,42035.63,3135.34,6668.12,0.0,0,1009755,213304.0534,7.0428,6.9471,76.1,A
68,es-stress-d2/elasticsearch-dynamic-0,5.07,311734.0,1414.09,0.0078,3,5026,1487.2936,9.0384,6.9471,0.0054,A
68,es-stress-d3/elasticsearch-dynamic-0,5.0,311774.82,1414.09,0.0234,8,7243,1530.0358,9.0396,6.9471,0.0054,A
68,es-stress-d4/elasticsearch-dynamic-0,5.51,311749.8,1414.09,0.0312,8,5201,1487.2936,9.039,6.9471,0.0054,A
68,es-stress-d/elasticsearch-dynamic-0,4.9,311745.12,1414.09,0.043,9,6954,1487.2936,9.0387,6.9471,0.0054,A
69,sa2/customer-feedback,53091.28,4256.39,7670.3,0.0,0,545611,129012.9455,11.2599,6.9471,97.7,A
69,sa1/customer-feedback,43003.91,9857.2,13057.48,0.0,0,1386630,327876.8584,9.3623,6.9471,108.0,A
69,sa3/customer-feedback,53582.56,3872.32,7308.8,0.0,0,683967,161728.0394,11.3481,6.9471,103.0,A
69,sa4/customer-feedback,54014.07,3439.17,6935.41,0.0,0,844945,199792.2388,11.422,6.9471,103.0,A
69,sa5/customer-feedback,25793.09,3134.63,6668.12,0.0,0,609400,144096.2315,6.5358,6.9471,93.7,A
69,es-stress-d/elasticsearch-dynamic-0,2.85,311744.87,1414.09,0.0,0,6589,1558.008,11.7633,6.9471,0.0166,A
69,es-stress-d2/elasticsearch-dynamic-0,3.28,311734.59,1414.09,0.0,0,9288,2196.2025,11.763,6.9471,0.0055,A
69,es-stress-d3/elasticsearch-dynamic-0,2.25,311774.57,1414.09,0.0039,1,5473,1487.2936,11.7643,6.9471,0.0276,A
69,es-stress-d4/elasticsearch-dynamic-0,2.67,311749.55,1414.09,0.0039,1,6687,1581.1807,11.7635,6.9471,0.0166,A
70,sa5/customer-feedback,58388.69,3133.21,6668.12,0.0,0,759334,153660.5567,32.9705,6.9471,83.1,A
70,sa1/customer-feedback,45689.23,9855.35,13057.48,3.8984,36,852669,172548.0397,26.5366,6.9471,96.1,A
70,sa2/customer-feedback,38374.1,4255.34,7670.3,0.0,0,1340059,271177.3895,21.8874,6.9471,84.8,A
70,sa3/customer-feedback,58834.67,3868.0,7308.8,4.0781,40,713835,144453.2755,33.2931,6.9471,82.8,A
70,sa4/customer-feedback,25041.85,3439.74,6935.41,0.0,0,1350035,273196.1556,14.3491,6.9471,78.3,A
70,es-stress-d/elasticsearch-dynamic-0,6.36,311745.4,1414.09,0.0078,2,3890,1487.2936,31.0437,6.9471,0.006,A
70,es-stress-d2/elasticsearch-dynamic-0,5.98,311734.12,1414.09,0.0078,2,4175,1487.2936,31.0424,6.9471,0.006,A
70,es-stress-d3/elasticsearch-dynamic-0,9.7,311774.48,1414.09,0.0039,1,4550,1487.2936,31.0485,6.9471,0.0121,A
70,es-stress-d4/elasticsearch-dynamic-0,5.46,311749.91,1414.09,0.0039,1,5225,1487.2936,31.0437,6.9471,0.006,A
71,sa4/customer-feedback,36268.76,3438.65,6935.41,3.9336,38,1327574,254875.4841,6.5358,6.9471,18.3,A
71,sa1/customer-feedback,40543.61,9853.79,13057.48,0.0,0,1493014,286637.6307,6.5358,6.9471,21.0,A
71,sa2/customer-feedback,51074.36,4256.25,7670.3,0.0,0,1090172,209297.6484,7.0401,6.9471,17.0,A
71,sa3/customer-feedback,76228.79,3868.19,7308.8,0.0,0,596345,114489.8292,10.4458,6.9471,21.3,A
71,sa5/customer-feedback,28271.82,3134.62,6668.12,0.0,0,1118577,214751.0077,6.5358,6.9471,17.9,A
71,es-stress-d/elasticsearch-dynamic-0,2.66,311745.22,1414.09,0.0,0,6225,1487.2936,7.7363,6.9471,0.0161,A
71,es-stress-d2/elasticsearch-dynamic-0,2.38,311734.36,1414.09,0.0273,6,5170,1487.2936,7.736,6.9471,0.0129,A
71,es-stress-d3/elasticsearch-dynamic-0,3.64,311774.48,1414.09,0.0039,1,7742,1487.2936,7.7371,6.9471,0.0193,A
71,es-stress-d4/elasticsearch-dynamic-0,2.64,311749.65,1414.09,0.0039,1,8244,1582.7317,7.7364,6.9471,0.0225,A
72,sa1/customer-feedback,46088.46,9855.07,13057.48,0.0,0,1057157,204839.0057,7.4721,6.9471,17.4,A
72,sa2/customer-feedback,45239.83,4257.38,7670.3,0.0,0,1292636,250466.3668,7.1739,6.9471,19.3,A
72,sa3/customer-feedback,66580.02,3870.08,7308.8,0.0,0,848245,164359.3737,10.4869,6.9471,16.0,A
72,sa4/customer-feedback,37737.1,3437.38,6935.41,0.0,0,949467,183972.5568,6.5358,6.9471,17.5,A
72,sa5/customer-feedback,46346.58,3133.66,6668.12,0.0,0,1593271,308718.6174,7.313,6.9471,18.3,A
72,es-stress-d/elasticsearch-dynamic-0,4.57,311745.12,1414.09,0.0039,1,4395,1487.2936,9.2439,6.9471,0.0092,A
72,es-stress-d2/elasticsearch-dynamic-0,4.99,311734.29,1414.09,0.0039,1,5081,1487.2936,9.2436,6.9471,0.0122,A
72,es-stress-d3/elasticsearch-dynamic-0,4.18,311774.78,1414.09,0.0,0,5782,1487.2936,9.2447,6.9471,0.0061,A
72,es-stress-d4/elasticsearch-dynamic-0,4.04,311750.5,1414.09,0.0,0,6980,1487.2936,9.244,6.9471,0.0061,A
73,sa5/customer-feedback,33552.6,3134.06,6668.12,4.0312,38,923199,201075.993,7.0584,6.9471,17.8,A
73,sa1/customer-feedback,47109.25,9849.44,13057.48,0.0,0,962075,209543.3227,10.1117,6.9471,15.5,A
73,sa2/customer-feedback,48828.94,4260.26,7670.3,4.0781,40,850727,185291.3362,10.2609,6.9471,15.9,A
73,sa3/customer-feedback,49453.72,3870.69,7308.8,0.0,0,930690,202707.5592,10.3757,6.9471,20.0,A
73,sa4/customer-feedback,48207.4,3437.51,6935.41,0.0,0,988645,215330.3623,10.1019,6.9471,20.2,A
73,es-stress-d2/elasticsearch-dynamic-0,5.34,311734.51,1414.09,0.0,0,5225,1487.2936,11.5248,6.9471,0.0029,A
73,es-stress-d3/elasticsearch-dynamic-0,5.25,311774.51,1414.09,0.0039,1,4931,1487.2936,11.5263,6.9471,0.0176,A
73,es-stress-d4/elasticsearch-dynamic-0,4.15,311750.2,1414.09,0.0039,1,6843,1490.4295,11.5252,6.9471,0.0205,A
73,es-stress-d/elasticsearch-dynamic-0,5.2,311745.09,1414.09,0.0,0,6563,1487.2936,11.5252,6.9471,0.0029,A
74,sa2/customer-feedback,78558.78,4257.84,7670.3,0.0,0,628095,133198.0329,14.805,6.9471,25.4,A
74,sa1/customer-feedback,42319.15,9849.71,13057.48,0.0,0,1280729,271599.9705,8.2424,6.9471,22.5,A
74,sa3/customer-feedback,43486.81,3870.97,7308.8,0.0,0,1171026,248335.6175,8.2489,6.9471,22.0,A
74,sa4/customer-feedback,33759.76,3439.32,6935.41,0.0,0,720801,152857.8882,6.5358,6.9471,15.4,A
74,sa5/customer-feedback,42737.76,3135.07,6668.12,0.0,0,1038458,220222.3594,8.0832,6.9471,19.1,A
74,es-stress-d/elasticsearch-dynamic-0,5.15,311745.6,1414.09,0.0312,9,3572,1487.2936,11.0176,6.9471,0.0,A
74,es-stress-d2/elasticsearch-dynamic-0,5.84,311734.51,1414.09,0.0078,2,7527,1596.226,11.0173,6.9471,0.011,A
74,es-stress-d3/elasticsearch-dynamic-0,4.91,311774.77,1414.09,0.0234,6,6338,1487.2936,11.0186,6.9471,0.0074,A
74,es-stress-d4/elasticsearch-dynamic-0,5.3,311750.26,1414.09,0.0195,8,3697,1487.2936,11.0178,6.9471,0.0074,A
75,sa2/customer-feedback,43629.46,4257.2,7670.3,0.0,0,814363,174711.3047,6.9322,6.9471,47.2,A
75,sa1/customer-feedback,48592.83,9849.23,13057.48,0.0,0,868875,186406.1664,7.8611,6.9471,49.1,A
75,sa3/customer-feedback,30113.65,3871.9,7308.8,0.0,0,1595567,342308.7644,6.5358,6.9471,112.0,A
75,sa4/customer-feedback,55602.66,3438.61,6935.41,0.0,0,770759,165356.6168,8.7799,6.9471,54.6,A
75,sa5/customer-feedback,45739.37,3134.79,6668.12,0.0,0,744904,159809.7528,7.2309,6.9471,42.4,A
75,es-stress-d/elasticsearch-dynamic-0,2.85,311745.1,1414.09,0.0,0,4948,1487.2936,8.567,6.9471,0.0032,A
75,es-stress-d2/elasticsearch-dynamic-0,3.03,311734.27,1414.09,0.0,0,6077,1487.2936,8.5667,6.9471,0.0,A
75,es-stress-d3/elasticsearch-dynamic-0,2.21,311774.52,1414.09,0.0039,1,6568,1487.2936,8.5677,6.9471,0.0098,A
75,es-stress-d4/elasticsearch-dynamic-0,3.05,311750.01,1414.09,0.0078,2,8085,1734.5347,8.5672,6.9471,0.013,A
76,sa1/customer-feedback,46517.73,9849.66,13057.48,0.0,0,716935,145098.6595,9.69,6.9471,94.1,A
76,sa2/customer-feedback,46872.97,4257.41,7670.3,0.0,0,796669,161235.8219,9.5655,6.9471,84.3,A
76,sa3/customer-feedback,30449.4,3869.83,7308.8,4.0391,38,1497500,303075.2337,6.5358,6.9471,97.7,A
76,sa4/customer-feedback,45231.44,3441.82,6935.41,0.0,0,738416,149446.1447,9.2072,6.9471,105.0,A
76,sa5/customer-feedback,52551.75,3134.62,6668.12,0.0,0,865232,175112.1139,10.667,6.9471,94.6,A
76,es-stress-d2/elasticsearch-dynamic-0,7.2,311734.27,1414.09,0.0039,1,6926,1487.2936,10.9178,6.9471,0.0,A
76,es-stress-d3/elasticsearch-dynamic-0,5.37,311774.52,1414.09,0.0,0,5448,1487.2936,10.9188,6.9471,0.0155,A
76,es-stress-d4/elasticsearch-dynamic-0,6.58,311750.25,1414.09,0.0039,2,6268,1487.2936,10.9182,6.9471,0.0052,A
76,es-stress-d/elasticsearch-dynamic-0,6.18,311745.35,1414.09,0.0078,2,6558,1487.2936,10.918,6.9471,0.0155,A
77,sa2/customer-feedback,41670.05,4254.98,7670.3,0.0,0,1220033,239733.1392,6.7845,6.9471,106.0,A
77,sa1/customer-feedback,37505.14,9850.56,13057.48,4.0312,40,1189736,233779.8618,6.5358,6.9471,113.0,A
77,sa3/customer-feedback,48591.42,3872.37,7308.8,0.0,0,985855,193717.8043,7.8799,6.9471,109.0,A
77,sa4/customer-feedback,56376.96,3440.61,6935.41,3.9453,38,977065,191990.5934,9.112,6.9471,70.4,A
77,sa5/customer-feedback,46037.35,3137.42,6668.12,0.0,0,833789,163837.2523,7.4503,6.9471,90.1,A
77,es-stress-d/elasticsearch-dynamic-0,3.5,311745.1,1414.09,0.0039,2,9685,1903.0759,9.0224,6.9471,0.0052,A
77,es-stress-d2/elasticsearch-dynamic-0,2.83,311734.27,1414.09,0.0273,12,5880,1487.2936,9.0219,6.9471,0.0,A
77,es-stress-d3/elasticsearch-dynamic-0,3.0,311774.52,1414.09,0.0078,3,12124,2382.3328,9.0231,6.9471,0.0104,A
77,es-stress-d4/elasticsearch-dynamic-0,2.81,311750.0,1414.09,0.0039,1,7904,1553.1143,9.0224,6.9471,0.0156,A
78,sa1/customer-feedback,43442.75,9852.14,13057.48,0.0,0,1228831,250110.9865,8.9932,7.537,74.6,A
78,sa2/customer-feedback,37129.53,4255.42,7670.3,0.0,0,1260402,256536.8123,7.54,7.537,83.2,A
78,sa3/customer-feedback,47816.27,3872.26,7308.8,0.0,0,950152,193389.8591,9.6538,7.537,134.0,A
78,sa4/customer-feedback,34346.47,3442.87,6935.41,0.0,0,841622,171300.1289,6.9575,7.537,96.0,A
78,sa5/customer-feedback,61551.44,3137.4,6668.12,0.0,0,551795,112309.9855,12.362,7.537,99.1,A
78,es-stress-d/elasticsearch-dynamic-0,5.5,311745.1,1414.09,0.0039,1,5679,1487.2936,10.9474,7.537,0.0051,A
78,es-stress-d2/elasticsearch-dynamic-0,5.32,311734.58,1414.09,0.0039,1,7229,1487.2936,10.947,7.537,0.0051,A
78,es-stress-d3/elasticsearch-dynamic-0,6.48,311774.64,1414.09,0.0,0,5870,1487.2936,10.9486,7.537,0.0051,A
78,es-stress-d4/elasticsearch-dynamic-0,4.65,311750.25,1414.09,0.0,0,4783,1487.2936,10.9474,7.537,0.0051,A
79,sa5/customer-feedback,60587.98,3135.68,6668.12,3.8477,38,856659,174520.6745,10.9231,6.9471,77.6,A
79,sa1/customer-feedback,45877.43,9852.08,13057.48,0.0,0,705932,143814.2001,8.5117,6.9471,62.1,A
79,sa2/customer-feedback,42405.04,4256.34,7670.3,3.8242,38,1052994,214518.5227,7.7113,6.9471,118.0,A
79,sa3/customer-feedback,31714.75,3872.73,7308.8,0.0,0,1674755,341185.2001,6.5358,6.9471,120.0,A
79,sa4/customer-feedback,48594.29,3442.56,6935.41,0.0,0,1002137,204157.8098,8.7907,6.9471,106.0,A
79,es-stress-d2/elasticsearch-dynamic-0,2.88,311734.34,1414.09,0.0,0,10969,2234.6316,10.0367,6.9471,0.0108,A
79,es-stress-d3/elasticsearch-dynamic-0,2.11,311774.64,1414.09,0.0039,1,7438,1515.2876,10.0378,6.9471,0.0161,A
79,es-stress-d4/elasticsearch-dynamic-0,2.92,311750.0,1414.09,0.0039,1,4645,1487.2936,10.0372,6.9471,0.0108,A
79,es-stress-d/elasticsearch-dynamic-0,2.57,311745.1,1414.09,0.0,0,6454,1487.2936,10.037,6.9471,0.0161,A
80,sa2/customer-feedback,51229.33,4256.35,7670.3,0.0,0,1099723,234052.3791,8.0235,6.9471,101.0,A
80,sa1/customer-feedback,55462.97,9852.52,13057.48,0.0,0,783381,166725.7908,8.8342,6.9471,97.4,A
80,sa3/customer-feedback,19347.4,3871.88,7308.8,0.0,0,1123846,239186.4407,6.5358,6.9471,108.0,A
80,sa4/customer-feedback,44400.42,3441.89,6935.41,0.0,0,829431,176526.5425,6.947,6.9471,101.0,A
80,sa5/customer-feedback,61616.67,3136.83,6668.12,0.0,0,700599,149107.4232,9.5945,6.9471,83.0,A
80,es-stress-d2/elasticsearch-dynamic-0,6.08,311734.34,1414.09,0.0039,1,11012,2343.6673,8.7788,6.9471,0.0155,A
80,es-stress-d3/elasticsearch-dynamic-0,4.62,311775.15,1414.09,0.0234,8,7265,1546.1989,8.7797,6.9471,0.0052,A
80,es-stress-d4/elasticsearch-dynamic-0,6.41,311750.39,1414.09,0.0234,8,6025,1487.2936,8.7793,6.9471,0.0103,A
80,es-stress-d/elasticsearch-dynamic-0,5.85,311745.41,1414.09,0.0312,7,6041,1487.2936,8.7791,6.9471,0.0,A
81,sa2/customer-feedback,47813.82,4256.95,7670.3,0.0,0,894544,182000.3153,6.5358,6.9471,86.2,A
81,sa1/customer-feedback,50215.31,9853.29,13057.48,0.0,0,876936,178417.8626,6.7946,6.9471,89.4,A
81,sa3/customer-feedback,30049.46,3871.52,7308.8,0.0,0,1657949,337319.6184,6.5358,6.9471,135.0,A
81,sa4/customer-feedback,51459.73,3442.85,6935.41,0.0,0,883815,179817.4362,6.8078,6.9471,40.9,A
81,sa5/customer-feedback,47236.02,3136.31,6668.12,0.0,0,868560,176713.7154,6.5358,6.9471,129.0,A
81,es-stress-d/elasticsearch-dynamic-0,2.85,311745.16,1414.09,0.0,0,6654,1487.2936,7.2692,6.9471,0.0053,A
81,es-stress-d2/elasticsearch-dynamic-0,3.34,311734.68,1414.09,0.0,0,6501,1487.2936,7.269,6.9471,0.0,A
81,es-stress-d3/elasticsearch-dynamic-0,2.25,311774.64,1414.09,0.0039,1,6092,1487.2936,7.2698,6.9471,0.0263,A
81,es-stress-d4/elasticsearch-dynamic-0,2.76,311750.13,1414.09,0.0039,1,7058,1487.2936,7.2693,6.9471,0.0105,A
82,sa5/customer-feedback,35518.23,3146.93,6668.12,0.0,0,902793,182077.9333,8.4062,6.9976,68.3,A
82,sa1/customer-feedback,32137.62,9856.12,13057.48,0.0,0,648481,130787.5452,7.8292,6.9976,97.4,A
82,sa2/customer-feedback,33824.36,4261.78,7670.3,0.0,0,639626,129001.6429,8.0456,6.9976,86.3,A
82,sa3/customer-feedback,38831.29,3875.73,7308.8,3.7383,38,466645,94114.3287,9.2042,6.9976,154.0,A
82,sa4/customer-feedback,32661.57,3447.43,6935.41,0.0,0,629004,126859.3668,7.7478,6.9976,99.1,A
82,es-stress-d2/elasticsearch-dynamic-0,14.08,311734.56,1414.09,0.0039,1,3238,1487.2936,9.9235,6.9976,0.0052,A
82,es-stress-d3/elasticsearch-dynamic-0,18.67,311775.35,1414.09,0.0,0,1595,1487.2936,9.9259,6.9976,0.0,A
82,es-stress-d4/elasticsearch-dynamic-0,15.38,311751.05,1414.09,0.0,0,3962,1487.2936,9.9243,6.9976,0.0157,A
82,es-stress-d/elasticsearch-dynamic-0,16.1,311745.29,1414.09,0.0039,1,1855,1487.2936,9.9243,6.9976,0.0052,A
83,sa2/customer-feedback,14811.79,4261.98,7670.3,0.0,0,346,1487.2936,9.0626,12.2969,118.0,A
83,sa1/customer-feedback,16070.77,9861.39,13057.48,3.9492,38,2960,3136.7884,10.0163,12.2969,93.1,A
83,sa3/customer-feedback,14848.38,3877.02,7308.8,0.0,0,837,1487.2936,9.0712,12.2969,179.0,A
83,sa4/customer-feedback,14276.02,3447.7,6935.41,0.0,0,4638,4915.0083,8.7117,12.2969,73.0,A
83,sa5/customer-feedback,13941.44,3143.78,6668.12,0.0,0,798,1487.2936,8.4997,12.2969,93.2,A
83,es-stress-d/elasticsearch-dynamic-0,8.21,311745.35,1414.09,0.0,0,2088,2212.7075,10.9191,12.2969,0.0058,A
83,es-stress-d2/elasticsearch-dynamic-0,6.96,311734.55,1414.09,0.0273,6,574,1487.2936,10.918,12.2969,0.0172,A
83,es-stress-d3/elasticsearch-dynamic-0,7.12,311774.93,1414.09,0.0078,2,667,1487.2936,10.9195,12.2969,0.0172,A
83,es-stress-d4/elasticsearch-dynamic-0,7.42,311750.37,1414.09,0.0039,1,557,1487.2936,10.9188,12.2969,0.0058,A
84,sa1/customer-feedback,13958.94,9867.24,13057.48,0.0,0,307,1487.2936,9.2942,14.454,105.0,A
84,sa2/customer-feedback,13600.14,4264.53,7670.3,0.0,0,308,1487.2936,8.8702,14.454,108.0,A
84,sa3/customer-feedback,12799.11,3881.24,7308.8,0.0,0,324,1487.2936,8.3432,14.454,112.0,A
84,sa4/customer-feedback,13250.97,3450.73,6935.41,3.9102,38,281,1487.2936,8.6181,14.454,110.0,A
84,sa5/customer-feedback,14939.11,3143.38,6668.12,0.0,0,3473,3529.3821,9.6902,14.454,57.8,A
84,es-stress-d/elasticsearch-dynamic-0,11.14,311745.38,1414.09,0.0078,3,723,1487.2936,10.7919,14.454,0.0053,A
84,es-stress-d2/elasticsearch-dynamic-0,9.98,311734.81,1414.09,0.0078,3,587,1487.2936,10.7908,14.454,0.0105,A
84,es-stress-d3/elasticsearch-dynamic-0,8.98,311774.93,1414.09,0.0039,2,850,1487.2936,10.7915,14.454,0.0,A
84,es-stress-d4/elasticsearch-dynamic-0,10.76,311750.37,1414.09,0.0039,2,647,1487.2936,10.7918,14.454,0.0053,A
85,sa5/customer-feedback,14672.37,3143.36,6668.12,3.8477,40,358,1487.2936,8.538,13.4194,135.0,A
85,sa1/customer-feedback,13792.5,9865.04,13057.48,0.0,0,3388,2864.884,8.2604,13.4194,93.7,A
85,sa2/customer-feedback,15701.08,4269.8,7670.3,4.0156,40,2227,1883.1454,9.1673,13.4194,167.0,A
85,sa3/customer-feedback,13832.29,3882.4,7308.8,0.0,0,429,1487.2936,8.0803,13.4194,80.7,A
85,sa4/customer-feedback,17012.75,3451.1,6935.41,0.0,0,4755,4020.8157,9.8933,13.4194,76.2,A
85,es-stress-d2/elasticsearch-dynamic-0,14.49,311734.62,1414.09,0.0,0,1506,1487.2936,10.5835,13.4194,0.0115,A
85,es-stress-d3/elasticsearch-dynamic-0,14.36,311775.18,1414.09,0.0039,1,3861,3264.8516,10.5848,13.4194,0.0172,A
85,es-stress-d4/elasticsearch-dynamic-0,14.61,311750.61,1414.09,0.0039,1,731,1487.2936,10.5841,13.4194,0.0115,A
85,es-stress-d/elasticsearch-dynamic-0,15.11,311745.38,1414.09,0.0,0,371,1487.2936,10.5842,13.4194,0.0172,A
86,sa2/customer-feedback,14446.48,4270.03,7670.3,0.0,0,294,1487.2936,8.5327,13.673,87.1,A
86,sa1/customer-feedback,14706.88,9861.81,13057.48,0.0,0,1021,1487.2936,8.8676,13.673,116.0,A
86,sa3/customer-feedback,13940.72,3883.29,7308.8,0.0,0,2425,2758.6573,8.2262,13.673,67.9,A
86,sa4/customer-feedback,14921.47,3451.92,6935.41,0.0,0,292,1487.2936,8.7818,13.673,123.0,A
86,sa5/customer-feedback,13795.86,3145.52,6668.12,0.0,0,277,1487.2936,8.1179,13.673,82.6,A
86,es-stress-d/elasticsearch-dynamic-0,9.94,311745.38,1414.09,0.0312,9,690,1487.2936,10.2392,13.673,0.0,A
86,es-stress-d2/elasticsearch-dynamic-0,9.85,311734.94,1414.09,0.0039,1,993,1487.2936,10.2388,13.673,0.0,A
86,es-stress-d3/elasticsearch-dynamic-0,10.53,311775.18,1414.09,0.0195,8,749,1487.2936,10.2405,13.673,0.0147,A
86,es-stress-d4/elasticsearch-dynamic-0,11.39,311750.64,1414.09,0.0234,6,1682,1913.4275,10.2402,13.673,0.0147,A
87,sa2/customer-feedback,13699.16,4271.05,7670.3,0.0,0,347,1487.2936,14.1283,12.7649,87.5,A
87,sa1/customer-feedback,15320.45,9864.3,13057.48,0.0,0,543,1487.2936,16.0822,12.7649,94.1,A
87,sa3/customer-feedback,13679.71,3884.07,7308.8,0.0,0,1231,1550.5689,14.0871,12.7649,78.1,A
87,sa4/customer-feedback,14076.31,3452.09,6935.41,0.0,0,563,1487.2936,14.4654,12.7649,94.1,A
87,sa5/customer-feedback,12672.08,3143.34,6668.12,0.0,0,1599,2014.102,13.0243,12.7649,122.0,A
87,es-stress-d/elasticsearch-dynamic-0,7.05,311745.38,1414.09,0.0,0,530,1487.2936,17.2791,12.7649,0.0104,A
87,es-stress-d2/elasticsearch-dynamic-0,6.77,311734.69,1414.09,0.0,0,1107,1487.2936,17.2783,12.7649,0.0052,A
87,es-stress-d3/elasticsearch-dynamic-0,8.44,311774.93,1414.09,0.0039,1,830,1487.2936,17.2822,12.7649,0.0052,A
87,es-stress-d4/elasticsearch-dynamic-0,6.84,311750.4,1414.09,0.0039,1,1669,2102.2741,17.2792,12.7649,0.0104,A
88,sa1/customer-feedback,12174.13,9864.61,13057.48,0.0,0,256,1487.2936,10.7771,12.9366,78.3,A
88,sa2/customer-feedback,14211.29,4271.01,7670.3,0.0,0,262,1487.2936,12.2471,12.9366,94.6,A
88,sa3/customer-feedback,13899.6,3883.93,7308.8,0.0,0,758,1487.2936,11.965,12.9366,103.0,A
88,sa4/customer-feedback,14264.67,3451.38,6935.41,0.0,0,238,1487.2936,12.2546,12.9366,118.0,A
88,sa5/customer-feedback,14412.68,3145.04,6668.12,0.0,0,1618,1487.2936,12.366,12.9366,114.0,A
88,es-stress-d/elasticsearch-dynamic-0,11.64,311745.62,1414.09,0.0039,1,888,1487.2936,14.3553,12.9366,0.0111,A
88,es-stress-d2/elasticsearch-dynamic-0,11.61,311734.69,1414.09,0.0039,1,1204,1487.2936,14.3548,12.9366,0.0111,A
88,es-stress-d3/elasticsearch-dynamic-0,10.68,311774.93,1414.09,0.0,0,3317,2966.7537,14.3558,12.9366,0.0167,A
88,es-stress-d4/elasticsearch-dynamic-0,11.44,311750.65,1414.09,0.0,0,556,1487.2936,14.3554,12.9366,0.0056,A
89,sa5/customer-feedback,15338.54,3146.19,6668.12,0.0,0,45447,15891.8827,12.013,13.3037,121.0,A
89,sa1/customer-feedback,14431.66,9862.02,13057.48,4.0117,40,4053,1487.2936,11.6218,13.3037,93.3,A
89,sa2/customer-feedback,12126.44,4270.47,7670.3,0.0,0,1499,1487.2936,9.5797,13.3037,86.9,A
89,sa3/customer-feedback,19843.19,3884.93,7308.8,4.082,40,18639,6517.6756,15.5324,13.3037,107.0,A
89,sa4/customer-feedback,14219.26,3453.99,6935.41,0.0,0,2284,1487.2936,11.1612,13.3037,81.7,A
89,es-stress-d2/elasticsearch-dynamic-0,6.66,311734.95,1414.09,0.0195,6,3247,1487.2936,14.4176,13.3037,0.0053,A
89,es-stress-d3/elasticsearch-dynamic-0,6.97,311774.93,1414.09,0.0039,1,1704,1487.2936,14.4197,13.3037,0.0212,A
89,es-stress-d4/elasticsearch-dynamic-0,6.35,311750.4,1414.09,0.0039,1,777,1487.2936,14.4181,13.3037,0.0053,A
89,es-stress-d/elasticsearch-dynamic-0,7.22,311745.38,1414.09,0.0,0,5664,1980.5845,14.4185,13.3037,0.0106,A
90,sa2/customer-feedback,73325.03,4267.75,7670.3,0.0,0,689036,137941.1092,14.13,6.9471,95.7,A
90,sa1/customer-feedback,33087.73,9861.39,13057.48,0.0,0,960832,192353.1308,6.652,6.9471,115.0,A
90,sa3/customer-feedback,33745.88,3882.07,7308.8,0.0,0,896583,179490.8445,6.5696,6.9471,59.6,A
90,sa4/customer-feedback,41561.48,3450.64,6935.41,4.0859,40,1242625,248766.4953,8.0449,6.9471,106.0,A
90,sa5/customer-feedback,50122.08,3143.47,6668.12,0.0,0,1256835,251611.2569,9.6666,6.9471,130.0,A
90,es-stress-d/elasticsearch-dynamic-0,4.0,311745.38,1414.09,0.0039,1,6560,1487.2936,10.8393,6.9471,0.0056,A
90,es-stress-d2/elasticsearch-dynamic-0,3.47,311734.71,1414.09,0.0078,2,3623,1487.2936,10.8388,6.9471,0.0056,A
90,es-stress-d3/elasticsearch-dynamic-0,3.82,311775.18,1414.09,0.0,0,7998,1601.1544,10.8403,6.9471,0.0056,A
90,es-stress-d4/elasticsearch-dynamic-0,3.64,311750.41,1414.09,0.0,0,4868,1487.2936,10.8394,6.9471,0.0111,A
91,sa2/customer-feedback,49696.45,4267.39,7670.3,3.9805,38,865022,186854.1032,9.4127,7.0544,108.0,A
91,sa1/customer-feedback,45011.54,9865.25,13057.48,0.0,0,1002434,216536.5807,8.7245,7.0544,121.0,A
91,sa3/customer-feedback,49679.26,3881.37,7308.8,0.0,0,947301,204627.2567,9.3966,7.0544,44.7,A
91,sa4/customer-feedback,41007.99,3450.04,6935.41,0.0,0,788830,170395.8075,7.7647,7.0544,94.7,A
91,sa5/customer-feedback,40872.82,3143.8,6668.12,0.0,0,850118,183634.6781,7.7293,7.0544,153.0,A
91,es-stress-d/elasticsearch-dynamic-0,4.14,311745.38,1414.09,0.0,0,7931,1713.1817,10.3497,7.0544,0.011,A
91,es-stress-d2/elasticsearch-dynamic-0,2.99,311734.95,1414.09,0.0,0,4156,1487.2936,10.3492,7.0544,0.0055,A
91,es-stress-d3/elasticsearch-dynamic-0,3.77,311775.18,1414.09,0.0039,1,9944,2148.0115,10.3506,7.0544,0.011,A
91,es-stress-d4/elasticsearch-dynamic-0,3.02,311750.4,1414.09,0.0039,1,10792,2331.1887,10.3497,7.0544,0.011,A
92,sa5/customer-feedback,36481.71,3143.42,6668.12,4.0703,40,1208762,255305.3512,6.9983,6.9471,98.4,A
92,sa1/customer-feedback,49328.88,9860.23,13057.48,0.0,0,869232,183592.4533,9.658,6.9471,109.0,A
92,sa2/customer-feedback,37813.14,4268.52,7670.3,0.0,0,1069862,225967.9686,7.2889,6.9471,112.0,A
92,sa3/customer-feedback,51252.54,3880.01,7308.8,0.0,0,509477,107607.7875,9.8132,6.9471,58.2,A
92,sa4/customer-feedback,59394.57,3449.18,6935.41,0.0,0,999292,211062.7196,11.3357,6.9471,114.0,A
92,es-stress-d/elasticsearch-dynamic-0,3.76,311745.63,1414.09,0.0312,10,5502,1487.2936,10.8468,6.9471,0.0,A
92,es-stress-d2/elasticsearch-dynamic-0,3.53,311734.96,1414.09,0.0039,1,5536,1487.2936,10.8464,6.9471,0.0052,A
92,es-stress-d3/elasticsearch-dynamic-0,4.71,311775.18,1414.09,0.0234,8,12691,2680.4948,10.848,6.9471,0.0052,A
92,es-stress-d4/elasticsearch-dynamic-0,3.61,311750.66,1414.09,0.0234,8,8919,1883.8021,10.8469,6.9471,0.0105,A
93,sa2/customer-feedback,51122.94,4266.95,7670.3,0.0,0,925566,203258.8898,10.2736,6.9471,67.9,A
93,sa1/customer-feedback,43855.35,9860.85,13057.48,0.0,0,1030749,226357.5989,9.0353,6.9471,73.3,A
93,sa3/customer-feedback,54634.09,3880.07,7308.8,0.0,0,885890,194545.8432,10.9549,6.9471,100.0,A
93,sa4/customer-feedback,39047.85,3448.08,6935.41,0.0,0,777854,170820.6011,7.8538,6.9471,64.8,A
93,sa5/customer-feedback,41510.65,3141.45,6668.12,0.0,0,1019859,223966.1009,8.3304,6.9471,88.3,A
93,es-stress-d/elasticsearch-dynamic-0,4.16,311746.38,1414.09,0.0,0,11991,2633.2831,11.1726,6.9471,0.0616,A
93,es-stress-d2/elasticsearch-dynamic-0,3.55,311735.8,1414.09,0.0,0,6405,1487.2936,11.1721,6.9471,0.0462,A
93,es-stress-d3/elasticsearch-dynamic-0,4.2,311775.43,1414.09,0.0039,1,8318,1826.6741,11.1737,6.9471,0.0693,A
93,es-stress-d4/elasticsearch-dynamic-0,3.02,311750.41,1414.09,0.0078,2,10723,2354.824,11.1725,6.9471,0.0462,A
94,sa5/customer-feedback,42658.72,3146.59,6668.12,0.0,0,995109,213562.9999,9.4236,6.9471,16.3,A
94,sa1/customer-feedback,37932.95,9863.09,13057.48,0.0,0,879573,188767.5104,8.6648,6.9471,19.9,A
94,sa2/customer-feedback,55202.65,4267.64,7670.3,0.0,0,870201,186756.1605,12.2025,6.9471,18.0,A
94,sa3/customer-feedback,48775.68,3881.93,7308.8,0.0,0,906535,194553.8972,10.7863,6.9471,16.9,A
94,sa4/customer-feedback,50930.72,3449.7,6935.41,0.0,0,813030,174486.5395,11.2385,6.9471,17.2,A
94,es-stress-d/elasticsearch-dynamic-0,6.18,311746.34,1414.09,0.0117,4,7078,1519.0285,12.5848,6.9471,0.0093,A
94,es-stress-d2/elasticsearch-dynamic-0,6.05,311735.6,1414.09,0.0078,2,6266,1487.2936,12.5843,6.9471,0.0093,A
94,es-stress-d3/elasticsearch-dynamic-0,7.08,311775.43,1414.09,0.0039,1,5339,1487.2936,12.5862,6.9471,0.0093,A
94,es-stress-d4/elasticsearch-dynamic-0,6.13,311751.11,1414.09,0.0117,5,4779,1487.2936,12.585,6.9471,0.0093,A
95,sa4/customer-feedback,44313.49,3449.77,6935.41,0.0,0,1480010,264252.3939,6.8504,6.9471,17.2,A
95,sa1/customer-feedback,41430.07,9859.71,13057.48,4.0547,38,1516598,270785.0975,6.5906,6.9471,18.4,A
95,sa2/customer-feedback,36708.25,4265.53,7670.3,0.0,0,1123991,200686.0173,6.5358,6.9471,17.5,A
95,sa3/customer-feedback,72529.29,3880.81,7308.8,4.0039,40,623574,111337.7087,11.1628,6.9471,18.9,A
95,sa5/customer-feedback,38826.8,3145.0,6668.12,0.0,0,1607581,287029.9036,6.5358,6.9471,20.1,A
95,es-stress-d/elasticsearch-dynamic-0,2.8,311746.09,1414.09,0.0,0,8440,1506.9427,8.7369,6.9471,0.01,A
95,es-stress-d2/elasticsearch-dynamic-0,2.57,311735.4,1414.09,0.0273,6,8375,1495.3371,8.7366,6.9471,0.0033,A
95,es-stress-d3/elasticsearch-dynamic-0,3.19,311775.68,1414.09,0.0039,1,4482,1487.2936,8.7378,6.9471,0.0133,A
95,es-stress-d4/elasticsearch-dynamic-0,2.69,311750.88,1414.09,0.0039,1,5405,1487.2936,8.737,6.9471,0.0133,A
96,sa1/customer-feedback,41417.19,9861.19,13057.48,0.0,0,823336,184205.4839,6.5358,6.9471,18.8,A
96,sa2/customer-feedback,63899.55,4265.43,7670.3,0.0,0,817853,182978.7688,9.4114,6.9471,22.0,A
96,sa3/customer-feedback,46565.58,3879.63,7308.8,0.0,0,793117,177444.5679,6.8787,6.9471,16.4,A
96,sa4/customer-feedback,40977.23,3449.82,6935.41,4.0117,38,901062,201595.171,6.5358,6.9471,23.4,A
96,sa5/customer-feedback,37321.1,3144.78,6668.12,0.0,0,905534,202595.6944,6.5358,6.9471,19.3,A
96,es-stress-d/elasticsearch-dynamic-0,5.03,311746.32,1414.09,0.0039,1,8003,1790.5163,8.2137,6.9471,0.0225,A
96,es-stress-d2/elasticsearch-dynamic-0,4.81,311735.46,1414.09,0.0039,1,6027,1487.2936,8.2134,6.9471,0.0225,A
96,es-stress-d3/elasticsearch-dynamic-0,6.86,311775.73,1414.09,0.0,0,5871,1487.2936,8.2147,6.9471,0.0257,A
96,es-stress-d4/elasticsearch-dynamic-0,5.21,311750.93,1414.09,0.0,0,5989,1487.2936,8.2138,6.9471,0.0225,A
97,sa5/customer-feedback,47404.71,3144.24,6668.12,0.0,0,1076537,240682.934,7.1814,6.9471,15.7,A
97,sa1/customer-feedback,50119.04,9859.61,13057.48,0.0,0,900144,201246.4959,7.7701,6.9471,16.3,A
97,sa2/customer-feedback,33414.69,4266.62,7670.3,4.0273,40,734107,164125.3637,6.5358,6.9471,18.3,A
97,sa3/customer-feedback,48831.47,3881.39,7308.8,0.0,0,822515,183890.8681,7.415,6.9471,16.0,A
97,sa4/customer-feedback,50928.97,3449.59,6935.41,0.0,0,959638,214547.6555,7.7172,6.9471,17.0,A
97,es-stress-d2/elasticsearch-dynamic-0,2.6,311735.2,1414.09,0.0,0,7295,1630.9537,8.4666,6.9471,0.0059,A
97,es-stress-d3/elasticsearch-dynamic-0,3.49,311775.48,1414.09,0.0039,1,9750,2179.8216,8.4679,6.9471,0.0088,A
97,es-stress-d4/elasticsearch-dynamic-0,2.61,311750.93,1414.09,0.0039,1,11055,2471.5823,8.4671,6.9471,0.0118,A
97,es-stress-d/elasticsearch-dynamic-0,3.08,311746.32,1414.09,0.0,0,9133,2041.878,8.467,6.9471,0.0088,A
98,sa2/customer-feedback,46641.8,4266.66,7670.3,0.0,0,1468661,277963.1831,7.6688,6.9471,15.7,A
98,sa1/customer-feedback,42028.9,9859.46,13057.48,0.0,0,1022146,193454.4158,7.0933,6.9471,20.5,A
98,sa3/customer-feedback,77286.88,3888.49,7308.8,0.0,0,413668,78292.0456,12.6108,6.9471,17.1,A
98,sa4/customer-feedback,37715.15,3450.12,6935.41,0.0,0,1167482,220961.1428,6.5358,6.9471,17.1,A
98,sa5/customer-feedback,35523.21,3143.45,6668.12,4.1953,40,1398107,264609.9216,6.5358,6.9471,14.4,A
98,es-stress-d/elasticsearch-dynamic-0,3.9,311746.16,1414.09,0.0312,9,3324,1487.2936,9.4799,6.9471,0.0087,A
98,es-stress-d2/elasticsearch-dynamic-0,3.81,311735.33,1414.09,0.0078,3,6944,1487.2936,9.4795,6.9471,0.0087,A
98,es-stress-d3/elasticsearch-dynamic-0,5.33,311775.93,1414.09,0.0,0,6853,1487.2936,9.481,6.9471,0.0131,A
98,es-stress-d4/elasticsearch-dynamic-0,4.05,311751.38,1414.09,0.0,0,6290,1487.2936,9.4801,6.9471,0.0131,A
99,sa2/customer-feedback,40717.71,4268.56,7670.3,0.0,0,1180714,205932.347,6.5358,6.9471,17.5,A
99,sa1/customer-feedback,38664.24,9858.56,13057.48,0.0,0,1581241,275789.6241,6.5358,6.9471,17.1,A
99,sa3/customer-feedback,83373.21,3884.06,7308.8,0.0,0,441737,77044.8535,9.3007,6.9471,18.8,A
99,sa4/customer-feedback,35127.82,3450.96,6935.41,0.0,0,1529267,266724.6619,6.5358,6.9471,18.5,A
99,sa5/customer-feedback,35776.53,3144.02,6668.12,0.0,0,1726910,301196.2502,6.5358,6.9471,16.5,A
99,es-stress-d/elasticsearch-dynamic-0,3.6,311746.12,1414.09,0.0,0,7844,1487.2936,6.5358,6.9471,0.0154,A
99,es-stress-d2/elasticsearch-dynamic-0,2.51,311735.3,1414.09,0.0,0,11711,2042.5554,6.5358,6.9471,0.0093,A
99,es-stress-d3/elasticsearch-dynamic-0,3.62,311775.68,1414.09,0.0391,12,8759,1527.687,6.5358,6.9471,0.0124,A
99,es-stress-d4/elasticsearch-dynamic-0,2.53,311751.1,1414.09,0.0273,7,6839,1487.2936,6.5358,6.9471,0.0185,A
100,sa1/customer-feedback,36598.28,9858.7,13057.48,0.0,0,1280847,221477.6436,6.9381,6.9471,11.0,A
100,sa2/customer-feedback,45451.29,4266.93,7670.3,0.0,0,1065232,184194.5785,8.3471,6.9471,22.7,A
100,sa3/customer-feedback,76279.72,3879.87,7308.8,0.0,0,483581,83618.4028,13.898,6.9471,24.8,A
100,sa4/customer-feedback,42290.15,3453.94,6935.41,0.0,0,1490185,257675.3213,7.7491,6.9471,13.4,A
100,sa5/customer-feedback,37258.34,3144.16,6668.12,0.0,0,1529532,264479.0074,6.8305,6.9471,24.4,A
100,es-stress-d2/elasticsearch-dynamic-0,6.07,311735.55,1414.09,0.0039,1,4501,1487.2936,10.527,6.9471,0.0,A
100,es-stress-d3/elasticsearch-dynamic-0,5.12,311775.93,1414.09,0.0,0,5512,1487.2936,10.5282,6.9471,0.0044,A
100,es-stress-d4/elasticsearch-dynamic-0,6.55,311751.35,1414.09,0.0,0,6496,1487.2936,10.5276,6.9471,0.0022,A
100,es-stress-d/elasticsearch-dynamic-0,6.38,311746.63,1414.09,0.0078,3,4988,1487.2936,10.5274,6.9471,0.0044,A
101,sa2/customer-feedback,49684.7,4265.38,7670.3,0.0,0,1139598,231434.8623,8.7652,6.9471,128.0,A
101,sa1/customer-feedback,44321.53,9859.08,13057.48,3.9492,38,1293017,262591.9064,8.0128,6.9471,96.9,A
101,sa3/customer-feedback,50832.54,3881.98,7308.8,3.9805,38,727298,147703.0606,8.9523,6.9471,76.4,A
101,sa4/customer-feedback,47848.39,3452.38,6935.41,0.0,0,792066,160856.4473,8.4203,6.9471,107.0,A
101,sa5/customer-feedback,41697.33,3145.94,6668.12,0.0,0,1340952,272326.7691,7.3422,6.9471,105.0,A
101,es-stress-d/elasticsearch-dynamic-0,2.91,311746.38,1414.09,0.0,0,6805,1487.2936,9.9802,6.9471,0.0056,A
101,es-stress-d2/elasticsearch-dynamic-0,2.4,311735.55,1414.09,0.0195,8,4652,1487.2936,9.9797,6.9471,0.0111,A
101,es-stress-d3/elasticsearch-dynamic-0,3.05,311775.68,1414.09,0.0039,1,6041,1487.2936,9.9811,6.9471,0.0167,A
101,es-stress-d4/elasticsearch-dynamic-0,2.44,311751.1,1414.09,0.0039,1,6015,1487.2936,9.9802,6.9471,0.0167,A
102,sa1/customer-feedback,38898.41,9862.31,13057.48,0.0,0,954559,202161.5935,10.9673,6.9471,96.8,A
102,sa2/customer-feedback,40530.12,4267.94,7670.3,0.0,0,894721,189488.7829,11.1371,6.9471,106.0,A
102,sa3/customer-feedback,47165.89,3880.55,7308.8,0.0,0,1080743,228885.5137,12.908,6.9471,109.0,A
102,sa4/customer-feedback,60451.69,3451.14,6935.41,3.8984,40,692018,146559.261,16.4704,6.9471,87.5,A
102,sa5/customer-feedback,40728.06,3145.3,6668.12,0.0,0,938760,198815.5971,11.1362,6.9471,69.0,A
102,es-stress-d/elasticsearch-dynamic-0,5.38,311746.89,1414.09,0.0039,1,6581,1487.2936,15.0631,6.9471,0.0101,A
102,es-stress-d2/elasticsearch-dynamic-0,5.68,311735.61,1414.09,0.0039,1,5351,1487.2936,15.0626,6.9471,0.0101,A
102,es-stress-d3/elasticsearch-dynamic-0,7.93,311775.66,1414.09,0.0,0,11041,2338.3218,15.0652,6.9471,0.0101,A
102,es-stress-d4/elasticsearch-dynamic-0,4.87,311751.34,1414.09,0.0,0,6706,1487.2936,15.0632,6.9471,0.005,A
103,sa5/customer-feedback,78734.63,3145.29,6668.12,0.0,0,742061,130495.1082,12.7932,6.9471,87.1,A
103,sa1/customer-feedback,40175.01,9860.03,13057.48,0.0,0,1720015,302473.1707,6.7818,6.9471,105.0,A
103,sa2/customer-feedback,41224.49,4273.4,7670.3,3.7812,38,1583609,278485.4989,6.7792,6.9471,82.7,A
103,sa3/customer-feedback,49672.48,3883.5,7308.8,0.0,0,1023857,180050.3328,8.1295,6.9471,120.0,A
103,sa4/customer-feedback,32777.16,3450.15,6935.41,0.0,0,1479436,260166.1601,6.5358,6.9471,121.0,A
103,es-stress-d2/elasticsearch-dynamic-0,1.9,311735.36,1414.09,0.0,0,5408,1487.2936,9.5904,6.9471,0.0054,A
103,es-stress-d3/elasticsearch-dynamic-0,2.12,311775.66,1414.09,0.0039,1,7475,1487.2936,9.5916,6.9471,0.0108,A
103,es-stress-d4/elasticsearch-dynamic-0,1.91,311751.1,1414.09,0.0078,3,6154,1487.2936,9.5909,6.9471,0.0054,A
103,es-stress-d/elasticsearch-dynamic-0,2.19,311746.45,1414.09,0.0,0,6354,1487.2936,9.5908,6.9471,0.0108,A
104,sa2/customer-feedback,32449.22,4270.73,7670.3,0.0,0,1395405,255298.3428,6.5358,6.9471,104.0,A
104,sa1/customer-feedback,34916.93,9860.05,13057.48,0.0,0,1470822,269096.3692,6.5358,6.9471,94.4,A
104,sa3/customer-feedback,58462.29,3882.99,7308.8,0.0,0,647683,118497.7813,10.0339,6.9471,113.0,A
104,sa4/customer-feedback,38407.83,3451.71,6935.41,0.0,0,1501652,274736.9165,6.6185,6.9471,89.9,A
104,sa5/customer-feedback,56196.08,3148.16,6668.12,3.8984,38,638981,116905.6943,9.6278,6.9471,90.3,A
104,es-stress-d2/elasticsearch-dynamic-0,7.35,311735.93,1414.09,0.0039,1,8020,1487.2936,9.1719,6.9471,0.0052,A
104,es-stress-d3/elasticsearch-dynamic-0,12.14,311776.24,1414.09,0.0,0,6595,1487.2936,9.1739,6.9471,0.0105,A
104,es-stress-d4/elasticsearch-dynamic-0,8.85,311751.86,1414.09,0.0,0,6514,1487.2936,9.1726,6.9471,0.0052,A
104,es-stress-d/elasticsearch-dynamic-0,8.23,311746.93,1414.09,0.0039,1,8540,1562.4481,9.1723,6.9471,0.0052,A
105,sa2/customer-feedback,15455.2,4272.17,7670.3,0.0,0,837,1487.2936,11.9837,12.57,122.0,A
105,sa1/customer-feedback,14013.01,9869.64,13057.48,0.0,0,1904,1487.2936,11.1297,12.57,85.2,A
105,sa3/customer-feedback,15087.01,3888.06,7308.8,0.0,0,1584,1487.2936,11.6858,12.57,107.0,A
105,sa4/customer-feedback,14481.91,3453.71,6935.41,0.0,0,8553,5548.3069,11.2048,12.57,113.0,A
105,sa5/customer-feedback,14363.03,3150.34,6668.12,0.0,0,3952,2563.6512,11.1007,12.57,90.3,A
105,es-stress-d/elasticsearch-dynamic-0,8.47,311746.89,1414.09,0.0312,8,776,1487.2936,13.7454,12.57,0.0106,A
105,es-stress-d2/elasticsearch-dynamic-0,7.54,311736.06,1414.09,0.0,0,1435,1487.2936,13.7442,12.57,0.0,A
105,es-stress-d3/elasticsearch-dynamic-0,7.19,311776.19,1414.09,0.0273,9,7463,4841.227,13.7457,12.57,0.016,A
105,es-stress-d4/elasticsearch-dynamic-0,7.37,311751.54,1414.09,0.0273,9,1555,1487.2936,13.7448,12.57,0.0106,A
106,sa5/customer-feedback,14751.54,3150.55,6668.12,0.0,0,4146,1925.2241,10.2985,12.3561,88.6,A
106,sa1/customer-feedback,13498.17,9865.09,13057.48,0.0,0,282,1487.2936,9.6898,12.3561,91.7,A
106,sa2/customer-feedback,11537.54,4273.18,7670.3,0.0,0,295,1487.2936,8.1237,12.3561,90.1,A
106,sa3/customer-feedback,15172.92,3887.61,7308.8,0.0,0,1941,1487.2936,10.6174,12.3561,131.0,A
106,sa4/customer-feedback,15290.5,3470.36,6935.41,0.0,0,1554,1487.2936,10.6826,12.3561,91.4,A
106,es-stress-d2/elasticsearch-dynamic-0,13.17,311736.07,1414.09,0.0039,1,1556,1487.2936,11.9003,12.3561,0.0052,A
106,es-stress-d3/elasticsearch-dynamic-0,13.41,311776.23,1414.09,0.0,0,3019,1487.2936,11.902,12.3561,0.0104,A
106,es-stress-d4/elasticsearch-dynamic-0,12.85,311751.62,1414.09,0.0,0,4231,1964.6945,11.9007,12.3561,0.0052,A
106,es-stress-d/elasticsearch-dynamic-0,12.26,311747.25,1414.09,0.0039,1,668,1487.2936,11.9001,12.3561,0.0104,A
107,sa2/customer-feedback,13931.86,4275.86,7670.3,0.0,0,342,1487.2936,11.16,13.1244,130.0,A
107,sa1/customer-feedback,14014.28,9870.16,13057.48,4.1055,40,2671,2088.322,11.4719,13.1244,81.6,A
107,sa3/customer-feedback,13464.44,3889.4,7308.8,3.9531,40,10744,8400.1991,10.7749,13.1244,114.0,A
107,sa4/customer-feedback,15140.27,3461.96,6935.41,0.0,0,422,1487.2936,12.0757,13.1244,86.2,A
107,sa5/customer-feedback,14697.91,3153.48,6668.12,0.0,0,5924,4631.6809,11.7137,13.1244,73.4,A
107,es-stress-d/elasticsearch-dynamic-0,7.77,311747.22,1414.09,0.0,0,1360,1487.2936,13.7671,13.1244,0.0052,A
107,es-stress-d2/elasticsearch-dynamic-0,9.36,311736.11,1414.09,0.0039,2,795,1487.2936,13.7678,13.1244,0.0052,A
107,es-stress-d3/elasticsearch-dynamic-0,7.34,311776.47,1414.09,0.0078,3,3256,2545.7044,13.768,13.1244,0.0207,A
107,es-stress-d4/elasticsearch-dynamic-0,7.1,311751.86,1414.09,0.0039,1,1752,1487.2936,13.7668,13.1244,0.0104,A
108,sa1/customer-feedback,16539.08,9869.73,13057.48,0.0,0,3618,2592.8447,11.3887,14.1479,104.0,A
108,sa2/customer-feedback,15606.18,4277.75,7670.3,0.0,0,982,1487.2936,10.5477,14.1479,83.6,A
108,sa3/customer-feedback,15666.07,3898.09,7308.8,0.0,0,3084,2210.1528,10.5726,14.1479,115.0,A
108,sa4/customer-feedback,13456.32,3458.71,6935.41,3.9141,38,338,1487.2936,9.0856,14.1479,105.0,A
108,sa5/customer-feedback,14132.97,3154.45,6668.12,0.0,0,4817,3452.1097,9.5236,14.1479,101.0,A
108,es-stress-d2/elasticsearch-dynamic-0,7.77,311736.11,1414.09,0.0352,8,903,1487.2936,12.3038,14.1479,0.0054,A
108,es-stress-d3/elasticsearch-dynamic-0,9.94,311776.22,1414.09,0.0,0,5469,3919.3664,12.3068,14.1479,0.0054,A
108,es-stress-d4/elasticsearch-dynamic-0,9.79,311751.86,1414.09,0.0,0,1698,1487.2936,12.3058,14.1479,0.0054,A
108,es-stress-d/elasticsearch-dynamic-0,9.49,311746.97,1414.09,0.0039,1,799,1487.2936,12.3054,14.1479,0.0107,A
109,sa2/customer-feedback,22713.31,4274.92,7670.3,0.0,0,317042,76019.8119,8.6961,10.8749,99.2,A
109,sa1/customer-feedback,27514.78,9865.91,13057.48,0.0,0,414610,99414.5073,10.7436,10.8749,116.0,A
109,sa3/customer-feedback,41258.23,3892.02,7308.8,0.0,0,379695,91042.6457,15.6234,10.8749,162.0,A
109,sa4/customer-feedback,24542.45,3456.91,6935.41,0.0,0,348083,83462.7721,9.3445,10.8749,85.2,A
109,sa5/customer-feedback,35535.88,3155.5,6668.12,0.0,0,407920,97810.39,13.4477,10.8749,83.6,A
109,es-stress-d/elasticsearch-dynamic-0,5.65,311746.98,1414.09,0.0078,4,6560,1572.9461,13.9176,10.8749,0.0056,A
109,es-stress-d2/elasticsearch-dynamic-0,5.03,311736.11,1414.09,0.0,0,4643,1487.2936,13.9169,10.8749,0.0056,A
109,es-stress-d3/elasticsearch-dynamic-0,5.26,311776.22,1414.09,0.0039,1,4141,1487.2936,13.9187,10.8749,0.0169,A
109,es-stress-d4/elasticsearch-dynamic-0,4.75,311751.62,1414.09,0.0078,2,4761,1487.2936,13.9175,10.8749,0.0056,A
110,sa5/customer-feedback,37956.42,3155.55,6668.12,3.9336,38,805693,175651.0881,7.0669,6.9471,78.0,A
110,sa1/customer-feedback,46909.59,9865.68,13057.48,0.0,0,974384,212427.8228,8.9297,6.9471,76.3,A
110,sa2/customer-feedback,52482.47,4273.46,7670.3,4.0312,40,875475,190864.4315,9.7685,6.9471,104.0,A
110,sa3/customer-feedback,45218.3,3890.04,7308.8,0.0,0,958129,208884.0308,8.4232,6.9471,169.0,A
110,sa4/customer-feedback,44984.84,3457.7,6935.41,0.0,0,1026061,223694.0511,8.3662,6.9471,77.3,A
110,es-stress-d/elasticsearch-dynamic-0,4.91,311747.23,1414.09,0.0078,2,7448,1623.7566,10.2358,6.9471,0.0151,A
110,es-stress-d2/elasticsearch-dynamic-0,5.19,311736.36,1414.09,0.0039,1,5580,1487.2936,10.2355,6.9471,0.0075,A
110,es-stress-d3/elasticsearch-dynamic-0,6.46,311776.22,1414.09,0.0,0,6821,1487.2936,10.2371,6.9471,0.0075,A
110,es-stress-d4/elasticsearch-dynamic-0,5.08,311751.93,1414.09,0.0,0,5544,1487.2936,10.236,6.9471,0.0,A
111,sa4/customer-feedback,46941.7,3455.75,6935.41,0.0,0,831926,187203.1732,8.8602,6.9471,95.4,A
111,sa1/customer-feedback,51501.47,9866.14,13057.48,0.0,0,730243,164322.0753,9.9242,6.9471,96.0,A
111,sa2/customer-feedback,44492.92,4273.16,7670.3,0.0,0,703537,158312.5889,8.4314,6.9471,93.8,A
111,sa3/customer-feedback,29974.31,3888.56,7308.8,0.0,0,1086991,244598.8759,6.5358,6.9471,166.0,A
111,sa5/customer-feedback,55513.06,3153.82,6668.12,0.0,0,668349,150394.4505,10.4468,6.9471,71.3,A
111,es-stress-d/elasticsearch-dynamic-0,2.82,311747.29,1414.09,0.0195,8,10541,2371.9762,10.4327,6.9471,0.0213,A
111,es-stress-d2/elasticsearch-dynamic-0,2.43,311736.36,1414.09,0.0,0,11622,2615.2269,10.4323,6.9471,0.0053,A
111,es-stress-d3/elasticsearch-dynamic-0,2.51,311776.22,1414.09,0.0234,9,8962,2016.6635,10.4336,6.9471,0.0107,A
111,es-stress-d4/elasticsearch-dynamic-0,2.59,311751.68,1414.09,0.0273,7,10555,2375.1265,10.4328,6.9471,0.016,A
112,sa5/customer-feedback,60378.94,3152.55,6668.12,0.0,0,681865,137087.8064,12.3948,6.9471,100.0,A
112,sa1/customer-feedback,46367.27,9865.96,13057.48,0.0,0,828141,166496.3491,9.7805,6.9471,102.0,A
112,sa2/customer-feedback,46287.22,4273.38,7670.3,0.0,0,920905,185146.3946,9.5674,6.9471,115.0,A
112,sa3/customer-feedback,24804.06,3886.82,7308.8,0.0,0,1421781,285846.6682,6.5358,6.9471,74.1,A
112,sa4/customer-feedback,42137.59,3454.5,6935.41,0.0,0,1029245,206927.9686,8.6943,6.9471,116.0,A
112,es-stress-d/elasticsearch-dynamic-0,6.07,311747.29,1414.09,0.0039,1,4082,1487.2936,10.9738,6.9471,0.0,A
112,es-stress-d2/elasticsearch-dynamic-0,6.71,311736.18,1414.09,0.0039,1,5962,1487.2936,10.9735,6.9471,0.0054,A
112,es-stress-d3/elasticsearch-dynamic-0,4.65,311776.47,1414.09,0.0,0,7025,1487.2936,10.9745,6.9471,0.0054,A
112,es-stress-d4/elasticsearch-dynamic-0,6.54,311751.68,1414.09,0.0,0,6842,1487.2936,10.974,6.9471,0.0109,A
113,sa2/customer-feedback,47203.26,4273.13,7670.3,0.0,0,762815,162795.0067,9.8275,6.9471,82.1,A
113,sa1/customer-feedback,51136.17,9866.16,13057.48,4.0273,38,945565,201796.3209,10.8458,6.9471,79.8,A
113,sa3/customer-feedback,44581.65,3885.65,7308.8,4.0664,40,872054,186108.0823,9.276,6.9471,106.0,A
113,sa4/customer-feedback,44500.03,3458.37,6935.41,0.0,0,993441,212013.7049,9.243,6.9471,111.0,A
113,sa5/customer-feedback,49098.82,3152.83,6668.12,0.0,0,807263,172280.8093,10.1729,6.9471,112.0,A
113,es-stress-d/elasticsearch-dynamic-0,2.44,311747.04,1414.09,0.0,0,11577,2470.6879,11.873,6.9471,0.0103,A
113,es-stress-d2/elasticsearch-dynamic-0,2.41,311736.18,1414.09,0.0,0,4469,1487.2936,11.8726,6.9471,0.0052,A
113,es-stress-d3/elasticsearch-dynamic-0,2.56,311776.29,1414.09,0.0039,1,6771,1487.2936,11.8741,6.9471,0.0206,A
113,es-stress-d4/elasticsearch-dynamic-0,2.69,311751.68,1414.09,0.0078,3,8582,1831.5145,11.8732,6.9471,0.0103,A
114,sa1/customer-feedback,49508.26,9864.8,13057.48,0.0,0,827486,178597.9308,9.7427,7.3984,90.3,A
114,sa2/customer-feedback,41947.44,4272.83,7670.3,0.0,0,939654,202807.3709,8.1167,7.3984,93.4,A
114,sa3/customer-feedback,48539.53,3885.74,7308.8,0.0,0,884087,190814.236,9.3564,7.3984,134.0,A
114,sa4/customer-feedback,45382.56,3456.25,6935.41,4.125,40,896634,193522.2797,8.7419,7.3984,85.0,A
114,sa5/customer-feedback,40886.62,3152.98,6668.12,0.0,0,1063471,229531.0375,7.8772,7.3984,152.0,A
114,es-stress-d/elasticsearch-dynamic-0,5.52,311747.29,1414.09,0.0039,1,3491,1487.2936,10.5441,7.3984,0.0057,A
114,es-stress-d2/elasticsearch-dynamic-0,4.9,311736.43,1414.09,0.0195,7,5554,1487.2936,10.5436,7.3984,0.0114,A
114,es-stress-d3/elasticsearch-dynamic-0,6.25,311776.29,1414.09,0.0,0,6810,1487.2936,10.5452,7.3984,0.0,A
114,es-stress-d4/elasticsearch-dynamic-0,5.13,311751.94,1414.09,0.0,0,9919,2140.8373,10.5442,7.3984,0.0057,A
115,sa5/customer-feedback,39477.79,3154.14,6668.12,0.0,0,832641,187810.3872,6.5358,6.9471,111.0,A
115,sa1/customer-feedback,51561.64,9866.04,13057.48,0.0,0,918671,207215.302,8.203,6.9471,70.8,A
115,sa2/customer-feedback,42340.34,4273.05,7670.3,0.0,0,824481,185969.8188,6.6279,6.9471,63.8,A
115,sa3/customer-feedback,60342.26,3887.56,7308.8,0.0,0,656716,148128.7689,9.3837,6.9471,114.0,A
115,sa4/customer-feedback,39843.6,3457.57,6935.41,0.0,0,961917,216969.8637,6.5358,6.9471,82.4,A
115,es-stress-d2/elasticsearch-dynamic-0,2.16,311736.18,1414.09,0.0,0,6125,1487.2936,8.8005,6.9471,0.0113,A
115,es-stress-d3/elasticsearch-dynamic-0,2.73,311776.29,1414.09,0.0039,1,8580,1935.3036,8.8017,6.9471,0.0282,A
115,es-stress-d4/elasticsearch-dynamic-0,2.46,311751.69,1414.09,0.0039,1,10026,2261.4632,8.801,6.9471,0.0282,A
115,es-stress-d/elasticsearch-dynamic-0,3.09,311747.05,1414.09,0.0,0,7669,1729.8186,8.8009,6.9471,0.0113,A
116,sa2/customer-feedback,41125.14,4273.72,7670.3,4.0508,38,1280006,250536.3794,7.5477,6.9471,21.0,A
116,sa1/customer-feedback,35850.79,9868.04,13057.48,0.0,0,1094281,214184.3084,6.7785,6.9471,22.8,A
116,sa3/customer-feedback,64584.09,3887.07,7308.8,0.0,0,486979,95316.706,11.7617,6.9471,19.5,A
116,sa4/customer-feedback,39881.75,3456.14,6935.41,0.0,0,1331922,260697.9308,7.2972,6.9471,22.8,A
116,sa5/customer-feedback,47036.53,3155.01,6668.12,3.9766,38,1059602,207396.5659,8.5765,6.9471,22.2,A
116,es-stress-d2/elasticsearch-dynamic-0,5.53,311736.18,1414.09,0.0039,1,5824,1487.2936,10.0931,6.9471,0.0115,A
116,es-stress-d3/elasticsearch-dynamic-0,6.41,311776.54,1414.09,0.0,0,8710,1704.8138,10.0946,6.9471,0.0115,A
116,es-stress-d4/elasticsearch-dynamic-0,5.88,311752.21,1414.09,0.0,0,6876,1487.2936,10.0937,6.9471,0.0153,A
116,es-stress-d/elasticsearch-dynamic-0,7.51,311747.62,1414.09,0.0039,1,6464,1487.2936,10.0939,6.9471,0.023,A
117,sa2/customer-feedback,38039.91,4272.82,7670.3,0.0,0,996812,207780.4436,6.5358,6.9471,14.2,A
117,sa1/customer-feedback,40696.11,9865.55,13057.48,0.0,0,1094573,228158.2319,7.0155,6.9471,16.3,A
117,sa3/customer-feedback,56770.52,3887.86,7308.8,0.0,0,730212,152209.0156,9.5043,6.9471,15.0,A
117,sa4/customer-feedback,37397.55,3456.46,6935.41,0.0,0,1128808,235294.3453,6.5358,6.9471,16.3,A
117,sa5/customer-feedback,46825.26,3154.55,6668.12,0.0,0,825482,172067.5675,7.8378,6.9471,16.4,A
117,es-stress-d/elasticsearch-dynamic-0,4.63,311747.14,1414.09,0.0312,8,6225,1487.2936,8.9141,6.9471,0.0083,A
117,es-stress-d2/elasticsearch-dynamic-0,3.47,311736.27,1414.09,0.0,0,10950,2282.4724,8.9136,6.9471,0.0056,A
117,es-stress-d3/elasticsearch-dynamic-0,3.97,311776.54,1414.09,0.0312,10,5875,1487.2936,8.9149,6.9471,0.0139,A
117,es-stress-d4/elasticsearch-dynamic-0,3.91,311751.96,1414.09,0.0273,9,11065,2306.4436,8.9141,6.9471,0.0139,A
118,sa5/customer-feedback,14040.44,3163.8,6668.12,0.0,0,6152,2454.3362,11.3855,11.7937,16.6,A
118,sa1/customer-feedback,19494.55,9870.13,13057.48,0.0,0,4669,1862.6943,16.0984,11.7937,17.7,A
118,sa2/customer-feedback,16775.0,4277.77,7670.3,0.0,0,16210,6466.9683,13.6293,11.7937,16.4,A
118,sa3/customer-feedback,15831.03,3889.8,7308.8,0.0,0,13619,5433.2906,12.8546,11.7937,19.2,A
118,sa4/customer-feedback,18119.59,3463.6,6935.41,0.0,0,3132,1487.2936,14.6605,11.7937,17.0,A
118,es-stress-d/elasticsearch-dynamic-0,11.24,311747.73,1414.09,0.0078,2,3241,1487.2936,16.5223,11.7937,0.0117,A
118,es-stress-d2/elasticsearch-dynamic-0,12.01,311736.27,1414.09,0.0078,2,1303,1487.2936,16.5223,11.7937,0.0088,A
118,es-stress-d3/elasticsearch-dynamic-0,12.2,311776.44,1414.09,0.0039,1,2143,1487.2936,16.5246,11.7937,0.0146,A
118,es-stress-d4/elasticsearch-dynamic-0,13.6,311752.37,1414.09,0.0039,1,4689,1870.6733,16.5244,11.7937,0.0058,A
119,sa4/customer-feedback,13421.42,3463.91,6935.41,0.0,0,351,1487.2936,10.5811,14.5592,17.8,A
119,sa1/customer-feedback,16570.32,9870.96,13057.48,0.0,0,2214,2386.2632,13.3246,14.5592,21.0,A
119,sa2/customer-feedback,16954.49,4277.47,7670.3,0.0,0,5889,6347.2016,13.3618,14.5592,18.1,A
119,sa3/customer-feedback,14028.54,3895.32,7308.8,4.0508,38,2053,2212.7364,11.0725,14.5592,18.4,A
119,sa5/customer-feedback,15435.09,3159.7,6668.12,0.0,0,4413,4756.3594,12.1301,14.5592,19.3,A
119,es-stress-d/elasticsearch-dynamic-0,9.15,311747.23,1414.09,0.0,0,1959,2111.4226,14.5547,14.5592,0.0091,A
119,es-stress-d2/elasticsearch-dynamic-0,6.9,311736.27,1414.09,0.0,0,529,1487.2936,14.5524,14.5592,0.006,A
119,es-stress-d3/elasticsearch-dynamic-0,7.29,311776.44,1414.09,0.0039,1,2250,2425.0643,14.5546,14.5592,0.0121,A
119,es-stress-d4/elasticsearch-dynamic-0,6.88,311751.86,1414.09,0.0039,1,2510,2705.2939,14.5531,14.5592,0.0121,A
120,sa5/customer-feedback,51678.95,3157.32,6668.12,0.0,0,573674,137179.0428,10.857,7.7824,38.1,A
120,sa1/customer-feedback,37134.45,9869.06,13057.48,3.9219,40,511331,122271.3547,8.028,7.7824,30.6,A
120,sa2/customer-feedback,34966.32,4276.55,7670.3,0.0,0,640905,153255.5675,7.4097,7.7824,28.2,A
120,sa3/customer-feedback,17429.84,3892.99,7308.8,0.0,0,578012,138216.3614,6.5358,7.7824,42.7,A
120,sa4/customer-feedback,40830.83,3462.05,6935.41,4.1172,40,631261,150949.4587,8.6068,7.7824,25.2,A
120,es-stress-d/elasticsearch-dynamic-0,5.94,311747.3,1414.09,0.0039,1,7185,1718.1037,9.2965,7.7824,0.0042,A
120,es-stress-d2/elasticsearch-dynamic-0,6.07,311736.27,1414.09,0.0273,9,4902,1487.2936,9.2962,7.7824,0.0021,A
120,es-stress-d3/elasticsearch-dynamic-0,5.2,311776.95,1414.09,0.0039,2,5814,1487.2936,9.2972,7.7824,0.0,A
120,es-stress-d4/elasticsearch-dynamic-0,4.92,311751.86,1414.09,0.0039,2,9102,2176.5038,9.2964,7.7824,0.0021,A
121,sa5/customer-feedback,52677.27,3157.52,6668.12,0.0,0,811025,192419.2583,10.0336,6.9471,74.1,A
121,sa1/customer-feedback,57898.66,9870.18,13057.48,0.0,0,841372,199619.2179,11.2423,6.9471,102.0,A
121,sa2/customer-feedback,58368.17,4275.85,7670.3,0.0,0,904894,214690.0926,11.1436,6.9471,108.0,A
121,sa3/customer-feedback,13837.35,3888.69,7308.8,0.0,0,1058004,251016.1154,6.5358,6.9471,97.3,A
121,sa4/customer-feedback,42931.49,3462.95,6935.41,0.0,0,757522,179725.4356,8.2071,6.9471,94.4,A
121,es-stress-d2/elasticsearch-dynamic-0,3.12,311736.27,1414.09,0.0039,2,8812,2090.6859,10.4293,6.9471,0.0051,A
121,es-stress-d3/elasticsearch-dynamic-0,2.92,311776.69,1414.09,0.0039,1,9007,2136.9505,10.4306,6.9471,0.0102,A
121,es-stress-d4/elasticsearch-dynamic-0,3.08,311751.86,1414.09,0.0039,1,8704,2065.0624,10.4298,6.9471,0.0153,A
121,es-stress-d/elasticsearch-dynamic-0,2.89,311747.3,1414.09,0.0039,2,7234,1716.2984,10.4297,6.9471,0.0102,A
122,sa2/customer-feedback,24411.13,4275.18,7670.3,3.9336,38,930248,209239.9787,6.5358,6.9471,86.1,A
122,sa1/customer-feedback,42818.63,9870.95,13057.48,0.0,0,599148,134765.9063,6.5969,6.9471,99.4,A
122,sa3/customer-feedback,33937.89,3887.79,7308.8,0.0,0,1587247,357018.2666,6.5358,6.9471,75.1,A
122,sa4/customer-feedback,64194.31,3460.66,6935.41,0.0,0,850385,191276.4546,9.5868,6.9471,100.0,A
122,sa5/customer-feedback,64716.24,3156.27,6668.12,4.1406,40,580846,130649.2512,9.6559,6.9471,119.0,A
122,es-stress-d/elasticsearch-dynamic-0,4.23,311747.3,1414.09,0.0039,1,7778,1749.4997,8.3432,6.9471,0.0075,A
122,es-stress-d2/elasticsearch-dynamic-0,3.44,311736.28,1414.09,0.0039,1,5231,1487.2936,8.3428,6.9471,0.0075,A
122,es-stress-d3/elasticsearch-dynamic-0,3.1,311776.44,1414.09,0.0,0,3503,1487.2936,8.3438,6.9471,0.015,A
122,es-stress-d4/elasticsearch-dynamic-0,5.29,311752.12,1414.09,0.0,0,7350,1653.2299,8.3435,6.9471,0.015,A
123,sa2/customer-feedback,60894.61,4274.18,7670.3,0.0,0,1242934,217720.8769,12.396,6.9471,95.1,A
123,sa1/customer-feedback,41880.74,9868.91,13057.48,0.0,0,1454717,254818.2453,8.782,6.9471,107.0,A
123,sa3/customer-feedback,44080.5,3889.44,7308.8,0.0,0,1318922,231031.4581,9.0027,6.9471,39.9,A
123,sa4/customer-feedback,42709.45,3460.62,6935.41,0.0,0,1183954,207389.534,8.7113,6.9471,86.7,A
123,sa5/customer-feedback,44751.66,3155.12,6668.12,0.0,0,1538766,269540.8468,9.1104,6.9471,118.0,A
123,es-stress-d/elasticsearch-dynamic-0,2.64,311747.3,1414.09,0.0195,8,6509,1487.2936,11.545,6.9471,0.0147,A
123,es-stress-d2/elasticsearch-dynamic-0,2.41,311736.28,1414.09,0.0,0,6933,1487.2936,11.5446,6.9471,0.0049,A
123,es-stress-d3/elasticsearch-dynamic-0,2.51,311776.44,1414.09,0.0273,7,6479,1487.2936,11.5461,6.9471,0.0049,A
123,es-stress-d4/elasticsearch-dynamic-0,2.33,311751.87,1414.09,0.0234,9,6678,1487.2936,11.5451,6.9471,0.0098,A
124,sa5/customer-feedback,30146.07,3155.59,6668.12,0.0,0,1215641,253940.7911,6.5358,6.9471,84.9,A
124,sa1/customer-feedback,31419.26,9868.83,13057.48,0.0,0,1000058,208906.6753,6.5358,6.9471,128.0,A
124,sa2/customer-feedback,41004.64,4274.81,7670.3,0.0,0,994073,207656.4413,7.4501,6.9471,87.4,A
124,sa3/customer-feedback,60960.29,3892.23,7308.8,0.0,0,758632,158474.0974,10.9986,6.9471,120.0,A
124,sa4/customer-feedback,59974.36,3461.07,6935.41,0.0,0,592448,123759.1639,10.8092,6.9471,113.0,A
124,es-stress-d/elasticsearch-dynamic-0,7.27,311747.8,1414.09,0.0039,1,14342,2995.9658,9.7785,6.9471,0.0,A
124,es-stress-d2/elasticsearch-dynamic-0,5.08,311736.77,1414.09,0.0078,2,5934,1487.2936,9.7777,6.9471,0.0056,A
124,es-stress-d3/elasticsearch-dynamic-0,8.14,311776.69,1414.09,0.0,0,10387,2169.7878,9.7795,6.9471,0.0056,A
124,es-stress-d4/elasticsearch-dynamic-0,5.83,311752.36,1414.09,0.0,0,5025,1487.2936,9.7783,6.9471,0.0056,A
125,sa2/customer-feedback,40024.46,4276.98,7670.3,0.0,0,1055993,209484.7265,7.279,6.9471,89.2,A
125,sa1/customer-feedback,42153.14,9869.87,13057.48,0.0,0,1366603,271102.6074,7.8408,6.9471,104.0,A
125,sa3/customer-feedback,70294.97,3891.26,7308.8,0.0,0,589376,116918.6445,12.6662,6.9471,102.0,A
125,sa4/customer-feedback,54794.18,3459.21,6935.41,0.0,0,1017098,201768.853,9.8871,6.9471,93.6,A
125,sa5/customer-feedback,24832.74,3154.88,6668.12,0.0,0,1267447,251432.3373,6.5358,6.9471,92.1,A
125,es-stress-d/elasticsearch-dynamic-0,4.07,311747.55,1414.09,0.0,0,9072,1799.6762,10.1512,6.9471,0.0104,A
125,es-stress-d2/elasticsearch-dynamic-0,3.58,311736.53,1414.09,0.0,0,9258,1836.5743,10.1508,6.9471,0.0052,A
125,es-stress-d3/elasticsearch-dynamic-0,3.48,311776.44,1414.09,0.0039,1,6656,1487.2936,10.1521,6.9471,0.0104,A
125,es-stress-d4/elasticsearch-dynamic-0,2.95,311752.36,1414.09,0.0039,1,6577,1487.2936,10.1512,6.9471,0.0209,A
126,sa5/customer-feedback,39434.73,3155.5,6668.12,0.0,0,1528119,298756.9747,6.8648,6.9471,78.0,A
126,sa1/customer-feedback,26404.25,9870.75,13057.48,4.1445,40,974110,190444.6948,6.5358,6.9471,118.0,A
126,sa2/customer-feedback,50889.33,4275.34,7670.3,0.0,0,1366562,267171.5546,8.8654,6.9471,80.6,A
126,sa3/customer-feedback,73075.84,3890.14,7308.8,3.9922,40,372193,72766.0965,12.6587,6.9471,158.0,A
126,sa4/customer-feedback,46693.22,3460.25,6935.41,0.0,0,1114127,217818.908,8.1196,6.9471,79.1,A
126,es-stress-d/elasticsearch-dynamic-0,4.09,311747.3,1414.09,0.0078,2,5884,1487.2936,9.9461,6.9471,0.0054,A
126,es-stress-d2/elasticsearch-dynamic-0,3.24,311737.02,1414.09,0.0234,9,9968,1948.8073,9.9457,6.9471,0.0054,A
126,es-stress-d3/elasticsearch-dynamic-0,5.32,311776.69,1414.09,0.0,0,5985,1487.2936,9.9473,6.9471,0.0108,A
126,es-stress-d4/elasticsearch-dynamic-0,4.62,311752.12,1414.09,0.0,0,6859,1487.2936,9.9464,6.9471,0.0054,A
127,sa3/customer-feedback,66279.58,3890.96,7308.8,0.0,0,698076,147649.9603,11.1222,6.9471,114.0,A
127,sa1/customer-feedback,42866.88,9867.51,13057.48,0.0,0,1116039,236053.2578,7.4123,6.9471,78.4,A
127,sa2/customer-feedback,41697.95,4275.38,7670.3,0.0,0,860402,181983.5105,7.0516,6.9471,92.1,A
127,es-stress-d4/elasticsearch-dynamic-0,2.87,311751.87,1414.09,0.0078,2,7088,1499.1819,9.2848,6.9471,0.0104,A
127,es-stress-d3/elasticsearch-dynamic-0,4.04,311776.44,1414.09,0.0039,1,12101,2559.4809,9.2857,6.9471,0.0155,A
127,es-stress-d2/elasticsearch-dynamic-0,2.5,311736.53,1414.09,0.0,0,4152,1487.2936,9.2843,6.9471,0.0052,A
127,es-stress-d/elasticsearch-dynamic-0,3.89,311747.3,1414.09,0.0,0,8304,1756.3779,9.2848,6.9471,0.0052,A
127,sa4/customer-feedback,46626.39,3460.48,6935.41,3.8359,38,909025,192267.7547,7.8458,6.9471,89.0,A
127,sa5/customer-feedback,30576.72,3155.84,6668.12,0.0,0,1047584,221574.35,6.5358,6.9471,109.0,A
